Time,ParticipantID,Task,Label,X,Y,Velocity,Acceleration,ButtonState,ActiveWindow,Event
48.0268,cer,DoubleClick,Double Click,157,562,0.00,0.00,None,N/A,
48.0370,cer,DoubleClick,Double Click,157,562,0.00,0.00,None,N/A,
48.0475,cer,DoubleClick,Double Click,157,562,0.00,0.00,None,N/A,
48.0571,cer,DoubleClick,Double Click,157,562,0.00,0.00,None,N/A,
48.0676,cer,DoubleClick,Double Click,157,562,0.00,0.00,None,N/A,
48.0771,cer,DoubleClick,Double Click,157,562,0.00,0.00,None,N/A,
48.0874,cer,DoubleClick,Double Click,157,562,0.00,0.00,None,N/A,
48.0978,cer,DoubleClick,Double Click,167,561,967.95,93227.51,None,N/A,
48.1077,cer,DoubleClick,Double Click,173,560,614.28,-35715.89,None,N/A,
48.1169,cer,DoubleClick,Double Click,195,555,2458.38,200942.87,None,N/A,
48.1273,cer,DoubleClick,Double Click,217,549,2188.02,-25941.08,None,N/A,
48.1371,cer,DoubleClick,Double Click,236,543,2032.81,-15834.80,None,N/A,
48.1469,cer,DoubleClick,Double Click,264,533,3042.19,103280.09,None,N/A,
48.1579,cer,DoubleClick,Double Click,278,526,1424.54,-147223.52,None,N/A,
48.1674,cer,DoubleClick,Double Click,300,512,2741.41,138440.64,None,N/A,
48.1772,cer,DoubleClick,Double Click,307,507,877.19,-190097.48,None,N/A,
48.1878,cer,DoubleClick,Double Click,319,499,1362.90,45899.68,None,N/A,
48.1973,cer,DoubleClick,Double Click,323,496,524.94,-87976.38,None,N/A,
48.2075,cer,DoubleClick,Double Click,326,494,354.89,-16738.40,None,N/A,
48.2175,cer,DoubleClick,Double Click,328,494,198.90,-15512.76,None,N/A,
48.2271,cer,DoubleClick,Double Click,329,493,147.61,-5353.80,None,N/A,
48.2378,cer,DoubleClick,Double Click,330,493,93.39,-5063.66,None,N/A,
48.2478,cer,DoubleClick,Double Click,330,493,0.00,-9359.22,None,N/A,
48.2574,cer,DoubleClick,Double Click,330,493,0.00,0.00,None,N/A,
48.2671,cer,DoubleClick,Double Click,330,493,0.00,0.00,None,N/A,
48.2771,cer,DoubleClick,Double Click,330,493,0.00,0.00,None,N/A,
48.2870,cer,DoubleClick,Double Click,329,493,100.37,10073.38,None,N/A,
48.2978,cer,DoubleClick,Double Click,327,494,208.31,10055.97,None,N/A,
48.3075,cer,DoubleClick,Double Click,326,495,145.85,-6441.51,None,N/A,
48.3172,cer,DoubleClick,Double Click,321,498,598.36,46435.52,None,N/A,
48.3274,cer,DoubleClick,Double Click,318,500,352.78,-24028.60,None,N/A,
48.3377,cer,DoubleClick,Double Click,311,505,838.09,47282.80,None,N/A,
48.3472,cer,DoubleClick,Double Click,305,509,761.05,-8131.30,None,N/A,
48.3575,cer,DoubleClick,Double Click,285,519,2162.95,135605.42,None,N/A,
48.3674,cer,DoubleClick,Double Click,276,524,1042.82,-113454.85,None,N/A,
48.3773,cer,DoubleClick,Double Click,270,527,675.26,-36998.63,None,N/A,
48.3876,cer,DoubleClick,Double Click,261,530,921.19,23879.44,None,N/A,
48.3971,cer,DoubleClick,Double Click,257,531,436.92,-51317.05,None,N/A,
48.4073,cer,DoubleClick,Double Click,251,533,614.88,17301.75,None,N/A,
48.4174,cer,DoubleClick,Double Click,248,534,315.36,-29869.69,None,N/A,
48.4272,cer,DoubleClick,Double Click,245,535,322.86,764.92,None,N/A,
48.4368,cer,DoubleClick,Double Click,243,535,206.73,-12003.41,None,N/A,
48.4468,cer,DoubleClick,Double Click,241,535,201.28,-548.61,None,N/A,
48.4575,cer,DoubleClick,Double Click,241,535,0.00,-18785.39,None,N/A,
48.4671,cer,DoubleClick,Double Click,239,535,209.19,21880.69,None,N/A,
48.4769,cer,DoubleClick,Double Click,239,535,0.00,-21181.85,None,N/A,
48.4878,cer,DoubleClick,Double Click,238,535,91.79,8425.98,None,N/A,
48.4977,cer,DoubleClick,Double Click,238,534,101.26,958.92,None,N/A,
48.5074,cer,DoubleClick,Double Click,238,534,0.00,-10465.63,None,N/A,
48.5172,cer,DoubleClick,Double Click,238,532,202.82,20568.84,None,N/A,
48.5270,cer,DoubleClick,Double Click,239,531,145.13,-5920.89,None,N/A,
48.5378,cer,DoubleClick,Double Click,239,528,278.44,12372.99,None,N/A,
48.5469,cer,DoubleClick,Double Click,240,527,154.30,-13544.38,None,N/A,
48.5577,cer,DoubleClick,Double Click,241,525,207.57,4944.99,None,N/A,
48.5674,cer,DoubleClick,Double Click,241,524,102.56,-10769.62,None,N/A,
48.5769,cer,DoubleClick,Double Click,242,522,236.24,14123.05,None,N/A,
48.5877,cer,DoubleClick,Double Click,242,522,0.00,-21882.09,None,N/A,
48.5969,cer,DoubleClick,Double Click,242,521,108.67,11808.99,None,N/A,
48.6076,cer,DoubleClick,Double Click,243,520,132.05,2183.36,None,N/A,
48.6175,cer,DoubleClick,Double Click,243,519,100.66,-3160.08,None,N/A,
48.6270,cer,DoubleClick,Double Click,243,519,0.00,-10683.46,None,N/A,
48.6380,cer,DoubleClick,Double Click,243,519,0.00,0.00,None,N/A,
48.6476,cer,DoubleClick,Double Click,243,518,104.22,10861.65,None,N/A,
48.6571,cer,DoubleClick,Double Click,243,518,0.00,-10955.02,None,N/A,
48.6671,cer,DoubleClick,Double Click,241,518,200.36,20071.76,None,N/A,
48.6768,cer,DoubleClick,Double Click,239,518,204.74,448.02,None,N/A,
48.6876,cer,DoubleClick,Double Click,235,518,371.75,15522.37,None,N/A,
48.6973,cer,DoubleClick,Double Click,232,518,308.62,-6495.00,None,N/A,
48.7073,cer,DoubleClick,Double Click,226,518,601.16,29311.14,None,N/A,
48.7178,cer,DoubleClick,Double Click,226,518,0.00,-57027.12,None,N/A,
48.7273,cer,DoubleClick,Double Click,226,518,0.00,0.00,None,N/A,
48.7373,cer,DoubleClick,Double Click,226,518,0.00,0.00,None,N/A,
48.7469,cer,DoubleClick,Double Click,226,518,0.00,0.00,None,N/A,
48.7575,cer,DoubleClick,Double Click,226,518,0.00,0.00,None,N/A,
48.7676,cer,DoubleClick,Double Click,226,518,0.00,0.00,None,N/A,
48.7772,cer,DoubleClick,Double Click,226,518,0.00,0.00,None,N/A,
48.7878,cer,DoubleClick,Double Click,226,518,0.00,0.00,None,N/A,
48.7978,cer,DoubleClick,Double Click,226,518,0.00,0.00,None,N/A,
48.8074,cer,DoubleClick,Double Click,226,518,0.00,0.00,None,N/A,
48.8169,cer,DoubleClick,Double Click,226,518,0.00,0.00,None,N/A,
48.8274,cer,DoubleClick,Double Click,226,518,0.00,0.00,None,N/A,
48.8370,cer,DoubleClick,Double Click,226,518,0.00,0.00,None,N/A,
48.8476,cer,DoubleClick,Double Click,226,518,0.00,0.00,None,N/A,
48.8571,cer,DoubleClick,Double Click,226,518,0.00,0.00,None,N/A,
48.8676,cer,DoubleClick,Double Click,226,518,0.00,0.00,None,N/A,
48.8771,cer,DoubleClick,Double Click,226,518,0.00,0.00,None,N/A,
48.8875,cer,DoubleClick,Double Click,226,518,0.00,0.00,None,N/A,
48.8979,cer,DoubleClick,Double Click,226,518,0.00,0.00,None,N/A,
48.9074,cer,DoubleClick,Double Click,226,518,0.00,0.00,None,N/A,
48.9170,cer,DoubleClick,Double Click,226,518,0.00,0.00,None,N/A,
48.9275,cer,DoubleClick,Double Click,226,518,0.00,0.00,None,N/A,
48.9369,cer,DoubleClick,Double Click,226,518,0.00,0.00,None,N/A,
48.9474,cer,DoubleClick,Double Click,222,521,477.32,45566.83,None,N/A,
48.9573,cer,DoubleClick,Double Click,216,523,633.56,15651.16,None,N/A,
48.9673,cer,DoubleClick,Double Click,211,526,583.47,-5011.98,None,N/A,
48.9772,cer,DoubleClick,Double Click,202,531,1045.72,46950.26,None,N/A,
48.9869,cer,DoubleClick,Double Click,197,533,553.21,-50594.81,None,N/A,
48.9976,cer,DoubleClick,Double Click,189,539,937.71,36055.55,None,N/A,
49.0074,cer,DoubleClick,Double Click,185,541,453.10,-49099.35,None,N/A,
49.0170,cer,DoubleClick,Double Click,178,546,901.97,47065.34,None,N/A,
49.0277,cer,DoubleClick,Double Click,175,548,337.08,-52811.51,None,N/A,
49.0376,cer,DoubleClick,Double Click,170,552,643.20,30749.41,None,N/A,
49.0478,cer,DoubleClick,Double Click,168,554,279.49,-35939.51,None,N/A,
49.0571,cer,DoubleClick,Double Click,165,556,384.92,11255.47,None,N/A,
49.0673,cer,DoubleClick,Double Click,164,557,138.66,-24145.09,None,N/A,
49.0771,cer,DoubleClick,Double Click,163,558,145.15,666.19,None,N/A,
49.0877,cer,DoubleClick,Double Click,162,560,209.90,6078.22,None,N/A,
49.0978,cer,DoubleClick,Double Click,161,561,140.38,-6900.61,None,N/A,
49.1069,cer,DoubleClick,Double Click,160,562,155.84,1702.88,None,N/A,
49.1170,cer,DoubleClick,Double Click,160,562,0.00,-15368.31,None,N/A,
49.1278,cer,DoubleClick,Double Click,159,563,130.62,12063.53,None,N/A,
49.1377,cer,DoubleClick,Double Click,159,563,0.00,-13232.56,None,N/A,
49.1473,cer,DoubleClick,Double Click,158,564,147.76,15438.09,None,N/A,
49.1571,cer,DoubleClick,Double Click,158,564,0.00,-15071.29,None,N/A,
49.1668,cer,DoubleClick,Double Click,158,564,0.00,0.00,None,N/A,
49.1771,cer,DoubleClick,Double Click,158,564,0.00,0.00,None,N/A,
49.1870,cer,DoubleClick,Double Click,157,565,143.25,14510.66,None,N/A,
49.1973,cer,DoubleClick,Double Click,157,565,0.00,-13807.72,None,N/A,
49.2076,cer,DoubleClick,Double Click,156,566,137.32,13333.61,None,N/A,
49.2171,cer,DoubleClick,Double Click,156,567,105.40,-3364.26,None,N/A,
49.2270,cer,DoubleClick,Double Click,155,567,100.92,-452.24,None,N/A,
49.2377,cer,DoubleClick,Double Click,154,569,210.16,10267.62,None,N/A,
49.2471,cer,DoubleClick,Double Click,153,569,105.71,-11041.76,None,N/A,
49.2574,cer,DoubleClick,Double Click,152,571,218.66,11045.97,None,N/A,
49.2669,cer,DoubleClick,Double Click,152,571,0.00,-22928.66,None,N/A,
49.2769,cer,DoubleClick,Double Click,150,573,283.59,28434.63,None,N/A,
49.2873,cer,DoubleClick,Double Click,150,573,0.00,-27087.13,None,N/A,
49.2972,cer,DoubleClick,Double Click,148,575,287.14,29150.72,None,N/A,
49.3072,cer,DoubleClick,Double Click,147,575,100.32,-18741.65,None,N/A,
49.3172,cer,DoubleClick,Double Click,146,576,141.63,4137.62,None,N/A,
49.3270,cer,DoubleClick,Double Click,145,577,143.82,222.45,None,N/A,
49.3377,cer,DoubleClick,Double Click,144,578,132.21,-1085.14,None,N/A,
49.3472,cer,DoubleClick,Double Click,143,578,104.56,-2890.81,None,N/A,
49.3571,cer,DoubleClick,Double Click,143,579,101.01,-359.15,None,N/A,
49.3677,cer,DoubleClick,Double Click,142,579,94.56,-609.45,None,N/A,
49.3777,cer,DoubleClick,Double Click,142,579,0.00,-9428.56,None,N/A,
49.3868,cer,DoubleClick,Double Click,141,579,110.65,12244.10,None,N/A,
49.3972,cer,DoubleClick,Double Click,141,579,0.00,-10614.11,None,N/A,
49.4077,cer,DoubleClick,Double Click,141,579,0.00,0.00,None,N/A,
49.4172,cer,DoubleClick,Double Click,141,579,0.00,0.00,None,N/A,
49.4277,cer,DoubleClick,Double Click,141,579,0.00,0.00,None,N/A,
49.4372,cer,DoubleClick,Double Click,141,579,0.00,0.00,None,N/A,
49.4475,cer,DoubleClick,Double Click,141,579,0.00,0.00,None,N/A,
49.4573,cer,DoubleClick,Double Click,142,579,102.43,10492.42,None,N/A,
49.4670,cer,DoubleClick,Double Click,142,579,0.00,-10515.53,None,N/A,
49.4772,cer,DoubleClick,Double Click,142,578,98.36,9674.86,None,N/A,
49.4874,cer,DoubleClick,Double Click,142,578,0.00,-9636.44,None,N/A,
49.4971,cer,DoubleClick,Double Click,143,578,102.61,10529.42,None,N/A,
49.5076,cer,DoubleClick,Double Click,143,578,0.00,-9830.97,None,N/A,
49.5172,cer,DoubleClick,Double Click,143,578,0.00,0.00,None,N/A,
49.5276,cer,DoubleClick,Double Click,143,578,0.00,0.00,None,N/A,
49.5370,cer,DoubleClick,Double Click,143,578,0.00,0.00,None,N/A,
49.5474,cer,DoubleClick,Double Click,143,578,0.00,0.00,None,N/A,
49.5578,cer,DoubleClick,Double Click,143,578,0.00,0.00,None,N/A,
49.5673,cer,DoubleClick,Double Click,143,578,0.00,0.00,None,N/A,
49.5778,cer,DoubleClick,Double Click,143,578,0.00,0.00,None,N/A,
49.5873,cer,DoubleClick,Double Click,143,578,0.00,0.00,None,N/A,
49.5977,cer,DoubleClick,Double Click,143,578,0.00,0.00,None,N/A,
49.6071,cer,DoubleClick,Double Click,143,578,0.00,0.00,None,N/A,
49.6177,cer,DoubleClick,Double Click,143,578,0.00,0.00,None,N/A,
49.6272,cer,DoubleClick,Double Click,143,578,0.00,0.00,None,N/A,
49.6377,cer,DoubleClick,Double Click,143,578,0.00,0.00,None,N/A,
49.6472,cer,DoubleClick,Double Click,143,578,0.00,0.00,None,N/A,
49.6575,cer,DoubleClick,Double Click,143,578,0.00,0.00,None,N/A,
49.6678,cer,DoubleClick,Double Click,143,578,0.00,0.00,None,N/A,
49.6771,cer,DoubleClick,Double Click,143,578,0.00,0.00,None,N/A,
49.6875,cer,DoubleClick,Double Click,143,578,0.00,0.00,None,N/A,
49.6970,cer,DoubleClick,Double Click,143,578,0.00,0.00,None,N/A,
49.7076,cer,DoubleClick,Double Click,143,578,0.00,0.00,None,N/A,
49.7171,cer,DoubleClick,Double Click,143,578,0.00,0.00,None,N/A,
49.7280,cer,DoubleClick,Double Click,143,578,0.00,0.00,None,N/A,
49.7378,cer,DoubleClick,Double Click,142,578,101.57,10316.32,None,N/A,
49.7472,cer,DoubleClick,Double Click,142,578,0.00,-10860.19,None,N/A,
49.7569,cer,DoubleClick,Double Click,141,577,145.37,14943.44,None,N/A,
49.7670,cer,DoubleClick,Double Click,140,577,98.95,-4593.39,None,N/A,
49.7775,cer,DoubleClick,Double Click,139,576,135.27,3473.92,None,N/A,
49.7878,cer,DoubleClick,Double Click,138,576,96.94,-3716.09,None,N/A,
49.7977,cer,DoubleClick,Double Click,137,575,143.06,4666.17,None,N/A,
49.8078,cer,DoubleClick,Double Click,136,575,98.91,-4367.31,None,N/A,
49.8170,cer,DoubleClick,Double Click,135,574,153.40,5910.29,None,N/A,
49.8275,cer,DoubleClick,Double Click,135,574,0.00,-14576.04,None,N/A,
49.8372,cer,DoubleClick,Double Click,134,574,103.71,10756.63,None,N/A,
49.8473,cer,DoubleClick,Double Click,134,574,0.00,-10271.99,None,N/A,
49.8579,cer,DoubleClick,Double Click,134,574,0.00,0.00,None,N/A,
49.8668,cer,DoubleClick,Double Click,134,573,112.30,12612.03,None,N/A,
49.8769,cer,DoubleClick,Double Click,135,573,99.33,-1288.85,None,N/A,
49.8870,cer,DoubleClick,Double Click,135,573,0.00,-9771.32,None,N/A,
49.8974,cer,DoubleClick,Double Click,135,572,96.81,9373.09,None,N/A,
49.9071,cer,DoubleClick,Double Click,135,572,0.00,-9986.97,None,N/A,
49.9168,cer,DoubleClick,Double Click,136,572,102.13,10429.67,None,N/A,
49.9278,cer,DoubleClick,Double Click,136,571,91.41,-979.76,None,N/A,
49.9373,cer,DoubleClick,Double Click,136,571,0.00,-9626.36,None,N/A,
49.9478,cer,DoubleClick,Double Click,136,571,0.00,0.00,None,N/A,
49.9573,cer,DoubleClick,Double Click,136,571,0.00,0.00,None,N/A,
49.9671,cer,DoubleClick,Double Click,136,571,0.00,0.00,None,N/A,
49.9776,cer,DoubleClick,Double Click,136,571,0.00,0.00,None,N/A,
49.9870,cer,DoubleClick,Double Click,136,571,0.00,0.00,None,N/A,
49.9973,cer,DoubleClick,Double Click,136,571,0.00,0.00,None,N/A,
50.0078,cer,DoubleClick,Double Click,136,571,0.00,0.00,None,N/A,
50.0175,cer,DoubleClick,Double Click,136,571,0.00,0.00,None,N/A,
50.0270,cer,DoubleClick,Double Click,136,571,0.00,0.00,None,N/A,
50.0378,cer,DoubleClick,Double Click,136,571,0.00,0.00,None,N/A,
50.0474,cer,DoubleClick,Double Click,136,571,0.00,0.00,None,N/A,
50.0569,cer,DoubleClick,Double Click,136,571,0.00,0.00,None,N/A,
50.0675,cer,DoubleClick,Double Click,136,571,0.00,0.00,None,N/A,
50.0769,cer,DoubleClick,Double Click,136,571,0.00,0.00,None,N/A,
50.0874,cer,DoubleClick,Double Click,136,571,0.00,0.00,None,N/A,
50.0969,cer,DoubleClick,Double Click,136,571,0.00,0.00,None,N/A,
50.1074,cer,DoubleClick,Double Click,136,571,0.00,0.00,None,N/A,
50.1170,cer,DoubleClick,Double Click,136,571,0.00,0.00,None,N/A,
50.1276,cer,DoubleClick,Double Click,136,571,0.00,0.00,Left,N/A,
50.1371,cer,DoubleClick,Double Click,136,571,0.00,0.00,Left,N/A,
50.1474,cer,DoubleClick,Double Click,136,571,0.00,0.00,Left,N/A,
50.1569,cer,DoubleClick,Double Click,136,571,0.00,0.00,Left,N/A,
50.1675,cer,DoubleClick,Double Click,136,571,0.00,0.00,Left,N/A,
50.1769,cer,DoubleClick,Double Click,136,571,0.00,0.00,Left,N/A,
50.1873,cer,DoubleClick,Double Click,136,571,0.00,0.00,Left,N/A,
50.1978,cer,DoubleClick,Double Click,136,571,0.00,0.00,Left,N/A,
50.2073,cer,DoubleClick,Double Click,136,571,0.00,0.00,Left,N/A,
50.2169,cer,DoubleClick,Double Click,136,571,0.00,0.00,Left,N/A,
50.2274,cer,DoubleClick,Double Click,136,571,0.00,0.00,Left,N/A,
50.2369,cer,DoubleClick,Double Click,136,571,0.00,0.00,Left,N/A,
50.2474,cer,DoubleClick,Double Click,136,571,0.00,0.00,Left,N/A,
50.2569,cer,DoubleClick,Double Click,136,571,0.00,0.00,Left,N/A,
50.2675,cer,DoubleClick,Double Click,136,571,0.00,0.00,Left,N/A,
50.2770,cer,DoubleClick,Double Click,136,571,0.00,0.00,Left,N/A,
50.2875,cer,DoubleClick,Double Click,136,571,0.00,0.00,Left,N/A,
50.2938,cer,DoubleClick,Double Click,136,571,0.00,0.00,Left,N/A,double_click
50.2968,cer,DoubleClick,Double Click,136,571,0.00,0.00,Left,N/A,
50.3071,cer,DoubleClick,Double Click,136,571,0.00,0.00,Left,N/A,
50.3176,cer,DoubleClick,Double Click,136,571,0.00,0.00,Left,N/A,
50.3271,cer,DoubleClick,Double Click,136,571,0.00,0.00,Left,N/A,
50.3377,cer,DoubleClick,Double Click,136,571,0.00,0.00,Left,N/A,
50.3472,cer,DoubleClick,Double Click,136,571,0.00,0.00,Left,N/A,
50.3578,cer,DoubleClick,Double Click,136,571,0.00,0.00,Left,N/A,
50.3674,cer,DoubleClick,Double Click,136,571,0.00,0.00,Left,N/A,
50.3769,cer,DoubleClick,Double Click,136,571,0.00,0.00,Left,N/A,
50.3877,cer,DoubleClick,Double Click,136,571,0.00,0.00,Left,N/A,
50.3973,cer,DoubleClick,Double Click,136,571,0.00,0.00,Left,N/A,
50.4078,cer,DoubleClick,Double Click,136,571,0.00,0.00,Left,N/A,
50.4174,cer,DoubleClick,Double Click,136,571,0.00,0.00,Left,N/A,
50.4270,cer,DoubleClick,Double Click,136,571,0.00,0.00,Left,N/A,
50.4374,cer,DoubleClick,Double Click,136,571,0.00,0.00,Left,N/A,
50.4478,cer,DoubleClick,Double Click,136,571,0.00,0.00,Left,N/A,
50.4573,cer,DoubleClick,Double Click,136,571,0.00,0.00,Left,N/A,
50.4670,cer,DoubleClick,Double Click,136,571,0.00,0.00,Left,N/A,
50.4773,cer,DoubleClick,Double Click,136,571,0.00,0.00,None,N/A,
50.4877,cer,DoubleClick,Double Click,136,571,0.00,0.00,None,N/A,
50.4972,cer,DoubleClick,Double Click,136,571,0.00,0.00,None,N/A,
50.5077,cer,DoubleClick,Double Click,136,571,0.00,0.00,None,N/A,
50.5172,cer,DoubleClick,Double Click,136,571,0.00,0.00,None,N/A,
50.5278,cer,DoubleClick,Double Click,136,571,0.00,0.00,None,N/A,
50.5372,cer,DoubleClick,Double Click,136,571,0.00,0.00,None,N/A,
50.5469,cer,DoubleClick,Double Click,136,571,0.00,0.00,None,N/A,
50.5574,cer,DoubleClick,Double Click,136,571,0.00,0.00,None,N/A,
50.5670,cer,DoubleClick,Double Click,136,571,0.00,0.00,None,N/A,
50.5774,cer,DoubleClick,Double Click,136,571,0.00,0.00,None,N/A,
50.5868,cer,DoubleClick,Double Click,136,571,0.00,0.00,None,N/A,
50.5972,cer,DoubleClick,Double Click,136,571,0.00,0.00,None,N/A,
50.6076,cer,DoubleClick,Double Click,136,571,0.00,0.00,None,N/A,
50.6171,cer,DoubleClick,Double Click,136,571,0.00,0.00,None,N/A,
50.6276,cer,DoubleClick,Double Click,136,571,0.00,0.00,None,N/A,
50.6370,cer,DoubleClick,Double Click,136,571,0.00,0.00,None,N/A,
50.6475,cer,DoubleClick,Double Click,136,571,0.00,0.00,None,N/A,
50.6571,cer,DoubleClick,Double Click,136,571,0.00,0.00,None,N/A,
50.6676,cer,DoubleClick,Double Click,136,571,0.00,0.00,None,N/A,
50.6772,cer,DoubleClick,Double Click,136,571,0.00,0.00,None,N/A,
50.6876,cer,DoubleClick,Double Click,136,571,0.00,0.00,None,N/A,
50.6971,cer,DoubleClick,Double Click,145,570,959.41,101648.18,None,N/A,
50.7077,cer,DoubleClick,Double Click,161,566,1544.17,54750.87,None,N/A,
50.7178,cer,DoubleClick,Double Click,204,557,4351.89,278132.48,None,N/A,
50.7275,cer,DoubleClick,Double Click,222,552,1942.63,-250530.33,None,N/A,
50.7375,cer,DoubleClick,Double Click,240,545,1922.39,-2015.33,None,N/A,
50.7470,cer,DoubleClick,Double Click,275,528,4090.97,228002.36,None,N/A,
50.7577,cer,DoubleClick,Double Click,292,519,1808.10,-214586.45,None,N/A,
50.7678,cer,DoubleClick,Double Click,322,500,3508.98,168072.79,None,N/A,
50.7776,cer,DoubleClick,Double Click,337,489,1901.73,-164321.23,None,N/A,
50.7875,cer,DoubleClick,Double Click,366,465,3795.44,190936.78,None,N/A,
50.7973,cer,DoubleClick,Double Click,378,455,1593.55,-224629.04,None,N/A,
50.8068,cer,DoubleClick,Double Click,399,439,2762.66,122339.15,None,N/A,
50.8173,cer,DoubleClick,Double Click,409,432,1166.29,-152526.93,None,N/A,
50.8272,cer,DoubleClick,Double Click,424,421,1876.35,71625.32,None,N/A,
50.8369,cer,DoubleClick,Double Click,430,417,747.04,-116991.80,None,N/A,
50.8472,cer,DoubleClick,Double Click,435,414,564.94,-17643.42,None,N/A,
50.8577,cer,DoubleClick,Double Click,442,409,818.36,24108.79,None,N/A,
50.8677,cer,DoubleClick,Double Click,445,407,362.23,-45825.12,None,N/A,
50.8775,cer,DoubleClick,Double Click,450,404,594.88,23735.38,None,N/A,
50.8872,cer,DoubleClick,Double Click,452,402,290.17,-31260.57,None,N/A,
50.8969,cer,DoubleClick,Double Click,458,398,741.19,46357.21,None,N/A,
50.9069,cer,DoubleClick,Double Click,460,396,282.95,-45840.99,None,N/A,
50.9174,cer,DoubleClick,Double Click,464,393,476.68,18469.31,None,N/A,
50.9275,cer,DoubleClick,Double Click,466,392,222.68,-25294.66,None,N/A,
50.9369,cer,DoubleClick,Double Click,469,390,383.18,17058.11,None,N/A,
50.9470,cer,DoubleClick,Double Click,471,389,220.79,-16034.91,None,N/A,
50.9576,cer,DoubleClick,Double Click,473,388,210.13,-1002.21,None,N/A,
50.9675,cer,DoubleClick,Double Click,474,387,143.62,-6753.97,None,N/A,
50.9772,cer,DoubleClick,Double Click,474,387,0.00,-14804.25,None,N/A,
50.9872,cer,DoubleClick,Double Click,476,386,224.13,22465.58,None,N/A,
50.9970,cer,DoubleClick,Double Click,476,386,0.00,-22807.32,None,N/A,
51.0076,cer,DoubleClick,Double Click,477,385,132.98,12504.54,None,N/A,
51.0175,cer,DoubleClick,Double Click,477,385,0.00,-13450.49,None,N/A,
51.0271,cer,DoubleClick,Double Click,478,385,104.35,10889.23,None,N/A,
51.0369,cer,DoubleClick,Double Click,478,385,0.00,-10613.04,None,N/A,
51.0468,cer,DoubleClick,Double Click,480,384,226.73,22988.88,None,N/A,
51.0575,cer,DoubleClick,Double Click,480,384,0.00,-21179.93,None,N/A,
51.0671,cer,DoubleClick,Double Click,482,383,232.74,24224.75,None,N/A,
51.0776,cer,DoubleClick,Double Click,483,383,95.24,-13095.40,None,N/A,
51.0872,cer,DoubleClick,Double Click,485,383,207.51,11649.02,None,N/A,
51.0972,cer,DoubleClick,Double Click,488,382,318.55,11185.79,None,N/A,
51.1079,cer,DoubleClick,Double Click,491,382,280.59,-3550.86,None,N/A,
51.1173,cer,DoubleClick,Double Click,493,381,236.75,-4641.56,None,N/A,
51.1274,cer,DoubleClick,Double Click,494,381,98.68,-13624.59,None,N/A,
51.1368,cer,DoubleClick,Double Click,497,380,336.67,25337.67,None,N/A,
51.1471,cer,DoubleClick,Double Click,498,380,97.71,-23349.05,None,N/A,
51.1577,cer,DoubleClick,Double Click,501,379,298.02,18878.26,None,N/A,
51.1677,cer,DoubleClick,Double Click,502,379,100.01,-19803.57,None,N/A,
51.1771,cer,DoubleClick,Double Click,504,378,237.53,14607.55,None,N/A,
51.1871,cer,DoubleClick,Double Click,505,378,100.11,-13756.62,None,N/A,
51.1973,cer,DoubleClick,Double Click,506,378,97.73,-231.85,None,N/A,
51.2075,cer,DoubleClick,Double Click,508,377,218.57,11811.98,None,N/A,
51.2175,cer,DoubleClick,Double Click,508,377,0.00,-22005.27,None,N/A,
51.2273,cer,DoubleClick,Double Click,510,376,227.55,23156.51,None,N/A,
51.2373,cer,DoubleClick,Double Click,511,376,99.93,-12753.21,None,N/A,
51.2477,cer,DoubleClick,Double Click,512,375,136.66,3549.00,None,N/A,
51.2577,cer,DoubleClick,Double Click,513,375,99.52,-3696.07,None,N/A,
51.2675,cer,DoubleClick,Double Click,514,374,144.62,4612.81,None,N/A,
51.2773,cer,DoubleClick,Double Click,515,374,101.92,-4352.34,None,N/A,
51.2871,cer,DoubleClick,Double Click,516,373,143.77,4253.75,None,N/A,
51.2977,cer,DoubleClick,Double Click,516,373,0.00,-13536.84,None,N/A,
51.3076,cer,DoubleClick,Double Click,517,372,143.80,14621.33,None,N/A,
51.3174,cer,DoubleClick,Double Click,517,372,0.00,-14576.81,None,N/A,
51.3274,cer,DoubleClick,Double Click,517,371,100.34,10068.56,None,N/A,
51.3369,cer,DoubleClick,Double Click,518,371,105.49,542.51,None,N/A,
51.3471,cer,DoubleClick,Double Click,518,371,0.00,-10304.33,None,N/A,
51.3575,cer,DoubleClick,Double Click,518,371,0.00,0.00,None,N/A,
51.3672,cer,DoubleClick,Double Click,518,371,0.00,0.00,None,N/A,
51.3773,cer,DoubleClick,Double Click,518,371,0.00,0.00,None,N/A,
51.3868,cer,DoubleClick,Double Click,518,371,0.00,0.00,None,N/A,
51.3972,cer,DoubleClick,Double Click,518,371,0.00,0.00,None,N/A,
51.4075,cer,DoubleClick,Double Click,518,371,0.00,0.00,None,N/A,
51.4174,cer,DoubleClick,Double Click,518,371,0.00,0.00,None,N/A,
51.4277,cer,DoubleClick,Double Click,518,371,0.00,0.00,None,N/A,
51.4371,cer,DoubleClick,Double Click,518,371,0.00,0.00,None,N/A,
51.4475,cer,DoubleClick,Double Click,518,371,0.00,0.00,None,N/A,
51.4569,cer,DoubleClick,Double Click,518,371,0.00,0.00,None,N/A,
51.4675,cer,DoubleClick,Double Click,518,371,0.00,0.00,None,N/A,
51.4769,cer,DoubleClick,Double Click,518,371,0.00,0.00,None,N/A,
51.4876,cer,DoubleClick,Double Click,518,371,0.00,0.00,None,N/A,
51.4972,cer,DoubleClick,Double Click,518,371,0.00,0.00,None,N/A,
51.5078,cer,DoubleClick,Double Click,518,371,0.00,0.00,None,N/A,
51.5173,cer,DoubleClick,Double Click,518,371,0.00,0.00,None,N/A,
51.5278,cer,DoubleClick,Double Click,518,371,0.00,0.00,None,N/A,
51.5372,cer,DoubleClick,Double Click,518,371,0.00,0.00,None,N/A,
51.5477,cer,DoubleClick,Double Click,518,371,0.00,0.00,None,N/A,
51.5574,cer,DoubleClick,Double Click,518,371,0.00,0.00,None,N/A,
51.5670,cer,DoubleClick,Double Click,518,371,0.00,0.00,None,N/A,
51.5775,cer,DoubleClick,Double Click,518,371,0.00,0.00,None,N/A,
51.5869,cer,DoubleClick,Double Click,518,371,0.00,0.00,None,N/A,
51.5974,cer,DoubleClick,Double Click,518,371,0.00,0.00,None,N/A,
51.6078,cer,DoubleClick,Double Click,518,371,0.00,0.00,None,N/A,
51.6173,cer,DoubleClick,Double Click,518,371,0.00,0.00,None,N/A,
51.6272,cer,DoubleClick,Double Click,518,371,0.00,0.00,Left,N/A,
51.6378,cer,DoubleClick,Double Click,518,371,0.00,0.00,Left,N/A,
51.6479,cer,DoubleClick,Double Click,518,371,0.00,0.00,Left,N/A,
51.6575,cer,DoubleClick,Double Click,518,371,0.00,0.00,Left,N/A,
51.6671,cer,DoubleClick,Double Click,518,371,0.00,0.00,Left,N/A,
51.6781,cer,DoubleClick,Double Click,518,371,0.00,0.00,Left,N/A,
51.6882,cer,DoubleClick,Double Click,518,371,0.00,0.00,Left,N/A,
51.6978,cer,DoubleClick,Double Click,518,371,0.00,0.00,Left,N/A,
51.7073,cer,DoubleClick,Double Click,518,371,0.00,0.00,Left,N/A,
51.7169,cer,DoubleClick,Double Click,518,371,0.00,0.00,Left,N/A,
51.7275,cer,DoubleClick,Double Click,518,371,0.00,0.00,Left,N/A,
51.7372,cer,DoubleClick,Double Click,518,371,0.00,0.00,Left,N/A,
51.7476,cer,DoubleClick,Double Click,518,371,0.00,0.00,Left,N/A,
51.7571,cer,DoubleClick,Double Click,518,371,0.00,0.00,Left,N/A,
51.7676,cer,DoubleClick,Double Click,518,371,0.00,0.00,Left,N/A,
51.7770,cer,DoubleClick,Double Click,518,371,0.00,0.00,Left,N/A,
51.7833,cer,DoubleClick,Double Click,518,371,0.00,0.00,Left,N/A,double_click
51.7873,cer,DoubleClick,Double Click,518,371,0.00,0.00,Left,N/A,
51.7969,cer,DoubleClick,Double Click,518,371,0.00,0.00,Left,N/A,
51.8074,cer,DoubleClick,Double Click,518,371,0.00,0.00,Left,N/A,
51.8172,cer,DoubleClick,Double Click,518,371,0.00,0.00,Left,N/A,
51.8278,cer,DoubleClick,Double Click,518,371,0.00,0.00,Left,N/A,
51.8375,cer,DoubleClick,Double Click,518,371,0.00,0.00,Left,N/A,
51.8471,cer,DoubleClick,Double Click,518,371,0.00,0.00,Left,N/A,
51.8577,cer,DoubleClick,Double Click,518,371,0.00,0.00,Left,N/A,
51.8674,cer,DoubleClick,Double Click,518,371,0.00,0.00,Left,N/A,
51.8777,cer,DoubleClick,Double Click,518,371,0.00,0.00,Left,N/A,
51.8872,cer,DoubleClick,Double Click,518,371,0.00,0.00,Left,N/A,
51.8976,cer,DoubleClick,Double Click,518,371,0.00,0.00,Left,N/A,
51.9072,cer,DoubleClick,Double Click,518,371,0.00,0.00,Left,N/A,
51.9178,cer,DoubleClick,Double Click,518,371,0.00,0.00,Left,N/A,
51.9273,cer,DoubleClick,Double Click,518,371,0.00,0.00,Left,N/A,
51.9378,cer,DoubleClick,Double Click,518,371,0.00,0.00,Left,N/A,
51.9474,cer,DoubleClick,Double Click,518,371,0.00,0.00,Left,N/A,
51.9570,cer,DoubleClick,Double Click,518,371,0.00,0.00,Left,N/A,
51.9678,cer,DoubleClick,Double Click,518,371,0.00,0.00,None,N/A,
51.9773,cer,DoubleClick,Double Click,518,371,0.00,0.00,None,N/A,
51.9869,cer,DoubleClick,Double Click,518,371,0.00,0.00,None,N/A,
51.9976,cer,DoubleClick,Double Click,518,371,0.00,0.00,None,N/A,
52.0071,cer,DoubleClick,Double Click,518,371,0.00,0.00,None,N/A,
52.0177,cer,DoubleClick,Double Click,518,371,0.00,0.00,None,N/A,
52.0271,cer,DoubleClick,Double Click,518,371,0.00,0.00,None,N/A,
52.0379,cer,DoubleClick,Double Click,518,371,0.00,0.00,None,N/A,
52.0475,cer,DoubleClick,Double Click,518,371,0.00,0.00,None,N/A,
52.0570,cer,DoubleClick,Double Click,518,371,0.00,0.00,None,N/A,
52.0675,cer,DoubleClick,Double Click,518,371,0.00,0.00,None,N/A,
52.0769,cer,DoubleClick,Double Click,518,371,0.00,0.00,None,N/A,
52.0873,cer,DoubleClick,Double Click,518,371,0.00,0.00,None,N/A,
52.0970,cer,DoubleClick,Double Click,518,371,0.00,0.00,None,N/A,
52.1075,cer,DoubleClick,Double Click,518,371,0.00,0.00,None,N/A,
52.1170,cer,DoubleClick,Double Click,518,371,0.00,0.00,None,N/A,
52.1275,cer,DoubleClick,Double Click,518,371,0.00,0.00,None,N/A,
52.1370,cer,DoubleClick,Double Click,518,371,0.00,0.00,None,N/A,
52.1475,cer,DoubleClick,Double Click,518,371,0.00,0.00,None,N/A,
52.1570,cer,DoubleClick,Double Click,518,371,0.00,0.00,None,N/A,
52.1670,cer,DoubleClick,Double Click,568,425,7391.25,742329.23,None,N/A,
52.1770,cer,DoubleClick,Double Click,607,469,5877.81,-151297.37,None,N/A,
52.1876,cer,DoubleClick,Double Click,658,531,7583.83,161161.12,None,N/A,
52.1977,cer,DoubleClick,Double Click,679,563,3802.96,-375659.43,None,N/A,
52.2074,cer,DoubleClick,Double Click,722,621,7392.49,367522.71,None,N/A,
52.2173,cer,DoubleClick,Double Click,740,645,3045.24,-441280.55,None,N/A,
52.2269,cer,DoubleClick,Double Click,767,681,4672.34,168941.35,None,N/A,
52.2370,cer,DoubleClick,Double Click,777,693,1549.82,-309806.92,None,N/A,
52.2470,cer,DoubleClick,Double Click,783,700,918.84,-62884.78,None,N/A,
52.2570,cer,DoubleClick,Double Click,790,706,922.22,337.56,None,N/A,
52.2672,cer,DoubleClick,Double Click,791,708,219.35,-68948.87,None,N/A,
52.2770,cer,DoubleClick,Double Click,792,710,228.16,898.95,None,N/A,
52.2879,cer,DoubleClick,Double Click,792,711,92.16,-12533.87,None,N/A,
52.2974,cer,DoubleClick,Double Click,792,711,0.00,-9678.43,None,N/A,
52.3074,cer,DoubleClick,Double Click,792,712,99.36,9872.51,None,N/A,
52.3171,cer,DoubleClick,Double Click,791,712,103.57,435.51,None,N/A,
52.3278,cer,DoubleClick,Double Click,791,712,0.00,-9642.94,None,N/A,
52.3377,cer,DoubleClick,Double Click,790,712,101.79,10360.93,None,N/A,
52.3477,cer,DoubleClick,Double Click,789,712,100.08,-170.65,None,N/A,
52.3573,cer,DoubleClick,Double Click,788,712,103.75,380.67,None,N/A,
52.3672,cer,DoubleClick,Double Click,787,712,101.39,-240.03,None,N/A,
52.3771,cer,DoubleClick,Double Click,787,711,100.93,-45.80,None,N/A,
52.3877,cer,DoubleClick,Double Click,785,711,187.43,8105.62,None,N/A,
52.3977,cer,DoubleClick,Double Click,785,711,0.00,-18899.84,None,N/A,
52.4076,cer,DoubleClick,Double Click,784,710,141.75,14208.48,None,N/A,
52.4170,cer,DoubleClick,Double Click,784,710,0.00,-15157.52,None,N/A,
52.4278,cer,DoubleClick,Double Click,783,709,131.29,12187.74,None,N/A,
52.4369,cer,DoubleClick,Double Click,783,708,109.90,-2349.90,None,N/A,
52.4475,cer,DoubleClick,Double Click,782,706,210.92,9528.97,None,N/A,
52.4574,cer,DoubleClick,Double Click,781,704,225.50,1470.44,None,N/A,
52.4678,cer,DoubleClick,Double Click,779,700,429.67,19615.03,None,N/A,
52.4773,cer,DoubleClick,Double Click,777,697,377.61,-5452.11,None,N/A,
52.4877,cer,DoubleClick,Double Click,775,691,612.55,22754.92,None,N/A,
52.4975,cer,DoubleClick,Double Click,773,686,545.17,-6821.12,None,N/A,
52.5073,cer,DoubleClick,Double Click,772,682,423.51,-12496.75,None,N/A,
52.5170,cer,DoubleClick,Double Click,770,675,746.30,33090.50,None,N/A,
52.5270,cer,DoubleClick,Double Click,769,671,413.71,-33372.17,None,N/A,
52.5376,cer,DoubleClick,Double Click,768,667,388.01,-2418.77,None,N/A,
52.5477,cer,DoubleClick,Double Click,768,665,199.09,-18805.92,None,N/A,
52.5576,cer,DoubleClick,Double Click,767,661,415.51,21809.70,None,N/A,
52.5672,cer,DoubleClick,Double Click,767,660,104.23,-32444.72,None,N/A,
52.5768,cer,DoubleClick,Double Click,767,657,310.46,21341.96,None,N/A,
52.5880,cer,DoubleClick,Double Click,767,656,89.32,-19752.45,None,N/A,
52.5973,cer,DoubleClick,Double Click,767,653,325.01,25532.78,None,N/A,
52.6078,cer,DoubleClick,Double Click,767,652,95.01,-21851.56,None,N/A,
52.6173,cer,DoubleClick,Double Click,767,651,105.22,1074.00,None,N/A,
52.6269,cer,DoubleClick,Double Click,767,649,207.60,10627.97,None,N/A,
52.6372,cer,DoubleClick,Double Click,767,648,97.34,-10733.05,None,N/A,
52.6475,cer,DoubleClick,Double Click,767,647,96.91,-42.28,None,N/A,
52.6572,cer,DoubleClick,Double Click,767,646,103.67,700.44,None,N/A,
52.6677,cer,DoubleClick,Double Click,767,646,0.00,-9851.02,None,N/A,
52.6772,cer,DoubleClick,Double Click,767,646,0.00,0.00,None,N/A,
52.6873,cer,DoubleClick,Double Click,767,645,99.12,9825.43,None,N/A,
52.6972,cer,DoubleClick,Double Click,768,645,100.59,147.29,None,N/A,
52.7070,cer,DoubleClick,Double Click,768,644,102.77,223.89,None,N/A,
52.7174,cer,DoubleClick,Double Click,768,644,0.00,-9811.59,None,N/A,
52.7269,cer,DoubleClick,Double Click,768,644,0.00,0.00,None,N/A,
52.7376,cer,DoubleClick,Double Click,768,644,0.00,0.00,None,N/A,
52.7474,cer,DoubleClick,Double Click,768,644,0.00,0.00,None,N/A,
52.7577,cer,DoubleClick,Double Click,769,644,96.75,9361.42,None,N/A,
52.7671,cer,DoubleClick,Double Click,769,645,105.99,978.46,None,N/A,
52.7777,cer,DoubleClick,Double Click,769,645,0.00,-10059.95,None,N/A,
52.7877,cer,DoubleClick,Double Click,770,645,99.41,9882.34,None,N/A,
52.7974,cer,DoubleClick,Double Click,770,646,103.92,468.38,None,N/A,
52.8071,cer,DoubleClick,Double Click,770,646,0.00,-10675.26,None,N/A,
52.8170,cer,DoubleClick,Double Click,770,646,0.00,0.00,None,N/A,
52.8278,cer,DoubleClick,Double Click,771,646,92.85,8621.09,None,N/A,
52.8372,cer,DoubleClick,Double Click,772,646,105.53,1337.87,None,N/A,
52.8472,cer,DoubleClick,Double Click,772,646,0.00,-10552.78,None,N/A,
52.8572,cer,DoubleClick,Double Click,772,646,0.00,0.00,None,N/A,
52.8672,cer,DoubleClick,Double Click,774,646,198.76,19752.50,None,N/A,
52.8779,cer,DoubleClick,Double Click,774,646,0.00,-18640.39,None,N/A,
52.8874,cer,DoubleClick,Double Click,775,646,104.83,10989.62,None,N/A,
52.8972,cer,DoubleClick,Double Click,775,646,0.00,-10676.87,None,N/A,
52.9076,cer,DoubleClick,Double Click,776,646,96.17,9248.85,None,N/A,
52.9178,cer,DoubleClick,Double Click,776,646,0.00,-9461.23,None,N/A,
52.9278,cer,DoubleClick,Double Click,777,646,100.12,10024.86,None,N/A,
52.9372,cer,DoubleClick,Double Click,777,646,0.00,-10598.68,None,N/A,
52.9477,cer,DoubleClick,Double Click,777,646,0.00,0.00,None,N/A,
52.9573,cer,DoubleClick,Double Click,777,646,0.00,0.00,None,N/A,
52.9678,cer,DoubleClick,Double Click,777,646,0.00,0.00,None,N/A,
52.9773,cer,DoubleClick,Double Click,777,646,0.00,0.00,None,N/A,
52.9879,cer,DoubleClick,Double Click,777,646,0.00,0.00,None,N/A,
52.9974,cer,DoubleClick,Double Click,777,646,0.00,0.00,None,N/A,
53.0079,cer,DoubleClick,Double Click,777,646,0.00,0.00,None,N/A,
53.0175,cer,DoubleClick,Double Click,777,646,0.00,0.00,None,N/A,
53.0269,cer,DoubleClick,Double Click,777,646,0.00,0.00,None,N/A,
53.0373,cer,DoubleClick,Double Click,777,646,0.00,0.00,None,N/A,
53.0477,cer,DoubleClick,Double Click,777,646,0.00,0.00,None,N/A,
53.0572,cer,DoubleClick,Double Click,777,646,0.00,0.00,None,N/A,
53.0669,cer,DoubleClick,Double Click,777,646,0.00,0.00,None,N/A,
53.0773,cer,DoubleClick,Double Click,777,646,0.00,0.00,None,N/A,
53.0881,cer,DoubleClick,Double Click,777,646,0.00,0.00,None,N/A,
53.0977,cer,DoubleClick,Double Click,777,646,0.00,0.00,None,N/A,
53.1073,cer,DoubleClick,Double Click,777,646,0.00,0.00,None,N/A,
53.1178,cer,DoubleClick,Double Click,777,646,0.00,0.00,None,N/A,
53.1273,cer,DoubleClick,Double Click,777,646,0.00,0.00,None,N/A,
53.1385,cer,DoubleClick,Double Click,777,646,0.00,0.00,None,N/A,
53.1469,cer,DoubleClick,Double Click,777,646,0.00,0.00,None,N/A,
53.1575,cer,DoubleClick,Double Click,777,646,0.00,0.00,Left,N/A,
53.1674,cer,DoubleClick,Double Click,777,646,0.00,0.00,Left,N/A,
53.1779,cer,DoubleClick,Double Click,777,646,0.00,0.00,Left,N/A,
53.1873,cer,DoubleClick,Double Click,777,646,0.00,0.00,Left,N/A,
53.1978,cer,DoubleClick,Double Click,777,646,0.00,0.00,Left,N/A,
53.2073,cer,DoubleClick,Double Click,777,646,0.00,0.00,Left,N/A,
53.2169,cer,DoubleClick,Double Click,777,646,0.00,0.00,Left,N/A,
53.2273,cer,DoubleClick,Double Click,777,646,0.00,0.00,Left,N/A,
53.2378,cer,DoubleClick,Double Click,777,646,0.00,0.00,Left,N/A,
53.2473,cer,DoubleClick,Double Click,777,646,0.00,0.00,Left,N/A,
53.2569,cer,DoubleClick,Double Click,777,646,0.00,0.00,Left,N/A,
53.2675,cer,DoubleClick,Double Click,777,646,0.00,0.00,Left,N/A,
53.2771,cer,DoubleClick,Double Click,777,646,0.00,0.00,Left,N/A,
53.2876,cer,DoubleClick,Double Click,777,646,0.00,0.00,Left,N/A,
53.2970,cer,DoubleClick,Double Click,777,646,0.00,0.00,Left,N/A,
53.3051,cer,DoubleClick,Double Click,777,646,0.00,0.00,Left,N/A,double_click
53.3097,cer,DoubleClick,Double Click,777,646,0.00,0.00,Left,N/A,
53.3174,cer,DoubleClick,Double Click,777,646,0.00,0.00,Left,N/A,
53.3278,cer,DoubleClick,Double Click,777,646,0.00,0.00,Left,N/A,
53.3373,cer,DoubleClick,Double Click,777,646,0.00,0.00,Left,N/A,
53.3477,cer,DoubleClick,Double Click,777,646,0.00,0.00,Left,N/A,
53.3572,cer,DoubleClick,Double Click,777,646,0.00,0.00,Left,N/A,
53.3678,cer,DoubleClick,Double Click,777,646,0.00,0.00,Left,N/A,
53.3773,cer,DoubleClick,Double Click,777,646,0.00,0.00,Left,N/A,
53.3878,cer,DoubleClick,Double Click,777,646,0.00,0.00,Left,N/A,
53.3972,cer,DoubleClick,Double Click,777,646,0.00,0.00,Left,N/A,
53.4077,cer,DoubleClick,Double Click,777,646,0.00,0.00,Left,N/A,
53.4174,cer,DoubleClick,Double Click,777,646,0.00,0.00,Left,N/A,
53.4278,cer,DoubleClick,Double Click,777,646,0.00,0.00,Left,N/A,
53.4375,cer,DoubleClick,Double Click,777,646,0.00,0.00,Left,N/A,
53.4472,cer,DoubleClick,Double Click,777,646,0.00,0.00,Left,N/A,
53.4576,cer,DoubleClick,Double Click,777,646,0.00,0.00,Left,N/A,
53.4671,cer,DoubleClick,Double Click,777,646,0.00,0.00,Left,N/A,
53.4776,cer,DoubleClick,Double Click,777,646,0.00,0.00,Left,N/A,
53.4870,cer,DoubleClick,Double Click,777,646,0.00,0.00,None,N/A,
53.4975,cer,DoubleClick,Double Click,777,646,0.00,0.00,None,N/A,
53.5070,cer,DoubleClick,Double Click,777,646,0.00,0.00,None,N/A,
53.5176,cer,DoubleClick,Double Click,777,646,0.00,0.00,None,N/A,
53.5271,cer,DoubleClick,Double Click,777,646,0.00,0.00,None,N/A,
53.5377,cer,DoubleClick,Double Click,777,646,0.00,0.00,None,N/A,
53.5473,cer,DoubleClick,Double Click,777,646,0.00,0.00,None,N/A,
53.5578,cer,DoubleClick,Double Click,777,646,0.00,0.00,None,N/A,
53.5673,cer,DoubleClick,Double Click,777,646,0.00,0.00,None,N/A,
53.5776,cer,DoubleClick,Double Click,777,646,0.00,0.00,None,N/A,
53.5873,cer,DoubleClick,Double Click,777,646,0.00,0.00,None,N/A,
53.5970,cer,DoubleClick,Double Click,777,646,0.00,0.00,None,N/A,
53.6075,cer,DoubleClick,Double Click,777,646,0.00,0.00,None,N/A,
53.6173,cer,DoubleClick,Double Click,777,646,0.00,0.00,None,N/A,
53.6269,cer,DoubleClick,Double Click,777,646,0.00,0.00,None,N/A,
53.6373,cer,DoubleClick,Double Click,777,646,0.00,0.00,None,N/A,
53.6478,cer,DoubleClick,Double Click,777,646,0.00,0.00,None,N/A,
53.6573,cer,DoubleClick,Double Click,777,646,0.00,0.00,None,N/A,
53.6678,cer,DoubleClick,Double Click,777,646,0.00,0.00,None,N/A,
53.6773,cer,DoubleClick,Double Click,777,646,0.00,0.00,None,N/A,
53.6877,cer,DoubleClick,Double Click,777,646,0.00,0.00,None,N/A,
53.6971,cer,DoubleClick,Double Click,777,646,0.00,0.00,None,N/A,
53.7077,cer,DoubleClick,Double Click,777,646,0.00,0.00,None,N/A,
53.7173,cer,DoubleClick,Double Click,777,646,0.00,0.00,None,N/A,
53.7277,cer,DoubleClick,Double Click,771,632,1467.93,141470.56,None,N/A,
53.7368,cer,DoubleClick,Double Click,750,564,7798.92,693771.35,None,N/A,
53.7473,cer,DoubleClick,Double Click,743,542,2196.56,-533028.08,None,N/A,
53.7568,cer,DoubleClick,Double Click,734,510,3497.52,136881.20,None,N/A,
53.7678,cer,DoubleClick,Double Click,729,495,1436.85,-187262.03,None,N/A,
53.7776,cer,DoubleClick,Double Click,720,472,2513.02,109499.38,None,N/A,
53.7875,cer,DoubleClick,Double Click,716,463,1003.48,-153803.65,None,N/A,
53.7974,cer,DoubleClick,Double Click,711,455,945.74,-5787.58,None,N/A,
53.8071,cer,DoubleClick,Double Click,705,447,1029.83,8659.76,None,N/A,
53.8176,cer,DoubleClick,Double Click,705,447,0.00,-98696.05,None,N/A,
53.8271,cer,DoubleClick,Double Click,705,447,0.00,0.00,None,N/A,
53.8375,cer,DoubleClick,Double Click,705,447,0.00,0.00,None,N/A,
53.8471,cer,DoubleClick,Double Click,705,447,0.00,0.00,None,N/A,
53.8577,cer,DoubleClick,Double Click,705,447,0.00,0.00,None,N/A,
53.8673,cer,DoubleClick,Double Click,705,447,0.00,0.00,None,N/A,
53.8779,cer,DoubleClick,Double Click,705,447,0.00,0.00,None,N/A,
53.8875,cer,DoubleClick,Double Click,705,447,0.00,0.00,None,N/A,
53.8969,cer,DoubleClick,Double Click,705,447,0.00,0.00,None,N/A,
53.9074,cer,DoubleClick,Double Click,705,447,0.00,0.00,None,N/A,
53.9175,cer,DoubleClick,Double Click,705,447,0.00,0.00,None,N/A,
53.9269,cer,DoubleClick,Double Click,705,447,0.00,0.00,None,N/A,
53.9374,cer,DoubleClick,Double Click,705,447,0.00,0.00,None,N/A,
53.9479,cer,DoubleClick,Double Click,705,447,0.00,0.00,None,N/A,
53.9575,cer,DoubleClick,Double Click,705,447,0.00,0.00,None,N/A,
53.9670,cer,DoubleClick,Double Click,705,447,0.00,0.00,None,N/A,
53.9774,cer,DoubleClick,Double Click,705,447,0.00,0.00,None,N/A,
53.9878,cer,DoubleClick,Double Click,705,447,0.00,0.00,None,N/A,
53.9974,cer,DoubleClick,Double Click,705,447,0.00,0.00,None,N/A,
54.0079,cer,DoubleClick,Double Click,705,447,0.00,0.00,None,N/A,
54.0173,cer,DoubleClick,Double Click,705,447,0.00,0.00,None,N/A,
54.0275,cer,DoubleClick,Double Click,697,431,1759.66,173093.51,None,N/A,
54.0372,cer,DoubleClick,Double Click,683,400,3504.58,179782.01,None,N/A,
54.0471,cer,DoubleClick,Double Click,658,339,6630.37,314377.59,None,N/A,
54.0569,cer,DoubleClick,Double Click,651,325,1591.78,-512398.72,None,N/A,
54.0674,cer,DoubleClick,Double Click,641,300,2561.82,92292.87,None,N/A,
54.0776,cer,DoubleClick,Double Click,637,289,1150.93,-138733.31,None,N/A,
54.0870,cer,DoubleClick,Double Click,630,273,1859.67,75468.73,None,N/A,
54.0972,cer,DoubleClick,Double Click,627,268,573.24,-126468.52,None,N/A,
54.1069,cer,DoubleClick,Double Click,624,260,877.84,31295.76,None,N/A,
54.1177,cer,DoubleClick,Double Click,622,258,263.07,-57179.91,None,N/A,
54.1272,cer,DoubleClick,Double Click,620,255,379.77,12291.44,None,N/A,
54.1371,cer,DoubleClick,Double Click,620,254,100.42,-28052.91,None,N/A,
54.1475,cer,DoubleClick,Double Click,619,252,216.13,11183.73,None,N/A,
54.1578,cer,DoubleClick,Double Click,619,251,96.50,-11544.22,None,N/A,
54.1678,cer,DoubleClick,Double Click,618,251,100.17,368.47,None,N/A,
54.1773,cer,DoubleClick,Double Click,618,250,105.68,581.45,None,N/A,
54.1871,cer,DoubleClick,Double Click,618,250,0.00,-10735.06,None,N/A,
54.1969,cer,DoubleClick,Double Click,618,249,101.86,10376.04,None,N/A,
54.2078,cer,DoubleClick,Double Click,618,249,0.00,-9412.52,None,N/A,
54.2176,cer,DoubleClick,Double Click,618,248,101.33,10268.03,None,N/A,
54.2275,cer,DoubleClick,Double Click,618,248,0.00,-10279.95,None,N/A,
54.2371,cer,DoubleClick,Double Click,618,248,0.00,0.00,None,N/A,
54.2471,cer,DoubleClick,Double Click,618,247,100.46,10092.20,None,N/A,
54.2576,cer,DoubleClick,Double Click,618,247,0.00,-9543.17,None,N/A,
54.2672,cer,DoubleClick,Double Click,618,247,0.00,0.00,None,N/A,
54.2777,cer,DoubleClick,Double Click,618,247,0.00,0.00,None,N/A,
54.2871,cer,DoubleClick,Double Click,618,247,0.00,0.00,None,N/A,
54.2971,cer,DoubleClick,Double Click,618,247,0.00,0.00,None,N/A,
54.3071,cer,DoubleClick,Double Click,619,248,142.00,14258.19,None,N/A,
54.3174,cer,DoubleClick,Double Click,619,248,0.00,-13804.77,None,N/A,
54.3274,cer,DoubleClick,Double Click,620,249,141.48,14154.31,None,N/A,
54.3369,cer,DoubleClick,Double Click,620,249,0.00,-14837.34,None,N/A,
54.3468,cer,DoubleClick,Double Click,620,250,101.07,10214.65,None,N/A,
54.3575,cer,DoubleClick,Double Click,621,250,93.74,-686.52,None,N/A,
54.3671,cer,DoubleClick,Double Click,621,251,104.16,1085.47,None,N/A,
54.3774,cer,DoubleClick,Double Click,622,252,136.44,3113.59,None,N/A,
54.3872,cer,DoubleClick,Double Click,622,253,102.22,-3497.74,None,N/A,
54.3970,cer,DoubleClick,Double Click,623,254,145.08,4396.53,None,N/A,
54.4070,cer,DoubleClick,Double Click,623,255,100.12,-4501.05,None,N/A,
54.4173,cer,DoubleClick,Double Click,624,256,136.51,3512.09,None,N/A,
54.4272,cer,DoubleClick,Double Click,624,256,0.00,-13782.16,None,N/A,
54.4370,cer,DoubleClick,Double Click,625,257,144.22,14708.20,None,N/A,
54.4478,cer,DoubleClick,Double Click,625,257,0.00,-13358.34,None,N/A,
54.4576,cer,DoubleClick,Double Click,625,257,0.00,0.00,None,N/A,
54.4674,cer,DoubleClick,Double Click,625,257,0.00,0.00,None,N/A,
54.4771,cer,DoubleClick,Double Click,626,257,102.83,10573.86,None,N/A,
54.4876,cer,DoubleClick,Double Click,626,256,95.46,-703.32,None,N/A,
54.4970,cer,DoubleClick,Double Click,626,256,0.00,-10191.30,None,N/A,
54.5078,cer,DoubleClick,Double Click,626,256,0.00,0.00,None,N/A,
54.5170,cer,DoubleClick,Double Click,626,256,0.00,0.00,None,N/A,
54.5271,cer,DoubleClick,Double Click,626,256,0.00,0.00,None,N/A,
54.5376,cer,DoubleClick,Double Click,626,256,0.00,0.00,None,N/A,
54.5474,cer,DoubleClick,Double Click,626,256,0.00,0.00,None,N/A,
54.5569,cer,DoubleClick,Double Click,626,256,0.00,0.00,None,N/A,
54.5678,cer,DoubleClick,Double Click,626,256,0.00,0.00,None,N/A,
54.5772,cer,DoubleClick,Double Click,626,256,0.00,0.00,None,N/A,
54.5877,cer,DoubleClick,Double Click,626,256,0.00,0.00,None,N/A,
54.5972,cer,DoubleClick,Double Click,626,256,0.00,0.00,None,N/A,
54.6077,cer,DoubleClick,Double Click,626,256,0.00,0.00,None,N/A,
54.6172,cer,DoubleClick,Double Click,626,256,0.00,0.00,None,N/A,
54.6276,cer,DoubleClick,Double Click,626,256,0.00,0.00,None,N/A,
54.6370,cer,DoubleClick,Double Click,626,256,0.00,0.00,None,N/A,
54.6474,cer,DoubleClick,Double Click,626,256,0.00,0.00,None,N/A,
54.6573,cer,DoubleClick,Double Click,626,256,0.00,0.00,None,N/A,
54.6681,cer,DoubleClick,Double Click,626,256,0.00,0.00,None,N/A,
54.6778,cer,DoubleClick,Double Click,626,256,0.00,0.00,None,N/A,
54.6874,cer,DoubleClick,Double Click,626,256,0.00,0.00,None,N/A,
54.6971,cer,DoubleClick,Double Click,626,256,0.00,0.00,None,N/A,
54.7069,cer,DoubleClick,Double Click,626,256,0.00,0.00,Left,N/A,
54.7178,cer,DoubleClick,Double Click,626,256,0.00,0.00,Left,N/A,
54.7273,cer,DoubleClick,Double Click,626,256,0.00,0.00,Left,N/A,
54.7378,cer,DoubleClick,Double Click,626,256,0.00,0.00,Left,N/A,
54.7478,cer,DoubleClick,Double Click,626,256,0.00,0.00,Left,N/A,
54.7574,cer,DoubleClick,Double Click,626,256,0.00,0.00,Left,N/A,
54.7669,cer,DoubleClick,Double Click,626,256,0.00,0.00,Left,N/A,
54.7774,cer,DoubleClick,Double Click,626,256,0.00,0.00,Left,N/A,
54.7878,cer,DoubleClick,Double Click,626,256,0.00,0.00,Left,N/A,
54.7974,cer,DoubleClick,Double Click,626,256,0.00,0.00,Left,N/A,
54.8079,cer,DoubleClick,Double Click,626,256,0.00,0.00,Left,N/A,
54.8173,cer,DoubleClick,Double Click,626,256,0.00,0.00,Left,N/A,
54.8269,cer,DoubleClick,Double Click,626,256,0.00,0.00,Left,N/A,
54.8374,cer,DoubleClick,Double Click,626,256,0.00,0.00,Left,N/A,
54.8469,cer,DoubleClick,Double Click,626,256,0.00,0.00,Left,N/A,
54.8489,cer,DoubleClick,Double Click,626,256,0.00,0.00,Left,N/A,double_click
54.8578,cer,DoubleClick,Double Click,626,256,0.00,0.00,Left,N/A,
54.8674,cer,DoubleClick,Double Click,626,256,0.00,0.00,Left,N/A,
54.8771,cer,DoubleClick,Double Click,626,256,0.00,0.00,Left,N/A,
54.8875,cer,DoubleClick,Double Click,626,256,0.00,0.00,Left,N/A,
54.8970,cer,DoubleClick,Double Click,626,256,0.00,0.00,Left,N/A,
54.9075,cer,DoubleClick,Double Click,626,256,0.00,0.00,Left,N/A,
54.9170,cer,DoubleClick,Double Click,626,256,0.00,0.00,Left,N/A,
54.9274,cer,DoubleClick,Double Click,626,256,0.00,0.00,Left,N/A,
54.9379,cer,DoubleClick,Double Click,626,256,0.00,0.00,Left,N/A,
54.9474,cer,DoubleClick,Double Click,626,256,0.00,0.00,Left,N/A,
54.9579,cer,DoubleClick,Double Click,626,256,0.00,0.00,Left,N/A,
54.9673,cer,DoubleClick,Double Click,626,256,0.00,0.00,Left,N/A,
54.9776,cer,DoubleClick,Double Click,626,256,0.00,0.00,Left,N/A,
54.9871,cer,DoubleClick,Double Click,626,256,0.00,0.00,Left,N/A,
54.9976,cer,DoubleClick,Double Click,626,256,0.00,0.00,Left,N/A,
55.0073,cer,DoubleClick,Double Click,626,256,0.00,0.00,Left,N/A,
55.0171,cer,DoubleClick,Double Click,626,256,0.00,0.00,Left,N/A,
55.0277,cer,DoubleClick,Double Click,626,256,0.00,0.00,Left,N/A,
55.0372,cer,DoubleClick,Double Click,626,256,0.00,0.00,None,N/A,
55.0477,cer,DoubleClick,Double Click,626,256,0.00,0.00,None,N/A,
55.0571,cer,DoubleClick,Double Click,626,256,0.00,0.00,None,N/A,
55.0677,cer,DoubleClick,Double Click,626,256,0.00,0.00,None,N/A,
55.0773,cer,DoubleClick,Double Click,626,256,0.00,0.00,None,N/A,
55.0878,cer,DoubleClick,Double Click,626,256,0.00,0.00,None,N/A,
55.0972,cer,DoubleClick,Double Click,626,256,0.00,0.00,None,N/A,
55.1077,cer,DoubleClick,Double Click,626,256,0.00,0.00,None,N/A,
55.1171,cer,DoubleClick,Double Click,626,256,0.00,0.00,None,N/A,
55.1275,cer,DoubleClick,Double Click,626,256,0.00,0.00,None,N/A,
55.1375,cer,DoubleClick,Double Click,626,256,0.00,0.00,None,N/A,
55.1472,cer,DoubleClick,Double Click,626,256,0.00,0.00,None,N/A,
55.1577,cer,DoubleClick,Double Click,626,256,0.00,0.00,None,N/A,
55.1672,cer,DoubleClick,Double Click,626,256,0.00,0.00,None,N/A,
55.1778,cer,DoubleClick,Double Click,626,256,0.00,0.00,None,N/A,
55.1869,cer,DoubleClick,Double Click,627,262,668.32,73428.15,None,N/A,
55.1972,cer,DoubleClick,Double Click,633,282,2020.38,130824.68,None,N/A,
55.2076,cer,DoubleClick,Double Click,637,295,1308.55,-68483.29,None,N/A,
55.2173,cer,DoubleClick,Double Click,642,308,1443.86,14026.67,None,N/A,
55.2270,cer,DoubleClick,Double Click,648,331,2428.68,100625.17,None,N/A,
55.2377,cer,DoubleClick,Double Click,650,340,862.49,-146517.42,None,N/A,
55.2477,cer,DoubleClick,Double Click,655,356,1688.95,83269.95,None,N/A,
55.2575,cer,DoubleClick,Double Click,657,363,737.22,-96377.07,None,N/A,
55.2672,cer,DoubleClick,Double Click,659,377,1469.72,76124.74,None,N/A,
55.2772,cer,DoubleClick,Double Click,660,383,603.17,-85927.60,None,N/A,
55.2869,cer,DoubleClick,Double Click,661,392,941.66,35199.48,None,N/A,
55.2977,cer,DoubleClick,Double Click,661,395,276.91,-61359.27,None,N/A,
55.3073,cer,DoubleClick,Double Click,661,400,518.79,25096.53,None,N/A,
55.3173,cer,DoubleClick,Double Click,661,403,301.62,-21834.20,None,N/A,
55.3272,cer,DoubleClick,Double Click,661,406,302.72,111.30,None,N/A,
55.3376,cer,DoubleClick,Double Click,661,410,383.58,7754.46,None,N/A,
55.3478,cer,DoubleClick,Double Click,661,412,195.78,-18384.19,None,N/A,
55.3575,cer,DoubleClick,Double Click,661,415,311.06,11953.11,None,N/A,
55.3674,cer,DoubleClick,Double Click,661,417,201.80,-11023.91,None,N/A,
55.3771,cer,DoubleClick,Double Click,661,419,206.24,457.40,None,N/A,
55.3878,cer,DoubleClick,Double Click,661,421,186.85,-1811.21,None,N/A,
55.3975,cer,DoubleClick,Double Click,661,423,206.77,2059.49,None,N/A,
55.4072,cer,DoubleClick,Double Click,660,424,145.43,-6308.07,None,N/A,
55.4168,cer,DoubleClick,Double Click,660,426,207.40,6426.31,None,N/A,
55.4273,cer,DoubleClick,Double Click,659,427,134.69,-6925.01,None,N/A,
55.4378,cer,DoubleClick,Double Click,658,429,213.10,7472.23,None,N/A,
55.4476,cer,DoubleClick,Double Click,658,430,102.05,-11332.67,None,N/A,
55.4575,cer,DoubleClick,Double Click,657,431,143.05,4146.88,None,N/A,
55.4672,cer,DoubleClick,Double Click,655,433,290.81,15192.32,None,N/A,
55.4772,cer,DoubleClick,Double Click,654,433,100.01,-19081.61,None,N/A,
55.4877,cer,DoubleClick,Double Click,651,435,343.91,23264.38,None,N/A,
55.4977,cer,DoubleClick,Double Click,650,435,100.16,-24413.72,None,N/A,
55.5075,cer,DoubleClick,Double Click,647,437,368.79,27477.53,None,N/A,
55.5171,cer,DoubleClick,Double Click,646,437,103.38,-27438.00,None,N/A,
55.5268,cer,DoubleClick,Double Click,644,439,292.34,19530.13,None,N/A,
55.5377,cer,DoubleClick,Double Click,642,439,183.31,-9992.94,None,N/A,
55.5472,cer,DoubleClick,Double Click,640,441,298.69,12184.62,None,N/A,
55.5572,cer,DoubleClick,Double Click,639,441,99.51,-19819.85,None,N/A,
55.5674,cer,DoubleClick,Double Click,638,442,139.69,3968.68,None,N/A,
55.5771,cer,DoubleClick,Double Click,637,443,144.65,508.02,None,N/A,
55.5879,cer,DoubleClick,Double Click,636,443,93.27,-4792.63,None,N/A,
55.5975,cer,DoubleClick,Double Click,636,444,103.63,1074.47,None,N/A,
55.6075,cer,DoubleClick,Double Click,635,444,100.19,-345.01,None,N/A,
55.6177,cer,DoubleClick,Double Click,635,444,0.00,-9863.68,None,N/A,
55.6272,cer,DoubleClick,Double Click,635,445,105.09,11044.76,None,N/A,
55.6375,cer,DoubleClick,Double Click,635,445,0.00,-10206.22,None,N/A,
55.6470,cer,DoubleClick,Double Click,635,445,0.00,0.00,None,N/A,
55.6574,cer,DoubleClick,Double Click,635,445,0.00,0.00,None,N/A,
55.6671,cer,DoubleClick,Double Click,635,446,103.09,10627.99,None,N/A,
55.6776,cer,DoubleClick,Double Click,635,446,0.00,-9840.02,None,N/A,
55.6871,cer,DoubleClick,Double Click,635,446,0.00,0.00,None,N/A,
55.6976,cer,DoubleClick,Double Click,635,446,0.00,0.00,None,N/A,
55.7072,cer,DoubleClick,Double Click,635,446,0.00,0.00,None,N/A,
55.7177,cer,DoubleClick,Double Click,635,446,0.00,0.00,None,N/A,
55.7273,cer,DoubleClick,Double Click,635,446,0.00,0.00,None,N/A,
55.7378,cer,DoubleClick,Double Click,635,446,0.00,0.00,None,N/A,
55.7474,cer,DoubleClick,Double Click,636,446,103.73,10759.29,None,N/A,
55.7569,cer,DoubleClick,Double Click,636,446,0.00,-10913.67,None,N/A,
55.7673,cer,DoubleClick,Double Click,636,446,0.00,0.00,None,N/A,
55.7779,cer,DoubleClick,Double Click,636,446,0.00,0.00,None,N/A,
55.7879,cer,DoubleClick,Double Click,636,446,0.00,0.00,None,N/A,
55.7981,cer,DoubleClick,Double Click,636,446,0.00,0.00,None,N/A,
55.8078,cer,DoubleClick,Double Click,636,446,0.00,0.00,None,N/A,
55.8177,cer,DoubleClick,Double Click,636,446,0.00,0.00,None,N/A,
55.8273,cer,DoubleClick,Double Click,636,446,0.00,0.00,None,N/A,
55.8378,cer,DoubleClick,Double Click,636,446,0.00,0.00,None,N/A,
55.8478,cer,DoubleClick,Double Click,636,446,0.00,0.00,None,N/A,
55.8574,cer,DoubleClick,Double Click,636,446,0.00,0.00,None,N/A,
55.8672,cer,DoubleClick,Double Click,636,446,0.00,0.00,None,N/A,
55.8778,cer,DoubleClick,Double Click,636,446,0.00,0.00,None,N/A,
55.8873,cer,DoubleClick,Double Click,636,446,0.00,0.00,None,N/A,
55.8977,cer,DoubleClick,Double Click,636,446,0.00,0.00,None,N/A,
55.9072,cer,DoubleClick,Double Click,636,446,0.00,0.00,None,N/A,
55.9176,cer,DoubleClick,Double Click,636,446,0.00,0.00,None,N/A,
55.9270,cer,DoubleClick,Double Click,636,446,0.00,0.00,None,N/A,
55.9375,cer,DoubleClick,Double Click,636,446,0.00,0.00,None,N/A,
55.9470,cer,DoubleClick,Double Click,636,446,0.00,0.00,None,N/A,
55.9574,cer,DoubleClick,Double Click,636,446,0.00,0.00,None,N/A,
55.9668,cer,DoubleClick,Double Click,636,446,0.00,0.00,None,N/A,
55.9772,cer,DoubleClick,Double Click,636,446,0.00,0.00,None,N/A,
55.9875,cer,DoubleClick,Double Click,636,446,0.00,0.00,None,N/A,
55.9972,cer,DoubleClick,Double Click,636,446,0.00,0.00,None,N/A,
56.0071,cer,DoubleClick,Double Click,637,445,143.80,14622.75,None,N/A,
56.0173,cer,DoubleClick,Double Click,637,445,0.00,-14102.06,None,N/A,
56.0278,cer,DoubleClick,Double Click,637,445,0.00,0.00,None,N/A,
56.0374,cer,DoubleClick,Double Click,637,445,0.00,0.00,None,N/A,
56.0469,cer,DoubleClick,Double Click,637,445,0.00,0.00,None,N/A,
56.0576,cer,DoubleClick,Double Click,637,445,0.00,0.00,None,N/A,
56.0678,cer,DoubleClick,Double Click,637,445,0.00,0.00,None,N/A,
56.0776,cer,DoubleClick,Double Click,638,446,144.32,14728.25,None,N/A,
56.0874,cer,DoubleClick,Double Click,638,446,0.00,-14738.29,None,N/A,
56.0971,cer,DoubleClick,Double Click,638,447,103.43,10696.76,None,N/A,
56.1070,cer,DoubleClick,Double Click,638,447,0.00,-10460.49,None,N/A,
56.1168,cer,DoubleClick,Double Click,638,448,101.74,10350.38,None,N/A,
56.1272,cer,DoubleClick,Double Click,638,448,0.00,-9790.19,None,N/A,
56.1373,cer,DoubleClick,Double Click,638,448,0.00,0.00,None,N/A,
56.1471,cer,DoubleClick,Double Click,638,448,0.00,0.00,None,N/A,
56.1570,cer,DoubleClick,Double Click,638,448,0.00,0.00,None,N/A,
56.1677,cer,DoubleClick,Double Click,639,449,131.56,12238.61,None,N/A,
56.1778,cer,DoubleClick,Double Click,639,449,0.00,-13024.65,None,N/A,
56.1875,cer,DoubleClick,Double Click,640,449,103.14,10638.45,None,N/A,
56.1972,cer,DoubleClick,Double Click,640,449,0.00,-10596.23,None,N/A,
56.2073,cer,DoubleClick,Double Click,641,449,99.75,9950.61,None,N/A,
56.2179,cer,DoubleClick,Double Click,641,449,0.00,-9389.65,None,N/A,
56.2277,cer,DoubleClick,Double Click,642,449,101.33,10268.03,None,N/A,
56.2373,cer,DoubleClick,Double Click,642,449,0.00,-10609.70,None,N/A,
56.2468,cer,DoubleClick,Double Click,642,449,0.00,0.00,None,N/A,
56.2576,cer,DoubleClick,Double Click,643,449,92.65,8583.42,None,N/A,
56.2674,cer,DoubleClick,Double Click,643,449,0.00,-9507.45,None,N/A,
56.2778,cer,DoubleClick,Double Click,643,449,0.00,0.00,None,N/A,
56.2874,cer,DoubleClick,Double Click,643,449,0.00,0.00,None,N/A,
56.2972,cer,DoubleClick,Double Click,643,449,0.00,0.00,None,N/A,
56.3078,cer,DoubleClick,Double Click,643,449,0.00,0.00,None,N/A,
56.3176,cer,DoubleClick,Double Click,643,448,102.95,10598.27,None,N/A,
56.3271,cer,DoubleClick,Double Click,643,448,0.00,-10823.01,None,N/A,
56.3376,cer,DoubleClick,Double Click,643,448,0.00,0.00,None,N/A,
56.3471,cer,DoubleClick,Double Click,643,448,0.00,0.00,None,N/A,
56.3578,cer,DoubleClick,Double Click,643,448,0.00,0.00,None,N/A,
56.3677,cer,DoubleClick,Double Click,643,448,0.00,0.00,None,N/A,
56.3771,cer,DoubleClick,Double Click,643,448,0.00,0.00,None,N/A,
56.3876,cer,DoubleClick,Double Click,643,448,0.00,0.00,None,N/A,
56.3972,cer,DoubleClick,Double Click,643,448,0.00,0.00,None,N/A,
56.4077,cer,DoubleClick,Double Click,643,448,0.00,0.00,None,N/A,
56.4174,cer,DoubleClick,Double Click,643,448,0.00,0.00,None,N/A,
56.4269,cer,DoubleClick,Double Click,643,448,0.00,0.00,None,N/A,
56.4374,cer,DoubleClick,Double Click,643,448,0.00,0.00,None,N/A,
56.4479,cer,DoubleClick,Double Click,643,448,0.00,0.00,None,N/A,
56.4575,cer,DoubleClick,Double Click,643,448,0.00,0.00,None,N/A,
56.4670,cer,DoubleClick,Double Click,643,448,0.00,0.00,None,N/A,
56.4774,cer,DoubleClick,Double Click,643,448,0.00,0.00,None,N/A,
56.4868,cer,DoubleClick,Double Click,643,448,0.00,0.00,None,N/A,
56.4972,cer,DoubleClick,Double Click,643,448,0.00,0.00,None,N/A,
56.5071,cer,DoubleClick,Double Click,643,448,0.00,0.00,Left,N/A,
56.5177,cer,DoubleClick,Double Click,643,448,0.00,0.00,Left,N/A,
56.5271,cer,DoubleClick,Double Click,643,448,0.00,0.00,Left,N/A,
56.5378,cer,DoubleClick,Double Click,643,448,0.00,0.00,Left,N/A,
56.5474,cer,DoubleClick,Double Click,643,448,0.00,0.00,Left,N/A,
56.5569,cer,DoubleClick,Double Click,643,448,0.00,0.00,Left,N/A,
56.5675,cer,DoubleClick,Double Click,643,448,0.00,0.00,Left,N/A,
56.5779,cer,DoubleClick,Double Click,643,448,0.00,0.00,Left,N/A,
56.5874,cer,DoubleClick,Double Click,643,448,0.00,0.00,Left,N/A,
56.5979,cer,DoubleClick,Double Click,643,448,0.00,0.00,Left,N/A,
56.6074,cer,DoubleClick,Double Click,643,448,0.00,0.00,Left,N/A,
56.6169,cer,DoubleClick,Double Click,643,448,0.00,0.00,Left,N/A,
56.6273,cer,DoubleClick,Double Click,643,448,0.00,0.00,Left,N/A,
56.6379,cer,DoubleClick,Double Click,643,448,0.00,0.00,Left,N/A,
56.6473,cer,DoubleClick,Double Click,643,448,0.00,0.00,Left,N/A,
56.6578,cer,DoubleClick,Double Click,643,448,0.00,0.00,Left,N/A,
56.6667,cer,DoubleClick,Double Click,643,448,0.00,0.00,Left,N/A,double_click
56.6696,cer,DoubleClick,Double Click,643,448,0.00,0.00,Left,N/A,
56.6775,cer,DoubleClick,Double Click,643,448,0.00,0.00,Left,N/A,
56.6870,cer,DoubleClick,Double Click,643,448,0.00,0.00,Left,N/A,
56.6976,cer,DoubleClick,Double Click,643,448,0.00,0.00,Left,N/A,
56.7071,cer,DoubleClick,Double Click,643,448,0.00,0.00,Left,N/A,
56.7177,cer,DoubleClick,Double Click,643,448,0.00,0.00,Left,N/A,
56.7272,cer,DoubleClick,Double Click,643,448,0.00,0.00,Left,N/A,
56.7378,cer,DoubleClick,Double Click,643,448,0.00,0.00,Left,N/A,
56.7473,cer,DoubleClick,Double Click,643,448,0.00,0.00,Left,N/A,
56.7578,cer,DoubleClick,Double Click,643,448,0.00,0.00,Left,N/A,
56.7678,cer,DoubleClick,Double Click,643,448,0.00,0.00,Left,N/A,
56.7775,cer,DoubleClick,Double Click,643,448,0.00,0.00,Left,N/A,
56.7876,cer,DoubleClick,Double Click,643,448,0.00,0.00,Left,N/A,
56.7976,cer,DoubleClick,Double Click,643,448,0.00,0.00,Left,N/A,
56.8073,cer,DoubleClick,Double Click,643,448,0.00,0.00,Left,N/A,
56.8179,cer,DoubleClick,Double Click,643,448,0.00,0.00,Left,N/A,
56.8274,cer,DoubleClick,Double Click,643,448,0.00,0.00,Left,N/A,
56.8369,cer,DoubleClick,Double Click,643,448,0.00,0.00,Left,N/A,
56.8477,cer,DoubleClick,Double Click,643,448,0.00,0.00,None,N/A,
56.8573,cer,DoubleClick,Double Click,643,448,0.00,0.00,None,N/A,
56.8671,cer,DoubleClick,Double Click,643,448,0.00,0.00,None,N/A,
56.8775,cer,DoubleClick,Double Click,643,448,0.00,0.00,None,N/A,
56.8870,cer,DoubleClick,Double Click,643,448,0.00,0.00,None,N/A,
56.8977,cer,DoubleClick,Double Click,643,448,0.00,0.00,None,N/A,
56.9072,cer,DoubleClick,Double Click,643,448,0.00,0.00,None,N/A,
56.9180,cer,DoubleClick,Double Click,643,448,0.00,0.00,None,N/A,
56.9276,cer,DoubleClick,Double Click,643,448,0.00,0.00,None,N/A,
56.9371,cer,DoubleClick,Double Click,643,448,0.00,0.00,None,N/A,
56.9476,cer,DoubleClick,Double Click,643,448,0.00,0.00,None,N/A,
56.9572,cer,DoubleClick,Double Click,643,448,0.00,0.00,None,N/A,
56.9676,cer,DoubleClick,Double Click,643,448,0.00,0.00,None,N/A,
56.9771,cer,DoubleClick,Double Click,643,448,0.00,0.00,None,N/A,
56.9876,cer,DoubleClick,Double Click,643,448,0.00,0.00,None,N/A,
56.9972,cer,DoubleClick,Double Click,643,448,0.00,0.00,None,N/A,
57.0077,cer,DoubleClick,Double Click,643,448,0.00,0.00,None,N/A,
57.0172,cer,DoubleClick,Double Click,643,448,0.00,0.00,None,N/A,
57.0277,cer,DoubleClick,Double Click,643,448,0.00,0.00,None,N/A,
57.0372,cer,DoubleClick,Double Click,643,448,0.00,0.00,None,N/A,
57.0478,cer,DoubleClick,Double Click,643,448,0.00,0.00,None,N/A,
57.0575,cer,DoubleClick,Double Click,643,448,0.00,0.00,None,N/A,
57.0671,cer,DoubleClick,Double Click,643,448,0.00,0.00,None,N/A,
57.0775,cer,DoubleClick,Double Click,643,448,0.00,0.00,None,N/A,
57.0870,cer,DoubleClick,Double Click,643,448,0.00,0.00,None,N/A,
57.0977,cer,DoubleClick,Double Click,643,448,0.00,0.00,None,N/A,
57.1072,cer,DoubleClick,Double Click,643,448,0.00,0.00,None,N/A,
57.1177,cer,DoubleClick,Double Click,643,448,0.00,0.00,None,N/A,
57.1270,cer,DoubleClick,Double Click,643,448,0.00,0.00,None,N/A,
57.1375,cer,DoubleClick,Double Click,643,448,0.00,0.00,None,N/A,
57.1471,cer,DoubleClick,Double Click,643,448,0.00,0.00,None,N/A,
57.1575,cer,DoubleClick,Double Click,643,448,0.00,0.00,None,N/A,
57.1669,cer,DoubleClick,Double Click,643,448,0.00,0.00,None,N/A,
57.1773,cer,DoubleClick,Double Click,643,448,0.00,0.00,None,N/A,
57.1878,cer,DoubleClick,Double Click,643,448,0.00,0.00,None,N/A,
57.1974,cer,DoubleClick,Double Click,643,448,0.00,0.00,None,N/A,
57.2078,cer,DoubleClick,Double Click,643,448,0.00,0.00,None,N/A,
57.2173,cer,DoubleClick,Double Click,643,448,0.00,0.00,None,N/A,
57.2277,cer,DoubleClick,Double Click,643,448,0.00,0.00,None,N/A,
57.2372,cer,DoubleClick,Double Click,643,448,0.00,0.00,None,N/A,
57.2478,cer,DoubleClick,Double Click,643,448,0.00,0.00,None,N/A,
57.2572,cer,DoubleClick,Double Click,643,448,0.00,0.00,None,N/A,
57.2677,cer,DoubleClick,Double Click,643,448,0.00,0.00,None,N/A,
57.2772,cer,DoubleClick,Double Click,643,448,0.00,0.00,None,N/A,
57.2877,cer,DoubleClick,Double Click,643,448,0.00,0.00,None,N/A,
57.2975,cer,DoubleClick,Double Click,643,448,0.00,0.00,None,N/A,
57.3069,cer,DoubleClick,Double Click,643,448,0.00,0.00,None,N/A,
57.3174,cer,DoubleClick,Double Click,643,448,0.00,0.00,None,N/A,
57.3278,cer,DoubleClick,Double Click,643,448,0.00,0.00,None,N/A,
57.3373,cer,DoubleClick,Double Click,643,448,0.00,0.00,None,N/A,
57.3478,cer,DoubleClick,Double Click,643,448,0.00,0.00,None,N/A,
57.3573,cer,DoubleClick,Double Click,643,448,0.00,0.00,None,N/A,
57.3677,cer,DoubleClick,Double Click,643,448,0.00,0.00,None,N/A,
57.3771,cer,DoubleClick,Double Click,643,448,0.00,0.00,None,N/A,
57.3878,cer,DoubleClick,Double Click,643,448,0.00,0.00,None,N/A,
57.3976,cer,DoubleClick,Double Click,643,448,0.00,0.00,None,N/A,
57.4071,cer,DoubleClick,Double Click,643,448,0.00,0.00,None,N/A,
57.4176,cer,DoubleClick,Double Click,643,448,0.00,0.00,None,N/A,
57.4272,cer,DoubleClick,Double Click,643,448,0.00,0.00,None,N/A,
57.4377,cer,DoubleClick,Double Click,643,448,0.00,0.00,None,N/A,
57.4473,cer,DoubleClick,Double Click,643,448,0.00,0.00,None,N/A,
57.4569,cer,DoubleClick,Double Click,643,448,0.00,0.00,None,N/A,
57.4674,cer,DoubleClick,Double Click,643,448,0.00,0.00,None,N/A,
57.4771,cer,DoubleClick,Double Click,643,448,0.00,0.00,None,N/A,
57.4875,cer,DoubleClick,Double Click,643,448,0.00,0.00,None,N/A,
57.4971,cer,DoubleClick,Double Click,643,448,0.00,0.00,None,N/A,
57.5076,cer,DoubleClick,Double Click,643,448,0.00,0.00,None,N/A,
57.5170,cer,DoubleClick,Double Click,643,448,0.00,0.00,None,N/A,
57.5276,cer,DoubleClick,Double Click,643,448,0.00,0.00,None,N/A,
57.5370,cer,DoubleClick,Double Click,643,448,0.00,0.00,None,N/A,
57.5479,cer,DoubleClick,Double Click,643,448,0.00,0.00,None,N/A,
57.5578,cer,DoubleClick,Double Click,643,448,0.00,0.00,None,N/A,
57.5676,cer,DoubleClick,Double Click,643,448,0.00,0.00,None,N/A,
57.5771,cer,DoubleClick,Double Click,643,448,0.00,0.00,None,N/A,
57.5877,cer,DoubleClick,Double Click,643,448,0.00,0.00,None,N/A,
57.5973,cer,DoubleClick,Double Click,643,448,0.00,0.00,None,N/A,
57.6077,cer,DoubleClick,Double Click,643,448,0.00,0.00,None,N/A,
57.6172,cer,DoubleClick,Double Click,643,448,0.00,0.00,None,N/A,
57.6276,cer,DoubleClick,Double Click,643,448,0.00,0.00,None,N/A,
57.6371,cer,DoubleClick,Double Click,643,448,0.00,0.00,None,N/A,
57.6479,cer,DoubleClick,Double Click,643,448,0.00,0.00,None,N/A,
57.6576,cer,DoubleClick,Double Click,643,448,0.00,0.00,None,N/A,
57.6671,cer,DoubleClick,Double Click,643,448,0.00,0.00,None,N/A,
57.6776,cer,DoubleClick,Double Click,643,448,0.00,0.00,None,N/A,
57.6872,cer,DoubleClick,Double Click,643,448,0.00,0.00,None,N/A,
57.6978,cer,DoubleClick,Double Click,643,448,0.00,0.00,None,N/A,
57.7075,cer,DoubleClick,Double Click,643,448,0.00,0.00,None,N/A,
57.7170,cer,DoubleClick,Double Click,643,448,0.00,0.00,None,N/A,
57.7277,cer,DoubleClick,Double Click,643,448,0.00,0.00,None,N/A,
57.7373,cer,DoubleClick,Double Click,643,448,0.00,0.00,None,N/A,
57.7468,cer,DoubleClick,Double Click,643,448,0.00,0.00,None,N/A,
57.7572,cer,DoubleClick,Double Click,643,448,0.00,0.00,None,N/A,
57.7681,cer,DoubleClick,Double Click,643,448,0.00,0.00,None,N/A,
57.7782,cer,DoubleClick,Double Click,643,448,0.00,0.00,None,N/A,
57.7869,cer,DoubleClick,Double Click,643,448,0.00,0.00,None,N/A,
57.7974,cer,DoubleClick,Double Click,643,448,0.00,0.00,None,N/A,
57.8071,cer,DoubleClick,Double Click,643,448,0.00,0.00,None,N/A,
57.8176,cer,DoubleClick,Double Click,643,448,0.00,0.00,None,N/A,
57.8271,cer,DoubleClick,Double Click,643,448,0.00,0.00,None,N/A,
57.8376,cer,DoubleClick,Double Click,643,448,0.00,0.00,None,N/A,
57.8471,cer,DoubleClick,Double Click,643,448,0.00,0.00,None,N/A,
57.8577,cer,DoubleClick,Double Click,643,448,0.00,0.00,None,N/A,
57.8672,cer,DoubleClick,Double Click,643,448,0.00,0.00,None,N/A,
57.8777,cer,DoubleClick,Double Click,643,448,0.00,0.00,None,N/A,
57.8872,cer,DoubleClick,Double Click,643,448,0.00,0.00,None,N/A,
57.8969,cer,DoubleClick,Double Click,643,448,0.00,0.00,None,N/A,
57.9074,cer,DoubleClick,Double Click,643,448,0.00,0.00,None,N/A,
57.9182,cer,DoubleClick,Double Click,643,448,0.00,0.00,None,N/A,
57.9278,cer,DoubleClick,Double Click,643,448,0.00,0.00,None,N/A,
57.9373,cer,DoubleClick,Double Click,643,448,0.00,0.00,None,N/A,
57.9478,cer,DoubleClick,Double Click,643,448,0.00,0.00,None,N/A,
57.9574,cer,DoubleClick,Double Click,643,448,0.00,0.00,None,N/A,
57.9678,cer,DoubleClick,Double Click,643,448,0.00,0.00,None,N/A,
57.9772,cer,DoubleClick,Double Click,643,448,0.00,0.00,None,N/A,
57.9877,cer,DoubleClick,Double Click,643,448,0.00,0.00,None,N/A,
57.9972,cer,DoubleClick,Double Click,643,448,0.00,0.00,None,N/A,
58.0077,cer,DoubleClick,Double Click,643,448,0.00,0.00,None,N/A,
58.0170,cer,DoubleClick,Double Click,643,448,0.00,0.00,None,N/A,
58.0273,cer,DoubleClick,Double Click,643,448,0.00,0.00,None,N/A,
58.0378,cer,DoubleClick,Double Click,643,448,0.00,0.00,None,N/A,
58.0473,cer,DoubleClick,Double Click,643,448,0.00,0.00,None,N/A,
58.0569,cer,DoubleClick,Double Click,643,448,0.00,0.00,None,N/A,
58.0673,cer,DoubleClick,Double Click,643,448,0.00,0.00,None,N/A,
58.0777,cer,DoubleClick,Double Click,643,448,0.00,0.00,None,N/A,
58.0872,cer,DoubleClick,Double Click,643,448,0.00,0.00,None,N/A,
58.0977,cer,DoubleClick,Double Click,643,448,0.00,0.00,None,N/A,
58.1072,cer,DoubleClick,Double Click,643,448,0.00,0.00,None,N/A,
58.1177,cer,DoubleClick,Double Click,643,448,0.00,0.00,None,N/A,
58.1271,cer,DoubleClick,Double Click,643,448,0.00,0.00,None,N/A,
58.1376,cer,DoubleClick,Double Click,643,448,0.00,0.00,None,N/A,
58.1472,cer,DoubleClick,Double Click,643,448,0.00,0.00,None,N/A,
58.1577,cer,DoubleClick,Double Click,643,448,0.00,0.00,None,N/A,
58.1671,cer,DoubleClick,Double Click,643,448,0.00,0.00,None,N/A,
58.1775,cer,DoubleClick,Double Click,643,448,0.00,0.00,None,N/A,
58.1871,cer,DoubleClick,Double Click,643,448,0.00,0.00,None,N/A,
58.1976,cer,DoubleClick,Double Click,643,448,0.00,0.00,None,N/A,
58.2072,cer,DoubleClick,Double Click,643,448,0.00,0.00,None,N/A,
58.2176,cer,DoubleClick,Double Click,643,448,0.00,0.00,None,N/A,
58.2270,cer,DoubleClick,Double Click,643,448,0.00,0.00,None,N/A,
58.2375,cer,DoubleClick,Double Click,643,448,0.00,0.00,None,N/A,
58.2471,cer,DoubleClick,Double Click,643,448,0.00,0.00,None,N/A,
58.2576,cer,DoubleClick,Double Click,643,448,0.00,0.00,None,N/A,
58.2670,cer,DoubleClick,Double Click,643,448,0.00,0.00,None,N/A,
58.2775,cer,DoubleClick,Double Click,643,448,0.00,0.00,None,N/A,
58.2869,cer,DoubleClick,Double Click,643,448,0.00,0.00,None,N/A,
58.2975,cer,DoubleClick,Double Click,643,448,0.00,0.00,None,N/A,
58.3069,cer,DoubleClick,Double Click,643,448,0.00,0.00,None,N/A,
58.3173,cer,DoubleClick,Double Click,643,448,0.00,0.00,None,N/A,
58.3277,cer,DoubleClick,Double Click,643,448,0.00,0.00,None,N/A,
58.3372,cer,DoubleClick,Double Click,643,448,0.00,0.00,None,N/A,
58.3477,cer,DoubleClick,Double Click,643,448,0.00,0.00,None,N/A,
58.3573,cer,DoubleClick,Double Click,643,448,0.00,0.00,None,N/A,
58.3678,cer,DoubleClick,Double Click,643,448,0.00,0.00,None,N/A,
58.3775,cer,DoubleClick,Double Click,643,448,0.00,0.00,None,N/A,
58.3870,cer,DoubleClick,Double Click,643,448,0.00,0.00,None,N/A,
58.3975,cer,DoubleClick,Double Click,643,448,0.00,0.00,None,N/A,
58.4070,cer,DoubleClick,Double Click,643,448,0.00,0.00,None,N/A,
58.4176,cer,DoubleClick,Double Click,643,448,0.00,0.00,None,N/A,
58.4271,cer,DoubleClick,Double Click,643,448,0.00,0.00,None,N/A,
58.4376,cer,DoubleClick,Double Click,643,448,0.00,0.00,None,N/A,
58.4472,cer,DoubleClick,Double Click,643,448,0.00,0.00,None,N/A,
58.4577,cer,DoubleClick,Double Click,643,448,0.00,0.00,None,N/A,
58.4671,cer,DoubleClick,Double Click,643,448,0.00,0.00,None,N/A,
58.4775,cer,DoubleClick,Double Click,643,448,0.00,0.00,None,N/A,
58.4870,cer,DoubleClick,Double Click,643,448,0.00,0.00,None,N/A,
58.4977,cer,DoubleClick,Double Click,643,448,0.00,0.00,None,N/A,
58.5072,cer,DoubleClick,Double Click,643,448,0.00,0.00,None,N/A,
58.5178,cer,DoubleClick,Double Click,643,448,0.00,0.00,None,N/A,
58.5274,cer,DoubleClick,Double Click,643,448,0.00,0.00,None,N/A,
58.5379,cer,DoubleClick,Double Click,643,448,0.00,0.00,None,N/A,
58.5475,cer,DoubleClick,Double Click,643,448,0.00,0.00,None,N/A,
58.5569,cer,DoubleClick,Double Click,643,448,0.00,0.00,None,N/A,
58.5676,cer,DoubleClick,Double Click,643,448,0.00,0.00,None,N/A,
58.5772,cer,DoubleClick,Double Click,643,448,0.00,0.00,None,N/A,
58.5880,cer,DoubleClick,Double Click,643,448,0.00,0.00,None,N/A,
58.5978,cer,DoubleClick,Double Click,643,448,0.00,0.00,None,N/A,
58.6074,cer,DoubleClick,Double Click,643,448,0.00,0.00,None,N/A,
58.6176,cer,DoubleClick,Double Click,643,448,0.00,0.00,None,N/A,
58.6270,cer,DoubleClick,Double Click,643,448,0.00,0.00,None,N/A,
58.6371,cer,DoubleClick,Double Click,643,448,0.00,0.00,None,N/A,
58.6477,cer,DoubleClick,Double Click,643,448,0.00,0.00,None,N/A,
58.6572,cer,DoubleClick,Double Click,643,448,0.00,0.00,None,N/A,
58.6670,cer,DoubleClick,Double Click,643,448,0.00,0.00,None,N/A,
58.6777,cer,DoubleClick,Double Click,643,448,0.00,0.00,None,N/A,
58.6895,cer,DoubleClick,Double Click,643,448,0.00,0.00,None,N/A,
58.6972,cer,DoubleClick,Double Click,643,448,0.00,0.00,None,N/A,
58.7077,cer,DoubleClick,Double Click,643,448,0.00,0.00,None,N/A,
58.7175,cer,DoubleClick,Double Click,643,448,0.00,0.00,None,N/A,
58.7271,cer,DoubleClick,Double Click,643,448,0.00,0.00,None,N/A,
58.7378,cer,DoubleClick,Double Click,643,448,0.00,0.00,None,N/A,
58.7474,cer,DoubleClick,Double Click,643,448,0.00,0.00,None,N/A,
58.7570,cer,DoubleClick,Double Click,643,448,0.00,0.00,None,N/A,
58.7674,cer,DoubleClick,Double Click,643,448,0.00,0.00,None,N/A,
58.7769,cer,DoubleClick,Double Click,643,448,0.00,0.00,None,N/A,
58.7875,cer,DoubleClick,Double Click,643,448,0.00,0.00,None,N/A,
58.7971,cer,DoubleClick,Double Click,643,448,0.00,0.00,None,N/A,
58.8077,cer,DoubleClick,Double Click,643,448,0.00,0.00,None,N/A,
58.8172,cer,DoubleClick,Double Click,643,448,0.00,0.00,None,N/A,
58.8278,cer,DoubleClick,Double Click,643,448,0.00,0.00,None,N/A,
58.8375,cer,DoubleClick,Double Click,643,448,0.00,0.00,None,N/A,
58.8470,cer,DoubleClick,Double Click,643,448,0.00,0.00,None,N/A,
58.8575,cer,DoubleClick,Double Click,643,448,0.00,0.00,None,N/A,
58.8669,cer,DoubleClick,Double Click,643,448,0.00,0.00,None,N/A,
58.8775,cer,DoubleClick,Double Click,643,448,0.00,0.00,None,N/A,
58.8870,cer,DoubleClick,Double Click,643,448,0.00,0.00,None,N/A,
58.8980,cer,DoubleClick,Double Click,643,448,0.00,0.00,None,N/A,
58.9077,cer,DoubleClick,Double Click,643,448,0.00,0.00,None,N/A,
58.9173,cer,DoubleClick,Double Click,643,448,0.00,0.00,None,N/A,
58.9279,cer,DoubleClick,Double Click,643,448,0.00,0.00,None,N/A,
58.9374,cer,DoubleClick,Double Click,643,448,0.00,0.00,None,N/A,
58.9470,cer,DoubleClick,Double Click,643,448,0.00,0.00,None,N/A,
58.9574,cer,DoubleClick,Double Click,643,448,0.00,0.00,None,N/A,
58.9668,cer,DoubleClick,Double Click,643,448,0.00,0.00,None,N/A,
58.9772,cer,DoubleClick,Double Click,643,448,0.00,0.00,None,N/A,
58.9878,cer,DoubleClick,Double Click,643,448,0.00,0.00,None,N/A,
58.9978,cer,DoubleClick,Double Click,643,448,0.00,0.00,None,N/A,
59.0072,cer,DoubleClick,Double Click,643,448,0.00,0.00,None,N/A,
59.0177,cer,DoubleClick,Double Click,643,448,0.00,0.00,None,N/A,
59.0270,cer,DoubleClick,Double Click,643,448,0.00,0.00,None,N/A,
59.0376,cer,DoubleClick,Double Click,643,448,0.00,0.00,None,N/A,
59.0471,cer,DoubleClick,Double Click,643,448,0.00,0.00,None,N/A,
59.0576,cer,DoubleClick,Double Click,643,448,0.00,0.00,None,N/A,
59.0671,cer,DoubleClick,Double Click,643,448,0.00,0.00,None,N/A,
59.0777,cer,DoubleClick,Double Click,643,448,0.00,0.00,None,N/A,
59.0872,cer,DoubleClick,Double Click,643,448,0.00,0.00,None,N/A,
59.0978,cer,DoubleClick,Double Click,643,448,0.00,0.00,None,N/A,
59.1073,cer,DoubleClick,Double Click,643,448,0.00,0.00,None,N/A,
59.1178,cer,DoubleClick,Double Click,643,448,0.00,0.00,None,N/A,
59.1273,cer,DoubleClick,Double Click,643,448,0.00,0.00,None,N/A,
59.1378,cer,DoubleClick,Double Click,643,448,0.00,0.00,None,N/A,
59.1474,cer,DoubleClick,Double Click,643,448,0.00,0.00,None,N/A,
59.1579,cer,DoubleClick,Double Click,643,448,0.00,0.00,None,N/A,
59.1673,cer,DoubleClick,Double Click,643,448,0.00,0.00,None,N/A,
59.1777,cer,DoubleClick,Double Click,643,448,0.00,0.00,None,N/A,
59.1872,cer,DoubleClick,Double Click,643,448,0.00,0.00,None,N/A,
59.1977,cer,DoubleClick,Double Click,643,448,0.00,0.00,None,N/A,
59.2072,cer,DoubleClick,Double Click,643,448,0.00,0.00,None,N/A,
59.2178,cer,DoubleClick,Double Click,643,448,0.00,0.00,None,N/A,
59.2273,cer,DoubleClick,Double Click,643,448,0.00,0.00,None,N/A,
59.2378,cer,DoubleClick,Double Click,643,448,0.00,0.00,None,N/A,
59.2469,cer,DoubleClick,Double Click,643,448,0.00,0.00,None,N/A,
59.2573,cer,DoubleClick,Double Click,643,448,0.00,0.00,None,N/A,
59.2677,cer,DoubleClick,Double Click,643,448,0.00,0.00,None,N/A,
59.2771,cer,DoubleClick,Double Click,643,448,0.00,0.00,None,N/A,
59.2876,cer,DoubleClick,Double Click,643,448,0.00,0.00,None,N/A,
59.2972,cer,DoubleClick,Double Click,643,448,0.00,0.00,None,N/A,
59.3077,cer,DoubleClick,Double Click,643,448,0.00,0.00,None,N/A,
59.3172,cer,DoubleClick,Double Click,643,448,0.00,0.00,None,N/A,
59.3276,cer,DoubleClick,Double Click,643,448,0.00,0.00,None,N/A,
59.3371,cer,DoubleClick,Double Click,643,448,0.00,0.00,None,N/A,
59.3477,cer,DoubleClick,Double Click,643,448,0.00,0.00,None,N/A,
59.3572,cer,DoubleClick,Double Click,643,448,0.00,0.00,None,N/A,
59.3680,cer,DoubleClick,Double Click,643,448,0.00,0.00,None,N/A,
59.3776,cer,DoubleClick,Double Click,643,448,0.00,0.00,None,N/A,
59.3871,cer,DoubleClick,Double Click,643,448,0.00,0.00,None,N/A,
59.3973,cer,DoubleClick,Double Click,643,448,0.00,0.00,None,N/A,
59.4069,cer,DoubleClick,Double Click,643,448,0.00,0.00,None,N/A,
59.4174,cer,DoubleClick,Double Click,643,448,0.00,0.00,None,N/A,
59.4279,cer,DoubleClick,Double Click,643,448,0.00,0.00,None,N/A,
59.4374,cer,DoubleClick,Double Click,643,448,0.00,0.00,None,N/A,
59.4469,cer,DoubleClick,Double Click,643,448,0.00,0.00,None,N/A,
59.4573,cer,DoubleClick,Double Click,643,448,0.00,0.00,None,N/A,
59.4678,cer,DoubleClick,Double Click,643,448,0.00,0.00,None,N/A,
59.4772,cer,DoubleClick,Double Click,643,448,0.00,0.00,None,N/A,
59.4877,cer,DoubleClick,Double Click,643,448,0.00,0.00,None,N/A,
59.4972,cer,DoubleClick,Double Click,643,448,0.00,0.00,None,N/A,
59.5077,cer,DoubleClick,Double Click,643,448,0.00,0.00,None,N/A,
59.5175,cer,DoubleClick,Double Click,643,448,0.00,0.00,None,N/A,
59.5271,cer,DoubleClick,Double Click,643,448,0.00,0.00,None,N/A,
59.5376,cer,DoubleClick,Double Click,643,448,0.00,0.00,None,N/A,
59.5472,cer,DoubleClick,Double Click,643,448,0.00,0.00,None,N/A,
59.5577,cer,DoubleClick,Double Click,643,448,0.00,0.00,None,N/A,
59.5672,cer,DoubleClick,Double Click,643,448,0.00,0.00,None,N/A,
59.5778,cer,DoubleClick,Double Click,643,448,0.00,0.00,None,N/A,
59.5874,cer,DoubleClick,Double Click,643,448,0.00,0.00,None,N/A,
59.5969,cer,DoubleClick,Double Click,643,448,0.00,0.00,None,N/A,
59.6075,cer,DoubleClick,Double Click,643,448,0.00,0.00,None,N/A,
59.6170,cer,DoubleClick,Double Click,643,448,0.00,0.00,None,N/A,
59.6280,cer,DoubleClick,Double Click,643,448,0.00,0.00,None,N/A,
59.6378,cer,DoubleClick,Double Click,643,448,0.00,0.00,None,N/A,
59.6476,cer,DoubleClick,Double Click,643,448,0.00,0.00,None,N/A,
59.6576,cer,DoubleClick,Double Click,643,448,0.00,0.00,None,N/A,
59.6675,cer,DoubleClick,Double Click,643,448,0.00,0.00,None,N/A,
59.6772,cer,DoubleClick,Double Click,643,448,0.00,0.00,None,N/A,
59.6878,cer,DoubleClick,Double Click,643,448,0.00,0.00,None,N/A,
59.6974,cer,DoubleClick,Double Click,643,448,0.00,0.00,None,N/A,
59.7070,cer,DoubleClick,Double Click,643,448,0.00,0.00,None,N/A,
59.7176,cer,DoubleClick,Double Click,643,448,0.00,0.00,None,N/A,
59.7271,cer,DoubleClick,Double Click,643,448,0.00,0.00,None,N/A,
59.7376,cer,DoubleClick,Double Click,643,448,0.00,0.00,None,N/A,
59.7471,cer,DoubleClick,Double Click,643,448,0.00,0.00,None,N/A,
59.7577,cer,DoubleClick,Double Click,643,448,0.00,0.00,None,N/A,
59.7672,cer,DoubleClick,Double Click,643,448,0.00,0.00,None,N/A,
59.7777,cer,DoubleClick,Double Click,643,448,0.00,0.00,None,N/A,
59.7872,cer,DoubleClick,Double Click,643,448,0.00,0.00,None,N/A,
59.7978,cer,DoubleClick,Double Click,643,448,0.00,0.00,None,N/A,
59.8078,cer,DoubleClick,Double Click,643,448,0.00,0.00,None,N/A,
59.8175,cer,DoubleClick,Double Click,643,448,0.00,0.00,None,N/A,
59.8270,cer,DoubleClick,Double Click,643,448,0.00,0.00,None,N/A,
59.8377,cer,DoubleClick,Double Click,643,448,0.00,0.00,None,N/A,
59.8472,cer,DoubleClick,Double Click,643,448,0.00,0.00,None,N/A,
59.8577,cer,DoubleClick,Double Click,643,448,0.00,0.00,None,N/A,
59.8671,cer,DoubleClick,Double Click,643,448,0.00,0.00,None,N/A,
59.8775,cer,DoubleClick,Double Click,643,448,0.00,0.00,None,N/A,
59.8869,cer,DoubleClick,Double Click,643,448,0.00,0.00,None,N/A,
59.8977,cer,DoubleClick,Double Click,643,448,0.00,0.00,None,N/A,
59.9072,cer,DoubleClick,Double Click,643,448,0.00,0.00,None,N/A,
59.9176,cer,DoubleClick,Double Click,643,448,0.00,0.00,None,N/A,
59.9272,cer,DoubleClick,Double Click,643,448,0.00,0.00,None,N/A,
59.9377,cer,DoubleClick,Double Click,643,448,0.00,0.00,None,N/A,
59.9473,cer,DoubleClick,Double Click,643,448,0.00,0.00,None,N/A,
59.9569,cer,DoubleClick,Double Click,643,448,0.00,0.00,None,N/A,
59.9674,cer,DoubleClick,Double Click,643,448,0.00,0.00,None,N/A,
59.9778,cer,DoubleClick,Double Click,643,448,0.00,0.00,None,N/A,
59.9874,cer,DoubleClick,Double Click,643,448,0.00,0.00,None,N/A,
59.9970,cer,DoubleClick,Double Click,643,448,0.00,0.00,None,N/A,
60.0075,cer,DoubleClick,Double Click,643,448,0.00,0.00,None,N/A,
60.0171,cer,DoubleClick,Double Click,643,448,0.00,0.00,None,N/A,
60.0276,cer,DoubleClick,Double Click,643,448,0.00,0.00,None,N/A,
60.0371,cer,DoubleClick,Double Click,643,448,0.00,0.00,None,N/A,
60.0477,cer,DoubleClick,Double Click,643,448,0.00,0.00,None,N/A,
60.0573,cer,DoubleClick,Double Click,643,448,0.00,0.00,None,N/A,
60.0677,cer,DoubleClick,Double Click,643,448,0.00,0.00,None,N/A,
60.0773,cer,DoubleClick,Double Click,643,448,0.00,0.00,None,N/A,
60.0878,cer,DoubleClick,Double Click,643,448,0.00,0.00,None,N/A,
60.0974,cer,DoubleClick,Double Click,643,448,0.00,0.00,None,N/A,
60.1069,cer,DoubleClick,Double Click,643,448,0.00,0.00,None,N/A,
60.1174,cer,DoubleClick,Double Click,643,448,0.00,0.00,None,N/A,
60.1269,cer,DoubleClick,Double Click,643,448,0.00,0.00,None,N/A,
60.1374,cer,DoubleClick,Double Click,643,448,0.00,0.00,None,N/A,
60.1470,cer,DoubleClick,Double Click,643,448,0.00,0.00,None,N/A,
60.1576,cer,DoubleClick,Double Click,643,448,0.00,0.00,None,N/A,
60.1670,cer,DoubleClick,Double Click,643,448,0.00,0.00,None,N/A,
60.1775,cer,DoubleClick,Double Click,643,448,0.00,0.00,None,N/A,
60.1870,cer,DoubleClick,Double Click,643,448,0.00,0.00,None,N/A,
60.1976,cer,DoubleClick,Double Click,643,448,0.00,0.00,None,N/A,
60.2071,cer,DoubleClick,Double Click,643,448,0.00,0.00,None,N/A,
60.2176,cer,DoubleClick,Double Click,643,448,0.00,0.00,None,N/A,
60.2270,cer,DoubleClick,Double Click,643,448,0.00,0.00,None,N/A,
60.2375,cer,DoubleClick,Double Click,643,448,0.00,0.00,None,N/A,
60.2471,cer,DoubleClick,Double Click,643,448,0.00,0.00,None,N/A,
60.2576,cer,DoubleClick,Double Click,643,448,0.00,0.00,None,N/A,
60.2671,cer,DoubleClick,Double Click,643,448,0.00,0.00,None,N/A,
60.2776,cer,DoubleClick,Double Click,643,448,0.00,0.00,None,N/A,
60.2870,cer,DoubleClick,Double Click,643,448,0.00,0.00,None,N/A,
60.2976,cer,DoubleClick,Double Click,643,448,0.00,0.00,None,N/A,
60.3073,cer,DoubleClick,Double Click,643,448,0.00,0.00,None,N/A,
60.3180,cer,DoubleClick,Double Click,643,448,0.00,0.00,None,N/A,
60.3277,cer,DoubleClick,Double Click,643,448,0.00,0.00,None,N/A,
60.3372,cer,DoubleClick,Double Click,643,448,0.00,0.00,None,N/A,
60.3477,cer,DoubleClick,Double Click,643,448,0.00,0.00,None,N/A,
60.3572,cer,DoubleClick,Double Click,643,448,0.00,0.00,None,N/A,
60.3677,cer,DoubleClick,Double Click,643,448,0.00,0.00,None,N/A,
60.3772,cer,DoubleClick,Double Click,643,448,0.00,0.00,None,N/A,
60.3877,cer,DoubleClick,Double Click,643,448,0.00,0.00,None,N/A,
60.3976,cer,DoubleClick,Double Click,643,448,0.00,0.00,None,N/A,
60.4071,cer,DoubleClick,Double Click,643,448,0.00,0.00,None,N/A,
60.4176,cer,DoubleClick,Double Click,643,448,0.00,0.00,None,N/A,
60.4270,cer,DoubleClick,Double Click,643,448,0.00,0.00,None,N/A,
60.4375,cer,DoubleClick,Double Click,643,448,0.00,0.00,None,N/A,
60.4471,cer,DoubleClick,Double Click,643,448,0.00,0.00,None,N/A,
60.4576,cer,DoubleClick,Double Click,643,448,0.00,0.00,None,N/A,
60.4671,cer,DoubleClick,Double Click,643,448,0.00,0.00,None,N/A,
60.4775,cer,DoubleClick,Double Click,643,448,0.00,0.00,None,N/A,
60.4870,cer,DoubleClick,Double Click,643,448,0.00,0.00,None,N/A,
60.4977,cer,DoubleClick,Double Click,643,448,0.00,0.00,None,N/A,
60.5072,cer,DoubleClick,Double Click,643,448,0.00,0.00,None,N/A,
60.5176,cer,DoubleClick,Double Click,643,448,0.00,0.00,None,N/A,
60.5270,cer,DoubleClick,Double Click,643,448,0.00,0.00,None,N/A,
60.5374,cer,DoubleClick,Double Click,643,448,0.00,0.00,None,N/A,
60.5477,cer,DoubleClick,Double Click,643,448,0.00,0.00,None,N/A,
60.5571,cer,DoubleClick,Double Click,643,448,0.00,0.00,None,N/A,
60.5676,cer,DoubleClick,Double Click,643,448,0.00,0.00,None,N/A,
60.5770,cer,DoubleClick,Double Click,643,448,0.00,0.00,None,N/A,
60.5877,cer,DoubleClick,Double Click,643,448,0.00,0.00,None,N/A,
60.5974,cer,DoubleClick,Double Click,643,448,0.00,0.00,None,N/A,
60.6073,cer,DoubleClick,Double Click,643,448,0.00,0.00,None,N/A,
60.6179,cer,DoubleClick,Double Click,643,448,0.00,0.00,None,N/A,
60.6278,cer,DoubleClick,Double Click,643,448,0.00,0.00,None,N/A,
60.6374,cer,DoubleClick,Double Click,643,448,0.00,0.00,None,N/A,
60.6483,cer,DoubleClick,Double Click,643,448,0.00,0.00,None,N/A,
60.6569,cer,DoubleClick,Double Click,643,448,0.00,0.00,None,N/A,
60.6674,cer,DoubleClick,Double Click,643,448,0.00,0.00,None,N/A,
60.6769,cer,DoubleClick,Double Click,643,448,0.00,0.00,None,N/A,
60.6875,cer,DoubleClick,Double Click,643,448,0.00,0.00,None,N/A,
60.6970,cer,DoubleClick,Double Click,643,448,0.00,0.00,None,N/A,
60.7075,cer,DoubleClick,Double Click,643,448,0.00,0.00,None,N/A,
60.7170,cer,DoubleClick,Double Click,643,448,0.00,0.00,None,N/A,
60.7275,cer,DoubleClick,Double Click,643,448,0.00,0.00,None,N/A,
60.7371,cer,DoubleClick,Double Click,643,448,0.00,0.00,None,N/A,
60.7482,cer,DoubleClick,Double Click,643,448,0.00,0.00,None,N/A,
60.7574,cer,DoubleClick,Double Click,643,448,0.00,0.00,None,N/A,
60.7675,cer,DoubleClick,Double Click,643,448,0.00,0.00,None,N/A,
60.7776,cer,DoubleClick,Double Click,643,448,0.00,0.00,None,N/A,
60.7872,cer,DoubleClick,Double Click,643,448,0.00,0.00,None,N/A,
60.7977,cer,DoubleClick,Double Click,643,448,0.00,0.00,None,N/A,
60.8078,cer,DoubleClick,Double Click,643,448,0.00,0.00,None,N/A,
60.8178,cer,DoubleClick,Double Click,643,448,0.00,0.00,None,N/A,
60.8274,cer,DoubleClick,Double Click,643,448,0.00,0.00,None,N/A,
60.8370,cer,DoubleClick,Double Click,643,448,0.00,0.00,None,N/A,
60.8476,cer,DoubleClick,Double Click,643,448,0.00,0.00,None,N/A,
60.8571,cer,DoubleClick,Double Click,643,448,0.00,0.00,None,N/A,
60.8676,cer,DoubleClick,Double Click,643,448,0.00,0.00,None,N/A,
60.8770,cer,DoubleClick,Double Click,643,448,0.00,0.00,None,N/A,
60.8875,cer,DoubleClick,Double Click,643,448,0.00,0.00,None,N/A,
60.8970,cer,DoubleClick,Double Click,643,448,0.00,0.00,None,N/A,
60.9075,cer,DoubleClick,Double Click,643,448,0.00,0.00,None,N/A,
60.9170,cer,DoubleClick,Double Click,643,448,0.00,0.00,None,N/A,
60.9276,cer,DoubleClick,Double Click,643,448,0.00,0.00,None,N/A,
60.9372,cer,DoubleClick,Double Click,643,448,0.00,0.00,None,N/A,
60.9480,cer,DoubleClick,Double Click,643,448,0.00,0.00,None,N/A,
60.9578,cer,DoubleClick,Double Click,643,448,0.00,0.00,None,N/A,
60.9672,cer,DoubleClick,Double Click,643,448,0.00,0.00,None,N/A,
60.9777,cer,DoubleClick,Double Click,643,448,0.00,0.00,None,N/A,
60.9871,cer,DoubleClick,Double Click,643,448,0.00,0.00,None,N/A,
60.9978,cer,DoubleClick,Double Click,643,448,0.00,0.00,None,N/A,
61.0074,cer,DoubleClick,Double Click,643,448,0.00,0.00,None,N/A,
61.0178,cer,DoubleClick,Double Click,643,448,0.00,0.00,None,N/A,
61.0272,cer,DoubleClick,Double Click,643,448,0.00,0.00,None,N/A,
61.0377,cer,DoubleClick,Double Click,643,448,0.00,0.00,None,N/A,
61.0472,cer,DoubleClick,Double Click,643,448,0.00,0.00,None,N/A,
61.0578,cer,DoubleClick,Double Click,643,448,0.00,0.00,None,N/A,
61.0672,cer,DoubleClick,Double Click,643,448,0.00,0.00,None,N/A,
61.0776,cer,DoubleClick,Double Click,643,448,0.00,0.00,None,N/A,
61.0871,cer,DoubleClick,Double Click,643,448,0.00,0.00,None,N/A,
61.0977,cer,DoubleClick,Double Click,643,448,0.00,0.00,None,N/A,
61.1072,cer,DoubleClick,Double Click,643,448,0.00,0.00,None,N/A,
61.1177,cer,DoubleClick,Double Click,643,448,0.00,0.00,None,N/A,
61.1271,cer,DoubleClick,Double Click,643,448,0.00,0.00,None,N/A,
61.1376,cer,DoubleClick,Double Click,643,448,0.00,0.00,None,N/A,
61.1477,cer,DoubleClick,Double Click,643,448,0.00,0.00,None,N/A,
61.1572,cer,DoubleClick,Double Click,643,448,0.00,0.00,None,N/A,
61.1676,cer,DoubleClick,Double Click,643,448,0.00,0.00,None,N/A,
61.1771,cer,DoubleClick,Double Click,643,448,0.00,0.00,None,N/A,
61.1876,cer,DoubleClick,Double Click,643,448,0.00,0.00,None,N/A,
61.1971,cer,DoubleClick,Double Click,643,448,0.00,0.00,None,N/A,
61.2076,cer,DoubleClick,Double Click,643,448,0.00,0.00,None,N/A,
61.2170,cer,DoubleClick,Double Click,643,448,0.00,0.00,None,N/A,
61.2273,cer,DoubleClick,Double Click,643,448,0.00,0.00,None,N/A,
61.2378,cer,DoubleClick,Double Click,643,448,0.00,0.00,None,N/A,
61.2476,cer,DoubleClick,Double Click,643,448,0.00,0.00,None,N/A,
61.2568,cer,DoubleClick,Double Click,626,443,1908.61,205575.06,None,N/A,
61.2672,cer,DoubleClick,Double Click,614,441,1174.39,-70877.70,None,N/A,
61.2771,cer,DoubleClick,Double Click,600,437,1471.21,29992.17,None,N/A,
61.2869,cer,DoubleClick,Double Click,594,436,620.68,-86787.43,None,N/A,
61.2976,cer,DoubleClick,Double Click,582,433,1156.86,50147.71,None,N/A,
61.3076,cer,DoubleClick,Double Click,577,432,507.54,-64631.59,None,N/A,
61.3171,cer,DoubleClick,Double Click,569,431,854.40,36758.73,None,N/A,
61.3272,cer,DoubleClick,Double Click,564,430,504.28,-34626.39,None,N/A,
61.3370,cer,DoubleClick,Double Click,560,430,406.44,-9940.74,None,N/A,
61.3477,cer,DoubleClick,Double Click,549,429,1039.55,59585.82,None,N/A,
61.3577,cer,DoubleClick,Double Click,544,429,498.87,-53945.94,None,N/A,
61.3670,cer,DoubleClick,Double Click,535,429,962.02,49506.69,None,N/A,
61.3773,cer,DoubleClick,Double Click,530,429,488.88,-46261.82,None,N/A,
61.3873,cer,DoubleClick,Double Click,521,428,905.13,41606.05,None,N/A,
61.3978,cer,DoubleClick,Double Click,515,428,571.96,-31759.78,None,N/A,
61.4074,cer,DoubleClick,Double Click,502,427,1346.67,80015.91,None,N/A,
61.4172,cer,DoubleClick,Double Click,496,426,623.19,-74122.19,None,N/A,
61.4269,cer,DoubleClick,Double Click,477,419,2087.97,151044.00,None,N/A,
61.4378,cer,DoubleClick,Double Click,466,413,1144.18,-86182.67,None,N/A,
61.4473,cer,DoubleClick,Double Click,453,405,1617.61,50170.47,None,N/A,
61.4578,cer,DoubleClick,Double Click,453,405,0.00,-154359.92,None,N/A,
61.4673,cer,DoubleClick,Double Click,453,405,0.00,0.00,None,N/A,
61.4778,cer,DoubleClick,Double Click,453,405,0.00,0.00,None,N/A,
61.4872,cer,DoubleClick,Double Click,453,405,0.00,0.00,None,N/A,
61.4978,cer,DoubleClick,Double Click,453,405,0.00,0.00,None,N/A,
61.5073,cer,DoubleClick,Double Click,453,405,0.00,0.00,None,N/A,
61.5177,cer,DoubleClick,Double Click,453,405,0.00,0.00,None,N/A,
61.5271,cer,DoubleClick,Double Click,453,405,0.00,0.00,None,N/A,
61.5377,cer,DoubleClick,Double Click,453,405,0.00,0.00,None,N/A,
61.5478,cer,DoubleClick,Double Click,453,405,0.00,0.00,None,N/A,
61.5571,cer,DoubleClick,Double Click,453,405,0.00,0.00,None,N/A,
61.5681,cer,DoubleClick,Double Click,453,405,0.00,0.00,None,N/A,
61.5777,cer,DoubleClick,Double Click,453,405,0.00,0.00,None,N/A,
61.5872,cer,DoubleClick,Double Click,453,405,0.00,0.00,None,N/A,
61.5978,cer,DoubleClick,Double Click,453,405,0.00,0.00,None,N/A,
61.6073,cer,DoubleClick,Double Click,453,405,0.00,0.00,None,N/A,
61.6169,cer,DoubleClick,Double Click,453,405,0.00,0.00,None,N/A,
61.6273,cer,DoubleClick,Double Click,453,405,0.00,0.00,None,N/A,
61.6378,cer,DoubleClick,Double Click,453,405,0.00,0.00,None,N/A,
61.6473,cer,DoubleClick,Double Click,453,405,0.00,0.00,None,N/A,
61.6578,cer,DoubleClick,Double Click,453,405,0.00,0.00,None,N/A,
61.6672,cer,DoubleClick,Double Click,453,405,0.00,0.00,None,N/A,
61.6776,cer,DoubleClick,Double Click,453,405,0.00,0.00,None,N/A,
61.6871,cer,DoubleClick,Double Click,453,405,0.00,0.00,None,N/A,
61.6976,cer,DoubleClick,Double Click,453,405,0.00,0.00,None,N/A,
61.7074,cer,DoubleClick,Double Click,449,406,423.17,43430.89,None,N/A,
61.7177,cer,DoubleClick,Double Click,438,406,1060.14,61389.34,None,N/A,
61.7270,cer,DoubleClick,Double Click,429,406,969.78,-9736.59,None,N/A,
61.7378,cer,DoubleClick,Double Click,405,404,2238.55,117932.61,None,N/A,
61.7475,cer,DoubleClick,Double Click,394,401,1177.52,-109578.02,None,N/A,
61.7574,cer,DoubleClick,Double Click,370,396,2477.76,131415.90,None,N/A,
61.7671,cer,DoubleClick,Double Click,359,393,1168.00,-134172.42,None,N/A,
61.7777,cer,DoubleClick,Double Click,347,389,1194.24,2478.01,None,N/A,
61.7872,cer,DoubleClick,Double Click,344,388,331.75,-90483.62,None,N/A,
61.7974,cer,DoubleClick,Double Click,340,386,439.71,10614.13,None,N/A,
61.8074,cer,DoubleClick,Double Click,338,386,199.43,-23959.30,None,N/A,
61.8172,cer,DoubleClick,Double Click,337,385,145.23,-5565.68,None,N/A,
61.8270,cer,DoubleClick,Double Click,335,384,228.39,8493.98,None,N/A,
61.8375,cer,DoubleClick,Double Click,335,384,0.00,-21763.22,None,N/A,
61.8470,cer,DoubleClick,Double Click,335,384,0.00,0.00,None,N/A,
61.8576,cer,DoubleClick,Double Click,335,384,0.00,0.00,None,N/A,
61.8671,cer,DoubleClick,Double Click,335,384,0.00,0.00,None,N/A,
61.8775,cer,DoubleClick,Double Click,335,384,0.00,0.00,None,N/A,
61.8870,cer,DoubleClick,Double Click,335,384,0.00,0.00,None,N/A,
61.8975,cer,DoubleClick,Double Click,335,384,0.00,0.00,None,N/A,
61.9069,cer,DoubleClick,Double Click,335,384,0.00,0.00,None,N/A,
61.9174,cer,DoubleClick,Double Click,335,384,0.00,0.00,None,N/A,
61.9278,cer,DoubleClick,Double Click,335,384,0.00,0.00,None,N/A,
61.9373,cer,DoubleClick,Double Click,335,384,0.00,0.00,None,N/A,
61.9469,cer,DoubleClick,Double Click,335,384,0.00,0.00,None,N/A,
61.9574,cer,DoubleClick,Double Click,335,384,0.00,0.00,None,N/A,
61.9669,cer,DoubleClick,Double Click,335,384,0.00,0.00,None,N/A,
61.9773,cer,DoubleClick,Double Click,335,384,0.00,0.00,None,N/A,
61.9879,cer,DoubleClick,Double Click,335,384,0.00,0.00,None,N/A,
61.9974,cer,DoubleClick,Double Click,335,384,0.00,0.00,None,N/A,
62.0079,cer,DoubleClick,Double Click,335,384,0.00,0.00,None,N/A,
62.0172,cer,DoubleClick,Double Click,335,384,0.00,0.00,None,N/A,
62.0276,cer,DoubleClick,Double Click,335,384,0.00,0.00,None,N/A,
62.0372,cer,DoubleClick,Double Click,335,384,0.00,0.00,None,N/A,
62.0478,cer,DoubleClick,Double Click,335,384,0.00,0.00,None,N/A,
62.0573,cer,DoubleClick,Double Click,335,384,0.00,0.00,None,N/A,
62.0669,cer,DoubleClick,Double Click,330,383,532.94,55701.66,None,N/A,
62.0774,cer,DoubleClick,Double Click,322,382,769.30,22554.15,None,N/A,
62.0876,cer,DoubleClick,Double Click,304,379,1777.41,98191.06,None,N/A,
62.0976,cer,DoubleClick,Double Click,299,377,541.03,-124215.47,None,N/A,
62.1073,cer,DoubleClick,Double Click,290,375,946.48,41623.99,None,N/A,
62.1171,cer,DoubleClick,Double Click,286,374,423.00,-53705.65,None,N/A,
62.1277,cer,DoubleClick,Double Click,278,372,774.21,32974.03,None,N/A,
62.1376,cer,DoubleClick,Double Click,274,371,415.96,-36142.22,None,N/A,
62.1470,cer,DoubleClick,Double Click,268,370,651.64,25247.90,None,N/A,
62.1575,cer,DoubleClick,Double Click,265,370,286.10,-34860.17,None,N/A,
62.1671,cer,DoubleClick,Double Click,263,369,232.83,-5546.82,None,N/A,
62.1778,cer,DoubleClick,Double Click,261,369,185.76,-4371.52,None,N/A,
62.1877,cer,DoubleClick,Double Click,259,369,202.02,1642.64,None,N/A,
62.1973,cer,DoubleClick,Double Click,258,369,103.97,-10194.58,None,N/A,
62.2074,cer,DoubleClick,Double Click,257,369,99.85,-411.04,None,N/A,
62.2177,cer,DoubleClick,Double Click,256,369,97.16,-261.40,None,N/A,
62.2278,cer,DoubleClick,Double Click,256,369,0.00,-9612.19,None,N/A,
62.2377,cer,DoubleClick,Double Click,255,369,101.05,10210.22,None,N/A,
62.2472,cer,DoubleClick,Double Click,255,369,0.00,-10628.09,None,N/A,
62.2571,cer,DoubleClick,Double Click,255,369,0.00,0.00,None,N/A,
62.2676,cer,DoubleClick,Double Click,255,369,0.00,0.00,None,N/A,
62.2770,cer,DoubleClick,Double Click,255,369,0.00,0.00,None,N/A,
62.2875,cer,DoubleClick,Double Click,255,369,0.00,0.00,None,N/A,
62.2975,cer,DoubleClick,Double Click,255,369,0.00,0.00,None,N/A,
62.3070,cer,DoubleClick,Double Click,255,369,0.00,0.00,None,N/A,
62.3174,cer,DoubleClick,Double Click,255,369,0.00,0.00,None,N/A,
62.3278,cer,DoubleClick,Double Click,255,369,0.00,0.00,None,N/A,
62.3376,cer,DoubleClick,Double Click,255,369,0.00,0.00,None,N/A,
62.3469,cer,DoubleClick,Double Click,255,369,0.00,0.00,None,N/A,
62.3574,cer,DoubleClick,Double Click,256,369,95.48,9115.85,None,N/A,
62.3677,cer,DoubleClick,Double Click,256,368,97.19,166.20,None,N/A,
62.3769,cer,DoubleClick,Double Click,257,368,109.17,1308.15,None,N/A,
62.3875,cer,DoubleClick,Double Click,258,368,94.34,-1399.14,None,N/A,
62.3974,cer,DoubleClick,Double Click,259,368,101.15,688.47,None,N/A,
62.4074,cer,DoubleClick,Double Click,259,367,99.27,-186.08,None,N/A,
62.4176,cer,DoubleClick,Double Click,260,367,98.33,-92.23,None,N/A,
62.4269,cer,DoubleClick,Double Click,260,367,0.00,-10563.18,None,N/A,
62.4378,cer,DoubleClick,Double Click,261,367,91.80,8427.83,None,N/A,
62.4476,cer,DoubleClick,Double Click,261,367,0.00,-9361.79,None,N/A,
62.4570,cer,DoubleClick,Double Click,261,367,0.00,0.00,None,N/A,
62.4675,cer,DoubleClick,Double Click,261,367,0.00,0.00,None,N/A,
62.4776,cer,DoubleClick,Double Click,261,367,0.00,0.00,None,N/A,
62.4871,cer,DoubleClick,Double Click,261,367,0.00,0.00,None,N/A,
62.4969,cer,DoubleClick,Double Click,261,367,0.00,0.00,None,N/A,
62.5073,cer,DoubleClick,Double Click,261,367,0.00,0.00,None,N/A,
62.5178,cer,DoubleClick,Double Click,261,367,0.00,0.00,None,N/A,
62.5274,cer,DoubleClick,Double Click,261,367,0.00,0.00,None,N/A,
62.5374,cer,DoubleClick,Double Click,261,367,0.00,0.00,None,N/A,
62.5470,cer,DoubleClick,Double Click,261,367,0.00,0.00,None,N/A,
62.5574,cer,DoubleClick,Double Click,261,367,0.00,0.00,None,N/A,
62.5669,cer,DoubleClick,Double Click,261,367,0.00,0.00,None,N/A,
62.5774,cer,DoubleClick,Double Click,261,367,0.00,0.00,None,N/A,
62.5869,cer,DoubleClick,Double Click,261,367,0.00,0.00,None,N/A,
62.5974,cer,DoubleClick,Double Click,261,367,0.00,0.00,None,N/A,
62.6070,cer,DoubleClick,Double Click,261,367,0.00,0.00,None,N/A,
62.6175,cer,DoubleClick,Double Click,261,367,0.00,0.00,None,N/A,
62.6271,cer,DoubleClick,Double Click,261,367,0.00,0.00,None,N/A,
62.6375,cer,DoubleClick,Double Click,261,367,0.00,0.00,None,N/A,
62.6470,cer,DoubleClick,Double Click,261,367,0.00,0.00,None,N/A,
62.6575,cer,DoubleClick,Double Click,261,367,0.00,0.00,None,N/A,
62.6673,cer,DoubleClick,Double Click,261,367,0.00,0.00,None,N/A,
62.6773,cer,DoubleClick,Double Click,260,367,100.86,10173.43,None,N/A,
62.6873,cer,DoubleClick,Double Click,260,367,0.00,-10058.77,None,N/A,
62.6976,cer,DoubleClick,Double Click,260,367,0.00,0.00,None,N/A,
62.7074,cer,DoubleClick,Double Click,259,367,102.63,10533.02,None,N/A,
62.7172,cer,DoubleClick,Double Click,259,367,0.00,-10408.23,None,N/A,
62.7269,cer,DoubleClick,Double Click,258,367,103.68,10749.71,None,N/A,
62.7373,cer,DoubleClick,Double Click,258,367,0.00,-9951.46,None,N/A,
62.7475,cer,DoubleClick,Double Click,257,367,98.25,9652.66,None,N/A,
62.7570,cer,DoubleClick,Double Click,257,367,0.00,-10249.77,None,N/A,
62.7676,cer,DoubleClick,Double Click,255,367,189.24,17905.79,None,N/A,
62.7769,cer,DoubleClick,Double Click,253,367,215.69,2852.53,None,N/A,
62.7869,cer,DoubleClick,Double Click,251,367,199.72,-1594.81,None,N/A,
62.7975,cer,DoubleClick,Double Click,249,368,211.41,1105.23,None,N/A,
62.8078,cer,DoubleClick,Double Click,247,368,193.54,-1728.81,None,N/A,
62.8171,cer,DoubleClick,Double Click,245,368,216.12,2439.23,None,N/A,
62.8276,cer,DoubleClick,Double Click,242,369,299.56,7904.25,None,N/A,
62.8371,cer,DoubleClick,Double Click,241,369,105.20,-20446.24,None,N/A,
62.8471,cer,DoubleClick,Double Click,239,370,225.17,12081.90,None,N/A,
62.8573,cer,DoubleClick,Double Click,238,370,97.30,-12442.27,None,N/A,
62.8670,cer,DoubleClick,Double Click,237,370,103.10,598.01,None,N/A,
62.8776,cer,DoubleClick,Double Click,236,370,94.55,-809.04,None,N/A,
62.8877,cer,DoubleClick,Double Click,235,370,99.33,475.27,None,N/A,
62.8970,cer,DoubleClick,Double Click,234,371,152.36,5712.48,None,N/A,
62.9079,cer,DoubleClick,Double Click,234,371,0.00,-13982.71,None,N/A,
62.9178,cer,DoubleClick,Double Click,233,371,100.59,10119.33,None,N/A,
62.9276,cer,DoubleClick,Double Click,233,371,0.00,-10270.33,None,N/A,
62.9375,cer,DoubleClick,Double Click,232,372,143.34,14527.50,None,N/A,
62.9471,cer,DoubleClick,Double Click,232,372,0.00,-14802.20,None,N/A,
62.9569,cer,DoubleClick,Double Click,231,372,102.92,10591.51,None,N/A,
62.9673,cer,DoubleClick,Double Click,231,372,0.00,-9823.56,None,N/A,
62.9776,cer,DoubleClick,Double Click,231,372,0.00,0.00,None,N/A,
62.9871,cer,DoubleClick,Double Click,231,372,0.00,0.00,None,N/A,
62.9969,cer,DoubleClick,Double Click,231,372,0.00,0.00,None,N/A,
63.0070,cer,DoubleClick,Double Click,231,372,0.00,0.00,None,N/A,
63.0176,cer,DoubleClick,Double Click,231,372,0.00,0.00,None,N/A,
63.0271,cer,DoubleClick,Double Click,231,372,0.00,0.00,None,N/A,
63.0376,cer,DoubleClick,Double Click,231,372,0.00,0.00,None,N/A,
63.0470,cer,DoubleClick,Double Click,231,372,0.00,0.00,None,N/A,
63.0574,cer,DoubleClick,Double Click,231,372,0.00,0.00,None,N/A,
63.0677,cer,DoubleClick,Double Click,231,372,0.00,0.00,None,N/A,
63.0773,cer,DoubleClick,Double Click,231,372,0.00,0.00,None,N/A,
63.0877,cer,DoubleClick,Double Click,231,372,0.00,0.00,None,N/A,
63.0972,cer,DoubleClick,Double Click,231,372,0.00,0.00,None,N/A,
63.1074,cer,DoubleClick,Double Click,231,372,0.00,0.00,None,N/A,
63.1177,cer,DoubleClick,Double Click,231,372,0.00,0.00,None,N/A,
63.1273,cer,DoubleClick,Double Click,231,372,0.00,0.00,None,N/A,
63.1373,cer,DoubleClick,Double Click,231,372,0.00,0.00,None,N/A,
63.1470,cer,DoubleClick,Double Click,231,372,0.00,0.00,None,N/A,
63.1574,cer,DoubleClick,Double Click,231,372,0.00,0.00,None,N/A,
63.1668,cer,DoubleClick,Double Click,231,372,0.00,0.00,None,N/A,
63.1772,cer,DoubleClick,Double Click,231,372,0.00,0.00,None,N/A,
63.1877,cer,DoubleClick,Double Click,231,372,0.00,0.00,None,N/A,
63.1972,cer,DoubleClick,Double Click,231,372,0.00,0.00,None,N/A,
63.2076,cer,DoubleClick,Double Click,231,372,0.00,0.00,None,N/A,
63.2171,cer,DoubleClick,Double Click,231,372,0.00,0.00,None,N/A,
63.2275,cer,DoubleClick,Double Click,231,372,0.00,0.00,None,N/A,
63.2370,cer,DoubleClick,Double Click,231,372,0.00,0.00,None,N/A,
63.2478,cer,DoubleClick,Double Click,231,372,0.00,0.00,None,N/A,
63.2572,cer,DoubleClick,Double Click,231,372,0.00,0.00,None,N/A,
63.2677,cer,DoubleClick,Double Click,231,372,0.00,0.00,None,N/A,
63.2772,cer,DoubleClick,Double Click,231,372,0.00,0.00,None,N/A,
63.2874,cer,DoubleClick,Double Click,231,372,0.00,0.00,None,N/A,
63.2973,cer,DoubleClick,Double Click,230,372,101.36,10272.99,None,N/A,
63.3078,cer,DoubleClick,Double Click,230,372,0.00,-9633.94,None,N/A,
63.3168,cer,DoubleClick,Double Click,229,372,110.99,12318.73,None,N/A,
63.3273,cer,DoubleClick,Double Click,229,372,0.00,-10592.63,None,N/A,
63.3378,cer,DoubleClick,Double Click,229,372,0.00,0.00,None,N/A,
63.3473,cer,DoubleClick,Double Click,229,372,0.00,0.00,None,N/A,
63.3570,cer,DoubleClick,Double Click,229,372,0.00,0.00,None,N/A,
63.3676,cer,DoubleClick,Double Click,229,372,0.00,0.00,None,N/A,
63.3776,cer,DoubleClick,Double Click,229,373,99.41,9882.80,None,N/A,
63.3873,cer,DoubleClick,Double Click,229,373,0.00,-10290.61,None,N/A,
63.3975,cer,DoubleClick,Double Click,229,373,0.00,0.00,None,N/A,
63.4070,cer,DoubleClick,Double Click,229,373,0.00,0.00,None,N/A,
63.4177,cer,DoubleClick,Double Click,229,373,0.00,0.00,None,N/A,
63.4272,cer,DoubleClick,Double Click,229,373,0.00,0.00,None,N/A,
63.4377,cer,DoubleClick,Double Click,229,373,0.00,0.00,None,N/A,
63.4471,cer,DoubleClick,Double Click,229,373,0.00,0.00,None,N/A,
63.4576,cer,DoubleClick,Double Click,229,373,0.00,0.00,None,N/A,
63.4670,cer,DoubleClick,Double Click,229,373,0.00,0.00,None,N/A,
63.4773,cer,DoubleClick,Double Click,229,373,0.00,0.00,None,N/A,
63.4879,cer,DoubleClick,Double Click,229,373,0.00,0.00,None,N/A,
63.4973,cer,DoubleClick,Double Click,229,373,0.00,0.00,None,N/A,
63.5077,cer,DoubleClick,Double Click,229,373,0.00,0.00,None,N/A,
63.5171,cer,DoubleClick,Double Click,229,373,0.00,0.00,None,N/A,
63.5276,cer,DoubleClick,Double Click,229,373,0.00,0.00,None,N/A,
63.5371,cer,DoubleClick,Double Click,229,373,0.00,0.00,None,N/A,
63.5471,cer,DoubleClick,Double Click,229,373,0.00,0.00,None,N/A,
63.5575,cer,DoubleClick,Double Click,229,373,0.00,0.00,None,N/A,
63.5670,cer,DoubleClick,Double Click,229,373,0.00,0.00,None,N/A,
63.5773,cer,DoubleClick,Double Click,229,373,0.00,0.00,None,N/A,
63.5878,cer,DoubleClick,Double Click,229,373,0.00,0.00,None,N/A,
63.5972,cer,DoubleClick,Double Click,229,373,0.00,0.00,None,N/A,
63.6077,cer,DoubleClick,Double Click,229,373,0.00,0.00,None,N/A,
63.6177,cer,DoubleClick,Double Click,228,373,100.02,10004.79,None,N/A,
63.6276,cer,DoubleClick,Double Click,228,373,0.00,-10107.47,None,N/A,
63.6372,cer,DoubleClick,Double Click,228,373,0.00,0.00,None,N/A,
63.6473,cer,DoubleClick,Double Click,227,373,98.82,9764.88,None,N/A,
63.6572,cer,DoubleClick,Double Click,225,374,224.10,12555.67,None,N/A,
63.6678,cer,DoubleClick,Double Click,223,374,189.90,-3246.88,None,N/A,
63.6769,cer,DoubleClick,Double Click,222,375,154.55,-3863.52,None,N/A,
63.6873,cer,DoubleClick,Double Click,218,375,384.89,22163.37,None,N/A,
63.6975,cer,DoubleClick,Double Click,217,376,139.48,-24204.00,None,N/A,
63.7070,cer,DoubleClick,Double Click,213,376,419.51,29369.31,None,N/A,
63.7169,cer,DoubleClick,Double Click,211,377,226.53,-19550.73,None,N/A,
63.7276,cer,DoubleClick,Double Click,207,377,373.92,13778.63,None,N/A,
63.7374,cer,DoubleClick,Double Click,205,377,203.29,-17344.06,None,N/A,
63.7477,cer,DoubleClick,Double Click,203,378,218.02,1436.52,None,N/A,
63.7570,cer,DoubleClick,Double Click,201,378,213.47,-486.42,None,N/A,
63.7671,cer,DoubleClick,Double Click,199,378,199.35,-1407.19,None,N/A,
63.7776,cer,DoubleClick,Double Click,198,378,94.50,-9908.22,None,N/A,
63.7870,cer,DoubleClick,Double Click,197,378,107.09,1348.83,None,N/A,
63.7973,cer,DoubleClick,Double Click,196,378,96.85,-992.01,None,N/A,
63.8075,cer,DoubleClick,Double Click,195,378,98.53,165.20,None,N/A,
63.8168,cer,DoubleClick,Double Click,194,378,106.69,871.20,None,N/A,
63.8279,cer,DoubleClick,Double Click,194,378,0.00,-9670.48,None,N/A,
63.8374,cer,DoubleClick,Double Click,193,378,105.31,11090.29,None,N/A,
63.8473,cer,DoubleClick,Double Click,193,378,0.00,-10638.34,None,N/A,
63.8578,cer,DoubleClick,Double Click,193,378,0.00,0.00,None,N/A,
63.8673,cer,DoubleClick,Double Click,193,378,0.00,0.00,None,N/A,
63.8778,cer,DoubleClick,Double Click,193,378,0.00,0.00,None,N/A,
63.8874,cer,DoubleClick,Double Click,193,378,0.00,0.00,None,N/A,
63.8978,cer,DoubleClick,Double Click,193,378,0.00,0.00,None,N/A,
63.9072,cer,DoubleClick,Double Click,193,378,0.00,0.00,None,N/A,
63.9177,cer,DoubleClick,Double Click,193,378,0.00,0.00,None,N/A,
63.9272,cer,DoubleClick,Double Click,193,378,0.00,0.00,None,N/A,
63.9377,cer,DoubleClick,Double Click,193,378,0.00,0.00,None,N/A,
63.9473,cer,DoubleClick,Double Click,193,378,0.00,0.00,None,N/A,
63.9571,cer,DoubleClick,Double Click,193,379,102.23,10451.03,None,N/A,
63.9675,cer,DoubleClick,Double Click,193,379,0.00,-9839.93,None,N/A,
63.9776,cer,DoubleClick,Double Click,193,380,98.40,9683.03,None,N/A,
63.9876,cer,DoubleClick,Double Click,194,383,315.92,21730.46,None,N/A,
63.9972,cer,DoubleClick,Double Click,194,386,314.26,-173.96,None,N/A,
64.0068,cer,DoubleClick,Double Click,197,392,695.43,39514.89,None,N/A,
64.0177,cer,DoubleClick,Double Click,198,395,290.94,-37214.21,None,N/A,
64.0270,cer,DoubleClick,Double Click,200,399,482.55,20673.85,None,N/A,
64.0373,cer,DoubleClick,Double Click,203,406,738.38,24803.64,None,N/A,
64.0471,cer,DoubleClick,Double Click,204,409,320.93,-42365.41,None,N/A,
64.0570,cer,DoubleClick,Double Click,205,415,617.78,30147.96,None,N/A,
64.0677,cer,DoubleClick,Double Click,206,417,208.40,-38153.90,None,N/A,
64.0775,cer,DoubleClick,Double Click,209,422,593.16,39140.69,None,N/A,
64.0876,cer,DoubleClick,Double Click,210,425,313.74,-27722.62,None,N/A,
64.0969,cer,DoubleClick,Double Click,214,432,869.81,59991.83,None,N/A,
64.1072,cer,DoubleClick,Double Click,215,435,306.62,-54607.96,None,N/A,
64.1174,cer,DoubleClick,Double Click,218,440,573.73,26281.18,None,N/A,
64.1277,cer,DoubleClick,Double Click,219,442,215.37,-34515.27,None,N/A,
64.1385,cer,DoubleClick,Double Click,221,445,334.72,11079.63,None,N/A,
64.1475,cer,DoubleClick,Double Click,221,447,222.54,-12481.49,None,N/A,
64.1587,cer,DoubleClick,Double Click,223,449,252.88,2712.53,None,N/A,
64.1677,cer,DoubleClick,Double Click,223,450,110.67,-15738.82,None,N/A,
64.1777,cer,DoubleClick,Double Click,223,451,100.16,-1052.73,None,N/A,
64.1869,cer,DoubleClick,Double Click,224,452,153.92,5851.80,None,N/A,
64.1972,cer,DoubleClick,Double Click,224,453,97.25,-5511.60,None,N/A,
64.2079,cer,DoubleClick,Double Click,225,453,93.57,-343.92,None,N/A,
64.2171,cer,DoubleClick,Double Click,225,454,108.23,1586.69,None,N/A,
64.2275,cer,DoubleClick,Double Click,226,454,96.37,-1143.02,None,N/A,
64.2375,cer,DoubleClick,Double Click,226,455,99.66,327.25,None,N/A,
64.2472,cer,DoubleClick,Double Click,226,455,0.00,-10288.11,None,N/A,
64.2569,cer,DoubleClick,Double Click,226,455,0.00,0.00,None,N/A,
64.2673,cer,DoubleClick,Double Click,226,455,0.00,0.00,None,N/A,
64.2774,cer,DoubleClick,Double Click,226,455,0.00,0.00,None,N/A,
64.2880,cer,DoubleClick,Double Click,226,455,0.00,0.00,None,N/A,
64.2971,cer,DoubleClick,Double Click,226,455,0.00,0.00,None,N/A,
64.3071,cer,DoubleClick,Double Click,226,455,0.00,0.00,None,N/A,
64.3195,cer,DoubleClick,Double Click,226,455,0.00,0.00,None,N/A,
64.3274,cer,DoubleClick,Double Click,226,455,0.00,0.00,None,N/A,
64.3376,cer,DoubleClick,Double Click,226,455,0.00,0.00,None,N/A,
64.3469,cer,DoubleClick,Double Click,226,455,0.00,0.00,None,N/A,
64.3575,cer,DoubleClick,Double Click,226,455,0.00,0.00,None,N/A,
64.3669,cer,DoubleClick,Double Click,226,455,0.00,0.00,None,N/A,
64.3771,cer,DoubleClick,Double Click,226,455,0.00,0.00,None,N/A,
64.3873,cer,DoubleClick,Double Click,226,455,0.00,0.00,None,N/A,
64.3977,cer,DoubleClick,Double Click,226,455,0.00,0.00,None,N/A,
64.4071,cer,DoubleClick,Double Click,226,455,0.00,0.00,None,N/A,
64.4177,cer,DoubleClick,Double Click,226,455,0.00,0.00,None,N/A,
64.4274,cer,DoubleClick,Double Click,225,454,145.18,14903.24,None,N/A,
64.4371,cer,DoubleClick,Double Click,225,454,0.00,-14984.66,None,N/A,
64.4478,cer,DoubleClick,Double Click,224,453,132.21,12359.48,None,N/A,
64.4571,cer,DoubleClick,Double Click,223,453,107.48,-2657.98,None,N/A,
64.4674,cer,DoubleClick,Double Click,222,452,137.24,2888.62,None,N/A,
64.4772,cer,DoubleClick,Double Click,222,452,0.00,-13967.75,None,N/A,
64.4870,cer,DoubleClick,Double Click,221,451,144.78,14821.87,None,N/A,
64.4978,cer,DoubleClick,Double Click,221,451,0.00,-13422.60,None,N/A,
64.5075,cer,DoubleClick,Double Click,221,451,0.00,0.00,None,N/A,
64.5176,cer,DoubleClick,Double Click,220,451,98.65,9731.37,None,N/A,
64.5275,cer,DoubleClick,Double Click,220,451,0.00,-10014.97,None,N/A,
64.5371,cer,DoubleClick,Double Click,220,451,0.00,0.00,None,N/A,
64.5476,cer,DoubleClick,Double Click,220,451,0.00,0.00,None,N/A,
64.5577,cer,DoubleClick,Double Click,220,451,0.00,0.00,None,N/A,
64.5671,cer,DoubleClick,Double Click,220,451,0.00,0.00,None,N/A,
64.5771,cer,DoubleClick,Double Click,220,451,0.00,0.00,None,N/A,
64.5876,cer,DoubleClick,Double Click,219,451,95.88,9193.12,None,N/A,
64.5968,cer,DoubleClick,Double Click,219,450,108.09,1319.97,None,N/A,
64.6070,cer,DoubleClick,Double Click,218,450,98.69,-927.75,None,N/A,
64.6174,cer,DoubleClick,Double Click,218,450,0.00,-9411.87,None,N/A,
64.6270,cer,DoubleClick,Double Click,218,450,0.00,0.00,None,N/A,
64.6376,cer,DoubleClick,Double Click,218,450,0.00,0.00,None,N/A,
64.6475,cer,DoubleClick,Double Click,218,450,0.00,0.00,None,N/A,
64.6570,cer,DoubleClick,Double Click,218,450,0.00,0.00,None,N/A,
64.6675,cer,DoubleClick,Double Click,218,450,0.00,0.00,None,N/A,
64.6772,cer,DoubleClick,Double Click,218,450,0.00,0.00,None,N/A,
64.6878,cer,DoubleClick,Double Click,218,450,0.00,0.00,None,N/A,
64.6974,cer,DoubleClick,Double Click,218,450,0.00,0.00,None,N/A,
64.7069,cer,DoubleClick,Double Click,218,450,0.00,0.00,None,N/A,
64.7174,cer,DoubleClick,Double Click,218,450,0.00,0.00,None,N/A,
64.7269,cer,DoubleClick,Double Click,218,450,0.00,0.00,None,N/A,
64.7375,cer,DoubleClick,Double Click,218,450,0.00,0.00,None,N/A,
64.7470,cer,DoubleClick,Double Click,218,450,0.00,0.00,None,N/A,
64.7575,cer,DoubleClick,Double Click,218,450,0.00,0.00,None,N/A,
64.7669,cer,DoubleClick,Double Click,218,450,0.00,0.00,None,N/A,
64.7773,cer,DoubleClick,Double Click,218,450,0.00,0.00,None,N/A,
64.7877,cer,DoubleClick,Double Click,218,450,0.00,0.00,None,N/A,
64.7972,cer,DoubleClick,Double Click,218,450,0.00,0.00,None,N/A,
64.8082,cer,DoubleClick,Double Click,218,450,0.00,0.00,None,N/A,
64.8169,cer,DoubleClick,Double Click,218,450,0.00,0.00,None,N/A,
64.8278,cer,DoubleClick,Double Click,218,450,0.00,0.00,Left,N/A,
64.8374,cer,DoubleClick,Double Click,218,450,0.00,0.00,Left,N/A,
64.8470,cer,DoubleClick,Double Click,218,450,0.00,0.00,Left,N/A,
64.8576,cer,DoubleClick,Double Click,218,450,0.00,0.00,Left,N/A,
64.8670,cer,DoubleClick,Double Click,218,450,0.00,0.00,Left,N/A,
64.8776,cer,DoubleClick,Double Click,218,450,0.00,0.00,Left,N/A,
64.8871,cer,DoubleClick,Double Click,218,450,0.00,0.00,Left,N/A,
64.8978,cer,DoubleClick,Double Click,218,450,0.00,0.00,Left,N/A,
64.9072,cer,DoubleClick,Double Click,218,450,0.00,0.00,Left,N/A,
64.9179,cer,DoubleClick,Double Click,218,450,0.00,0.00,Left,N/A,
64.9270,cer,DoubleClick,Double Click,218,450,0.00,0.00,Left,N/A,
64.9375,cer,DoubleClick,Double Click,218,450,0.00,0.00,Left,N/A,
64.9474,cer,DoubleClick,Double Click,218,450,0.00,0.00,Left,N/A,
64.9569,cer,DoubleClick,Double Click,218,450,0.00,0.00,Left,N/A,
64.9674,cer,DoubleClick,Double Click,218,450,0.00,0.00,Left,N/A,
64.9770,cer,DoubleClick,Double Click,218,450,0.00,0.00,Left,N/A,
64.9876,cer,DoubleClick,Double Click,218,450,0.00,0.00,Left,N/A,
64.9971,cer,DoubleClick,Double Click,218,450,0.00,0.00,Left,N/A,
65.0078,cer,DoubleClick,Double Click,218,450,0.00,0.00,None,N/A,
65.0172,cer,DoubleClick,Double Click,218,450,0.00,0.00,None,N/A,
65.0276,cer,DoubleClick,Double Click,218,450,0.00,0.00,None,N/A,
65.0370,cer,DoubleClick,Double Click,218,450,0.00,0.00,None,N/A,
65.0471,cer,DoubleClick,Double Click,218,450,0.00,0.00,None,N/A,
65.0575,cer,DoubleClick,Double Click,218,450,0.00,0.00,None,N/A,
65.0671,cer,DoubleClick,Double Click,218,450,0.00,0.00,None,N/A,
65.0779,cer,DoubleClick,Double Click,218,450,0.00,0.00,None,N/A,
65.0873,cer,DoubleClick,Double Click,218,450,0.00,0.00,None,N/A,
65.0978,cer,DoubleClick,Double Click,218,450,0.00,0.00,None,N/A,
65.1073,cer,DoubleClick,Double Click,218,450,0.00,0.00,None,N/A,
65.1177,cer,DoubleClick,Double Click,218,450,0.00,0.00,None,N/A,
65.1273,cer,DoubleClick,Double Click,218,450,0.00,0.00,None,N/A,
65.1375,cer,DoubleClick,Double Click,218,450,0.00,0.00,None,N/A,
65.1471,cer,DoubleClick,Double Click,218,450,0.00,0.00,None,N/A,
65.1577,cer,DoubleClick,Double Click,218,450,0.00,0.00,None,N/A,
65.1675,cer,DoubleClick,Double Click,218,450,0.00,0.00,None,N/A,
65.1771,cer,DoubleClick,Double Click,218,450,0.00,0.00,None,N/A,
65.1876,cer,DoubleClick,Double Click,218,450,0.00,0.00,None,N/A,
65.1971,cer,DoubleClick,Double Click,218,450,0.00,0.00,None,N/A,
65.2075,cer,DoubleClick,Double Click,218,450,0.00,0.00,None,N/A,
65.2173,cer,DoubleClick,Double Click,218,450,0.00,0.00,None,N/A,
65.2270,cer,DoubleClick,Double Click,218,450,0.00,0.00,None,N/A,
65.2375,cer,DoubleClick,Double Click,218,450,0.00,0.00,None,N/A,
65.2470,cer,DoubleClick,Double Click,218,450,0.00,0.00,None,N/A,
65.2574,cer,DoubleClick,Double Click,218,450,0.00,0.00,None,N/A,
65.2669,cer,DoubleClick,Double Click,218,450,0.00,0.00,None,N/A,
65.2774,cer,DoubleClick,Double Click,218,450,0.00,0.00,None,N/A,
65.2879,cer,DoubleClick,Double Click,218,450,0.00,0.00,None,N/A,
65.2973,cer,DoubleClick,Double Click,218,450,0.00,0.00,None,N/A,
65.3078,cer,DoubleClick,Double Click,218,450,0.00,0.00,None,N/A,
65.3172,cer,DoubleClick,Double Click,218,450,0.00,0.00,None,N/A,
65.3278,cer,DoubleClick,Double Click,218,450,0.00,0.00,None,N/A,
65.3372,cer,DoubleClick,Double Click,218,450,0.00,0.00,None,N/A,
65.3477,cer,DoubleClick,Double Click,218,450,0.00,0.00,None,N/A,
65.3571,cer,DoubleClick,Double Click,218,450,0.00,0.00,None,N/A,
65.3675,cer,DoubleClick,Double Click,218,450,0.00,0.00,None,N/A,
65.3770,cer,DoubleClick,Double Click,218,450,0.00,0.00,None,N/A,
65.3877,cer,DoubleClick,Double Click,218,450,0.00,0.00,None,N/A,
65.3972,cer,DoubleClick,Double Click,218,450,0.00,0.00,None,N/A,
65.4077,cer,DoubleClick,Double Click,218,450,0.00,0.00,None,N/A,
65.4172,cer,DoubleClick,Double Click,218,450,0.00,0.00,None,N/A,
65.4279,cer,DoubleClick,Double Click,218,450,0.00,0.00,None,N/A,
65.4373,cer,DoubleClick,Double Click,218,450,0.00,0.00,None,N/A,
65.4468,cer,DoubleClick,Double Click,218,450,0.00,0.00,None,N/A,
65.4575,cer,DoubleClick,Double Click,218,450,0.00,0.00,Left,N/A,
65.4670,cer,DoubleClick,Double Click,218,450,0.00,0.00,Left,N/A,
65.4775,cer,DoubleClick,Double Click,218,450,0.00,0.00,Left,N/A,
65.4871,cer,DoubleClick,Double Click,218,450,0.00,0.00,Left,N/A,
65.4976,cer,DoubleClick,Double Click,218,450,0.00,0.00,Left,N/A,
65.5070,cer,DoubleClick,Double Click,218,450,0.00,0.00,Left,N/A,
65.5175,cer,DoubleClick,Double Click,218,450,0.00,0.00,Left,N/A,
65.5270,cer,DoubleClick,Double Click,218,450,0.00,0.00,Left,N/A,
65.5375,cer,DoubleClick,Double Click,218,450,0.00,0.00,Left,N/A,
65.5471,cer,DoubleClick,Double Click,218,450,0.00,0.00,Left,N/A,
65.5575,cer,DoubleClick,Double Click,218,450,0.00,0.00,Left,N/A,
65.5670,cer,DoubleClick,Double Click,218,450,0.00,0.00,Left,N/A,
65.5774,cer,DoubleClick,Double Click,218,450,0.00,0.00,Left,N/A,
65.5869,cer,DoubleClick,Double Click,218,450,0.00,0.00,Left,N/A,
65.5974,cer,DoubleClick,Double Click,218,450,0.00,0.00,Left,N/A,
65.6072,cer,DoubleClick,Double Click,218,450,0.00,0.00,Left,N/A,
65.6176,cer,DoubleClick,Double Click,218,450,0.00,0.00,Left,N/A,
65.6271,cer,DoubleClick,Double Click,218,450,0.00,0.00,Left,N/A,
65.6376,cer,DoubleClick,Double Click,218,450,0.00,0.00,Left,N/A,
65.6471,cer,DoubleClick,Double Click,218,450,0.00,0.00,Left,N/A,
65.6482,cer,DoubleClick,Double Click,218,450,0.00,0.00,Left,N/A,double_click
