Time,ParticipantID,Task,Label,X,Y,Velocity,Acceleration,ButtonState,ActiveWindow,Event
65.7505,cer,MenuSelection,Menu Selection,218,450,0.00,0.00,Left,N/A,
65.7609,cer,MenuSelection,Menu Selection,218,450,0.00,0.00,Left,N/A,
65.7714,cer,MenuSelection,Menu Selection,218,450,0.00,0.00,Left,N/A,
65.7809,cer,MenuSelection,Menu Selection,218,450,0.00,0.00,Left,N/A,
65.7915,cer,MenuSelection,Menu Selection,218,450,0.00,0.00,Left,N/A,
65.8010,cer,MenuSelection,Menu Selection,218,450,0.00,0.00,Left,N/A,
65.8115,cer,MenuSelection,Menu Selection,218,450,0.00,0.00,Left,N/A,
65.8215,cer,MenuSelection,Menu Selection,218,450,0.00,0.00,Left,N/A,
65.8312,cer,MenuSelection,Menu Selection,218,450,0.00,0.00,None,N/A,
65.8413,cer,MenuSelection,Menu Selection,218,450,0.00,0.00,None,N/A,
65.8509,cer,MenuSelection,Menu Selection,218,450,0.00,0.00,None,N/A,
65.8614,cer,MenuSelection,Menu Selection,218,450,0.00,0.00,None,N/A,
65.8709,cer,MenuSelection,Menu Selection,218,450,0.00,0.00,None,N/A,
65.8813,cer,MenuSelection,Menu Selection,218,450,0.00,0.00,None,N/A,
65.8907,cer,MenuSelection,Menu Selection,218,450,0.00,0.00,None,N/A,
65.9012,cer,MenuSelection,Menu Selection,218,450,0.00,0.00,None,N/A,
65.9108,cer,MenuSelection,Menu Selection,218,450,0.00,0.00,None,N/A,
65.9214,cer,MenuSelection,Menu Selection,218,450,0.00,0.00,None,N/A,
65.9309,cer,MenuSelection,Menu Selection,218,450,0.00,0.00,None,N/A,
65.9414,cer,MenuSelection,Menu Selection,218,450,0.00,0.00,None,N/A,
65.9510,cer,MenuSelection,Menu Selection,218,450,0.00,0.00,None,N/A,
65.9606,cer,MenuSelection,Menu Selection,218,450,0.00,0.00,None,N/A,
65.9711,cer,MenuSelection,Menu Selection,218,450,0.00,0.00,None,N/A,
65.9806,cer,MenuSelection,Menu Selection,218,450,0.00,0.00,None,N/A,
65.9911,cer,MenuSelection,Menu Selection,218,450,0.00,0.00,None,N/A,
66.0006,cer,MenuSelection,Menu Selection,218,450,0.00,0.00,None,N/A,
66.0112,cer,MenuSelection,Menu Selection,218,450,0.00,0.00,None,N/A,
66.0207,cer,MenuSelection,Menu Selection,218,450,0.00,0.00,None,N/A,
66.0313,cer,MenuSelection,Menu Selection,218,450,0.00,0.00,None,N/A,
66.0409,cer,MenuSelection,Menu Selection,218,450,0.00,0.00,None,N/A,
66.0514,cer,MenuSelection,Menu Selection,218,450,0.00,0.00,None,N/A,
66.0609,cer,MenuSelection,Menu Selection,218,450,0.00,0.00,None,N/A,
66.0714,cer,MenuSelection,Menu Selection,218,450,0.00,0.00,None,N/A,
66.0809,cer,MenuSelection,Menu Selection,218,450,0.00,0.00,None,N/A,
66.0912,cer,MenuSelection,Menu Selection,218,450,0.00,0.00,None,N/A,
66.1008,cer,MenuSelection,Menu Selection,218,450,0.00,0.00,None,N/A,
66.1112,cer,MenuSelection,Menu Selection,218,450,0.00,0.00,None,N/A,
66.1214,cer,MenuSelection,Menu Selection,229,446,1157.75,114516.07,None,N/A,
66.1310,cer,MenuSelection,Menu Selection,237,442,926.71,-23937.66,None,N/A,
66.1407,cer,MenuSelection,Menu Selection,261,430,2769.45,190192.13,None,N/A,
66.1507,cer,MenuSelection,Menu Selection,274,422,1530.34,-124228.30,None,N/A,
66.1607,cer,MenuSelection,Menu Selection,288,413,1667.75,13769.61,None,N/A,
66.1714,cer,MenuSelection,Menu Selection,318,389,3583.43,178681.56,None,N/A,
66.1811,cer,MenuSelection,Menu Selection,332,379,1771.05,-186567.25,None,N/A,
66.1909,cer,MenuSelection,Menu Selection,353,360,2877.66,112446.01,None,N/A,
66.2007,cer,MenuSelection,Menu Selection,364,349,1592.23,-131566.49,None,N/A,
66.2115,cer,MenuSelection,Menu Selection,384,329,2627.58,96183.45,None,N/A,
66.2208,cer,MenuSelection,Menu Selection,392,321,1210.48,-151619.31,None,N/A,
66.2315,cer,MenuSelection,Menu Selection,405,305,1933.88,67860.63,None,N/A,
66.2410,cer,MenuSelection,Menu Selection,411,298,971.43,-101410.23,None,N/A,
66.2507,cer,MenuSelection,Menu Selection,419,288,1314.05,35157.23,None,N/A,
66.2615,cer,MenuSelection,Menu Selection,422,284,464.62,-78932.81,None,N/A,
66.2711,cer,MenuSelection,Menu Selection,426,278,749.00,29538.61,None,N/A,
66.2812,cer,MenuSelection,Menu Selection,427,276,220.24,-52079.76,None,N/A,
66.2911,cer,MenuSelection,Menu Selection,429,275,227.53,742.10,None,N/A,
66.3015,cer,MenuSelection,Menu Selection,431,272,344.22,11139.88,None,N/A,
66.3107,cer,MenuSelection,Menu Selection,432,271,155.31,-20745.71,None,N/A,
66.3214,cer,MenuSelection,Menu Selection,433,269,208.44,4953.42,None,N/A,
66.3310,cer,MenuSelection,Menu Selection,433,268,104.51,-10862.19,None,N/A,
66.3408,cer,MenuSelection,Menu Selection,434,267,144.08,4031.15,None,N/A,
66.3514,cer,MenuSelection,Menu Selection,434,267,0.00,-13558.82,None,N/A,
66.3612,cer,MenuSelection,Menu Selection,435,266,144.55,14775.67,None,N/A,
66.3711,cer,MenuSelection,Menu Selection,435,266,0.00,-14630.91,None,N/A,
66.3806,cer,MenuSelection,Menu Selection,435,265,105.09,11044.21,None,N/A,
66.3909,cer,MenuSelection,Menu Selection,435,264,96.62,-818.84,None,N/A,
66.4015,cer,MenuSelection,Menu Selection,435,263,94.43,-206.82,None,N/A,
66.4115,cer,MenuSelection,Menu Selection,435,262,100.44,604.39,None,N/A,
66.4212,cer,MenuSelection,Menu Selection,435,261,103.09,272.56,None,N/A,
66.4308,cer,MenuSelection,Menu Selection,435,257,413.42,32073.59,None,N/A,
66.4411,cer,MenuSelection,Menu Selection,435,255,195.02,-21295.67,None,N/A,
66.4510,cer,MenuSelection,Menu Selection,434,250,514.70,32269.32,None,N/A,
66.4614,cer,MenuSelection,Menu Selection,434,246,385.28,-12465.50,None,N/A,
66.4713,cer,MenuSelection,Menu Selection,432,237,934.03,55592.49,None,N/A,
66.4810,cer,MenuSelection,Menu Selection,431,233,423.57,-52439.49,None,N/A,
66.4905,cer,MenuSelection,Menu Selection,430,228,535.18,11714.11,None,N/A,
66.5007,cer,MenuSelection,Menu Selection,430,226,196.63,-33284.45,None,N/A,
66.5109,cer,MenuSelection,Menu Selection,429,224,218.10,2093.66,None,N/A,
66.5213,cer,MenuSelection,Menu Selection,429,223,96.32,-11729.47,None,N/A,
66.5312,cer,MenuSelection,Menu Selection,429,222,101.24,497.32,None,N/A,
66.5406,cer,MenuSelection,Menu Selection,429,222,0.00,-10773.73,None,N/A,
66.5510,cer,MenuSelection,Menu Selection,429,222,0.00,0.00,None,N/A,
66.5616,cer,MenuSelection,Menu Selection,429,222,0.00,0.00,None,N/A,
66.5710,cer,MenuSelection,Menu Selection,429,222,0.00,0.00,None,N/A,
66.5814,cer,MenuSelection,Menu Selection,429,222,0.00,0.00,None,N/A,
66.5908,cer,MenuSelection,Menu Selection,429,222,0.00,0.00,None,N/A,
66.6013,cer,MenuSelection,Menu Selection,429,222,0.00,0.00,None,N/A,
66.6108,cer,MenuSelection,Menu Selection,429,222,0.00,0.00,None,N/A,
66.6216,cer,MenuSelection,Menu Selection,429,222,0.00,0.00,None,N/A,
66.6313,cer,MenuSelection,Menu Selection,429,222,0.00,0.00,None,N/A,
66.6412,cer,MenuSelection,Menu Selection,429,222,0.00,0.00,None,N/A,
66.6508,cer,MenuSelection,Menu Selection,429,222,0.00,0.00,None,N/A,
66.6614,cer,MenuSelection,Menu Selection,429,222,0.00,0.00,None,N/A,
66.6710,cer,MenuSelection,Menu Selection,429,222,0.00,0.00,None,N/A,
66.6815,cer,MenuSelection,Menu Selection,429,222,0.00,0.00,None,N/A,
66.6911,cer,MenuSelection,Menu Selection,429,222,0.00,0.00,None,N/A,
66.7015,cer,MenuSelection,Menu Selection,429,222,0.00,0.00,None,N/A,
66.7110,cer,MenuSelection,Menu Selection,429,222,0.00,0.00,None,N/A,
66.7215,cer,MenuSelection,Menu Selection,429,222,0.00,0.00,None,N/A,
66.7310,cer,MenuSelection,Menu Selection,429,222,0.00,0.00,None,N/A,
66.7418,cer,MenuSelection,Menu Selection,429,222,0.00,0.00,None,N/A,
66.7513,cer,MenuSelection,Menu Selection,429,222,0.00,0.00,None,N/A,
66.7608,cer,MenuSelection,Menu Selection,429,222,0.00,0.00,None,N/A,
66.7715,cer,MenuSelection,Menu Selection,429,222,0.00,0.00,None,N/A,
66.7812,cer,MenuSelection,Menu Selection,429,222,0.00,0.00,None,N/A,
66.7908,cer,MenuSelection,Menu Selection,429,222,0.00,0.00,None,N/A,
66.8006,cer,MenuSelection,Menu Selection,429,220,203.79,20765.18,None,N/A,
66.8114,cer,MenuSelection,Menu Selection,428,218,207.86,378.56,None,N/A,
66.8211,cer,MenuSelection,Menu Selection,428,214,412.65,21126.81,None,N/A,
66.8320,cer,MenuSelection,Menu Selection,428,212,183.03,-21013.99,None,N/A,
66.8405,cer,MenuSelection,Menu Selection,428,209,351.41,19722.94,None,N/A,
66.8506,cer,MenuSelection,Menu Selection,428,208,99.18,-25015.67,None,N/A,
66.8609,cer,MenuSelection,Menu Selection,428,205,292.34,18823.12,None,N/A,
66.8712,cer,MenuSelection,Menu Selection,428,204,96.50,-18898.65,None,N/A,
66.8809,cer,MenuSelection,Menu Selection,428,203,103.96,775.58,None,N/A,
66.8907,cer,MenuSelection,Menu Selection,428,201,202.31,9947.86,None,N/A,
66.9015,cer,MenuSelection,Menu Selection,428,201,0.00,-18858.36,None,N/A,
66.9113,cer,MenuSelection,Menu Selection,428,199,203.01,20605.69,None,N/A,
66.9209,cer,MenuSelection,Menu Selection,428,199,0.00,-21175.01,None,N/A,
66.9308,cer,MenuSelection,Menu Selection,428,199,0.00,0.00,None,N/A,
66.9409,cer,MenuSelection,Menu Selection,428,198,99.19,9838.91,None,N/A,
66.9511,cer,MenuSelection,Menu Selection,428,198,0.00,-9704.43,None,N/A,
66.9611,cer,MenuSelection,Menu Selection,428,198,0.00,0.00,None,N/A,
66.9712,cer,MenuSelection,Menu Selection,428,197,98.97,9795.31,None,N/A,
66.9807,cer,MenuSelection,Menu Selection,428,197,0.00,-10463.43,None,N/A,
66.9911,cer,MenuSelection,Menu Selection,428,197,0.00,0.00,None,N/A,
67.0006,cer,MenuSelection,Menu Selection,428,197,0.00,0.00,None,N/A,
67.0111,cer,MenuSelection,Menu Selection,428,197,0.00,0.00,None,N/A,
67.0209,cer,MenuSelection,Menu Selection,428,197,0.00,0.00,None,N/A,
67.0314,cer,MenuSelection,Menu Selection,428,197,0.00,0.00,None,N/A,
67.0415,cer,MenuSelection,Menu Selection,428,197,0.00,0.00,None,N/A,
67.0509,cer,MenuSelection,Menu Selection,428,197,0.00,0.00,None,N/A,
67.0615,cer,MenuSelection,Menu Selection,428,197,0.00,0.00,None,N/A,
67.0710,cer,MenuSelection,Menu Selection,428,197,0.00,0.00,None,N/A,
67.0808,cer,MenuSelection,Menu Selection,428,197,0.00,0.00,None,N/A,
67.0914,cer,MenuSelection,Menu Selection,428,197,0.00,0.00,None,N/A,
67.1009,cer,MenuSelection,Menu Selection,428,197,0.00,0.00,None,N/A,
67.1113,cer,MenuSelection,Menu Selection,428,197,0.00,0.00,None,N/A,
67.1208,cer,MenuSelection,Menu Selection,428,197,0.00,0.00,None,N/A,
67.1312,cer,MenuSelection,Menu Selection,428,197,0.00,0.00,None,N/A,
67.1406,cer,MenuSelection,Menu Selection,428,197,0.00,0.00,None,N/A,
67.1516,cer,MenuSelection,Menu Selection,428,196,90.82,8248.85,None,N/A,
67.1612,cer,MenuSelection,Menu Selection,428,196,0.00,-9487.45,None,N/A,
67.1709,cer,MenuSelection,Menu Selection,428,196,0.00,0.00,None,N/A,
67.1813,cer,MenuSelection,Menu Selection,428,196,0.00,0.00,None,N/A,
67.1907,cer,MenuSelection,Menu Selection,428,196,0.00,0.00,None,N/A,
67.2013,cer,MenuSelection,Menu Selection,428,196,0.00,0.00,None,N/A,
67.2109,cer,MenuSelection,Menu Selection,428,196,0.00,0.00,None,N/A,
67.2213,cer,MenuSelection,Menu Selection,428,196,0.00,0.00,None,N/A,
67.2308,cer,MenuSelection,Menu Selection,428,196,0.00,0.00,None,N/A,
67.2413,cer,MenuSelection,Menu Selection,428,196,0.00,0.00,None,N/A,
67.2507,cer,MenuSelection,Menu Selection,428,196,0.00,0.00,None,N/A,
67.2612,cer,MenuSelection,Menu Selection,428,196,0.00,0.00,None,N/A,
67.2709,cer,MenuSelection,Menu Selection,428,196,0.00,0.00,None,N/A,
67.2814,cer,MenuSelection,Menu Selection,428,196,0.00,0.00,None,N/A,
67.2910,cer,MenuSelection,Menu Selection,428,196,0.00,0.00,None,N/A,
67.3015,cer,MenuSelection,Menu Selection,428,196,0.00,0.00,None,N/A,
67.3111,cer,MenuSelection,Menu Selection,428,196,0.00,0.00,None,N/A,
67.3206,cer,MenuSelection,Menu Selection,428,196,0.00,0.00,None,N/A,
67.3310,cer,MenuSelection,Menu Selection,428,196,0.00,0.00,None,N/A,
67.3412,cer,MenuSelection,Menu Selection,428,196,0.00,0.00,None,N/A,
67.3512,cer,MenuSelection,Menu Selection,428,196,0.00,0.00,None,N/A,
67.3613,cer,MenuSelection,Menu Selection,429,197,140.48,13953.90,None,N/A,
67.3710,cer,MenuSelection,Menu Selection,429,197,0.00,-14456.14,None,N/A,
67.3814,cer,MenuSelection,Menu Selection,429,197,0.00,0.00,None,N/A,
67.3910,cer,MenuSelection,Menu Selection,429,197,0.00,0.00,None,N/A,
67.4012,cer,MenuSelection,Menu Selection,429,197,0.00,0.00,None,N/A,
67.4110,cer,MenuSelection,Menu Selection,429,197,0.00,0.00,None,N/A,
67.4209,cer,MenuSelection,Menu Selection,430,197,100.22,10043.07,None,N/A,
67.4314,cer,MenuSelection,Menu Selection,430,197,0.00,-9623.66,None,N/A,
67.4414,cer,MenuSelection,Menu Selection,430,197,0.00,0.00,None,N/A,
67.4510,cer,MenuSelection,Menu Selection,431,197,104.17,10851.41,None,N/A,
67.4613,cer,MenuSelection,Menu Selection,432,196,137.24,3209.19,None,N/A,
67.4710,cer,MenuSelection,Menu Selection,432,196,0.00,-14133.06,None,N/A,
67.4808,cer,MenuSelection,Menu Selection,434,196,202.83,20569.83,None,N/A,
67.4906,cer,MenuSelection,Menu Selection,434,196,0.00,-20758.56,None,N/A,
67.5012,cer,MenuSelection,Menu Selection,436,196,189.08,17875.13,None,N/A,
67.5112,cer,MenuSelection,Menu Selection,436,195,100.28,-8904.66,None,N/A,
67.5212,cer,MenuSelection,Menu Selection,437,195,99.99,-28.44,None,N/A,
67.5306,cer,MenuSelection,Menu Selection,437,195,0.00,-10624.21,None,N/A,
67.5414,cer,MenuSelection,Menu Selection,438,195,92.86,8623.38,None,N/A,
67.5509,cer,MenuSelection,Menu Selection,438,195,0.00,-9756.08,None,N/A,
67.5615,cer,MenuSelection,Menu Selection,438,195,0.00,0.00,None,N/A,
67.5709,cer,MenuSelection,Menu Selection,438,195,0.00,0.00,None,N/A,
67.5814,cer,MenuSelection,Menu Selection,438,195,0.00,0.00,None,N/A,
67.5908,cer,MenuSelection,Menu Selection,438,195,0.00,0.00,None,N/A,
67.6012,cer,MenuSelection,Menu Selection,438,195,0.00,0.00,None,N/A,
67.6106,cer,MenuSelection,Menu Selection,438,195,0.00,0.00,None,N/A,
67.6210,cer,MenuSelection,Menu Selection,438,195,0.00,0.00,None,N/A,
67.6306,cer,MenuSelection,Menu Selection,438,195,0.00,0.00,None,N/A,
67.6411,cer,MenuSelection,Menu Selection,438,195,0.00,0.00,None,N/A,
67.6506,cer,MenuSelection,Menu Selection,438,195,0.00,0.00,None,N/A,
67.6612,cer,MenuSelection,Menu Selection,438,195,0.00,0.00,None,N/A,
67.6709,cer,MenuSelection,Menu Selection,438,195,0.00,0.00,None,N/A,
67.6815,cer,MenuSelection,Menu Selection,438,195,0.00,0.00,None,N/A,
67.6915,cer,MenuSelection,Menu Selection,438,195,0.00,0.00,None,N/A,
67.7012,cer,MenuSelection,Menu Selection,438,195,0.00,0.00,None,N/A,
67.7108,cer,MenuSelection,Menu Selection,438,195,0.00,0.00,None,N/A,
67.7215,cer,MenuSelection,Menu Selection,438,195,0.00,0.00,None,N/A,
67.7314,cer,MenuSelection,Menu Selection,438,195,0.00,0.00,None,N/A,
67.7414,cer,MenuSelection,Menu Selection,438,195,0.00,0.00,None,N/A,
67.7511,cer,MenuSelection,Menu Selection,438,195,0.00,0.00,None,N/A,
67.7606,cer,MenuSelection,Menu Selection,438,195,0.00,0.00,None,N/A,
67.7717,cer,MenuSelection,Menu Selection,438,195,0.00,0.00,None,N/A,
67.7816,cer,MenuSelection,Menu Selection,438,195,0.00,0.00,None,N/A,
67.7913,cer,MenuSelection,Menu Selection,438,195,0.00,0.00,None,N/A,
67.8009,cer,MenuSelection,Menu Selection,438,195,0.00,0.00,None,N/A,
67.8115,cer,MenuSelection,Menu Selection,438,195,0.00,0.00,None,N/A,
67.8209,cer,MenuSelection,Menu Selection,438,195,0.00,0.00,None,N/A,
67.8315,cer,MenuSelection,Menu Selection,438,195,0.00,0.00,None,N/A,
67.8416,cer,MenuSelection,Menu Selection,438,195,0.00,0.00,None,N/A,
67.8511,cer,MenuSelection,Menu Selection,438,195,0.00,0.00,None,N/A,
67.8607,cer,MenuSelection,Menu Selection,438,195,0.00,0.00,None,N/A,
67.8712,cer,MenuSelection,Menu Selection,438,195,0.00,0.00,None,N/A,
67.8809,cer,MenuSelection,Menu Selection,438,195,0.00,0.00,None,N/A,
67.8916,cer,MenuSelection,Menu Selection,438,195,0.00,0.00,None,N/A,
67.9012,cer,MenuSelection,Menu Selection,438,195,0.00,0.00,None,N/A,
67.9107,cer,MenuSelection,Menu Selection,438,195,0.00,0.00,None,N/A,
67.9212,cer,MenuSelection,Menu Selection,438,195,0.00,0.00,None,N/A,
67.9306,cer,MenuSelection,Menu Selection,438,195,0.00,0.00,None,N/A,
67.9412,cer,MenuSelection,Menu Selection,438,195,0.00,0.00,None,N/A,
67.9508,cer,MenuSelection,Menu Selection,438,195,0.00,0.00,None,N/A,
67.9614,cer,MenuSelection,Menu Selection,438,195,0.00,0.00,None,N/A,
67.9708,cer,MenuSelection,Menu Selection,438,195,0.00,0.00,None,N/A,
67.9813,cer,MenuSelection,Menu Selection,438,195,0.00,0.00,None,N/A,
67.9914,cer,MenuSelection,Menu Selection,438,195,0.00,0.00,Left,N/A,
68.0009,cer,MenuSelection,Menu Selection,438,195,0.00,0.00,Left,N/A,
68.0116,cer,MenuSelection,Menu Selection,438,195,0.00,0.00,Left,N/A,
68.0211,cer,MenuSelection,Menu Selection,438,195,0.00,0.00,Left,N/A,
68.0306,cer,MenuSelection,Menu Selection,438,195,0.00,0.00,Left,N/A,
68.0411,cer,MenuSelection,Menu Selection,438,195,0.00,0.00,Left,N/A,
68.0507,cer,MenuSelection,Menu Selection,438,195,0.00,0.00,Left,N/A,
68.0613,cer,MenuSelection,Menu Selection,438,195,0.00,0.00,Left,N/A,
68.0708,cer,MenuSelection,Menu Selection,438,195,0.00,0.00,Left,N/A,
68.0816,cer,MenuSelection,Menu Selection,438,195,0.00,0.00,Left,N/A,
68.0911,cer,MenuSelection,Menu Selection,438,195,0.00,0.00,Left,N/A,
68.1006,cer,MenuSelection,Menu Selection,438,195,0.00,0.00,Left,N/A,
68.1112,cer,MenuSelection,Menu Selection,438,195,0.00,0.00,Left,N/A,
68.1208,cer,MenuSelection,Menu Selection,438,195,0.00,0.00,Left,N/A,
68.1312,cer,MenuSelection,Menu Selection,438,195,0.00,0.00,Left,N/A,
68.1407,cer,MenuSelection,Menu Selection,438,195,0.00,0.00,Left,N/A,
68.1512,cer,MenuSelection,Menu Selection,438,195,0.00,0.00,Left,N/A,
68.1607,cer,MenuSelection,Menu Selection,438,195,0.00,0.00,Left,N/A,
68.1756,cer,MenuSelection,Menu Selection,438,195,0.00,0.00,None,N/A,
68.1814,cer,MenuSelection,Menu Selection,438,195,0.00,0.00,None,N/A,
68.1906,cer,MenuSelection,Menu Selection,438,195,0.00,0.00,None,N/A,
68.2012,cer,MenuSelection,Menu Selection,438,195,0.00,0.00,None,N/A,
68.2108,cer,MenuSelection,Menu Selection,438,195,0.00,0.00,None,N/A,
68.2214,cer,MenuSelection,Menu Selection,438,195,0.00,0.00,None,N/A,
68.2309,cer,MenuSelection,Menu Selection,438,195,0.00,0.00,None,N/A,
68.2413,cer,MenuSelection,Menu Selection,438,195,0.00,0.00,None,N/A,
68.2508,cer,MenuSelection,Menu Selection,438,195,0.00,0.00,None,N/A,
68.2614,cer,MenuSelection,Menu Selection,438,195,0.00,0.00,None,N/A,
68.2708,cer,MenuSelection,Menu Selection,438,195,0.00,0.00,None,N/A,
68.2813,cer,MenuSelection,Menu Selection,438,195,0.00,0.00,None,N/A,
68.2906,cer,MenuSelection,Menu Selection,438,195,0.00,0.00,None,N/A,
68.3011,cer,MenuSelection,Menu Selection,438,195,0.00,0.00,None,N/A,
68.3108,cer,MenuSelection,Menu Selection,438,195,0.00,0.00,None,N/A,
68.3215,cer,MenuSelection,Menu Selection,438,195,0.00,0.00,None,N/A,
68.3310,cer,MenuSelection,Menu Selection,438,195,0.00,0.00,None,N/A,
68.3414,cer,MenuSelection,Menu Selection,438,195,0.00,0.00,None,N/A,
68.3510,cer,MenuSelection,Menu Selection,438,195,0.00,0.00,None,N/A,
68.3616,cer,MenuSelection,Menu Selection,438,195,0.00,0.00,None,N/A,
68.3711,cer,MenuSelection,Menu Selection,438,195,0.00,0.00,None,N/A,
68.3815,cer,MenuSelection,Menu Selection,438,195,0.00,0.00,None,N/A,
68.3910,cer,MenuSelection,Menu Selection,438,195,0.00,0.00,None,N/A,
68.4016,cer,MenuSelection,Menu Selection,438,195,0.00,0.00,None,N/A,
68.4111,cer,MenuSelection,Menu Selection,438,195,0.00,0.00,None,N/A,
68.4207,cer,MenuSelection,Menu Selection,438,195,0.00,0.00,None,N/A,
68.4311,cer,MenuSelection,Menu Selection,438,195,0.00,0.00,None,N/A,
68.4416,cer,MenuSelection,Menu Selection,438,195,0.00,0.00,None,N/A,
68.4510,cer,MenuSelection,Menu Selection,438,195,0.00,0.00,None,N/A,
68.4616,cer,MenuSelection,Menu Selection,438,195,0.00,0.00,None,N/A,
68.4710,cer,MenuSelection,Menu Selection,438,195,0.00,0.00,None,N/A,
68.4815,cer,MenuSelection,Menu Selection,438,195,0.00,0.00,None,N/A,
68.4909,cer,MenuSelection,Menu Selection,438,195,0.00,0.00,None,N/A,
68.5015,cer,MenuSelection,Menu Selection,438,195,0.00,0.00,None,N/A,
68.5111,cer,MenuSelection,Menu Selection,438,195,0.00,0.00,None,N/A,
68.5215,cer,MenuSelection,Menu Selection,438,195,0.00,0.00,None,N/A,
68.5309,cer,MenuSelection,Menu Selection,438,195,0.00,0.00,None,N/A,
68.5414,cer,MenuSelection,Menu Selection,438,195,0.00,0.00,None,N/A,
68.5509,cer,MenuSelection,Menu Selection,438,195,0.00,0.00,None,N/A,
68.5606,cer,MenuSelection,Menu Selection,438,195,0.00,0.00,None,N/A,
68.5712,cer,MenuSelection,Menu Selection,438,195,0.00,0.00,None,N/A,
68.5806,cer,MenuSelection,Menu Selection,438,195,0.00,0.00,None,N/A,
68.5910,cer,MenuSelection,Menu Selection,438,195,0.00,0.00,None,N/A,
68.6015,cer,MenuSelection,Menu Selection,438,195,0.00,0.00,None,N/A,
68.6110,cer,MenuSelection,Menu Selection,438,195,0.00,0.00,None,N/A,
68.6214,cer,MenuSelection,Menu Selection,438,195,0.00,0.00,None,N/A,
68.6310,cer,MenuSelection,Menu Selection,438,195,0.00,0.00,None,N/A,
68.6415,cer,MenuSelection,Menu Selection,438,195,0.00,0.00,None,N/A,
68.6509,cer,MenuSelection,Menu Selection,438,195,0.00,0.00,None,N/A,
68.6614,cer,MenuSelection,Menu Selection,438,195,0.00,0.00,None,N/A,
68.6712,cer,MenuSelection,Menu Selection,438,195,0.00,0.00,None,N/A,
68.6809,cer,MenuSelection,Menu Selection,438,195,0.00,0.00,None,N/A,
68.6915,cer,MenuSelection,Menu Selection,438,195,0.00,0.00,None,N/A,
68.7010,cer,MenuSelection,Menu Selection,438,195,0.00,0.00,None,N/A,
68.7106,cer,MenuSelection,Menu Selection,438,195,0.00,0.00,None,N/A,
68.7211,cer,MenuSelection,Menu Selection,438,195,0.00,0.00,None,N/A,
68.7306,cer,MenuSelection,Menu Selection,438,195,0.00,0.00,None,N/A,
68.7411,cer,MenuSelection,Menu Selection,438,195,0.00,0.00,None,N/A,
68.7507,cer,MenuSelection,Menu Selection,438,195,0.00,0.00,None,N/A,
68.7611,cer,MenuSelection,Menu Selection,437,196,136.10,13098.47,None,N/A,
68.7706,cer,MenuSelection,Menu Selection,437,198,210.04,7764.22,None,N/A,
68.7806,cer,MenuSelection,Menu Selection,436,199,142.48,-6806.23,None,N/A,
68.7909,cer,MenuSelection,Menu Selection,436,202,289.97,14255.94,None,N/A,
68.8013,cer,MenuSelection,Menu Selection,435,203,136.80,-14816.37,None,N/A,
68.8110,cer,MenuSelection,Menu Selection,435,205,204.20,6881.79,None,N/A,
68.8208,cer,MenuSelection,Menu Selection,434,206,144.93,-6074.09,None,N/A,
68.8308,cer,MenuSelection,Menu Selection,434,208,200.93,5625.76,None,N/A,
68.8406,cer,MenuSelection,Menu Selection,433,209,143.70,-5815.18,None,N/A,
68.8510,cer,MenuSelection,Menu Selection,433,210,96.36,-4561.51,None,N/A,
68.8613,cer,MenuSelection,Menu Selection,433,211,97.21,82.28,None,N/A,
68.8714,cer,MenuSelection,Menu Selection,433,212,98.96,173.65,None,N/A,
68.8812,cer,MenuSelection,Menu Selection,433,212,0.00,-10049.78,None,N/A,
68.8906,cer,MenuSelection,Menu Selection,433,212,0.00,0.00,None,N/A,
68.9008,cer,MenuSelection,Menu Selection,433,213,97.77,9558.40,None,N/A,
68.9107,cer,MenuSelection,Menu Selection,433,213,0.00,-9843.60,None,N/A,
68.9212,cer,MenuSelection,Menu Selection,434,214,134.89,12866.56,None,N/A,
68.9312,cer,MenuSelection,Menu Selection,434,214,0.00,-13474.84,None,N/A,
68.9409,cer,MenuSelection,Menu Selection,435,215,147.11,15303.61,None,N/A,
68.9516,cer,MenuSelection,Menu Selection,435,215,0.00,-13705.94,None,N/A,
68.9607,cer,MenuSelection,Menu Selection,435,215,0.00,0.00,None,N/A,
68.9712,cer,MenuSelection,Menu Selection,435,215,0.00,0.00,None,N/A,
68.9807,cer,MenuSelection,Menu Selection,435,215,0.00,0.00,None,N/A,
68.9912,cer,MenuSelection,Menu Selection,435,215,0.00,0.00,None,N/A,
69.0009,cer,MenuSelection,Menu Selection,435,215,0.00,0.00,None,N/A,
69.0108,cer,MenuSelection,Menu Selection,436,215,101.29,10260.59,None,N/A,
69.0213,cer,MenuSelection,Menu Selection,436,215,0.00,-9692.70,None,N/A,
69.0307,cer,MenuSelection,Menu Selection,436,215,0.00,0.00,None,N/A,
69.0411,cer,MenuSelection,Menu Selection,436,215,0.00,0.00,None,N/A,
69.0507,cer,MenuSelection,Menu Selection,436,215,0.00,0.00,None,N/A,
69.0662,cer,MenuSelection,Menu Selection,436,215,0.00,0.00,None,N/A,
69.0715,cer,MenuSelection,Menu Selection,436,215,0.00,0.00,None,N/A,
69.0808,cer,MenuSelection,Menu Selection,436,215,0.00,0.00,None,N/A,
69.0912,cer,MenuSelection,Menu Selection,436,215,0.00,0.00,None,N/A,
69.1007,cer,MenuSelection,Menu Selection,436,215,0.00,0.00,None,N/A,
69.1113,cer,MenuSelection,Menu Selection,436,215,0.00,0.00,None,N/A,
69.1209,cer,MenuSelection,Menu Selection,436,215,0.00,0.00,None,N/A,
69.1315,cer,MenuSelection,Menu Selection,436,215,0.00,0.00,None,N/A,
69.1410,cer,MenuSelection,Menu Selection,436,215,0.00,0.00,None,N/A,
69.1515,cer,MenuSelection,Menu Selection,436,215,0.00,0.00,None,N/A,
69.1611,cer,MenuSelection,Menu Selection,436,215,0.00,0.00,None,N/A,
69.1706,cer,MenuSelection,Menu Selection,436,215,0.00,0.00,None,N/A,
69.1811,cer,MenuSelection,Menu Selection,436,215,0.00,0.00,None,N/A,
69.1915,cer,MenuSelection,Menu Selection,436,215,0.00,0.00,None,N/A,
69.2009,cer,MenuSelection,Menu Selection,436,215,0.00,0.00,None,N/A,
69.2114,cer,MenuSelection,Menu Selection,436,215,0.00,0.00,None,N/A,
69.2210,cer,MenuSelection,Menu Selection,436,215,0.00,0.00,None,N/A,
69.2314,cer,MenuSelection,Menu Selection,436,215,0.00,0.00,Left,N/A,
69.2409,cer,MenuSelection,Menu Selection,436,215,0.00,0.00,Left,N/A,
69.2514,cer,MenuSelection,Menu Selection,436,215,0.00,0.00,Left,N/A,
69.2610,cer,MenuSelection,Menu Selection,436,215,0.00,0.00,Left,N/A,
69.2714,cer,MenuSelection,Menu Selection,436,215,0.00,0.00,Left,N/A,
69.2808,cer,MenuSelection,Menu Selection,436,215,0.00,0.00,Left,N/A,
69.2914,cer,MenuSelection,Menu Selection,436,215,0.00,0.00,Left,N/A,
69.3011,cer,MenuSelection,Menu Selection,436,215,0.00,0.00,Left,N/A,
69.3106,cer,MenuSelection,Menu Selection,436,215,0.00,0.00,Left,N/A,
69.3213,cer,MenuSelection,Menu Selection,436,215,0.00,0.00,Left,N/A,
69.3307,cer,MenuSelection,Menu Selection,436,215,0.00,0.00,Left,N/A,
69.3412,cer,MenuSelection,Menu Selection,436,215,0.00,0.00,Left,N/A,
69.3508,cer,MenuSelection,Menu Selection,436,215,0.00,0.00,Left,N/A,
69.3606,cer,MenuSelection,Menu Selection,436,215,0.00,0.00,Left,N/A,
69.3711,cer,MenuSelection,Menu Selection,436,215,0.00,0.00,Left,N/A,
69.3818,cer,MenuSelection,Menu Selection,436,215,0.00,0.00,Left,N/A,
69.3915,cer,MenuSelection,Menu Selection,436,215,0.00,0.00,Left,N/A,
69.4009,cer,MenuSelection,Menu Selection,436,215,0.00,0.00,Left,N/A,
69.4113,cer,MenuSelection,Menu Selection,436,215,0.00,0.00,None,N/A,
69.4209,cer,MenuSelection,Menu Selection,436,215,0.00,0.00,None,N/A,
69.4313,cer,MenuSelection,Menu Selection,436,215,0.00,0.00,None,N/A,
69.4408,cer,MenuSelection,Menu Selection,436,215,0.00,0.00,None,N/A,
69.4516,cer,MenuSelection,Menu Selection,436,215,0.00,0.00,None,N/A,
69.4608,cer,MenuSelection,Menu Selection,436,215,0.00,0.00,None,N/A,
69.4712,cer,MenuSelection,Menu Selection,436,215,0.00,0.00,None,N/A,
69.4810,cer,MenuSelection,Menu Selection,436,215,0.00,0.00,None,N/A,
69.4907,cer,MenuSelection,Menu Selection,436,215,0.00,0.00,None,N/A,
69.5012,cer,MenuSelection,Menu Selection,436,215,0.00,0.00,None,N/A,
69.5108,cer,MenuSelection,Menu Selection,436,215,0.00,0.00,None,N/A,
69.5213,cer,MenuSelection,Menu Selection,436,215,0.00,0.00,None,N/A,
69.5307,cer,MenuSelection,Menu Selection,436,215,0.00,0.00,None,N/A,
69.5412,cer,MenuSelection,Menu Selection,436,215,0.00,0.00,None,N/A,
69.5507,cer,MenuSelection,Menu Selection,436,215,0.00,0.00,None,N/A,
69.5613,cer,MenuSelection,Menu Selection,436,215,0.00,0.00,None,N/A,
69.5708,cer,MenuSelection,Menu Selection,436,215,0.00,0.00,None,N/A,
69.5813,cer,MenuSelection,Menu Selection,436,215,0.00,0.00,None,N/A,
69.5908,cer,MenuSelection,Menu Selection,436,215,0.00,0.00,None,N/A,
69.6014,cer,MenuSelection,Menu Selection,436,215,0.00,0.00,None,N/A,
69.6109,cer,MenuSelection,Menu Selection,436,215,0.00,0.00,None,N/A,
69.6214,cer,MenuSelection,Menu Selection,436,215,0.00,0.00,None,N/A,
69.6307,cer,MenuSelection,Menu Selection,436,215,0.00,0.00,None,N/A,
69.6411,cer,MenuSelection,Menu Selection,436,215,0.00,0.00,None,N/A,
69.6515,cer,MenuSelection,Menu Selection,436,215,0.00,0.00,None,N/A,
69.6610,cer,MenuSelection,Menu Selection,437,215,105.94,11223.46,None,N/A,
69.6710,cer,MenuSelection,Menu Selection,440,215,298.21,19111.97,None,N/A,
69.6808,cer,MenuSelection,Menu Selection,446,216,623.67,33369.27,None,N/A,
69.6906,cer,MenuSelection,Menu Selection,451,216,511.19,-11499.48,None,N/A,
69.7013,cer,MenuSelection,Menu Selection,456,217,475.60,-3319.36,None,N/A,
69.7111,cer,MenuSelection,Menu Selection,466,218,1022.86,55699.76,None,N/A,
69.7213,cer,MenuSelection,Menu Selection,471,219,501.03,-51275.45,None,N/A,
69.7311,cer,MenuSelection,Menu Selection,480,222,972.38,48312.30,None,N/A,
69.7407,cer,MenuSelection,Menu Selection,485,223,529.13,-45996.24,None,N/A,
69.7507,cer,MenuSelection,Menu Selection,493,225,823.97,29461.38,None,N/A,
69.7613,cer,MenuSelection,Menu Selection,496,226,297.24,-49510.79,None,N/A,
69.7710,cer,MenuSelection,Menu Selection,501,227,528.91,24029.74,None,N/A,
69.7808,cer,MenuSelection,Menu Selection,503,227,203.70,-33122.27,None,N/A,
69.7906,cer,MenuSelection,Menu Selection,507,228,418.71,21834.61,None,N/A,
69.8013,cer,MenuSelection,Menu Selection,508,228,93.52,-30412.86,None,N/A,
69.8112,cer,MenuSelection,Menu Selection,510,228,202.31,11004.27,None,N/A,
69.8207,cer,MenuSelection,Menu Selection,511,228,105.62,-10212.48,None,N/A,
69.8311,cer,MenuSelection,Menu Selection,512,228,96.41,-887.77,None,N/A,
69.8406,cer,MenuSelection,Menu Selection,513,228,104.66,863.92,None,N/A,
69.8513,cer,MenuSelection,Menu Selection,514,228,93.47,-1046.60,None,N/A,
69.8613,cer,MenuSelection,Menu Selection,514,228,0.00,-9336.41,None,N/A,
69.8714,cer,MenuSelection,Menu Selection,514,228,0.00,0.00,None,N/A,
69.8810,cer,MenuSelection,Menu Selection,515,228,104.36,10890.86,None,N/A,
69.8909,cer,MenuSelection,Menu Selection,515,228,0.00,-10527.05,None,N/A,
69.9006,cer,MenuSelection,Menu Selection,516,228,103.24,10658.88,None,N/A,
69.9115,cer,MenuSelection,Menu Selection,516,228,0.00,-9499.76,None,N/A,
69.9211,cer,MenuSelection,Menu Selection,516,228,0.00,0.00,None,N/A,
69.9306,cer,MenuSelection,Menu Selection,516,228,0.00,0.00,None,N/A,
69.9409,cer,MenuSelection,Menu Selection,516,228,0.00,0.00,None,N/A,
69.9515,cer,MenuSelection,Menu Selection,516,228,0.00,0.00,None,N/A,
69.9612,cer,MenuSelection,Menu Selection,516,228,0.00,0.00,None,N/A,
69.9706,cer,MenuSelection,Menu Selection,516,228,0.00,0.00,None,N/A,
69.9811,cer,MenuSelection,Menu Selection,516,228,0.00,0.00,None,N/A,
69.9915,cer,MenuSelection,Menu Selection,516,228,0.00,0.00,None,N/A,
70.0010,cer,MenuSelection,Menu Selection,516,228,0.00,0.00,None,N/A,
70.0115,cer,MenuSelection,Menu Selection,516,228,0.00,0.00,None,N/A,
70.0209,cer,MenuSelection,Menu Selection,516,228,0.00,0.00,None,N/A,
70.0313,cer,MenuSelection,Menu Selection,516,228,0.00,0.00,None,N/A,
70.0407,cer,MenuSelection,Menu Selection,516,228,0.00,0.00,None,N/A,
70.0512,cer,MenuSelection,Menu Selection,516,228,0.00,0.00,None,N/A,
70.0612,cer,MenuSelection,Menu Selection,516,228,0.00,0.00,None,N/A,
70.0718,cer,MenuSelection,Menu Selection,516,228,0.00,0.00,None,N/A,
70.0810,cer,MenuSelection,Menu Selection,516,228,0.00,0.00,None,N/A,
70.0915,cer,MenuSelection,Menu Selection,516,228,0.00,0.00,None,N/A,
70.1007,cer,MenuSelection,Menu Selection,516,228,0.00,0.00,None,N/A,
70.1113,cer,MenuSelection,Menu Selection,516,228,0.00,0.00,None,N/A,
70.1208,cer,MenuSelection,Menu Selection,516,227,104.90,11005.02,None,N/A,
70.1315,cer,MenuSelection,Menu Selection,516,227,0.00,-9827.63,None,N/A,
70.1410,cer,MenuSelection,Menu Selection,516,227,0.00,0.00,None,N/A,
70.1516,cer,MenuSelection,Menu Selection,516,227,0.00,0.00,None,N/A,
70.1610,cer,MenuSelection,Menu Selection,516,227,0.00,0.00,None,N/A,
70.1715,cer,MenuSelection,Menu Selection,516,227,0.00,0.00,None,N/A,
70.1809,cer,MenuSelection,Menu Selection,516,227,0.00,0.00,None,N/A,
70.1913,cer,MenuSelection,Menu Selection,516,227,0.00,0.00,None,N/A,
70.2008,cer,MenuSelection,Menu Selection,516,227,0.00,0.00,None,N/A,
70.2115,cer,MenuSelection,Menu Selection,516,227,0.00,0.00,None,N/A,
70.2210,cer,MenuSelection,Menu Selection,516,227,0.00,0.00,None,N/A,
70.2314,cer,MenuSelection,Menu Selection,516,227,0.00,0.00,None,N/A,
70.2408,cer,MenuSelection,Menu Selection,516,227,0.00,0.00,None,N/A,
70.2514,cer,MenuSelection,Menu Selection,516,227,0.00,0.00,None,N/A,
70.2609,cer,MenuSelection,Menu Selection,516,227,0.00,0.00,None,N/A,
70.2714,cer,MenuSelection,Menu Selection,516,227,0.00,0.00,None,N/A,
70.2809,cer,MenuSelection,Menu Selection,516,227,0.00,0.00,None,N/A,
70.2914,cer,MenuSelection,Menu Selection,516,227,0.00,0.00,None,N/A,
70.3015,cer,MenuSelection,Menu Selection,516,227,0.00,0.00,None,N/A,
70.3109,cer,MenuSelection,Menu Selection,516,227,0.00,0.00,None,N/A,
70.3215,cer,MenuSelection,Menu Selection,516,227,0.00,0.00,None,N/A,
70.3310,cer,MenuSelection,Menu Selection,516,227,0.00,0.00,None,N/A,
70.3414,cer,MenuSelection,Menu Selection,516,227,0.00,0.00,None,N/A,
70.3509,cer,MenuSelection,Menu Selection,516,227,0.00,0.00,None,N/A,
70.3615,cer,MenuSelection,Menu Selection,516,227,0.00,0.00,None,N/A,
70.3709,cer,MenuSelection,Menu Selection,516,227,0.00,0.00,None,N/A,
70.3813,cer,MenuSelection,Menu Selection,516,227,0.00,0.00,None,N/A,
70.3907,cer,MenuSelection,Menu Selection,516,227,0.00,0.00,None,N/A,
70.4017,cer,MenuSelection,Menu Selection,516,227,0.00,0.00,None,N/A,
70.4111,cer,MenuSelection,Menu Selection,516,227,0.00,0.00,None,N/A,
70.4206,cer,MenuSelection,Menu Selection,516,227,0.00,0.00,None,N/A,
70.4310,cer,MenuSelection,Menu Selection,516,227,0.00,0.00,None,N/A,
70.4414,cer,MenuSelection,Menu Selection,516,227,0.00,0.00,None,N/A,
70.4510,cer,MenuSelection,Menu Selection,516,227,0.00,0.00,None,N/A,
70.4606,cer,MenuSelection,Menu Selection,516,227,0.00,0.00,None,N/A,
70.4712,cer,MenuSelection,Menu Selection,516,227,0.00,0.00,None,N/A,
70.4806,cer,MenuSelection,Menu Selection,516,227,0.00,0.00,None,N/A,
70.4909,cer,MenuSelection,Menu Selection,516,227,0.00,0.00,None,N/A,
70.5014,cer,MenuSelection,Menu Selection,516,227,0.00,0.00,None,N/A,
70.5112,cer,MenuSelection,Menu Selection,516,227,0.00,0.00,None,N/A,
70.5215,cer,MenuSelection,Menu Selection,516,227,0.00,0.00,None,N/A,
70.5309,cer,MenuSelection,Menu Selection,516,227,0.00,0.00,None,N/A,
70.5408,cer,MenuSelection,Menu Selection,516,227,0.00,0.00,None,N/A,
70.5517,cer,MenuSelection,Menu Selection,516,227,0.00,0.00,None,N/A,
70.5611,cer,MenuSelection,Menu Selection,516,226,106.46,11334.27,None,N/A,
70.5716,cer,MenuSelection,Menu Selection,516,226,0.00,-10141.17,None,N/A,
70.5809,cer,MenuSelection,Menu Selection,516,226,0.00,0.00,None,N/A,
70.5913,cer,MenuSelection,Menu Selection,516,226,0.00,0.00,None,N/A,
70.6008,cer,MenuSelection,Menu Selection,516,226,0.00,0.00,None,N/A,
70.6113,cer,MenuSelection,Menu Selection,516,226,0.00,0.00,None,N/A,
70.6210,cer,MenuSelection,Menu Selection,516,226,0.00,0.00,None,N/A,
70.6307,cer,MenuSelection,Menu Selection,516,226,0.00,0.00,None,N/A,
70.6411,cer,MenuSelection,Menu Selection,516,226,0.00,0.00,None,N/A,
70.6507,cer,MenuSelection,Menu Selection,516,226,0.00,0.00,None,N/A,
70.6612,cer,MenuSelection,Menu Selection,516,226,0.00,0.00,None,N/A,
70.6707,cer,MenuSelection,Menu Selection,516,226,0.00,0.00,None,N/A,
70.6811,cer,MenuSelection,Menu Selection,516,226,0.00,0.00,None,N/A,
70.6906,cer,MenuSelection,Menu Selection,516,226,0.00,0.00,None,N/A,
70.7010,cer,MenuSelection,Menu Selection,516,226,0.00,0.00,None,N/A,
70.7114,cer,MenuSelection,Menu Selection,516,226,0.00,0.00,None,N/A,
70.7213,cer,MenuSelection,Menu Selection,516,226,0.00,0.00,None,N/A,
70.7309,cer,MenuSelection,Menu Selection,516,226,0.00,0.00,None,N/A,
70.7408,cer,MenuSelection,Menu Selection,516,226,0.00,0.00,None,N/A,
70.7514,cer,MenuSelection,Menu Selection,516,225,94.51,8931.93,None,N/A,
70.7614,cer,MenuSelection,Menu Selection,516,225,0.00,-9452.25,None,N/A,
70.7709,cer,MenuSelection,Menu Selection,516,225,0.00,0.00,None,N/A,
70.7809,cer,MenuSelection,Menu Selection,516,225,0.00,0.00,None,N/A,
70.7913,cer,MenuSelection,Menu Selection,516,225,0.00,0.00,None,N/A,
70.8010,cer,MenuSelection,Menu Selection,516,225,0.00,0.00,None,N/A,
70.8111,cer,MenuSelection,Menu Selection,516,225,0.00,0.00,None,N/A,
70.8212,cer,MenuSelection,Menu Selection,516,225,0.00,0.00,None,N/A,
70.8308,cer,MenuSelection,Menu Selection,516,225,0.00,0.00,None,N/A,
70.8413,cer,MenuSelection,Menu Selection,516,225,0.00,0.00,None,N/A,
70.8508,cer,MenuSelection,Menu Selection,516,225,0.00,0.00,None,N/A,
70.8614,cer,MenuSelection,Menu Selection,516,225,0.00,0.00,None,N/A,
70.8709,cer,MenuSelection,Menu Selection,516,225,0.00,0.00,None,N/A,
70.8813,cer,MenuSelection,Menu Selection,516,225,0.00,0.00,None,N/A,
70.8907,cer,MenuSelection,Menu Selection,516,225,0.00,0.00,None,N/A,
70.9011,cer,MenuSelection,Menu Selection,515,225,95.47,9115.02,None,N/A,
70.9110,cer,MenuSelection,Menu Selection,515,225,0.00,-9658.96,None,N/A,
70.9214,cer,MenuSelection,Menu Selection,515,225,0.00,0.00,None,N/A,
70.9308,cer,MenuSelection,Menu Selection,515,225,0.00,0.00,None,N/A,
70.9412,cer,MenuSelection,Menu Selection,515,225,0.00,0.00,None,N/A,
70.9507,cer,MenuSelection,Menu Selection,515,225,0.00,0.00,None,N/A,
70.9609,cer,MenuSelection,Menu Selection,515,225,0.00,0.00,None,N/A,
70.9713,cer,MenuSelection,Menu Selection,515,225,0.00,0.00,None,N/A,
70.9807,cer,MenuSelection,Menu Selection,515,225,0.00,0.00,None,N/A,
70.9912,cer,MenuSelection,Menu Selection,515,225,0.00,0.00,None,N/A,
71.0007,cer,MenuSelection,Menu Selection,515,225,0.00,0.00,None,N/A,
71.0115,cer,MenuSelection,Menu Selection,515,225,0.00,0.00,None,N/A,
71.0209,cer,MenuSelection,Menu Selection,515,225,0.00,0.00,None,N/A,
71.0309,cer,MenuSelection,Menu Selection,515,225,0.00,0.00,None,N/A,
71.0413,cer,MenuSelection,Menu Selection,514,225,96.74,9357.96,None,N/A,
71.0515,cer,MenuSelection,Menu Selection,514,225,0.00,-9461.62,None,N/A,
71.0610,cer,MenuSelection,Menu Selection,513,224,148.74,15643.95,None,N/A,
71.0722,cer,MenuSelection,Menu Selection,512,224,89.41,-5304.79,None,N/A,
71.0806,cer,MenuSelection,Menu Selection,510,224,236.15,17325.55,None,N/A,
71.0912,cer,MenuSelection,Menu Selection,509,223,134.51,-9666.87,None,N/A,
71.1011,cer,MenuSelection,Menu Selection,507,223,201.96,6810.39,None,N/A,
71.1106,cer,MenuSelection,Menu Selection,505,222,233.52,3296.78,None,N/A,
71.1212,cer,MenuSelection,Menu Selection,504,222,94.58,-13141.09,None,N/A,
71.1312,cer,MenuSelection,Menu Selection,502,222,200.14,10563.46,None,N/A,
71.1412,cer,MenuSelection,Menu Selection,501,222,100.17,-10013.85,None,N/A,
71.1511,cer,MenuSelection,Menu Selection,499,222,201.99,10283.71,None,N/A,
71.1610,cer,MenuSelection,Menu Selection,498,222,100.59,-10200.22,None,N/A,
71.1705,cer,MenuSelection,Menu Selection,496,222,210.57,11580.27,None,N/A,
71.1814,cer,MenuSelection,Menu Selection,495,222,92.24,-10914.99,None,N/A,
71.1907,cer,MenuSelection,Menu Selection,493,222,213.85,13003.08,None,N/A,
71.2012,cer,MenuSelection,Menu Selection,491,222,191.77,-2116.53,None,N/A,
71.2108,cer,MenuSelection,Menu Selection,490,222,104.12,-9126.59,None,N/A,
71.2213,cer,MenuSelection,Menu Selection,487,222,285.66,17285.71,None,N/A,
71.2314,cer,MenuSelection,Menu Selection,484,222,294.89,907.45,None,N/A,
71.2412,cer,MenuSelection,Menu Selection,482,223,228.33,-6796.72,None,N/A,
71.2511,cer,MenuSelection,Menu Selection,480,223,201.93,-2665.08,None,N/A,
71.2607,cer,MenuSelection,Menu Selection,476,224,430.82,23916.50,None,N/A,
71.2715,cer,MenuSelection,Menu Selection,473,224,278.35,-14146.87,None,N/A,
71.2815,cer,MenuSelection,Menu Selection,468,225,506.81,22707.73,None,N/A,
71.2915,cer,MenuSelection,Menu Selection,466,225,201.47,-30758.09,None,N/A,
71.3017,cer,MenuSelection,Menu Selection,460,226,593.09,38184.76,None,N/A,
71.3106,cer,MenuSelection,Menu Selection,458,226,224.30,-41359.83,None,N/A,
71.3209,cer,MenuSelection,Menu Selection,454,226,390.32,16200.50,None,N/A,
71.3308,cer,MenuSelection,Menu Selection,452,226,201.09,-19026.32,None,N/A,
71.3413,cer,MenuSelection,Menu Selection,449,226,285.40,8020.93,None,N/A,
71.3511,cer,MenuSelection,Menu Selection,448,226,102.08,-18713.44,None,N/A,
71.3608,cer,MenuSelection,Menu Selection,446,226,207.72,10972.35,None,N/A,
71.3716,cer,MenuSelection,Menu Selection,444,226,184.36,-2153.35,None,N/A,
71.3813,cer,MenuSelection,Menu Selection,442,226,205.71,2195.74,None,N/A,
71.3911,cer,MenuSelection,Menu Selection,440,227,229.00,2384.79,None,N/A,
71.4011,cer,MenuSelection,Menu Selection,439,227,100.15,-12903.78,None,N/A,
71.4111,cer,MenuSelection,Menu Selection,438,227,100.25,10.08,None,N/A,
71.4214,cer,MenuSelection,Menu Selection,437,227,96.37,-373.98,None,N/A,
71.4305,cer,MenuSelection,Menu Selection,437,227,0.00,-10619.14,None,N/A,
71.4411,cer,MenuSelection,Menu Selection,436,227,94.10,8854.75,None,N/A,
71.4513,cer,MenuSelection,Menu Selection,436,227,0.00,-9258.98,None,N/A,
71.4610,cer,MenuSelection,Menu Selection,436,227,0.00,0.00,None,N/A,
71.4707,cer,MenuSelection,Menu Selection,435,227,102.65,10537.15,None,N/A,
71.4814,cer,MenuSelection,Menu Selection,435,228,93.50,-855.61,None,N/A,
71.4911,cer,MenuSelection,Menu Selection,435,228,0.00,-9655.94,None,N/A,
71.5006,cer,MenuSelection,Menu Selection,435,228,0.00,0.00,None,N/A,
71.5111,cer,MenuSelection,Menu Selection,435,228,0.00,0.00,None,N/A,
71.5208,cer,MenuSelection,Menu Selection,435,228,0.00,0.00,None,N/A,
71.5315,cer,MenuSelection,Menu Selection,436,229,132.87,12482.70,None,N/A,
71.5412,cer,MenuSelection,Menu Selection,437,229,102.49,-3113.17,None,N/A,
71.5509,cer,MenuSelection,Menu Selection,438,230,145.34,4404.28,None,N/A,
71.5608,cer,MenuSelection,Menu Selection,440,232,287.02,14376.40,None,N/A,
71.5715,cer,MenuSelection,Menu Selection,442,233,209.61,-7256.24,None,N/A,
71.5808,cer,MenuSelection,Menu Selection,444,234,239.06,3148.46,None,N/A,
71.5911,cer,MenuSelection,Menu Selection,447,236,350.45,10827.42,None,N/A,
71.6011,cer,MenuSelection,Menu Selection,449,237,222.91,-12714.82,None,N/A,
71.6107,cer,MenuSelection,Menu Selection,454,239,565.68,36006.37,None,N/A,
71.6209,cer,MenuSelection,Menu Selection,456,240,217.95,-33893.46,None,N/A,
71.6315,cer,MenuSelection,Menu Selection,461,242,509.85,27636.35,None,N/A,
71.6413,cer,MenuSelection,Menu Selection,464,243,321.40,-19153.56,None,N/A,
71.6508,cer,MenuSelection,Menu Selection,468,244,433.60,11798.81,None,N/A,
71.6607,cer,MenuSelection,Menu Selection,470,245,225.49,-20985.87,None,N/A,
71.6709,cer,MenuSelection,Menu Selection,473,246,311.10,8422.12,None,N/A,
71.6812,cer,MenuSelection,Menu Selection,475,247,217.33,-9113.93,None,N/A,
71.6913,cer,MenuSelection,Menu Selection,478,248,312.61,9418.26,None,N/A,
71.7010,cer,MenuSelection,Menu Selection,480,249,231.25,-8413.38,None,N/A,
71.7108,cer,MenuSelection,Menu Selection,482,249,204.16,-2766.05,None,N/A,
71.7207,cer,MenuSelection,Menu Selection,485,251,363.81,16109.16,None,N/A,
71.7314,cer,MenuSelection,Menu Selection,487,252,208.98,-14470.07,None,N/A,
71.7406,cer,MenuSelection,Menu Selection,490,254,392.11,19915.37,None,N/A,
71.7514,cer,MenuSelection,Menu Selection,491,255,130.94,-24180.92,None,N/A,
71.7615,cer,MenuSelection,Menu Selection,494,256,311.48,17783.51,None,N/A,
71.7706,cer,MenuSelection,Menu Selection,495,257,156.53,-17150.69,None,N/A,
71.7805,cer,MenuSelection,Menu Selection,497,259,283.88,12781.24,None,N/A,
71.7915,cer,MenuSelection,Menu Selection,498,259,91.39,-17591.44,None,N/A,
71.8011,cer,MenuSelection,Menu Selection,500,261,294.39,21128.66,None,N/A,
71.8107,cer,MenuSelection,Menu Selection,501,261,104.43,-19837.14,None,N/A,
71.8210,cer,MenuSelection,Menu Selection,502,262,137.09,3165.98,None,N/A,
71.8309,cer,MenuSelection,Menu Selection,503,263,142.71,567.48,None,N/A,
71.8412,cer,MenuSelection,Menu Selection,504,264,137.63,-494.34,None,N/A,
71.8509,cer,MenuSelection,Menu Selection,505,265,145.36,794.59,None,N/A,
71.8608,cer,MenuSelection,Menu Selection,506,265,101.33,-4461.83,None,N/A,
71.8713,cer,MenuSelection,Menu Selection,507,266,134.06,3103.16,None,N/A,
71.8807,cer,MenuSelection,Menu Selection,507,266,0.00,-14355.82,None,N/A,
71.8916,cer,MenuSelection,Menu Selection,508,267,129.23,11808.90,None,N/A,
71.9013,cer,MenuSelection,Menu Selection,508,267,0.00,-13372.85,None,N/A,
71.9109,cer,MenuSelection,Menu Selection,509,268,147.19,15318.80,None,N/A,
71.9210,cer,MenuSelection,Menu Selection,509,268,0.00,-14461.51,None,N/A,
71.9311,cer,MenuSelection,Menu Selection,510,268,99.21,9842.17,None,N/A,
71.9414,cer,MenuSelection,Menu Selection,510,268,0.00,-9669.49,None,N/A,
71.9511,cer,MenuSelection,Menu Selection,510,268,0.00,0.00,None,N/A,
71.9609,cer,MenuSelection,Menu Selection,511,268,101.77,10357.41,None,N/A,
71.9714,cer,MenuSelection,Menu Selection,511,268,0.00,-9727.68,None,N/A,
71.9814,cer,MenuSelection,Menu Selection,511,268,0.00,0.00,None,N/A,
71.9914,cer,MenuSelection,Menu Selection,511,268,0.00,0.00,None,N/A,
72.0017,cer,MenuSelection,Menu Selection,512,268,97.40,9487.05,None,N/A,
72.0110,cer,MenuSelection,Menu Selection,512,268,0.00,-10516.42,None,N/A,
72.0207,cer,MenuSelection,Menu Selection,513,267,145.54,14977.19,None,N/A,
72.0314,cer,MenuSelection,Menu Selection,513,267,0.00,-13540.04,None,N/A,
72.0412,cer,MenuSelection,Menu Selection,514,266,144.96,14858.11,None,N/A,
72.0509,cer,MenuSelection,Menu Selection,515,266,102.94,-4325.21,None,N/A,
72.0616,cer,MenuSelection,Menu Selection,515,265,93.98,-841.96,None,N/A,
72.0713,cer,MenuSelection,Menu Selection,517,265,204.25,11261.39,None,N/A,
72.0812,cer,MenuSelection,Menu Selection,517,264,101.26,-10428.91,None,N/A,
72.0909,cer,MenuSelection,Menu Selection,518,264,103.48,230.08,None,N/A,
72.1008,cer,MenuSelection,Menu Selection,518,263,101.15,-235.77,None,N/A,
72.1113,cer,MenuSelection,Menu Selection,519,263,94.73,-608.51,None,N/A,
72.1206,cer,MenuSelection,Menu Selection,519,262,107.55,1379.37,None,N/A,
72.1313,cer,MenuSelection,Menu Selection,519,262,0.00,-10117.63,None,N/A,
72.1411,cer,MenuSelection,Menu Selection,520,262,101.11,10223.03,None,N/A,
72.1511,cer,MenuSelection,Menu Selection,521,262,100.64,-47.61,None,N/A,
72.1609,cer,MenuSelection,Menu Selection,521,262,0.00,-10234.41,None,N/A,
72.1707,cer,MenuSelection,Menu Selection,522,262,102.16,10436.27,None,N/A,
72.1814,cer,MenuSelection,Menu Selection,522,262,0.00,-9587.66,None,N/A,
72.1912,cer,MenuSelection,Menu Selection,523,262,101.50,10302.35,None,N/A,
72.2013,cer,MenuSelection,Menu Selection,523,262,0.00,-10087.76,None,N/A,
72.2109,cer,MenuSelection,Menu Selection,523,262,0.00,0.00,None,N/A,
72.2213,cer,MenuSelection,Menu Selection,523,262,0.00,0.00,None,N/A,
72.2310,cer,MenuSelection,Menu Selection,523,262,0.00,0.00,None,N/A,
72.2406,cer,MenuSelection,Menu Selection,523,262,0.00,0.00,None,N/A,
72.2511,cer,MenuSelection,Menu Selection,523,262,0.00,0.00,None,N/A,
72.2614,cer,MenuSelection,Menu Selection,523,262,0.00,0.00,None,N/A,
72.2708,cer,MenuSelection,Menu Selection,523,262,0.00,0.00,None,N/A,
72.2812,cer,MenuSelection,Menu Selection,523,262,0.00,0.00,None,N/A,
72.2906,cer,MenuSelection,Menu Selection,523,262,0.00,0.00,None,N/A,
72.3011,cer,MenuSelection,Menu Selection,523,262,0.00,0.00,None,N/A,
72.3107,cer,MenuSelection,Menu Selection,523,262,0.00,0.00,None,N/A,
72.3212,cer,MenuSelection,Menu Selection,523,262,0.00,0.00,None,N/A,
72.3306,cer,MenuSelection,Menu Selection,523,262,0.00,0.00,None,N/A,
72.3411,cer,MenuSelection,Menu Selection,523,262,0.00,0.00,None,N/A,
72.3507,cer,MenuSelection,Menu Selection,523,262,0.00,0.00,None,N/A,
72.3616,cer,MenuSelection,Menu Selection,523,262,0.00,0.00,None,N/A,
72.3710,cer,MenuSelection,Menu Selection,523,262,0.00,0.00,None,N/A,
72.3815,cer,MenuSelection,Menu Selection,523,262,0.00,0.00,None,N/A,
72.3910,cer,MenuSelection,Menu Selection,523,262,0.00,0.00,None,N/A,
72.4015,cer,MenuSelection,Menu Selection,523,262,0.00,0.00,None,N/A,
72.4109,cer,MenuSelection,Menu Selection,523,262,0.00,0.00,None,N/A,
72.4213,cer,MenuSelection,Menu Selection,523,262,0.00,0.00,None,N/A,
72.4308,cer,MenuSelection,Menu Selection,523,262,0.00,0.00,None,N/A,
72.4411,cer,MenuSelection,Menu Selection,523,262,0.00,0.00,None,N/A,
72.4516,cer,MenuSelection,Menu Selection,523,262,0.00,0.00,None,N/A,
72.4614,cer,MenuSelection,Menu Selection,523,262,0.00,0.00,None,N/A,
72.4708,cer,MenuSelection,Menu Selection,523,262,0.00,0.00,None,N/A,
72.4812,cer,MenuSelection,Menu Selection,523,262,0.00,0.00,None,N/A,
72.4914,cer,MenuSelection,Menu Selection,523,262,0.00,0.00,Left,N/A,
72.5009,cer,MenuSelection,Menu Selection,523,262,0.00,0.00,Left,N/A,
72.5114,cer,MenuSelection,Menu Selection,523,262,0.00,0.00,Left,N/A,
72.5207,cer,MenuSelection,Menu Selection,523,262,0.00,0.00,Left,N/A,
72.5312,cer,MenuSelection,Menu Selection,523,262,0.00,0.00,Left,N/A,
72.5406,cer,MenuSelection,Menu Selection,523,262,0.00,0.00,Left,N/A,
72.5512,cer,MenuSelection,Menu Selection,523,262,0.00,0.00,Left,N/A,
72.5607,cer,MenuSelection,Menu Selection,523,262,0.00,0.00,Left,N/A,
72.5713,cer,MenuSelection,Menu Selection,523,262,0.00,0.00,Left,N/A,
72.5807,cer,MenuSelection,Menu Selection,523,262,0.00,0.00,Left,N/A,
72.5911,cer,MenuSelection,Menu Selection,523,262,0.00,0.00,Left,N/A,
72.6007,cer,MenuSelection,Menu Selection,523,262,0.00,0.00,Left,N/A,
72.6112,cer,MenuSelection,Menu Selection,523,262,0.00,0.00,Left,N/A,
72.6216,cer,MenuSelection,Menu Selection,523,262,0.00,0.00,Left,N/A,
72.6311,cer,MenuSelection,Menu Selection,523,262,0.00,0.00,Left,N/A,
72.6409,cer,MenuSelection,Menu Selection,523,262,0.00,0.00,Left,N/A,
72.6515,cer,MenuSelection,Menu Selection,523,262,0.00,0.00,Left,N/A,
72.6618,cer,MenuSelection,Menu Selection,523,262,0.00,0.00,Left,N/A,
72.6686,cer,MenuSelection,Menu Selection,523,262,0.00,0.00,None,N/A,menu_item_selected_wrong
72.6713,cer,MenuSelection,Menu Selection,523,262,0.00,0.00,None,N/A,
72.6808,cer,MenuSelection,Menu Selection,523,262,0.00,0.00,None,N/A,
72.6915,cer,MenuSelection,Menu Selection,523,262,0.00,0.00,None,N/A,
72.7009,cer,MenuSelection,Menu Selection,523,262,0.00,0.00,None,N/A,
72.7114,cer,MenuSelection,Menu Selection,523,262,0.00,0.00,None,N/A,
72.7211,cer,MenuSelection,Menu Selection,523,262,0.00,0.00,None,N/A,
72.7308,cer,MenuSelection,Menu Selection,523,262,0.00,0.00,None,N/A,
72.7413,cer,MenuSelection,Menu Selection,523,262,0.00,0.00,None,N/A,
72.7508,cer,MenuSelection,Menu Selection,523,262,0.00,0.00,None,N/A,
72.7614,cer,MenuSelection,Menu Selection,523,262,0.00,0.00,None,N/A,
72.7709,cer,MenuSelection,Menu Selection,523,262,0.00,0.00,None,N/A,
72.7814,cer,MenuSelection,Menu Selection,523,262,0.00,0.00,None,N/A,
72.7910,cer,MenuSelection,Menu Selection,523,262,0.00,0.00,None,N/A,
72.8015,cer,MenuSelection,Menu Selection,523,262,0.00,0.00,None,N/A,
72.8111,cer,MenuSelection,Menu Selection,523,262,0.00,0.00,None,N/A,
72.8206,cer,MenuSelection,Menu Selection,523,262,0.00,0.00,None,N/A,
72.8311,cer,MenuSelection,Menu Selection,523,262,0.00,0.00,None,N/A,
72.8408,cer,MenuSelection,Menu Selection,523,262,0.00,0.00,None,N/A,
72.8513,cer,MenuSelection,Menu Selection,523,262,0.00,0.00,None,N/A,
72.8609,cer,MenuSelection,Menu Selection,523,262,0.00,0.00,None,N/A,
72.8713,cer,MenuSelection,Menu Selection,523,262,0.00,0.00,None,N/A,
72.8807,cer,MenuSelection,Menu Selection,523,262,0.00,0.00,None,N/A,
72.8911,cer,MenuSelection,Menu Selection,523,262,0.00,0.00,None,N/A,
72.9007,cer,MenuSelection,Menu Selection,523,262,0.00,0.00,None,N/A,
72.9111,cer,MenuSelection,Menu Selection,523,262,0.00,0.00,None,N/A,
72.9215,cer,MenuSelection,Menu Selection,523,262,0.00,0.00,None,N/A,
72.9309,cer,MenuSelection,Menu Selection,523,262,0.00,0.00,None,N/A,
72.9413,cer,MenuSelection,Menu Selection,523,262,0.00,0.00,None,N/A,
72.9508,cer,MenuSelection,Menu Selection,523,262,0.00,0.00,None,N/A,
72.9608,cer,MenuSelection,Menu Selection,523,262,0.00,0.00,None,N/A,
72.9712,cer,MenuSelection,Menu Selection,523,262,0.00,0.00,None,N/A,
72.9809,cer,MenuSelection,Menu Selection,523,262,0.00,0.00,None,N/A,
72.9915,cer,MenuSelection,Menu Selection,523,262,0.00,0.00,None,N/A,
73.0010,cer,MenuSelection,Menu Selection,523,262,0.00,0.00,None,N/A,
73.0114,cer,MenuSelection,Menu Selection,523,262,0.00,0.00,None,N/A,
73.0209,cer,MenuSelection,Menu Selection,523,262,0.00,0.00,None,N/A,
73.0314,cer,MenuSelection,Menu Selection,523,262,0.00,0.00,None,N/A,
73.0409,cer,MenuSelection,Menu Selection,523,262,0.00,0.00,None,N/A,
73.0514,cer,MenuSelection,Menu Selection,523,262,0.00,0.00,None,N/A,
73.0608,cer,MenuSelection,Menu Selection,523,262,0.00,0.00,None,N/A,
73.0712,cer,MenuSelection,Menu Selection,523,262,0.00,0.00,None,N/A,
73.0806,cer,MenuSelection,Menu Selection,523,262,0.00,0.00,None,N/A,
73.0910,cer,MenuSelection,Menu Selection,523,262,0.00,0.00,None,N/A,
73.1006,cer,MenuSelection,Menu Selection,523,262,0.00,0.00,None,N/A,
73.1111,cer,MenuSelection,Menu Selection,523,262,0.00,0.00,None,N/A,
73.1216,cer,MenuSelection,Menu Selection,523,262,0.00,0.00,None,N/A,
73.1313,cer,MenuSelection,Menu Selection,523,262,0.00,0.00,None,N/A,
73.1407,cer,MenuSelection,Menu Selection,523,262,0.00,0.00,None,N/A,
73.1511,cer,MenuSelection,Menu Selection,523,262,0.00,0.00,None,N/A,
73.1606,cer,MenuSelection,Menu Selection,523,262,0.00,0.00,None,N/A,
73.1709,cer,MenuSelection,Menu Selection,523,262,0.00,0.00,None,N/A,
73.1806,cer,MenuSelection,Menu Selection,516,255,1023.58,105835.14,None,N/A,
73.1912,cer,MenuSelection,Menu Selection,507,247,1132.37,10230.82,None,N/A,
73.2010,cer,MenuSelection,Menu Selection,485,226,3120.24,203940.96,None,N/A,
73.2107,cer,MenuSelection,Menu Selection,478,220,951.49,-223822.99,None,N/A,
73.2208,cer,MenuSelection,Menu Selection,473,216,632.70,-31500.40,None,N/A,
73.2314,cer,MenuSelection,Menu Selection,466,210,867.11,22046.83,None,N/A,
73.2410,cer,MenuSelection,Menu Selection,463,207,444.61,-44276.00,None,N/A,
73.2509,cer,MenuSelection,Menu Selection,457,202,788.98,34788.51,None,N/A,
73.2607,cer,MenuSelection,Menu Selection,455,200,286.08,-50866.09,None,N/A,
73.2707,cer,MenuSelection,Menu Selection,450,196,646.07,36323.04,None,N/A,
73.2816,cer,MenuSelection,Menu Selection,449,194,204.96,-40433.34,None,N/A,
73.2911,cer,MenuSelection,Menu Selection,446,192,379.65,18394.41,None,N/A,
73.3010,cer,MenuSelection,Menu Selection,445,191,142.44,-23892.33,None,N/A,
73.3114,cer,MenuSelection,Menu Selection,444,189,214.24,6879.73,None,N/A,
73.3208,cer,MenuSelection,Menu Selection,443,189,106.30,-11474.45,None,N/A,
73.3314,cer,MenuSelection,Menu Selection,442,187,211.97,10017.97,None,N/A,
73.3410,cer,MenuSelection,Menu Selection,442,187,0.00,-22143.40,None,N/A,
73.3510,cer,MenuSelection,Menu Selection,442,187,0.00,0.00,None,N/A,
73.3615,cer,MenuSelection,Menu Selection,441,186,134.57,12804.18,None,N/A,
73.3708,cer,MenuSelection,Menu Selection,441,186,0.00,-14482.40,None,N/A,
73.3811,cer,MenuSelection,Menu Selection,440,185,136.32,13140.04,None,N/A,
73.3907,cer,MenuSelection,Menu Selection,440,185,0.00,-14239.25,None,N/A,
73.4012,cer,MenuSelection,Menu Selection,440,185,0.00,0.00,None,N/A,
73.4106,cer,MenuSelection,Menu Selection,440,185,0.00,0.00,None,N/A,
73.4210,cer,MenuSelection,Menu Selection,440,185,0.00,0.00,None,N/A,
73.4314,cer,MenuSelection,Menu Selection,440,185,0.00,0.00,None,N/A,
73.4408,cer,MenuSelection,Menu Selection,440,185,0.00,0.00,None,N/A,
73.4512,cer,MenuSelection,Menu Selection,440,185,0.00,0.00,None,N/A,
73.4607,cer,MenuSelection,Menu Selection,440,185,0.00,0.00,None,N/A,
73.4713,cer,MenuSelection,Menu Selection,440,185,0.00,0.00,None,N/A,
73.4807,cer,MenuSelection,Menu Selection,440,185,0.00,0.00,None,N/A,
73.4913,cer,MenuSelection,Menu Selection,440,185,0.00,0.00,None,N/A,
73.5009,cer,MenuSelection,Menu Selection,440,185,0.00,0.00,None,N/A,
73.5114,cer,MenuSelection,Menu Selection,441,185,94.45,8920.27,None,N/A,
73.5206,cer,MenuSelection,Menu Selection,441,185,0.00,-10262.96,None,N/A,
73.5305,cer,MenuSelection,Menu Selection,441,185,0.00,0.00,None,N/A,
73.5409,cer,MenuSelection,Menu Selection,441,185,0.00,0.00,None,N/A,
73.5515,cer,MenuSelection,Menu Selection,441,185,0.00,0.00,None,N/A,
73.5609,cer,MenuSelection,Menu Selection,441,185,0.00,0.00,None,N/A,
73.5713,cer,MenuSelection,Menu Selection,441,185,0.00,0.00,None,N/A,
73.5807,cer,MenuSelection,Menu Selection,441,185,0.00,0.00,None,N/A,
73.5911,cer,MenuSelection,Menu Selection,441,185,0.00,0.00,None,N/A,
73.6008,cer,MenuSelection,Menu Selection,441,185,0.00,0.00,None,N/A,
73.6115,cer,MenuSelection,Menu Selection,441,185,0.00,0.00,None,N/A,
73.6211,cer,MenuSelection,Menu Selection,441,185,0.00,0.00,None,N/A,
73.6312,cer,MenuSelection,Menu Selection,441,185,0.00,0.00,None,N/A,
73.6408,cer,MenuSelection,Menu Selection,441,185,0.00,0.00,None,N/A,
73.6513,cer,MenuSelection,Menu Selection,441,185,0.00,0.00,None,N/A,
73.6607,cer,MenuSelection,Menu Selection,441,185,0.00,0.00,None,N/A,
73.6711,cer,MenuSelection,Menu Selection,441,185,0.00,0.00,None,N/A,
73.6806,cer,MenuSelection,Menu Selection,441,185,0.00,0.00,None,N/A,
73.6912,cer,MenuSelection,Menu Selection,441,185,0.00,0.00,None,N/A,
73.7008,cer,MenuSelection,Menu Selection,441,185,0.00,0.00,None,N/A,
73.7112,cer,MenuSelection,Menu Selection,441,185,0.00,0.00,Left,N/A,
73.7206,cer,MenuSelection,Menu Selection,441,185,0.00,0.00,Left,N/A,
73.7312,cer,MenuSelection,Menu Selection,441,185,0.00,0.00,Left,N/A,
73.7408,cer,MenuSelection,Menu Selection,441,185,0.00,0.00,Left,N/A,
73.7513,cer,MenuSelection,Menu Selection,441,185,0.00,0.00,Left,N/A,
73.7608,cer,MenuSelection,Menu Selection,441,185,0.00,0.00,Left,N/A,
73.7719,cer,MenuSelection,Menu Selection,441,185,0.00,0.00,Left,N/A,
73.7815,cer,MenuSelection,Menu Selection,441,185,0.00,0.00,Left,N/A,
73.7910,cer,MenuSelection,Menu Selection,441,185,0.00,0.00,Left,N/A,
73.8006,cer,MenuSelection,Menu Selection,441,185,0.00,0.00,Left,N/A,
73.8112,cer,MenuSelection,Menu Selection,441,185,0.00,0.00,Left,N/A,
73.8206,cer,MenuSelection,Menu Selection,441,185,0.00,0.00,Left,N/A,
73.8317,cer,MenuSelection,Menu Selection,441,185,0.00,0.00,Left,N/A,
73.8414,cer,MenuSelection,Menu Selection,441,185,0.00,0.00,Left,N/A,
73.8512,cer,MenuSelection,Menu Selection,441,185,0.00,0.00,Left,N/A,
73.8608,cer,MenuSelection,Menu Selection,441,185,0.00,0.00,Left,N/A,
73.8712,cer,MenuSelection,Menu Selection,441,185,0.00,0.00,Left,N/A,
73.8806,cer,MenuSelection,Menu Selection,441,185,0.00,0.00,Left,N/A,
73.8935,cer,MenuSelection,Menu Selection,441,185,0.00,0.00,None,N/A,
73.9012,cer,MenuSelection,Menu Selection,441,185,0.00,0.00,None,N/A,
73.9111,cer,MenuSelection,Menu Selection,441,185,0.00,0.00,None,N/A,
73.9215,cer,MenuSelection,Menu Selection,441,185,0.00,0.00,None,N/A,
73.9310,cer,MenuSelection,Menu Selection,441,185,0.00,0.00,None,N/A,
73.9416,cer,MenuSelection,Menu Selection,441,185,0.00,0.00,None,N/A,
73.9511,cer,MenuSelection,Menu Selection,441,185,0.00,0.00,None,N/A,
73.9607,cer,MenuSelection,Menu Selection,441,185,0.00,0.00,None,N/A,
73.9714,cer,MenuSelection,Menu Selection,441,185,0.00,0.00,None,N/A,
73.9813,cer,MenuSelection,Menu Selection,441,185,0.00,0.00,None,N/A,
73.9909,cer,MenuSelection,Menu Selection,441,185,0.00,0.00,None,N/A,
74.0013,cer,MenuSelection,Menu Selection,441,185,0.00,0.00,None,N/A,
74.0108,cer,MenuSelection,Menu Selection,441,185,0.00,0.00,None,N/A,
74.0212,cer,MenuSelection,Menu Selection,441,185,0.00,0.00,None,N/A,
74.0307,cer,MenuSelection,Menu Selection,441,185,0.00,0.00,None,N/A,
74.0412,cer,MenuSelection,Menu Selection,441,185,0.00,0.00,None,N/A,
74.0507,cer,MenuSelection,Menu Selection,441,185,0.00,0.00,None,N/A,
74.0613,cer,MenuSelection,Menu Selection,441,185,0.00,0.00,None,N/A,
74.0708,cer,MenuSelection,Menu Selection,441,185,0.00,0.00,None,N/A,
74.0814,cer,MenuSelection,Menu Selection,441,185,0.00,0.00,None,N/A,
74.0908,cer,MenuSelection,Menu Selection,441,185,0.00,0.00,None,N/A,
74.1014,cer,MenuSelection,Menu Selection,441,185,0.00,0.00,None,N/A,
74.1110,cer,MenuSelection,Menu Selection,441,185,0.00,0.00,None,N/A,
74.1206,cer,MenuSelection,Menu Selection,441,185,0.00,0.00,None,N/A,
74.1310,cer,MenuSelection,Menu Selection,441,185,0.00,0.00,None,N/A,
74.1416,cer,MenuSelection,Menu Selection,441,185,0.00,0.00,None,N/A,
74.1511,cer,MenuSelection,Menu Selection,441,185,0.00,0.00,None,N/A,
74.1609,cer,MenuSelection,Menu Selection,441,185,0.00,0.00,None,N/A,
74.1713,cer,MenuSelection,Menu Selection,441,185,0.00,0.00,None,N/A,
74.1807,cer,MenuSelection,Menu Selection,441,185,0.00,0.00,None,N/A,
74.1912,cer,MenuSelection,Menu Selection,441,185,0.00,0.00,None,N/A,
74.2007,cer,MenuSelection,Menu Selection,441,185,0.00,0.00,None,N/A,
74.2106,cer,MenuSelection,Menu Selection,443,186,226.84,23011.12,None,N/A,
74.2206,cer,MenuSelection,Menu Selection,444,187,140.91,-8561.47,None,N/A,
74.2309,cer,MenuSelection,Menu Selection,449,190,567.11,41452.17,None,N/A,
74.2411,cer,MenuSelection,Menu Selection,452,192,353.44,-20945.60,None,N/A,
74.2507,cer,MenuSelection,Menu Selection,456,194,466.76,11826.34,None,N/A,
74.2615,cer,MenuSelection,Menu Selection,457,195,130.98,-31098.30,None,N/A,
74.2711,cer,MenuSelection,Menu Selection,460,196,329.64,20709.35,None,N/A,
74.2811,cer,MenuSelection,Menu Selection,461,197,140.84,-18802.69,None,N/A,
74.2910,cer,MenuSelection,Menu Selection,462,197,101.04,-4021.21,None,N/A,
74.3008,cer,MenuSelection,Menu Selection,463,198,144.42,4430.69,None,N/A,
74.3106,cer,MenuSelection,Menu Selection,464,198,101.73,-4343.16,None,N/A,
74.3213,cer,MenuSelection,Menu Selection,465,199,132.56,2889.93,None,N/A,
74.3310,cer,MenuSelection,Menu Selection,465,199,0.00,-13649.71,None,N/A,
74.3408,cer,MenuSelection,Menu Selection,466,200,144.15,14693.19,None,N/A,
74.3512,cer,MenuSelection,Menu Selection,466,200,0.00,-13811.46,None,N/A,
74.3608,cer,MenuSelection,Menu Selection,466,200,0.00,0.00,None,N/A,
74.3714,cer,MenuSelection,Menu Selection,466,200,0.00,0.00,None,N/A,
74.3808,cer,MenuSelection,Menu Selection,466,200,0.00,0.00,None,N/A,
74.3912,cer,MenuSelection,Menu Selection,466,200,0.00,0.00,None,N/A,
74.4007,cer,MenuSelection,Menu Selection,466,200,0.00,0.00,None,N/A,
74.4111,cer,MenuSelection,Menu Selection,466,200,0.00,0.00,None,N/A,
74.4208,cer,MenuSelection,Menu Selection,466,200,0.00,0.00,None,N/A,
74.4311,cer,MenuSelection,Menu Selection,466,200,0.00,0.00,None,N/A,
74.4408,cer,MenuSelection,Menu Selection,466,200,0.00,0.00,None,N/A,
74.4507,cer,MenuSelection,Menu Selection,465,201,142.81,14421.37,None,N/A,
74.4613,cer,MenuSelection,Menu Selection,465,201,0.00,-13525.53,None,N/A,
74.4711,cer,MenuSelection,Menu Selection,464,202,143.81,14624.88,None,N/A,
74.4809,cer,MenuSelection,Menu Selection,464,202,0.00,-14721.96,None,N/A,
74.4905,cer,MenuSelection,Menu Selection,463,203,146.29,15132.73,None,N/A,
74.5016,cer,MenuSelection,Menu Selection,463,203,0.00,-13224.43,None,N/A,
74.5106,cer,MenuSelection,Menu Selection,462,204,157.58,17559.51,None,N/A,
74.5211,cer,MenuSelection,Menu Selection,462,204,0.00,-14963.95,None,N/A,
74.5311,cer,MenuSelection,Menu Selection,461,205,141.77,14211.88,None,N/A,
74.5407,cer,MenuSelection,Menu Selection,461,205,0.00,-14669.06,None,N/A,
74.5508,cer,MenuSelection,Menu Selection,460,206,139.75,13809.62,None,N/A,
74.5612,cer,MenuSelection,Menu Selection,460,206,0.00,-13531.31,None,N/A,
74.5715,cer,MenuSelection,Menu Selection,460,207,96.57,9325.24,None,N/A,
74.5809,cer,MenuSelection,Menu Selection,460,207,0.00,-10348.83,None,N/A,
74.5907,cer,MenuSelection,Menu Selection,460,207,0.00,0.00,None,N/A,
74.6015,cer,MenuSelection,Menu Selection,460,208,93.01,8650.17,None,N/A,
74.6112,cer,MenuSelection,Menu Selection,460,208,0.00,-9555.34,None,N/A,
74.6208,cer,MenuSelection,Menu Selection,460,209,103.60,10732.73,None,N/A,
74.6307,cer,MenuSelection,Menu Selection,460,209,0.00,-10494.51,None,N/A,
74.6409,cer,MenuSelection,Menu Selection,460,209,0.00,0.00,None,N/A,
74.6515,cer,MenuSelection,Menu Selection,460,209,0.00,0.00,None,N/A,
74.6610,cer,MenuSelection,Menu Selection,460,209,0.00,0.00,None,N/A,
74.6716,cer,MenuSelection,Menu Selection,460,209,0.00,0.00,None,N/A,
74.6812,cer,MenuSelection,Menu Selection,460,209,0.00,0.00,None,N/A,
74.6908,cer,MenuSelection,Menu Selection,460,210,104.15,10847.09,None,N/A,
74.7012,cer,MenuSelection,Menu Selection,460,210,0.00,-9982.50,None,N/A,
74.7107,cer,MenuSelection,Menu Selection,460,210,0.00,0.00,None,N/A,
74.7212,cer,MenuSelection,Menu Selection,460,210,0.00,0.00,None,N/A,
74.7309,cer,MenuSelection,Menu Selection,460,210,0.00,0.00,None,N/A,
74.7407,cer,MenuSelection,Menu Selection,460,210,0.00,0.00,None,N/A,
74.7511,cer,MenuSelection,Menu Selection,460,210,0.00,0.00,None,N/A,
74.7616,cer,MenuSelection,Menu Selection,460,210,0.00,0.00,None,N/A,
74.7711,cer,MenuSelection,Menu Selection,460,210,0.00,0.00,None,N/A,
74.7807,cer,MenuSelection,Menu Selection,460,210,0.00,0.00,None,N/A,
74.7912,cer,MenuSelection,Menu Selection,460,210,0.00,0.00,None,N/A,
74.8007,cer,MenuSelection,Menu Selection,460,210,0.00,0.00,None,N/A,
74.8113,cer,MenuSelection,Menu Selection,460,210,0.00,0.00,None,N/A,
74.8209,cer,MenuSelection,Menu Selection,460,210,0.00,0.00,None,N/A,
74.8338,cer,MenuSelection,Menu Selection,460,210,0.00,0.00,None,N/A,
74.8406,cer,MenuSelection,Menu Selection,460,210,0.00,0.00,None,N/A,
74.8511,cer,MenuSelection,Menu Selection,460,210,0.00,0.00,None,N/A,
74.8615,cer,MenuSelection,Menu Selection,460,210,0.00,0.00,None,N/A,
74.8710,cer,MenuSelection,Menu Selection,460,210,0.00,0.00,None,N/A,
74.8815,cer,MenuSelection,Menu Selection,460,210,0.00,0.00,None,N/A,
74.8911,cer,MenuSelection,Menu Selection,460,210,0.00,0.00,None,N/A,
74.9016,cer,MenuSelection,Menu Selection,460,210,0.00,0.00,None,N/A,
74.9110,cer,MenuSelection,Menu Selection,460,210,0.00,0.00,None,N/A,
74.9216,cer,MenuSelection,Menu Selection,460,210,0.00,0.00,None,N/A,
74.9313,cer,MenuSelection,Menu Selection,460,210,0.00,0.00,None,N/A,
74.9409,cer,MenuSelection,Menu Selection,460,210,0.00,0.00,None,N/A,
74.9514,cer,MenuSelection,Menu Selection,460,210,0.00,0.00,None,N/A,
74.9608,cer,MenuSelection,Menu Selection,460,210,0.00,0.00,None,N/A,
74.9713,cer,MenuSelection,Menu Selection,460,210,0.00,0.00,None,N/A,
74.9807,cer,MenuSelection,Menu Selection,460,210,0.00,0.00,None,N/A,
74.9912,cer,MenuSelection,Menu Selection,460,210,0.00,0.00,None,N/A,
75.0007,cer,MenuSelection,Menu Selection,460,210,0.00,0.00,None,N/A,
75.0111,cer,MenuSelection,Menu Selection,460,210,0.00,0.00,None,N/A,
75.0206,cer,MenuSelection,Menu Selection,460,210,0.00,0.00,None,N/A,
75.0311,cer,MenuSelection,Menu Selection,460,210,0.00,0.00,None,N/A,
75.0407,cer,MenuSelection,Menu Selection,460,210,0.00,0.00,None,N/A,
75.0512,cer,MenuSelection,Menu Selection,460,210,0.00,0.00,None,N/A,
75.0613,cer,MenuSelection,Menu Selection,460,210,0.00,0.00,None,N/A,
75.0710,cer,MenuSelection,Menu Selection,461,210,102.81,10569.20,None,N/A,
75.0808,cer,MenuSelection,Menu Selection,467,212,642.52,54830.32,None,N/A,
75.0913,cer,MenuSelection,Menu Selection,471,213,395.24,-23704.41,None,N/A,
75.1013,cer,MenuSelection,Menu Selection,480,215,919.13,52228.64,None,N/A,
75.1107,cer,MenuSelection,Menu Selection,485,216,540.99,-40119.40,None,N/A,
75.1213,cer,MenuSelection,Menu Selection,494,217,852.74,29357.58,None,N/A,
75.1307,cer,MenuSelection,Menu Selection,499,218,543.72,-32951.32,None,N/A,
75.1412,cer,MenuSelection,Menu Selection,503,218,381.28,-15483.99,None,N/A,
75.1515,cer,MenuSelection,Menu Selection,509,219,592.20,20533.63,None,N/A,
75.1608,cer,MenuSelection,Menu Selection,512,219,322.22,-28997.19,None,N/A,
75.1715,cer,MenuSelection,Menu Selection,517,220,474.52,14174.04,None,N/A,
75.1815,cer,MenuSelection,Menu Selection,519,220,200.95,-27487.57,None,N/A,
75.1906,cer,MenuSelection,Menu Selection,523,220,441.51,26551.28,None,N/A,
75.2013,cer,MenuSelection,Menu Selection,524,220,92.87,-32377.89,None,N/A,
75.2108,cer,MenuSelection,Menu Selection,526,220,210.27,12342.34,None,N/A,
75.2207,cer,MenuSelection,Menu Selection,527,220,101.36,-11038.80,None,N/A,
75.2315,cer,MenuSelection,Menu Selection,529,220,185.36,7785.38,None,N/A,
75.2415,cer,MenuSelection,Menu Selection,529,220,0.00,-18594.88,None,N/A,
75.2511,cer,MenuSelection,Menu Selection,530,220,103.87,10789.15,None,N/A,
75.2610,cer,MenuSelection,Menu Selection,530,220,0.00,-10461.42,None,N/A,
75.2708,cer,MenuSelection,Menu Selection,531,219,144.39,14741.16,None,N/A,
75.2808,cer,MenuSelection,Menu Selection,531,219,0.00,-14519.56,None,N/A,
75.2915,cer,MenuSelection,Menu Selection,532,219,93.36,8715.75,None,N/A,
75.3014,cer,MenuSelection,Menu Selection,532,219,0.00,-9411.67,None,N/A,
75.3108,cer,MenuSelection,Menu Selection,532,219,0.00,0.00,None,N/A,
75.3208,cer,MenuSelection,Menu Selection,533,219,100.12,10024.38,None,N/A,
75.3312,cer,MenuSelection,Menu Selection,533,219,0.00,-9582.89,None,N/A,
75.3408,cer,MenuSelection,Menu Selection,533,219,0.00,0.00,None,N/A,
75.3513,cer,MenuSelection,Menu Selection,533,219,0.00,0.00,None,N/A,
75.3607,cer,MenuSelection,Menu Selection,533,219,0.00,0.00,None,N/A,
75.3712,cer,MenuSelection,Menu Selection,533,219,0.00,0.00,None,N/A,
75.3809,cer,MenuSelection,Menu Selection,533,219,0.00,0.00,None,N/A,
75.3915,cer,MenuSelection,Menu Selection,533,219,0.00,0.00,None,N/A,
75.4011,cer,MenuSelection,Menu Selection,533,219,0.00,0.00,None,N/A,
75.4106,cer,MenuSelection,Menu Selection,533,219,0.00,0.00,None,N/A,
75.4211,cer,MenuSelection,Menu Selection,533,219,0.00,0.00,None,N/A,
75.4316,cer,MenuSelection,Menu Selection,533,219,0.00,0.00,None,N/A,
75.4412,cer,MenuSelection,Menu Selection,533,219,0.00,0.00,None,N/A,
75.4508,cer,MenuSelection,Menu Selection,533,219,0.00,0.00,None,N/A,
75.4612,cer,MenuSelection,Menu Selection,533,219,0.00,0.00,None,N/A,
75.4715,cer,MenuSelection,Menu Selection,533,219,0.00,0.00,None,N/A,
75.4809,cer,MenuSelection,Menu Selection,533,219,0.00,0.00,None,N/A,
75.4914,cer,MenuSelection,Menu Selection,533,219,0.00,0.00,None,N/A,
75.5012,cer,MenuSelection,Menu Selection,533,219,0.00,0.00,Left,N/A,
75.5108,cer,MenuSelection,Menu Selection,533,219,0.00,0.00,Left,N/A,
75.5213,cer,MenuSelection,Menu Selection,533,219,0.00,0.00,Left,N/A,
75.5310,cer,MenuSelection,Menu Selection,533,219,0.00,0.00,Left,N/A,
75.5407,cer,MenuSelection,Menu Selection,533,219,0.00,0.00,Left,N/A,
75.5512,cer,MenuSelection,Menu Selection,533,219,0.00,0.00,Left,N/A,
75.5606,cer,MenuSelection,Menu Selection,533,219,0.00,0.00,Left,N/A,
75.5711,cer,MenuSelection,Menu Selection,533,219,0.00,0.00,Left,N/A,
75.5816,cer,MenuSelection,Menu Selection,533,219,0.00,0.00,Left,N/A,
75.5912,cer,MenuSelection,Menu Selection,533,219,0.00,0.00,Left,N/A,
75.6007,cer,MenuSelection,Menu Selection,533,219,0.00,0.00,Left,N/A,
75.6116,cer,MenuSelection,Menu Selection,533,219,0.00,0.00,Left,N/A,
75.6212,cer,MenuSelection,Menu Selection,533,219,0.00,0.00,Left,N/A,
75.6307,cer,MenuSelection,Menu Selection,533,219,0.00,0.00,Left,N/A,
75.6414,cer,MenuSelection,Menu Selection,533,219,0.00,0.00,Left,N/A,
75.6509,cer,MenuSelection,Menu Selection,533,219,0.00,0.00,Left,N/A,
75.6614,cer,MenuSelection,Menu Selection,533,219,0.00,0.00,Left,N/A,
75.6708,cer,MenuSelection,Menu Selection,533,219,0.00,0.00,Left,N/A,
75.6817,cer,MenuSelection,Menu Selection,533,219,0.00,0.00,None,N/A,menu_item_selected_correct
75.6855,cer,MenuSelection,Menu Selection,533,219,0.00,0.00,None,N/A,
75.6910,cer,MenuSelection,Menu Selection,533,219,0.00,0.00,None,N/A,
75.7015,cer,MenuSelection,Menu Selection,533,219,0.00,0.00,None,N/A,
75.7110,cer,MenuSelection,Menu Selection,533,219,0.00,0.00,None,N/A,
75.7220,cer,MenuSelection,Menu Selection,533,219,0.00,0.00,None,N/A,
75.7307,cer,MenuSelection,Menu Selection,533,219,0.00,0.00,None,N/A,
75.7412,cer,MenuSelection,Menu Selection,533,219,0.00,0.00,None,N/A,
75.7512,cer,MenuSelection,Menu Selection,533,219,0.00,0.00,None,N/A,
75.7609,cer,MenuSelection,Menu Selection,533,219,0.00,0.00,None,N/A,
75.7717,cer,MenuSelection,Menu Selection,533,219,0.00,0.00,None,N/A,
75.7813,cer,MenuSelection,Menu Selection,533,219,0.00,0.00,None,N/A,
75.7909,cer,MenuSelection,Menu Selection,533,219,0.00,0.00,None,N/A,
75.8015,cer,MenuSelection,Menu Selection,533,219,0.00,0.00,None,N/A,
75.8111,cer,MenuSelection,Menu Selection,533,219,0.00,0.00,None,N/A,
75.8206,cer,MenuSelection,Menu Selection,533,219,0.00,0.00,None,N/A,
75.8311,cer,MenuSelection,Menu Selection,533,219,0.00,0.00,None,N/A,
75.8407,cer,MenuSelection,Menu Selection,533,219,0.00,0.00,None,N/A,
75.8512,cer,MenuSelection,Menu Selection,533,219,0.00,0.00,None,N/A,
75.8606,cer,MenuSelection,Menu Selection,533,219,0.00,0.00,None,N/A,
75.8710,cer,MenuSelection,Menu Selection,533,219,0.00,0.00,None,N/A,
75.8815,cer,MenuSelection,Menu Selection,533,219,0.00,0.00,None,N/A,
75.8910,cer,MenuSelection,Menu Selection,533,219,0.00,0.00,None,N/A,
75.9015,cer,MenuSelection,Menu Selection,533,219,0.00,0.00,None,N/A,
75.9110,cer,MenuSelection,Menu Selection,533,219,0.00,0.00,None,N/A,
75.9214,cer,MenuSelection,Menu Selection,533,219,0.00,0.00,None,N/A,
75.9308,cer,MenuSelection,Menu Selection,533,219,0.00,0.00,None,N/A,
75.9414,cer,MenuSelection,Menu Selection,533,219,0.00,0.00,None,N/A,
75.9509,cer,MenuSelection,Menu Selection,533,219,0.00,0.00,None,N/A,
75.9606,cer,MenuSelection,Menu Selection,533,219,0.00,0.00,None,N/A,
75.9711,cer,MenuSelection,Menu Selection,533,219,0.00,0.00,None,N/A,
75.9815,cer,MenuSelection,Menu Selection,533,219,0.00,0.00,None,N/A,
75.9911,cer,MenuSelection,Menu Selection,533,219,0.00,0.00,None,N/A,
76.0007,cer,MenuSelection,Menu Selection,533,219,0.00,0.00,None,N/A,
76.0109,cer,MenuSelection,Menu Selection,533,219,0.00,0.00,None,N/A,
76.0213,cer,MenuSelection,Menu Selection,533,219,0.00,0.00,None,N/A,
76.0309,cer,MenuSelection,Menu Selection,533,219,0.00,0.00,None,N/A,
76.0415,cer,MenuSelection,Menu Selection,533,219,0.00,0.00,None,N/A,
76.0510,cer,MenuSelection,Menu Selection,533,219,0.00,0.00,None,N/A,
76.0614,cer,MenuSelection,Menu Selection,533,219,0.00,0.00,None,N/A,
76.0709,cer,MenuSelection,Menu Selection,533,219,0.00,0.00,None,N/A,
76.0816,cer,MenuSelection,Menu Selection,533,219,0.00,0.00,None,N/A,
76.0913,cer,MenuSelection,Menu Selection,533,219,0.00,0.00,None,N/A,
76.1008,cer,MenuSelection,Menu Selection,533,219,0.00,0.00,None,N/A,
76.1112,cer,MenuSelection,Menu Selection,533,219,0.00,0.00,None,N/A,
76.1206,cer,MenuSelection,Menu Selection,533,219,0.00,0.00,None,N/A,
76.1311,cer,MenuSelection,Menu Selection,533,219,0.00,0.00,None,N/A,
76.1407,cer,MenuSelection,Menu Selection,533,219,0.00,0.00,None,N/A,
76.1512,cer,MenuSelection,Menu Selection,533,219,0.00,0.00,None,N/A,
76.1606,cer,MenuSelection,Menu Selection,533,219,0.00,0.00,None,N/A,
76.1709,cer,MenuSelection,Menu Selection,533,219,0.00,0.00,None,N/A,
76.1815,cer,MenuSelection,Menu Selection,533,219,0.00,0.00,None,N/A,
76.1911,cer,MenuSelection,Menu Selection,533,219,0.00,0.00,None,N/A,
76.2016,cer,MenuSelection,Menu Selection,533,219,0.00,0.00,None,N/A,
76.2111,cer,MenuSelection,Menu Selection,533,219,0.00,0.00,None,N/A,
76.2208,cer,MenuSelection,Menu Selection,527,217,648.70,66535.26,None,N/A,
76.2308,cer,MenuSelection,Menu Selection,522,216,510.65,-13825.17,None,N/A,
76.2414,cer,MenuSelection,Menu Selection,514,212,841.01,31063.66,None,N/A,
76.2508,cer,MenuSelection,Menu Selection,510,211,442.53,-42768.75,None,N/A,
76.2607,cer,MenuSelection,Menu Selection,501,208,958.14,52075.40,None,N/A,
76.2711,cer,MenuSelection,Menu Selection,497,207,395.28,-53961.30,None,N/A,
76.2807,cer,MenuSelection,Menu Selection,494,206,327.39,-7028.77,None,N/A,
76.2915,cer,MenuSelection,Menu Selection,489,204,499.69,15987.81,None,N/A,
76.3014,cer,MenuSelection,Menu Selection,486,204,304.42,-19814.75,None,N/A,
76.3115,cer,MenuSelection,Menu Selection,483,203,312.87,836.12,None,N/A,
76.3212,cer,MenuSelection,Menu Selection,482,203,102.61,-21574.42,None,N/A,
76.3314,cer,MenuSelection,Menu Selection,479,202,312.40,20725.46,None,N/A,
76.3416,cer,MenuSelection,Menu Selection,478,202,98.04,-21015.44,None,N/A,
76.3505,cer,MenuSelection,Menu Selection,477,202,111.93,1554.91,None,N/A,
76.3609,cer,MenuSelection,Menu Selection,476,202,95.80,-1544.98,None,N/A,
76.3705,cer,MenuSelection,Menu Selection,476,201,104.06,859.80,None,N/A,
76.3806,cer,MenuSelection,Menu Selection,475,201,99.29,-473.58,None,N/A,
76.3912,cer,MenuSelection,Menu Selection,475,201,0.00,-9392.27,None,N/A,
76.4012,cer,MenuSelection,Menu Selection,475,201,0.00,0.00,None,N/A,
76.4106,cer,MenuSelection,Menu Selection,475,201,0.00,0.00,None,N/A,
76.4208,cer,MenuSelection,Menu Selection,475,200,98.22,9647.24,None,N/A,
76.4313,cer,MenuSelection,Menu Selection,475,200,0.00,-9406.26,None,N/A,
76.4408,cer,MenuSelection,Menu Selection,475,200,0.00,0.00,None,N/A,
76.4513,cer,MenuSelection,Menu Selection,475,200,0.00,0.00,None,N/A,
76.4608,cer,MenuSelection,Menu Selection,475,200,0.00,0.00,None,N/A,
76.4713,cer,MenuSelection,Menu Selection,475,200,0.00,0.00,None,N/A,
76.4807,cer,MenuSelection,Menu Selection,475,200,0.00,0.00,None,N/A,
76.4912,cer,MenuSelection,Menu Selection,475,200,0.00,0.00,None,N/A,
76.5007,cer,MenuSelection,Menu Selection,475,200,0.00,0.00,None,N/A,
76.5115,cer,MenuSelection,Menu Selection,475,200,0.00,0.00,None,N/A,
76.5212,cer,MenuSelection,Menu Selection,475,200,0.00,0.00,None,N/A,
76.5308,cer,MenuSelection,Menu Selection,475,200,0.00,0.00,None,N/A,
76.5414,cer,MenuSelection,Menu Selection,475,200,0.00,0.00,None,N/A,
76.5509,cer,MenuSelection,Menu Selection,475,200,0.00,0.00,None,N/A,
76.5614,cer,MenuSelection,Menu Selection,475,200,0.00,0.00,None,N/A,
76.5708,cer,MenuSelection,Menu Selection,475,200,0.00,0.00,None,N/A,
76.5813,cer,MenuSelection,Menu Selection,475,200,0.00,0.00,None,N/A,
76.5908,cer,MenuSelection,Menu Selection,475,200,0.00,0.00,None,N/A,
76.6013,cer,MenuSelection,Menu Selection,475,200,0.00,0.00,None,N/A,
76.6108,cer,MenuSelection,Menu Selection,475,200,0.00,0.00,None,N/A,
76.6211,cer,MenuSelection,Menu Selection,475,200,0.00,0.00,None,N/A,
76.6307,cer,MenuSelection,Menu Selection,475,200,0.00,0.00,None,N/A,
76.6415,cer,MenuSelection,Menu Selection,475,200,0.00,0.00,None,N/A,
76.6515,cer,MenuSelection,Menu Selection,475,200,0.00,0.00,None,N/A,
76.6611,cer,MenuSelection,Menu Selection,475,200,0.00,0.00,None,N/A,
76.6711,cer,MenuSelection,Menu Selection,475,200,0.00,0.00,None,N/A,
76.6808,cer,MenuSelection,Menu Selection,475,200,0.00,0.00,None,N/A,
76.6916,cer,MenuSelection,Menu Selection,475,200,0.00,0.00,None,N/A,
76.7012,cer,MenuSelection,Menu Selection,475,200,0.00,0.00,None,N/A,
76.7112,cer,MenuSelection,Menu Selection,475,200,0.00,0.00,None,N/A,
76.7208,cer,MenuSelection,Menu Selection,475,200,0.00,0.00,None,N/A,
76.7313,cer,MenuSelection,Menu Selection,475,200,0.00,0.00,None,N/A,
76.7409,cer,MenuSelection,Menu Selection,475,200,0.00,0.00,None,N/A,
76.7517,cer,MenuSelection,Menu Selection,475,200,0.00,0.00,None,N/A,
76.7613,cer,MenuSelection,Menu Selection,475,200,0.00,0.00,None,N/A,
76.7707,cer,MenuSelection,Menu Selection,475,200,0.00,0.00,None,N/A,
76.7812,cer,MenuSelection,Menu Selection,475,200,0.00,0.00,None,N/A,
76.7907,cer,MenuSelection,Menu Selection,475,200,0.00,0.00,None,N/A,
76.8014,cer,MenuSelection,Menu Selection,475,200,0.00,0.00,None,N/A,
76.8115,cer,MenuSelection,Menu Selection,475,200,0.00,0.00,None,N/A,
76.8211,cer,MenuSelection,Menu Selection,475,200,0.00,0.00,None,N/A,
76.8307,cer,MenuSelection,Menu Selection,475,200,0.00,0.00,None,N/A,
76.8412,cer,MenuSelection,Menu Selection,475,200,0.00,0.00,None,N/A,
76.8507,cer,MenuSelection,Menu Selection,475,200,0.00,0.00,None,N/A,
76.8611,cer,MenuSelection,Menu Selection,475,200,0.00,0.00,None,N/A,
76.8707,cer,MenuSelection,Menu Selection,475,200,0.00,0.00,None,N/A,
76.8813,cer,MenuSelection,Menu Selection,475,200,0.00,0.00,None,N/A,
76.8909,cer,MenuSelection,Menu Selection,475,200,0.00,0.00,None,N/A,
76.9007,cer,MenuSelection,Menu Selection,475,200,0.00,0.00,None,N/A,
76.9107,cer,MenuSelection,Menu Selection,475,200,0.00,0.00,Left,N/A,
76.9211,cer,MenuSelection,Menu Selection,475,200,0.00,0.00,Left,N/A,
76.9306,cer,MenuSelection,Menu Selection,475,200,0.00,0.00,Left,N/A,
76.9412,cer,MenuSelection,Menu Selection,475,200,0.00,0.00,Left,N/A,
76.9507,cer,MenuSelection,Menu Selection,475,200,0.00,0.00,Left,N/A,
76.9612,cer,MenuSelection,Menu Selection,475,200,0.00,0.00,Left,N/A,
76.9707,cer,MenuSelection,Menu Selection,475,200,0.00,0.00,Left,N/A,
76.9812,cer,MenuSelection,Menu Selection,475,200,0.00,0.00,Left,N/A,
76.9908,cer,MenuSelection,Menu Selection,475,200,0.00,0.00,Left,N/A,
77.0013,cer,MenuSelection,Menu Selection,475,200,0.00,0.00,Left,N/A,
77.0108,cer,MenuSelection,Menu Selection,475,200,0.00,0.00,Left,N/A,
77.0212,cer,MenuSelection,Menu Selection,475,200,0.00,0.00,Left,N/A,
77.0308,cer,MenuSelection,Menu Selection,475,200,0.00,0.00,Left,N/A,
77.0416,cer,MenuSelection,Menu Selection,475,200,0.00,0.00,Left,N/A,
77.0512,cer,MenuSelection,Menu Selection,475,200,0.00,0.00,Left,N/A,
77.0607,cer,MenuSelection,Menu Selection,475,200,0.00,0.00,Left,N/A,
77.0711,cer,MenuSelection,Menu Selection,475,200,0.00,0.00,Left,N/A,
77.0806,cer,MenuSelection,Menu Selection,475,200,0.00,0.00,Left,N/A,
77.0933,cer,MenuSelection,Menu Selection,475,200,0.00,0.00,None,N/A,
77.1006,cer,MenuSelection,Menu Selection,475,200,0.00,0.00,None,N/A,
77.1111,cer,MenuSelection,Menu Selection,475,200,0.00,0.00,None,N/A,
77.1215,cer,MenuSelection,Menu Selection,475,200,0.00,0.00,None,N/A,
77.1310,cer,MenuSelection,Menu Selection,475,200,0.00,0.00,None,N/A,
77.1406,cer,MenuSelection,Menu Selection,475,200,0.00,0.00,None,N/A,
77.1512,cer,MenuSelection,Menu Selection,475,200,0.00,0.00,None,N/A,
77.1606,cer,MenuSelection,Menu Selection,475,200,0.00,0.00,None,N/A,
77.1710,cer,MenuSelection,Menu Selection,475,200,0.00,0.00,None,N/A,
77.1815,cer,MenuSelection,Menu Selection,475,200,0.00,0.00,None,N/A,
77.1910,cer,MenuSelection,Menu Selection,475,200,0.00,0.00,None,N/A,
77.2015,cer,MenuSelection,Menu Selection,475,200,0.00,0.00,None,N/A,
77.2113,cer,MenuSelection,Menu Selection,475,200,0.00,0.00,None,N/A,
77.2210,cer,MenuSelection,Menu Selection,475,200,0.00,0.00,None,N/A,
77.2315,cer,MenuSelection,Menu Selection,475,200,0.00,0.00,None,N/A,
77.2414,cer,MenuSelection,Menu Selection,475,200,0.00,0.00,None,N/A,
77.2508,cer,MenuSelection,Menu Selection,475,200,0.00,0.00,None,N/A,
77.2612,cer,MenuSelection,Menu Selection,475,200,0.00,0.00,None,N/A,
77.2706,cer,MenuSelection,Menu Selection,475,200,0.00,0.00,None,N/A,
77.2810,cer,MenuSelection,Menu Selection,475,200,0.00,0.00,None,N/A,
77.2906,cer,MenuSelection,Menu Selection,475,200,0.00,0.00,None,N/A,
77.3011,cer,MenuSelection,Menu Selection,475,200,0.00,0.00,None,N/A,
77.3119,cer,MenuSelection,Menu Selection,475,200,0.00,0.00,None,N/A,
77.3215,cer,MenuSelection,Menu Selection,475,200,0.00,0.00,None,N/A,
77.3310,cer,MenuSelection,Menu Selection,475,200,0.00,0.00,None,N/A,
77.3416,cer,MenuSelection,Menu Selection,475,200,0.00,0.00,None,N/A,
77.3510,cer,MenuSelection,Menu Selection,475,200,0.00,0.00,None,N/A,
77.3616,cer,MenuSelection,Menu Selection,475,200,0.00,0.00,None,N/A,
77.3709,cer,MenuSelection,Menu Selection,475,200,0.00,0.00,None,N/A,
77.3814,cer,MenuSelection,Menu Selection,475,200,0.00,0.00,None,N/A,
77.3910,cer,MenuSelection,Menu Selection,475,200,0.00,0.00,None,N/A,
77.4008,cer,MenuSelection,Menu Selection,475,200,0.00,0.00,None,N/A,
77.4112,cer,MenuSelection,Menu Selection,475,200,0.00,0.00,None,N/A,
77.4216,cer,MenuSelection,Menu Selection,475,200,0.00,0.00,None,N/A,
77.4310,cer,MenuSelection,Menu Selection,475,200,0.00,0.00,None,N/A,
77.4410,cer,MenuSelection,Menu Selection,474,202,223.59,22357.52,None,N/A,
77.4512,cer,MenuSelection,Menu Selection,473,203,139.02,-8313.68,None,N/A,
77.4607,cer,MenuSelection,Menu Selection,472,205,234.45,10005.56,None,N/A,
77.4712,cer,MenuSelection,Menu Selection,470,208,344.93,10569.71,None,N/A,
77.4815,cer,MenuSelection,Menu Selection,469,210,216.62,-12429.94,None,N/A,
77.4906,cer,MenuSelection,Menu Selection,465,213,550.61,36778.65,None,N/A,
77.5016,cer,MenuSelection,Menu Selection,463,214,203.17,-31568.00,None,N/A,
77.5112,cer,MenuSelection,Menu Selection,459,217,521.21,33154.03,None,N/A,
77.5212,cer,MenuSelection,Menu Selection,457,217,199.24,-32074.94,None,N/A,
77.5315,cer,MenuSelection,Menu Selection,454,219,350.47,14699.97,None,N/A,
77.5410,cer,MenuSelection,Menu Selection,453,220,148.94,-21224.25,None,N/A,
77.5507,cer,MenuSelection,Menu Selection,450,222,372.19,23045.72,None,N/A,
77.5610,cer,MenuSelection,Menu Selection,449,223,136.98,-22782.42,None,N/A,
77.5712,cer,MenuSelection,Menu Selection,447,225,276.74,13674.12,None,N/A,
77.5808,cer,MenuSelection,Menu Selection,446,226,147.98,-13473.07,None,N/A,
77.5907,cer,MenuSelection,Menu Selection,445,227,142.33,-568.61,None,N/A,
77.6012,cer,MenuSelection,Menu Selection,444,229,213.63,6811.98,None,N/A,
77.6112,cer,MenuSelection,Menu Selection,443,230,141.78,-7203.64,None,N/A,
77.6210,cer,MenuSelection,Menu Selection,442,233,322.46,18424.60,None,N/A,
77.6312,cer,MenuSelection,Menu Selection,442,234,97.88,-21982.63,None,N/A,
77.6414,cer,MenuSelection,Menu Selection,442,237,294.73,19338.88,None,N/A,
77.6515,cer,MenuSelection,Menu Selection,442,238,99.13,-19389.64,None,N/A,
77.6610,cer,MenuSelection,Menu Selection,442,241,313.84,22462.29,None,N/A,
77.6710,cer,MenuSelection,Menu Selection,443,243,224.42,-8974.81,None,N/A,
77.6807,cer,MenuSelection,Menu Selection,443,244,102.97,-12505.70,None,N/A,
77.6914,cer,MenuSelection,Menu Selection,443,247,279.42,16434.02,None,N/A,
77.7013,cer,MenuSelection,Menu Selection,444,248,143.91,-13789.00,None,N/A,
77.7110,cer,MenuSelection,Menu Selection,444,250,205.21,6289.23,None,N/A,
77.7210,cer,MenuSelection,Menu Selection,444,251,99.85,-10519.78,None,N/A,
77.7310,cer,MenuSelection,Menu Selection,445,253,223.93,12426.34,None,N/A,
77.7415,cer,MenuSelection,Menu Selection,445,254,95.46,-12263.92,None,N/A,
77.7514,cer,MenuSelection,Menu Selection,445,255,100.86,544.49,None,N/A,
77.7614,cer,MenuSelection,Menu Selection,445,255,0.00,-10099.83,None,N/A,
77.7711,cer,MenuSelection,Menu Selection,445,256,102.59,10523.75,None,N/A,
77.7810,cer,MenuSelection,Menu Selection,445,256,0.00,-10385.07,None,N/A,
77.7906,cer,MenuSelection,Menu Selection,445,257,104.62,10945.80,None,N/A,
77.8006,cer,MenuSelection,Menu Selection,446,257,99.94,-468.12,None,N/A,
77.8110,cer,MenuSelection,Menu Selection,446,257,0.00,-9589.82,None,N/A,
77.8212,cer,MenuSelection,Menu Selection,446,257,0.00,0.00,None,N/A,
77.8307,cer,MenuSelection,Menu Selection,446,257,0.00,0.00,None,N/A,
77.8413,cer,MenuSelection,Menu Selection,446,257,0.00,0.00,None,N/A,
77.8508,cer,MenuSelection,Menu Selection,446,257,0.00,0.00,None,N/A,
77.8610,cer,MenuSelection,Menu Selection,446,257,0.00,0.00,None,N/A,
77.8707,cer,MenuSelection,Menu Selection,446,257,0.00,0.00,None,N/A,
77.8812,cer,MenuSelection,Menu Selection,446,257,0.00,0.00,None,N/A,
77.8908,cer,MenuSelection,Menu Selection,446,257,0.00,0.00,None,N/A,
77.9007,cer,MenuSelection,Menu Selection,446,257,0.00,0.00,None,N/A,
77.9107,cer,MenuSelection,Menu Selection,446,257,0.00,0.00,None,N/A,
77.9211,cer,MenuSelection,Menu Selection,446,257,0.00,0.00,None,N/A,
77.9316,cer,MenuSelection,Menu Selection,446,257,0.00,0.00,None,N/A,
77.9408,cer,MenuSelection,Menu Selection,446,257,0.00,0.00,None,N/A,
77.9512,cer,MenuSelection,Menu Selection,447,257,95.80,9177.17,None,N/A,
77.9607,cer,MenuSelection,Menu Selection,447,257,0.00,-10103.45,None,N/A,
77.9712,cer,MenuSelection,Menu Selection,447,257,0.00,0.00,None,N/A,
77.9806,cer,MenuSelection,Menu Selection,447,257,0.00,0.00,None,N/A,
77.9906,cer,MenuSelection,Menu Selection,447,257,0.00,0.00,None,N/A,
78.0015,cer,MenuSelection,Menu Selection,448,257,91.78,8422.66,None,N/A,
78.0113,cer,MenuSelection,Menu Selection,448,257,0.00,-9360.74,None,N/A,
78.0208,cer,MenuSelection,Menu Selection,448,257,0.00,0.00,None,N/A,
78.0313,cer,MenuSelection,Menu Selection,448,257,0.00,0.00,None,N/A,
78.0408,cer,MenuSelection,Menu Selection,448,257,0.00,0.00,None,N/A,
78.0512,cer,MenuSelection,Menu Selection,448,257,0.00,0.00,None,N/A,
78.0610,cer,MenuSelection,Menu Selection,448,257,0.00,0.00,None,N/A,
78.0715,cer,MenuSelection,Menu Selection,448,257,0.00,0.00,None,N/A,
78.0810,cer,MenuSelection,Menu Selection,448,257,0.00,0.00,None,N/A,
78.0908,cer,MenuSelection,Menu Selection,448,257,0.00,0.00,None,N/A,
78.1013,cer,MenuSelection,Menu Selection,448,257,0.00,0.00,None,N/A,
78.1111,cer,MenuSelection,Menu Selection,448,257,0.00,0.00,None,N/A,
78.1208,cer,MenuSelection,Menu Selection,448,257,0.00,0.00,None,N/A,
78.1313,cer,MenuSelection,Menu Selection,448,257,0.00,0.00,None,N/A,
78.1412,cer,MenuSelection,Menu Selection,448,257,0.00,0.00,None,N/A,
78.1508,cer,MenuSelection,Menu Selection,448,257,0.00,0.00,None,N/A,
78.1615,cer,MenuSelection,Menu Selection,448,257,0.00,0.00,None,N/A,
78.1709,cer,MenuSelection,Menu Selection,448,257,0.00,0.00,None,N/A,
78.1814,cer,MenuSelection,Menu Selection,448,257,0.00,0.00,None,N/A,
78.1910,cer,MenuSelection,Menu Selection,448,257,0.00,0.00,None,N/A,
78.2015,cer,MenuSelection,Menu Selection,448,257,0.00,0.00,None,N/A,
78.2110,cer,MenuSelection,Menu Selection,448,257,0.00,0.00,None,N/A,
78.2214,cer,MenuSelection,Menu Selection,448,257,0.00,0.00,None,N/A,
78.2311,cer,MenuSelection,Menu Selection,449,257,103.43,10696.76,None,N/A,
78.2408,cer,MenuSelection,Menu Selection,449,257,0.00,-10659.70,None,N/A,
78.2506,cer,MenuSelection,Menu Selection,450,257,102.44,10494.47,None,N/A,
78.2608,cer,MenuSelection,Menu Selection,450,257,0.00,-10016.44,None,N/A,
78.2713,cer,MenuSelection,Menu Selection,450,257,0.00,0.00,None,N/A,
78.2808,cer,MenuSelection,Menu Selection,450,257,0.00,0.00,None,N/A,
78.2914,cer,MenuSelection,Menu Selection,450,257,0.00,0.00,None,N/A,
78.3009,cer,MenuSelection,Menu Selection,450,257,0.00,0.00,None,N/A,
78.3114,cer,MenuSelection,Menu Selection,450,257,0.00,0.00,None,N/A,
78.3208,cer,MenuSelection,Menu Selection,450,257,0.00,0.00,None,N/A,
78.3309,cer,MenuSelection,Menu Selection,450,257,0.00,0.00,None,N/A,
78.3414,cer,MenuSelection,Menu Selection,451,257,95.42,9105.49,None,N/A,
78.3515,cer,MenuSelection,Menu Selection,451,258,99.15,369.47,None,N/A,
78.3612,cer,MenuSelection,Menu Selection,452,258,103.18,416.28,None,N/A,
78.3709,cer,MenuSelection,Menu Selection,453,258,102.50,-69.79,None,N/A,
78.3807,cer,MenuSelection,Menu Selection,455,259,229.80,13082.91,None,N/A,
78.3913,cer,MenuSelection,Menu Selection,456,259,93.53,-12745.81,None,N/A,
78.4014,cer,MenuSelection,Menu Selection,459,260,314.76,22020.80,None,N/A,
78.4112,cer,MenuSelection,Menu Selection,460,260,101.77,-21676.62,None,N/A,
78.4213,cer,MenuSelection,Menu Selection,462,260,197.64,9474.34,None,N/A,
78.4307,cer,MenuSelection,Menu Selection,466,261,441.80,26162.62,None,N/A,
78.4414,cer,MenuSelection,Menu Selection,468,261,186.24,-23798.17,None,N/A,
78.4516,cer,MenuSelection,Menu Selection,472,262,405.10,21502.72,None,N/A,
78.4613,cer,MenuSelection,Menu Selection,474,262,206.19,-20506.22,None,N/A,
78.4709,cer,MenuSelection,Menu Selection,478,263,429.90,23324.79,None,N/A,
78.4806,cer,MenuSelection,Menu Selection,480,263,205.79,-23059.77,None,N/A,
78.4906,cer,MenuSelection,Menu Selection,484,264,413.15,20777.47,None,N/A,
78.5014,cer,MenuSelection,Menu Selection,486,264,184.22,-21086.56,None,N/A,
78.5112,cer,MenuSelection,Menu Selection,492,265,621.68,44709.32,None,N/A,
78.5209,cer,MenuSelection,Menu Selection,494,266,231.52,-40396.49,None,N/A,
78.5315,cer,MenuSelection,Menu Selection,499,267,479.48,23316.73,None,N/A,
78.5412,cer,MenuSelection,Menu Selection,501,267,206.93,-28199.54,None,N/A,
78.5508,cer,MenuSelection,Menu Selection,503,268,231.39,2530.95,None,N/A,
78.5607,cer,MenuSelection,Menu Selection,506,268,305.67,7568.87,None,N/A,
78.5708,cer,MenuSelection,Menu Selection,507,269,139.87,-16398.21,None,N/A,
78.5805,cer,MenuSelection,Menu Selection,509,269,204.79,6646.39,None,N/A,
78.5913,cer,MenuSelection,Menu Selection,510,270,131.86,-6799.54,None,N/A,
78.6011,cer,MenuSelection,Menu Selection,512,270,203.47,7285.93,None,N/A,
78.6108,cer,MenuSelection,Menu Selection,513,271,145.34,-5974.41,None,N/A,
78.6211,cer,MenuSelection,Menu Selection,514,271,97.00,-4688.90,None,N/A,
78.6315,cer,MenuSelection,Menu Selection,515,272,136.53,3815.89,None,N/A,
78.6409,cer,MenuSelection,Menu Selection,515,272,0.00,-14481.56,None,N/A,
78.6511,cer,MenuSelection,Menu Selection,517,273,219.41,21528.50,None,N/A,
78.6611,cer,MenuSelection,Menu Selection,517,274,100.27,-11945.73,None,N/A,
78.6707,cer,MenuSelection,Menu Selection,519,275,232.34,13723.74,None,N/A,
78.6814,cer,MenuSelection,Menu Selection,519,276,93.83,-12996.48,None,N/A,
78.6910,cer,MenuSelection,Menu Selection,521,278,292.54,20552.30,None,N/A,
78.7012,cer,MenuSelection,Menu Selection,521,279,98.48,-19110.68,None,N/A,
78.7108,cer,MenuSelection,Menu Selection,523,281,293.61,20255.84,None,N/A,
78.7208,cer,MenuSelection,Menu Selection,523,282,100.28,-19387.04,None,N/A,
78.7308,cer,MenuSelection,Menu Selection,524,283,140.92,4050.15,None,N/A,
78.7413,cer,MenuSelection,Menu Selection,524,284,94.97,-4364.32,None,N/A,
78.7514,cer,MenuSelection,Menu Selection,524,285,99.05,403.82,None,N/A,
78.7610,cer,MenuSelection,Menu Selection,524,286,104.83,606.19,None,N/A,
78.7713,cer,MenuSelection,Menu Selection,524,286,0.00,-10119.07,None,N/A,
78.7807,cer,MenuSelection,Menu Selection,523,288,240.29,25821.74,None,N/A,
78.7906,cer,MenuSelection,Menu Selection,523,288,0.00,-24081.82,None,N/A,
78.8011,cer,MenuSelection,Menu Selection,521,289,213.60,20404.10,None,N/A,
78.8110,cer,MenuSelection,Menu Selection,520,289,100.58,-11367.50,None,N/A,
78.8216,cer,MenuSelection,Menu Selection,518,289,189.99,8494.46,None,N/A,
78.8306,cer,MenuSelection,Menu Selection,516,289,220.90,3413.36,None,N/A,
78.8405,cer,MenuSelection,Menu Selection,512,287,451.79,23325.75,None,N/A,
78.8511,cer,MenuSelection,Menu Selection,510,285,266.11,-17469.82,None,N/A,
78.8608,cer,MenuSelection,Menu Selection,504,280,805.67,55659.03,None,N/A,
78.8706,cer,MenuSelection,Menu Selection,502,277,367.97,-44670.16,None,N/A,
78.8815,cer,MenuSelection,Menu Selection,495,271,851.27,44624.05,None,N/A,
78.8911,cer,MenuSelection,Menu Selection,492,268,441.04,-42644.63,None,N/A,
78.9014,cer,MenuSelection,Menu Selection,488,264,550.26,10624.30,None,N/A,
78.9111,cer,MenuSelection,Menu Selection,483,259,727.08,18181.33,None,N/A,
78.9214,cer,MenuSelection,Menu Selection,481,256,348.30,-36590.26,None,N/A,
78.9306,cer,MenuSelection,Menu Selection,477,251,696.09,37809.19,None,N/A,
78.9412,cer,MenuSelection,Menu Selection,476,249,212.04,-45900.79,None,N/A,
78.9510,cer,MenuSelection,Menu Selection,474,245,457.07,25042.75,None,N/A,
78.9609,cer,MenuSelection,Menu Selection,473,243,226.15,-23354.15,None,N/A,
78.9709,cer,MenuSelection,Menu Selection,472,239,412.63,18661.63,None,N/A,
78.9815,cer,MenuSelection,Menu Selection,472,237,188.61,-21125.80,None,N/A,
78.9914,cer,MenuSelection,Menu Selection,471,234,319.00,13153.92,None,N/A,
79.0014,cer,MenuSelection,Menu Selection,471,233,99.68,-21862.71,None,N/A,
79.0108,cer,MenuSelection,Menu Selection,471,231,212.79,12033.92,None,N/A,
79.0208,cer,MenuSelection,Menu Selection,471,229,199.50,-1325.61,None,N/A,
79.0316,cer,MenuSelection,Menu Selection,471,228,93.09,-9905.76,None,N/A,
79.0415,cer,MenuSelection,Menu Selection,471,227,101.14,814.10,None,N/A,
79.0513,cer,MenuSelection,Menu Selection,471,226,101.40,26.28,None,N/A,
79.0610,cer,MenuSelection,Menu Selection,471,225,103.43,210.26,None,N/A,
79.0707,cer,MenuSelection,Menu Selection,471,224,103.34,-9.48,None,N/A,
79.0807,cer,MenuSelection,Menu Selection,471,224,0.00,-10342.25,None,N/A,
79.0912,cer,MenuSelection,Menu Selection,471,223,95.17,9056.80,None,N/A,
79.1011,cer,MenuSelection,Menu Selection,471,223,0.00,-9562.10,None,N/A,
79.1109,cer,MenuSelection,Menu Selection,471,222,102.09,10422.56,None,N/A,
79.1210,cer,MenuSelection,Menu Selection,471,222,0.00,-10128.21,None,N/A,
79.1316,cer,MenuSelection,Menu Selection,471,222,0.00,0.00,None,N/A,
79.1413,cer,MenuSelection,Menu Selection,471,222,0.00,0.00,None,N/A,
79.1508,cer,MenuSelection,Menu Selection,471,222,0.00,0.00,None,N/A,
79.1612,cer,MenuSelection,Menu Selection,471,222,0.00,0.00,None,N/A,
79.1706,cer,MenuSelection,Menu Selection,471,222,0.00,0.00,None,N/A,
79.1811,cer,MenuSelection,Menu Selection,471,222,0.00,0.00,None,N/A,
79.1911,cer,MenuSelection,Menu Selection,471,222,0.00,0.00,None,N/A,
79.2015,cer,MenuSelection,Menu Selection,471,222,0.00,0.00,None,N/A,
79.2109,cer,MenuSelection,Menu Selection,471,222,0.00,0.00,None,N/A,
79.2213,cer,MenuSelection,Menu Selection,471,222,0.00,0.00,None,N/A,
79.2361,cer,MenuSelection,Menu Selection,471,222,0.00,0.00,None,N/A,
79.2415,cer,MenuSelection,Menu Selection,471,222,0.00,0.00,None,N/A,
79.2515,cer,MenuSelection,Menu Selection,471,222,0.00,0.00,None,N/A,
79.2610,cer,MenuSelection,Menu Selection,471,222,0.00,0.00,None,N/A,
79.2714,cer,MenuSelection,Menu Selection,471,222,0.00,0.00,None,N/A,
79.2810,cer,MenuSelection,Menu Selection,471,222,0.00,0.00,None,N/A,
79.2915,cer,MenuSelection,Menu Selection,471,222,0.00,0.00,None,N/A,
79.3010,cer,MenuSelection,Menu Selection,471,222,0.00,0.00,None,N/A,
79.3114,cer,MenuSelection,Menu Selection,471,222,0.00,0.00,None,N/A,
79.3210,cer,MenuSelection,Menu Selection,471,222,0.00,0.00,None,N/A,
79.3316,cer,MenuSelection,Menu Selection,471,223,94.00,8835.31,None,N/A,
79.3413,cer,MenuSelection,Menu Selection,471,223,0.00,-9739.60,None,N/A,
79.3513,cer,MenuSelection,Menu Selection,471,223,0.00,0.00,None,N/A,
79.3611,cer,MenuSelection,Menu Selection,471,223,0.00,0.00,None,N/A,
79.3708,cer,MenuSelection,Menu Selection,471,223,0.00,0.00,None,N/A,
79.3815,cer,MenuSelection,Menu Selection,471,224,94.10,8855.54,None,N/A,
79.3910,cer,MenuSelection,Menu Selection,471,225,105.22,1169.40,None,N/A,
79.4011,cer,MenuSelection,Menu Selection,471,226,98.54,-657.73,None,N/A,
79.4107,cer,MenuSelection,Menu Selection,472,227,147.75,5140.59,None,N/A,
79.4215,cer,MenuSelection,Menu Selection,472,228,92.27,-5118.82,None,N/A,
79.4307,cer,MenuSelection,Menu Selection,473,229,153.97,6716.86,None,N/A,
79.4411,cer,MenuSelection,Menu Selection,473,230,96.57,-5542.83,None,N/A,
79.4511,cer,MenuSelection,Menu Selection,473,231,99.52,293.03,None,N/A,
79.4609,cer,MenuSelection,Menu Selection,473,231,0.00,-10174.05,None,N/A,
79.4710,cer,MenuSelection,Menu Selection,473,232,98.82,9765.80,None,N/A,
79.4816,cer,MenuSelection,Menu Selection,473,232,0.00,-9375.69,None,N/A,
79.4914,cer,MenuSelection,Menu Selection,473,232,0.00,0.00,None,N/A,
79.5008,cer,MenuSelection,Menu Selection,473,233,106.35,11310.71,None,N/A,
79.5112,cer,MenuSelection,Menu Selection,473,233,0.00,-10205.03,None,N/A,
79.5207,cer,MenuSelection,Menu Selection,473,233,0.00,0.00,None,N/A,
79.5313,cer,MenuSelection,Menu Selection,473,233,0.00,0.00,None,N/A,
79.5406,cer,MenuSelection,Menu Selection,473,233,0.00,0.00,None,N/A,
79.5509,cer,MenuSelection,Menu Selection,473,233,0.00,0.00,None,N/A,
79.5614,cer,MenuSelection,Menu Selection,473,233,0.00,0.00,None,N/A,
79.5709,cer,MenuSelection,Menu Selection,473,233,0.00,0.00,None,N/A,
79.5814,cer,MenuSelection,Menu Selection,473,233,0.00,0.00,None,N/A,
79.5906,cer,MenuSelection,Menu Selection,473,233,0.00,0.00,None,N/A,
79.6010,cer,MenuSelection,Menu Selection,473,233,0.00,0.00,None,N/A,
79.6115,cer,MenuSelection,Menu Selection,473,233,0.00,0.00,None,N/A,
79.6210,cer,MenuSelection,Menu Selection,473,233,0.00,0.00,None,N/A,
79.6306,cer,MenuSelection,Menu Selection,473,233,0.00,0.00,None,N/A,
79.6408,cer,MenuSelection,Menu Selection,473,233,0.00,0.00,None,N/A,
79.6510,cer,MenuSelection,Menu Selection,473,233,0.00,0.00,None,N/A,
79.6614,cer,MenuSelection,Menu Selection,473,233,0.00,0.00,None,N/A,
79.6709,cer,MenuSelection,Menu Selection,473,233,0.00,0.00,None,N/A,
79.6816,cer,MenuSelection,Menu Selection,473,234,93.44,8730.91,None,N/A,
79.6910,cer,MenuSelection,Menu Selection,473,234,0.00,-9877.09,None,N/A,
79.7012,cer,MenuSelection,Menu Selection,473,234,0.00,0.00,None,N/A,
79.7116,cer,MenuSelection,Menu Selection,474,235,136.08,13093.66,None,N/A,
79.7206,cer,MenuSelection,Menu Selection,474,235,0.00,-15002.83,None,N/A,
79.7311,cer,MenuSelection,Menu Selection,475,236,135.02,12891.18,None,N/A,
79.7410,cer,MenuSelection,Menu Selection,476,237,142.58,762.45,None,N/A,
79.7511,cer,MenuSelection,Menu Selection,476,237,0.00,-14103.08,None,N/A,
79.7616,cer,MenuSelection,Menu Selection,477,239,214.68,20611.06,None,N/A,
79.7708,cer,MenuSelection,Menu Selection,477,239,0.00,-23337.62,None,N/A,
79.7814,cer,MenuSelection,Menu Selection,478,240,133.24,12553.46,None,N/A,
79.7910,cer,MenuSelection,Menu Selection,478,241,103.96,-3044.03,None,N/A,
79.8008,cer,MenuSelection,Menu Selection,479,241,101.63,-237.06,None,N/A,
79.8107,cer,MenuSelection,Menu Selection,479,242,101.12,-51.53,None,N/A,
79.8207,cer,MenuSelection,Menu Selection,479,242,0.00,-10093.83,None,N/A,
79.8306,cer,MenuSelection,Menu Selection,479,242,0.00,0.00,None,N/A,
79.8411,cer,MenuSelection,Menu Selection,479,243,95.31,9084.40,None,N/A,
79.8513,cer,MenuSelection,Menu Selection,479,243,0.00,-9368.61,None,N/A,
79.8608,cer,MenuSelection,Menu Selection,479,243,0.00,0.00,None,N/A,
79.8712,cer,MenuSelection,Menu Selection,479,243,0.00,0.00,None,N/A,
79.8808,cer,MenuSelection,Menu Selection,479,243,0.00,0.00,None,N/A,
79.8913,cer,MenuSelection,Menu Selection,479,243,0.00,0.00,None,N/A,
79.9008,cer,MenuSelection,Menu Selection,479,243,0.00,0.00,None,N/A,
79.9105,cer,MenuSelection,Menu Selection,479,243,0.00,0.00,None,N/A,
79.9214,cer,MenuSelection,Menu Selection,479,243,0.00,0.00,None,N/A,
79.9309,cer,MenuSelection,Menu Selection,479,243,0.00,0.00,None,N/A,
79.9415,cer,MenuSelection,Menu Selection,479,243,0.00,0.00,None,N/A,
79.9510,cer,MenuSelection,Menu Selection,479,243,0.00,0.00,None,N/A,
79.9606,cer,MenuSelection,Menu Selection,479,243,0.00,0.00,None,N/A,
79.9710,cer,MenuSelection,Menu Selection,479,243,0.00,0.00,None,N/A,
79.9815,cer,MenuSelection,Menu Selection,479,243,0.00,0.00,None,N/A,
79.9913,cer,MenuSelection,Menu Selection,479,243,0.00,0.00,None,N/A,
80.0007,cer,MenuSelection,Menu Selection,479,243,0.00,0.00,None,N/A,
80.0115,cer,MenuSelection,Menu Selection,479,243,0.00,0.00,None,N/A,
80.0210,cer,MenuSelection,Menu Selection,479,243,0.00,0.00,None,N/A,
80.0315,cer,MenuSelection,Menu Selection,479,243,0.00,0.00,None,N/A,
80.0411,cer,MenuSelection,Menu Selection,479,243,0.00,0.00,None,N/A,
80.0516,cer,MenuSelection,Menu Selection,479,243,0.00,0.00,None,N/A,
80.0610,cer,MenuSelection,Menu Selection,479,243,0.00,0.00,None,N/A,
80.0716,cer,MenuSelection,Menu Selection,479,243,0.00,0.00,None,N/A,
80.0810,cer,MenuSelection,Menu Selection,479,243,0.00,0.00,None,N/A,
80.0908,cer,MenuSelection,Menu Selection,479,243,0.00,0.00,None,N/A,
80.1011,cer,MenuSelection,Menu Selection,479,243,0.00,0.00,None,N/A,
80.1106,cer,MenuSelection,Menu Selection,479,243,0.00,0.00,None,N/A,
80.1209,cer,MenuSelection,Menu Selection,479,243,0.00,0.00,None,N/A,
80.1315,cer,MenuSelection,Menu Selection,479,243,0.00,0.00,None,N/A,
80.1410,cer,MenuSelection,Menu Selection,479,243,0.00,0.00,None,N/A,
80.1515,cer,MenuSelection,Menu Selection,479,243,0.00,0.00,None,N/A,
80.1609,cer,MenuSelection,Menu Selection,479,243,0.00,0.00,None,N/A,
80.1714,cer,MenuSelection,Menu Selection,479,243,0.00,0.00,None,N/A,
80.1810,cer,MenuSelection,Menu Selection,479,243,0.00,0.00,None,N/A,
80.1911,cer,MenuSelection,Menu Selection,479,243,0.00,0.00,None,N/A,
80.2015,cer,MenuSelection,Menu Selection,479,243,0.00,0.00,None,N/A,
80.2109,cer,MenuSelection,Menu Selection,479,243,0.00,0.00,None,N/A,
80.2213,cer,MenuSelection,Menu Selection,479,243,0.00,0.00,None,N/A,
80.2308,cer,MenuSelection,Menu Selection,479,243,0.00,0.00,None,N/A,
80.2412,cer,MenuSelection,Menu Selection,479,243,0.00,0.00,None,N/A,
80.2515,cer,MenuSelection,Menu Selection,479,243,0.00,0.00,None,N/A,
80.2609,cer,MenuSelection,Menu Selection,479,243,0.00,0.00,None,N/A,
80.2706,cer,MenuSelection,Menu Selection,479,243,0.00,0.00,None,N/A,
80.2811,cer,MenuSelection,Menu Selection,479,243,0.00,0.00,None,N/A,
80.2911,cer,MenuSelection,Menu Selection,479,243,0.00,0.00,None,N/A,
80.3006,cer,MenuSelection,Menu Selection,479,243,0.00,0.00,None,N/A,
80.3107,cer,MenuSelection,Menu Selection,479,243,0.00,0.00,None,N/A,
80.3211,cer,MenuSelection,Menu Selection,479,243,0.00,0.00,None,N/A,
80.3310,cer,MenuSelection,Menu Selection,479,244,101.17,10235.85,None,N/A,
80.3410,cer,MenuSelection,Menu Selection,479,244,0.00,-10069.71,None,N/A,
80.3515,cer,MenuSelection,Menu Selection,479,244,0.00,0.00,None,N/A,
80.3609,cer,MenuSelection,Menu Selection,479,244,0.00,0.00,None,N/A,
80.3714,cer,MenuSelection,Menu Selection,479,244,0.00,0.00,None,N/A,
80.3809,cer,MenuSelection,Menu Selection,479,244,0.00,0.00,None,N/A,
80.3914,cer,MenuSelection,Menu Selection,479,244,0.00,0.00,None,N/A,
80.4009,cer,MenuSelection,Menu Selection,479,244,0.00,0.00,None,N/A,
80.4114,cer,MenuSelection,Menu Selection,479,244,0.00,0.00,None,N/A,
80.4210,cer,MenuSelection,Menu Selection,479,244,0.00,0.00,None,N/A,
80.4315,cer,MenuSelection,Menu Selection,479,244,0.00,0.00,None,N/A,
80.4410,cer,MenuSelection,Menu Selection,479,244,0.00,0.00,None,N/A,
80.4516,cer,MenuSelection,Menu Selection,479,244,0.00,0.00,None,N/A,
80.4606,cer,MenuSelection,Menu Selection,479,244,0.00,0.00,None,N/A,
80.4710,cer,MenuSelection,Menu Selection,479,244,0.00,0.00,None,N/A,
80.4815,cer,MenuSelection,Menu Selection,479,244,0.00,0.00,None,N/A,
80.4910,cer,MenuSelection,Menu Selection,479,244,0.00,0.00,None,N/A,
80.5009,cer,MenuSelection,Menu Selection,479,244,0.00,0.00,None,N/A,
80.5113,cer,MenuSelection,Menu Selection,479,244,0.00,0.00,None,N/A,
80.5208,cer,MenuSelection,Menu Selection,479,244,0.00,0.00,None,N/A,
80.5312,cer,MenuSelection,Menu Selection,479,244,0.00,0.00,None,N/A,
80.5411,cer,MenuSelection,Menu Selection,479,244,0.00,0.00,None,N/A,
80.5507,cer,MenuSelection,Menu Selection,479,244,0.00,0.00,None,N/A,
80.5608,cer,MenuSelection,Menu Selection,479,244,0.00,0.00,None,N/A,
80.5710,cer,MenuSelection,Menu Selection,480,245,138.44,13552.97,None,N/A,
80.5813,cer,MenuSelection,Menu Selection,480,245,0.00,-13519.84,None,N/A,
80.5915,cer,MenuSelection,Menu Selection,482,246,219.46,21539.59,None,N/A,
80.6006,cer,MenuSelection,Menu Selection,483,246,109.08,-12040.57,None,N/A,
80.6106,cer,MenuSelection,Menu Selection,485,247,224.81,11635.01,None,N/A,
80.6214,cer,MenuSelection,Menu Selection,485,247,0.00,-20700.58,None,N/A,
80.6312,cer,MenuSelection,Menu Selection,487,248,229.20,23492.73,None,N/A,
80.6415,cer,MenuSelection,Menu Selection,488,248,97.17,-12829.21,None,N/A,
80.6512,cer,MenuSelection,Menu Selection,489,248,103.14,614.86,None,N/A,
80.6606,cer,MenuSelection,Menu Selection,490,249,150.12,4987.83,None,N/A,
80.6710,cer,MenuSelection,Menu Selection,491,249,96.03,-5194.50,None,N/A,
80.6809,cer,MenuSelection,Menu Selection,492,249,100.60,459.45,None,N/A,
80.6910,cer,MenuSelection,Menu Selection,492,249,0.00,-10002.74,None,N/A,
80.7015,cer,MenuSelection,Menu Selection,493,249,95.65,9148.73,None,N/A,
80.7109,cer,MenuSelection,Menu Selection,493,249,0.00,-10117.55,None,N/A,
80.7214,cer,MenuSelection,Menu Selection,493,249,0.00,0.00,None,N/A,
80.7309,cer,MenuSelection,Menu Selection,493,249,0.00,0.00,None,N/A,
80.7415,cer,MenuSelection,Menu Selection,493,249,0.00,0.00,None,N/A,
80.7510,cer,MenuSelection,Menu Selection,493,249,0.00,0.00,None,N/A,
80.7608,cer,MenuSelection,Menu Selection,493,249,0.00,0.00,None,N/A,
80.7708,cer,MenuSelection,Menu Selection,492,250,141.66,14190.16,None,N/A,
80.7813,cer,MenuSelection,Menu Selection,492,250,0.00,-13503.88,None,N/A,
80.7911,cer,MenuSelection,Menu Selection,491,251,143.23,14505.76,None,N/A,
80.8009,cer,MenuSelection,Menu Selection,491,251,0.00,-14585.71,None,N/A,
80.8110,cer,MenuSelection,Menu Selection,489,252,221.34,21910.23,None,N/A,
80.8209,cer,MenuSelection,Menu Selection,488,252,101.08,-12156.14,None,N/A,
80.8309,cer,MenuSelection,Menu Selection,486,252,200.00,9893.01,None,N/A,
80.8406,cer,MenuSelection,Menu Selection,484,253,230.29,3119.56,None,N/A,
80.8507,cer,MenuSelection,Menu Selection,481,254,314.11,8325.24,None,N/A,
80.8613,cer,MenuSelection,Menu Selection,479,255,211.07,-9726.33,None,N/A,
80.8708,cer,MenuSelection,Menu Selection,477,256,236.65,2707.77,None,N/A,
80.8815,cer,MenuSelection,Menu Selection,474,258,336.38,9303.62,None,N/A,
80.8909,cer,MenuSelection,Menu Selection,473,259,150.36,-19777.26,None,N/A,
80.9015,cer,MenuSelection,Menu Selection,469,262,469.59,29981.94,None,N/A,
80.9112,cer,MenuSelection,Menu Selection,468,263,146.94,-33523.75,None,N/A,
80.9210,cer,MenuSelection,Menu Selection,465,265,365.54,22162.77,None,N/A,
80.9309,cer,MenuSelection,Menu Selection,464,266,142.92,-22498.01,None,N/A,
80.9412,cer,MenuSelection,Menu Selection,462,267,217.57,7263.26,None,N/A,
80.9508,cer,MenuSelection,Menu Selection,461,268,146.75,-7348.93,None,N/A,
80.9610,cer,MenuSelection,Menu Selection,460,269,139.26,-736.90,None,N/A,
80.9713,cer,MenuSelection,Menu Selection,459,270,137.53,-168.62,None,N/A,
80.9813,cer,MenuSelection,Menu Selection,458,271,141.33,379.52,None,N/A,
80.9909,cer,MenuSelection,Menu Selection,458,271,0.00,-14647.12,None,N/A,
81.0007,cer,MenuSelection,Menu Selection,457,271,101.90,10384.11,None,N/A,
81.0114,cer,MenuSelection,Menu Selection,457,272,93.53,-783.17,None,N/A,
81.0212,cer,MenuSelection,Menu Selection,456,272,101.91,854.37,None,N/A,
81.0312,cer,MenuSelection,Menu Selection,456,272,0.00,-10197.81,None,N/A,
81.0408,cer,MenuSelection,Menu Selection,456,272,0.00,0.00,None,N/A,
81.0515,cer,MenuSelection,Menu Selection,456,272,0.00,0.00,None,N/A,
81.0609,cer,MenuSelection,Menu Selection,456,272,0.00,0.00,None,N/A,
81.0713,cer,MenuSelection,Menu Selection,456,272,0.00,0.00,None,N/A,
81.0809,cer,MenuSelection,Menu Selection,456,272,0.00,0.00,None,N/A,
81.0914,cer,MenuSelection,Menu Selection,456,272,0.00,0.00,None,N/A,
81.1008,cer,MenuSelection,Menu Selection,456,272,0.00,0.00,None,N/A,
81.1109,cer,MenuSelection,Menu Selection,456,272,0.00,0.00,None,N/A,
81.1208,cer,MenuSelection,Menu Selection,456,272,0.00,0.00,None,N/A,
81.1317,cer,MenuSelection,Menu Selection,456,272,0.00,0.00,None,N/A,
81.1416,cer,MenuSelection,Menu Selection,456,272,0.00,0.00,None,N/A,
81.1510,cer,MenuSelection,Menu Selection,456,272,0.00,0.00,None,N/A,
81.1614,cer,MenuSelection,Menu Selection,456,272,0.00,0.00,None,N/A,
81.1708,cer,MenuSelection,Menu Selection,456,272,0.00,0.00,None,N/A,
81.1811,cer,MenuSelection,Menu Selection,456,272,0.00,0.00,None,N/A,
81.1907,cer,MenuSelection,Menu Selection,456,272,0.00,0.00,None,N/A,
81.2015,cer,MenuSelection,Menu Selection,456,271,91.97,8458.16,None,N/A,
81.2112,cer,MenuSelection,Menu Selection,457,271,103.94,1243.78,None,N/A,
81.2211,cer,MenuSelection,Menu Selection,457,270,100.39,-355.88,None,N/A,
81.2313,cer,MenuSelection,Menu Selection,457,269,97.98,-236.21,None,N/A,
81.2408,cer,MenuSelection,Menu Selection,457,269,0.00,-10331.49,None,N/A,
81.2507,cer,MenuSelection,Menu Selection,457,267,202.28,20457.89,None,N/A,
81.2611,cer,MenuSelection,Menu Selection,457,266,96.64,-10208.74,None,N/A,
81.2710,cer,MenuSelection,Menu Selection,457,265,100.82,420.85,None,N/A,
81.2808,cer,MenuSelection,Menu Selection,457,264,101.66,85.70,None,N/A,
81.2913,cer,MenuSelection,Menu Selection,457,263,95.41,-596.19,None,N/A,
81.3008,cer,MenuSelection,Menu Selection,457,263,0.00,-10075.18,None,N/A,
81.3105,cer,MenuSelection,Menu Selection,457,262,102.17,10438.31,None,N/A,
81.3212,cer,MenuSelection,Menu Selection,457,262,0.00,-9597.61,None,N/A,
81.3310,cer,MenuSelection,Menu Selection,457,262,0.00,0.00,None,N/A,
81.3407,cer,MenuSelection,Menu Selection,457,262,0.00,0.00,None,N/A,
81.3512,cer,MenuSelection,Menu Selection,457,262,0.00,0.00,None,N/A,
81.3612,cer,MenuSelection,Menu Selection,457,262,0.00,0.00,None,N/A,
81.3713,cer,MenuSelection,Menu Selection,457,262,0.00,0.00,None,N/A,
81.3809,cer,MenuSelection,Menu Selection,458,262,104.41,10902.25,None,N/A,
81.3906,cer,MenuSelection,Menu Selection,458,262,0.00,-10706.88,None,N/A,
81.4015,cer,MenuSelection,Menu Selection,458,262,0.00,0.00,None,N/A,
81.4113,cer,MenuSelection,Menu Selection,458,262,0.00,0.00,None,N/A,
81.4208,cer,MenuSelection,Menu Selection,459,263,148.68,15630.62,None,N/A,
81.4311,cer,MenuSelection,Menu Selection,459,263,0.00,-14509.39,None,N/A,
81.4405,cer,MenuSelection,Menu Selection,460,264,148.94,15684.82,None,N/A,
81.4509,cer,MenuSelection,Menu Selection,461,265,136.32,-1216.39,None,N/A,
81.4613,cer,MenuSelection,Menu Selection,462,267,215.79,7669.86,None,N/A,
81.4708,cer,MenuSelection,Menu Selection,463,268,147.83,-7104.01,None,N/A,
81.4806,cer,MenuSelection,Menu Selection,463,269,102.07,-4670.81,None,N/A,
81.4914,cer,MenuSelection,Menu Selection,465,271,262.39,14872.73,None,N/A,
81.5015,cer,MenuSelection,Menu Selection,466,272,141.06,-12102.26,None,N/A,
81.5109,cer,MenuSelection,Menu Selection,469,274,380.96,25347.02,None,N/A,
81.5210,cer,MenuSelection,Menu Selection,470,275,140.77,-23907.92,None,N/A,
81.5311,cer,MenuSelection,Menu Selection,474,277,439.93,29429.52,None,N/A,
81.5406,cer,MenuSelection,Menu Selection,475,278,149.30,-30682.12,None,N/A,
81.5511,cer,MenuSelection,Menu Selection,479,279,392.37,23131.39,None,N/A,
81.5610,cer,MenuSelection,Menu Selection,480,280,143.21,-25231.09,None,N/A,
81.5710,cer,MenuSelection,Menu Selection,484,281,411.20,26726.92,None,N/A,
81.5809,cer,MenuSelection,Menu Selection,485,282,143.41,-27155.70,None,N/A,
81.5915,cer,MenuSelection,Menu Selection,488,283,296.44,14345.42,None,N/A,
81.6008,cer,MenuSelection,Menu Selection,490,284,241.22,-5957.08,None,N/A,
81.6110,cer,MenuSelection,Menu Selection,492,284,195.32,-4481.93,None,N/A,
81.6206,cer,MenuSelection,Menu Selection,495,285,332.54,14428.83,None,N/A,
81.6315,cer,MenuSelection,Menu Selection,497,285,182.65,-13688.44,None,N/A,
81.6411,cer,MenuSelection,Menu Selection,500,285,311.23,13339.21,None,N/A,
81.6513,cer,MenuSelection,Menu Selection,502,285,197.55,-11228.41,None,N/A,
81.6610,cer,MenuSelection,Menu Selection,505,285,307.02,11203.07,None,N/A,
81.6707,cer,MenuSelection,Menu Selection,507,285,206.51,-10377.95,None,N/A,
81.6809,cer,MenuSelection,Menu Selection,511,285,392.58,18261.14,None,N/A,
81.6912,cer,MenuSelection,Menu Selection,513,285,193.56,-19260.97,None,N/A,
81.7015,cer,MenuSelection,Menu Selection,516,284,309.47,11343.00,None,N/A,
81.7110,cer,MenuSelection,Menu Selection,517,284,104.61,-21430.53,None,N/A,
81.7209,cer,MenuSelection,Menu Selection,519,284,202.02,9839.68,None,N/A,
81.7308,cer,MenuSelection,Menu Selection,521,284,202.10,7.38,None,N/A,
81.7413,cer,MenuSelection,Menu Selection,522,283,134.46,-6430.89,None,N/A,
81.7512,cer,MenuSelection,Menu Selection,524,283,203.89,7078.37,None,N/A,
81.7609,cer,MenuSelection,Menu Selection,525,283,102.93,-10391.72,None,N/A,
81.7706,cer,MenuSelection,Menu Selection,526,283,103.16,23.24,None,N/A,
81.7807,cer,MenuSelection,Menu Selection,527,283,98.37,-470.74,None,N/A,
81.7913,cer,MenuSelection,Menu Selection,527,282,94.78,-340.06,None,N/A,
81.8011,cer,MenuSelection,Menu Selection,528,282,101.42,673.67,None,N/A,
81.8110,cer,MenuSelection,Menu Selection,528,282,0.00,-10252.94,None,N/A,
81.8211,cer,MenuSelection,Menu Selection,529,281,141.02,14062.25,None,N/A,
81.8311,cer,MenuSelection,Menu Selection,529,281,0.00,-14104.84,None,N/A,
81.8412,cer,MenuSelection,Menu Selection,530,280,138.97,13656.04,None,N/A,
81.8508,cer,MenuSelection,Menu Selection,530,280,0.00,-14585.52,None,N/A,
81.8607,cer,MenuSelection,Menu Selection,530,279,100.45,10090.75,None,N/A,
81.8708,cer,MenuSelection,Menu Selection,531,278,140.61,3992.29,None,N/A,
81.8806,cer,MenuSelection,Menu Selection,531,277,101.61,-3962.71,None,N/A,
81.8913,cer,MenuSelection,Menu Selection,531,276,93.47,-760.80,None,N/A,
81.9010,cer,MenuSelection,Menu Selection,531,273,308.93,22188.55,None,N/A,
81.9110,cer,MenuSelection,Menu Selection,531,272,99.78,-20869.33,None,N/A,
81.9211,cer,MenuSelection,Menu Selection,532,269,314.94,21429.17,None,N/A,
81.9309,cer,MenuSelection,Menu Selection,532,268,101.42,-21655.55,None,N/A,
81.9413,cer,MenuSelection,Menu Selection,532,267,96.79,-447.66,None,N/A,
81.9511,cer,MenuSelection,Menu Selection,532,264,306.91,21495.12,None,N/A,
81.9611,cer,MenuSelection,Menu Selection,532,263,99.83,-20672.44,None,N/A,
81.9706,cer,MenuSelection,Menu Selection,532,261,209.08,11421.56,None,N/A,
81.9809,cer,MenuSelection,Menu Selection,532,261,0.00,-20431.40,None,N/A,
81.9911,cer,MenuSelection,Menu Selection,533,259,219.19,21485.26,None,N/A,
82.0007,cer,MenuSelection,Menu Selection,533,259,0.00,-22648.12,None,N/A,
82.0111,cer,MenuSelection,Menu Selection,533,258,96.14,9242.07,None,N/A,
82.0211,cer,MenuSelection,Menu Selection,533,258,0.00,-9613.58,None,N/A,
82.0309,cer,MenuSelection,Menu Selection,533,257,102.65,10537.15,None,N/A,
82.0407,cer,MenuSelection,Menu Selection,533,257,0.00,-10500.40,None,N/A,
82.0511,cer,MenuSelection,Menu Selection,533,257,0.00,0.00,None,N/A,
82.0614,cer,MenuSelection,Menu Selection,533,257,0.00,0.00,None,N/A,
82.0708,cer,MenuSelection,Menu Selection,533,257,0.00,0.00,None,N/A,
82.0814,cer,MenuSelection,Menu Selection,533,257,0.00,0.00,None,N/A,
82.0907,cer,MenuSelection,Menu Selection,533,257,0.00,0.00,None,N/A,
82.1010,cer,MenuSelection,Menu Selection,533,257,0.00,0.00,None,N/A,
82.1114,cer,MenuSelection,Menu Selection,533,257,0.00,0.00,None,N/A,
82.1209,cer,MenuSelection,Menu Selection,533,257,0.00,0.00,None,N/A,
82.1315,cer,MenuSelection,Menu Selection,533,257,0.00,0.00,None,N/A,
82.1414,cer,MenuSelection,Menu Selection,533,257,0.00,0.00,None,N/A,
82.1509,cer,MenuSelection,Menu Selection,533,257,0.00,0.00,None,N/A,
82.1613,cer,MenuSelection,Menu Selection,533,257,0.00,0.00,None,N/A,
82.1709,cer,MenuSelection,Menu Selection,533,257,0.00,0.00,None,N/A,
82.1815,cer,MenuSelection,Menu Selection,533,257,0.00,0.00,None,N/A,
82.1909,cer,MenuSelection,Menu Selection,533,257,0.00,0.00,None,N/A,
82.2013,cer,MenuSelection,Menu Selection,533,257,0.00,0.00,None,N/A,
82.2110,cer,MenuSelection,Menu Selection,533,257,0.00,0.00,None,N/A,
82.2215,cer,MenuSelection,Menu Selection,533,257,0.00,0.00,None,N/A,
82.2310,cer,MenuSelection,Menu Selection,533,257,0.00,0.00,None,N/A,
82.2415,cer,MenuSelection,Menu Selection,533,257,0.00,0.00,None,N/A,
82.2510,cer,MenuSelection,Menu Selection,533,257,0.00,0.00,None,N/A,
82.2631,cer,MenuSelection,Menu Selection,533,257,0.00,0.00,Left,N/A,
82.2715,cer,MenuSelection,Menu Selection,533,257,0.00,0.00,Left,N/A,
82.2810,cer,MenuSelection,Menu Selection,533,257,0.00,0.00,Left,N/A,
82.2910,cer,MenuSelection,Menu Selection,533,257,0.00,0.00,Left,N/A,
82.3014,cer,MenuSelection,Menu Selection,533,257,0.00,0.00,Left,N/A,
82.3109,cer,MenuSelection,Menu Selection,533,257,0.00,0.00,Left,N/A,
82.3211,cer,MenuSelection,Menu Selection,533,257,0.00,0.00,Left,N/A,
82.3306,cer,MenuSelection,Menu Selection,533,257,0.00,0.00,Left,N/A,
82.3408,cer,MenuSelection,Menu Selection,533,257,0.00,0.00,Left,N/A,
82.3513,cer,MenuSelection,Menu Selection,533,257,0.00,0.00,Left,N/A,
82.3607,cer,MenuSelection,Menu Selection,533,257,0.00,0.00,Left,N/A,
82.3710,cer,MenuSelection,Menu Selection,533,257,0.00,0.00,Left,N/A,
82.3815,cer,MenuSelection,Menu Selection,533,257,0.00,0.00,Left,N/A,
82.3909,cer,MenuSelection,Menu Selection,533,257,0.00,0.00,Left,N/A,
82.4013,cer,MenuSelection,Menu Selection,533,257,0.00,0.00,Left,N/A,
82.4108,cer,MenuSelection,Menu Selection,533,257,0.00,0.00,Left,N/A,
82.4212,cer,MenuSelection,Menu Selection,533,257,0.00,0.00,Left,N/A,
82.4307,cer,MenuSelection,Menu Selection,533,257,0.00,0.00,Left,N/A,
82.4413,cer,MenuSelection,Menu Selection,533,257,0.00,0.00,None,N/A,
82.4508,cer,MenuSelection,Menu Selection,533,257,0.00,0.00,None,N/A,
82.4614,cer,MenuSelection,Menu Selection,533,257,0.00,0.00,None,N/A,
82.4710,cer,MenuSelection,Menu Selection,533,257,0.00,0.00,None,N/A,
82.4815,cer,MenuSelection,Menu Selection,533,257,0.00,0.00,None,N/A,
82.4910,cer,MenuSelection,Menu Selection,533,257,0.00,0.00,None,N/A,
82.5015,cer,MenuSelection,Menu Selection,533,257,0.00,0.00,None,N/A,
82.5110,cer,MenuSelection,Menu Selection,533,257,0.00,0.00,None,N/A,
82.5215,cer,MenuSelection,Menu Selection,533,257,0.00,0.00,None,N/A,
82.5311,cer,MenuSelection,Menu Selection,533,257,0.00,0.00,None,N/A,
82.5406,cer,MenuSelection,Menu Selection,533,257,0.00,0.00,None,N/A,
82.5511,cer,MenuSelection,Menu Selection,533,257,0.00,0.00,None,N/A,
82.5607,cer,MenuSelection,Menu Selection,533,257,0.00,0.00,None,N/A,
82.5715,cer,MenuSelection,Menu Selection,533,257,0.00,0.00,None,N/A,
82.5811,cer,MenuSelection,Menu Selection,533,257,0.00,0.00,None,N/A,
82.5919,cer,MenuSelection,Menu Selection,533,257,0.00,0.00,None,N/A,
82.6015,cer,MenuSelection,Menu Selection,533,257,0.00,0.00,None,N/A,
82.6113,cer,MenuSelection,Menu Selection,533,257,0.00,0.00,None,N/A,
82.6212,cer,MenuSelection,Menu Selection,533,257,0.00,0.00,None,N/A,
82.6309,cer,MenuSelection,Menu Selection,533,257,0.00,0.00,None,N/A,
82.6417,cer,MenuSelection,Menu Selection,533,257,0.00,0.00,None,N/A,
82.6519,cer,MenuSelection,Menu Selection,533,257,0.00,0.00,None,N/A,
82.6615,cer,MenuSelection,Menu Selection,533,257,0.00,0.00,None,N/A,
82.6711,cer,MenuSelection,Menu Selection,533,257,0.00,0.00,None,N/A,
82.6808,cer,MenuSelection,Menu Selection,533,257,0.00,0.00,None,N/A,
82.6914,cer,MenuSelection,Menu Selection,533,257,0.00,0.00,None,N/A,
82.7009,cer,MenuSelection,Menu Selection,533,257,0.00,0.00,None,N/A,
82.7115,cer,MenuSelection,Menu Selection,533,257,0.00,0.00,None,N/A,
82.7212,cer,MenuSelection,Menu Selection,533,257,0.00,0.00,None,N/A,
82.7307,cer,MenuSelection,Menu Selection,533,257,0.00,0.00,None,N/A,
82.7412,cer,MenuSelection,Menu Selection,533,257,0.00,0.00,None,N/A,
82.7512,cer,MenuSelection,Menu Selection,533,257,0.00,0.00,None,N/A,
82.7609,cer,MenuSelection,Menu Selection,533,257,0.00,0.00,None,N/A,
82.7711,cer,MenuSelection,Menu Selection,533,257,0.00,0.00,None,N/A,
82.7807,cer,MenuSelection,Menu Selection,533,257,0.00,0.00,None,N/A,
82.7911,cer,MenuSelection,Menu Selection,533,257,0.00,0.00,None,N/A,
82.8016,cer,MenuSelection,Menu Selection,533,257,0.00,0.00,None,N/A,
82.8111,cer,MenuSelection,Menu Selection,533,257,0.00,0.00,None,N/A,
82.8207,cer,MenuSelection,Menu Selection,533,257,0.00,0.00,None,N/A,
82.8311,cer,MenuSelection,Menu Selection,533,257,0.00,0.00,None,N/A,
82.8407,cer,MenuSelection,Menu Selection,533,257,0.00,0.00,None,N/A,
82.8512,cer,MenuSelection,Menu Selection,533,257,0.00,0.00,None,N/A,
82.8606,cer,MenuSelection,Menu Selection,533,257,0.00,0.00,None,N/A,
82.8712,cer,MenuSelection,Menu Selection,533,257,0.00,0.00,None,N/A,
82.8807,cer,MenuSelection,Menu Selection,533,257,0.00,0.00,None,N/A,
82.8912,cer,MenuSelection,Menu Selection,533,257,0.00,0.00,None,N/A,
82.9009,cer,MenuSelection,Menu Selection,531,255,293.43,30440.89,None,N/A,
82.9109,cer,MenuSelection,Menu Selection,523,249,994.29,69685.68,None,N/A,
82.9212,cer,MenuSelection,Menu Selection,520,246,414.68,-56651.62,None,N/A,
82.9309,cer,MenuSelection,Menu Selection,513,241,881.39,47819.17,None,N/A,
82.9407,cer,MenuSelection,Menu Selection,510,239,370.21,-52487.36,None,N/A,
82.9514,cer,MenuSelection,Menu Selection,505,235,594.08,20770.65,None,N/A,
82.9614,cer,MenuSelection,Menu Selection,503,234,225.29,-37157.01,None,N/A,
82.9709,cer,MenuSelection,Menu Selection,500,231,443.65,22833.85,None,N/A,
82.9811,cer,MenuSelection,Menu Selection,498,229,277.59,-16297.98,None,N/A,
82.9909,cer,MenuSelection,Menu Selection,497,228,144.24,-13600.55,None,N/A,
83.0007,cer,MenuSelection,Menu Selection,495,226,289.46,14861.45,None,N/A,
83.0112,cer,MenuSelection,Menu Selection,494,226,94.89,-18462.82,None,N/A,
83.0211,cer,MenuSelection,Menu Selection,493,224,227.18,13440.75,None,N/A,
83.0310,cer,MenuSelection,Menu Selection,492,223,142.97,-8513.44,None,N/A,
83.0415,cer,MenuSelection,Menu Selection,490,219,423.50,26564.99,None,N/A,
83.0507,cer,MenuSelection,Menu Selection,489,217,242.78,-19621.07,None,N/A,
83.0611,cer,MenuSelection,Menu Selection,485,213,547.14,29437.24,None,N/A,
83.0711,cer,MenuSelection,Menu Selection,484,212,141.52,-40589.17,None,N/A,
83.0808,cer,MenuSelection,Menu Selection,482,209,371.24,23652.96,None,N/A,
83.0907,cer,MenuSelection,Menu Selection,482,208,101.23,-27333.15,None,N/A,
83.1013,cer,MenuSelection,Menu Selection,480,206,266.90,15633.48,None,N/A,
83.1115,cer,MenuSelection,Menu Selection,480,205,97.96,-16549.37,None,N/A,
83.1213,cer,MenuSelection,Menu Selection,480,204,101.72,383.29,None,N/A,
83.1307,cer,MenuSelection,Menu Selection,479,203,149.96,5114.69,None,N/A,
83.1406,cer,MenuSelection,Menu Selection,479,202,100.90,-4950.10,None,N/A,
83.1513,cer,MenuSelection,Menu Selection,479,202,0.00,-9514.06,None,N/A,
83.1612,cer,MenuSelection,Menu Selection,478,202,100.67,10135.37,None,N/A,
83.1708,cer,MenuSelection,Menu Selection,478,201,103.57,299.41,None,N/A,
83.1807,cer,MenuSelection,Menu Selection,478,201,0.00,-10551.28,None,N/A,
83.1906,cer,MenuSelection,Menu Selection,477,200,142.77,14413.04,None,N/A,
83.2007,cer,MenuSelection,Menu Selection,477,199,98.32,-4370.43,None,N/A,
83.2130,cer,MenuSelection,Menu Selection,477,199,0.00,-8016.40,None,N/A,
83.2211,cer,MenuSelection,Menu Selection,477,199,0.00,0.00,None,N/A,
83.2315,cer,MenuSelection,Menu Selection,477,199,0.00,0.00,None,N/A,
83.2409,cer,MenuSelection,Menu Selection,477,199,0.00,0.00,None,N/A,
83.2513,cer,MenuSelection,Menu Selection,477,199,0.00,0.00,None,N/A,
83.2608,cer,MenuSelection,Menu Selection,477,199,0.00,0.00,None,N/A,
83.2711,cer,MenuSelection,Menu Selection,477,199,0.00,0.00,None,N/A,
83.2806,cer,MenuSelection,Menu Selection,477,199,0.00,0.00,None,N/A,
83.2912,cer,MenuSelection,Menu Selection,477,199,0.00,0.00,None,N/A,
83.3007,cer,MenuSelection,Menu Selection,477,199,0.00,0.00,None,N/A,
83.3112,cer,MenuSelection,Menu Selection,477,199,0.00,0.00,None,N/A,
83.3207,cer,MenuSelection,Menu Selection,477,199,0.00,0.00,None,N/A,
83.3312,cer,MenuSelection,Menu Selection,477,199,0.00,0.00,None,N/A,
83.3408,cer,MenuSelection,Menu Selection,477,199,0.00,0.00,None,N/A,
83.3512,cer,MenuSelection,Menu Selection,477,199,0.00,0.00,None,N/A,
83.3620,cer,MenuSelection,Menu Selection,477,199,0.00,0.00,None,N/A,
83.3715,cer,MenuSelection,Menu Selection,477,199,0.00,0.00,None,N/A,
83.3810,cer,MenuSelection,Menu Selection,477,199,0.00,0.00,None,N/A,
83.3915,cer,MenuSelection,Menu Selection,477,199,0.00,0.00,None,N/A,
83.4009,cer,MenuSelection,Menu Selection,477,199,0.00,0.00,None,N/A,
83.4115,cer,MenuSelection,Menu Selection,477,199,0.00,0.00,None,N/A,
83.4210,cer,MenuSelection,Menu Selection,477,199,0.00,0.00,None,N/A,
83.4316,cer,MenuSelection,Menu Selection,477,199,0.00,0.00,None,N/A,
83.4411,cer,MenuSelection,Menu Selection,477,199,0.00,0.00,None,N/A,
83.4512,cer,MenuSelection,Menu Selection,477,199,0.00,0.00,None,N/A,
83.4609,cer,MenuSelection,Menu Selection,477,199,0.00,0.00,Left,N/A,
83.4714,cer,MenuSelection,Menu Selection,477,199,0.00,0.00,Left,N/A,
83.4810,cer,MenuSelection,Menu Selection,477,199,0.00,0.00,Left,N/A,
83.4914,cer,MenuSelection,Menu Selection,477,199,0.00,0.00,Left,N/A,
83.5008,cer,MenuSelection,Menu Selection,477,199,0.00,0.00,Left,N/A,
83.5113,cer,MenuSelection,Menu Selection,477,199,0.00,0.00,Left,N/A,
83.5209,cer,MenuSelection,Menu Selection,477,199,0.00,0.00,Left,N/A,
83.5315,cer,MenuSelection,Menu Selection,477,199,0.00,0.00,Left,N/A,
83.5411,cer,MenuSelection,Menu Selection,477,199,0.00,0.00,Left,N/A,
83.5514,cer,MenuSelection,Menu Selection,477,199,0.00,0.00,Left,N/A,
83.5612,cer,MenuSelection,Menu Selection,477,199,0.00,0.00,Left,N/A,
83.5710,cer,MenuSelection,Menu Selection,477,199,0.00,0.00,Left,N/A,
83.5815,cer,MenuSelection,Menu Selection,477,199,0.00,0.00,Left,N/A,
83.5909,cer,MenuSelection,Menu Selection,477,199,0.00,0.00,Left,N/A,
83.6013,cer,MenuSelection,Menu Selection,477,199,0.00,0.00,Left,N/A,
83.6108,cer,MenuSelection,Menu Selection,477,199,0.00,0.00,Left,N/A,
83.6218,cer,MenuSelection,Menu Selection,477,199,0.00,0.00,Left,N/A,
83.6311,cer,MenuSelection,Menu Selection,477,199,0.00,0.00,Left,N/A,
83.6417,cer,MenuSelection,Menu Selection,477,199,0.00,0.00,None,N/A,
83.6512,cer,MenuSelection,Menu Selection,477,199,0.00,0.00,None,N/A,
83.6612,cer,MenuSelection,Menu Selection,477,199,0.00,0.00,None,N/A,
83.6708,cer,MenuSelection,Menu Selection,477,199,0.00,0.00,None,N/A,
83.6813,cer,MenuSelection,Menu Selection,477,199,0.00,0.00,None,N/A,
83.6909,cer,MenuSelection,Menu Selection,477,199,0.00,0.00,None,N/A,
83.7018,cer,MenuSelection,Menu Selection,477,199,0.00,0.00,None,N/A,
83.7115,cer,MenuSelection,Menu Selection,477,199,0.00,0.00,None,N/A,
83.7211,cer,MenuSelection,Menu Selection,477,199,0.00,0.00,None,N/A,
83.7307,cer,MenuSelection,Menu Selection,477,199,0.00,0.00,None,N/A,
83.7413,cer,MenuSelection,Menu Selection,477,199,0.00,0.00,None,N/A,
83.7508,cer,MenuSelection,Menu Selection,477,199,0.00,0.00,None,N/A,
83.7613,cer,MenuSelection,Menu Selection,477,199,0.00,0.00,None,N/A,
83.7712,cer,MenuSelection,Menu Selection,477,199,0.00,0.00,None,N/A,
83.7809,cer,MenuSelection,Menu Selection,477,199,0.00,0.00,None,N/A,
83.7913,cer,MenuSelection,Menu Selection,477,199,0.00,0.00,None,N/A,
83.8008,cer,MenuSelection,Menu Selection,477,199,0.00,0.00,None,N/A,
83.8113,cer,MenuSelection,Menu Selection,477,199,0.00,0.00,None,N/A,
83.8207,cer,MenuSelection,Menu Selection,477,199,0.00,0.00,None,N/A,
83.8313,cer,MenuSelection,Menu Selection,477,199,0.00,0.00,None,N/A,
83.8406,cer,MenuSelection,Menu Selection,477,201,213.69,22831.67,None,N/A,
83.8513,cer,MenuSelection,Menu Selection,477,204,281.79,6397.02,None,N/A,
83.8609,cer,MenuSelection,Menu Selection,477,206,207.93,-7679.39,None,N/A,
83.8710,cer,MenuSelection,Menu Selection,476,210,409.16,19969.54,None,N/A,
83.8812,cer,MenuSelection,Menu Selection,476,211,97.90,-30471.74,None,N/A,
83.8907,cer,MenuSelection,Menu Selection,475,214,330.79,24361.17,None,N/A,
83.9008,cer,MenuSelection,Menu Selection,475,215,99.22,-22976.29,None,N/A,
83.9106,cer,MenuSelection,Menu Selection,474,218,322.64,22794.11,None,N/A,
83.9213,cer,MenuSelection,Menu Selection,474,219,93.29,-21395.33,None,N/A,
83.9311,cer,MenuSelection,Menu Selection,473,222,322.85,23436.58,None,N/A,
83.9410,cer,MenuSelection,Menu Selection,472,223,143.96,-18209.84,None,N/A,
83.9510,cer,MenuSelection,Menu Selection,471,224,140.25,-367.61,None,N/A,
83.9616,cer,MenuSelection,Menu Selection,470,227,300.88,15283.83,None,N/A,
83.9707,cer,MenuSelection,Menu Selection,469,229,245.41,-6088.46,None,N/A,
83.9812,cer,MenuSelection,Menu Selection,468,232,300.99,5290.72,None,N/A,
83.9912,cer,MenuSelection,Menu Selection,468,234,199.96,-10101.17,None,N/A,
84.0007,cer,MenuSelection,Menu Selection,467,238,432.97,24467.79,None,N/A,
84.0107,cer,MenuSelection,Menu Selection,467,240,200.06,-23297.70,None,N/A,
84.0206,cer,MenuSelection,Menu Selection,466,242,226.59,2688.07,None,N/A,
84.0312,cer,MenuSelection,Menu Selection,466,244,188.42,-3595.66,None,N/A,
84.0411,cer,MenuSelection,Menu Selection,466,246,201.98,1369.02,None,N/A,
84.0510,cer,MenuSelection,Menu Selection,466,247,101.08,-10198.91,None,N/A,
84.0615,cer,MenuSelection,Menu Selection,466,249,189.06,8316.95,None,N/A,
84.0712,cer,MenuSelection,Menu Selection,466,250,103.53,-8855.36,None,N/A,
84.0813,cer,MenuSelection,Menu Selection,466,251,99.21,-428.82,None,N/A,
84.0907,cer,MenuSelection,Menu Selection,466,253,211.41,11860.38,None,N/A,
84.1011,cer,MenuSelection,Menu Selection,466,253,0.00,-20320.96,None,N/A,
84.1116,cer,MenuSelection,Menu Selection,466,255,192.00,18431.72,None,N/A,
84.1206,cer,MenuSelection,Menu Selection,466,255,0.00,-21163.15,None,N/A,
84.1315,cer,MenuSelection,Menu Selection,466,256,92.18,8497.61,None,N/A,
84.1411,cer,MenuSelection,Menu Selection,466,256,0.00,-9571.99,None,N/A,
84.1509,cer,MenuSelection,Menu Selection,466,257,101.76,10354.40,None,N/A,
84.1614,cer,MenuSelection,Menu Selection,466,258,95.31,-614.81,None,N/A,
84.1708,cer,MenuSelection,Menu Selection,466,258,0.00,-10225.64,None,N/A,
84.1814,cer,MenuSelection,Menu Selection,467,259,133.13,12533.18,None,N/A,
84.1909,cer,MenuSelection,Menu Selection,467,260,105.24,-2935.61,None,N/A,
84.2010,cer,MenuSelection,Menu Selection,467,261,99.17,-601.64,None,N/A,
84.2108,cer,MenuSelection,Menu Selection,467,261,0.00,-10056.32,None,N/A,
84.2206,cer,MenuSelection,Menu Selection,467,262,102.38,10481.67,None,N/A,
84.2315,cer,MenuSelection,Menu Selection,467,262,0.00,-9399.43,None,N/A,
84.2408,cer,MenuSelection,Menu Selection,467,263,107.35,11523.61,None,N/A,
84.2511,cer,MenuSelection,Menu Selection,467,263,0.00,-10387.60,None,N/A,
84.2607,cer,MenuSelection,Menu Selection,467,264,104.84,10990.72,None,N/A,
84.2709,cer,MenuSelection,Menu Selection,467,264,0.00,-10221.93,None,N/A,
84.2806,cer,MenuSelection,Menu Selection,467,264,0.00,0.00,None,N/A,
84.2911,cer,MenuSelection,Menu Selection,467,264,0.00,0.00,None,N/A,
84.3015,cer,MenuSelection,Menu Selection,467,264,0.00,0.00,None,N/A,
84.3110,cer,MenuSelection,Menu Selection,467,264,0.00,0.00,None,N/A,
84.3207,cer,MenuSelection,Menu Selection,467,264,0.00,0.00,None,N/A,
84.3312,cer,MenuSelection,Menu Selection,467,264,0.00,0.00,None,N/A,
84.3408,cer,MenuSelection,Menu Selection,467,264,0.00,0.00,None,N/A,
84.3510,cer,MenuSelection,Menu Selection,467,264,0.00,0.00,None,N/A,
84.3608,cer,MenuSelection,Menu Selection,467,264,0.00,0.00,None,N/A,
84.3714,cer,MenuSelection,Menu Selection,467,264,0.00,0.00,None,N/A,
84.3808,cer,MenuSelection,Menu Selection,467,264,0.00,0.00,None,N/A,
84.3913,cer,MenuSelection,Menu Selection,467,264,0.00,0.00,None,N/A,
84.4007,cer,MenuSelection,Menu Selection,467,264,0.00,0.00,None,N/A,
84.4109,cer,MenuSelection,Menu Selection,467,264,0.00,0.00,None,N/A,
84.4209,cer,MenuSelection,Menu Selection,467,264,0.00,0.00,None,N/A,
84.4315,cer,MenuSelection,Menu Selection,467,264,0.00,0.00,None,N/A,
84.4410,cer,MenuSelection,Menu Selection,467,264,0.00,0.00,None,N/A,
84.4514,cer,MenuSelection,Menu Selection,467,264,0.00,0.00,None,N/A,
84.4609,cer,MenuSelection,Menu Selection,467,264,0.00,0.00,None,N/A,
84.4714,cer,MenuSelection,Menu Selection,467,264,0.00,0.00,None,N/A,
84.4810,cer,MenuSelection,Menu Selection,467,264,0.00,0.00,None,N/A,
84.4915,cer,MenuSelection,Menu Selection,467,264,0.00,0.00,None,N/A,
84.5013,cer,MenuSelection,Menu Selection,467,264,0.00,0.00,None,N/A,
84.5108,cer,MenuSelection,Menu Selection,467,264,0.00,0.00,None,N/A,
84.5215,cer,MenuSelection,Menu Selection,467,264,0.00,0.00,None,N/A,
84.5310,cer,MenuSelection,Menu Selection,467,264,0.00,0.00,None,N/A,
84.5415,cer,MenuSelection,Menu Selection,467,264,0.00,0.00,None,N/A,
84.5508,cer,MenuSelection,Menu Selection,467,264,0.00,0.00,None,N/A,
84.5614,cer,MenuSelection,Menu Selection,467,264,0.00,0.00,None,N/A,
84.5710,cer,MenuSelection,Menu Selection,467,264,0.00,0.00,None,N/A,
84.5815,cer,MenuSelection,Menu Selection,467,264,0.00,0.00,None,N/A,
84.5909,cer,MenuSelection,Menu Selection,467,264,0.00,0.00,None,N/A,
84.6013,cer,MenuSelection,Menu Selection,467,264,0.00,0.00,None,N/A,
84.6107,cer,MenuSelection,Menu Selection,467,264,0.00,0.00,None,N/A,
84.6213,cer,MenuSelection,Menu Selection,467,264,0.00,0.00,None,N/A,
84.6308,cer,MenuSelection,Menu Selection,467,264,0.00,0.00,None,N/A,
84.6413,cer,MenuSelection,Menu Selection,467,264,0.00,0.00,None,N/A,
84.6513,cer,MenuSelection,Menu Selection,467,264,0.00,0.00,None,N/A,
84.6610,cer,MenuSelection,Menu Selection,467,264,0.00,0.00,None,N/A,
84.6716,cer,MenuSelection,Menu Selection,467,264,0.00,0.00,None,N/A,
84.6812,cer,MenuSelection,Menu Selection,467,264,0.00,0.00,None,N/A,
84.6911,cer,MenuSelection,Menu Selection,467,264,0.00,0.00,None,N/A,
84.7008,cer,MenuSelection,Menu Selection,467,264,0.00,0.00,None,N/A,
84.7113,cer,MenuSelection,Menu Selection,467,264,0.00,0.00,None,N/A,
84.7208,cer,MenuSelection,Menu Selection,467,264,0.00,0.00,None,N/A,
84.7312,cer,MenuSelection,Menu Selection,467,264,0.00,0.00,None,N/A,
84.7407,cer,MenuSelection,Menu Selection,467,264,0.00,0.00,None,N/A,
84.7511,cer,MenuSelection,Menu Selection,467,264,0.00,0.00,None,N/A,
84.7607,cer,MenuSelection,Menu Selection,467,264,0.00,0.00,None,N/A,
84.7712,cer,MenuSelection,Menu Selection,467,264,0.00,0.00,None,N/A,
84.7806,cer,MenuSelection,Menu Selection,467,264,0.00,0.00,None,N/A,
84.7908,cer,MenuSelection,Menu Selection,471,264,393.70,38750.31,None,N/A,
84.8011,cer,MenuSelection,Menu Selection,474,264,290.40,-9999.80,None,N/A,
84.8117,cer,MenuSelection,Menu Selection,480,264,570.56,26642.04,None,N/A,
84.8213,cer,MenuSelection,Menu Selection,484,264,416.36,-16051.01,None,N/A,
84.8315,cer,MenuSelection,Menu Selection,493,264,882.04,45638.98,None,N/A,
84.8408,cer,MenuSelection,Menu Selection,497,264,430.74,-48598.40,None,N/A,
84.8508,cer,MenuSelection,Menu Selection,503,265,606.76,17558.12,None,N/A,
84.8611,cer,MenuSelection,Menu Selection,506,265,289.98,-30619.71,None,N/A,
84.8713,cer,MenuSelection,Menu Selection,511,266,499.75,20559.90,None,N/A,
84.8810,cer,MenuSelection,Menu Selection,514,266,311.56,-19544.31,None,N/A,
84.8907,cer,MenuSelection,Menu Selection,516,266,205.16,-10914.32,None,N/A,
84.9014,cer,MenuSelection,Menu Selection,520,266,375.09,15934.14,None,N/A,
84.9112,cer,MenuSelection,Menu Selection,522,266,202.53,-17473.86,None,N/A,
84.9210,cer,MenuSelection,Menu Selection,524,266,205.01,254.19,None,N/A,
84.9310,cer,MenuSelection,Menu Selection,525,266,100.13,-10501.66,None,N/A,
84.9415,cer,MenuSelection,Menu Selection,527,266,189.88,8521.02,None,N/A,
84.9514,cer,MenuSelection,Menu Selection,528,267,142.99,-4741.47,None,N/A,
84.9606,cer,MenuSelection,Menu Selection,529,267,108.83,-3717.23,None,N/A,
84.9710,cer,MenuSelection,Menu Selection,530,267,96.14,-1219.81,None,N/A,
84.9812,cer,MenuSelection,Menu Selection,530,267,0.00,-9437.16,None,N/A,
84.9910,cer,MenuSelection,Menu Selection,531,267,101.64,10329.83,None,N/A,
85.0009,cer,MenuSelection,Menu Selection,531,267,0.00,-10300.37,None,N/A,
85.0113,cer,MenuSelection,Menu Selection,532,267,96.25,9264.57,None,N/A,
85.0214,cer,MenuSelection,Menu Selection,532,267,0.00,-9487.07,None,N/A,
85.0310,cer,MenuSelection,Menu Selection,532,267,0.00,0.00,None,N/A,
85.0414,cer,MenuSelection,Menu Selection,532,267,0.00,0.00,None,N/A,
85.0508,cer,MenuSelection,Menu Selection,532,267,0.00,0.00,None,N/A,
85.0613,cer,MenuSelection,Menu Selection,532,267,0.00,0.00,None,N/A,
85.0709,cer,MenuSelection,Menu Selection,532,267,0.00,0.00,None,N/A,
85.0814,cer,MenuSelection,Menu Selection,532,267,0.00,0.00,None,N/A,
85.0908,cer,MenuSelection,Menu Selection,532,267,0.00,0.00,None,N/A,
85.1012,cer,MenuSelection,Menu Selection,532,267,0.00,0.00,None,N/A,
85.1107,cer,MenuSelection,Menu Selection,532,267,0.00,0.00,None,N/A,
85.1213,cer,MenuSelection,Menu Selection,532,267,0.00,0.00,None,N/A,
85.1313,cer,MenuSelection,Menu Selection,532,267,0.00,0.00,None,N/A,
85.1407,cer,MenuSelection,Menu Selection,532,267,0.00,0.00,None,N/A,
85.1512,cer,MenuSelection,Menu Selection,532,267,0.00,0.00,None,N/A,
85.1607,cer,MenuSelection,Menu Selection,532,267,0.00,0.00,None,N/A,
85.1713,cer,MenuSelection,Menu Selection,532,267,0.00,0.00,None,N/A,
85.1815,cer,MenuSelection,Menu Selection,532,267,0.00,0.00,None,N/A,
85.1913,cer,MenuSelection,Menu Selection,532,267,0.00,0.00,None,N/A,
85.2008,cer,MenuSelection,Menu Selection,532,267,0.00,0.00,None,N/A,
85.2113,cer,MenuSelection,Menu Selection,532,267,0.00,0.00,None,N/A,
85.2211,cer,MenuSelection,Menu Selection,532,267,0.00,0.00,None,N/A,
85.2306,cer,MenuSelection,Menu Selection,532,267,0.00,0.00,None,N/A,
85.2415,cer,MenuSelection,Menu Selection,532,267,0.00,0.00,None,N/A,
85.2507,cer,MenuSelection,Menu Selection,532,267,0.00,0.00,None,N/A,
85.2612,cer,MenuSelection,Menu Selection,532,267,0.00,0.00,None,N/A,
85.2708,cer,MenuSelection,Menu Selection,532,267,0.00,0.00,None,N/A,
85.2813,cer,MenuSelection,Menu Selection,532,267,0.00,0.00,None,N/A,
85.2907,cer,MenuSelection,Menu Selection,532,267,0.00,0.00,None,N/A,
85.3012,cer,MenuSelection,Menu Selection,532,267,0.00,0.00,None,N/A,
85.3107,cer,MenuSelection,Menu Selection,532,267,0.00,0.00,None,N/A,
85.3212,cer,MenuSelection,Menu Selection,532,267,0.00,0.00,None,N/A,
85.3307,cer,MenuSelection,Menu Selection,532,267,0.00,0.00,None,N/A,
85.3415,cer,MenuSelection,Menu Selection,532,267,0.00,0.00,Left,N/A,
85.3510,cer,MenuSelection,Menu Selection,532,267,0.00,0.00,Left,N/A,
85.3615,cer,MenuSelection,Menu Selection,532,267,0.00,0.00,Left,N/A,
85.3711,cer,MenuSelection,Menu Selection,532,267,0.00,0.00,Left,N/A,
85.3816,cer,MenuSelection,Menu Selection,532,267,0.00,0.00,Left,N/A,
85.3910,cer,MenuSelection,Menu Selection,532,267,0.00,0.00,Left,N/A,
85.4006,cer,MenuSelection,Menu Selection,532,267,0.00,0.00,Left,N/A,
85.4111,cer,MenuSelection,Menu Selection,532,267,0.00,0.00,Left,N/A,
85.4212,cer,MenuSelection,Menu Selection,532,267,0.00,0.00,Left,N/A,
85.4307,cer,MenuSelection,Menu Selection,532,267,0.00,0.00,Left,N/A,
85.4412,cer,MenuSelection,Menu Selection,532,267,0.00,0.00,Left,N/A,
85.4507,cer,MenuSelection,Menu Selection,532,267,0.00,0.00,Left,N/A,
85.4612,cer,MenuSelection,Menu Selection,532,267,0.00,0.00,Left,N/A,
85.4708,cer,MenuSelection,Menu Selection,532,267,0.00,0.00,Left,N/A,
85.4815,cer,MenuSelection,Menu Selection,532,267,0.00,0.00,Left,N/A,
85.4910,cer,MenuSelection,Menu Selection,532,267,0.00,0.00,Left,N/A,
85.5015,cer,MenuSelection,Menu Selection,532,267,0.00,0.00,Left,N/A,
85.5113,cer,MenuSelection,Menu Selection,532,267,0.00,0.00,Left,N/A,
85.5147,cer,MenuSelection,Menu Selection,532,267,0.00,0.00,None,N/A,menu_item_selected_correct
85.5223,cer,MenuSelection,Menu Selection,532,267,0.00,0.00,None,N/A,
85.5309,cer,MenuSelection,Menu Selection,532,267,0.00,0.00,None,N/A,
85.5413,cer,MenuSelection,Menu Selection,532,267,0.00,0.00,None,N/A,
85.5507,cer,MenuSelection,Menu Selection,532,267,0.00,0.00,None,N/A,
85.5612,cer,MenuSelection,Menu Selection,532,267,0.00,0.00,None,N/A,
85.5708,cer,MenuSelection,Menu Selection,532,267,0.00,0.00,None,N/A,
85.5813,cer,MenuSelection,Menu Selection,532,267,0.00,0.00,None,N/A,
85.5908,cer,MenuSelection,Menu Selection,532,267,0.00,0.00,None,N/A,
85.6013,cer,MenuSelection,Menu Selection,532,267,0.00,0.00,None,N/A,
85.6108,cer,MenuSelection,Menu Selection,532,267,0.00,0.00,None,N/A,
85.6214,cer,MenuSelection,Menu Selection,532,267,0.00,0.00,None,N/A,
85.6309,cer,MenuSelection,Menu Selection,532,267,0.00,0.00,None,N/A,
85.6416,cer,MenuSelection,Menu Selection,532,267,0.00,0.00,None,N/A,
85.6512,cer,MenuSelection,Menu Selection,532,267,0.00,0.00,None,N/A,
85.6608,cer,MenuSelection,Menu Selection,532,267,0.00,0.00,None,N/A,
85.6714,cer,MenuSelection,Menu Selection,532,267,0.00,0.00,None,N/A,
85.6810,cer,MenuSelection,Menu Selection,532,267,0.00,0.00,None,N/A,
85.6907,cer,MenuSelection,Menu Selection,532,267,0.00,0.00,None,N/A,
85.7011,cer,MenuSelection,Menu Selection,532,267,0.00,0.00,None,N/A,
85.7107,cer,MenuSelection,Menu Selection,532,267,0.00,0.00,None,N/A,
85.7212,cer,MenuSelection,Menu Selection,532,267,0.00,0.00,None,N/A,
85.7308,cer,MenuSelection,Menu Selection,532,267,0.00,0.00,None,N/A,
85.7413,cer,MenuSelection,Menu Selection,532,267,0.00,0.00,None,N/A,
85.7508,cer,MenuSelection,Menu Selection,532,267,0.00,0.00,None,N/A,
85.7613,cer,MenuSelection,Menu Selection,532,267,0.00,0.00,None,N/A,
85.7708,cer,MenuSelection,Menu Selection,532,267,0.00,0.00,None,N/A,
85.7814,cer,MenuSelection,Menu Selection,532,267,0.00,0.00,None,N/A,
85.7910,cer,MenuSelection,Menu Selection,532,267,0.00,0.00,None,N/A,
85.8015,cer,MenuSelection,Menu Selection,532,267,0.00,0.00,None,N/A,
85.8110,cer,MenuSelection,Menu Selection,532,267,0.00,0.00,None,N/A,
85.8206,cer,MenuSelection,Menu Selection,532,267,0.00,0.00,None,N/A,
85.8311,cer,MenuSelection,Menu Selection,532,267,0.00,0.00,None,N/A,
85.8410,cer,MenuSelection,Menu Selection,532,267,0.00,0.00,None,N/A,
85.8507,cer,MenuSelection,Menu Selection,532,267,0.00,0.00,None,N/A,
85.8612,cer,MenuSelection,Menu Selection,532,267,0.00,0.00,None,N/A,
85.8708,cer,MenuSelection,Menu Selection,532,267,0.00,0.00,None,N/A,
85.8812,cer,MenuSelection,Menu Selection,532,267,0.00,0.00,None,N/A,
85.8906,cer,MenuSelection,Menu Selection,532,267,0.00,0.00,None,N/A,
85.9010,cer,MenuSelection,Menu Selection,532,267,0.00,0.00,None,N/A,
85.9115,cer,MenuSelection,Menu Selection,532,267,0.00,0.00,None,N/A,
85.9211,cer,MenuSelection,Menu Selection,532,267,0.00,0.00,None,N/A,
85.9316,cer,MenuSelection,Menu Selection,532,267,0.00,0.00,None,N/A,
85.9410,cer,MenuSelection,Menu Selection,532,267,0.00,0.00,None,N/A,
85.9515,cer,MenuSelection,Menu Selection,532,267,0.00,0.00,None,N/A,
85.9610,cer,MenuSelection,Menu Selection,532,267,0.00,0.00,None,N/A,
85.9706,cer,MenuSelection,Menu Selection,532,267,0.00,0.00,None,N/A,
85.9811,cer,MenuSelection,Menu Selection,532,267,0.00,0.00,None,N/A,
85.9906,cer,MenuSelection,Menu Selection,532,267,0.00,0.00,None,N/A,
86.0010,cer,MenuSelection,Menu Selection,532,267,0.00,0.00,None,N/A,
86.0116,cer,MenuSelection,Menu Selection,532,267,0.00,0.00,None,N/A,
86.0211,cer,MenuSelection,Menu Selection,532,267,0.00,0.00,None,N/A,
86.0316,cer,MenuSelection,Menu Selection,532,267,0.00,0.00,None,N/A,
86.0410,cer,MenuSelection,Menu Selection,532,267,0.00,0.00,None,N/A,
86.0515,cer,MenuSelection,Menu Selection,532,267,0.00,0.00,None,N/A,
86.0610,cer,MenuSelection,Menu Selection,532,267,0.00,0.00,None,N/A,
86.0714,cer,MenuSelection,Menu Selection,529,263,479.80,46041.35,None,N/A,
86.0812,cer,MenuSelection,Menu Selection,510,244,2730.56,228724.69,None,N/A,
86.0908,cer,MenuSelection,Menu Selection,501,234,1398.13,-138469.17,None,N/A,
86.1006,cer,MenuSelection,Menu Selection,490,222,1664.27,27208.69,None,N/A,
86.1114,cer,MenuSelection,Menu Selection,488,219,333.40,-123064.07,None,N/A,
86.1211,cer,MenuSelection,Menu Selection,484,215,586.65,26263.70,None,N/A,
86.1309,cer,MenuSelection,Menu Selection,483,214,143.50,-44966.94,None,N/A,
86.1415,cer,MenuSelection,Menu Selection,481,212,266.55,11596.68,None,N/A,
86.1506,cer,MenuSelection,Menu Selection,480,212,110.36,-17237.60,None,N/A,
86.1611,cer,MenuSelection,Menu Selection,479,210,213.12,9794.09,None,N/A,
86.1710,cer,MenuSelection,Menu Selection,479,210,0.00,-21423.32,None,N/A,
86.1816,cer,MenuSelection,Menu Selection,478,209,133.46,12594.73,None,N/A,
86.1914,cer,MenuSelection,Menu Selection,478,209,0.00,-13692.07,None,N/A,
86.2008,cer,MenuSelection,Menu Selection,477,208,150.00,15909.32,None,N/A,
86.2113,cer,MenuSelection,Menu Selection,477,208,0.00,-14339.57,None,N/A,
86.2208,cer,MenuSelection,Menu Selection,477,208,0.00,0.00,None,N/A,
86.2315,cer,MenuSelection,Menu Selection,477,208,0.00,0.00,None,N/A,
86.2410,cer,MenuSelection,Menu Selection,477,208,0.00,0.00,None,N/A,
86.2515,cer,MenuSelection,Menu Selection,477,208,0.00,0.00,None,N/A,
86.2610,cer,MenuSelection,Menu Selection,477,208,0.00,0.00,None,N/A,
86.2715,cer,MenuSelection,Menu Selection,477,208,0.00,0.00,None,N/A,
86.2810,cer,MenuSelection,Menu Selection,477,208,0.00,0.00,None,N/A,
86.2914,cer,MenuSelection,Menu Selection,477,208,0.00,0.00,None,N/A,
86.3007,cer,MenuSelection,Menu Selection,477,208,0.00,0.00,None,N/A,
86.3113,cer,MenuSelection,Menu Selection,477,208,0.00,0.00,None,N/A,
86.3210,cer,MenuSelection,Menu Selection,477,208,0.00,0.00,None,N/A,
86.3315,cer,MenuSelection,Menu Selection,477,208,0.00,0.00,None,N/A,
86.3411,cer,MenuSelection,Menu Selection,477,208,0.00,0.00,None,N/A,
86.3506,cer,MenuSelection,Menu Selection,477,208,0.00,0.00,None,N/A,
86.3612,cer,MenuSelection,Menu Selection,477,207,94.06,8846.80,None,N/A,
86.3708,cer,MenuSelection,Menu Selection,477,207,0.00,-9880.92,None,N/A,
86.3812,cer,MenuSelection,Menu Selection,477,207,0.00,0.00,None,N/A,
86.3915,cer,MenuSelection,Menu Selection,477,207,0.00,0.00,None,N/A,
86.4009,cer,MenuSelection,Menu Selection,477,207,0.00,0.00,None,N/A,
86.4112,cer,MenuSelection,Menu Selection,477,207,0.00,0.00,None,N/A,
86.4207,cer,MenuSelection,Menu Selection,477,207,0.00,0.00,None,N/A,
86.4314,cer,MenuSelection,Menu Selection,477,207,0.00,0.00,None,N/A,
86.4406,cer,MenuSelection,Menu Selection,477,207,0.00,0.00,None,N/A,
86.4513,cer,MenuSelection,Menu Selection,477,206,93.03,8654.00,None,N/A,
86.4611,cer,MenuSelection,Menu Selection,477,206,0.00,-9499.98,None,N/A,
86.4709,cer,MenuSelection,Menu Selection,477,205,101.84,10371.50,None,N/A,
86.4809,cer,MenuSelection,Menu Selection,477,205,0.00,-10202.55,None,N/A,
86.4905,cer,MenuSelection,Menu Selection,477,204,104.48,10916.38,None,N/A,
86.5014,cer,MenuSelection,Menu Selection,477,204,0.00,-9612.56,None,N/A,
86.5110,cer,MenuSelection,Menu Selection,477,204,0.00,0.00,None,N/A,
86.5207,cer,MenuSelection,Menu Selection,477,204,0.00,0.00,None,N/A,
86.5310,cer,MenuSelection,Menu Selection,477,204,0.00,0.00,None,N/A,
86.5414,cer,MenuSelection,Menu Selection,477,204,0.00,0.00,None,N/A,
86.5509,cer,MenuSelection,Menu Selection,477,204,0.00,0.00,None,N/A,
86.5613,cer,MenuSelection,Menu Selection,477,204,0.00,0.00,None,N/A,
86.5708,cer,MenuSelection,Menu Selection,477,204,0.00,0.00,None,N/A,
86.5813,cer,MenuSelection,Menu Selection,477,204,0.00,0.00,None,N/A,
86.5907,cer,MenuSelection,Menu Selection,477,204,0.00,0.00,None,N/A,
86.6012,cer,MenuSelection,Menu Selection,477,204,0.00,0.00,None,N/A,
86.6107,cer,MenuSelection,Menu Selection,477,204,0.00,0.00,None,N/A,
86.6212,cer,MenuSelection,Menu Selection,477,204,0.00,0.00,None,N/A,
86.6307,cer,MenuSelection,Menu Selection,477,204,0.00,0.00,None,N/A,
86.6412,cer,MenuSelection,Menu Selection,477,204,0.00,0.00,None,N/A,
86.6508,cer,MenuSelection,Menu Selection,477,204,0.00,0.00,None,N/A,
86.6612,cer,MenuSelection,Menu Selection,477,204,0.00,0.00,None,N/A,
86.6709,cer,MenuSelection,Menu Selection,477,204,0.00,0.00,None,N/A,
86.6814,cer,MenuSelection,Menu Selection,477,204,0.00,0.00,None,N/A,
86.6911,cer,MenuSelection,Menu Selection,477,203,102.89,10586.32,None,N/A,
86.7013,cer,MenuSelection,Menu Selection,477,203,0.00,-10070.03,None,N/A,
86.7109,cer,MenuSelection,Menu Selection,477,203,0.00,0.00,None,N/A,
86.7207,cer,MenuSelection,Menu Selection,477,202,101.95,10394.20,None,N/A,
86.7306,cer,MenuSelection,Menu Selection,478,202,100.64,-132.44,None,N/A,
86.7418,cer,MenuSelection,Menu Selection,478,202,0.00,-9009.36,None,N/A,
86.7506,cer,MenuSelection,Menu Selection,478,202,0.00,0.00,None,N/A,
86.7612,cer,MenuSelection,Menu Selection,478,202,0.00,0.00,None,N/A,
86.7712,cer,MenuSelection,Menu Selection,478,202,0.00,0.00,None,N/A,
86.7813,cer,MenuSelection,Menu Selection,478,202,0.00,0.00,None,N/A,
86.7914,cer,MenuSelection,Menu Selection,478,202,0.00,0.00,None,N/A,
86.8009,cer,MenuSelection,Menu Selection,478,202,0.00,0.00,None,N/A,
86.8116,cer,MenuSelection,Menu Selection,478,202,0.00,0.00,None,N/A,
86.8211,cer,MenuSelection,Menu Selection,478,202,0.00,0.00,None,N/A,
86.8307,cer,MenuSelection,Menu Selection,478,202,0.00,0.00,None,N/A,
86.8411,cer,MenuSelection,Menu Selection,478,202,0.00,0.00,None,N/A,
86.8507,cer,MenuSelection,Menu Selection,478,202,0.00,0.00,None,N/A,
86.8614,cer,MenuSelection,Menu Selection,478,202,0.00,0.00,None,N/A,
86.8709,cer,MenuSelection,Menu Selection,478,202,0.00,0.00,None,N/A,
86.8814,cer,MenuSelection,Menu Selection,478,202,0.00,0.00,None,N/A,
86.8908,cer,MenuSelection,Menu Selection,478,202,0.00,0.00,None,N/A,
86.9012,cer,MenuSelection,Menu Selection,478,202,0.00,0.00,None,N/A,
86.9107,cer,MenuSelection,Menu Selection,478,202,0.00,0.00,None,N/A,
86.9212,cer,MenuSelection,Menu Selection,478,202,0.00,0.00,None,N/A,
86.9307,cer,MenuSelection,Menu Selection,478,202,0.00,0.00,None,N/A,
86.9412,cer,MenuSelection,Menu Selection,478,202,0.00,0.00,None,N/A,
86.9507,cer,MenuSelection,Menu Selection,478,202,0.00,0.00,None,N/A,
86.9612,cer,MenuSelection,Menu Selection,478,202,0.00,0.00,None,N/A,
86.9708,cer,MenuSelection,Menu Selection,478,202,0.00,0.00,None,N/A,
86.9814,cer,MenuSelection,Menu Selection,478,202,0.00,0.00,None,N/A,
86.9910,cer,MenuSelection,Menu Selection,478,202,0.00,0.00,None,N/A,
87.0006,cer,MenuSelection,Menu Selection,478,202,0.00,0.00,None,N/A,
87.0111,cer,MenuSelection,Menu Selection,478,202,0.00,0.00,None,N/A,
87.0207,cer,MenuSelection,Menu Selection,478,202,0.00,0.00,None,N/A,
87.0312,cer,MenuSelection,Menu Selection,478,202,0.00,0.00,None,N/A,
87.0407,cer,MenuSelection,Menu Selection,478,202,0.00,0.00,None,N/A,
87.0512,cer,MenuSelection,Menu Selection,478,202,0.00,0.00,None,N/A,
87.0608,cer,MenuSelection,Menu Selection,478,202,0.00,0.00,None,N/A,
87.0714,cer,MenuSelection,Menu Selection,478,202,0.00,0.00,None,N/A,
87.0810,cer,MenuSelection,Menu Selection,478,202,0.00,0.00,None,N/A,
87.0915,cer,MenuSelection,Menu Selection,478,202,0.00,0.00,None,N/A,
87.1011,cer,MenuSelection,Menu Selection,478,202,0.00,0.00,None,N/A,
87.1107,cer,MenuSelection,Menu Selection,478,202,0.00,0.00,None,N/A,
87.1214,cer,MenuSelection,Menu Selection,478,202,0.00,0.00,None,N/A,
87.1309,cer,MenuSelection,Menu Selection,478,202,0.00,0.00,None,N/A,
87.1413,cer,MenuSelection,Menu Selection,478,202,0.00,0.00,None,N/A,
87.1507,cer,MenuSelection,Menu Selection,478,202,0.00,0.00,None,N/A,
87.1612,cer,MenuSelection,Menu Selection,478,202,0.00,0.00,None,N/A,
87.1708,cer,MenuSelection,Menu Selection,478,202,0.00,0.00,None,N/A,
87.1812,cer,MenuSelection,Menu Selection,478,202,0.00,0.00,None,N/A,
87.1906,cer,MenuSelection,Menu Selection,478,202,0.00,0.00,None,N/A,
87.2012,cer,MenuSelection,Menu Selection,478,202,0.00,0.00,None,N/A,
87.2106,cer,MenuSelection,Menu Selection,478,202,0.00,0.00,None,N/A,
87.2217,cer,MenuSelection,Menu Selection,478,202,0.00,0.00,None,N/A,
87.2315,cer,MenuSelection,Menu Selection,478,202,0.00,0.00,None,N/A,
87.2409,cer,MenuSelection,Menu Selection,478,202,0.00,0.00,None,N/A,
87.2513,cer,MenuSelection,Menu Selection,478,202,0.00,0.00,None,N/A,
87.2608,cer,MenuSelection,Menu Selection,478,202,0.00,0.00,None,N/A,
87.2714,cer,MenuSelection,Menu Selection,478,202,0.00,0.00,None,N/A,
87.2813,cer,MenuSelection,Menu Selection,478,202,0.00,0.00,None,N/A,
87.2907,cer,MenuSelection,Menu Selection,478,202,0.00,0.00,None,N/A,
87.3012,cer,MenuSelection,Menu Selection,478,202,0.00,0.00,None,N/A,
87.3108,cer,MenuSelection,Menu Selection,478,202,0.00,0.00,None,N/A,
87.3214,cer,MenuSelection,Menu Selection,478,202,0.00,0.00,None,N/A,
87.3309,cer,MenuSelection,Menu Selection,478,202,0.00,0.00,None,N/A,
87.3413,cer,MenuSelection,Menu Selection,478,202,0.00,0.00,None,N/A,
87.3507,cer,MenuSelection,Menu Selection,478,202,0.00,0.00,None,N/A,
87.3612,cer,MenuSelection,Menu Selection,478,202,0.00,0.00,None,N/A,
87.3707,cer,MenuSelection,Menu Selection,478,202,0.00,0.00,None,N/A,
87.3813,cer,MenuSelection,Menu Selection,478,202,0.00,0.00,None,N/A,
87.3908,cer,MenuSelection,Menu Selection,478,202,0.00,0.00,None,N/A,
87.4011,cer,MenuSelection,Menu Selection,478,202,0.00,0.00,None,N/A,
87.4106,cer,MenuSelection,Menu Selection,478,202,0.00,0.00,None,N/A,
87.4215,cer,MenuSelection,Menu Selection,478,202,0.00,0.00,None,N/A,
87.4311,cer,MenuSelection,Menu Selection,478,202,0.00,0.00,None,N/A,
87.4406,cer,MenuSelection,Menu Selection,478,202,0.00,0.00,None,N/A,
87.4512,cer,MenuSelection,Menu Selection,478,202,0.00,0.00,None,N/A,
87.4607,cer,MenuSelection,Menu Selection,478,202,0.00,0.00,None,N/A,
87.4713,cer,MenuSelection,Menu Selection,478,202,0.00,0.00,None,N/A,
87.4808,cer,MenuSelection,Menu Selection,478,202,0.00,0.00,None,N/A,
87.4912,cer,MenuSelection,Menu Selection,478,202,0.00,0.00,None,N/A,
87.5016,cer,MenuSelection,Menu Selection,478,202,0.00,0.00,None,N/A,
87.5110,cer,MenuSelection,Menu Selection,478,202,0.00,0.00,None,N/A,
87.5206,cer,MenuSelection,Menu Selection,478,202,0.00,0.00,None,N/A,
87.5313,cer,MenuSelection,Menu Selection,478,202,0.00,0.00,None,N/A,
87.5413,cer,MenuSelection,Menu Selection,478,202,0.00,0.00,None,N/A,
87.5509,cer,MenuSelection,Menu Selection,478,202,0.00,0.00,None,N/A,
87.5614,cer,MenuSelection,Menu Selection,478,202,0.00,0.00,None,N/A,
87.5710,cer,MenuSelection,Menu Selection,478,202,0.00,0.00,None,N/A,
87.5815,cer,MenuSelection,Menu Selection,478,202,0.00,0.00,None,N/A,
87.5910,cer,MenuSelection,Menu Selection,478,202,0.00,0.00,None,N/A,
87.6014,cer,MenuSelection,Menu Selection,478,202,0.00,0.00,None,N/A,
87.6109,cer,MenuSelection,Menu Selection,478,202,0.00,0.00,None,N/A,
87.6215,cer,MenuSelection,Menu Selection,478,202,0.00,0.00,None,N/A,
87.6309,cer,MenuSelection,Menu Selection,478,202,0.00,0.00,None,N/A,
87.6414,cer,MenuSelection,Menu Selection,478,202,0.00,0.00,None,N/A,
87.6509,cer,MenuSelection,Menu Selection,478,202,0.00,0.00,None,N/A,
87.6615,cer,MenuSelection,Menu Selection,478,202,0.00,0.00,None,N/A,
87.6715,cer,MenuSelection,Menu Selection,478,202,0.00,0.00,Left,N/A,
87.6810,cer,MenuSelection,Menu Selection,478,202,0.00,0.00,Left,N/A,
87.6915,cer,MenuSelection,Menu Selection,478,202,0.00,0.00,Left,N/A,
87.7015,cer,MenuSelection,Menu Selection,478,202,0.00,0.00,Left,N/A,
87.7111,cer,MenuSelection,Menu Selection,478,202,0.00,0.00,Left,N/A,
87.7210,cer,MenuSelection,Menu Selection,478,202,0.00,0.00,Left,N/A,
87.7307,cer,MenuSelection,Menu Selection,478,202,0.00,0.00,Left,N/A,
87.7413,cer,MenuSelection,Menu Selection,478,202,0.00,0.00,Left,N/A,
87.7513,cer,MenuSelection,Menu Selection,478,202,0.00,0.00,Left,N/A,
87.7609,cer,MenuSelection,Menu Selection,478,202,0.00,0.00,Left,N/A,
87.7719,cer,MenuSelection,Menu Selection,478,202,0.00,0.00,Left,N/A,
87.7815,cer,MenuSelection,Menu Selection,478,202,0.00,0.00,Left,N/A,
87.7911,cer,MenuSelection,Menu Selection,478,202,0.00,0.00,Left,N/A,
87.8008,cer,MenuSelection,Menu Selection,478,202,0.00,0.00,Left,N/A,
87.8114,cer,MenuSelection,Menu Selection,478,202,0.00,0.00,Left,N/A,
87.8209,cer,MenuSelection,Menu Selection,478,202,0.00,0.00,Left,N/A,
87.8314,cer,MenuSelection,Menu Selection,478,202,0.00,0.00,Left,N/A,
87.8409,cer,MenuSelection,Menu Selection,478,202,0.00,0.00,Left,N/A,
87.8550,cer,MenuSelection,Menu Selection,478,202,0.00,0.00,None,N/A,
87.8614,cer,MenuSelection,Menu Selection,478,202,0.00,0.00,None,N/A,
87.8710,cer,MenuSelection,Menu Selection,478,202,0.00,0.00,None,N/A,
87.8814,cer,MenuSelection,Menu Selection,478,202,0.00,0.00,None,N/A,
87.8909,cer,MenuSelection,Menu Selection,478,202,0.00,0.00,None,N/A,
87.9013,cer,MenuSelection,Menu Selection,478,202,0.00,0.00,None,N/A,
87.9108,cer,MenuSelection,Menu Selection,478,202,0.00,0.00,None,N/A,
87.9215,cer,MenuSelection,Menu Selection,478,202,0.00,0.00,None,N/A,
87.9309,cer,MenuSelection,Menu Selection,478,202,0.00,0.00,None,N/A,
87.9415,cer,MenuSelection,Menu Selection,478,202,0.00,0.00,None,N/A,
87.9509,cer,MenuSelection,Menu Selection,478,202,0.00,0.00,None,N/A,
87.9614,cer,MenuSelection,Menu Selection,478,202,0.00,0.00,None,N/A,
87.9716,cer,MenuSelection,Menu Selection,478,202,0.00,0.00,None,N/A,
87.9810,cer,MenuSelection,Menu Selection,478,202,0.00,0.00,None,N/A,
87.9914,cer,MenuSelection,Menu Selection,478,202,0.00,0.00,None,N/A,
88.0008,cer,MenuSelection,Menu Selection,478,202,0.00,0.00,None,N/A,
88.0113,cer,MenuSelection,Menu Selection,478,202,0.00,0.00,None,N/A,
88.0207,cer,MenuSelection,Menu Selection,478,202,0.00,0.00,None,N/A,
88.0312,cer,MenuSelection,Menu Selection,478,202,0.00,0.00,None,N/A,
88.0408,cer,MenuSelection,Menu Selection,478,202,0.00,0.00,None,N/A,
88.0514,cer,MenuSelection,Menu Selection,478,202,0.00,0.00,None,N/A,
88.0608,cer,MenuSelection,Menu Selection,478,202,0.00,0.00,None,N/A,
88.0715,cer,MenuSelection,Menu Selection,478,202,0.00,0.00,None,N/A,
88.0810,cer,MenuSelection,Menu Selection,478,202,0.00,0.00,None,N/A,
88.0914,cer,MenuSelection,Menu Selection,478,202,0.00,0.00,None,N/A,
88.1009,cer,MenuSelection,Menu Selection,478,202,0.00,0.00,None,N/A,
88.1113,cer,MenuSelection,Menu Selection,478,202,0.00,0.00,None,N/A,
88.1206,cer,MenuSelection,Menu Selection,478,202,0.00,0.00,None,N/A,
88.1309,cer,MenuSelection,Menu Selection,478,202,0.00,0.00,None,N/A,
88.1413,cer,MenuSelection,Menu Selection,478,202,0.00,0.00,None,N/A,
88.1507,cer,MenuSelection,Menu Selection,478,202,0.00,0.00,None,N/A,
88.1612,cer,MenuSelection,Menu Selection,478,202,0.00,0.00,None,N/A,
88.1708,cer,MenuSelection,Menu Selection,478,202,0.00,0.00,None,N/A,
88.1813,cer,MenuSelection,Menu Selection,478,202,0.00,0.00,None,N/A,
88.1907,cer,MenuSelection,Menu Selection,478,202,0.00,0.00,None,N/A,
88.2012,cer,MenuSelection,Menu Selection,478,202,0.00,0.00,None,N/A,
88.2107,cer,MenuSelection,Menu Selection,478,202,0.00,0.00,None,N/A,
88.2212,cer,MenuSelection,Menu Selection,478,202,0.00,0.00,None,N/A,
88.2307,cer,MenuSelection,Menu Selection,478,202,0.00,0.00,None,N/A,
88.2412,cer,MenuSelection,Menu Selection,478,202,0.00,0.00,None,N/A,
88.2508,cer,MenuSelection,Menu Selection,478,202,0.00,0.00,None,N/A,
88.2612,cer,MenuSelection,Menu Selection,478,202,0.00,0.00,None,N/A,
88.2715,cer,MenuSelection,Menu Selection,478,202,0.00,0.00,None,N/A,
88.2808,cer,MenuSelection,Menu Selection,478,202,0.00,0.00,None,N/A,
88.2912,cer,MenuSelection,Menu Selection,478,202,0.00,0.00,None,N/A,
88.3016,cer,MenuSelection,Menu Selection,476,204,272.98,26346.65,None,N/A,
88.3107,cer,MenuSelection,Menu Selection,475,206,245.85,-2983.64,None,N/A,
88.3213,cer,MenuSelection,Menu Selection,473,208,266.18,1913.47,None,N/A,
88.3306,cer,MenuSelection,Menu Selection,470,212,534.55,28691.88,None,N/A,
88.3407,cer,MenuSelection,Menu Selection,469,214,222.45,-31048.71,None,N/A,
88.3506,cer,MenuSelection,Menu Selection,466,217,426.93,20576.60,None,N/A,
88.3616,cer,MenuSelection,Menu Selection,465,218,129.21,-27201.38,None,N/A,
88.3706,cer,MenuSelection,Menu Selection,463,220,312.28,20212.69,None,N/A,
88.3812,cer,MenuSelection,Menu Selection,462,221,134.31,-16902.26,None,N/A,
88.3910,cer,MenuSelection,Menu Selection,461,223,227.74,9515.62,None,N/A,
88.4015,cer,MenuSelection,Menu Selection,460,223,94.95,-12608.22,None,N/A,
88.4107,cer,MenuSelection,Menu Selection,459,224,154.17,6456.54,None,N/A,
88.4211,cer,MenuSelection,Menu Selection,458,225,135.24,-1810.75,None,N/A,
88.4313,cer,MenuSelection,Menu Selection,458,226,98.27,-3632.99,None,N/A,
88.4408,cer,MenuSelection,Menu Selection,457,226,105.97,816.08,None,N/A,
88.4508,cer,MenuSelection,Menu Selection,457,227,100.04,-592.71,None,N/A,
88.4606,cer,MenuSelection,Menu Selection,456,227,101.76,175.13,None,N/A,
88.4712,cer,MenuSelection,Menu Selection,456,228,93.78,-748.93,None,N/A,
88.4812,cer,MenuSelection,Menu Selection,456,228,0.00,-9431.53,None,N/A,
88.4909,cer,MenuSelection,Menu Selection,455,229,145.16,14900.32,None,N/A,
88.5007,cer,MenuSelection,Menu Selection,455,229,0.00,-14849.80,None,N/A,
88.5113,cer,MenuSelection,Menu Selection,455,230,94.11,8855.94,None,N/A,
88.5212,cer,MenuSelection,Menu Selection,455,230,0.00,-9578.23,None,N/A,
88.5315,cer,MenuSelection,Menu Selection,455,230,0.00,0.00,None,N/A,
88.5409,cer,MenuSelection,Menu Selection,455,231,106.58,11359.63,None,N/A,
88.5510,cer,MenuSelection,Menu Selection,455,231,0.00,-10454.28,None,N/A,
88.5607,cer,MenuSelection,Menu Selection,455,231,0.00,0.00,None,N/A,
88.5714,cer,MenuSelection,Menu Selection,455,231,0.00,0.00,None,N/A,
88.5813,cer,MenuSelection,Menu Selection,455,231,0.00,0.00,None,N/A,
88.5907,cer,MenuSelection,Menu Selection,455,231,0.00,0.00,None,N/A,
88.6010,cer,MenuSelection,Menu Selection,455,231,0.00,0.00,None,N/A,
88.6115,cer,MenuSelection,Menu Selection,455,231,0.00,0.00,None,N/A,
88.6209,cer,MenuSelection,Menu Selection,455,231,0.00,0.00,None,N/A,
88.6314,cer,MenuSelection,Menu Selection,455,231,0.00,0.00,None,N/A,
88.6409,cer,MenuSelection,Menu Selection,455,231,0.00,0.00,None,N/A,
88.6514,cer,MenuSelection,Menu Selection,455,231,0.00,0.00,None,N/A,
88.6611,cer,MenuSelection,Menu Selection,455,231,0.00,0.00,None,N/A,
88.6709,cer,MenuSelection,Menu Selection,455,231,0.00,0.00,None,N/A,
88.6818,cer,MenuSelection,Menu Selection,455,231,0.00,0.00,None,N/A,
88.6915,cer,MenuSelection,Menu Selection,455,231,0.00,0.00,None,N/A,
88.7011,cer,MenuSelection,Menu Selection,455,231,0.00,0.00,None,N/A,
88.7106,cer,MenuSelection,Menu Selection,455,231,0.00,0.00,None,N/A,
88.7208,cer,MenuSelection,Menu Selection,455,231,0.00,0.00,None,N/A,
88.7313,cer,MenuSelection,Menu Selection,455,231,0.00,0.00,None,N/A,
88.7411,cer,MenuSelection,Menu Selection,455,231,0.00,0.00,None,N/A,
88.7506,cer,MenuSelection,Menu Selection,455,231,0.00,0.00,None,N/A,
88.7612,cer,MenuSelection,Menu Selection,455,231,0.00,0.00,None,N/A,
88.7706,cer,MenuSelection,Menu Selection,455,231,0.00,0.00,None,N/A,
88.7811,cer,MenuSelection,Menu Selection,455,231,0.00,0.00,None,N/A,
88.7907,cer,MenuSelection,Menu Selection,455,231,0.00,0.00,None,N/A,
88.8012,cer,MenuSelection,Menu Selection,455,231,0.00,0.00,None,N/A,
88.8110,cer,MenuSelection,Menu Selection,455,231,0.00,0.00,None,N/A,
88.8206,cer,MenuSelection,Menu Selection,455,231,0.00,0.00,None,N/A,
88.8312,cer,MenuSelection,Menu Selection,455,231,0.00,0.00,None,N/A,
88.8410,cer,MenuSelection,Menu Selection,455,231,0.00,0.00,None,N/A,
88.8507,cer,MenuSelection,Menu Selection,456,233,230.31,23720.58,None,N/A,
88.8613,cer,MenuSelection,Menu Selection,456,234,94.21,-12821.40,None,N/A,
88.8713,cer,MenuSelection,Menu Selection,457,236,224.14,13023.82,None,N/A,
88.8812,cer,MenuSelection,Menu Selection,457,238,201.46,-2284.13,None,N/A,
88.8908,cer,MenuSelection,Menu Selection,457,239,105.09,-10127.55,None,N/A,
88.9014,cer,MenuSelection,Menu Selection,457,241,186.99,7656.70,None,N/A,
88.9112,cer,MenuSelection,Menu Selection,457,242,102.27,-8664.00,None,N/A,
88.9209,cer,MenuSelection,Menu Selection,457,244,207.56,10926.45,None,N/A,
88.9310,cer,MenuSelection,Menu Selection,457,245,98.55,-10742.56,None,N/A,
88.9409,cer,MenuSelection,Menu Selection,457,246,101.11,259.67,None,N/A,
88.9515,cer,MenuSelection,Menu Selection,458,247,132.82,2977.52,None,N/A,
88.9606,cer,MenuSelection,Menu Selection,458,248,110.59,-2457.75,None,N/A,
88.9714,cer,MenuSelection,Menu Selection,458,249,92.36,-1684.22,None,N/A,
88.9809,cer,MenuSelection,Menu Selection,459,250,149.79,6083.34,None,N/A,
88.9907,cer,MenuSelection,Menu Selection,459,251,101.19,-4918.26,None,N/A,
89.0008,cer,MenuSelection,Menu Selection,460,252,141.17,3990.64,None,N/A,
89.0115,cer,MenuSelection,Menu Selection,460,253,93.38,-4462.09,None,N/A,
89.0212,cer,MenuSelection,Menu Selection,461,254,145.79,5403.18,None,N/A,
89.0311,cer,MenuSelection,Menu Selection,461,255,100.66,-4543.22,None,N/A,
89.0407,cer,MenuSelection,Menu Selection,462,256,147.61,4900.22,None,N/A,
89.0509,cer,MenuSelection,Menu Selection,462,257,97.70,-4875.89,None,N/A,
89.0607,cer,MenuSelection,Menu Selection,463,258,145.13,4867.16,None,N/A,
89.0713,cer,MenuSelection,Menu Selection,463,259,94.35,-4791.29,None,N/A,
89.0814,cer,MenuSelection,Menu Selection,464,260,139.28,4424.76,None,N/A,
89.0907,cer,MenuSelection,Menu Selection,464,261,107.98,-3379.74,None,N/A,
89.1006,cer,MenuSelection,Menu Selection,464,262,100.96,-708.45,None,N/A,
89.1107,cer,MenuSelection,Menu Selection,464,262,0.00,-9953.20,None,N/A,
89.1210,cer,MenuSelection,Menu Selection,464,263,97.16,9439.65,None,N/A,
89.1312,cer,MenuSelection,Menu Selection,464,263,0.00,-9549.36,None,N/A,
89.1415,cer,MenuSelection,Menu Selection,464,264,97.18,9444.46,None,N/A,
89.1508,cer,MenuSelection,Menu Selection,464,264,0.00,-10453.50,None,N/A,
89.1612,cer,MenuSelection,Menu Selection,464,264,0.00,0.00,None,N/A,
89.1708,cer,MenuSelection,Menu Selection,464,264,0.00,0.00,None,N/A,
89.1813,cer,MenuSelection,Menu Selection,464,264,0.00,0.00,None,N/A,
89.1908,cer,MenuSelection,Menu Selection,464,264,0.00,0.00,None,N/A,
89.2012,cer,MenuSelection,Menu Selection,464,264,0.00,0.00,None,N/A,
89.2107,cer,MenuSelection,Menu Selection,464,264,0.00,0.00,None,N/A,
89.2213,cer,MenuSelection,Menu Selection,464,264,0.00,0.00,None,N/A,
89.2308,cer,MenuSelection,Menu Selection,464,264,0.00,0.00,None,N/A,
89.2413,cer,MenuSelection,Menu Selection,464,264,0.00,0.00,None,N/A,
89.2508,cer,MenuSelection,Menu Selection,464,263,105.98,11230.84,None,N/A,
89.2615,cer,MenuSelection,Menu Selection,465,263,93.11,-1198.13,None,N/A,
89.2709,cer,MenuSelection,Menu Selection,465,262,106.75,1455.98,None,N/A,
89.2812,cer,MenuSelection,Menu Selection,465,262,0.00,-10371.07,None,N/A,
89.2905,cer,MenuSelection,Menu Selection,466,261,150.77,16073.93,None,N/A,
89.3077,cer,MenuSelection,Menu Selection,466,260,58.42,-5395.32,None,N/A,
89.3106,cer,MenuSelection,Menu Selection,466,259,339.34,95328.91,None,N/A,
89.3210,cer,MenuSelection,Menu Selection,467,258,135.98,-19554.24,None,N/A,
89.3311,cer,MenuSelection,Menu Selection,467,256,198.44,6197.31,None,N/A,
89.3407,cer,MenuSelection,Menu Selection,467,255,104.42,-9817.98,None,N/A,
89.3509,cer,MenuSelection,Menu Selection,467,254,97.18,-703.00,None,N/A,
89.3613,cer,MenuSelection,Menu Selection,467,252,193.55,9326.46,None,N/A,
89.3713,cer,MenuSelection,Menu Selection,467,252,0.00,-19255.74,None,N/A,
89.3809,cer,MenuSelection,Menu Selection,467,250,209.53,21951.80,None,N/A,
89.3909,cer,MenuSelection,Menu Selection,467,250,0.00,-20907.35,None,N/A,
89.4006,cer,MenuSelection,Menu Selection,467,249,102.94,10596.19,None,N/A,
89.4112,cer,MenuSelection,Menu Selection,467,248,94.83,-768.73,None,N/A,
89.4212,cer,MenuSelection,Menu Selection,467,248,0.00,-9456.78,None,N/A,
89.4312,cer,MenuSelection,Menu Selection,467,248,0.00,0.00,None,N/A,
89.4410,cer,MenuSelection,Menu Selection,467,247,102.15,10435.26,None,N/A,
89.4516,cer,MenuSelection,Menu Selection,467,247,0.00,-9667.01,None,N/A,
89.4610,cer,MenuSelection,Menu Selection,467,247,0.00,0.00,None,N/A,
89.4708,cer,MenuSelection,Menu Selection,467,247,0.00,0.00,None,N/A,
89.4813,cer,MenuSelection,Menu Selection,467,247,0.00,0.00,None,N/A,
89.4908,cer,MenuSelection,Menu Selection,467,247,0.00,0.00,None,N/A,
89.5014,cer,MenuSelection,Menu Selection,467,247,0.00,0.00,None,N/A,
89.5109,cer,MenuSelection,Menu Selection,467,247,0.00,0.00,None,N/A,
89.5216,cer,MenuSelection,Menu Selection,467,247,0.00,0.00,None,N/A,
89.5311,cer,MenuSelection,Menu Selection,467,247,0.00,0.00,None,N/A,
89.5415,cer,MenuSelection,Menu Selection,467,247,0.00,0.00,None,N/A,
89.5509,cer,MenuSelection,Menu Selection,467,247,0.00,0.00,None,N/A,
89.5605,cer,MenuSelection,Menu Selection,467,247,0.00,0.00,None,N/A,
89.5709,cer,MenuSelection,Menu Selection,467,247,0.00,0.00,None,N/A,
89.5814,cer,MenuSelection,Menu Selection,467,247,0.00,0.00,None,N/A,
89.5910,cer,MenuSelection,Menu Selection,467,247,0.00,0.00,None,N/A,
89.6014,cer,MenuSelection,Menu Selection,467,247,0.00,0.00,None,N/A,
89.6108,cer,MenuSelection,Menu Selection,467,247,0.00,0.00,None,N/A,
89.6212,cer,MenuSelection,Menu Selection,467,247,0.00,0.00,None,N/A,
89.6307,cer,MenuSelection,Menu Selection,467,247,0.00,0.00,None,N/A,
89.6410,cer,MenuSelection,Menu Selection,467,248,96.95,9399.98,None,N/A,
89.6507,cer,MenuSelection,Menu Selection,467,248,0.00,-9995.39,None,N/A,
89.6612,cer,MenuSelection,Menu Selection,467,248,0.00,0.00,None,N/A,
89.6706,cer,MenuSelection,Menu Selection,467,248,0.00,0.00,None,N/A,
89.6813,cer,MenuSelection,Menu Selection,467,248,0.00,0.00,None,N/A,
89.6908,cer,MenuSelection,Menu Selection,467,248,0.00,0.00,None,N/A,
89.7008,cer,MenuSelection,Menu Selection,467,248,0.00,0.00,None,N/A,
89.7106,cer,MenuSelection,Menu Selection,467,248,0.00,0.00,None,N/A,
89.7212,cer,MenuSelection,Menu Selection,467,248,0.00,0.00,None,N/A,
89.7311,cer,MenuSelection,Menu Selection,467,249,100.64,10127.59,None,N/A,
89.7408,cer,MenuSelection,Menu Selection,467,249,0.00,-10386.01,None,N/A,
89.7507,cer,MenuSelection,Menu Selection,467,250,100.97,10194.99,None,N/A,
89.7614,cer,MenuSelection,Menu Selection,467,250,0.00,-9452.49,None,N/A,
89.7707,cer,MenuSelection,Menu Selection,467,251,107.42,11538.96,None,N/A,
89.7811,cer,MenuSelection,Menu Selection,468,251,96.03,-1093.36,None,N/A,
89.7907,cer,MenuSelection,Menu Selection,468,251,0.00,-10071.70,None,N/A,
89.8009,cer,MenuSelection,Menu Selection,468,252,98.03,9609.40,None,N/A,
89.8107,cer,MenuSelection,Menu Selection,468,252,0.00,-9985.60,None,N/A,
89.8215,cer,MenuSelection,Menu Selection,468,252,0.00,0.00,None,N/A,
89.8315,cer,MenuSelection,Menu Selection,468,253,99.77,9953.93,None,N/A,
89.8411,cer,MenuSelection,Menu Selection,468,253,0.00,-10334.46,None,N/A,
89.8507,cer,MenuSelection,Menu Selection,468,253,0.00,0.00,None,N/A,
89.8616,cer,MenuSelection,Menu Selection,468,253,0.00,0.00,None,N/A,
89.8715,cer,MenuSelection,Menu Selection,468,253,0.00,0.00,None,N/A,
89.8810,cer,MenuSelection,Menu Selection,468,253,0.00,0.00,None,N/A,
89.8908,cer,MenuSelection,Menu Selection,468,253,0.00,0.00,None,N/A,
89.9005,cer,MenuSelection,Menu Selection,468,254,102.42,10490.37,None,N/A,
89.9114,cer,MenuSelection,Menu Selection,468,254,0.00,-9396.95,None,N/A,
89.9210,cer,MenuSelection,Menu Selection,468,255,104.06,10829.34,None,N/A,
89.9310,cer,MenuSelection,Menu Selection,468,255,0.00,-10462.05,None,N/A,
89.9408,cer,MenuSelection,Menu Selection,468,255,0.00,0.00,None,N/A,
89.9506,cer,MenuSelection,Menu Selection,468,255,0.00,0.00,None,N/A,
89.9612,cer,MenuSelection,Menu Selection,468,255,0.00,0.00,None,N/A,
89.9711,cer,MenuSelection,Menu Selection,468,255,0.00,0.00,None,N/A,
89.9815,cer,MenuSelection,Menu Selection,468,255,0.00,0.00,None,N/A,
89.9906,cer,MenuSelection,Menu Selection,468,255,0.00,0.00,None,N/A,
90.0011,cer,MenuSelection,Menu Selection,468,255,0.00,0.00,None,N/A,
90.0114,cer,MenuSelection,Menu Selection,469,256,136.53,13181.21,None,N/A,
90.0211,cer,MenuSelection,Menu Selection,469,256,0.00,-14127.83,None,N/A,
90.0306,cer,MenuSelection,Menu Selection,469,256,0.00,0.00,None,N/A,
90.0411,cer,MenuSelection,Menu Selection,469,256,0.00,0.00,None,N/A,
90.0514,cer,MenuSelection,Menu Selection,469,256,0.00,0.00,None,N/A,
90.0609,cer,MenuSelection,Menu Selection,469,256,0.00,0.00,None,N/A,
90.0715,cer,MenuSelection,Menu Selection,469,256,0.00,0.00,None,N/A,
90.0811,cer,MenuSelection,Menu Selection,469,256,0.00,0.00,None,N/A,
90.0906,cer,MenuSelection,Menu Selection,469,256,0.00,0.00,None,N/A,
90.1016,cer,MenuSelection,Menu Selection,469,256,0.00,0.00,None,N/A,
90.1113,cer,MenuSelection,Menu Selection,469,257,103.01,10611.81,None,N/A,
90.1209,cer,MenuSelection,Menu Selection,469,257,0.00,-10724.55,None,N/A,
90.1313,cer,MenuSelection,Menu Selection,469,258,96.05,9225.99,None,N/A,
90.1406,cer,MenuSelection,Menu Selection,469,258,0.00,-10355.26,None,N/A,
90.1514,cer,MenuSelection,Menu Selection,469,259,92.49,8553.54,None,N/A,
90.1615,cer,MenuSelection,Menu Selection,469,260,98.89,633.80,None,N/A,
90.1707,cer,MenuSelection,Menu Selection,469,261,108.07,991.29,None,N/A,
90.1812,cer,MenuSelection,Menu Selection,469,261,0.00,-10341.71,None,N/A,
90.1907,cer,MenuSelection,Menu Selection,469,261,0.00,0.00,None,N/A,
90.2009,cer,MenuSelection,Menu Selection,469,262,97.92,9588.77,None,N/A,
90.2114,cer,MenuSelection,Menu Selection,470,262,95.21,-258.60,None,N/A,
90.2208,cer,MenuSelection,Menu Selection,470,263,106.05,1149.45,None,N/A,
90.2313,cer,MenuSelection,Menu Selection,470,263,0.00,-10074.21,None,N/A,
90.2407,cer,MenuSelection,Menu Selection,470,263,0.00,0.00,None,N/A,
90.2506,cer,MenuSelection,Menu Selection,470,263,0.00,0.00,None,N/A,
90.2611,cer,MenuSelection,Menu Selection,470,263,0.00,0.00,None,N/A,
90.2707,cer,MenuSelection,Menu Selection,470,263,0.00,0.00,None,N/A,
90.2812,cer,MenuSelection,Menu Selection,470,263,0.00,0.00,None,N/A,
90.2907,cer,MenuSelection,Menu Selection,470,263,0.00,0.00,None,N/A,
90.3013,cer,MenuSelection,Menu Selection,470,263,0.00,0.00,None,N/A,
90.3108,cer,MenuSelection,Menu Selection,470,263,0.00,0.00,None,N/A,
90.3214,cer,MenuSelection,Menu Selection,470,263,0.00,0.00,None,N/A,
90.3310,cer,MenuSelection,Menu Selection,470,263,0.00,0.00,None,N/A,
90.3415,cer,MenuSelection,Menu Selection,470,263,0.00,0.00,None,N/A,
90.3513,cer,MenuSelection,Menu Selection,470,263,0.00,0.00,None,N/A,
90.3614,cer,MenuSelection,Menu Selection,470,263,0.00,0.00,None,N/A,
90.3710,cer,MenuSelection,Menu Selection,470,263,0.00,0.00,None,N/A,
90.3808,cer,MenuSelection,Menu Selection,470,263,0.00,0.00,None,N/A,
90.3909,cer,MenuSelection,Menu Selection,470,263,0.00,0.00,None,N/A,
90.4013,cer,MenuSelection,Menu Selection,470,263,0.00,0.00,None,N/A,
90.4108,cer,MenuSelection,Menu Selection,470,263,0.00,0.00,None,N/A,
90.4215,cer,MenuSelection,Menu Selection,470,263,0.00,0.00,None,N/A,
90.4312,cer,MenuSelection,Menu Selection,470,263,0.00,0.00,None,N/A,
90.4407,cer,MenuSelection,Menu Selection,470,263,0.00,0.00,None,N/A,
90.4512,cer,MenuSelection,Menu Selection,470,263,0.00,0.00,None,N/A,
90.4607,cer,MenuSelection,Menu Selection,470,263,0.00,0.00,None,N/A,
90.4713,cer,MenuSelection,Menu Selection,470,263,0.00,0.00,None,N/A,
90.4809,cer,MenuSelection,Menu Selection,470,263,0.00,0.00,None,N/A,
90.4905,cer,MenuSelection,Menu Selection,470,263,0.00,0.00,None,N/A,
90.5010,cer,MenuSelection,Menu Selection,470,263,0.00,0.00,None,N/A,
90.5115,cer,MenuSelection,Menu Selection,470,263,0.00,0.00,None,N/A,
90.5213,cer,MenuSelection,Menu Selection,470,263,0.00,0.00,None,N/A,
90.5308,cer,MenuSelection,Menu Selection,470,263,0.00,0.00,None,N/A,
90.5413,cer,MenuSelection,Menu Selection,470,263,0.00,0.00,None,N/A,
90.5506,cer,MenuSelection,Menu Selection,470,263,0.00,0.00,None,N/A,
90.5611,cer,MenuSelection,Menu Selection,470,263,0.00,0.00,None,N/A,
90.5706,cer,MenuSelection,Menu Selection,470,263,0.00,0.00,None,N/A,
90.5811,cer,MenuSelection,Menu Selection,470,263,0.00,0.00,None,N/A,
90.5906,cer,MenuSelection,Menu Selection,470,263,0.00,0.00,None,N/A,
90.6007,cer,MenuSelection,Menu Selection,470,263,0.00,0.00,None,N/A,
90.6111,cer,MenuSelection,Menu Selection,470,263,0.00,0.00,None,N/A,
90.6206,cer,MenuSelection,Menu Selection,470,263,0.00,0.00,None,N/A,
90.6311,cer,MenuSelection,Menu Selection,470,263,0.00,0.00,None,N/A,
90.6416,cer,MenuSelection,Menu Selection,470,263,0.00,0.00,None,N/A,
90.6513,cer,MenuSelection,Menu Selection,470,263,0.00,0.00,None,N/A,
90.6608,cer,MenuSelection,Menu Selection,470,263,0.00,0.00,None,N/A,
90.6713,cer,MenuSelection,Menu Selection,470,263,0.00,0.00,None,N/A,
90.6808,cer,MenuSelection,Menu Selection,470,263,0.00,0.00,None,N/A,
90.6912,cer,MenuSelection,Menu Selection,470,263,0.00,0.00,None,N/A,
90.7008,cer,MenuSelection,Menu Selection,470,263,0.00,0.00,None,N/A,
90.7112,cer,MenuSelection,Menu Selection,470,263,0.00,0.00,None,N/A,
90.7206,cer,MenuSelection,Menu Selection,470,263,0.00,0.00,None,N/A,
90.7310,cer,MenuSelection,Menu Selection,470,263,0.00,0.00,None,N/A,
90.7418,cer,MenuSelection,Menu Selection,470,263,0.00,0.00,None,N/A,
90.7515,cer,MenuSelection,Menu Selection,470,263,0.00,0.00,None,N/A,
90.7610,cer,MenuSelection,Menu Selection,470,263,0.00,0.00,None,N/A,
90.7716,cer,MenuSelection,Menu Selection,470,263,0.00,0.00,None,N/A,
90.7812,cer,MenuSelection,Menu Selection,470,263,0.00,0.00,None,N/A,
90.7911,cer,MenuSelection,Menu Selection,470,263,0.00,0.00,None,N/A,
90.8010,cer,MenuSelection,Menu Selection,470,263,0.00,0.00,None,N/A,
90.8115,cer,MenuSelection,Menu Selection,470,263,0.00,0.00,None,N/A,
90.8210,cer,MenuSelection,Menu Selection,470,263,0.00,0.00,None,N/A,
90.8306,cer,MenuSelection,Menu Selection,470,263,0.00,0.00,None,N/A,
90.8411,cer,MenuSelection,Menu Selection,470,263,0.00,0.00,None,N/A,
90.8515,cer,MenuSelection,Menu Selection,470,263,0.00,0.00,None,N/A,
90.8609,cer,MenuSelection,Menu Selection,470,263,0.00,0.00,None,N/A,
90.8715,cer,MenuSelection,Menu Selection,470,263,0.00,0.00,None,N/A,
90.8810,cer,MenuSelection,Menu Selection,470,263,0.00,0.00,None,N/A,
90.8916,cer,MenuSelection,Menu Selection,470,263,0.00,0.00,None,N/A,
90.9011,cer,MenuSelection,Menu Selection,470,263,0.00,0.00,None,N/A,
90.9107,cer,MenuSelection,Menu Selection,470,263,0.00,0.00,None,N/A,
90.9209,cer,MenuSelection,Menu Selection,470,263,0.00,0.00,None,N/A,
90.9314,cer,MenuSelection,Menu Selection,470,263,0.00,0.00,None,N/A,
90.9409,cer,MenuSelection,Menu Selection,470,263,0.00,0.00,None,N/A,
90.9513,cer,MenuSelection,Menu Selection,470,263,0.00,0.00,None,N/A,
90.9607,cer,MenuSelection,Menu Selection,470,263,0.00,0.00,None,N/A,
90.9713,cer,MenuSelection,Menu Selection,470,263,0.00,0.00,None,N/A,
90.9807,cer,MenuSelection,Menu Selection,470,263,0.00,0.00,None,N/A,
90.9912,cer,MenuSelection,Menu Selection,470,263,0.00,0.00,None,N/A,
91.0015,cer,MenuSelection,Menu Selection,470,263,0.00,0.00,None,N/A,
91.0110,cer,MenuSelection,Menu Selection,470,263,0.00,0.00,None,N/A,
91.0206,cer,MenuSelection,Menu Selection,470,263,0.00,0.00,None,N/A,
91.0310,cer,MenuSelection,Menu Selection,470,263,0.00,0.00,None,N/A,
91.0414,cer,MenuSelection,Menu Selection,470,263,0.00,0.00,None,N/A,
91.0510,cer,MenuSelection,Menu Selection,470,263,0.00,0.00,None,N/A,
91.0613,cer,MenuSelection,Menu Selection,470,263,0.00,0.00,None,N/A,
91.0714,cer,MenuSelection,Menu Selection,470,263,0.00,0.00,None,N/A,
91.0810,cer,MenuSelection,Menu Selection,470,263,0.00,0.00,None,N/A,
91.0915,cer,MenuSelection,Menu Selection,470,263,0.00,0.00,None,N/A,
91.1010,cer,MenuSelection,Menu Selection,470,263,0.00,0.00,None,N/A,
91.1115,cer,MenuSelection,Menu Selection,470,263,0.00,0.00,None,N/A,
91.1209,cer,MenuSelection,Menu Selection,470,263,0.00,0.00,None,N/A,
91.1314,cer,MenuSelection,Menu Selection,470,263,0.00,0.00,None,N/A,
91.1409,cer,MenuSelection,Menu Selection,470,263,0.00,0.00,None,N/A,
91.1512,cer,MenuSelection,Menu Selection,470,263,0.00,0.00,None,N/A,
91.1608,cer,MenuSelection,Menu Selection,470,263,0.00,0.00,None,N/A,
91.1714,cer,MenuSelection,Menu Selection,470,263,0.00,0.00,None,N/A,
91.1808,cer,MenuSelection,Menu Selection,470,263,0.00,0.00,None,N/A,
91.1912,cer,MenuSelection,Menu Selection,470,263,0.00,0.00,None,N/A,
91.2016,cer,MenuSelection,Menu Selection,470,263,0.00,0.00,None,N/A,
91.2111,cer,MenuSelection,Menu Selection,470,263,0.00,0.00,None,N/A,
91.2209,cer,MenuSelection,Menu Selection,470,263,0.00,0.00,None,N/A,
91.2313,cer,MenuSelection,Menu Selection,470,263,0.00,0.00,None,N/A,
91.2408,cer,MenuSelection,Menu Selection,470,263,0.00,0.00,None,N/A,
91.2515,cer,MenuSelection,Menu Selection,470,263,0.00,0.00,None,N/A,
91.2611,cer,MenuSelection,Menu Selection,470,263,0.00,0.00,None,N/A,
91.2706,cer,MenuSelection,Menu Selection,470,263,0.00,0.00,None,N/A,
91.2806,cer,MenuSelection,Menu Selection,470,262,100.02,10003.36,None,N/A,
91.2906,cer,MenuSelection,Menu Selection,470,262,0.00,-9990.02,None,N/A,
91.3009,cer,MenuSelection,Menu Selection,469,261,137.32,13333.61,None,N/A,
91.3109,cer,MenuSelection,Menu Selection,468,261,99.76,-3746.77,None,N/A,
91.3214,cer,MenuSelection,Menu Selection,466,259,269.87,16229.85,None,N/A,
91.3310,cer,MenuSelection,Menu Selection,465,257,231.45,-3976.43,None,N/A,
91.3413,cer,MenuSelection,Menu Selection,461,252,624.69,38364.65,None,N/A,
91.3511,cer,MenuSelection,Menu Selection,459,249,365.91,-26262.22,None,N/A,
91.3611,cer,MenuSelection,Menu Selection,456,245,501.81,13638.62,None,N/A,
91.3715,cer,MenuSelection,Menu Selection,450,237,956.97,43557.74,None,N/A,
91.3808,cer,MenuSelection,Menu Selection,447,234,457.15,-53856.23,None,N/A,
91.3923,cer,MenuSelection,Menu Selection,441,227,805.10,30384.59,None,N/A,
91.4010,cer,MenuSelection,Menu Selection,438,224,485.26,-36581.91,None,N/A,
91.4108,cer,MenuSelection,Menu Selection,434,219,656.06,17500.74,None,N/A,
91.4215,cer,MenuSelection,Menu Selection,432,217,264.89,-36634.74,None,N/A,
91.4306,cer,MenuSelection,Menu Selection,429,214,462.09,21477.07,None,N/A,
91.4414,cer,MenuSelection,Menu Selection,427,212,263.89,-18491.59,None,N/A,
91.4512,cer,MenuSelection,Menu Selection,425,210,286.76,2319.08,None,N/A,
91.4614,cer,MenuSelection,Menu Selection,425,209,98.14,-18510.80,None,N/A,
91.4715,cer,MenuSelection,Menu Selection,423,208,220.85,12119.86,None,N/A,
91.4807,cer,MenuSelection,Menu Selection,423,208,0.00,-24205.69,None,N/A,
91.4906,cer,MenuSelection,Menu Selection,422,207,142.50,14357.69,None,N/A,
91.5013,cer,MenuSelection,Menu Selection,422,206,93.03,-4601.69,None,N/A,
91.5114,cer,MenuSelection,Menu Selection,421,206,99.09,600.69,None,N/A,
91.5207,cer,MenuSelection,Menu Selection,421,205,107.53,906.89,None,N/A,
91.5308,cer,MenuSelection,Menu Selection,421,205,0.00,-10624.78,None,N/A,
91.5407,cer,MenuSelection,Menu Selection,421,204,101.94,10391.17,None,N/A,
91.5513,cer,MenuSelection,Menu Selection,421,204,0.00,-9622.47,None,N/A,
91.5608,cer,MenuSelection,Menu Selection,421,204,0.00,0.00,None,N/A,
91.5713,cer,MenuSelection,Menu Selection,421,204,0.00,0.00,None,N/A,
91.5808,cer,MenuSelection,Menu Selection,421,204,0.00,0.00,None,N/A,
91.5913,cer,MenuSelection,Menu Selection,421,204,0.00,0.00,None,N/A,
91.6015,cer,MenuSelection,Menu Selection,421,204,0.00,0.00,None,N/A,
91.6106,cer,MenuSelection,Menu Selection,422,204,109.52,11994.73,None,N/A,
91.6211,cer,MenuSelection,Menu Selection,424,205,212.51,9788.00,None,N/A,
91.6314,cer,MenuSelection,Menu Selection,431,209,783.42,55476.04,None,N/A,
91.6410,cer,MenuSelection,Menu Selection,443,217,1497.60,74160.52,None,N/A,
91.6509,cer,MenuSelection,Menu Selection,535,284,11592.01,1028145.18,None,N/A,
91.6608,cer,MenuSelection,Menu Selection,567,309,4092.60,-755816.10,None,N/A,
91.6707,cer,MenuSelection,Menu Selection,620,362,7575.17,351965.93,None,N/A,
91.6809,cer,MenuSelection,Menu Selection,647,389,3722.10,-375591.55,None,N/A,
91.6907,cer,MenuSelection,Menu Selection,673,417,3900.51,18212.67,None,N/A,
91.7009,cer,MenuSelection,Menu Selection,729,470,7564.84,359516.12,None,N/A,
91.7112,cer,MenuSelection,Menu Selection,760,496,3923.63,-353109.47,None,N/A,
91.7210,cer,MenuSelection,Menu Selection,810,537,6622.87,276469.40,None,N/A,
91.7309,cer,MenuSelection,Menu Selection,830,556,2782.71,-387368.79,None,N/A,
91.7416,cer,MenuSelection,Menu Selection,862,589,4311.87,143440.24,None,N/A,
91.7514,cer,MenuSelection,Menu Selection,872,598,1365.91,-299096.14,None,N/A,
91.7611,cer,MenuSelection,Menu Selection,879,602,831.24,-55126.28,None,N/A,
91.7711,cer,MenuSelection,Menu Selection,879,602,0.00,-83366.29,None,N/A,
91.7813,cer,MenuSelection,Menu Selection,879,602,0.00,0.00,None,N/A,
91.7909,cer,MenuSelection,Menu Selection,879,602,0.00,0.00,None,N/A,
91.8015,cer,MenuSelection,Menu Selection,879,602,0.00,0.00,None,N/A,
91.8111,cer,MenuSelection,Menu Selection,879,602,0.00,0.00,None,N/A,
91.8206,cer,MenuSelection,Menu Selection,879,602,0.00,0.00,None,N/A,
91.8312,cer,MenuSelection,Menu Selection,879,602,0.00,0.00,None,N/A,
91.8407,cer,MenuSelection,Menu Selection,879,602,0.00,0.00,None,N/A,
91.8512,cer,MenuSelection,Menu Selection,879,602,0.00,0.00,None,N/A,
91.8608,cer,MenuSelection,Menu Selection,879,602,0.00,0.00,None,N/A,
91.8713,cer,MenuSelection,Menu Selection,879,602,0.00,0.00,None,N/A,
91.8808,cer,MenuSelection,Menu Selection,879,602,0.00,0.00,None,N/A,
91.8913,cer,MenuSelection,Menu Selection,879,602,0.00,0.00,None,N/A,
91.9010,cer,MenuSelection,Menu Selection,879,602,0.00,0.00,None,N/A,
91.9115,cer,MenuSelection,Menu Selection,879,602,0.00,0.00,None,N/A,
91.9210,cer,MenuSelection,Menu Selection,879,602,0.00,0.00,None,N/A,
91.9313,cer,MenuSelection,Menu Selection,879,602,0.00,0.00,None,N/A,
91.9408,cer,MenuSelection,Menu Selection,879,602,0.00,0.00,None,N/A,
91.9512,cer,MenuSelection,Menu Selection,879,602,0.00,0.00,None,N/A,
91.9608,cer,MenuSelection,Menu Selection,879,602,0.00,0.00,None,N/A,
91.9715,cer,MenuSelection,Menu Selection,879,602,0.00,0.00,None,N/A,
91.9808,cer,MenuSelection,Menu Selection,909,634,4675.74,498424.17,None,N/A,
91.9915,cer,MenuSelection,Menu Selection,937,662,3702.32,-91013.16,None,N/A,
92.0012,cer,MenuSelection,Menu Selection,969,695,4771.95,111040.54,None,N/A,
92.0111,cer,MenuSelection,Menu Selection,981,710,1938.78,-285948.85,None,N/A,
92.0205,cer,MenuSelection,Menu Selection,1006,741,4209.48,240014.54,None,N/A,
92.0312,cer,MenuSelection,Menu Selection,1020,755,1858.49,-220682.98,None,N/A,
92.0411,cer,MenuSelection,Menu Selection,1046,780,3635.28,179075.42,None,N/A,
92.0513,cer,MenuSelection,Menu Selection,1056,791,1462.48,-213753.92,None,N/A,
92.0611,cer,MenuSelection,Menu Selection,1064,799,1149.88,-31771.56,None,N/A,
92.0710,cer,MenuSelection,Menu Selection,1075,810,1572.24,42687.42,None,N/A,
92.0808,cer,MenuSelection,Menu Selection,1079,813,509.93,-108341.36,None,N/A,
92.0908,cer,MenuSelection,Menu Selection,1084,817,639.84,12981.09,None,N/A,
92.1015,cer,MenuSelection,Menu Selection,1086,817,186.91,-42328.84,None,N/A,
92.1115,cer,MenuSelection,Menu Selection,1087,818,141.91,-4515.83,None,N/A,
92.1209,cer,MenuSelection,Menu Selection,1088,819,150.35,897.52,None,N/A,
92.1314,cer,MenuSelection,Menu Selection,1089,819,95.35,-5244.46,None,N/A,
92.1412,cer,MenuSelection,Menu Selection,1089,819,0.00,-9672.59,None,N/A,
92.1515,cer,MenuSelection,Menu Selection,1089,819,0.00,0.00,None,N/A,
92.1610,cer,MenuSelection,Menu Selection,1089,819,0.00,0.00,None,N/A,
92.1709,cer,MenuSelection,Menu Selection,1089,818,101.04,10208.26,None,N/A,
92.1807,cer,MenuSelection,Menu Selection,1087,817,227.97,12940.46,None,N/A,
92.1915,cer,MenuSelection,Menu Selection,1085,814,332.76,9671.10,None,N/A,
92.2014,cer,MenuSelection,Menu Selection,1062,789,3449.03,316395.23,None,N/A,
92.2111,cer,MenuSelection,Menu Selection,1036,762,3862.91,42652.76,None,N/A,
92.2206,cer,MenuSelection,Menu Selection,1003,732,4681.38,85912.87,None,N/A,
92.2308,cer,MenuSelection,Menu Selection,993,721,1459.16,-316272.49,None,N/A,
92.2412,cer,MenuSelection,Menu Selection,972,699,2923.38,140741.62,None,N/A,
92.2513,cer,MenuSelection,Menu Selection,960,688,1610.19,-129892.26,None,N/A,
92.2609,cer,MenuSelection,Menu Selection,928,665,4118.75,262183.58,None,N/A,
92.2709,cer,MenuSelection,Menu Selection,912,652,2048.95,-205714.88,None,N/A,
92.2809,cer,MenuSelection,Menu Selection,897,639,1984.47,-6446.39,None,N/A,
92.2912,cer,MenuSelection,Menu Selection,862,613,4236.72,218853.50,None,N/A,
92.3016,cer,MenuSelection,Menu Selection,843,600,2226.73,-194411.70,None,N/A,
92.3113,cer,MenuSelection,Menu Selection,813,575,4010.20,183146.01,None,N/A,
92.3209,cer,MenuSelection,Menu Selection,802,566,1478.19,-263342.08,None,N/A,
92.3306,cer,MenuSelection,Menu Selection,781,553,2543.25,109673.12,None,N/A,
92.3423,cer,MenuSelection,Menu Selection,767,544,1431.30,-95626.12,None,N/A,
92.3511,cer,MenuSelection,Menu Selection,762,540,720.46,-79981.01,None,N/A,
92.3611,cer,MenuSelection,Menu Selection,760,538,284.08,-43828.83,None,N/A,
92.3705,cer,MenuSelection,Menu Selection,757,534,529.80,26036.63,None,N/A,
92.3808,cer,MenuSelection,Menu Selection,756,533,137.75,-38186.40,None,N/A,
92.3914,cer,MenuSelection,Menu Selection,755,533,94.65,-4079.33,None,N/A,
92.4010,cer,MenuSelection,Menu Selection,755,533,0.00,-9872.95,None,N/A,
92.4115,cer,MenuSelection,Menu Selection,755,533,0.00,0.00,None,N/A,
92.4209,cer,MenuSelection,Menu Selection,755,533,0.00,0.00,None,N/A,
92.4314,cer,MenuSelection,Menu Selection,755,533,0.00,0.00,None,N/A,
92.4409,cer,MenuSelection,Menu Selection,755,533,0.00,0.00,None,N/A,
92.4514,cer,MenuSelection,Menu Selection,755,533,0.00,0.00,None,N/A,
92.4609,cer,MenuSelection,Menu Selection,755,533,0.00,0.00,None,N/A,
92.4708,cer,MenuSelection,Menu Selection,755,533,0.00,0.00,None,N/A,
92.4813,cer,MenuSelection,Menu Selection,755,533,0.00,0.00,None,N/A,
92.4907,cer,MenuSelection,Menu Selection,755,533,0.00,0.00,None,N/A,
92.5011,cer,MenuSelection,Menu Selection,755,533,0.00,0.00,None,N/A,
92.5106,cer,MenuSelection,Menu Selection,755,533,0.00,0.00,None,N/A,
92.5213,cer,MenuSelection,Menu Selection,755,533,0.00,0.00,None,N/A,
92.5307,cer,MenuSelection,Menu Selection,755,533,0.00,0.00,None,N/A,
92.5412,cer,MenuSelection,Menu Selection,755,533,0.00,0.00,None,N/A,
92.5507,cer,MenuSelection,Menu Selection,755,533,0.00,0.00,None,N/A,
92.5612,cer,MenuSelection,Menu Selection,755,533,0.00,0.00,None,N/A,
92.5706,cer,MenuSelection,Menu Selection,755,533,0.00,0.00,None,N/A,
92.5810,cer,MenuSelection,Menu Selection,755,533,0.00,0.00,None,N/A,
92.5912,cer,MenuSelection,Menu Selection,697,491,7058.03,695652.94,None,N/A,
92.6012,cer,MenuSelection,Menu Selection,656,460,5144.70,-191505.90,None,N/A,
92.6108,cer,MenuSelection,Menu Selection,618,435,4752.83,-40947.09,None,N/A,
92.6207,cer,MenuSelection,Menu Selection,605,424,1704.04,-305075.61,None,N/A,
92.6307,cer,MenuSelection,Menu Selection,591,412,1860.14,15747.96,None,N/A,
92.6412,cer,MenuSelection,Menu Selection,567,394,2859.36,95237.78,None,N/A,
92.6512,cer,MenuSelection,Menu Selection,555,388,1334.04,-151668.15,None,N/A,
92.6610,cer,MenuSelection,Menu Selection,539,377,1979.31,65778.37,None,N/A,
92.6708,cer,MenuSelection,Menu Selection,534,374,597.15,-141547.09,None,N/A,
92.6815,cer,MenuSelection,Menu Selection,529,369,658.63,5726.94,None,N/A,
92.6913,cer,MenuSelection,Menu Selection,528,368,144.82,-52614.83,None,N/A,
92.7005,cer,MenuSelection,Menu Selection,526,366,306.77,17564.98,None,N/A,
92.7107,cer,MenuSelection,Menu Selection,526,366,0.00,-30076.51,None,N/A,
92.7205,cer,MenuSelection,Menu Selection,526,365,102.00,10403.81,None,N/A,
92.7314,cer,MenuSelection,Menu Selection,526,365,0.00,-9407.08,None,N/A,
92.7410,cer,MenuSelection,Menu Selection,529,366,328.12,34045.74,None,N/A,
92.7512,cer,MenuSelection,Menu Selection,531,368,276.15,-5073.64,None,N/A,
92.7610,cer,MenuSelection,Menu Selection,534,369,325.10,5031.38,None,N/A,
92.7713,cer,MenuSelection,Menu Selection,540,372,648.60,31278.84,None,N/A,
92.7806,cer,MenuSelection,Menu Selection,543,374,389.28,-27997.88,None,N/A,
92.7912,cer,MenuSelection,Menu Selection,548,376,505.59,10919.22,None,N/A,
92.8013,cer,MenuSelection,Menu Selection,550,378,279.10,-22348.76,None,N/A,
92.8108,cer,MenuSelection,Menu Selection,554,380,471.61,20301.41,None,N/A,
92.8215,cer,MenuSelection,Menu Selection,556,381,209.29,-24552.84,None,N/A,
92.8309,cer,MenuSelection,Menu Selection,560,385,602.47,41875.02,None,N/A,
92.8412,cer,MenuSelection,Menu Selection,562,386,216.73,-37387.88,None,N/A,
92.8511,cer,MenuSelection,Menu Selection,564,388,286.18,7026.94,None,N/A,
92.8610,cer,MenuSelection,Menu Selection,565,389,142.95,-14477.76,None,N/A,
92.8710,cer,MenuSelection,Menu Selection,566,390,141.75,-120.52,None,N/A,
92.8806,cer,MenuSelection,Menu Selection,568,392,293.81,15795.35,None,N/A,
92.8914,cer,MenuSelection,Menu Selection,568,392,0.00,-27294.29,None,N/A,
92.9009,cer,MenuSelection,Menu Selection,569,393,149.03,15704.53,None,N/A,
92.9113,cer,MenuSelection,Menu Selection,569,393,0.00,-14212.31,None,N/A,
92.9215,cer,MenuSelection,Menu Selection,565,391,439.70,43230.78,None,N/A,
92.9308,cer,MenuSelection,Menu Selection,557,386,1019.87,62720.42,None,N/A,
92.9411,cer,MenuSelection,Menu Selection,510,350,5727.89,455500.69,None,N/A,
92.9512,cer,MenuSelection,Menu Selection,496,338,1824.42,-386221.85,None,N/A,
92.9611,cer,MenuSelection,Menu Selection,483,327,1723.03,-10259.14,None,N/A,
92.9706,cer,MenuSelection,Menu Selection,479,324,528.13,-126212.37,None,N/A,
92.9810,cer,MenuSelection,Menu Selection,479,324,0.00,-50654.89,None,N/A,
92.9915,cer,MenuSelection,Menu Selection,479,324,0.00,0.00,None,N/A,
93.0010,cer,MenuSelection,Menu Selection,479,324,0.00,0.00,None,N/A,
93.0115,cer,MenuSelection,Menu Selection,479,324,0.00,0.00,None,N/A,
93.0209,cer,MenuSelection,Menu Selection,479,324,0.00,0.00,None,N/A,
93.0313,cer,MenuSelection,Menu Selection,479,324,0.00,0.00,None,N/A,
93.0408,cer,MenuSelection,Menu Selection,479,324,0.00,0.00,None,N/A,
93.0509,cer,MenuSelection,Menu Selection,479,324,0.00,0.00,None,N/A,
93.0614,cer,MenuSelection,Menu Selection,479,324,0.00,0.00,None,N/A,
93.0709,cer,MenuSelection,Menu Selection,479,324,0.00,0.00,None,N/A,
93.0813,cer,MenuSelection,Menu Selection,479,324,0.00,0.00,None,N/A,
93.0909,cer,MenuSelection,Menu Selection,479,324,0.00,0.00,None,N/A,
93.1014,cer,MenuSelection,Menu Selection,479,324,0.00,0.00,None,N/A,
93.1110,cer,MenuSelection,Menu Selection,479,324,0.00,0.00,None,N/A,
93.1208,cer,MenuSelection,Menu Selection,479,324,0.00,0.00,None,N/A,
93.1312,cer,MenuSelection,Menu Selection,479,324,0.00,0.00,None,N/A,
93.1409,cer,MenuSelection,Menu Selection,479,324,0.00,0.00,None,N/A,
93.1514,cer,MenuSelection,Menu Selection,479,324,0.00,0.00,None,N/A,
93.1609,cer,MenuSelection,Menu Selection,479,324,0.00,0.00,None,N/A,
93.1713,cer,MenuSelection,Menu Selection,479,324,0.00,0.00,None,N/A,
93.1808,cer,MenuSelection,Menu Selection,479,324,0.00,0.00,None,N/A,
93.1917,cer,MenuSelection,Menu Selection,479,324,0.00,0.00,None,N/A,
93.2013,cer,MenuSelection,Menu Selection,479,324,0.00,0.00,None,N/A,
93.2107,cer,MenuSelection,Menu Selection,479,324,0.00,0.00,None,N/A,
93.2214,cer,MenuSelection,Menu Selection,473,317,865.75,81297.12,None,N/A,
93.2314,cer,MenuSelection,Menu Selection,464,305,1490.58,62091.18,None,N/A,
93.2411,cer,MenuSelection,Menu Selection,450,287,2350.34,88614.79,None,N/A,
93.2507,cer,MenuSelection,Menu Selection,430,264,3182.24,86855.54,None,N/A,
93.2614,cer,MenuSelection,Menu Selection,423,259,803.54,-222194.74,None,N/A,
93.2705,cer,MenuSelection,Menu Selection,413,250,1477.92,74082.62,None,N/A,
93.2814,cer,MenuSelection,Menu Selection,409,246,517.81,-87885.63,None,N/A,
93.2909,cer,MenuSelection,Menu Selection,403,241,829.79,33146.34,None,N/A,
93.3008,cer,MenuSelection,Menu Selection,400,239,363.12,-46999.20,None,N/A,
93.3109,cer,MenuSelection,Menu Selection,397,236,420.82,5723.70,None,N/A,
93.3213,cer,MenuSelection,Menu Selection,396,235,136.14,-27405.54,None,N/A,
93.3311,cer,MenuSelection,Menu Selection,394,234,227.02,9226.69,None,N/A,
93.3407,cer,MenuSelection,Menu Selection,393,233,146.67,-8333.61,None,N/A,
93.3509,cer,MenuSelection,Menu Selection,393,233,0.00,-14419.84,None,N/A,
93.3614,cer,MenuSelection,Menu Selection,392,232,134.28,12749.74,None,N/A,
93.3716,cer,MenuSelection,Menu Selection,392,232,0.00,-13288.20,None,N/A,
93.3814,cer,MenuSelection,Menu Selection,392,232,0.00,0.00,None,N/A,
93.3909,cer,MenuSelection,Menu Selection,392,232,0.00,0.00,None,N/A,
93.4013,cer,MenuSelection,Menu Selection,392,232,0.00,0.00,None,N/A,
93.4109,cer,MenuSelection,Menu Selection,392,232,0.00,0.00,None,N/A,
93.4214,cer,MenuSelection,Menu Selection,392,232,0.00,0.00,None,N/A,
93.4309,cer,MenuSelection,Menu Selection,392,232,0.00,0.00,None,N/A,
93.4414,cer,MenuSelection,Menu Selection,392,232,0.00,0.00,None,N/A,
93.4508,cer,MenuSelection,Menu Selection,392,232,0.00,0.00,None,N/A,
93.4615,cer,MenuSelection,Menu Selection,392,232,0.00,0.00,None,N/A,
93.4711,cer,MenuSelection,Menu Selection,392,232,0.00,0.00,None,N/A,
93.4816,cer,MenuSelection,Menu Selection,392,232,0.00,0.00,None,N/A,
93.4912,cer,MenuSelection,Menu Selection,392,232,0.00,0.00,None,N/A,
93.5008,cer,MenuSelection,Menu Selection,392,232,0.00,0.00,None,N/A,
93.5115,cer,MenuSelection,Menu Selection,393,232,93.81,8800.17,None,N/A,
93.5213,cer,MenuSelection,Menu Selection,393,232,0.00,-9516.15,None,N/A,
93.5307,cer,MenuSelection,Menu Selection,394,232,106.46,11333.69,None,N/A,
93.5408,cer,MenuSelection,Menu Selection,395,232,99.08,-731.30,None,N/A,
93.5506,cer,MenuSelection,Menu Selection,396,232,102.67,369.05,None,N/A,
93.5610,cer,MenuSelection,Menu Selection,397,232,95.77,-661.40,None,N/A,
93.5712,cer,MenuSelection,Menu Selection,399,232,195.48,9746.54,None,N/A,
93.5809,cer,MenuSelection,Menu Selection,400,232,103.45,-9520.94,None,N/A,
93.5909,cer,MenuSelection,Menu Selection,401,232,99.92,-352.62,None,N/A,
93.6014,cer,MenuSelection,Menu Selection,403,231,213.68,10871.46,None,N/A,
93.6115,cer,MenuSelection,Menu Selection,403,231,0.00,-21096.68,None,N/A,
93.6205,cer,MenuSelection,Menu Selection,405,231,221.85,24608.80,None,N/A,
93.6308,cer,MenuSelection,Menu Selection,405,230,96.93,-12108.44,None,N/A,
93.6409,cer,MenuSelection,Menu Selection,407,230,199.18,10183.93,None,N/A,
93.6514,cer,MenuSelection,Menu Selection,407,229,95.23,-9899.50,None,N/A,
93.6611,cer,MenuSelection,Menu Selection,409,229,206.74,11527.10,None,N/A,
93.6710,cer,MenuSelection,Menu Selection,409,228,100.68,-10678.43,None,N/A,
93.6809,cer,MenuSelection,Menu Selection,411,228,201.00,10082.73,None,N/A,
93.6915,cer,MenuSelection,Menu Selection,411,227,94.92,-10069.25,None,N/A,
93.7014,cer,MenuSelection,Menu Selection,413,226,225.63,13189.48,None,N/A,
93.7112,cer,MenuSelection,Menu Selection,413,225,101.38,-12596.44,None,N/A,
93.7210,cer,MenuSelection,Menu Selection,414,225,102.86,152.42,None,N/A,
93.7312,cer,MenuSelection,Menu Selection,415,224,138.32,3468.62,None,N/A,
93.7409,cer,MenuSelection,Menu Selection,415,224,0.00,-14193.91,None,N/A,
93.7514,cer,MenuSelection,Menu Selection,416,223,135.23,12931.77,None,N/A,
93.7615,cer,MenuSelection,Menu Selection,416,223,0.00,-13373.89,None,N/A,
93.7713,cer,MenuSelection,Menu Selection,417,222,143.96,14654.00,None,N/A,
93.7812,cer,MenuSelection,Menu Selection,417,222,0.00,-14650.44,None,N/A,
93.7907,cer,MenuSelection,Menu Selection,417,222,0.00,0.00,None,N/A,
93.8013,cer,MenuSelection,Menu Selection,417,222,0.00,0.00,None,N/A,
93.8109,cer,MenuSelection,Menu Selection,417,222,0.00,0.00,None,N/A,
93.8214,cer,MenuSelection,Menu Selection,417,222,0.00,0.00,None,N/A,
93.8309,cer,MenuSelection,Menu Selection,417,222,0.00,0.00,None,N/A,
93.8407,cer,MenuSelection,Menu Selection,417,222,0.00,0.00,None,N/A,
93.8510,cer,MenuSelection,Menu Selection,417,222,0.00,0.00,None,N/A,
93.8615,cer,MenuSelection,Menu Selection,417,222,0.00,0.00,None,N/A,
93.8710,cer,MenuSelection,Menu Selection,417,222,0.00,0.00,None,N/A,
93.8807,cer,MenuSelection,Menu Selection,417,222,0.00,0.00,None,N/A,
93.8911,cer,MenuSelection,Menu Selection,417,222,0.00,0.00,None,N/A,
93.9007,cer,MenuSelection,Menu Selection,417,222,0.00,0.00,None,N/A,
93.9112,cer,MenuSelection,Menu Selection,417,222,0.00,0.00,None,N/A,
93.9207,cer,MenuSelection,Menu Selection,417,222,0.00,0.00,None,N/A,
93.9311,cer,MenuSelection,Menu Selection,417,222,0.00,0.00,None,N/A,
93.9410,cer,MenuSelection,Menu Selection,417,222,0.00,0.00,None,N/A,
93.9511,cer,MenuSelection,Menu Selection,417,222,0.00,0.00,None,N/A,
93.9615,cer,MenuSelection,Menu Selection,417,222,0.00,0.00,None,N/A,
93.9711,cer,MenuSelection,Menu Selection,418,223,147.51,15385.15,None,N/A,
93.9813,cer,MenuSelection,Menu Selection,418,223,0.00,-14511.16,None,N/A,
93.9907,cer,MenuSelection,Menu Selection,419,224,149.42,15787.72,None,N/A,
94.0013,cer,MenuSelection,Menu Selection,419,225,94.95,-5172.13,None,N/A,
94.0110,cer,MenuSelection,Menu Selection,420,226,145.43,5190.37,None,N/A,
94.0208,cer,MenuSelection,Menu Selection,420,227,101.88,-4436.62,None,N/A,
94.0309,cer,MenuSelection,Menu Selection,421,228,140.54,3842.17,None,N/A,
94.0409,cer,MenuSelection,Menu Selection,421,229,99.63,-4076.05,None,N/A,
94.0513,cer,MenuSelection,Menu Selection,422,229,96.32,-318.24,None,N/A,
94.0606,cer,MenuSelection,Menu Selection,422,230,106.97,1138.90,None,N/A,
94.0710,cer,MenuSelection,Menu Selection,423,230,96.97,-969.41,None,N/A,
94.0808,cer,MenuSelection,Menu Selection,423,231,101.86,497.50,None,N/A,
94.0908,cer,MenuSelection,Menu Selection,423,231,0.00,-10163.51,None,N/A,
94.1015,cer,MenuSelection,Menu Selection,423,231,0.00,0.00,None,N/A,
94.1111,cer,MenuSelection,Menu Selection,423,231,0.00,0.00,None,N/A,
94.1214,cer,MenuSelection,Menu Selection,423,231,0.00,0.00,None,N/A,
94.1310,cer,MenuSelection,Menu Selection,423,231,0.00,0.00,None,N/A,
94.1415,cer,MenuSelection,Menu Selection,423,231,0.00,0.00,None,N/A,
94.1509,cer,MenuSelection,Menu Selection,423,231,0.00,0.00,None,N/A,
94.1615,cer,MenuSelection,Menu Selection,423,231,0.00,0.00,None,N/A,
94.1710,cer,MenuSelection,Menu Selection,423,231,0.00,0.00,None,N/A,
94.1814,cer,MenuSelection,Menu Selection,423,231,0.00,0.00,None,N/A,
94.1908,cer,MenuSelection,Menu Selection,423,231,0.00,0.00,None,N/A,
94.2015,cer,MenuSelection,Menu Selection,423,231,0.00,0.00,None,N/A,
94.2110,cer,MenuSelection,Menu Selection,423,231,0.00,0.00,None,N/A,
94.2214,cer,MenuSelection,Menu Selection,423,231,0.00,0.00,None,N/A,
94.2308,cer,MenuSelection,Menu Selection,423,231,0.00,0.00,None,N/A,
94.2413,cer,MenuSelection,Menu Selection,423,231,0.00,0.00,None,N/A,
94.2507,cer,MenuSelection,Menu Selection,423,231,0.00,0.00,None,N/A,
94.2612,cer,MenuSelection,Menu Selection,423,231,0.00,0.00,None,N/A,
94.2706,cer,MenuSelection,Menu Selection,423,231,0.00,0.00,None,N/A,
94.2810,cer,MenuSelection,Menu Selection,423,231,0.00,0.00,None,N/A,
94.2914,cer,MenuSelection,Menu Selection,423,231,0.00,0.00,None,N/A,
94.3015,cer,MenuSelection,Menu Selection,423,231,0.00,0.00,None,N/A,
94.3110,cer,MenuSelection,Menu Selection,424,231,105.08,11041.44,None,N/A,
94.3215,cer,MenuSelection,Menu Selection,424,231,0.00,-9961.58,None,N/A,
94.3311,cer,MenuSelection,Menu Selection,424,231,0.00,0.00,None,N/A,
94.3415,cer,MenuSelection,Menu Selection,424,231,0.00,0.00,None,N/A,
94.3508,cer,MenuSelection,Menu Selection,425,230,151.66,16263.53,None,N/A,
94.3611,cer,MenuSelection,Menu Selection,426,230,97.23,-5292.12,None,N/A,
94.3710,cer,MenuSelection,Menu Selection,426,229,101.73,457.96,None,N/A,
94.3808,cer,MenuSelection,Menu Selection,428,228,228.25,12914.61,None,N/A,
94.3911,cer,MenuSelection,Menu Selection,428,227,96.73,-12721.98,None,N/A,
94.4012,cer,MenuSelection,Menu Selection,430,226,221.71,12391.45,None,N/A,
94.4112,cer,MenuSelection,Menu Selection,430,225,99.57,-12161.37,None,N/A,
94.4207,cer,MenuSelection,Menu Selection,431,225,105.67,644.34,None,N/A,
94.4315,cer,MenuSelection,Menu Selection,432,223,207.66,9472.00,None,N/A,
94.4414,cer,MenuSelection,Menu Selection,433,223,100.87,-10771.89,None,N/A,
94.4514,cer,MenuSelection,Menu Selection,434,222,141.24,4032.14,None,N/A,
94.4611,cer,MenuSelection,Menu Selection,435,222,103.18,-3927.61,None,N/A,
94.4709,cer,MenuSelection,Menu Selection,435,221,101.56,-164.40,None,N/A,
94.4808,cer,MenuSelection,Menu Selection,436,221,101.02,-53.87,None,N/A,
94.4907,cer,MenuSelection,Menu Selection,436,220,101.36,34.40,None,N/A,
94.5012,cer,MenuSelection,Menu Selection,437,220,95.49,-561.02,None,N/A,
94.5112,cer,MenuSelection,Menu Selection,437,220,0.00,-9509.57,None,N/A,
94.5210,cer,MenuSelection,Menu Selection,437,220,0.00,0.00,None,N/A,
94.5311,cer,MenuSelection,Menu Selection,438,220,99.45,9891.24,None,N/A,
94.5415,cer,MenuSelection,Menu Selection,438,220,0.00,-9583.11,None,N/A,
94.5509,cer,MenuSelection,Menu Selection,438,220,0.00,0.00,None,N/A,
94.5612,cer,MenuSelection,Menu Selection,438,220,0.00,0.00,None,N/A,
94.5711,cer,MenuSelection,Menu Selection,438,220,0.00,0.00,None,N/A,
94.5807,cer,MenuSelection,Menu Selection,438,220,0.00,0.00,None,N/A,
94.5914,cer,MenuSelection,Menu Selection,439,220,93.72,8783.27,None,N/A,
94.6011,cer,MenuSelection,Menu Selection,439,220,0.00,-9675.50,None,N/A,
94.6115,cer,MenuSelection,Menu Selection,440,220,96.41,9294.40,None,N/A,
94.6210,cer,MenuSelection,Menu Selection,441,221,148.08,5410.03,None,N/A,
94.6306,cer,MenuSelection,Menu Selection,442,222,148.29,22.90,None,N/A,
94.6413,cer,MenuSelection,Menu Selection,445,224,335.15,17368.30,None,N/A,
94.6510,cer,MenuSelection,Menu Selection,446,225,145.70,-19517.65,None,N/A,
94.6609,cer,MenuSelection,Menu Selection,448,226,227.12,8270.35,None,N/A,
94.6715,cer,MenuSelection,Menu Selection,450,228,265.49,3601.14,None,N/A,
94.6806,cer,MenuSelection,Menu Selection,452,228,220.24,-4982.35,None,N/A,
94.6912,cer,MenuSelection,Menu Selection,454,230,266.35,4341.34,None,N/A,
94.7012,cer,MenuSelection,Menu Selection,455,231,141.49,-12491.64,None,N/A,
94.7110,cer,MenuSelection,Menu Selection,456,232,145.16,377.45,None,N/A,
94.7215,cer,MenuSelection,Menu Selection,457,232,95.10,-4760.86,None,N/A,
94.7307,cer,MenuSelection,Menu Selection,458,233,152.86,6242.57,None,N/A,
94.7406,cer,MenuSelection,Menu Selection,458,233,0.00,-15462.37,None,N/A,
94.7511,cer,MenuSelection,Menu Selection,459,234,134.73,12835.02,None,N/A,
94.7612,cer,MenuSelection,Menu Selection,459,234,0.00,-13412.95,None,N/A,
94.7709,cer,MenuSelection,Menu Selection,459,234,0.00,0.00,None,N/A,
94.7814,cer,MenuSelection,Menu Selection,460,234,95.12,9047.76,None,N/A,
94.7910,cer,MenuSelection,Menu Selection,460,234,0.00,-9992.01,None,N/A,
94.8015,cer,MenuSelection,Menu Selection,460,234,0.00,0.00,None,N/A,
94.8110,cer,MenuSelection,Menu Selection,460,234,0.00,0.00,None,N/A,
94.8215,cer,MenuSelection,Menu Selection,460,233,95.70,9158.33,None,N/A,
94.8310,cer,MenuSelection,Menu Selection,460,233,0.00,-10035.04,None,N/A,
94.8416,cer,MenuSelection,Menu Selection,460,233,0.00,0.00,None,N/A,
94.8513,cer,MenuSelection,Menu Selection,460,233,0.00,0.00,None,N/A,
94.8607,cer,MenuSelection,Menu Selection,460,233,0.00,0.00,None,N/A,
94.8715,cer,MenuSelection,Menu Selection,460,233,0.00,0.00,None,N/A,
94.8809,cer,MenuSelection,Menu Selection,460,233,0.00,0.00,None,N/A,
94.8915,cer,MenuSelection,Menu Selection,460,233,0.00,0.00,None,N/A,
94.9010,cer,MenuSelection,Menu Selection,460,233,0.00,0.00,None,N/A,
94.9115,cer,MenuSelection,Menu Selection,460,233,0.00,0.00,None,N/A,
94.9209,cer,MenuSelection,Menu Selection,460,233,0.00,0.00,None,N/A,
94.9314,cer,MenuSelection,Menu Selection,460,233,0.00,0.00,None,N/A,
94.9409,cer,MenuSelection,Menu Selection,460,233,0.00,0.00,None,N/A,
94.9507,cer,MenuSelection,Menu Selection,460,233,0.00,0.00,None,N/A,
94.9612,cer,MenuSelection,Menu Selection,460,233,0.00,0.00,None,N/A,
94.9706,cer,MenuSelection,Menu Selection,460,233,0.00,0.00,None,N/A,
94.9808,cer,MenuSelection,Menu Selection,460,233,0.00,0.00,None,N/A,
94.9912,cer,MenuSelection,Menu Selection,460,233,0.00,0.00,None,N/A,
95.0008,cer,MenuSelection,Menu Selection,460,233,0.00,0.00,None,N/A,
95.0112,cer,MenuSelection,Menu Selection,460,233,0.00,0.00,None,N/A,
95.0208,cer,MenuSelection,Menu Selection,460,233,0.00,0.00,None,N/A,
95.0312,cer,MenuSelection,Menu Selection,460,233,0.00,0.00,None,N/A,
95.0407,cer,MenuSelection,Menu Selection,460,233,0.00,0.00,None,N/A,
95.0508,cer,MenuSelection,Menu Selection,460,233,0.00,0.00,None,N/A,
95.0614,cer,MenuSelection,Menu Selection,460,233,0.00,0.00,None,N/A,
95.0710,cer,MenuSelection,Menu Selection,460,233,0.00,0.00,None,N/A,
95.0814,cer,MenuSelection,Menu Selection,460,233,0.00,0.00,None,N/A,
95.0909,cer,MenuSelection,Menu Selection,460,233,0.00,0.00,None,N/A,
95.1015,cer,MenuSelection,Menu Selection,460,233,0.00,0.00,None,N/A,
95.1111,cer,MenuSelection,Menu Selection,460,233,0.00,0.00,None,N/A,
95.1206,cer,MenuSelection,Menu Selection,460,233,0.00,0.00,None,N/A,
95.1312,cer,MenuSelection,Menu Selection,460,233,0.00,0.00,None,N/A,
95.1408,cer,MenuSelection,Menu Selection,460,233,0.00,0.00,None,N/A,
95.1511,cer,MenuSelection,Menu Selection,460,233,0.00,0.00,None,N/A,
95.1615,cer,MenuSelection,Menu Selection,460,233,0.00,0.00,None,N/A,
95.1709,cer,MenuSelection,Menu Selection,460,233,0.00,0.00,None,N/A,
95.1813,cer,MenuSelection,Menu Selection,460,233,0.00,0.00,None,N/A,
95.1907,cer,MenuSelection,Menu Selection,460,233,0.00,0.00,None,N/A,
95.2012,cer,MenuSelection,Menu Selection,460,233,0.00,0.00,None,N/A,
95.2106,cer,MenuSelection,Menu Selection,460,233,0.00,0.00,None,N/A,
95.2213,cer,MenuSelection,Menu Selection,460,233,0.00,0.00,None,N/A,
95.2308,cer,MenuSelection,Menu Selection,460,233,0.00,0.00,None,N/A,
95.2414,cer,MenuSelection,Menu Selection,460,233,0.00,0.00,None,N/A,
95.2510,cer,MenuSelection,Menu Selection,460,233,0.00,0.00,None,N/A,
95.2615,cer,MenuSelection,Menu Selection,460,233,0.00,0.00,None,N/A,
95.2709,cer,MenuSelection,Menu Selection,460,233,0.00,0.00,None,N/A,
95.2812,cer,MenuSelection,Menu Selection,460,233,0.00,0.00,None,N/A,
95.2907,cer,MenuSelection,Menu Selection,460,233,0.00,0.00,None,N/A,
95.3013,cer,MenuSelection,Menu Selection,460,233,0.00,0.00,None,N/A,
95.3108,cer,MenuSelection,Menu Selection,460,233,0.00,0.00,None,N/A,
95.3213,cer,MenuSelection,Menu Selection,460,233,0.00,0.00,None,N/A,
95.3306,cer,MenuSelection,Menu Selection,460,233,0.00,0.00,None,N/A,
95.3411,cer,MenuSelection,Menu Selection,460,233,0.00,0.00,None,N/A,
95.3515,cer,MenuSelection,Menu Selection,460,233,0.00,0.00,None,N/A,
95.3610,cer,MenuSelection,Menu Selection,460,233,0.00,0.00,None,N/A,
95.3714,cer,MenuSelection,Menu Selection,460,233,0.00,0.00,None,N/A,
95.3809,cer,MenuSelection,Menu Selection,460,233,0.00,0.00,None,N/A,
95.3911,cer,MenuSelection,Menu Selection,460,233,0.00,0.00,None,N/A,
95.4007,cer,MenuSelection,Menu Selection,460,233,0.00,0.00,None,N/A,
95.4112,cer,MenuSelection,Menu Selection,460,233,0.00,0.00,None,N/A,
95.4207,cer,MenuSelection,Menu Selection,460,233,0.00,0.00,None,N/A,
95.4315,cer,MenuSelection,Menu Selection,460,233,0.00,0.00,None,N/A,
95.4409,cer,MenuSelection,Menu Selection,460,233,0.00,0.00,None,N/A,
95.4515,cer,MenuSelection,Menu Selection,460,233,0.00,0.00,None,N/A,
95.4610,cer,MenuSelection,Menu Selection,460,233,0.00,0.00,None,N/A,
95.4715,cer,MenuSelection,Menu Selection,460,233,0.00,0.00,None,N/A,
95.4810,cer,MenuSelection,Menu Selection,460,233,0.00,0.00,None,N/A,
95.4915,cer,MenuSelection,Menu Selection,460,233,0.00,0.00,None,N/A,
95.5012,cer,MenuSelection,Menu Selection,460,233,0.00,0.00,None,N/A,
95.5107,cer,MenuSelection,Menu Selection,460,233,0.00,0.00,None,N/A,
95.5212,cer,MenuSelection,Menu Selection,460,233,0.00,0.00,None,N/A,
95.5306,cer,MenuSelection,Menu Selection,460,233,0.00,0.00,None,N/A,
95.5411,cer,MenuSelection,Menu Selection,460,233,0.00,0.00,None,N/A,
95.5507,cer,MenuSelection,Menu Selection,460,233,0.00,0.00,None,N/A,
95.5612,cer,MenuSelection,Menu Selection,460,233,0.00,0.00,None,N/A,
95.5707,cer,MenuSelection,Menu Selection,460,233,0.00,0.00,None,N/A,
95.5813,cer,MenuSelection,Menu Selection,460,233,0.00,0.00,None,N/A,
95.5908,cer,MenuSelection,Menu Selection,460,233,0.00,0.00,None,N/A,
95.6012,cer,MenuSelection,Menu Selection,460,233,0.00,0.00,None,N/A,
95.6109,cer,MenuSelection,Menu Selection,460,233,0.00,0.00,None,N/A,
95.6212,cer,MenuSelection,Menu Selection,460,233,0.00,0.00,None,N/A,
95.6312,cer,MenuSelection,Menu Selection,461,233,99.47,9894.53,None,N/A,
95.6413,cer,MenuSelection,Menu Selection,461,233,0.00,-9903.92,None,N/A,
95.6506,cer,MenuSelection,Menu Selection,462,233,107.43,11541.33,None,N/A,
95.6614,cer,MenuSelection,Menu Selection,462,233,0.00,-9978.22,None,N/A,
95.6705,cer,MenuSelection,Menu Selection,462,233,0.00,0.00,None,N/A,
95.6810,cer,MenuSelection,Menu Selection,462,233,0.00,0.00,None,N/A,
95.6914,cer,MenuSelection,Menu Selection,462,233,0.00,0.00,None,N/A,
95.7009,cer,MenuSelection,Menu Selection,462,233,0.00,0.00,None,N/A,
95.7109,cer,MenuSelection,Menu Selection,462,234,99.73,9945.41,None,N/A,
95.7213,cer,MenuSelection,Menu Selection,463,234,96.35,-325.76,None,N/A,
95.7311,cer,MenuSelection,Menu Selection,463,235,102.01,578.00,None,N/A,
95.7412,cer,MenuSelection,Menu Selection,464,235,98.97,-300.67,None,N/A,
95.7507,cer,MenuSelection,Menu Selection,465,236,149.80,5383.80,None,N/A,
95.7615,cer,MenuSelection,Menu Selection,467,236,185.38,3298.28,None,N/A,
95.7713,cer,MenuSelection,Menu Selection,468,237,143.67,-4237.54,None,N/A,
95.7808,cer,MenuSelection,Menu Selection,470,237,210.00,6964.99,None,N/A,
95.7910,cer,MenuSelection,Menu Selection,471,238,138.61,-6997.35,None,N/A,
95.8009,cer,MenuSelection,Menu Selection,473,238,202.14,6421.38,None,N/A,
95.8108,cer,MenuSelection,Menu Selection,474,239,142.88,-5987.64,None,N/A,
95.8212,cer,MenuSelection,Menu Selection,476,239,193.04,4841.65,None,N/A,
95.8311,cer,MenuSelection,Menu Selection,476,240,100.41,-9301.07,None,N/A,
95.8413,cer,MenuSelection,Menu Selection,477,240,98.67,-172.47,None,N/A,
95.8509,cer,MenuSelection,Menu Selection,478,240,104.21,577.59,None,N/A,
95.8607,cer,MenuSelection,Menu Selection,479,240,101.79,-245.86,None,N/A,
95.8715,cer,MenuSelection,Menu Selection,480,241,131.41,2752.46,None,N/A,
95.8813,cer,MenuSelection,Menu Selection,481,241,101.95,-3004.09,None,N/A,
95.8914,cer,MenuSelection,Menu Selection,482,242,139.64,3722.27,None,N/A,
95.9007,cer,MenuSelection,Menu Selection,483,242,107.71,-3439.84,None,N/A,
95.9107,cer,MenuSelection,Menu Selection,485,243,223.47,11569.04,None,N/A,
95.9211,cer,MenuSelection,Menu Selection,486,243,96.06,-12238.75,None,N/A,
95.9308,cer,MenuSelection,Menu Selection,486,244,102.61,672.23,None,N/A,
95.9413,cer,MenuSelection,Menu Selection,488,245,212.65,10465.11,None,N/A,
95.9510,cer,MenuSelection,Menu Selection,488,245,0.00,-22065.81,None,N/A,
95.9608,cer,MenuSelection,Menu Selection,490,246,228.98,23448.02,None,N/A,
95.9706,cer,MenuSelection,Menu Selection,490,246,0.00,-23257.23,None,N/A,
95.9815,cer,MenuSelection,Menu Selection,491,247,130.17,11981.60,None,N/A,
95.9910,cer,MenuSelection,Menu Selection,491,247,0.00,-13604.21,None,N/A,
96.0008,cer,MenuSelection,Menu Selection,492,248,144.07,14677.50,None,N/A,
96.0108,cer,MenuSelection,Menu Selection,492,248,0.00,-14531.02,None,N/A,
96.0210,cer,MenuSelection,Menu Selection,493,248,97.35,9477.81,None,N/A,
96.0313,cer,MenuSelection,Menu Selection,493,248,0.00,-9495.88,None,N/A,
96.0408,cer,MenuSelection,Menu Selection,493,248,0.00,0.00,None,N/A,
96.0509,cer,MenuSelection,Menu Selection,493,248,0.00,0.00,None,N/A,
96.0614,cer,MenuSelection,Menu Selection,493,248,0.00,0.00,None,N/A,
96.0709,cer,MenuSelection,Menu Selection,493,248,0.00,0.00,None,N/A,
96.0807,cer,MenuSelection,Menu Selection,493,248,0.00,0.00,None,N/A,
96.0911,cer,MenuSelection,Menu Selection,493,247,95.93,9202.37,None,N/A,
96.1016,cer,MenuSelection,Menu Selection,493,247,0.00,-9133.44,None,N/A,
96.1107,cer,MenuSelection,Menu Selection,493,247,0.00,0.00,None,N/A,
96.1212,cer,MenuSelection,Menu Selection,493,246,95.35,9091.00,None,N/A,
96.1313,cer,MenuSelection,Menu Selection,493,246,0.00,-9473.25,None,N/A,
96.1411,cer,MenuSelection,Menu Selection,493,246,0.00,0.00,None,N/A,
96.1506,cer,MenuSelection,Menu Selection,493,245,104.54,10928.90,None,N/A,
96.1609,cer,MenuSelection,Menu Selection,493,245,0.00,-10243.14,None,N/A,
96.1714,cer,MenuSelection,Menu Selection,493,244,95.01,9027.69,None,N/A,
96.1812,cer,MenuSelection,Menu Selection,493,244,0.00,-9643.28,None,N/A,
96.1910,cer,MenuSelection,Menu Selection,493,244,0.00,0.00,None,N/A,
96.2015,cer,MenuSelection,Menu Selection,493,244,0.00,0.00,None,N/A,
96.2109,cer,MenuSelection,Menu Selection,493,244,0.00,0.00,None,N/A,
96.2214,cer,MenuSelection,Menu Selection,493,244,0.00,0.00,None,N/A,
96.2307,cer,MenuSelection,Menu Selection,493,244,0.00,0.00,None,N/A,
96.2412,cer,MenuSelection,Menu Selection,493,244,0.00,0.00,None,N/A,
96.2507,cer,MenuSelection,Menu Selection,493,244,0.00,0.00,None,N/A,
96.2613,cer,MenuSelection,Menu Selection,493,243,94.29,8890.21,None,N/A,
96.2715,cer,MenuSelection,Menu Selection,493,243,0.00,-9247.57,None,N/A,
96.2807,cer,MenuSelection,Menu Selection,493,243,0.00,0.00,None,N/A,
96.2910,cer,MenuSelection,Menu Selection,493,242,96.75,9360.12,None,N/A,
96.3009,cer,MenuSelection,Menu Selection,493,242,0.00,-9747.99,None,N/A,
96.3109,cer,MenuSelection,Menu Selection,493,242,0.00,0.00,None,N/A,
96.3211,cer,MenuSelection,Menu Selection,493,241,98.61,9723.14,None,N/A,
96.3312,cer,MenuSelection,Menu Selection,493,241,0.00,-9756.17,None,N/A,
96.3416,cer,MenuSelection,Menu Selection,492,240,136.18,13112.91,None,N/A,
96.3508,cer,MenuSelection,Menu Selection,492,240,0.00,-14750.20,None,N/A,
96.3608,cer,MenuSelection,Menu Selection,492,240,0.00,0.00,None,N/A,
96.3714,cer,MenuSelection,Menu Selection,492,239,94.46,8922.28,None,N/A,
96.3809,cer,MenuSelection,Menu Selection,492,239,0.00,-9905.61,None,N/A,
96.3918,cer,MenuSelection,Menu Selection,492,239,0.00,0.00,None,N/A,
96.4014,cer,MenuSelection,Menu Selection,491,239,104.12,10840.09,None,N/A,
96.4109,cer,MenuSelection,Menu Selection,491,239,0.00,-10943.87,None,N/A,
96.4213,cer,MenuSelection,Menu Selection,491,238,96.34,9281.17,None,N/A,
96.4309,cer,MenuSelection,Menu Selection,491,238,0.00,-10040.11,None,N/A,
96.4415,cer,MenuSelection,Menu Selection,490,237,133.55,12611.75,None,N/A,
96.4515,cer,MenuSelection,Menu Selection,490,236,100.32,-3333.80,None,N/A,
96.4616,cer,MenuSelection,Menu Selection,488,235,220.83,11901.88,None,N/A,
96.4709,cer,MenuSelection,Menu Selection,488,234,107.00,-12180.08,None,N/A,
96.4814,cer,MenuSelection,Menu Selection,486,233,212.41,10012.88,None,N/A,
96.4915,cer,MenuSelection,Menu Selection,486,232,99.44,-11233.71,None,N/A,
96.5007,cer,MenuSelection,Menu Selection,484,231,244.52,15864.81,None,N/A,
96.5115,cer,MenuSelection,Menu Selection,483,230,129.90,-10528.06,None,N/A,
96.5212,cer,MenuSelection,Menu Selection,482,229,146.63,1734.63,None,N/A,
96.5308,cer,MenuSelection,Menu Selection,481,229,103.70,-4451.81,None,N/A,
96.5406,cer,MenuSelection,Menu Selection,481,228,101.96,-177.85,None,N/A,
96.5513,cer,MenuSelection,Menu Selection,480,228,93.45,-795.35,None,N/A,
96.5613,cer,MenuSelection,Menu Selection,480,227,100.00,655.71,None,N/A,
96.5712,cer,MenuSelection,Menu Selection,479,227,101.19,120.36,None,N/A,
96.5812,cer,MenuSelection,Menu Selection,479,227,0.00,-10122.10,None,N/A,
96.5909,cer,MenuSelection,Menu Selection,478,227,103.08,10624.86,None,N/A,
96.6007,cer,MenuSelection,Menu Selection,478,227,0.00,-10498.18,None,N/A,
96.6106,cer,MenuSelection,Menu Selection,478,227,0.00,0.00,None,N/A,
96.6211,cer,MenuSelection,Menu Selection,478,227,0.00,0.00,None,N/A,
96.6307,cer,MenuSelection,Menu Selection,478,227,0.00,0.00,None,N/A,
96.6412,cer,MenuSelection,Menu Selection,478,227,0.00,0.00,None,N/A,
96.6506,cer,MenuSelection,Menu Selection,478,227,0.00,0.00,None,N/A,
96.6615,cer,MenuSelection,Menu Selection,478,227,0.00,0.00,None,N/A,
96.6716,cer,MenuSelection,Menu Selection,478,227,0.00,0.00,None,N/A,
96.6813,cer,MenuSelection,Menu Selection,478,227,0.00,0.00,None,N/A,
96.6908,cer,MenuSelection,Menu Selection,478,227,0.00,0.00,None,N/A,
96.7014,cer,MenuSelection,Menu Selection,478,227,0.00,0.00,None,N/A,
96.7108,cer,MenuSelection,Menu Selection,478,227,0.00,0.00,None,N/A,
96.7207,cer,MenuSelection,Menu Selection,478,227,0.00,0.00,None,N/A,
96.7312,cer,MenuSelection,Menu Selection,478,227,0.00,0.00,None,N/A,
96.7407,cer,MenuSelection,Menu Selection,477,227,105.33,11093.63,None,N/A,
96.7514,cer,MenuSelection,Menu Selection,477,228,92.81,-1161.58,None,N/A,
96.7612,cer,MenuSelection,Menu Selection,477,228,0.00,-9508.46,None,N/A,
96.7711,cer,MenuSelection,Menu Selection,477,229,100.51,10102.85,None,N/A,
96.7812,cer,MenuSelection,Menu Selection,477,229,0.00,-10000.99,None,N/A,
96.7908,cer,MenuSelection,Menu Selection,476,230,146.82,15241.55,None,N/A,
96.8008,cer,MenuSelection,Menu Selection,476,230,0.00,-14778.46,None,N/A,
96.8114,cer,MenuSelection,Menu Selection,475,231,133.39,12582.27,None,N/A,
96.8213,cer,MenuSelection,Menu Selection,475,231,0.00,-13417.49,None,N/A,
96.8309,cer,MenuSelection,Menu Selection,474,232,146.60,15196.38,None,N/A,
96.8408,cer,MenuSelection,Menu Selection,474,232,0.00,-14824.50,None,N/A,
96.8508,cer,MenuSelection,Menu Selection,474,232,0.00,0.00,None,N/A,
96.8613,cer,MenuSelection,Menu Selection,474,232,0.00,0.00,None,N/A,
96.8708,cer,MenuSelection,Menu Selection,474,232,0.00,0.00,None,N/A,
96.8812,cer,MenuSelection,Menu Selection,474,232,0.00,0.00,None,N/A,
96.8908,cer,MenuSelection,Menu Selection,474,232,0.00,0.00,None,N/A,
96.9014,cer,MenuSelection,Menu Selection,474,232,0.00,0.00,None,N/A,
96.9111,cer,MenuSelection,Menu Selection,474,232,0.00,0.00,None,N/A,
96.9206,cer,MenuSelection,Menu Selection,474,232,0.00,0.00,None,N/A,
96.9310,cer,MenuSelection,Menu Selection,474,232,0.00,0.00,None,N/A,
96.9415,cer,MenuSelection,Menu Selection,474,232,0.00,0.00,None,N/A,
96.9513,cer,MenuSelection,Menu Selection,474,232,0.00,0.00,None,N/A,
96.9612,cer,MenuSelection,Menu Selection,473,232,101.48,10297.36,None,N/A,
96.9708,cer,MenuSelection,Menu Selection,473,233,104.11,274.58,None,N/A,
96.9806,cer,MenuSelection,Menu Selection,473,233,0.00,-10608.61,None,N/A,
96.9911,cer,MenuSelection,Menu Selection,473,234,95.32,9085.22,None,N/A,
97.0006,cer,MenuSelection,Menu Selection,473,234,0.00,-10046.64,None,N/A,
97.0112,cer,MenuSelection,Menu Selection,472,235,132.80,12470.41,None,N/A,
97.0211,cer,MenuSelection,Menu Selection,472,235,0.00,-13443.47,None,N/A,
97.0306,cer,MenuSelection,Menu Selection,471,236,149.06,15710.85,None,N/A,
97.0409,cer,MenuSelection,Menu Selection,471,236,0.00,-14522.93,None,N/A,
97.0510,cer,MenuSelection,Menu Selection,470,237,138.89,13640.06,None,N/A,
97.0607,cer,MenuSelection,Menu Selection,470,237,0.00,-14436.81,None,N/A,
97.0711,cer,MenuSelection,Menu Selection,470,237,0.00,0.00,None,N/A,
97.0816,cer,MenuSelection,Menu Selection,470,237,0.00,0.00,None,N/A,
97.0910,cer,MenuSelection,Menu Selection,470,237,0.00,0.00,None,N/A,
97.1013,cer,MenuSelection,Menu Selection,470,238,97.31,9469.89,None,N/A,
97.1108,cer,MenuSelection,Menu Selection,470,238,0.00,-10235.78,None,N/A,
97.1214,cer,MenuSelection,Menu Selection,470,238,0.00,0.00,None,N/A,
97.1309,cer,MenuSelection,Menu Selection,470,238,0.00,0.00,None,N/A,
97.1407,cer,MenuSelection,Menu Selection,470,238,0.00,0.00,None,N/A,
97.1513,cer,MenuSelection,Menu Selection,470,238,0.00,0.00,None,N/A,
97.1613,cer,MenuSelection,Menu Selection,470,238,0.00,0.00,None,N/A,
97.1712,cer,MenuSelection,Menu Selection,470,238,0.00,0.00,None,N/A,
97.1807,cer,MenuSelection,Menu Selection,470,238,0.00,0.00,None,N/A,
97.1912,cer,MenuSelection,Menu Selection,470,238,0.00,0.00,None,N/A,
97.2008,cer,MenuSelection,Menu Selection,470,238,0.00,0.00,None,N/A,
97.2111,cer,MenuSelection,Menu Selection,470,238,0.00,0.00,None,N/A,
97.2216,cer,MenuSelection,Menu Selection,470,238,0.00,0.00,None,N/A,
97.2310,cer,MenuSelection,Menu Selection,470,238,0.00,0.00,None,N/A,
97.2415,cer,MenuSelection,Menu Selection,470,238,0.00,0.00,None,N/A,
97.2509,cer,MenuSelection,Menu Selection,470,238,0.00,0.00,None,N/A,
97.2614,cer,MenuSelection,Menu Selection,470,238,0.00,0.00,None,N/A,
97.2709,cer,MenuSelection,Menu Selection,470,238,0.00,0.00,None,N/A,
97.2813,cer,MenuSelection,Menu Selection,470,238,0.00,0.00,None,N/A,
97.2908,cer,MenuSelection,Menu Selection,470,238,0.00,0.00,None,N/A,
97.3014,cer,MenuSelection,Menu Selection,470,238,0.00,0.00,None,N/A,
97.3113,cer,MenuSelection,Menu Selection,470,238,0.00,0.00,None,N/A,
97.3208,cer,MenuSelection,Menu Selection,471,238,105.14,11054.73,None,N/A,
97.3308,cer,MenuSelection,Menu Selection,473,239,225.28,12103.35,None,N/A,
97.3413,cer,MenuSelection,Menu Selection,477,241,424.23,18873.32,None,N/A,
97.3509,cer,MenuSelection,Menu Selection,523,269,5605.00,539225.20,None,N/A,
97.3611,cer,MenuSelection,Menu Selection,681,391,19597.08,1373631.42,None,N/A,
97.3714,cer,MenuSelection,Menu Selection,738,441,7348.16,-1187080.52,None,N/A,
97.3809,cer,MenuSelection,Menu Selection,836,543,14840.97,786149.77,None,N/A,
97.3907,cer,MenuSelection,Menu Selection,889,609,8683.90,-631656.80,None,N/A,
97.4014,cer,MenuSelection,Menu Selection,1007,744,16764.63,755546.64,None,N/A,
97.4114,cer,MenuSelection,Menu Selection,1058,797,7337.08,-940423.91,None,N/A,
97.4210,cer,MenuSelection,Menu Selection,1135,872,11225.07,406020.33,None,N/A,
97.4310,cer,MenuSelection,Menu Selection,1163,898,3808.56,-739237.46,None,N/A,
97.4409,cer,MenuSelection,Menu Selection,1203,937,5665.89,188369.78,None,N/A,
97.4506,cer,MenuSelection,Menu Selection,1213,946,1377.82,-439152.21,None,N/A,
97.4612,cer,MenuSelection,Menu Selection,1221,951,891.84,-45942.15,None,N/A,
97.4713,cer,MenuSelection,Menu Selection,1222,950,140.97,-74847.45,None,N/A,
97.4813,cer,MenuSelection,Menu Selection,1220,945,533.68,38918.52,None,N/A,
97.4910,cer,MenuSelection,Menu Selection,1219,943,232.50,-31316.16,None,N/A,
97.5006,cer,MenuSelection,Menu Selection,1219,943,0.00,-24021.89,None,N/A,
97.5112,cer,MenuSelection,Menu Selection,1219,943,0.00,0.00,None,N/A,
97.5207,cer,MenuSelection,Menu Selection,1219,943,0.00,0.00,None,N/A,
97.5310,cer,MenuSelection,Menu Selection,1219,943,0.00,0.00,None,N/A,
97.5416,cer,MenuSelection,Menu Selection,1219,943,0.00,0.00,None,N/A,
97.5507,cer,MenuSelection,Menu Selection,1219,943,0.00,0.00,None,N/A,
97.5610,cer,MenuSelection,Menu Selection,1219,943,0.00,0.00,None,N/A,
97.5714,cer,MenuSelection,Menu Selection,1219,943,0.00,0.00,None,N/A,
97.5808,cer,MenuSelection,Menu Selection,1219,943,0.00,0.00,None,N/A,
97.5912,cer,MenuSelection,Menu Selection,1219,943,0.00,0.00,None,N/A,
97.6007,cer,MenuSelection,Menu Selection,1219,943,0.00,0.00,None,N/A,
97.6112,cer,MenuSelection,Menu Selection,1219,943,0.00,0.00,None,N/A,
97.6207,cer,MenuSelection,Menu Selection,1219,943,0.00,0.00,None,N/A,
97.6315,cer,MenuSelection,Menu Selection,1219,943,0.00,0.00,None,N/A,
97.6412,cer,MenuSelection,Menu Selection,1219,943,0.00,0.00,None,N/A,
97.6507,cer,MenuSelection,Menu Selection,1219,943,0.00,0.00,None,N/A,
97.6611,cer,MenuSelection,Menu Selection,1219,943,0.00,0.00,None,N/A,
97.6706,cer,MenuSelection,Menu Selection,1219,943,0.00,0.00,None,N/A,
97.6812,cer,MenuSelection,Menu Selection,1219,943,0.00,0.00,None,N/A,
97.6907,cer,MenuSelection,Menu Selection,1219,943,0.00,0.00,None,N/A,
97.7012,cer,MenuSelection,Menu Selection,1219,943,0.00,0.00,None,N/A,
97.7113,cer,MenuSelection,Menu Selection,1223,944,407.48,40271.10,None,N/A,
97.7211,cer,MenuSelection,Menu Selection,1228,945,520.98,11596.60,None,N/A,
97.7310,cer,MenuSelection,Menu Selection,1238,946,1019.40,50556.72,None,N/A,
97.7408,cer,MenuSelection,Menu Selection,1244,945,618.80,-40753.33,None,N/A,
97.7511,cer,MenuSelection,Menu Selection,1255,941,1135.73,50159.14,None,N/A,
97.7613,cer,MenuSelection,Menu Selection,1262,937,794.59,-33621.41,None,N/A,
97.7712,cer,MenuSelection,Menu Selection,1276,921,2139.86,135401.23,None,N/A,
97.7810,cer,MenuSelection,Menu Selection,1284,909,1465.24,-68538.29,None,N/A,
97.7908,cer,MenuSelection,Menu Selection,1291,887,2376.15,93753.33,None,N/A,
97.8007,cer,MenuSelection,Menu Selection,1292,877,1010.92,-137329.21,None,N/A,
97.8111,cer,MenuSelection,Menu Selection,1292,859,1730.68,69204.41,None,N/A,
97.8211,cer,MenuSelection,Menu Selection,1291,850,906.23,-82507.99,None,N/A,
97.8311,cer,MenuSelection,Menu Selection,1288,843,760.76,-14531.32,None,N/A,
97.8406,cer,MenuSelection,Menu Selection,1283,834,1079.82,33463.00,None,N/A,
97.8507,cer,MenuSelection,Menu Selection,1281,831,356.57,-71525.25,None,N/A,
97.8606,cer,MenuSelection,Menu Selection,1279,828,365.09,862.93,None,N/A,
97.8711,cer,MenuSelection,Menu Selection,1279,828,0.00,-34864.88,None,N/A,
97.8815,cer,MenuSelection,Menu Selection,1279,828,0.00,0.00,None,N/A,
97.8910,cer,MenuSelection,Menu Selection,1279,828,0.00,0.00,None,N/A,
97.9006,cer,MenuSelection,Menu Selection,1279,828,0.00,0.00,None,N/A,
97.9111,cer,MenuSelection,Menu Selection,1279,828,0.00,0.00,None,N/A,
97.9215,cer,MenuSelection,Menu Selection,1279,828,0.00,0.00,None,N/A,
97.9310,cer,MenuSelection,Menu Selection,1279,828,0.00,0.00,None,N/A,
97.9417,cer,MenuSelection,Menu Selection,1279,828,0.00,0.00,None,N/A,
97.9516,cer,MenuSelection,Menu Selection,1279,828,0.00,0.00,None,N/A,
97.9611,cer,MenuSelection,Menu Selection,1279,828,0.00,0.00,None,N/A,
97.9715,cer,MenuSelection,Menu Selection,1279,828,0.00,0.00,None,N/A,
97.9809,cer,MenuSelection,Menu Selection,1279,828,0.00,0.00,None,N/A,
97.9914,cer,MenuSelection,Menu Selection,1279,828,0.00,0.00,None,N/A,
98.0010,cer,MenuSelection,Menu Selection,1279,828,0.00,0.00,None,N/A,
98.0115,cer,MenuSelection,Menu Selection,1279,828,0.00,0.00,None,N/A,
98.0209,cer,MenuSelection,Menu Selection,1279,828,0.00,0.00,None,N/A,
98.0314,cer,MenuSelection,Menu Selection,1279,828,0.00,0.00,None,N/A,
98.0408,cer,MenuSelection,Menu Selection,1279,828,0.00,0.00,None,N/A,
98.0514,cer,MenuSelection,Menu Selection,1279,828,0.00,0.00,None,N/A,
98.0609,cer,MenuSelection,Menu Selection,1279,828,0.00,0.00,None,N/A,
98.0713,cer,MenuSelection,Menu Selection,1279,828,0.00,0.00,None,N/A,
98.0808,cer,MenuSelection,Menu Selection,1274,765,6661.94,702259.77,None,N/A,
98.0915,cer,MenuSelection,Menu Selection,1266,719,4344.63,-215630.19,None,N/A,
98.1013,cer,MenuSelection,Menu Selection,1254,660,6165.90,186516.51,None,N/A,
98.1108,cer,MenuSelection,Menu Selection,1248,634,2815.12,-353510.81,None,N/A,
98.1207,cer,MenuSelection,Menu Selection,1234,588,4875.64,208935.86,None,N/A,
98.1308,cer,MenuSelection,Menu Selection,1227,567,2178.69,-265442.02,None,N/A,
98.1415,cer,MenuSelection,Menu Selection,1212,532,3574.47,131021.73,None,N/A,
98.1513,cer,MenuSelection,Menu Selection,1205,520,1411.05,-219737.18,None,N/A,
98.1610,cer,MenuSelection,Menu Selection,1196,506,1710.58,30785.98,None,N/A,
98.1710,cer,MenuSelection,Menu Selection,1194,502,449.28,-126713.23,None,N/A,
98.1811,cer,MenuSelection,Menu Selection,1193,500,221.68,-22564.01,None,N/A,
98.1908,cer,MenuSelection,Menu Selection,1192,500,102.95,-12223.08,None,N/A,
98.2014,cer,MenuSelection,Menu Selection,1192,500,0.00,-9715.96,None,N/A,
98.2109,cer,MenuSelection,Menu Selection,1192,500,0.00,0.00,None,N/A,
98.2214,cer,MenuSelection,Menu Selection,1192,500,0.00,0.00,None,N/A,
98.2309,cer,MenuSelection,Menu Selection,1192,500,0.00,0.00,None,N/A,
98.2413,cer,MenuSelection,Menu Selection,1192,500,0.00,0.00,None,N/A,
98.2507,cer,MenuSelection,Menu Selection,1192,500,0.00,0.00,None,N/A,
98.2613,cer,MenuSelection,Menu Selection,1192,500,0.00,0.00,None,N/A,
98.2708,cer,MenuSelection,Menu Selection,1192,500,0.00,0.00,None,N/A,
98.2812,cer,MenuSelection,Menu Selection,1192,500,0.00,0.00,None,N/A,
98.2907,cer,MenuSelection,Menu Selection,1192,500,0.00,0.00,None,N/A,
98.3013,cer,MenuSelection,Menu Selection,1192,500,0.00,0.00,None,N/A,
98.3108,cer,MenuSelection,Menu Selection,1192,500,0.00,0.00,None,N/A,
98.3214,cer,MenuSelection,Menu Selection,1192,500,0.00,0.00,None,N/A,
98.3309,cer,MenuSelection,Menu Selection,1192,500,0.00,0.00,None,N/A,
98.3413,cer,MenuSelection,Menu Selection,1192,500,0.00,0.00,None,N/A,
98.3509,cer,MenuSelection,Menu Selection,1192,500,0.00,0.00,None,N/A,
98.3614,cer,MenuSelection,Menu Selection,1192,500,0.00,0.00,None,N/A,
98.3708,cer,MenuSelection,Menu Selection,1192,500,0.00,0.00,None,N/A,
98.3811,cer,MenuSelection,Menu Selection,1192,500,0.00,0.00,None,N/A,
98.3906,cer,MenuSelection,Menu Selection,1192,500,0.00,0.00,None,N/A,
98.4008,cer,MenuSelection,Menu Selection,1192,500,0.00,0.00,Left,N/A,
98.4115,cer,MenuSelection,Menu Selection,1192,500,0.00,0.00,Left,N/A,
98.4212,cer,MenuSelection,Menu Selection,1192,500,0.00,0.00,Left,N/A,
98.4310,cer,MenuSelection,Menu Selection,1192,500,0.00,0.00,Left,N/A,
98.4415,cer,MenuSelection,Menu Selection,1192,500,0.00,0.00,Left,N/A,
98.4511,cer,MenuSelection,Menu Selection,1192,500,0.00,0.00,Left,N/A,
98.4613,cer,MenuSelection,Menu Selection,1192,500,0.00,0.00,Left,N/A,
98.4708,cer,MenuSelection,Menu Selection,1192,500,0.00,0.00,Left,N/A,
98.4814,cer,MenuSelection,Menu Selection,1192,500,0.00,0.00,Left,N/A,
98.4909,cer,MenuSelection,Menu Selection,1192,500,0.00,0.00,Left,N/A,
98.5014,cer,MenuSelection,Menu Selection,1192,500,0.00,0.00,Left,N/A,
98.5111,cer,MenuSelection,Menu Selection,1192,500,0.00,0.00,Left,N/A,
98.5216,cer,MenuSelection,Menu Selection,1192,500,0.00,0.00,Left,N/A,
98.5311,cer,MenuSelection,Menu Selection,1192,500,0.00,0.00,Left,N/A,
98.5406,cer,MenuSelection,Menu Selection,1192,500,0.00,0.00,Left,N/A,
98.5511,cer,MenuSelection,Menu Selection,1192,500,0.00,0.00,Left,N/A,
98.5608,cer,MenuSelection,Menu Selection,1192,500,0.00,0.00,Left,N/A,
98.5710,cer,MenuSelection,Menu Selection,1192,500,0.00,0.00,Left,N/A,
98.5807,cer,MenuSelection,Menu Selection,1192,500,0.00,0.00,Left,N/A,
98.5914,cer,MenuSelection,Menu Selection,1192,500,0.00,0.00,Left,N/A,
98.6013,cer,MenuSelection,Menu Selection,1192,500,0.00,0.00,Left,N/A,
98.6109,cer,MenuSelection,Menu Selection,1192,500,0.00,0.00,Left,N/A,
98.6215,cer,MenuSelection,Menu Selection,1192,500,0.00,0.00,Left,N/A,
98.6312,cer,MenuSelection,Menu Selection,1192,500,0.00,0.00,Left,N/A,
98.6407,cer,MenuSelection,Menu Selection,1192,500,0.00,0.00,Left,N/A,
98.6512,cer,MenuSelection,Menu Selection,1192,500,0.00,0.00,Left,N/A,
98.6608,cer,MenuSelection,Menu Selection,1192,500,0.00,0.00,Left,N/A,
98.6713,cer,MenuSelection,Menu Selection,1192,500,0.00,0.00,Left,N/A,
98.6809,cer,MenuSelection,Menu Selection,1192,500,0.00,0.00,Left,N/A,
98.6913,cer,MenuSelection,Menu Selection,1192,500,0.00,0.00,Left,N/A,
98.7012,cer,MenuSelection,Menu Selection,1192,500,0.00,0.00,Left,N/A,
98.7113,cer,MenuSelection,Menu Selection,1192,500,0.00,0.00,Left,N/A,
98.7208,cer,MenuSelection,Menu Selection,1192,500,0.00,0.00,Left,N/A,
98.7315,cer,MenuSelection,Menu Selection,1192,500,0.00,0.00,Left,N/A,
98.7411,cer,MenuSelection,Menu Selection,1192,500,0.00,0.00,Left,N/A,
98.7508,cer,MenuSelection,Menu Selection,1192,500,0.00,0.00,Left,N/A,
98.7615,cer,MenuSelection,Menu Selection,1192,500,0.00,0.00,Left,N/A,
98.7711,cer,MenuSelection,Menu Selection,1192,500,0.00,0.00,Left,N/A,
98.7816,cer,MenuSelection,Menu Selection,1192,500,0.00,0.00,Left,N/A,
98.7913,cer,MenuSelection,Menu Selection,1192,500,0.00,0.00,Left,N/A,
98.8009,cer,MenuSelection,Menu Selection,1192,500,0.00,0.00,Left,N/A,
98.8115,cer,MenuSelection,Menu Selection,1192,500,0.00,0.00,Left,N/A,
98.8210,cer,MenuSelection,Menu Selection,1192,500,0.00,0.00,Left,N/A,
98.8311,cer,MenuSelection,Menu Selection,1192,500,0.00,0.00,Left,N/A,
98.8408,cer,MenuSelection,Menu Selection,1192,500,0.00,0.00,Left,N/A,
98.8513,cer,MenuSelection,Menu Selection,1192,500,0.00,0.00,Left,N/A,
98.8608,cer,MenuSelection,Menu Selection,1192,500,0.00,0.00,Left,N/A,
98.8712,cer,MenuSelection,Menu Selection,1192,500,0.00,0.00,Left,N/A,
98.8815,cer,MenuSelection,Menu Selection,1192,500,0.00,0.00,Left,N/A,
98.8910,cer,MenuSelection,Menu Selection,1192,500,0.00,0.00,Left,N/A,
98.9008,cer,MenuSelection,Menu Selection,1192,500,0.00,0.00,Left,N/A,
98.9113,cer,MenuSelection,Menu Selection,1192,500,0.00,0.00,Left,N/A,
98.9207,cer,MenuSelection,Menu Selection,1192,500,0.00,0.00,Left,N/A,
98.9311,cer,MenuSelection,Menu Selection,1192,500,0.00,0.00,Left,N/A,
98.9408,cer,MenuSelection,Menu Selection,1192,500,0.00,0.00,Left,N/A,
98.9513,cer,MenuSelection,Menu Selection,1192,500,0.00,0.00,Left,N/A,
98.9610,cer,MenuSelection,Menu Selection,1192,500,0.00,0.00,Left,N/A,
98.9720,cer,MenuSelection,Menu Selection,1192,500,0.00,0.00,Left,N/A,
98.9807,cer,MenuSelection,Menu Selection,1192,500,0.00,0.00,Left,N/A,
98.9912,cer,MenuSelection,Menu Selection,1192,500,0.00,0.00,Left,N/A,
99.0008,cer,MenuSelection,Menu Selection,1192,500,0.00,0.00,Left,N/A,
99.0113,cer,MenuSelection,Menu Selection,1192,500,0.00,0.00,Left,N/A,
99.0208,cer,MenuSelection,Menu Selection,1192,500,0.00,0.00,Left,N/A,
99.0312,cer,MenuSelection,Menu Selection,1192,500,0.00,0.00,Left,N/A,
99.0407,cer,MenuSelection,Menu Selection,1192,500,0.00,0.00,Left,N/A,
99.0514,cer,MenuSelection,Menu Selection,1192,500,0.00,0.00,Left,N/A,
99.0610,cer,MenuSelection,Menu Selection,1192,500,0.00,0.00,Left,N/A,
99.0715,cer,MenuSelection,Menu Selection,1192,500,0.00,0.00,Left,N/A,
99.0810,cer,MenuSelection,Menu Selection,1192,500,0.00,0.00,Left,N/A,
99.0916,cer,MenuSelection,Menu Selection,1192,500,0.00,0.00,Left,N/A,
99.1007,cer,MenuSelection,Menu Selection,1192,500,0.00,0.00,Left,N/A,
99.1112,cer,MenuSelection,Menu Selection,1192,500,0.00,0.00,Left,N/A,
99.1207,cer,MenuSelection,Menu Selection,1192,500,0.00,0.00,Left,N/A,
99.1313,cer,MenuSelection,Menu Selection,1192,500,0.00,0.00,Left,N/A,
99.1408,cer,MenuSelection,Menu Selection,1192,500,0.00,0.00,Left,N/A,
99.1513,cer,MenuSelection,Menu Selection,1192,500,0.00,0.00,Left,N/A,
99.1656,cer,MenuSelection,Menu Selection,1192,500,0.00,0.00,Left,N/A,
99.1750,cer,MenuSelection,Menu Selection,1192,500,0.00,0.00,Left,N/A,
99.1812,cer,MenuSelection,Menu Selection,1192,500,0.00,0.00,Left,N/A,
99.1983,cer,MenuSelection,Menu Selection,1192,500,0.00,0.00,Left,N/A,
99.2025,cer,MenuSelection,Menu Selection,1192,500,0.00,0.00,Left,N/A,
99.2157,cer,MenuSelection,Menu Selection,1192,500,0.00,0.00,Left,N/A,
99.2211,cer,MenuSelection,Menu Selection,1192,500,0.00,0.00,Left,N/A,
99.2323,cer,MenuSelection,Menu Selection,1192,500,0.00,0.00,Left,N/A,
99.2409,cer,MenuSelection,Menu Selection,1192,500,0.00,0.00,Left,N/A,
99.2528,cer,MenuSelection,Menu Selection,1192,500,0.00,0.00,Left,N/A,
99.2625,cer,MenuSelection,Menu Selection,1192,500,0.00,0.00,Left,N/A,
99.2712,cer,MenuSelection,Menu Selection,1192,500,0.00,0.00,Left,N/A,
99.2809,cer,MenuSelection,Menu Selection,1192,500,0.00,0.00,Left,N/A,
99.2928,cer,MenuSelection,Menu Selection,1192,500,0.00,0.00,Left,N/A,
99.3013,cer,MenuSelection,Menu Selection,1192,500,0.00,0.00,Left,N/A,
99.3455,cer,MenuSelection,Menu Selection,1192,500,0.00,0.00,Left,N/A,
99.3975,cer,MenuSelection,Menu Selection,1192,500,0.00,0.00,Left,N/A,
99.4095,cer,MenuSelection,Menu Selection,1192,500,0.00,0.00,Left,N/A,
99.4184,cer,MenuSelection,Menu Selection,1192,500,0.00,0.00,Left,N/A,
99.4280,cer,MenuSelection,Menu Selection,1192,500,0.00,0.00,Left,N/A,
99.4379,cer,MenuSelection,Menu Selection,1192,500,0.00,0.00,Left,N/A,
99.4484,cer,MenuSelection,Menu Selection,1192,500,0.00,0.00,Left,N/A,
99.4585,cer,MenuSelection,Menu Selection,1192,500,0.00,0.00,Left,N/A,
99.4683,cer,MenuSelection,Menu Selection,1192,500,0.00,0.00,Left,N/A,
99.4796,cer,MenuSelection,Menu Selection,1192,500,0.00,0.00,Left,N/A,
99.4895,cer,MenuSelection,Menu Selection,1192,500,0.00,0.00,Left,N/A,
99.4986,cer,MenuSelection,Menu Selection,1192,500,0.00,0.00,Left,N/A,
99.5077,cer,MenuSelection,Menu Selection,1192,500,0.00,0.00,Left,N/A,
99.5186,cer,MenuSelection,Menu Selection,1192,500,0.00,0.00,Left,N/A,
99.5281,cer,MenuSelection,Menu Selection,1192,500,0.00,0.00,Left,N/A,
99.5379,cer,MenuSelection,Menu Selection,1192,500,0.00,0.00,Left,N/A,
99.5478,cer,MenuSelection,Menu Selection,1192,500,0.00,0.00,Left,N/A,
99.5577,cer,MenuSelection,Menu Selection,1192,500,0.00,0.00,Left,N/A,
99.5679,cer,MenuSelection,Menu Selection,1192,500,0.00,0.00,Left,N/A,
99.5779,cer,MenuSelection,Menu Selection,1192,500,0.00,0.00,Left,N/A,
99.5891,cer,MenuSelection,Menu Selection,1192,500,0.00,0.00,Left,N/A,
99.5977,cer,MenuSelection,Menu Selection,1192,500,0.00,0.00,Left,N/A,
99.6082,cer,MenuSelection,Menu Selection,1192,500,0.00,0.00,Left,N/A,
99.6178,cer,MenuSelection,Menu Selection,1192,500,0.00,0.00,Left,N/A,
99.6283,cer,MenuSelection,Menu Selection,1192,500,0.00,0.00,Left,N/A,
99.6378,cer,MenuSelection,Menu Selection,1192,500,0.00,0.00,Left,N/A,
99.6484,cer,MenuSelection,Menu Selection,1192,500,0.00,0.00,Left,N/A,
99.6581,cer,MenuSelection,Menu Selection,1192,500,0.00,0.00,Left,N/A,
99.6678,cer,MenuSelection,Menu Selection,1192,500,0.00,0.00,Left,N/A,
99.6783,cer,MenuSelection,Menu Selection,1149,481,4460.11,423150.21,Left,N/A,
99.6878,cer,MenuSelection,Menu Selection,1090,455,6786.12,244818.22,Left,N/A,
99.6985,cer,MenuSelection,Menu Selection,1032,427,6021.31,-71503.25,Left,N/A,
99.7085,cer,MenuSelection,Menu Selection,1007,417,2683.44,-332653.54,Left,N/A,
99.7182,cer,MenuSelection,Menu Selection,949,400,6271.90,372377.14,Left,N/A,
99.7280,cer,MenuSelection,Menu Selection,916,393,3436.43,-288842.73,Left,N/A,
99.7386,cer,MenuSelection,Menu Selection,852,379,6149.75,254698.88,Left,N/A,
99.7484,cer,MenuSelection,Menu Selection,825,372,2851.68,-337186.62,Left,N/A,
99.7580,cer,MenuSelection,Menu Selection,800,367,2667.62,-19258.97,Left,N/A,
99.7685,cer,MenuSelection,Menu Selection,764,358,3513.52,80093.36,Left,N/A,
99.7781,cer,MenuSelection,Menu Selection,750,357,1470.17,-214031.38,Left,N/A,
99.7887,cer,MenuSelection,Menu Selection,727,358,2174.97,66586.56,Left,N/A,
99.7992,cer,MenuSelection,Menu Selection,720,359,673.15,-142970.00,Left,N/A,
99.8084,cer,MenuSelection,Menu Selection,720,359,0.00,-73070.87,Left,N/A,
99.8182,cer,MenuSelection,Menu Selection,720,359,0.00,0.00,Left,N/A,
99.8279,cer,MenuSelection,Menu Selection,720,359,0.00,0.00,Left,N/A,
99.8377,cer,MenuSelection,Menu Selection,720,359,0.00,0.00,Left,N/A,
99.8482,cer,MenuSelection,Menu Selection,720,359,0.00,0.00,Left,N/A,
99.8578,cer,MenuSelection,Menu Selection,720,359,0.00,0.00,Left,N/A,
99.8684,cer,MenuSelection,Menu Selection,720,359,0.00,0.00,Left,N/A,
99.8780,cer,MenuSelection,Menu Selection,720,359,0.00,0.00,Left,N/A,
99.8885,cer,MenuSelection,Menu Selection,720,359,0.00,0.00,Left,N/A,
99.8980,cer,MenuSelection,Menu Selection,720,359,0.00,0.00,Left,N/A,
99.9085,cer,MenuSelection,Menu Selection,720,359,0.00,0.00,Left,N/A,
99.9187,cer,MenuSelection,Menu Selection,720,359,0.00,0.00,Left,N/A,
99.9279,cer,MenuSelection,Menu Selection,720,359,0.00,0.00,Left,N/A,
99.9385,cer,MenuSelection,Menu Selection,720,359,0.00,0.00,Left,N/A,
99.9484,cer,MenuSelection,Menu Selection,720,359,0.00,0.00,Left,N/A,
99.9579,cer,MenuSelection,Menu Selection,720,359,0.00,0.00,Left,N/A,
99.9685,cer,MenuSelection,Menu Selection,720,359,0.00,0.00,Left,N/A,
99.9787,cer,MenuSelection,Menu Selection,720,359,0.00,0.00,Left,N/A,
99.9883,cer,MenuSelection,Menu Selection,720,359,0.00,0.00,Left,N/A,
99.9977,cer,MenuSelection,Menu Selection,720,359,0.00,0.00,Left,N/A,
100.0081,cer,MenuSelection,Menu Selection,720,359,0.00,0.00,Left,N/A,
100.0185,cer,MenuSelection,Menu Selection,720,359,0.00,0.00,Left,N/A,
100.0280,cer,MenuSelection,Menu Selection,720,359,0.00,0.00,Left,N/A,
100.0385,cer,MenuSelection,Menu Selection,720,359,0.00,0.00,Left,N/A,
100.0481,cer,MenuSelection,Menu Selection,702,369,2156.08,225759.43,Left,N/A,
100.0585,cer,MenuSelection,Menu Selection,687,377,1627.03,-50633.61,Left,N/A,
100.0680,cer,MenuSelection,Menu Selection,664,389,2725.42,115393.26,Left,N/A,
100.0777,cer,MenuSelection,Menu Selection,657,394,885.57,-189404.07,Left,N/A,
100.0884,cer,MenuSelection,Menu Selection,643,401,1468.54,54695.66,Left,N/A,
100.0977,cer,MenuSelection,Menu Selection,637,404,718.40,-80334.95,Left,N/A,
100.1082,cer,MenuSelection,Menu Selection,632,407,557.31,-15397.23,Left,N/A,
100.1181,cer,MenuSelection,Menu Selection,626,411,725.49,16920.26,Left,N/A,
100.1278,cer,MenuSelection,Menu Selection,624,413,293.30,-44816.81,Left,N/A,
100.1385,cer,MenuSelection,Menu Selection,620,416,467.77,16321.92,Left,N/A,
100.1484,cer,MenuSelection,Menu Selection,620,416,0.00,-47052.99,Left,N/A,
100.1578,cer,MenuSelection,Menu Selection,620,416,0.00,0.00,Left,N/A,
100.1682,cer,MenuSelection,Menu Selection,620,416,0.00,0.00,Left,N/A,
100.1777,cer,MenuSelection,Menu Selection,620,416,0.00,0.00,Left,N/A,
100.1882,cer,MenuSelection,Menu Selection,620,416,0.00,0.00,Left,N/A,
100.1978,cer,MenuSelection,Menu Selection,620,416,0.00,0.00,Left,N/A,
100.2082,cer,MenuSelection,Menu Selection,620,416,0.00,0.00,Left,N/A,
100.2178,cer,MenuSelection,Menu Selection,620,416,0.00,0.00,Left,N/A,
100.2283,cer,MenuSelection,Menu Selection,620,416,0.00,0.00,Left,N/A,
100.2385,cer,MenuSelection,Menu Selection,620,416,0.00,0.00,Left,N/A,
100.2485,cer,MenuSelection,Menu Selection,620,416,0.00,0.00,Left,N/A,
100.2579,cer,MenuSelection,Menu Selection,620,416,0.00,0.00,Left,N/A,
100.2683,cer,MenuSelection,Menu Selection,620,416,0.00,0.00,Left,N/A,
100.2779,cer,MenuSelection,Menu Selection,620,416,0.00,0.00,Left,N/A,
100.2884,cer,MenuSelection,Menu Selection,620,416,0.00,0.00,Left,N/A,
100.2980,cer,MenuSelection,Menu Selection,620,416,0.00,0.00,Left,N/A,
100.3083,cer,MenuSelection,Menu Selection,620,416,0.00,0.00,Left,N/A,
100.3178,cer,MenuSelection,Menu Selection,620,416,0.00,0.00,Left,N/A,
100.3283,cer,MenuSelection,Menu Selection,620,416,0.00,0.00,Left,N/A,
100.3378,cer,MenuSelection,Menu Selection,620,416,0.00,0.00,Left,N/A,
100.3483,cer,MenuSelection,Menu Selection,620,416,0.00,0.00,Left,N/A,
100.3578,cer,MenuSelection,Menu Selection,620,416,0.00,0.00,Left,N/A,
100.3683,cer,MenuSelection,Menu Selection,620,416,0.00,0.00,Left,N/A,
100.3784,cer,MenuSelection,Menu Selection,620,416,0.00,0.00,Left,N/A,
100.3879,cer,MenuSelection,Menu Selection,620,416,0.00,0.00,Left,N/A,
100.3983,cer,MenuSelection,Menu Selection,620,416,0.00,0.00,Left,N/A,
100.4077,cer,MenuSelection,Menu Selection,620,416,0.00,0.00,Left,N/A,
100.4182,cer,MenuSelection,Menu Selection,620,416,0.00,0.00,Left,N/A,
100.4277,cer,MenuSelection,Menu Selection,620,416,0.00,0.00,Left,N/A,
100.4380,cer,MenuSelection,Menu Selection,620,416,0.00,0.00,Left,N/A,
100.4482,cer,MenuSelection,Menu Selection,620,416,0.00,0.00,Left,N/A,
100.4578,cer,MenuSelection,Menu Selection,620,416,0.00,0.00,Left,N/A,
100.4678,cer,MenuSelection,Menu Selection,620,416,0.00,0.00,Left,N/A,
100.4781,cer,MenuSelection,Menu Selection,620,416,0.00,0.00,Left,N/A,
100.4882,cer,MenuSelection,Menu Selection,620,416,0.00,0.00,Left,N/A,
100.4979,cer,MenuSelection,Menu Selection,620,416,0.00,0.00,Left,N/A,
100.5086,cer,MenuSelection,Menu Selection,620,416,0.00,0.00,Left,N/A,
100.5182,cer,MenuSelection,Menu Selection,620,416,0.00,0.00,Left,N/A,
100.5278,cer,MenuSelection,Menu Selection,620,416,0.00,0.00,Left,N/A,
100.5382,cer,MenuSelection,Menu Selection,620,416,0.00,0.00,Left,N/A,
100.5477,cer,MenuSelection,Menu Selection,620,416,0.00,0.00,Left,N/A,
100.5581,cer,MenuSelection,Menu Selection,620,416,0.00,0.00,Left,N/A,
100.5686,cer,MenuSelection,Menu Selection,620,416,0.00,0.00,Left,N/A,
100.5782,cer,MenuSelection,Menu Selection,620,416,0.00,0.00,Left,N/A,
100.5887,cer,MenuSelection,Menu Selection,620,416,0.00,0.00,Left,N/A,
100.5981,cer,MenuSelection,Menu Selection,620,416,0.00,0.00,Left,N/A,
100.6077,cer,MenuSelection,Menu Selection,620,416,0.00,0.00,Left,N/A,
100.6183,cer,MenuSelection,Menu Selection,620,416,0.00,0.00,Left,N/A,
100.6281,cer,MenuSelection,Menu Selection,620,416,0.00,0.00,Left,N/A,
100.6377,cer,MenuSelection,Menu Selection,620,416,0.00,0.00,Left,N/A,
100.6487,cer,MenuSelection,Menu Selection,620,416,0.00,0.00,Left,N/A,
100.6586,cer,MenuSelection,Menu Selection,620,416,0.00,0.00,Left,N/A,
100.6683,cer,MenuSelection,Menu Selection,620,416,0.00,0.00,Left,N/A,
100.6779,cer,MenuSelection,Menu Selection,620,416,0.00,0.00,Left,N/A,
100.6883,cer,MenuSelection,Menu Selection,620,416,0.00,0.00,Left,N/A,
100.6979,cer,MenuSelection,Menu Selection,620,416,0.00,0.00,Left,N/A,
100.7083,cer,MenuSelection,Menu Selection,620,416,0.00,0.00,Left,N/A,
100.7179,cer,MenuSelection,Menu Selection,620,416,0.00,0.00,Left,N/A,
100.7284,cer,MenuSelection,Menu Selection,620,416,0.00,0.00,Left,N/A,
100.7378,cer,MenuSelection,Menu Selection,620,416,0.00,0.00,Left,N/A,
100.7482,cer,MenuSelection,Menu Selection,620,416,0.00,0.00,Left,N/A,
100.7586,cer,MenuSelection,Menu Selection,620,416,0.00,0.00,Left,N/A,
100.7682,cer,MenuSelection,Menu Selection,634,429,1997.96,208942.07,Left,N/A,
100.7780,cer,MenuSelection,Menu Selection,662,459,4190.58,223907.25,Left,N/A,
100.7885,cer,MenuSelection,Menu Selection,707,515,6841.79,252491.09,Left,N/A,
100.7980,cer,MenuSelection,Menu Selection,721,533,2405.62,-467986.15,Left,N/A,
100.8086,cer,MenuSelection,Menu Selection,734,552,2161.83,-22892.68,Left,N/A,
100.8182,cer,MenuSelection,Menu Selection,759,595,5170.56,312767.72,Left,N/A,
100.8278,cer,MenuSelection,Menu Selection,773,619,2912.66,-236693.53,Left,N/A,
100.8383,cer,MenuSelection,Menu Selection,802,665,5154.80,212543.99,Left,N/A,
100.8479,cer,MenuSelection,Menu Selection,816,689,2898.31,-235379.62,Left,N/A,
100.8585,cer,MenuSelection,Menu Selection,839,737,5029.42,201371.92,Left,N/A,
100.8680,cer,MenuSelection,Menu Selection,849,758,2457.42,-271738.48,Left,N/A,
100.8785,cer,MenuSelection,Menu Selection,869,789,3498.34,98707.95,Left,N/A,
100.8880,cer,MenuSelection,Menu Selection,877,800,1435.91,-217731.32,Left,N/A,
100.8986,cer,MenuSelection,Menu Selection,889,824,2538.63,104327.11,Left,N/A,
100.9080,cer,MenuSelection,Menu Selection,889,824,0.00,-268178.94,Left,N/A,
100.9185,cer,MenuSelection,Menu Selection,889,824,0.00,0.00,Left,N/A,
100.9282,cer,MenuSelection,Menu Selection,889,824,0.00,0.00,Left,N/A,
100.9378,cer,MenuSelection,Menu Selection,889,824,0.00,0.00,Left,N/A,
100.9483,cer,MenuSelection,Menu Selection,889,824,0.00,0.00,Left,N/A,
100.9578,cer,MenuSelection,Menu Selection,889,824,0.00,0.00,Left,N/A,
100.9683,cer,MenuSelection,Menu Selection,889,824,0.00,0.00,Left,N/A,
100.9779,cer,MenuSelection,Menu Selection,889,824,0.00,0.00,Left,N/A,
100.9887,cer,MenuSelection,Menu Selection,889,824,0.00,0.00,Left,N/A,
100.9979,cer,MenuSelection,Menu Selection,889,824,0.00,0.00,Left,N/A,
101.0084,cer,MenuSelection,Menu Selection,889,824,0.00,0.00,Left,N/A,
101.0180,cer,MenuSelection,Menu Selection,889,824,0.00,0.00,Left,N/A,
101.0282,cer,MenuSelection,Menu Selection,889,824,0.00,0.00,Left,N/A,
101.0386,cer,MenuSelection,Menu Selection,889,824,0.00,0.00,Left,N/A,
101.0480,cer,MenuSelection,Menu Selection,889,824,0.00,0.00,Left,N/A,
101.0584,cer,MenuSelection,Menu Selection,889,824,0.00,0.00,Left,N/A,
101.0679,cer,MenuSelection,Menu Selection,889,824,0.00,0.00,Left,N/A,
101.0784,cer,MenuSelection,Menu Selection,889,824,0.00,0.00,Left,N/A,
101.0880,cer,MenuSelection,Menu Selection,889,824,0.00,0.00,Left,N/A,
101.0984,cer,MenuSelection,Menu Selection,889,824,0.00,0.00,Left,N/A,
101.1078,cer,MenuSelection,Menu Selection,889,824,0.00,0.00,Left,N/A,
101.1183,cer,MenuSelection,Menu Selection,889,824,0.00,0.00,Left,N/A,
101.1280,cer,MenuSelection,Menu Selection,891,833,957.52,99446.41,Left,N/A,
101.1385,cer,MenuSelection,Menu Selection,907,881,4817.75,367566.69,Left,N/A,
101.1481,cer,MenuSelection,Menu Selection,913,895,1585.45,-336449.34,Left,N/A,
101.1586,cer,MenuSelection,Menu Selection,917,902,762.83,-77834.26,Left,N/A,
101.1681,cer,MenuSelection,Menu Selection,922,912,1177.23,43633.81,Left,N/A,
101.1777,cer,MenuSelection,Menu Selection,924,916,468.68,-74255.95,Left,N/A,
101.1883,cer,MenuSelection,Menu Selection,927,923,717.67,23463.79,Left,N/A,
101.1977,cer,MenuSelection,Menu Selection,928,926,334.82,-40536.14,Left,N/A,
101.2082,cer,MenuSelection,Menu Selection,932,932,690.03,33990.57,Left,N/A,
101.2186,cer,MenuSelection,Menu Selection,934,936,427.50,-25096.03,Left,N/A,
101.2283,cer,MenuSelection,Menu Selection,934,936,0.00,-44480.98,Left,N/A,
101.2378,cer,MenuSelection,Menu Selection,934,936,0.00,0.00,Left,N/A,
101.2483,cer,MenuSelection,Menu Selection,934,936,0.00,0.00,Left,N/A,
101.2577,cer,MenuSelection,Menu Selection,934,936,0.00,0.00,Left,N/A,
101.2682,cer,MenuSelection,Menu Selection,934,936,0.00,0.00,Left,N/A,
101.2777,cer,MenuSelection,Menu Selection,934,936,0.00,0.00,Left,N/A,
101.2882,cer,MenuSelection,Menu Selection,934,936,0.00,0.00,Left,N/A,
101.2977,cer,MenuSelection,Menu Selection,934,936,0.00,0.00,Left,N/A,
101.3082,cer,MenuSelection,Menu Selection,934,936,0.00,0.00,Left,N/A,
101.3177,cer,MenuSelection,Menu Selection,934,936,0.00,0.00,Left,N/A,
101.3283,cer,MenuSelection,Menu Selection,934,936,0.00,0.00,Left,N/A,
101.3378,cer,MenuSelection,Menu Selection,934,936,0.00,0.00,Left,N/A,
101.3477,cer,MenuSelection,Menu Selection,934,936,0.00,0.00,Left,N/A,
101.3584,cer,MenuSelection,Menu Selection,934,936,0.00,0.00,Left,N/A,
101.3696,cer,MenuSelection,Menu Selection,934,936,0.00,0.00,Left,N/A,
101.3784,cer,MenuSelection,Menu Selection,934,936,0.00,0.00,Left,N/A,
101.3890,cer,MenuSelection,Menu Selection,934,936,0.00,0.00,Left,N/A,
101.3979,cer,MenuSelection,Menu Selection,934,936,0.00,0.00,Left,N/A,
101.4085,cer,MenuSelection,Menu Selection,934,936,0.00,0.00,Left,N/A,
101.4181,cer,MenuSelection,Menu Selection,934,936,0.00,0.00,Left,N/A,
101.4284,cer,MenuSelection,Menu Selection,934,936,0.00,0.00,Left,N/A,
101.4380,cer,MenuSelection,Menu Selection,934,936,0.00,0.00,Left,N/A,
101.4477,cer,MenuSelection,Menu Selection,934,936,0.00,0.00,Left,N/A,
101.4582,cer,MenuSelection,Menu Selection,934,936,0.00,0.00,Left,N/A,
101.4687,cer,MenuSelection,Menu Selection,934,936,0.00,0.00,Left,N/A,
101.4783,cer,MenuSelection,Menu Selection,934,936,0.00,0.00,Left,N/A,
101.4885,cer,MenuSelection,Menu Selection,934,936,0.00,0.00,Left,N/A,
101.4979,cer,MenuSelection,Menu Selection,934,936,0.00,0.00,Left,N/A,
101.5078,cer,MenuSelection,Menu Selection,934,936,0.00,0.00,Left,N/A,
101.5189,cer,MenuSelection,Menu Selection,934,936,0.00,0.00,Left,N/A,
101.5276,cer,MenuSelection,Menu Selection,934,936,0.00,0.00,Left,N/A,
101.5384,cer,MenuSelection,Menu Selection,934,936,0.00,0.00,Left,N/A,
101.5481,cer,MenuSelection,Menu Selection,934,936,0.00,0.00,Left,N/A,
101.5584,cer,MenuSelection,Menu Selection,934,936,0.00,0.00,Left,N/A,
101.5683,cer,MenuSelection,Menu Selection,934,936,0.00,0.00,Left,N/A,
101.5781,cer,MenuSelection,Menu Selection,934,936,0.00,0.00,Left,N/A,
101.5886,cer,MenuSelection,Menu Selection,934,936,0.00,0.00,Left,N/A,
101.5984,cer,MenuSelection,Menu Selection,934,936,0.00,0.00,Left,N/A,
101.6078,cer,MenuSelection,Menu Selection,934,936,0.00,0.00,Left,N/A,
101.6178,cer,MenuSelection,Menu Selection,934,936,0.00,0.00,Left,N/A,
101.6283,cer,MenuSelection,Menu Selection,934,936,0.00,0.00,Left,N/A,
101.6380,cer,MenuSelection,Menu Selection,934,936,0.00,0.00,Left,N/A,
101.6486,cer,MenuSelection,Menu Selection,934,936,0.00,0.00,Left,N/A,
101.6582,cer,MenuSelection,Menu Selection,934,936,0.00,0.00,Left,N/A,
101.6678,cer,MenuSelection,Menu Selection,934,936,0.00,0.00,Left,N/A,
101.6783,cer,MenuSelection,Menu Selection,934,936,0.00,0.00,Left,N/A,
101.6878,cer,MenuSelection,Menu Selection,934,936,0.00,0.00,Left,N/A,
101.6984,cer,MenuSelection,Menu Selection,934,936,0.00,0.00,Left,N/A,
101.7079,cer,MenuSelection,Menu Selection,934,936,0.00,0.00,Left,N/A,
101.7184,cer,MenuSelection,Menu Selection,934,936,0.00,0.00,Left,N/A,
101.7279,cer,MenuSelection,Menu Selection,934,936,0.00,0.00,Left,N/A,
101.7386,cer,MenuSelection,Menu Selection,934,936,0.00,0.00,Left,N/A,
101.7481,cer,MenuSelection,Menu Selection,934,936,0.00,0.00,Left,N/A,
101.7580,cer,MenuSelection,Menu Selection,934,936,0.00,0.00,Left,N/A,
101.7677,cer,MenuSelection,Menu Selection,934,936,0.00,0.00,Left,N/A,
101.7783,cer,MenuSelection,Menu Selection,934,936,0.00,0.00,Left,N/A,
101.7878,cer,MenuSelection,Menu Selection,934,936,0.00,0.00,Left,N/A,
101.7984,cer,MenuSelection,Menu Selection,934,936,0.00,0.00,Left,N/A,
101.8079,cer,MenuSelection,Menu Selection,934,936,0.00,0.00,Left,N/A,
101.8185,cer,MenuSelection,Menu Selection,934,936,0.00,0.00,Left,N/A,
101.8279,cer,MenuSelection,Menu Selection,934,936,0.00,0.00,Left,N/A,
101.8382,cer,MenuSelection,Menu Selection,934,936,0.00,0.00,Left,N/A,
101.8478,cer,MenuSelection,Menu Selection,934,936,0.00,0.00,Left,N/A,
101.8583,cer,MenuSelection,Menu Selection,934,936,0.00,0.00,Left,N/A,
101.8678,cer,MenuSelection,Menu Selection,934,936,0.00,0.00,Left,N/A,
101.8784,cer,MenuSelection,Menu Selection,934,936,0.00,0.00,Left,N/A,
101.8879,cer,MenuSelection,Menu Selection,934,936,0.00,0.00,Left,N/A,
101.8986,cer,MenuSelection,Menu Selection,934,936,0.00,0.00,Left,N/A,
101.9085,cer,MenuSelection,Menu Selection,934,936,0.00,0.00,Left,N/A,
101.9180,cer,MenuSelection,Menu Selection,934,936,0.00,0.00,Left,N/A,
101.9284,cer,MenuSelection,Menu Selection,934,936,0.00,0.00,Left,N/A,
101.9379,cer,MenuSelection,Menu Selection,934,936,0.00,0.00,Left,N/A,
101.9485,cer,MenuSelection,Menu Selection,934,936,0.00,0.00,Left,N/A,
101.9579,cer,MenuSelection,Menu Selection,934,936,0.00,0.00,Left,N/A,
101.9684,cer,MenuSelection,Menu Selection,934,936,0.00,0.00,Left,N/A,
101.9782,cer,MenuSelection,Menu Selection,934,936,0.00,0.00,Left,N/A,
101.9888,cer,MenuSelection,Menu Selection,934,936,0.00,0.00,Left,N/A,
101.9986,cer,MenuSelection,Menu Selection,934,936,0.00,0.00,Left,N/A,
102.0081,cer,MenuSelection,Menu Selection,934,936,0.00,0.00,Left,N/A,
102.0183,cer,MenuSelection,Menu Selection,934,936,0.00,0.00,Left,N/A,
102.0286,cer,MenuSelection,Menu Selection,934,936,0.00,0.00,Left,N/A,
102.0378,cer,MenuSelection,Menu Selection,934,936,0.00,0.00,Left,N/A,
102.0485,cer,MenuSelection,Menu Selection,934,936,0.00,0.00,Left,N/A,
102.0579,cer,MenuSelection,Menu Selection,934,936,0.00,0.00,Left,N/A,
102.0686,cer,MenuSelection,Menu Selection,934,936,0.00,0.00,Left,N/A,
102.0784,cer,MenuSelection,Menu Selection,934,936,0.00,0.00,Left,N/A,
102.0879,cer,MenuSelection,Menu Selection,934,936,0.00,0.00,Left,N/A,
102.0984,cer,MenuSelection,Menu Selection,934,936,0.00,0.00,Left,N/A,
102.1079,cer,MenuSelection,Menu Selection,934,936,0.00,0.00,Left,N/A,
102.1184,cer,MenuSelection,Menu Selection,934,936,0.00,0.00,Left,N/A,
102.1280,cer,MenuSelection,Menu Selection,934,936,0.00,0.00,Left,N/A,
102.1385,cer,MenuSelection,Menu Selection,934,936,0.00,0.00,Left,N/A,
102.1479,cer,MenuSelection,Menu Selection,934,936,0.00,0.00,Left,N/A,
102.1583,cer,MenuSelection,Menu Selection,934,936,0.00,0.00,Left,N/A,
102.1679,cer,MenuSelection,Menu Selection,934,936,0.00,0.00,Left,N/A,
102.1779,cer,MenuSelection,Menu Selection,934,936,0.00,0.00,Left,N/A,
102.1884,cer,MenuSelection,Menu Selection,934,936,0.00,0.00,Left,N/A,
102.1979,cer,MenuSelection,Menu Selection,934,936,0.00,0.00,Left,N/A,
102.2083,cer,MenuSelection,Menu Selection,934,936,0.00,0.00,Left,N/A,
102.2184,cer,MenuSelection,Menu Selection,934,936,0.00,0.00,Left,N/A,
102.2281,cer,MenuSelection,Menu Selection,934,936,0.00,0.00,Left,N/A,
102.2386,cer,MenuSelection,Menu Selection,934,936,0.00,0.00,Left,N/A,
102.2481,cer,MenuSelection,Menu Selection,934,936,0.00,0.00,Left,N/A,
102.2585,cer,MenuSelection,Menu Selection,934,936,0.00,0.00,Left,N/A,
102.2680,cer,MenuSelection,Menu Selection,934,936,0.00,0.00,Left,N/A,
102.2781,cer,MenuSelection,Menu Selection,934,936,0.00,0.00,Left,N/A,
102.2886,cer,MenuSelection,Menu Selection,934,936,0.00,0.00,Left,N/A,
102.2980,cer,MenuSelection,Menu Selection,934,936,0.00,0.00,Left,N/A,
102.3084,cer,MenuSelection,Menu Selection,921,911,2709.53,260542.54,Left,N/A,
102.3191,cer,MenuSelection,Menu Selection,892,871,4624.44,179235.06,Left,N/A,
102.3287,cer,MenuSelection,Menu Selection,827,784,11287.38,692513.74,Left,N/A,
102.3382,cer,MenuSelection,Menu Selection,795,737,5993.16,-558026.61,Left,N/A,
102.3485,cer,MenuSelection,Menu Selection,763,696,5026.94,-93389.22,Left,N/A,
102.3583,cer,MenuSelection,Menu Selection,665,579,15618.80,1083944.76,Left,N/A,
102.3691,cer,MenuSelection,Menu Selection,610,516,7705.17,-729113.57,Left,N/A,
102.3780,cer,MenuSelection,Menu Selection,528,426,13710.81,676299.60,Left,N/A,
102.3885,cer,MenuSelection,Menu Selection,482,383,6003.68,-734832.57,Left,N/A,
102.3985,cer,MenuSelection,Menu Selection,415,334,8312.10,231162.15,Left,N/A,
102.4080,cer,MenuSelection,Menu Selection,384,316,3787.70,-478063.35,Left,N/A,
102.4185,cer,MenuSelection,Menu Selection,360,304,2547.13,-117762.28,Left,N/A,
102.4285,cer,MenuSelection,Menu Selection,360,304,0.00,-255609.20,Left,N/A,
102.4381,cer,MenuSelection,Menu Selection,360,304,0.00,0.00,Left,N/A,
102.4480,cer,MenuSelection,Menu Selection,360,304,0.00,0.00,Left,N/A,
102.4585,cer,MenuSelection,Menu Selection,360,304,0.00,0.00,Left,N/A,
102.4679,cer,MenuSelection,Menu Selection,360,304,0.00,0.00,Left,N/A,
102.4779,cer,MenuSelection,Menu Selection,360,304,0.00,0.00,Left,N/A,
102.4885,cer,MenuSelection,Menu Selection,360,304,0.00,0.00,Left,N/A,
102.4979,cer,MenuSelection,Menu Selection,360,304,0.00,0.00,Left,N/A,
102.5084,cer,MenuSelection,Menu Selection,360,304,0.00,0.00,Left,N/A,
102.5187,cer,MenuSelection,Menu Selection,360,304,0.00,0.00,Left,N/A,
102.5282,cer,MenuSelection,Menu Selection,360,304,0.00,0.00,Left,N/A,
102.5383,cer,MenuSelection,Menu Selection,360,304,0.00,0.00,Left,N/A,
102.5480,cer,MenuSelection,Menu Selection,360,304,0.00,0.00,Left,N/A,
102.5586,cer,MenuSelection,Menu Selection,360,304,0.00,0.00,Left,N/A,
102.5682,cer,MenuSelection,Menu Selection,360,304,0.00,0.00,Left,N/A,
102.5781,cer,MenuSelection,Menu Selection,360,304,0.00,0.00,Left,N/A,
102.5886,cer,MenuSelection,Menu Selection,360,304,0.00,0.00,Left,N/A,
102.5980,cer,MenuSelection,Menu Selection,360,304,0.00,0.00,Left,N/A,
102.6086,cer,MenuSelection,Menu Selection,360,304,0.00,0.00,Left,N/A,
102.6181,cer,MenuSelection,Menu Selection,360,304,0.00,0.00,Left,N/A,
102.6287,cer,MenuSelection,Menu Selection,360,304,0.00,0.00,Left,N/A,
102.6386,cer,MenuSelection,Menu Selection,360,304,0.00,0.00,Left,N/A,
102.6480,cer,MenuSelection,Menu Selection,360,304,0.00,0.00,Left,N/A,
102.6584,cer,MenuSelection,Menu Selection,332,289,3059.55,294692.35,Left,N/A,
102.6680,cer,MenuSelection,Menu Selection,221,219,13696.31,1110155.15,Left,N/A,
102.6784,cer,MenuSelection,Menu Selection,168,186,6008.33,-739852.18,Left,N/A,
102.6880,cer,MenuSelection,Menu Selection,130,162,4659.99,-139800.54,Left,N/A,
102.6979,cer,MenuSelection,Menu Selection,70,126,7072.18,243806.29,Left,N/A,
102.7087,cer,MenuSelection,Menu Selection,47,113,2451.22,-428732.92,Left,N/A,
102.7187,cer,MenuSelection,Menu Selection,18,100,3193.59,74599.66,Left,N/A,
102.7283,cer,MenuSelection,Menu Selection,11,97,791.92,-249735.15,Left,N/A,
102.7377,cer,MenuSelection,Menu Selection,6,96,538.39,-26769.65,Left,N/A,
102.7490,cer,MenuSelection,Menu Selection,6,96,0.00,-47930.59,Left,N/A,
102.7779,cer,MenuSelection,Menu Selection,8,104,285.02,9851.65,Left,N/A,
102.7884,cer,MenuSelection,Menu Selection,18,114,1352.25,102046.43,Left,N/A,
102.7989,cer,MenuSelection,Menu Selection,24,119,740.78,-57996.21,Left,N/A,
102.8086,cer,MenuSelection,Menu Selection,34,128,1388.23,66807.79,Left,N/A,
102.8181,cer,MenuSelection,Menu Selection,38,131,528.34,-90862.58,Left,N/A,
102.8286,cer,MenuSelection,Menu Selection,44,136,738.80,19908.36,Left,N/A,
102.8382,cer,MenuSelection,Menu Selection,47,138,378.37,-37824.26,Left,N/A,
102.8489,cer,MenuSelection,Menu Selection,51,142,525.70,13691.79,Left,N/A,
102.8588,cer,MenuSelection,Menu Selection,53,144,287.59,-24210.90,Left,N/A,
102.8691,cer,MenuSelection,Menu Selection,56,147,411.11,11968.66,Left,N/A,
102.8782,cer,MenuSelection,Menu Selection,58,149,310.25,-11063.51,Left,N/A,
102.8887,cer,MenuSelection,Menu Selection,60,151,268.42,-3969.21,Left,N/A,
102.8990,cer,MenuSelection,Menu Selection,63,155,487.93,21420.02,Left,N/A,
102.9086,cer,MenuSelection,Menu Selection,64,157,232.61,-26559.50,Left,N/A,
102.9188,cer,MenuSelection,Menu Selection,68,162,624.34,38196.20,Left,N/A,
102.9288,cer,MenuSelection,Menu Selection,69,165,317.80,-30806.49,Left,N/A,
102.9383,cer,MenuSelection,Menu Selection,71,168,380.06,6562.96,Left,N/A,
102.9481,cer,MenuSelection,Menu Selection,76,175,879.27,51024.99,Left,N/A,
102.9582,cer,MenuSelection,Menu Selection,80,180,630.93,-24470.13,Left,N/A,
102.9688,cer,MenuSelection,Menu Selection,89,193,1488.18,80685.37,Left,N/A,
102.9784,cer,MenuSelection,Menu Selection,96,202,1195.86,-30659.69,Left,N/A,
102.9889,cer,MenuSelection,Menu Selection,107,216,1698.06,47896.64,Left,N/A,
102.9983,cer,MenuSelection,Menu Selection,112,222,824.80,-92220.89,Left,N/A,
103.0088,cer,MenuSelection,Menu Selection,120,233,1294.33,44680.46,Left,N/A,
103.0189,cer,MenuSelection,Menu Selection,123,237,495.85,-79184.90,Left,N/A,
103.0286,cer,MenuSelection,Menu Selection,125,240,371.78,-12793.55,Left,N/A,
103.0382,cer,MenuSelection,Menu Selection,128,247,799.01,44823.39,Left,N/A,
103.0481,cer,MenuSelection,Menu Selection,129,250,318.82,-48412.75,Left,N/A,
103.0585,cer,MenuSelection,Menu Selection,132,257,730.22,39446.51,Left,N/A,
103.0690,cer,MenuSelection,Menu Selection,133,261,393.06,-32142.06,Left,N/A,
103.0792,cer,MenuSelection,Menu Selection,135,268,710.73,31012.40,Left,N/A,
103.0887,cer,MenuSelection,Menu Selection,136,271,333.48,-39782.91,Left,N/A,
103.0982,cer,MenuSelection,Menu Selection,137,275,433.73,10545.25,Left,N/A,
103.1088,cer,MenuSelection,Menu Selection,139,282,690.65,24373.73,Left,N/A,
103.1182,cer,MenuSelection,Menu Selection,140,286,434.99,-26972.11,Left,N/A,
103.1286,cer,MenuSelection,Menu Selection,143,295,912.23,45890.31,Left,N/A,
103.1381,cer,MenuSelection,Menu Selection,145,299,471.35,-46467.68,Left,N/A,
103.1488,cer,MenuSelection,Menu Selection,149,309,1012.55,50879.91,Left,N/A,
103.1582,cer,MenuSelection,Menu Selection,151,314,569.19,-46861.74,Left,N/A,
103.1688,cer,MenuSelection,Menu Selection,153,318,422.87,-13835.41,Left,N/A,
103.1789,cer,MenuSelection,Menu Selection,157,326,885.33,45776.09,Left,N/A,
103.1884,cer,MenuSelection,Menu Selection,159,329,378.19,-53194.58,Left,N/A,
103.1981,cer,MenuSelection,Menu Selection,161,334,556.84,18472.35,Left,N/A,
103.2086,cer,MenuSelection,Menu Selection,162,336,213.74,-32795.92,Left,N/A,
103.2183,cer,MenuSelection,Menu Selection,163,338,230.83,1764.43,Left,N/A,
103.2283,cer,MenuSelection,Menu Selection,164,339,140.44,-8976.57,Left,N/A,
103.2388,cer,MenuSelection,Menu Selection,165,340,134.44,-570.67,Left,N/A,
103.2490,cer,MenuSelection,Menu Selection,165,342,197.05,6168.29,Left,N/A,
103.2585,cer,MenuSelection,Menu Selection,166,342,105.66,-9655.83,Left,N/A,
103.2684,cer,MenuSelection,Menu Selection,166,344,201.98,9727.74,Left,N/A,
103.2789,cer,MenuSelection,Menu Selection,166,345,95.04,-10163.47,Left,N/A,
103.2884,cer,MenuSelection,Menu Selection,167,347,235.72,14831.21,Left,N/A,
103.2981,cer,MenuSelection,Menu Selection,167,348,103.18,-13675.76,Left,N/A,
103.3085,cer,MenuSelection,Menu Selection,167,351,287.27,17628.96,Left,N/A,
103.3190,cer,MenuSelection,Menu Selection,167,352,95.30,-18295.09,Left,N/A,
103.3286,cer,MenuSelection,Menu Selection,168,353,147.06,5382.90,Left,N/A,
103.3382,cer,MenuSelection,Menu Selection,168,355,208.75,6439.24,Left,N/A,
103.3487,cer,MenuSelection,Menu Selection,168,356,95.23,-10810.98,Left,N/A,
103.3582,cer,MenuSelection,Menu Selection,168,357,105.54,1087.94,Left,N/A,
103.3695,cer,MenuSelection,Menu Selection,168,358,88.04,-1540.70,Left,N/A,
103.3789,cer,MenuSelection,Menu Selection,168,359,106.20,1928.94,Left,N/A,
103.3885,cer,MenuSelection,Menu Selection,169,359,104.39,-189.54,Left,N/A,
103.3982,cer,MenuSelection,Menu Selection,169,359,0.00,-10759.45,Left,N/A,
103.4088,cer,MenuSelection,Menu Selection,169,359,0.00,0.00,Left,N/A,
103.4182,cer,MenuSelection,Menu Selection,169,359,0.00,0.00,Left,N/A,
103.4288,cer,MenuSelection,Menu Selection,170,359,94.48,8926.70,Left,N/A,
103.4383,cer,MenuSelection,Menu Selection,170,359,0.00,-9972.39,Left,N/A,
103.4485,cer,MenuSelection,Menu Selection,170,358,97.93,9590.11,Left,N/A,
103.4590,cer,MenuSelection,Menu Selection,171,357,135.21,3563.91,Left,N/A,
103.4685,cer,MenuSelection,Menu Selection,171,357,0.00,-14226.50,Left,N/A,
103.4782,cer,MenuSelection,Menu Selection,171,355,204.30,20868.48,Left,N/A,
103.4889,cer,MenuSelection,Menu Selection,171,354,93.59,-10360.99,Left,N/A,
103.4989,cer,MenuSelection,Menu Selection,171,350,399.23,30505.11,Left,N/A,
103.5088,cer,MenuSelection,Menu Selection,171,348,202.88,-19917.67,Left,N/A,
103.5189,cer,MenuSelection,Menu Selection,171,344,395.36,19024.81,Left,N/A,
103.5289,cer,MenuSelection,Menu Selection,171,342,199.79,-19536.74,Left,N/A,
103.5386,cer,MenuSelection,Menu Selection,171,338,414.12,22189.91,Left,N/A,
103.5480,cer,MenuSelection,Menu Selection,171,336,212.07,-21424.28,Left,N/A,
103.5585,cer,MenuSelection,Menu Selection,171,334,191.36,-1982.04,Left,N/A,
103.5689,cer,MenuSelection,Menu Selection,171,331,286.69,9109.56,Left,N/A,
103.5790,cer,MenuSelection,Menu Selection,171,330,99.61,-18634.64,Left,N/A,
103.5885,cer,MenuSelection,Menu Selection,171,327,315.31,22671.40,Left,N/A,
103.5989,cer,MenuSelection,Menu Selection,171,326,95.72,-21019.64,Left,N/A,
103.6084,cer,MenuSelection,Menu Selection,171,324,211.55,12251.87,Left,N/A,
103.6189,cer,MenuSelection,Menu Selection,171,323,95.47,-11082.21,Left,N/A,
103.6285,cer,MenuSelection,Menu Selection,172,322,147.57,5436.18,Left,N/A,
103.6390,cer,MenuSelection,Menu Selection,172,321,94.73,-5005.21,Left,N/A,
103.6484,cer,MenuSelection,Menu Selection,172,320,105.97,1190.82,Left,N/A,
103.6589,cer,MenuSelection,Menu Selection,172,320,0.00,-10148.22,Left,N/A,
103.6684,cer,MenuSelection,Menu Selection,172,320,0.00,0.00,Left,N/A,
103.6789,cer,MenuSelection,Menu Selection,172,319,95.07,9038.74,Left,N/A,
103.6884,cer,MenuSelection,Menu Selection,172,319,0.00,-10052.99,Left,N/A,
103.6989,cer,MenuSelection,Menu Selection,172,318,95.08,9040.79,Left,N/A,
103.7085,cer,MenuSelection,Menu Selection,172,318,0.00,-9951.03,Left,N/A,
103.7190,cer,MenuSelection,Menu Selection,172,318,0.00,0.00,Left,N/A,
103.7287,cer,MenuSelection,Menu Selection,172,318,0.00,0.00,Left,N/A,
103.7382,cer,MenuSelection,Menu Selection,173,318,105.35,11098.65,Left,N/A,
103.7486,cer,MenuSelection,Menu Selection,173,318,0.00,-10086.75,Left,N/A,
103.7580,cer,MenuSelection,Menu Selection,173,318,0.00,0.00,Left,N/A,
103.7686,cer,MenuSelection,Menu Selection,173,318,0.00,0.00,Left,N/A,
103.7781,cer,MenuSelection,Menu Selection,173,318,0.00,0.00,Left,N/A,
103.7886,cer,MenuSelection,Menu Selection,173,318,0.00,0.00,Left,N/A,
103.7981,cer,MenuSelection,Menu Selection,173,318,0.00,0.00,Left,N/A,
103.8087,cer,MenuSelection,Menu Selection,173,317,94.80,8987.74,Left,N/A,
103.8189,cer,MenuSelection,Menu Selection,173,317,0.00,-9263.28,Left,N/A,
103.8284,cer,MenuSelection,Menu Selection,173,316,105.00,11024.86,Left,N/A,
103.8389,cer,MenuSelection,Menu Selection,174,315,135.39,2910.01,Left,N/A,
103.8484,cer,MenuSelection,Menu Selection,174,315,0.00,-14289.33,Left,N/A,
103.8589,cer,MenuSelection,Menu Selection,175,314,134.63,12815.80,Left,N/A,
103.8684,cer,MenuSelection,Menu Selection,175,313,104.44,-3152.49,Left,N/A,
103.8781,cer,MenuSelection,Menu Selection,176,313,103.66,-80.81,Left,N/A,
103.8886,cer,MenuSelection,Menu Selection,176,312,95.06,-817.66,Left,N/A,
103.8981,cer,MenuSelection,Menu Selection,177,312,105.19,1065.29,Left,N/A,
103.9085,cer,MenuSelection,Menu Selection,177,311,96.31,-855.32,Left,N/A,
103.9190,cer,MenuSelection,Menu Selection,177,310,95.51,-75.83,Left,N/A,
103.9288,cer,MenuSelection,Menu Selection,177,309,101.89,649.93,Left,N/A,
103.9383,cer,MenuSelection,Menu Selection,177,308,105.41,371.18,Left,N/A,
103.9489,cer,MenuSelection,Menu Selection,176,306,211.01,9964.72,Left,N/A,
103.9584,cer,MenuSelection,Menu Selection,175,300,640.85,45286.20,Left,N/A,
103.9689,cer,MenuSelection,Menu Selection,173,295,512.31,-12229.00,Left,N/A,
103.9785,cer,MenuSelection,Menu Selection,169,283,1308.75,82405.23,Left,N/A,
103.9881,cer,MenuSelection,Menu Selection,167,276,758.88,-57318.87,Left,N/A,
103.9986,cer,MenuSelection,Menu Selection,165,268,786.48,2632.68,Left,N/A,
104.0082,cer,MenuSelection,Menu Selection,160,254,1544.15,78699.70,Left,N/A,
104.0188,cer,MenuSelection,Menu Selection,159,248,577.80,-91793.70,Left,N/A,
104.0283,cer,MenuSelection,Menu Selection,159,239,941.76,38084.92,Left,N/A,
104.0388,cer,MenuSelection,Menu Selection,159,235,382.61,-53484.65,Left,N/A,
104.0483,cer,MenuSelection,Menu Selection,160,228,744.17,38050.99,Left,N/A,
104.0588,cer,MenuSelection,Menu Selection,160,225,285.81,-43667.89,Left,N/A,
104.0683,cer,MenuSelection,Menu Selection,161,223,235.84,-5270.28,Left,N/A,
104.0783,cer,MenuSelection,Menu Selection,162,218,507.04,26967.73,Left,N/A,
104.0888,cer,MenuSelection,Menu Selection,163,215,301.58,-19594.01,Left,N/A,
104.0984,cer,MenuSelection,Menu Selection,165,211,464.63,16939.55,Left,N/A,
104.1089,cer,MenuSelection,Menu Selection,165,210,95.69,-35304.40,Left,N/A,
104.1183,cer,MenuSelection,Menu Selection,167,207,381.25,30195.30,Left,N/A,
104.1285,cer,MenuSelection,Menu Selection,167,206,98.22,-27798.71,Left,N/A,
104.1390,cer,MenuSelection,Menu Selection,168,204,213.29,10977.08,Left,N/A,
104.1487,cer,MenuSelection,Menu Selection,168,203,103.52,-11363.78,Left,N/A,
104.1581,cer,MenuSelection,Menu Selection,168,202,106.17,281.24,Left,N/A,
104.1687,cer,MenuSelection,Menu Selection,169,201,133.28,2555.00,Left,N/A,
104.1785,cer,MenuSelection,Menu Selection,169,200,101.87,-3199.27,Left,N/A,
104.1890,cer,MenuSelection,Menu Selection,169,199,95.62,-597.63,Left,N/A,
104.1984,cer,MenuSelection,Menu Selection,169,199,0.00,-10078.69,Left,N/A,
104.2089,cer,MenuSelection,Menu Selection,169,199,0.00,0.00,Left,N/A,
104.2184,cer,MenuSelection,Menu Selection,169,199,0.00,0.00,Left,N/A,
104.2290,cer,MenuSelection,Menu Selection,169,199,0.00,0.00,Left,N/A,
104.2384,cer,MenuSelection,Menu Selection,169,199,0.00,0.00,Left,N/A,
104.2489,cer,MenuSelection,Menu Selection,169,199,0.00,0.00,Left,N/A,
104.2581,cer,MenuSelection,Menu Selection,169,199,0.00,0.00,Left,N/A,
104.2692,cer,MenuSelection,Menu Selection,169,198,89.45,8000.94,Left,N/A,
104.2781,cer,MenuSelection,Menu Selection,169,198,0.00,-10161.75,Left,N/A,
104.2885,cer,MenuSelection,Menu Selection,169,198,0.00,0.00,Left,N/A,
104.2989,cer,MenuSelection,Menu Selection,169,198,0.00,0.00,Left,N/A,
104.3083,cer,MenuSelection,Menu Selection,170,198,107.25,11502.99,Left,N/A,
104.3188,cer,MenuSelection,Menu Selection,170,198,0.00,-10219.86,Left,N/A,
104.3284,cer,MenuSelection,Menu Selection,170,198,0.00,0.00,Left,N/A,
104.3388,cer,MenuSelection,Menu Selection,170,198,0.00,0.00,Left,N/A,
104.3482,cer,MenuSelection,Menu Selection,170,198,0.00,0.00,Left,N/A,
104.3586,cer,MenuSelection,Menu Selection,170,198,0.00,0.00,Left,N/A,
104.3681,cer,MenuSelection,Menu Selection,170,198,0.00,0.00,Left,N/A,
104.3782,cer,MenuSelection,Menu Selection,170,198,0.00,0.00,Left,N/A,
104.3887,cer,MenuSelection,Menu Selection,169,197,135.24,12933.54,Left,N/A,
104.3983,cer,MenuSelection,Menu Selection,168,195,232.77,10152.24,Left,N/A,
104.4087,cer,MenuSelection,Menu Selection,167,193,213.55,-1835.39,Left,N/A,
104.4182,cer,MenuSelection,Menu Selection,165,190,381.15,17716.76,Left,N/A,
104.4303,cer,MenuSelection,Menu Selection,163,187,299.18,-6801.65,Left,N/A,
104.4408,cer,MenuSelection,Menu Selection,162,185,211.26,-8306.39,Left,N/A,
104.4490,cer,MenuSelection,Menu Selection,160,184,274.29,7731.82,Left,N/A,
104.4591,cer,MenuSelection,Menu Selection,158,181,357.65,8268.70,Left,N/A,
104.4681,cer,MenuSelection,Menu Selection,157,180,156.06,-22245.52,Left,N/A,
104.4801,cer,MenuSelection,Menu Selection,156,178,186.20,2509.62,Left,N/A,
104.4882,cer,MenuSelection,Menu Selection,155,177,176.12,-1255.70,Left,N/A,
104.4981,cer,MenuSelection,Menu Selection,155,176,100.77,-7592.87,Left,N/A,
104.5090,cer,MenuSelection,Menu Selection,153,175,204.36,9467.23,Left,N/A,
104.5198,cer,MenuSelection,Menu Selection,152,175,92.80,-10352.51,Left,N/A,
104.5283,cer,MenuSelection,Menu Selection,151,174,166.83,8731.97,Left,N/A,
104.5384,cer,MenuSelection,Menu Selection,148,175,311.95,14316.37,Left,N/A,
104.5483,cer,MenuSelection,Menu Selection,147,175,101.65,-21376.94,Left,N/A,
104.5589,cer,MenuSelection,Menu Selection,142,177,505.64,37933.12,Left,N/A,
104.5686,cer,MenuSelection,Menu Selection,140,178,231.00,-28372.31,Left,N/A,
104.5782,cer,MenuSelection,Menu Selection,134,180,655.99,44080.84,Left,N/A,
104.5889,cer,MenuSelection,Menu Selection,131,182,338.38,-29808.05,Left,N/A,
104.5990,cer,MenuSelection,Menu Selection,124,187,854.10,51205.20,Left,N/A,
104.6087,cer,MenuSelection,Menu Selection,119,189,555.43,-30805.57,Left,N/A,
104.6183,cer,MenuSelection,Menu Selection,115,191,463.67,-9513.01,Left,N/A,
104.6280,cer,MenuSelection,Menu Selection,107,195,918.97,46778.40,Left,N/A,
104.6385,cer,MenuSelection,Menu Selection,104,196,301.57,-58877.74,Left,N/A,
104.6494,cer,MenuSelection,Menu Selection,98,198,579.59,25477.86,Left,N/A,
104.6596,cer,MenuSelection,Menu Selection,97,199,138.58,-43215.34,Left,N/A,
104.6691,cer,MenuSelection,Menu Selection,94,200,335.76,20935.67,Left,N/A,
104.6786,cer,MenuSelection,Menu Selection,93,200,104.56,-24174.95,Left,N/A,
104.6881,cer,MenuSelection,Menu Selection,92,201,149.04,4687.11,Left,N/A,
104.6980,cer,MenuSelection,Menu Selection,91,201,100.73,-4866.13,Left,N/A,
104.7085,cer,MenuSelection,Menu Selection,90,200,135.25,3301.06,Left,N/A,
104.7190,cer,MenuSelection,Menu Selection,89,200,95.22,-3811.67,Left,N/A,
104.7285,cer,MenuSelection,Menu Selection,89,199,105.52,1087.23,Left,N/A,
104.7389,cer,MenuSelection,Menu Selection,88,198,135.08,2823.61,Left,N/A,
104.7484,cer,MenuSelection,Menu Selection,88,197,105.22,-3142.57,Left,N/A,
104.7589,cer,MenuSelection,Menu Selection,87,196,135.02,2846.12,Left,N/A,
104.7684,cer,MenuSelection,Menu Selection,87,195,105.56,-3109.94,Left,N/A,
104.7790,cer,MenuSelection,Menu Selection,86,194,133.17,2599.06,Left,N/A,
104.7887,cer,MenuSelection,Menu Selection,86,193,103.04,-3103.96,Left,N/A,
104.7983,cer,MenuSelection,Menu Selection,85,192,148.27,4741.45,Left,N/A,
104.8088,cer,MenuSelection,Menu Selection,85,191,94.65,-5075.12,Left,N/A,
104.8185,cer,MenuSelection,Menu Selection,85,191,0.00,-9800.78,Left,N/A,
104.8290,cer,MenuSelection,Menu Selection,85,191,0.00,0.00,Left,N/A,
104.8385,cer,MenuSelection,Menu Selection,85,190,105.60,11150.68,Left,N/A,
104.8481,cer,MenuSelection,Menu Selection,85,190,0.00,-10971.69,Left,N/A,
104.8586,cer,MenuSelection,Menu Selection,85,189,94.91,9007.68,Left,N/A,
104.8681,cer,MenuSelection,Menu Selection,85,189,0.00,-10011.73,Left,N/A,
104.8788,cer,MenuSelection,Menu Selection,85,189,0.00,0.00,Left,N/A,
104.8882,cer,MenuSelection,Menu Selection,85,189,0.00,0.00,Left,N/A,
104.8986,cer,MenuSelection,Menu Selection,85,189,0.00,0.00,Left,N/A,
104.9081,cer,MenuSelection,Menu Selection,85,189,0.00,0.00,Left,N/A,
104.9185,cer,MenuSelection,Menu Selection,85,189,0.00,0.00,Left,N/A,
104.9281,cer,MenuSelection,Menu Selection,85,189,0.00,0.00,Left,N/A,
104.9387,cer,MenuSelection,Menu Selection,85,189,0.00,0.00,Left,N/A,
104.9483,cer,MenuSelection,Menu Selection,85,189,0.00,0.00,Left,N/A,
104.9586,cer,MenuSelection,Menu Selection,85,189,0.00,0.00,Left,N/A,
104.9681,cer,MenuSelection,Menu Selection,85,189,0.00,0.00,Left,N/A,
104.9787,cer,MenuSelection,Menu Selection,85,189,0.00,0.00,Left,N/A,
104.9882,cer,MenuSelection,Menu Selection,85,189,0.00,0.00,Left,N/A,
104.9987,cer,MenuSelection,Menu Selection,85,189,0.00,0.00,Left,N/A,
105.0081,cer,MenuSelection,Menu Selection,85,189,0.00,0.00,Left,N/A,
105.0186,cer,MenuSelection,Menu Selection,85,189,0.00,0.00,Left,N/A,
105.0282,cer,MenuSelection,Menu Selection,85,189,0.00,0.00,Left,N/A,
105.0388,cer,MenuSelection,Menu Selection,85,189,0.00,0.00,Left,N/A,
105.0482,cer,MenuSelection,Menu Selection,85,189,0.00,0.00,Left,N/A,
105.0586,cer,MenuSelection,Menu Selection,85,189,0.00,0.00,Left,N/A,
105.0681,cer,MenuSelection,Menu Selection,85,189,0.00,0.00,Left,N/A,
105.0786,cer,MenuSelection,Menu Selection,85,189,0.00,0.00,Left,N/A,
105.0881,cer,MenuSelection,Menu Selection,85,189,0.00,0.00,Left,N/A,
105.0988,cer,MenuSelection,Menu Selection,85,189,0.00,0.00,Left,N/A,
105.1086,cer,MenuSelection,Menu Selection,85,189,0.00,0.00,Left,N/A,
105.1181,cer,MenuSelection,Menu Selection,85,189,0.00,0.00,Left,N/A,
105.1288,cer,MenuSelection,Menu Selection,85,189,0.00,0.00,Left,N/A,
105.1383,cer,MenuSelection,Menu Selection,85,189,0.00,0.00,Left,N/A,
105.1488,cer,MenuSelection,Menu Selection,85,189,0.00,0.00,Left,N/A,
105.1583,cer,MenuSelection,Menu Selection,85,189,0.00,0.00,Left,N/A,
105.1688,cer,MenuSelection,Menu Selection,85,189,0.00,0.00,Left,N/A,
105.1786,cer,MenuSelection,Menu Selection,85,189,0.00,0.00,Left,N/A,
105.1890,cer,MenuSelection,Menu Selection,85,189,0.00,0.00,Left,N/A,
105.1986,cer,MenuSelection,Menu Selection,85,189,0.00,0.00,Left,N/A,
105.2090,cer,MenuSelection,Menu Selection,85,189,0.00,0.00,Left,N/A,
105.2183,cer,MenuSelection,Menu Selection,85,189,0.00,0.00,Left,N/A,
105.2282,cer,MenuSelection,Menu Selection,85,189,0.00,0.00,Left,N/A,
105.2387,cer,MenuSelection,Menu Selection,85,189,0.00,0.00,Left,N/A,
105.2498,cer,MenuSelection,Menu Selection,85,189,0.00,0.00,Left,N/A,
105.2588,cer,MenuSelection,Menu Selection,85,189,0.00,0.00,Left,N/A,
105.2684,cer,MenuSelection,Menu Selection,85,189,0.00,0.00,Left,N/A,
105.2787,cer,MenuSelection,Menu Selection,85,189,0.00,0.00,Left,N/A,
105.2882,cer,MenuSelection,Menu Selection,85,189,0.00,0.00,Left,N/A,
105.2991,cer,MenuSelection,Menu Selection,85,189,0.00,0.00,Left,N/A,
105.3080,cer,MenuSelection,Menu Selection,85,189,0.00,0.00,Left,N/A,
105.3185,cer,MenuSelection,Menu Selection,85,189,0.00,0.00,Left,N/A,
105.3289,cer,MenuSelection,Menu Selection,85,189,0.00,0.00,Left,N/A,
105.3384,cer,MenuSelection,Menu Selection,85,189,0.00,0.00,Left,N/A,
105.3489,cer,MenuSelection,Menu Selection,85,189,0.00,0.00,Left,N/A,
105.3584,cer,MenuSelection,Menu Selection,85,189,0.00,0.00,Left,N/A,
105.3680,cer,MenuSelection,Menu Selection,85,189,0.00,0.00,Left,N/A,
105.3787,cer,MenuSelection,Menu Selection,85,189,0.00,0.00,Left,N/A,
105.3884,cer,MenuSelection,Menu Selection,85,189,0.00,0.00,Left,N/A,
105.3981,cer,MenuSelection,Menu Selection,85,189,0.00,0.00,Left,N/A,
105.4089,cer,MenuSelection,Menu Selection,85,189,0.00,0.00,Left,N/A,
105.4195,cer,MenuSelection,Menu Selection,85,189,0.00,0.00,Left,N/A,
105.4281,cer,MenuSelection,Menu Selection,85,189,0.00,0.00,Left,N/A,
105.4387,cer,MenuSelection,Menu Selection,85,189,0.00,0.00,Left,N/A,
105.4482,cer,MenuSelection,Menu Selection,85,189,0.00,0.00,Left,N/A,
105.4588,cer,MenuSelection,Menu Selection,85,189,0.00,0.00,Left,N/A,
105.4684,cer,MenuSelection,Menu Selection,85,189,0.00,0.00,Left,N/A,
105.4789,cer,MenuSelection,Menu Selection,85,189,0.00,0.00,Left,N/A,
105.4884,cer,MenuSelection,Menu Selection,85,189,0.00,0.00,Left,N/A,
105.4989,cer,MenuSelection,Menu Selection,85,189,0.00,0.00,Left,N/A,
105.5084,cer,MenuSelection,Menu Selection,85,189,0.00,0.00,Left,N/A,
105.5189,cer,MenuSelection,Menu Selection,85,189,0.00,0.00,Left,N/A,
105.5281,cer,MenuSelection,Menu Selection,85,189,0.00,0.00,Left,N/A,
105.5386,cer,MenuSelection,Menu Selection,85,189,0.00,0.00,Left,N/A,
105.5489,cer,MenuSelection,Menu Selection,85,189,0.00,0.00,Left,N/A,
105.5581,cer,MenuSelection,Menu Selection,85,189,0.00,0.00,Left,N/A,
105.5687,cer,MenuSelection,Menu Selection,85,189,0.00,0.00,Left,N/A,
105.5782,cer,MenuSelection,Menu Selection,85,189,0.00,0.00,Left,N/A,
105.5886,cer,MenuSelection,Menu Selection,85,189,0.00,0.00,Left,N/A,
105.5981,cer,MenuSelection,Menu Selection,85,189,0.00,0.00,Left,N/A,
105.6087,cer,MenuSelection,Menu Selection,85,189,0.00,0.00,Left,N/A,
105.6182,cer,MenuSelection,Menu Selection,85,189,0.00,0.00,Left,N/A,
105.6288,cer,MenuSelection,Menu Selection,85,189,0.00,0.00,Left,N/A,
105.6384,cer,MenuSelection,Menu Selection,85,189,0.00,0.00,Left,N/A,
105.6492,cer,MenuSelection,Menu Selection,85,189,0.00,0.00,Left,N/A,
105.6591,cer,MenuSelection,Menu Selection,85,189,0.00,0.00,Left,N/A,
105.6688,cer,MenuSelection,Menu Selection,85,189,0.00,0.00,Left,N/A,
105.6784,cer,MenuSelection,Menu Selection,85,189,0.00,0.00,Left,N/A,
105.6889,cer,MenuSelection,Menu Selection,85,189,0.00,0.00,Left,N/A,
105.6984,cer,MenuSelection,Menu Selection,85,189,0.00,0.00,Left,N/A,
105.7089,cer,MenuSelection,Menu Selection,85,189,0.00,0.00,Left,N/A,
105.7183,cer,MenuSelection,Menu Selection,85,189,0.00,0.00,Left,N/A,
105.7289,cer,MenuSelection,Menu Selection,85,189,0.00,0.00,Left,N/A,
105.7389,cer,MenuSelection,Menu Selection,85,189,0.00,0.00,Left,N/A,
105.7485,cer,MenuSelection,Menu Selection,85,189,0.00,0.00,Left,N/A,
105.7589,cer,MenuSelection,Menu Selection,85,189,0.00,0.00,Left,N/A,
105.7685,cer,MenuSelection,Menu Selection,85,189,0.00,0.00,Left,N/A,
105.7785,cer,MenuSelection,Menu Selection,85,189,0.00,0.00,Left,N/A,
105.7881,cer,MenuSelection,Menu Selection,85,189,0.00,0.00,Left,N/A,
105.7987,cer,MenuSelection,Menu Selection,85,189,0.00,0.00,Left,N/A,
105.8083,cer,MenuSelection,Menu Selection,85,189,0.00,0.00,Left,N/A,
105.8188,cer,MenuSelection,Menu Selection,85,189,0.00,0.00,Left,N/A,
105.8285,cer,MenuSelection,Menu Selection,85,189,0.00,0.00,Left,N/A,
105.8381,cer,MenuSelection,Menu Selection,85,189,0.00,0.00,Left,N/A,
105.8486,cer,MenuSelection,Menu Selection,85,189,0.00,0.00,Left,N/A,
105.8580,cer,MenuSelection,Menu Selection,85,189,0.00,0.00,Left,N/A,
105.8685,cer,MenuSelection,Menu Selection,85,189,0.00,0.00,Left,N/A,
105.8785,cer,MenuSelection,Menu Selection,85,189,0.00,0.00,Left,N/A,
105.8889,cer,MenuSelection,Menu Selection,85,189,0.00,0.00,Left,N/A,
105.8983,cer,MenuSelection,Menu Selection,85,189,0.00,0.00,Left,N/A,
105.9086,cer,MenuSelection,Menu Selection,85,189,0.00,0.00,Left,N/A,
105.9181,cer,MenuSelection,Menu Selection,85,189,0.00,0.00,Left,N/A,
105.9287,cer,MenuSelection,Menu Selection,85,189,0.00,0.00,Left,N/A,
105.9383,cer,MenuSelection,Menu Selection,85,189,0.00,0.00,Left,N/A,
105.9487,cer,MenuSelection,Menu Selection,85,189,0.00,0.00,Left,N/A,
105.9582,cer,MenuSelection,Menu Selection,85,189,0.00,0.00,Left,N/A,
105.9687,cer,MenuSelection,Menu Selection,85,189,0.00,0.00,Left,N/A,
105.9782,cer,MenuSelection,Menu Selection,85,189,0.00,0.00,Left,N/A,
105.9886,cer,MenuSelection,Menu Selection,85,189,0.00,0.00,Left,N/A,
105.9980,cer,MenuSelection,Menu Selection,85,189,0.00,0.00,Left,N/A,
106.0085,cer,MenuSelection,Menu Selection,85,189,0.00,0.00,Left,N/A,
106.0190,cer,MenuSelection,Menu Selection,85,189,0.00,0.00,Left,N/A,
106.0289,cer,MenuSelection,Menu Selection,85,189,0.00,0.00,Left,N/A,
106.0385,cer,MenuSelection,Menu Selection,85,189,0.00,0.00,Left,N/A,
106.0489,cer,MenuSelection,Menu Selection,85,189,0.00,0.00,Left,N/A,
106.0583,cer,MenuSelection,Menu Selection,85,189,0.00,0.00,Left,N/A,
106.0680,cer,MenuSelection,Menu Selection,85,189,0.00,0.00,Left,N/A,
106.0787,cer,MenuSelection,Menu Selection,85,189,0.00,0.00,Left,N/A,
106.0881,cer,MenuSelection,Menu Selection,85,189,0.00,0.00,Left,N/A,
106.0986,cer,MenuSelection,Menu Selection,85,189,0.00,0.00,Left,N/A,
106.1080,cer,MenuSelection,Menu Selection,85,189,0.00,0.00,Left,N/A,
106.1185,cer,MenuSelection,Menu Selection,85,189,0.00,0.00,Left,N/A,
106.1283,cer,MenuSelection,Menu Selection,85,189,0.00,0.00,Left,N/A,
106.1388,cer,MenuSelection,Menu Selection,85,189,0.00,0.00,Left,N/A,
106.1482,cer,MenuSelection,Menu Selection,85,189,0.00,0.00,Left,N/A,
106.1586,cer,MenuSelection,Menu Selection,85,189,0.00,0.00,Left,N/A,
106.1682,cer,MenuSelection,Menu Selection,85,189,0.00,0.00,Left,N/A,
106.1787,cer,MenuSelection,Menu Selection,85,189,0.00,0.00,Left,N/A,
106.1882,cer,MenuSelection,Menu Selection,85,189,0.00,0.00,Left,N/A,
106.1986,cer,MenuSelection,Menu Selection,85,189,0.00,0.00,Left,N/A,
106.2081,cer,MenuSelection,Menu Selection,85,189,0.00,0.00,Left,N/A,
106.2186,cer,MenuSelection,Menu Selection,85,189,0.00,0.00,Left,N/A,
106.2286,cer,MenuSelection,Menu Selection,85,189,0.00,0.00,Left,N/A,
106.2390,cer,MenuSelection,Menu Selection,85,189,0.00,0.00,Left,N/A,
106.2484,cer,MenuSelection,Menu Selection,85,189,0.00,0.00,Left,N/A,
106.2589,cer,MenuSelection,Menu Selection,85,189,0.00,0.00,Left,N/A,
106.2683,cer,MenuSelection,Menu Selection,85,189,0.00,0.00,Left,N/A,
106.2790,cer,MenuSelection,Menu Selection,85,189,0.00,0.00,Left,N/A,
106.2887,cer,MenuSelection,Menu Selection,85,189,0.00,0.00,Left,N/A,
106.2983,cer,MenuSelection,Menu Selection,85,189,0.00,0.00,Left,N/A,
106.3088,cer,MenuSelection,Menu Selection,85,189,0.00,0.00,Left,N/A,
106.3183,cer,MenuSelection,Menu Selection,85,189,0.00,0.00,Left,N/A,
106.3289,cer,MenuSelection,Menu Selection,85,189,0.00,0.00,Left,N/A,
106.3383,cer,MenuSelection,Menu Selection,85,189,0.00,0.00,Left,N/A,
106.3488,cer,MenuSelection,Menu Selection,85,189,0.00,0.00,Left,N/A,
106.3581,cer,MenuSelection,Menu Selection,85,189,0.00,0.00,Left,N/A,
106.3686,cer,MenuSelection,Menu Selection,85,189,0.00,0.00,Left,N/A,
106.3782,cer,MenuSelection,Menu Selection,85,189,0.00,0.00,Left,N/A,
106.3887,cer,MenuSelection,Menu Selection,85,189,0.00,0.00,Left,N/A,
106.3982,cer,MenuSelection,Menu Selection,85,189,0.00,0.00,Left,N/A,
106.4148,cer,MenuSelection,Menu Selection,85,189,0.00,0.00,Left,N/A,
106.4182,cer,MenuSelection,Menu Selection,85,189,0.00,0.00,Left,N/A,
106.4281,cer,MenuSelection,Menu Selection,85,189,0.00,0.00,Left,N/A,
106.4386,cer,MenuSelection,Menu Selection,85,189,0.00,0.00,Left,N/A,
106.4485,cer,MenuSelection,Menu Selection,85,189,0.00,0.00,Left,N/A,
106.4581,cer,MenuSelection,Menu Selection,85,189,0.00,0.00,Left,N/A,
106.4686,cer,MenuSelection,Menu Selection,85,189,0.00,0.00,Left,N/A,
106.4787,cer,MenuSelection,Menu Selection,85,189,0.00,0.00,Left,N/A,
106.4881,cer,MenuSelection,Menu Selection,85,189,0.00,0.00,Left,N/A,
106.4985,cer,MenuSelection,Menu Selection,85,189,0.00,0.00,Left,N/A,
106.5089,cer,MenuSelection,Menu Selection,85,189,0.00,0.00,Left,N/A,
106.5184,cer,MenuSelection,Menu Selection,85,189,0.00,0.00,Left,N/A,
106.5290,cer,MenuSelection,Menu Selection,85,189,0.00,0.00,Left,N/A,
106.5384,cer,MenuSelection,Menu Selection,85,191,210.95,22250.91,Left,N/A,
106.5483,cer,MenuSelection,Menu Selection,84,199,815.28,61112.04,Left,N/A,
106.5603,cer,MenuSelection,Menu Selection,84,203,334.76,-40215.14,Left,N/A,
106.5682,cer,MenuSelection,Menu Selection,84,206,380.14,5749.69,Left,N/A,
106.5781,cer,MenuSelection,Menu Selection,84,211,502.60,12310.09,Left,N/A,
106.5887,cer,MenuSelection,Menu Selection,84,212,94.31,-38506.96,Left,N/A,
106.5983,cer,MenuSelection,Menu Selection,84,215,313.09,22831.49,Left,N/A,
106.6088,cer,MenuSelection,Menu Selection,84,216,94.90,-20706.11,Left,N/A,
106.6195,cer,MenuSelection,Menu Selection,84,218,187.41,8668.27,Left,N/A,
106.6281,cer,MenuSelection,Menu Selection,84,219,116.79,-8247.54,Left,N/A,
106.6386,cer,MenuSelection,Menu Selection,84,220,94.91,-2076.78,Left,N/A,
106.6481,cer,MenuSelection,Menu Selection,84,220,0.00,-10046.09,Left,N/A,
106.6585,cer,MenuSelection,Menu Selection,84,221,95.92,9200.69,Left,N/A,
106.6681,cer,MenuSelection,Menu Selection,84,221,0.00,-10029.88,Left,N/A,
106.6788,cer,MenuSelection,Menu Selection,84,221,0.00,0.00,Left,N/A,
106.6885,cer,MenuSelection,Menu Selection,84,221,0.00,0.00,Left,N/A,
106.6992,cer,MenuSelection,Menu Selection,84,221,0.00,0.00,Left,N/A,
106.7087,cer,MenuSelection,Menu Selection,84,221,0.00,0.00,Left,N/A,
106.7181,cer,MenuSelection,Menu Selection,84,221,0.00,0.00,Left,N/A,
106.7287,cer,MenuSelection,Menu Selection,84,221,0.00,0.00,Left,N/A,
106.7382,cer,MenuSelection,Menu Selection,84,221,0.00,0.00,Left,N/A,
106.7487,cer,MenuSelection,Menu Selection,84,221,0.00,0.00,Left,N/A,
106.7585,cer,MenuSelection,Menu Selection,84,221,0.00,0.00,Left,N/A,
106.7681,cer,MenuSelection,Menu Selection,84,221,0.00,0.00,Left,N/A,
106.7786,cer,MenuSelection,Menu Selection,84,221,0.00,0.00,Left,N/A,
106.7881,cer,MenuSelection,Menu Selection,84,221,0.00,0.00,Left,N/A,
106.7987,cer,MenuSelection,Menu Selection,84,221,0.00,0.00,Left,N/A,
106.8082,cer,MenuSelection,Menu Selection,84,221,0.00,0.00,Left,N/A,
106.8187,cer,MenuSelection,Menu Selection,84,221,0.00,0.00,Left,N/A,
106.8283,cer,MenuSelection,Menu Selection,84,221,0.00,0.00,Left,N/A,
106.8388,cer,MenuSelection,Menu Selection,84,221,0.00,0.00,Left,N/A,
106.8482,cer,MenuSelection,Menu Selection,84,221,0.00,0.00,Left,N/A,
106.8587,cer,MenuSelection,Menu Selection,84,221,0.00,0.00,Left,N/A,
106.8685,cer,MenuSelection,Menu Selection,84,221,0.00,0.00,Left,N/A,
106.8789,cer,MenuSelection,Menu Selection,84,221,0.00,0.00,Left,N/A,
106.8884,cer,MenuSelection,Menu Selection,84,221,0.00,0.00,Left,N/A,
106.8988,cer,MenuSelection,Menu Selection,84,221,0.00,0.00,Left,N/A,
106.9086,cer,MenuSelection,Menu Selection,84,220,102.56,10517.58,Left,N/A,
106.9188,cer,MenuSelection,Menu Selection,84,220,0.00,-10059.11,Left,N/A,
106.9283,cer,MenuSelection,Menu Selection,84,219,105.17,11060.28,Left,N/A,
106.9389,cer,MenuSelection,Menu Selection,84,218,94.34,-1021.42,Left,N/A,
106.9484,cer,MenuSelection,Menu Selection,84,218,0.00,-9893.11,Left,N/A,
106.9590,cer,MenuSelection,Menu Selection,84,217,94.71,8969.89,Left,N/A,
106.9685,cer,MenuSelection,Menu Selection,84,217,0.00,-9978.16,Left,N/A,
106.9780,cer,MenuSelection,Menu Selection,84,217,0.00,0.00,Left,N/A,
106.9885,cer,MenuSelection,Menu Selection,84,216,95.56,9132.48,Left,N/A,
106.9989,cer,MenuSelection,Menu Selection,83,216,95.54,-1.87,Left,N/A,
107.0089,cer,MenuSelection,Menu Selection,83,215,100.16,462.31,Left,N/A,
107.0184,cer,MenuSelection,Menu Selection,82,215,105.63,577.35,Left,N/A,
107.0282,cer,MenuSelection,Menu Selection,82,214,102.46,-324.88,Left,N/A,
107.0388,cer,MenuSelection,Menu Selection,81,214,94.20,-777.35,Left,N/A,
107.0484,cer,MenuSelection,Menu Selection,81,213,103.64,978.30,Left,N/A,
107.0589,cer,MenuSelection,Menu Selection,80,213,95.55,-772.96,Left,N/A,
107.0683,cer,MenuSelection,Menu Selection,80,213,0.00,-10112.51,Left,N/A,
107.0785,cer,MenuSelection,Menu Selection,80,213,0.00,0.00,Left,N/A,
107.0890,cer,MenuSelection,Menu Selection,80,213,0.00,0.00,Left,N/A,
107.0985,cer,MenuSelection,Menu Selection,80,213,0.00,0.00,Left,N/A,
107.1082,cer,MenuSelection,Menu Selection,80,213,0.00,0.00,Left,N/A,
107.1187,cer,MenuSelection,Menu Selection,80,213,0.00,0.00,Left,N/A,
107.1287,cer,MenuSelection,Menu Selection,80,212,100.29,10058.93,Left,N/A,
107.1382,cer,MenuSelection,Menu Selection,80,212,0.00,-10516.61,Left,N/A,
107.1487,cer,MenuSelection,Menu Selection,80,212,0.00,0.00,Left,N/A,
107.1582,cer,MenuSelection,Menu Selection,80,212,0.00,0.00,Left,N/A,
107.1688,cer,MenuSelection,Menu Selection,80,212,0.00,0.00,Left,N/A,
107.1783,cer,MenuSelection,Menu Selection,80,212,0.00,0.00,Left,N/A,
107.1886,cer,MenuSelection,Menu Selection,80,212,0.00,0.00,Left,N/A,
107.1981,cer,MenuSelection,Menu Selection,80,212,0.00,0.00,Left,N/A,
107.2088,cer,MenuSelection,Menu Selection,80,212,0.00,0.00,Left,N/A,
107.2183,cer,MenuSelection,Menu Selection,80,212,0.00,0.00,Left,N/A,
107.2288,cer,MenuSelection,Menu Selection,80,212,0.00,0.00,Left,N/A,
107.2384,cer,MenuSelection,Menu Selection,80,212,0.00,0.00,Left,N/A,
107.2488,cer,MenuSelection,Menu Selection,80,212,0.00,0.00,Left,N/A,
107.2582,cer,MenuSelection,Menu Selection,80,212,0.00,0.00,Left,N/A,
107.2688,cer,MenuSelection,Menu Selection,80,212,0.00,0.00,Left,N/A,
107.2783,cer,MenuSelection,Menu Selection,80,212,0.00,0.00,Left,N/A,
107.2887,cer,MenuSelection,Menu Selection,80,212,0.00,0.00,Left,N/A,
107.2982,cer,MenuSelection,Menu Selection,80,212,0.00,0.00,Left,N/A,
107.3087,cer,MenuSelection,Menu Selection,80,212,0.00,0.00,Left,N/A,
107.3187,cer,MenuSelection,Menu Selection,80,212,0.00,0.00,Left,N/A,
107.3285,cer,MenuSelection,Menu Selection,80,212,0.00,0.00,Left,N/A,
107.3390,cer,MenuSelection,Menu Selection,80,212,0.00,0.00,Left,N/A,
107.3485,cer,MenuSelection,Menu Selection,80,212,0.00,0.00,Left,N/A,
107.3589,cer,MenuSelection,Menu Selection,80,212,0.00,0.00,Left,N/A,
107.3684,cer,MenuSelection,Menu Selection,80,212,0.00,0.00,Left,N/A,
107.3789,cer,MenuSelection,Menu Selection,80,212,0.00,0.00,Left,N/A,
107.3883,cer,MenuSelection,Menu Selection,80,212,0.00,0.00,Left,N/A,
107.3988,cer,MenuSelection,Menu Selection,80,212,0.00,0.00,Left,N/A,
107.4083,cer,MenuSelection,Menu Selection,80,212,0.00,0.00,Left,N/A,
107.4188,cer,MenuSelection,Menu Selection,80,212,0.00,0.00,Left,N/A,
107.4283,cer,MenuSelection,Menu Selection,80,212,0.00,0.00,Left,N/A,
107.4388,cer,MenuSelection,Menu Selection,80,212,0.00,0.00,Left,N/A,
107.4483,cer,MenuSelection,Menu Selection,80,212,0.00,0.00,Left,N/A,
107.4587,cer,MenuSelection,Menu Selection,80,212,0.00,0.00,Left,N/A,
107.4688,cer,MenuSelection,Menu Selection,80,212,0.00,0.00,Left,N/A,
107.4785,cer,MenuSelection,Menu Selection,80,212,0.00,0.00,Left,N/A,
107.4882,cer,MenuSelection,Menu Selection,80,212,0.00,0.00,Left,N/A,
107.4989,cer,MenuSelection,Menu Selection,80,212,0.00,0.00,Left,N/A,
107.5080,cer,MenuSelection,Menu Selection,80,212,0.00,0.00,Left,N/A,
107.5188,cer,MenuSelection,Menu Selection,80,212,0.00,0.00,Left,N/A,
107.5281,cer,MenuSelection,Menu Selection,80,212,0.00,0.00,Left,N/A,
107.5387,cer,MenuSelection,Menu Selection,80,212,0.00,0.00,Left,N/A,
107.5485,cer,MenuSelection,Menu Selection,80,212,0.00,0.00,Left,N/A,
107.5588,cer,MenuSelection,Menu Selection,80,212,0.00,0.00,Left,N/A,
107.5683,cer,MenuSelection,Menu Selection,80,212,0.00,0.00,Left,N/A,
107.5781,cer,MenuSelection,Menu Selection,80,212,0.00,0.00,Left,N/A,
107.5888,cer,MenuSelection,Menu Selection,80,212,0.00,0.00,Left,N/A,
107.5982,cer,MenuSelection,Menu Selection,80,212,0.00,0.00,Left,N/A,
107.6087,cer,MenuSelection,Menu Selection,80,212,0.00,0.00,Left,N/A,
107.6183,cer,MenuSelection,Menu Selection,80,212,0.00,0.00,Left,N/A,
107.6290,cer,MenuSelection,Menu Selection,80,212,0.00,0.00,Left,N/A,
107.6385,cer,MenuSelection,Menu Selection,80,212,0.00,0.00,Left,N/A,
107.6484,cer,MenuSelection,Menu Selection,80,212,0.00,0.00,Left,N/A,
107.6581,cer,MenuSelection,Menu Selection,80,212,0.00,0.00,Left,N/A,
107.6686,cer,MenuSelection,Menu Selection,80,212,0.00,0.00,Left,N/A,
107.6781,cer,MenuSelection,Menu Selection,80,212,0.00,0.00,Left,N/A,
107.6885,cer,MenuSelection,Menu Selection,80,212,0.00,0.00,Left,N/A,
107.6982,cer,MenuSelection,Menu Selection,80,212,0.00,0.00,Left,N/A,
107.7088,cer,MenuSelection,Menu Selection,80,212,0.00,0.00,Left,N/A,
107.7184,cer,MenuSelection,Menu Selection,80,212,0.00,0.00,Left,N/A,
107.7290,cer,MenuSelection,Menu Selection,80,212,0.00,0.00,Left,N/A,
107.7387,cer,MenuSelection,Menu Selection,80,212,0.00,0.00,Left,N/A,
107.7482,cer,MenuSelection,Menu Selection,80,212,0.00,0.00,Left,N/A,
107.7589,cer,MenuSelection,Menu Selection,80,212,0.00,0.00,Left,N/A,
107.7685,cer,MenuSelection,Menu Selection,80,212,0.00,0.00,Left,N/A,
107.7780,cer,MenuSelection,Menu Selection,80,212,0.00,0.00,Left,N/A,
107.7885,cer,MenuSelection,Menu Selection,80,212,0.00,0.00,Left,N/A,
107.7990,cer,MenuSelection,Menu Selection,80,212,0.00,0.00,Left,N/A,
107.8087,cer,MenuSelection,Menu Selection,80,212,0.00,0.00,Left,N/A,
107.8183,cer,MenuSelection,Menu Selection,80,212,0.00,0.00,Left,N/A,
107.8288,cer,MenuSelection,Menu Selection,80,212,0.00,0.00,Left,N/A,
107.8388,cer,MenuSelection,Menu Selection,80,212,0.00,0.00,Left,N/A,
107.8484,cer,MenuSelection,Menu Selection,80,212,0.00,0.00,Left,N/A,
107.8590,cer,MenuSelection,Menu Selection,80,212,0.00,0.00,Left,N/A,
107.8685,cer,MenuSelection,Menu Selection,80,212,0.00,0.00,Left,N/A,
107.8784,cer,MenuSelection,Menu Selection,80,212,0.00,0.00,Left,N/A,
107.8888,cer,MenuSelection,Menu Selection,80,212,0.00,0.00,Left,N/A,
107.8985,cer,MenuSelection,Menu Selection,86,216,748.49,77690.03,Left,N/A,
107.9081,cer,MenuSelection,Menu Selection,89,218,374.96,-38844.87,Left,N/A,
107.9186,cer,MenuSelection,Menu Selection,94,222,605.66,21821.36,Left,N/A,
107.9286,cer,MenuSelection,Menu Selection,97,224,362.56,-24444.85,Left,N/A,
107.9381,cer,MenuSelection,Menu Selection,101,226,471.51,11486.44,Left,N/A,
107.9487,cer,MenuSelection,Menu Selection,102,227,133.46,-31901.27,Left,N/A,
107.9587,cer,MenuSelection,Menu Selection,103,228,140.36,685.51,Left,N/A,
107.9682,cer,MenuSelection,Menu Selection,105,229,235.69,10048.36,Left,N/A,
107.9788,cer,MenuSelection,Menu Selection,106,230,133.67,-9643.22,Left,N/A,
107.9884,cer,MenuSelection,Menu Selection,107,230,104.17,-3073.09,Left,N/A,
107.9989,cer,MenuSelection,Menu Selection,108,231,135.00,2943.04,Left,N/A,
108.0086,cer,MenuSelection,Menu Selection,108,231,0.00,-13898.00,Left,N/A,
108.0181,cer,MenuSelection,Menu Selection,108,231,0.00,0.00,Left,N/A,
108.0287,cer,MenuSelection,Menu Selection,105,228,398.38,37407.88,Left,N/A,
108.0384,cer,MenuSelection,Menu Selection,103,227,231.84,-17267.31,Left,N/A,
108.0489,cer,MenuSelection,Menu Selection,101,225,269.58,3597.10,Left,N/A,
108.0584,cer,MenuSelection,Menu Selection,95,220,820.98,57959.65,Left,N/A,
108.0689,cer,MenuSelection,Menu Selection,92,218,342.93,-45467.62,Left,N/A,
108.0784,cer,MenuSelection,Menu Selection,87,215,613.17,28417.63,Left,N/A,
108.0890,cer,MenuSelection,Menu Selection,85,213,267.22,-32683.75,Left,N/A,
108.0986,cer,MenuSelection,Menu Selection,82,211,374.76,11178.47,Left,N/A,
108.1087,cer,MenuSelection,Menu Selection,80,211,197.40,-17505.62,Left,N/A,
108.1185,cer,MenuSelection,Menu Selection,79,210,144.89,-5379.81,Left,N/A,
108.1284,cer,MenuSelection,Menu Selection,77,209,224.46,7987.48,Left,N/A,
108.1390,cer,MenuSelection,Menu Selection,76,209,94.45,-12279.73,Left,N/A,
108.1486,cer,MenuSelection,Menu Selection,75,208,148.18,5630.37,Left,N/A,
108.1581,cer,MenuSelection,Menu Selection,74,208,104.71,-4552.22,Left,N/A,
108.1687,cer,MenuSelection,Menu Selection,73,207,134.18,2796.46,Left,N/A,
108.1781,cer,MenuSelection,Menu Selection,73,207,0.00,-14167.74,Left,N/A,
108.1886,cer,MenuSelection,Menu Selection,73,207,0.00,0.00,Left,N/A,
108.1981,cer,MenuSelection,Menu Selection,72,207,105.30,11088.06,Left,N/A,
108.2080,cer,MenuSelection,Menu Selection,72,207,0.00,-10632.41,Left,N/A,
108.2185,cer,MenuSelection,Menu Selection,72,207,0.00,0.00,Left,N/A,
108.2283,cer,MenuSelection,Menu Selection,72,207,0.00,0.00,Left,N/A,
108.2386,cer,MenuSelection,Menu Selection,72,207,0.00,0.00,Left,N/A,
108.2481,cer,MenuSelection,Menu Selection,72,207,0.00,0.00,Left,N/A,
108.2585,cer,MenuSelection,Menu Selection,72,207,0.00,0.00,Left,N/A,
108.2690,cer,MenuSelection,Menu Selection,72,207,0.00,0.00,Left,N/A,
108.2784,cer,MenuSelection,Menu Selection,72,207,0.00,0.00,Left,N/A,
108.2887,cer,MenuSelection,Menu Selection,72,207,0.00,0.00,Left,N/A,
108.2982,cer,MenuSelection,Menu Selection,72,207,0.00,0.00,Left,N/A,
108.3093,cer,MenuSelection,Menu Selection,72,207,0.00,0.00,Left,N/A,
108.3189,cer,MenuSelection,Menu Selection,72,207,0.00,0.00,Left,N/A,
108.3283,cer,MenuSelection,Menu Selection,72,207,0.00,0.00,Left,N/A,
108.3387,cer,MenuSelection,Menu Selection,72,207,0.00,0.00,Left,N/A,
108.3483,cer,MenuSelection,Menu Selection,72,207,0.00,0.00,Left,N/A,
108.3588,cer,MenuSelection,Menu Selection,72,207,0.00,0.00,Left,N/A,
108.3683,cer,MenuSelection,Menu Selection,72,207,0.00,0.00,Left,N/A,
108.3788,cer,MenuSelection,Menu Selection,72,207,0.00,0.00,Left,N/A,
108.3883,cer,MenuSelection,Menu Selection,72,207,0.00,0.00,Left,N/A,
108.3988,cer,MenuSelection,Menu Selection,73,207,95.19,9060.91,Left,N/A,
108.4084,cer,MenuSelection,Menu Selection,73,207,0.00,-9940.02,Left,N/A,
108.4189,cer,MenuSelection,Menu Selection,73,208,95.02,9028.91,Left,N/A,
108.4286,cer,MenuSelection,Menu Selection,74,208,103.01,822.55,Left,N/A,
108.4381,cer,MenuSelection,Menu Selection,74,209,105.95,312.08,Left,N/A,
108.4495,cer,MenuSelection,Menu Selection,75,209,87.50,-1614.77,Left,N/A,
108.4586,cer,MenuSelection,Menu Selection,75,210,110.23,2505.75,Left,N/A,
108.4686,cer,MenuSelection,Menu Selection,75,210,0.00,-11000.30,Left,N/A,
108.4786,cer,MenuSelection,Menu Selection,75,210,0.00,0.00,Left,N/A,
108.4882,cer,MenuSelection,Menu Selection,75,211,104.76,10973.71,Left,N/A,
108.4990,cer,MenuSelection,Menu Selection,75,211,0.00,-9693.48,Left,N/A,
108.5086,cer,MenuSelection,Menu Selection,75,211,0.00,0.00,Left,N/A,
108.5181,cer,MenuSelection,Menu Selection,75,211,0.00,0.00,Left,N/A,
108.5289,cer,MenuSelection,Menu Selection,75,211,0.00,0.00,Left,N/A,
108.5384,cer,MenuSelection,Menu Selection,75,211,0.00,0.00,Left,N/A,
108.5489,cer,MenuSelection,Menu Selection,75,211,0.00,0.00,Left,N/A,
108.5587,cer,MenuSelection,Menu Selection,75,210,102.89,10586.32,Left,N/A,
108.5683,cer,MenuSelection,Menu Selection,75,210,0.00,-10698.91,Left,N/A,
108.5787,cer,MenuSelection,Menu Selection,75,210,0.00,0.00,Left,N/A,
108.5882,cer,MenuSelection,Menu Selection,75,210,0.00,0.00,Left,N/A,
108.5987,cer,MenuSelection,Menu Selection,75,210,0.00,0.00,Left,N/A,
108.6083,cer,MenuSelection,Menu Selection,75,210,0.00,0.00,Left,N/A,
108.6189,cer,MenuSelection,Menu Selection,75,210,0.00,0.00,Left,N/A,
108.6284,cer,MenuSelection,Menu Selection,75,210,0.00,0.00,Left,N/A,
108.6389,cer,MenuSelection,Menu Selection,75,210,0.00,0.00,Left,N/A,
108.6486,cer,MenuSelection,Menu Selection,75,210,0.00,0.00,Left,N/A,
108.6583,cer,MenuSelection,Menu Selection,75,210,0.00,0.00,Left,N/A,
108.6689,cer,MenuSelection,Menu Selection,75,210,0.00,0.00,Left,N/A,
108.6786,cer,MenuSelection,Menu Selection,75,210,0.00,0.00,Left,N/A,
108.6890,cer,MenuSelection,Menu Selection,75,210,0.00,0.00,Left,N/A,
108.6983,cer,MenuSelection,Menu Selection,75,210,0.00,0.00,Left,N/A,
108.7089,cer,MenuSelection,Menu Selection,75,210,0.00,0.00,Left,N/A,
108.7184,cer,MenuSelection,Menu Selection,75,210,0.00,0.00,Left,N/A,
108.7289,cer,MenuSelection,Menu Selection,75,210,0.00,0.00,Left,N/A,
108.7385,cer,MenuSelection,Menu Selection,75,210,0.00,0.00,Left,N/A,
108.7480,cer,MenuSelection,Menu Selection,75,210,0.00,0.00,Left,N/A,
108.7585,cer,MenuSelection,Menu Selection,75,210,0.00,0.00,Left,N/A,
108.7681,cer,MenuSelection,Menu Selection,75,210,0.00,0.00,Left,N/A,
108.7793,cer,MenuSelection,Menu Selection,75,210,0.00,0.00,Left,N/A,
108.7895,cer,MenuSelection,Menu Selection,75,210,0.00,0.00,Left,N/A,
108.7981,cer,MenuSelection,Menu Selection,75,210,0.00,0.00,Left,N/A,
108.8091,cer,MenuSelection,Menu Selection,75,210,0.00,0.00,Left,N/A,
108.8188,cer,MenuSelection,Menu Selection,75,210,0.00,0.00,Left,N/A,
108.8284,cer,MenuSelection,Menu Selection,75,210,0.00,0.00,Left,N/A,
108.8395,cer,MenuSelection,Menu Selection,75,210,0.00,0.00,Left,N/A,
108.8484,cer,MenuSelection,Menu Selection,75,210,0.00,0.00,Left,N/A,
108.8580,cer,MenuSelection,Menu Selection,75,210,0.00,0.00,Left,N/A,
108.8685,cer,MenuSelection,Menu Selection,75,210,0.00,0.00,Left,N/A,
108.8789,cer,MenuSelection,Menu Selection,75,210,0.00,0.00,Left,N/A,
108.8885,cer,MenuSelection,Menu Selection,75,210,0.00,0.00,Left,N/A,
108.8981,cer,MenuSelection,Menu Selection,75,210,0.00,0.00,Left,N/A,
108.9084,cer,MenuSelection,Menu Selection,75,210,0.00,0.00,Left,N/A,
108.9189,cer,MenuSelection,Menu Selection,75,210,0.00,0.00,Left,N/A,
108.9283,cer,MenuSelection,Menu Selection,75,210,0.00,0.00,Left,N/A,
108.9388,cer,MenuSelection,Menu Selection,75,210,0.00,0.00,Left,N/A,
108.9482,cer,MenuSelection,Menu Selection,75,210,0.00,0.00,Left,N/A,
108.9587,cer,MenuSelection,Menu Selection,75,210,0.00,0.00,Left,N/A,
108.9682,cer,MenuSelection,Menu Selection,75,210,0.00,0.00,Left,N/A,
108.9787,cer,MenuSelection,Menu Selection,75,210,0.00,0.00,Left,N/A,
108.9883,cer,MenuSelection,Menu Selection,75,210,0.00,0.00,Left,N/A,
108.9987,cer,MenuSelection,Menu Selection,75,210,0.00,0.00,Left,N/A,
109.0082,cer,MenuSelection,Menu Selection,75,210,0.00,0.00,Left,N/A,
109.0187,cer,MenuSelection,Menu Selection,75,210,0.00,0.00,Left,N/A,
109.0282,cer,MenuSelection,Menu Selection,75,210,0.00,0.00,Left,N/A,
109.0386,cer,MenuSelection,Menu Selection,75,210,0.00,0.00,Left,N/A,
109.0481,cer,MenuSelection,Menu Selection,75,210,0.00,0.00,Left,N/A,
109.0590,cer,MenuSelection,Menu Selection,75,210,0.00,0.00,Left,N/A,
109.0686,cer,MenuSelection,Menu Selection,75,210,0.00,0.00,Left,N/A,
109.0784,cer,MenuSelection,Menu Selection,75,210,0.00,0.00,Left,N/A,
109.0881,cer,MenuSelection,Menu Selection,75,210,0.00,0.00,Left,N/A,
109.0986,cer,MenuSelection,Menu Selection,75,210,0.00,0.00,Left,N/A,
109.1081,cer,MenuSelection,Menu Selection,75,210,0.00,0.00,Left,N/A,
109.1187,cer,MenuSelection,Menu Selection,75,210,0.00,0.00,Left,N/A,
109.1281,cer,MenuSelection,Menu Selection,75,210,0.00,0.00,Left,N/A,
109.1387,cer,MenuSelection,Menu Selection,75,210,0.00,0.00,Left,N/A,
109.1483,cer,MenuSelection,Menu Selection,75,210,0.00,0.00,Left,N/A,
109.1589,cer,MenuSelection,Menu Selection,75,210,0.00,0.00,Left,N/A,
109.1685,cer,MenuSelection,Menu Selection,75,210,0.00,0.00,Left,N/A,
109.1781,cer,MenuSelection,Menu Selection,75,210,0.00,0.00,Left,N/A,
109.1884,cer,MenuSelection,Menu Selection,75,210,0.00,0.00,Left,N/A,
109.1989,cer,MenuSelection,Menu Selection,75,210,0.00,0.00,Left,N/A,
109.2085,cer,MenuSelection,Menu Selection,75,210,0.00,0.00,Left,N/A,
109.2189,cer,MenuSelection,Menu Selection,75,210,0.00,0.00,Left,N/A,
109.2284,cer,MenuSelection,Menu Selection,75,210,0.00,0.00,Left,N/A,
109.2389,cer,MenuSelection,Menu Selection,75,210,0.00,0.00,Left,N/A,
109.2483,cer,MenuSelection,Menu Selection,75,210,0.00,0.00,Left,N/A,
109.2587,cer,MenuSelection,Menu Selection,75,210,0.00,0.00,Left,N/A,
109.2683,cer,MenuSelection,Menu Selection,75,210,0.00,0.00,Left,N/A,
109.2788,cer,MenuSelection,Menu Selection,75,210,0.00,0.00,Left,N/A,
109.2881,cer,MenuSelection,Menu Selection,75,210,0.00,0.00,Left,N/A,
109.2986,cer,MenuSelection,Menu Selection,79,212,426.83,40737.66,Left,N/A,
109.3083,cer,MenuSelection,Menu Selection,89,218,1208.79,81051.85,Left,N/A,
109.3187,cer,MenuSelection,Menu Selection,94,221,556.33,-62250.79,Left,N/A,
109.3295,cer,MenuSelection,Menu Selection,104,226,1037.36,44631.77,Left,N/A,
109.3380,cer,MenuSelection,Menu Selection,108,228,525.74,-60145.24,Left,N/A,
109.3498,cer,MenuSelection,Menu Selection,118,232,918.38,33479.46,Left,N/A,
109.3585,cer,MenuSelection,Menu Selection,122,234,512.35,-46516.53,Left,N/A,
109.3690,cer,MenuSelection,Menu Selection,131,238,936.10,40276.20,Left,N/A,
109.3785,cer,MenuSelection,Menu Selection,135,239,433.86,-52848.79,Left,N/A,
109.3890,cer,MenuSelection,Menu Selection,139,241,428.43,-520.00,Left,N/A,
109.3984,cer,MenuSelection,Menu Selection,145,243,666.66,25111.60,Left,N/A,
109.4090,cer,MenuSelection,Menu Selection,148,243,283.65,-36213.63,Left,N/A,
109.4185,cer,MenuSelection,Menu Selection,152,245,470.73,19691.39,Left,N/A,
109.4290,cer,MenuSelection,Menu Selection,154,245,191.05,-26715.86,Left,N/A,
109.4385,cer,MenuSelection,Menu Selection,156,245,210.45,2041.46,Left,N/A,
109.4481,cer,MenuSelection,Menu Selection,159,246,327.48,12119.64,Left,N/A,
109.4587,cer,MenuSelection,Menu Selection,160,246,94.33,-21992.40,Left,N/A,
109.4683,cer,MenuSelection,Menu Selection,163,246,315.29,23222.59,Left,N/A,
109.4788,cer,MenuSelection,Menu Selection,164,246,94.71,-20890.54,Left,N/A,
109.4883,cer,MenuSelection,Menu Selection,166,246,211.13,12290.35,Left,N/A,
109.4989,cer,MenuSelection,Menu Selection,167,246,94.66,-11025.08,Left,N/A,
109.5084,cer,MenuSelection,Menu Selection,168,246,104.52,1030.37,Left,N/A,
109.5181,cer,MenuSelection,Menu Selection,170,246,207.70,10715.27,Left,N/A,
109.5285,cer,MenuSelection,Menu Selection,171,246,95.83,-10720.49,Left,N/A,
109.5390,cer,MenuSelection,Menu Selection,172,246,95.28,-52.06,Left,N/A,
109.5485,cer,MenuSelection,Menu Selection,173,246,105.53,1081.46,Left,N/A,
109.5590,cer,MenuSelection,Menu Selection,173,246,0.00,-10008.49,Left,N/A,
109.5685,cer,MenuSelection,Menu Selection,174,245,148.48,15589.95,Left,N/A,
109.5782,cer,MenuSelection,Menu Selection,174,245,0.00,-15406.38,Left,N/A,
109.5888,cer,MenuSelection,Menu Selection,174,245,0.00,0.00,Left,N/A,
109.5983,cer,MenuSelection,Menu Selection,174,245,0.00,0.00,Left,N/A,
109.6083,cer,MenuSelection,Menu Selection,174,245,0.00,0.00,Left,N/A,
109.6188,cer,MenuSelection,Menu Selection,174,244,95.25,9073.26,Left,N/A,
109.6284,cer,MenuSelection,Menu Selection,174,244,0.00,-9915.93,Left,N/A,
109.6388,cer,MenuSelection,Menu Selection,174,244,0.00,0.00,Left,N/A,
109.6485,cer,MenuSelection,Menu Selection,174,244,0.00,0.00,Left,N/A,
109.6583,cer,MenuSelection,Menu Selection,174,244,0.00,0.00,Left,N/A,
109.6690,cer,MenuSelection,Menu Selection,174,244,0.00,0.00,Left,N/A,
109.6786,cer,MenuSelection,Menu Selection,174,244,0.00,0.00,Left,N/A,
109.6881,cer,MenuSelection,Menu Selection,174,244,0.00,0.00,Left,N/A,
109.6986,cer,MenuSelection,Menu Selection,174,244,0.00,0.00,Left,N/A,
109.7082,cer,MenuSelection,Menu Selection,174,244,0.00,0.00,Left,N/A,
109.7188,cer,MenuSelection,Menu Selection,174,244,0.00,0.00,Left,N/A,
109.7288,cer,MenuSelection,Menu Selection,174,244,0.00,0.00,Left,N/A,
109.7385,cer,MenuSelection,Menu Selection,174,244,0.00,0.00,Left,N/A,
109.7481,cer,MenuSelection,Menu Selection,174,244,0.00,0.00,Left,N/A,
109.7587,cer,MenuSelection,Menu Selection,174,244,0.00,0.00,Left,N/A,
109.7683,cer,MenuSelection,Menu Selection,174,244,0.00,0.00,Left,N/A,
109.7788,cer,MenuSelection,Menu Selection,174,244,0.00,0.00,Left,N/A,
109.7882,cer,MenuSelection,Menu Selection,174,244,0.00,0.00,Left,N/A,
109.7987,cer,MenuSelection,Menu Selection,174,244,0.00,0.00,Left,N/A,
109.8081,cer,MenuSelection,Menu Selection,174,244,0.00,0.00,Left,N/A,
109.8190,cer,MenuSelection,Menu Selection,174,244,0.00,0.00,Left,N/A,
109.8286,cer,MenuSelection,Menu Selection,174,244,0.00,0.00,Left,N/A,
109.8382,cer,MenuSelection,Menu Selection,174,244,0.00,0.00,Left,N/A,
109.8487,cer,MenuSelection,Menu Selection,174,244,0.00,0.00,Left,N/A,
109.8582,cer,MenuSelection,Menu Selection,174,244,0.00,0.00,Left,N/A,
109.8687,cer,MenuSelection,Menu Selection,174,244,0.00,0.00,Left,N/A,
109.8781,cer,MenuSelection,Menu Selection,174,244,0.00,0.00,Left,N/A,
109.8886,cer,MenuSelection,Menu Selection,174,244,0.00,0.00,Left,N/A,
109.8982,cer,MenuSelection,Menu Selection,174,244,0.00,0.00,Left,N/A,
109.9087,cer,MenuSelection,Menu Selection,174,244,0.00,0.00,Left,N/A,
109.9183,cer,MenuSelection,Menu Selection,174,244,0.00,0.00,Left,N/A,
109.9290,cer,MenuSelection,Menu Selection,174,244,0.00,0.00,Left,N/A,
109.9385,cer,MenuSelection,Menu Selection,174,244,0.00,0.00,Left,N/A,
109.9480,cer,MenuSelection,Menu Selection,174,244,0.00,0.00,Left,N/A,
109.9584,cer,MenuSelection,Menu Selection,174,244,0.00,0.00,Left,N/A,
109.9687,cer,MenuSelection,Menu Selection,174,244,0.00,0.00,Left,N/A,
109.9780,cer,MenuSelection,Menu Selection,174,244,0.00,0.00,Left,N/A,
109.9888,cer,MenuSelection,Menu Selection,174,244,0.00,0.00,Left,N/A,
109.9985,cer,MenuSelection,Menu Selection,174,244,0.00,0.00,Left,N/A,
110.0087,cer,MenuSelection,Menu Selection,174,244,0.00,0.00,Left,N/A,
110.0185,cer,MenuSelection,Menu Selection,174,244,0.00,0.00,Left,N/A,
110.0286,cer,MenuSelection,Menu Selection,174,244,0.00,0.00,Left,N/A,
110.0382,cer,MenuSelection,Menu Selection,174,244,0.00,0.00,Left,N/A,
110.0489,cer,MenuSelection,Menu Selection,174,244,0.00,0.00,Left,N/A,
110.0585,cer,MenuSelection,Menu Selection,174,244,0.00,0.00,Left,N/A,
110.0682,cer,MenuSelection,Menu Selection,174,244,0.00,0.00,Left,N/A,
110.0785,cer,MenuSelection,Menu Selection,174,244,0.00,0.00,Left,N/A,
110.0881,cer,MenuSelection,Menu Selection,174,244,0.00,0.00,Left,N/A,
110.0985,cer,MenuSelection,Menu Selection,174,244,0.00,0.00,Left,N/A,
110.1090,cer,MenuSelection,Menu Selection,174,244,0.00,0.00,Left,N/A,
110.1186,cer,MenuSelection,Menu Selection,174,244,0.00,0.00,Left,N/A,
110.1281,cer,MenuSelection,Menu Selection,174,244,0.00,0.00,Left,N/A,
110.1386,cer,MenuSelection,Menu Selection,174,244,0.00,0.00,Left,N/A,
110.1484,cer,MenuSelection,Menu Selection,174,244,0.00,0.00,Left,N/A,
110.1584,cer,MenuSelection,Menu Selection,174,244,0.00,0.00,Left,N/A,
110.1689,cer,MenuSelection,Menu Selection,174,244,0.00,0.00,Left,N/A,
110.1784,cer,MenuSelection,Menu Selection,174,244,0.00,0.00,Left,N/A,
110.1889,cer,MenuSelection,Menu Selection,174,244,0.00,0.00,Left,N/A,
110.1986,cer,MenuSelection,Menu Selection,174,244,0.00,0.00,Left,N/A,
110.2081,cer,MenuSelection,Menu Selection,174,244,0.00,0.00,Left,N/A,
110.2186,cer,MenuSelection,Menu Selection,174,244,0.00,0.00,Left,N/A,
110.2283,cer,MenuSelection,Menu Selection,174,244,0.00,0.00,Left,N/A,
110.2390,cer,MenuSelection,Menu Selection,174,244,0.00,0.00,Left,N/A,
110.2485,cer,MenuSelection,Menu Selection,174,244,0.00,0.00,Left,N/A,
110.2590,cer,MenuSelection,Menu Selection,174,244,0.00,0.00,Left,N/A,
110.2686,cer,MenuSelection,Menu Selection,174,244,0.00,0.00,Left,N/A,
110.2781,cer,MenuSelection,Menu Selection,174,244,0.00,0.00,Left,N/A,
110.2884,cer,MenuSelection,Menu Selection,174,244,0.00,0.00,Left,N/A,
110.2989,cer,MenuSelection,Menu Selection,174,244,0.00,0.00,Left,N/A,
110.3085,cer,MenuSelection,Menu Selection,174,244,0.00,0.00,Left,N/A,
110.3190,cer,MenuSelection,Menu Selection,174,244,0.00,0.00,Left,N/A,
110.3284,cer,MenuSelection,Menu Selection,174,244,0.00,0.00,Left,N/A,
110.3389,cer,MenuSelection,Menu Selection,174,244,0.00,0.00,Left,N/A,
110.3484,cer,MenuSelection,Menu Selection,174,244,0.00,0.00,Left,N/A,
110.3590,cer,MenuSelection,Menu Selection,174,244,0.00,0.00,Left,N/A,
110.3685,cer,MenuSelection,Menu Selection,174,244,0.00,0.00,Left,N/A,
110.3789,cer,MenuSelection,Menu Selection,174,244,0.00,0.00,Left,N/A,
110.3884,cer,MenuSelection,Menu Selection,174,244,0.00,0.00,Left,N/A,
110.3990,cer,MenuSelection,Menu Selection,174,244,0.00,0.00,Left,N/A,
110.4085,cer,MenuSelection,Menu Selection,174,244,0.00,0.00,Left,N/A,
110.4190,cer,MenuSelection,Menu Selection,174,244,0.00,0.00,Left,N/A,
110.4289,cer,MenuSelection,Menu Selection,174,244,0.00,0.00,Left,N/A,
110.4385,cer,MenuSelection,Menu Selection,174,244,0.00,0.00,Left,N/A,
110.4489,cer,MenuSelection,Menu Selection,174,244,0.00,0.00,Left,N/A,
110.4585,cer,MenuSelection,Menu Selection,174,244,0.00,0.00,Left,N/A,
110.4690,cer,MenuSelection,Menu Selection,174,244,0.00,0.00,Left,N/A,
110.4784,cer,MenuSelection,Menu Selection,174,244,0.00,0.00,Left,N/A,
110.4887,cer,MenuSelection,Menu Selection,174,244,0.00,0.00,Left,N/A,
110.4982,cer,MenuSelection,Menu Selection,174,244,0.00,0.00,Left,N/A,
110.5087,cer,MenuSelection,Menu Selection,174,244,0.00,0.00,Left,N/A,
110.5182,cer,MenuSelection,Menu Selection,174,244,0.00,0.00,Left,N/A,
110.5288,cer,MenuSelection,Menu Selection,174,244,0.00,0.00,Left,N/A,
110.5382,cer,MenuSelection,Menu Selection,174,244,0.00,0.00,Left,N/A,
110.5487,cer,MenuSelection,Menu Selection,174,244,0.00,0.00,Left,N/A,
110.5583,cer,MenuSelection,Menu Selection,174,244,0.00,0.00,Left,N/A,
110.5688,cer,MenuSelection,Menu Selection,174,244,0.00,0.00,Left,N/A,
110.5782,cer,MenuSelection,Menu Selection,174,244,0.00,0.00,Left,N/A,
110.5888,cer,MenuSelection,Menu Selection,174,244,0.00,0.00,Left,N/A,
110.5983,cer,MenuSelection,Menu Selection,174,244,0.00,0.00,Left,N/A,
110.6088,cer,MenuSelection,Menu Selection,174,244,0.00,0.00,Left,N/A,
110.6183,cer,MenuSelection,Menu Selection,174,244,0.00,0.00,Left,N/A,
110.6288,cer,MenuSelection,Menu Selection,174,244,0.00,0.00,Left,N/A,
110.6384,cer,MenuSelection,Menu Selection,174,244,0.00,0.00,Left,N/A,
110.6489,cer,MenuSelection,Menu Selection,174,244,0.00,0.00,Left,N/A,
110.6585,cer,MenuSelection,Menu Selection,174,244,0.00,0.00,Left,N/A,
110.6680,cer,MenuSelection,Menu Selection,174,244,0.00,0.00,Left,N/A,
110.6789,cer,MenuSelection,Menu Selection,174,244,0.00,0.00,Left,N/A,
110.6886,cer,MenuSelection,Menu Selection,174,244,0.00,0.00,Left,N/A,
110.6982,cer,MenuSelection,Menu Selection,174,244,0.00,0.00,Left,N/A,
110.7088,cer,MenuSelection,Menu Selection,174,244,0.00,0.00,Left,N/A,
110.7185,cer,MenuSelection,Menu Selection,174,244,0.00,0.00,Left,N/A,
110.7281,cer,MenuSelection,Menu Selection,174,244,0.00,0.00,Left,N/A,
110.7388,cer,MenuSelection,Menu Selection,174,244,0.00,0.00,Left,N/A,
110.7484,cer,MenuSelection,Menu Selection,174,244,0.00,0.00,Left,N/A,
110.7589,cer,MenuSelection,Menu Selection,174,244,0.00,0.00,Left,N/A,
110.7683,cer,MenuSelection,Menu Selection,174,244,0.00,0.00,Left,N/A,
110.7794,cer,MenuSelection,Menu Selection,174,244,0.00,0.00,Left,N/A,
110.7890,cer,MenuSelection,Menu Selection,174,244,0.00,0.00,Left,N/A,
110.7985,cer,MenuSelection,Menu Selection,174,244,0.00,0.00,Left,N/A,
110.8080,cer,MenuSelection,Menu Selection,174,244,0.00,0.00,Left,N/A,
110.8185,cer,MenuSelection,Menu Selection,174,244,0.00,0.00,Left,N/A,
110.8290,cer,MenuSelection,Menu Selection,174,244,0.00,0.00,Left,N/A,
110.8385,cer,MenuSelection,Menu Selection,174,244,0.00,0.00,Left,N/A,
110.8482,cer,MenuSelection,Menu Selection,174,244,0.00,0.00,Left,N/A,
110.8588,cer,MenuSelection,Menu Selection,174,244,0.00,0.00,Left,N/A,
110.8683,cer,MenuSelection,Menu Selection,174,244,0.00,0.00,Left,N/A,
110.8791,cer,MenuSelection,Menu Selection,174,244,0.00,0.00,Left,N/A,
110.8888,cer,MenuSelection,Menu Selection,174,244,0.00,0.00,Left,N/A,
110.8983,cer,MenuSelection,Menu Selection,174,244,0.00,0.00,Left,N/A,
110.9088,cer,MenuSelection,Menu Selection,174,244,0.00,0.00,Left,N/A,
110.9183,cer,MenuSelection,Menu Selection,174,244,0.00,0.00,Left,N/A,
110.9288,cer,MenuSelection,Menu Selection,174,244,0.00,0.00,Left,N/A,
110.9382,cer,MenuSelection,Menu Selection,174,244,0.00,0.00,Left,N/A,
110.9488,cer,MenuSelection,Menu Selection,174,244,0.00,0.00,Left,N/A,
110.9583,cer,MenuSelection,Menu Selection,174,244,0.00,0.00,Left,N/A,
110.9688,cer,MenuSelection,Menu Selection,174,244,0.00,0.00,Left,N/A,
110.9782,cer,MenuSelection,Menu Selection,174,244,0.00,0.00,Left,N/A,
110.9887,cer,MenuSelection,Menu Selection,174,244,0.00,0.00,Left,N/A,
110.9982,cer,MenuSelection,Menu Selection,174,244,0.00,0.00,Left,N/A,
111.0088,cer,MenuSelection,Menu Selection,174,244,0.00,0.00,Left,N/A,
111.0185,cer,MenuSelection,Menu Selection,174,244,0.00,0.00,Left,N/A,
111.0280,cer,MenuSelection,Menu Selection,174,244,0.00,0.00,Left,N/A,
111.0384,cer,MenuSelection,Menu Selection,174,244,0.00,0.00,Left,N/A,
111.0489,cer,MenuSelection,Menu Selection,174,244,0.00,0.00,Left,N/A,
111.0585,cer,MenuSelection,Menu Selection,174,244,0.00,0.00,Left,N/A,
111.0690,cer,MenuSelection,Menu Selection,174,244,0.00,0.00,Left,N/A,
111.0786,cer,MenuSelection,Menu Selection,174,244,0.00,0.00,Left,N/A,
111.0882,cer,MenuSelection,Menu Selection,174,244,0.00,0.00,Left,N/A,
111.0983,cer,MenuSelection,Menu Selection,174,244,0.00,0.00,Left,N/A,
111.1087,cer,MenuSelection,Menu Selection,174,244,0.00,0.00,Left,N/A,
111.1182,cer,MenuSelection,Menu Selection,174,244,0.00,0.00,Left,N/A,
111.1286,cer,MenuSelection,Menu Selection,174,244,0.00,0.00,Left,N/A,
111.1390,cer,MenuSelection,Menu Selection,174,244,0.00,0.00,Left,N/A,
111.1484,cer,MenuSelection,Menu Selection,174,244,0.00,0.00,Left,N/A,
111.1590,cer,MenuSelection,Menu Selection,174,244,0.00,0.00,Left,N/A,
111.1686,cer,MenuSelection,Menu Selection,174,244,0.00,0.00,Left,N/A,
111.1781,cer,MenuSelection,Menu Selection,174,244,0.00,0.00,Left,N/A,
111.1887,cer,MenuSelection,Menu Selection,174,244,0.00,0.00,Left,N/A,
111.1983,cer,MenuSelection,Menu Selection,174,244,0.00,0.00,Left,N/A,
111.2090,cer,MenuSelection,Menu Selection,174,244,0.00,0.00,Left,N/A,
111.2189,cer,MenuSelection,Menu Selection,174,244,0.00,0.00,Left,N/A,
111.2288,cer,MenuSelection,Menu Selection,174,244,0.00,0.00,Left,N/A,
111.2385,cer,MenuSelection,Menu Selection,174,244,0.00,0.00,Left,N/A,
111.2482,cer,MenuSelection,Menu Selection,174,244,0.00,0.00,Left,N/A,
111.2588,cer,MenuSelection,Menu Selection,174,244,0.00,0.00,Left,N/A,
111.2685,cer,MenuSelection,Menu Selection,174,244,0.00,0.00,Left,N/A,
111.2782,cer,MenuSelection,Menu Selection,174,244,0.00,0.00,Left,N/A,
111.2890,cer,MenuSelection,Menu Selection,174,244,0.00,0.00,Left,N/A,
111.2988,cer,MenuSelection,Menu Selection,174,244,0.00,0.00,Left,N/A,
111.3087,cer,MenuSelection,Menu Selection,174,244,0.00,0.00,Left,N/A,
111.3183,cer,MenuSelection,Menu Selection,174,244,0.00,0.00,Left,N/A,
111.3288,cer,MenuSelection,Menu Selection,174,244,0.00,0.00,Left,N/A,
111.3385,cer,MenuSelection,Menu Selection,174,244,0.00,0.00,Left,N/A,
111.3482,cer,MenuSelection,Menu Selection,174,244,0.00,0.00,Left,N/A,
111.3589,cer,MenuSelection,Menu Selection,174,244,0.00,0.00,Left,N/A,
111.3684,cer,MenuSelection,Menu Selection,174,244,0.00,0.00,Left,N/A,
111.3788,cer,MenuSelection,Menu Selection,174,244,0.00,0.00,Left,N/A,
111.3882,cer,MenuSelection,Menu Selection,174,244,0.00,0.00,Left,N/A,
111.3987,cer,MenuSelection,Menu Selection,174,244,0.00,0.00,Left,N/A,
111.4082,cer,MenuSelection,Menu Selection,174,244,0.00,0.00,Left,N/A,
111.4187,cer,MenuSelection,Menu Selection,174,244,0.00,0.00,Left,N/A,
111.4281,cer,MenuSelection,Menu Selection,174,244,0.00,0.00,Left,N/A,
111.4385,cer,MenuSelection,Menu Selection,174,244,0.00,0.00,Left,N/A,
111.4489,cer,MenuSelection,Menu Selection,174,244,0.00,0.00,Left,N/A,
111.4585,cer,MenuSelection,Menu Selection,174,244,0.00,0.00,Left,N/A,
111.4689,cer,MenuSelection,Menu Selection,174,244,0.00,0.00,Left,N/A,
111.4784,cer,MenuSelection,Menu Selection,174,244,0.00,0.00,Left,N/A,
111.4888,cer,MenuSelection,Menu Selection,174,244,0.00,0.00,Left,N/A,
111.4983,cer,MenuSelection,Menu Selection,174,244,0.00,0.00,Left,N/A,
111.5090,cer,MenuSelection,Menu Selection,174,244,0.00,0.00,Left,N/A,
111.5184,cer,MenuSelection,Menu Selection,174,244,0.00,0.00,Left,N/A,
111.5293,cer,MenuSelection,Menu Selection,174,244,0.00,0.00,Left,N/A,
111.5390,cer,MenuSelection,Menu Selection,174,244,0.00,0.00,Left,N/A,
111.5485,cer,MenuSelection,Menu Selection,174,244,0.00,0.00,Left,N/A,
111.5582,cer,MenuSelection,Menu Selection,174,244,0.00,0.00,Left,N/A,
111.5687,cer,MenuSelection,Menu Selection,174,244,0.00,0.00,Left,N/A,
111.5781,cer,MenuSelection,Menu Selection,174,244,0.00,0.00,Left,N/A,
111.5885,cer,MenuSelection,Menu Selection,174,244,0.00,0.00,Left,N/A,
111.5990,cer,MenuSelection,Menu Selection,174,244,0.00,0.00,Left,N/A,
111.6086,cer,MenuSelection,Menu Selection,174,244,0.00,0.00,Left,N/A,
111.6181,cer,MenuSelection,Menu Selection,174,244,0.00,0.00,Left,N/A,
111.6288,cer,MenuSelection,Menu Selection,174,244,0.00,0.00,Left,N/A,
111.6388,cer,MenuSelection,Menu Selection,174,244,0.00,0.00,Left,N/A,
111.6486,cer,MenuSelection,Menu Selection,174,244,0.00,0.00,Left,N/A,
111.6582,cer,MenuSelection,Menu Selection,174,244,0.00,0.00,Left,N/A,
111.6692,cer,MenuSelection,Menu Selection,174,244,0.00,0.00,Left,N/A,
111.6791,cer,MenuSelection,Menu Selection,174,244,0.00,0.00,Left,N/A,
111.6891,cer,MenuSelection,Menu Selection,174,244,0.00,0.00,Left,N/A,
111.6987,cer,MenuSelection,Menu Selection,174,244,0.00,0.00,Left,N/A,
111.7083,cer,MenuSelection,Menu Selection,174,244,0.00,0.00,Left,N/A,
111.7193,cer,MenuSelection,Menu Selection,174,244,0.00,0.00,Left,N/A,
111.7295,cer,MenuSelection,Menu Selection,174,244,0.00,0.00,Left,N/A,
111.7380,cer,MenuSelection,Menu Selection,174,244,0.00,0.00,Left,N/A,
111.7485,cer,MenuSelection,Menu Selection,174,244,0.00,0.00,Left,N/A,
111.7581,cer,MenuSelection,Menu Selection,174,244,0.00,0.00,Left,N/A,
111.7687,cer,MenuSelection,Menu Selection,174,244,0.00,0.00,Left,N/A,
111.7781,cer,MenuSelection,Menu Selection,174,244,0.00,0.00,Left,N/A,
111.7885,cer,MenuSelection,Menu Selection,174,244,0.00,0.00,Left,N/A,
111.7981,cer,MenuSelection,Menu Selection,174,244,0.00,0.00,Left,N/A,
111.8087,cer,MenuSelection,Menu Selection,176,248,421.99,39819.09,Left,N/A,
111.8182,cer,MenuSelection,Menu Selection,178,252,470.01,5046.30,Left,N/A,
111.8287,cer,MenuSelection,Menu Selection,179,256,391.85,-7427.75,Left,N/A,
111.8382,cer,MenuSelection,Menu Selection,182,262,705.88,33043.64,Left,N/A,
111.8492,cer,MenuSelection,Menu Selection,183,265,288.32,-38070.62,Left,N/A,
111.8581,cer,MenuSelection,Menu Selection,185,270,607.57,36018.77,Left,N/A,
111.8685,cer,MenuSelection,Menu Selection,185,272,190.63,-39740.46,Left,N/A,
111.8781,cer,MenuSelection,Menu Selection,186,275,330.94,14684.46,Left,N/A,
111.8887,cer,MenuSelection,Menu Selection,186,277,189.27,-13407.19,Left,N/A,
111.8983,cer,MenuSelection,Menu Selection,187,280,329.43,14600.94,Left,N/A,
111.9080,cer,MenuSelection,Menu Selection,187,282,204.95,-12756.19,Left,N/A,
111.9185,cer,MenuSelection,Menu Selection,188,284,213.50,816.13,Left,N/A,
111.9290,cer,MenuSelection,Menu Selection,188,289,477.59,25225.77,Left,N/A,
111.9384,cer,MenuSelection,Menu Selection,189,292,334.46,-15138.57,Left,N/A,
111.9489,cer,MenuSelection,Menu Selection,190,298,580.49,23478.93,Left,N/A,
111.9584,cer,MenuSelection,Menu Selection,191,301,332.54,-26073.73,Left,N/A,
111.9690,cer,MenuSelection,Menu Selection,192,307,572.31,22559.45,Left,N/A,
111.9787,cer,MenuSelection,Menu Selection,193,310,326.27,-25385.20,Left,N/A,
111.9882,cer,MenuSelection,Menu Selection,193,313,315.79,-1103.37,Left,N/A,
111.9989,cer,MenuSelection,Menu Selection,194,317,385.46,6513.17,Left,N/A,
112.0085,cer,MenuSelection,Menu Selection,194,318,104.55,-29369.21,Left,N/A,
112.0190,cer,MenuSelection,Menu Selection,194,321,285.13,17163.20,Left,N/A,
112.0286,cer,MenuSelection,Menu Selection,194,322,104.55,-18880.07,Left,N/A,
112.0381,cer,MenuSelection,Menu Selection,194,324,209.12,10934.35,Left,N/A,
112.0488,cer,MenuSelection,Menu Selection,194,324,0.00,-19649.00,Left,N/A,
112.0585,cer,MenuSelection,Menu Selection,194,325,103.06,10621.20,Left,N/A,
112.0681,cer,MenuSelection,Menu Selection,194,325,0.00,-10767.78,Left,N/A,
112.0783,cer,MenuSelection,Menu Selection,194,326,97.28,9463.31,Left,N/A,
112.0889,cer,MenuSelection,Menu Selection,194,325,95.13,-204.64,Left,N/A,
112.0985,cer,MenuSelection,Menu Selection,193,325,103.93,915.05,Left,N/A,
112.1081,cer,MenuSelection,Menu Selection,191,322,374.98,28188.40,Left,N/A,
112.1189,cer,MenuSelection,Menu Selection,190,321,131.42,-22633.39,Left,N/A,
112.1286,cer,MenuSelection,Menu Selection,187,317,513.34,39210.84,Left,N/A,
112.1381,cer,MenuSelection,Menu Selection,186,314,331.22,-19075.71,Left,N/A,
112.1486,cer,MenuSelection,Menu Selection,184,311,343.80,1200.01,Left,N/A,
112.1584,cer,MenuSelection,Menu Selection,182,307,459.58,11898.67,Left,N/A,
112.1688,cer,MenuSelection,Menu Selection,181,304,301.55,-15069.78,Left,N/A,
112.1784,cer,MenuSelection,Menu Selection,179,299,564.89,27622.85,Left,N/A,
112.1888,cer,MenuSelection,Menu Selection,178,296,302.26,-25102.68,Left,N/A,
112.1986,cer,MenuSelection,Menu Selection,176,291,551.32,25497.92,Left,N/A,
112.2085,cer,MenuSelection,Menu Selection,176,288,303.02,-25079.93,Left,N/A,
112.2190,cer,MenuSelection,Menu Selection,175,286,213.00,-8575.09,Left,N/A,
112.2286,cer,MenuSelection,Menu Selection,174,280,635.88,44207.97,Left,N/A,
112.2390,cer,MenuSelection,Menu Selection,173,278,214.29,-40403.11,Left,N/A,
112.2485,cer,MenuSelection,Menu Selection,173,273,527.52,33046.54,Left,N/A,
112.2581,cer,MenuSelection,Menu Selection,173,272,104.34,-44155.68,Left,N/A,
112.2696,cer,MenuSelection,Menu Selection,173,269,261.12,13645.23,Left,N/A,
112.2787,cer,MenuSelection,Menu Selection,173,268,109.55,-16604.12,Left,N/A,
112.2881,cer,MenuSelection,Menu Selection,173,266,212.08,10872.06,Left,N/A,
112.2986,cer,MenuSelection,Menu Selection,174,264,212.34,24.49,Left,N/A,
112.3082,cer,MenuSelection,Menu Selection,174,262,210.39,-205.06,Left,N/A,
112.3186,cer,MenuSelection,Menu Selection,175,260,213.14,262.17,Left,N/A,
112.3281,cer,MenuSelection,Menu Selection,175,259,105.71,-11356.30,Left,N/A,
112.3387,cer,MenuSelection,Menu Selection,176,257,211.08,9946.97,Left,N/A,
112.3497,cer,MenuSelection,Menu Selection,176,256,91.28,-10935.42,Left,N/A,
112.3585,cer,MenuSelection,Menu Selection,177,256,113.32,2497.98,Left,N/A,
112.3690,cer,MenuSelection,Menu Selection,177,254,190.38,7335.33,Left,N/A,
112.3784,cer,MenuSelection,Menu Selection,178,254,105.78,-8949.12,Left,N/A,
112.3889,cer,MenuSelection,Menu Selection,178,253,95.97,-941.52,Left,N/A,
112.3983,cer,MenuSelection,Menu Selection,179,252,149.62,5675.02,Left,N/A,
112.4089,cer,MenuSelection,Menu Selection,179,252,0.00,-14189.20,Left,N/A,
112.4184,cer,MenuSelection,Menu Selection,179,252,0.00,0.00,Left,N/A,
112.4289,cer,MenuSelection,Menu Selection,180,252,95.79,9175.91,Left,N/A,
112.4383,cer,MenuSelection,Menu Selection,180,253,105.52,1026.58,Left,N/A,
112.4488,cer,MenuSelection,Menu Selection,181,253,95.42,-963.86,Left,N/A,
112.4584,cer,MenuSelection,Menu Selection,182,255,233.16,14362.18,Left,N/A,
112.4689,cer,MenuSelection,Menu Selection,183,257,213.58,-1869.89,Left,N/A,
112.4784,cer,MenuSelection,Menu Selection,185,259,296.26,8659.65,Left,N/A,
112.4889,cer,MenuSelection,Menu Selection,186,261,213.51,-7900.84,Left,N/A,
112.4984,cer,MenuSelection,Menu Selection,187,263,235.67,2335.36,Left,N/A,
112.5083,cer,MenuSelection,Menu Selection,188,267,416.43,18256.72,Left,N/A,
112.5189,cer,MenuSelection,Menu Selection,189,268,132.97,-26651.80,Left,N/A,
112.5285,cer,MenuSelection,Menu Selection,190,271,330.39,20626.69,Left,N/A,
112.5390,cer,MenuSelection,Menu Selection,190,272,95.46,-22425.87,Left,N/A,
112.5485,cer,MenuSelection,Menu Selection,191,274,235.02,14669.00,Left,N/A,
112.5583,cer,MenuSelection,Menu Selection,191,275,101.66,-13557.34,Left,N/A,
112.5688,cer,MenuSelection,Menu Selection,191,277,190.02,8396.07,Left,N/A,
112.5786,cer,MenuSelection,Menu Selection,191,279,205.46,1585.98,Left,N/A,
112.5880,cer,MenuSelection,Menu Selection,191,281,211.92,684.77,Left,N/A,
112.5985,cer,MenuSelection,Menu Selection,191,285,380.58,16047.06,Left,N/A,
112.6081,cer,MenuSelection,Menu Selection,191,288,314.56,-6922.92,Left,N/A,
112.6186,cer,MenuSelection,Menu Selection,191,296,761.56,42552.78,Left,N/A,
112.6281,cer,MenuSelection,Menu Selection,191,300,419.82,-35867.58,Left,N/A,
112.6391,cer,MenuSelection,Menu Selection,190,306,553.81,12199.43,Left,N/A,
112.6486,cer,MenuSelection,Menu Selection,190,309,314.68,-25083.35,Left,N/A,
112.6582,cer,MenuSelection,Menu Selection,190,311,208.82,-11052.20,Left,N/A,
112.6690,cer,MenuSelection,Menu Selection,190,316,464.39,23737.02,Left,N/A,
112.6785,cer,MenuSelection,Menu Selection,190,317,105.00,-37737.43,Left,N/A,
112.6890,cer,MenuSelection,Menu Selection,190,321,380.97,26283.85,Left,N/A,
112.6986,cer,MenuSelection,Menu Selection,189,322,147.69,-24361.91,Left,N/A,
112.7081,cer,MenuSelection,Menu Selection,189,326,420.89,28747.78,Left,N/A,
112.7185,cer,MenuSelection,Menu Selection,189,327,95.75,-31131.31,Left,N/A,
112.7281,cer,MenuSelection,Menu Selection,189,329,209.00,11835.04,Left,N/A,
112.7386,cer,MenuSelection,Menu Selection,189,332,284.98,7217.39,Left,N/A,
112.7481,cer,MenuSelection,Menu Selection,189,334,210.10,-7866.01,Left,N/A,
112.7586,cer,MenuSelection,Menu Selection,189,336,190.20,-1892.67,Left,N/A,
112.7681,cer,MenuSelection,Menu Selection,189,337,105.37,-8938.23,Left,N/A,
112.7787,cer,MenuSelection,Menu Selection,189,338,94.87,-996.10,Left,N/A,
112.7882,cer,MenuSelection,Menu Selection,189,339,104.98,1061.29,Left,N/A,
112.7993,cer,MenuSelection,Menu Selection,189,340,89.90,-1355.13,Left,N/A,
112.8081,cer,MenuSelection,Menu Selection,189,341,114.10,2761.34,Left,N/A,
112.8187,cer,MenuSelection,Menu Selection,189,341,0.00,-10725.24,Left,N/A,
112.8284,cer,MenuSelection,Menu Selection,189,342,103.22,10653.64,Left,N/A,
112.8389,cer,MenuSelection,Menu Selection,189,342,0.00,-9848.74,Left,N/A,
112.8485,cer,MenuSelection,Menu Selection,188,342,104.55,10930.53,Left,N/A,
112.8580,cer,MenuSelection,Menu Selection,188,342,0.00,-10903.62,Left,N/A,
112.8686,cer,MenuSelection,Menu Selection,187,340,211.85,20070.87,Left,N/A,
112.8781,cer,MenuSelection,Menu Selection,186,338,236.28,2581.17,Left,N/A,
112.8885,cer,MenuSelection,Menu Selection,185,336,214.38,-2099.17,Left,N/A,
112.8982,cer,MenuSelection,Menu Selection,182,328,880.97,68732.03,Left,N/A,
112.9087,cer,MenuSelection,Menu Selection,181,323,485.06,-37662.26,Left,N/A,
112.9183,cer,MenuSelection,Menu Selection,177,307,1717.59,128360.77,Left,N/A,
112.9282,cer,MenuSelection,Menu Selection,176,299,813.07,-91219.90,Left,N/A,
112.9387,cer,MenuSelection,Menu Selection,175,285,1337.74,50006.17,Left,N/A,
112.9491,cer,MenuSelection,Menu Selection,175,280,481.17,-82431.38,Left,N/A,
112.9587,cer,MenuSelection,Menu Selection,175,275,520.93,4141.72,Left,N/A,
112.9682,cer,MenuSelection,Menu Selection,176,268,745.12,23625.11,Left,N/A,
112.9787,cer,MenuSelection,Menu Selection,176,266,190.43,-52815.97,Left,N/A,
112.9882,cer,MenuSelection,Menu Selection,177,262,432.35,25367.36,Left,N/A,
112.9988,cer,MenuSelection,Menu Selection,177,260,189.49,-23009.68,Left,N/A,
113.0085,cer,MenuSelection,Menu Selection,178,258,231.20,4312.57,Left,N/A,
113.0190,cer,MenuSelection,Menu Selection,178,257,95.04,-12940.21,Left,N/A,
113.0285,cer,MenuSelection,Menu Selection,179,256,148.77,5652.77,Left,N/A,
113.0380,cer,MenuSelection,Menu Selection,179,255,104.68,-4615.13,Left,N/A,
113.0491,cer,MenuSelection,Menu Selection,180,255,90.43,-1289.10,Left,N/A,
113.0588,cer,MenuSelection,Menu Selection,180,254,103.13,1309.52,Left,N/A,
113.0683,cer,MenuSelection,Menu Selection,180,254,0.00,-10875.98,Left,N/A,
113.0787,cer,MenuSelection,Menu Selection,180,254,0.00,0.00,Left,N/A,
113.0882,cer,MenuSelection,Menu Selection,180,254,0.00,0.00,Left,N/A,
113.0991,cer,MenuSelection,Menu Selection,180,254,0.00,0.00,Left,N/A,
113.1082,cer,MenuSelection,Menu Selection,180,255,109.72,12037.43,Left,N/A,
113.1181,cer,MenuSelection,Menu Selection,180,255,0.00,-11147.75,Left,N/A,
113.1286,cer,MenuSelection,Menu Selection,180,254,95.09,9042.43,Left,N/A,
113.1380,cer,MenuSelection,Menu Selection,180,254,0.00,-10061.39,Left,N/A,
113.1485,cer,MenuSelection,Menu Selection,180,254,0.00,0.00,Left,N/A,
113.1580,cer,MenuSelection,Menu Selection,180,254,0.00,0.00,Left,N/A,
113.1685,cer,MenuSelection,Menu Selection,180,254,0.00,0.00,Left,N/A,
113.1789,cer,MenuSelection,Menu Selection,180,254,0.00,0.00,Left,N/A,
113.1883,cer,MenuSelection,Menu Selection,180,254,0.00,0.00,Left,N/A,
113.1987,cer,MenuSelection,Menu Selection,180,254,0.00,0.00,Left,N/A,
113.2083,cer,MenuSelection,Menu Selection,180,254,0.00,0.00,Left,N/A,
113.2188,cer,MenuSelection,Menu Selection,180,254,0.00,0.00,Left,N/A,
113.2282,cer,MenuSelection,Menu Selection,180,254,0.00,0.00,Left,N/A,
113.2385,cer,MenuSelection,Menu Selection,180,254,0.00,0.00,Left,N/A,
113.2480,cer,MenuSelection,Menu Selection,180,254,0.00,0.00,Left,N/A,
113.2585,cer,MenuSelection,Menu Selection,180,254,0.00,0.00,Left,N/A,
113.2680,cer,MenuSelection,Menu Selection,180,254,0.00,0.00,Left,N/A,
113.2785,cer,MenuSelection,Menu Selection,180,254,0.00,0.00,Left,N/A,
113.2889,cer,MenuSelection,Menu Selection,180,254,0.00,0.00,Left,N/A,
113.2984,cer,MenuSelection,Menu Selection,180,254,0.00,0.00,Left,N/A,
113.3090,cer,MenuSelection,Menu Selection,180,254,0.00,0.00,Left,N/A,
113.3186,cer,MenuSelection,Menu Selection,180,254,0.00,0.00,Left,N/A,
113.3282,cer,MenuSelection,Menu Selection,180,254,0.00,0.00,Left,N/A,
113.3388,cer,MenuSelection,Menu Selection,180,254,0.00,0.00,Left,N/A,
113.3483,cer,MenuSelection,Menu Selection,180,254,0.00,0.00,Left,N/A,
113.3580,cer,MenuSelection,Menu Selection,180,254,0.00,0.00,Left,N/A,
113.3689,cer,MenuSelection,Menu Selection,180,254,0.00,0.00,Left,N/A,
113.3784,cer,MenuSelection,Menu Selection,180,254,0.00,0.00,Left,N/A,
113.3888,cer,MenuSelection,Menu Selection,180,254,0.00,0.00,Left,N/A,
113.3985,cer,MenuSelection,Menu Selection,180,254,0.00,0.00,Left,N/A,
113.4081,cer,MenuSelection,Menu Selection,180,254,0.00,0.00,Left,N/A,
113.4187,cer,MenuSelection,Menu Selection,180,254,0.00,0.00,Left,N/A,
113.4283,cer,MenuSelection,Menu Selection,180,254,0.00,0.00,Left,N/A,
113.4389,cer,MenuSelection,Menu Selection,180,254,0.00,0.00,Left,N/A,
113.4483,cer,MenuSelection,Menu Selection,180,254,0.00,0.00,Left,N/A,
113.4590,cer,MenuSelection,Menu Selection,180,254,0.00,0.00,Left,N/A,
113.4691,cer,MenuSelection,Menu Selection,180,254,0.00,0.00,Left,N/A,
113.4786,cer,MenuSelection,Menu Selection,180,254,0.00,0.00,Left,N/A,
113.4882,cer,MenuSelection,Menu Selection,180,254,0.00,0.00,Left,N/A,
113.4989,cer,MenuSelection,Menu Selection,180,254,0.00,0.00,Left,N/A,
113.5081,cer,MenuSelection,Menu Selection,180,254,0.00,0.00,Left,N/A,
113.5187,cer,MenuSelection,Menu Selection,180,254,0.00,0.00,Left,N/A,
113.5283,cer,MenuSelection,Menu Selection,180,254,0.00,0.00,Left,N/A,
113.5388,cer,MenuSelection,Menu Selection,180,254,0.00,0.00,Left,N/A,
113.5509,cer,MenuSelection,Menu Selection,180,254,0.00,0.00,Left,N/A,
113.5581,cer,MenuSelection,Menu Selection,180,254,0.00,0.00,Left,N/A,
113.5688,cer,MenuSelection,Menu Selection,180,254,0.00,0.00,Left,N/A,
113.5785,cer,MenuSelection,Menu Selection,180,254,0.00,0.00,Left,N/A,
113.5880,cer,MenuSelection,Menu Selection,180,254,0.00,0.00,Left,N/A,
113.6000,cer,MenuSelection,Menu Selection,180,254,0.00,0.00,Left,N/A,
113.6088,cer,MenuSelection,Menu Selection,180,254,0.00,0.00,Left,N/A,
113.6186,cer,MenuSelection,Menu Selection,180,254,0.00,0.00,Left,N/A,
113.6282,cer,MenuSelection,Menu Selection,180,254,0.00,0.00,Left,N/A,
113.6388,cer,MenuSelection,Menu Selection,180,254,0.00,0.00,Left,N/A,
113.6495,cer,MenuSelection,Menu Selection,180,254,0.00,0.00,Left,N/A,
113.6585,cer,MenuSelection,Menu Selection,180,254,0.00,0.00,Left,N/A,
113.6700,cer,MenuSelection,Menu Selection,180,254,0.00,0.00,Left,N/A,
113.6788,cer,MenuSelection,Menu Selection,180,254,0.00,0.00,Left,N/A,
113.6887,cer,MenuSelection,Menu Selection,180,254,0.00,0.00,Left,N/A,
113.6982,cer,MenuSelection,Menu Selection,180,254,0.00,0.00,Left,N/A,
113.7085,cer,MenuSelection,Menu Selection,180,254,0.00,0.00,Left,N/A,
113.7190,cer,MenuSelection,Menu Selection,180,254,0.00,0.00,Left,N/A,
113.7286,cer,MenuSelection,Menu Selection,180,254,0.00,0.00,Left,N/A,
113.7383,cer,MenuSelection,Menu Selection,180,254,0.00,0.00,Left,N/A,
113.7490,cer,MenuSelection,Menu Selection,180,254,0.00,0.00,Left,N/A,
113.7585,cer,MenuSelection,Menu Selection,180,254,0.00,0.00,Left,N/A,
113.7696,cer,MenuSelection,Menu Selection,180,254,0.00,0.00,Left,N/A,
113.7792,cer,MenuSelection,Menu Selection,180,254,0.00,0.00,Left,N/A,
113.7890,cer,MenuSelection,Menu Selection,180,254,0.00,0.00,Left,N/A,
113.7995,cer,MenuSelection,Menu Selection,180,254,0.00,0.00,Left,N/A,
113.8089,cer,MenuSelection,Menu Selection,180,254,0.00,0.00,Left,N/A,
113.8186,cer,MenuSelection,Menu Selection,180,254,0.00,0.00,Left,N/A,
113.8292,cer,MenuSelection,Menu Selection,180,254,0.00,0.00,Left,N/A,
113.8411,cer,MenuSelection,Menu Selection,180,254,0.00,0.00,Left,N/A,
113.8488,cer,MenuSelection,Menu Selection,180,254,0.00,0.00,Left,N/A,
113.8586,cer,MenuSelection,Menu Selection,180,254,0.00,0.00,Left,N/A,
113.8685,cer,MenuSelection,Menu Selection,180,254,0.00,0.00,Left,N/A,
113.8780,cer,MenuSelection,Menu Selection,180,254,0.00,0.00,Left,N/A,
113.8883,cer,MenuSelection,Menu Selection,180,254,0.00,0.00,Left,N/A,
113.9004,cer,MenuSelection,Menu Selection,180,254,0.00,0.00,Left,N/A,
113.9083,cer,MenuSelection,Menu Selection,180,254,0.00,0.00,Left,N/A,
113.9190,cer,MenuSelection,Menu Selection,180,254,0.00,0.00,Left,N/A,
113.9295,cer,MenuSelection,Menu Selection,180,254,0.00,0.00,Left,N/A,
113.9389,cer,MenuSelection,Menu Selection,180,254,0.00,0.00,Left,N/A,
113.9491,cer,MenuSelection,Menu Selection,180,254,0.00,0.00,Left,N/A,
113.9583,cer,MenuSelection,Menu Selection,180,254,0.00,0.00,Left,N/A,
113.9690,cer,MenuSelection,Menu Selection,180,254,0.00,0.00,Left,N/A,
113.9785,cer,MenuSelection,Menu Selection,180,254,0.00,0.00,Left,N/A,
113.9882,cer,MenuSelection,Menu Selection,180,254,0.00,0.00,Left,N/A,
113.9999,cer,MenuSelection,Menu Selection,180,254,0.00,0.00,Left,N/A,
114.0085,cer,MenuSelection,Menu Selection,180,254,0.00,0.00,Left,N/A,
114.0182,cer,MenuSelection,Menu Selection,180,254,0.00,0.00,Left,N/A,
114.0289,cer,MenuSelection,Menu Selection,180,254,0.00,0.00,Left,N/A,
114.0399,cer,MenuSelection,Menu Selection,180,254,0.00,0.00,Left,N/A,
114.0495,cer,MenuSelection,Menu Selection,180,254,0.00,0.00,Left,N/A,
114.0582,cer,MenuSelection,Menu Selection,180,254,0.00,0.00,Left,N/A,
114.0686,cer,MenuSelection,Menu Selection,180,254,0.00,0.00,Left,N/A,
114.0783,cer,MenuSelection,Menu Selection,180,254,0.00,0.00,Left,N/A,
114.0889,cer,MenuSelection,Menu Selection,180,254,0.00,0.00,Left,N/A,
114.0994,cer,MenuSelection,Menu Selection,180,254,0.00,0.00,Left,N/A,
114.1108,cer,MenuSelection,Menu Selection,180,254,0.00,0.00,Left,N/A,
114.1182,cer,MenuSelection,Menu Selection,180,254,0.00,0.00,Left,N/A,
114.1294,cer,MenuSelection,Menu Selection,180,254,0.00,0.00,Left,N/A,
114.1382,cer,MenuSelection,Menu Selection,180,254,0.00,0.00,Left,N/A,
114.1499,cer,MenuSelection,Menu Selection,180,254,0.00,0.00,Left,N/A,
114.1590,cer,MenuSelection,Menu Selection,180,254,0.00,0.00,Left,N/A,
114.1687,cer,MenuSelection,Menu Selection,180,254,0.00,0.00,Left,N/A,
114.1784,cer,MenuSelection,Menu Selection,180,254,0.00,0.00,Left,N/A,
114.1886,cer,MenuSelection,Menu Selection,180,254,0.00,0.00,Left,N/A,
114.1983,cer,MenuSelection,Menu Selection,180,254,0.00,0.00,Left,N/A,
114.2086,cer,MenuSelection,Menu Selection,180,254,0.00,0.00,Left,N/A,
114.2181,cer,MenuSelection,Menu Selection,180,254,0.00,0.00,Left,N/A,
114.2286,cer,MenuSelection,Menu Selection,180,254,0.00,0.00,Left,N/A,
114.2380,cer,MenuSelection,Menu Selection,180,254,0.00,0.00,Left,N/A,
114.2485,cer,MenuSelection,Menu Selection,180,254,0.00,0.00,Left,N/A,
114.2583,cer,MenuSelection,Menu Selection,180,254,0.00,0.00,Left,N/A,
114.2688,cer,MenuSelection,Menu Selection,180,254,0.00,0.00,Left,N/A,
114.2787,cer,MenuSelection,Menu Selection,180,254,0.00,0.00,Left,N/A,
114.2882,cer,MenuSelection,Menu Selection,180,254,0.00,0.00,Left,N/A,
114.2986,cer,MenuSelection,Menu Selection,180,254,0.00,0.00,Left,N/A,
114.3081,cer,MenuSelection,Menu Selection,180,254,0.00,0.00,Left,N/A,
114.3186,cer,MenuSelection,Menu Selection,180,254,0.00,0.00,Left,N/A,
114.3280,cer,MenuSelection,Menu Selection,180,254,0.00,0.00,Left,N/A,
114.3387,cer,MenuSelection,Menu Selection,180,254,0.00,0.00,Left,N/A,
114.3482,cer,MenuSelection,Menu Selection,180,254,0.00,0.00,Left,N/A,
114.3587,cer,MenuSelection,Menu Selection,180,254,0.00,0.00,Left,N/A,
114.3681,cer,MenuSelection,Menu Selection,180,254,0.00,0.00,Left,N/A,
114.3782,cer,MenuSelection,Menu Selection,180,254,0.00,0.00,Left,N/A,
114.3886,cer,MenuSelection,Menu Selection,180,254,0.00,0.00,Left,N/A,
114.3981,cer,MenuSelection,Menu Selection,180,254,0.00,0.00,Left,N/A,
114.4085,cer,MenuSelection,Menu Selection,180,254,0.00,0.00,Left,N/A,
114.4180,cer,MenuSelection,Menu Selection,180,254,0.00,0.00,Left,N/A,
114.4287,cer,MenuSelection,Menu Selection,180,254,0.00,0.00,Left,N/A,
114.4382,cer,MenuSelection,Menu Selection,180,254,0.00,0.00,Left,N/A,
114.4487,cer,MenuSelection,Menu Selection,180,254,0.00,0.00,Left,N/A,
114.4582,cer,MenuSelection,Menu Selection,180,254,0.00,0.00,Left,N/A,
114.4689,cer,MenuSelection,Menu Selection,180,254,0.00,0.00,Left,N/A,
114.4785,cer,MenuSelection,Menu Selection,180,254,0.00,0.00,Left,N/A,
114.4888,cer,MenuSelection,Menu Selection,180,254,0.00,0.00,Left,N/A,
114.4984,cer,MenuSelection,Menu Selection,180,254,0.00,0.00,Left,N/A,
114.5089,cer,MenuSelection,Menu Selection,180,254,0.00,0.00,Left,N/A,
114.5185,cer,MenuSelection,Menu Selection,180,254,0.00,0.00,Left,N/A,
114.5280,cer,MenuSelection,Menu Selection,180,254,0.00,0.00,Left,N/A,
114.5385,cer,MenuSelection,Menu Selection,180,254,0.00,0.00,Left,N/A,
114.5495,cer,MenuSelection,Menu Selection,180,254,0.00,0.00,Left,N/A,
114.5585,cer,MenuSelection,Menu Selection,180,254,0.00,0.00,Left,N/A,
114.5690,cer,MenuSelection,Menu Selection,180,254,0.00,0.00,Left,N/A,
114.5784,cer,MenuSelection,Menu Selection,180,254,0.00,0.00,Left,N/A,
114.5889,cer,MenuSelection,Menu Selection,180,254,0.00,0.00,Left,N/A,
114.5985,cer,MenuSelection,Menu Selection,180,254,0.00,0.00,Left,N/A,
114.6084,cer,MenuSelection,Menu Selection,181,255,142.38,14333.58,Left,N/A,
114.6190,cer,MenuSelection,Menu Selection,181,256,95.10,-4496.08,Left,N/A,
114.6285,cer,MenuSelection,Menu Selection,183,258,295.72,20975.30,Left,N/A,
114.6382,cer,MenuSelection,Menu Selection,183,259,103.41,-19886.24,Left,N/A,
114.6487,cer,MenuSelection,Menu Selection,184,260,134.47,2954.04,Left,N/A,
114.6585,cer,MenuSelection,Menu Selection,184,261,102.12,-3303.75,Left,N/A,
114.6681,cer,MenuSelection,Menu Selection,185,262,147.22,4694.59,Left,N/A,
114.6791,cer,MenuSelection,Menu Selection,185,262,0.00,-13429.14,Left,N/A,
114.6886,cer,MenuSelection,Menu Selection,186,263,148.76,15647.87,Left,N/A,
114.6981,cer,MenuSelection,Menu Selection,186,263,0.00,-15678.54,Left,N/A,
114.7087,cer,MenuSelection,Menu Selection,187,264,133.43,12588.50,Left,N/A,
114.7181,cer,MenuSelection,Menu Selection,187,264,0.00,-14111.16,Left,N/A,
114.7288,cer,MenuSelection,Menu Selection,187,265,93.77,8793.09,Left,N/A,
114.7384,cer,MenuSelection,Menu Selection,187,265,0.00,-9723.02,Left,N/A,
114.7490,cer,MenuSelection,Menu Selection,188,266,133.76,12651.60,Left,N/A,
114.7585,cer,MenuSelection,Menu Selection,188,266,0.00,-14094.95,Left,N/A,
114.7690,cer,MenuSelection,Menu Selection,189,267,134.56,12802.43,Left,N/A,
114.7785,cer,MenuSelection,Menu Selection,189,268,105.30,-3080.89,Left,N/A,
114.7889,cer,MenuSelection,Menu Selection,190,269,135.45,2888.36,Left,N/A,
114.7985,cer,MenuSelection,Menu Selection,190,270,104.92,-3203.92,Left,N/A,
114.8081,cer,MenuSelection,Menu Selection,191,271,146.36,4289.08,Left,N/A,
114.8187,cer,MenuSelection,Menu Selection,191,273,188.39,3959.53,Left,N/A,
114.8283,cer,MenuSelection,Menu Selection,192,274,147.58,-4259.19,Left,N/A,
114.8389,cer,MenuSelection,Menu Selection,192,275,94.26,-5025.83,Left,N/A,
114.8485,cer,MenuSelection,Menu Selection,193,276,147.41,5539.55,Left,N/A,
114.8585,cer,MenuSelection,Menu Selection,193,277,100.36,-4721.52,Left,N/A,
114.8690,cer,MenuSelection,Menu Selection,193,278,94.91,-517.31,Left,N/A,
114.8786,cer,MenuSelection,Menu Selection,193,278,0.00,-9891.55,Left,N/A,
114.8882,cer,MenuSelection,Menu Selection,193,279,104.90,11003.92,Left,N/A,
114.8986,cer,MenuSelection,Menu Selection,193,279,0.00,-10018.23,Left,N/A,
114.9084,cer,MenuSelection,Menu Selection,193,279,0.00,0.00,Left,N/A,
114.9189,cer,MenuSelection,Menu Selection,193,279,0.00,0.00,Left,N/A,
114.9283,cer,MenuSelection,Menu Selection,193,279,0.00,0.00,Left,N/A,
114.9388,cer,MenuSelection,Menu Selection,193,279,0.00,0.00,Left,N/A,
114.9482,cer,MenuSelection,Menu Selection,193,279,0.00,0.00,Left,N/A,
114.9589,cer,MenuSelection,Menu Selection,193,279,0.00,0.00,Left,N/A,
114.9683,cer,MenuSelection,Menu Selection,193,279,0.00,0.00,Left,N/A,
114.9790,cer,MenuSelection,Menu Selection,193,280,94.16,8866.28,Left,N/A,
114.9887,cer,MenuSelection,Menu Selection,193,280,0.00,-9699.15,Left,N/A,
114.9982,cer,MenuSelection,Menu Selection,193,280,0.00,0.00,Left,N/A,
115.0088,cer,MenuSelection,Menu Selection,192,281,133.45,12591.90,Left,N/A,
115.0183,cer,MenuSelection,Menu Selection,192,281,0.00,-14108.79,Left,N/A,
115.0288,cer,MenuSelection,Menu Selection,191,282,133.87,12671.60,Left,N/A,
115.0383,cer,MenuSelection,Menu Selection,190,282,105.08,-3025.06,Left,N/A,
115.0489,cer,MenuSelection,Menu Selection,189,283,133.94,2733.43,Left,N/A,
115.0585,cer,MenuSelection,Menu Selection,189,283,0.00,-13981.30,Left,N/A,
115.0690,cer,MenuSelection,Menu Selection,188,283,94.63,8954.92,Left,N/A,
115.0785,cer,MenuSelection,Menu Selection,188,283,0.00,-10016.88,Left,N/A,
115.0890,cer,MenuSelection,Menu Selection,188,283,0.00,0.00,Left,N/A,
115.0987,cer,MenuSelection,Menu Selection,187,283,103.23,10655.73,Left,N/A,
115.1083,cer,MenuSelection,Menu Selection,187,283,0.00,-10761.95,Left,N/A,
115.1188,cer,MenuSelection,Menu Selection,187,283,0.00,0.00,Left,N/A,
115.1282,cer,MenuSelection,Menu Selection,187,283,0.00,0.00,Left,N/A,
115.1387,cer,MenuSelection,Menu Selection,187,283,0.00,0.00,Left,N/A,
115.1483,cer,MenuSelection,Menu Selection,187,283,0.00,0.00,Left,N/A,
115.1590,cer,MenuSelection,Menu Selection,187,283,0.00,0.00,Left,N/A,
115.1684,cer,MenuSelection,Menu Selection,187,283,0.00,0.00,Left,N/A,
115.1789,cer,MenuSelection,Menu Selection,187,283,0.00,0.00,Left,N/A,
115.1885,cer,MenuSelection,Menu Selection,187,283,0.00,0.00,Left,N/A,
115.1989,cer,MenuSelection,Menu Selection,187,283,0.00,0.00,Left,N/A,
115.2087,cer,MenuSelection,Menu Selection,187,283,0.00,0.00,Left,N/A,
115.2182,cer,MenuSelection,Menu Selection,187,283,0.00,0.00,Left,N/A,
115.2287,cer,MenuSelection,Menu Selection,187,283,0.00,0.00,Left,N/A,
115.2382,cer,MenuSelection,Menu Selection,187,284,105.04,11033.70,Left,N/A,
115.2487,cer,MenuSelection,Menu Selection,187,284,0.00,-10018.32,Left,N/A,
115.2583,cer,MenuSelection,Menu Selection,187,284,0.00,0.00,Left,N/A,
115.2688,cer,MenuSelection,Menu Selection,187,284,0.00,0.00,Left,N/A,
115.2783,cer,MenuSelection,Menu Selection,187,284,0.00,0.00,Left,N/A,
115.2888,cer,MenuSelection,Menu Selection,187,284,0.00,0.00,Left,N/A,
115.2985,cer,MenuSelection,Menu Selection,188,285,145.39,14947.84,Left,N/A,
115.3081,cer,MenuSelection,Menu Selection,190,286,233.11,9144.51,Left,N/A,
115.3186,cer,MenuSelection,Menu Selection,191,287,134.21,-9385.72,Left,N/A,
115.3281,cer,MenuSelection,Menu Selection,199,289,868.43,77323.15,Left,N/A,
115.3386,cer,MenuSelection,Menu Selection,204,291,514.78,-33806.56,Left,N/A,
115.3482,cer,MenuSelection,Menu Selection,215,294,1190.86,70612.82,Left,N/A,
115.3585,cer,MenuSelection,Menu Selection,221,296,611.22,-56017.44,Left,N/A,
115.3682,cer,MenuSelection,Menu Selection,228,298,751.45,14473.57,Left,N/A,
115.3782,cer,MenuSelection,Menu Selection,245,302,1750.73,100174.12,Left,N/A,
115.3888,cer,MenuSelection,Menu Selection,256,304,1056.21,-65611.02,Left,N/A,
115.3987,cer,MenuSelection,Menu Selection,271,308,1569.82,51936.82,Left,N/A,
115.4084,cer,MenuSelection,Menu Selection,278,310,744.67,-84403.41,Left,N/A,
115.4186,cer,MenuSelection,Menu Selection,291,314,1332.76,57625.04,Left,N/A,
115.4281,cer,MenuSelection,Menu Selection,297,316,668.02,-70211.77,Left,N/A,
115.4386,cer,MenuSelection,Menu Selection,307,318,967.18,28372.59,Left,N/A,
115.4482,cer,MenuSelection,Menu Selection,311,319,431.50,-56061.39,Left,N/A,
115.4581,cer,MenuSelection,Menu Selection,314,320,320.07,-11278.37,Left,N/A,
115.4688,cer,MenuSelection,Menu Selection,319,321,477.02,14683.55,Left,N/A,
115.4784,cer,MenuSelection,Menu Selection,321,322,233.16,-25428.15,Left,N/A,
115.4888,cer,MenuSelection,Menu Selection,324,323,302.12,6588.55,Left,N/A,
115.4984,cer,MenuSelection,Menu Selection,325,323,104.78,-20677.63,Left,N/A,
115.5090,cer,MenuSelection,Menu Selection,327,323,187.62,7771.67,Left,N/A,
115.5186,cer,MenuSelection,Menu Selection,327,323,0.00,-19695.32,Left,N/A,
115.5280,cer,MenuSelection,Menu Selection,327,323,0.00,0.00,Left,N/A,
115.5387,cer,MenuSelection,Menu Selection,327,322,93.46,8735.58,Left,N/A,
115.5482,cer,MenuSelection,Menu Selection,327,322,0.00,-9848.45,Left,N/A,
115.5588,cer,MenuSelection,Menu Selection,327,322,0.00,0.00,Left,N/A,
115.5684,cer,MenuSelection,Menu Selection,327,322,0.00,0.00,Left,N/A,
115.5789,cer,MenuSelection,Menu Selection,327,322,0.00,0.00,Left,N/A,
115.5885,cer,MenuSelection,Menu Selection,327,322,0.00,0.00,Left,N/A,
115.5990,cer,MenuSelection,Menu Selection,327,322,0.00,0.00,Left,N/A,
115.6085,cer,MenuSelection,Menu Selection,327,322,0.00,0.00,Left,N/A,
115.6183,cer,MenuSelection,Menu Selection,327,322,0.00,0.00,Left,N/A,
115.6288,cer,MenuSelection,Menu Selection,327,322,0.00,0.00,Left,N/A,
115.6383,cer,MenuSelection,Menu Selection,327,322,0.00,0.00,Left,N/A,
115.6490,cer,MenuSelection,Menu Selection,327,322,0.00,0.00,Left,N/A,
115.6589,cer,MenuSelection,Menu Selection,327,322,0.00,0.00,Left,N/A,
115.6684,cer,MenuSelection,Menu Selection,327,322,0.00,0.00,Left,N/A,
115.6789,cer,MenuSelection,Menu Selection,327,322,0.00,0.00,Left,N/A,
115.6884,cer,MenuSelection,Menu Selection,327,322,0.00,0.00,Left,N/A,
115.6990,cer,MenuSelection,Menu Selection,327,322,0.00,0.00,Left,N/A,
115.7087,cer,MenuSelection,Menu Selection,327,322,0.00,0.00,Left,N/A,
115.7182,cer,MenuSelection,Menu Selection,348,331,2396.61,251397.45,Left,N/A,
115.7287,cer,MenuSelection,Menu Selection,361,337,1364.17,-98369.04,Left,N/A,
115.7383,cer,MenuSelection,Menu Selection,372,342,1257.29,-11121.15,Left,N/A,
115.7488,cer,MenuSelection,Menu Selection,375,343,301.99,-91229.28,Left,N/A,
115.7584,cer,MenuSelection,Menu Selection,377,344,231.83,-7274.67,Left,N/A,
115.7681,cer,MenuSelection,Menu Selection,381,344,415.97,19149.23,Left,N/A,
115.7786,cer,MenuSelection,Menu Selection,381,344,0.00,-39515.63,Left,N/A,
115.7881,cer,MenuSelection,Menu Selection,382,343,147.94,15475.85,Left,N/A,
115.7986,cer,MenuSelection,Menu Selection,382,343,0.00,-14097.24,Left,N/A,
115.8084,cer,MenuSelection,Menu Selection,382,343,0.00,0.00,Left,N/A,
115.8189,cer,MenuSelection,Menu Selection,382,343,0.00,0.00,Left,N/A,
115.8290,cer,MenuSelection,Menu Selection,382,343,0.00,0.00,Left,N/A,
115.8389,cer,MenuSelection,Menu Selection,382,343,0.00,0.00,Left,N/A,
115.8485,cer,MenuSelection,Menu Selection,382,343,0.00,0.00,Left,N/A,
115.8580,cer,MenuSelection,Menu Selection,382,343,0.00,0.00,Left,N/A,
115.8685,cer,MenuSelection,Menu Selection,382,343,0.00,0.00,Left,N/A,
115.8790,cer,MenuSelection,Menu Selection,382,343,0.00,0.00,Left,N/A,
115.8889,cer,MenuSelection,Menu Selection,382,343,0.00,0.00,Left,N/A,
115.8984,cer,MenuSelection,Menu Selection,382,343,0.00,0.00,Left,N/A,
115.9089,cer,MenuSelection,Menu Selection,382,343,0.00,0.00,Left,N/A,
115.9185,cer,MenuSelection,Menu Selection,382,343,0.00,0.00,Left,N/A,
115.9290,cer,MenuSelection,Menu Selection,382,343,0.00,0.00,Left,N/A,
115.9386,cer,MenuSelection,Menu Selection,382,343,0.00,0.00,Left,N/A,
115.9487,cer,MenuSelection,Menu Selection,390,346,844.28,83427.21,Left,N/A,
115.9583,cer,MenuSelection,Menu Selection,406,351,1750.69,94663.06,Left,N/A,
115.9689,cer,MenuSelection,Menu Selection,462,371,5624.08,366342.78,Left,N/A,
115.9785,cer,MenuSelection,Menu Selection,482,378,2211.83,-356180.25,Left,N/A,
115.9890,cer,MenuSelection,Menu Selection,513,389,3127.43,87052.00,Left,N/A,
115.9985,cer,MenuSelection,Menu Selection,525,394,1370.45,-185219.11,Left,N/A,
116.0085,cer,MenuSelection,Menu Selection,536,399,1199.47,-16972.71,Left,N/A,
116.0181,cer,MenuSelection,Menu Selection,551,406,1741.58,57036.94,Left,N/A,
116.0286,cer,MenuSelection,Menu Selection,555,407,392.64,-128459.10,Left,N/A,
116.0381,cer,MenuSelection,Menu Selection,560,408,532.94,14663.46,Left,N/A,
116.0486,cer,MenuSelection,Menu Selection,562,408,190.68,-32631.00,Left,N/A,
116.0586,cer,MenuSelection,Menu Selection,564,407,222.79,3199.11,Left,N/A,
116.0681,cer,MenuSelection,Menu Selection,564,407,0.00,-23519.88,Left,N/A,
116.0788,cer,MenuSelection,Menu Selection,564,407,0.00,0.00,Left,N/A,
116.0883,cer,MenuSelection,Menu Selection,564,407,0.00,0.00,Left,N/A,
116.0982,cer,MenuSelection,Menu Selection,564,407,0.00,0.00,Left,N/A,
116.1082,cer,MenuSelection,Menu Selection,564,407,0.00,0.00,Left,N/A,
116.1187,cer,MenuSelection,Menu Selection,564,407,0.00,0.00,Left,N/A,
116.1281,cer,MenuSelection,Menu Selection,564,407,0.00,0.00,Left,N/A,
116.1385,cer,MenuSelection,Menu Selection,564,407,0.00,0.00,Left,N/A,
116.1481,cer,MenuSelection,Menu Selection,564,407,0.00,0.00,Left,N/A,
116.1588,cer,MenuSelection,Menu Selection,564,407,0.00,0.00,Left,N/A,
116.1683,cer,MenuSelection,Menu Selection,564,407,0.00,0.00,Left,N/A,
116.1793,cer,MenuSelection,Menu Selection,564,407,0.00,0.00,Left,N/A,
116.1890,cer,MenuSelection,Menu Selection,564,407,0.00,0.00,Left,N/A,
116.1985,cer,MenuSelection,Menu Selection,564,407,0.00,0.00,Left,N/A,
116.2082,cer,MenuSelection,Menu Selection,564,407,0.00,0.00,Left,N/A,
116.2186,cer,MenuSelection,Menu Selection,564,407,0.00,0.00,Left,N/A,
116.2281,cer,MenuSelection,Menu Selection,564,407,0.00,0.00,Left,N/A,
116.2387,cer,MenuSelection,Menu Selection,564,407,0.00,0.00,Left,N/A,
116.2482,cer,MenuSelection,Menu Selection,564,407,0.00,0.00,Left,N/A,
116.2588,cer,MenuSelection,Menu Selection,564,407,0.00,0.00,Left,N/A,
116.2684,cer,MenuSelection,Menu Selection,564,407,0.00,0.00,Left,N/A,
116.2790,cer,MenuSelection,Menu Selection,564,407,0.00,0.00,Left,N/A,
116.2885,cer,MenuSelection,Menu Selection,564,407,0.00,0.00,Left,N/A,
116.2990,cer,MenuSelection,Menu Selection,564,407,0.00,0.00,Left,N/A,
116.3086,cer,MenuSelection,Menu Selection,564,407,0.00,0.00,Left,N/A,
116.3182,cer,MenuSelection,Menu Selection,564,407,0.00,0.00,Left,N/A,
116.3287,cer,MenuSelection,Menu Selection,564,407,0.00,0.00,Left,N/A,
116.3380,cer,MenuSelection,Menu Selection,564,407,0.00,0.00,Left,N/A,
116.3485,cer,MenuSelection,Menu Selection,564,407,0.00,0.00,Left,N/A,
116.3587,cer,MenuSelection,Menu Selection,564,407,0.00,0.00,Left,N/A,
116.3682,cer,MenuSelection,Menu Selection,564,407,0.00,0.00,Left,N/A,
116.3786,cer,MenuSelection,Menu Selection,564,407,0.00,0.00,Left,N/A,
116.3882,cer,MenuSelection,Menu Selection,564,407,0.00,0.00,Left,N/A,
116.3988,cer,MenuSelection,Menu Selection,564,407,0.00,0.00,Left,N/A,
116.4085,cer,MenuSelection,Menu Selection,564,407,0.00,0.00,Left,N/A,
116.4182,cer,MenuSelection,Menu Selection,564,407,0.00,0.00,Left,N/A,
116.4287,cer,MenuSelection,Menu Selection,564,407,0.00,0.00,Left,N/A,
116.4381,cer,MenuSelection,Menu Selection,564,407,0.00,0.00,Left,N/A,
116.4485,cer,MenuSelection,Menu Selection,564,407,0.00,0.00,Left,N/A,
116.4588,cer,MenuSelection,Menu Selection,564,407,0.00,0.00,Left,N/A,
116.4683,cer,MenuSelection,Menu Selection,564,407,0.00,0.00,Left,N/A,
116.4790,cer,MenuSelection,Menu Selection,564,407,0.00,0.00,Left,N/A,
116.4885,cer,MenuSelection,Menu Selection,564,407,0.00,0.00,Left,N/A,
116.4990,cer,MenuSelection,Menu Selection,564,407,0.00,0.00,Left,N/A,
116.5086,cer,MenuSelection,Menu Selection,564,407,0.00,0.00,Left,N/A,
116.5183,cer,MenuSelection,Menu Selection,564,407,0.00,0.00,Left,N/A,
116.5288,cer,MenuSelection,Menu Selection,564,407,0.00,0.00,Left,N/A,
116.5389,cer,MenuSelection,Menu Selection,564,407,0.00,0.00,Left,N/A,
116.5483,cer,MenuSelection,Menu Selection,564,407,0.00,0.00,Left,N/A,
116.5590,cer,MenuSelection,Menu Selection,564,407,0.00,0.00,Left,N/A,
116.5685,cer,MenuSelection,Menu Selection,564,407,0.00,0.00,Left,N/A,
116.5782,cer,MenuSelection,Menu Selection,564,407,0.00,0.00,Left,N/A,
116.5888,cer,MenuSelection,Menu Selection,564,407,0.00,0.00,Left,N/A,
116.5984,cer,MenuSelection,Menu Selection,564,407,0.00,0.00,Left,N/A,
116.6090,cer,MenuSelection,Menu Selection,564,407,0.00,0.00,Left,N/A,
116.6185,cer,MenuSelection,Menu Selection,564,407,0.00,0.00,Left,N/A,
116.6284,cer,MenuSelection,Menu Selection,564,407,0.00,0.00,Left,N/A,
116.6390,cer,MenuSelection,Menu Selection,564,407,0.00,0.00,Left,N/A,
116.6486,cer,MenuSelection,Menu Selection,564,407,0.00,0.00,Left,N/A,
116.6582,cer,MenuSelection,Menu Selection,564,407,0.00,0.00,Left,N/A,
116.6688,cer,MenuSelection,Menu Selection,564,407,0.00,0.00,Left,N/A,
116.6785,cer,MenuSelection,Menu Selection,564,407,0.00,0.00,Left,N/A,
116.6890,cer,MenuSelection,Menu Selection,564,407,0.00,0.00,Left,N/A,
116.6985,cer,MenuSelection,Menu Selection,564,407,0.00,0.00,Left,N/A,
116.7081,cer,MenuSelection,Menu Selection,564,407,0.00,0.00,Left,N/A,
116.7186,cer,MenuSelection,Menu Selection,564,407,0.00,0.00,Left,N/A,
116.7285,cer,MenuSelection,Menu Selection,564,407,0.00,0.00,Left,N/A,
116.7382,cer,MenuSelection,Menu Selection,564,407,0.00,0.00,Left,N/A,
116.7488,cer,MenuSelection,Menu Selection,564,407,0.00,0.00,Left,N/A,
116.7586,cer,MenuSelection,Menu Selection,564,407,0.00,0.00,Left,N/A,
116.7697,cer,MenuSelection,Menu Selection,564,407,0.00,0.00,Left,N/A,
116.7786,cer,MenuSelection,Menu Selection,564,407,0.00,0.00,Left,N/A,
116.7895,cer,MenuSelection,Menu Selection,564,407,0.00,0.00,Left,N/A,
116.7989,cer,MenuSelection,Menu Selection,564,407,0.00,0.00,Left,N/A,
116.8090,cer,MenuSelection,Menu Selection,564,407,0.00,0.00,Left,N/A,
116.8188,cer,MenuSelection,Menu Selection,564,407,0.00,0.00,Left,N/A,
116.8303,cer,MenuSelection,Menu Selection,564,407,0.00,0.00,Left,N/A,
116.8382,cer,MenuSelection,Menu Selection,564,407,0.00,0.00,Left,N/A,
116.8496,cer,MenuSelection,Menu Selection,564,407,0.00,0.00,Left,N/A,
116.8582,cer,MenuSelection,Menu Selection,564,407,0.00,0.00,Left,N/A,
116.8687,cer,MenuSelection,Menu Selection,564,407,0.00,0.00,Left,N/A,
116.8783,cer,MenuSelection,Menu Selection,564,407,0.00,0.00,Left,N/A,
116.8882,cer,MenuSelection,Menu Selection,564,407,0.00,0.00,Left,N/A,
116.8980,cer,MenuSelection,Menu Selection,564,407,0.00,0.00,Left,N/A,
116.9086,cer,MenuSelection,Menu Selection,564,407,0.00,0.00,Left,N/A,
116.9182,cer,MenuSelection,Menu Selection,564,407,0.00,0.00,Left,N/A,
116.9281,cer,MenuSelection,Menu Selection,564,407,0.00,0.00,Left,N/A,
116.9386,cer,MenuSelection,Menu Selection,564,407,0.00,0.00,Left,N/A,
116.9480,cer,MenuSelection,Menu Selection,564,407,0.00,0.00,Left,N/A,
116.9589,cer,MenuSelection,Menu Selection,564,407,0.00,0.00,Left,N/A,
116.9683,cer,MenuSelection,Menu Selection,564,407,0.00,0.00,Left,N/A,
116.9792,cer,MenuSelection,Menu Selection,564,407,0.00,0.00,Left,N/A,
116.9888,cer,MenuSelection,Menu Selection,564,407,0.00,0.00,Left,N/A,
116.9983,cer,MenuSelection,Menu Selection,564,407,0.00,0.00,Left,N/A,
117.0082,cer,MenuSelection,Menu Selection,564,407,0.00,0.00,Left,N/A,
117.0188,cer,MenuSelection,Menu Selection,564,407,0.00,0.00,Left,N/A,
117.0283,cer,MenuSelection,Menu Selection,564,407,0.00,0.00,Left,N/A,
117.0388,cer,MenuSelection,Menu Selection,564,407,0.00,0.00,Left,N/A,
117.0485,cer,MenuSelection,Menu Selection,564,407,0.00,0.00,Left,N/A,
117.0583,cer,MenuSelection,Menu Selection,564,407,0.00,0.00,Left,N/A,
117.0688,cer,MenuSelection,Menu Selection,564,407,0.00,0.00,Left,N/A,
117.0785,cer,MenuSelection,Menu Selection,564,407,0.00,0.00,Left,N/A,
117.0881,cer,MenuSelection,Menu Selection,564,407,0.00,0.00,Left,N/A,
117.0986,cer,MenuSelection,Menu Selection,564,407,0.00,0.00,Left,N/A,
117.1089,cer,MenuSelection,Menu Selection,564,407,0.00,0.00,Left,N/A,
117.1184,cer,MenuSelection,Menu Selection,564,407,0.00,0.00,Left,N/A,
117.1281,cer,MenuSelection,Menu Selection,564,407,0.00,0.00,Left,N/A,
117.1386,cer,MenuSelection,Menu Selection,564,407,0.00,0.00,Left,N/A,
117.1481,cer,MenuSelection,Menu Selection,564,407,0.00,0.00,Left,N/A,
117.1585,cer,MenuSelection,Menu Selection,564,407,0.00,0.00,Left,N/A,
117.1690,cer,MenuSelection,Menu Selection,564,407,0.00,0.00,Left,N/A,
117.1785,cer,MenuSelection,Menu Selection,564,407,0.00,0.00,Left,N/A,
117.1889,cer,MenuSelection,Menu Selection,564,407,0.00,0.00,Left,N/A,
117.1988,cer,MenuSelection,Menu Selection,564,407,0.00,0.00,Left,N/A,
117.2081,cer,MenuSelection,Menu Selection,564,407,0.00,0.00,Left,N/A,
117.2186,cer,MenuSelection,Menu Selection,564,407,0.00,0.00,Left,N/A,
117.2282,cer,MenuSelection,Menu Selection,564,407,0.00,0.00,Left,N/A,
117.2386,cer,MenuSelection,Menu Selection,564,407,0.00,0.00,Left,N/A,
117.2481,cer,MenuSelection,Menu Selection,564,407,0.00,0.00,Left,N/A,
117.2589,cer,MenuSelection,Menu Selection,564,407,0.00,0.00,Left,N/A,
117.2684,cer,MenuSelection,Menu Selection,564,407,0.00,0.00,Left,N/A,
117.2789,cer,MenuSelection,Menu Selection,564,407,0.00,0.00,Left,N/A,
117.2885,cer,MenuSelection,Menu Selection,564,407,0.00,0.00,Left,N/A,
117.2984,cer,MenuSelection,Menu Selection,564,407,0.00,0.00,Left,N/A,
117.3082,cer,MenuSelection,Menu Selection,564,407,0.00,0.00,Left,N/A,
117.3187,cer,MenuSelection,Menu Selection,564,407,0.00,0.00,Left,N/A,
117.3284,cer,MenuSelection,Menu Selection,564,407,0.00,0.00,Left,N/A,
117.3388,cer,MenuSelection,Menu Selection,564,407,0.00,0.00,Left,N/A,
117.3483,cer,MenuSelection,Menu Selection,564,407,0.00,0.00,Left,N/A,
117.3581,cer,MenuSelection,Menu Selection,564,407,0.00,0.00,Left,N/A,
117.3681,cer,MenuSelection,Menu Selection,491,345,9668.64,976057.18,Left,N/A,
117.3786,cer,MenuSelection,Menu Selection,414,276,9825.75,14930.35,Left,N/A,
117.3888,cer,MenuSelection,Menu Selection,335,207,10240.50,40492.85,Left,N/A,
117.3985,cer,MenuSelection,Menu Selection,314,189,2852.02,-761863.36,Left,N/A,
117.4084,cer,MenuSelection,Menu Selection,279,161,4530.47,169653.73,Left,N/A,
117.4187,cer,MenuSelection,Menu Selection,264,150,1803.65,-264405.87,Left,N/A,
117.4280,cer,MenuSelection,Menu Selection,239,132,3309.15,161720.45,Left,N/A,
117.4383,cer,MenuSelection,Menu Selection,230,127,998.66,-224113.76,Left,N/A,
117.4483,cer,MenuSelection,Menu Selection,221,123,989.53,-916.74,Left,N/A,
117.4584,cer,MenuSelection,Menu Selection,221,123,0.00,-98174.10,Left,N/A,
117.4689,cer,MenuSelection,Menu Selection,221,123,0.00,0.00,Left,N/A,
117.4782,cer,MenuSelection,Menu Selection,221,123,0.00,0.00,Left,N/A,
117.4885,cer,MenuSelection,Menu Selection,221,123,0.00,0.00,Left,N/A,
117.4990,cer,MenuSelection,Menu Selection,221,123,0.00,0.00,Left,N/A,
117.5087,cer,MenuSelection,Menu Selection,221,123,0.00,0.00,Left,N/A,
117.5182,cer,MenuSelection,Menu Selection,221,123,0.00,0.00,Left,N/A,
117.5281,cer,MenuSelection,Menu Selection,221,123,0.00,0.00,Left,N/A,
117.5385,cer,MenuSelection,Menu Selection,221,123,0.00,0.00,Left,N/A,
117.5481,cer,MenuSelection,Menu Selection,221,123,0.00,0.00,Left,N/A,
117.5586,cer,MenuSelection,Menu Selection,221,123,0.00,0.00,Left,N/A,
117.5682,cer,MenuSelection,Menu Selection,221,123,0.00,0.00,Left,N/A,
117.5788,cer,MenuSelection,Menu Selection,221,123,0.00,0.00,Left,N/A,
117.5883,cer,MenuSelection,Menu Selection,221,123,0.00,0.00,Left,N/A,
117.5988,cer,MenuSelection,Menu Selection,221,123,0.00,0.00,Left,N/A,
117.6089,cer,MenuSelection,Menu Selection,225,122,410.67,40902.81,Left,N/A,
117.6183,cer,MenuSelection,Menu Selection,229,122,427.09,1753.17,Left,N/A,
117.6280,cer,MenuSelection,Menu Selection,235,120,646.88,22480.20,Left,N/A,
117.6382,cer,MenuSelection,Menu Selection,259,117,2382.55,170975.15,Left,N/A,
117.6483,cer,MenuSelection,Menu Selection,274,115,1502.71,-87370.08,Left,N/A,
117.6581,cer,MenuSelection,Menu Selection,298,115,2444.47,95921.39,Left,N/A,
117.6690,cer,MenuSelection,Menu Selection,306,116,739.49,-156385.41,Left,N/A,
117.6792,cer,MenuSelection,Menu Selection,322,120,1609.38,84885.65,Left,N/A,
117.6889,cer,MenuSelection,Menu Selection,328,122,653.92,-98788.56,Left,N/A,
117.6983,cer,MenuSelection,Menu Selection,335,125,805.44,16023.93,Left,N/A,
117.7082,cer,MenuSelection,Menu Selection,348,130,1410.50,61272.73,Left,N/A,
117.7189,cer,MenuSelection,Menu Selection,354,134,676.86,-68861.66,Left,N/A,
117.7280,cer,MenuSelection,Menu Selection,367,140,1572.08,98293.21,Left,N/A,
117.7385,cer,MenuSelection,Menu Selection,372,144,610.86,-91700.51,Left,N/A,
117.7485,cer,MenuSelection,Menu Selection,379,149,858.49,24712.87,Left,N/A,
117.7585,cer,MenuSelection,Menu Selection,382,151,361.24,-49819.65,Left,N/A,
117.7690,cer,MenuSelection,Menu Selection,384,153,268.98,-8773.15,Left,N/A,
117.7784,cer,MenuSelection,Menu Selection,388,156,528.76,27471.17,Left,N/A,
117.7885,cer,MenuSelection,Menu Selection,389,157,141.25,-38704.19,Left,N/A,
117.7986,cer,MenuSelection,Menu Selection,392,158,310.14,16562.84,Left,N/A,
117.8081,cer,MenuSelection,Menu Selection,393,159,150.27,-16986.77,Left,N/A,
117.8184,cer,MenuSelection,Menu Selection,394,159,96.51,-5188.30,Left,N/A,
117.8280,cer,MenuSelection,Menu Selection,395,160,147.99,5387.82,Left,N/A,
117.8382,cer,MenuSelection,Menu Selection,395,160,0.00,-14523.86,Left,N/A,
117.8481,cer,MenuSelection,Menu Selection,396,160,101.00,10201.37,Left,N/A,
117.8581,cer,MenuSelection,Menu Selection,396,160,0.00,-10109.35,Left,N/A,
117.8681,cer,MenuSelection,Menu Selection,397,160,99.61,9922.75,Left,N/A,
117.8789,cer,MenuSelection,Menu Selection,397,160,0.00,-9213.35,Left,N/A,
117.8880,cer,MenuSelection,Menu Selection,398,160,110.04,12108.91,Left,N/A,
117.8985,cer,MenuSelection,Menu Selection,398,160,0.00,-10521.18,Left,N/A,
117.9081,cer,MenuSelection,Menu Selection,398,160,0.00,0.00,Left,N/A,
117.9188,cer,MenuSelection,Menu Selection,398,160,0.00,0.00,Left,N/A,
117.9282,cer,MenuSelection,Menu Selection,398,160,0.00,0.00,Left,N/A,
117.9388,cer,MenuSelection,Menu Selection,398,160,0.00,0.00,Left,N/A,
117.9484,cer,MenuSelection,Menu Selection,398,160,0.00,0.00,Left,N/A,
117.9581,cer,MenuSelection,Menu Selection,398,160,0.00,0.00,Left,N/A,
117.9685,cer,MenuSelection,Menu Selection,398,160,0.00,0.00,Left,N/A,
117.9791,cer,MenuSelection,Menu Selection,398,160,0.00,0.00,Left,N/A,
117.9885,cer,MenuSelection,Menu Selection,398,160,0.00,0.00,Left,N/A,
117.9990,cer,MenuSelection,Menu Selection,398,160,0.00,0.00,Left,N/A,
118.0088,cer,MenuSelection,Menu Selection,398,160,0.00,0.00,Left,N/A,
118.0186,cer,MenuSelection,Menu Selection,398,160,0.00,0.00,Left,N/A,
118.0280,cer,MenuSelection,Menu Selection,398,160,0.00,0.00,Left,N/A,
118.0384,cer,MenuSelection,Menu Selection,398,160,0.00,0.00,Left,N/A,
118.0489,cer,MenuSelection,Menu Selection,398,160,0.00,0.00,Left,N/A,
118.0584,cer,MenuSelection,Menu Selection,398,160,0.00,0.00,Left,N/A,
118.0688,cer,MenuSelection,Menu Selection,398,160,0.00,0.00,Left,N/A,
118.0783,cer,MenuSelection,Menu Selection,398,160,0.00,0.00,Left,N/A,
118.0888,cer,MenuSelection,Menu Selection,398,160,0.00,0.00,Left,N/A,
118.0984,cer,MenuSelection,Menu Selection,398,160,0.00,0.00,Left,N/A,
118.1082,cer,MenuSelection,Menu Selection,398,160,0.00,0.00,Left,N/A,
118.1185,cer,MenuSelection,Menu Selection,398,161,97.87,9578.48,Left,N/A,
118.1284,cer,MenuSelection,Menu Selection,400,164,364.01,26868.97,Left,N/A,
118.1381,cer,MenuSelection,Menu Selection,403,169,599.33,24186.97,Left,N/A,
118.1490,cer,MenuSelection,Menu Selection,405,172,331.65,-24621.94,Left,N/A,
118.1585,cer,MenuSelection,Menu Selection,407,174,297.75,-3568.30,Left,N/A,
118.1684,cer,MenuSelection,Menu Selection,409,178,448.80,15158.19,Left,N/A,
118.1782,cer,MenuSelection,Menu Selection,411,180,290.35,-16265.47,Left,N/A,
118.1883,cer,MenuSelection,Menu Selection,413,182,278.20,-1194.75,Left,N/A,
118.1982,cer,MenuSelection,Menu Selection,414,183,142.95,-13671.20,Left,N/A,
118.2082,cer,MenuSelection,Menu Selection,415,185,223.62,8067.33,Left,N/A,
118.2181,cer,MenuSelection,Menu Selection,415,185,0.00,-22576.56,Left,N/A,
118.2290,cer,MenuSelection,Menu Selection,416,186,130.60,12060.87,Left,N/A,
118.2385,cer,MenuSelection,Menu Selection,416,186,0.00,-13678.11,Left,N/A,
118.2480,cer,MenuSelection,Menu Selection,416,186,0.00,0.00,Left,N/A,
118.2584,cer,MenuSelection,Menu Selection,416,186,0.00,0.00,Left,N/A,
118.2688,cer,MenuSelection,Menu Selection,416,186,0.00,0.00,Left,N/A,
118.2781,cer,MenuSelection,Menu Selection,416,186,0.00,0.00,Left,N/A,
118.2885,cer,MenuSelection,Menu Selection,416,186,0.00,0.00,Left,N/A,
118.2990,cer,MenuSelection,Menu Selection,416,186,0.00,0.00,Left,N/A,
118.3084,cer,MenuSelection,Menu Selection,416,186,0.00,0.00,Left,N/A,
118.3188,cer,MenuSelection,Menu Selection,416,186,0.00,0.00,Left,N/A,
118.3282,cer,MenuSelection,Menu Selection,416,186,0.00,0.00,Left,N/A,
118.3386,cer,MenuSelection,Menu Selection,416,186,0.00,0.00,Left,N/A,
118.3481,cer,MenuSelection,Menu Selection,416,186,0.00,0.00,Left,N/A,
118.3586,cer,MenuSelection,Menu Selection,416,186,0.00,0.00,Left,N/A,
118.3681,cer,MenuSelection,Menu Selection,416,186,0.00,0.00,Left,N/A,
118.3785,cer,MenuSelection,Menu Selection,416,186,0.00,0.00,Left,N/A,
118.3880,cer,MenuSelection,Menu Selection,416,186,0.00,0.00,Left,N/A,
118.3985,cer,MenuSelection,Menu Selection,416,186,0.00,0.00,Left,N/A,
118.4090,cer,MenuSelection,Menu Selection,416,186,0.00,0.00,Left,N/A,
118.4190,cer,MenuSelection,Menu Selection,416,186,0.00,0.00,Left,N/A,
118.4285,cer,MenuSelection,Menu Selection,416,186,0.00,0.00,Left,N/A,
118.4389,cer,MenuSelection,Menu Selection,416,186,0.00,0.00,Left,N/A,
118.4485,cer,MenuSelection,Menu Selection,416,186,0.00,0.00,Left,N/A,
118.4583,cer,MenuSelection,Menu Selection,416,186,0.00,0.00,Left,N/A,
118.4688,cer,MenuSelection,Menu Selection,416,186,0.00,0.00,Left,N/A,
118.4782,cer,MenuSelection,Menu Selection,416,186,0.00,0.00,Left,N/A,
118.4886,cer,MenuSelection,Menu Selection,416,186,0.00,0.00,Left,N/A,
118.4982,cer,MenuSelection,Menu Selection,416,186,0.00,0.00,Left,N/A,
118.5082,cer,MenuSelection,Menu Selection,416,186,0.00,0.00,Left,N/A,
118.5187,cer,MenuSelection,Menu Selection,416,186,0.00,0.00,Left,N/A,
118.5285,cer,MenuSelection,Menu Selection,416,186,0.00,0.00,Left,N/A,
118.5382,cer,MenuSelection,Menu Selection,416,186,0.00,0.00,Left,N/A,
118.5488,cer,MenuSelection,Menu Selection,416,186,0.00,0.00,Left,N/A,
118.5582,cer,MenuSelection,Menu Selection,416,186,0.00,0.00,Left,N/A,
118.5687,cer,MenuSelection,Menu Selection,416,186,0.00,0.00,Left,N/A,
118.5782,cer,MenuSelection,Menu Selection,416,186,0.00,0.00,Left,N/A,
118.5888,cer,MenuSelection,Menu Selection,416,186,0.00,0.00,Left,N/A,
118.6003,cer,MenuSelection,Menu Selection,416,186,0.00,0.00,None,N/A,
118.6082,cer,MenuSelection,Menu Selection,416,186,0.00,0.00,None,N/A,
118.6187,cer,MenuSelection,Menu Selection,416,186,0.00,0.00,None,N/A,
118.6284,cer,MenuSelection,Menu Selection,416,186,0.00,0.00,None,N/A,
118.6388,cer,MenuSelection,Menu Selection,416,186,0.00,0.00,None,N/A,
118.6483,cer,MenuSelection,Menu Selection,416,186,0.00,0.00,None,N/A,
118.6589,cer,MenuSelection,Menu Selection,416,186,0.00,0.00,None,N/A,
118.6685,cer,MenuSelection,Menu Selection,416,186,0.00,0.00,None,N/A,
118.6784,cer,MenuSelection,Menu Selection,416,186,0.00,0.00,None,N/A,
118.6893,cer,MenuSelection,Menu Selection,416,186,0.00,0.00,None,N/A,
118.6989,cer,MenuSelection,Menu Selection,416,186,0.00,0.00,None,N/A,
118.7088,cer,MenuSelection,Menu Selection,416,186,0.00,0.00,None,N/A,
118.7185,cer,MenuSelection,Menu Selection,416,186,0.00,0.00,None,N/A,
118.7281,cer,MenuSelection,Menu Selection,416,186,0.00,0.00,None,N/A,
118.7390,cer,MenuSelection,Menu Selection,416,186,0.00,0.00,None,N/A,
118.7486,cer,MenuSelection,Menu Selection,416,186,0.00,0.00,None,N/A,
118.7582,cer,MenuSelection,Menu Selection,416,186,0.00,0.00,None,N/A,
118.7686,cer,MenuSelection,Menu Selection,416,186,0.00,0.00,None,N/A,
118.7780,cer,MenuSelection,Menu Selection,416,186,0.00,0.00,None,N/A,
118.7884,cer,MenuSelection,Menu Selection,416,186,0.00,0.00,None,N/A,
118.7988,cer,MenuSelection,Menu Selection,416,186,0.00,0.00,None,N/A,
118.8084,cer,MenuSelection,Menu Selection,416,186,0.00,0.00,None,N/A,
118.8189,cer,MenuSelection,Menu Selection,416,186,0.00,0.00,None,N/A,
118.8285,cer,MenuSelection,Menu Selection,416,186,0.00,0.00,None,N/A,
118.8389,cer,MenuSelection,Menu Selection,419,191,562.82,54325.00,None,N/A,
118.8487,cer,MenuSelection,Menu Selection,420,193,228.17,-34148.00,None,N/A,
118.8589,cer,MenuSelection,Menu Selection,421,195,218.93,-905.26,None,N/A,
118.8685,cer,MenuSelection,Menu Selection,422,199,426.85,21526.31,None,N/A,
118.8787,cer,MenuSelection,Menu Selection,423,201,220.64,-20347.79,None,N/A,
118.8886,cer,MenuSelection,Menu Selection,424,204,319.68,10012.21,None,N/A,
118.8981,cer,MenuSelection,Menu Selection,424,206,210.57,-11487.83,None,N/A,
118.9080,cer,MenuSelection,Menu Selection,425,209,317.54,10741.29,None,N/A,
118.9190,cer,MenuSelection,Menu Selection,425,210,91.00,-20614.47,None,N/A,
118.9288,cer,MenuSelection,Menu Selection,425,214,410.25,32743.62,None,N/A,
118.9387,cer,MenuSelection,Menu Selection,425,216,201.34,-21031.07,None,N/A,
118.9488,cer,MenuSelection,Menu Selection,425,217,98.62,-10130.18,None,N/A,
118.9587,cer,MenuSelection,Menu Selection,425,221,405.01,31023.59,None,N/A,
118.9690,cer,MenuSelection,Menu Selection,425,222,97.28,-29936.07,None,N/A,
118.9782,cer,MenuSelection,Menu Selection,424,226,446.17,37754.22,None,N/A,
118.9888,cer,MenuSelection,Menu Selection,424,229,284.12,-15347.42,None,N/A,
118.9985,cer,MenuSelection,Menu Selection,423,231,230.80,-5502.70,None,N/A,
119.0085,cer,MenuSelection,Menu Selection,423,234,300.98,7040.87,None,N/A,
119.0187,cer,MenuSelection,Menu Selection,422,236,218.58,-8055.21,None,N/A,
119.0282,cer,MenuSelection,Menu Selection,422,238,210.33,-867.37,None,N/A,
119.0386,cer,MenuSelection,Menu Selection,421,240,215.56,504.02,None,N/A,
119.0488,cer,MenuSelection,Menu Selection,421,242,196.33,-1887.16,None,N/A,
119.0585,cer,MenuSelection,Menu Selection,421,243,102.29,-9619.86,None,N/A,
119.0682,cer,MenuSelection,Menu Selection,421,244,103.82,159.04,None,N/A,
119.0782,cer,MenuSelection,Menu Selection,421,246,199.00,9470.08,None,N/A,
119.0884,cer,MenuSelection,Menu Selection,421,247,97.98,-9897.86,None,N/A,
119.0987,cer,MenuSelection,Menu Selection,421,248,97.54,-43.34,None,N/A,
119.1081,cer,MenuSelection,Menu Selection,421,249,106.43,945.90,None,N/A,
119.1190,cer,MenuSelection,Menu Selection,421,250,91.03,-1401.47,None,N/A,
119.1284,cer,MenuSelection,Menu Selection,421,250,0.00,-9754.40,None,N/A,
119.1381,cer,MenuSelection,Menu Selection,421,250,0.00,0.00,None,N/A,
119.1485,cer,MenuSelection,Menu Selection,421,251,96.79,9367.47,None,N/A,
119.1582,cer,MenuSelection,Menu Selection,421,251,0.00,-9895.39,None,N/A,
119.1689,cer,MenuSelection,Menu Selection,421,251,0.00,0.00,None,N/A,
119.1784,cer,MenuSelection,Menu Selection,421,251,0.00,0.00,None,N/A,
119.1880,cer,MenuSelection,Menu Selection,421,251,0.00,0.00,None,N/A,
119.1984,cer,MenuSelection,Menu Selection,421,251,0.00,0.00,None,N/A,
119.2089,cer,MenuSelection,Menu Selection,421,251,0.00,0.00,None,N/A,
119.2182,cer,MenuSelection,Menu Selection,421,251,0.00,0.00,None,N/A,
119.2325,cer,MenuSelection,Menu Selection,421,251,0.00,0.00,None,N/A,
119.2386,cer,MenuSelection,Menu Selection,421,251,0.00,0.00,None,N/A,
119.2490,cer,MenuSelection,Menu Selection,421,251,0.00,0.00,None,N/A,
119.2583,cer,MenuSelection,Menu Selection,421,251,0.00,0.00,None,N/A,
119.2688,cer,MenuSelection,Menu Selection,421,251,0.00,0.00,None,N/A,
119.2784,cer,MenuSelection,Menu Selection,421,252,104.15,10848.17,None,N/A,
119.2887,cer,MenuSelection,Menu Selection,421,252,0.00,-10031.13,None,N/A,
119.2987,cer,MenuSelection,Menu Selection,423,253,225.02,22643.80,None,N/A,
119.3088,cer,MenuSelection,Menu Selection,423,253,0.00,-22149.58,None,N/A,
119.3190,cer,MenuSelection,Menu Selection,424,254,139.42,13744.78,None,N/A,
119.3286,cer,MenuSelection,Menu Selection,425,254,103.36,-3727.45,None,N/A,
119.3384,cer,MenuSelection,Menu Selection,426,255,144.58,4214.77,None,N/A,
119.3488,cer,MenuSelection,Menu Selection,427,255,96.11,-4658.62,None,N/A,
119.3583,cer,MenuSelection,Menu Selection,427,256,105.89,1035.76,None,N/A,
119.3685,cer,MenuSelection,Menu Selection,428,256,97.88,-784.59,None,N/A,
119.3785,cer,MenuSelection,Menu Selection,428,257,99.95,207.25,None,N/A,
119.3883,cer,MenuSelection,Menu Selection,429,257,102.10,219.86,None,N/A,
119.3989,cer,MenuSelection,Menu Selection,429,258,94.40,-727.35,None,N/A,
119.4086,cer,MenuSelection,Menu Selection,430,258,103.40,930.45,None,N/A,
119.4180,cer,MenuSelection,Menu Selection,430,259,106.10,287.25,None,N/A,
119.4283,cer,MenuSelection,Menu Selection,430,260,97.29,-857.27,None,N/A,
119.4380,cer,MenuSelection,Menu Selection,431,260,102.28,510.35,None,N/A,
119.4486,cer,MenuSelection,Menu Selection,431,262,188.66,8147.49,None,N/A,
119.4583,cer,MenuSelection,Menu Selection,432,262,103.40,-8815.57,None,N/A,
119.4685,cer,MenuSelection,Menu Selection,432,263,98.36,-495.37,None,N/A,
119.4796,cer,MenuSelection,Menu Selection,433,264,127.46,2622.12,None,N/A,
119.4884,cer,MenuSelection,Menu Selection,433,264,0.00,-14410.89,None,N/A,
119.4984,cer,MenuSelection,Menu Selection,433,264,0.00,0.00,None,N/A,
119.5081,cer,MenuSelection,Menu Selection,433,265,103.01,10611.29,None,N/A,
119.5183,cer,MenuSelection,Menu Selection,433,265,0.00,-10064.99,None,N/A,
119.5280,cer,MenuSelection,Menu Selection,433,265,0.00,0.00,None,N/A,
119.5382,cer,MenuSelection,Menu Selection,433,265,0.00,0.00,None,N/A,
119.5487,cer,MenuSelection,Menu Selection,433,265,0.00,0.00,None,N/A,
119.5580,cer,MenuSelection,Menu Selection,434,265,106.66,11376.97,None,N/A,
119.5685,cer,MenuSelection,Menu Selection,434,265,0.00,-10201.96,None,N/A,
119.5789,cer,MenuSelection,Menu Selection,434,265,0.00,0.00,None,N/A,
119.5882,cer,MenuSelection,Menu Selection,434,265,0.00,0.00,None,N/A,
119.5987,cer,MenuSelection,Menu Selection,434,265,0.00,0.00,None,N/A,
119.6082,cer,MenuSelection,Menu Selection,434,265,0.00,0.00,None,N/A,
119.6187,cer,MenuSelection,Menu Selection,434,265,0.00,0.00,None,N/A,
119.6282,cer,MenuSelection,Menu Selection,434,265,0.00,0.00,None,N/A,
119.6387,cer,MenuSelection,Menu Selection,434,265,0.00,0.00,None,N/A,
119.6481,cer,MenuSelection,Menu Selection,434,265,0.00,0.00,None,N/A,
119.6582,cer,MenuSelection,Menu Selection,434,265,0.00,0.00,None,N/A,
119.6682,cer,MenuSelection,Menu Selection,434,265,0.00,0.00,None,N/A,
119.6787,cer,MenuSelection,Menu Selection,434,265,0.00,0.00,None,N/A,
119.6882,cer,MenuSelection,Menu Selection,434,265,0.00,0.00,None,N/A,
119.6987,cer,MenuSelection,Menu Selection,434,265,0.00,0.00,None,N/A,
119.7082,cer,MenuSelection,Menu Selection,434,265,0.00,0.00,None,N/A,
119.7185,cer,MenuSelection,Menu Selection,434,265,0.00,0.00,None,N/A,
119.7290,cer,MenuSelection,Menu Selection,434,265,0.00,0.00,None,N/A,
119.7385,cer,MenuSelection,Menu Selection,434,265,0.00,0.00,None,N/A,
119.7488,cer,MenuSelection,Menu Selection,434,265,0.00,0.00,None,N/A,
119.7588,cer,MenuSelection,Menu Selection,434,265,0.00,0.00,None,N/A,
119.7685,cer,MenuSelection,Menu Selection,434,265,0.00,0.00,None,N/A,
119.7790,cer,MenuSelection,Menu Selection,434,265,0.00,0.00,None,N/A,
119.7885,cer,MenuSelection,Menu Selection,434,265,0.00,0.00,None,N/A,
119.7990,cer,MenuSelection,Menu Selection,434,265,0.00,0.00,None,N/A,
119.8084,cer,MenuSelection,Menu Selection,434,265,0.00,0.00,None,N/A,
119.8194,cer,MenuSelection,Menu Selection,434,265,0.00,0.00,None,N/A,
119.8290,cer,MenuSelection,Menu Selection,434,265,0.00,0.00,None,N/A,
119.8384,cer,MenuSelection,Menu Selection,434,265,0.00,0.00,None,N/A,
119.8488,cer,MenuSelection,Menu Selection,434,265,0.00,0.00,None,N/A,
119.8585,cer,MenuSelection,Menu Selection,434,265,0.00,0.00,None,N/A,
119.8682,cer,MenuSelection,Menu Selection,434,265,0.00,0.00,None,N/A,
119.8787,cer,MenuSelection,Menu Selection,434,265,0.00,0.00,None,N/A,
119.8883,cer,MenuSelection,Menu Selection,434,265,0.00,0.00,None,N/A,
119.8988,cer,MenuSelection,Menu Selection,434,265,0.00,0.00,None,N/A,
119.9082,cer,MenuSelection,Menu Selection,434,265,0.00,0.00,None,N/A,
119.9187,cer,MenuSelection,Menu Selection,434,265,0.00,0.00,None,N/A,
119.9283,cer,MenuSelection,Menu Selection,434,265,0.00,0.00,None,N/A,
119.9389,cer,MenuSelection,Menu Selection,434,265,0.00,0.00,None,N/A,
119.9484,cer,MenuSelection,Menu Selection,434,265,0.00,0.00,None,N/A,
119.9588,cer,MenuSelection,Menu Selection,434,265,0.00,0.00,None,N/A,
119.9682,cer,MenuSelection,Menu Selection,434,265,0.00,0.00,None,N/A,
119.9787,cer,MenuSelection,Menu Selection,434,265,0.00,0.00,None,N/A,
119.9882,cer,MenuSelection,Menu Selection,434,265,0.00,0.00,None,N/A,
119.9988,cer,MenuSelection,Menu Selection,434,265,0.00,0.00,None,N/A,
120.0083,cer,MenuSelection,Menu Selection,434,265,0.00,0.00,None,N/A,
120.0187,cer,MenuSelection,Menu Selection,434,265,0.00,0.00,None,N/A,
120.0282,cer,MenuSelection,Menu Selection,434,265,0.00,0.00,None,N/A,
120.0387,cer,MenuSelection,Menu Selection,434,265,0.00,0.00,None,N/A,
120.0482,cer,MenuSelection,Menu Selection,434,265,0.00,0.00,None,N/A,
120.0586,cer,MenuSelection,Menu Selection,434,265,0.00,0.00,None,N/A,
120.0690,cer,MenuSelection,Menu Selection,434,265,0.00,0.00,None,N/A,
120.0784,cer,MenuSelection,Menu Selection,434,265,0.00,0.00,None,N/A,
120.0882,cer,MenuSelection,Menu Selection,434,265,0.00,0.00,None,N/A,
120.0982,cer,MenuSelection,Menu Selection,434,265,0.00,0.00,None,N/A,
120.1083,cer,MenuSelection,Menu Selection,434,265,0.00,0.00,None,N/A,
120.1181,cer,MenuSelection,Menu Selection,435,266,143.55,14570.42,None,N/A,
120.1281,cer,MenuSelection,Menu Selection,435,266,0.00,-14367.71,None,N/A,
120.1387,cer,MenuSelection,Menu Selection,438,267,298.14,28108.27,None,N/A,
120.1489,cer,MenuSelection,Menu Selection,440,268,219.66,-7709.37,None,N/A,
120.1586,cer,MenuSelection,Menu Selection,448,271,882.08,68387.68,None,N/A,
120.1680,cer,MenuSelection,Menu Selection,453,272,540.48,-36208.18,None,N/A,
120.1797,cer,MenuSelection,Menu Selection,462,275,811.47,23179.96,None,N/A,
120.1890,cer,MenuSelection,Menu Selection,466,276,445.29,-39547.55,None,N/A,
120.1986,cer,MenuSelection,Menu Selection,474,278,858.99,43094.25,None,N/A,
120.2086,cer,MenuSelection,Menu Selection,477,278,300.55,-55946.27,None,N/A,
120.2187,cer,MenuSelection,Menu Selection,480,279,310.74,1000.94,None,N/A,
120.2285,cer,MenuSelection,Menu Selection,486,280,623.21,32014.26,None,N/A,
120.2386,cer,MenuSelection,Menu Selection,488,281,221.55,-39796.68,None,N/A,
120.2485,cer,MenuSelection,Menu Selection,492,282,415.85,19596.64,None,N/A,
120.2582,cer,MenuSelection,Menu Selection,494,282,206.58,-21615.55,None,N/A,
120.2686,cer,MenuSelection,Menu Selection,496,283,215.79,888.47,None,N/A,
120.2790,cer,MenuSelection,Menu Selection,498,283,191.59,-2317.89,None,N/A,
120.2883,cer,MenuSelection,Menu Selection,499,284,152.68,-4200.48,None,N/A,
120.2987,cer,MenuSelection,Menu Selection,501,285,213.77,5839.87,None,N/A,
120.3083,cer,MenuSelection,Menu Selection,502,285,104.38,-11418.18,None,N/A,
120.3189,cer,MenuSelection,Menu Selection,505,287,339.61,22156.07,None,N/A,
120.3281,cer,MenuSelection,Menu Selection,506,289,244.27,-10414.88,None,N/A,
120.3381,cer,MenuSelection,Menu Selection,509,292,423.87,17943.36,None,N/A,
120.3480,cer,MenuSelection,Menu Selection,511,293,224.59,-20015.63,None,N/A,
120.3589,cer,MenuSelection,Menu Selection,516,297,591.13,33837.87,None,N/A,
120.3687,cer,MenuSelection,Menu Selection,519,300,429.41,-16367.53,None,N/A,
120.3788,cer,MenuSelection,Menu Selection,521,302,281.98,-14698.34,None,N/A,
120.3887,cer,MenuSelection,Menu Selection,526,306,645.83,36697.56,None,N/A,
120.3989,cer,MenuSelection,Menu Selection,528,307,218.45,-41752.01,None,N/A,
120.4082,cer,MenuSelection,Menu Selection,531,310,456.14,25554.69,None,N/A,
120.4185,cer,MenuSelection,Menu Selection,533,311,218.25,-23219.06,None,N/A,
120.4285,cer,MenuSelection,Menu Selection,535,313,283.35,6521.89,None,N/A,
120.4388,cer,MenuSelection,Menu Selection,536,314,137.33,-14179.52,None,N/A,
120.4485,cer,MenuSelection,Menu Selection,537,315,144.91,776.55,None,N/A,
120.4583,cer,MenuSelection,Menu Selection,539,317,288.81,14694.31,None,N/A,
120.4682,cer,MenuSelection,Menu Selection,540,317,100.81,-18952.80,None,N/A,
120.4782,cer,MenuSelection,Menu Selection,541,319,223.65,12286.07,None,N/A,
120.4887,cer,MenuSelection,Menu Selection,541,319,0.00,-21261.92,None,N/A,
120.4982,cer,MenuSelection,Menu Selection,542,319,105.25,11078.05,None,N/A,
120.5085,cer,MenuSelection,Menu Selection,542,320,97.86,-723.57,None,N/A,
120.5187,cer,MenuSelection,Menu Selection,542,320,0.00,-9567.76,None,N/A,
120.5285,cer,MenuSelection,Menu Selection,542,321,102.45,10496.01,None,N/A,
120.5389,cer,MenuSelection,Menu Selection,542,321,0.00,-9784.96,None,N/A,
120.5489,cer,MenuSelection,Menu Selection,542,321,0.00,0.00,None,N/A,
120.5583,cer,MenuSelection,Menu Selection,542,321,0.00,0.00,None,N/A,
120.5687,cer,MenuSelection,Menu Selection,542,321,0.00,0.00,None,N/A,
120.5782,cer,MenuSelection,Menu Selection,542,321,0.00,0.00,None,N/A,
120.5887,cer,MenuSelection,Menu Selection,542,321,0.00,0.00,None,N/A,
120.5982,cer,MenuSelection,Menu Selection,542,321,0.00,0.00,None,N/A,
120.6088,cer,MenuSelection,Menu Selection,542,321,0.00,0.00,None,N/A,
120.6187,cer,MenuSelection,Menu Selection,542,321,0.00,0.00,None,N/A,
120.6283,cer,MenuSelection,Menu Selection,542,321,0.00,0.00,None,N/A,
120.6389,cer,MenuSelection,Menu Selection,542,321,0.00,0.00,None,N/A,
120.6487,cer,MenuSelection,Menu Selection,542,321,0.00,0.00,None,N/A,
120.6583,cer,MenuSelection,Menu Selection,542,321,0.00,0.00,None,N/A,
120.6688,cer,MenuSelection,Menu Selection,542,321,0.00,0.00,None,N/A,
120.6784,cer,MenuSelection,Menu Selection,542,321,0.00,0.00,None,N/A,
120.6890,cer,MenuSelection,Menu Selection,542,321,0.00,0.00,None,N/A,
120.6986,cer,MenuSelection,Menu Selection,542,321,0.00,0.00,None,N/A,
120.7081,cer,MenuSelection,Menu Selection,542,321,0.00,0.00,None,N/A,
120.7188,cer,MenuSelection,Menu Selection,542,321,0.00,0.00,None,N/A,
120.7285,cer,MenuSelection,Menu Selection,542,321,0.00,0.00,None,N/A,
120.7381,cer,MenuSelection,Menu Selection,542,321,0.00,0.00,Left,N/A,
120.7487,cer,MenuSelection,Menu Selection,542,321,0.00,0.00,Left,N/A,
120.7585,cer,MenuSelection,Menu Selection,542,321,0.00,0.00,Left,N/A,
120.7685,cer,MenuSelection,Menu Selection,542,321,0.00,0.00,Left,N/A,
120.7781,cer,MenuSelection,Menu Selection,542,321,0.00,0.00,Left,N/A,
120.7889,cer,MenuSelection,Menu Selection,542,321,0.00,0.00,Left,N/A,
120.7991,cer,MenuSelection,Menu Selection,542,321,0.00,0.00,Left,N/A,
120.8092,cer,MenuSelection,Menu Selection,542,321,0.00,0.00,Left,N/A,
120.8188,cer,MenuSelection,Menu Selection,542,321,0.00,0.00,Left,N/A,
120.8283,cer,MenuSelection,Menu Selection,542,321,0.00,0.00,Left,N/A,
120.8389,cer,MenuSelection,Menu Selection,542,321,0.00,0.00,Left,N/A,
120.8484,cer,MenuSelection,Menu Selection,542,321,0.00,0.00,Left,N/A,
120.8589,cer,MenuSelection,Menu Selection,542,321,0.00,0.00,Left,N/A,
120.8684,cer,MenuSelection,Menu Selection,542,321,0.00,0.00,Left,N/A,
120.8790,cer,MenuSelection,Menu Selection,542,321,0.00,0.00,Left,N/A,
120.8886,cer,MenuSelection,Menu Selection,542,321,0.00,0.00,Left,N/A,
120.8981,cer,MenuSelection,Menu Selection,542,321,0.00,0.00,Left,N/A,
120.9089,cer,MenuSelection,Menu Selection,542,321,0.00,0.00,Left,N/A,
120.9165,cer,MenuSelection,Menu Selection,542,321,0.00,0.00,None,N/A,menu_item_selected_correct
120.9201,cer,MenuSelection,Menu Selection,542,321,0.00,0.00,None,N/A,
120.9282,cer,MenuSelection,Menu Selection,542,321,0.00,0.00,None,N/A,
120.9387,cer,MenuSelection,Menu Selection,542,321,0.00,0.00,None,N/A,
120.9484,cer,MenuSelection,Menu Selection,542,321,0.00,0.00,None,N/A,
120.9589,cer,MenuSelection,Menu Selection,542,321,0.00,0.00,None,N/A,
120.9683,cer,MenuSelection,Menu Selection,542,321,0.00,0.00,None,N/A,
120.9788,cer,MenuSelection,Menu Selection,542,321,0.00,0.00,None,N/A,
120.9884,cer,MenuSelection,Menu Selection,542,321,0.00,0.00,None,N/A,
120.9989,cer,MenuSelection,Menu Selection,542,321,0.00,0.00,None,N/A,
121.0084,cer,MenuSelection,Menu Selection,542,321,0.00,0.00,None,N/A,
121.0188,cer,MenuSelection,Menu Selection,542,321,0.00,0.00,None,N/A,
121.0283,cer,MenuSelection,Menu Selection,542,321,0.00,0.00,None,N/A,
121.0388,cer,MenuSelection,Menu Selection,542,321,0.00,0.00,None,N/A,
121.0483,cer,MenuSelection,Menu Selection,542,321,0.00,0.00,None,N/A,
121.0587,cer,MenuSelection,Menu Selection,542,321,0.00,0.00,None,N/A,
121.0681,cer,MenuSelection,Menu Selection,542,321,0.00,0.00,None,N/A,
121.0787,cer,MenuSelection,Menu Selection,542,321,0.00,0.00,None,N/A,
121.0883,cer,MenuSelection,Menu Selection,542,321,0.00,0.00,None,N/A,
121.0988,cer,MenuSelection,Menu Selection,542,321,0.00,0.00,None,N/A,
121.1082,cer,MenuSelection,Menu Selection,542,321,0.00,0.00,None,N/A,
121.1187,cer,MenuSelection,Menu Selection,542,321,0.00,0.00,None,N/A,
121.1282,cer,MenuSelection,Menu Selection,542,321,0.00,0.00,None,N/A,
121.1387,cer,MenuSelection,Menu Selection,542,321,0.00,0.00,None,N/A,
121.1482,cer,MenuSelection,Menu Selection,542,321,0.00,0.00,None,N/A,
121.1586,cer,MenuSelection,Menu Selection,542,321,0.00,0.00,None,N/A,
121.1690,cer,MenuSelection,Menu Selection,542,321,0.00,0.00,None,N/A,
121.1785,cer,MenuSelection,Menu Selection,542,321,0.00,0.00,None,N/A,
121.1880,cer,MenuSelection,Menu Selection,542,321,0.00,0.00,None,N/A,
121.1985,cer,MenuSelection,Menu Selection,542,321,0.00,0.00,None,N/A,
121.2081,cer,MenuSelection,Menu Selection,542,321,0.00,0.00,None,N/A,
121.2186,cer,MenuSelection,Menu Selection,542,321,0.00,0.00,None,N/A,
121.2281,cer,MenuSelection,Menu Selection,542,321,0.00,0.00,None,N/A,
121.2387,cer,MenuSelection,Menu Selection,542,321,0.00,0.00,None,N/A,
121.2482,cer,MenuSelection,Menu Selection,542,321,0.00,0.00,None,N/A,
121.2587,cer,MenuSelection,Menu Selection,542,321,0.00,0.00,None,N/A,
121.2681,cer,MenuSelection,Menu Selection,542,321,0.00,0.00,None,N/A,
121.2786,cer,MenuSelection,Menu Selection,542,321,0.00,0.00,None,N/A,
121.2881,cer,MenuSelection,Menu Selection,542,321,0.00,0.00,None,N/A,
121.2986,cer,MenuSelection,Menu Selection,542,321,0.00,0.00,None,N/A,
121.3080,cer,MenuSelection,Menu Selection,542,321,0.00,0.00,None,N/A,
121.3184,cer,MenuSelection,Menu Selection,542,321,0.00,0.00,None,N/A,
121.3288,cer,MenuSelection,Menu Selection,542,321,0.00,0.00,None,N/A,
121.3385,cer,MenuSelection,Menu Selection,542,321,0.00,0.00,None,N/A,
121.3489,cer,MenuSelection,Menu Selection,542,321,0.00,0.00,None,N/A,
121.3584,cer,MenuSelection,Menu Selection,542,321,0.00,0.00,None,N/A,
121.3688,cer,MenuSelection,Menu Selection,542,321,0.00,0.00,None,N/A,
121.3784,cer,MenuSelection,Menu Selection,542,321,0.00,0.00,None,N/A,
121.3888,cer,MenuSelection,Menu Selection,542,321,0.00,0.00,None,N/A,
121.3983,cer,MenuSelection,Menu Selection,542,321,0.00,0.00,None,N/A,
121.4080,cer,MenuSelection,Menu Selection,542,321,0.00,0.00,None,N/A,
121.4184,cer,MenuSelection,Menu Selection,542,321,0.00,0.00,None,N/A,
121.4284,cer,MenuSelection,Menu Selection,523,300,2814.72,279757.73,None,N/A,
121.4389,cer,MenuSelection,Menu Selection,503,275,3062.26,23677.48,None,N/A,
121.4483,cer,MenuSelection,Menu Selection,478,245,4155.07,116275.08,None,N/A,
121.4586,cer,MenuSelection,Menu Selection,471,236,1103.20,-295289.02,None,N/A,
121.4687,cer,MenuSelection,Menu Selection,465,229,919.57,-18315.42,None,N/A,
121.4789,cer,MenuSelection,Menu Selection,459,219,1139.30,21466.78,None,N/A,
121.4884,cer,MenuSelection,Menu Selection,457,215,472.43,-70447.34,None,N/A,
121.4984,cer,MenuSelection,Menu Selection,455,212,357.90,-11368.89,None,N/A,
121.5081,cer,MenuSelection,Menu Selection,455,211,103.13,-26274.25,None,N/A,
121.5180,cer,MenuSelection,Menu Selection,454,209,225.84,12393.19,None,N/A,
121.5281,cer,MenuSelection,Menu Selection,454,208,99.21,-12562.52,None,N/A,
121.5380,cer,MenuSelection,Menu Selection,454,208,0.00,-9998.49,None,N/A,
121.5483,cer,MenuSelection,Menu Selection,454,207,97.76,9556.17,None,N/A,
121.5592,cer,MenuSelection,Menu Selection,454,207,0.00,-8943.16,None,N/A,
121.5689,cer,MenuSelection,Menu Selection,454,207,0.00,0.00,None,N/A,
121.5784,cer,MenuSelection,Menu Selection,454,207,0.00,0.00,None,N/A,
121.5889,cer,MenuSelection,Menu Selection,454,207,0.00,0.00,None,N/A,
121.5984,cer,MenuSelection,Menu Selection,454,207,0.00,0.00,None,N/A,
121.6089,cer,MenuSelection,Menu Selection,454,207,0.00,0.00,None,N/A,
121.6182,cer,MenuSelection,Menu Selection,454,207,0.00,0.00,None,N/A,
121.6288,cer,MenuSelection,Menu Selection,454,207,0.00,0.00,None,N/A,
121.6384,cer,MenuSelection,Menu Selection,454,207,0.00,0.00,None,N/A,
121.6489,cer,MenuSelection,Menu Selection,454,207,0.00,0.00,None,N/A,
121.6583,cer,MenuSelection,Menu Selection,454,207,0.00,0.00,None,N/A,
121.6688,cer,MenuSelection,Menu Selection,454,207,0.00,0.00,None,N/A,
121.6782,cer,MenuSelection,Menu Selection,454,207,0.00,0.00,None,N/A,
121.6887,cer,MenuSelection,Menu Selection,454,207,0.00,0.00,None,N/A,
121.6982,cer,MenuSelection,Menu Selection,454,207,0.00,0.00,None,N/A,
121.7087,cer,MenuSelection,Menu Selection,454,206,95.92,9201.11,None,N/A,
121.7183,cer,MenuSelection,Menu Selection,454,206,0.00,-9990.26,None,N/A,
121.7289,cer,MenuSelection,Menu Selection,454,206,0.00,0.00,None,N/A,
121.7385,cer,MenuSelection,Menu Selection,454,206,0.00,0.00,None,N/A,
121.7481,cer,MenuSelection,Menu Selection,454,206,0.00,0.00,None,N/A,
121.7585,cer,MenuSelection,Menu Selection,455,206,96.57,9325.67,None,N/A,
121.7684,cer,MenuSelection,Menu Selection,455,205,100.53,397.87,None,N/A,
121.7781,cer,MenuSelection,Menu Selection,455,205,0.00,-10345.53,None,N/A,
121.7886,cer,MenuSelection,Menu Selection,455,205,0.00,0.00,None,N/A,
121.7981,cer,MenuSelection,Menu Selection,455,205,0.00,0.00,None,N/A,
121.8087,cer,MenuSelection,Menu Selection,455,205,0.00,0.00,None,N/A,
121.8183,cer,MenuSelection,Menu Selection,455,205,0.00,0.00,None,N/A,
121.8289,cer,MenuSelection,Menu Selection,455,205,0.00,0.00,None,N/A,
121.8385,cer,MenuSelection,Menu Selection,455,205,0.00,0.00,None,N/A,
121.8481,cer,MenuSelection,Menu Selection,455,205,0.00,0.00,None,N/A,
121.8586,cer,MenuSelection,Menu Selection,455,205,0.00,0.00,None,N/A,
121.8681,cer,MenuSelection,Menu Selection,455,205,0.00,0.00,None,N/A,
121.8786,cer,MenuSelection,Menu Selection,455,205,0.00,0.00,None,N/A,
121.8882,cer,MenuSelection,Menu Selection,455,205,0.00,0.00,None,N/A,
121.8987,cer,MenuSelection,Menu Selection,455,205,0.00,0.00,None,N/A,
121.9081,cer,MenuSelection,Menu Selection,455,205,0.00,0.00,None,N/A,
121.9185,cer,MenuSelection,Menu Selection,455,205,0.00,0.00,None,N/A,
121.9290,cer,MenuSelection,Menu Selection,455,205,0.00,0.00,None,N/A,
121.9389,cer,MenuSelection,Menu Selection,455,205,0.00,0.00,Left,N/A,
121.9484,cer,MenuSelection,Menu Selection,455,205,0.00,0.00,Left,N/A,
121.9588,cer,MenuSelection,Menu Selection,455,205,0.00,0.00,Left,N/A,
121.9683,cer,MenuSelection,Menu Selection,455,205,0.00,0.00,Left,N/A,
121.9798,cer,MenuSelection,Menu Selection,455,205,0.00,0.00,Left,N/A,
121.9884,cer,MenuSelection,Menu Selection,455,205,0.00,0.00,Left,N/A,
121.9988,cer,MenuSelection,Menu Selection,455,205,0.00,0.00,Left,N/A,
122.0083,cer,MenuSelection,Menu Selection,455,205,0.00,0.00,Left,N/A,
122.0187,cer,MenuSelection,Menu Selection,455,205,0.00,0.00,Left,N/A,
122.0281,cer,MenuSelection,Menu Selection,455,205,0.00,0.00,Left,N/A,
122.0388,cer,MenuSelection,Menu Selection,455,205,0.00,0.00,Left,N/A,
122.0484,cer,MenuSelection,Menu Selection,455,205,0.00,0.00,Left,N/A,
122.0592,cer,MenuSelection,Menu Selection,455,205,0.00,0.00,Left,N/A,
122.0689,cer,MenuSelection,Menu Selection,455,205,0.00,0.00,Left,N/A,
122.0785,cer,MenuSelection,Menu Selection,455,205,0.00,0.00,Left,N/A,
122.0881,cer,MenuSelection,Menu Selection,455,205,0.00,0.00,Left,N/A,
122.0986,cer,MenuSelection,Menu Selection,455,205,0.00,0.00,Left,N/A,
122.1080,cer,MenuSelection,Menu Selection,455,205,0.00,0.00,Left,N/A,
122.1194,cer,MenuSelection,Menu Selection,455,205,0.00,0.00,None,N/A,
122.1284,cer,MenuSelection,Menu Selection,455,205,0.00,0.00,None,N/A,
122.1387,cer,MenuSelection,Menu Selection,455,205,0.00,0.00,None,N/A,
122.1482,cer,MenuSelection,Menu Selection,455,205,0.00,0.00,None,N/A,
122.1587,cer,MenuSelection,Menu Selection,455,205,0.00,0.00,None,N/A,
122.1680,cer,MenuSelection,Menu Selection,455,205,0.00,0.00,None,N/A,
122.1786,cer,MenuSelection,Menu Selection,455,205,0.00,0.00,None,N/A,
122.1882,cer,MenuSelection,Menu Selection,455,205,0.00,0.00,None,N/A,
122.1987,cer,MenuSelection,Menu Selection,455,205,0.00,0.00,None,N/A,
122.2082,cer,MenuSelection,Menu Selection,455,205,0.00,0.00,None,N/A,
122.2189,cer,MenuSelection,Menu Selection,455,205,0.00,0.00,None,N/A,
122.2284,cer,MenuSelection,Menu Selection,455,205,0.00,0.00,None,N/A,
122.2390,cer,MenuSelection,Menu Selection,455,205,0.00,0.00,None,N/A,
122.2485,cer,MenuSelection,Menu Selection,455,205,0.00,0.00,None,N/A,
122.2580,cer,MenuSelection,Menu Selection,455,205,0.00,0.00,None,N/A,
122.2684,cer,MenuSelection,Menu Selection,455,205,0.00,0.00,None,N/A,
122.2789,cer,MenuSelection,Menu Selection,455,205,0.00,0.00,None,N/A,
122.2884,cer,MenuSelection,Menu Selection,455,205,0.00,0.00,None,N/A,
122.2989,cer,MenuSelection,Menu Selection,455,205,0.00,0.00,None,N/A,
122.3085,cer,MenuSelection,Menu Selection,455,205,0.00,0.00,None,N/A,
122.3189,cer,MenuSelection,Menu Selection,455,205,0.00,0.00,None,N/A,
122.3284,cer,MenuSelection,Menu Selection,455,205,0.00,0.00,None,N/A,
122.3389,cer,MenuSelection,Menu Selection,455,205,0.00,0.00,None,N/A,
122.3483,cer,MenuSelection,Menu Selection,455,205,0.00,0.00,None,N/A,
122.3588,cer,MenuSelection,Menu Selection,455,205,0.00,0.00,None,N/A,
122.3682,cer,MenuSelection,Menu Selection,455,205,0.00,0.00,None,N/A,
122.3787,cer,MenuSelection,Menu Selection,455,205,0.00,0.00,None,N/A,
122.3883,cer,MenuSelection,Menu Selection,456,206,146.32,15137.96,None,N/A,
122.3983,cer,MenuSelection,Menu Selection,456,207,100.40,-4609.82,None,N/A,
122.4087,cer,MenuSelection,Menu Selection,457,210,305.20,19765.09,None,N/A,
122.4185,cer,MenuSelection,Menu Selection,457,211,101.72,-20698.13,None,N/A,
122.4281,cer,MenuSelection,Menu Selection,458,214,330.52,23914.13,None,N/A,
122.4390,cer,MenuSelection,Menu Selection,458,215,91.71,-21902.25,None,N/A,
122.4486,cer,MenuSelection,Menu Selection,458,218,311.88,22888.87,None,N/A,
122.4586,cer,MenuSelection,Menu Selection,458,219,99.41,-21121.65,None,N/A,
122.4689,cer,MenuSelection,Menu Selection,458,221,195.52,9395.35,None,N/A,
122.4781,cer,MenuSelection,Menu Selection,458,224,325.51,14104.79,None,N/A,
122.4887,cer,MenuSelection,Menu Selection,458,226,189.18,-12895.46,None,N/A,
122.4984,cer,MenuSelection,Menu Selection,458,231,514.11,33409.75,None,N/A,
122.5083,cer,MenuSelection,Menu Selection,458,233,202.02,-31524.25,None,N/A,
122.5186,cer,MenuSelection,Menu Selection,457,239,586.98,37147.44,None,N/A,
122.5282,cer,MenuSelection,Menu Selection,457,241,209.10,-39506.90,None,N/A,
122.5388,cer,MenuSelection,Menu Selection,456,244,297.10,8267.38,None,N/A,
122.5487,cer,MenuSelection,Menu Selection,455,248,419.62,12470.18,None,N/A,
122.5581,cer,MenuSelection,Menu Selection,455,250,211.34,-22009.41,None,N/A,
122.5680,cer,MenuSelection,Menu Selection,454,253,319.42,10917.25,None,N/A,
122.5780,cer,MenuSelection,Menu Selection,454,255,199.83,-11948.79,None,N/A,
122.5882,cer,MenuSelection,Menu Selection,453,257,219.25,1904.02,None,N/A,
122.5989,cer,MenuSelection,Menu Selection,453,259,187.34,-2988.63,None,N/A,
122.6081,cer,MenuSelection,Menu Selection,453,260,109.18,-8533.86,None,N/A,
122.6181,cer,MenuSelection,Menu Selection,453,262,199.14,8957.20,None,N/A,
122.6288,cer,MenuSelection,Menu Selection,453,263,93.53,-9877.30,None,N/A,
122.6387,cer,MenuSelection,Menu Selection,453,264,100.77,729.51,None,N/A,
122.6481,cer,MenuSelection,Menu Selection,453,265,107.35,707.15,None,N/A,
122.6580,cer,MenuSelection,Menu Selection,453,265,0.00,-10842.91,None,N/A,
122.6680,cer,MenuSelection,Menu Selection,453,265,0.00,0.00,None,N/A,
122.6783,cer,MenuSelection,Menu Selection,453,266,97.28,9462.43,None,N/A,
122.6889,cer,MenuSelection,Menu Selection,453,266,0.00,-9144.31,None,N/A,
122.6987,cer,MenuSelection,Menu Selection,453,267,102.32,10468.37,None,N/A,
122.7089,cer,MenuSelection,Menu Selection,453,267,0.00,-10058.61,None,N/A,
122.7184,cer,MenuSelection,Menu Selection,453,267,0.00,0.00,None,N/A,
122.7289,cer,MenuSelection,Menu Selection,453,267,0.00,0.00,None,N/A,
122.7384,cer,MenuSelection,Menu Selection,453,267,0.00,0.00,None,N/A,
122.7484,cer,MenuSelection,Menu Selection,453,267,0.00,0.00,None,N/A,
122.7589,cer,MenuSelection,Menu Selection,453,267,0.00,0.00,None,N/A,
122.7684,cer,MenuSelection,Menu Selection,453,267,0.00,0.00,None,N/A,
122.7787,cer,MenuSelection,Menu Selection,453,267,0.00,0.00,None,N/A,
122.7882,cer,MenuSelection,Menu Selection,453,267,0.00,0.00,None,N/A,
122.7986,cer,MenuSelection,Menu Selection,453,267,0.00,0.00,None,N/A,
122.8086,cer,MenuSelection,Menu Selection,453,267,0.00,0.00,None,N/A,
122.8182,cer,MenuSelection,Menu Selection,453,267,0.00,0.00,None,N/A,
122.8327,cer,MenuSelection,Menu Selection,453,267,0.00,0.00,None,N/A,
122.8380,cer,MenuSelection,Menu Selection,453,267,0.00,0.00,None,N/A,
122.8480,cer,MenuSelection,Menu Selection,453,267,0.00,0.00,None,N/A,
122.8585,cer,MenuSelection,Menu Selection,453,267,0.00,0.00,None,N/A,
122.8681,cer,MenuSelection,Menu Selection,453,267,0.00,0.00,None,N/A,
122.8786,cer,MenuSelection,Menu Selection,453,267,0.00,0.00,None,N/A,
122.8882,cer,MenuSelection,Menu Selection,453,267,0.00,0.00,None,N/A,
122.8988,cer,MenuSelection,Menu Selection,453,267,0.00,0.00,None,N/A,
122.9083,cer,MenuSelection,Menu Selection,453,267,0.00,0.00,None,N/A,
122.9186,cer,MenuSelection,Menu Selection,453,267,0.00,0.00,None,N/A,
122.9281,cer,MenuSelection,Menu Selection,453,267,0.00,0.00,None,N/A,
122.9387,cer,MenuSelection,Menu Selection,453,267,0.00,0.00,None,N/A,
122.9483,cer,MenuSelection,Menu Selection,453,267,0.00,0.00,None,N/A,
122.9588,cer,MenuSelection,Menu Selection,453,267,0.00,0.00,None,N/A,
122.9682,cer,MenuSelection,Menu Selection,453,267,0.00,0.00,None,N/A,
122.9790,cer,MenuSelection,Menu Selection,453,267,0.00,0.00,None,N/A,
122.9885,cer,MenuSelection,Menu Selection,453,267,0.00,0.00,None,N/A,
122.9990,cer,MenuSelection,Menu Selection,453,267,0.00,0.00,None,N/A,
123.0084,cer,MenuSelection,Menu Selection,453,267,0.00,0.00,None,N/A,
123.0189,cer,MenuSelection,Menu Selection,453,267,0.00,0.00,None,N/A,
123.0284,cer,MenuSelection,Menu Selection,453,267,0.00,0.00,None,N/A,
123.0381,cer,MenuSelection,Menu Selection,453,267,0.00,0.00,None,N/A,
123.0486,cer,MenuSelection,Menu Selection,453,267,0.00,0.00,None,N/A,
123.0580,cer,MenuSelection,Menu Selection,453,267,0.00,0.00,None,N/A,
123.0685,cer,MenuSelection,Menu Selection,453,267,0.00,0.00,None,N/A,
123.0790,cer,MenuSelection,Menu Selection,453,267,0.00,0.00,None,N/A,
123.0886,cer,MenuSelection,Menu Selection,453,267,0.00,0.00,None,N/A,
123.0981,cer,MenuSelection,Menu Selection,453,267,0.00,0.00,None,N/A,
123.1089,cer,MenuSelection,Menu Selection,453,267,0.00,0.00,None,N/A,
123.1183,cer,MenuSelection,Menu Selection,455,268,236.41,24995.31,None,N/A,
123.1281,cer,MenuSelection,Menu Selection,458,268,306.71,7186.38,None,N/A,
123.1379,cer,MenuSelection,Menu Selection,465,270,740.10,44058.89,None,N/A,
123.1481,cer,MenuSelection,Menu Selection,470,271,499.28,-23580.00,None,N/A,
123.1582,cer,MenuSelection,Menu Selection,478,273,818.49,31683.85,None,N/A,
123.1690,cer,MenuSelection,Menu Selection,482,274,383.14,-40455.39,None,N/A,
123.1784,cer,MenuSelection,Menu Selection,486,275,438.48,5884.61,None,N/A,
123.1887,cer,MenuSelection,Menu Selection,493,277,706.98,26074.02,None,N/A,
123.1985,cer,MenuSelection,Menu Selection,496,278,323.15,-39222.87,None,N/A,
123.2086,cer,MenuSelection,Menu Selection,502,280,622.59,29475.76,None,N/A,
123.2190,cer,MenuSelection,Menu Selection,505,280,290.10,-32151.35,None,N/A,
123.2286,cer,MenuSelection,Menu Selection,509,282,461.64,17707.58,None,N/A,
123.2389,cer,MenuSelection,Menu Selection,511,282,194.80,-25990.66,None,N/A,
123.2487,cer,MenuSelection,Menu Selection,513,282,203.88,925.22,None,N/A,
123.2588,cer,MenuSelection,Menu Selection,517,283,409.56,20430.47,None,N/A,
123.2681,cer,MenuSelection,Menu Selection,518,283,107.53,-32477.48,None,N/A,
123.2786,cer,MenuSelection,Menu Selection,521,283,286.76,17132.36,None,N/A,
123.2886,cer,MenuSelection,Menu Selection,523,283,199.39,-8710.91,None,N/A,
123.2981,cer,MenuSelection,Menu Selection,525,283,211.29,1258.01,None,N/A,
123.3084,cer,MenuSelection,Menu Selection,526,283,96.16,-11071.43,None,N/A,
123.3196,cer,MenuSelection,Menu Selection,528,283,179.92,7534.71,None,N/A,
123.3286,cer,MenuSelection,Menu Selection,529,283,111.16,-7643.39,None,N/A,
123.3390,cer,MenuSelection,Menu Selection,530,283,95.88,-1465.20,None,N/A,
123.3483,cer,MenuSelection,Menu Selection,531,283,106.86,1172.98,None,N/A,
123.3587,cer,MenuSelection,Menu Selection,531,283,0.00,-10283.26,None,N/A,
123.3683,cer,MenuSelection,Menu Selection,532,282,148.15,15520.72,None,N/A,
123.3786,cer,MenuSelection,Menu Selection,532,282,0.00,-14391.99,None,N/A,
123.3883,cer,MenuSelection,Menu Selection,533,281,145.21,14909.07,None,N/A,
123.3987,cer,MenuSelection,Menu Selection,533,281,0.00,-14026.94,None,N/A,
123.4081,cer,MenuSelection,Menu Selection,533,281,0.00,0.00,None,N/A,
123.4186,cer,MenuSelection,Menu Selection,533,281,0.00,0.00,None,N/A,
123.4283,cer,MenuSelection,Menu Selection,533,281,0.00,0.00,None,N/A,
123.4384,cer,MenuSelection,Menu Selection,533,281,0.00,0.00,None,N/A,
123.4490,cer,MenuSelection,Menu Selection,533,281,0.00,0.00,None,N/A,
123.4584,cer,MenuSelection,Menu Selection,533,281,0.00,0.00,None,N/A,
123.4689,cer,MenuSelection,Menu Selection,533,281,0.00,0.00,None,N/A,
123.4787,cer,MenuSelection,Menu Selection,533,281,0.00,0.00,None,N/A,
123.4884,cer,MenuSelection,Menu Selection,533,281,0.00,0.00,None,N/A,
123.4989,cer,MenuSelection,Menu Selection,533,281,0.00,0.00,None,N/A,
123.5084,cer,MenuSelection,Menu Selection,533,281,0.00,0.00,None,N/A,
123.5188,cer,MenuSelection,Menu Selection,533,281,0.00,0.00,None,N/A,
123.5283,cer,MenuSelection,Menu Selection,533,281,0.00,0.00,None,N/A,
123.5388,cer,MenuSelection,Menu Selection,533,281,0.00,0.00,None,N/A,
123.5483,cer,MenuSelection,Menu Selection,533,281,0.00,0.00,None,N/A,
123.5587,cer,MenuSelection,Menu Selection,533,281,0.00,0.00,None,N/A,
123.5683,cer,MenuSelection,Menu Selection,533,281,0.00,0.00,None,N/A,
123.5781,cer,MenuSelection,Menu Selection,533,281,0.00,0.00,None,N/A,
123.5886,cer,MenuSelection,Menu Selection,533,281,0.00,0.00,None,N/A,
123.5989,cer,MenuSelection,Menu Selection,533,281,0.00,0.00,None,N/A,
123.6083,cer,MenuSelection,Menu Selection,533,281,0.00,0.00,None,N/A,
123.6187,cer,MenuSelection,Menu Selection,533,281,0.00,0.00,None,N/A,
123.6282,cer,MenuSelection,Menu Selection,533,281,0.00,0.00,None,N/A,
123.6382,cer,MenuSelection,Menu Selection,533,281,0.00,0.00,Left,N/A,
123.6487,cer,MenuSelection,Menu Selection,533,281,0.00,0.00,Left,N/A,
123.6590,cer,MenuSelection,Menu Selection,533,281,0.00,0.00,Left,N/A,
123.6686,cer,MenuSelection,Menu Selection,533,281,0.00,0.00,Left,N/A,
123.6782,cer,MenuSelection,Menu Selection,533,281,0.00,0.00,Left,N/A,
123.6888,cer,MenuSelection,Menu Selection,533,281,0.00,0.00,Left,N/A,
123.6983,cer,MenuSelection,Menu Selection,533,281,0.00,0.00,Left,N/A,
123.7088,cer,MenuSelection,Menu Selection,533,281,0.00,0.00,Left,N/A,
123.7183,cer,MenuSelection,Menu Selection,533,281,0.00,0.00,Left,N/A,
123.7289,cer,MenuSelection,Menu Selection,533,281,0.00,0.00,Left,N/A,
123.7392,cer,MenuSelection,Menu Selection,533,281,0.00,0.00,Left,N/A,
123.7490,cer,MenuSelection,Menu Selection,533,281,0.00,0.00,Left,N/A,
123.7586,cer,MenuSelection,Menu Selection,533,281,0.00,0.00,Left,N/A,
123.7686,cer,MenuSelection,Menu Selection,533,281,0.00,0.00,Left,N/A,
123.7783,cer,MenuSelection,Menu Selection,533,281,0.00,0.00,Left,N/A,
123.7888,cer,MenuSelection,Menu Selection,533,281,0.00,0.00,Left,N/A,
123.7983,cer,MenuSelection,Menu Selection,533,281,0.00,0.00,Left,N/A,
123.8095,cer,MenuSelection,Menu Selection,533,281,0.00,0.00,Left,N/A,
123.8132,cer,MenuSelection,Menu Selection,533,281,0.00,0.00,None,N/A,menu_item_selected_correct
123.8191,cer,MenuSelection,Menu Selection,533,281,0.00,0.00,None,N/A,
123.8283,cer,MenuSelection,Menu Selection,533,281,0.00,0.00,None,N/A,
123.8388,cer,MenuSelection,Menu Selection,533,281,0.00,0.00,None,N/A,
123.8483,cer,MenuSelection,Menu Selection,533,281,0.00,0.00,None,N/A,
123.8588,cer,MenuSelection,Menu Selection,533,281,0.00,0.00,None,N/A,
123.8684,cer,MenuSelection,Menu Selection,533,281,0.00,0.00,None,N/A,
123.8789,cer,MenuSelection,Menu Selection,533,281,0.00,0.00,None,N/A,
123.8885,cer,MenuSelection,Menu Selection,533,281,0.00,0.00,None,N/A,
123.8990,cer,MenuSelection,Menu Selection,533,281,0.00,0.00,None,N/A,
123.9084,cer,MenuSelection,Menu Selection,533,281,0.00,0.00,None,N/A,
123.9188,cer,MenuSelection,Menu Selection,533,281,0.00,0.00,None,N/A,
123.9284,cer,MenuSelection,Menu Selection,533,281,0.00,0.00,None,N/A,
123.9380,cer,MenuSelection,Menu Selection,533,281,0.00,0.00,None,N/A,
123.9485,cer,MenuSelection,Menu Selection,533,281,0.00,0.00,None,N/A,
123.9580,cer,MenuSelection,Menu Selection,533,281,0.00,0.00,None,N/A,
123.9685,cer,MenuSelection,Menu Selection,533,281,0.00,0.00,None,N/A,
123.9791,cer,MenuSelection,Menu Selection,533,281,0.00,0.00,None,N/A,
123.9887,cer,MenuSelection,Menu Selection,533,281,0.00,0.00,None,N/A,
123.9982,cer,MenuSelection,Menu Selection,533,281,0.00,0.00,None,N/A,
124.0086,cer,MenuSelection,Menu Selection,533,281,0.00,0.00,None,N/A,
124.0180,cer,MenuSelection,Menu Selection,533,281,0.00,0.00,None,N/A,
124.0285,cer,MenuSelection,Menu Selection,533,281,0.00,0.00,None,N/A,
124.0380,cer,MenuSelection,Menu Selection,533,281,0.00,0.00,None,N/A,
124.0485,cer,MenuSelection,Menu Selection,533,281,0.00,0.00,None,N/A,
124.0580,cer,MenuSelection,Menu Selection,533,281,0.00,0.00,None,N/A,
124.0683,cer,MenuSelection,Menu Selection,533,281,0.00,0.00,None,N/A,
124.0788,cer,MenuSelection,Menu Selection,533,281,0.00,0.00,None,N/A,
124.0884,cer,MenuSelection,Menu Selection,533,281,0.00,0.00,None,N/A,
124.0989,cer,MenuSelection,Menu Selection,533,281,0.00,0.00,None,N/A,
124.1084,cer,MenuSelection,Menu Selection,533,281,0.00,0.00,None,N/A,
124.1187,cer,MenuSelection,Menu Selection,533,281,0.00,0.00,None,N/A,
124.1282,cer,MenuSelection,Menu Selection,533,281,0.00,0.00,None,N/A,
124.1388,cer,MenuSelection,Menu Selection,533,281,0.00,0.00,None,N/A,
124.1483,cer,MenuSelection,Menu Selection,533,281,0.00,0.00,None,N/A,
124.1588,cer,MenuSelection,Menu Selection,533,281,0.00,0.00,None,N/A,
124.1681,cer,MenuSelection,Menu Selection,533,281,0.00,0.00,None,N/A,
124.1788,cer,MenuSelection,Menu Selection,530,280,295.35,27584.96,None,N/A,
124.1887,cer,MenuSelection,Menu Selection,526,277,509.31,21795.05,None,N/A,
124.1989,cer,MenuSelection,Menu Selection,520,274,658.02,14586.74,None,N/A,
124.2083,cer,MenuSelection,Menu Selection,505,264,1901.95,131236.04,None,N/A,
124.2186,cer,MenuSelection,Menu Selection,495,257,1185.06,-69598.52,None,N/A,
124.2288,cer,MenuSelection,Menu Selection,471,243,2745.76,154231.83,None,N/A,
124.2388,cer,MenuSelection,Menu Selection,464,239,801.35,-193265.68,None,N/A,
124.2483,cer,MenuSelection,Menu Selection,455,233,1135.49,35075.66,None,N/A,
124.2583,cer,MenuSelection,Menu Selection,452,231,360.77,-77517.81,None,N/A,
124.2681,cer,MenuSelection,Menu Selection,449,228,436.19,7754.30,None,N/A,
124.2784,cer,MenuSelection,Menu Selection,445,225,485.53,4790.99,None,N/A,
124.2886,cer,MenuSelection,Menu Selection,443,223,276.73,-20428.87,None,N/A,
124.2985,cer,MenuSelection,Menu Selection,440,221,365.18,8958.60,None,N/A,
124.3081,cer,MenuSelection,Menu Selection,439,220,146.68,-22662.40,None,N/A,
124.3180,cer,MenuSelection,Menu Selection,438,219,142.75,-397.27,None,N/A,
124.3283,cer,MenuSelection,Menu Selection,437,218,137.27,-531.62,None,N/A,
124.3382,cer,MenuSelection,Menu Selection,437,217,101.37,-3639.15,None,N/A,
124.3482,cer,MenuSelection,Menu Selection,436,216,140.40,3875.08,None,N/A,
124.3581,cer,MenuSelection,Menu Selection,436,215,101.27,-3962.44,None,N/A,
124.3680,cer,MenuSelection,Menu Selection,436,214,100.82,-46.14,None,N/A,
124.3790,cer,MenuSelection,Menu Selection,436,213,91.28,-870.27,None,N/A,
124.3888,cer,MenuSelection,Menu Selection,436,212,102.28,1124.15,None,N/A,
124.3989,cer,MenuSelection,Menu Selection,436,211,98.65,-357.62,None,N/A,
124.4089,cer,MenuSelection,Menu Selection,436,209,200.19,10163.81,None,N/A,
124.4188,cer,MenuSelection,Menu Selection,436,208,101.03,-10018.25,None,N/A,
124.4289,cer,MenuSelection,Menu Selection,436,207,98.79,-220.74,None,N/A,
124.4387,cer,MenuSelection,Menu Selection,437,206,144.82,4713.78,None,N/A,
124.4482,cer,MenuSelection,Menu Selection,437,206,0.00,-15153.92,None,N/A,
124.4583,cer,MenuSelection,Menu Selection,437,205,99.38,9877.18,None,N/A,
124.4689,cer,MenuSelection,Menu Selection,438,204,133.30,3196.63,None,N/A,
124.4784,cer,MenuSelection,Menu Selection,438,204,0.00,-14056.06,None,N/A,
124.4886,cer,MenuSelection,Menu Selection,438,203,98.11,9626.49,None,N/A,
124.4984,cer,MenuSelection,Menu Selection,438,203,0.00,-9970.27,None,N/A,
124.5088,cer,MenuSelection,Menu Selection,438,203,0.00,0.00,None,N/A,
124.5185,cer,MenuSelection,Menu Selection,438,202,102.46,10497.03,None,N/A,
124.5285,cer,MenuSelection,Menu Selection,438,201,99.94,-251.76,None,N/A,
124.5385,cer,MenuSelection,Menu Selection,438,200,100.84,91.34,None,N/A,
124.5481,cer,MenuSelection,Menu Selection,438,199,103.70,296.29,None,N/A,
124.5584,cer,MenuSelection,Menu Selection,438,198,97.46,-608.00,None,N/A,
124.5684,cer,MenuSelection,Menu Selection,438,197,99.08,160.12,None,N/A,
124.5783,cer,MenuSelection,Menu Selection,438,195,202.24,10432.25,None,N/A,
124.5882,cer,MenuSelection,Menu Selection,438,194,101.69,-10225.17,None,N/A,
124.5983,cer,MenuSelection,Menu Selection,438,192,197.95,9526.69,None,N/A,
124.6080,cer,MenuSelection,Menu Selection,438,191,102.86,-9780.66,None,N/A,
124.6180,cer,MenuSelection,Menu Selection,438,189,200.83,9837.95,None,N/A,
124.6285,cer,MenuSelection,Menu Selection,439,188,133.61,-6351.14,None,N/A,
124.6388,cer,MenuSelection,Menu Selection,439,187,97.25,-3536.04,None,N/A,
124.6480,cer,MenuSelection,Menu Selection,439,186,108.73,1248.49,None,N/A,
124.6589,cer,MenuSelection,Menu Selection,439,186,0.00,-9989.48,None,N/A,
124.6686,cer,MenuSelection,Menu Selection,439,186,0.00,0.00,None,N/A,
124.6782,cer,MenuSelection,Menu Selection,439,186,0.00,0.00,None,N/A,
124.6888,cer,MenuSelection,Menu Selection,439,186,0.00,0.00,None,N/A,
124.6984,cer,MenuSelection,Menu Selection,439,186,0.00,0.00,None,N/A,
124.7094,cer,MenuSelection,Menu Selection,439,186,0.00,0.00,None,N/A,
124.7195,cer,MenuSelection,Menu Selection,439,186,0.00,0.00,None,N/A,
124.7281,cer,MenuSelection,Menu Selection,439,186,0.00,0.00,None,N/A,
124.7388,cer,MenuSelection,Menu Selection,439,186,0.00,0.00,None,N/A,
124.7485,cer,MenuSelection,Menu Selection,439,186,0.00,0.00,None,N/A,
124.7585,cer,MenuSelection,Menu Selection,439,186,0.00,0.00,None,N/A,
124.7695,cer,MenuSelection,Menu Selection,439,186,0.00,0.00,None,N/A,
124.7787,cer,MenuSelection,Menu Selection,439,186,0.00,0.00,None,N/A,
124.7887,cer,MenuSelection,Menu Selection,439,186,0.00,0.00,None,N/A,
124.7990,cer,MenuSelection,Menu Selection,439,186,0.00,0.00,None,N/A,
124.8086,cer,MenuSelection,Menu Selection,439,186,0.00,0.00,None,N/A,
124.8184,cer,MenuSelection,Menu Selection,439,186,0.00,0.00,Left,N/A,
124.8295,cer,MenuSelection,Menu Selection,439,186,0.00,0.00,Left,N/A,
124.8382,cer,MenuSelection,Menu Selection,439,186,0.00,0.00,Left,N/A,
124.8489,cer,MenuSelection,Menu Selection,439,186,0.00,0.00,Left,N/A,
124.8587,cer,MenuSelection,Menu Selection,439,186,0.00,0.00,Left,N/A,
124.8691,cer,MenuSelection,Menu Selection,439,186,0.00,0.00,Left,N/A,
124.8787,cer,MenuSelection,Menu Selection,439,186,0.00,0.00,Left,N/A,
124.8887,cer,MenuSelection,Menu Selection,439,186,0.00,0.00,Left,N/A,
124.8982,cer,MenuSelection,Menu Selection,439,186,0.00,0.00,Left,N/A,
124.9081,cer,MenuSelection,Menu Selection,439,186,0.00,0.00,Left,N/A,
124.9182,cer,MenuSelection,Menu Selection,439,186,0.00,0.00,Left,N/A,
124.9288,cer,MenuSelection,Menu Selection,439,186,0.00,0.00,Left,N/A,
124.9385,cer,MenuSelection,Menu Selection,439,186,0.00,0.00,Left,N/A,
124.9504,cer,MenuSelection,Menu Selection,439,186,0.00,0.00,Left,N/A,
124.9590,cer,MenuSelection,Menu Selection,439,186,0.00,0.00,Left,N/A,
124.9688,cer,MenuSelection,Menu Selection,439,186,0.00,0.00,Left,N/A,
124.9783,cer,MenuSelection,Menu Selection,439,186,0.00,0.00,Left,N/A,
124.9889,cer,MenuSelection,Menu Selection,439,186,0.00,0.00,Left,N/A,
125.0008,cer,MenuSelection,Menu Selection,439,186,0.00,0.00,None,N/A,
125.0089,cer,MenuSelection,Menu Selection,439,186,0.00,0.00,None,N/A,
125.0182,cer,MenuSelection,Menu Selection,439,186,0.00,0.00,None,N/A,
125.0287,cer,MenuSelection,Menu Selection,439,186,0.00,0.00,None,N/A,
125.0382,cer,MenuSelection,Menu Selection,439,186,0.00,0.00,None,N/A,
125.0487,cer,MenuSelection,Menu Selection,439,186,0.00,0.00,None,N/A,
125.0584,cer,MenuSelection,Menu Selection,439,186,0.00,0.00,None,N/A,
125.0690,cer,MenuSelection,Menu Selection,439,186,0.00,0.00,None,N/A,
125.0785,cer,MenuSelection,Menu Selection,439,186,0.00,0.00,None,N/A,
125.0882,cer,MenuSelection,Menu Selection,439,186,0.00,0.00,None,N/A,
125.0985,cer,MenuSelection,Menu Selection,439,186,0.00,0.00,None,N/A,
125.1089,cer,MenuSelection,Menu Selection,439,186,0.00,0.00,None,N/A,
125.1184,cer,MenuSelection,Menu Selection,439,186,0.00,0.00,None,N/A,
125.1290,cer,MenuSelection,Menu Selection,439,186,0.00,0.00,None,N/A,
125.1380,cer,MenuSelection,Menu Selection,439,186,0.00,0.00,None,N/A,
125.1484,cer,MenuSelection,Menu Selection,439,186,0.00,0.00,None,N/A,
125.1588,cer,MenuSelection,Menu Selection,439,186,0.00,0.00,None,N/A,
125.1683,cer,MenuSelection,Menu Selection,439,186,0.00,0.00,None,N/A,
125.1788,cer,MenuSelection,Menu Selection,439,186,0.00,0.00,None,N/A,
125.1881,cer,MenuSelection,Menu Selection,439,186,0.00,0.00,None,N/A,
125.1986,cer,MenuSelection,Menu Selection,439,186,0.00,0.00,None,N/A,
125.2083,cer,MenuSelection,Menu Selection,439,186,0.00,0.00,None,N/A,
125.2187,cer,MenuSelection,Menu Selection,439,186,0.00,0.00,None,N/A,
125.2282,cer,MenuSelection,Menu Selection,439,186,0.00,0.00,None,N/A,
125.2388,cer,MenuSelection,Menu Selection,439,186,0.00,0.00,None,N/A,
125.2483,cer,MenuSelection,Menu Selection,439,186,0.00,0.00,None,N/A,
125.2591,cer,MenuSelection,Menu Selection,439,186,0.00,0.00,None,N/A,
125.2688,cer,MenuSelection,Menu Selection,439,186,0.00,0.00,None,N/A,
125.2784,cer,MenuSelection,Menu Selection,439,186,0.00,0.00,None,N/A,
125.2889,cer,MenuSelection,Menu Selection,439,186,0.00,0.00,None,N/A,
125.2988,cer,MenuSelection,Menu Selection,439,189,303.66,30735.73,None,N/A,
125.3084,cer,MenuSelection,Menu Selection,439,190,103.31,-20697.59,None,N/A,
125.3187,cer,MenuSelection,Menu Selection,438,194,400.94,28943.24,None,N/A,
125.3286,cer,MenuSelection,Menu Selection,437,197,321.54,-8073.83,None,N/A,
125.3386,cer,MenuSelection,Menu Selection,436,199,223.29,-9810.99,None,N/A,
125.3486,cer,MenuSelection,Menu Selection,434,205,634.03,41175.67,None,N/A,
125.3582,cer,MenuSelection,Menu Selection,433,208,327.76,-31743.71,None,N/A,
125.3689,cer,MenuSelection,Menu Selection,429,213,597.78,25208.76,None,N/A,
125.3789,cer,MenuSelection,Menu Selection,427,216,359.30,-23765.53,None,N/A,
125.3880,cer,MenuSelection,Menu Selection,422,220,707.07,38403.23,None,N/A,
125.3983,cer,MenuSelection,Menu Selection,419,222,350.63,-34662.84,None,N/A,
125.4089,cer,MenuSelection,Menu Selection,415,225,471.02,11340.52,None,N/A,
125.4186,cer,MenuSelection,Menu Selection,413,227,291.55,-18499.27,None,N/A,
125.4286,cer,MenuSelection,Menu Selection,411,228,224.54,-6728.63,None,N/A,
125.4386,cer,MenuSelection,Menu Selection,408,230,359.38,13440.42,None,N/A,
125.4486,cer,MenuSelection,Menu Selection,407,231,141.36,-21792.75,None,N/A,
125.4584,cer,MenuSelection,Menu Selection,405,233,289.76,15202.58,None,N/A,
125.4685,cer,MenuSelection,Menu Selection,404,233,98.78,-18864.85,None,N/A,
125.4786,cer,MenuSelection,Menu Selection,402,235,280.97,18099.01,None,N/A,
125.4888,cer,MenuSelection,Menu Selection,402,235,0.00,-27445.69,None,N/A,
125.4984,cer,MenuSelection,Menu Selection,401,235,103.83,10780.60,None,N/A,
125.5086,cer,MenuSelection,Menu Selection,401,236,98.03,-568.77,None,N/A,
125.5185,cer,MenuSelection,Menu Selection,401,236,0.00,-9872.20,None,N/A,
125.5285,cer,MenuSelection,Menu Selection,402,237,141.50,14158.36,None,N/A,
125.5385,cer,MenuSelection,Menu Selection,402,237,0.00,-14260.76,None,N/A,
125.5481,cer,MenuSelection,Menu Selection,403,238,146.17,15108.13,None,N/A,
125.5581,cer,MenuSelection,Menu Selection,404,238,100.68,-4579.86,None,N/A,
125.5682,cer,MenuSelection,Menu Selection,405,239,139.95,3886.14,None,N/A,
125.5785,cer,MenuSelection,Menu Selection,405,239,0.00,-13536.42,None,N/A,
125.5881,cer,MenuSelection,Menu Selection,406,240,147.13,15307.40,None,N/A,
125.5982,cer,MenuSelection,Menu Selection,406,240,0.00,-14614.99,None,N/A,
125.6090,cer,MenuSelection,Menu Selection,407,241,131.49,12225.59,None,N/A,
125.6181,cer,MenuSelection,Menu Selection,408,241,108.94,-2456.33,None,N/A,
125.6281,cer,MenuSelection,Menu Selection,408,241,0.00,-10897.16,None,N/A,
125.6382,cer,MenuSelection,Menu Selection,409,241,99.01,9803.64,None,N/A,
125.6480,cer,MenuSelection,Menu Selection,410,241,102.20,325.19,None,N/A,
125.6587,cer,MenuSelection,Menu Selection,411,241,93.60,-804.19,None,N/A,
125.6686,cer,MenuSelection,Menu Selection,412,240,143.28,5032.39,None,N/A,
125.6788,cer,MenuSelection,Menu Selection,413,240,97.46,-4465.24,None,N/A,
125.6885,cer,MenuSelection,Menu Selection,415,238,291.60,20014.33,None,N/A,
125.6986,cer,MenuSelection,Menu Selection,416,237,139.87,-15006.15,None,N/A,
125.7110,cer,MenuSelection,Menu Selection,418,235,228.78,7191.77,None,N/A,
125.7183,cer,MenuSelection,Menu Selection,419,234,193.46,-4832.13,None,N/A,
125.7288,cer,MenuSelection,Menu Selection,420,233,135.37,-5560.33,None,N/A,
125.7384,cer,MenuSelection,Menu Selection,421,231,231.07,9888.87,None,N/A,
125.7488,cer,MenuSelection,Menu Selection,422,231,96.92,-13001.62,None,N/A,
125.7582,cer,MenuSelection,Menu Selection,423,229,236.56,14772.84,None,N/A,
125.7683,cer,MenuSelection,Menu Selection,424,229,99.26,-13628.51,None,N/A,
125.7782,cer,MenuSelection,Menu Selection,425,227,225.37,12711.50,None,N/A,
125.7886,cer,MenuSelection,Menu Selection,426,227,96.18,-12425.95,None,N/A,
125.7987,cer,MenuSelection,Menu Selection,426,227,0.00,-9478.55,None,N/A,
125.8085,cer,MenuSelection,Menu Selection,427,226,145.41,14950.77,None,N/A,
125.8185,cer,MenuSelection,Menu Selection,427,226,0.00,-14450.24,None,N/A,
125.8280,cer,MenuSelection,Menu Selection,428,225,150.16,15944.78,None,N/A,
125.8383,cer,MenuSelection,Menu Selection,428,225,0.00,-14484.96,None,N/A,
125.8482,cer,MenuSelection,Menu Selection,429,224,142.66,14390.17,None,N/A,
125.8583,cer,MenuSelection,Menu Selection,429,224,0.00,-14186.48,None,N/A,
125.8688,cer,MenuSelection,Menu Selection,429,224,0.00,0.00,None,N/A,
125.8783,cer,MenuSelection,Menu Selection,429,224,0.00,0.00,None,N/A,
125.8889,cer,MenuSelection,Menu Selection,429,224,0.00,0.00,None,N/A,
125.8981,cer,MenuSelection,Menu Selection,429,224,0.00,0.00,None,N/A,
125.9084,cer,MenuSelection,Menu Selection,429,224,0.00,0.00,None,N/A,
125.9182,cer,MenuSelection,Menu Selection,429,224,0.00,0.00,None,N/A,
125.9290,cer,MenuSelection,Menu Selection,429,224,0.00,0.00,None,N/A,
125.9389,cer,MenuSelection,Menu Selection,429,223,100.79,10158.28,None,N/A,
125.9483,cer,MenuSelection,Menu Selection,429,223,0.00,-10747.36,None,N/A,
125.9589,cer,MenuSelection,Menu Selection,429,223,0.00,0.00,None,N/A,
125.9689,cer,MenuSelection,Menu Selection,429,223,0.00,0.00,None,N/A,
125.9785,cer,MenuSelection,Menu Selection,429,223,0.00,0.00,None,N/A,
125.9889,cer,MenuSelection,Menu Selection,429,223,0.00,0.00,None,N/A,
125.9984,cer,MenuSelection,Menu Selection,429,223,0.00,0.00,None,N/A,
126.0089,cer,MenuSelection,Menu Selection,429,223,0.00,0.00,None,N/A,
126.0185,cer,MenuSelection,Menu Selection,429,223,0.00,0.00,None,N/A,
126.0291,cer,MenuSelection,Menu Selection,429,223,0.00,0.00,None,N/A,
126.0380,cer,MenuSelection,Menu Selection,429,223,0.00,0.00,None,N/A,
126.0486,cer,MenuSelection,Menu Selection,429,223,0.00,0.00,None,N/A,
126.0581,cer,MenuSelection,Menu Selection,429,223,0.00,0.00,None,N/A,
126.0684,cer,MenuSelection,Menu Selection,429,223,0.00,0.00,None,N/A,
126.0790,cer,MenuSelection,Menu Selection,429,223,0.00,0.00,None,N/A,
126.0884,cer,MenuSelection,Menu Selection,429,223,0.00,0.00,None,N/A,
126.0989,cer,MenuSelection,Menu Selection,429,223,0.00,0.00,None,N/A,
126.1088,cer,MenuSelection,Menu Selection,429,223,0.00,0.00,None,N/A,
126.1185,cer,MenuSelection,Menu Selection,429,223,0.00,0.00,None,N/A,
126.1284,cer,MenuSelection,Menu Selection,430,223,100.98,10197.45,None,N/A,
126.1381,cer,MenuSelection,Menu Selection,430,223,0.00,-10366.67,None,N/A,
126.1485,cer,MenuSelection,Menu Selection,430,223,0.00,0.00,None,N/A,
126.1585,cer,MenuSelection,Menu Selection,430,223,0.00,0.00,None,N/A,
126.1680,cer,MenuSelection,Menu Selection,430,223,0.00,0.00,None,N/A,
126.1785,cer,MenuSelection,Menu Selection,431,223,94.79,8985.30,None,N/A,
126.1889,cer,MenuSelection,Menu Selection,431,223,0.00,-9149.90,None,N/A,
126.1982,cer,MenuSelection,Menu Selection,432,223,108.09,11683.94,None,N/A,
126.2085,cer,MenuSelection,Menu Selection,432,223,0.00,-10421.86,None,N/A,
126.2182,cer,MenuSelection,Menu Selection,432,223,0.00,0.00,None,N/A,
126.2288,cer,MenuSelection,Menu Selection,433,223,94.12,8859.12,None,N/A,
126.2383,cer,MenuSelection,Menu Selection,433,223,0.00,-9944.58,None,N/A,
126.2488,cer,MenuSelection,Menu Selection,433,223,0.00,0.00,None,N/A,
126.2583,cer,MenuSelection,Menu Selection,433,223,0.00,0.00,None,N/A,
126.2688,cer,MenuSelection,Menu Selection,433,223,0.00,0.00,None,N/A,
126.2785,cer,MenuSelection,Menu Selection,433,223,0.00,0.00,None,N/A,
126.2883,cer,MenuSelection,Menu Selection,433,223,0.00,0.00,None,N/A,
126.2988,cer,MenuSelection,Menu Selection,433,223,0.00,0.00,None,N/A,
126.3083,cer,MenuSelection,Menu Selection,433,223,0.00,0.00,None,N/A,
126.3189,cer,MenuSelection,Menu Selection,433,223,0.00,0.00,None,N/A,
126.3290,cer,MenuSelection,Menu Selection,433,223,0.00,0.00,None,N/A,
126.3388,cer,MenuSelection,Menu Selection,434,223,101.84,10371.50,None,N/A,
126.3487,cer,MenuSelection,Menu Selection,435,224,142.63,4114.08,None,N/A,
126.3584,cer,MenuSelection,Menu Selection,438,224,311.17,17480.60,None,N/A,
126.3685,cer,MenuSelection,Menu Selection,439,224,99.10,-21016.21,None,N/A,
126.3784,cer,MenuSelection,Menu Selection,442,225,318.03,22016.48,None,N/A,
126.3884,cer,MenuSelection,Menu Selection,443,225,100.05,-21808.71,None,N/A,
126.3984,cer,MenuSelection,Menu Selection,444,225,99.67,-37.92,None,N/A,
126.4083,cer,MenuSelection,Menu Selection,447,226,320.34,22354.55,None,N/A,
126.4182,cer,MenuSelection,Menu Selection,448,226,100.74,-22122.68,None,N/A,
126.4283,cer,MenuSelection,Menu Selection,452,227,409.38,30645.37,None,N/A,
126.4382,cer,MenuSelection,Menu Selection,453,228,143.78,-27002.95,None,N/A,
126.4482,cer,MenuSelection,Menu Selection,457,229,408.84,26283.38,None,N/A,
126.4583,cer,MenuSelection,Menu Selection,458,230,141.23,-26724.53,None,N/A,
126.4687,cer,MenuSelection,Menu Selection,459,230,95.77,-4353.49,None,N/A,
126.4782,cer,MenuSelection,Menu Selection,462,232,379.33,29833.01,None,N/A,
126.4881,cer,MenuSelection,Menu Selection,464,233,226.08,-15494.54,None,N/A,
126.4982,cer,MenuSelection,Menu Selection,466,234,221.84,-420.72,None,N/A,
126.5093,cer,MenuSelection,Menu Selection,467,235,126.69,-8523.95,None,N/A,
126.5181,cer,MenuSelection,Menu Selection,468,237,254.36,14523.09,None,N/A,
126.5289,cer,MenuSelection,Menu Selection,469,237,93.13,-15015.61,None,N/A,
126.5388,cer,MenuSelection,Menu Selection,469,238,101.05,799.41,None,N/A,
126.5482,cer,MenuSelection,Menu Selection,470,239,149.07,5061.64,None,N/A,
126.5588,cer,MenuSelection,Menu Selection,470,240,94.80,-5144.63,None,N/A,
126.5688,cer,MenuSelection,Menu Selection,469,241,140.63,4558.31,None,N/A,
126.5785,cer,MenuSelection,Menu Selection,469,242,103.55,-3840.32,None,N/A,
126.5890,cer,MenuSelection,Menu Selection,468,243,135.13,3017.91,None,N/A,
126.5990,cer,MenuSelection,Menu Selection,467,244,141.14,600.09,None,N/A,
126.6085,cer,MenuSelection,Menu Selection,466,245,149.22,851.90,None,N/A,
126.6184,cer,MenuSelection,Menu Selection,465,246,142.96,-632.55,None,N/A,
126.6285,cer,MenuSelection,Menu Selection,464,247,139.82,-310.50,None,N/A,
126.6386,cer,MenuSelection,Menu Selection,462,248,221.34,8069.97,None,N/A,
126.6484,cer,MenuSelection,Menu Selection,461,249,143.40,-7903.31,None,N/A,
126.6582,cer,MenuSelection,Menu Selection,459,250,229.72,8867.78,None,N/A,
126.6685,cer,MenuSelection,Menu Selection,459,251,97.30,-12884.55,None,N/A,
126.6783,cer,MenuSelection,Menu Selection,457,251,202.72,10685.13,None,N/A,
126.6882,cer,MenuSelection,Menu Selection,457,252,101.05,-10273.89,None,N/A,
126.6986,cer,MenuSelection,Menu Selection,457,252,0.00,-9758.64,None,N/A,
126.7081,cer,MenuSelection,Menu Selection,456,253,147.62,15409.67,None,N/A,
126.7185,cer,MenuSelection,Menu Selection,456,253,0.00,-14277.25,None,N/A,
126.7297,cer,MenuSelection,Menu Selection,455,254,126.17,11256.38,None,N/A,
126.7382,cer,MenuSelection,Menu Selection,455,254,0.00,-14886.39,None,N/A,
126.7482,cer,MenuSelection,Menu Selection,455,254,0.00,0.00,None,N/A,
126.7586,cer,MenuSelection,Menu Selection,455,254,0.00,0.00,None,N/A,
126.7684,cer,MenuSelection,Menu Selection,455,254,0.00,0.00,None,N/A,
126.7790,cer,MenuSelection,Menu Selection,455,254,0.00,0.00,None,N/A,
126.7886,cer,MenuSelection,Menu Selection,455,254,0.00,0.00,None,N/A,
126.7983,cer,MenuSelection,Menu Selection,455,254,0.00,0.00,None,N/A,
126.8094,cer,MenuSelection,Menu Selection,455,254,0.00,0.00,None,N/A,
126.8181,cer,MenuSelection,Menu Selection,455,254,0.00,0.00,None,N/A,
126.8286,cer,MenuSelection,Menu Selection,455,254,0.00,0.00,None,N/A,
126.8384,cer,MenuSelection,Menu Selection,455,254,0.00,0.00,None,N/A,
126.8482,cer,MenuSelection,Menu Selection,455,253,102.50,10505.24,None,N/A,
126.8587,cer,MenuSelection,Menu Selection,455,253,0.00,-9788.60,None,N/A,
126.8683,cer,MenuSelection,Menu Selection,455,253,0.00,0.00,None,N/A,
126.8788,cer,MenuSelection,Menu Selection,455,253,0.00,0.00,None,N/A,
126.9108,cer,MenuSelection,Menu Selection,455,253,0.00,0.00,None,N/A,
126.9213,cer,MenuSelection,Menu Selection,455,253,0.00,0.00,None,N/A,
126.9319,cer,MenuSelection,Menu Selection,455,253,0.00,0.00,None,N/A,
126.9414,cer,MenuSelection,Menu Selection,455,253,0.00,0.00,None,N/A,
126.9518,cer,MenuSelection,Menu Selection,455,253,0.00,0.00,None,N/A,
126.9612,cer,MenuSelection,Menu Selection,455,253,0.00,0.00,None,N/A,
126.9718,cer,MenuSelection,Menu Selection,455,253,0.00,0.00,None,N/A,
126.9815,cer,MenuSelection,Menu Selection,455,253,0.00,0.00,None,N/A,
126.9913,cer,MenuSelection,Menu Selection,455,253,0.00,0.00,None,N/A,
127.0010,cer,MenuSelection,Menu Selection,455,253,0.00,0.00,None,N/A,
127.0116,cer,MenuSelection,Menu Selection,455,253,0.00,0.00,None,N/A,
127.0212,cer,MenuSelection,Menu Selection,455,253,0.00,0.00,None,N/A,
127.0318,cer,MenuSelection,Menu Selection,455,253,0.00,0.00,None,N/A,
127.0412,cer,MenuSelection,Menu Selection,455,253,0.00,0.00,None,N/A,
127.0516,cer,MenuSelection,Menu Selection,455,253,0.00,0.00,None,N/A,
127.0610,cer,MenuSelection,Menu Selection,455,253,0.00,0.00,None,N/A,
127.0716,cer,MenuSelection,Menu Selection,455,253,0.00,0.00,None,N/A,
127.0811,cer,MenuSelection,Menu Selection,455,253,0.00,0.00,None,N/A,
127.0915,cer,MenuSelection,Menu Selection,455,253,0.00,0.00,None,N/A,
127.1018,cer,MenuSelection,Menu Selection,455,253,0.00,0.00,None,N/A,
127.1113,cer,MenuSelection,Menu Selection,455,253,0.00,0.00,None,N/A,
127.1219,cer,MenuSelection,Menu Selection,455,253,0.00,0.00,None,N/A,
127.1316,cer,MenuSelection,Menu Selection,459,256,514.39,52918.61,None,N/A,
127.1418,cer,MenuSelection,Menu Selection,463,257,406.75,-10618.15,None,N/A,
127.1509,cer,MenuSelection,Menu Selection,470,261,884.02,52331.93,None,N/A,
127.1614,cer,MenuSelection,Menu Selection,474,263,423.86,-43613.10,None,N/A,
127.1717,cer,MenuSelection,Menu Selection,481,266,739.38,30632.93,None,N/A,
127.1818,cer,MenuSelection,Menu Selection,485,268,444.21,-29319.28,None,N/A,
127.1910,cer,MenuSelection,Menu Selection,489,270,486.82,4638.27,None,N/A,
127.2013,cer,MenuSelection,Menu Selection,496,272,709.47,21698.71,None,N/A,
127.2117,cer,MenuSelection,Menu Selection,499,273,303.83,-38974.05,None,N/A,
127.2212,cer,MenuSelection,Menu Selection,504,275,567.00,27708.61,None,N/A,
127.2315,cer,MenuSelection,Menu Selection,506,276,217.15,-33974.86,None,N/A,
127.2414,cer,MenuSelection,Menu Selection,508,277,224.20,706.81,None,N/A,
127.2515,cer,MenuSelection,Menu Selection,510,277,199.47,-2466.28,None,N/A,
127.2612,cer,MenuSelection,Menu Selection,511,277,102.59,-9939.15,None,N/A,
127.2715,cer,MenuSelection,Menu Selection,513,278,217.62,11195.67,None,N/A,
127.2815,cer,MenuSelection,Menu Selection,514,278,99.72,-11757.44,None,N/A,
127.2909,cer,MenuSelection,Menu Selection,516,278,212.48,11980.12,None,N/A,
127.3015,cer,MenuSelection,Menu Selection,516,278,0.00,-20141.42,None,N/A,
127.3110,cer,MenuSelection,Menu Selection,517,278,104.45,10909.31,None,N/A,
127.3214,cer,MenuSelection,Menu Selection,518,278,96.83,-737.19,None,N/A,
127.3309,cer,MenuSelection,Menu Selection,518,279,104.93,849.54,None,N/A,
127.3413,cer,MenuSelection,Menu Selection,520,279,191.63,8306.47,None,N/A,
127.3516,cer,MenuSelection,Menu Selection,520,279,0.00,-18683.73,None,N/A,
127.3610,cer,MenuSelection,Menu Selection,522,281,301.34,32103.77,None,N/A,
127.3716,cer,MenuSelection,Menu Selection,522,281,0.00,-28466.71,None,N/A,
127.3812,cer,MenuSelection,Menu Selection,524,283,294.99,30765.72,None,N/A,
127.3910,cer,MenuSelection,Menu Selection,524,284,101.27,-19618.40,None,N/A,
127.4012,cer,MenuSelection,Menu Selection,525,285,138.97,3703.71,None,N/A,
127.4114,cer,MenuSelection,Menu Selection,525,288,294.56,15277.89,None,N/A,
127.4209,cer,MenuSelection,Menu Selection,526,289,147.89,-15338.34,None,N/A,
127.4310,cer,MenuSelection,Menu Selection,526,292,297.34,14812.96,None,N/A,
127.4410,cer,MenuSelection,Menu Selection,527,293,142.44,-15601.73,None,N/A,
127.4512,cer,MenuSelection,Menu Selection,527,295,194.79,5099.42,None,N/A,
127.4618,cer,MenuSelection,Menu Selection,527,296,94.71,-9478.95,None,N/A,
127.4717,cer,MenuSelection,Menu Selection,527,297,100.58,589.99,None,N/A,
127.4811,cer,MenuSelection,Menu Selection,527,298,107.33,724.82,None,N/A,
127.4917,cer,MenuSelection,Menu Selection,527,299,94.24,-1233.56,None,N/A,
127.5008,cer,MenuSelection,Menu Selection,527,300,109.51,1671.82,None,N/A,
127.5110,cer,MenuSelection,Menu Selection,527,300,0.00,-10783.51,None,N/A,
127.5219,cer,MenuSelection,Menu Selection,528,300,91.68,8405.00,None,N/A,
127.5313,cer,MenuSelection,Menu Selection,528,300,0.00,-9667.60,None,N/A,
127.5416,cer,MenuSelection,Menu Selection,528,300,0.00,0.00,None,N/A,
127.5510,cer,MenuSelection,Menu Selection,528,300,0.00,0.00,None,N/A,
127.5618,cer,MenuSelection,Menu Selection,528,300,0.00,0.00,None,N/A,
127.5717,cer,MenuSelection,Menu Selection,528,300,0.00,0.00,None,N/A,
127.5812,cer,MenuSelection,Menu Selection,528,300,0.00,0.00,None,N/A,
127.5916,cer,MenuSelection,Menu Selection,528,300,0.00,0.00,None,N/A,
127.6010,cer,MenuSelection,Menu Selection,528,300,0.00,0.00,None,N/A,
127.6115,cer,MenuSelection,Menu Selection,528,300,0.00,0.00,None,N/A,
127.6211,cer,MenuSelection,Menu Selection,528,300,0.00,0.00,None,N/A,
127.6320,cer,MenuSelection,Menu Selection,528,300,0.00,0.00,None,N/A,
127.6418,cer,MenuSelection,Menu Selection,528,300,0.00,0.00,None,N/A,
127.6518,cer,MenuSelection,Menu Selection,528,300,0.00,0.00,None,N/A,
127.6614,cer,MenuSelection,Menu Selection,528,300,0.00,0.00,None,N/A,
127.6713,cer,MenuSelection,Menu Selection,528,300,0.00,0.00,None,N/A,
127.6813,cer,MenuSelection,Menu Selection,528,300,0.00,0.00,None,N/A,
127.6909,cer,MenuSelection,Menu Selection,528,300,0.00,0.00,None,N/A,
127.7012,cer,MenuSelection,Menu Selection,528,300,0.00,0.00,None,N/A,
127.7116,cer,MenuSelection,Menu Selection,528,300,0.00,0.00,None,N/A,
127.7211,cer,MenuSelection,Menu Selection,528,300,0.00,0.00,None,N/A,
127.7318,cer,MenuSelection,Menu Selection,528,300,0.00,0.00,None,N/A,
127.7411,cer,MenuSelection,Menu Selection,528,300,0.00,0.00,Left,N/A,
127.7516,cer,MenuSelection,Menu Selection,528,300,0.00,0.00,Left,N/A,
127.7611,cer,MenuSelection,Menu Selection,528,300,0.00,0.00,Left,N/A,
127.7717,cer,MenuSelection,Menu Selection,528,300,0.00,0.00,Left,N/A,
127.7817,cer,MenuSelection,Menu Selection,528,300,0.00,0.00,Left,N/A,
127.7917,cer,MenuSelection,Menu Selection,528,300,0.00,0.00,Left,N/A,
127.8018,cer,MenuSelection,Menu Selection,528,300,0.00,0.00,Left,N/A,
127.8114,cer,MenuSelection,Menu Selection,528,300,0.00,0.00,Left,N/A,
127.8210,cer,MenuSelection,Menu Selection,528,300,0.00,0.00,Left,N/A,
127.8319,cer,MenuSelection,Menu Selection,528,300,0.00,0.00,Left,N/A,
127.8421,cer,MenuSelection,Menu Selection,528,300,0.00,0.00,Left,N/A,
127.8517,cer,MenuSelection,Menu Selection,528,300,0.00,0.00,Left,N/A,
127.8612,cer,MenuSelection,Menu Selection,528,300,0.00,0.00,Left,N/A,
127.8711,cer,MenuSelection,Menu Selection,528,300,0.00,0.00,Left,N/A,
127.8814,cer,MenuSelection,Menu Selection,528,300,0.00,0.00,Left,N/A,
127.8909,cer,MenuSelection,Menu Selection,528,300,0.00,0.00,Left,N/A,
127.9012,cer,MenuSelection,Menu Selection,528,300,0.00,0.00,Left,N/A,
127.9117,cer,MenuSelection,Menu Selection,528,300,0.00,0.00,Left,N/A,
127.9177,cer,MenuSelection,Menu Selection,528,300,0.00,0.00,None,N/A,menu_item_selected_correct
127.9232,cer,MenuSelection,Menu Selection,528,300,0.00,0.00,None,N/A,
127.9313,cer,MenuSelection,Menu Selection,528,300,0.00,0.00,None,N/A,
127.9418,cer,MenuSelection,Menu Selection,528,300,0.00,0.00,None,N/A,
127.9513,cer,MenuSelection,Menu Selection,528,300,0.00,0.00,None,N/A,
127.9609,cer,MenuSelection,Menu Selection,528,300,0.00,0.00,None,N/A,
127.9709,cer,MenuSelection,Menu Selection,528,300,0.00,0.00,None,N/A,
127.9814,cer,MenuSelection,Menu Selection,528,300,0.00,0.00,None,N/A,
127.9909,cer,MenuSelection,Menu Selection,528,300,0.00,0.00,None,N/A,
128.0014,cer,MenuSelection,Menu Selection,528,300,0.00,0.00,None,N/A,
128.0109,cer,MenuSelection,Menu Selection,528,300,0.00,0.00,None,N/A,
128.0221,cer,MenuSelection,Menu Selection,528,300,0.00,0.00,None,N/A,
128.0318,cer,MenuSelection,Menu Selection,528,300,0.00,0.00,None,N/A,
128.0413,cer,MenuSelection,Menu Selection,528,300,0.00,0.00,None,N/A,
128.0517,cer,MenuSelection,Menu Selection,528,300,0.00,0.00,None,N/A,
128.0612,cer,MenuSelection,Menu Selection,528,300,0.00,0.00,None,N/A,
128.0717,cer,MenuSelection,Menu Selection,528,300,0.00,0.00,None,N/A,
128.0813,cer,MenuSelection,Menu Selection,528,300,0.00,0.00,None,N/A,
128.0918,cer,MenuSelection,Menu Selection,528,300,0.00,0.00,None,N/A,
128.1012,cer,MenuSelection,Menu Selection,528,300,0.00,0.00,None,N/A,
128.1118,cer,MenuSelection,Menu Selection,528,300,0.00,0.00,None,N/A,
128.1215,cer,MenuSelection,Menu Selection,528,300,0.00,0.00,None,N/A,
128.1309,cer,MenuSelection,Menu Selection,528,300,0.00,0.00,None,N/A,
128.1414,cer,MenuSelection,Menu Selection,528,300,0.00,0.00,None,N/A,
128.1518,cer,MenuSelection,Menu Selection,528,300,0.00,0.00,None,N/A,
128.1612,cer,MenuSelection,Menu Selection,528,300,0.00,0.00,None,N/A,
128.1717,cer,MenuSelection,Menu Selection,528,300,0.00,0.00,None,N/A,
128.1811,cer,MenuSelection,Menu Selection,528,300,0.00,0.00,None,N/A,
128.1916,cer,MenuSelection,Menu Selection,528,300,0.00,0.00,None,N/A,
128.2011,cer,MenuSelection,Menu Selection,528,300,0.00,0.00,None,N/A,
128.2116,cer,MenuSelection,Menu Selection,528,300,0.00,0.00,None,N/A,
128.2212,cer,MenuSelection,Menu Selection,528,300,0.00,0.00,None,N/A,
128.2311,cer,MenuSelection,Menu Selection,527,297,317.61,31899.07,None,N/A,
128.2409,cer,MenuSelection,Menu Selection,524,293,509.81,19597.40,None,N/A,
128.2510,cer,MenuSelection,Menu Selection,514,279,1714.38,120030.42,None,N/A,
128.2618,cer,MenuSelection,Menu Selection,508,270,995.64,-66157.50,None,N/A,
128.2709,cer,MenuSelection,Menu Selection,494,252,2528.15,169903.75,None,N/A,
128.2813,cer,MenuSelection,Menu Selection,486,245,1014.24,-144444.45,None,N/A,
128.2908,cer,MenuSelection,Menu Selection,476,235,1491.37,50316.49,None,N/A,
128.3009,cer,MenuSelection,Menu Selection,473,232,422.70,-106473.79,None,N/A,
128.3116,cer,MenuSelection,Menu Selection,467,227,726.93,28316.19,None,N/A,
128.3217,cer,MenuSelection,Menu Selection,465,225,281.38,-44325.03,None,N/A,
128.3317,cer,MenuSelection,Menu Selection,464,223,222.11,-5887.11,None,N/A,
128.3415,cer,MenuSelection,Menu Selection,462,221,288.71,6798.36,None,N/A,
128.3516,cer,MenuSelection,Menu Selection,461,220,139.87,-14721.17,None,N/A,
128.3618,cer,MenuSelection,Menu Selection,460,219,139.64,-22.76,None,N/A,
128.3714,cer,MenuSelection,Menu Selection,459,218,145.93,649.04,None,N/A,
128.3813,cer,MenuSelection,Menu Selection,459,217,101.87,-4487.93,None,N/A,
128.3914,cer,MenuSelection,Menu Selection,458,217,98.37,-344.99,None,N/A,
128.4013,cer,MenuSelection,Menu Selection,458,217,0.00,-9954.99,None,N/A,
128.4112,cer,MenuSelection,Menu Selection,458,216,101.01,10202.36,None,N/A,
128.4213,cer,MenuSelection,Menu Selection,458,215,99.54,-146.26,None,N/A,
128.4313,cer,MenuSelection,Menu Selection,458,214,99.83,28.85,None,N/A,
128.4412,cer,MenuSelection,Menu Selection,459,214,100.63,80.98,None,N/A,
128.4510,cer,MenuSelection,Menu Selection,459,212,203.58,10479.52,None,N/A,
128.4611,cer,MenuSelection,Menu Selection,459,211,98.93,-10353.27,None,N/A,
128.4711,cer,MenuSelection,Menu Selection,460,211,100.15,121.84,None,N/A,
128.4817,cer,MenuSelection,Menu Selection,460,209,189.16,8418.89,None,N/A,
128.4908,cer,MenuSelection,Menu Selection,460,209,0.00,-20696.10,None,N/A,
128.5009,cer,MenuSelection,Menu Selection,460,207,197.98,19598.03,None,N/A,
128.5119,cer,MenuSelection,Menu Selection,460,207,0.00,-18024.88,None,N/A,
128.5209,cer,MenuSelection,Menu Selection,460,206,111.60,12455.47,None,N/A,
128.5311,cer,MenuSelection,Menu Selection,460,206,0.00,-10904.59,None,N/A,
128.5419,cer,MenuSelection,Menu Selection,460,206,0.00,0.00,None,N/A,
128.5518,cer,MenuSelection,Menu Selection,460,205,100.95,10190.57,None,N/A,
128.5620,cer,MenuSelection,Menu Selection,460,205,0.00,-9827.96,None,N/A,
128.5717,cer,MenuSelection,Menu Selection,460,205,0.00,0.00,None,N/A,
128.5818,cer,MenuSelection,Menu Selection,460,204,98.43,9689.40,None,N/A,
128.5913,cer,MenuSelection,Menu Selection,460,204,0.00,-10428.52,None,N/A,
128.6015,cer,MenuSelection,Menu Selection,460,204,0.00,0.00,None,N/A,
128.6112,cer,MenuSelection,Menu Selection,460,203,103.18,10646.30,None,N/A,
128.6212,cer,MenuSelection,Menu Selection,460,203,0.00,-10295.76,None,N/A,
128.6314,cer,MenuSelection,Menu Selection,461,202,138.17,13498.73,None,N/A,
128.6415,cer,MenuSelection,Menu Selection,461,201,99.80,-3828.71,None,N/A,
128.6512,cer,MenuSelection,Menu Selection,461,200,102.12,236.75,None,N/A,
128.6613,cer,MenuSelection,Menu Selection,462,198,221.82,11873.95,None,N/A,
128.6718,cer,MenuSelection,Menu Selection,462,197,95.19,-12053.75,None,N/A,
128.6811,cer,MenuSelection,Menu Selection,463,196,153.31,6301.25,None,N/A,
128.6910,cer,MenuSelection,Menu Selection,463,195,101.01,-5283.19,None,N/A,
128.7014,cer,MenuSelection,Menu Selection,463,194,95.99,-481.11,None,N/A,
128.7118,cer,MenuSelection,Menu Selection,464,193,136.27,3880.26,None,N/A,
128.7210,cer,MenuSelection,Menu Selection,464,193,0.00,-14727.74,None,N/A,
128.7310,cer,MenuSelection,Menu Selection,465,192,141.54,14165.79,None,N/A,
128.7409,cer,MenuSelection,Menu Selection,465,192,0.00,-14224.17,None,N/A,
128.7510,cer,MenuSelection,Menu Selection,465,191,99.62,9923.22,None,N/A,
128.7609,cer,MenuSelection,Menu Selection,465,191,0.00,-10097.32,None,N/A,
128.7715,cer,MenuSelection,Menu Selection,465,191,0.00,0.00,None,N/A,
128.7818,cer,MenuSelection,Menu Selection,465,191,0.00,0.00,None,N/A,
128.7914,cer,MenuSelection,Menu Selection,465,191,0.00,0.00,None,N/A,
128.8011,cer,MenuSelection,Menu Selection,465,191,0.00,0.00,None,N/A,
128.8117,cer,MenuSelection,Menu Selection,465,191,0.00,0.00,None,N/A,
128.8212,cer,MenuSelection,Menu Selection,465,191,0.00,0.00,None,N/A,
128.8318,cer,MenuSelection,Menu Selection,465,191,0.00,0.00,None,N/A,
128.8414,cer,MenuSelection,Menu Selection,465,191,0.00,0.00,None,N/A,
128.8509,cer,MenuSelection,Menu Selection,465,191,0.00,0.00,None,N/A,
128.8615,cer,MenuSelection,Menu Selection,465,191,0.00,0.00,None,N/A,
128.8711,cer,MenuSelection,Menu Selection,465,191,0.00,0.00,None,N/A,
128.8818,cer,MenuSelection,Menu Selection,465,191,0.00,0.00,None,N/A,
128.8915,cer,MenuSelection,Menu Selection,465,191,0.00,0.00,None,N/A,
128.9019,cer,MenuSelection,Menu Selection,465,191,0.00,0.00,None,N/A,
128.9114,cer,MenuSelection,Menu Selection,465,191,0.00,0.00,None,N/A,
128.9213,cer,MenuSelection,Menu Selection,465,191,0.00,0.00,None,N/A,
128.9317,cer,MenuSelection,Menu Selection,465,191,0.00,0.00,None,N/A,
128.9411,cer,MenuSelection,Menu Selection,465,191,0.00,0.00,None,N/A,
128.9517,cer,MenuSelection,Menu Selection,465,191,0.00,0.00,None,N/A,
128.9612,cer,MenuSelection,Menu Selection,465,191,0.00,0.00,None,N/A,
128.9709,cer,MenuSelection,Menu Selection,465,191,0.00,0.00,Left,N/A,
128.9815,cer,MenuSelection,Menu Selection,465,191,0.00,0.00,Left,N/A,
128.9910,cer,MenuSelection,Menu Selection,465,191,0.00,0.00,Left,N/A,
129.0015,cer,MenuSelection,Menu Selection,465,191,0.00,0.00,Left,N/A,
129.0110,cer,MenuSelection,Menu Selection,465,191,0.00,0.00,Left,N/A,
129.0215,cer,MenuSelection,Menu Selection,465,191,0.00,0.00,Left,N/A,
129.0310,cer,MenuSelection,Menu Selection,465,191,0.00,0.00,Left,N/A,
129.0415,cer,MenuSelection,Menu Selection,465,191,0.00,0.00,Left,N/A,
129.0510,cer,MenuSelection,Menu Selection,465,191,0.00,0.00,Left,N/A,
129.0616,cer,MenuSelection,Menu Selection,465,191,0.00,0.00,Left,N/A,
129.0713,cer,MenuSelection,Menu Selection,465,191,0.00,0.00,Left,N/A,
129.0818,cer,MenuSelection,Menu Selection,465,191,0.00,0.00,Left,N/A,
129.0912,cer,MenuSelection,Menu Selection,465,191,0.00,0.00,Left,N/A,
129.1019,cer,MenuSelection,Menu Selection,465,191,0.00,0.00,Left,N/A,
129.1114,cer,MenuSelection,Menu Selection,465,191,0.00,0.00,Left,N/A,
129.1209,cer,MenuSelection,Menu Selection,465,191,0.00,0.00,Left,N/A,
129.1313,cer,MenuSelection,Menu Selection,465,191,0.00,0.00,Left,N/A,
129.1418,cer,MenuSelection,Menu Selection,465,191,0.00,0.00,Left,N/A,
129.1540,cer,MenuSelection,Menu Selection,465,191,0.00,0.00,None,N/A,
129.1608,cer,MenuSelection,Menu Selection,465,191,0.00,0.00,None,N/A,
129.1714,cer,MenuSelection,Menu Selection,465,191,0.00,0.00,None,N/A,
129.1819,cer,MenuSelection,Menu Selection,465,191,0.00,0.00,None,N/A,
129.1913,cer,MenuSelection,Menu Selection,465,191,0.00,0.00,None,N/A,
129.2017,cer,MenuSelection,Menu Selection,465,191,0.00,0.00,None,N/A,
129.2112,cer,MenuSelection,Menu Selection,465,191,0.00,0.00,None,N/A,
129.2217,cer,MenuSelection,Menu Selection,465,191,0.00,0.00,None,N/A,
129.2312,cer,MenuSelection,Menu Selection,465,191,0.00,0.00,None,N/A,
129.2417,cer,MenuSelection,Menu Selection,465,191,0.00,0.00,None,N/A,
129.2513,cer,MenuSelection,Menu Selection,465,191,0.00,0.00,None,N/A,
129.2618,cer,MenuSelection,Menu Selection,465,191,0.00,0.00,None,N/A,
129.2713,cer,MenuSelection,Menu Selection,465,191,0.00,0.00,None,N/A,
129.2817,cer,MenuSelection,Menu Selection,465,191,0.00,0.00,None,N/A,
129.2912,cer,MenuSelection,Menu Selection,465,191,0.00,0.00,None,N/A,
129.3017,cer,MenuSelection,Menu Selection,465,191,0.00,0.00,None,N/A,
129.3112,cer,MenuSelection,Menu Selection,465,191,0.00,0.00,None,N/A,
129.3216,cer,MenuSelection,Menu Selection,465,191,0.00,0.00,None,N/A,
129.3310,cer,MenuSelection,Menu Selection,465,191,0.00,0.00,None,N/A,
129.3416,cer,MenuSelection,Menu Selection,465,191,0.00,0.00,None,N/A,
129.3511,cer,MenuSelection,Menu Selection,465,191,0.00,0.00,None,N/A,
129.3618,cer,MenuSelection,Menu Selection,465,191,0.00,0.00,None,N/A,
129.3714,cer,MenuSelection,Menu Selection,465,191,0.00,0.00,None,N/A,
129.3818,cer,MenuSelection,Menu Selection,465,191,0.00,0.00,None,N/A,
129.3914,cer,MenuSelection,Menu Selection,465,191,0.00,0.00,None,N/A,
129.4010,cer,MenuSelection,Menu Selection,465,191,0.00,0.00,None,N/A,
129.4115,cer,MenuSelection,Menu Selection,465,191,0.00,0.00,None,N/A,
129.4210,cer,MenuSelection,Menu Selection,465,191,0.00,0.00,None,N/A,
129.4315,cer,MenuSelection,Menu Selection,465,191,0.00,0.00,None,N/A,
129.4410,cer,MenuSelection,Menu Selection,465,191,0.00,0.00,None,N/A,
129.4517,cer,MenuSelection,Menu Selection,465,191,0.00,0.00,None,N/A,
129.4613,cer,MenuSelection,Menu Selection,465,191,0.00,0.00,None,N/A,
129.4709,cer,MenuSelection,Menu Selection,465,191,0.00,0.00,None,N/A,
129.4812,cer,MenuSelection,Menu Selection,465,191,0.00,0.00,None,N/A,
129.4917,cer,MenuSelection,Menu Selection,465,191,0.00,0.00,None,N/A,
129.5011,cer,MenuSelection,Menu Selection,465,191,0.00,0.00,None,N/A,
129.5116,cer,MenuSelection,Menu Selection,465,191,0.00,0.00,None,N/A,
129.5217,cer,MenuSelection,Menu Selection,465,191,0.00,0.00,None,N/A,
129.5312,cer,MenuSelection,Menu Selection,465,191,0.00,0.00,None,N/A,
129.5411,cer,MenuSelection,Menu Selection,464,193,225.03,22647.06,None,N/A,
129.5512,cer,MenuSelection,Menu Selection,463,195,221.54,-346.53,None,N/A,
129.5612,cer,MenuSelection,Menu Selection,462,196,140.62,-8045.93,None,N/A,
129.5709,cer,MenuSelection,Menu Selection,460,199,373.56,24134.30,None,N/A,
129.5812,cer,MenuSelection,Menu Selection,459,201,216.33,-15211.09,None,N/A,
129.5908,cer,MenuSelection,Menu Selection,457,203,294.30,8112.54,None,N/A,
129.6010,cer,MenuSelection,Menu Selection,456,205,220.65,-7268.04,None,N/A,
129.6113,cer,MenuSelection,Menu Selection,453,208,409.16,18180.82,None,N/A,
129.6211,cer,MenuSelection,Menu Selection,452,210,228.72,-18456.91,None,N/A,
129.6315,cer,MenuSelection,Menu Selection,449,212,347.33,11425.83,None,N/A,
129.6413,cer,MenuSelection,Menu Selection,448,214,227.89,-12172.67,None,N/A,
129.6513,cer,MenuSelection,Menu Selection,447,215,141.33,-8650.79,None,N/A,
129.6612,cer,MenuSelection,Menu Selection,445,218,365.00,22643.07,None,N/A,
129.6711,cer,MenuSelection,Menu Selection,444,219,142.69,-22430.69,None,N/A,
129.6809,cer,MenuSelection,Menu Selection,442,221,287.86,14774.46,None,N/A,
129.6910,cer,MenuSelection,Menu Selection,441,222,139.87,-14636.67,None,N/A,
129.7012,cer,MenuSelection,Menu Selection,440,224,221.20,8044.63,None,N/A,
129.7114,cer,MenuSelection,Menu Selection,439,225,138.26,-8108.41,None,N/A,
129.7218,cer,MenuSelection,Menu Selection,438,226,135.25,-287.62,None,N/A,
129.7309,cer,MenuSelection,Menu Selection,437,228,246.25,12224.37,None,N/A,
129.7409,cer,MenuSelection,Menu Selection,437,229,100.67,-14655.82,None,N/A,
129.7517,cer,MenuSelection,Menu Selection,436,230,130.54,2757.38,None,N/A,
129.7611,cer,MenuSelection,Menu Selection,436,230,0.00,-13802.71,None,N/A,
129.7709,cer,MenuSelection,Menu Selection,436,231,102.29,10462.76,None,N/A,
129.7809,cer,MenuSelection,Menu Selection,436,231,0.00,-10212.70,None,N/A,
129.7909,cer,MenuSelection,Menu Selection,436,232,100.09,10017.21,None,N/A,
129.8011,cer,MenuSelection,Menu Selection,436,232,0.00,-9799.96,None,N/A,
129.8117,cer,MenuSelection,Menu Selection,436,232,0.00,0.00,None,N/A,
129.8212,cer,MenuSelection,Menu Selection,436,232,0.00,0.00,None,N/A,
129.8322,cer,MenuSelection,Menu Selection,436,232,0.00,0.00,None,N/A,
129.8416,cer,MenuSelection,Menu Selection,436,232,0.00,0.00,None,N/A,
129.8518,cer,MenuSelection,Menu Selection,436,232,0.00,0.00,None,N/A,
129.8612,cer,MenuSelection,Menu Selection,436,232,0.00,0.00,None,N/A,
129.8712,cer,MenuSelection,Menu Selection,436,232,0.00,0.00,None,N/A,
129.8818,cer,MenuSelection,Menu Selection,436,232,0.00,0.00,None,N/A,
129.8914,cer,MenuSelection,Menu Selection,436,232,0.00,0.00,None,N/A,
129.9010,cer,MenuSelection,Menu Selection,436,232,0.00,0.00,None,N/A,
129.9116,cer,MenuSelection,Menu Selection,436,232,0.00,0.00,None,N/A,
129.9216,cer,MenuSelection,Menu Selection,436,232,0.00,0.00,None,N/A,
129.9314,cer,MenuSelection,Menu Selection,437,232,102.42,10489.34,None,N/A,
129.9414,cer,MenuSelection,Menu Selection,437,232,0.00,-10265.01,None,N/A,
129.9512,cer,MenuSelection,Menu Selection,438,232,101.73,10348.37,None,N/A,
129.9614,cer,MenuSelection,Menu Selection,439,232,97.67,-396.11,None,N/A,
129.9711,cer,MenuSelection,Menu Selection,440,232,103.42,594.80,None,N/A,
129.9810,cer,MenuSelection,Menu Selection,441,231,142.17,3895.76,None,N/A,
129.9910,cer,MenuSelection,Menu Selection,442,231,100.66,-4178.80,None,N/A,
130.0012,cer,MenuSelection,Menu Selection,444,229,275.75,17069.80,None,N/A,
130.0110,cer,MenuSelection,Menu Selection,445,229,101.90,-17715.23,None,N/A,
130.0217,cer,MenuSelection,Menu Selection,446,228,132.38,2853.71,None,N/A,
130.0312,cer,MenuSelection,Menu Selection,447,227,149.94,1861.29,None,N/A,
130.0417,cer,MenuSelection,Menu Selection,448,226,133.80,-1527.27,None,N/A,
130.0510,cer,MenuSelection,Menu Selection,449,225,151.82,1934.41,None,N/A,
130.0618,cer,MenuSelection,Menu Selection,450,224,131.82,-1864.16,None,N/A,
130.0709,cer,MenuSelection,Menu Selection,451,223,154.09,2426.63,None,N/A,
130.0810,cer,MenuSelection,Menu Selection,451,222,99.22,-5443.99,None,N/A,
130.0911,cer,MenuSelection,Menu Selection,451,222,0.00,-9894.35,None,N/A,
130.1009,cer,MenuSelection,Menu Selection,452,221,143.87,14635.52,None,N/A,
130.1110,cer,MenuSelection,Menu Selection,452,221,0.00,-14220.93,None,N/A,
130.1218,cer,MenuSelection,Menu Selection,453,220,130.53,12047.61,None,N/A,
130.1312,cer,MenuSelection,Menu Selection,453,220,0.00,-13941.06,None,N/A,
130.1417,cer,MenuSelection,Menu Selection,453,220,0.00,0.00,None,N/A,
130.1511,cer,MenuSelection,Menu Selection,453,220,0.00,0.00,None,N/A,
130.1617,cer,MenuSelection,Menu Selection,453,220,0.00,0.00,None,N/A,
130.1713,cer,MenuSelection,Menu Selection,453,220,0.00,0.00,None,N/A,
130.1817,cer,MenuSelection,Menu Selection,453,220,0.00,0.00,None,N/A,
130.1910,cer,MenuSelection,Menu Selection,453,220,0.00,0.00,None,N/A,
130.2014,cer,MenuSelection,Menu Selection,453,220,0.00,0.00,None,N/A,
130.2109,cer,MenuSelection,Menu Selection,453,220,0.00,0.00,None,N/A,
130.2215,cer,MenuSelection,Menu Selection,453,220,0.00,0.00,None,N/A,
130.2310,cer,MenuSelection,Menu Selection,453,220,0.00,0.00,None,N/A,
130.2411,cer,MenuSelection,Menu Selection,453,220,0.00,0.00,None,N/A,
130.2517,cer,MenuSelection,Menu Selection,454,219,133.41,12584.54,None,N/A,
130.2613,cer,MenuSelection,Menu Selection,454,219,0.00,-13857.70,None,N/A,
130.2718,cer,MenuSelection,Menu Selection,454,219,0.00,0.00,None,N/A,
130.2812,cer,MenuSelection,Menu Selection,454,219,0.00,0.00,None,N/A,
130.2917,cer,MenuSelection,Menu Selection,454,219,0.00,0.00,None,N/A,
130.3014,cer,MenuSelection,Menu Selection,454,219,0.00,0.00,None,N/A,
130.3110,cer,MenuSelection,Menu Selection,454,219,0.00,0.00,None,N/A,
130.3218,cer,MenuSelection,Menu Selection,454,219,0.00,0.00,None,N/A,
130.3314,cer,MenuSelection,Menu Selection,454,219,0.00,0.00,None,N/A,
130.3408,cer,MenuSelection,Menu Selection,454,219,0.00,0.00,None,N/A,
130.3512,cer,MenuSelection,Menu Selection,454,219,0.00,0.00,None,N/A,
130.3617,cer,MenuSelection,Menu Selection,454,219,0.00,0.00,None,N/A,
130.3713,cer,MenuSelection,Menu Selection,454,219,0.00,0.00,None,N/A,
130.3818,cer,MenuSelection,Menu Selection,454,219,0.00,0.00,None,N/A,
130.3913,cer,MenuSelection,Menu Selection,454,219,0.00,0.00,None,N/A,
130.4012,cer,MenuSelection,Menu Selection,454,219,0.00,0.00,None,N/A,
130.4117,cer,MenuSelection,Menu Selection,454,219,0.00,0.00,None,N/A,
130.4211,cer,MenuSelection,Menu Selection,454,219,0.00,0.00,None,N/A,
130.4313,cer,MenuSelection,Menu Selection,454,219,0.00,0.00,None,N/A,
130.4408,cer,MenuSelection,Menu Selection,454,219,0.00,0.00,None,N/A,
130.4519,cer,MenuSelection,Menu Selection,455,219,90.32,8158.50,None,N/A,
130.4610,cer,MenuSelection,Menu Selection,455,219,0.00,-9858.13,None,N/A,
130.4716,cer,MenuSelection,Menu Selection,456,219,94.58,8944.82,None,N/A,
130.4818,cer,MenuSelection,Menu Selection,457,219,98.08,343.13,None,N/A,
130.4916,cer,MenuSelection,Menu Selection,458,219,101.70,368.84,None,N/A,
130.5016,cer,MenuSelection,Menu Selection,459,219,99.68,-201.19,None,N/A,
130.5110,cer,MenuSelection,Menu Selection,461,219,213.33,12121.35,None,N/A,
130.5214,cer,MenuSelection,Menu Selection,462,219,96.18,-11266.98,None,N/A,
130.5316,cer,MenuSelection,Menu Selection,463,219,97.89,167.42,None,N/A,
130.5414,cer,MenuSelection,Menu Selection,464,219,102.73,498.04,None,N/A,
130.5515,cer,MenuSelection,Menu Selection,465,219,98.78,-390.52,None,N/A,
130.5617,cer,MenuSelection,Menu Selection,465,219,0.00,-9702.90,None,N/A,
130.5713,cer,MenuSelection,Menu Selection,466,219,103.82,10779.00,None,N/A,
130.5815,cer,MenuSelection,Menu Selection,466,219,0.00,-10227.37,None,N/A,
130.5914,cer,MenuSelection,Menu Selection,466,219,0.00,0.00,None,N/A,
130.6013,cer,MenuSelection,Menu Selection,467,219,101.46,10293.38,None,N/A,
130.6114,cer,MenuSelection,Menu Selection,467,219,0.00,-10084.33,None,N/A,
130.6218,cer,MenuSelection,Menu Selection,467,219,0.00,0.00,None,N/A,
130.6318,cer,MenuSelection,Menu Selection,467,219,0.00,0.00,None,N/A,
130.6412,cer,MenuSelection,Menu Selection,468,220,150.03,15915.76,None,N/A,
130.6514,cer,MenuSelection,Menu Selection,469,220,98.56,-5072.77,None,N/A,
130.6612,cer,MenuSelection,Menu Selection,469,221,102.06,357.34,None,N/A,
130.6711,cer,MenuSelection,Menu Selection,471,221,200.75,9905.67,None,N/A,
130.6818,cer,MenuSelection,Menu Selection,472,222,132.22,-6406.84,None,N/A,
130.6912,cer,MenuSelection,Menu Selection,473,222,106.25,-2759.54,None,N/A,
130.7017,cer,MenuSelection,Menu Selection,475,223,214.66,10407.68,None,N/A,
130.7110,cer,MenuSelection,Menu Selection,476,223,106.82,-11519.57,None,N/A,
130.7217,cer,MenuSelection,Menu Selection,478,224,210.19,9716.69,None,N/A,
130.7316,cer,MenuSelection,Menu Selection,479,224,100.64,-11025.26,None,N/A,
130.7410,cer,MenuSelection,Menu Selection,481,225,236.43,14358.08,None,N/A,
130.7516,cer,MenuSelection,Menu Selection,482,225,94.56,-13415.53,None,N/A,
130.7616,cer,MenuSelection,Menu Selection,484,227,282.65,18796.47,None,N/A,
130.7717,cer,MenuSelection,Menu Selection,485,227,99.17,-18196.15,None,N/A,
130.7816,cer,MenuSelection,Menu Selection,486,228,143.26,4465.72,None,N/A,
130.7915,cer,MenuSelection,Menu Selection,487,229,143.23,-2.10,None,N/A,
130.8016,cer,MenuSelection,Menu Selection,488,230,139.80,-339.71,None,N/A,
130.8114,cer,MenuSelection,Menu Selection,490,231,228.42,9053.11,None,N/A,
130.8214,cer,MenuSelection,Menu Selection,491,232,141.24,-8706.83,None,N/A,
130.8314,cer,MenuSelection,Menu Selection,492,233,140.84,-40.08,None,N/A,
130.8411,cer,MenuSelection,Menu Selection,493,233,103.00,-3897.51,None,N/A,
130.8513,cer,MenuSelection,Menu Selection,494,234,138.49,3475.27,None,N/A,
130.8613,cer,MenuSelection,Menu Selection,495,234,100.17,-3838.33,None,N/A,
130.8711,cer,MenuSelection,Menu Selection,496,235,144.91,4584.76,None,N/A,
130.8810,cer,MenuSelection,Menu Selection,497,235,100.62,-4456.83,None,N/A,
130.8910,cer,MenuSelection,Menu Selection,497,236,100.04,-57.87,None,N/A,
130.9013,cer,MenuSelection,Menu Selection,498,236,97.39,-257.93,None,N/A,
130.9113,cer,MenuSelection,Menu Selection,498,236,0.00,-9700.86,None,N/A,
130.9212,cer,MenuSelection,Menu Selection,498,236,0.00,0.00,None,N/A,
130.9309,cer,MenuSelection,Menu Selection,499,236,102.74,10555.74,None,N/A,
130.9411,cer,MenuSelection,Menu Selection,499,236,0.00,-10078.76,None,N/A,
130.9517,cer,MenuSelection,Menu Selection,499,236,0.00,0.00,None,N/A,
130.9614,cer,MenuSelection,Menu Selection,499,236,0.00,0.00,None,N/A,
130.9708,cer,MenuSelection,Menu Selection,499,236,0.00,0.00,None,N/A,
130.9813,cer,MenuSelection,Menu Selection,499,236,0.00,0.00,None,N/A,
130.9918,cer,MenuSelection,Menu Selection,499,236,0.00,0.00,None,N/A,
131.0014,cer,MenuSelection,Menu Selection,499,236,0.00,0.00,None,N/A,
131.0109,cer,MenuSelection,Menu Selection,499,236,0.00,0.00,None,N/A,
131.0208,cer,MenuSelection,Menu Selection,499,236,0.00,0.00,None,N/A,
131.0311,cer,MenuSelection,Menu Selection,500,236,97.87,9577.58,None,N/A,
131.0417,cer,MenuSelection,Menu Selection,500,237,94.30,-336.13,None,N/A,
131.0517,cer,MenuSelection,Menu Selection,501,237,100.01,570.95,None,N/A,
131.0612,cer,MenuSelection,Menu Selection,502,238,147.90,5008.30,None,N/A,
131.0711,cer,MenuSelection,Menu Selection,503,238,101.58,-4705.01,None,N/A,
131.0815,cer,MenuSelection,Menu Selection,504,239,136.02,3312.53,None,N/A,
131.0911,cer,MenuSelection,Menu Selection,505,239,104.29,-3309.18,None,N/A,
131.1012,cer,MenuSelection,Menu Selection,506,239,98.55,-565.82,None,N/A,
131.1114,cer,MenuSelection,Menu Selection,506,239,0.00,-9682.60,None,N/A,
131.1209,cer,MenuSelection,Menu Selection,506,239,0.00,0.00,None,N/A,
131.1315,cer,MenuSelection,Menu Selection,506,239,0.00,0.00,None,N/A,
131.1410,cer,MenuSelection,Menu Selection,506,239,0.00,0.00,None,N/A,
131.1517,cer,MenuSelection,Menu Selection,506,239,0.00,0.00,None,N/A,
131.1612,cer,MenuSelection,Menu Selection,506,239,0.00,0.00,None,N/A,
131.1717,cer,MenuSelection,Menu Selection,506,239,0.00,0.00,None,N/A,
131.1812,cer,MenuSelection,Menu Selection,506,239,0.00,0.00,None,N/A,
131.1917,cer,MenuSelection,Menu Selection,506,239,0.00,0.00,None,N/A,
131.2012,cer,MenuSelection,Menu Selection,506,239,0.00,0.00,None,N/A,
131.2117,cer,MenuSelection,Menu Selection,506,239,0.00,0.00,None,N/A,
131.2211,cer,MenuSelection,Menu Selection,506,239,0.00,0.00,None,N/A,
131.2314,cer,MenuSelection,Menu Selection,506,239,0.00,0.00,None,N/A,
131.2408,cer,MenuSelection,Menu Selection,506,239,0.00,0.00,None,N/A,
131.2514,cer,MenuSelection,Menu Selection,506,239,0.00,0.00,None,N/A,
131.2609,cer,MenuSelection,Menu Selection,506,239,0.00,0.00,None,N/A,
131.2714,cer,MenuSelection,Menu Selection,506,239,0.00,0.00,Left,N/A,
131.2809,cer,MenuSelection,Menu Selection,506,239,0.00,0.00,Left,N/A,
131.2913,cer,MenuSelection,Menu Selection,506,239,0.00,0.00,Left,N/A,
131.3009,cer,MenuSelection,Menu Selection,506,239,0.00,0.00,Left,N/A,
131.3114,cer,MenuSelection,Menu Selection,506,239,0.00,0.00,Left,N/A,
131.3219,cer,MenuSelection,Menu Selection,506,239,0.00,0.00,Left,N/A,
131.3315,cer,MenuSelection,Menu Selection,506,239,0.00,0.00,Left,N/A,
131.3409,cer,MenuSelection,Menu Selection,506,239,0.00,0.00,Left,N/A,
131.3515,cer,MenuSelection,Menu Selection,506,239,0.00,0.00,Left,N/A,
131.3610,cer,MenuSelection,Menu Selection,506,239,0.00,0.00,Left,N/A,
131.3715,cer,MenuSelection,Menu Selection,506,239,0.00,0.00,Left,N/A,
131.3810,cer,MenuSelection,Menu Selection,506,239,0.00,0.00,Left,N/A,
131.3914,cer,MenuSelection,Menu Selection,506,239,0.00,0.00,Left,N/A,
131.4009,cer,MenuSelection,Menu Selection,506,239,0.00,0.00,Left,N/A,
131.4114,cer,MenuSelection,Menu Selection,506,239,0.00,0.00,Left,N/A,
131.4209,cer,MenuSelection,Menu Selection,506,239,0.00,0.00,Left,N/A,
131.4313,cer,MenuSelection,Menu Selection,506,239,0.00,0.00,Left,N/A,
131.4418,cer,MenuSelection,Menu Selection,506,239,0.00,0.00,Left,N/A,
131.4450,cer,MenuSelection,Menu Selection,506,239,0.00,0.00,None,N/A,menu_item_selected_correct
