Time,ParticipantID,Task,Label,X,Y,Velocity,Acceleration,ButtonState,ActiveWindow,Event
30.6682,cer,PrecisionSelection,Precision Selection,265,604,0.00,0.00,None,N/A,
30.6754,cer,PrecisionSelection,Precision Selection,265,604,0.00,0.00,None,N/A,
30.6861,cer,PrecisionSelection,Precision Selection,265,604,0.00,0.00,None,N/A,
30.6959,cer,PrecisionSelection,Precision Selection,265,604,0.00,0.00,None,N/A,
30.7058,cer,PrecisionSelection,Precision Selection,265,604,0.00,0.00,None,N/A,
30.7154,cer,PrecisionSelection,Precision Selection,265,604,0.00,0.00,None,N/A,
30.7250,cer,PrecisionSelection,Precision Selection,265,604,0.00,0.00,None,N/A,
30.7355,cer,PrecisionSelection,Precision Selection,265,604,0.00,0.00,None,N/A,
30.7450,cer,PrecisionSelection,Precision Selection,265,604,0.00,0.00,None,N/A,
30.7554,cer,PrecisionSelection,Precision Selection,265,604,0.00,0.00,None,N/A,
30.7650,cer,PrecisionSelection,Precision Selection,265,604,0.00,0.00,None,N/A,
30.7756,cer,PrecisionSelection,Precision Selection,265,604,0.00,0.00,None,N/A,
30.7852,cer,PrecisionSelection,Precision Selection,265,604,0.00,0.00,None,N/A,
30.7958,cer,PrecisionSelection,Precision Selection,265,604,0.00,0.00,None,N/A,
30.8053,cer,PrecisionSelection,Precision Selection,265,604,0.00,0.00,None,N/A,
30.8149,cer,PrecisionSelection,Precision Selection,265,604,0.00,0.00,None,N/A,
30.8258,cer,PrecisionSelection,Precision Selection,265,604,0.00,0.00,None,N/A,
30.8358,cer,PrecisionSelection,Precision Selection,265,604,0.00,0.00,None,N/A,
30.8454,cer,PrecisionSelection,Precision Selection,265,604,0.00,0.00,None,N/A,
30.8550,cer,PrecisionSelection,Precision Selection,265,604,0.00,0.00,None,N/A,
30.8655,cer,PrecisionSelection,Precision Selection,265,604,0.00,0.00,None,N/A,
30.8749,cer,PrecisionSelection,Precision Selection,265,604,0.00,0.00,None,N/A,
30.8853,cer,PrecisionSelection,Precision Selection,265,604,0.00,0.00,None,N/A,
30.8958,cer,PrecisionSelection,Precision Selection,265,604,0.00,0.00,None,N/A,
30.9052,cer,PrecisionSelection,Precision Selection,265,604,0.00,0.00,None,N/A,
30.9157,cer,PrecisionSelection,Precision Selection,265,604,0.00,0.00,None,N/A,
30.9253,cer,PrecisionSelection,Precision Selection,265,604,0.00,0.00,None,N/A,
30.9357,cer,PrecisionSelection,Precision Selection,265,604,0.00,0.00,None,N/A,
30.9452,cer,PrecisionSelection,Precision Selection,265,604,0.00,0.00,None,N/A,
30.9556,cer,PrecisionSelection,Precision Selection,265,604,0.00,0.00,None,N/A,
30.9652,cer,PrecisionSelection,Precision Selection,265,604,0.00,0.00,None,N/A,
30.9750,cer,PrecisionSelection,Precision Selection,265,604,0.00,0.00,None,N/A,
30.9855,cer,PrecisionSelection,Precision Selection,265,604,0.00,0.00,None,N/A,
30.9950,cer,PrecisionSelection,Precision Selection,265,604,0.00,0.00,None,N/A,
31.0054,cer,PrecisionSelection,Precision Selection,265,604,0.00,0.00,None,N/A,
31.0149,cer,PrecisionSelection,Precision Selection,265,604,0.00,0.00,None,N/A,
31.0256,cer,PrecisionSelection,Precision Selection,265,604,0.00,0.00,None,N/A,
31.0353,cer,PrecisionSelection,Precision Selection,269,603,421.34,43057.11,None,N/A,
31.0452,cer,PrecisionSelection,Precision Selection,274,600,593.94,17581.19,None,N/A,
31.0549,cer,PrecisionSelection,Precision Selection,301,584,3213.17,268156.15,None,N/A,
31.0656,cer,PrecisionSelection,Precision Selection,324,568,2620.36,-55441.88,None,N/A,
31.0755,cer,PrecisionSelection,Precision Selection,359,539,4616.77,202778.50,None,N/A,
31.0855,cer,PrecisionSelection,Precision Selection,373,524,2052.08,-256500.18,None,N/A,
31.0948,cer,PrecisionSelection,Precision Selection,403,489,4938.89,309292.95,None,N/A,
31.1050,cer,PrecisionSelection,Precision Selection,417,472,2148.74,-272233.30,None,N/A,
31.1155,cer,PrecisionSelection,Precision Selection,440,436,4074.88,183726.81,None,N/A,
31.1255,cer,PrecisionSelection,Precision Selection,449,420,1834.23,-223878.96,None,N/A,
31.1357,cer,PrecisionSelection,Precision Selection,457,404,1765.58,-6775.61,None,N/A,
31.1451,cer,PrecisionSelection,Precision Selection,467,380,2766.41,106489.02,None,N/A,
31.1550,cer,PrecisionSelection,Precision Selection,469,372,830.80,-195011.67,None,N/A,
31.1658,cer,PrecisionSelection,Precision Selection,472,362,963.64,12261.16,None,N/A,
31.1758,cer,PrecisionSelection,Precision Selection,473,358,415.22,-55229.24,None,N/A,
31.1853,cer,PrecisionSelection,Precision Selection,475,352,659.68,25498.34,None,N/A,
31.1952,cer,PrecisionSelection,Precision Selection,475,351,101.16,-56497.88,None,N/A,
31.2065,cer,PrecisionSelection,Precision Selection,476,349,198.75,8674.39,None,N/A,
31.2159,cer,PrecisionSelection,Precision Selection,477,348,150.87,-5107.68,None,N/A,
31.2252,cer,PrecisionSelection,Precision Selection,479,347,238.30,9317.31,None,N/A,
31.2354,cer,PrecisionSelection,Precision Selection,479,347,0.00,-23395.99,None,N/A,
31.2452,cer,PrecisionSelection,Precision Selection,480,347,102.38,10480.64,None,N/A,
31.2550,cer,PrecisionSelection,Precision Selection,482,346,228.19,12839.92,None,N/A,
31.2649,cer,PrecisionSelection,Precision Selection,484,346,201.51,-2688.60,None,N/A,
31.2752,cer,PrecisionSelection,Precision Selection,488,346,388.51,18162.30,None,N/A,
31.2854,cer,PrecisionSelection,Precision Selection,491,346,295.42,-9166.76,None,N/A,
31.2950,cer,PrecisionSelection,Precision Selection,496,347,531.77,24649.56,None,N/A,
31.3049,cer,PrecisionSelection,Precision Selection,499,347,300.98,-23154.59,None,N/A,
31.3148,cer,PrecisionSelection,Precision Selection,507,347,809.18,51403.47,None,N/A,
31.3255,cer,PrecisionSelection,Precision Selection,511,346,386.62,-39623.46,None,N/A,
31.3351,cer,PrecisionSelection,Precision Selection,520,345,937.85,57089.75,None,N/A,
31.3450,cer,PrecisionSelection,Precision Selection,524,344,418.03,-52703.09,None,N/A,
31.3556,cer,PrecisionSelection,Precision Selection,530,343,574.18,14739.12,None,N/A,
31.3658,cer,PrecisionSelection,Precision Selection,533,342,310.16,-25894.99,None,N/A,
31.3757,cer,PrecisionSelection,Precision Selection,536,341,320.25,1021.60,None,N/A,
31.3853,cer,PrecisionSelection,Precision Selection,540,338,516.11,20216.53,None,N/A,
31.3950,cer,PrecisionSelection,Precision Selection,542,337,231.53,-29466.09,None,N/A,
31.4049,cer,PrecisionSelection,Precision Selection,546,334,506.60,27869.51,None,N/A,
31.4155,cer,PrecisionSelection,Precision Selection,547,333,133.63,-35241.50,None,N/A,
31.4251,cer,PrecisionSelection,Precision Selection,549,331,292.30,16397.66,None,N/A,
31.4355,cer,PrecisionSelection,Precision Selection,550,330,135.91,-15029.51,None,N/A,
31.4451,cer,PrecisionSelection,Precision Selection,551,327,329.67,20199.43,None,N/A,
31.4550,cer,PrecisionSelection,Precision Selection,552,326,143.01,-18875.65,None,N/A,
31.4651,cer,PrecisionSelection,Precision Selection,552,325,99.57,-4325.55,None,N/A,
31.4752,cer,PrecisionSelection,Precision Selection,553,324,138.92,3864.82,None,N/A,
31.4856,cer,PrecisionSelection,Precision Selection,553,323,96.71,-4081.78,None,N/A,
31.4952,cer,PrecisionSelection,Precision Selection,553,322,104.07,765.95,None,N/A,
31.5056,cer,PrecisionSelection,Precision Selection,553,322,0.00,-9954.82,None,N/A,
31.5152,cer,PrecisionSelection,Precision Selection,553,322,0.00,0.00,None,N/A,
31.5249,cer,PrecisionSelection,Precision Selection,553,322,0.00,0.00,None,N/A,
31.5354,cer,PrecisionSelection,Precision Selection,553,322,0.00,0.00,None,N/A,
31.5458,cer,PrecisionSelection,Precision Selection,553,322,0.00,0.00,None,N/A,
31.5553,cer,PrecisionSelection,Precision Selection,553,322,0.00,0.00,None,N/A,
31.5658,cer,PrecisionSelection,Precision Selection,553,322,0.00,0.00,None,N/A,
31.5752,cer,PrecisionSelection,Precision Selection,553,322,0.00,0.00,None,N/A,
31.5856,cer,PrecisionSelection,Precision Selection,553,322,0.00,0.00,None,N/A,
31.5951,cer,PrecisionSelection,Precision Selection,553,322,0.00,0.00,None,N/A,
31.6056,cer,PrecisionSelection,Precision Selection,553,322,0.00,0.00,None,N/A,
31.6151,cer,PrecisionSelection,Precision Selection,553,322,0.00,0.00,None,N/A,
31.6257,cer,PrecisionSelection,Precision Selection,553,322,0.00,0.00,None,N/A,
31.6353,cer,PrecisionSelection,Precision Selection,553,322,0.00,0.00,None,N/A,
31.6449,cer,PrecisionSelection,Precision Selection,553,322,0.00,0.00,None,N/A,
31.6554,cer,PrecisionSelection,Precision Selection,553,322,0.00,0.00,None,N/A,
31.6650,cer,PrecisionSelection,Precision Selection,553,322,0.00,0.00,None,N/A,
31.6755,cer,PrecisionSelection,Precision Selection,553,322,0.00,0.00,None,N/A,
31.6850,cer,PrecisionSelection,Precision Selection,553,322,0.00,0.00,None,N/A,
31.6954,cer,PrecisionSelection,Precision Selection,553,322,0.00,0.00,None,N/A,
31.7056,cer,PrecisionSelection,Precision Selection,556,321,308.54,30104.08,None,N/A,
31.7149,cer,PrecisionSelection,Precision Selection,558,320,240.02,-7355.11,None,N/A,
31.7251,cer,PrecisionSelection,Precision Selection,561,318,354.68,11279.04,None,N/A,
31.7352,cer,PrecisionSelection,Precision Selection,566,315,575.85,21841.89,None,N/A,
31.7451,cer,PrecisionSelection,Precision Selection,568,313,285.81,-29307.95,None,N/A,
31.7554,cer,PrecisionSelection,Precision Selection,573,311,526.05,23467.49,None,N/A,
31.7656,cer,PrecisionSelection,Precision Selection,574,310,137.53,-37783.42,None,N/A,
31.7748,cer,PrecisionSelection,Precision Selection,577,308,393.53,27940.12,None,N/A,
31.7854,cer,PrecisionSelection,Precision Selection,578,307,133.91,-24582.27,None,N/A,
31.7949,cer,PrecisionSelection,Precision Selection,579,306,147.86,1459.17,None,N/A,
31.8050,cer,PrecisionSelection,Precision Selection,580,306,99.76,-4798.69,None,N/A,
31.8155,cer,PrecisionSelection,Precision Selection,581,305,134.34,3284.48,None,N/A,
31.8253,cer,PrecisionSelection,Precision Selection,581,305,0.00,-13698.23,None,N/A,
31.8355,cer,PrecisionSelection,Precision Selection,582,305,98.42,9686.67,None,N/A,
31.8449,cer,PrecisionSelection,Precision Selection,582,305,0.00,-10376.99,None,N/A,
31.8549,cer,PrecisionSelection,Precision Selection,583,305,100.09,10018.16,None,N/A,
31.8658,cer,PrecisionSelection,Precision Selection,583,305,0.00,-9208.40,None,N/A,
31.8753,cer,PrecisionSelection,Precision Selection,583,305,0.00,0.00,None,N/A,
31.8852,cer,PrecisionSelection,Precision Selection,583,305,0.00,0.00,None,N/A,
31.8957,cer,PrecisionSelection,Precision Selection,583,305,0.00,0.00,None,N/A,
31.9053,cer,PrecisionSelection,Precision Selection,583,305,0.00,0.00,None,N/A,
31.9158,cer,PrecisionSelection,Precision Selection,583,305,0.00,0.00,None,N/A,
31.9252,cer,PrecisionSelection,Precision Selection,583,305,0.00,0.00,None,N/A,
31.9356,cer,PrecisionSelection,Precision Selection,583,305,0.00,0.00,None,N/A,
31.9452,cer,PrecisionSelection,Precision Selection,583,305,0.00,0.00,None,N/A,
31.9558,cer,PrecisionSelection,Precision Selection,583,305,0.00,0.00,None,N/A,
31.9655,cer,PrecisionSelection,Precision Selection,583,305,0.00,0.00,None,N/A,
31.9757,cer,PrecisionSelection,Precision Selection,583,305,0.00,0.00,None,N/A,
31.9852,cer,PrecisionSelection,Precision Selection,583,305,0.00,0.00,None,N/A,
31.9957,cer,PrecisionSelection,Precision Selection,583,305,0.00,0.00,None,N/A,
32.0057,cer,PrecisionSelection,Precision Selection,583,305,0.00,0.00,None,N/A,
32.0157,cer,PrecisionSelection,Precision Selection,583,305,0.00,0.00,None,N/A,
32.0252,cer,PrecisionSelection,Precision Selection,583,305,0.00,0.00,None,N/A,
32.0349,cer,PrecisionSelection,Precision Selection,582,305,103.11,10632.69,None,N/A,
32.0448,cer,PrecisionSelection,Precision Selection,582,305,0.00,-10373.34,None,N/A,
32.0550,cer,PrecisionSelection,Precision Selection,581,306,138.73,13608.18,None,N/A,
32.0654,cer,PrecisionSelection,Precision Selection,581,306,0.00,-13335.90,None,N/A,
32.0755,cer,PrecisionSelection,Precision Selection,580,307,140.03,13865.10,None,N/A,
32.0850,cer,PrecisionSelection,Precision Selection,580,307,0.00,-14724.37,None,N/A,
32.0950,cer,PrecisionSelection,Precision Selection,579,308,141.30,14117.24,None,N/A,
32.1056,cer,PrecisionSelection,Precision Selection,579,308,0.00,-13400.00,None,N/A,
32.1157,cer,PrecisionSelection,Precision Selection,578,309,140.04,13867.06,None,N/A,
32.1251,cer,PrecisionSelection,Precision Selection,578,309,0.00,-14795.89,None,N/A,
32.1356,cer,PrecisionSelection,Precision Selection,577,310,135.59,12999.85,None,N/A,
32.1457,cer,PrecisionSelection,Precision Selection,577,310,0.00,-13333.28,None,N/A,
32.1550,cer,PrecisionSelection,Precision Selection,576,311,152.57,16459.89,None,N/A,
32.1656,cer,PrecisionSelection,Precision Selection,576,311,0.00,-14379.75,None,N/A,
32.1753,cer,PrecisionSelection,Precision Selection,576,312,103.44,10699.93,None,N/A,
32.1852,cer,PrecisionSelection,Precision Selection,576,312,0.00,-10466.58,None,N/A,
32.1950,cer,PrecisionSelection,Precision Selection,576,313,101.97,10397.24,None,N/A,
32.2050,cer,PrecisionSelection,Precision Selection,576,314,99.96,-200.64,None,N/A,
32.2159,cer,PrecisionSelection,Precision Selection,576,315,91.89,-741.71,None,N/A,
32.2249,cer,PrecisionSelection,Precision Selection,576,316,110.22,2020.94,None,N/A,
32.2352,cer,PrecisionSelection,Precision Selection,575,317,137.80,2687.60,None,N/A,
32.2448,cer,PrecisionSelection,Precision Selection,575,317,0.00,-14291.18,None,N/A,
32.2548,cer,PrecisionSelection,Precision Selection,575,318,100.65,10129.53,None,N/A,
32.2655,cer,PrecisionSelection,Precision Selection,575,318,0.00,-9423.99,None,N/A,
32.2750,cer,PrecisionSelection,Precision Selection,575,318,0.00,0.00,None,N/A,
32.2854,cer,PrecisionSelection,Precision Selection,575,319,95.95,9207.01,None,N/A,
32.2948,cer,PrecisionSelection,Precision Selection,575,319,0.00,-10137.19,None,N/A,
32.3058,cer,PrecisionSelection,Precision Selection,575,320,91.26,8329.09,None,N/A,
32.3153,cer,PrecisionSelection,Precision Selection,575,320,0.00,-9611.28,None,N/A,
32.3250,cer,PrecisionSelection,Precision Selection,575,320,0.00,0.00,None,N/A,
32.3354,cer,PrecisionSelection,Precision Selection,575,321,96.12,9239.53,None,N/A,
32.3448,cer,PrecisionSelection,Precision Selection,575,321,0.00,-10254.00,None,N/A,
32.3552,cer,PrecisionSelection,Precision Selection,575,321,0.00,0.00,None,N/A,
32.3658,cer,PrecisionSelection,Precision Selection,575,321,0.00,0.00,None,N/A,
32.3753,cer,PrecisionSelection,Precision Selection,575,321,0.00,0.00,None,N/A,
32.3857,cer,PrecisionSelection,Precision Selection,575,321,0.00,0.00,None,N/A,
32.3952,cer,PrecisionSelection,Precision Selection,575,321,0.00,0.00,None,N/A,
32.4057,cer,PrecisionSelection,Precision Selection,575,321,0.00,0.00,None,N/A,
32.4153,cer,PrecisionSelection,Precision Selection,575,321,0.00,0.00,None,N/A,
32.4257,cer,PrecisionSelection,Precision Selection,575,321,0.00,0.00,None,N/A,
32.4351,cer,PrecisionSelection,Precision Selection,575,321,0.00,0.00,None,N/A,
32.4456,cer,PrecisionSelection,Precision Selection,575,321,0.00,0.00,None,N/A,
32.4554,cer,PrecisionSelection,Precision Selection,575,321,0.00,0.00,None,N/A,
32.4649,cer,PrecisionSelection,Precision Selection,575,321,0.00,0.00,None,N/A,
32.4755,cer,PrecisionSelection,Precision Selection,575,321,0.00,0.00,None,N/A,
32.4850,cer,PrecisionSelection,Precision Selection,575,321,0.00,0.00,None,N/A,
32.4954,cer,PrecisionSelection,Precision Selection,575,321,0.00,0.00,None,N/A,
32.5049,cer,PrecisionSelection,Precision Selection,575,321,0.00,0.00,None,N/A,
32.5154,cer,PrecisionSelection,Precision Selection,575,321,0.00,0.00,None,N/A,
32.5248,cer,PrecisionSelection,Precision Selection,575,321,0.00,0.00,None,N/A,
32.5354,cer,PrecisionSelection,Precision Selection,575,321,0.00,0.00,None,N/A,
32.5451,cer,PrecisionSelection,Precision Selection,575,321,0.00,0.00,None,N/A,
32.5556,cer,PrecisionSelection,Precision Selection,575,321,0.00,0.00,None,N/A,
32.5651,cer,PrecisionSelection,Precision Selection,575,321,0.00,0.00,None,N/A,
32.5759,cer,PrecisionSelection,Precision Selection,575,321,0.00,0.00,None,N/A,
32.5855,cer,PrecisionSelection,Precision Selection,575,321,0.00,0.00,None,N/A,
32.5949,cer,PrecisionSelection,Precision Selection,575,321,0.00,0.00,None,N/A,
32.6054,cer,PrecisionSelection,Precision Selection,575,321,0.00,0.00,None,N/A,
32.6149,cer,PrecisionSelection,Precision Selection,575,321,0.00,0.00,None,N/A,
32.6254,cer,PrecisionSelection,Precision Selection,575,321,0.00,0.00,None,N/A,
32.6350,cer,PrecisionSelection,Precision Selection,575,321,0.00,0.00,None,N/A,
32.6455,cer,PrecisionSelection,Precision Selection,575,321,0.00,0.00,None,N/A,
32.6551,cer,PrecisionSelection,Precision Selection,575,321,0.00,0.00,None,N/A,
32.6656,cer,PrecisionSelection,Precision Selection,575,321,0.00,0.00,None,N/A,
32.6751,cer,PrecisionSelection,Precision Selection,575,321,0.00,0.00,None,N/A,
32.6857,cer,PrecisionSelection,Precision Selection,575,321,0.00,0.00,None,N/A,
32.6952,cer,PrecisionSelection,Precision Selection,575,321,0.00,0.00,None,N/A,
32.7057,cer,PrecisionSelection,Precision Selection,575,321,0.00,0.00,None,N/A,
32.7152,cer,PrecisionSelection,Precision Selection,575,321,0.00,0.00,None,N/A,
32.7257,cer,PrecisionSelection,Precision Selection,575,321,0.00,0.00,None,N/A,
32.7353,cer,PrecisionSelection,Precision Selection,575,321,0.00,0.00,None,N/A,
32.7458,cer,PrecisionSelection,Precision Selection,575,321,0.00,0.00,None,N/A,
32.7553,cer,PrecisionSelection,Precision Selection,575,321,0.00,0.00,None,N/A,
32.7657,cer,PrecisionSelection,Precision Selection,575,321,0.00,0.00,None,N/A,
32.7757,cer,PrecisionSelection,Precision Selection,575,321,0.00,0.00,None,N/A,
32.7853,cer,PrecisionSelection,Precision Selection,575,321,0.00,0.00,None,N/A,
32.7958,cer,PrecisionSelection,Precision Selection,575,321,0.00,0.00,None,N/A,
32.8054,cer,PrecisionSelection,Precision Selection,575,321,0.00,0.00,None,N/A,
32.8158,cer,PrecisionSelection,Precision Selection,575,321,0.00,0.00,None,N/A,
32.8253,cer,PrecisionSelection,Precision Selection,575,321,0.00,0.00,None,N/A,
32.8357,cer,PrecisionSelection,Precision Selection,575,321,0.00,0.00,None,N/A,
32.8451,cer,PrecisionSelection,Precision Selection,575,321,0.00,0.00,None,N/A,
32.8557,cer,PrecisionSelection,Precision Selection,575,321,0.00,0.00,None,N/A,
32.8652,cer,PrecisionSelection,Precision Selection,575,322,105.08,11041.99,None,N/A,
32.8753,cer,PrecisionSelection,Precision Selection,575,323,99.02,-599.90,None,N/A,
32.8853,cer,PrecisionSelection,Precision Selection,575,324,100.12,109.57,None,N/A,
32.8957,cer,PrecisionSelection,Precision Selection,575,325,95.45,-445.58,None,N/A,
32.9048,cer,PrecisionSelection,Precision Selection,575,326,109.89,1587.38,None,N/A,
32.9158,cer,PrecisionSelection,Precision Selection,575,326,0.00,-10054.46,None,N/A,
32.9254,cer,PrecisionSelection,Precision Selection,575,327,103.41,10694.13,None,N/A,
32.9350,cer,PrecisionSelection,Precision Selection,575,327,0.00,-10821.66,None,N/A,
32.9457,cer,PrecisionSelection,Precision Selection,575,327,0.00,0.00,None,N/A,
32.9552,cer,PrecisionSelection,Precision Selection,575,327,0.00,0.00,None,N/A,
32.9658,cer,PrecisionSelection,Precision Selection,575,327,0.00,0.00,None,N/A,
32.9752,cer,PrecisionSelection,Precision Selection,575,327,0.00,0.00,None,N/A,
32.9857,cer,PrecisionSelection,Precision Selection,575,327,0.00,0.00,None,N/A,
32.9952,cer,PrecisionSelection,Precision Selection,575,327,0.00,0.00,None,N/A,
33.0057,cer,PrecisionSelection,Precision Selection,575,327,0.00,0.00,None,N/A,
33.0152,cer,PrecisionSelection,Precision Selection,575,327,0.00,0.00,None,N/A,
33.0257,cer,PrecisionSelection,Precision Selection,575,327,0.00,0.00,None,N/A,
33.0351,cer,PrecisionSelection,Precision Selection,575,327,0.00,0.00,None,N/A,
33.0456,cer,PrecisionSelection,Precision Selection,575,327,0.00,0.00,None,N/A,
33.0552,cer,PrecisionSelection,Precision Selection,575,327,0.00,0.00,None,N/A,
33.0657,cer,PrecisionSelection,Precision Selection,575,327,0.00,0.00,None,N/A,
33.0752,cer,PrecisionSelection,Precision Selection,575,327,0.00,0.00,None,N/A,
33.0857,cer,PrecisionSelection,Precision Selection,575,327,0.00,0.00,None,N/A,
33.0952,cer,PrecisionSelection,Precision Selection,575,327,0.00,0.00,None,N/A,
33.1059,cer,PrecisionSelection,Precision Selection,575,327,0.00,0.00,None,N/A,
33.1154,cer,PrecisionSelection,Precision Selection,575,327,0.00,0.00,None,N/A,
33.1249,cer,PrecisionSelection,Precision Selection,575,327,0.00,0.00,None,N/A,
33.1352,cer,PrecisionSelection,Precision Selection,575,327,0.00,0.00,None,N/A,
33.1458,cer,PrecisionSelection,Precision Selection,575,327,0.00,0.00,None,N/A,
33.1553,cer,PrecisionSelection,Precision Selection,575,327,0.00,0.00,None,N/A,
33.1658,cer,PrecisionSelection,Precision Selection,575,327,0.00,0.00,None,N/A,
33.1752,cer,PrecisionSelection,Precision Selection,575,327,0.00,0.00,None,N/A,
33.1857,cer,PrecisionSelection,Precision Selection,575,327,0.00,0.00,None,N/A,
33.1952,cer,PrecisionSelection,Precision Selection,575,327,0.00,0.00,None,N/A,
33.2057,cer,PrecisionSelection,Precision Selection,575,327,0.00,0.00,None,N/A,
33.2151,cer,PrecisionSelection,Precision Selection,575,327,0.00,0.00,None,N/A,
33.2256,cer,PrecisionSelection,Precision Selection,575,327,0.00,0.00,None,N/A,
33.2352,cer,PrecisionSelection,Precision Selection,575,327,0.00,0.00,None,N/A,
33.2455,cer,PrecisionSelection,Precision Selection,575,327,0.00,0.00,Left,N/A,
33.2550,cer,PrecisionSelection,Precision Selection,575,327,0.00,0.00,Left,N/A,
33.2655,cer,PrecisionSelection,Precision Selection,575,327,0.00,0.00,Left,N/A,
33.2749,cer,PrecisionSelection,Precision Selection,575,327,0.00,0.00,Left,N/A,
33.2853,cer,PrecisionSelection,Precision Selection,575,327,0.00,0.00,Left,N/A,
33.2958,cer,PrecisionSelection,Precision Selection,575,327,0.00,0.00,Left,N/A,
33.3053,cer,PrecisionSelection,Precision Selection,575,327,0.00,0.00,Left,N/A,
33.3158,cer,PrecisionSelection,Precision Selection,575,327,0.00,0.00,Left,N/A,
33.3252,cer,PrecisionSelection,Precision Selection,575,327,0.00,0.00,Left,N/A,
33.3356,cer,PrecisionSelection,Precision Selection,575,327,0.00,0.00,Left,N/A,
33.3452,cer,PrecisionSelection,Precision Selection,575,327,0.00,0.00,Left,N/A,
33.3556,cer,PrecisionSelection,Precision Selection,575,327,0.00,0.00,Left,N/A,
33.3652,cer,PrecisionSelection,Precision Selection,575,327,0.00,0.00,Left,N/A,
33.3758,cer,PrecisionSelection,Precision Selection,575,327,0.00,0.00,Left,N/A,
33.3854,cer,PrecisionSelection,Precision Selection,575,327,0.00,0.00,Left,N/A,
33.3949,cer,PrecisionSelection,Precision Selection,575,327,0.00,0.00,Left,N/A,
33.4054,cer,PrecisionSelection,Precision Selection,575,327,0.00,0.00,Left,N/A,
33.4150,cer,PrecisionSelection,Precision Selection,575,327,0.00,0.00,Left,N/A,
33.4165,cer,PrecisionSelection,Precision Selection,575,327,0.00,0.00,None,N/A,precision_click
33.4252,cer,PrecisionSelection,Precision Selection,575,327,0.00,0.00,None,N/A,
33.4357,cer,PrecisionSelection,Precision Selection,575,327,0.00,0.00,None,N/A,
33.4451,cer,PrecisionSelection,Precision Selection,575,327,0.00,0.00,None,N/A,
33.4556,cer,PrecisionSelection,Precision Selection,575,327,0.00,0.00,None,N/A,
33.4651,cer,PrecisionSelection,Precision Selection,575,327,0.00,0.00,None,N/A,
33.4749,cer,PrecisionSelection,Precision Selection,575,327,0.00,0.00,None,N/A,
33.4855,cer,PrecisionSelection,Precision Selection,575,327,0.00,0.00,None,N/A,
33.4950,cer,PrecisionSelection,Precision Selection,575,327,0.00,0.00,None,N/A,
33.5057,cer,PrecisionSelection,Precision Selection,575,327,0.00,0.00,None,N/A,
33.5152,cer,PrecisionSelection,Precision Selection,575,327,0.00,0.00,None,N/A,
33.5257,cer,PrecisionSelection,Precision Selection,575,327,0.00,0.00,None,N/A,
33.5350,cer,PrecisionSelection,Precision Selection,575,327,0.00,0.00,None,N/A,
33.5455,cer,PrecisionSelection,Precision Selection,575,327,0.00,0.00,None,N/A,
33.5551,cer,PrecisionSelection,Precision Selection,575,327,0.00,0.00,None,N/A,
33.5657,cer,PrecisionSelection,Precision Selection,575,327,0.00,0.00,None,N/A,
33.5752,cer,PrecisionSelection,Precision Selection,575,327,0.00,0.00,None,N/A,
33.5856,cer,PrecisionSelection,Precision Selection,575,327,0.00,0.00,None,N/A,
33.5950,cer,PrecisionSelection,Precision Selection,575,327,0.00,0.00,None,N/A,
33.6055,cer,PrecisionSelection,Precision Selection,575,327,0.00,0.00,None,N/A,
33.6151,cer,PrecisionSelection,Precision Selection,575,327,0.00,0.00,None,N/A,
33.6256,cer,PrecisionSelection,Precision Selection,575,327,0.00,0.00,None,N/A,
33.6351,cer,PrecisionSelection,Precision Selection,575,327,0.00,0.00,None,N/A,
33.6456,cer,PrecisionSelection,Precision Selection,575,327,0.00,0.00,None,N/A,
33.6555,cer,PrecisionSelection,Precision Selection,575,327,0.00,0.00,None,N/A,
33.6652,cer,PrecisionSelection,Precision Selection,575,327,0.00,0.00,None,N/A,
33.6761,cer,PrecisionSelection,Precision Selection,575,327,0.00,0.00,None,N/A,
33.6860,cer,PrecisionSelection,Precision Selection,575,327,0.00,0.00,None,N/A,
33.6957,cer,PrecisionSelection,Precision Selection,575,327,0.00,0.00,None,N/A,
33.7056,cer,PrecisionSelection,Precision Selection,575,327,0.00,0.00,None,N/A,
33.7152,cer,PrecisionSelection,Precision Selection,575,327,0.00,0.00,None,N/A,
33.7257,cer,PrecisionSelection,Precision Selection,575,327,0.00,0.00,None,N/A,
33.7356,cer,PrecisionSelection,Precision Selection,575,327,0.00,0.00,None,N/A,
33.7452,cer,PrecisionSelection,Precision Selection,575,327,0.00,0.00,None,N/A,
33.7557,cer,PrecisionSelection,Precision Selection,575,327,0.00,0.00,None,N/A,
33.7652,cer,PrecisionSelection,Precision Selection,575,327,0.00,0.00,None,N/A,
33.7756,cer,PrecisionSelection,Precision Selection,575,327,0.00,0.00,None,N/A,
33.7849,cer,PrecisionSelection,Precision Selection,575,327,0.00,0.00,None,N/A,
33.7955,cer,PrecisionSelection,Precision Selection,575,327,0.00,0.00,None,N/A,
33.8050,cer,PrecisionSelection,Precision Selection,575,327,0.00,0.00,None,N/A,
33.8156,cer,PrecisionSelection,Precision Selection,585,329,967.10,91711.17,None,N/A,
33.8252,cer,PrecisionSelection,Precision Selection,602,334,1833.11,89587.07,None,N/A,
33.8352,cer,PrecisionSelection,Precision Selection,672,356,7378.75,557676.03,None,N/A,
33.8449,cer,PrecisionSelection,Precision Selection,691,364,2122.95,-541232.72,None,N/A,
33.8557,cer,PrecisionSelection,Precision Selection,718,377,2760.34,58712.07,None,N/A,
33.8654,cer,PrecisionSelection,Precision Selection,731,383,1475.51,-132406.77,None,N/A,
33.8750,cer,PrecisionSelection,Precision Selection,751,395,2448.43,102133.17,None,N/A,
33.8855,cer,PrecisionSelection,Precision Selection,757,399,686.95,-167803.28,None,N/A,
33.8957,cer,PrecisionSelection,Precision Selection,768,404,1179.59,48093.84,None,N/A,
33.9048,cer,PrecisionSelection,Precision Selection,772,406,489.84,-75549.61,None,N/A,
33.9153,cer,PrecisionSelection,Precision Selection,777,407,489.00,-80.84,None,N/A,
33.9251,cer,PrecisionSelection,Precision Selection,779,408,226.20,-26584.64,None,N/A,
33.9353,cer,PrecisionSelection,Precision Selection,780,409,139.59,-8548.91,None,N/A,
33.9458,cer,PrecisionSelection,Precision Selection,783,410,300.01,15218.57,None,N/A,
33.9557,cer,PrecisionSelection,Precision Selection,784,411,142.87,-15874.56,None,N/A,
33.9656,cer,PrecisionSelection,Precision Selection,786,412,226.27,8439.35,None,N/A,
33.9752,cer,PrecisionSelection,Precision Selection,787,413,147.07,-8236.36,None,N/A,
33.9850,cer,PrecisionSelection,Precision Selection,789,416,366.82,22355.99,None,N/A,
33.9949,cer,PrecisionSelection,Precision Selection,790,417,143.43,-22656.14,None,N/A,
34.0054,cer,PrecisionSelection,Precision Selection,793,421,474.01,31339.05,None,N/A,
34.0154,cer,PrecisionSelection,Precision Selection,794,423,223.73,-25041.55,None,N/A,
34.0248,cer,PrecisionSelection,Precision Selection,796,427,478.47,27254.61,None,N/A,
34.0351,cer,PrecisionSelection,Precision Selection,798,429,274.96,-19783.84,None,N/A,
34.0457,cer,PrecisionSelection,Precision Selection,801,434,548.26,25696.97,None,N/A,
34.0556,cer,PrecisionSelection,Precision Selection,803,437,364.82,-18561.12,None,N/A,
34.0655,cer,PrecisionSelection,Precision Selection,804,439,225.87,-14035.22,None,N/A,
34.0751,cer,PrecisionSelection,Precision Selection,806,443,463.08,24562.07,None,N/A,
34.0853,cer,PrecisionSelection,Precision Selection,807,445,221.02,-23925.92,None,N/A,
34.0957,cer,PrecisionSelection,Precision Selection,809,448,346.16,12014.67,None,N/A,
34.1057,cer,PrecisionSelection,Precision Selection,810,449,141.37,-20471.95,None,N/A,
34.1156,cer,PrecisionSelection,Precision Selection,810,452,303.82,16452.19,None,N/A,
34.1251,cer,PrecisionSelection,Precision Selection,811,454,234.70,-7255.61,None,N/A,
34.1348,cer,PrecisionSelection,Precision Selection,811,456,206.06,-2950.73,None,N/A,
34.1458,cer,PrecisionSelection,Precision Selection,811,458,181.05,-2263.79,None,N/A,
34.1553,cer,PrecisionSelection,Precision Selection,811,460,212.47,3338.11,None,N/A,
34.1656,cer,PrecisionSelection,Precision Selection,810,461,137.25,-7300.50,None,N/A,
34.1752,cer,PrecisionSelection,Precision Selection,810,462,103.80,-3471.61,None,N/A,
34.1858,cer,PrecisionSelection,Precision Selection,809,463,132.90,2734.31,None,N/A,
34.1951,cer,PrecisionSelection,Precision Selection,808,463,107.68,-2715.36,None,N/A,
34.2058,cer,PrecisionSelection,Precision Selection,806,463,187.15,7436.21,None,N/A,
34.2153,cer,PrecisionSelection,Precision Selection,806,463,0.00,-19763.39,None,N/A,
34.2257,cer,PrecisionSelection,Precision Selection,806,463,0.00,0.00,None,N/A,
34.2351,cer,PrecisionSelection,Precision Selection,806,463,0.00,0.00,None,N/A,
34.2457,cer,PrecisionSelection,Precision Selection,806,463,0.00,0.00,None,N/A,
34.2553,cer,PrecisionSelection,Precision Selection,806,463,0.00,0.00,None,N/A,
34.2658,cer,PrecisionSelection,Precision Selection,806,463,0.00,0.00,None,N/A,
34.2752,cer,PrecisionSelection,Precision Selection,806,463,0.00,0.00,None,N/A,
34.2855,cer,PrecisionSelection,Precision Selection,806,463,0.00,0.00,None,N/A,
34.2949,cer,PrecisionSelection,Precision Selection,806,463,0.00,0.00,None,N/A,
34.3054,cer,PrecisionSelection,Precision Selection,806,463,0.00,0.00,None,N/A,
34.3150,cer,PrecisionSelection,Precision Selection,806,463,0.00,0.00,None,N/A,
34.3254,cer,PrecisionSelection,Precision Selection,806,463,0.00,0.00,None,N/A,
34.3358,cer,PrecisionSelection,Precision Selection,806,463,0.00,0.00,None,N/A,
34.3452,cer,PrecisionSelection,Precision Selection,806,463,0.00,0.00,None,N/A,
34.3557,cer,PrecisionSelection,Precision Selection,806,463,0.00,0.00,None,N/A,
34.3653,cer,PrecisionSelection,Precision Selection,806,463,0.00,0.00,None,N/A,
34.3757,cer,PrecisionSelection,Precision Selection,806,463,0.00,0.00,None,N/A,
34.3852,cer,PrecisionSelection,Precision Selection,806,463,0.00,0.00,None,N/A,
34.3956,cer,PrecisionSelection,Precision Selection,806,463,0.00,0.00,None,N/A,
34.4052,cer,PrecisionSelection,Precision Selection,806,463,0.00,0.00,None,N/A,
34.4157,cer,PrecisionSelection,Precision Selection,806,463,0.00,0.00,None,N/A,
34.4252,cer,PrecisionSelection,Precision Selection,806,463,0.00,0.00,None,N/A,
34.4356,cer,PrecisionSelection,Precision Selection,806,463,0.00,0.00,None,N/A,
34.4451,cer,PrecisionSelection,Precision Selection,806,463,0.00,0.00,None,N/A,
34.4557,cer,PrecisionSelection,Precision Selection,807,464,133.96,12688.77,None,N/A,
34.4655,cer,PrecisionSelection,Precision Selection,808,468,421.16,29336.19,None,N/A,
34.4751,cer,PrecisionSelection,Precision Selection,809,469,147.08,-28504.82,None,N/A,
34.4848,cer,PrecisionSelection,Precision Selection,810,471,228.72,8349.69,None,N/A,
34.4957,cer,PrecisionSelection,Precision Selection,811,472,130.01,-9074.28,None,N/A,
34.5051,cer,PrecisionSelection,Precision Selection,812,474,238.40,11556.90,None,N/A,
34.5155,cer,PrecisionSelection,Precision Selection,812,475,96.39,-13688.46,None,N/A,
34.5254,cer,PrecisionSelection,Precision Selection,812,475,0.00,-9671.97,None,N/A,
34.5349,cer,PrecisionSelection,Precision Selection,813,476,149.41,15784.54,None,N/A,
34.5456,cer,PrecisionSelection,Precision Selection,813,476,0.00,-13929.54,None,N/A,
34.5556,cer,PrecisionSelection,Precision Selection,814,477,141.73,14204.41,None,N/A,
34.5653,cer,PrecisionSelection,Precision Selection,814,477,0.00,-14625.15,None,N/A,
34.5758,cer,PrecisionSelection,Precision Selection,815,477,95.14,9052.28,None,N/A,
34.5853,cer,PrecisionSelection,Precision Selection,815,477,0.00,-10074.74,None,N/A,
34.5958,cer,PrecisionSelection,Precision Selection,815,477,0.00,0.00,None,N/A,
34.6053,cer,PrecisionSelection,Precision Selection,815,477,0.00,0.00,None,N/A,
34.6157,cer,PrecisionSelection,Precision Selection,815,477,0.00,0.00,None,N/A,
34.6252,cer,PrecisionSelection,Precision Selection,815,477,0.00,0.00,None,N/A,
34.6358,cer,PrecisionSelection,Precision Selection,815,477,0.00,0.00,None,N/A,
34.6453,cer,PrecisionSelection,Precision Selection,815,477,0.00,0.00,None,N/A,
34.6558,cer,PrecisionSelection,Precision Selection,815,477,0.00,0.00,None,N/A,
34.6652,cer,PrecisionSelection,Precision Selection,815,477,0.00,0.00,None,N/A,
34.6762,cer,PrecisionSelection,Precision Selection,815,477,0.00,0.00,None,N/A,
34.6849,cer,PrecisionSelection,Precision Selection,815,477,0.00,0.00,None,N/A,
34.6955,cer,PrecisionSelection,Precision Selection,815,477,0.00,0.00,None,N/A,
34.7050,cer,PrecisionSelection,Precision Selection,815,477,0.00,0.00,None,N/A,
34.7155,cer,PrecisionSelection,Precision Selection,815,477,0.00,0.00,None,N/A,
34.7250,cer,PrecisionSelection,Precision Selection,815,477,0.00,0.00,None,N/A,
34.7353,cer,PrecisionSelection,Precision Selection,815,477,0.00,0.00,None,N/A,
34.7458,cer,PrecisionSelection,Precision Selection,815,477,0.00,0.00,None,N/A,
34.7553,cer,PrecisionSelection,Precision Selection,815,477,0.00,0.00,None,N/A,
34.7658,cer,PrecisionSelection,Precision Selection,815,477,0.00,0.00,None,N/A,
34.7754,cer,PrecisionSelection,Precision Selection,815,477,0.00,0.00,None,N/A,
34.7850,cer,PrecisionSelection,Precision Selection,815,477,0.00,0.00,None,N/A,
34.7955,cer,PrecisionSelection,Precision Selection,815,477,0.00,0.00,None,N/A,
34.8054,cer,PrecisionSelection,Precision Selection,815,477,0.00,0.00,None,N/A,
34.8154,cer,PrecisionSelection,Precision Selection,816,477,99.65,9930.29,None,N/A,
34.8250,cer,PrecisionSelection,Precision Selection,816,477,0.00,-10413.48,None,N/A,
34.8351,cer,PrecisionSelection,Precision Selection,816,477,0.00,0.00,None,N/A,
34.8457,cer,PrecisionSelection,Precision Selection,817,477,94.98,9020.74,None,N/A,
34.8552,cer,PrecisionSelection,Precision Selection,818,477,104.72,1019.80,None,N/A,
34.8654,cer,PrecisionSelection,Precision Selection,819,477,97.90,-666.95,None,N/A,
34.8749,cer,PrecisionSelection,Precision Selection,819,477,0.00,-10325.35,None,N/A,
34.8851,cer,PrecisionSelection,Precision Selection,821,477,196.74,19354.26,None,N/A,
34.8957,cer,PrecisionSelection,Precision Selection,821,477,0.00,-18594.55,None,N/A,
34.9053,cer,PrecisionSelection,Precision Selection,822,476,146.35,15145.43,None,N/A,
34.9152,cer,PrecisionSelection,Precision Selection,822,476,0.00,-14778.25,None,N/A,
34.9249,cer,PrecisionSelection,Precision Selection,823,476,103.41,10694.13,None,N/A,
34.9349,cer,PrecisionSelection,Precision Selection,823,476,0.00,-10353.84,None,N/A,
34.9458,cer,PrecisionSelection,Precision Selection,823,475,91.37,8348.33,None,N/A,
34.9554,cer,PrecisionSelection,Precision Selection,823,475,0.00,-9566.41,None,N/A,
34.9651,cer,PrecisionSelection,Precision Selection,823,475,0.00,0.00,None,N/A,
34.9756,cer,PrecisionSelection,Precision Selection,823,475,0.00,0.00,None,N/A,
34.9850,cer,PrecisionSelection,Precision Selection,823,475,0.00,0.00,None,N/A,
34.9956,cer,PrecisionSelection,Precision Selection,823,475,0.00,0.00,None,N/A,
35.0051,cer,PrecisionSelection,Precision Selection,823,475,0.00,0.00,None,N/A,
35.0149,cer,PrecisionSelection,Precision Selection,823,475,0.00,0.00,None,N/A,
35.0255,cer,PrecisionSelection,Precision Selection,823,475,0.00,0.00,None,N/A,
35.0351,cer,PrecisionSelection,Precision Selection,823,475,0.00,0.00,None,N/A,
35.0456,cer,PrecisionSelection,Precision Selection,823,475,0.00,0.00,None,N/A,
35.0551,cer,PrecisionSelection,Precision Selection,823,475,0.00,0.00,None,N/A,
35.0656,cer,PrecisionSelection,Precision Selection,823,475,0.00,0.00,None,N/A,
35.0750,cer,PrecisionSelection,Precision Selection,823,475,0.00,0.00,None,N/A,
35.0854,cer,PrecisionSelection,Precision Selection,823,475,0.00,0.00,None,N/A,
35.0949,cer,PrecisionSelection,Precision Selection,823,475,0.00,0.00,None,N/A,
35.1053,cer,PrecisionSelection,Precision Selection,823,475,0.00,0.00,None,N/A,
35.1157,cer,PrecisionSelection,Precision Selection,823,475,0.00,0.00,None,N/A,
35.1252,cer,PrecisionSelection,Precision Selection,823,475,0.00,0.00,None,N/A,
35.1356,cer,PrecisionSelection,Precision Selection,823,475,0.00,0.00,None,N/A,
35.1452,cer,PrecisionSelection,Precision Selection,823,475,0.00,0.00,None,N/A,
35.1558,cer,PrecisionSelection,Precision Selection,823,475,0.00,0.00,None,N/A,
35.1654,cer,PrecisionSelection,Precision Selection,823,475,0.00,0.00,None,N/A,
35.1748,cer,PrecisionSelection,Precision Selection,823,475,0.00,0.00,None,N/A,
35.1853,cer,PrecisionSelection,Precision Selection,823,475,0.00,0.00,Left,N/A,
35.1958,cer,PrecisionSelection,Precision Selection,823,475,0.00,0.00,Left,N/A,
35.2054,cer,PrecisionSelection,Precision Selection,823,475,0.00,0.00,Left,N/A,
35.2149,cer,PrecisionSelection,Precision Selection,823,475,0.00,0.00,Left,N/A,
35.2248,cer,PrecisionSelection,Precision Selection,823,475,0.00,0.00,Left,N/A,
35.2352,cer,PrecisionSelection,Precision Selection,823,475,0.00,0.00,Left,N/A,
35.2457,cer,PrecisionSelection,Precision Selection,823,475,0.00,0.00,Left,N/A,
35.2553,cer,PrecisionSelection,Precision Selection,823,475,0.00,0.00,Left,N/A,
35.2652,cer,PrecisionSelection,Precision Selection,823,475,0.00,0.00,Left,N/A,
35.2757,cer,PrecisionSelection,Precision Selection,823,475,0.00,0.00,Left,N/A,
35.2852,cer,PrecisionSelection,Precision Selection,823,475,0.00,0.00,Left,N/A,
35.2958,cer,PrecisionSelection,Precision Selection,823,475,0.00,0.00,Left,N/A,
35.3054,cer,PrecisionSelection,Precision Selection,823,475,0.00,0.00,Left,N/A,
35.3149,cer,PrecisionSelection,Precision Selection,823,475,0.00,0.00,Left,N/A,
35.3255,cer,PrecisionSelection,Precision Selection,823,475,0.00,0.00,Left,N/A,
35.3351,cer,PrecisionSelection,Precision Selection,823,475,0.00,0.00,Left,N/A,
35.3456,cer,PrecisionSelection,Precision Selection,823,475,0.00,0.00,Left,N/A,
35.3552,cer,PrecisionSelection,Precision Selection,823,475,0.00,0.00,Left,N/A,
35.3580,cer,PrecisionSelection,Precision Selection,823,475,0.00,0.00,None,N/A,precision_click
35.3657,cer,PrecisionSelection,Precision Selection,823,475,0.00,0.00,None,N/A,
35.3753,cer,PrecisionSelection,Precision Selection,823,475,0.00,0.00,None,N/A,
35.3857,cer,PrecisionSelection,Precision Selection,823,475,0.00,0.00,None,N/A,
35.3951,cer,PrecisionSelection,Precision Selection,823,475,0.00,0.00,None,N/A,
35.4057,cer,PrecisionSelection,Precision Selection,823,475,0.00,0.00,None,N/A,
35.4152,cer,PrecisionSelection,Precision Selection,823,475,0.00,0.00,None,N/A,
35.4257,cer,PrecisionSelection,Precision Selection,823,475,0.00,0.00,None,N/A,
35.4353,cer,PrecisionSelection,Precision Selection,823,475,0.00,0.00,None,N/A,
35.4459,cer,PrecisionSelection,Precision Selection,823,475,0.00,0.00,None,N/A,
35.4555,cer,PrecisionSelection,Precision Selection,823,475,0.00,0.00,None,N/A,
35.4649,cer,PrecisionSelection,Precision Selection,823,475,0.00,0.00,None,N/A,
35.4755,cer,PrecisionSelection,Precision Selection,823,475,0.00,0.00,None,N/A,
35.4851,cer,PrecisionSelection,Precision Selection,823,475,0.00,0.00,None,N/A,
35.4957,cer,PrecisionSelection,Precision Selection,823,475,0.00,0.00,None,N/A,
35.5053,cer,PrecisionSelection,Precision Selection,823,475,0.00,0.00,None,N/A,
35.5159,cer,PrecisionSelection,Precision Selection,823,475,0.00,0.00,None,N/A,
35.5253,cer,PrecisionSelection,Precision Selection,823,475,0.00,0.00,None,N/A,
35.5358,cer,PrecisionSelection,Precision Selection,823,475,0.00,0.00,None,N/A,
35.5452,cer,PrecisionSelection,Precision Selection,823,475,0.00,0.00,None,N/A,
35.5557,cer,PrecisionSelection,Precision Selection,823,475,0.00,0.00,None,N/A,
35.5652,cer,PrecisionSelection,Precision Selection,823,475,0.00,0.00,None,N/A,
35.5756,cer,PrecisionSelection,Precision Selection,823,475,0.00,0.00,None,N/A,
35.5850,cer,PrecisionSelection,Precision Selection,823,475,0.00,0.00,None,N/A,
35.5955,cer,PrecisionSelection,Precision Selection,823,475,0.00,0.00,None,N/A,
35.6051,cer,PrecisionSelection,Precision Selection,823,475,0.00,0.00,None,N/A,
35.6161,cer,PrecisionSelection,Precision Selection,823,475,0.00,0.00,None,N/A,
35.6249,cer,PrecisionSelection,Precision Selection,823,475,0.00,0.00,None,N/A,
35.6357,cer,PrecisionSelection,Precision Selection,823,475,0.00,0.00,None,N/A,
35.6453,cer,PrecisionSelection,Precision Selection,823,475,0.00,0.00,None,N/A,
35.6558,cer,PrecisionSelection,Precision Selection,823,475,0.00,0.00,None,N/A,
35.6649,cer,PrecisionSelection,Precision Selection,800,474,2511.12,273903.31,None,N/A,
35.6751,cer,PrecisionSelection,Precision Selection,775,473,2470.08,-4051.49,None,N/A,
35.6848,cer,PrecisionSelection,Precision Selection,749,475,2665.97,20026.57,None,N/A,
35.6950,cer,PrecisionSelection,Precision Selection,716,481,3297.73,62114.45,None,N/A,
35.7056,cer,PrecisionSelection,Precision Selection,701,487,1532.57,-167449.77,None,N/A,
35.7151,cer,PrecisionSelection,Precision Selection,674,504,3348.03,190502.43,None,N/A,
35.7249,cer,PrecisionSelection,Precision Selection,664,512,1300.47,-207928.54,None,N/A,
35.7356,cer,PrecisionSelection,Precision Selection,648,530,2257.96,89771.47,None,N/A,
35.7456,cer,PrecisionSelection,Precision Selection,640,542,1446.81,-81373.41,None,N/A,
35.7559,cer,PrecisionSelection,Precision Selection,630,564,2338.88,86337.40,None,N/A,
35.7654,cer,PrecisionSelection,Precision Selection,627,580,1717.13,-65583.32,None,N/A,
35.7752,cer,PrecisionSelection,Precision Selection,623,616,3683.46,199960.27,None,N/A,
35.7849,cer,PrecisionSelection,Precision Selection,622,622,626.35,-314792.66,None,N/A,
35.7950,cer,PrecisionSelection,Precision Selection,622,626,397.15,-22756.30,None,N/A,
35.8060,cer,PrecisionSelection,Precision Selection,622,627,90.66,-27785.61,None,N/A,
35.8157,cer,PrecisionSelection,Precision Selection,622,627,0.00,-9392.35,None,N/A,
35.8252,cer,PrecisionSelection,Precision Selection,622,627,0.00,0.00,None,N/A,
35.8358,cer,PrecisionSelection,Precision Selection,622,627,0.00,0.00,None,N/A,
35.8454,cer,PrecisionSelection,Precision Selection,622,627,0.00,0.00,None,N/A,
35.8550,cer,PrecisionSelection,Precision Selection,622,627,0.00,0.00,None,N/A,
35.8654,cer,PrecisionSelection,Precision Selection,622,627,0.00,0.00,None,N/A,
35.8758,cer,PrecisionSelection,Precision Selection,622,627,0.00,0.00,None,N/A,
35.8852,cer,PrecisionSelection,Precision Selection,622,627,0.00,0.00,None,N/A,
35.8958,cer,PrecisionSelection,Precision Selection,622,627,0.00,0.00,None,N/A,
35.9052,cer,PrecisionSelection,Precision Selection,622,627,0.00,0.00,None,N/A,
35.9157,cer,PrecisionSelection,Precision Selection,622,627,0.00,0.00,None,N/A,
35.9252,cer,PrecisionSelection,Precision Selection,622,627,0.00,0.00,None,N/A,
35.9356,cer,PrecisionSelection,Precision Selection,622,627,0.00,0.00,None,N/A,
35.9451,cer,PrecisionSelection,Precision Selection,622,627,0.00,0.00,None,N/A,
35.9557,cer,PrecisionSelection,Precision Selection,622,627,0.00,0.00,None,N/A,
35.9651,cer,PrecisionSelection,Precision Selection,622,627,0.00,0.00,None,N/A,
35.9756,cer,PrecisionSelection,Precision Selection,622,627,0.00,0.00,None,N/A,
35.9850,cer,PrecisionSelection,Precision Selection,622,627,0.00,0.00,None,N/A,
35.9956,cer,PrecisionSelection,Precision Selection,622,627,0.00,0.00,None,N/A,
36.0051,cer,PrecisionSelection,Precision Selection,622,627,0.00,0.00,None,N/A,
36.0156,cer,PrecisionSelection,Precision Selection,622,627,0.00,0.00,None,N/A,
36.0251,cer,PrecisionSelection,Precision Selection,622,627,0.00,0.00,None,N/A,
36.0351,cer,PrecisionSelection,Precision Selection,607,621,1620.57,162561.39,None,N/A,
36.0454,cer,PrecisionSelection,Precision Selection,558,604,5004.22,326471.47,None,N/A,
36.0554,cer,PrecisionSelection,Precision Selection,542,599,1683.01,-333449.19,None,N/A,
36.0653,cer,PrecisionSelection,Precision Selection,515,591,2842.18,116994.47,None,N/A,
36.0749,cer,PrecisionSelection,Precision Selection,503,587,1318.44,-158822.79,None,N/A,
36.0857,cer,PrecisionSelection,Precision Selection,479,583,2248.13,85901.26,None,N/A,
36.0954,cer,PrecisionSelection,Precision Selection,467,582,1237.83,-103855.38,None,N/A,
36.1052,cer,PrecisionSelection,Precision Selection,452,581,1542.95,31315.78,None,N/A,
36.1152,cer,PrecisionSelection,Precision Selection,445,582,709.12,-83620.44,None,N/A,
36.1256,cer,PrecisionSelection,Precision Selection,431,587,1418.17,67641.33,None,N/A,
36.1357,cer,PrecisionSelection,Precision Selection,426,590,580.77,-83406.35,None,N/A,
36.1453,cer,PrecisionSelection,Precision Selection,419,596,959.80,39459.63,None,N/A,
36.1553,cer,PrecisionSelection,Precision Selection,416,599,422.00,-53493.49,None,N/A,
36.1654,cer,PrecisionSelection,Precision Selection,413,602,422.80,79.94,None,N/A,
36.1757,cer,PrecisionSelection,Precision Selection,410,607,562.88,13522.68,None,N/A,
36.1850,cer,PrecisionSelection,Precision Selection,409,609,242.19,-34734.84,None,N/A,
36.1953,cer,PrecisionSelection,Precision Selection,408,613,400.34,15355.61,None,N/A,
36.2054,cer,PrecisionSelection,Precision Selection,408,614,98.24,-29677.75,None,N/A,
36.2210,cer,PrecisionSelection,Precision Selection,407,617,203.04,6729.36,None,N/A,
36.2256,cer,PrecisionSelection,Precision Selection,407,617,0.00,-44510.65,None,N/A,
36.2355,cer,PrecisionSelection,Precision Selection,406,618,143.16,14491.76,None,N/A,
36.2455,cer,PrecisionSelection,Precision Selection,406,619,99.90,-4321.28,None,N/A,
36.2548,cer,PrecisionSelection,Precision Selection,406,620,107.58,825.30,None,N/A,
36.2651,cer,PrecisionSelection,Precision Selection,406,620,0.00,-10390.53,None,N/A,
36.2758,cer,PrecisionSelection,Precision Selection,406,621,93.32,8708.39,None,N/A,
36.2855,cer,PrecisionSelection,Precision Selection,406,621,0.00,-9612.87,None,N/A,
36.2951,cer,PrecisionSelection,Precision Selection,406,621,0.00,0.00,None,N/A,
36.3056,cer,PrecisionSelection,Precision Selection,406,621,0.00,0.00,None,N/A,
36.3151,cer,PrecisionSelection,Precision Selection,406,621,0.00,0.00,None,N/A,
36.3257,cer,PrecisionSelection,Precision Selection,406,620,94.23,8880.23,None,N/A,
36.3351,cer,PrecisionSelection,Precision Selection,405,619,150.21,5945.91,None,N/A,
36.3448,cer,PrecisionSelection,Precision Selection,404,615,424.09,28170.14,None,N/A,
36.3553,cer,PrecisionSelection,Precision Selection,404,613,191.12,-22262.64,None,N/A,
36.3650,cer,PrecisionSelection,Precision Selection,402,606,753.43,58194.34,None,N/A,
36.3757,cer,PrecisionSelection,Precision Selection,402,603,278.78,-44107.46,None,N/A,
36.3850,cer,PrecisionSelection,Precision Selection,401,600,340.82,6686.26,None,N/A,
36.3956,cer,PrecisionSelection,Precision Selection,400,595,482.77,13440.37,None,N/A,
36.4054,cer,PrecisionSelection,Precision Selection,399,593,228.08,-25978.82,None,N/A,
36.4151,cer,PrecisionSelection,Precision Selection,398,589,422.35,19899.84,None,N/A,
36.4249,cer,PrecisionSelection,Precision Selection,397,588,144.95,-28431.85,None,N/A,
36.4357,cer,PrecisionSelection,Precision Selection,396,585,291.90,13565.44,None,N/A,
36.4456,cer,PrecisionSelection,Precision Selection,395,584,143.77,-15059.44,None,N/A,
36.4549,cer,PrecisionSelection,Precision Selection,395,582,213.01,7374.29,None,N/A,
36.4650,cer,PrecisionSelection,Precision Selection,394,581,140.32,-7212.13,None,N/A,
36.4755,cer,PrecisionSelection,Precision Selection,394,579,190.27,4752.19,None,N/A,
36.4857,cer,PrecisionSelection,Precision Selection,393,578,139.33,-5018.51,None,N/A,
36.4951,cer,PrecisionSelection,Precision Selection,393,577,105.89,-3540.98,None,N/A,
36.5050,cer,PrecisionSelection,Precision Selection,393,577,0.00,-10685.07,None,N/A,
36.5149,cer,PrecisionSelection,Precision Selection,393,577,0.00,0.00,None,N/A,
36.5250,cer,PrecisionSelection,Precision Selection,393,576,99.52,9903.92,None,N/A,
36.5357,cer,PrecisionSelection,Precision Selection,393,576,0.00,-9278.88,None,N/A,
36.5451,cer,PrecisionSelection,Precision Selection,393,576,0.00,0.00,None,N/A,
36.5553,cer,PrecisionSelection,Precision Selection,393,575,97.65,9534.82,None,N/A,
36.5652,cer,PrecisionSelection,Precision Selection,393,575,0.00,-9855.35,None,N/A,
36.5757,cer,PrecisionSelection,Precision Selection,392,575,95.31,9083.57,None,N/A,
36.5854,cer,PrecisionSelection,Precision Selection,392,574,103.24,819.13,None,N/A,
36.5954,cer,PrecisionSelection,Precision Selection,391,574,100.40,-285.81,None,N/A,
36.6048,cer,PrecisionSelection,Precision Selection,391,573,106.63,664.56,None,N/A,
36.6151,cer,PrecisionSelection,Precision Selection,390,573,96.46,-980.90,None,N/A,
36.6248,cer,PrecisionSelection,Precision Selection,390,572,102.86,658.69,None,N/A,
36.6356,cer,PrecisionSelection,Precision Selection,389,572,92.89,-926.06,None,N/A,
36.6455,cer,PrecisionSelection,Precision Selection,389,571,101.54,878.27,None,N/A,
36.6552,cer,PrecisionSelection,Precision Selection,389,571,0.00,-10436.40,None,N/A,
36.6656,cer,PrecisionSelection,Precision Selection,389,571,0.00,0.00,None,N/A,
36.6753,cer,PrecisionSelection,Precision Selection,389,571,0.00,0.00,None,N/A,
36.6858,cer,PrecisionSelection,Precision Selection,389,571,0.00,0.00,None,N/A,
36.6953,cer,PrecisionSelection,Precision Selection,389,571,0.00,0.00,None,N/A,
36.7049,cer,PrecisionSelection,Precision Selection,389,571,0.00,0.00,None,N/A,
36.7155,cer,PrecisionSelection,Precision Selection,389,571,0.00,0.00,None,N/A,
36.7249,cer,PrecisionSelection,Precision Selection,389,571,0.00,0.00,None,N/A,
36.7354,cer,PrecisionSelection,Precision Selection,389,571,0.00,0.00,None,N/A,
36.7449,cer,PrecisionSelection,Precision Selection,389,571,0.00,0.00,None,N/A,
36.7554,cer,PrecisionSelection,Precision Selection,389,571,0.00,0.00,None,N/A,
36.7658,cer,PrecisionSelection,Precision Selection,389,571,0.00,0.00,None,N/A,
36.7760,cer,PrecisionSelection,Precision Selection,389,571,0.00,0.00,None,N/A,
36.7851,cer,PrecisionSelection,Precision Selection,389,572,110.50,12209.29,None,N/A,
36.7950,cer,PrecisionSelection,Precision Selection,389,572,0.00,-11133.45,None,N/A,
36.8051,cer,PrecisionSelection,Precision Selection,390,574,221.45,21930.93,None,N/A,
36.8158,cer,PrecisionSelection,Precision Selection,390,574,0.00,-20732.09,None,N/A,
36.8257,cer,PrecisionSelection,Precision Selection,391,576,224.72,22583.08,None,N/A,
36.8353,cer,PrecisionSelection,Precision Selection,391,576,0.00,-23340.29,None,N/A,
36.8453,cer,PrecisionSelection,Precision Selection,392,578,224.80,22600.40,None,N/A,
36.8549,cer,PrecisionSelection,Precision Selection,392,578,0.00,-23289.26,None,N/A,
36.8650,cer,PrecisionSelection,Precision Selection,392,579,99.72,9943.52,None,N/A,
36.8755,cer,PrecisionSelection,Precision Selection,393,580,134.84,3349.28,None,N/A,
36.8857,cer,PrecisionSelection,Precision Selection,393,580,0.00,-13179.28,None,N/A,
36.8951,cer,PrecisionSelection,Precision Selection,393,581,106.63,11370.61,None,N/A,
36.9050,cer,PrecisionSelection,Precision Selection,393,581,0.00,-10743.49,None,N/A,
36.9151,cer,PrecisionSelection,Precision Selection,394,582,140.26,13910.38,None,N/A,
36.9254,cer,PrecisionSelection,Precision Selection,394,582,0.00,-13531.85,None,N/A,
36.9357,cer,PrecisionSelection,Precision Selection,394,583,97.43,9492.34,None,N/A,
36.9452,cer,PrecisionSelection,Precision Selection,394,583,0.00,-10273.93,None,N/A,
36.9558,cer,PrecisionSelection,Precision Selection,394,583,0.00,0.00,None,N/A,
36.9652,cer,PrecisionSelection,Precision Selection,394,583,0.00,0.00,None,N/A,
36.9756,cer,PrecisionSelection,Precision Selection,394,583,0.00,0.00,None,N/A,
36.9851,cer,PrecisionSelection,Precision Selection,394,583,0.00,0.00,None,N/A,
36.9954,cer,PrecisionSelection,Precision Selection,393,582,136.56,13186.67,None,N/A,
37.0051,cer,PrecisionSelection,Precision Selection,393,582,0.00,-14113.35,None,N/A,
37.0156,cer,PrecisionSelection,Precision Selection,393,582,0.00,0.00,None,N/A,
37.0251,cer,PrecisionSelection,Precision Selection,393,582,0.00,0.00,None,N/A,
37.0358,cer,PrecisionSelection,Precision Selection,393,582,0.00,0.00,None,N/A,
37.0452,cer,PrecisionSelection,Precision Selection,393,582,0.00,0.00,None,N/A,
37.0561,cer,PrecisionSelection,Precision Selection,393,582,0.00,0.00,None,N/A,
37.0658,cer,PrecisionSelection,Precision Selection,393,582,0.00,0.00,None,N/A,
37.0753,cer,PrecisionSelection,Precision Selection,393,582,0.00,0.00,None,N/A,
37.0858,cer,PrecisionSelection,Precision Selection,393,582,0.00,0.00,None,N/A,
37.0954,cer,PrecisionSelection,Precision Selection,393,582,0.00,0.00,None,N/A,
37.1050,cer,PrecisionSelection,Precision Selection,393,582,0.00,0.00,None,N/A,
37.1155,cer,PrecisionSelection,Precision Selection,393,582,0.00,0.00,None,N/A,
37.1249,cer,PrecisionSelection,Precision Selection,393,582,0.00,0.00,None,N/A,
37.1353,cer,PrecisionSelection,Precision Selection,393,582,0.00,0.00,None,N/A,
37.1458,cer,PrecisionSelection,Precision Selection,393,582,0.00,0.00,None,N/A,
37.1549,cer,PrecisionSelection,Precision Selection,393,582,0.00,0.00,None,N/A,
37.1654,cer,PrecisionSelection,Precision Selection,393,582,0.00,0.00,None,N/A,
37.1758,cer,PrecisionSelection,Precision Selection,393,582,0.00,0.00,None,N/A,
37.1857,cer,PrecisionSelection,Precision Selection,393,582,0.00,0.00,Left,N/A,
37.1952,cer,PrecisionSelection,Precision Selection,393,582,0.00,0.00,Left,N/A,
37.2058,cer,PrecisionSelection,Precision Selection,393,582,0.00,0.00,Left,N/A,
37.2153,cer,PrecisionSelection,Precision Selection,393,582,0.00,0.00,Left,N/A,
37.2257,cer,PrecisionSelection,Precision Selection,393,582,0.00,0.00,Left,N/A,
37.2352,cer,PrecisionSelection,Precision Selection,393,582,0.00,0.00,Left,N/A,
37.2458,cer,PrecisionSelection,Precision Selection,393,582,0.00,0.00,Left,N/A,
37.2554,cer,PrecisionSelection,Precision Selection,393,582,0.00,0.00,Left,N/A,
37.2658,cer,PrecisionSelection,Precision Selection,393,582,0.00,0.00,Left,N/A,
37.2753,cer,PrecisionSelection,Precision Selection,393,582,0.00,0.00,Left,N/A,
37.2850,cer,PrecisionSelection,Precision Selection,393,582,0.00,0.00,Left,N/A,
37.2955,cer,PrecisionSelection,Precision Selection,393,582,0.00,0.00,Left,N/A,
37.3050,cer,PrecisionSelection,Precision Selection,393,582,0.00,0.00,Left,N/A,
37.3155,cer,PrecisionSelection,Precision Selection,393,582,0.00,0.00,Left,N/A,
37.3249,cer,PrecisionSelection,Precision Selection,393,582,0.00,0.00,Left,N/A,
37.3352,cer,PrecisionSelection,Precision Selection,393,582,0.00,0.00,Left,N/A,
37.3458,cer,PrecisionSelection,Precision Selection,393,582,0.00,0.00,Left,N/A,
37.3555,cer,PrecisionSelection,Precision Selection,393,582,0.00,0.00,Left,N/A,
37.3622,cer,PrecisionSelection,Precision Selection,393,582,0.00,0.00,None,N/A,precision_click
37.3653,cer,PrecisionSelection,Precision Selection,393,582,0.00,0.00,None,N/A,
37.3758,cer,PrecisionSelection,Precision Selection,393,582,0.00,0.00,None,N/A,
37.3853,cer,PrecisionSelection,Precision Selection,393,582,0.00,0.00,None,N/A,
37.3958,cer,PrecisionSelection,Precision Selection,393,582,0.00,0.00,None,N/A,
37.4055,cer,PrecisionSelection,Precision Selection,393,582,0.00,0.00,None,N/A,
37.4150,cer,PrecisionSelection,Precision Selection,393,582,0.00,0.00,None,N/A,
37.4258,cer,PrecisionSelection,Precision Selection,393,582,0.00,0.00,None,N/A,
37.4355,cer,PrecisionSelection,Precision Selection,393,582,0.00,0.00,None,N/A,
37.4450,cer,PrecisionSelection,Precision Selection,393,582,0.00,0.00,None,N/A,
37.4556,cer,PrecisionSelection,Precision Selection,393,582,0.00,0.00,None,N/A,
37.4651,cer,PrecisionSelection,Precision Selection,393,582,0.00,0.00,None,N/A,
37.4755,cer,PrecisionSelection,Precision Selection,393,582,0.00,0.00,None,N/A,
37.4858,cer,PrecisionSelection,Precision Selection,393,582,0.00,0.00,None,N/A,
37.4954,cer,PrecisionSelection,Precision Selection,393,582,0.00,0.00,None,N/A,
37.5051,cer,PrecisionSelection,Precision Selection,393,582,0.00,0.00,None,N/A,
37.5156,cer,PrecisionSelection,Precision Selection,393,582,0.00,0.00,None,N/A,
37.5250,cer,PrecisionSelection,Precision Selection,393,582,0.00,0.00,None,N/A,
37.5355,cer,PrecisionSelection,Precision Selection,393,582,0.00,0.00,None,N/A,
37.5450,cer,PrecisionSelection,Precision Selection,393,582,0.00,0.00,None,N/A,
37.5557,cer,PrecisionSelection,Precision Selection,393,582,0.00,0.00,None,N/A,
37.5652,cer,PrecisionSelection,Precision Selection,393,582,0.00,0.00,None,N/A,
37.5762,cer,PrecisionSelection,Precision Selection,393,582,0.00,0.00,None,N/A,
37.5850,cer,PrecisionSelection,Precision Selection,393,582,0.00,0.00,None,N/A,
37.5955,cer,PrecisionSelection,Precision Selection,393,582,0.00,0.00,None,N/A,
37.6052,cer,PrecisionSelection,Precision Selection,393,582,0.00,0.00,None,N/A,
37.6157,cer,PrecisionSelection,Precision Selection,393,582,0.00,0.00,None,N/A,
37.6252,cer,PrecisionSelection,Precision Selection,393,582,0.00,0.00,None,N/A,
37.6357,cer,PrecisionSelection,Precision Selection,393,582,0.00,0.00,None,N/A,
37.6452,cer,PrecisionSelection,Precision Selection,393,582,0.00,0.00,None,N/A,
37.6558,cer,PrecisionSelection,Precision Selection,393,582,0.00,0.00,None,N/A,
37.6652,cer,PrecisionSelection,Precision Selection,393,582,0.00,0.00,None,N/A,
37.6756,cer,PrecisionSelection,Precision Selection,393,582,0.00,0.00,None,N/A,
37.6851,cer,PrecisionSelection,Precision Selection,393,582,0.00,0.00,None,N/A,
37.6957,cer,PrecisionSelection,Precision Selection,393,582,0.00,0.00,None,N/A,
37.7051,cer,PrecisionSelection,Precision Selection,393,582,0.00,0.00,None,N/A,
37.7156,cer,PrecisionSelection,Precision Selection,393,582,0.00,0.00,None,N/A,
37.7253,cer,PrecisionSelection,Precision Selection,393,582,0.00,0.00,None,N/A,
37.7353,cer,PrecisionSelection,Precision Selection,393,582,0.00,0.00,None,N/A,
37.7450,cer,PrecisionSelection,Precision Selection,391,573,952.01,98303.92,None,N/A,
37.7551,cer,PrecisionSelection,Precision Selection,389,567,624.24,-32350.90,None,N/A,
37.7657,cer,PrecisionSelection,Precision Selection,387,560,685.41,5758.94,None,N/A,
37.7755,cer,PrecisionSelection,Precision Selection,386,557,323.89,-37027.90,None,N/A,
37.7854,cer,PrecisionSelection,Precision Selection,384,552,541.45,21874.30,None,N/A,
37.7957,cer,PrecisionSelection,Precision Selection,383,550,217.29,-31499.85,None,N/A,
37.8055,cer,PrecisionSelection,Precision Selection,382,548,228.58,1154.73,None,N/A,
37.8157,cer,PrecisionSelection,Precision Selection,380,546,276.64,4700.69,None,N/A,
37.8256,cer,PrecisionSelection,Precision Selection,379,545,142.53,-13516.46,None,N/A,
37.8355,cer,PrecisionSelection,Precision Selection,377,543,288.08,14825.48,None,N/A,
37.8449,cer,PrecisionSelection,Precision Selection,377,543,0.00,-30515.97,None,N/A,
37.8556,cer,PrecisionSelection,Precision Selection,375,542,208.27,19399.10,None,N/A,
37.8649,cer,PrecisionSelection,Precision Selection,375,541,108.15,-10828.36,None,N/A,
37.8755,cer,PrecisionSelection,Precision Selection,374,541,94.49,-1290.30,None,N/A,
37.8850,cer,PrecisionSelection,Precision Selection,374,541,0.00,-9875.13,None,N/A,
37.8949,cer,PrecisionSelection,Precision Selection,373,541,100.92,10184.69,None,N/A,
37.9057,cer,PrecisionSelection,Precision Selection,373,541,0.00,-9410.75,None,N/A,
37.9153,cer,PrecisionSelection,Precision Selection,373,541,0.00,0.00,None,N/A,
37.9253,cer,PrecisionSelection,Precision Selection,372,541,99.78,9955.82,None,N/A,
37.9353,cer,PrecisionSelection,Precision Selection,372,541,0.00,-9999.59,None,N/A,
37.9450,cer,PrecisionSelection,Precision Selection,371,541,102.26,10457.15,None,N/A,
37.9557,cer,PrecisionSelection,Precision Selection,371,541,0.00,-9581.16,None,N/A,
37.9658,cer,PrecisionSelection,Precision Selection,370,541,99.15,9831.47,None,N/A,
37.9756,cer,PrecisionSelection,Precision Selection,370,540,101.94,283.98,None,N/A,
37.9852,cer,PrecisionSelection,Precision Selection,368,540,208.23,11066.67,None,N/A,
37.9951,cer,PrecisionSelection,Precision Selection,367,539,142.70,-6612.18,None,N/A,
38.0054,cer,PrecisionSelection,Precision Selection,365,538,217.93,7332.00,None,N/A,
38.0158,cer,PrecisionSelection,Precision Selection,364,537,135.23,-7908.08,None,N/A,
38.0252,cer,PrecisionSelection,Precision Selection,362,536,239.55,11175.85,None,N/A,
38.0352,cer,PrecisionSelection,Precision Selection,361,536,99.29,-13926.73,None,N/A,
38.0453,cer,PrecisionSelection,Precision Selection,360,536,99.97,67.66,None,N/A,
38.0557,cer,PrecisionSelection,Precision Selection,357,535,301.39,19197.16,None,N/A,
38.0655,cer,PrecisionSelection,Precision Selection,356,534,145.54,-16038.87,None,N/A,
38.0751,cer,PrecisionSelection,Precision Selection,355,534,104.02,-4319.30,None,N/A,
38.0856,cer,PrecisionSelection,Precision Selection,354,533,134.63,2913.57,None,N/A,
38.0957,cer,PrecisionSelection,Precision Selection,353,533,98.59,-3552.85,None,N/A,
38.1057,cer,PrecisionSelection,Precision Selection,352,532,141.15,4248.15,None,N/A,
38.1158,cer,PrecisionSelection,Precision Selection,352,531,99.81,-4126.53,None,N/A,
38.1252,cer,PrecisionSelection,Precision Selection,352,530,105.59,610.75,None,N/A,
38.1349,cer,PrecisionSelection,Precision Selection,352,529,103.13,-254.09,None,N/A,
38.1458,cer,PrecisionSelection,Precision Selection,352,529,0.00,-9482.80,None,N/A,
38.1554,cer,PrecisionSelection,Precision Selection,353,528,147.27,15336.30,None,N/A,
38.1658,cer,PrecisionSelection,Precision Selection,353,528,0.00,-14182.07,None,N/A,
38.1753,cer,PrecisionSelection,Precision Selection,353,527,104.81,10984.68,None,N/A,
38.1850,cer,PrecisionSelection,Precision Selection,354,527,103.09,-176.87,None,N/A,
38.1950,cer,PrecisionSelection,Precision Selection,354,526,99.93,-315.67,None,N/A,
38.2055,cer,PrecisionSelection,Precision Selection,355,526,95.96,-380.91,None,N/A,
38.2156,cer,PrecisionSelection,Precision Selection,355,525,98.19,218.14,None,N/A,
38.2253,cer,PrecisionSelection,Precision Selection,355,525,0.00,-10217.37,None,N/A,
38.2353,cer,PrecisionSelection,Precision Selection,356,525,99.34,9868.76,None,N/A,
38.2449,cer,PrecisionSelection,Precision Selection,356,525,0.00,-10384.02,None,N/A,
38.2557,cer,PrecisionSelection,Precision Selection,356,525,0.00,0.00,None,N/A,
38.2653,cer,PrecisionSelection,Precision Selection,356,524,104.99,11023.76,None,N/A,
38.2753,cer,PrecisionSelection,Precision Selection,357,524,99.16,-578.21,None,N/A,
38.2853,cer,PrecisionSelection,Precision Selection,357,524,0.00,-10006.02,None,N/A,
38.2950,cer,PrecisionSelection,Precision Selection,358,523,145.04,14874.83,None,N/A,
38.3056,cer,PrecisionSelection,Precision Selection,358,523,0.00,-13666.47,None,N/A,
38.3155,cer,PrecisionSelection,Precision Selection,359,522,142.50,14359.07,None,N/A,
38.3251,cer,PrecisionSelection,Precision Selection,359,522,0.00,-14839.64,None,N/A,
38.3351,cer,PrecisionSelection,Precision Selection,360,522,100.71,10143.16,None,N/A,
38.3450,cer,PrecisionSelection,Precision Selection,360,521,101.05,33.83,None,N/A,
38.3554,cer,PrecisionSelection,Precision Selection,361,520,135.10,3252.45,None,N/A,
38.3654,cer,PrecisionSelection,Precision Selection,361,520,0.00,-13508.28,None,N/A,
38.3750,cer,PrecisionSelection,Precision Selection,361,520,0.00,0.00,None,N/A,
38.3856,cer,PrecisionSelection,Precision Selection,361,520,0.00,0.00,None,N/A,
38.3951,cer,PrecisionSelection,Precision Selection,361,520,0.00,0.00,None,N/A,
38.4058,cer,PrecisionSelection,Precision Selection,361,520,0.00,0.00,None,N/A,
38.4153,cer,PrecisionSelection,Precision Selection,361,520,0.00,0.00,None,N/A,
38.4257,cer,PrecisionSelection,Precision Selection,361,520,0.00,0.00,None,N/A,
38.4350,cer,PrecisionSelection,Precision Selection,361,520,0.00,0.00,None,N/A,
38.4455,cer,PrecisionSelection,Precision Selection,361,520,0.00,0.00,None,N/A,
38.4550,cer,PrecisionSelection,Precision Selection,361,520,0.00,0.00,None,N/A,
38.4656,cer,PrecisionSelection,Precision Selection,361,520,0.00,0.00,None,N/A,
38.4752,cer,PrecisionSelection,Precision Selection,361,520,0.00,0.00,None,N/A,
38.4857,cer,PrecisionSelection,Precision Selection,361,520,0.00,0.00,None,N/A,
38.4952,cer,PrecisionSelection,Precision Selection,361,520,0.00,0.00,None,N/A,
38.5058,cer,PrecisionSelection,Precision Selection,361,520,0.00,0.00,None,N/A,
38.5154,cer,PrecisionSelection,Precision Selection,361,520,0.00,0.00,None,N/A,
38.5259,cer,PrecisionSelection,Precision Selection,361,520,0.00,0.00,None,N/A,
38.5358,cer,PrecisionSelection,Precision Selection,361,520,0.00,0.00,Left,N/A,
38.5453,cer,PrecisionSelection,Precision Selection,361,520,0.00,0.00,Left,N/A,
38.5549,cer,PrecisionSelection,Precision Selection,361,520,0.00,0.00,Left,N/A,
38.5654,cer,PrecisionSelection,Precision Selection,361,520,0.00,0.00,Left,N/A,
38.5758,cer,PrecisionSelection,Precision Selection,361,520,0.00,0.00,Left,N/A,
38.5853,cer,PrecisionSelection,Precision Selection,361,520,0.00,0.00,Left,N/A,
38.5958,cer,PrecisionSelection,Precision Selection,361,520,0.00,0.00,Left,N/A,
38.6056,cer,PrecisionSelection,Precision Selection,361,520,0.00,0.00,Left,N/A,
38.6155,cer,PrecisionSelection,Precision Selection,361,520,0.00,0.00,Left,N/A,
38.6252,cer,PrecisionSelection,Precision Selection,361,520,0.00,0.00,Left,N/A,
38.6359,cer,PrecisionSelection,Precision Selection,361,520,0.00,0.00,Left,N/A,
38.6454,cer,PrecisionSelection,Precision Selection,361,520,0.00,0.00,Left,N/A,
38.6558,cer,PrecisionSelection,Precision Selection,361,520,0.00,0.00,Left,N/A,
38.6656,cer,PrecisionSelection,Precision Selection,361,520,0.00,0.00,Left,N/A,
38.6751,cer,PrecisionSelection,Precision Selection,361,520,0.00,0.00,Left,N/A,
38.6856,cer,PrecisionSelection,Precision Selection,361,520,0.00,0.00,Left,N/A,
38.6951,cer,PrecisionSelection,Precision Selection,361,520,0.00,0.00,Left,N/A,
38.7053,cer,PrecisionSelection,Precision Selection,361,520,0.00,0.00,Left,N/A,
38.7065,cer,PrecisionSelection,Precision Selection,361,520,0.00,0.00,None,N/A,precision_click
38.7157,cer,PrecisionSelection,Precision Selection,361,520,0.00,0.00,None,N/A,
38.7251,cer,PrecisionSelection,Precision Selection,361,520,0.00,0.00,None,N/A,
38.7356,cer,PrecisionSelection,Precision Selection,361,520,0.00,0.00,None,N/A,
38.7452,cer,PrecisionSelection,Precision Selection,361,520,0.00,0.00,None,N/A,
38.7557,cer,PrecisionSelection,Precision Selection,361,520,0.00,0.00,None,N/A,
38.7652,cer,PrecisionSelection,Precision Selection,361,520,0.00,0.00,None,N/A,
38.7758,cer,PrecisionSelection,Precision Selection,361,520,0.00,0.00,None,N/A,
38.7854,cer,PrecisionSelection,Precision Selection,361,520,0.00,0.00,None,N/A,
38.7950,cer,PrecisionSelection,Precision Selection,361,520,0.00,0.00,None,N/A,
38.8062,cer,PrecisionSelection,Precision Selection,361,520,0.00,0.00,None,N/A,
38.8158,cer,PrecisionSelection,Precision Selection,361,520,0.00,0.00,None,N/A,
38.8253,cer,PrecisionSelection,Precision Selection,361,520,0.00,0.00,None,N/A,
38.8354,cer,PrecisionSelection,Precision Selection,361,520,0.00,0.00,None,N/A,
38.8450,cer,PrecisionSelection,Precision Selection,361,520,0.00,0.00,None,N/A,
38.8556,cer,PrecisionSelection,Precision Selection,361,520,0.00,0.00,None,N/A,
38.8650,cer,PrecisionSelection,Precision Selection,361,520,0.00,0.00,None,N/A,
38.8755,cer,PrecisionSelection,Precision Selection,361,520,0.00,0.00,None,N/A,
38.8850,cer,PrecisionSelection,Precision Selection,361,520,0.00,0.00,None,N/A,
38.8954,cer,PrecisionSelection,Precision Selection,361,520,0.00,0.00,None,N/A,
38.9050,cer,PrecisionSelection,Precision Selection,361,520,0.00,0.00,None,N/A,
38.9154,cer,PrecisionSelection,Precision Selection,361,520,0.00,0.00,None,N/A,
38.9258,cer,PrecisionSelection,Precision Selection,361,520,0.00,0.00,None,N/A,
38.9353,cer,PrecisionSelection,Precision Selection,361,520,0.00,0.00,None,N/A,
38.9459,cer,PrecisionSelection,Precision Selection,361,520,0.00,0.00,None,N/A,
38.9548,cer,PrecisionSelection,Precision Selection,361,520,0.00,0.00,None,N/A,
38.9652,cer,PrecisionSelection,Precision Selection,361,520,0.00,0.00,None,N/A,
38.9759,cer,PrecisionSelection,Precision Selection,361,520,0.00,0.00,None,N/A,
38.9857,cer,PrecisionSelection,Precision Selection,361,520,0.00,0.00,None,N/A,
38.9952,cer,PrecisionSelection,Precision Selection,361,520,0.00,0.00,None,N/A,
39.0059,cer,PrecisionSelection,Precision Selection,361,520,0.00,0.00,None,N/A,
39.0156,cer,PrecisionSelection,Precision Selection,361,520,0.00,0.00,None,N/A,
39.0251,cer,PrecisionSelection,Precision Selection,361,520,0.00,0.00,None,N/A,
39.0352,cer,PrecisionSelection,Precision Selection,367,517,665.27,65976.47,None,N/A,
39.0457,cer,PrecisionSelection,Precision Selection,376,513,935.51,25668.65,None,N/A,
39.0558,cer,PrecisionSelection,Precision Selection,411,497,3834.67,288883.24,None,N/A,
39.0653,cer,PrecisionSelection,Precision Selection,429,486,2213.41,-170111.36,None,N/A,
39.0749,cer,PrecisionSelection,Precision Selection,455,467,3332.77,115846.48,None,N/A,
39.0850,cer,PrecisionSelection,Precision Selection,467,457,1554.31,-176964.33,None,N/A,
39.0956,cer,PrecisionSelection,Precision Selection,489,432,3133.81,148637.85,None,N/A,
39.1053,cer,PrecisionSelection,Precision Selection,498,420,1543.65,-163643.84,None,N/A,
39.1154,cer,PrecisionSelection,Precision Selection,506,409,1357.01,-18620.99,None,N/A,
39.1250,cer,PrecisionSelection,Precision Selection,521,383,3112.15,181974.58,None,N/A,
39.1350,cer,PrecisionSelection,Precision Selection,527,370,1438.06,-168143.22,None,N/A,
39.1453,cer,PrecisionSelection,Precision Selection,537,345,2614.00,114161.72,None,N/A,
39.1559,cer,PrecisionSelection,Precision Selection,540,332,1258.98,-127865.46,None,N/A,
39.1653,cer,PrecisionSelection,Precision Selection,541,307,2644.23,146399.64,None,N/A,
39.1751,cer,PrecisionSelection,Precision Selection,538,294,1361.07,-130903.24,None,N/A,
39.1848,cer,PrecisionSelection,Precision Selection,530,272,2430.05,110967.15,None,N/A,
39.1952,cer,PrecisionSelection,Precision Selection,530,272,0.00,-233368.41,None,N/A,
39.2057,cer,PrecisionSelection,Precision Selection,530,272,0.00,0.00,None,N/A,
39.2151,cer,PrecisionSelection,Precision Selection,530,272,0.00,0.00,None,N/A,
39.2256,cer,PrecisionSelection,Precision Selection,530,272,0.00,0.00,None,N/A,
39.2350,cer,PrecisionSelection,Precision Selection,530,272,0.00,0.00,None,N/A,
39.2455,cer,PrecisionSelection,Precision Selection,530,272,0.00,0.00,None,N/A,
39.2554,cer,PrecisionSelection,Precision Selection,530,272,0.00,0.00,None,N/A,
39.2658,cer,PrecisionSelection,Precision Selection,530,272,0.00,0.00,None,N/A,
39.2758,cer,PrecisionSelection,Precision Selection,530,272,0.00,0.00,None,N/A,
39.2854,cer,PrecisionSelection,Precision Selection,530,272,0.00,0.00,None,N/A,
39.2949,cer,PrecisionSelection,Precision Selection,530,272,0.00,0.00,None,N/A,
39.3048,cer,PrecisionSelection,Precision Selection,530,272,0.00,0.00,None,N/A,
39.3153,cer,PrecisionSelection,Precision Selection,530,272,0.00,0.00,None,N/A,
39.3258,cer,PrecisionSelection,Precision Selection,530,272,0.00,0.00,None,N/A,
39.3355,cer,PrecisionSelection,Precision Selection,530,272,0.00,0.00,None,N/A,
39.3450,cer,PrecisionSelection,Precision Selection,530,272,0.00,0.00,None,N/A,
39.3556,cer,PrecisionSelection,Precision Selection,530,272,0.00,0.00,None,N/A,
39.3650,cer,PrecisionSelection,Precision Selection,530,272,0.00,0.00,None,N/A,
39.3754,cer,PrecisionSelection,Precision Selection,530,272,0.00,0.00,None,N/A,
39.3858,cer,PrecisionSelection,Precision Selection,530,272,0.00,0.00,None,N/A,
39.3952,cer,PrecisionSelection,Precision Selection,530,272,0.00,0.00,None,N/A,
39.4057,cer,PrecisionSelection,Precision Selection,530,272,0.00,0.00,None,N/A,
39.4151,cer,PrecisionSelection,Precision Selection,530,272,0.00,0.00,None,N/A,
39.4248,cer,PrecisionSelection,Precision Selection,543,266,1484.81,153980.97,None,N/A,
39.4349,cer,PrecisionSelection,Precision Selection,554,258,1338.35,-14411.26,None,N/A,
39.4456,cer,PrecisionSelection,Precision Selection,583,232,3645.10,215882.54,None,N/A,
39.4554,cer,PrecisionSelection,Precision Selection,594,218,1822.69,-186565.01,None,N/A,
39.4654,cer,PrecisionSelection,Precision Selection,605,203,1861.93,3927.71,None,N/A,
39.4758,cer,PrecisionSelection,Precision Selection,620,181,2555.65,66583.08,None,N/A,
39.4856,cer,PrecisionSelection,Precision Selection,625,174,877.98,-171228.73,None,N/A,
39.4957,cer,PrecisionSelection,Precision Selection,631,167,914.46,3617.43,None,N/A,
39.5056,cer,PrecisionSelection,Precision Selection,633,165,285.47,-63482.81,None,N/A,
39.5152,cer,PrecisionSelection,Precision Selection,635,163,294.13,900.91,None,N/A,
39.5253,cer,PrecisionSelection,Precision Selection,636,162,139.56,-15253.95,None,N/A,
39.5355,cer,PrecisionSelection,Precision Selection,637,162,97.76,-4086.82,None,N/A,
39.5457,cer,PrecisionSelection,Precision Selection,638,162,98.47,70.29,None,N/A,
39.5551,cer,PrecisionSelection,Precision Selection,638,162,0.00,-10452.49,None,N/A,
39.5653,cer,PrecisionSelection,Precision Selection,638,162,0.00,0.00,None,N/A,
39.5759,cer,PrecisionSelection,Precision Selection,638,162,0.00,0.00,None,N/A,
39.5853,cer,PrecisionSelection,Precision Selection,638,162,0.00,0.00,None,N/A,
39.5958,cer,PrecisionSelection,Precision Selection,638,162,0.00,0.00,None,N/A,
39.6052,cer,PrecisionSelection,Precision Selection,638,162,0.00,0.00,None,N/A,
39.6154,cer,PrecisionSelection,Precision Selection,638,162,0.00,0.00,None,N/A,
39.6252,cer,PrecisionSelection,Precision Selection,638,163,101.93,10390.16,None,N/A,
39.6360,cer,PrecisionSelection,Precision Selection,638,163,0.00,-9422.45,None,N/A,
39.6454,cer,PrecisionSelection,Precision Selection,638,163,0.00,0.00,None,N/A,
39.6561,cer,PrecisionSelection,Precision Selection,638,163,0.00,0.00,None,N/A,
39.6652,cer,PrecisionSelection,Precision Selection,638,164,109.83,12062.66,None,N/A,
39.6751,cer,PrecisionSelection,Precision Selection,638,164,0.00,-11131.11,None,N/A,
39.6854,cer,PrecisionSelection,Precision Selection,637,165,137.59,13385.62,None,N/A,
39.6955,cer,PrecisionSelection,Precision Selection,637,165,0.00,-13639.99,None,N/A,
39.7055,cer,PrecisionSelection,Precision Selection,636,165,99.38,9876.72,None,N/A,
39.7156,cer,PrecisionSelection,Precision Selection,635,167,221.40,12081.50,None,N/A,
39.7250,cer,PrecisionSelection,Precision Selection,634,167,106.51,-12237.00,None,N/A,
39.7353,cer,PrecisionSelection,Precision Selection,633,169,218.20,10898.33,None,N/A,
39.7457,cer,PrecisionSelection,Precision Selection,632,169,95.69,-11722.74,None,N/A,
39.7557,cer,PrecisionSelection,Precision Selection,630,171,284.95,19066.58,None,N/A,
39.7658,cer,PrecisionSelection,Precision Selection,629,171,98.15,-18334.04,None,N/A,
39.7752,cer,PrecisionSelection,Precision Selection,626,172,338.05,25646.60,None,N/A,
39.7858,cer,PrecisionSelection,Precision Selection,625,172,93.89,-22925.05,None,N/A,
39.7952,cer,PrecisionSelection,Precision Selection,623,173,239.50,15595.29,None,N/A,
39.8053,cer,PrecisionSelection,Precision Selection,622,173,98.35,-13881.80,None,N/A,
39.8153,cer,PrecisionSelection,Precision Selection,621,173,100.57,223.40,None,N/A,
39.8249,cer,PrecisionSelection,Precision Selection,620,174,146.71,4787.24,None,N/A,
39.8359,cer,PrecisionSelection,Precision Selection,619,174,91.56,-5050.01,None,N/A,
39.8453,cer,PrecisionSelection,Precision Selection,618,174,105.48,1468.30,None,N/A,
39.8552,cer,PrecisionSelection,Precision Selection,618,174,0.00,-10714.81,None,N/A,
39.8651,cer,PrecisionSelection,Precision Selection,617,174,100.45,10089.30,None,N/A,
39.8756,cer,PrecisionSelection,Precision Selection,617,174,0.00,-9599.41,None,N/A,
39.8858,cer,PrecisionSelection,Precision Selection,616,174,98.20,9644.08,None,N/A,
39.8953,cer,PrecisionSelection,Precision Selection,616,174,0.00,-10325.86,None,N/A,
39.9058,cer,PrecisionSelection,Precision Selection,616,174,0.00,0.00,None,N/A,
39.9151,cer,PrecisionSelection,Precision Selection,616,174,0.00,0.00,None,N/A,
39.9256,cer,PrecisionSelection,Precision Selection,616,174,0.00,0.00,None,N/A,
39.9349,cer,PrecisionSelection,Precision Selection,616,174,0.00,0.00,None,N/A,
39.9454,cer,PrecisionSelection,Precision Selection,616,174,0.00,0.00,None,N/A,
39.9554,cer,PrecisionSelection,Precision Selection,616,174,0.00,0.00,None,N/A,
39.9658,cer,PrecisionSelection,Precision Selection,616,174,0.00,0.00,None,N/A,
39.9753,cer,PrecisionSelection,Precision Selection,616,174,0.00,0.00,None,N/A,
39.9857,cer,PrecisionSelection,Precision Selection,616,174,0.00,0.00,None,N/A,
39.9949,cer,PrecisionSelection,Precision Selection,617,174,108.44,11760.19,None,N/A,
40.0051,cer,PrecisionSelection,Precision Selection,617,174,0.00,-10635.01,None,N/A,
40.0152,cer,PrecisionSelection,Precision Selection,617,173,98.70,9741.91,None,N/A,
40.0254,cer,PrecisionSelection,Precision Selection,618,173,98.21,-48.57,None,N/A,
40.0349,cer,PrecisionSelection,Precision Selection,618,173,0.00,-10403.30,None,N/A,
40.0452,cer,PrecisionSelection,Precision Selection,618,173,0.00,0.00,None,N/A,
40.0553,cer,PrecisionSelection,Precision Selection,619,173,99.40,9880.46,None,N/A,
40.0650,cer,PrecisionSelection,Precision Selection,619,173,0.00,-10178.36,None,N/A,
40.0749,cer,PrecisionSelection,Precision Selection,619,172,101.73,10348.37,None,N/A,
40.0858,cer,PrecisionSelection,Precision Selection,620,172,91.39,-944.60,None,N/A,
40.0953,cer,PrecisionSelection,Precision Selection,620,172,0.00,-9674.23,None,N/A,
40.1058,cer,PrecisionSelection,Precision Selection,620,172,0.00,0.00,None,N/A,
40.1152,cer,PrecisionSelection,Precision Selection,621,172,106.08,11253.00,None,N/A,
40.1249,cer,PrecisionSelection,Precision Selection,621,171,103.48,-269.19,None,N/A,
40.1357,cer,PrecisionSelection,Precision Selection,622,171,92.38,-1025.02,None,N/A,
40.1452,cer,PrecisionSelection,Precision Selection,622,171,0.00,-9750.98,None,N/A,
40.1552,cer,PrecisionSelection,Precision Selection,623,170,141.37,14132.73,None,N/A,
40.1649,cer,PrecisionSelection,Precision Selection,623,170,0.00,-14590.36,None,N/A,
40.1756,cer,PrecisionSelection,Precision Selection,624,169,131.94,12309.49,None,N/A,
40.1857,cer,PrecisionSelection,Precision Selection,624,169,0.00,-13062.93,None,N/A,
40.1957,cer,PrecisionSelection,Precision Selection,624,169,0.00,0.00,None,N/A,
40.2053,cer,PrecisionSelection,Precision Selection,625,169,103.92,10799.84,None,N/A,
40.2148,cer,PrecisionSelection,Precision Selection,625,169,0.00,-10940.81,None,N/A,
40.2249,cer,PrecisionSelection,Precision Selection,626,168,141.11,14078.99,None,N/A,
40.2354,cer,PrecisionSelection,Precision Selection,626,168,0.00,-13350.44,None,N/A,
40.2449,cer,PrecisionSelection,Precision Selection,627,168,105.14,11054.18,None,N/A,
40.2558,cer,PrecisionSelection,Precision Selection,627,168,0.00,-9728.10,None,N/A,
40.2651,cer,PrecisionSelection,Precision Selection,627,168,0.00,0.00,None,N/A,
40.2758,cer,PrecisionSelection,Precision Selection,627,168,0.00,0.00,None,N/A,
40.2854,cer,PrecisionSelection,Precision Selection,627,168,0.00,0.00,None,N/A,
40.2950,cer,PrecisionSelection,Precision Selection,627,168,0.00,0.00,None,N/A,
40.3054,cer,PrecisionSelection,Precision Selection,627,168,0.00,0.00,None,N/A,
40.3150,cer,PrecisionSelection,Precision Selection,627,168,0.00,0.00,None,N/A,
40.3255,cer,PrecisionSelection,Precision Selection,627,168,0.00,0.00,None,N/A,
40.3349,cer,PrecisionSelection,Precision Selection,627,168,0.00,0.00,None,N/A,
40.3456,cer,PrecisionSelection,Precision Selection,627,167,93.77,8792.70,None,N/A,
40.3550,cer,PrecisionSelection,Precision Selection,627,167,0.00,-9918.97,None,N/A,
40.3655,cer,PrecisionSelection,Precision Selection,627,167,0.00,0.00,None,N/A,
40.3752,cer,PrecisionSelection,Precision Selection,627,167,0.00,0.00,None,N/A,
40.3849,cer,PrecisionSelection,Precision Selection,627,167,0.00,0.00,None,N/A,
40.3954,cer,PrecisionSelection,Precision Selection,627,167,0.00,0.00,None,N/A,
40.4050,cer,PrecisionSelection,Precision Selection,627,167,0.00,0.00,None,N/A,
40.4155,cer,PrecisionSelection,Precision Selection,627,167,0.00,0.00,None,N/A,
40.4255,cer,PrecisionSelection,Precision Selection,627,167,0.00,0.00,None,N/A,
40.4351,cer,PrecisionSelection,Precision Selection,627,167,0.00,0.00,None,N/A,
40.4456,cer,PrecisionSelection,Precision Selection,627,167,0.00,0.00,None,N/A,
40.4551,cer,PrecisionSelection,Precision Selection,627,167,0.00,0.00,None,N/A,
40.4655,cer,PrecisionSelection,Precision Selection,627,167,0.00,0.00,None,N/A,
40.4749,cer,PrecisionSelection,Precision Selection,627,167,0.00,0.00,None,N/A,
40.4852,cer,PrecisionSelection,Precision Selection,627,167,0.00,0.00,None,N/A,
40.4957,cer,PrecisionSelection,Precision Selection,627,167,0.00,0.00,None,N/A,
40.5052,cer,PrecisionSelection,Precision Selection,627,167,0.00,0.00,None,N/A,
40.5157,cer,PrecisionSelection,Precision Selection,627,167,0.00,0.00,None,N/A,
40.5255,cer,PrecisionSelection,Precision Selection,627,167,0.00,0.00,Left,N/A,
40.5355,cer,PrecisionSelection,Precision Selection,627,167,0.00,0.00,Left,N/A,
40.5450,cer,PrecisionSelection,Precision Selection,627,167,0.00,0.00,Left,N/A,
40.5549,cer,PrecisionSelection,Precision Selection,627,167,0.00,0.00,Left,N/A,
40.5653,cer,PrecisionSelection,Precision Selection,627,167,0.00,0.00,Left,N/A,
40.5764,cer,PrecisionSelection,Precision Selection,627,167,0.00,0.00,Left,N/A,
40.5850,cer,PrecisionSelection,Precision Selection,627,167,0.00,0.00,Left,N/A,
40.5955,cer,PrecisionSelection,Precision Selection,627,167,0.00,0.00,Left,N/A,
40.6050,cer,PrecisionSelection,Precision Selection,627,167,0.00,0.00,Left,N/A,
40.6155,cer,PrecisionSelection,Precision Selection,627,167,0.00,0.00,Left,N/A,
40.6253,cer,PrecisionSelection,Precision Selection,627,167,0.00,0.00,Left,N/A,
40.6349,cer,PrecisionSelection,Precision Selection,627,167,0.00,0.00,Left,N/A,
40.6454,cer,PrecisionSelection,Precision Selection,627,167,0.00,0.00,Left,N/A,
40.6550,cer,PrecisionSelection,Precision Selection,627,167,0.00,0.00,Left,N/A,
40.6655,cer,PrecisionSelection,Precision Selection,627,167,0.00,0.00,Left,N/A,
40.6750,cer,PrecisionSelection,Precision Selection,627,167,0.00,0.00,Left,N/A,
40.6856,cer,PrecisionSelection,Precision Selection,627,167,0.00,0.00,Left,N/A,
40.6951,cer,PrecisionSelection,Precision Selection,627,167,0.00,0.00,Left,N/A,
40.7034,cer,PrecisionSelection,Precision Selection,627,167,0.00,0.00,None,N/A,precision_click
40.7062,cer,PrecisionSelection,Precision Selection,627,167,0.00,0.00,None,N/A,
40.7149,cer,PrecisionSelection,Precision Selection,627,167,0.00,0.00,None,N/A,
40.7254,cer,PrecisionSelection,Precision Selection,627,167,0.00,0.00,None,N/A,
40.7350,cer,PrecisionSelection,Precision Selection,627,167,0.00,0.00,None,N/A,
40.7455,cer,PrecisionSelection,Precision Selection,627,167,0.00,0.00,None,N/A,
40.7553,cer,PrecisionSelection,Precision Selection,627,167,0.00,0.00,None,N/A,
40.7648,cer,PrecisionSelection,Precision Selection,627,167,0.00,0.00,None,N/A,
40.7754,cer,PrecisionSelection,Precision Selection,627,167,0.00,0.00,None,N/A,
40.7850,cer,PrecisionSelection,Precision Selection,627,167,0.00,0.00,None,N/A,
40.7955,cer,PrecisionSelection,Precision Selection,627,167,0.00,0.00,None,N/A,
40.8051,cer,PrecisionSelection,Precision Selection,627,167,0.00,0.00,None,N/A,
40.8156,cer,PrecisionSelection,Precision Selection,627,167,0.00,0.00,None,N/A,
40.8252,cer,PrecisionSelection,Precision Selection,627,167,0.00,0.00,None,N/A,
40.8357,cer,PrecisionSelection,Precision Selection,627,167,0.00,0.00,None,N/A,
40.8453,cer,PrecisionSelection,Precision Selection,627,167,0.00,0.00,None,N/A,
40.8552,cer,PrecisionSelection,Precision Selection,627,167,0.00,0.00,None,N/A,
40.8656,cer,PrecisionSelection,Precision Selection,627,167,0.00,0.00,None,N/A,
40.8751,cer,PrecisionSelection,Precision Selection,627,167,0.00,0.00,None,N/A,
40.8855,cer,PrecisionSelection,Precision Selection,627,167,0.00,0.00,None,N/A,
40.8950,cer,PrecisionSelection,Precision Selection,627,167,0.00,0.00,None,N/A,
40.9058,cer,PrecisionSelection,Precision Selection,627,167,0.00,0.00,None,N/A,
40.9153,cer,PrecisionSelection,Precision Selection,627,167,0.00,0.00,None,N/A,
40.9257,cer,PrecisionSelection,Precision Selection,627,167,0.00,0.00,None,N/A,
40.9351,cer,PrecisionSelection,Precision Selection,627,167,0.00,0.00,None,N/A,
40.9457,cer,PrecisionSelection,Precision Selection,627,167,0.00,0.00,None,N/A,
40.9551,cer,PrecisionSelection,Precision Selection,627,167,0.00,0.00,None,N/A,
40.9655,cer,PrecisionSelection,Precision Selection,627,167,0.00,0.00,None,N/A,
40.9749,cer,PrecisionSelection,Precision Selection,627,167,0.00,0.00,None,N/A,
40.9853,cer,PrecisionSelection,Precision Selection,627,167,0.00,0.00,None,N/A,
40.9958,cer,PrecisionSelection,Precision Selection,627,167,0.00,0.00,None,N/A,
41.0052,cer,PrecisionSelection,Precision Selection,627,167,0.00,0.00,None,N/A,
41.0157,cer,PrecisionSelection,Precision Selection,627,167,0.00,0.00,None,N/A,
41.0252,cer,PrecisionSelection,Precision Selection,623,169,472.98,50023.40,None,N/A,
41.0354,cer,PrecisionSelection,Precision Selection,613,174,1092.69,60565.58,None,N/A,
41.0453,cer,PrecisionSelection,Precision Selection,549,197,6913.32,591698.93,None,N/A,
41.0549,cer,PrecisionSelection,Precision Selection,514,206,3753.56,-328190.17,None,N/A,
41.0658,cer,PrecisionSelection,Precision Selection,460,219,5105.15,124229.53,None,N/A,
41.0756,cer,PrecisionSelection,Precision Selection,429,225,3209.49,-192685.35,None,N/A,
41.0849,cer,PrecisionSelection,Precision Selection,355,234,8011.93,516153.56,None,N/A,
41.0951,cer,PrecisionSelection,Precision Selection,316,237,3838.23,-409549.64,None,N/A,
41.1050,cer,PrecisionSelection,Precision Selection,279,243,3770.00,-6862.11,None,N/A,
41.1158,cer,PrecisionSelection,Precision Selection,226,250,4964.43,110917.86,None,N/A,
41.1256,cer,PrecisionSelection,Precision Selection,207,254,1990.19,-304860.14,None,N/A,
41.1354,cer,PrecisionSelection,Precision Selection,184,261,2439.41,45580.45,None,N/A,
41.1449,cer,PrecisionSelection,Precision Selection,184,261,0.00,-258120.25,None,N/A,
41.1554,cer,PrecisionSelection,Precision Selection,184,261,0.00,0.00,None,N/A,
41.1658,cer,PrecisionSelection,Precision Selection,184,261,0.00,0.00,None,N/A,
41.1755,cer,PrecisionSelection,Precision Selection,184,261,0.00,0.00,None,N/A,
41.1850,cer,PrecisionSelection,Precision Selection,184,261,0.00,0.00,None,N/A,
41.1955,cer,PrecisionSelection,Precision Selection,184,261,0.00,0.00,None,N/A,
41.2053,cer,PrecisionSelection,Precision Selection,184,261,0.00,0.00,None,N/A,
41.2149,cer,PrecisionSelection,Precision Selection,184,261,0.00,0.00,None,N/A,
41.2254,cer,PrecisionSelection,Precision Selection,184,261,0.00,0.00,None,N/A,
41.2349,cer,PrecisionSelection,Precision Selection,184,261,0.00,0.00,None,N/A,
41.2453,cer,PrecisionSelection,Precision Selection,184,261,0.00,0.00,None,N/A,
41.2558,cer,PrecisionSelection,Precision Selection,184,261,0.00,0.00,None,N/A,
41.2652,cer,PrecisionSelection,Precision Selection,184,261,0.00,0.00,None,N/A,
41.2757,cer,PrecisionSelection,Precision Selection,184,261,0.00,0.00,None,N/A,
41.2853,cer,PrecisionSelection,Precision Selection,184,261,0.00,0.00,None,N/A,
41.2950,cer,PrecisionSelection,Precision Selection,184,261,0.00,0.00,None,N/A,
41.3054,cer,PrecisionSelection,Precision Selection,184,261,0.00,0.00,None,N/A,
41.3158,cer,PrecisionSelection,Precision Selection,184,261,0.00,0.00,None,N/A,
41.3253,cer,PrecisionSelection,Precision Selection,184,261,0.00,0.00,None,N/A,
41.3352,cer,PrecisionSelection,Precision Selection,184,261,0.00,0.00,None,N/A,
41.3458,cer,PrecisionSelection,Precision Selection,184,261,0.00,0.00,None,N/A,
41.3553,cer,PrecisionSelection,Precision Selection,184,261,0.00,0.00,None,N/A,
41.3658,cer,PrecisionSelection,Precision Selection,184,261,0.00,0.00,None,N/A,
41.3755,cer,PrecisionSelection,Precision Selection,180,273,1299.74,133553.44,None,N/A,
41.3854,cer,PrecisionSelection,Precision Selection,171,294,2323.40,104098.07,None,N/A,
41.3952,cer,PrecisionSelection,Precision Selection,145,340,5363.35,308564.08,None,N/A,
41.4048,cer,PrecisionSelection,Precision Selection,137,352,1501.62,-402077.55,None,N/A,
41.4157,cer,PrecisionSelection,Precision Selection,123,371,2166.44,61027.89,None,N/A,
41.4256,cer,PrecisionSelection,Precision Selection,115,381,1292.33,-88210.14,None,N/A,
41.4350,cer,PrecisionSelection,Precision Selection,97,402,2939.68,175087.58,None,N/A,
41.4451,cer,PrecisionSelection,Precision Selection,93,410,889.38,-203873.52,None,N/A,
41.4550,cer,PrecisionSelection,Precision Selection,88,417,866.66,-2289.17,None,N/A,
41.4657,cer,PrecisionSelection,Precision Selection,82,428,1175.82,29011.90,None,N/A,
41.4755,cer,PrecisionSelection,Precision Selection,80,434,642.52,-54178.71,None,N/A,
41.4853,cer,PrecisionSelection,Precision Selection,80,440,615.12,-2809.03,None,N/A,
41.4958,cer,PrecisionSelection,Precision Selection,80,440,0.00,-58249.88,None,N/A,
41.5056,cer,PrecisionSelection,Precision Selection,80,440,0.00,0.00,None,N/A,
41.5151,cer,PrecisionSelection,Precision Selection,80,440,0.00,0.00,None,N/A,
41.5258,cer,PrecisionSelection,Precision Selection,80,440,0.00,0.00,None,N/A,
41.5354,cer,PrecisionSelection,Precision Selection,80,440,0.00,0.00,None,N/A,
41.5450,cer,PrecisionSelection,Precision Selection,80,440,0.00,0.00,None,N/A,
41.5558,cer,PrecisionSelection,Precision Selection,80,440,0.00,0.00,None,N/A,
41.5652,cer,PrecisionSelection,Precision Selection,80,440,0.00,0.00,None,N/A,
41.5758,cer,PrecisionSelection,Precision Selection,80,440,0.00,0.00,None,N/A,
41.5854,cer,PrecisionSelection,Precision Selection,80,440,0.00,0.00,None,N/A,
41.5958,cer,PrecisionSelection,Precision Selection,80,440,0.00,0.00,None,N/A,
41.6052,cer,PrecisionSelection,Precision Selection,80,440,0.00,0.00,None,N/A,
41.6156,cer,PrecisionSelection,Precision Selection,80,440,0.00,0.00,None,N/A,
41.6251,cer,PrecisionSelection,Precision Selection,80,440,0.00,0.00,None,N/A,
41.6356,cer,PrecisionSelection,Precision Selection,80,440,0.00,0.00,None,N/A,
41.6451,cer,PrecisionSelection,Precision Selection,80,440,0.00,0.00,None,N/A,
41.6555,cer,PrecisionSelection,Precision Selection,80,440,0.00,0.00,None,N/A,
41.6650,cer,PrecisionSelection,Precision Selection,80,440,0.00,0.00,None,N/A,
41.6755,cer,PrecisionSelection,Precision Selection,80,440,0.00,0.00,None,N/A,
41.6852,cer,PrecisionSelection,Precision Selection,80,440,0.00,0.00,None,N/A,
41.6949,cer,PrecisionSelection,Precision Selection,80,440,0.00,0.00,None,N/A,
41.7054,cer,PrecisionSelection,Precision Selection,80,440,0.00,0.00,None,N/A,
41.7150,cer,PrecisionSelection,Precision Selection,80,440,0.00,0.00,None,N/A,
41.7254,cer,PrecisionSelection,Precision Selection,80,440,0.00,0.00,None,N/A,
41.7354,cer,PrecisionSelection,Precision Selection,78,441,223.26,22290.52,None,N/A,
41.7450,cer,PrecisionSelection,Precision Selection,75,443,377.13,16094.30,None,N/A,
41.7562,cer,PrecisionSelection,Precision Selection,73,444,199.72,-15845.54,None,N/A,
41.7655,cer,PrecisionSelection,Precision Selection,70,446,385.97,19938.43,None,N/A,
41.7754,cer,PrecisionSelection,Precision Selection,69,447,143.66,-24614.90,None,N/A,
41.7851,cer,PrecisionSelection,Precision Selection,66,448,324.51,18557.94,None,N/A,
41.7952,cer,PrecisionSelection,Precision Selection,65,449,140.44,-18278.83,None,N/A,
41.8052,cer,PrecisionSelection,Precision Selection,64,450,141.49,105.24,None,N/A,
41.8157,cer,PrecisionSelection,Precision Selection,62,451,212.19,6708.98,None,N/A,
41.8253,cer,PrecisionSelection,Precision Selection,62,451,0.00,-22267.43,None,N/A,
41.8353,cer,PrecisionSelection,Precision Selection,61,452,141.38,14134.75,None,N/A,
41.8449,cer,PrecisionSelection,Precision Selection,60,452,103.19,-3941.21,None,N/A,
41.8554,cer,PrecisionSelection,Precision Selection,60,452,0.00,-9849.23,None,N/A,
41.8657,cer,PrecisionSelection,Precision Selection,60,452,0.00,0.00,None,N/A,
41.8754,cer,PrecisionSelection,Precision Selection,59,452,103.16,10642.11,None,N/A,
41.8858,cer,PrecisionSelection,Precision Selection,59,452,0.00,-9865.86,None,N/A,
41.8953,cer,PrecisionSelection,Precision Selection,59,452,0.00,0.00,None,N/A,
41.9058,cer,PrecisionSelection,Precision Selection,59,452,0.00,0.00,None,N/A,
41.9153,cer,PrecisionSelection,Precision Selection,59,452,0.00,0.00,None,N/A,
41.9258,cer,PrecisionSelection,Precision Selection,59,452,0.00,0.00,None,N/A,
41.9352,cer,PrecisionSelection,Precision Selection,59,452,0.00,0.00,None,N/A,
41.9458,cer,PrecisionSelection,Precision Selection,59,452,0.00,0.00,None,N/A,
41.9548,cer,PrecisionSelection,Precision Selection,60,452,110.23,12150.96,None,N/A,
41.9655,cer,PrecisionSelection,Precision Selection,61,452,93.43,-1569.52,None,N/A,
41.9752,cer,PrecisionSelection,Precision Selection,61,452,0.00,-9669.77,None,N/A,
41.9851,cer,PrecisionSelection,Precision Selection,63,452,201.93,20387.04,None,N/A,
41.9951,cer,PrecisionSelection,Precision Selection,64,452,100.54,-10193.34,None,N/A,
42.0054,cer,PrecisionSelection,Precision Selection,67,452,288.93,18143.70,None,N/A,
42.0156,cer,PrecisionSelection,Precision Selection,68,452,98.44,-18752.23,None,N/A,
42.0248,cer,PrecisionSelection,Precision Selection,71,452,324.75,24496.79,None,N/A,
42.0351,cer,PrecisionSelection,Precision Selection,72,452,97.72,-22184.83,None,N/A,
42.0457,cer,PrecisionSelection,Precision Selection,74,452,188.27,8523.57,None,N/A,
42.0557,cer,PrecisionSelection,Precision Selection,75,452,99.63,-8830.90,None,N/A,
42.0657,cer,PrecisionSelection,Precision Selection,76,452,99.95,31.80,None,N/A,
42.0755,cer,PrecisionSelection,Precision Selection,77,451,145.45,4679.52,None,N/A,
42.0851,cer,PrecisionSelection,Precision Selection,77,451,0.00,-15157.30,None,N/A,
42.0957,cer,PrecisionSelection,Precision Selection,77,451,0.00,0.00,None,N/A,
42.1052,cer,PrecisionSelection,Precision Selection,77,451,0.00,0.00,None,N/A,
42.1156,cer,PrecisionSelection,Precision Selection,77,451,0.00,0.00,None,N/A,
42.1252,cer,PrecisionSelection,Precision Selection,77,451,0.00,0.00,None,N/A,
42.1358,cer,PrecisionSelection,Precision Selection,77,451,0.00,0.00,None,N/A,
42.1454,cer,PrecisionSelection,Precision Selection,77,451,0.00,0.00,None,N/A,
42.1548,cer,PrecisionSelection,Precision Selection,77,451,0.00,0.00,None,N/A,
42.1652,cer,PrecisionSelection,Precision Selection,77,451,0.00,0.00,None,N/A,
42.1758,cer,PrecisionSelection,Precision Selection,77,451,0.00,0.00,None,N/A,
42.1854,cer,PrecisionSelection,Precision Selection,77,451,0.00,0.00,None,N/A,
42.1959,cer,PrecisionSelection,Precision Selection,77,451,0.00,0.00,None,N/A,
42.2055,cer,PrecisionSelection,Precision Selection,77,451,0.00,0.00,None,N/A,
42.2149,cer,PrecisionSelection,Precision Selection,77,451,0.00,0.00,None,N/A,
42.2253,cer,PrecisionSelection,Precision Selection,77,451,0.00,0.00,None,N/A,
42.2352,cer,PrecisionSelection,Precision Selection,77,451,0.00,0.00,Left,N/A,
42.2457,cer,PrecisionSelection,Precision Selection,77,451,0.00,0.00,Left,N/A,
42.2551,cer,PrecisionSelection,Precision Selection,77,451,0.00,0.00,Left,N/A,
42.2655,cer,PrecisionSelection,Precision Selection,77,451,0.00,0.00,Left,N/A,
42.2750,cer,PrecisionSelection,Precision Selection,77,451,0.00,0.00,Left,N/A,
42.2857,cer,PrecisionSelection,Precision Selection,77,451,0.00,0.00,Left,N/A,
42.2951,cer,PrecisionSelection,Precision Selection,77,451,0.00,0.00,Left,N/A,
42.3057,cer,PrecisionSelection,Precision Selection,77,451,0.00,0.00,Left,N/A,
42.3152,cer,PrecisionSelection,Precision Selection,77,451,0.00,0.00,Left,N/A,
42.3257,cer,PrecisionSelection,Precision Selection,77,451,0.00,0.00,Left,N/A,
42.3353,cer,PrecisionSelection,Precision Selection,77,451,0.00,0.00,Left,N/A,
42.3450,cer,PrecisionSelection,Precision Selection,77,451,0.00,0.00,Left,N/A,
42.3555,cer,PrecisionSelection,Precision Selection,77,451,0.00,0.00,Left,N/A,
42.3649,cer,PrecisionSelection,Precision Selection,77,451,0.00,0.00,Left,N/A,
42.3754,cer,PrecisionSelection,Precision Selection,77,451,0.00,0.00,Left,N/A,
42.3850,cer,PrecisionSelection,Precision Selection,77,451,0.00,0.00,Left,N/A,
42.3955,cer,PrecisionSelection,Precision Selection,77,451,0.00,0.00,Left,N/A,
42.4051,cer,PrecisionSelection,Precision Selection,77,451,0.00,0.00,Left,N/A,
42.4153,cer,PrecisionSelection,Precision Selection,77,451,0.00,0.00,None,N/A,
42.4258,cer,PrecisionSelection,Precision Selection,77,451,0.00,0.00,None,N/A,
42.4352,cer,PrecisionSelection,Precision Selection,77,451,0.00,0.00,None,N/A,
42.4457,cer,PrecisionSelection,Precision Selection,77,451,0.00,0.00,None,N/A,
42.4552,cer,PrecisionSelection,Precision Selection,77,451,0.00,0.00,None,N/A,
42.4656,cer,PrecisionSelection,Precision Selection,77,451,0.00,0.00,None,N/A,
42.4752,cer,PrecisionSelection,Precision Selection,77,451,0.00,0.00,None,N/A,
42.4858,cer,PrecisionSelection,Precision Selection,77,451,0.00,0.00,None,N/A,
42.4954,cer,PrecisionSelection,Precision Selection,77,451,0.00,0.00,None,N/A,
42.5059,cer,PrecisionSelection,Precision Selection,77,451,0.00,0.00,None,N/A,
42.5155,cer,PrecisionSelection,Precision Selection,77,451,0.00,0.00,None,N/A,
42.5249,cer,PrecisionSelection,Precision Selection,77,451,0.00,0.00,None,N/A,
42.5354,cer,PrecisionSelection,Precision Selection,77,451,0.00,0.00,None,N/A,
42.5450,cer,PrecisionSelection,Precision Selection,77,451,0.00,0.00,None,N/A,
42.5555,cer,PrecisionSelection,Precision Selection,77,451,0.00,0.00,None,N/A,
42.5649,cer,PrecisionSelection,Precision Selection,77,451,0.00,0.00,None,N/A,
42.5754,cer,PrecisionSelection,Precision Selection,77,451,0.00,0.00,None,N/A,
42.5858,cer,PrecisionSelection,Precision Selection,77,451,0.00,0.00,None,N/A,
42.5953,cer,PrecisionSelection,Precision Selection,77,451,0.00,0.00,None,N/A,
42.6057,cer,PrecisionSelection,Precision Selection,77,451,0.00,0.00,None,N/A,
42.6151,cer,PrecisionSelection,Precision Selection,77,451,0.00,0.00,None,N/A,
42.6257,cer,PrecisionSelection,Precision Selection,77,451,0.00,0.00,None,N/A,
42.6355,cer,PrecisionSelection,Precision Selection,77,451,0.00,0.00,None,N/A,
42.6449,cer,PrecisionSelection,Precision Selection,75,451,212.31,22537.92,None,N/A,
42.6556,cer,PrecisionSelection,Precision Selection,72,451,280.06,6324.15,None,N/A,
42.6654,cer,PrecisionSelection,Precision Selection,66,449,646.07,37389.77,None,N/A,
42.6754,cer,PrecisionSelection,Precision Selection,64,449,200.65,-44687.15,None,N/A,
42.6849,cer,PrecisionSelection,Precision Selection,60,447,471.14,28496.07,None,N/A,
42.6953,cer,PrecisionSelection,Precision Selection,58,447,190.66,-26738.30,None,N/A,
42.7055,cer,PrecisionSelection,Precision Selection,55,446,311.56,11911.66,None,N/A,
42.7151,cer,PrecisionSelection,Precision Selection,53,446,208.89,-10723.69,None,N/A,
42.7258,cer,PrecisionSelection,Precision Selection,52,445,132.10,-7172.68,None,N/A,
42.7349,cer,PrecisionSelection,Precision Selection,51,445,109.16,-2504.31,None,N/A,
42.7453,cer,PrecisionSelection,Precision Selection,50,444,136.33,2618.22,None,N/A,
42.7557,cer,PrecisionSelection,Precision Selection,50,444,0.00,-13085.91,None,N/A,
42.7654,cer,PrecisionSelection,Precision Selection,49,444,103.57,10725.84,None,N/A,
42.7757,cer,PrecisionSelection,Precision Selection,49,444,0.00,-10079.02,None,N/A,
42.7858,cer,PrecisionSelection,Precision Selection,49,444,0.00,0.00,None,N/A,
42.7955,cer,PrecisionSelection,Precision Selection,49,444,0.00,0.00,None,N/A,
42.8055,cer,PrecisionSelection,Precision Selection,49,444,0.00,0.00,None,N/A,
42.8151,cer,PrecisionSelection,Precision Selection,49,444,0.00,0.00,None,N/A,
42.8256,cer,PrecisionSelection,Precision Selection,49,444,0.00,0.00,None,N/A,
42.8357,cer,PrecisionSelection,Precision Selection,49,444,0.00,0.00,None,N/A,
42.8457,cer,PrecisionSelection,Precision Selection,49,443,99.39,9879.06,None,N/A,
42.8553,cer,PrecisionSelection,Precision Selection,48,443,105.23,614.02,None,N/A,
42.8658,cer,PrecisionSelection,Precision Selection,48,443,0.00,-9946.82,None,N/A,
42.8749,cer,PrecisionSelection,Precision Selection,48,443,0.00,0.00,None,N/A,
42.8856,cer,PrecisionSelection,Precision Selection,48,443,0.00,0.00,None,N/A,
42.8951,cer,PrecisionSelection,Precision Selection,48,443,0.00,0.00,None,N/A,
42.9055,cer,PrecisionSelection,Precision Selection,48,443,0.00,0.00,None,N/A,
42.9150,cer,PrecisionSelection,Precision Selection,48,443,0.00,0.00,None,N/A,
42.9255,cer,PrecisionSelection,Precision Selection,48,443,0.00,0.00,None,N/A,
42.9350,cer,PrecisionSelection,Precision Selection,48,443,0.00,0.00,None,N/A,
42.9457,cer,PrecisionSelection,Precision Selection,48,443,0.00,0.00,None,N/A,
42.9551,cer,PrecisionSelection,Precision Selection,48,443,0.00,0.00,None,N/A,
42.9650,cer,PrecisionSelection,Precision Selection,48,443,0.00,0.00,None,N/A,
42.9754,cer,PrecisionSelection,Precision Selection,48,443,0.00,0.00,None,N/A,
42.9851,cer,PrecisionSelection,Precision Selection,48,443,0.00,0.00,None,N/A,
42.9956,cer,PrecisionSelection,Precision Selection,48,443,0.00,0.00,None,N/A,
43.0051,cer,PrecisionSelection,Precision Selection,48,443,0.00,0.00,None,N/A,
43.0155,cer,PrecisionSelection,Precision Selection,48,443,0.00,0.00,None,N/A,
43.0253,cer,PrecisionSelection,Precision Selection,48,443,0.00,0.00,None,N/A,
43.0350,cer,PrecisionSelection,Precision Selection,48,443,0.00,0.00,None,N/A,
43.0454,cer,PrecisionSelection,Precision Selection,48,443,0.00,0.00,None,N/A,
43.0548,cer,PrecisionSelection,Precision Selection,48,443,0.00,0.00,None,N/A,
43.0652,cer,PrecisionSelection,Precision Selection,48,443,0.00,0.00,None,N/A,
43.0757,cer,PrecisionSelection,Precision Selection,48,443,0.00,0.00,None,N/A,
43.0852,cer,PrecisionSelection,Precision Selection,48,443,0.00,0.00,None,N/A,
43.0958,cer,PrecisionSelection,Precision Selection,48,443,0.00,0.00,None,N/A,
43.1057,cer,PrecisionSelection,Precision Selection,48,443,0.00,0.00,None,N/A,
43.1152,cer,PrecisionSelection,Precision Selection,48,443,0.00,0.00,None,N/A,
43.1259,cer,PrecisionSelection,Precision Selection,48,443,0.00,0.00,None,N/A,
43.1354,cer,PrecisionSelection,Precision Selection,48,443,0.00,0.00,None,N/A,
43.1452,cer,PrecisionSelection,Precision Selection,48,443,0.00,0.00,Left,N/A,
43.1557,cer,PrecisionSelection,Precision Selection,48,443,0.00,0.00,Left,N/A,
43.1652,cer,PrecisionSelection,Precision Selection,48,443,0.00,0.00,Left,N/A,
43.1757,cer,PrecisionSelection,Precision Selection,48,443,0.00,0.00,Left,N/A,
43.1852,cer,PrecisionSelection,Precision Selection,48,443,0.00,0.00,Left,N/A,
43.1957,cer,PrecisionSelection,Precision Selection,48,443,0.00,0.00,Left,N/A,
43.2052,cer,PrecisionSelection,Precision Selection,48,443,0.00,0.00,Left,N/A,
43.2156,cer,PrecisionSelection,Precision Selection,48,443,0.00,0.00,Left,N/A,
43.2250,cer,PrecisionSelection,Precision Selection,48,443,0.00,0.00,Left,N/A,
43.2355,cer,PrecisionSelection,Precision Selection,48,443,0.00,0.00,Left,N/A,
43.2450,cer,PrecisionSelection,Precision Selection,48,443,0.00,0.00,Left,N/A,
43.2554,cer,PrecisionSelection,Precision Selection,48,443,0.00,0.00,Left,N/A,
43.2658,cer,PrecisionSelection,Precision Selection,48,443,0.00,0.00,Left,N/A,
43.2753,cer,PrecisionSelection,Precision Selection,48,443,0.00,0.00,Left,N/A,
43.2857,cer,PrecisionSelection,Precision Selection,48,443,0.00,0.00,Left,N/A,
43.2953,cer,PrecisionSelection,Precision Selection,48,443,0.00,0.00,Left,N/A,
43.3061,cer,PrecisionSelection,Precision Selection,48,443,0.00,0.00,Left,N/A,
43.3158,cer,PrecisionSelection,Precision Selection,48,443,0.00,0.00,Left,N/A,
43.3170,cer,PrecisionSelection,Precision Selection,48,443,0.00,0.00,None,N/A,precision_click
43.3256,cer,PrecisionSelection,Precision Selection,48,443,0.00,0.00,None,N/A,
43.3351,cer,PrecisionSelection,Precision Selection,48,443,0.00,0.00,None,N/A,
43.3456,cer,PrecisionSelection,Precision Selection,48,443,0.00,0.00,None,N/A,
43.3551,cer,PrecisionSelection,Precision Selection,48,443,0.00,0.00,None,N/A,
43.3656,cer,PrecisionSelection,Precision Selection,48,443,0.00,0.00,None,N/A,
43.3750,cer,PrecisionSelection,Precision Selection,48,443,0.00,0.00,None,N/A,
43.3857,cer,PrecisionSelection,Precision Selection,48,443,0.00,0.00,None,N/A,
43.3951,cer,PrecisionSelection,Precision Selection,48,443,0.00,0.00,None,N/A,
43.4055,cer,PrecisionSelection,Precision Selection,48,443,0.00,0.00,None,N/A,
43.4150,cer,PrecisionSelection,Precision Selection,48,443,0.00,0.00,None,N/A,
43.4255,cer,PrecisionSelection,Precision Selection,48,443,0.00,0.00,None,N/A,
43.4351,cer,PrecisionSelection,Precision Selection,48,443,0.00,0.00,None,N/A,
43.4456,cer,PrecisionSelection,Precision Selection,48,443,0.00,0.00,None,N/A,
43.4551,cer,PrecisionSelection,Precision Selection,48,443,0.00,0.00,None,N/A,
43.4656,cer,PrecisionSelection,Precision Selection,48,443,0.00,0.00,None,N/A,
43.4750,cer,PrecisionSelection,Precision Selection,48,443,0.00,0.00,None,N/A,
43.4856,cer,PrecisionSelection,Precision Selection,48,443,0.00,0.00,None,N/A,
43.4952,cer,PrecisionSelection,Precision Selection,48,443,0.00,0.00,None,N/A,
43.5056,cer,PrecisionSelection,Precision Selection,48,443,0.00,0.00,None,N/A,
43.5151,cer,PrecisionSelection,Precision Selection,48,443,0.00,0.00,None,N/A,
43.5255,cer,PrecisionSelection,Precision Selection,48,443,0.00,0.00,None,N/A,
43.5351,cer,PrecisionSelection,Precision Selection,48,443,0.00,0.00,None,N/A,
43.5456,cer,PrecisionSelection,Precision Selection,48,443,0.00,0.00,None,N/A,
43.5550,cer,PrecisionSelection,Precision Selection,48,443,0.00,0.00,None,N/A,
43.5654,cer,PrecisionSelection,Precision Selection,48,443,0.00,0.00,None,N/A,
43.5749,cer,PrecisionSelection,Precision Selection,48,443,0.00,0.00,None,N/A,
43.5853,cer,PrecisionSelection,Precision Selection,48,443,0.00,0.00,None,N/A,
43.5958,cer,PrecisionSelection,Precision Selection,48,443,0.00,0.00,None,N/A,
43.6053,cer,PrecisionSelection,Precision Selection,48,443,0.00,0.00,None,N/A,
43.6152,cer,PrecisionSelection,Precision Selection,48,443,0.00,0.00,None,N/A,
43.6258,cer,PrecisionSelection,Precision Selection,48,443,0.00,0.00,None,N/A,
43.6350,cer,PrecisionSelection,Precision Selection,57,443,984.99,107800.47,None,N/A,
43.6452,cer,PrecisionSelection,Precision Selection,113,437,5494.76,439984.19,None,N/A,
43.6551,cer,PrecisionSelection,Precision Selection,147,430,3526.55,-199953.09,None,N/A,
43.6650,cer,PrecisionSelection,Precision Selection,200,412,5642.53,213306.27,None,N/A,
43.6749,cer,PrecisionSelection,Precision Selection,226,401,2853.88,-281903.33,None,N/A,
43.6852,cer,PrecisionSelection,Precision Selection,277,371,5748.49,281221.39,None,N/A,
43.6954,cer,PrecisionSelection,Precision Selection,299,354,2710.12,-296168.89,None,N/A,
43.7053,cer,PrecisionSelection,Precision Selection,316,337,2431.12,-28212.94,None,N/A,
43.7154,cer,PrecisionSelection,Precision Selection,344,310,3851.90,140696.03,None,N/A,
43.7249,cer,PrecisionSelection,Precision Selection,355,300,1574.92,-241224.47,None,N/A,
43.7352,cer,PrecisionSelection,Precision Selection,366,286,1722.58,14286.10,None,N/A,
43.7449,cer,PrecisionSelection,Precision Selection,369,282,515.01,-124381.84,None,N/A,
43.7552,cer,PrecisionSelection,Precision Selection,372,279,410.48,-10112.57,None,N/A,
43.7657,cer,PrecisionSelection,Precision Selection,372,279,0.00,-39296.51,None,N/A,
43.7753,cer,PrecisionSelection,Precision Selection,372,279,0.00,0.00,None,N/A,
43.7849,cer,PrecisionSelection,Precision Selection,372,279,0.00,0.00,None,N/A,
43.7970,cer,PrecisionSelection,Precision Selection,372,279,0.00,0.00,None,N/A,
43.8051,cer,PrecisionSelection,Precision Selection,372,279,0.00,0.00,None,N/A,
43.8157,cer,PrecisionSelection,Precision Selection,372,279,0.00,0.00,None,N/A,
43.8253,cer,PrecisionSelection,Precision Selection,372,279,0.00,0.00,None,N/A,
43.8358,cer,PrecisionSelection,Precision Selection,372,279,0.00,0.00,None,N/A,
43.8454,cer,PrecisionSelection,Precision Selection,372,279,0.00,0.00,None,N/A,
43.8548,cer,PrecisionSelection,Precision Selection,372,279,0.00,0.00,None,N/A,
43.8652,cer,PrecisionSelection,Precision Selection,372,279,0.00,0.00,None,N/A,
43.8757,cer,PrecisionSelection,Precision Selection,372,279,0.00,0.00,None,N/A,
43.8853,cer,PrecisionSelection,Precision Selection,372,279,0.00,0.00,None,N/A,
43.8958,cer,PrecisionSelection,Precision Selection,372,279,0.00,0.00,None,N/A,
43.9053,cer,PrecisionSelection,Precision Selection,372,279,0.00,0.00,None,N/A,
43.9156,cer,PrecisionSelection,Precision Selection,372,279,0.00,0.00,None,N/A,
43.9251,cer,PrecisionSelection,Precision Selection,372,279,0.00,0.00,None,N/A,
43.9355,cer,PrecisionSelection,Precision Selection,372,279,0.00,0.00,None,N/A,
43.9449,cer,PrecisionSelection,Precision Selection,372,279,0.00,0.00,None,N/A,
43.9556,cer,PrecisionSelection,Precision Selection,372,279,0.00,0.00,None,N/A,
43.9650,cer,PrecisionSelection,Precision Selection,372,279,0.00,0.00,None,N/A,
43.9755,cer,PrecisionSelection,Precision Selection,372,279,0.00,0.00,None,N/A,
43.9857,cer,PrecisionSelection,Precision Selection,379,277,716.31,70480.31,None,N/A,
43.9953,cer,PrecisionSelection,Precision Selection,413,265,3724.64,310768.74,None,N/A,
44.0049,cer,PrecisionSelection,Precision Selection,432,255,2235.29,-155052.73,None,N/A,
44.0158,cer,PrecisionSelection,Precision Selection,469,231,4076.65,170208.10,None,N/A,
44.0256,cer,PrecisionSelection,Precision Selection,483,220,1807.51,-230362.59,None,N/A,
44.0351,cer,PrecisionSelection,Precision Selection,505,201,3071.59,133569.85,None,N/A,
44.0449,cer,PrecisionSelection,Precision Selection,516,192,1443.22,-165352.31,None,N/A,
44.0550,cer,PrecisionSelection,Precision Selection,526,184,1272.65,-16951.26,None,N/A,
44.0658,cer,PrecisionSelection,Precision Selection,537,173,1435.63,15041.35,None,N/A,
44.0756,cer,PrecisionSelection,Precision Selection,541,170,510.16,-94427.52,None,N/A,
44.0853,cer,PrecisionSelection,Precision Selection,545,166,581.49,7332.72,None,N/A,
44.0952,cer,PrecisionSelection,Precision Selection,546,164,226.74,-35971.98,None,N/A,
44.1052,cer,PrecisionSelection,Precision Selection,548,163,222.87,-385.58,None,N/A,
44.1148,cer,PrecisionSelection,Precision Selection,549,162,147.17,-7877.79,None,N/A,
44.1255,cer,PrecisionSelection,Precision Selection,550,161,132.32,-1389.23,None,N/A,
44.1354,cer,PrecisionSelection,Precision Selection,550,160,100.92,-3168.65,None,N/A,
44.1450,cer,PrecisionSelection,Precision Selection,551,160,104.62,387.41,None,N/A,
44.1549,cer,PrecisionSelection,Precision Selection,551,159,101.29,-337.07,None,N/A,
44.1655,cer,PrecisionSelection,Precision Selection,551,159,0.00,-9570.43,None,N/A,
44.1757,cer,PrecisionSelection,Precision Selection,551,158,97.37,9480.45,None,N/A,
44.1854,cer,PrecisionSelection,Precision Selection,551,158,0.00,-10108.15,None,N/A,
44.1952,cer,PrecisionSelection,Precision Selection,551,157,101.41,10283.92,None,N/A,
44.2048,cer,PrecisionSelection,Precision Selection,551,157,0.00,-10580.67,None,N/A,
44.2158,cer,PrecisionSelection,Precision Selection,550,157,91.10,8299.09,None,N/A,
44.2255,cer,PrecisionSelection,Precision Selection,549,157,103.15,1242.50,None,N/A,
44.2352,cer,PrecisionSelection,Precision Selection,547,158,229.51,12969.37,None,N/A,
44.2451,cer,PrecisionSelection,Precision Selection,546,158,101.06,-12980.66,None,N/A,
44.2551,cer,PrecisionSelection,Precision Selection,543,159,317.12,21667.22,None,N/A,
44.2658,cer,PrecisionSelection,Precision Selection,541,160,208.75,-10117.17,None,N/A,
44.2756,cer,PrecisionSelection,Precision Selection,536,162,548.88,34668.20,None,N/A,
44.2854,cer,PrecisionSelection,Precision Selection,534,163,227.94,-32716.01,None,N/A,
44.2952,cer,PrecisionSelection,Precision Selection,531,164,323.04,9714.57,None,N/A,
44.3052,cer,PrecisionSelection,Precision Selection,526,167,583.51,26066.33,None,N/A,
44.3150,cer,PrecisionSelection,Precision Selection,523,168,322.06,-26627.59,None,N/A,
44.3254,cer,PrecisionSelection,Precision Selection,518,171,560.87,22971.29,None,N/A,
44.3354,cer,PrecisionSelection,Precision Selection,516,172,223.39,-33715.32,None,N/A,
44.3451,cer,PrecisionSelection,Precision Selection,513,173,327.75,10815.85,None,N/A,
44.3549,cer,PrecisionSelection,Precision Selection,511,174,226.75,-10241.69,None,N/A,
44.3658,cer,PrecisionSelection,Precision Selection,509,175,206.25,-1890.79,None,N/A,
44.3755,cer,PrecisionSelection,Precision Selection,508,176,146.14,-6211.48,None,N/A,
44.3848,cer,PrecisionSelection,Precision Selection,507,176,107.31,-4166.59,None,N/A,
44.3952,cer,PrecisionSelection,Precision Selection,506,177,135.92,2749.73,None,N/A,
44.4057,cer,PrecisionSelection,Precision Selection,505,177,95.31,-3870.86,None,N/A,
44.4156,cer,PrecisionSelection,Precision Selection,505,177,0.00,-9640.19,None,N/A,
44.4253,cer,PrecisionSelection,Precision Selection,505,177,0.00,0.00,None,N/A,
44.4353,cer,PrecisionSelection,Precision Selection,504,177,99.99,9997.64,None,N/A,
44.4449,cer,PrecisionSelection,Precision Selection,504,177,0.00,-10468.56,None,N/A,
44.4554,cer,PrecisionSelection,Precision Selection,504,177,0.00,0.00,None,N/A,
44.4650,cer,PrecisionSelection,Precision Selection,504,177,0.00,0.00,None,N/A,
44.4754,cer,PrecisionSelection,Precision Selection,504,177,0.00,0.00,None,N/A,
44.4849,cer,PrecisionSelection,Precision Selection,504,177,0.00,0.00,None,N/A,
44.4948,cer,PrecisionSelection,Precision Selection,504,177,0.00,0.00,None,N/A,
44.5049,cer,PrecisionSelection,Precision Selection,505,177,99.08,9816.15,None,N/A,
44.5153,cer,PrecisionSelection,Precision Selection,505,176,96.34,-263.53,None,N/A,
44.5254,cer,PrecisionSelection,Precision Selection,506,176,99.56,320.82,None,N/A,
44.5353,cer,PrecisionSelection,Precision Selection,506,175,100.06,49.91,None,N/A,
44.5453,cer,PrecisionSelection,Precision Selection,508,175,201.60,10234.40,None,N/A,
44.5559,cer,PrecisionSelection,Precision Selection,508,174,94.49,-10120.46,None,N/A,
44.5657,cer,PrecisionSelection,Precision Selection,510,174,203.92,11157.11,None,N/A,
44.5754,cer,PrecisionSelection,Precision Selection,510,173,102.47,-10395.46,None,N/A,
44.5849,cer,PrecisionSelection,Precision Selection,512,173,210.24,11328.90,None,N/A,
44.5957,cer,PrecisionSelection,Precision Selection,512,173,0.00,-19513.90,None,N/A,
44.6050,cer,PrecisionSelection,Precision Selection,514,172,239.48,25647.96,None,N/A,
44.6155,cer,PrecisionSelection,Precision Selection,514,172,0.00,-22904.44,None,N/A,
44.6252,cer,PrecisionSelection,Precision Selection,515,171,146.33,15140.95,None,N/A,
44.6355,cer,PrecisionSelection,Precision Selection,515,171,0.00,-14097.61,None,N/A,
44.6449,cer,PrecisionSelection,Precision Selection,515,171,0.00,0.00,None,N/A,
44.6551,cer,PrecisionSelection,Precision Selection,516,171,98.45,9692.58,None,N/A,
44.6656,cer,PrecisionSelection,Precision Selection,516,171,0.00,-9331.19,None,N/A,
44.6748,cer,PrecisionSelection,Precision Selection,517,171,108.31,11731.66,None,N/A,
44.6857,cer,PrecisionSelection,Precision Selection,517,171,0.00,-9988.71,None,N/A,
44.6952,cer,PrecisionSelection,Precision Selection,517,171,0.00,0.00,None,N/A,
44.7055,cer,PrecisionSelection,Precision Selection,517,171,0.00,0.00,None,N/A,
44.7151,cer,PrecisionSelection,Precision Selection,517,170,105.00,11025.42,None,N/A,
44.7250,cer,PrecisionSelection,Precision Selection,518,170,100.34,-467.80,None,N/A,
44.7351,cer,PrecisionSelection,Precision Selection,518,170,0.00,-9920.46,None,N/A,
44.7457,cer,PrecisionSelection,Precision Selection,518,170,0.00,0.00,None,N/A,
44.7552,cer,PrecisionSelection,Precision Selection,518,169,105.88,11211.00,None,N/A,
44.7654,cer,PrecisionSelection,Precision Selection,518,169,0.00,-10298.96,None,N/A,
44.7753,cer,PrecisionSelection,Precision Selection,518,169,0.00,0.00,None,N/A,
44.7859,cer,PrecisionSelection,Precision Selection,518,168,94.97,9019.92,None,N/A,
44.7949,cer,PrecisionSelection,Precision Selection,518,168,0.00,-10501.05,None,N/A,
44.8057,cer,PrecisionSelection,Precision Selection,518,167,92.48,8551.66,None,N/A,
44.8155,cer,PrecisionSelection,Precision Selection,518,167,0.00,-9493.33,None,N/A,
44.8253,cer,PrecisionSelection,Precision Selection,518,167,0.00,0.00,None,N/A,
44.8355,cer,PrecisionSelection,Precision Selection,518,167,0.00,0.00,None,N/A,
44.8450,cer,PrecisionSelection,Precision Selection,518,167,0.00,0.00,None,N/A,
44.8554,cer,PrecisionSelection,Precision Selection,518,167,0.00,0.00,None,N/A,
44.8660,cer,PrecisionSelection,Precision Selection,518,167,0.00,0.00,None,N/A,
44.8758,cer,PrecisionSelection,Precision Selection,518,167,0.00,0.00,None,N/A,
44.8853,cer,PrecisionSelection,Precision Selection,518,167,0.00,0.00,None,N/A,
44.8958,cer,PrecisionSelection,Precision Selection,518,167,0.00,0.00,None,N/A,
44.9053,cer,PrecisionSelection,Precision Selection,518,167,0.00,0.00,None,N/A,
44.9149,cer,PrecisionSelection,Precision Selection,518,167,0.00,0.00,None,N/A,
44.9255,cer,PrecisionSelection,Precision Selection,518,167,0.00,0.00,None,N/A,
44.9351,cer,PrecisionSelection,Precision Selection,518,167,0.00,0.00,None,N/A,
44.9456,cer,PrecisionSelection,Precision Selection,518,167,0.00,0.00,None,N/A,
44.9550,cer,PrecisionSelection,Precision Selection,518,167,0.00,0.00,None,N/A,
44.9654,cer,PrecisionSelection,Precision Selection,518,167,0.00,0.00,None,N/A,
44.9749,cer,PrecisionSelection,Precision Selection,518,167,0.00,0.00,None,N/A,
44.9854,cer,PrecisionSelection,Precision Selection,518,167,0.00,0.00,None,N/A,
44.9959,cer,PrecisionSelection,Precision Selection,518,167,0.00,0.00,None,N/A,
45.0058,cer,PrecisionSelection,Precision Selection,518,167,0.00,0.00,Left,N/A,
45.0153,cer,PrecisionSelection,Precision Selection,518,167,0.00,0.00,Left,N/A,
45.0249,cer,PrecisionSelection,Precision Selection,518,167,0.00,0.00,Left,N/A,
45.0354,cer,PrecisionSelection,Precision Selection,518,167,0.00,0.00,Left,N/A,
45.0450,cer,PrecisionSelection,Precision Selection,518,167,0.00,0.00,Left,N/A,
45.0555,cer,PrecisionSelection,Precision Selection,518,167,0.00,0.00,Left,N/A,
45.0649,cer,PrecisionSelection,Precision Selection,518,167,0.00,0.00,Left,N/A,
45.0756,cer,PrecisionSelection,Precision Selection,518,167,0.00,0.00,Left,N/A,
45.0851,cer,PrecisionSelection,Precision Selection,518,167,0.00,0.00,Left,N/A,
45.0956,cer,PrecisionSelection,Precision Selection,518,167,0.00,0.00,Left,N/A,
45.1053,cer,PrecisionSelection,Precision Selection,518,167,0.00,0.00,Left,N/A,
45.1150,cer,PrecisionSelection,Precision Selection,518,167,0.00,0.00,Left,N/A,
45.1255,cer,PrecisionSelection,Precision Selection,518,167,0.00,0.00,Left,N/A,
45.1352,cer,PrecisionSelection,Precision Selection,518,167,0.00,0.00,Left,N/A,
45.1457,cer,PrecisionSelection,Precision Selection,518,167,0.00,0.00,Left,N/A,
45.1551,cer,PrecisionSelection,Precision Selection,518,167,0.00,0.00,Left,N/A,
45.1656,cer,PrecisionSelection,Precision Selection,518,167,0.00,0.00,Left,N/A,
45.1751,cer,PrecisionSelection,Precision Selection,518,167,0.00,0.00,Left,N/A,
45.1829,cer,PrecisionSelection,Precision Selection,518,167,0.00,0.00,None,N/A,precision_click
45.1858,cer,PrecisionSelection,Precision Selection,518,167,0.00,0.00,None,N/A,
45.1954,cer,PrecisionSelection,Precision Selection,518,167,0.00,0.00,None,N/A,
45.2058,cer,PrecisionSelection,Precision Selection,518,167,0.00,0.00,None,N/A,
45.2153,cer,PrecisionSelection,Precision Selection,518,167,0.00,0.00,None,N/A,
45.2258,cer,PrecisionSelection,Precision Selection,518,167,0.00,0.00,None,N/A,
45.2354,cer,PrecisionSelection,Precision Selection,518,167,0.00,0.00,None,N/A,
45.2449,cer,PrecisionSelection,Precision Selection,518,167,0.00,0.00,None,N/A,
45.2554,cer,PrecisionSelection,Precision Selection,518,167,0.00,0.00,None,N/A,
45.2657,cer,PrecisionSelection,Precision Selection,518,167,0.00,0.00,None,N/A,
45.2753,cer,PrecisionSelection,Precision Selection,518,167,0.00,0.00,None,N/A,
45.2849,cer,PrecisionSelection,Precision Selection,518,167,0.00,0.00,None,N/A,
45.2955,cer,PrecisionSelection,Precision Selection,518,167,0.00,0.00,None,N/A,
45.3050,cer,PrecisionSelection,Precision Selection,518,167,0.00,0.00,None,N/A,
45.3153,cer,PrecisionSelection,Precision Selection,518,167,0.00,0.00,None,N/A,
45.3258,cer,PrecisionSelection,Precision Selection,518,167,0.00,0.00,None,N/A,
45.3354,cer,PrecisionSelection,Precision Selection,518,167,0.00,0.00,None,N/A,
45.3450,cer,PrecisionSelection,Precision Selection,518,167,0.00,0.00,None,N/A,
45.3555,cer,PrecisionSelection,Precision Selection,518,167,0.00,0.00,None,N/A,
45.3651,cer,PrecisionSelection,Precision Selection,518,167,0.00,0.00,None,N/A,
45.3758,cer,PrecisionSelection,Precision Selection,518,167,0.00,0.00,None,N/A,
45.3857,cer,PrecisionSelection,Precision Selection,518,167,0.00,0.00,None,N/A,
45.3953,cer,PrecisionSelection,Precision Selection,518,167,0.00,0.00,None,N/A,
45.4057,cer,PrecisionSelection,Precision Selection,518,167,0.00,0.00,None,N/A,
45.4154,cer,PrecisionSelection,Precision Selection,518,167,0.00,0.00,None,N/A,
45.4259,cer,PrecisionSelection,Precision Selection,518,167,0.00,0.00,None,N/A,
45.4355,cer,PrecisionSelection,Precision Selection,518,167,0.00,0.00,None,N/A,
45.4450,cer,PrecisionSelection,Precision Selection,518,167,0.00,0.00,None,N/A,
45.4551,cer,PrecisionSelection,Precision Selection,517,171,406.19,40016.12,None,N/A,
45.4653,cer,PrecisionSelection,Precision Selection,515,177,620.73,21056.86,None,N/A,
45.4754,cer,PrecisionSelection,Precision Selection,511,187,1070.55,44710.88,None,N/A,
45.4849,cer,PrecisionSelection,Precision Selection,493,220,3950.77,302716.83,None,N/A,
45.4957,cer,PrecisionSelection,Precision Selection,482,236,1784.72,-199098.63,None,N/A,
45.5054,cer,PrecisionSelection,Precision Selection,455,268,4358.13,267865.37,None,N/A,
45.5149,cer,PrecisionSelection,Precision Selection,437,282,2396.09,-206161.77,None,N/A,
45.5256,cer,PrecisionSelection,Precision Selection,396,307,4480.05,194420.05,None,N/A,
45.5349,cer,PrecisionSelection,Precision Selection,370,318,3025.45,-155884.53,None,N/A,
45.5457,cer,PrecisionSelection,Precision Selection,310,338,5881.58,265608.38,None,N/A,
45.5554,cer,PrecisionSelection,Precision Selection,279,348,3361.16,-260078.62,None,N/A,
45.5651,cer,PrecisionSelection,Precision Selection,230,363,5266.34,195792.99,None,N/A,
45.5750,cer,PrecisionSelection,Precision Selection,215,371,1718.48,-358642.54,None,N/A,
45.5849,cer,PrecisionSelection,Precision Selection,203,379,1448.58,-27109.28,None,N/A,
45.5958,cer,PrecisionSelection,Precision Selection,182,395,2443.35,92065.28,None,N/A,
45.6055,cer,PrecisionSelection,Precision Selection,175,403,1088.79,-138740.94,None,N/A,
45.6157,cer,PrecisionSelection,Precision Selection,169,419,1681.50,58323.91,None,N/A,
45.6251,cer,PrecisionSelection,Precision Selection,169,419,0.00,-177726.64,None,N/A,
45.6357,cer,PrecisionSelection,Precision Selection,169,419,0.00,0.00,None,N/A,
45.6452,cer,PrecisionSelection,Precision Selection,169,419,0.00,0.00,None,N/A,
45.6558,cer,PrecisionSelection,Precision Selection,169,419,0.00,0.00,None,N/A,
45.6656,cer,PrecisionSelection,Precision Selection,169,419,0.00,0.00,None,N/A,
45.6752,cer,PrecisionSelection,Precision Selection,169,419,0.00,0.00,None,N/A,
45.6858,cer,PrecisionSelection,Precision Selection,169,419,0.00,0.00,None,N/A,
45.6959,cer,PrecisionSelection,Precision Selection,169,419,0.00,0.00,None,N/A,
45.7059,cer,PrecisionSelection,Precision Selection,169,419,0.00,0.00,None,N/A,
45.7159,cer,PrecisionSelection,Precision Selection,169,419,0.00,0.00,None,N/A,
45.7254,cer,PrecisionSelection,Precision Selection,169,419,0.00,0.00,None,N/A,
45.7353,cer,PrecisionSelection,Precision Selection,169,419,0.00,0.00,None,N/A,
45.7450,cer,PrecisionSelection,Precision Selection,169,419,0.00,0.00,None,N/A,
45.7560,cer,PrecisionSelection,Precision Selection,169,419,0.00,0.00,None,N/A,
45.7656,cer,PrecisionSelection,Precision Selection,169,419,0.00,0.00,None,N/A,
45.7752,cer,PrecisionSelection,Precision Selection,169,419,0.00,0.00,None,N/A,
45.7857,cer,PrecisionSelection,Precision Selection,169,419,0.00,0.00,None,N/A,
45.7952,cer,PrecisionSelection,Precision Selection,169,419,0.00,0.00,None,N/A,
45.8058,cer,PrecisionSelection,Precision Selection,169,419,0.00,0.00,None,N/A,
45.8153,cer,PrecisionSelection,Precision Selection,169,419,0.00,0.00,None,N/A,
45.8250,cer,PrecisionSelection,Precision Selection,169,419,0.00,0.00,None,N/A,
45.8355,cer,PrecisionSelection,Precision Selection,169,419,0.00,0.00,None,N/A,
45.8451,cer,PrecisionSelection,Precision Selection,169,419,0.00,0.00,None,N/A,
45.8557,cer,PrecisionSelection,Precision Selection,169,419,0.00,0.00,None,N/A,
45.8653,cer,PrecisionSelection,Precision Selection,169,419,0.00,0.00,None,N/A,
45.8758,cer,PrecisionSelection,Precision Selection,167,447,2686.89,257180.58,None,N/A,
45.8858,cer,PrecisionSelection,Precision Selection,162,467,2054.31,-63036.50,None,N/A,
45.8956,cer,PrecisionSelection,Precision Selection,156,489,2336.33,28895.21,None,N/A,
45.9052,cer,PrecisionSelection,Precision Selection,154,496,754.58,-163948.53,None,N/A,
45.9149,cer,PrecisionSelection,Precision Selection,149,509,1437.18,70432.53,None,N/A,
45.9258,cer,PrecisionSelection,Precision Selection,146,516,696.91,-67741.11,None,N/A,
45.9349,cer,PrecisionSelection,Precision Selection,142,522,797.43,11115.33,None,N/A,
45.9451,cer,PrecisionSelection,Precision Selection,137,534,1275.37,46889.10,None,N/A,
45.9553,cer,PrecisionSelection,Precision Selection,134,538,486.44,-76753.72,None,N/A,
45.9652,cer,PrecisionSelection,Precision Selection,129,547,1046.71,56959.58,None,N/A,
45.9749,cer,PrecisionSelection,Precision Selection,127,551,458.66,-60310.05,None,N/A,
45.9856,cer,PrecisionSelection,Precision Selection,124,557,630.24,16119.23,None,N/A,
45.9955,cer,PrecisionSelection,Precision Selection,123,559,225.26,-40797.09,None,N/A,
46.0051,cer,PrecisionSelection,Precision Selection,122,562,329.83,10907.02,None,N/A,
46.0151,cer,PrecisionSelection,Precision Selection,122,564,199.10,-13014.48,None,N/A,
46.0248,cer,PrecisionSelection,Precision Selection,122,566,206.79,795.74,None,N/A,
46.0355,cer,PrecisionSelection,Precision Selection,122,566,0.00,-19357.64,None,N/A,
46.0453,cer,PrecisionSelection,Precision Selection,122,568,203.83,20773.26,None,N/A,
46.0550,cer,PrecisionSelection,Precision Selection,122,568,0.00,-20965.31,None,N/A,
46.0654,cer,PrecisionSelection,Precision Selection,122,569,96.37,9286.29,None,N/A,
46.0757,cer,PrecisionSelection,Precision Selection,122,569,0.00,-9353.34,None,N/A,
46.0857,cer,PrecisionSelection,Precision Selection,123,569,99.56,9912.85,None,N/A,
46.0957,cer,PrecisionSelection,Precision Selection,123,569,0.00,-10006.68,None,N/A,
46.1053,cer,PrecisionSelection,Precision Selection,124,569,104.19,10855.72,None,N/A,
46.1150,cer,PrecisionSelection,Precision Selection,124,569,0.00,-10744.16,None,N/A,
46.1250,cer,PrecisionSelection,Precision Selection,125,569,99.58,9916.62,None,N/A,
46.1350,cer,PrecisionSelection,Precision Selection,127,569,200.05,10048.97,None,N/A,
46.1457,cer,PrecisionSelection,Precision Selection,128,568,132.37,-6334.76,None,N/A,
46.1550,cer,PrecisionSelection,Precision Selection,132,568,431.47,32263.17,None,N/A,
46.1651,cer,PrecisionSelection,Precision Selection,134,567,220.97,-20801.60,None,N/A,
46.1749,cer,PrecisionSelection,Precision Selection,137,567,305.40,8594.12,None,N/A,
46.1857,cer,PrecisionSelection,Precision Selection,143,566,562.60,23789.56,None,N/A,
46.1956,cer,PrecisionSelection,Precision Selection,147,565,418.91,-14599.18,None,N/A,
46.2056,cer,PrecisionSelection,Precision Selection,154,563,728.93,31041.25,None,N/A,
46.2157,cer,PrecisionSelection,Precision Selection,157,562,312.51,-41152.71,None,N/A,
46.2258,cer,PrecisionSelection,Precision Selection,162,560,529.43,21325.80,None,N/A,
46.2361,cer,PrecisionSelection,Precision Selection,164,559,219.12,-30408.20,None,N/A,
46.2454,cer,PrecisionSelection,Precision Selection,167,558,336.68,12516.55,None,N/A,
46.2551,cer,PrecisionSelection,Precision Selection,168,558,103.51,-24136.13,None,N/A,
46.2648,cer,PrecisionSelection,Precision Selection,171,557,325.77,22895.48,None,N/A,
46.2757,cer,PrecisionSelection,Precision Selection,172,557,92.06,-21514.54,None,N/A,
46.2849,cer,PrecisionSelection,Precision Selection,172,556,108.89,1832.84,None,N/A,
46.2956,cer,PrecisionSelection,Precision Selection,174,556,185.86,7153.44,None,N/A,
46.3052,cer,PrecisionSelection,Precision Selection,174,555,104.12,-8511.18,None,N/A,
46.3149,cer,PrecisionSelection,Precision Selection,175,555,103.52,-62.25,None,N/A,
46.3257,cer,PrecisionSelection,Precision Selection,176,554,130.67,2508.97,None,N/A,
46.3354,cer,PrecisionSelection,Precision Selection,176,554,0.00,-13429.12,None,N/A,
46.3458,cer,PrecisionSelection,Precision Selection,176,554,0.00,0.00,None,N/A,
46.3553,cer,PrecisionSelection,Precision Selection,176,554,0.00,0.00,None,N/A,
46.3657,cer,PrecisionSelection,Precision Selection,176,554,0.00,0.00,None,N/A,
46.3752,cer,PrecisionSelection,Precision Selection,176,554,0.00,0.00,None,N/A,
46.3857,cer,PrecisionSelection,Precision Selection,176,554,0.00,0.00,None,N/A,
46.3953,cer,PrecisionSelection,Precision Selection,176,554,0.00,0.00,None,N/A,
46.4057,cer,PrecisionSelection,Precision Selection,176,554,0.00,0.00,None,N/A,
46.4152,cer,PrecisionSelection,Precision Selection,176,554,0.00,0.00,None,N/A,
46.4254,cer,PrecisionSelection,Precision Selection,175,554,97.16,9439.21,None,N/A,
46.4354,cer,PrecisionSelection,Precision Selection,175,554,0.00,-9720.90,None,N/A,
46.4456,cer,PrecisionSelection,Precision Selection,174,554,98.56,9713.09,None,N/A,
46.4551,cer,PrecisionSelection,Precision Selection,174,554,0.00,-10398.98,None,N/A,
46.4658,cer,PrecisionSelection,Precision Selection,174,554,0.00,0.00,None,N/A,
46.4750,cer,PrecisionSelection,Precision Selection,173,554,108.15,11696.59,None,N/A,
46.4855,cer,PrecisionSelection,Precision Selection,172,554,95.69,-1192.34,None,N/A,
46.4954,cer,PrecisionSelection,Precision Selection,172,555,100.46,479.40,None,N/A,
46.5048,cer,PrecisionSelection,Precision Selection,170,555,212.89,11967.79,None,N/A,
46.5150,cer,PrecisionSelection,Precision Selection,168,555,196.30,-1628.73,None,N/A,
46.5257,cer,PrecisionSelection,Precision Selection,166,557,265.02,6439.65,None,N/A,
46.5354,cer,PrecisionSelection,Precision Selection,164,557,204.61,-6181.03,None,N/A,
46.5458,cer,PrecisionSelection,Precision Selection,161,559,346.77,13673.37,None,N/A,
46.5550,cer,PrecisionSelection,Precision Selection,160,559,109.41,-25970.51,None,N/A,
46.5652,cer,PrecisionSelection,Precision Selection,158,560,218.25,10623.17,None,N/A,
46.5749,cer,PrecisionSelection,Precision Selection,156,561,231.87,1411.63,None,N/A,
46.5856,cer,PrecisionSelection,Precision Selection,155,561,93.26,-12926.33,None,N/A,
46.5956,cer,PrecisionSelection,Precision Selection,153,562,222.61,12878.19,None,N/A,
46.6050,cer,PrecisionSelection,Precision Selection,152,562,107.28,-12373.08,None,N/A,
46.6151,cer,PrecisionSelection,Precision Selection,150,563,219.66,11039.44,None,N/A,
46.6256,cer,PrecisionSelection,Precision Selection,150,563,0.00,-21036.96,None,N/A,
46.6352,cer,PrecisionSelection,Precision Selection,149,564,147.38,15359.17,None,N/A,
46.6454,cer,PrecisionSelection,Precision Selection,148,564,97.55,-4861.07,None,N/A,
46.6551,cer,PrecisionSelection,Precision Selection,148,564,0.00,-10077.81,None,N/A,
46.6652,cer,PrecisionSelection,Precision Selection,148,564,0.00,0.00,None,N/A,
46.6757,cer,PrecisionSelection,Precision Selection,147,564,95.49,9117.52,None,N/A,
46.6854,cer,PrecisionSelection,Precision Selection,147,564,0.00,-9908.85,None,N/A,
46.6958,cer,PrecisionSelection,Precision Selection,147,564,0.00,0.00,None,N/A,
46.7053,cer,PrecisionSelection,Precision Selection,147,564,0.00,0.00,None,N/A,
46.7159,cer,PrecisionSelection,Precision Selection,147,564,0.00,0.00,None,N/A,
46.7254,cer,PrecisionSelection,Precision Selection,147,564,0.00,0.00,None,N/A,
46.7358,cer,PrecisionSelection,Precision Selection,147,564,0.00,0.00,None,N/A,
46.7449,cer,PrecisionSelection,Precision Selection,147,564,0.00,0.00,None,N/A,
46.7557,cer,PrecisionSelection,Precision Selection,147,563,92.70,8593.67,None,N/A,
46.7649,cer,PrecisionSelection,Precision Selection,148,563,108.56,1721.47,None,N/A,
46.7757,cer,PrecisionSelection,Precision Selection,148,562,93.14,-1436.29,None,N/A,
46.7852,cer,PrecisionSelection,Precision Selection,148,562,0.00,-9798.86,None,N/A,
46.7949,cer,PrecisionSelection,Precision Selection,148,562,0.00,0.00,None,N/A,
46.8054,cer,PrecisionSelection,Precision Selection,148,562,0.00,0.00,None,N/A,
46.8153,cer,PrecisionSelection,Precision Selection,148,562,0.00,0.00,None,N/A,
46.8249,cer,PrecisionSelection,Precision Selection,148,562,0.00,0.00,None,N/A,
46.8355,cer,PrecisionSelection,Precision Selection,148,562,0.00,0.00,None,N/A,
46.8451,cer,PrecisionSelection,Precision Selection,148,562,0.00,0.00,None,N/A,
46.8556,cer,PrecisionSelection,Precision Selection,148,562,0.00,0.00,None,N/A,
46.8650,cer,PrecisionSelection,Precision Selection,148,562,0.00,0.00,None,N/A,
46.8755,cer,PrecisionSelection,Precision Selection,148,562,0.00,0.00,None,N/A,
46.8856,cer,PrecisionSelection,Precision Selection,148,562,0.00,0.00,None,N/A,
46.8951,cer,PrecisionSelection,Precision Selection,148,562,0.00,0.00,None,N/A,
46.9057,cer,PrecisionSelection,Precision Selection,148,562,0.00,0.00,None,N/A,
46.9152,cer,PrecisionSelection,Precision Selection,148,562,0.00,0.00,None,N/A,
46.9256,cer,PrecisionSelection,Precision Selection,148,562,0.00,0.00,None,N/A,
46.9357,cer,PrecisionSelection,Precision Selection,148,562,0.00,0.00,None,N/A,
46.9452,cer,PrecisionSelection,Precision Selection,148,562,0.00,0.00,None,N/A,
46.9557,cer,PrecisionSelection,Precision Selection,148,562,0.00,0.00,None,N/A,
46.9652,cer,PrecisionSelection,Precision Selection,148,562,0.00,0.00,None,N/A,
46.9757,cer,PrecisionSelection,Precision Selection,148,562,0.00,0.00,None,N/A,
46.9853,cer,PrecisionSelection,Precision Selection,148,562,0.00,0.00,None,N/A,
46.9957,cer,PrecisionSelection,Precision Selection,148,562,0.00,0.00,None,N/A,
47.0052,cer,PrecisionSelection,Precision Selection,148,562,0.00,0.00,None,N/A,
47.0156,cer,PrecisionSelection,Precision Selection,148,562,0.00,0.00,None,N/A,
47.0250,cer,PrecisionSelection,Precision Selection,148,562,0.00,0.00,None,N/A,
47.0357,cer,PrecisionSelection,Precision Selection,148,562,0.00,0.00,None,N/A,
47.0452,cer,PrecisionSelection,Precision Selection,148,562,0.00,0.00,None,N/A,
47.0556,cer,PrecisionSelection,Precision Selection,148,562,0.00,0.00,None,N/A,
47.0656,cer,PrecisionSelection,Precision Selection,148,562,0.00,0.00,None,N/A,
47.0755,cer,PrecisionSelection,Precision Selection,148,563,101.39,10279.45,None,N/A,
47.0852,cer,PrecisionSelection,Precision Selection,148,563,0.00,-10479.83,None,N/A,
47.0950,cer,PrecisionSelection,Precision Selection,148,564,101.50,10302.35,None,N/A,
47.1057,cer,PrecisionSelection,Precision Selection,148,564,0.00,-9514.44,None,N/A,
47.1152,cer,PrecisionSelection,Precision Selection,148,564,0.00,0.00,None,N/A,
47.1253,cer,PrecisionSelection,Precision Selection,148,564,0.00,0.00,None,N/A,
47.1354,cer,PrecisionSelection,Precision Selection,148,565,98.93,9787.00,None,N/A,
47.1455,cer,PrecisionSelection,Precision Selection,148,565,0.00,-9750.89,None,N/A,
47.1550,cer,PrecisionSelection,Precision Selection,148,566,105.45,11120.42,None,N/A,
47.1658,cer,PrecisionSelection,Precision Selection,149,566,92.57,-1192.86,None,N/A,
47.1755,cer,PrecisionSelection,Precision Selection,149,566,0.00,-9523.50,None,N/A,
47.1852,cer,PrecisionSelection,Precision Selection,150,566,102.92,10592.55,None,N/A,
47.1957,cer,PrecisionSelection,Precision Selection,150,567,95.32,-724.76,None,N/A,
47.2056,cer,PrecisionSelection,Precision Selection,150,567,0.00,-9691.78,None,N/A,
47.2156,cer,PrecisionSelection,Precision Selection,150,567,0.00,0.00,None,N/A,
47.2253,cer,PrecisionSelection,Precision Selection,151,567,102.52,10509.35,None,N/A,
47.2351,cer,PrecisionSelection,Precision Selection,151,567,0.00,-10479.13,None,N/A,
47.2450,cer,PrecisionSelection,Precision Selection,151,567,0.00,0.00,None,N/A,
47.2556,cer,PrecisionSelection,Precision Selection,151,567,0.00,0.00,None,N/A,
47.2653,cer,PrecisionSelection,Precision Selection,152,567,103.91,10797.17,None,N/A,
47.2757,cer,PrecisionSelection,Precision Selection,152,567,0.00,-9963.60,None,N/A,
47.2851,cer,PrecisionSelection,Precision Selection,152,567,0.00,0.00,None,N/A,
47.2951,cer,PrecisionSelection,Precision Selection,154,566,224.23,22484.92,None,N/A,
47.3057,cer,PrecisionSelection,Precision Selection,154,566,0.00,-21102.06,None,N/A,
47.3157,cer,PrecisionSelection,Precision Selection,155,565,142.12,14281.42,None,N/A,
47.3253,cer,PrecisionSelection,Precision Selection,155,565,0.00,-14740.18,None,N/A,
47.3354,cer,PrecisionSelection,Precision Selection,156,565,99.25,9851.02,None,N/A,
47.3452,cer,PrecisionSelection,Precision Selection,156,565,0.00,-10129.80,None,N/A,
47.3550,cer,PrecisionSelection,Precision Selection,157,565,101.49,10300.35,None,N/A,
47.3657,cer,PrecisionSelection,Precision Selection,157,565,0.00,-9559.89,None,N/A,
47.3753,cer,PrecisionSelection,Precision Selection,157,565,0.00,0.00,None,N/A,
47.3853,cer,PrecisionSelection,Precision Selection,157,565,0.00,0.00,None,N/A,
47.3953,cer,PrecisionSelection,Precision Selection,157,564,100.24,10048.83,None,N/A,
47.4049,cer,PrecisionSelection,Precision Selection,157,564,0.00,-10401.08,None,N/A,
47.4156,cer,PrecisionSelection,Precision Selection,157,564,0.00,0.00,None,N/A,
47.4254,cer,PrecisionSelection,Precision Selection,157,563,102.34,10472.97,None,N/A,
47.4351,cer,PrecisionSelection,Precision Selection,157,563,0.00,-10578.80,None,N/A,
47.4458,cer,PrecisionSelection,Precision Selection,157,562,93.36,8715.37,None,N/A,
47.4552,cer,PrecisionSelection,Precision Selection,157,562,0.00,-9969.80,None,N/A,
47.4655,cer,PrecisionSelection,Precision Selection,157,562,0.00,0.00,None,N/A,
47.4749,cer,PrecisionSelection,Precision Selection,157,562,0.00,0.00,None,N/A,
47.4855,cer,PrecisionSelection,Precision Selection,157,562,0.00,0.00,None,N/A,
47.4950,cer,PrecisionSelection,Precision Selection,157,562,0.00,0.00,None,N/A,
47.5058,cer,PrecisionSelection,Precision Selection,157,562,0.00,0.00,None,N/A,
47.5155,cer,PrecisionSelection,Precision Selection,157,562,0.00,0.00,None,N/A,
47.5250,cer,PrecisionSelection,Precision Selection,157,562,0.00,0.00,None,N/A,
47.5355,cer,PrecisionSelection,Precision Selection,157,562,0.00,0.00,None,N/A,
47.5450,cer,PrecisionSelection,Precision Selection,157,562,0.00,0.00,None,N/A,
47.5554,cer,PrecisionSelection,Precision Selection,157,562,0.00,0.00,None,N/A,
47.5658,cer,PrecisionSelection,Precision Selection,157,562,0.00,0.00,None,N/A,
47.5754,cer,PrecisionSelection,Precision Selection,157,562,0.00,0.00,None,N/A,
47.5851,cer,PrecisionSelection,Precision Selection,157,562,0.00,0.00,None,N/A,
47.5954,cer,PrecisionSelection,Precision Selection,157,562,0.00,0.00,None,N/A,
47.6049,cer,PrecisionSelection,Precision Selection,157,562,0.00,0.00,None,N/A,
47.6156,cer,PrecisionSelection,Precision Selection,157,562,0.00,0.00,None,N/A,
47.6254,cer,PrecisionSelection,Precision Selection,157,562,0.00,0.00,None,N/A,
47.6349,cer,PrecisionSelection,Precision Selection,157,562,0.00,0.00,None,N/A,
47.6453,cer,PrecisionSelection,Precision Selection,157,562,0.00,0.00,Left,N/A,
47.6549,cer,PrecisionSelection,Precision Selection,157,562,0.00,0.00,Left,N/A,
47.6657,cer,PrecisionSelection,Precision Selection,157,562,0.00,0.00,Left,N/A,
47.6753,cer,PrecisionSelection,Precision Selection,157,562,0.00,0.00,Left,N/A,
47.6858,cer,PrecisionSelection,Precision Selection,157,562,0.00,0.00,Left,N/A,
47.6954,cer,PrecisionSelection,Precision Selection,157,562,0.00,0.00,Left,N/A,
47.7049,cer,PrecisionSelection,Precision Selection,157,562,0.00,0.00,Left,N/A,
47.7155,cer,PrecisionSelection,Precision Selection,157,562,0.00,0.00,Left,N/A,
47.7249,cer,PrecisionSelection,Precision Selection,157,562,0.00,0.00,Left,N/A,
47.7356,cer,PrecisionSelection,Precision Selection,157,562,0.00,0.00,Left,N/A,
47.7452,cer,PrecisionSelection,Precision Selection,157,562,0.00,0.00,Left,N/A,
47.7552,cer,PrecisionSelection,Precision Selection,157,562,0.00,0.00,Left,N/A,
47.7663,cer,PrecisionSelection,Precision Selection,157,562,0.00,0.00,Left,N/A,
47.7749,cer,PrecisionSelection,Precision Selection,157,562,0.00,0.00,Left,N/A,
47.7855,cer,PrecisionSelection,Precision Selection,157,562,0.00,0.00,Left,N/A,
47.7951,cer,PrecisionSelection,Precision Selection,157,562,0.00,0.00,Left,N/A,
47.8056,cer,PrecisionSelection,Precision Selection,157,562,0.00,0.00,Left,N/A,
47.8152,cer,PrecisionSelection,Precision Selection,157,562,0.00,0.00,Left,N/A,
47.8173,cer,PrecisionSelection,Precision Selection,157,562,0.00,0.00,None,N/A,precision_click
