Time,ParticipantID,Task,Label,X,Y,Velocity,Acceleration,ButtonState,ActiveWindow,Event
221.9103,cer,Scroll,Scroll,535,182,0.00,0.00,None,N/A,
221.9141,cer,Scroll,Scroll,535,182,0.00,0.00,None,N/A,
221.9229,cer,Scroll,Scroll,535,182,0.00,0.00,None,N/A,
221.9324,cer,Scroll,Scroll,535,182,0.00,0.00,None,N/A,
221.9428,cer,Scroll,Scroll,535,182,0.00,0.00,None,N/A,
221.9522,cer,Scroll,Scroll,535,182,0.00,0.00,None,N/A,
221.9627,cer,Scroll,Scroll,535,182,0.00,0.00,None,N/A,
221.9723,cer,Scroll,Scroll,535,182,0.00,0.00,None,N/A,
221.9827,cer,Scroll,Scroll,535,182,0.00,0.00,None,N/A,
221.9922,cer,Scroll,Scroll,535,182,0.00,0.00,None,N/A,
222.0027,cer,Scroll,Scroll,535,182,0.00,0.00,None,N/A,
222.0122,cer,Scroll,Scroll,535,182,0.00,0.00,None,N/A,
222.0228,cer,Scroll,Scroll,535,182,0.00,0.00,None,N/A,
222.0325,cer,Scroll,Scroll,535,182,0.00,0.00,None,N/A,
222.0432,cer,Scroll,Scroll,535,182,0.00,0.00,None,N/A,
222.0529,cer,Scroll,Scroll,535,182,0.00,0.00,None,N/A,
222.0624,cer,Scroll,Scroll,535,182,0.00,0.00,None,N/A,
222.0722,cer,Scroll,Scroll,535,182,0.00,0.00,None,N/A,
222.0830,cer,Scroll,Scroll,535,182,0.00,0.00,None,N/A,
222.0925,cer,Scroll,Scroll,535,182,0.00,0.00,None,N/A,
222.1029,cer,Scroll,Scroll,535,182,0.00,0.00,None,N/A,
222.1125,cer,Scroll,Scroll,535,182,0.00,0.00,None,N/A,
222.1224,cer,Scroll,Scroll,535,182,0.00,0.00,None,N/A,
222.1329,cer,Scroll,Scroll,535,182,0.00,0.00,None,N/A,
222.1424,cer,Scroll,Scroll,535,182,0.00,0.00,None,N/A,
222.1530,cer,Scroll,Scroll,535,182,0.00,0.00,None,N/A,
222.1625,cer,Scroll,Scroll,535,182,0.00,0.00,None,N/A,
222.1721,cer,Scroll,Scroll,535,182,0.00,0.00,None,N/A,
222.1827,cer,Scroll,Scroll,535,182,0.00,0.00,None,N/A,
222.1925,cer,Scroll,Scroll,535,182,0.00,0.00,None,N/A,
222.2021,cer,Scroll,Scroll,535,182,0.00,0.00,None,N/A,
222.2127,cer,Scroll,Scroll,535,182,0.00,0.00,None,N/A,
222.2222,cer,Scroll,Scroll,535,182,0.00,0.00,None,N/A,
222.2326,cer,Scroll,Scroll,535,182,0.00,0.00,None,N/A,
222.2421,cer,Scroll,Scroll,535,182,0.00,0.00,None,N/A,
222.2525,cer,Scroll,Scroll,535,182,0.00,0.00,None,N/A,
222.2630,cer,Scroll,Scroll,535,182,0.00,0.00,None,N/A,
222.2728,cer,Scroll,Scroll,535,182,0.00,0.00,None,N/A,
222.2821,cer,Scroll,Scroll,535,182,0.00,0.00,None,N/A,
222.2926,cer,Scroll,Scroll,535,182,0.00,0.00,None,N/A,
222.3030,cer,Scroll,Scroll,535,182,0.00,0.00,None,N/A,
222.3126,cer,Scroll,Scroll,535,182,0.00,0.00,None,N/A,
222.3222,cer,Scroll,Scroll,535,182,0.00,0.00,None,N/A,
222.3327,cer,Scroll,Scroll,535,182,0.00,0.00,None,N/A,
222.3423,cer,Scroll,Scroll,535,182,0.00,0.00,None,N/A,
222.3528,cer,Scroll,Scroll,535,182,0.00,0.00,None,N/A,
222.3623,cer,Scroll,Scroll,535,182,0.00,0.00,None,N/A,
222.3726,cer,Scroll,Scroll,535,182,0.00,0.00,None,N/A,
222.3821,cer,Scroll,Scroll,535,182,0.00,0.00,None,N/A,
222.3926,cer,Scroll,Scroll,535,182,0.00,0.00,None,N/A,
222.4021,cer,Scroll,Scroll,535,182,0.00,0.00,None,N/A,
222.4126,cer,Scroll,Scroll,535,182,0.00,0.00,None,N/A,
222.4221,cer,Scroll,Scroll,535,182,0.00,0.00,None,N/A,
222.4324,cer,Scroll,Scroll,535,182,0.00,0.00,None,N/A,
222.4428,cer,Scroll,Scroll,535,182,0.00,0.00,None,N/A,
222.4523,cer,Scroll,Scroll,535,182,0.00,0.00,None,N/A,
222.4629,cer,Scroll,Scroll,535,182,0.00,0.00,None,N/A,
222.4724,cer,Scroll,Scroll,532,184,382.51,40579.44,None,N/A,
222.4829,cer,Scroll,Scroll,523,188,933.22,52182.79,None,N/A,
222.4922,cer,Scroll,Scroll,483,201,4550.29,391320.03,None,N/A,
222.5029,cer,Scroll,Scroll,468,206,1478.82,-287271.21,None,N/A,
222.5127,cer,Scroll,Scroll,458,209,1064.57,-42240.46,None,N/A,
222.5227,cer,Scroll,Scroll,444,218,1661.80,59632.32,None,N/A,
222.5327,cer,Scroll,Scroll,440,221,499.93,-116170.35,None,N/A,
222.5429,cer,Scroll,Scroll,437,224,414.17,-8371.66,None,N/A,
222.5520,cer,Scroll,Scroll,432,227,640.48,24858.15,None,N/A,
222.5623,cer,Scroll,Scroll,431,229,216.85,-41083.48,None,N/A,
222.5724,cer,Scroll,Scroll,430,229,99.29,-11672.91,None,N/A,
222.5829,cer,Scroll,Scroll,429,230,134.24,3318.28,None,N/A,
222.5925,cer,Scroll,Scroll,429,230,0.00,-14109.51,None,N/A,
222.6030,cer,Scroll,Scroll,429,230,0.00,0.00,None,N/A,
222.6125,cer,Scroll,Scroll,429,230,0.00,0.00,None,N/A,
222.6221,cer,Scroll,Scroll,429,230,0.00,0.00,None,N/A,
222.6331,cer,Scroll,Scroll,429,230,0.00,0.00,None,N/A,
222.6433,cer,Scroll,Scroll,429,230,0.00,0.00,None,N/A,
222.6521,cer,Scroll,Scroll,429,230,0.00,0.00,None,N/A,
222.6626,cer,Scroll,Scroll,429,230,0.00,0.00,None,N/A,
222.6726,cer,Scroll,Scroll,429,230,0.00,0.00,None,N/A,
222.6822,cer,Scroll,Scroll,429,230,0.00,0.00,None,N/A,
222.6931,cer,Scroll,Scroll,429,230,0.00,0.00,None,N/A,
222.7029,cer,Scroll,Scroll,429,230,0.00,0.00,None,N/A,
222.7124,cer,Scroll,Scroll,429,230,0.00,0.00,None,N/A,
222.7229,cer,Scroll,Scroll,429,230,0.00,0.00,None,N/A,
222.7324,cer,Scroll,Scroll,429,230,0.00,0.00,None,N/A,
222.7430,cer,Scroll,Scroll,429,230,0.00,0.00,None,N/A,
222.7525,cer,Scroll,Scroll,429,230,0.00,0.00,None,N/A,
222.7629,cer,Scroll,Scroll,429,230,0.00,0.00,None,N/A,
222.7725,cer,Scroll,Scroll,429,230,0.00,0.00,None,N/A,
222.7830,cer,Scroll,Scroll,429,230,0.00,0.00,None,N/A,
222.7929,cer,Scroll,Scroll,429,230,0.00,0.00,None,N/A,
222.8030,cer,Scroll,Scroll,427,251,2097.10,208477.97,None,N/A,
222.8123,cer,Scroll,Scroll,424,265,1535.61,-60220.89,None,N/A,
222.8227,cer,Scroll,Scroll,422,279,1361.22,-16786.21,None,N/A,
222.8322,cer,Scroll,Scroll,419,290,1201.21,-16857.63,None,N/A,
222.8428,cer,Scroll,Scroll,417,305,1427.51,21347.70,None,N/A,
222.8524,cer,Scroll,Scroll,417,311,625.66,-83614.08,None,N/A,
222.8621,cer,Scroll,Scroll,417,315,411.45,-22034.01,None,N/A,
222.8721,cer,Scroll,Scroll,417,315,0.00,-41293.53,None,N/A,
222.8827,cer,Scroll,Scroll,417,315,0.00,0.00,None,N/A,
222.8922,cer,Scroll,Scroll,417,315,0.00,0.00,None,N/A,
222.9028,cer,Scroll,Scroll,417,315,0.00,0.00,None,N/A,
222.9123,cer,Scroll,Scroll,417,315,0.00,0.00,None,N/A,
222.9239,cer,Scroll,Scroll,417,315,0.00,0.00,None,N/A,
222.9328,cer,Scroll,Scroll,417,315,0.00,0.00,None,N/A,
222.9450,cer,Scroll,Scroll,417,315,0.00,0.00,None,N/A,
222.9528,cer,Scroll,Scroll,417,315,0.00,0.00,None,N/A,
222.9626,cer,Scroll,Scroll,417,315,0.00,0.00,None,N/A,
222.9752,cer,Scroll,Scroll,417,315,0.00,0.00,None,N/A,
222.9829,cer,Scroll,Scroll,417,315,0.00,0.00,None,N/A,
222.9929,cer,Scroll,Scroll,417,315,0.00,0.00,None,N/A,
223.0029,cer,Scroll,Scroll,417,315,0.00,0.00,None,N/A,
223.0125,cer,Scroll,Scroll,417,315,0.00,0.00,None,N/A,
223.0224,cer,Scroll,Scroll,417,315,0.00,0.00,None,N/A,
223.0330,cer,Scroll,Scroll,417,315,0.00,0.00,None,N/A,
223.0425,cer,Scroll,Scroll,417,315,0.00,0.00,None,N/A,
223.0528,cer,Scroll,Scroll,417,315,0.00,0.00,None,N/A,
223.0630,cer,Scroll,Scroll,417,315,0.00,0.00,None,N/A,
223.0721,cer,Scroll,Scroll,417,315,0.00,0.00,None,N/A,
223.0830,cer,Scroll,Scroll,417,315,0.00,0.00,None,N/A,
223.0963,cer,Scroll,Scroll,417,315,0.00,0.00,None,N/A,
223.1160,cer,Scroll,Scroll,417,315,0.00,0.00,None,N/A,
223.1386,cer,Scroll,Scroll,417,315,0.00,0.00,None,N/A,
223.1517,cer,Scroll,Scroll,417,315,0.00,0.00,None,N/A,
223.1680,cer,Scroll,Scroll,417,315,0.00,0.00,None,N/A,
223.1793,cer,Scroll,Scroll,417,315,0.00,0.00,None,N/A,
223.1983,cer,Scroll,Scroll,417,315,0.00,0.00,None,N/A,
223.2053,cer,Scroll,Scroll,417,315,0.00,0.00,None,N/A,
223.2108,cer,Scroll,Scroll,417,315,0.00,0.00,None,N/A,
223.2204,cer,Scroll,Scroll,417,315,0.00,0.00,None,N/A,
223.2304,cer,Scroll,Scroll,417,315,0.00,0.00,None,N/A,
223.2397,cer,Scroll,Scroll,417,315,0.00,0.00,None,N/A,
223.2500,cer,Scroll,Scroll,417,315,0.00,0.00,None,N/A,
223.2595,cer,Scroll,Scroll,417,315,0.00,0.00,None,N/A,
223.2699,cer,Scroll,Scroll,417,315,0.00,0.00,None,N/A,
223.2804,cer,Scroll,Scroll,417,315,0.00,0.00,None,N/A,
223.2898,cer,Scroll,Scroll,417,315,0.00,0.00,None,N/A,
223.3002,cer,Scroll,Scroll,417,315,0.00,0.00,None,N/A,
223.3097,cer,Scroll,Scroll,417,315,0.00,0.00,None,N/A,
223.3202,cer,Scroll,Scroll,417,315,0.00,0.00,None,N/A,
223.3297,cer,Scroll,Scroll,417,315,0.00,0.00,None,N/A,
223.3401,cer,Scroll,Scroll,417,315,0.00,0.00,None,N/A,
223.3495,cer,Scroll,Scroll,417,315,0.00,0.00,None,N/A,
223.3601,cer,Scroll,Scroll,417,315,0.00,0.00,None,N/A,
223.3697,cer,Scroll,Scroll,417,315,0.00,0.00,None,N/A,
223.3804,cer,Scroll,Scroll,417,315,0.00,0.00,None,N/A,
223.3900,cer,Scroll,Scroll,417,315,0.00,0.00,None,N/A,
223.3994,cer,Scroll,Scroll,417,315,0.00,0.00,None,N/A,
223.4099,cer,Scroll,Scroll,417,315,0.00,0.00,None,N/A,
223.4195,cer,Scroll,Scroll,417,315,0.00,0.00,None,N/A,
223.4300,cer,Scroll,Scroll,417,315,0.00,0.00,None,N/A,
223.4394,cer,Scroll,Scroll,417,315,0.00,0.00,None,N/A,
223.4498,cer,Scroll,Scroll,417,315,0.00,0.00,None,N/A,
223.4603,cer,Scroll,Scroll,417,315,0.00,0.00,None,N/A,
223.4698,cer,Scroll,Scroll,417,315,0.00,0.00,None,N/A,
223.4803,cer,Scroll,Scroll,417,315,0.00,0.00,None,N/A,
223.4898,cer,Scroll,Scroll,417,315,0.00,0.00,None,N/A,
223.5003,cer,Scroll,Scroll,417,315,0.00,0.00,None,N/A,
223.5098,cer,Scroll,Scroll,417,315,0.00,0.00,None,N/A,
223.5203,cer,Scroll,Scroll,417,315,0.00,0.00,None,N/A,
223.5298,cer,Scroll,Scroll,417,315,0.00,0.00,None,N/A,
223.5403,cer,Scroll,Scroll,417,315,0.00,0.00,None,N/A,
223.5499,cer,Scroll,Scroll,417,315,0.00,0.00,None,N/A,
223.5594,cer,Scroll,Scroll,417,315,0.00,0.00,None,N/A,
223.5698,cer,Scroll,Scroll,417,315,0.00,0.00,None,N/A,
223.5803,cer,Scroll,Scroll,417,315,0.00,0.00,None,N/A,
223.5898,cer,Scroll,Scroll,417,315,0.00,0.00,None,N/A,
223.6003,cer,Scroll,Scroll,417,315,0.00,0.00,None,N/A,
223.6103,cer,Scroll,Scroll,410,317,730.21,73240.62,None,N/A,
223.6201,cer,Scroll,Scroll,397,319,1338.04,61834.84,None,N/A,
223.6300,cer,Scroll,Scroll,383,322,1449.83,11319.45,None,N/A,
223.6402,cer,Scroll,Scroll,353,325,2937.85,144996.02,None,N/A,
223.6499,cer,Scroll,Scroll,342,325,1131.54,-185809.81,None,N/A,
223.6595,cer,Scroll,Scroll,334,325,837.42,-30787.83,None,N/A,
223.6693,cer,Scroll,Scroll,317,323,1745.31,92570.18,None,N/A,
223.6799,cer,Scroll,Scroll,310,323,663.04,-102512.34,None,N/A,
223.6901,cer,Scroll,Scroll,303,322,693.18,2954.06,None,N/A,
223.6996,cer,Scroll,Scroll,303,322,0.00,-72679.27,None,N/A,
223.7101,cer,Scroll,Scroll,303,322,0.00,0.00,None,N/A,
223.7202,cer,Scroll,Scroll,303,322,0.00,0.00,None,N/A,
223.7299,cer,Scroll,Scroll,303,322,0.00,0.00,None,N/A,
223.7395,cer,Scroll,Scroll,303,322,0.00,0.00,None,N/A,
223.7502,cer,Scroll,Scroll,303,322,0.00,0.00,None,N/A,
223.7598,cer,Scroll,Scroll,303,322,0.00,0.00,None,N/A,
223.7695,cer,Scroll,Scroll,303,322,0.00,0.00,None,N/A,
223.7800,cer,Scroll,Scroll,303,322,0.00,0.00,None,N/A,
223.7901,cer,Scroll,Scroll,303,322,0.00,0.00,None,N/A,
223.7998,cer,Scroll,Scroll,303,322,0.00,0.00,None,N/A,
223.8103,cer,Scroll,Scroll,303,322,0.00,0.00,None,N/A,
223.8198,cer,Scroll,Scroll,303,322,0.00,0.00,None,N/A,
223.8303,cer,Scroll,Scroll,303,322,0.00,0.00,None,N/A,
223.8398,cer,Scroll,Scroll,303,322,0.00,0.00,None,N/A,
223.8504,cer,Scroll,Scroll,303,322,0.00,0.00,None,N/A,
223.8599,cer,Scroll,Scroll,303,322,0.00,0.00,None,N/A,
223.8695,cer,Scroll,Scroll,303,322,0.00,0.00,None,N/A,
223.8800,cer,Scroll,Scroll,303,322,0.00,0.00,None,N/A,
223.8895,cer,Scroll,Scroll,303,322,0.00,0.00,None,N/A,
223.9001,cer,Scroll,Scroll,303,322,0.00,0.00,None,N/A,
223.9096,cer,Scroll,Scroll,303,322,0.00,0.00,None,N/A,
223.9202,cer,Scroll,Scroll,303,322,0.00,0.00,None,N/A,
223.9297,cer,Scroll,Scroll,303,322,0.00,0.00,None,N/A,
223.9403,cer,Scroll,Scroll,303,322,0.00,0.00,None,N/A,
223.9499,cer,Scroll,Scroll,303,322,0.00,0.00,None,N/A,
223.9603,cer,Scroll,Scroll,303,322,0.00,0.00,None,N/A,
223.9700,cer,Scroll,Scroll,303,322,0.00,0.00,None,N/A,
223.9808,cer,Scroll,Scroll,303,322,0.00,0.00,None,N/A,
223.9894,cer,Scroll,Scroll,303,322,0.00,0.00,None,N/A,
224.0003,cer,Scroll,Scroll,303,322,0.00,0.00,None,N/A,
224.0099,cer,Scroll,Scroll,303,322,0.00,0.00,None,N/A,
224.0211,cer,Scroll,Scroll,303,322,0.00,0.00,None,N/A,
224.0301,cer,Scroll,Scroll,303,322,0.00,0.00,None,N/A,
224.0410,cer,Scroll,Scroll,303,322,0.00,0.00,None,N/A,
224.0496,cer,Scroll,Scroll,303,322,0.00,0.00,None,N/A,
224.0603,cer,Scroll,Scroll,303,322,0.00,0.00,None,N/A,
224.0703,cer,Scroll,Scroll,303,322,0.00,0.00,None,N/A,
224.0798,cer,Scroll,Scroll,303,322,0.00,0.00,None,N/A,
224.0903,cer,Scroll,Scroll,303,322,0.00,0.00,None,N/A,
224.0999,cer,Scroll,Scroll,303,322,0.00,0.00,None,N/A,
224.1105,cer,Scroll,Scroll,303,322,0.00,0.00,None,N/A,
224.1203,cer,Scroll,Scroll,303,322,0.00,0.00,None,N/A,
224.1298,cer,Scroll,Scroll,303,322,0.00,0.00,None,N/A,
224.1403,cer,Scroll,Scroll,303,322,0.00,0.00,None,N/A,
224.1497,cer,Scroll,Scroll,303,322,0.00,0.00,None,N/A,
224.1603,cer,Scroll,Scroll,303,322,0.00,0.00,None,N/A,
224.1699,cer,Scroll,Scroll,303,322,0.00,0.00,None,N/A,
224.1796,cer,Scroll,Scroll,303,322,0.00,0.00,None,N/A,
224.1901,cer,Scroll,Scroll,303,322,0.00,0.00,None,N/A,
224.1997,cer,Scroll,Scroll,303,322,0.00,0.00,None,N/A,
224.2101,cer,Scroll,Scroll,303,322,0.00,0.00,None,N/A,
224.2197,cer,Scroll,Scroll,303,322,0.00,0.00,None,N/A,
224.2302,cer,Scroll,Scroll,303,322,0.00,0.00,None,N/A,
224.2397,cer,Scroll,Scroll,303,322,0.00,0.00,None,N/A,
224.2501,cer,Scroll,Scroll,303,322,0.00,0.00,None,N/A,
224.2596,cer,Scroll,Scroll,303,322,0.00,0.00,None,N/A,
224.2698,cer,Scroll,Scroll,303,322,0.00,0.00,None,N/A,
224.2803,cer,Scroll,Scroll,303,322,0.00,0.00,None,N/A,
224.2898,cer,Scroll,Scroll,303,322,0.00,0.00,None,N/A,
224.3002,cer,Scroll,Scroll,303,322,0.00,0.00,None,N/A,
224.3093,cer,Scroll,Scroll,303,322,0.00,0.00,None,N/A,
224.3199,cer,Scroll,Scroll,303,322,0.00,0.00,None,N/A,
224.3293,cer,Scroll,Scroll,303,322,0.00,0.00,None,N/A,
224.3397,cer,Scroll,Scroll,303,322,0.00,0.00,None,N/A,
224.3494,cer,Scroll,Scroll,303,322,0.00,0.00,None,N/A,
224.3597,cer,Scroll,Scroll,303,322,0.00,0.00,None,N/A,
224.3695,cer,Scroll,Scroll,303,322,0.00,0.00,None,N/A,
224.3800,cer,Scroll,Scroll,303,322,0.00,0.00,None,N/A,
224.3902,cer,Scroll,Scroll,303,322,0.00,0.00,None,N/A,
224.3998,cer,Scroll,Scroll,303,322,0.00,0.00,None,N/A,
224.4103,cer,Scroll,Scroll,303,322,0.00,0.00,None,N/A,
224.4198,cer,Scroll,Scroll,303,322,0.00,0.00,None,N/A,
224.4303,cer,Scroll,Scroll,303,322,0.00,0.00,None,N/A,
224.4398,cer,Scroll,Scroll,303,322,0.00,0.00,None,N/A,
224.4501,cer,Scroll,Scroll,303,322,0.00,0.00,None,N/A,
224.4596,cer,Scroll,Scroll,303,322,0.00,0.00,None,N/A,
224.4701,cer,Scroll,Scroll,303,322,0.00,0.00,None,N/A,
224.4797,cer,Scroll,Scroll,303,322,0.00,0.00,None,N/A,
224.4903,cer,Scroll,Scroll,303,322,0.00,0.00,None,N/A,
224.4997,cer,Scroll,Scroll,303,322,0.00,0.00,None,N/A,
224.5102,cer,Scroll,Scroll,303,322,0.00,0.00,None,N/A,
224.5198,cer,Scroll,Scroll,303,322,0.00,0.00,None,N/A,
224.5303,cer,Scroll,Scroll,303,322,0.00,0.00,None,N/A,
224.5398,cer,Scroll,Scroll,303,322,0.00,0.00,None,N/A,
224.5501,cer,Scroll,Scroll,303,322,0.00,0.00,None,N/A,
224.5596,cer,Scroll,Scroll,303,322,0.00,0.00,None,N/A,
224.5701,cer,Scroll,Scroll,303,322,0.00,0.00,None,N/A,
224.5796,cer,Scroll,Scroll,303,322,0.00,0.00,None,N/A,
224.5900,cer,Scroll,Scroll,303,322,0.00,0.00,None,N/A,
224.5994,cer,Scroll,Scroll,303,322,0.00,0.00,None,N/A,
224.6100,cer,Scroll,Scroll,303,322,0.00,0.00,None,N/A,
224.6198,cer,Scroll,Scroll,303,322,0.00,0.00,None,N/A,
224.6304,cer,Scroll,Scroll,303,322,0.00,0.00,None,N/A,
224.6399,cer,Scroll,Scroll,303,322,0.00,0.00,None,N/A,
224.6498,cer,Scroll,Scroll,303,322,0.00,0.00,None,N/A,
224.6595,cer,Scroll,Scroll,303,322,0.00,0.00,None,N/A,
224.6703,cer,Scroll,Scroll,303,322,0.00,0.00,None,N/A,
224.6802,cer,Scroll,Scroll,303,322,0.00,0.00,None,N/A,
224.6899,cer,Scroll,Scroll,303,322,0.00,0.00,None,N/A,
224.6999,cer,Scroll,Scroll,303,322,0.00,0.00,None,N/A,
224.7095,cer,Scroll,Scroll,303,322,0.00,0.00,None,N/A,
224.7200,cer,Scroll,Scroll,303,322,0.00,0.00,None,N/A,
224.7296,cer,Scroll,Scroll,303,322,0.00,0.00,None,N/A,
224.7402,cer,Scroll,Scroll,303,322,0.00,0.00,None,N/A,
224.7496,cer,Scroll,Scroll,303,322,0.00,0.00,None,N/A,
224.7601,cer,Scroll,Scroll,303,322,0.00,0.00,None,N/A,
224.7696,cer,Scroll,Scroll,303,322,0.00,0.00,None,N/A,
224.7800,cer,Scroll,Scroll,303,322,0.00,0.00,None,N/A,
224.7894,cer,Scroll,Scroll,303,322,0.00,0.00,None,N/A,
224.7997,cer,Scroll,Scroll,303,322,0.00,0.00,None,N/A,
224.8102,cer,Scroll,Scroll,303,322,0.00,0.00,None,N/A,
224.8198,cer,Scroll,Scroll,301,331,963.75,100744.38,None,N/A,
224.8295,cer,Scroll,Scroll,284,423,9675.48,900945.32,None,N/A,
224.8407,cer,Scroll,Scroll,279,457,3063.03,-589371.07,None,N/A,
224.8500,cer,Scroll,Scroll,272,490,3631.90,61246.14,None,N/A,
224.8596,cer,Scroll,Scroll,270,501,1159.07,-256359.90,None,N/A,
224.8695,cer,Scroll,Scroll,268,530,2938.70,179910.36,None,N/A,
224.8795,cer,Scroll,Scroll,267,547,1708.52,-123421.19,None,N/A,
224.8901,cer,Scroll,Scroll,263,560,1275.57,-40602.75,None,N/A,
224.9000,cer,Scroll,Scroll,262,563,319.67,-96631.38,None,N/A,
224.9098,cer,Scroll,Scroll,262,564,102.19,-22224.35,None,N/A,
224.9199,cer,Scroll,Scroll,262,566,199.04,9638.25,None,N/A,
224.9304,cer,Scroll,Scroll,262,566,0.00,-18965.88,None,N/A,
224.9398,cer,Scroll,Scroll,262,566,0.00,0.00,None,N/A,
224.9501,cer,Scroll,Scroll,262,566,0.00,0.00,None,N/A,
224.9596,cer,Scroll,Scroll,262,566,0.00,0.00,None,N/A,
224.9698,cer,Scroll,Scroll,262,566,0.00,0.00,None,N/A,
224.9803,cer,Scroll,Scroll,262,566,0.00,0.00,None,N/A,
224.9898,cer,Scroll,Scroll,262,566,0.00,0.00,None,N/A,
225.0002,cer,Scroll,Scroll,262,566,0.00,0.00,None,N/A,
225.0097,cer,Scroll,Scroll,262,566,0.00,0.00,None,N/A,
225.0203,cer,Scroll,Scroll,262,566,0.00,0.00,None,N/A,
225.0298,cer,Scroll,Scroll,262,566,0.00,0.00,None,N/A,
225.0403,cer,Scroll,Scroll,262,566,0.00,0.00,None,N/A,
225.0500,cer,Scroll,Scroll,262,566,0.00,0.00,None,N/A,
225.0595,cer,Scroll,Scroll,262,566,0.00,0.00,None,N/A,
225.0698,cer,Scroll,Scroll,262,566,0.00,0.00,None,N/A,
225.0802,cer,Scroll,Scroll,262,566,0.00,0.00,None,N/A,
225.0897,cer,Scroll,Scroll,262,566,0.00,0.00,None,N/A,
225.1002,cer,Scroll,Scroll,253,570,937.82,89300.38,None,N/A,
225.1097,cer,Scroll,Scroll,195,612,7540.91,695339.07,None,N/A,
225.1197,cer,Scroll,Scroll,177,627,2345.82,-520117.10,None,N/A,
225.1296,cer,Scroll,Scroll,166,635,1377.12,-98078.49,None,N/A,
225.1394,cer,Scroll,Scroll,145,647,2476.85,112617.18,None,N/A,
225.1503,cer,Scroll,Scroll,138,651,737.32,-159085.03,None,N/A,
225.1599,cer,Scroll,Scroll,126,662,1700.92,100683.67,None,N/A,
225.1696,cer,Scroll,Scroll,120,673,1285.45,-42622.84,None,N/A,
225.1795,cer,Scroll,Scroll,111,691,2039.20,76376.58,None,N/A,
225.1902,cer,Scroll,Scroll,108,694,395.90,-153344.14,None,N/A,
225.2001,cer,Scroll,Scroll,106,698,452.65,5744.33,None,N/A,
225.2095,cer,Scroll,Scroll,106,698,0.00,-47961.74,None,N/A,
225.2201,cer,Scroll,Scroll,106,698,0.00,0.00,None,N/A,
225.2296,cer,Scroll,Scroll,106,698,0.00,0.00,None,N/A,
225.2401,cer,Scroll,Scroll,106,698,0.00,0.00,None,N/A,
225.2497,cer,Scroll,Scroll,106,698,0.00,0.00,None,N/A,
225.2601,cer,Scroll,Scroll,106,698,0.00,0.00,None,N/A,
225.2696,cer,Scroll,Scroll,106,698,0.00,0.00,None,N/A,
225.2801,cer,Scroll,Scroll,106,698,0.00,0.00,None,N/A,
225.2897,cer,Scroll,Scroll,106,698,0.00,0.00,None,N/A,
225.3003,cer,Scroll,Scroll,106,698,0.00,0.00,None,N/A,
225.3098,cer,Scroll,Scroll,106,698,0.00,0.00,None,N/A,
225.3194,cer,Scroll,Scroll,106,698,0.00,0.00,None,N/A,
225.3299,cer,Scroll,Scroll,106,698,0.00,0.00,None,N/A,
225.3403,cer,Scroll,Scroll,106,698,0.00,0.00,None,N/A,
225.3497,cer,Scroll,Scroll,106,698,0.00,0.00,None,N/A,
225.3602,cer,Scroll,Scroll,106,698,0.00,0.00,None,N/A,
225.3698,cer,Scroll,Scroll,106,698,0.00,0.00,None,N/A,
225.3796,cer,Scroll,Scroll,107,697,144.50,14764.15,None,N/A,
225.3902,cer,Scroll,Scroll,107,694,282.76,13031.06,None,N/A,
225.4000,cer,Scroll,Scroll,107,688,612.32,33633.46,None,N/A,
225.4096,cer,Scroll,Scroll,107,684,418.79,-20262.22,None,N/A,
225.4197,cer,Scroll,Scroll,106,669,1483.14,105005.42,None,N/A,
225.4296,cer,Scroll,Scroll,106,658,1117.24,-37163.80,None,N/A,
225.4399,cer,Scroll,Scroll,107,639,1834.78,69196.12,None,N/A,
225.4501,cer,Scroll,Scroll,107,629,979.68,-83772.79,None,N/A,
225.4596,cer,Scroll,Scroll,108,611,1905.02,97781.42,None,N/A,
225.4696,cer,Scroll,Scroll,108,603,800.54,-110521.96,None,N/A,
225.4802,cer,Scroll,Scroll,108,594,847.01,4373.94,None,N/A,
225.4902,cer,Scroll,Scroll,108,591,301.67,-54837.58,None,N/A,
225.5004,cer,Scroll,Scroll,108,589,195.64,-10371.79,None,N/A,
225.5098,cer,Scroll,Scroll,108,585,425.57,24462.81,None,N/A,
225.5199,cer,Scroll,Scroll,108,584,98.93,-32315.31,None,N/A,
225.5296,cer,Scroll,Scroll,108,583,103.19,439.57,None,N/A,
225.5402,cer,Scroll,Scroll,108,582,94.52,-819.69,None,N/A,
225.5498,cer,Scroll,Scroll,108,581,104.13,1000.37,None,N/A,
225.5595,cer,Scroll,Scroll,108,581,0.00,-10720.89,None,N/A,
225.5697,cer,Scroll,Scroll,109,580,137.66,13399.91,None,N/A,
225.5802,cer,Scroll,Scroll,109,580,0.00,-13154.76,None,N/A,
225.5897,cer,Scroll,Scroll,109,580,0.00,0.00,None,N/A,
225.6001,cer,Scroll,Scroll,109,580,0.00,0.00,None,N/A,
225.6097,cer,Scroll,Scroll,109,580,0.00,0.00,None,N/A,
225.6195,cer,Scroll,Scroll,109,580,0.00,0.00,None,N/A,
225.6301,cer,Scroll,Scroll,109,580,0.00,0.00,None,N/A,
225.6395,cer,Scroll,Scroll,109,581,106.24,11286.09,None,N/A,
225.6499,cer,Scroll,Scroll,109,581,0.00,-10151.88,None,N/A,
225.6593,cer,Scroll,Scroll,109,582,106.80,11405.96,None,N/A,
225.6696,cer,Scroll,Scroll,109,583,96.82,-966.40,None,N/A,
225.6803,cer,Scroll,Scroll,109,585,186.80,8403.78,None,N/A,
225.6902,cer,Scroll,Scroll,109,587,202.96,1640.03,None,N/A,
225.7002,cer,Scroll,Scroll,109,593,596.56,39134.43,None,N/A,
225.7094,cer,Scroll,Scroll,109,597,434.88,-17577.73,None,N/A,
225.7197,cer,Scroll,Scroll,109,601,391.42,-4252.38,None,N/A,
225.7294,cer,Scroll,Scroll,109,611,1030.52,65859.49,None,N/A,
225.7403,cer,Scroll,Scroll,109,615,366.36,-60830.27,None,N/A,
225.7500,cer,Scroll,Scroll,109,621,614.15,25362.39,None,N/A,
225.7599,cer,Scroll,Scroll,108,623,227.29,-39322.48,None,N/A,
225.7703,cer,Scroll,Scroll,108,628,482.39,24612.21,None,N/A,
225.7803,cer,Scroll,Scroll,107,629,140.22,-33926.74,None,N/A,
225.7901,cer,Scroll,Scroll,107,632,307.18,17095.06,None,N/A,
225.8000,cer,Scroll,Scroll,107,633,100.78,-20800.34,None,N/A,
225.8099,cer,Scroll,Scroll,107,634,101.55,78.29,None,N/A,
225.8196,cer,Scroll,Scroll,107,635,102.73,121.89,None,N/A,
225.8303,cer,Scroll,Scroll,107,636,93.90,-829.87,None,N/A,
225.8400,cer,Scroll,Scroll,107,636,0.00,-9669.18,None,N/A,
225.8501,cer,Scroll,Scroll,107,636,0.00,0.00,None,N/A,
225.8599,cer,Scroll,Scroll,107,636,0.00,0.00,None,N/A,
225.8695,cer,Scroll,Scroll,107,636,0.00,0.00,None,N/A,
225.8801,cer,Scroll,Scroll,107,636,0.00,0.00,None,N/A,
225.8897,cer,Scroll,Scroll,107,636,0.00,0.00,None,N/A,
225.9002,cer,Scroll,Scroll,107,636,0.00,0.00,None,N/A,
225.9096,cer,Scroll,Scroll,107,636,0.00,0.00,None,N/A,
225.9201,cer,Scroll,Scroll,107,636,0.00,0.00,None,N/A,
225.9296,cer,Scroll,Scroll,107,636,0.00,0.00,None,N/A,
225.9401,cer,Scroll,Scroll,107,636,0.00,0.00,None,N/A,
225.9496,cer,Scroll,Scroll,107,636,0.00,0.00,None,N/A,
225.9601,cer,Scroll,Scroll,107,636,0.00,0.00,None,N/A,
225.9697,cer,Scroll,Scroll,107,636,0.00,0.00,None,N/A,
225.9804,cer,Scroll,Scroll,107,636,0.00,0.00,None,N/A,
225.9903,cer,Scroll,Scroll,106,636,101.35,10271.50,None,N/A,
225.9999,cer,Scroll,Scroll,106,636,0.00,-10595.89,None,N/A,
226.0104,cer,Scroll,Scroll,106,636,0.00,0.00,None,N/A,
226.0200,cer,Scroll,Scroll,106,636,0.00,0.00,None,N/A,
226.0295,cer,Scroll,Scroll,106,636,0.00,0.00,None,N/A,
226.0399,cer,Scroll,Scroll,106,636,0.00,0.00,None,N/A,
226.0503,cer,Scroll,Scroll,106,636,0.00,0.00,None,N/A,
226.0598,cer,Scroll,Scroll,106,636,0.00,0.00,None,N/A,
226.0704,cer,Scroll,Scroll,106,636,0.00,0.00,None,N/A,
226.0799,cer,Scroll,Scroll,106,636,0.00,0.00,None,N/A,
226.0894,cer,Scroll,Scroll,106,636,0.00,0.00,None,N/A,
226.0999,cer,Scroll,Scroll,106,636,0.00,0.00,None,N/A,
226.1094,cer,Scroll,Scroll,106,636,0.00,0.00,None,N/A,
226.1199,cer,Scroll,Scroll,106,636,0.00,0.00,None,N/A,
226.1298,cer,Scroll,Scroll,106,636,0.00,0.00,None,N/A,
226.1403,cer,Scroll,Scroll,106,636,0.00,0.00,None,N/A,
226.1498,cer,Scroll,Scroll,106,636,0.00,0.00,None,N/A,
226.1603,cer,Scroll,Scroll,106,636,0.00,0.00,None,N/A,
226.1704,cer,Scroll,Scroll,106,636,0.00,0.00,Left,N/A,
226.1799,cer,Scroll,Scroll,106,636,0.00,0.00,Left,N/A,
226.1894,cer,Scroll,Scroll,106,636,0.00,0.00,Left,N/A,
226.1998,cer,Scroll,Scroll,106,636,0.00,0.00,Left,N/A,
226.2103,cer,Scroll,Scroll,106,636,0.00,0.00,Left,N/A,
226.2200,cer,Scroll,Scroll,106,636,0.00,0.00,Left,N/A,
226.2297,cer,Scroll,Scroll,106,636,0.00,0.00,Left,N/A,
226.2402,cer,Scroll,Scroll,106,636,0.00,0.00,Left,N/A,
226.2498,cer,Scroll,Scroll,106,636,0.00,0.00,Left,N/A,
226.2603,cer,Scroll,Scroll,106,636,0.00,0.00,Left,N/A,
226.2700,cer,Scroll,Scroll,106,636,0.00,0.00,Left,N/A,
226.2795,cer,Scroll,Scroll,106,636,0.00,0.00,Left,N/A,
226.2903,cer,Scroll,Scroll,106,636,0.00,0.00,Left,N/A,
226.2999,cer,Scroll,Scroll,106,636,0.00,0.00,Left,N/A,
226.3094,cer,Scroll,Scroll,106,636,0.00,0.00,Left,N/A,
226.3203,cer,Scroll,Scroll,106,636,0.00,0.00,Left,N/A,
226.3300,cer,Scroll,Scroll,106,636,0.00,0.00,Left,N/A,
226.3394,cer,Scroll,Scroll,106,636,0.00,0.00,Left,N/A,
226.3472,cer,Scroll,Scroll,106,636,0.00,0.00,None,N/A,scroll_item_selected_correct
226.3525,cer,Scroll,Scroll,106,636,0.00,0.00,None,N/A,
226.3598,cer,Scroll,Scroll,106,636,0.00,0.00,None,N/A,
226.3704,cer,Scroll,Scroll,106,636,0.00,0.00,None,N/A,
226.3800,cer,Scroll,Scroll,106,636,0.00,0.00,None,N/A,
226.3894,cer,Scroll,Scroll,106,636,0.00,0.00,None,N/A,
226.3998,cer,Scroll,Scroll,106,636,0.00,0.00,None,N/A,
226.4104,cer,Scroll,Scroll,106,636,0.00,0.00,None,N/A,
226.4199,cer,Scroll,Scroll,106,636,0.00,0.00,None,N/A,
226.4295,cer,Scroll,Scroll,106,636,0.00,0.00,None,N/A,
226.4399,cer,Scroll,Scroll,106,636,0.00,0.00,None,N/A,
226.4503,cer,Scroll,Scroll,106,636,0.00,0.00,None,N/A,
226.4601,cer,Scroll,Scroll,106,636,0.00,0.00,None,N/A,
226.4697,cer,Scroll,Scroll,106,636,0.00,0.00,None,N/A,
226.4802,cer,Scroll,Scroll,106,636,0.00,0.00,None,N/A,
226.4896,cer,Scroll,Scroll,106,636,0.00,0.00,None,N/A,
226.5001,cer,Scroll,Scroll,106,636,0.00,0.00,None,N/A,
226.5097,cer,Scroll,Scroll,106,636,0.00,0.00,None,N/A,
226.5203,cer,Scroll,Scroll,106,636,0.00,0.00,None,N/A,
226.5298,cer,Scroll,Scroll,106,636,0.00,0.00,None,N/A,
226.5403,cer,Scroll,Scroll,106,636,0.00,0.00,None,N/A,
226.5497,cer,Scroll,Scroll,106,636,0.00,0.00,None,N/A,
226.5603,cer,Scroll,Scroll,106,636,0.00,0.00,None,N/A,
226.5699,cer,Scroll,Scroll,106,636,0.00,0.00,None,N/A,
226.5794,cer,Scroll,Scroll,106,636,0.00,0.00,None,N/A,
226.5899,cer,Scroll,Scroll,106,636,0.00,0.00,None,N/A,
226.6003,cer,Scroll,Scroll,106,636,0.00,0.00,None,N/A,
226.6098,cer,Scroll,Scroll,106,636,0.00,0.00,None,N/A,
226.6195,cer,Scroll,Scroll,106,636,0.00,0.00,None,N/A,
226.6301,cer,Scroll,Scroll,106,636,0.00,0.00,None,N/A,
226.6400,cer,Scroll,Scroll,106,636,0.00,0.00,None,N/A,
226.6496,cer,Scroll,Scroll,106,636,0.00,0.00,None,N/A,
226.6602,cer,Scroll,Scroll,106,636,0.00,0.00,None,N/A,
226.6698,cer,Scroll,Scroll,106,636,0.00,0.00,None,N/A,
226.6803,cer,Scroll,Scroll,106,636,0.00,0.00,None,N/A,
226.6898,cer,Scroll,Scroll,106,636,0.00,0.00,None,N/A,
226.7004,cer,Scroll,Scroll,106,636,0.00,0.00,None,N/A,
226.7099,cer,Scroll,Scroll,106,636,0.00,0.00,None,N/A,
226.7204,cer,Scroll,Scroll,106,636,0.00,0.00,None,N/A,
226.7300,cer,Scroll,Scroll,106,636,0.00,0.00,None,N/A,
226.7395,cer,Scroll,Scroll,106,636,0.00,0.00,None,N/A,
226.7500,cer,Scroll,Scroll,106,636,0.00,0.00,None,N/A,
226.7594,cer,Scroll,Scroll,106,636,0.00,0.00,None,N/A,
226.7700,cer,Scroll,Scroll,106,636,0.00,0.00,None,N/A,
226.7797,cer,Scroll,Scroll,106,636,0.00,0.00,None,N/A,
226.7895,cer,Scroll,Scroll,109,631,595.04,60723.18,None,N/A,
226.8000,cer,Scroll,Scroll,119,604,2743.01,204634.74,None,N/A,
226.8095,cer,Scroll,Scroll,125,577,2921.84,18891.06,None,N/A,
226.8194,cer,Scroll,Scroll,129,524,5358.26,245621.41,None,N/A,
226.8300,cer,Scroll,Scroll,129,508,1511.26,-363362.88,None,N/A,
226.8400,cer,Scroll,Scroll,126,474,3410.37,189752.88,None,N/A,
226.8502,cer,Scroll,Scroll,125,459,1467.71,-189662.75,None,N/A,
226.8597,cer,Scroll,Scroll,115,430,3226.50,184991.97,None,N/A,
226.8697,cer,Scroll,Scroll,107,417,1536.44,-170114.27,None,N/A,
226.8797,cer,Scroll,Scroll,99,404,1528.95,-749.75,None,N/A,
226.8898,cer,Scroll,Scroll,95,392,1249.89,-27574.41,None,N/A,
226.8994,cer,Scroll,Scroll,95,392,0.00,-129308.67,None,N/A,
226.9099,cer,Scroll,Scroll,95,392,0.00,0.00,None,N/A,
226.9195,cer,Scroll,Scroll,95,392,0.00,0.00,None,N/A,
226.9299,cer,Scroll,Scroll,95,392,0.00,0.00,None,N/A,
226.9406,cer,Scroll,Scroll,95,392,0.00,0.00,None,N/A,
226.9502,cer,Scroll,Scroll,95,392,0.00,0.00,None,N/A,
226.9598,cer,Scroll,Scroll,95,392,0.00,0.00,None,N/A,
226.9704,cer,Scroll,Scroll,95,392,0.00,0.00,None,N/A,
226.9798,cer,Scroll,Scroll,95,392,0.00,0.00,None,N/A,
226.9903,cer,Scroll,Scroll,95,392,0.00,0.00,None,N/A,
226.9998,cer,Scroll,Scroll,95,392,0.00,0.00,None,N/A,
227.0102,cer,Scroll,Scroll,95,392,0.00,0.00,None,N/A,
227.0203,cer,Scroll,Scroll,95,392,0.00,0.00,None,N/A,
227.0297,cer,Scroll,Scroll,95,392,0.00,0.00,None,N/A,
227.0402,cer,Scroll,Scroll,95,392,0.00,0.00,None,N/A,
227.0499,cer,Scroll,Scroll,95,392,0.00,0.00,None,N/A,
227.0604,cer,Scroll,Scroll,95,392,0.00,0.00,None,N/A,
227.0700,cer,Scroll,Scroll,95,392,0.00,0.00,None,N/A,
227.0795,cer,Scroll,Scroll,95,392,0.00,0.00,None,N/A,
227.0899,cer,Scroll,Scroll,95,392,0.00,0.00,None,N/A,
227.1003,cer,Scroll,Scroll,95,392,0.00,0.00,None,N/A,
227.1098,cer,Scroll,Scroll,95,392,0.00,0.00,None,N/A,
227.1196,cer,Scroll,Scroll,95,392,0.00,0.00,None,N/A,
227.1300,cer,Scroll,Scroll,95,392,0.00,0.00,None,N/A,
227.1398,cer,Scroll,Scroll,95,392,0.00,0.00,None,N/A,
227.1500,cer,Scroll,Scroll,97,392,197.36,19474.65,None,N/A,
227.1599,cer,Scroll,Scroll,99,391,225.04,2786.12,None,N/A,
227.1703,cer,Scroll,Scroll,105,386,749.73,50366.13,None,N/A,
227.1795,cer,Scroll,Scroll,108,383,462.24,-31321.90,None,N/A,
227.1900,cer,Scroll,Scroll,115,374,1083.87,59092.72,None,N/A,
227.2000,cer,Scroll,Scroll,119,368,720.90,-36285.98,None,N/A,
227.2097,cer,Scroll,Scroll,124,356,1347.75,64987.10,None,N/A,
227.2196,cer,Scroll,Scroll,125,352,413.43,-93686.33,None,N/A,
227.2302,cer,Scroll,Scroll,126,343,858.25,42158.78,None,N/A,
227.2400,cer,Scroll,Scroll,126,338,507.28,-35608.07,None,N/A,
227.2496,cer,Scroll,Scroll,124,332,663.06,16331.89,None,N/A,
227.2600,cer,Scroll,Scroll,118,324,958.85,28361.85,None,N/A,
227.2696,cer,Scroll,Scroll,118,324,0.00,-100244.64,None,N/A,
227.2800,cer,Scroll,Scroll,118,324,0.00,0.00,None,N/A,
227.2895,cer,Scroll,Scroll,118,324,0.00,0.00,None,N/A,
227.3000,cer,Scroll,Scroll,118,324,0.00,0.00,None,N/A,
227.3094,cer,Scroll,Scroll,118,324,0.00,0.00,None,N/A,
227.3200,cer,Scroll,Scroll,118,324,0.00,0.00,None,N/A,
227.3295,cer,Scroll,Scroll,118,324,0.00,0.00,None,N/A,
227.3399,cer,Scroll,Scroll,118,324,0.00,0.00,None,N/A,
227.3503,cer,Scroll,Scroll,118,324,0.00,0.00,None,N/A,
227.3598,cer,Scroll,Scroll,118,324,0.00,0.00,None,N/A,
227.3697,cer,Scroll,Scroll,118,324,0.00,0.00,None,N/A,
227.3802,cer,Scroll,Scroll,118,324,0.00,0.00,None,N/A,
227.3897,cer,Scroll,Scroll,118,324,0.00,0.00,None,N/A,
227.4003,cer,Scroll,Scroll,118,324,0.00,0.00,None,N/A,
227.4098,cer,Scroll,Scroll,118,324,0.00,0.00,None,N/A,
227.4194,cer,Scroll,Scroll,118,324,0.00,0.00,None,N/A,
227.4300,cer,Scroll,Scroll,118,324,0.00,0.00,None,N/A,
227.4394,cer,Scroll,Scroll,118,324,0.00,0.00,None,N/A,
227.4499,cer,Scroll,Scroll,118,324,0.00,0.00,None,N/A,
227.4595,cer,Scroll,Scroll,118,324,0.00,0.00,None,N/A,
227.4700,cer,Scroll,Scroll,118,324,0.00,0.00,None,N/A,
227.4794,cer,Scroll,Scroll,118,324,0.00,0.00,None,N/A,
227.4898,cer,Scroll,Scroll,118,324,0.00,0.00,None,N/A,
227.5003,cer,Scroll,Scroll,118,324,0.00,0.00,None,N/A,
227.5097,cer,Scroll,Scroll,118,324,0.00,0.00,None,N/A,
227.5203,cer,Scroll,Scroll,118,324,0.00,0.00,None,N/A,
227.5298,cer,Scroll,Scroll,118,324,0.00,0.00,None,N/A,
227.5406,cer,Scroll,Scroll,118,324,0.00,0.00,None,N/A,
227.5502,cer,Scroll,Scroll,118,324,0.00,0.00,None,N/A,
227.5597,cer,Scroll,Scroll,118,324,0.00,0.00,None,N/A,
227.5703,cer,Scroll,Scroll,118,324,0.00,0.00,None,N/A,
227.5798,cer,Scroll,Scroll,118,324,0.00,0.00,None,N/A,
227.5902,cer,Scroll,Scroll,118,324,0.00,0.00,None,N/A,
227.5998,cer,Scroll,Scroll,118,324,0.00,0.00,None,N/A,
227.6102,cer,Scroll,Scroll,118,324,0.00,0.00,None,N/A,
227.6198,cer,Scroll,Scroll,118,324,0.00,0.00,None,N/A,
227.6294,cer,Scroll,Scroll,118,324,0.00,0.00,None,N/A,
227.6399,cer,Scroll,Scroll,118,324,0.00,0.00,None,N/A,
227.6495,cer,Scroll,Scroll,118,324,0.00,0.00,None,N/A,
227.6600,cer,Scroll,Scroll,118,324,0.00,0.00,None,N/A,
227.6697,cer,Scroll,Scroll,118,324,0.00,0.00,None,N/A,
227.6802,cer,Scroll,Scroll,118,324,0.00,0.00,None,N/A,
227.6898,cer,Scroll,Scroll,118,324,0.00,0.00,None,N/A,
227.7004,cer,Scroll,Scroll,118,324,0.00,0.00,None,N/A,
227.7100,cer,Scroll,Scroll,118,324,0.00,0.00,None,N/A,
227.7199,cer,Scroll,Scroll,118,324,0.00,0.00,None,N/A,
227.7300,cer,Scroll,Scroll,118,324,0.00,0.00,None,N/A,
227.7401,cer,Scroll,Scroll,118,324,0.00,0.00,None,N/A,
227.7497,cer,Scroll,Scroll,118,324,0.00,0.00,None,N/A,
227.7603,cer,Scroll,Scroll,118,324,0.00,0.00,None,N/A,
227.7703,cer,Scroll,Scroll,118,324,0.00,0.00,None,N/A,
227.7799,cer,Scroll,Scroll,118,324,0.00,0.00,None,N/A,
227.7895,cer,Scroll,Scroll,118,324,0.00,0.00,None,N/A,
227.8000,cer,Scroll,Scroll,118,324,0.00,0.00,None,N/A,
227.8095,cer,Scroll,Scroll,118,324,0.00,0.00,None,N/A,
227.8200,cer,Scroll,Scroll,118,324,0.00,0.00,None,N/A,
227.8296,cer,Scroll,Scroll,118,324,0.00,0.00,None,N/A,
227.8402,cer,Scroll,Scroll,118,324,0.00,0.00,None,N/A,
227.8499,cer,Scroll,Scroll,118,324,0.00,0.00,None,N/A,
227.8604,cer,Scroll,Scroll,118,324,0.00,0.00,None,N/A,
227.8698,cer,Scroll,Scroll,118,324,0.00,0.00,None,N/A,
227.8802,cer,Scroll,Scroll,118,324,0.00,0.00,None,N/A,
227.8899,cer,Scroll,Scroll,118,324,0.00,0.00,None,N/A,
227.9027,cer,Scroll,Scroll,118,324,0.00,0.00,None,N/A,
227.9100,cer,Scroll,Scroll,118,324,0.00,0.00,None,N/A,
227.9201,cer,Scroll,Scroll,118,324,0.00,0.00,None,N/A,
227.9304,cer,Scroll,Scroll,118,324,0.00,0.00,None,N/A,
227.9409,cer,Scroll,Scroll,118,324,0.00,0.00,None,N/A,
227.9497,cer,Scroll,Scroll,118,324,0.00,0.00,None,N/A,
227.9620,cer,Scroll,Scroll,118,324,0.00,0.00,None,N/A,
227.9703,cer,Scroll,Scroll,118,324,0.00,0.00,None,N/A,
227.9796,cer,Scroll,Scroll,118,324,0.00,0.00,None,N/A,
227.9901,cer,Scroll,Scroll,118,324,0.00,0.00,None,N/A,
227.9996,cer,Scroll,Scroll,118,324,0.00,0.00,None,N/A,
228.0103,cer,Scroll,Scroll,118,324,0.00,0.00,None,N/A,
228.0203,cer,Scroll,Scroll,118,324,0.00,0.00,None,N/A,
228.0298,cer,Scroll,Scroll,118,324,0.00,0.00,None,N/A,
228.0403,cer,Scroll,Scroll,118,324,0.00,0.00,None,N/A,
228.0497,cer,Scroll,Scroll,118,324,0.00,0.00,None,N/A,
228.0603,cer,Scroll,Scroll,118,324,0.00,0.00,None,N/A,
228.0699,cer,Scroll,Scroll,118,324,0.00,0.00,None,N/A,
228.0802,cer,Scroll,Scroll,118,324,0.00,0.00,None,N/A,
228.0897,cer,Scroll,Scroll,118,324,0.00,0.00,None,N/A,
228.1001,cer,Scroll,Scroll,118,324,0.00,0.00,None,N/A,
228.1097,cer,Scroll,Scroll,118,324,0.00,0.00,None,N/A,
228.1203,cer,Scroll,Scroll,118,324,0.00,0.00,None,N/A,
228.1297,cer,Scroll,Scroll,118,324,0.00,0.00,None,N/A,
228.1402,cer,Scroll,Scroll,118,324,0.00,0.00,None,N/A,
228.1499,cer,Scroll,Scroll,118,324,0.00,0.00,None,N/A,
228.1605,cer,Scroll,Scroll,118,324,0.00,0.00,None,N/A,
228.1694,cer,Scroll,Scroll,118,324,0.00,0.00,None,N/A,
228.1797,cer,Scroll,Scroll,118,324,0.00,0.00,None,N/A,
228.1901,cer,Scroll,Scroll,118,324,0.00,0.00,None,N/A,
228.1995,cer,Scroll,Scroll,118,324,0.00,0.00,None,N/A,
228.2100,cer,Scroll,Scroll,118,324,0.00,0.00,None,N/A,
228.2197,cer,Scroll,Scroll,118,324,0.00,0.00,None,N/A,
228.2302,cer,Scroll,Scroll,118,324,0.00,0.00,None,N/A,
228.2397,cer,Scroll,Scroll,118,324,0.00,0.00,None,N/A,
228.2500,cer,Scroll,Scroll,118,324,0.00,0.00,None,N/A,
228.2595,cer,Scroll,Scroll,118,324,0.00,0.00,None,N/A,
228.2701,cer,Scroll,Scroll,118,324,0.00,0.00,None,N/A,
228.2796,cer,Scroll,Scroll,118,324,0.00,0.00,None,N/A,
228.2900,cer,Scroll,Scroll,118,324,0.00,0.00,None,N/A,
228.3003,cer,Scroll,Scroll,118,324,0.00,0.00,None,N/A,
228.3098,cer,Scroll,Scroll,118,324,0.00,0.00,None,N/A,
228.3205,cer,Scroll,Scroll,118,324,0.00,0.00,None,N/A,
228.3300,cer,Scroll,Scroll,118,324,0.00,0.00,None,N/A,
228.3396,cer,Scroll,Scroll,118,324,0.00,0.00,None,N/A,
228.3502,cer,Scroll,Scroll,118,324,0.00,0.00,None,N/A,
228.3598,cer,Scroll,Scroll,118,324,0.00,0.00,None,N/A,
228.3695,cer,Scroll,Scroll,118,324,0.00,0.00,None,N/A,
228.3799,cer,Scroll,Scroll,118,324,0.00,0.00,None,N/A,
228.3904,cer,Scroll,Scroll,118,324,0.00,0.00,None,N/A,
228.4000,cer,Scroll,Scroll,118,324,0.00,0.00,None,N/A,
228.4095,cer,Scroll,Scroll,118,324,0.00,0.00,None,N/A,
228.4201,cer,Scroll,Scroll,118,324,0.00,0.00,None,N/A,
228.4296,cer,Scroll,Scroll,118,324,0.00,0.00,None,N/A,
228.4400,cer,Scroll,Scroll,118,324,0.00,0.00,None,N/A,
228.4494,cer,Scroll,Scroll,118,324,0.00,0.00,None,N/A,
228.4599,cer,Scroll,Scroll,118,324,0.00,0.00,None,N/A,
228.4699,cer,Scroll,Scroll,118,324,0.00,0.00,None,N/A,
228.4803,cer,Scroll,Scroll,118,324,0.00,0.00,None,N/A,
228.4900,cer,Scroll,Scroll,118,324,0.00,0.00,None,N/A,
228.5004,cer,Scroll,Scroll,118,324,0.00,0.00,None,N/A,
228.5099,cer,Scroll,Scroll,118,324,0.00,0.00,None,N/A,
228.5206,cer,Scroll,Scroll,118,324,0.00,0.00,None,N/A,
228.5301,cer,Scroll,Scroll,118,324,0.00,0.00,None,N/A,
228.5425,cer,Scroll,Scroll,118,324,0.00,0.00,None,N/A,
228.5494,cer,Scroll,Scroll,118,324,0.00,0.00,None,N/A,
228.5647,cer,Scroll,Scroll,118,324,0.00,0.00,None,N/A,
228.5710,cer,Scroll,Scroll,118,324,0.00,0.00,None,N/A,
228.5796,cer,Scroll,Scroll,118,324,0.00,0.00,None,N/A,
228.5895,cer,Scroll,Scroll,118,324,0.00,0.00,None,N/A,
228.5999,cer,Scroll,Scroll,118,324,0.00,0.00,None,N/A,
228.6100,cer,Scroll,Scroll,118,324,0.00,0.00,None,N/A,
228.6200,cer,Scroll,Scroll,118,324,0.00,0.00,None,N/A,
228.6294,cer,Scroll,Scroll,118,324,0.00,0.00,None,N/A,
228.6399,cer,Scroll,Scroll,118,324,0.00,0.00,None,N/A,
228.6507,cer,Scroll,Scroll,118,324,0.00,0.00,None,N/A,
228.6603,cer,Scroll,Scroll,118,324,0.00,0.00,None,N/A,
228.6699,cer,Scroll,Scroll,118,324,0.00,0.00,None,N/A,
228.6803,cer,Scroll,Scroll,118,324,0.00,0.00,None,N/A,
228.6902,cer,Scroll,Scroll,118,324,0.00,0.00,None,N/A,
228.6999,cer,Scroll,Scroll,118,324,0.00,0.00,None,N/A,
228.7094,cer,Scroll,Scroll,118,324,0.00,0.00,None,N/A,
228.7200,cer,Scroll,Scroll,118,324,0.00,0.00,None,N/A,
228.7308,cer,Scroll,Scroll,118,324,0.00,0.00,None,N/A,
228.7404,cer,Scroll,Scroll,118,324,0.00,0.00,None,N/A,
228.7500,cer,Scroll,Scroll,118,324,0.00,0.00,None,N/A,
228.7595,cer,Scroll,Scroll,118,324,0.00,0.00,None,N/A,
228.7700,cer,Scroll,Scroll,118,324,0.00,0.00,None,N/A,
228.7796,cer,Scroll,Scroll,118,324,0.00,0.00,None,N/A,
228.7901,cer,Scroll,Scroll,118,324,0.00,0.00,None,N/A,
228.8002,cer,Scroll,Scroll,118,324,0.00,0.00,None,N/A,
228.8100,cer,Scroll,Scroll,118,324,0.00,0.00,None,N/A,
228.8195,cer,Scroll,Scroll,118,324,0.00,0.00,None,N/A,
228.8305,cer,Scroll,Scroll,118,324,0.00,0.00,None,N/A,
228.8405,cer,Scroll,Scroll,118,324,0.00,0.00,None,N/A,
228.8501,cer,Scroll,Scroll,118,324,0.00,0.00,None,N/A,
228.8596,cer,Scroll,Scroll,118,324,0.00,0.00,None,N/A,
228.8697,cer,Scroll,Scroll,118,324,0.00,0.00,None,N/A,
228.8801,cer,Scroll,Scroll,118,324,0.00,0.00,None,N/A,
228.8897,cer,Scroll,Scroll,118,324,0.00,0.00,None,N/A,
228.8994,cer,Scroll,Scroll,118,324,0.00,0.00,None,N/A,
228.9100,cer,Scroll,Scroll,118,324,0.00,0.00,None,N/A,
228.9195,cer,Scroll,Scroll,118,324,0.00,0.00,None,N/A,
228.9299,cer,Scroll,Scroll,118,324,0.00,0.00,None,N/A,
228.9403,cer,Scroll,Scroll,118,324,0.00,0.00,None,N/A,
228.9502,cer,Scroll,Scroll,117,331,720.24,73362.53,None,N/A,
228.9599,cer,Scroll,Scroll,112,368,3851.16,322947.77,None,N/A,
228.9696,cer,Scroll,Scroll,108,403,3617.13,-24029.86,None,N/A,
228.9795,cer,Scroll,Scroll,105,428,2548.01,-108189.23,None,N/A,
228.9901,cer,Scroll,Scroll,102,459,2940.48,37054.49,None,N/A,
229.0002,cer,Scroll,Scroll,100,474,1493.23,-142808.06,None,N/A,
229.0098,cer,Scroll,Scroll,98,500,2716.49,127430.08,None,N/A,
229.0197,cer,Scroll,Scroll,97,511,1119.38,-161857.25,None,N/A,
229.0295,cer,Scroll,Scroll,95,525,1444.84,33251.12,None,N/A,
229.0403,cer,Scroll,Scroll,93,530,498.74,-87621.86,None,N/A,
229.0500,cer,Scroll,Scroll,91,540,1046.53,56214.04,None,N/A,
229.0599,cer,Scroll,Scroll,91,546,608.75,-44416.12,None,N/A,
229.0693,cer,Scroll,Scroll,90,555,955.81,36632.53,None,N/A,
229.0797,cer,Scroll,Scroll,89,558,305.53,-62827.90,None,N/A,
229.0901,cer,Scroll,Scroll,89,558,0.00,-29453.77,None,N/A,
229.1004,cer,Scroll,Scroll,89,558,0.00,0.00,None,N/A,
229.1099,cer,Scroll,Scroll,89,558,0.00,0.00,None,N/A,
229.1195,cer,Scroll,Scroll,89,558,0.00,0.00,None,N/A,
229.1299,cer,Scroll,Scroll,89,558,0.00,0.00,None,N/A,
229.1404,cer,Scroll,Scroll,89,558,0.00,0.00,None,N/A,
229.1505,cer,Scroll,Scroll,89,558,0.00,0.00,None,N/A,
229.1601,cer,Scroll,Scroll,89,558,0.00,0.00,None,N/A,
229.1699,cer,Scroll,Scroll,89,558,0.00,0.00,None,N/A,
229.1804,cer,Scroll,Scroll,89,558,0.00,0.00,None,N/A,
229.1899,cer,Scroll,Scroll,89,558,0.00,0.00,None,N/A,
229.2004,cer,Scroll,Scroll,89,558,0.00,0.00,None,N/A,
229.2099,cer,Scroll,Scroll,92,551,801.32,84312.86,None,N/A,
229.2198,cer,Scroll,Scroll,95,541,1053.02,25387.05,None,N/A,
229.2299,cer,Scroll,Scroll,99,522,1917.92,85432.83,None,N/A,
229.2401,cer,Scroll,Scroll,99,514,781.83,-111028.35,None,N/A,
229.2500,cer,Scroll,Scroll,98,497,1717.93,94434.60,None,N/A,
229.2599,cer,Scroll,Scroll,97,487,1023.76,-70713.82,None,N/A,
229.2698,cer,Scroll,Scroll,94,470,1744.91,72893.50,None,N/A,
229.2797,cer,Scroll,Scroll,93,464,608.61,-113692.09,None,N/A,
229.2899,cer,Scroll,Scroll,91,447,1691.88,107071.06,None,N/A,
229.3001,cer,Scroll,Scroll,90,440,687.87,-97669.59,None,N/A,
229.3098,cer,Scroll,Scroll,90,430,1036.42,36124.95,None,N/A,
229.3197,cer,Scroll,Scroll,90,426,403.42,-63841.87,None,N/A,
229.3297,cer,Scroll,Scroll,90,423,301.38,-10251.40,None,N/A,
229.3401,cer,Scroll,Scroll,89,417,580.08,26577.72,None,N/A,
229.3503,cer,Scroll,Scroll,88,414,310.88,-26464.42,None,N/A,
229.3599,cer,Scroll,Scroll,87,409,529.52,22704.98,None,N/A,
229.3701,cer,Scroll,Scroll,87,409,0.00,-52259.43,None,N/A,
229.3796,cer,Scroll,Scroll,86,407,234.93,24681.99,None,N/A,
229.3901,cer,Scroll,Scroll,86,407,0.00,-22406.13,None,N/A,
229.3995,cer,Scroll,Scroll,86,407,0.00,0.00,None,N/A,
229.4100,cer,Scroll,Scroll,86,407,0.00,0.00,None,N/A,
229.4196,cer,Scroll,Scroll,86,407,0.00,0.00,None,N/A,
229.4300,cer,Scroll,Scroll,86,407,0.00,0.00,None,N/A,
229.4396,cer,Scroll,Scroll,86,407,0.00,0.00,None,N/A,
229.4502,cer,Scroll,Scroll,86,407,0.00,0.00,None,N/A,
229.4597,cer,Scroll,Scroll,86,407,0.00,0.00,None,N/A,
229.4703,cer,Scroll,Scroll,86,407,0.00,0.00,None,N/A,
229.4798,cer,Scroll,Scroll,86,407,0.00,0.00,None,N/A,
229.4902,cer,Scroll,Scroll,86,407,0.00,0.00,None,N/A,
229.4997,cer,Scroll,Scroll,86,407,0.00,0.00,None,N/A,
229.5101,cer,Scroll,Scroll,86,407,0.00,0.00,None,N/A,
229.5197,cer,Scroll,Scroll,86,407,0.00,0.00,None,N/A,
229.5301,cer,Scroll,Scroll,86,407,0.00,0.00,None,N/A,
229.5396,cer,Scroll,Scroll,86,407,0.00,0.00,None,N/A,
229.5499,cer,Scroll,Scroll,86,407,0.00,0.00,None,N/A,
229.5604,cer,Scroll,Scroll,86,407,0.00,0.00,None,N/A,
229.5701,cer,Scroll,Scroll,86,407,0.00,0.00,None,N/A,
229.5795,cer,Scroll,Scroll,86,407,0.00,0.00,None,N/A,
229.5899,cer,Scroll,Scroll,86,407,0.00,0.00,None,N/A,
229.5998,cer,Scroll,Scroll,86,407,0.00,0.00,None,N/A,
229.6102,cer,Scroll,Scroll,86,407,0.00,0.00,None,N/A,
229.6199,cer,Scroll,Scroll,86,407,0.00,0.00,None,N/A,
229.6294,cer,Scroll,Scroll,86,407,0.00,0.00,None,N/A,
229.6399,cer,Scroll,Scroll,86,407,0.00,0.00,None,N/A,
229.6503,cer,Scroll,Scroll,86,407,0.00,0.00,None,N/A,
229.6596,cer,Scroll,Scroll,86,407,0.00,0.00,None,N/A,
229.6694,cer,Scroll,Scroll,86,407,0.00,0.00,None,N/A,
229.6795,cer,Scroll,Scroll,86,407,0.00,0.00,None,N/A,
229.6903,cer,Scroll,Scroll,87,406,130.65,12069.91,None,N/A,
229.7000,cer,Scroll,Scroll,87,406,0.00,-13421.16,None,N/A,
229.7103,cer,Scroll,Scroll,89,405,217.13,21084.24,None,N/A,
229.7197,cer,Scroll,Scroll,89,404,107.33,-11784.92,None,N/A,
229.7300,cer,Scroll,Scroll,91,401,349.31,23443.80,None,N/A,
229.7399,cer,Scroll,Scroll,92,400,142.51,-20839.52,None,N/A,
229.7495,cer,Scroll,Scroll,94,394,659.68,53943.22,None,N/A,
229.7598,cer,Scroll,Scroll,94,391,291.25,-35768.57,None,N/A,
229.7698,cer,Scroll,Scroll,96,383,826.04,53570.91,None,N/A,
229.7796,cer,Scroll,Scroll,96,379,407.26,-42638.09,None,N/A,
229.7904,cer,Scroll,Scroll,97,373,564.47,14588.61,None,N/A,
229.8001,cer,Scroll,Scroll,97,369,412.19,-15692.41,None,N/A,
229.8100,cer,Scroll,Scroll,97,367,202.01,-21228.84,None,N/A,
229.8196,cer,Scroll,Scroll,97,362,519.84,33044.86,None,N/A,
229.8298,cer,Scroll,Scroll,97,360,195.82,-31725.23,None,N/A,
229.8402,cer,Scroll,Scroll,97,357,288.90,8963.92,None,N/A,
229.8501,cer,Scroll,Scroll,97,355,201.14,-8826.31,None,N/A,
229.8600,cer,Scroll,Scroll,97,352,304.43,10481.06,None,N/A,
229.8697,cer,Scroll,Scroll,97,351,103.24,-20771.05,None,N/A,
229.8793,cer,Scroll,Scroll,97,349,207.22,10772.63,None,N/A,
229.8900,cer,Scroll,Scroll,97,349,0.00,-19323.59,None,N/A,
229.8999,cer,Scroll,Scroll,97,347,202.40,20483.56,None,N/A,
229.9098,cer,Scroll,Scroll,97,347,0.00,-20583.39,None,N/A,
229.9197,cer,Scroll,Scroll,97,346,100.87,10174.90,None,N/A,
229.9297,cer,Scroll,Scroll,97,344,198.71,9721.05,None,N/A,
229.9404,cer,Scroll,Scroll,97,343,93.85,-9841.22,None,N/A,
229.9501,cer,Scroll,Scroll,97,341,205.03,11397.97,None,N/A,
229.9598,cer,Scroll,Scroll,97,340,103.50,-10508.38,None,N/A,
229.9694,cer,Scroll,Scroll,97,338,208.07,10878.18,None,N/A,
229.9797,cer,Scroll,Scroll,96,337,137.91,-6841.60,None,N/A,
229.9900,cer,Scroll,Scroll,96,334,290.15,14724.39,None,N/A,
230.0002,cer,Scroll,Scroll,95,333,138.84,-14854.76,None,N/A,
230.0097,cer,Scroll,Scroll,95,330,316.23,18699.23,None,N/A,
230.0196,cer,Scroll,Scroll,94,329,142.24,-17500.07,None,N/A,
230.0295,cer,Scroll,Scroll,94,327,202.84,6145.69,None,N/A,
230.0400,cer,Scroll,Scroll,93,324,301.11,9357.19,None,N/A,
230.0503,cer,Scroll,Scroll,92,322,216.41,-8197.34,None,N/A,
230.0598,cer,Scroll,Scroll,91,319,332.22,12166.75,None,N/A,
230.0698,cer,Scroll,Scroll,90,317,225.45,-10765.27,None,N/A,
230.0795,cer,Scroll,Scroll,90,315,206.18,-1985.66,None,N/A,
230.0902,cer,Scroll,Scroll,89,313,207.50,122.43,None,N/A,
230.1000,cer,Scroll,Scroll,89,311,204.06,-351.58,None,N/A,
230.1100,cer,Scroll,Scroll,88,310,142.54,-6200.26,None,N/A,
230.1203,cer,Scroll,Scroll,88,309,96.36,-4450.03,None,N/A,
230.1299,cer,Scroll,Scroll,88,308,104.74,877.95,None,N/A,
230.1399,cer,Scroll,Scroll,88,307,99.90,-484.46,None,N/A,
230.1500,cer,Scroll,Scroll,88,306,98.93,-95.34,None,N/A,
230.1595,cer,Scroll,Scroll,88,306,0.00,-10393.74,None,N/A,
230.1695,cer,Scroll,Scroll,88,305,99.79,9957.72,None,N/A,
230.1799,cer,Scroll,Scroll,88,305,0.00,-9615.70,None,N/A,
230.1901,cer,Scroll,Scroll,88,305,0.00,0.00,None,N/A,
230.2001,cer,Scroll,Scroll,88,304,99.30,9861.29,None,N/A,
230.2096,cer,Scroll,Scroll,88,304,0.00,-10482.23,None,N/A,
230.2201,cer,Scroll,Scroll,88,304,0.00,0.00,None,N/A,
230.2296,cer,Scroll,Scroll,88,304,0.00,0.00,None,N/A,
230.2403,cer,Scroll,Scroll,88,305,93.87,8810.81,None,N/A,
230.2497,cer,Scroll,Scroll,88,305,0.00,-9915.43,None,N/A,
230.2599,cer,Scroll,Scroll,88,306,98.48,9697.59,None,N/A,
230.2696,cer,Scroll,Scroll,88,306,0.00,-10140.17,None,N/A,
230.2796,cer,Scroll,Scroll,89,308,223.87,22413.06,None,N/A,
230.2903,cer,Scroll,Scroll,89,309,93.35,-12183.83,None,N/A,
230.3001,cer,Scroll,Scroll,89,311,203.37,11187.61,None,N/A,
230.3100,cer,Scroll,Scroll,90,313,225.85,2270.21,None,N/A,
230.3194,cer,Scroll,Scroll,90,315,212.81,-1387.58,None,N/A,
230.3298,cer,Scroll,Scroll,90,317,191.80,-2014.41,None,N/A,
230.3401,cer,Scroll,Scroll,91,320,308.61,11398.90,None,N/A,
230.3502,cer,Scroll,Scroll,91,321,98.90,-20740.27,None,N/A,
230.3598,cer,Scroll,Scroll,91,323,208.86,11482.57,None,N/A,
230.3694,cer,Scroll,Scroll,91,325,206.98,-194.66,None,N/A,
230.3795,cer,Scroll,Scroll,91,326,99.36,-10692.92,None,N/A,
230.3901,cer,Scroll,Scroll,91,328,188.49,8400.16,None,N/A,
230.4002,cer,Scroll,Scroll,91,329,99.28,-8856.92,None,N/A,
230.4098,cer,Scroll,Scroll,91,330,103.71,460.04,None,N/A,
230.4197,cer,Scroll,Scroll,91,331,101.25,-249.42,None,N/A,
230.4295,cer,Scroll,Scroll,91,332,101.76,51.74,None,N/A,
230.4400,cer,Scroll,Scroll,91,332,0.00,-9710.77,None,N/A,
230.4500,cer,Scroll,Scroll,92,332,99.87,9973.84,None,N/A,
230.4599,cer,Scroll,Scroll,92,333,101.05,118.88,None,N/A,
230.4695,cer,Scroll,Scroll,92,333,0.00,-10501.16,None,N/A,
230.4800,cer,Scroll,Scroll,92,333,0.00,0.00,None,N/A,
230.4898,cer,Scroll,Scroll,92,333,0.00,0.00,None,N/A,
230.4999,cer,Scroll,Scroll,92,333,0.00,0.00,None,N/A,
230.5103,cer,Scroll,Scroll,92,333,0.00,0.00,None,N/A,
230.5198,cer,Scroll,Scroll,92,333,0.00,0.00,None,N/A,
230.5301,cer,Scroll,Scroll,92,333,0.00,0.00,None,N/A,
230.5394,cer,Scroll,Scroll,92,333,0.00,0.00,None,N/A,
230.5499,cer,Scroll,Scroll,92,333,0.00,0.00,None,N/A,
230.5597,cer,Scroll,Scroll,92,333,0.00,0.00,None,N/A,
230.5696,cer,Scroll,Scroll,92,333,0.00,0.00,None,N/A,
230.5800,cer,Scroll,Scroll,92,333,0.00,0.00,None,N/A,
230.5895,cer,Scroll,Scroll,92,333,0.00,0.00,None,N/A,
230.6002,cer,Scroll,Scroll,92,333,0.00,0.00,None,N/A,
230.6097,cer,Scroll,Scroll,92,333,0.00,0.00,None,N/A,
230.6203,cer,Scroll,Scroll,92,333,0.00,0.00,None,N/A,
230.6299,cer,Scroll,Scroll,92,333,0.00,0.00,None,N/A,
230.6403,cer,Scroll,Scroll,92,333,0.00,0.00,None,N/A,
230.6498,cer,Scroll,Scroll,92,333,0.00,0.00,None,N/A,
230.6603,cer,Scroll,Scroll,92,333,0.00,0.00,None,N/A,
230.6699,cer,Scroll,Scroll,92,333,0.00,0.00,None,N/A,
230.6804,cer,Scroll,Scroll,92,333,0.00,0.00,None,N/A,
230.6898,cer,Scroll,Scroll,92,333,0.00,0.00,None,N/A,
230.7001,cer,Scroll,Scroll,92,333,0.00,0.00,Left,N/A,
230.7096,cer,Scroll,Scroll,92,333,0.00,0.00,Left,N/A,
230.7205,cer,Scroll,Scroll,92,333,0.00,0.00,Left,N/A,
230.7302,cer,Scroll,Scroll,92,333,0.00,0.00,Left,N/A,
230.7399,cer,Scroll,Scroll,92,333,0.00,0.00,Left,N/A,
230.7500,cer,Scroll,Scroll,92,333,0.00,0.00,Left,N/A,
230.7596,cer,Scroll,Scroll,92,333,0.00,0.00,Left,N/A,
230.7706,cer,Scroll,Scroll,92,333,0.00,0.00,Left,N/A,
230.7802,cer,Scroll,Scroll,92,333,0.00,0.00,Left,N/A,
230.7897,cer,Scroll,Scroll,92,333,0.00,0.00,Left,N/A,
230.8002,cer,Scroll,Scroll,92,333,0.00,0.00,Left,N/A,
230.8098,cer,Scroll,Scroll,92,333,0.00,0.00,Left,N/A,
230.8207,cer,Scroll,Scroll,92,333,0.00,0.00,Left,N/A,
230.8304,cer,Scroll,Scroll,92,333,0.00,0.00,Left,N/A,
230.8399,cer,Scroll,Scroll,92,333,0.00,0.00,Left,N/A,
230.8495,cer,Scroll,Scroll,92,333,0.00,0.00,Left,N/A,
230.8599,cer,Scroll,Scroll,92,333,0.00,0.00,Left,N/A,
230.8700,cer,Scroll,Scroll,92,333,0.00,0.00,Left,N/A,
230.8762,cer,Scroll,Scroll,92,333,0.00,0.00,None,N/A,scroll_item_selected_correct
230.8830,cer,Scroll,Scroll,92,333,0.00,0.00,None,N/A,
230.8903,cer,Scroll,Scroll,92,333,0.00,0.00,None,N/A,
230.8999,cer,Scroll,Scroll,92,333,0.00,0.00,None,N/A,
230.9104,cer,Scroll,Scroll,92,333,0.00,0.00,None,N/A,
230.9199,cer,Scroll,Scroll,92,333,0.00,0.00,None,N/A,
230.9295,cer,Scroll,Scroll,92,333,0.00,0.00,None,N/A,
230.9398,cer,Scroll,Scroll,92,333,0.00,0.00,None,N/A,
230.9495,cer,Scroll,Scroll,92,333,0.00,0.00,None,N/A,
230.9599,cer,Scroll,Scroll,92,333,0.00,0.00,None,N/A,
230.9697,cer,Scroll,Scroll,92,333,0.00,0.00,None,N/A,
230.9802,cer,Scroll,Scroll,92,333,0.00,0.00,None,N/A,
230.9896,cer,Scroll,Scroll,92,333,0.00,0.00,None,N/A,
231.0001,cer,Scroll,Scroll,92,333,0.00,0.00,None,N/A,
231.0095,cer,Scroll,Scroll,92,333,0.00,0.00,None,N/A,
231.0200,cer,Scroll,Scroll,92,333,0.00,0.00,None,N/A,
231.0295,cer,Scroll,Scroll,92,333,0.00,0.00,None,N/A,
231.0399,cer,Scroll,Scroll,92,333,0.00,0.00,None,N/A,
231.0504,cer,Scroll,Scroll,92,333,0.00,0.00,None,N/A,
231.0600,cer,Scroll,Scroll,92,333,0.00,0.00,None,N/A,
231.0694,cer,Scroll,Scroll,92,333,0.00,0.00,None,N/A,
231.0799,cer,Scroll,Scroll,92,333,0.00,0.00,None,N/A,
231.0894,cer,Scroll,Scroll,92,333,0.00,0.00,None,N/A,
231.0999,cer,Scroll,Scroll,92,333,0.00,0.00,None,N/A,
231.1103,cer,Scroll,Scroll,92,333,0.00,0.00,None,N/A,
231.1198,cer,Scroll,Scroll,92,333,0.00,0.00,None,N/A,
231.1303,cer,Scroll,Scroll,92,333,0.00,0.00,None,N/A,
231.1398,cer,Scroll,Scroll,92,333,0.00,0.00,None,N/A,
231.1503,cer,Scroll,Scroll,92,333,0.00,0.00,None,N/A,
231.1598,cer,Scroll,Scroll,92,333,0.00,0.00,None,N/A,
231.1704,cer,Scroll,Scroll,92,333,0.00,0.00,None,N/A,
231.1798,cer,Scroll,Scroll,92,333,0.00,0.00,None,N/A,
231.1903,cer,Scroll,Scroll,92,333,0.00,0.00,None,N/A,
231.2000,cer,Scroll,Scroll,92,333,0.00,0.00,None,N/A,
231.2096,cer,Scroll,Scroll,92,333,0.00,0.00,None,N/A,
231.2202,cer,Scroll,Scroll,92,333,0.00,0.00,None,N/A,
231.2298,cer,Scroll,Scroll,92,333,0.00,0.00,None,N/A,
231.2403,cer,Scroll,Scroll,92,333,0.00,0.00,None,N/A,
231.2499,cer,Scroll,Scroll,92,333,0.00,0.00,None,N/A,
231.2604,cer,Scroll,Scroll,92,333,0.00,0.00,None,N/A,
231.2699,cer,Scroll,Scroll,92,333,0.00,0.00,None,N/A,
231.2794,cer,Scroll,Scroll,92,333,0.00,0.00,None,N/A,
231.2899,cer,Scroll,Scroll,92,333,0.00,0.00,None,N/A,
231.2995,cer,Scroll,Scroll,92,333,0.00,0.00,None,N/A,
231.3100,cer,Scroll,Scroll,92,333,0.00,0.00,None,N/A,
231.3194,cer,Scroll,Scroll,92,333,0.00,0.00,None,N/A,
231.3299,cer,Scroll,Scroll,92,333,0.00,0.00,None,N/A,
231.3403,cer,Scroll,Scroll,92,333,0.00,0.00,None,N/A,
231.3498,cer,Scroll,Scroll,92,333,0.00,0.00,None,N/A,
231.3599,cer,Scroll,Scroll,95,334,310.87,30560.18,None,N/A,
231.3694,cer,Scroll,Scroll,104,339,1085.79,81724.31,None,N/A,
231.3798,cer,Scroll,Scroll,110,341,611.56,-45856.28,None,N/A,
231.3895,cer,Scroll,Scroll,122,345,1297.58,70373.83,None,N/A,
231.4001,cer,Scroll,Scroll,127,346,479.25,-76913.62,None,N/A,
231.4099,cer,Scroll,Scroll,135,348,848.99,38067.45,None,N/A,
231.4196,cer,Scroll,Scroll,138,348,309.42,-55651.61,None,N/A,
231.4295,cer,Scroll,Scroll,141,348,301.79,-767.46,None,N/A,
231.4403,cer,Scroll,Scroll,147,348,556.95,23685.16,None,N/A,
231.4502,cer,Scroll,Scroll,149,347,224.90,-33397.09,None,N/A,
231.4602,cer,Scroll,Scroll,154,345,538.83,31410.61,None,N/A,
231.4697,cer,Scroll,Scroll,156,343,297.22,-25388.62,None,N/A,
231.4797,cer,Scroll,Scroll,158,339,447.12,14986.50,None,N/A,
231.4902,cer,Scroll,Scroll,159,337,214.03,-22310.51,None,N/A,
231.5000,cer,Scroll,Scroll,160,334,321.24,10890.63,None,N/A,
231.5101,cer,Scroll,Scroll,160,332,197.90,-12204.35,None,N/A,
231.5196,cer,Scroll,Scroll,159,327,539.42,36129.11,None,N/A,
231.5295,cer,Scroll,Scroll,158,325,225.22,-31646.38,None,N/A,
231.5403,cer,Scroll,Scroll,153,321,591.37,33817.09,None,N/A,
231.5497,cer,Scroll,Scroll,150,320,336.70,-27116.16,None,N/A,
231.5603,cer,Scroll,Scroll,147,318,341.80,484.03,None,N/A,
231.5698,cer,Scroll,Scroll,140,317,743.41,42221.92,None,N/A,
231.5802,cer,Scroll,Scroll,135,318,491.30,-24290.88,None,N/A,
231.5894,cer,Scroll,Scroll,127,322,963.60,50883.01,None,N/A,
231.6001,cer,Scroll,Scroll,122,326,598.32,-34132.85,None,N/A,
231.6100,cer,Scroll,Scroll,111,341,1896.69,132391.30,None,N/A,
231.6202,cer,Scroll,Scroll,106,352,1174.04,-70215.86,None,N/A,
231.6293,cer,Scroll,Scroll,101,375,2600.35,157575.38,None,N/A,
231.6398,cer,Scroll,Scroll,100,383,765.46,-174210.37,None,N/A,
231.6501,cer,Scroll,Scroll,100,396,1267.63,48967.33,None,N/A,
231.6596,cer,Scroll,Scroll,100,401,528.16,-78111.84,None,N/A,
231.6699,cer,Scroll,Scroll,101,405,398.71,-12517.81,None,N/A,
231.6796,cer,Scroll,Scroll,102,410,527.61,13338.39,None,N/A,
231.6895,cer,Scroll,Scroll,103,413,319.59,-21023.65,None,N/A,
231.7000,cer,Scroll,Scroll,105,418,510.89,18148.95,None,N/A,
231.7099,cer,Scroll,Scroll,106,419,142.42,-37106.75,None,N/A,
231.7195,cer,Scroll,Scroll,106,419,0.00,-14934.18,None,N/A,
231.7304,cer,Scroll,Scroll,106,419,0.00,0.00,None,N/A,
231.7401,cer,Scroll,Scroll,106,419,0.00,0.00,None,N/A,
231.7497,cer,Scroll,Scroll,106,419,0.00,0.00,None,N/A,
231.7603,cer,Scroll,Scroll,106,419,0.00,0.00,None,N/A,
231.7704,cer,Scroll,Scroll,106,419,0.00,0.00,None,N/A,
231.7801,cer,Scroll,Scroll,106,419,0.00,0.00,None,N/A,
231.7896,cer,Scroll,Scroll,106,419,0.00,0.00,None,N/A,
231.8001,cer,Scroll,Scroll,106,419,0.00,0.00,None,N/A,
231.8097,cer,Scroll,Scroll,106,419,0.00,0.00,None,N/A,
231.8202,cer,Scroll,Scroll,106,419,0.00,0.00,None,N/A,
231.8303,cer,Scroll,Scroll,106,419,0.00,0.00,None,N/A,
231.8400,cer,Scroll,Scroll,106,419,0.00,0.00,None,N/A,
231.8496,cer,Scroll,Scroll,106,419,0.00,0.00,None,N/A,
231.8601,cer,Scroll,Scroll,106,419,0.00,0.00,None,N/A,
231.8696,cer,Scroll,Scroll,106,419,0.00,0.00,None,N/A,
231.8802,cer,Scroll,Scroll,106,419,0.00,0.00,None,N/A,
231.8897,cer,Scroll,Scroll,106,419,0.00,0.00,None,N/A,
231.9004,cer,Scroll,Scroll,106,419,0.00,0.00,None,N/A,
231.9100,cer,Scroll,Scroll,106,419,0.00,0.00,None,N/A,
231.9196,cer,Scroll,Scroll,106,419,0.00,0.00,None,N/A,
231.9300,cer,Scroll,Scroll,106,419,0.00,0.00,None,N/A,
231.9395,cer,Scroll,Scroll,106,419,0.00,0.00,None,N/A,
231.9495,cer,Scroll,Scroll,106,419,0.00,0.00,None,N/A,
231.9600,cer,Scroll,Scroll,106,419,0.00,0.00,None,N/A,
231.9698,cer,Scroll,Scroll,106,419,0.00,0.00,None,N/A,
231.9795,cer,Scroll,Scroll,106,419,0.00,0.00,None,N/A,
231.9898,cer,Scroll,Scroll,106,419,0.00,0.00,None,N/A,
231.9999,cer,Scroll,Scroll,106,419,0.00,0.00,None,N/A,
232.0095,cer,Scroll,Scroll,106,419,0.00,0.00,None,N/A,
232.0201,cer,Scroll,Scroll,106,419,0.00,0.00,None,N/A,
232.0295,cer,Scroll,Scroll,106,419,0.00,0.00,None,N/A,
232.0397,cer,Scroll,Scroll,106,419,0.00,0.00,None,N/A,
232.0502,cer,Scroll,Scroll,106,419,0.00,0.00,None,N/A,
232.0598,cer,Scroll,Scroll,106,419,0.00,0.00,None,N/A,
232.0696,cer,Scroll,Scroll,106,419,0.00,0.00,None,N/A,
232.0799,cer,Scroll,Scroll,106,419,0.00,0.00,None,N/A,
232.0904,cer,Scroll,Scroll,106,419,0.00,0.00,None,N/A,
232.0998,cer,Scroll,Scroll,106,419,0.00,0.00,None,N/A,
232.1104,cer,Scroll,Scroll,106,419,0.00,0.00,None,N/A,
232.1199,cer,Scroll,Scroll,106,419,0.00,0.00,None,N/A,
232.1303,cer,Scroll,Scroll,106,419,0.00,0.00,None,N/A,
232.1397,cer,Scroll,Scroll,106,419,0.00,0.00,None,N/A,
232.1503,cer,Scroll,Scroll,106,419,0.00,0.00,None,N/A,
232.1599,cer,Scroll,Scroll,106,419,0.00,0.00,None,N/A,
232.1694,cer,Scroll,Scroll,106,419,0.00,0.00,None,N/A,
232.1797,cer,Scroll,Scroll,106,419,0.00,0.00,None,N/A,
232.1909,cer,Scroll,Scroll,106,419,0.00,0.00,None,N/A,
232.1995,cer,Scroll,Scroll,106,419,0.00,0.00,None,N/A,
232.2099,cer,Scroll,Scroll,106,419,0.00,0.00,None,N/A,
232.2194,cer,Scroll,Scroll,107,416,332.69,35000.23,None,N/A,
232.2297,cer,Scroll,Scroll,108,412,403.27,6903.91,None,N/A,
232.2399,cer,Scroll,Scroll,109,405,690.08,27989.92,None,N/A,
232.2502,cer,Scroll,Scroll,110,401,401.08,-28112.58,None,N/A,
232.2598,cer,Scroll,Scroll,110,396,522.38,12672.64,None,N/A,
232.2695,cer,Scroll,Scroll,110,384,1234.41,73243.87,None,N/A,
232.2800,cer,Scroll,Scroll,109,372,1144.28,-8564.62,None,N/A,
232.2896,cer,Scroll,Scroll,106,330,4388.36,338095.99,None,N/A,
232.3004,cer,Scroll,Scroll,104,311,1773.34,-242728.63,None,N/A,
232.3102,cer,Scroll,Scroll,102,285,2659.16,90330.90,None,N/A,
232.3196,cer,Scroll,Scroll,102,275,1059.60,-169489.55,None,N/A,
232.3294,cer,Scroll,Scroll,101,263,1236.92,18215.40,None,N/A,
232.3402,cer,Scroll,Scroll,101,260,276.91,-88611.78,None,N/A,
232.3497,cer,Scroll,Scroll,101,255,525.44,26118.50,None,N/A,
232.3599,cer,Scroll,Scroll,101,253,196.16,-32296.21,None,N/A,
232.3700,cer,Scroll,Scroll,101,251,198.39,220.88,None,N/A,
232.3794,cer,Scroll,Scroll,102,249,236.11,3983.16,None,N/A,
232.3902,cer,Scroll,Scroll,102,248,93.36,-13327.33,None,N/A,
232.4000,cer,Scroll,Scroll,103,247,143.43,5077.50,None,N/A,
232.4097,cer,Scroll,Scroll,103,247,0.00,-14765.70,None,N/A,
232.4203,cer,Scroll,Scroll,103,246,94.71,8969.48,None,N/A,
232.4295,cer,Scroll,Scroll,103,246,0.00,-10307.52,None,N/A,
232.4402,cer,Scroll,Scroll,103,245,93.63,8767.20,None,N/A,
232.4501,cer,Scroll,Scroll,104,245,100.17,654.74,None,N/A,
232.4598,cer,Scroll,Scroll,104,245,0.00,-10407.28,None,N/A,
232.4696,cer,Scroll,Scroll,104,244,101.87,10377.04,None,N/A,
232.4800,cer,Scroll,Scroll,104,244,0.00,-9771.63,None,N/A,
232.4899,cer,Scroll,Scroll,104,244,0.00,0.00,None,N/A,
232.5003,cer,Scroll,Scroll,104,244,0.00,0.00,None,N/A,
232.5099,cer,Scroll,Scroll,104,244,0.00,0.00,None,N/A,
232.5204,cer,Scroll,Scroll,104,244,0.00,0.00,None,N/A,
232.5298,cer,Scroll,Scroll,104,244,0.00,0.00,None,N/A,
232.5403,cer,Scroll,Scroll,104,244,0.00,0.00,None,N/A,
232.5498,cer,Scroll,Scroll,104,244,0.00,0.00,None,N/A,
232.5603,cer,Scroll,Scroll,104,244,0.00,0.00,None,N/A,
232.5703,cer,Scroll,Scroll,104,244,0.00,0.00,None,N/A,
232.5803,cer,Scroll,Scroll,104,244,0.00,0.00,None,N/A,
232.5898,cer,Scroll,Scroll,104,245,105.99,11233.11,None,N/A,
232.5998,cer,Scroll,Scroll,104,245,0.00,-10534.60,None,N/A,
232.6095,cer,Scroll,Scroll,104,246,103.30,10669.91,None,N/A,
232.6202,cer,Scroll,Scroll,104,247,93.96,-877.27,None,N/A,
232.6299,cer,Scroll,Scroll,104,248,103.06,937.92,None,N/A,
232.6402,cer,Scroll,Scroll,104,249,96.37,-645.05,None,N/A,
232.6502,cer,Scroll,Scroll,104,250,100.57,422.68,None,N/A,
232.6598,cer,Scroll,Scroll,104,251,103.92,348.27,None,N/A,
232.6696,cer,Scroll,Scroll,104,252,102.05,-190.93,None,N/A,
232.6797,cer,Scroll,Scroll,105,253,140.35,3801.20,None,N/A,
232.6901,cer,Scroll,Scroll,105,254,95.99,-4257.93,None,N/A,
232.6996,cer,Scroll,Scroll,105,254,0.00,-10059.25,None,N/A,
232.7100,cer,Scroll,Scroll,105,255,96.90,9389.12,None,N/A,
232.7196,cer,Scroll,Scroll,105,255,0.00,-10069.81,None,N/A,
232.7303,cer,Scroll,Scroll,105,255,0.00,0.00,None,N/A,
232.7399,cer,Scroll,Scroll,105,256,103.65,10743.34,None,N/A,
232.7499,cer,Scroll,Scroll,105,256,0.00,-10346.27,None,N/A,
232.7598,cer,Scroll,Scroll,105,256,0.00,0.00,None,N/A,
232.7703,cer,Scroll,Scroll,105,257,94.77,8981.24,None,N/A,
232.7796,cer,Scroll,Scroll,106,257,107.61,1381.41,None,N/A,
232.7895,cer,Scroll,Scroll,106,258,100.67,-698.59,None,N/A,
232.8001,cer,Scroll,Scroll,107,259,134.08,3168.38,None,N/A,
232.8094,cer,Scroll,Scroll,107,260,107.62,-2848.30,None,N/A,
232.8197,cer,Scroll,Scroll,107,261,96.62,-1062.76,None,N/A,
232.8302,cer,Scroll,Scroll,107,262,95.51,-105.91,None,N/A,
232.8401,cer,Scroll,Scroll,107,262,0.00,-9640.38,None,N/A,
232.8497,cer,Scroll,Scroll,107,262,0.00,0.00,None,N/A,
232.8604,cer,Scroll,Scroll,107,262,0.00,0.00,None,N/A,
232.8699,cer,Scroll,Scroll,107,262,0.00,0.00,None,N/A,
232.8803,cer,Scroll,Scroll,107,262,0.00,0.00,None,N/A,
232.8898,cer,Scroll,Scroll,107,262,0.00,0.00,None,N/A,
232.9002,cer,Scroll,Scroll,107,262,0.00,0.00,None,N/A,
232.9097,cer,Scroll,Scroll,107,262,0.00,0.00,None,N/A,
232.9201,cer,Scroll,Scroll,107,262,0.00,0.00,None,N/A,
232.9295,cer,Scroll,Scroll,107,262,0.00,0.00,None,N/A,
232.9400,cer,Scroll,Scroll,107,262,0.00,0.00,None,N/A,
232.9499,cer,Scroll,Scroll,107,262,0.00,0.00,None,N/A,
232.9595,cer,Scroll,Scroll,107,262,0.00,0.00,None,N/A,
232.9703,cer,Scroll,Scroll,107,262,0.00,0.00,None,N/A,
232.9799,cer,Scroll,Scroll,107,262,0.00,0.00,None,N/A,
232.9895,cer,Scroll,Scroll,107,262,0.00,0.00,None,N/A,
233.0000,cer,Scroll,Scroll,107,262,0.00,0.00,None,N/A,
233.0095,cer,Scroll,Scroll,107,262,0.00,0.00,None,N/A,
233.0200,cer,Scroll,Scroll,107,262,0.00,0.00,None,N/A,
233.0295,cer,Scroll,Scroll,107,262,0.00,0.00,None,N/A,
233.0399,cer,Scroll,Scroll,107,262,0.00,0.00,None,N/A,
233.0503,cer,Scroll,Scroll,107,262,0.00,0.00,None,N/A,
233.0601,cer,Scroll,Scroll,107,262,0.00,0.00,Left,N/A,
233.0697,cer,Scroll,Scroll,107,262,0.00,0.00,Left,N/A,
233.0801,cer,Scroll,Scroll,107,262,0.00,0.00,Left,N/A,
233.0896,cer,Scroll,Scroll,107,262,0.00,0.00,Left,N/A,
233.1001,cer,Scroll,Scroll,107,262,0.00,0.00,Left,N/A,
233.1096,cer,Scroll,Scroll,107,262,0.00,0.00,Left,N/A,
233.1200,cer,Scroll,Scroll,107,262,0.00,0.00,Left,N/A,
233.1294,cer,Scroll,Scroll,107,262,0.00,0.00,Left,N/A,
233.1399,cer,Scroll,Scroll,107,262,0.00,0.00,Left,N/A,
233.1495,cer,Scroll,Scroll,107,262,0.00,0.00,Left,N/A,
233.1601,cer,Scroll,Scroll,107,262,0.00,0.00,Left,N/A,
233.1695,cer,Scroll,Scroll,107,262,0.00,0.00,Left,N/A,
233.1799,cer,Scroll,Scroll,107,262,0.00,0.00,Left,N/A,
233.1894,cer,Scroll,Scroll,107,262,0.00,0.00,Left,N/A,
233.1998,cer,Scroll,Scroll,107,262,0.00,0.00,Left,N/A,
233.2103,cer,Scroll,Scroll,107,262,0.00,0.00,Left,N/A,
233.2199,cer,Scroll,Scroll,107,262,0.00,0.00,Left,N/A,
233.2294,cer,Scroll,Scroll,107,262,0.00,0.00,Left,N/A,
233.2372,cer,Scroll,Scroll,107,262,0.00,0.00,None,N/A,scroll_item_selected_correct
233.2407,cer,Scroll,Scroll,107,262,0.00,0.00,None,N/A,
233.2498,cer,Scroll,Scroll,107,262,0.00,0.00,None,N/A,
233.2602,cer,Scroll,Scroll,107,262,0.00,0.00,None,N/A,
233.2697,cer,Scroll,Scroll,107,262,0.00,0.00,None,N/A,
233.2799,cer,Scroll,Scroll,107,262,0.00,0.00,None,N/A,
233.2894,cer,Scroll,Scroll,107,262,0.00,0.00,None,N/A,
233.2998,cer,Scroll,Scroll,107,262,0.00,0.00,None,N/A,
233.3104,cer,Scroll,Scroll,107,262,0.00,0.00,None,N/A,
233.3199,cer,Scroll,Scroll,107,262,0.00,0.00,None,N/A,
233.3294,cer,Scroll,Scroll,107,262,0.00,0.00,None,N/A,
233.3399,cer,Scroll,Scroll,107,262,0.00,0.00,None,N/A,
233.3495,cer,Scroll,Scroll,107,262,0.00,0.00,None,N/A,
233.3600,cer,Scroll,Scroll,107,262,0.00,0.00,None,N/A,
233.3694,cer,Scroll,Scroll,107,262,0.00,0.00,None,N/A,
233.3798,cer,Scroll,Scroll,107,262,0.00,0.00,None,N/A,
233.3902,cer,Scroll,Scroll,107,262,0.00,0.00,None,N/A,
233.3997,cer,Scroll,Scroll,107,262,0.00,0.00,None,N/A,
233.4101,cer,Scroll,Scroll,107,262,0.00,0.00,None,N/A,
233.4196,cer,Scroll,Scroll,107,262,0.00,0.00,None,N/A,
233.4300,cer,Scroll,Scroll,107,262,0.00,0.00,None,N/A,
233.4395,cer,Scroll,Scroll,107,262,0.00,0.00,None,N/A,
233.4501,cer,Scroll,Scroll,107,262,0.00,0.00,None,N/A,
233.4596,cer,Scroll,Scroll,107,262,0.00,0.00,None,N/A,
233.4701,cer,Scroll,Scroll,107,262,0.00,0.00,None,N/A,
233.4797,cer,Scroll,Scroll,107,262,0.00,0.00,None,N/A,
233.4902,cer,Scroll,Scroll,107,262,0.00,0.00,None,N/A,
233.4998,cer,Scroll,Scroll,107,262,0.00,0.00,None,N/A,
233.5104,cer,Scroll,Scroll,107,262,0.00,0.00,None,N/A,
233.5198,cer,Scroll,Scroll,107,262,0.00,0.00,None,N/A,
233.5302,cer,Scroll,Scroll,107,262,0.00,0.00,None,N/A,
233.5396,cer,Scroll,Scroll,107,262,0.00,0.00,None,N/A,
233.5501,cer,Scroll,Scroll,107,262,0.00,0.00,None,N/A,
233.5596,cer,Scroll,Scroll,107,262,0.00,0.00,None,N/A,
233.5701,cer,Scroll,Scroll,107,262,0.00,0.00,None,N/A,
233.5795,cer,Scroll,Scroll,107,262,0.00,0.00,None,N/A,
233.5902,cer,Scroll,Scroll,107,262,0.00,0.00,None,N/A,
233.5999,cer,Scroll,Scroll,107,262,0.00,0.00,None,N/A,
233.6094,cer,Scroll,Scroll,107,262,0.00,0.00,None,N/A,
233.6200,cer,Scroll,Scroll,107,262,0.00,0.00,None,N/A,
233.6295,cer,Scroll,Scroll,107,262,0.00,0.00,None,N/A,
233.6399,cer,Scroll,Scroll,107,262,0.00,0.00,None,N/A,
233.6504,cer,Scroll,Scroll,107,262,0.00,0.00,None,N/A,
233.6600,cer,Scroll,Scroll,107,262,0.00,0.00,None,N/A,
233.6707,cer,Scroll,Scroll,107,262,0.00,0.00,None,N/A,
233.6803,cer,Scroll,Scroll,107,262,0.00,0.00,None,N/A,
233.6899,cer,Scroll,Scroll,107,262,0.00,0.00,None,N/A,
233.7004,cer,Scroll,Scroll,107,262,0.00,0.00,None,N/A,
233.7099,cer,Scroll,Scroll,111,263,432.53,45374.85,None,N/A,
233.7203,cer,Scroll,Scroll,114,264,303.81,-12366.73,None,N/A,
233.7296,cer,Scroll,Scroll,122,264,863.18,60354.49,None,N/A,
233.7399,cer,Scroll,Scroll,127,264,486.34,-36654.54,None,N/A,
233.7502,cer,Scroll,Scroll,135,262,796.90,30012.07,None,N/A,
233.7599,cer,Scroll,Scroll,139,260,462.44,-34584.89,None,N/A,
233.7697,cer,Scroll,Scroll,143,258,455.03,-754.46,None,N/A,
233.7796,cer,Scroll,Scroll,150,255,772.44,32194.78,None,N/A,
233.7902,cer,Scroll,Scroll,154,252,470.20,-28422.91,None,N/A,
233.7999,cer,Scroll,Scroll,159,248,662.90,19949.20,None,N/A,
233.8094,cer,Scroll,Scroll,162,246,378.52,-29854.63,None,N/A,
233.8195,cer,Scroll,Scroll,165,243,421.65,4286.14,None,N/A,
233.8298,cer,Scroll,Scroll,167,241,274.28,-14290.79,None,N/A,
233.8400,cer,Scroll,Scroll,169,239,276.79,244.86,None,N/A,
233.8501,cer,Scroll,Scroll,169,238,98.59,-17568.04,None,N/A,
233.8596,cer,Scroll,Scroll,170,236,235.26,14378.99,None,N/A,
233.8698,cer,Scroll,Scroll,169,235,139.57,-9443.38,None,N/A,
233.8800,cer,Scroll,Scroll,165,232,488.10,34022.65,None,N/A,
233.8904,cer,Scroll,Scroll,162,231,303.69,-17709.27,None,N/A,
233.9004,cer,Scroll,Scroll,158,230,412.64,10902.70,None,N/A,
233.9105,cer,Scroll,Scroll,144,229,1391.56,97054.68,None,N/A,
233.9199,cer,Scroll,Scroll,135,229,962.68,-45874.51,None,N/A,
233.9295,cer,Scroll,Scroll,115,234,2145.87,123157.73,None,N/A,
233.9402,cer,Scroll,Scroll,105,239,1038.58,-102859.83,None,N/A,
233.9500,cer,Scroll,Scroll,90,250,1895.26,87288.13,None,N/A,
233.9600,cer,Scroll,Scroll,83,255,865.23,-103601.76,None,N/A,
233.9697,cer,Scroll,Scroll,71,265,1610.79,76882.26,None,N/A,
233.9794,cer,Scroll,Scroll,66,270,725.92,-90840.91,None,N/A,
233.9901,cer,Scroll,Scroll,56,286,1772.29,98286.40,None,N/A,
234.0001,cer,Scroll,Scroll,54,294,823.39,-94748.05,None,N/A,
234.0100,cer,Scroll,Scroll,54,302,810.38,-1317.78,None,N/A,
234.0203,cer,Scroll,Scroll,55,319,1640.18,79921.85,None,N/A,
234.0295,cer,Scroll,Scroll,56,326,771.79,-94782.29,None,N/A,
234.0400,cer,Scroll,Scroll,56,326,0.00,-73671.07,None,N/A,
234.0495,cer,Scroll,Scroll,56,326,0.00,0.00,None,N/A,
234.0600,cer,Scroll,Scroll,56,326,0.00,0.00,None,N/A,
234.0695,cer,Scroll,Scroll,56,326,0.00,0.00,None,N/A,
234.0798,cer,Scroll,Scroll,56,326,0.00,0.00,None,N/A,
234.0903,cer,Scroll,Scroll,56,326,0.00,0.00,None,N/A,
234.0999,cer,Scroll,Scroll,56,326,0.00,0.00,None,N/A,
234.1095,cer,Scroll,Scroll,56,326,0.00,0.00,None,N/A,
234.1199,cer,Scroll,Scroll,56,326,0.00,0.00,None,N/A,
234.1303,cer,Scroll,Scroll,56,326,0.00,0.00,None,N/A,
234.1399,cer,Scroll,Scroll,56,326,0.00,0.00,None,N/A,
234.1495,cer,Scroll,Scroll,56,326,0.00,0.00,None,N/A,
234.1600,cer,Scroll,Scroll,56,326,0.00,0.00,None,N/A,
234.1695,cer,Scroll,Scroll,56,326,0.00,0.00,None,N/A,
234.1800,cer,Scroll,Scroll,56,326,0.00,0.00,None,N/A,
234.1895,cer,Scroll,Scroll,56,326,0.00,0.00,None,N/A,
234.2001,cer,Scroll,Scroll,56,326,0.00,0.00,None,N/A,
234.2096,cer,Scroll,Scroll,56,326,0.00,0.00,None,N/A,
234.2201,cer,Scroll,Scroll,56,326,0.00,0.00,None,N/A,
234.2297,cer,Scroll,Scroll,56,326,0.00,0.00,None,N/A,
234.2402,cer,Scroll,Scroll,56,326,0.00,0.00,None,N/A,
234.2501,cer,Scroll,Scroll,64,336,1287.93,129528.54,None,N/A,
234.2598,cer,Scroll,Scroll,87,373,4487.68,329600.98,None,N/A,
234.2696,cer,Scroll,Scroll,93,383,1194.47,-337306.67,None,N/A,
234.2794,cer,Scroll,Scroll,102,398,1777.17,59198.44,None,N/A,
234.2901,cer,Scroll,Scroll,106,406,835.52,-87963.06,None,N/A,
234.2998,cer,Scroll,Scroll,112,423,1857.15,105244.16,None,N/A,
234.3104,cer,Scroll,Scroll,116,432,934.24,-87545.19,None,N/A,
234.3205,cer,Scroll,Scroll,124,453,2215.69,126346.72,None,N/A,
234.3295,cer,Scroll,Scroll,128,463,1199.24,-113177.85,None,N/A,
234.3400,cer,Scroll,Scroll,134,478,1537.40,32180.94,None,N/A,
234.3500,cer,Scroll,Scroll,137,484,672.26,-86700.11,None,N/A,
234.3601,cer,Scroll,Scroll,139,490,625.12,-4659.37,None,N/A,
234.3703,cer,Scroll,Scroll,143,497,786.96,15796.64,None,N/A,
234.3798,cer,Scroll,Scroll,143,497,0.00,-83552.43,None,N/A,
234.3903,cer,Scroll,Scroll,143,497,0.00,0.00,None,N/A,
234.3998,cer,Scroll,Scroll,143,497,0.00,0.00,None,N/A,
234.4103,cer,Scroll,Scroll,143,497,0.00,0.00,None,N/A,
234.4198,cer,Scroll,Scroll,143,497,0.00,0.00,None,N/A,
234.4303,cer,Scroll,Scroll,143,497,0.00,0.00,None,N/A,
234.4399,cer,Scroll,Scroll,143,497,0.00,0.00,None,N/A,
234.4495,cer,Scroll,Scroll,143,497,0.00,0.00,None,N/A,
234.4601,cer,Scroll,Scroll,143,497,0.00,0.00,None,N/A,
234.4695,cer,Scroll,Scroll,143,497,0.00,0.00,None,N/A,
234.4801,cer,Scroll,Scroll,143,497,0.00,0.00,None,N/A,
234.4895,cer,Scroll,Scroll,143,497,0.00,0.00,None,N/A,
234.5000,cer,Scroll,Scroll,143,497,0.00,0.00,None,N/A,
234.5095,cer,Scroll,Scroll,143,497,0.00,0.00,None,N/A,
234.5199,cer,Scroll,Scroll,143,497,0.00,0.00,None,N/A,
234.5302,cer,Scroll,Scroll,143,497,0.00,0.00,None,N/A,
234.5398,cer,Scroll,Scroll,143,497,0.00,0.00,None,N/A,
234.5495,cer,Scroll,Scroll,143,497,0.00,0.00,None,N/A,
234.5600,cer,Scroll,Scroll,143,497,0.00,0.00,None,N/A,
234.5695,cer,Scroll,Scroll,143,497,0.00,0.00,None,N/A,
234.5800,cer,Scroll,Scroll,143,497,0.00,0.00,None,N/A,
234.5895,cer,Scroll,Scroll,143,497,0.00,0.00,None,N/A,
234.6001,cer,Scroll,Scroll,143,497,0.00,0.00,None,N/A,
234.6099,cer,Scroll,Scroll,143,497,0.00,0.00,None,N/A,
234.6195,cer,Scroll,Scroll,143,497,0.00,0.00,None,N/A,
234.6300,cer,Scroll,Scroll,143,497,0.00,0.00,None,N/A,
234.6404,cer,Scroll,Scroll,143,497,0.00,0.00,None,N/A,
234.6499,cer,Scroll,Scroll,143,497,0.00,0.00,None,N/A,
234.6603,cer,Scroll,Scroll,143,497,0.00,0.00,None,N/A,
234.6697,cer,Scroll,Scroll,143,497,0.00,0.00,None,N/A,
234.6801,cer,Scroll,Scroll,143,497,0.00,0.00,None,N/A,
234.6897,cer,Scroll,Scroll,143,497,0.00,0.00,None,N/A,
234.7001,cer,Scroll,Scroll,143,497,0.00,0.00,None,N/A,
234.7121,cer,Scroll,Scroll,143,497,0.00,0.00,None,N/A,
234.7204,cer,Scroll,Scroll,143,497,0.00,0.00,None,N/A,
234.7308,cer,Scroll,Scroll,143,497,0.00,0.00,None,N/A,
234.7399,cer,Scroll,Scroll,143,497,0.00,0.00,None,N/A,
234.7523,cer,Scroll,Scroll,143,497,0.00,0.00,None,N/A,
234.7606,cer,Scroll,Scroll,143,497,0.00,0.00,None,N/A,
234.7698,cer,Scroll,Scroll,143,497,0.00,0.00,None,N/A,
234.7799,cer,Scroll,Scroll,143,497,0.00,0.00,None,N/A,
234.7902,cer,Scroll,Scroll,143,497,0.00,0.00,None,N/A,
234.7994,cer,Scroll,Scroll,143,497,0.00,0.00,None,N/A,
234.8102,cer,Scroll,Scroll,143,497,0.00,0.00,None,N/A,
234.8197,cer,Scroll,Scroll,143,497,0.00,0.00,None,N/A,
234.8302,cer,Scroll,Scroll,143,497,0.00,0.00,None,N/A,
234.8398,cer,Scroll,Scroll,143,497,0.00,0.00,None,N/A,
234.8504,cer,Scroll,Scroll,143,497,0.00,0.00,None,N/A,
234.8598,cer,Scroll,Scroll,143,497,0.00,0.00,None,N/A,
234.8695,cer,Scroll,Scroll,143,497,0.00,0.00,None,N/A,
234.8799,cer,Scroll,Scroll,143,497,0.00,0.00,None,N/A,
234.8903,cer,Scroll,Scroll,143,497,0.00,0.00,None,N/A,
234.8999,cer,Scroll,Scroll,143,497,0.00,0.00,None,N/A,
234.9094,cer,Scroll,Scroll,143,497,0.00,0.00,None,N/A,
234.9199,cer,Scroll,Scroll,143,497,0.00,0.00,None,N/A,
234.9304,cer,Scroll,Scroll,143,497,0.00,0.00,None,N/A,
234.9400,cer,Scroll,Scroll,143,497,0.00,0.00,None,N/A,
234.9495,cer,Scroll,Scroll,143,497,0.00,0.00,None,N/A,
234.9599,cer,Scroll,Scroll,143,497,0.00,0.00,None,N/A,
234.9694,cer,Scroll,Scroll,143,497,0.00,0.00,None,N/A,
234.9799,cer,Scroll,Scroll,143,497,0.00,0.00,None,N/A,
234.9904,cer,Scroll,Scroll,143,497,0.00,0.00,None,N/A,
234.9999,cer,Scroll,Scroll,143,497,0.00,0.00,None,N/A,
235.0104,cer,Scroll,Scroll,143,497,0.00,0.00,None,N/A,
235.0198,cer,Scroll,Scroll,143,497,0.00,0.00,None,N/A,
235.0302,cer,Scroll,Scroll,143,497,0.00,0.00,None,N/A,
235.0397,cer,Scroll,Scroll,143,497,0.00,0.00,None,N/A,
235.0503,cer,Scroll,Scroll,143,497,0.00,0.00,None,N/A,
235.0597,cer,Scroll,Scroll,143,497,0.00,0.00,None,N/A,
235.0702,cer,Scroll,Scroll,143,497,0.00,0.00,None,N/A,
235.0797,cer,Scroll,Scroll,143,497,0.00,0.00,None,N/A,
235.0902,cer,Scroll,Scroll,143,497,0.00,0.00,None,N/A,
235.0998,cer,Scroll,Scroll,143,497,0.00,0.00,None,N/A,
235.1102,cer,Scroll,Scroll,143,497,0.00,0.00,None,N/A,
235.1197,cer,Scroll,Scroll,143,497,0.00,0.00,None,N/A,
235.1301,cer,Scroll,Scroll,143,497,0.00,0.00,None,N/A,
235.1395,cer,Scroll,Scroll,143,497,0.00,0.00,None,N/A,
235.1501,cer,Scroll,Scroll,143,497,0.00,0.00,None,N/A,
235.1597,cer,Scroll,Scroll,143,497,0.00,0.00,None,N/A,
235.1702,cer,Scroll,Scroll,143,497,0.00,0.00,None,N/A,
235.1797,cer,Scroll,Scroll,143,497,0.00,0.00,None,N/A,
235.1902,cer,Scroll,Scroll,143,497,0.00,0.00,None,N/A,
235.1998,cer,Scroll,Scroll,143,497,0.00,0.00,None,N/A,
235.2103,cer,Scroll,Scroll,143,497,0.00,0.00,None,N/A,
235.2198,cer,Scroll,Scroll,143,497,0.00,0.00,None,N/A,
235.2297,cer,Scroll,Scroll,143,497,0.00,0.00,None,N/A,
235.2418,cer,Scroll,Scroll,143,497,0.00,0.00,None,N/A,
235.2501,cer,Scroll,Scroll,143,497,0.00,0.00,None,N/A,
235.2613,cer,Scroll,Scroll,143,497,0.00,0.00,None,N/A,
235.2696,cer,Scroll,Scroll,143,497,0.00,0.00,None,N/A,
235.2818,cer,Scroll,Scroll,143,497,0.00,0.00,None,N/A,
235.2895,cer,Scroll,Scroll,143,497,0.00,0.00,None,N/A,
235.3006,cer,Scroll,Scroll,143,497,0.00,0.00,None,N/A,
235.3096,cer,Scroll,Scroll,143,497,0.00,0.00,None,N/A,
235.3200,cer,Scroll,Scroll,143,497,0.00,0.00,None,N/A,
235.3294,cer,Scroll,Scroll,143,497,0.00,0.00,None,N/A,
235.3400,cer,Scroll,Scroll,143,497,0.00,0.00,None,N/A,
235.3498,cer,Scroll,Scroll,143,497,0.00,0.00,None,N/A,
235.3602,cer,Scroll,Scroll,143,497,0.00,0.00,None,N/A,
235.3697,cer,Scroll,Scroll,143,497,0.00,0.00,None,N/A,
235.3802,cer,Scroll,Scroll,143,497,0.00,0.00,None,N/A,
235.3897,cer,Scroll,Scroll,143,497,0.00,0.00,None,N/A,
235.4002,cer,Scroll,Scroll,143,497,0.00,0.00,None,N/A,
235.4097,cer,Scroll,Scroll,143,497,0.00,0.00,None,N/A,
235.4202,cer,Scroll,Scroll,143,497,0.00,0.00,None,N/A,
235.4297,cer,Scroll,Scroll,143,497,0.00,0.00,None,N/A,
235.4402,cer,Scroll,Scroll,143,497,0.00,0.00,None,N/A,
235.4497,cer,Scroll,Scroll,143,497,0.00,0.00,None,N/A,
235.4602,cer,Scroll,Scroll,143,497,0.00,0.00,None,N/A,
235.4697,cer,Scroll,Scroll,143,497,0.00,0.00,None,N/A,
235.4801,cer,Scroll,Scroll,143,497,0.00,0.00,None,N/A,
235.4896,cer,Scroll,Scroll,143,497,0.00,0.00,None,N/A,
235.5003,cer,Scroll,Scroll,143,497,0.00,0.00,None,N/A,
235.5098,cer,Scroll,Scroll,143,497,0.00,0.00,None,N/A,
235.5203,cer,Scroll,Scroll,143,497,0.00,0.00,None,N/A,
235.5298,cer,Scroll,Scroll,143,497,0.00,0.00,None,N/A,
235.5403,cer,Scroll,Scroll,143,497,0.00,0.00,None,N/A,
235.5499,cer,Scroll,Scroll,143,497,0.00,0.00,None,N/A,
235.5604,cer,Scroll,Scroll,143,497,0.00,0.00,None,N/A,
235.5702,cer,Scroll,Scroll,143,497,0.00,0.00,None,N/A,
235.5798,cer,Scroll,Scroll,143,497,0.00,0.00,None,N/A,
235.5904,cer,Scroll,Scroll,143,497,0.00,0.00,None,N/A,
235.6000,cer,Scroll,Scroll,143,497,0.00,0.00,None,N/A,
235.6103,cer,Scroll,Scroll,143,497,0.00,0.00,None,N/A,
235.6198,cer,Scroll,Scroll,143,497,0.00,0.00,None,N/A,
235.6302,cer,Scroll,Scroll,143,497,0.00,0.00,None,N/A,
235.6397,cer,Scroll,Scroll,143,497,0.00,0.00,None,N/A,
235.6525,cer,Scroll,Scroll,143,497,0.00,0.00,None,N/A,
235.6601,cer,Scroll,Scroll,143,497,0.00,0.00,None,N/A,
235.6741,cer,Scroll,Scroll,143,497,0.00,0.00,None,N/A,
235.6802,cer,Scroll,Scroll,143,497,0.00,0.00,None,N/A,
235.6894,cer,Scroll,Scroll,143,497,0.00,0.00,None,N/A,
235.6997,cer,Scroll,Scroll,143,497,0.00,0.00,None,N/A,
235.7101,cer,Scroll,Scroll,143,497,0.00,0.00,None,N/A,
235.7199,cer,Scroll,Scroll,143,497,0.00,0.00,None,N/A,
235.7298,cer,Scroll,Scroll,143,497,0.00,0.00,None,N/A,
235.7396,cer,Scroll,Scroll,143,497,0.00,0.00,None,N/A,
235.7501,cer,Scroll,Scroll,143,497,0.00,0.00,None,N/A,
235.7602,cer,Scroll,Scroll,143,497,0.00,0.00,None,N/A,
235.7697,cer,Scroll,Scroll,143,497,0.00,0.00,None,N/A,
235.7801,cer,Scroll,Scroll,143,497,0.00,0.00,None,N/A,
235.7898,cer,Scroll,Scroll,143,497,0.00,0.00,None,N/A,
235.8003,cer,Scroll,Scroll,143,497,0.00,0.00,None,N/A,
235.8100,cer,Scroll,Scroll,143,497,0.00,0.00,None,N/A,
235.8198,cer,Scroll,Scroll,143,497,0.00,0.00,None,N/A,
235.8308,cer,Scroll,Scroll,143,497,0.00,0.00,None,N/A,
235.8395,cer,Scroll,Scroll,143,497,0.00,0.00,None,N/A,
235.8501,cer,Scroll,Scroll,143,497,0.00,0.00,None,N/A,
235.8596,cer,Scroll,Scroll,143,497,0.00,0.00,None,N/A,
235.8700,cer,Scroll,Scroll,143,497,0.00,0.00,None,N/A,
235.8795,cer,Scroll,Scroll,143,497,0.00,0.00,None,N/A,
235.8900,cer,Scroll,Scroll,143,497,0.00,0.00,None,N/A,
235.8996,cer,Scroll,Scroll,143,497,0.00,0.00,None,N/A,
235.9101,cer,Scroll,Scroll,143,497,0.00,0.00,None,N/A,
235.9195,cer,Scroll,Scroll,143,497,0.00,0.00,None,N/A,
235.9300,cer,Scroll,Scroll,143,497,0.00,0.00,None,N/A,
235.9395,cer,Scroll,Scroll,143,497,0.00,0.00,None,N/A,
235.9500,cer,Scroll,Scroll,143,497,0.00,0.00,None,N/A,
235.9594,cer,Scroll,Scroll,143,497,0.00,0.00,None,N/A,
235.9700,cer,Scroll,Scroll,143,497,0.00,0.00,None,N/A,
235.9797,cer,Scroll,Scroll,143,497,0.00,0.00,None,N/A,
235.9902,cer,Scroll,Scroll,143,497,0.00,0.00,None,N/A,
235.9998,cer,Scroll,Scroll,143,497,0.00,0.00,None,N/A,
236.0098,cer,Scroll,Scroll,137,499,635.11,63776.76,None,N/A,
236.0195,cer,Scroll,Scroll,132,499,513.92,-12456.01,None,N/A,
236.0302,cer,Scroll,Scroll,117,500,1402.83,82947.91,None,N/A,
236.0399,cer,Scroll,Scroll,105,499,1239.78,-16787.00,None,N/A,
236.0497,cer,Scroll,Scroll,82,494,2403.52,118836.38,None,N/A,
236.0600,cer,Scroll,Scroll,71,490,1135.23,-123010.53,None,N/A,
236.0702,cer,Scroll,Scroll,52,481,2059.47,90537.07,None,N/A,
236.0803,cer,Scroll,Scroll,46,478,666.14,-138360.10,None,N/A,
236.0898,cer,Scroll,Scroll,38,473,994.05,34551.42,None,N/A,
236.0998,cer,Scroll,Scroll,36,471,282.22,-71026.46,None,N/A,
236.1099,cer,Scroll,Scroll,34,469,281.90,-32.75,None,N/A,
236.1201,cer,Scroll,Scroll,31,467,352.27,6875.28,None,N/A,
236.1298,cer,Scroll,Scroll,30,466,146.25,-21305.20,None,N/A,
236.1399,cer,Scroll,Scroll,28,464,278.30,12993.12,None,N/A,
236.1497,cer,Scroll,Scroll,28,464,0.00,-28480.30,None,N/A,
236.1598,cer,Scroll,Scroll,27,463,140.31,13920.91,None,N/A,
236.1694,cer,Scroll,Scroll,27,462,103.41,-3815.59,None,N/A,
236.1800,cer,Scroll,Scroll,27,462,0.00,-9803.67,None,N/A,
236.1896,cer,Scroll,Scroll,27,462,0.00,0.00,None,N/A,
236.1994,cer,Scroll,Scroll,27,462,0.00,0.00,None,N/A,
236.2101,cer,Scroll,Scroll,28,463,132.43,12401.46,None,N/A,
236.2195,cer,Scroll,Scroll,30,464,237.86,11215.44,None,N/A,
236.2302,cer,Scroll,Scroll,35,470,729.02,45845.36,None,N/A,
236.2400,cer,Scroll,Scroll,39,474,573.30,-15781.77,None,N/A,
236.2500,cer,Scroll,Scroll,46,482,1066.91,49541.58,None,N/A,
236.2597,cer,Scroll,Scroll,49,485,438.82,-64963.52,None,N/A,
236.2702,cer,Scroll,Scroll,56,493,1010.91,54404.68,None,N/A,
236.2795,cer,Scroll,Scroll,60,496,536.60,-50902.61,None,N/A,
236.2900,cer,Scroll,Scroll,65,502,744.45,19810.76,None,N/A,
236.2999,cer,Scroll,Scroll,68,505,428.65,-31906.00,None,N/A,
236.3094,cer,Scroll,Scroll,72,511,762.12,35243.82,None,N/A,
236.3194,cer,Scroll,Scroll,74,513,281.06,-47802.99,None,N/A,
236.3296,cer,Scroll,Scroll,75,514,138.98,-13962.78,None,N/A,
236.3398,cer,Scroll,Scroll,77,516,276.01,13372.04,None,N/A,
236.3499,cer,Scroll,Scroll,77,517,98.95,-17520.33,None,N/A,
236.3598,cer,Scroll,Scroll,79,519,288.37,19312.26,None,N/A,
236.3703,cer,Scroll,Scroll,79,519,0.00,-27460.88,None,N/A,
236.3802,cer,Scroll,Scroll,80,520,142.94,14447.09,None,N/A,
236.3900,cer,Scroll,Scroll,80,520,0.00,-14553.36,None,N/A,
236.3994,cer,Scroll,Scroll,81,520,105.78,11190.09,None,N/A,
236.4099,cer,Scroll,Scroll,81,520,0.00,-10093.89,None,N/A,
236.4199,cer,Scroll,Scroll,81,519,99.60,9919.92,None,N/A,
236.4302,cer,Scroll,Scroll,81,517,194.96,9296.03,None,N/A,
236.4398,cer,Scroll,Scroll,81,515,208.98,1465.21,None,N/A,
236.4498,cer,Scroll,Scroll,81,513,199.87,-910.64,None,N/A,
236.4598,cer,Scroll,Scroll,81,511,199.83,-4.28,None,N/A,
236.4702,cer,Scroll,Scroll,81,507,383.67,17633.91,None,N/A,
236.4803,cer,Scroll,Scroll,81,504,296.38,-8623.72,None,N/A,
236.4899,cer,Scroll,Scroll,81,498,626.81,34519.34,None,N/A,
236.4998,cer,Scroll,Scroll,81,495,302.01,-32697.68,None,N/A,
236.5097,cer,Scroll,Scroll,81,489,609.14,31180.25,None,N/A,
236.5194,cer,Scroll,Scroll,82,486,324.32,-29210.34,None,N/A,
236.5301,cer,Scroll,Scroll,82,481,469.47,13627.86,None,N/A,
236.5400,cer,Scroll,Scroll,82,479,201.20,-26987.71,None,N/A,
236.5494,cer,Scroll,Scroll,83,476,335.91,14309.55,None,N/A,
236.5597,cer,Scroll,Scroll,83,475,97.74,-23279.38,None,N/A,
236.5694,cer,Scroll,Scroll,83,474,103.10,552.66,None,N/A,
236.5802,cer,Scroll,Scroll,83,472,184.59,7521.20,None,N/A,
236.5901,cer,Scroll,Scroll,84,472,101.16,-8440.00,None,N/A,
236.5997,cer,Scroll,Scroll,84,470,209.27,11312.15,None,N/A,
236.6094,cer,Scroll,Scroll,84,470,0.00,-21445.01,None,N/A,
236.6197,cer,Scroll,Scroll,84,470,0.00,0.00,None,N/A,
236.6302,cer,Scroll,Scroll,84,469,95.03,9030.55,None,N/A,
236.6400,cer,Scroll,Scroll,84,469,0.00,-9636.88,None,N/A,
236.6497,cer,Scroll,Scroll,84,468,102.98,10605.04,None,N/A,
236.6602,cer,Scroll,Scroll,84,468,0.00,-9806.40,None,N/A,
236.6696,cer,Scroll,Scroll,84,468,0.00,0.00,None,N/A,
236.6800,cer,Scroll,Scroll,84,468,0.00,0.00,None,N/A,
236.6899,cer,Scroll,Scroll,84,468,0.00,0.00,None,N/A,
236.6999,cer,Scroll,Scroll,84,469,99.80,9960.56,None,N/A,
236.7104,cer,Scroll,Scroll,84,469,0.00,-9507.64,None,N/A,
236.7194,cer,Scroll,Scroll,84,470,110.34,12175.90,None,N/A,
236.7299,cer,Scroll,Scroll,84,470,0.00,-10551.93,None,N/A,
236.7404,cer,Scroll,Scroll,84,470,0.00,0.00,None,N/A,
236.7499,cer,Scroll,Scroll,84,470,0.00,0.00,None,N/A,
236.7596,cer,Scroll,Scroll,84,470,0.00,0.00,None,N/A,
236.7705,cer,Scroll,Scroll,84,470,0.00,0.00,None,N/A,
236.7800,cer,Scroll,Scroll,84,470,0.00,0.00,None,N/A,
236.7898,cer,Scroll,Scroll,84,470,0.00,0.00,None,N/A,
236.8009,cer,Scroll,Scroll,84,470,0.00,0.00,None,N/A,
236.8095,cer,Scroll,Scroll,84,470,0.00,0.00,None,N/A,
236.8201,cer,Scroll,Scroll,84,470,0.00,0.00,None,N/A,
236.8297,cer,Scroll,Scroll,84,470,0.00,0.00,None,N/A,
236.8394,cer,Scroll,Scroll,84,470,0.00,0.00,None,N/A,
236.8500,cer,Scroll,Scroll,84,470,0.00,0.00,None,N/A,
236.8604,cer,Scroll,Scroll,84,470,0.00,0.00,None,N/A,
236.8699,cer,Scroll,Scroll,84,470,0.00,0.00,None,N/A,
236.8803,cer,Scroll,Scroll,84,470,0.00,0.00,None,N/A,
236.8897,cer,Scroll,Scroll,84,470,0.00,0.00,None,N/A,
236.9003,cer,Scroll,Scroll,84,470,0.00,0.00,None,N/A,
236.9098,cer,Scroll,Scroll,84,470,0.00,0.00,None,N/A,
236.9200,cer,Scroll,Scroll,85,474,402.41,39274.67,None,N/A,
236.9303,cer,Scroll,Scroll,86,476,218.00,-17978.59,None,N/A,
236.9401,cer,Scroll,Scroll,87,479,321.13,10472.73,None,N/A,
236.9497,cer,Scroll,Scroll,88,483,432.03,11620.04,None,N/A,
236.9595,cer,Scroll,Scroll,88,484,101.91,-33642.06,None,N/A,
236.9700,cer,Scroll,Scroll,89,487,300.16,18817.99,None,N/A,
236.9803,cer,Scroll,Scroll,89,488,97.77,-19788.26,None,N/A,
236.9897,cer,Scroll,Scroll,89,489,106.26,902.07,None,N/A,
236.9997,cer,Scroll,Scroll,89,490,99.47,-675.36,None,N/A,
237.0103,cer,Scroll,Scroll,89,491,94.22,-494.79,None,N/A,
237.0201,cer,Scroll,Scroll,89,491,0.00,-9629.32,None,N/A,
237.0298,cer,Scroll,Scroll,89,492,103.44,10699.40,None,N/A,
237.0394,cer,Scroll,Scroll,89,492,0.00,-10717.90,None,N/A,
237.0498,cer,Scroll,Scroll,88,492,96.77,9365.31,None,N/A,
237.0603,cer,Scroll,Scroll,88,492,0.00,-9185.58,None,N/A,
237.0697,cer,Scroll,Scroll,88,492,0.00,0.00,None,N/A,
237.0800,cer,Scroll,Scroll,88,492,0.00,0.00,None,N/A,
237.0895,cer,Scroll,Scroll,88,492,0.00,0.00,None,N/A,
237.1002,cer,Scroll,Scroll,88,492,0.00,0.00,None,N/A,
237.1097,cer,Scroll,Scroll,88,492,0.00,0.00,None,N/A,
237.1203,cer,Scroll,Scroll,88,492,0.00,0.00,None,N/A,
237.1299,cer,Scroll,Scroll,88,492,0.00,0.00,None,N/A,
237.1404,cer,Scroll,Scroll,88,492,0.00,0.00,None,N/A,
237.1500,cer,Scroll,Scroll,88,492,0.00,0.00,None,N/A,
237.1595,cer,Scroll,Scroll,88,492,0.00,0.00,None,N/A,
237.1700,cer,Scroll,Scroll,88,492,0.00,0.00,None,N/A,
237.1796,cer,Scroll,Scroll,88,492,0.00,0.00,None,N/A,
237.1901,cer,Scroll,Scroll,88,492,0.00,0.00,None,N/A,
237.2004,cer,Scroll,Scroll,88,492,0.00,0.00,None,N/A,
237.2100,cer,Scroll,Scroll,88,492,0.00,0.00,None,N/A,
237.2194,cer,Scroll,Scroll,88,492,0.00,0.00,None,N/A,
237.2299,cer,Scroll,Scroll,88,492,0.00,0.00,None,N/A,
237.2394,cer,Scroll,Scroll,88,492,0.00,0.00,None,N/A,
237.2501,cer,Scroll,Scroll,88,492,0.00,0.00,None,N/A,
237.2596,cer,Scroll,Scroll,88,492,0.00,0.00,None,N/A,
237.2702,cer,Scroll,Scroll,88,492,0.00,0.00,None,N/A,
237.2797,cer,Scroll,Scroll,88,492,0.00,0.00,None,N/A,
237.2901,cer,Scroll,Scroll,88,492,0.00,0.00,None,N/A,
237.2997,cer,Scroll,Scroll,88,492,0.00,0.00,None,N/A,
237.3101,cer,Scroll,Scroll,88,492,0.00,0.00,None,N/A,
237.3196,cer,Scroll,Scroll,88,492,0.00,0.00,None,N/A,
237.3301,cer,Scroll,Scroll,88,492,0.00,0.00,None,N/A,
237.3399,cer,Scroll,Scroll,88,492,0.00,0.00,None,N/A,
237.3503,cer,Scroll,Scroll,88,491,96.12,9239.95,None,N/A,
237.3603,cer,Scroll,Scroll,89,489,224.79,12934.84,None,N/A,
237.3700,cer,Scroll,Scroll,89,488,103.49,-12553.42,None,N/A,
237.3797,cer,Scroll,Scroll,89,487,102.63,-88.35,None,N/A,
237.3896,cer,Scroll,Scroll,89,486,100.61,-202.84,None,N/A,
237.3997,cer,Scroll,Scroll,90,486,99.92,-68.97,None,N/A,
237.4095,cer,Scroll,Scroll,90,485,101.24,133.56,None,N/A,
237.4201,cer,Scroll,Scroll,90,485,0.00,-9587.58,None,N/A,
237.4304,cer,Scroll,Scroll,90,484,97.44,9493.67,None,N/A,
237.4399,cer,Scroll,Scroll,90,484,0.00,-10210.98,None,N/A,
237.4494,cer,Scroll,Scroll,90,485,104.83,10990.17,None,N/A,
237.4596,cer,Scroll,Scroll,90,486,98.49,-624.80,None,N/A,
237.4700,cer,Scroll,Scroll,90,486,0.00,-9449.80,None,N/A,
237.4795,cer,Scroll,Scroll,90,486,0.00,0.00,None,N/A,
237.4900,cer,Scroll,Scroll,90,486,0.00,0.00,None,N/A,
237.4995,cer,Scroll,Scroll,90,486,0.00,0.00,None,N/A,
237.5101,cer,Scroll,Scroll,90,486,0.00,0.00,None,N/A,
237.5197,cer,Scroll,Scroll,90,486,0.00,0.00,None,N/A,
237.5302,cer,Scroll,Scroll,90,486,0.00,0.00,None,N/A,
237.5396,cer,Scroll,Scroll,90,486,0.00,0.00,None,N/A,
237.5503,cer,Scroll,Scroll,90,486,0.00,0.00,None,N/A,
237.5598,cer,Scroll,Scroll,90,486,0.00,0.00,None,N/A,
237.5703,cer,Scroll,Scroll,90,486,0.00,0.00,None,N/A,
237.5804,cer,Scroll,Scroll,90,486,0.00,0.00,None,N/A,
237.5899,cer,Scroll,Scroll,90,486,0.00,0.00,None,N/A,
237.5997,cer,Scroll,Scroll,90,486,0.00,0.00,None,N/A,
237.6103,cer,Scroll,Scroll,90,486,0.00,0.00,None,N/A,
237.6200,cer,Scroll,Scroll,90,486,0.00,0.00,None,N/A,
237.6296,cer,Scroll,Scroll,90,486,0.00,0.00,None,N/A,
237.6400,cer,Scroll,Scroll,90,486,0.00,0.00,None,N/A,
237.6494,cer,Scroll,Scroll,90,486,0.00,0.00,None,N/A,
237.6599,cer,Scroll,Scroll,90,486,0.00,0.00,None,N/A,
237.6704,cer,Scroll,Scroll,90,486,0.00,0.00,Left,N/A,
237.6799,cer,Scroll,Scroll,90,486,0.00,0.00,Left,N/A,
237.6895,cer,Scroll,Scroll,90,486,0.00,0.00,Left,N/A,
237.7000,cer,Scroll,Scroll,90,486,0.00,0.00,Left,N/A,
237.7095,cer,Scroll,Scroll,90,486,0.00,0.00,Left,N/A,
237.7202,cer,Scroll,Scroll,90,486,0.00,0.00,Left,N/A,
237.7302,cer,Scroll,Scroll,90,486,0.00,0.00,Left,N/A,
237.7399,cer,Scroll,Scroll,90,486,0.00,0.00,Left,N/A,
237.7509,cer,Scroll,Scroll,90,486,0.00,0.00,Left,N/A,
237.7595,cer,Scroll,Scroll,90,486,0.00,0.00,Left,N/A,
237.7702,cer,Scroll,Scroll,90,486,0.00,0.00,Left,N/A,
237.7799,cer,Scroll,Scroll,90,486,0.00,0.00,Left,N/A,
237.7894,cer,Scroll,Scroll,90,486,0.00,0.00,Left,N/A,
237.7999,cer,Scroll,Scroll,90,486,0.00,0.00,Left,N/A,
237.8104,cer,Scroll,Scroll,90,486,0.00,0.00,Left,N/A,
237.8190,cer,Scroll,Scroll,90,486,0.00,0.00,None,N/A,scroll_item_selected_correct
237.8268,cer,Scroll,Scroll,90,486,0.00,0.00,None,N/A,
237.8306,cer,Scroll,Scroll,90,486,0.00,0.00,Left,N/A,
237.8398,cer,Scroll,Scroll,90,486,0.00,0.00,Left,N/A,
237.8503,cer,Scroll,Scroll,90,486,0.00,0.00,Left,N/A,
237.8599,cer,Scroll,Scroll,90,486,0.00,0.00,Left,N/A,
237.8703,cer,Scroll,Scroll,90,486,0.00,0.00,Left,N/A,
237.8798,cer,Scroll,Scroll,90,486,0.00,0.00,Left,N/A,
237.8903,cer,Scroll,Scroll,90,486,0.00,0.00,Left,N/A,
237.9000,cer,Scroll,Scroll,90,486,0.00,0.00,Left,N/A,
237.9094,cer,Scroll,Scroll,90,486,0.00,0.00,Left,N/A,
237.9199,cer,Scroll,Scroll,90,486,0.00,0.00,Left,N/A,
237.9295,cer,Scroll,Scroll,90,486,0.00,0.00,Left,N/A,
237.9400,cer,Scroll,Scroll,90,486,0.00,0.00,Left,N/A,
237.9502,cer,Scroll,Scroll,90,486,0.00,0.00,Left,N/A,
237.9598,cer,Scroll,Scroll,90,486,0.00,0.00,Left,N/A,
237.9703,cer,Scroll,Scroll,90,486,0.00,0.00,Left,N/A,
237.9797,cer,Scroll,Scroll,90,486,0.00,0.00,Left,N/A,
237.9903,cer,Scroll,Scroll,90,486,0.00,0.00,Left,N/A,
237.9992,cer,Scroll,Scroll,90,486,0.00,0.00,None,N/A,scroll_item_selected_wrong
237.9994,cer,Scroll,Scroll,90,486,0.00,0.00,None,N/A,
238.0097,cer,Scroll,Scroll,90,486,0.00,0.00,None,N/A,
238.0203,cer,Scroll,Scroll,90,486,0.00,0.00,None,N/A,
238.0298,cer,Scroll,Scroll,90,486,0.00,0.00,None,N/A,
238.0403,cer,Scroll,Scroll,90,486,0.00,0.00,None,N/A,
238.0498,cer,Scroll,Scroll,90,486,0.00,0.00,None,N/A,
238.0594,cer,Scroll,Scroll,90,486,0.00,0.00,None,N/A,
238.0699,cer,Scroll,Scroll,90,486,0.00,0.00,None,N/A,
238.0803,cer,Scroll,Scroll,90,486,0.00,0.00,None,N/A,
238.0898,cer,Scroll,Scroll,90,486,0.00,0.00,None,N/A,
238.1000,cer,Scroll,Scroll,90,486,0.00,0.00,None,N/A,
238.1104,cer,Scroll,Scroll,90,486,0.00,0.00,None,N/A,
238.1199,cer,Scroll,Scroll,90,486,0.00,0.00,None,N/A,
238.1296,cer,Scroll,Scroll,90,486,0.00,0.00,None,N/A,
238.1402,cer,Scroll,Scroll,90,486,0.00,0.00,None,N/A,
238.1501,cer,Scroll,Scroll,90,486,0.00,0.00,None,N/A,
238.1594,cer,Scroll,Scroll,90,486,0.00,0.00,None,N/A,
238.1699,cer,Scroll,Scroll,90,486,0.00,0.00,None,N/A,
238.1803,cer,Scroll,Scroll,90,486,0.00,0.00,None,N/A,
238.1898,cer,Scroll,Scroll,90,486,0.00,0.00,None,N/A,
238.1996,cer,Scroll,Scroll,90,486,0.00,0.00,None,N/A,
238.2101,cer,Scroll,Scroll,90,486,0.00,0.00,None,N/A,
238.2198,cer,Scroll,Scroll,90,486,0.00,0.00,None,N/A,
238.2294,cer,Scroll,Scroll,90,486,0.00,0.00,None,N/A,
238.2400,cer,Scroll,Scroll,90,486,0.00,0.00,None,N/A,
238.2496,cer,Scroll,Scroll,90,486,0.00,0.00,None,N/A,
238.2600,cer,Scroll,Scroll,90,486,0.00,0.00,None,N/A,
238.2695,cer,Scroll,Scroll,90,486,0.00,0.00,None,N/A,
238.2800,cer,Scroll,Scroll,90,486,0.00,0.00,None,N/A,
238.2895,cer,Scroll,Scroll,90,486,0.00,0.00,None,N/A,
238.3001,cer,Scroll,Scroll,90,486,0.00,0.00,None,N/A,
238.3095,cer,Scroll,Scroll,90,486,0.00,0.00,None,N/A,
238.3199,cer,Scroll,Scroll,90,486,0.00,0.00,None,N/A,
238.3304,cer,Scroll,Scroll,90,486,0.00,0.00,None,N/A,
238.3399,cer,Scroll,Scroll,90,486,0.00,0.00,None,N/A,
238.3495,cer,Scroll,Scroll,90,486,0.00,0.00,None,N/A,
238.3598,cer,Scroll,Scroll,90,486,0.00,0.00,None,N/A,
238.3696,cer,Scroll,Scroll,90,486,0.00,0.00,None,N/A,
238.3804,cer,Scroll,Scroll,90,486,0.00,0.00,None,N/A,
238.3899,cer,Scroll,Scroll,90,486,0.00,0.00,None,N/A,
238.3997,cer,Scroll,Scroll,90,486,0.00,0.00,None,N/A,
238.4101,cer,Scroll,Scroll,90,486,0.00,0.00,None,N/A,
238.4198,cer,Scroll,Scroll,90,486,0.00,0.00,None,N/A,
238.4304,cer,Scroll,Scroll,90,486,0.00,0.00,None,N/A,
238.4398,cer,Scroll,Scroll,90,486,0.00,0.00,None,N/A,
238.4495,cer,Scroll,Scroll,90,486,0.00,0.00,None,N/A,
238.4601,cer,Scroll,Scroll,90,486,0.00,0.00,None,N/A,
238.4694,cer,Scroll,Scroll,90,486,0.00,0.00,None,N/A,
238.4799,cer,Scroll,Scroll,90,486,0.00,0.00,None,N/A,
238.4904,cer,Scroll,Scroll,90,486,0.00,0.00,None,N/A,
238.4996,cer,Scroll,Scroll,90,486,0.00,0.00,None,N/A,
238.5099,cer,Scroll,Scroll,90,486,0.00,0.00,None,N/A,
238.5204,cer,Scroll,Scroll,90,486,0.00,0.00,None,N/A,
238.5299,cer,Scroll,Scroll,90,486,0.00,0.00,None,N/A,
238.5396,cer,Scroll,Scroll,90,486,0.00,0.00,None,N/A,
238.5502,cer,Scroll,Scroll,90,486,0.00,0.00,None,N/A,
238.5596,cer,Scroll,Scroll,90,486,0.00,0.00,None,N/A,
238.5701,cer,Scroll,Scroll,90,486,0.00,0.00,None,N/A,
238.5795,cer,Scroll,Scroll,90,486,0.00,0.00,None,N/A,
238.5902,cer,Scroll,Scroll,90,486,0.00,0.00,None,N/A,
238.5996,cer,Scroll,Scroll,90,486,0.00,0.00,None,N/A,
238.6102,cer,Scroll,Scroll,94,487,389.87,36865.48,None,N/A,
238.6195,cer,Scroll,Scroll,100,490,723.95,36053.43,None,N/A,
238.6295,cer,Scroll,Scroll,119,501,2186.85,145716.99,None,N/A,
238.6395,cer,Scroll,Scroll,129,508,1226.59,-96492.68,None,N/A,
238.6493,cer,Scroll,Scroll,143,521,1942.03,72724.57,None,N/A,
238.6602,cer,Scroll,Scroll,148,527,719.76,-112639.53,None,N/A,
238.6697,cer,Scroll,Scroll,153,536,1077.04,37375.82,None,N/A,
238.6799,cer,Scroll,Scroll,155,540,438.47,-62609.11,None,N/A,
238.6896,cer,Scroll,Scroll,156,543,326.73,-11545.64,None,N/A,
238.6999,cer,Scroll,Scroll,159,549,650.70,31425.34,None,N/A,
238.7103,cer,Scroll,Scroll,159,551,191.55,-43974.64,None,N/A,
238.7200,cer,Scroll,Scroll,160,555,428.93,24694.98,None,N/A,
238.7298,cer,Scroll,Scroll,160,557,202.31,-22923.65,None,N/A,
238.7404,cer,Scroll,Scroll,160,557,0.00,-19164.63,None,N/A,
238.7505,cer,Scroll,Scroll,160,557,0.00,0.00,None,N/A,
238.7605,cer,Scroll,Scroll,160,557,0.00,0.00,None,N/A,
238.7706,cer,Scroll,Scroll,160,557,0.00,0.00,None,N/A,
238.7802,cer,Scroll,Scroll,160,557,0.00,0.00,None,N/A,
238.7898,cer,Scroll,Scroll,160,557,0.00,0.00,None,N/A,
238.8003,cer,Scroll,Scroll,160,557,0.00,0.00,None,N/A,
238.8098,cer,Scroll,Scroll,160,557,0.00,0.00,None,N/A,
238.8202,cer,Scroll,Scroll,160,557,0.00,0.00,None,N/A,
238.8298,cer,Scroll,Scroll,160,557,0.00,0.00,None,N/A,
238.8403,cer,Scroll,Scroll,160,557,0.00,0.00,None,N/A,
238.8504,cer,Scroll,Scroll,160,557,0.00,0.00,None,N/A,
238.8601,cer,Scroll,Scroll,160,557,0.00,0.00,None,N/A,
238.8695,cer,Scroll,Scroll,160,557,0.00,0.00,None,N/A,
238.8799,cer,Scroll,Scroll,160,557,0.00,0.00,None,N/A,
238.8904,cer,Scroll,Scroll,160,557,0.00,0.00,None,N/A,
238.8999,cer,Scroll,Scroll,160,557,0.00,0.00,None,N/A,
238.9103,cer,Scroll,Scroll,160,557,0.00,0.00,None,N/A,
238.9198,cer,Scroll,Scroll,160,557,0.00,0.00,None,N/A,
238.9304,cer,Scroll,Scroll,160,557,0.00,0.00,None,N/A,
238.9400,cer,Scroll,Scroll,160,557,0.00,0.00,None,N/A,
238.9532,cer,Scroll,Scroll,160,557,0.00,0.00,None,N/A,
238.9601,cer,Scroll,Scroll,160,557,0.00,0.00,None,N/A,
238.9726,cer,Scroll,Scroll,160,557,0.00,0.00,None,N/A,
238.9801,cer,Scroll,Scroll,160,557,0.00,0.00,None,N/A,
238.9898,cer,Scroll,Scroll,160,557,0.00,0.00,None,N/A,
238.9998,cer,Scroll,Scroll,160,557,0.00,0.00,None,N/A,
239.0102,cer,Scroll,Scroll,160,557,0.00,0.00,None,N/A,
239.0199,cer,Scroll,Scroll,160,557,0.00,0.00,None,N/A,
239.0303,cer,Scroll,Scroll,160,557,0.00,0.00,None,N/A,
239.0414,cer,Scroll,Scroll,160,557,0.00,0.00,None,N/A,
239.0499,cer,Scroll,Scroll,160,557,0.00,0.00,None,N/A,
239.0603,cer,Scroll,Scroll,160,557,0.00,0.00,None,N/A,
239.0699,cer,Scroll,Scroll,160,557,0.00,0.00,None,N/A,
239.0794,cer,Scroll,Scroll,160,557,0.00,0.00,None,N/A,
239.0899,cer,Scroll,Scroll,160,557,0.00,0.00,None,N/A,
239.0997,cer,Scroll,Scroll,160,557,0.00,0.00,None,N/A,
239.1101,cer,Scroll,Scroll,160,557,0.00,0.00,None,N/A,
239.1196,cer,Scroll,Scroll,160,557,0.00,0.00,None,N/A,
239.1300,cer,Scroll,Scroll,160,557,0.00,0.00,None,N/A,
239.1395,cer,Scroll,Scroll,160,557,0.00,0.00,None,N/A,
239.1500,cer,Scroll,Scroll,160,557,0.00,0.00,None,N/A,
239.1594,cer,Scroll,Scroll,160,557,0.00,0.00,None,N/A,
239.1701,cer,Scroll,Scroll,160,557,0.00,0.00,None,N/A,
239.1799,cer,Scroll,Scroll,160,557,0.00,0.00,None,N/A,
239.1904,cer,Scroll,Scroll,160,557,0.00,0.00,None,N/A,
239.1999,cer,Scroll,Scroll,160,557,0.00,0.00,None,N/A,
239.2094,cer,Scroll,Scroll,160,557,0.00,0.00,None,N/A,
239.2199,cer,Scroll,Scroll,160,557,0.00,0.00,None,N/A,
239.2295,cer,Scroll,Scroll,160,557,0.00,0.00,None,N/A,
239.2399,cer,Scroll,Scroll,160,557,0.00,0.00,None,N/A,
239.2495,cer,Scroll,Scroll,160,557,0.00,0.00,None,N/A,
239.2601,cer,Scroll,Scroll,160,557,0.00,0.00,None,N/A,
239.2694,cer,Scroll,Scroll,160,557,0.00,0.00,None,N/A,
239.2798,cer,Scroll,Scroll,160,557,0.00,0.00,None,N/A,
239.2903,cer,Scroll,Scroll,160,557,0.00,0.00,None,N/A,
239.2997,cer,Scroll,Scroll,160,557,0.00,0.00,None,N/A,
239.3103,cer,Scroll,Scroll,160,557,0.00,0.00,None,N/A,
239.3197,cer,Scroll,Scroll,160,557,0.00,0.00,None,N/A,
239.3293,cer,Scroll,Scroll,156,563,754.05,78848.69,None,N/A,
239.3401,cer,Scroll,Scroll,153,567,463.09,-26947.78,None,N/A,
239.3498,cer,Scroll,Scroll,150,570,436.86,-2701.24,None,N/A,
239.3601,cer,Scroll,Scroll,144,579,1048.06,59221.11,None,N/A,
239.3703,cer,Scroll,Scroll,140,584,630.23,-41124.86,None,N/A,
239.3805,cer,Scroll,Scroll,126,600,2082.15,142194.88,None,N/A,
239.3901,cer,Scroll,Scroll,121,606,813.47,-132138.21,None,N/A,
239.4003,cer,Scroll,Scroll,118,610,488.35,-31754.91,None,N/A,
239.4095,cer,Scroll,Scroll,112,618,1098.30,66991.55,None,N/A,
239.4200,cer,Scroll,Scroll,110,622,423.32,-63892.13,None,N/A,
239.4297,cer,Scroll,Scroll,105,630,969.97,56204.38,None,N/A,
239.4400,cer,Scroll,Scroll,103,633,352.04,-60333.45,None,N/A,
239.4501,cer,Scroll,Scroll,101,636,354.79,271.45,None,N/A,
239.4598,cer,Scroll,Scroll,99,642,658.36,31599.14,None,N/A,
239.4698,cer,Scroll,Scroll,98,645,315.40,-34205.76,None,N/A,
239.4798,cer,Scroll,Scroll,97,649,410.57,9476.56,None,N/A,
239.4897,cer,Scroll,Scroll,97,651,203.27,-21068.78,None,N/A,
239.5004,cer,Scroll,Scroll,97,653,186.88,-1530.92,None,N/A,
239.5097,cer,Scroll,Scroll,97,655,214.50,2962.43,None,N/A,
239.5198,cer,Scroll,Scroll,97,656,99.02,-11435.27,None,N/A,
239.5296,cer,Scroll,Scroll,97,657,102.33,338.18,None,N/A,
239.5402,cer,Scroll,Scroll,97,658,93.85,-795.87,None,N/A,
239.5496,cer,Scroll,Scroll,97,659,107.12,1421.21,None,N/A,
239.5597,cer,Scroll,Scroll,97,659,0.00,-10572.62,None,N/A,
239.5702,cer,Scroll,Scroll,97,659,0.00,0.00,None,N/A,
239.5800,cer,Scroll,Scroll,97,659,0.00,0.00,None,N/A,
239.5898,cer,Scroll,Scroll,97,658,101.22,10246.23,None,N/A,
239.5997,cer,Scroll,Scroll,97,657,101.87,65.36,None,N/A,
239.6099,cer,Scroll,Scroll,98,654,307.64,20018.51,None,N/A,
239.6200,cer,Scroll,Scroll,98,653,99.77,-20739.04,None,N/A,
239.6294,cer,Scroll,Scroll,99,651,236.90,14527.78,None,N/A,
239.6398,cer,Scroll,Scroll,99,648,289.67,5095.43,None,N/A,
239.6501,cer,Scroll,Scroll,100,646,216.82,-7063.77,None,N/A,
239.6600,cer,Scroll,Scroll,100,642,401.84,18587.13,None,N/A,
239.6698,cer,Scroll,Scroll,100,640,205.23,-20175.14,None,N/A,
239.6804,cer,Scroll,Scroll,100,637,281.18,7118.46,None,N/A,
239.6897,cer,Scroll,Scroll,100,629,863.38,62833.05,None,N/A,
239.7004,cer,Scroll,Scroll,99,624,477.12,-36142.81,None,N/A,
239.7095,cer,Scroll,Scroll,98,614,1099.35,68064.89,None,N/A,
239.7203,cer,Scroll,Scroll,97,611,292.58,-74643.65,None,N/A,
239.7296,cer,Scroll,Scroll,97,609,216.25,-8253.53,None,N/A,
239.7397,cer,Scroll,Scroll,97,606,297.10,8007.65,None,N/A,
239.7502,cer,Scroll,Scroll,97,606,0.00,-28155.01,None,N/A,
239.7602,cer,Scroll,Scroll,96,605,141.82,14222.75,None,N/A,
239.7697,cer,Scroll,Scroll,96,605,0.00,-14978.41,None,N/A,
239.7802,cer,Scroll,Scroll,96,605,0.00,0.00,None,N/A,
239.7897,cer,Scroll,Scroll,96,605,0.00,0.00,None,N/A,
239.8004,cer,Scroll,Scroll,96,605,0.00,0.00,None,N/A,
239.8106,cer,Scroll,Scroll,96,605,0.00,0.00,None,N/A,
239.8202,cer,Scroll,Scroll,96,605,0.00,0.00,None,N/A,
239.8299,cer,Scroll,Scroll,96,605,0.00,0.00,None,N/A,
239.8395,cer,Scroll,Scroll,96,605,0.00,0.00,None,N/A,
239.8505,cer,Scroll,Scroll,96,605,0.00,0.00,None,N/A,
239.8601,cer,Scroll,Scroll,96,605,0.00,0.00,None,N/A,
239.8696,cer,Scroll,Scroll,96,605,0.00,0.00,None,N/A,
239.8801,cer,Scroll,Scroll,96,605,0.00,0.00,None,N/A,
239.8896,cer,Scroll,Scroll,96,605,0.00,0.00,None,N/A,
239.9003,cer,Scroll,Scroll,96,605,0.00,0.00,None,N/A,
239.9097,cer,Scroll,Scroll,96,605,0.00,0.00,None,N/A,
239.9202,cer,Scroll,Scroll,96,605,0.00,0.00,None,N/A,
239.9297,cer,Scroll,Scroll,96,605,0.00,0.00,None,N/A,
239.9403,cer,Scroll,Scroll,96,605,0.00,0.00,None,N/A,
239.9499,cer,Scroll,Scroll,96,605,0.00,0.00,None,N/A,
239.9602,cer,Scroll,Scroll,96,605,0.00,0.00,None,N/A,
239.9709,cer,Scroll,Scroll,96,605,0.00,0.00,None,N/A,
239.9802,cer,Scroll,Scroll,96,605,0.00,0.00,None,N/A,
239.9904,cer,Scroll,Scroll,96,605,0.00,0.00,None,N/A,
240.0001,cer,Scroll,Scroll,96,605,0.00,0.00,None,N/A,
240.0101,cer,Scroll,Scroll,96,605,0.00,0.00,None,N/A,
240.0197,cer,Scroll,Scroll,96,605,0.00,0.00,None,N/A,
240.0299,cer,Scroll,Scroll,96,605,0.00,0.00,None,N/A,
240.0402,cer,Scroll,Scroll,96,605,0.00,0.00,None,N/A,
240.0511,cer,Scroll,Scroll,96,605,0.00,0.00,None,N/A,
240.0599,cer,Scroll,Scroll,96,605,0.00,0.00,None,N/A,
240.0700,cer,Scroll,Scroll,96,605,0.00,0.00,None,N/A,
240.0804,cer,Scroll,Scroll,96,605,0.00,0.00,None,N/A,
240.0899,cer,Scroll,Scroll,96,605,0.00,0.00,None,N/A,
240.0995,cer,Scroll,Scroll,96,605,0.00,0.00,None,N/A,
240.1100,cer,Scroll,Scroll,96,605,0.00,0.00,None,N/A,
240.1196,cer,Scroll,Scroll,96,605,0.00,0.00,None,N/A,
240.1305,cer,Scroll,Scroll,96,605,0.00,0.00,None,N/A,
240.1401,cer,Scroll,Scroll,96,605,0.00,0.00,None,N/A,
240.1495,cer,Scroll,Scroll,96,605,0.00,0.00,None,N/A,
240.1599,cer,Scroll,Scroll,96,605,0.00,0.00,None,N/A,
240.1694,cer,Scroll,Scroll,96,605,0.00,0.00,None,N/A,
240.1799,cer,Scroll,Scroll,96,605,0.00,0.00,None,N/A,
240.1894,cer,Scroll,Scroll,96,605,0.00,0.00,None,N/A,
240.1997,cer,Scroll,Scroll,96,605,0.00,0.00,None,N/A,
240.2101,cer,Scroll,Scroll,96,605,0.00,0.00,None,N/A,
240.2195,cer,Scroll,Scroll,96,605,0.00,0.00,None,N/A,
240.2300,cer,Scroll,Scroll,96,605,0.00,0.00,None,N/A,
240.2395,cer,Scroll,Scroll,96,605,0.00,0.00,None,N/A,
240.2503,cer,Scroll,Scroll,96,605,0.00,0.00,None,N/A,
240.2597,cer,Scroll,Scroll,96,605,0.00,0.00,None,N/A,
240.2702,cer,Scroll,Scroll,96,605,0.00,0.00,None,N/A,
240.2797,cer,Scroll,Scroll,96,605,0.00,0.00,None,N/A,
240.2894,cer,Scroll,Scroll,96,605,0.00,0.00,None,N/A,
240.3000,cer,Scroll,Scroll,96,605,0.00,0.00,None,N/A,
240.3097,cer,Scroll,Scroll,96,605,0.00,0.00,None,N/A,
240.3205,cer,Scroll,Scroll,96,605,0.00,0.00,None,N/A,
240.3302,cer,Scroll,Scroll,96,605,0.00,0.00,None,N/A,
240.3398,cer,Scroll,Scroll,96,605,0.00,0.00,None,N/A,
240.3494,cer,Scroll,Scroll,96,605,0.00,0.00,None,N/A,
240.3598,cer,Scroll,Scroll,96,605,0.00,0.00,None,N/A,
240.3703,cer,Scroll,Scroll,96,605,0.00,0.00,None,N/A,
240.3798,cer,Scroll,Scroll,96,605,0.00,0.00,None,N/A,
240.3903,cer,Scroll,Scroll,96,605,0.00,0.00,None,N/A,
240.3998,cer,Scroll,Scroll,96,605,0.00,0.00,None,N/A,
240.4102,cer,Scroll,Scroll,96,605,0.00,0.00,None,N/A,
240.4197,cer,Scroll,Scroll,96,605,0.00,0.00,None,N/A,
240.4301,cer,Scroll,Scroll,96,605,0.00,0.00,None,N/A,
240.4396,cer,Scroll,Scroll,96,605,0.00,0.00,None,N/A,
240.4501,cer,Scroll,Scroll,96,605,0.00,0.00,None,N/A,
240.4596,cer,Scroll,Scroll,96,605,0.00,0.00,None,N/A,
240.4700,cer,Scroll,Scroll,96,605,0.00,0.00,None,N/A,
240.4798,cer,Scroll,Scroll,96,605,0.00,0.00,None,N/A,
240.4902,cer,Scroll,Scroll,96,605,0.00,0.00,None,N/A,
240.5001,cer,Scroll,Scroll,96,605,0.00,0.00,None,N/A,
240.5103,cer,Scroll,Scroll,96,605,0.00,0.00,None,N/A,
240.5202,cer,Scroll,Scroll,96,605,0.00,0.00,None,N/A,
240.5299,cer,Scroll,Scroll,96,605,0.00,0.00,None,N/A,
240.5395,cer,Scroll,Scroll,96,605,0.00,0.00,None,N/A,
240.5501,cer,Scroll,Scroll,96,605,0.00,0.00,None,N/A,
240.5598,cer,Scroll,Scroll,96,605,0.00,0.00,None,N/A,
240.5703,cer,Scroll,Scroll,96,605,0.00,0.00,None,N/A,
240.5798,cer,Scroll,Scroll,96,605,0.00,0.00,None,N/A,
240.5903,cer,Scroll,Scroll,96,605,0.00,0.00,None,N/A,
240.6001,cer,Scroll,Scroll,96,605,0.00,0.00,None,N/A,
240.6098,cer,Scroll,Scroll,96,605,0.00,0.00,None,N/A,
240.6203,cer,Scroll,Scroll,96,605,0.00,0.00,None,N/A,
240.6299,cer,Scroll,Scroll,96,605,0.00,0.00,None,N/A,
240.6394,cer,Scroll,Scroll,96,605,0.00,0.00,None,N/A,
240.6501,cer,Scroll,Scroll,96,605,0.00,0.00,None,N/A,
240.6598,cer,Scroll,Scroll,96,605,0.00,0.00,None,N/A,
240.6706,cer,Scroll,Scroll,96,605,0.00,0.00,None,N/A,
240.6802,cer,Scroll,Scroll,96,605,0.00,0.00,None,N/A,
240.6898,cer,Scroll,Scroll,96,605,0.00,0.00,None,N/A,
240.7003,cer,Scroll,Scroll,96,605,0.00,0.00,None,N/A,
240.7098,cer,Scroll,Scroll,96,605,0.00,0.00,None,N/A,
240.7203,cer,Scroll,Scroll,96,605,0.00,0.00,None,N/A,
240.7299,cer,Scroll,Scroll,96,605,0.00,0.00,None,N/A,
240.7404,cer,Scroll,Scroll,96,605,0.00,0.00,None,N/A,
240.7499,cer,Scroll,Scroll,96,605,0.00,0.00,None,N/A,
240.7603,cer,Scroll,Scroll,96,605,0.00,0.00,None,N/A,
240.7699,cer,Scroll,Scroll,96,605,0.00,0.00,None,N/A,
240.7803,cer,Scroll,Scroll,96,605,0.00,0.00,None,N/A,
240.7898,cer,Scroll,Scroll,96,605,0.00,0.00,None,N/A,
240.8003,cer,Scroll,Scroll,96,605,0.00,0.00,None,N/A,
240.8102,cer,Scroll,Scroll,96,605,0.00,0.00,None,N/A,
240.8203,cer,Scroll,Scroll,96,605,0.00,0.00,None,N/A,
240.8306,cer,Scroll,Scroll,96,605,0.00,0.00,None,N/A,
240.8403,cer,Scroll,Scroll,97,601,424.45,43695.66,None,N/A,
240.8496,cer,Scroll,Scroll,98,599,240.66,-19781.18,None,N/A,
240.8595,cer,Scroll,Scroll,98,595,402.19,16241.00,None,N/A,
240.8695,cer,Scroll,Scroll,98,593,201.15,-20219.26,None,N/A,
240.8798,cer,Scroll,Scroll,98,592,97.19,-10103.51,None,N/A,
240.8903,cer,Scroll,Scroll,99,588,392.46,28106.25,None,N/A,
240.8997,cer,Scroll,Scroll,99,588,0.00,-41546.55,None,N/A,
240.9099,cer,Scroll,Scroll,99,585,295.78,29161.19,None,N/A,
240.9196,cer,Scroll,Scroll,100,584,144.81,-15458.35,None,N/A,
240.9303,cer,Scroll,Scroll,100,581,281.48,12823.17,None,N/A,
240.9403,cer,Scroll,Scroll,100,580,99.55,-18111.06,None,N/A,
240.9498,cer,Scroll,Scroll,100,578,210.73,11714.64,None,N/A,
240.9601,cer,Scroll,Scroll,101,577,137.40,-7124.73,None,N/A,
240.9697,cer,Scroll,Scroll,101,576,104.45,-3441.48,None,N/A,
240.9802,cer,Scroll,Scroll,101,576,0.00,-9924.47,None,N/A,
240.9897,cer,Scroll,Scroll,101,576,0.00,0.00,None,N/A,
241.0000,cer,Scroll,Scroll,101,575,97.46,9498.08,None,N/A,
241.0097,cer,Scroll,Scroll,101,575,0.00,-9983.85,None,N/A,
241.0203,cer,Scroll,Scroll,101,575,0.00,0.00,None,N/A,
241.0297,cer,Scroll,Scroll,101,575,0.00,0.00,None,N/A,
241.0402,cer,Scroll,Scroll,101,575,0.00,0.00,None,N/A,
241.0497,cer,Scroll,Scroll,101,575,0.00,0.00,None,N/A,
241.0598,cer,Scroll,Scroll,100,576,139.07,13675.90,None,N/A,
241.0700,cer,Scroll,Scroll,100,577,97.99,-4025.31,None,N/A,
241.0803,cer,Scroll,Scroll,99,579,217.82,11672.07,None,N/A,
241.0902,cer,Scroll,Scroll,98,581,225.87,813.36,None,N/A,
241.0996,cer,Scroll,Scroll,97,583,237.41,1224.99,None,N/A,
241.1099,cer,Scroll,Scroll,97,583,0.00,-23110.88,None,N/A,
241.1195,cer,Scroll,Scroll,96,584,147.22,15326.40,None,N/A,
241.1294,cer,Scroll,Scroll,95,587,318.70,17281.31,None,N/A,
241.1403,cer,Scroll,Scroll,94,588,130.27,-17357.13,None,N/A,
241.1498,cer,Scroll,Scroll,91,590,380.50,26407.58,None,N/A,
241.1602,cer,Scroll,Scroll,91,592,192.41,-18095.65,None,N/A,
241.1703,cer,Scroll,Scroll,88,594,356.06,16161.83,None,N/A,
241.1794,cer,Scroll,Scroll,88,595,109.50,-26999.28,None,N/A,
241.1903,cer,Scroll,Scroll,86,596,206.28,8927.22,None,N/A,
241.1999,cer,Scroll,Scroll,86,597,103.13,-10637.44,None,N/A,
241.2096,cer,Scroll,Scroll,85,598,146.96,4554.02,None,N/A,
241.2197,cer,Scroll,Scroll,84,599,140.04,-684.74,None,N/A,
241.2303,cer,Scroll,Scroll,83,599,94.45,-4306.25,None,N/A,
241.2404,cer,Scroll,Scroll,83,600,98.86,435.97,None,N/A,
241.2501,cer,Scroll,Scroll,82,600,102.37,359.65,None,N/A,
241.2598,cer,Scroll,Scroll,81,602,231.77,13411.92,None,N/A,
241.2694,cer,Scroll,Scroll,81,603,103.93,-13286.27,None,N/A,
241.2803,cer,Scroll,Scroll,80,606,290.24,17099.48,None,N/A,
241.2894,cer,Scroll,Scroll,80,607,109.62,-19799.11,None,N/A,
241.2999,cer,Scroll,Scroll,79,609,214.32,10035.72,None,N/A,
241.3100,cer,Scroll,Scroll,79,611,197.76,-1638.06,None,N/A,
241.3193,cer,Scroll,Scroll,78,614,339.02,15144.86,None,N/A,
241.3303,cer,Scroll,Scroll,77,617,286.73,-4741.41,None,N/A,
241.3399,cer,Scroll,Scroll,77,618,104.25,-19023.56,None,N/A,
241.3499,cer,Scroll,Scroll,77,619,100.03,-421.83,None,N/A,
241.3600,cer,Scroll,Scroll,77,620,99.71,-31.78,None,N/A,
241.3702,cer,Scroll,Scroll,76,622,218.03,11536.34,None,N/A,
241.3794,cer,Scroll,Scroll,76,622,0.00,-23641.00,None,N/A,
241.3901,cer,Scroll,Scroll,76,623,93.96,8827.79,None,N/A,
241.4000,cer,Scroll,Scroll,76,624,101.20,732.98,None,N/A,
241.4095,cer,Scroll,Scroll,76,624,0.00,-10651.19,None,N/A,
241.4203,cer,Scroll,Scroll,76,624,0.00,0.00,None,N/A,
241.4301,cer,Scroll,Scroll,76,625,102.72,10552.12,None,N/A,
241.4399,cer,Scroll,Scroll,76,625,0.00,-10494.29,None,N/A,
241.4503,cer,Scroll,Scroll,76,625,0.00,0.00,None,N/A,
241.4598,cer,Scroll,Scroll,76,625,0.00,0.00,None,N/A,
241.4704,cer,Scroll,Scroll,76,625,0.00,0.00,None,N/A,
241.4799,cer,Scroll,Scroll,76,625,0.00,0.00,None,N/A,
241.4895,cer,Scroll,Scroll,76,625,0.00,0.00,None,N/A,
241.4997,cer,Scroll,Scroll,76,625,0.00,0.00,None,N/A,
241.5097,cer,Scroll,Scroll,76,625,0.00,0.00,None,N/A,
241.5195,cer,Scroll,Scroll,77,625,102.46,10498.06,None,N/A,
241.5301,cer,Scroll,Scroll,77,625,0.00,-9658.14,None,N/A,
241.5403,cer,Scroll,Scroll,78,624,138.39,13541.59,None,N/A,
241.5497,cer,Scroll,Scroll,78,624,0.00,-14746.78,None,N/A,
241.5595,cer,Scroll,Scroll,79,623,143.19,14498.06,None,N/A,
241.5695,cer,Scroll,Scroll,80,622,141.54,-164.83,None,N/A,
241.5799,cer,Scroll,Scroll,81,621,136.09,-524.69,None,N/A,
241.5900,cer,Scroll,Scroll,82,620,140.58,446.64,None,N/A,
241.5998,cer,Scroll,Scroll,82,619,101.63,-3959.11,None,N/A,
241.6097,cer,Scroll,Scroll,84,617,285.62,18580.30,None,N/A,
241.6194,cer,Scroll,Scroll,84,616,103.56,-18854.51,None,N/A,
241.6298,cer,Scroll,Scroll,86,614,272.46,16270.07,None,N/A,
241.6396,cer,Scroll,Scroll,86,613,101.67,-17364.13,None,N/A,
241.6497,cer,Scroll,Scroll,86,612,98.93,-270.90,None,N/A,
241.6598,cer,Scroll,Scroll,87,611,140.74,4161.20,None,N/A,
241.6702,cer,Scroll,Scroll,87,610,95.32,-4329.64,None,N/A,
241.6798,cer,Scroll,Scroll,88,609,147.99,5511.68,None,N/A,
241.6896,cer,Scroll,Scroll,88,608,102.36,-4670.59,None,N/A,
241.6998,cer,Scroll,Scroll,89,608,98.25,-403.54,None,N/A,
241.7098,cer,Scroll,Scroll,89,607,99.77,152.04,None,N/A,
241.7202,cer,Scroll,Scroll,89,607,0.00,-9569.04,None,N/A,
241.7294,cer,Scroll,Scroll,89,606,108.48,11768.10,None,N/A,
241.7398,cer,Scroll,Scroll,89,606,0.00,-10436.78,None,N/A,
241.7499,cer,Scroll,Scroll,89,606,0.00,0.00,None,N/A,
241.7595,cer,Scroll,Scroll,89,606,0.00,0.00,None,N/A,
241.7699,cer,Scroll,Scroll,89,606,0.00,0.00,None,N/A,
241.7793,cer,Scroll,Scroll,89,606,0.00,0.00,None,N/A,
241.7899,cer,Scroll,Scroll,89,606,0.00,0.00,None,N/A,
241.7996,cer,Scroll,Scroll,89,605,103.31,10672.54,None,N/A,
241.8104,cer,Scroll,Scroll,89,605,0.00,-9539.75,None,N/A,
241.8200,cer,Scroll,Scroll,89,605,0.00,0.00,None,N/A,
241.8304,cer,Scroll,Scroll,89,605,0.00,0.00,None,N/A,
241.8398,cer,Scroll,Scroll,89,605,0.00,0.00,None,N/A,
241.8496,cer,Scroll,Scroll,89,605,0.00,0.00,None,N/A,
241.8598,cer,Scroll,Scroll,89,605,0.00,0.00,None,N/A,
241.8700,cer,Scroll,Scroll,89,604,97.62,9529.94,None,N/A,
241.8802,cer,Scroll,Scroll,90,604,98.02,38.68,None,N/A,
241.8899,cer,Scroll,Scroll,90,603,103.44,560.55,None,N/A,
241.8998,cer,Scroll,Scroll,91,603,101.08,-238.11,None,N/A,
241.9103,cer,Scroll,Scroll,91,602,94.86,-590.06,None,N/A,
241.9196,cer,Scroll,Scroll,92,602,108.27,1452.41,None,N/A,
241.9300,cer,Scroll,Scroll,92,601,95.83,-1192.62,None,N/A,
241.9396,cer,Scroll,Scroll,92,601,0.00,-9929.16,None,N/A,
241.9500,cer,Scroll,Scroll,93,600,136.19,13115.31,None,N/A,
241.9603,cer,Scroll,Scroll,93,600,0.00,-13209.33,None,N/A,
241.9702,cer,Scroll,Scroll,93,600,0.00,0.00,None,N/A,
241.9802,cer,Scroll,Scroll,93,599,100.32,10063.26,None,N/A,
241.9897,cer,Scroll,Scroll,93,599,0.00,-10547.62,None,N/A,
242.0001,cer,Scroll,Scroll,93,599,0.00,0.00,None,N/A,
242.0095,cer,Scroll,Scroll,93,599,0.00,0.00,None,N/A,
242.0199,cer,Scroll,Scroll,93,599,0.00,0.00,None,N/A,
242.0294,cer,Scroll,Scroll,93,599,0.00,0.00,None,N/A,
242.0402,cer,Scroll,Scroll,93,599,0.00,0.00,None,N/A,
242.0498,cer,Scroll,Scroll,93,599,0.00,0.00,None,N/A,
242.0601,cer,Scroll,Scroll,93,599,0.00,0.00,None,N/A,
242.0696,cer,Scroll,Scroll,93,599,0.00,0.00,None,N/A,
242.0801,cer,Scroll,Scroll,93,599,0.00,0.00,None,N/A,
242.0898,cer,Scroll,Scroll,93,599,0.00,0.00,None,N/A,
242.1003,cer,Scroll,Scroll,93,599,0.00,0.00,None,N/A,
242.1099,cer,Scroll,Scroll,93,599,0.00,0.00,None,N/A,
242.1194,cer,Scroll,Scroll,93,599,0.00,0.00,None,N/A,
242.1298,cer,Scroll,Scroll,93,599,0.00,0.00,None,N/A,
242.1402,cer,Scroll,Scroll,93,599,0.00,0.00,None,N/A,
242.1497,cer,Scroll,Scroll,93,599,0.00,0.00,None,N/A,
242.1600,cer,Scroll,Scroll,93,599,0.00,0.00,None,N/A,
242.1694,cer,Scroll,Scroll,93,599,0.00,0.00,None,N/A,
242.1798,cer,Scroll,Scroll,93,599,0.00,0.00,None,N/A,
242.1904,cer,Scroll,Scroll,93,599,0.00,0.00,None,N/A,
242.1998,cer,Scroll,Scroll,93,599,0.00,0.00,None,N/A,
242.2101,cer,Scroll,Scroll,93,599,0.00,0.00,None,N/A,
242.2196,cer,Scroll,Scroll,93,599,0.00,0.00,None,N/A,
242.2300,cer,Scroll,Scroll,93,599,0.00,0.00,None,N/A,
242.2395,cer,Scroll,Scroll,93,599,0.00,0.00,None,N/A,
242.2500,cer,Scroll,Scroll,93,599,0.00,0.00,None,N/A,
242.2594,cer,Scroll,Scroll,93,599,0.00,0.00,None,N/A,
242.2698,cer,Scroll,Scroll,93,599,0.00,0.00,Left,N/A,
242.2802,cer,Scroll,Scroll,93,599,0.00,0.00,Left,N/A,
242.2897,cer,Scroll,Scroll,93,599,0.00,0.00,Left,N/A,
242.2994,cer,Scroll,Scroll,93,599,0.00,0.00,Left,N/A,
242.3100,cer,Scroll,Scroll,93,599,0.00,0.00,Left,N/A,
242.3204,cer,Scroll,Scroll,93,599,0.00,0.00,Left,N/A,
242.3299,cer,Scroll,Scroll,93,599,0.00,0.00,Left,N/A,
242.3395,cer,Scroll,Scroll,93,599,0.00,0.00,Left,N/A,
242.3499,cer,Scroll,Scroll,93,599,0.00,0.00,Left,N/A,
242.3603,cer,Scroll,Scroll,93,599,0.00,0.00,Left,N/A,
242.3700,cer,Scroll,Scroll,93,599,0.00,0.00,Left,N/A,
242.3795,cer,Scroll,Scroll,93,599,0.00,0.00,Left,N/A,
242.3901,cer,Scroll,Scroll,93,599,0.00,0.00,Left,N/A,
242.3996,cer,Scroll,Scroll,93,599,0.00,0.00,Left,N/A,
242.4100,cer,Scroll,Scroll,93,599,0.00,0.00,Left,N/A,
242.4195,cer,Scroll,Scroll,93,599,0.00,0.00,Left,N/A,
242.4299,cer,Scroll,Scroll,93,599,0.00,0.00,Left,N/A,
242.4395,cer,Scroll,Scroll,93,599,0.00,0.00,Left,N/A,
242.4456,cer,Scroll,Scroll,93,599,0.00,0.00,None,N/A,scroll_item_selected_correct
