Time,ParticipantID,Task,Label,X,Y,Velocity,Acceleration,ButtonState,ActiveWindow,Event
131.4585,cer,SliderControl,Slider Control,506,239,0.00,0.00,None,N/A,
131.4609,cer,SliderControl,Slider Control,506,239,0.00,0.00,None,N/A,
131.4710,cer,SliderControl,Slider Control,506,239,0.00,0.00,None,N/A,
131.4814,cer,SliderControl,Slider Control,506,239,0.00,0.00,None,N/A,
131.4911,cer,SliderControl,Slider Control,506,239,0.00,0.00,None,N/A,
131.5017,cer,SliderControl,Slider Control,506,239,0.00,0.00,None,N/A,
131.5112,cer,SliderControl,Slider Control,506,239,0.00,0.00,None,N/A,
131.5221,cer,SliderControl,Slider Control,506,239,0.00,0.00,None,N/A,
131.5318,cer,SliderControl,Slider Control,506,239,0.00,0.00,None,N/A,
131.5412,cer,SliderControl,Slider Control,506,239,0.00,0.00,None,N/A,
131.5518,cer,SliderControl,Slider Control,506,239,0.00,0.00,None,N/A,
131.5613,cer,SliderControl,Slider Control,506,239,0.00,0.00,None,N/A,
131.5717,cer,SliderControl,Slider Control,506,239,0.00,0.00,None,N/A,
131.5812,cer,SliderControl,Slider Control,506,239,0.00,0.00,None,N/A,
131.5919,cer,SliderControl,Slider Control,506,239,0.00,0.00,None,N/A,
131.6016,cer,SliderControl,Slider Control,506,239,0.00,0.00,None,N/A,
131.6111,cer,SliderControl,Slider Control,506,239,0.00,0.00,None,N/A,
131.6220,cer,SliderControl,Slider Control,506,239,0.00,0.00,None,N/A,
131.6320,cer,SliderControl,Slider Control,506,239,0.00,0.00,None,N/A,
131.6416,cer,SliderControl,Slider Control,506,239,0.00,0.00,None,N/A,
131.6515,cer,SliderControl,Slider Control,506,239,0.00,0.00,None,N/A,
131.6614,cer,SliderControl,Slider Control,506,239,0.00,0.00,None,N/A,
131.6715,cer,SliderControl,Slider Control,506,239,0.00,0.00,None,N/A,
131.6810,cer,SliderControl,Slider Control,506,239,0.00,0.00,None,N/A,
131.6915,cer,SliderControl,Slider Control,506,239,0.00,0.00,None,N/A,
131.7011,cer,SliderControl,Slider Control,506,239,0.00,0.00,None,N/A,
131.7117,cer,SliderControl,Slider Control,506,239,0.00,0.00,None,N/A,
131.7212,cer,SliderControl,Slider Control,506,239,0.00,0.00,None,N/A,
131.7318,cer,SliderControl,Slider Control,506,239,0.00,0.00,None,N/A,
131.7413,cer,SliderControl,Slider Control,506,239,0.00,0.00,None,N/A,
131.7522,cer,SliderControl,Slider Control,506,239,0.00,0.00,None,N/A,
131.7618,cer,SliderControl,Slider Control,506,239,0.00,0.00,None,N/A,
131.7717,cer,SliderControl,Slider Control,506,239,0.00,0.00,None,N/A,
131.7814,cer,SliderControl,Slider Control,506,239,0.00,0.00,None,N/A,
131.7910,cer,SliderControl,Slider Control,506,239,0.00,0.00,None,N/A,
131.8015,cer,SliderControl,Slider Control,506,239,0.00,0.00,None,N/A,
131.8109,cer,SliderControl,Slider Control,506,239,0.00,0.00,None,N/A,
131.8215,cer,SliderControl,Slider Control,506,239,0.00,0.00,None,N/A,
131.8312,cer,SliderControl,Slider Control,502,237,458.82,47072.85,None,N/A,
131.8416,cer,SliderControl,Slider Control,497,234,560.05,9722.77,None,N/A,
131.8517,cer,SliderControl,Slider Control,488,227,1133.93,57073.95,None,N/A,
131.8615,cer,SliderControl,Slider Control,483,225,547.38,-59620.54,None,N/A,
131.8711,cer,SliderControl,Slider Control,479,222,523.24,-2525.87,None,N/A,
131.8810,cer,SliderControl,Slider Control,469,216,1169.48,64806.40,None,N/A,
131.8910,cer,SliderControl,Slider Control,465,213,502.13,-67019.50,None,N/A,
131.9067,cer,SliderControl,Slider Control,456,209,627.14,7960.12,None,N/A,
131.9113,cer,SliderControl,Slider Control,452,207,968.08,73802.66,None,N/A,
131.9210,cer,SliderControl,Slider Control,449,206,326.46,-66238.33,None,N/A,
131.9313,cer,SliderControl,Slider Control,444,204,522.35,19000.86,None,N/A,
131.9419,cer,SliderControl,Slider Control,442,203,211.55,-29404.25,None,N/A,
131.9516,cer,SliderControl,Slider Control,440,202,229.35,1825.81,None,N/A,
131.9615,cer,SliderControl,Slider Control,439,202,101.74,-12983.00,None,N/A,
131.9714,cer,SliderControl,Slider Control,437,201,225.07,12413.58,None,N/A,
131.9814,cer,SliderControl,Slider Control,436,201,100.02,-12507.80,None,N/A,
131.9912,cer,SliderControl,Slider Control,435,201,102.22,224.25,None,N/A,
132.0016,cer,SliderControl,Slider Control,434,201,95.82,-612.89,None,N/A,
132.0111,cer,SliderControl,Slider Control,434,201,0.00,-10067.00,None,N/A,
132.0215,cer,SliderControl,Slider Control,433,201,95.99,9215.02,None,N/A,
132.0318,cer,SliderControl,Slider Control,433,200,97.56,152.70,None,N/A,
132.0411,cer,SliderControl,Slider Control,433,199,107.72,1094.46,None,N/A,
132.0511,cer,SliderControl,Slider Control,433,199,0.00,-10763.82,None,N/A,
132.0609,cer,SliderControl,Slider Control,433,197,203.26,20656.65,None,N/A,
132.0711,cer,SliderControl,Slider Control,433,196,97.88,-10314.25,None,N/A,
132.0813,cer,SliderControl,Slider Control,433,195,98.14,25.85,None,N/A,
132.0909,cer,SliderControl,Slider Control,433,193,208.14,11447.48,None,N/A,
132.1009,cer,SliderControl,Slider Control,433,192,100.41,-10817.00,None,N/A,
132.1111,cer,SliderControl,Slider Control,433,190,195.24,9257.34,None,N/A,
132.1218,cer,SliderControl,Slider Control,433,189,93.44,-9512.03,None,N/A,
132.1308,cer,SliderControl,Slider Control,434,188,157.65,7158.16,None,N/A,
132.1410,cer,SliderControl,Slider Control,434,187,98.37,-5831.62,None,N/A,
132.1508,cer,SliderControl,Slider Control,434,186,101.43,310.27,None,N/A,
132.1615,cer,SliderControl,Slider Control,435,186,93.85,-711.16,None,N/A,
132.1717,cer,SliderControl,Slider Control,435,185,97.95,401.89,None,N/A,
132.1816,cer,SliderControl,Slider Control,436,185,101.59,370.00,None,N/A,
132.1915,cer,SliderControl,Slider Control,437,184,141.93,4048.00,None,N/A,
132.2014,cer,SliderControl,Slider Control,439,184,201.35,5982.09,None,N/A,
132.2113,cer,SliderControl,Slider Control,440,183,143.46,-5872.15,None,N/A,
132.2211,cer,SliderControl,Slider Control,442,183,204.88,6290.84,None,N/A,
132.2314,cer,SliderControl,Slider Control,444,183,192.70,-1173.08,None,N/A,
132.2415,cer,SliderControl,Slider Control,445,183,99.41,-9273.93,None,N/A,
132.2514,cer,SliderControl,Slider Control,448,183,301.74,20350.33,None,N/A,
132.2615,cer,SliderControl,Slider Control,450,183,199.76,-10186.02,None,N/A,
132.2713,cer,SliderControl,Slider Control,453,183,303.71,10523.51,None,N/A,
132.2818,cer,SliderControl,Slider Control,455,183,191.21,-10755.31,None,N/A,
132.2912,cer,SliderControl,Slider Control,457,183,213.88,2424.31,None,N/A,
132.3014,cer,SliderControl,Slider Control,458,183,97.81,-11352.91,None,N/A,
132.3112,cer,SliderControl,Slider Control,459,183,101.81,407.07,None,N/A,
132.3213,cer,SliderControl,Slider Control,461,183,198.22,9555.58,None,N/A,
132.3312,cer,SliderControl,Slider Control,461,183,0.00,-20024.77,None,N/A,
132.3411,cer,SliderControl,Slider Control,462,183,100.96,10193.52,None,N/A,
132.3515,cer,SliderControl,Slider Control,463,183,96.51,-429.80,None,N/A,
132.3610,cer,SliderControl,Slider Control,463,183,0.00,-10063.90,None,N/A,
132.3709,cer,SliderControl,Slider Control,463,183,0.00,0.00,None,N/A,
132.3817,cer,SliderControl,Slider Control,464,183,92.71,8594.43,None,N/A,
132.3913,cer,SliderControl,Slider Control,464,183,0.00,-9672.82,None,N/A,
132.4009,cer,SliderControl,Slider Control,464,183,0.00,0.00,None,N/A,
132.4114,cer,SliderControl,Slider Control,464,183,0.00,0.00,None,N/A,
132.4209,cer,SliderControl,Slider Control,464,183,0.00,0.00,None,N/A,
132.4308,cer,SliderControl,Slider Control,464,183,0.00,0.00,None,N/A,
132.4414,cer,SliderControl,Slider Control,464,183,0.00,0.00,None,N/A,
132.4509,cer,SliderControl,Slider Control,464,183,0.00,0.00,None,N/A,
132.4611,cer,SliderControl,Slider Control,464,183,0.00,0.00,None,N/A,
132.4719,cer,SliderControl,Slider Control,464,183,0.00,0.00,None,N/A,
132.4815,cer,SliderControl,Slider Control,464,183,0.00,0.00,None,N/A,
132.4910,cer,SliderControl,Slider Control,464,183,0.00,0.00,None,N/A,
132.5015,cer,SliderControl,Slider Control,464,183,0.00,0.00,None,N/A,
132.5110,cer,SliderControl,Slider Control,464,183,0.00,0.00,None,N/A,
132.5214,cer,SliderControl,Slider Control,464,183,0.00,0.00,None,N/A,
132.5317,cer,SliderControl,Slider Control,464,183,0.00,0.00,None,N/A,
132.5413,cer,SliderControl,Slider Control,464,183,0.00,0.00,None,N/A,
132.5513,cer,SliderControl,Slider Control,464,183,0.00,0.00,None,N/A,
132.5617,cer,SliderControl,Slider Control,464,183,0.00,0.00,None,N/A,
132.5713,cer,SliderControl,Slider Control,464,183,0.00,0.00,None,N/A,
132.5809,cer,SliderControl,Slider Control,464,183,0.00,0.00,None,N/A,
132.5914,cer,SliderControl,Slider Control,464,183,0.00,0.00,None,N/A,
132.6013,cer,SliderControl,Slider Control,464,183,0.00,0.00,None,N/A,
132.6116,cer,SliderControl,Slider Control,464,183,0.00,0.00,None,N/A,
132.6213,cer,SliderControl,Slider Control,464,183,0.00,0.00,None,N/A,
132.6321,cer,SliderControl,Slider Control,464,183,0.00,0.00,None,N/A,
132.6418,cer,SliderControl,Slider Control,464,183,0.00,0.00,None,N/A,
132.6513,cer,SliderControl,Slider Control,464,183,0.00,0.00,None,N/A,
132.6619,cer,SliderControl,Slider Control,464,183,0.00,0.00,None,N/A,
132.6714,cer,SliderControl,Slider Control,464,183,0.00,0.00,None,N/A,
132.6809,cer,SliderControl,Slider Control,464,183,0.00,0.00,None,N/A,
132.6915,cer,SliderControl,Slider Control,464,183,0.00,0.00,None,N/A,
132.7011,cer,SliderControl,Slider Control,464,183,0.00,0.00,None,N/A,
132.7118,cer,SliderControl,Slider Control,464,183,0.00,0.00,None,N/A,
132.7219,cer,SliderControl,Slider Control,464,183,0.00,0.00,None,N/A,
132.7319,cer,SliderControl,Slider Control,464,183,0.00,0.00,None,N/A,
132.7415,cer,SliderControl,Slider Control,464,183,0.00,0.00,None,N/A,
132.7515,cer,SliderControl,Slider Control,464,183,0.00,0.00,None,N/A,
132.7611,cer,SliderControl,Slider Control,464,183,0.00,0.00,None,N/A,
132.7721,cer,SliderControl,Slider Control,464,183,0.00,0.00,None,N/A,
132.7817,cer,SliderControl,Slider Control,464,183,0.00,0.00,None,N/A,
132.7912,cer,SliderControl,Slider Control,464,183,0.00,0.00,None,N/A,
132.8019,cer,SliderControl,Slider Control,464,183,0.00,0.00,None,N/A,
132.8114,cer,SliderControl,Slider Control,464,183,0.00,0.00,None,N/A,
132.8210,cer,SliderControl,Slider Control,464,183,0.00,0.00,None,N/A,
132.8314,cer,SliderControl,Slider Control,464,183,0.00,0.00,None,N/A,
132.8410,cer,SliderControl,Slider Control,464,183,0.00,0.00,None,N/A,
132.8515,cer,SliderControl,Slider Control,464,183,0.00,0.00,None,N/A,
132.8610,cer,SliderControl,Slider Control,464,183,0.00,0.00,None,N/A,
132.8715,cer,SliderControl,Slider Control,464,183,0.00,0.00,None,N/A,
132.8811,cer,SliderControl,Slider Control,464,183,0.00,0.00,None,N/A,
132.8917,cer,SliderControl,Slider Control,464,183,0.00,0.00,None,N/A,
132.9013,cer,SliderControl,Slider Control,464,183,0.00,0.00,None,N/A,
132.9119,cer,SliderControl,Slider Control,464,183,0.00,0.00,None,N/A,
132.9217,cer,SliderControl,Slider Control,464,183,0.00,0.00,None,N/A,
132.9314,cer,SliderControl,Slider Control,464,183,0.00,0.00,None,N/A,
132.9410,cer,SliderControl,Slider Control,464,183,0.00,0.00,None,N/A,
132.9517,cer,SliderControl,Slider Control,464,183,0.00,0.00,None,N/A,
132.9611,cer,SliderControl,Slider Control,464,183,0.00,0.00,None,N/A,
132.9716,cer,SliderControl,Slider Control,464,183,0.00,0.00,None,N/A,
132.9812,cer,SliderControl,Slider Control,464,183,0.00,0.00,None,N/A,
132.9916,cer,SliderControl,Slider Control,464,183,0.00,0.00,None,N/A,
133.0013,cer,SliderControl,Slider Control,464,183,0.00,0.00,None,N/A,
133.0118,cer,SliderControl,Slider Control,464,183,0.00,0.00,None,N/A,
133.0215,cer,SliderControl,Slider Control,464,183,0.00,0.00,None,N/A,
133.0311,cer,SliderControl,Slider Control,464,183,0.00,0.00,None,N/A,
133.0417,cer,SliderControl,Slider Control,464,183,0.00,0.00,None,N/A,
133.0513,cer,SliderControl,Slider Control,464,183,0.00,0.00,None,N/A,
133.0618,cer,SliderControl,Slider Control,464,183,0.00,0.00,None,N/A,
133.0713,cer,SliderControl,Slider Control,464,183,0.00,0.00,None,N/A,
133.0817,cer,SliderControl,Slider Control,464,183,0.00,0.00,None,N/A,
133.0912,cer,SliderControl,Slider Control,464,183,0.00,0.00,None,N/A,
133.1018,cer,SliderControl,Slider Control,464,183,0.00,0.00,None,N/A,
133.1113,cer,SliderControl,Slider Control,464,183,0.00,0.00,None,N/A,
133.1218,cer,SliderControl,Slider Control,464,183,0.00,0.00,None,N/A,
133.1312,cer,SliderControl,Slider Control,464,183,0.00,0.00,None,N/A,
133.1417,cer,SliderControl,Slider Control,464,183,0.00,0.00,None,N/A,
133.1513,cer,SliderControl,Slider Control,464,183,0.00,0.00,None,N/A,
133.1618,cer,SliderControl,Slider Control,464,183,0.00,0.00,None,N/A,
133.1712,cer,SliderControl,Slider Control,464,183,0.00,0.00,None,N/A,
133.1817,cer,SliderControl,Slider Control,464,183,0.00,0.00,None,N/A,
133.1913,cer,SliderControl,Slider Control,464,183,0.00,0.00,None,N/A,
133.2018,cer,SliderControl,Slider Control,464,183,0.00,0.00,None,N/A,
133.2114,cer,SliderControl,Slider Control,464,183,0.00,0.00,None,N/A,
133.2208,cer,SliderControl,Slider Control,464,183,0.00,0.00,None,N/A,
133.2312,cer,SliderControl,Slider Control,464,183,0.00,0.00,None,N/A,
133.2417,cer,SliderControl,Slider Control,464,183,0.00,0.00,None,N/A,
133.2515,cer,SliderControl,Slider Control,464,183,0.00,0.00,None,N/A,
133.2609,cer,SliderControl,Slider Control,464,183,0.00,0.00,None,N/A,
133.2714,cer,SliderControl,Slider Control,464,183,0.00,0.00,None,N/A,
133.2809,cer,SliderControl,Slider Control,464,183,0.00,0.00,None,N/A,
133.2914,cer,SliderControl,Slider Control,464,183,0.00,0.00,None,N/A,
133.3010,cer,SliderControl,Slider Control,464,183,0.00,0.00,None,N/A,
133.3115,cer,SliderControl,Slider Control,464,183,0.00,0.00,None,N/A,
133.3209,cer,SliderControl,Slider Control,464,183,0.00,0.00,None,N/A,
133.3314,cer,SliderControl,Slider Control,464,183,0.00,0.00,None,N/A,
133.3410,cer,SliderControl,Slider Control,464,183,0.00,0.00,None,N/A,
133.3516,cer,SliderControl,Slider Control,464,183,0.00,0.00,None,N/A,
133.3611,cer,SliderControl,Slider Control,464,183,0.00,0.00,None,N/A,
133.3719,cer,SliderControl,Slider Control,464,183,0.00,0.00,None,N/A,
133.3815,cer,SliderControl,Slider Control,464,183,0.00,0.00,None,N/A,
133.3910,cer,SliderControl,Slider Control,464,183,0.00,0.00,None,N/A,
133.4016,cer,SliderControl,Slider Control,464,183,0.00,0.00,None,N/A,
133.4110,cer,SliderControl,Slider Control,464,183,0.00,0.00,None,N/A,
133.4215,cer,SliderControl,Slider Control,464,183,0.00,0.00,None,N/A,
133.4309,cer,SliderControl,Slider Control,464,183,0.00,0.00,None,N/A,
133.4414,cer,SliderControl,Slider Control,464,183,0.00,0.00,None,N/A,
133.4510,cer,SliderControl,Slider Control,464,183,0.00,0.00,None,N/A,
133.4615,cer,SliderControl,Slider Control,464,183,0.00,0.00,None,N/A,
133.4709,cer,SliderControl,Slider Control,464,183,0.00,0.00,None,N/A,
133.4814,cer,SliderControl,Slider Control,464,183,0.00,0.00,None,N/A,
133.4919,cer,SliderControl,Slider Control,464,183,0.00,0.00,None,N/A,
133.5015,cer,SliderControl,Slider Control,464,183,0.00,0.00,None,N/A,
133.5110,cer,SliderControl,Slider Control,464,183,0.00,0.00,None,N/A,
133.5214,cer,SliderControl,Slider Control,464,183,0.00,0.00,None,N/A,
133.5319,cer,SliderControl,Slider Control,464,183,0.00,0.00,None,N/A,
133.5413,cer,SliderControl,Slider Control,464,183,0.00,0.00,None,N/A,
133.5509,cer,SliderControl,Slider Control,464,183,0.00,0.00,None,N/A,
133.5614,cer,SliderControl,Slider Control,464,183,0.00,0.00,None,N/A,
133.5709,cer,SliderControl,Slider Control,464,183,0.00,0.00,None,N/A,
133.5813,cer,SliderControl,Slider Control,464,183,0.00,0.00,Left,N/A,
133.5918,cer,SliderControl,Slider Control,464,183,0.00,0.00,Left,N/A,
133.6013,cer,SliderControl,Slider Control,464,183,0.00,0.00,Left,N/A,
133.6118,cer,SliderControl,Slider Control,464,183,0.00,0.00,Left,N/A,
133.6212,cer,SliderControl,Slider Control,464,183,0.00,0.00,Left,N/A,
133.6318,cer,SliderControl,Slider Control,464,183,0.00,0.00,Left,N/A,
133.6413,cer,SliderControl,Slider Control,464,183,0.00,0.00,Left,N/A,
133.6519,cer,SliderControl,Slider Control,464,183,0.00,0.00,Left,N/A,
133.6619,cer,SliderControl,Slider Control,464,183,0.00,0.00,Left,N/A,
133.6715,cer,SliderControl,Slider Control,464,183,0.00,0.00,Left,N/A,
133.6816,cer,SliderControl,Slider Control,464,183,0.00,0.00,Left,N/A,
133.6912,cer,SliderControl,Slider Control,464,183,0.00,0.00,Left,N/A,
133.7018,cer,SliderControl,Slider Control,464,183,0.00,0.00,Left,N/A,
133.7117,cer,SliderControl,Slider Control,464,183,0.00,0.00,Left,N/A,
133.7213,cer,SliderControl,Slider Control,464,183,0.00,0.00,Left,N/A,
133.7317,cer,SliderControl,Slider Control,464,183,0.00,0.00,Left,N/A,
133.7412,cer,SliderControl,Slider Control,464,183,0.00,0.00,Left,N/A,
133.7517,cer,SliderControl,Slider Control,464,183,0.00,0.00,Left,N/A,
133.7612,cer,SliderControl,Slider Control,464,183,0.00,0.00,Left,N/A,
133.7716,cer,SliderControl,Slider Control,464,183,0.00,0.00,Left,N/A,
133.7811,cer,SliderControl,Slider Control,464,183,0.00,0.00,Left,N/A,
133.7915,cer,SliderControl,Slider Control,467,183,289.56,27948.70,Left,N/A,
133.8009,cer,SliderControl,Slider Control,470,184,336.91,5044.73,Left,N/A,
133.8112,cer,SliderControl,Slider Control,476,184,578.18,23249.26,Left,N/A,
133.8212,cer,SliderControl,Slider Control,478,184,200.02,-37819.63,Left,N/A,
133.8308,cer,SliderControl,Slider Control,483,184,521.86,33591.39,Left,N/A,
133.8412,cer,SliderControl,Slider Control,485,184,192.08,-31672.34,Left,N/A,
133.8510,cer,SliderControl,Slider Control,487,184,203.86,1200.99,Left,N/A,
133.8612,cer,SliderControl,Slider Control,489,184,197.59,-620.04,Left,N/A,
133.8709,cer,SliderControl,Slider Control,491,184,205.17,777.31,Left,N/A,
133.8809,cer,SliderControl,Slider Control,493,184,200.85,-433.62,Left,N/A,
133.8918,cer,SliderControl,Slider Control,494,184,91.77,-10009.98,Left,N/A,
133.9008,cer,SliderControl,Slider Control,495,184,110.68,2093.42,Left,N/A,
133.9110,cer,SliderControl,Slider Control,496,184,98.21,-1224.91,Left,N/A,
133.9213,cer,SliderControl,Slider Control,496,184,0.00,-9495.35,Left,N/A,
133.9317,cer,SliderControl,Slider Control,497,184,96.08,9231.07,Left,N/A,
133.9415,cer,SliderControl,Slider Control,497,184,0.00,-9843.96,Left,N/A,
133.9513,cer,SliderControl,Slider Control,497,184,0.00,0.00,Left,N/A,
133.9618,cer,SliderControl,Slider Control,497,184,0.00,0.00,Left,N/A,
133.9712,cer,SliderControl,Slider Control,497,184,0.00,0.00,Left,N/A,
133.9816,cer,SliderControl,Slider Control,497,184,0.00,0.00,Left,N/A,
133.9911,cer,SliderControl,Slider Control,497,184,0.00,0.00,Left,N/A,
134.0013,cer,SliderControl,Slider Control,497,184,0.00,0.00,Left,N/A,
134.0112,cer,SliderControl,Slider Control,497,184,0.00,0.00,Left,N/A,
134.0213,cer,SliderControl,Slider Control,496,185,139.83,13825.25,Left,N/A,
134.0314,cer,SliderControl,Slider Control,496,185,0.00,-13856.61,Left,N/A,
134.0412,cer,SliderControl,Slider Control,493,186,322.73,32936.57,Left,N/A,
134.0513,cer,SliderControl,Slider Control,492,186,98.57,-22095.89,Left,N/A,
134.0611,cer,SliderControl,Slider Control,488,187,422.33,33162.35,Left,N/A,
134.0711,cer,SliderControl,Slider Control,485,187,300.09,-12227.87,Left,N/A,
134.0815,cer,SliderControl,Slider Control,482,188,304.36,411.69,Left,N/A,
134.0910,cer,SliderControl,Slider Control,475,188,734.52,45136.49,Left,N/A,
134.1011,cer,SliderControl,Slider Control,471,188,393.98,-33541.24,Left,N/A,
134.1111,cer,SliderControl,Slider Control,465,188,600.49,20667.57,Left,N/A,
134.1210,cer,SliderControl,Slider Control,461,188,404.66,-19810.86,Left,N/A,
134.1308,cer,SliderControl,Slider Control,456,187,520.68,11846.92,Left,N/A,
134.1409,cer,SliderControl,Slider Control,453,187,297.75,-22125.58,Left,N/A,
134.1509,cer,SliderControl,Slider Control,451,187,199.12,-9819.74,Left,N/A,
134.1610,cer,SliderControl,Slider Control,447,186,407.77,20635.62,Left,N/A,
134.1718,cer,SliderControl,Slider Control,445,186,185.06,-20607.44,Left,N/A,
134.1818,cer,SliderControl,Slider Control,442,185,319.03,13516.36,Left,N/A,
134.1916,cer,SliderControl,Slider Control,441,185,101.51,-22080.69,Left,N/A,
134.2015,cer,SliderControl,Slider Control,438,185,302.56,20276.97,Left,N/A,
134.2116,cer,SliderControl,Slider Control,438,185,0.00,-30089.71,Left,N/A,
134.2214,cer,SliderControl,Slider Control,436,185,204.67,20944.92,Left,N/A,
134.2313,cer,SliderControl,Slider Control,436,185,0.00,-20504.18,Left,N/A,
134.2414,cer,SliderControl,Slider Control,435,185,99.85,9969.57,Left,N/A,
134.2515,cer,SliderControl,Slider Control,435,185,0.00,-9882.99,Left,N/A,
134.2611,cer,SliderControl,Slider Control,435,185,0.00,0.00,Left,N/A,
134.2713,cer,SliderControl,Slider Control,434,185,98.60,9721.77,Left,N/A,
134.2812,cer,SliderControl,Slider Control,434,185,0.00,-9938.82,Left,N/A,
134.2911,cer,SliderControl,Slider Control,433,185,100.97,10194.99,Left,N/A,
134.3009,cer,SliderControl,Slider Control,433,185,0.00,-10308.90,Left,N/A,
134.3115,cer,SliderControl,Slider Control,433,185,0.00,0.00,Left,N/A,
134.3210,cer,SliderControl,Slider Control,433,185,0.00,0.00,Left,N/A,
134.3311,cer,SliderControl,Slider Control,433,185,0.00,0.00,Left,N/A,
134.3410,cer,SliderControl,Slider Control,433,185,0.00,0.00,Left,N/A,
134.3511,cer,SliderControl,Slider Control,432,185,98.70,9740.99,Left,N/A,
134.3617,cer,SliderControl,Slider Control,432,185,0.00,-9353.83,Left,N/A,
134.3714,cer,SliderControl,Slider Control,432,185,0.00,0.00,None,N/A,
134.3819,cer,SliderControl,Slider Control,432,185,0.00,0.00,None,N/A,
134.3913,cer,SliderControl,Slider Control,432,185,0.00,0.00,None,N/A,
134.4009,cer,SliderControl,Slider Control,432,185,0.00,0.00,None,N/A,
134.4114,cer,SliderControl,Slider Control,432,185,0.00,0.00,None,N/A,
134.4209,cer,SliderControl,Slider Control,432,185,0.00,0.00,None,N/A,
134.4315,cer,SliderControl,Slider Control,432,185,0.00,0.00,None,N/A,
134.4409,cer,SliderControl,Slider Control,432,185,0.00,0.00,None,N/A,
134.4515,cer,SliderControl,Slider Control,432,185,0.00,0.00,None,N/A,
134.4610,cer,SliderControl,Slider Control,432,185,0.00,0.00,None,N/A,
134.4715,cer,SliderControl,Slider Control,432,185,0.00,0.00,None,N/A,
134.4810,cer,SliderControl,Slider Control,432,185,0.00,0.00,None,N/A,
134.4915,cer,SliderControl,Slider Control,432,185,0.00,0.00,None,N/A,
134.5012,cer,SliderControl,Slider Control,432,185,0.00,0.00,None,N/A,
134.5117,cer,SliderControl,Slider Control,432,185,0.00,0.00,None,N/A,
134.5212,cer,SliderControl,Slider Control,432,185,0.00,0.00,None,N/A,
134.5316,cer,SliderControl,Slider Control,432,185,0.00,0.00,None,N/A,
134.5411,cer,SliderControl,Slider Control,432,185,0.00,0.00,None,N/A,
134.5516,cer,SliderControl,Slider Control,432,185,0.00,0.00,None,N/A,
134.5611,cer,SliderControl,Slider Control,432,185,0.00,0.00,None,N/A,
134.5717,cer,SliderControl,Slider Control,432,185,0.00,0.00,None,N/A,
134.5811,cer,SliderControl,Slider Control,432,185,0.00,0.00,None,N/A,
134.5918,cer,SliderControl,Slider Control,433,185,93.90,8816.73,None,N/A,
134.6013,cer,SliderControl,Slider Control,435,185,209.43,12097.54,None,N/A,
134.6109,cer,SliderControl,Slider Control,439,186,431.45,23233.61,None,N/A,
134.6218,cer,SliderControl,Slider Control,440,186,91.67,-31147.24,None,N/A,
134.6313,cer,SliderControl,Slider Control,442,186,211.02,12593.55,None,N/A,
134.6410,cer,SliderControl,Slider Control,446,186,410.91,20534.48,None,N/A,
134.6515,cer,SliderControl,Slider Control,447,186,95.11,-30035.43,None,N/A,
134.6609,cer,SliderControl,Slider Control,450,186,319.70,23934.89,None,N/A,
134.6710,cer,SliderControl,Slider Control,451,186,98.99,-21848.48,None,N/A,
134.6811,cer,SliderControl,Slider Control,454,186,297.32,19655.95,None,N/A,
134.6918,cer,SliderControl,Slider Control,455,186,93.77,-19086.89,None,N/A,
134.7011,cer,SliderControl,Slider Control,456,186,107.58,1486.34,None,N/A,
134.7117,cer,SliderControl,Slider Control,458,186,187.30,7465.89,None,N/A,
134.7210,cer,SliderControl,Slider Control,459,186,107.70,-8573.35,None,N/A,
134.7317,cer,SliderControl,Slider Control,461,186,187.86,7529.63,None,N/A,
134.7411,cer,SliderControl,Slider Control,462,186,105.98,-8677.84,None,N/A,
134.7515,cer,SliderControl,Slider Control,464,186,191.53,8191.92,None,N/A,
134.7615,cer,SliderControl,Slider Control,465,186,99.98,-9152.69,None,N/A,
134.7716,cer,SliderControl,Slider Control,466,186,99.54,-43.69,None,N/A,
134.7816,cer,SliderControl,Slider Control,467,186,99.70,15.57,None,N/A,
134.7913,cer,SliderControl,Slider Control,467,186,0.00,-10303.94,None,N/A,
134.8012,cer,SliderControl,Slider Control,468,186,100.88,10177.34,None,N/A,
134.8113,cer,SliderControl,Slider Control,469,186,99.02,-184.88,None,N/A,
134.8210,cer,SliderControl,Slider Control,469,186,0.00,-10232.39,None,N/A,
134.8315,cer,SliderControl,Slider Control,470,186,95.15,9053.10,None,N/A,
134.8411,cer,SliderControl,Slider Control,470,186,0.00,-9940.44,None,N/A,
134.8510,cer,SliderControl,Slider Control,470,186,0.00,0.00,None,N/A,
134.8615,cer,SliderControl,Slider Control,471,186,95.42,9105.49,None,N/A,
134.8711,cer,SliderControl,Slider Control,471,186,0.00,-9993.55,None,N/A,
134.8817,cer,SliderControl,Slider Control,471,186,0.00,0.00,None,N/A,
134.8912,cer,SliderControl,Slider Control,471,186,0.00,0.00,None,N/A,
134.9019,cer,SliderControl,Slider Control,471,186,0.00,0.00,None,N/A,
134.9114,cer,SliderControl,Slider Control,471,186,0.00,0.00,None,N/A,
134.9208,cer,SliderControl,Slider Control,471,186,0.00,0.00,None,N/A,
134.9314,cer,SliderControl,Slider Control,471,186,0.00,0.00,None,N/A,
134.9410,cer,SliderControl,Slider Control,471,186,0.00,0.00,None,N/A,
134.9517,cer,SliderControl,Slider Control,471,186,0.00,0.00,None,N/A,
134.9612,cer,SliderControl,Slider Control,471,186,0.00,0.00,None,N/A,
134.9717,cer,SliderControl,Slider Control,470,186,95.42,9104.66,None,N/A,
134.9808,cer,SliderControl,Slider Control,470,187,109.80,1578.92,None,N/A,
134.9918,cer,SliderControl,Slider Control,470,187,0.00,-9983.92,None,N/A,
135.0015,cer,SliderControl,Slider Control,469,188,145.04,14874.83,None,N/A,
135.0117,cer,SliderControl,Slider Control,469,188,0.00,-14274.49,None,N/A,
135.0219,cer,SliderControl,Slider Control,468,188,97.74,9553.94,None,N/A,
135.0315,cer,SliderControl,Slider Control,468,188,0.00,-10252.05,None,N/A,
135.0417,cer,SliderControl,Slider Control,467,188,97.98,9600.87,None,N/A,
135.0515,cer,SliderControl,Slider Control,467,188,0.00,-10019.38,None,N/A,
135.0615,cer,SliderControl,Slider Control,467,188,0.00,0.00,None,N/A,
135.0715,cer,SliderControl,Slider Control,467,188,0.00,0.00,None,N/A,
135.0809,cer,SliderControl,Slider Control,467,188,0.00,0.00,None,N/A,
135.0916,cer,SliderControl,Slider Control,467,188,0.00,0.00,None,N/A,
135.1015,cer,SliderControl,Slider Control,466,188,101.28,10257.12,None,N/A,
135.1111,cer,SliderControl,Slider Control,466,188,0.00,-10528.64,None,N/A,
135.1217,cer,SliderControl,Slider Control,466,189,94.56,8941.19,None,N/A,
135.1311,cer,SliderControl,Slider Control,466,189,0.00,-10078.38,None,N/A,
135.1417,cer,SliderControl,Slider Control,466,189,0.00,0.00,None,N/A,
135.1515,cer,SliderControl,Slider Control,466,189,0.00,0.00,None,N/A,
135.1610,cer,SliderControl,Slider Control,466,189,0.00,0.00,None,N/A,
135.1713,cer,SliderControl,Slider Control,466,189,0.00,0.00,None,N/A,
135.1818,cer,SliderControl,Slider Control,466,189,0.00,0.00,None,N/A,
135.1915,cer,SliderControl,Slider Control,466,189,0.00,0.00,None,N/A,
135.2011,cer,SliderControl,Slider Control,466,189,0.00,0.00,None,N/A,
135.2114,cer,SliderControl,Slider Control,466,189,0.00,0.00,None,N/A,
135.2209,cer,SliderControl,Slider Control,466,189,0.00,0.00,None,N/A,
135.2312,cer,SliderControl,Slider Control,466,189,0.00,0.00,None,N/A,
135.2418,cer,SliderControl,Slider Control,466,189,0.00,0.00,None,N/A,
135.2512,cer,SliderControl,Slider Control,466,189,0.00,0.00,None,N/A,
135.2616,cer,SliderControl,Slider Control,466,189,0.00,0.00,None,N/A,
135.2711,cer,SliderControl,Slider Control,466,189,0.00,0.00,None,N/A,
135.2811,cer,SliderControl,Slider Control,466,190,99.27,9853.82,None,N/A,
135.2917,cer,SliderControl,Slider Control,466,190,0.00,-9381.98,None,N/A,
135.3016,cer,SliderControl,Slider Control,466,190,0.00,0.00,None,N/A,
135.3113,cer,SliderControl,Slider Control,466,190,0.00,0.00,None,N/A,
135.3218,cer,SliderControl,Slider Control,466,190,0.00,0.00,None,N/A,
135.3317,cer,SliderControl,Slider Control,466,190,0.00,0.00,None,N/A,
135.3412,cer,SliderControl,Slider Control,466,190,0.00,0.00,None,N/A,
135.3517,cer,SliderControl,Slider Control,466,190,0.00,0.00,None,N/A,
135.3612,cer,SliderControl,Slider Control,466,190,0.00,0.00,None,N/A,
135.3717,cer,SliderControl,Slider Control,466,190,0.00,0.00,None,N/A,
135.3812,cer,SliderControl,Slider Control,466,190,0.00,0.00,None,N/A,
135.3918,cer,SliderControl,Slider Control,466,190,0.00,0.00,None,N/A,
135.4016,cer,SliderControl,Slider Control,466,190,0.00,0.00,None,N/A,
135.4111,cer,SliderControl,Slider Control,466,190,0.00,0.00,None,N/A,
135.4215,cer,SliderControl,Slider Control,466,190,0.00,0.00,None,N/A,
135.4312,cer,SliderControl,Slider Control,466,190,0.00,0.00,None,N/A,
135.4418,cer,SliderControl,Slider Control,466,190,0.00,0.00,None,N/A,
135.4509,cer,SliderControl,Slider Control,466,190,0.00,0.00,Left,N/A,
135.4614,cer,SliderControl,Slider Control,466,190,0.00,0.00,Left,N/A,
135.4708,cer,SliderControl,Slider Control,466,190,0.00,0.00,Left,N/A,
135.4812,cer,SliderControl,Slider Control,466,190,0.00,0.00,Left,N/A,
135.4917,cer,SliderControl,Slider Control,466,190,0.00,0.00,Left,N/A,
135.5010,cer,SliderControl,Slider Control,466,190,0.00,0.00,Left,N/A,
135.5115,cer,SliderControl,Slider Control,466,190,0.00,0.00,Left,N/A,
135.5210,cer,SliderControl,Slider Control,466,190,0.00,0.00,Left,N/A,
135.5315,cer,SliderControl,Slider Control,466,190,0.00,0.00,Left,N/A,
135.5409,cer,SliderControl,Slider Control,466,190,0.00,0.00,Left,N/A,
135.5516,cer,SliderControl,Slider Control,466,190,0.00,0.00,Left,N/A,
135.5611,cer,SliderControl,Slider Control,466,190,0.00,0.00,Left,N/A,
135.5717,cer,SliderControl,Slider Control,466,190,0.00,0.00,Left,N/A,
135.5811,cer,SliderControl,Slider Control,466,190,0.00,0.00,Left,N/A,
135.5916,cer,SliderControl,Slider Control,466,190,0.00,0.00,Left,N/A,
135.6013,cer,SliderControl,Slider Control,466,190,0.00,0.00,Left,N/A,
135.6117,cer,SliderControl,Slider Control,466,190,0.00,0.00,Left,N/A,
135.6214,cer,SliderControl,Slider Control,466,190,0.00,0.00,Left,N/A,
135.6318,cer,SliderControl,Slider Control,466,190,0.00,0.00,Left,N/A,
135.6413,cer,SliderControl,Slider Control,466,190,0.00,0.00,Left,N/A,
135.6522,cer,SliderControl,Slider Control,466,190,0.00,0.00,Left,N/A,
135.6623,cer,SliderControl,Slider Control,466,190,0.00,0.00,Left,N/A,
135.6710,cer,SliderControl,Slider Control,466,190,0.00,0.00,Left,N/A,
135.6813,cer,SliderControl,Slider Control,463,189,307.00,29803.82,Left,N/A,
135.6912,cer,SliderControl,Slider Control,458,189,507.11,20295.68,Left,N/A,
135.7016,cer,SliderControl,Slider Control,446,187,1161.61,62493.70,Left,N/A,
135.7118,cer,SliderControl,Slider Control,441,187,493.56,-65944.38,Left,N/A,
135.7215,cer,SliderControl,Slider Control,431,185,1042.14,56059.46,Left,N/A,
135.7310,cer,SliderControl,Slider Control,427,185,423.83,-65514.68,Left,N/A,
135.7408,cer,SliderControl,Slider Control,420,184,719.37,30066.87,Left,N/A,
135.7516,cer,SliderControl,Slider Control,417,184,279.19,-40964.78,Left,N/A,
135.7612,cer,SliderControl,Slider Control,412,183,527.52,25691.26,Left,N/A,
135.7713,cer,SliderControl,Slider Control,410,183,197.63,-32598.08,Left,N/A,
135.7814,cer,SliderControl,Slider Control,408,183,198.56,92.42,Left,N/A,
135.7912,cer,SliderControl,Slider Control,405,183,307.28,11135.51,Left,N/A,
135.8015,cer,SliderControl,Slider Control,404,183,96.96,-20392.42,Left,N/A,
135.8112,cer,SliderControl,Slider Control,402,183,206.29,11276.71,Left,N/A,
135.8217,cer,SliderControl,Slider Control,401,183,95.10,-10574.18,Left,N/A,
135.8309,cer,SliderControl,Slider Control,400,183,108.94,1508.18,Left,N/A,
135.8414,cer,SliderControl,Slider Control,399,183,95.49,-1284.71,Left,N/A,
135.8509,cer,SliderControl,Slider Control,399,183,0.00,-9966.06,Left,N/A,
135.8615,cer,SliderControl,Slider Control,397,183,189.67,17986.85,Left,N/A,
135.8718,cer,SliderControl,Slider Control,397,183,0.00,-18293.76,Left,N/A,
135.8810,cer,SliderControl,Slider Control,395,182,244.08,26642.63,Left,N/A,
135.8910,cer,SliderControl,Slider Control,395,182,0.00,-24407.96,Left,N/A,
135.9017,cer,SliderControl,Slider Control,393,181,209.69,19663.70,Left,N/A,
135.9111,cer,SliderControl,Slider Control,392,181,106.62,-10989.17,Left,N/A,
135.9209,cer,SliderControl,Slider Control,391,180,144.03,3810.12,Left,N/A,
135.9318,cer,SliderControl,Slider Control,389,180,183.19,3586.80,Left,N/A,
135.9414,cer,SliderControl,Slider Control,388,179,147.58,-3716.80,Left,N/A,
135.9516,cer,SliderControl,Slider Control,386,179,196.23,4774.24,Left,N/A,
135.9618,cer,SliderControl,Slider Control,385,179,97.24,-9626.17,Left,N/A,
135.9714,cer,SliderControl,Slider Control,383,179,208.45,11591.39,Left,N/A,
135.9818,cer,SliderControl,Slider Control,382,178,135.89,-6972.68,Left,N/A,
135.9916,cer,SliderControl,Slider Control,380,178,204.53,7019.05,Left,N/A,
136.0014,cer,SliderControl,Slider Control,378,178,204.06,-47.72,Left,N/A,
136.0114,cer,SliderControl,Slider Control,377,178,100.32,-10406.97,Left,N/A,
136.0211,cer,SliderControl,Slider Control,373,178,410.36,31807.20,Left,N/A,
136.0318,cer,SliderControl,Slider Control,371,178,187.48,-20892.90,Left,N/A,
136.0414,cer,SliderControl,Slider Control,367,178,418.41,24155.09,Left,N/A,
136.0516,cer,SliderControl,Slider Control,364,178,294.52,-12162.06,Left,N/A,
136.0610,cer,SliderControl,Slider Control,359,178,526.74,24463.18,Left,N/A,
136.0710,cer,SliderControl,Slider Control,356,178,300.65,-22657.83,Left,N/A,
136.0814,cer,SliderControl,Slider Control,353,178,288.60,-1158.87,Left,N/A,
136.0913,cer,SliderControl,Slider Control,348,178,506.28,22041.11,Left,N/A,
136.1011,cer,SliderControl,Slider Control,345,178,305.01,-20462.81,Left,N/A,
136.1115,cer,SliderControl,Slider Control,340,178,483.57,17269.35,Left,N/A,
136.1212,cer,SliderControl,Slider Control,337,178,309.32,-17966.38,Left,N/A,
136.1309,cer,SliderControl,Slider Control,332,179,526.59,22437.55,Left,N/A,
136.1412,cer,SliderControl,Slider Control,329,179,291.25,-22847.36,Left,N/A,
136.1510,cer,SliderControl,Slider Control,327,179,203.77,-8912.98,Left,N/A,
136.1617,cer,SliderControl,Slider Control,322,180,476.07,25422.85,Left,N/A,
136.1717,cer,SliderControl,Slider Control,319,180,300.33,-17593.05,Left,N/A,
136.1811,cer,SliderControl,Slider Control,314,181,538.13,25096.25,Left,N/A,
136.1917,cer,SliderControl,Slider Control,313,181,94.67,-41982.56,Left,N/A,
136.2014,cer,SliderControl,Slider Control,309,182,424.39,33938.28,Left,N/A,
136.2110,cer,SliderControl,Slider Control,308,182,104.76,-33484.26,Left,N/A,
136.2214,cer,SliderControl,Slider Control,304,183,393.45,27548.07,Left,N/A,
136.2317,cer,SliderControl,Slider Control,303,183,97.58,-28870.78,Left,N/A,
136.2415,cer,SliderControl,Slider Control,302,183,101.96,446.73,Left,N/A,
136.2509,cer,SliderControl,Slider Control,299,184,335.28,24736.96,Left,N/A,
136.2615,cer,SliderControl,Slider Control,298,184,94.71,-22784.01,Left,N/A,
136.2714,cer,SliderControl,Slider Control,295,184,303.58,21135.58,Left,N/A,
136.2815,cer,SliderControl,Slider Control,294,185,140.35,-16198.88,Left,N/A,
136.2913,cer,SliderControl,Slider Control,292,185,203.29,6397.96,Left,N/A,
136.3013,cer,SliderControl,Slider Control,291,186,140.82,-6220.34,Left,N/A,
136.3113,cer,SliderControl,Slider Control,290,186,100.64,-4044.20,Left,N/A,
136.3213,cer,SliderControl,Slider Control,288,186,200.07,9946.19,Left,N/A,
136.3313,cer,SliderControl,Slider Control,287,187,141.21,-5876.94,Left,N/A,
136.3408,cer,SliderControl,Slider Control,285,187,209.46,7148.42,Left,N/A,
136.3516,cer,SliderControl,Slider Control,284,187,93.07,-10832.88,Left,N/A,
136.3609,cer,SliderControl,Slider Control,282,187,213.67,12883.51,Left,N/A,
136.3717,cer,SliderControl,Slider Control,282,187,0.00,-19891.00,Left,N/A,
136.3814,cer,SliderControl,Slider Control,281,187,103.33,10677.27,Left,N/A,
136.3910,cer,SliderControl,Slider Control,280,187,103.17,-16.78,Left,N/A,
136.4018,cer,SliderControl,Slider Control,280,187,0.00,-9585.51,Left,N/A,
136.4109,cer,SliderControl,Slider Control,279,187,109.68,12029.88,Left,N/A,
136.4216,cer,SliderControl,Slider Control,279,187,0.00,-10257.41,Left,N/A,
136.4308,cer,SliderControl,Slider Control,278,187,108.90,11859.94,Left,N/A,
136.4416,cer,SliderControl,Slider Control,278,187,0.00,-10069.97,Left,N/A,
136.4514,cer,SliderControl,Slider Control,278,188,102.06,10415.46,Left,N/A,
136.4610,cer,SliderControl,Slider Control,278,188,0.00,-10627.24,Left,N/A,
136.4715,cer,SliderControl,Slider Control,278,188,0.00,0.00,Left,N/A,
136.4815,cer,SliderControl,Slider Control,278,188,0.00,0.00,Left,N/A,
136.4909,cer,SliderControl,Slider Control,278,188,0.00,0.00,Left,N/A,
136.5015,cer,SliderControl,Slider Control,278,188,0.00,0.00,Left,N/A,
136.5110,cer,SliderControl,Slider Control,278,188,0.00,0.00,Left,N/A,
136.5215,cer,SliderControl,Slider Control,278,188,0.00,0.00,Left,N/A,
136.5310,cer,SliderControl,Slider Control,278,188,0.00,0.00,Left,N/A,
136.5415,cer,SliderControl,Slider Control,278,188,0.00,0.00,Left,N/A,
136.5511,cer,SliderControl,Slider Control,278,188,0.00,0.00,Left,N/A,
136.5616,cer,SliderControl,Slider Control,278,188,0.00,0.00,Left,N/A,
136.5710,cer,SliderControl,Slider Control,278,188,0.00,0.00,Left,N/A,
136.5815,cer,SliderControl,Slider Control,278,188,0.00,0.00,Left,N/A,
136.5910,cer,SliderControl,Slider Control,278,188,0.00,0.00,Left,N/A,
136.6009,cer,SliderControl,Slider Control,278,188,0.00,0.00,Left,N/A,
136.6116,cer,SliderControl,Slider Control,278,188,0.00,0.00,Left,N/A,
136.6213,cer,SliderControl,Slider Control,278,188,0.00,0.00,Left,N/A,
136.6309,cer,SliderControl,Slider Control,278,188,0.00,0.00,Left,N/A,
136.6414,cer,SliderControl,Slider Control,278,188,0.00,0.00,Left,N/A,
136.6519,cer,SliderControl,Slider Control,278,188,0.00,0.00,Left,N/A,
136.6614,cer,SliderControl,Slider Control,278,188,0.00,0.00,Left,N/A,
136.6709,cer,SliderControl,Slider Control,278,188,0.00,0.00,Left,N/A,
136.6817,cer,SliderControl,Slider Control,278,188,0.00,0.00,Left,N/A,
136.6913,cer,SliderControl,Slider Control,279,187,146.54,15185.12,Left,N/A,
136.7017,cer,SliderControl,Slider Control,279,187,0.00,-14147.08,Left,N/A,
136.7115,cer,SliderControl,Slider Control,280,187,102.15,10434.24,Left,N/A,
136.7214,cer,SliderControl,Slider Control,280,187,0.00,-10335.32,Left,N/A,
136.7243,cer,SliderControl,Slider Control,280,187,0.00,0.00,None,N/A,slider_released_missed
136.7312,cer,SliderControl,Slider Control,280,187,0.00,0.00,None,N/A,
136.7417,cer,SliderControl,Slider Control,280,187,0.00,0.00,None,N/A,
136.7516,cer,SliderControl,Slider Control,280,187,0.00,0.00,None,N/A,
136.7615,cer,SliderControl,Slider Control,280,187,0.00,0.00,None,N/A,
136.7711,cer,SliderControl,Slider Control,280,187,0.00,0.00,None,N/A,
136.7817,cer,SliderControl,Slider Control,280,187,0.00,0.00,None,N/A,
136.7913,cer,SliderControl,Slider Control,280,187,0.00,0.00,None,N/A,
136.8018,cer,SliderControl,Slider Control,280,187,0.00,0.00,None,N/A,
136.8113,cer,SliderControl,Slider Control,280,187,0.00,0.00,None,N/A,
136.8218,cer,SliderControl,Slider Control,280,187,0.00,0.00,None,N/A,
136.8315,cer,SliderControl,Slider Control,280,187,0.00,0.00,None,N/A,
136.8411,cer,SliderControl,Slider Control,280,187,0.00,0.00,None,N/A,
136.8509,cer,SliderControl,Slider Control,280,187,0.00,0.00,None,N/A,
136.8613,cer,SliderControl,Slider Control,280,187,0.00,0.00,None,N/A,
136.8718,cer,SliderControl,Slider Control,280,187,0.00,0.00,None,N/A,
136.8813,cer,SliderControl,Slider Control,280,187,0.00,0.00,None,N/A,
136.8909,cer,SliderControl,Slider Control,280,187,0.00,0.00,None,N/A,
136.9015,cer,SliderControl,Slider Control,280,187,0.00,0.00,None,N/A,
136.9110,cer,SliderControl,Slider Control,280,187,0.00,0.00,None,N/A,
136.9597,cer,SliderControl,Slider Control,280,187,0.00,0.00,None,N/A,
136.9700,cer,SliderControl,Slider Control,280,187,0.00,0.00,None,N/A,
136.9803,cer,SliderControl,Slider Control,280,187,0.00,0.00,None,N/A,
136.9899,cer,SliderControl,Slider Control,280,187,0.00,0.00,None,N/A,
137.0005,cer,SliderControl,Slider Control,280,187,0.00,0.00,None,N/A,
137.0100,cer,SliderControl,Slider Control,280,187,0.00,0.00,None,N/A,
137.0208,cer,SliderControl,Slider Control,280,187,0.00,0.00,None,N/A,
137.0304,cer,SliderControl,Slider Control,280,187,0.00,0.00,None,N/A,
137.0399,cer,SliderControl,Slider Control,280,187,0.00,0.00,None,N/A,
137.0505,cer,SliderControl,Slider Control,280,187,0.00,0.00,None,N/A,
137.0600,cer,SliderControl,Slider Control,280,187,0.00,0.00,None,N/A,
137.0706,cer,SliderControl,Slider Control,280,187,0.00,0.00,None,N/A,
137.0800,cer,SliderControl,Slider Control,280,187,0.00,0.00,None,N/A,
137.0905,cer,SliderControl,Slider Control,280,187,0.00,0.00,None,N/A,
137.1003,cer,SliderControl,Slider Control,280,187,0.00,0.00,None,N/A,
137.1098,cer,SliderControl,Slider Control,280,187,0.00,0.00,None,N/A,
137.1202,cer,SliderControl,Slider Control,280,187,0.00,0.00,None,N/A,
137.1306,cer,SliderControl,Slider Control,280,187,0.00,0.00,None,N/A,
137.1402,cer,SliderControl,Slider Control,280,187,0.00,0.00,None,N/A,
137.1500,cer,SliderControl,Slider Control,280,187,0.00,0.00,None,N/A,
137.1605,cer,SliderControl,Slider Control,280,187,0.00,0.00,None,N/A,
137.1700,cer,SliderControl,Slider Control,280,187,0.00,0.00,None,N/A,
137.1805,cer,SliderControl,Slider Control,280,187,0.00,0.00,None,N/A,
137.1900,cer,SliderControl,Slider Control,280,187,0.00,0.00,None,N/A,
137.2006,cer,SliderControl,Slider Control,280,187,0.00,0.00,None,N/A,
137.2102,cer,SliderControl,Slider Control,280,187,0.00,0.00,None,N/A,
137.2207,cer,SliderControl,Slider Control,280,187,0.00,0.00,None,N/A,
137.2304,cer,SliderControl,Slider Control,280,187,0.00,0.00,Left,N/A,
137.2398,cer,SliderControl,Slider Control,280,187,0.00,0.00,Left,N/A,
137.2504,cer,SliderControl,Slider Control,280,187,0.00,0.00,Left,N/A,
137.2599,cer,SliderControl,Slider Control,280,187,0.00,0.00,Left,N/A,
137.2704,cer,SliderControl,Slider Control,280,187,0.00,0.00,Left,N/A,
137.2807,cer,SliderControl,Slider Control,280,187,0.00,0.00,Left,N/A,
137.2903,cer,SliderControl,Slider Control,280,187,0.00,0.00,Left,N/A,
137.2998,cer,SliderControl,Slider Control,280,187,0.00,0.00,Left,N/A,
137.3102,cer,SliderControl,Slider Control,280,187,0.00,0.00,Left,N/A,
137.3207,cer,SliderControl,Slider Control,280,187,0.00,0.00,Left,N/A,
137.3302,cer,SliderControl,Slider Control,280,187,0.00,0.00,Left,N/A,
137.3407,cer,SliderControl,Slider Control,280,187,0.00,0.00,Left,N/A,
137.3503,cer,SliderControl,Slider Control,280,187,0.00,0.00,Left,N/A,
137.3598,cer,SliderControl,Slider Control,280,187,0.00,0.00,Left,N/A,
137.3703,cer,SliderControl,Slider Control,280,187,0.00,0.00,Left,N/A,
137.3799,cer,SliderControl,Slider Control,280,187,0.00,0.00,Left,N/A,
137.3904,cer,SliderControl,Slider Control,280,187,0.00,0.00,Left,N/A,
137.4000,cer,SliderControl,Slider Control,280,187,0.00,0.00,Left,N/A,
137.4104,cer,SliderControl,Slider Control,280,187,0.00,0.00,Left,N/A,
137.4199,cer,SliderControl,Slider Control,280,187,0.00,0.00,Left,N/A,
137.4303,cer,SliderControl,Slider Control,280,187,0.00,0.00,Left,N/A,
137.4408,cer,SliderControl,Slider Control,280,187,0.00,0.00,Left,N/A,
137.4503,cer,SliderControl,Slider Control,280,187,0.00,0.00,Left,N/A,
137.4599,cer,SliderControl,Slider Control,280,187,0.00,0.00,Left,N/A,
137.4703,cer,SliderControl,Slider Control,280,187,0.00,0.00,Left,N/A,
137.4797,cer,SliderControl,Slider Control,279,187,106.24,11287.23,Left,N/A,
137.4898,cer,SliderControl,Slider Control,278,187,99.35,-685.00,Left,N/A,
137.4999,cer,SliderControl,Slider Control,277,188,140.03,4028.67,Left,N/A,
137.5101,cer,SliderControl,Slider Control,275,188,197.13,5627.62,Left,N/A,
137.5198,cer,SliderControl,Slider Control,274,189,145.10,-5338.03,Left,N/A,
137.5298,cer,SliderControl,Slider Control,272,189,199.16,5383.02,Left,N/A,
137.5399,cer,SliderControl,Slider Control,271,190,140.25,-5842.30,Left,N/A,
137.5497,cer,SliderControl,Slider Control,269,190,204.75,6603.41,Left,N/A,
137.5599,cer,SliderControl,Slider Control,268,191,139.09,-6457.92,Left,N/A,
137.5700,cer,SliderControl,Slider Control,267,191,98.95,-3971.40,Left,N/A,
137.5806,cer,SliderControl,Slider Control,265,191,188.90,8495.33,Left,N/A,
137.5905,cer,SliderControl,Slider Control,263,191,201.79,1300.67,Left,N/A,
137.6004,cer,SliderControl,Slider Control,261,191,202.32,53.17,Left,N/A,
137.6107,cer,SliderControl,Slider Control,260,191,96.39,-10210.14,Left,N/A,
137.6204,cer,SliderControl,Slider Control,257,191,309.49,21984.26,Left,N/A,
137.6305,cer,SliderControl,Slider Control,256,191,99.22,-20862.61,Left,N/A,
137.6403,cer,SliderControl,Slider Control,252,191,408.76,31632.50,Left,N/A,
137.6502,cer,SliderControl,Slider Control,251,191,100.66,-31014.54,Left,N/A,
137.6602,cer,SliderControl,Slider Control,249,191,200.20,9963.56,Left,N/A,
137.6702,cer,SliderControl,Slider Control,246,190,317.39,11762.48,Left,N/A,
137.6804,cer,SliderControl,Slider Control,245,190,98.06,-21507.23,Left,N/A,
137.6898,cer,SliderControl,Slider Control,242,189,333.58,24845.24,Left,N/A,
137.7001,cer,SliderControl,Slider Control,241,189,97.19,-22974.85,Left,N/A,
137.7097,cer,SliderControl,Slider Control,240,189,104.19,729.77,Left,N/A,
137.7205,cer,SliderControl,Slider Control,239,189,93.27,-1018.91,Left,N/A,
137.7301,cer,SliderControl,Slider Control,238,189,104.17,1135.28,Left,N/A,
137.7398,cer,SliderControl,Slider Control,237,189,102.40,-180.99,Left,N/A,
137.7499,cer,SliderControl,Slider Control,237,189,0.00,-10156.23,Left,N/A,
137.7598,cer,SliderControl,Slider Control,236,188,142.29,14317.08,Left,N/A,
137.7703,cer,SliderControl,Slider Control,236,188,0.00,-13652.87,Left,N/A,
137.7800,cer,SliderControl,Slider Control,236,188,0.00,0.00,Left,N/A,
137.7907,cer,SliderControl,Slider Control,235,188,93.65,8770.33,Left,N/A,
137.8003,cer,SliderControl,Slider Control,235,188,0.00,-9710.19,Left,N/A,
137.8098,cer,SliderControl,Slider Control,234,188,105.87,11209.30,Left,N/A,
137.8205,cer,SliderControl,Slider Control,234,188,0.00,-9830.38,Left,N/A,
137.8299,cer,SliderControl,Slider Control,234,188,0.00,0.00,Left,N/A,
137.8406,cer,SliderControl,Slider Control,233,188,93.20,8686.34,Left,N/A,
137.8502,cer,SliderControl,Slider Control,233,188,0.00,-9651.66,Left,N/A,
137.8602,cer,SliderControl,Slider Control,232,188,100.59,10117.88,Left,N/A,
137.8703,cer,SliderControl,Slider Control,232,188,0.00,-9950.83,Left,N/A,
137.8807,cer,SliderControl,Slider Control,232,188,0.00,0.00,Left,N/A,
137.8903,cer,SliderControl,Slider Control,232,188,0.00,0.00,Left,N/A,
137.9000,cer,SliderControl,Slider Control,232,188,0.00,0.00,Left,N/A,
137.9104,cer,SliderControl,Slider Control,232,188,0.00,0.00,Left,N/A,
137.9198,cer,SliderControl,Slider Control,232,188,0.00,0.00,Left,N/A,
137.9302,cer,SliderControl,Slider Control,232,188,0.00,0.00,Left,N/A,
137.9398,cer,SliderControl,Slider Control,232,188,0.00,0.00,Left,N/A,
137.9503,cer,SliderControl,Slider Control,232,188,0.00,0.00,Left,N/A,
137.9599,cer,SliderControl,Slider Control,232,188,0.00,0.00,Left,N/A,
137.9709,cer,SliderControl,Slider Control,232,188,0.00,0.00,Left,N/A,
137.9799,cer,SliderControl,Slider Control,232,188,0.00,0.00,Left,N/A,
137.9901,cer,SliderControl,Slider Control,233,187,139.63,13786.87,Left,N/A,
137.9999,cer,SliderControl,Slider Control,233,186,101.47,-3872.41,Left,N/A,
138.0097,cer,SliderControl,Slider Control,233,186,101.47,0.00,None,N/A,slider_released_missed
138.0105,cer,SliderControl,Slider Control,233,186,0.00,-9618.95,None,N/A,
138.0199,cer,SliderControl,Slider Control,233,186,0.00,0.00,None,N/A,
138.0304,cer,SliderControl,Slider Control,233,186,0.00,0.00,None,N/A,
138.0399,cer,SliderControl,Slider Control,233,186,0.00,0.00,None,N/A,
138.0504,cer,SliderControl,Slider Control,233,186,0.00,0.00,None,N/A,
138.0599,cer,SliderControl,Slider Control,233,186,0.00,0.00,None,N/A,
138.0703,cer,SliderControl,Slider Control,233,186,0.00,0.00,None,N/A,
138.0807,cer,SliderControl,Slider Control,233,186,0.00,0.00,None,N/A,
138.0902,cer,SliderControl,Slider Control,233,186,0.00,0.00,None,N/A,
138.1008,cer,SliderControl,Slider Control,233,186,0.00,0.00,None,N/A,
138.1103,cer,SliderControl,Slider Control,233,186,0.00,0.00,None,N/A,
138.1198,cer,SliderControl,Slider Control,233,186,0.00,0.00,None,N/A,
138.1303,cer,SliderControl,Slider Control,233,186,0.00,0.00,None,N/A,
138.1399,cer,SliderControl,Slider Control,233,186,0.00,0.00,None,N/A,
138.1505,cer,SliderControl,Slider Control,233,186,0.00,0.00,None,N/A,
138.1601,cer,SliderControl,Slider Control,233,186,0.00,0.00,None,N/A,
138.1705,cer,SliderControl,Slider Control,233,186,0.00,0.00,None,N/A,
138.1800,cer,SliderControl,Slider Control,233,186,0.00,0.00,None,N/A,
138.1904,cer,SliderControl,Slider Control,233,186,0.00,0.00,None,N/A,
138.2000,cer,SliderControl,Slider Control,233,186,0.00,0.00,None,N/A,
138.2105,cer,SliderControl,Slider Control,233,186,0.00,0.00,None,N/A,
138.2199,cer,SliderControl,Slider Control,233,186,0.00,0.00,None,N/A,
138.2302,cer,SliderControl,Slider Control,233,186,0.00,0.00,None,N/A,
138.2407,cer,SliderControl,Slider Control,233,186,0.00,0.00,None,N/A,
138.2498,cer,SliderControl,Slider Control,233,186,0.00,0.00,None,N/A,
138.2603,cer,SliderControl,Slider Control,233,186,0.00,0.00,None,N/A,
138.2699,cer,SliderControl,Slider Control,233,186,0.00,0.00,None,N/A,
138.2803,cer,SliderControl,Slider Control,233,186,0.00,0.00,None,N/A,
138.2899,cer,SliderControl,Slider Control,233,186,0.00,0.00,None,N/A,
138.3006,cer,SliderControl,Slider Control,233,186,0.00,0.00,None,N/A,
138.3100,cer,SliderControl,Slider Control,233,186,0.00,0.00,None,N/A,
138.3200,cer,SliderControl,Slider Control,233,186,0.00,0.00,None,N/A,
138.3306,cer,SliderControl,Slider Control,233,186,0.00,0.00,None,N/A,
138.3403,cer,SliderControl,Slider Control,233,186,0.00,0.00,None,N/A,
138.3498,cer,SliderControl,Slider Control,233,186,0.00,0.00,None,N/A,
138.3604,cer,SliderControl,Slider Control,233,186,0.00,0.00,None,N/A,
138.3699,cer,SliderControl,Slider Control,233,186,0.00,0.00,None,N/A,
138.3803,cer,SliderControl,Slider Control,233,186,0.00,0.00,None,N/A,
138.3908,cer,SliderControl,Slider Control,233,186,0.00,0.00,None,N/A,
138.4006,cer,SliderControl,Slider Control,233,186,0.00,0.00,None,N/A,
138.4100,cer,SliderControl,Slider Control,233,186,0.00,0.00,None,N/A,
138.4206,cer,SliderControl,Slider Control,233,186,0.00,0.00,None,N/A,
138.4301,cer,SliderControl,Slider Control,233,186,0.00,0.00,None,N/A,
138.4407,cer,SliderControl,Slider Control,233,186,0.00,0.00,None,N/A,
138.4502,cer,SliderControl,Slider Control,233,186,0.00,0.00,None,N/A,
138.4607,cer,SliderControl,Slider Control,233,186,0.00,0.00,None,N/A,
138.4701,cer,SliderControl,Slider Control,233,186,0.00,0.00,None,N/A,
138.4806,cer,SliderControl,Slider Control,233,186,0.00,0.00,None,N/A,
138.4901,cer,SliderControl,Slider Control,233,186,0.00,0.00,None,N/A,
138.5007,cer,SliderControl,Slider Control,233,186,0.00,0.00,None,N/A,
138.5102,cer,SliderControl,Slider Control,233,186,0.00,0.00,None,N/A,
138.5207,cer,SliderControl,Slider Control,233,186,0.00,0.00,None,N/A,
138.5301,cer,SliderControl,Slider Control,233,186,0.00,0.00,None,N/A,
138.5407,cer,SliderControl,Slider Control,233,186,0.00,0.00,None,N/A,
138.5504,cer,SliderControl,Slider Control,233,186,0.00,0.00,None,N/A,
138.5604,cer,SliderControl,Slider Control,233,186,0.00,0.00,None,N/A,
138.5699,cer,SliderControl,Slider Control,233,186,0.00,0.00,None,N/A,
138.5799,cer,SliderControl,Slider Control,232,186,99.29,9859.42,None,N/A,
138.5904,cer,SliderControl,Slider Control,232,186,0.00,-9461.61,None,N/A,
138.6007,cer,SliderControl,Slider Control,231,186,97.35,9476.49,None,N/A,
138.6101,cer,SliderControl,Slider Control,231,186,0.00,-10402.12,None,N/A,
138.6207,cer,SliderControl,Slider Control,231,186,0.00,0.00,None,N/A,
138.6305,cer,SliderControl,Slider Control,231,186,0.00,0.00,None,N/A,
138.6400,cer,SliderControl,Slider Control,231,186,0.00,0.00,None,N/A,
138.6498,cer,SliderControl,Slider Control,231,186,0.00,0.00,None,N/A,
138.6602,cer,SliderControl,Slider Control,231,186,0.00,0.00,None,N/A,
138.6707,cer,SliderControl,Slider Control,231,186,0.00,0.00,None,N/A,
138.6801,cer,SliderControl,Slider Control,231,186,0.00,0.00,None,N/A,
138.6905,cer,SliderControl,Slider Control,231,186,0.00,0.00,None,N/A,
138.6999,cer,SliderControl,Slider Control,231,186,0.00,0.00,None,N/A,
138.7104,cer,SliderControl,Slider Control,231,186,0.00,0.00,None,N/A,
138.7200,cer,SliderControl,Slider Control,231,187,104.55,10931.08,None,N/A,
138.7304,cer,SliderControl,Slider Control,231,187,0.00,-10049.09,None,N/A,
138.7408,cer,SliderControl,Slider Control,231,187,0.00,0.00,None,N/A,
138.7505,cer,SliderControl,Slider Control,231,187,0.00,0.00,None,N/A,
138.7606,cer,SliderControl,Slider Control,231,187,0.00,0.00,None,N/A,
138.7706,cer,SliderControl,Slider Control,231,187,0.00,0.00,None,N/A,
138.7803,cer,SliderControl,Slider Control,231,187,0.00,0.00,None,N/A,
138.7898,cer,SliderControl,Slider Control,231,187,0.00,0.00,None,N/A,
138.8004,cer,SliderControl,Slider Control,231,187,0.00,0.00,None,N/A,
138.8100,cer,SliderControl,Slider Control,231,187,0.00,0.00,None,N/A,
138.8206,cer,SliderControl,Slider Control,231,187,0.00,0.00,None,N/A,
138.8301,cer,SliderControl,Slider Control,231,187,0.00,0.00,None,N/A,
138.8407,cer,SliderControl,Slider Control,231,187,0.00,0.00,None,N/A,
138.8502,cer,SliderControl,Slider Control,231,187,0.00,0.00,None,N/A,
138.8607,cer,SliderControl,Slider Control,231,187,0.00,0.00,None,N/A,
138.8701,cer,SliderControl,Slider Control,231,187,0.00,0.00,None,N/A,
138.8806,cer,SliderControl,Slider Control,231,187,0.00,0.00,None,N/A,
138.8901,cer,SliderControl,Slider Control,231,187,0.00,0.00,None,N/A,
138.9007,cer,SliderControl,Slider Control,231,187,0.00,0.00,None,N/A,
138.9106,cer,SliderControl,Slider Control,231,187,0.00,0.00,Left,N/A,
138.9207,cer,SliderControl,Slider Control,231,187,0.00,0.00,Left,N/A,
138.9303,cer,SliderControl,Slider Control,231,187,0.00,0.00,Left,N/A,
138.9408,cer,SliderControl,Slider Control,231,187,0.00,0.00,Left,N/A,
138.9505,cer,SliderControl,Slider Control,231,187,0.00,0.00,Left,N/A,
138.9599,cer,SliderControl,Slider Control,231,187,0.00,0.00,Left,N/A,
138.9707,cer,SliderControl,Slider Control,231,187,0.00,0.00,Left,N/A,
138.9804,cer,SliderControl,Slider Control,231,187,0.00,0.00,Left,N/A,
138.9899,cer,SliderControl,Slider Control,231,187,0.00,0.00,Left,N/A,
139.0007,cer,SliderControl,Slider Control,231,187,0.00,0.00,Left,N/A,
139.0102,cer,SliderControl,Slider Control,231,187,0.00,0.00,Left,N/A,
139.0206,cer,SliderControl,Slider Control,231,187,0.00,0.00,Left,N/A,
139.0300,cer,SliderControl,Slider Control,231,187,0.00,0.00,Left,N/A,
139.0406,cer,SliderControl,Slider Control,231,187,0.00,0.00,Left,N/A,
139.0502,cer,SliderControl,Slider Control,231,187,0.00,0.00,Left,N/A,
139.0599,cer,SliderControl,Slider Control,231,187,0.00,0.00,Left,N/A,
139.0703,cer,SliderControl,Slider Control,231,187,0.00,0.00,Left,N/A,
139.0800,cer,SliderControl,Slider Control,231,187,0.00,0.00,Left,N/A,
139.0905,cer,SliderControl,Slider Control,231,187,0.00,0.00,Left,N/A,
139.1006,cer,SliderControl,Slider Control,231,187,0.00,0.00,Left,N/A,
139.1100,cer,SliderControl,Slider Control,231,187,0.00,0.00,Left,N/A,
139.1208,cer,SliderControl,Slider Control,231,187,0.00,0.00,Left,N/A,
139.1305,cer,SliderControl,Slider Control,231,187,0.00,0.00,Left,N/A,
139.1400,cer,SliderControl,Slider Control,230,187,104.98,11021.00,Left,N/A,
139.1497,cer,SliderControl,Slider Control,226,186,422.09,32463.52,Left,N/A,
139.1598,cer,SliderControl,Slider Control,224,186,198.55,-22192.22,Left,N/A,
139.1701,cer,SliderControl,Slider Control,221,185,307.81,10635.06,Left,N/A,
139.1805,cer,SliderControl,Slider Control,219,185,191.51,-11136.44,Left,N/A,
139.1898,cer,SliderControl,Slider Control,218,185,107.61,-9028.29,Left,N/A,
139.2003,cer,SliderControl,Slider Control,216,185,190.63,7913.73,Left,N/A,
139.2103,cer,SliderControl,Slider Control,215,185,100.06,-9062.70,Left,N/A,
139.2201,cer,SliderControl,Slider Control,213,185,205.00,10755.39,Left,N/A,
139.2303,cer,SliderControl,Slider Control,212,185,97.39,-10479.67,Left,N/A,
139.2401,cer,SliderControl,Slider Control,211,185,102.12,482.82,Left,N/A,
139.2500,cer,SliderControl,Slider Control,211,185,0.00,-10357.03,Left,N/A,
139.2605,cer,SliderControl,Slider Control,210,185,95.25,9072.43,Left,N/A,
139.2700,cer,SliderControl,Slider Control,210,185,0.00,-9989.11,Left,N/A,
139.2802,cer,SliderControl,Slider Control,210,185,0.00,0.00,Left,N/A,
139.2901,cer,SliderControl,Slider Control,209,185,100.55,10111.09,Left,N/A,
139.3007,cer,SliderControl,Slider Control,209,185,0.00,-9509.02,Left,N/A,
139.3102,cer,SliderControl,Slider Control,209,185,0.00,0.00,Left,N/A,
139.3197,cer,SliderControl,Slider Control,209,185,0.00,0.00,Left,N/A,
139.3301,cer,SliderControl,Slider Control,209,185,0.00,0.00,Left,N/A,
139.3406,cer,SliderControl,Slider Control,209,185,0.00,0.00,Left,N/A,
139.3502,cer,SliderControl,Slider Control,209,185,0.00,0.00,Left,N/A,
139.3599,cer,SliderControl,Slider Control,209,185,0.00,0.00,Left,N/A,
139.3704,cer,SliderControl,Slider Control,209,185,0.00,0.00,Left,N/A,
139.3798,cer,SliderControl,Slider Control,209,185,0.00,0.00,Left,N/A,
139.3903,cer,SliderControl,Slider Control,209,185,0.00,0.00,Left,N/A,
139.4000,cer,SliderControl,Slider Control,209,185,0.00,0.00,Left,N/A,
139.4104,cer,SliderControl,Slider Control,209,185,0.00,0.00,Left,N/A,
139.4199,cer,SliderControl,Slider Control,209,185,0.00,0.00,Left,N/A,
139.4306,cer,SliderControl,Slider Control,209,185,0.00,0.00,Left,N/A,
139.4402,cer,SliderControl,Slider Control,209,185,0.00,0.00,Left,N/A,
139.4502,cer,SliderControl,Slider Control,209,185,0.00,0.00,Left,N/A,
139.4606,cer,SliderControl,Slider Control,209,185,0.00,0.00,Left,N/A,
139.4703,cer,SliderControl,Slider Control,208,185,103.56,10724.78,Left,N/A,
139.4803,cer,SliderControl,Slider Control,208,185,0.00,-10347.18,Left,N/A,
139.4904,cer,SliderControl,Slider Control,208,185,0.00,0.00,Left,N/A,
139.5000,cer,SliderControl,Slider Control,207,185,104.04,10823.97,Left,N/A,
139.5099,cer,SliderControl,Slider Control,207,185,0.00,-10486.60,Left,N/A,
139.5200,cer,SliderControl,Slider Control,206,185,98.95,9790.23,Left,N/A,
139.5300,cer,SliderControl,Slider Control,206,185,0.00,-9905.20,Left,N/A,
139.5398,cer,SliderControl,Slider Control,205,184,143.78,14617.79,Left,N/A,
139.5502,cer,SliderControl,Slider Control,204,184,96.19,-4577.53,Left,N/A,
139.5599,cer,SliderControl,Slider Control,204,184,0.00,-9915.77,Left,N/A,
139.5699,cer,SliderControl,Slider Control,204,184,0.00,0.00,Left,N/A,
139.5799,cer,SliderControl,Slider Control,203,184,100.02,10004.79,Left,N/A,
139.5901,cer,SliderControl,Slider Control,203,184,0.00,-9860.87,Left,N/A,
139.6004,cer,SliderControl,Slider Control,202,184,97.37,9480.01,Left,N/A,
139.6098,cer,SliderControl,Slider Control,202,184,0.00,-10264.67,Left,N/A,
139.6203,cer,SliderControl,Slider Control,202,184,0.00,0.00,Left,N/A,
139.6306,cer,SliderControl,Slider Control,202,184,0.00,0.00,Left,N/A,
139.6398,cer,SliderControl,Slider Control,202,184,0.00,0.00,Left,N/A,
139.6503,cer,SliderControl,Slider Control,201,184,94.59,8948.05,Left,N/A,
139.6597,cer,SliderControl,Slider Control,201,184,0.00,-10039.13,Left,N/A,
139.6701,cer,SliderControl,Slider Control,201,184,0.00,0.00,Left,N/A,
139.6729,cer,SliderControl,Slider Control,201,184,0.00,0.00,None,N/A,slider_released_missed
139.6807,cer,SliderControl,Slider Control,201,184,0.00,0.00,None,N/A,
139.6902,cer,SliderControl,Slider Control,201,184,0.00,0.00,None,N/A,
139.7000,cer,SliderControl,Slider Control,201,184,0.00,0.00,None,N/A,
139.7108,cer,SliderControl,Slider Control,201,184,0.00,0.00,None,N/A,
139.7208,cer,SliderControl,Slider Control,201,184,0.00,0.00,None,N/A,
139.7308,cer,SliderControl,Slider Control,201,184,0.00,0.00,None,N/A,
139.7404,cer,SliderControl,Slider Control,201,184,0.00,0.00,None,N/A,
139.7504,cer,SliderControl,Slider Control,201,184,0.00,0.00,None,N/A,
139.7600,cer,SliderControl,Slider Control,201,184,0.00,0.00,None,N/A,
139.7706,cer,SliderControl,Slider Control,201,184,0.00,0.00,None,N/A,
139.7801,cer,SliderControl,Slider Control,201,184,0.00,0.00,None,N/A,
139.7906,cer,SliderControl,Slider Control,201,184,0.00,0.00,None,N/A,
139.8001,cer,SliderControl,Slider Control,201,184,0.00,0.00,None,N/A,
139.8110,cer,SliderControl,Slider Control,201,184,0.00,0.00,None,N/A,
139.8201,cer,SliderControl,Slider Control,201,184,0.00,0.00,None,N/A,
139.8305,cer,SliderControl,Slider Control,201,184,0.00,0.00,None,N/A,
139.8400,cer,SliderControl,Slider Control,201,184,0.00,0.00,None,N/A,
139.8506,cer,SliderControl,Slider Control,201,184,0.00,0.00,None,N/A,
139.8601,cer,SliderControl,Slider Control,201,184,0.00,0.00,Left,N/A,
139.8707,cer,SliderControl,Slider Control,201,184,0.00,0.00,Left,N/A,
139.8801,cer,SliderControl,Slider Control,201,184,0.00,0.00,Left,N/A,
139.8907,cer,SliderControl,Slider Control,201,184,0.00,0.00,Left,N/A,
139.9002,cer,SliderControl,Slider Control,201,184,0.00,0.00,Left,N/A,
139.9107,cer,SliderControl,Slider Control,201,184,0.00,0.00,Left,N/A,
139.9202,cer,SliderControl,Slider Control,201,184,0.00,0.00,Left,N/A,
139.9298,cer,SliderControl,Slider Control,201,184,0.00,0.00,Left,N/A,
139.9404,cer,SliderControl,Slider Control,201,184,0.00,0.00,Left,N/A,
139.9503,cer,SliderControl,Slider Control,201,184,0.00,0.00,Left,N/A,
139.9599,cer,SliderControl,Slider Control,201,184,0.00,0.00,Left,N/A,
139.9703,cer,SliderControl,Slider Control,201,184,0.00,0.00,Left,N/A,
139.9798,cer,SliderControl,Slider Control,201,184,0.00,0.00,Left,N/A,
139.9903,cer,SliderControl,Slider Control,201,184,0.00,0.00,Left,N/A,
139.9998,cer,SliderControl,Slider Control,201,184,0.00,0.00,Left,N/A,
140.0104,cer,SliderControl,Slider Control,201,184,0.00,0.00,Left,N/A,
140.0199,cer,SliderControl,Slider Control,201,184,0.00,0.00,Left,N/A,
140.0303,cer,SliderControl,Slider Control,201,184,0.00,0.00,Left,N/A,
140.0332,cer,SliderControl,Slider Control,201,184,0.00,0.00,None,N/A,slider_released_missed
140.0400,cer,SliderControl,Slider Control,201,184,0.00,0.00,None,N/A,
140.0505,cer,SliderControl,Slider Control,201,184,0.00,0.00,None,N/A,
140.0600,cer,SliderControl,Slider Control,201,184,0.00,0.00,None,N/A,
140.0705,cer,SliderControl,Slider Control,201,184,0.00,0.00,None,N/A,
140.0801,cer,SliderControl,Slider Control,201,184,0.00,0.00,None,N/A,
140.0907,cer,SliderControl,Slider Control,201,184,0.00,0.00,None,N/A,
140.1001,cer,SliderControl,Slider Control,201,184,0.00,0.00,None,N/A,
140.1106,cer,SliderControl,Slider Control,201,184,0.00,0.00,None,N/A,
140.1200,cer,SliderControl,Slider Control,201,184,0.00,0.00,None,N/A,
140.1305,cer,SliderControl,Slider Control,201,184,0.00,0.00,None,N/A,
140.1399,cer,SliderControl,Slider Control,201,184,0.00,0.00,None,N/A,
140.1505,cer,SliderControl,Slider Control,201,184,0.00,0.00,None,N/A,
140.1600,cer,SliderControl,Slider Control,201,184,0.00,0.00,None,N/A,
140.1707,cer,SliderControl,Slider Control,201,184,0.00,0.00,None,N/A,
140.1804,cer,SliderControl,Slider Control,201,184,0.00,0.00,None,N/A,
140.1899,cer,SliderControl,Slider Control,201,184,0.00,0.00,None,N/A,
140.2004,cer,SliderControl,Slider Control,201,184,0.00,0.00,None,N/A,
140.2100,cer,SliderControl,Slider Control,201,184,0.00,0.00,None,N/A,
140.2204,cer,SliderControl,Slider Control,201,184,0.00,0.00,None,N/A,
140.2298,cer,SliderControl,Slider Control,201,184,0.00,0.00,None,N/A,
140.2403,cer,SliderControl,Slider Control,201,184,0.00,0.00,None,N/A,
140.2500,cer,SliderControl,Slider Control,201,184,0.00,0.00,None,N/A,
140.2606,cer,SliderControl,Slider Control,201,184,0.00,0.00,None,N/A,
140.2700,cer,SliderControl,Slider Control,201,184,0.00,0.00,None,N/A,
140.2805,cer,SliderControl,Slider Control,201,184,0.00,0.00,None,N/A,
140.2900,cer,SliderControl,Slider Control,201,184,0.00,0.00,None,N/A,
140.3006,cer,SliderControl,Slider Control,201,184,0.00,0.00,None,N/A,
140.3101,cer,SliderControl,Slider Control,201,184,0.00,0.00,None,N/A,
140.3206,cer,SliderControl,Slider Control,201,184,0.00,0.00,None,N/A,
140.3302,cer,SliderControl,Slider Control,201,184,0.00,0.00,None,N/A,
140.3398,cer,SliderControl,Slider Control,201,184,0.00,0.00,None,N/A,
140.3505,cer,SliderControl,Slider Control,201,184,0.00,0.00,None,N/A,
140.3601,cer,SliderControl,Slider Control,201,184,0.00,0.00,None,N/A,
140.3706,cer,SliderControl,Slider Control,201,184,0.00,0.00,None,N/A,
140.3801,cer,SliderControl,Slider Control,201,184,0.00,0.00,None,N/A,
140.3907,cer,SliderControl,Slider Control,201,184,0.00,0.00,None,N/A,
140.4003,cer,SliderControl,Slider Control,201,184,0.00,0.00,None,N/A,
140.4108,cer,SliderControl,Slider Control,201,184,0.00,0.00,None,N/A,
140.4203,cer,SliderControl,Slider Control,201,184,0.00,0.00,None,N/A,
140.4298,cer,SliderControl,Slider Control,201,184,0.00,0.00,None,N/A,
140.4403,cer,SliderControl,Slider Control,201,184,0.00,0.00,None,N/A,
140.4499,cer,SliderControl,Slider Control,201,184,0.00,0.00,None,N/A,
140.4603,cer,SliderControl,Slider Control,201,184,0.00,0.00,None,N/A,
140.4707,cer,SliderControl,Slider Control,201,184,0.00,0.00,None,N/A,
140.4803,cer,SliderControl,Slider Control,201,184,0.00,0.00,None,N/A,
140.4899,cer,SliderControl,Slider Control,201,184,0.00,0.00,None,N/A,
140.5004,cer,SliderControl,Slider Control,201,184,0.00,0.00,None,N/A,
140.5100,cer,SliderControl,Slider Control,201,184,0.00,0.00,None,N/A,
140.5204,cer,SliderControl,Slider Control,201,184,0.00,0.00,None,N/A,
140.5298,cer,SliderControl,Slider Control,201,184,0.00,0.00,None,N/A,
140.5403,cer,SliderControl,Slider Control,201,184,0.00,0.00,None,N/A,
140.5500,cer,SliderControl,Slider Control,201,184,0.00,0.00,None,N/A,
140.5605,cer,SliderControl,Slider Control,201,184,0.00,0.00,None,N/A,
140.5699,cer,SliderControl,Slider Control,201,184,0.00,0.00,None,N/A,
140.5804,cer,SliderControl,Slider Control,201,184,0.00,0.00,None,N/A,
140.5901,cer,SliderControl,Slider Control,201,184,0.00,0.00,None,N/A,
140.5999,cer,SliderControl,Slider Control,201,184,0.00,0.00,None,N/A,
140.6104,cer,SliderControl,Slider Control,201,184,0.00,0.00,None,N/A,
140.6198,cer,SliderControl,Slider Control,201,184,0.00,0.00,None,N/A,
140.6302,cer,SliderControl,Slider Control,201,184,0.00,0.00,None,N/A,
140.6403,cer,SliderControl,Slider Control,201,184,0.00,0.00,None,N/A,
140.6501,cer,SliderControl,Slider Control,201,185,102.31,10466.33,None,N/A,
140.6606,cer,SliderControl,Slider Control,201,185,0.00,-9668.30,None,N/A,
140.6702,cer,SliderControl,Slider Control,201,185,0.00,0.00,None,N/A,
140.6807,cer,SliderControl,Slider Control,201,185,0.00,0.00,None,N/A,
140.6901,cer,SliderControl,Slider Control,201,185,0.00,0.00,None,N/A,
140.7006,cer,SliderControl,Slider Control,201,185,0.00,0.00,None,N/A,
140.7101,cer,SliderControl,Slider Control,201,185,0.00,0.00,None,N/A,
140.7207,cer,SliderControl,Slider Control,201,185,0.00,0.00,None,N/A,
140.7299,cer,SliderControl,Slider Control,201,185,0.00,0.00,None,N/A,
140.7403,cer,SliderControl,Slider Control,201,186,96.44,9300.82,None,N/A,
140.7497,cer,SliderControl,Slider Control,201,186,0.00,-10226.31,None,N/A,
140.7607,cer,SliderControl,Slider Control,201,186,0.00,0.00,None,N/A,
140.7701,cer,SliderControl,Slider Control,201,187,106.88,11423.40,None,N/A,
140.7804,cer,SliderControl,Slider Control,201,187,0.00,-10415.87,None,N/A,
140.7900,cer,SliderControl,Slider Control,201,188,103.79,10772.07,None,N/A,
140.8003,cer,SliderControl,Slider Control,201,188,0.00,-10107.05,None,N/A,
140.8107,cer,SliderControl,Slider Control,201,188,0.00,0.00,None,N/A,
140.8202,cer,SliderControl,Slider Control,201,188,0.00,0.00,None,N/A,
140.8308,cer,SliderControl,Slider Control,201,188,0.00,0.00,None,N/A,
140.8403,cer,SliderControl,Slider Control,201,188,0.00,0.00,None,N/A,
140.8508,cer,SliderControl,Slider Control,201,188,0.00,0.00,None,N/A,
140.8599,cer,SliderControl,Slider Control,201,188,0.00,0.00,None,N/A,
140.8703,cer,SliderControl,Slider Control,201,188,0.00,0.00,None,N/A,
140.8807,cer,SliderControl,Slider Control,201,187,96.88,9384.78,None,N/A,
140.8906,cer,SliderControl,Slider Control,200,187,100.16,328.78,None,N/A,
140.9004,cer,SliderControl,Slider Control,200,187,0.00,-10226.44,None,N/A,
140.9103,cer,SliderControl,Slider Control,199,187,101.37,10276.47,None,N/A,
140.9201,cer,SliderControl,Slider Control,199,187,0.00,-10321.12,None,N/A,
140.9298,cer,SliderControl,Slider Control,199,188,103.09,10627.47,None,N/A,
140.9403,cer,SliderControl,Slider Control,199,188,0.00,-9832.61,None,N/A,
140.9502,cer,SliderControl,Slider Control,199,188,0.00,0.00,None,N/A,
140.9601,cer,SliderControl,Slider Control,199,188,0.00,0.00,None,N/A,
140.9704,cer,SliderControl,Slider Control,200,187,136.98,13268.41,None,N/A,
140.9799,cer,SliderControl,Slider Control,200,187,0.00,-14387.10,None,N/A,
140.9907,cer,SliderControl,Slider Control,201,186,131.57,12240.24,None,N/A,
140.9999,cer,SliderControl,Slider Control,201,186,0.00,-14315.63,None,N/A,
141.0101,cer,SliderControl,Slider Control,202,185,137.79,13424.83,None,N/A,
141.0199,cer,SliderControl,Slider Control,202,185,0.00,-14134.70,None,N/A,
141.0298,cer,SliderControl,Slider Control,202,185,0.00,0.00,None,N/A,
141.0403,cer,SliderControl,Slider Control,202,185,0.00,0.00,None,N/A,
141.0500,cer,SliderControl,Slider Control,202,185,0.00,0.00,None,N/A,
141.0605,cer,SliderControl,Slider Control,202,185,0.00,0.00,None,N/A,
141.0699,cer,SliderControl,Slider Control,202,185,0.00,0.00,None,N/A,
141.0803,cer,SliderControl,Slider Control,202,185,0.00,0.00,None,N/A,
141.0899,cer,SliderControl,Slider Control,202,185,0.00,0.00,None,N/A,
141.1005,cer,SliderControl,Slider Control,202,185,0.00,0.00,None,N/A,
141.1100,cer,SliderControl,Slider Control,202,185,0.00,0.00,None,N/A,
141.1206,cer,SliderControl,Slider Control,202,185,0.00,0.00,None,N/A,
141.1302,cer,SliderControl,Slider Control,202,185,0.00,0.00,None,N/A,
141.1407,cer,SliderControl,Slider Control,202,185,0.00,0.00,None,N/A,
141.1505,cer,SliderControl,Slider Control,202,185,0.00,0.00,None,N/A,
141.1600,cer,SliderControl,Slider Control,202,185,0.00,0.00,None,N/A,
141.1704,cer,SliderControl,Slider Control,202,185,0.00,0.00,None,N/A,
141.1799,cer,SliderControl,Slider Control,202,185,0.00,0.00,None,N/A,
141.1905,cer,SliderControl,Slider Control,202,185,0.00,0.00,None,N/A,
141.1999,cer,SliderControl,Slider Control,202,185,0.00,0.00,None,N/A,
141.2103,cer,SliderControl,Slider Control,202,185,0.00,0.00,None,N/A,
141.2198,cer,SliderControl,Slider Control,202,185,0.00,0.00,None,N/A,
141.2302,cer,SliderControl,Slider Control,202,185,0.00,0.00,None,N/A,
141.2407,cer,SliderControl,Slider Control,202,185,0.00,0.00,None,N/A,
141.2502,cer,SliderControl,Slider Control,202,185,0.00,0.00,None,N/A,
141.2606,cer,SliderControl,Slider Control,202,185,0.00,0.00,None,N/A,
141.2700,cer,SliderControl,Slider Control,202,185,0.00,0.00,None,N/A,
141.2804,cer,SliderControl,Slider Control,202,185,0.00,0.00,None,N/A,
141.2899,cer,SliderControl,Slider Control,202,185,0.00,0.00,None,N/A,
141.3005,cer,SliderControl,Slider Control,202,185,0.00,0.00,None,N/A,
141.3099,cer,SliderControl,Slider Control,202,185,0.00,0.00,None,N/A,
141.3204,cer,SliderControl,Slider Control,202,185,0.00,0.00,None,N/A,
141.3308,cer,SliderControl,Slider Control,202,185,0.00,0.00,None,N/A,
141.3398,cer,SliderControl,Slider Control,201,185,110.76,12266.74,None,N/A,
141.3499,cer,SliderControl,Slider Control,199,185,198.30,8680.47,None,N/A,
141.3605,cer,SliderControl,Slider Control,198,185,94.76,-9811.71,None,N/A,
141.3707,cer,SliderControl,Slider Control,196,185,195.56,9856.57,None,N/A,
141.3799,cer,SliderControl,Slider Control,195,186,154.13,-4515.25,None,N/A,
141.3907,cer,SliderControl,Slider Control,193,186,185.33,2890.50,None,N/A,
141.4006,cer,SliderControl,Slider Control,192,186,100.87,-8519.05,None,N/A,
141.4105,cer,SliderControl,Slider Control,192,186,0.00,-10180.04,None,N/A,
141.4205,cer,SliderControl,Slider Control,190,186,200.86,20171.85,None,N/A,
141.4303,cer,SliderControl,Slider Control,190,186,0.00,-20413.30,None,N/A,
141.4404,cer,SliderControl,Slider Control,189,187,139.52,13764.83,None,N/A,
141.4504,cer,SliderControl,Slider Control,188,187,100.73,-3907.66,None,N/A,
141.4601,cer,SliderControl,Slider Control,187,187,103.00,233.61,None,N/A,
141.4706,cer,SliderControl,Slider Control,186,187,95.42,-723.23,None,N/A,
141.4802,cer,SliderControl,Slider Control,186,187,0.00,-9905.07,None,N/A,
141.4898,cer,SliderControl,Slider Control,185,187,104.04,10823.43,None,N/A,
141.5001,cer,SliderControl,Slider Control,185,187,0.00,-10130.18,None,N/A,
141.5101,cer,SliderControl,Slider Control,185,187,0.00,0.00,None,N/A,
141.5201,cer,SliderControl,Slider Control,184,187,99.26,9851.96,None,N/A,
141.5307,cer,SliderControl,Slider Control,184,187,0.00,-9446.01,None,N/A,
141.5402,cer,SliderControl,Slider Control,184,187,0.00,0.00,None,N/A,
141.5498,cer,SliderControl,Slider Control,184,187,0.00,0.00,None,N/A,
141.5602,cer,SliderControl,Slider Control,184,187,0.00,0.00,None,N/A,
141.5706,cer,SliderControl,Slider Control,184,187,0.00,0.00,None,N/A,
141.5805,cer,SliderControl,Slider Control,184,188,101.42,10285.41,None,N/A,
141.5906,cer,SliderControl,Slider Control,184,188,0.00,-9972.89,None,N/A,
141.6008,cer,SliderControl,Slider Control,184,188,0.00,0.00,None,N/A,
141.6103,cer,SliderControl,Slider Control,184,188,0.00,0.00,None,N/A,
141.6199,cer,SliderControl,Slider Control,184,188,0.00,0.00,None,N/A,
141.6305,cer,SliderControl,Slider Control,184,188,0.00,0.00,None,N/A,
141.6400,cer,SliderControl,Slider Control,184,188,0.00,0.00,None,N/A,
141.6505,cer,SliderControl,Slider Control,184,188,0.00,0.00,None,N/A,
141.6599,cer,SliderControl,Slider Control,184,188,0.00,0.00,None,N/A,
141.6705,cer,SliderControl,Slider Control,184,188,0.00,0.00,None,N/A,
141.6800,cer,SliderControl,Slider Control,184,188,0.00,0.00,None,N/A,
141.6906,cer,SliderControl,Slider Control,184,188,0.00,0.00,None,N/A,
141.7000,cer,SliderControl,Slider Control,184,188,0.00,0.00,None,N/A,
141.7105,cer,SliderControl,Slider Control,184,188,0.00,0.00,None,N/A,
141.7200,cer,SliderControl,Slider Control,184,188,0.00,0.00,None,N/A,
141.7303,cer,SliderControl,Slider Control,184,188,0.00,0.00,None,N/A,
141.7407,cer,SliderControl,Slider Control,184,188,0.00,0.00,None,N/A,
141.7502,cer,SliderControl,Slider Control,184,188,0.00,0.00,None,N/A,
141.7608,cer,SliderControl,Slider Control,184,188,0.00,0.00,None,N/A,
141.7705,cer,SliderControl,Slider Control,184,188,0.00,0.00,None,N/A,
141.7807,cer,SliderControl,Slider Control,184,188,0.00,0.00,None,N/A,
141.7903,cer,SliderControl,Slider Control,184,188,0.00,0.00,None,N/A,
141.8003,cer,SliderControl,Slider Control,184,188,0.00,0.00,None,N/A,
141.8099,cer,SliderControl,Slider Control,184,188,0.00,0.00,None,N/A,
141.8209,cer,SliderControl,Slider Control,184,188,0.00,0.00,None,N/A,
141.8309,cer,SliderControl,Slider Control,184,188,0.00,0.00,None,N/A,
141.8406,cer,SliderControl,Slider Control,184,188,0.00,0.00,None,N/A,
141.8502,cer,SliderControl,Slider Control,184,188,0.00,0.00,None,N/A,
141.8607,cer,SliderControl,Slider Control,184,188,0.00,0.00,None,N/A,
141.8703,cer,SliderControl,Slider Control,184,188,0.00,0.00,None,N/A,
141.8801,cer,SliderControl,Slider Control,184,188,0.00,0.00,None,N/A,
141.8906,cer,SliderControl,Slider Control,184,188,0.00,0.00,None,N/A,
141.9005,cer,SliderControl,Slider Control,184,188,0.00,0.00,None,N/A,
141.9099,cer,SliderControl,Slider Control,184,188,0.00,0.00,None,N/A,
141.9204,cer,SliderControl,Slider Control,184,188,0.00,0.00,None,N/A,
141.9298,cer,SliderControl,Slider Control,184,188,0.00,0.00,None,N/A,
141.9457,cer,SliderControl,Slider Control,184,188,0.00,0.00,None,N/A,
141.9501,cer,SliderControl,Slider Control,184,188,0.00,0.00,None,N/A,
141.9605,cer,SliderControl,Slider Control,184,188,0.00,0.00,None,N/A,
141.9700,cer,SliderControl,Slider Control,184,188,0.00,0.00,None,N/A,
141.9805,cer,SliderControl,Slider Control,184,188,0.00,0.00,None,N/A,
141.9899,cer,SliderControl,Slider Control,184,188,0.00,0.00,None,N/A,
142.0007,cer,SliderControl,Slider Control,184,188,0.00,0.00,None,N/A,
142.0100,cer,SliderControl,Slider Control,184,188,0.00,0.00,None,N/A,
142.0202,cer,SliderControl,Slider Control,184,188,0.00,0.00,None,N/A,
142.0304,cer,SliderControl,Slider Control,184,188,0.00,0.00,None,N/A,
142.0406,cer,SliderControl,Slider Control,186,188,196.04,19216.10,None,N/A,
142.0500,cer,SliderControl,Slider Control,186,188,0.00,-20691.95,None,N/A,
142.0600,cer,SliderControl,Slider Control,187,188,100.62,10125.16,None,N/A,
142.0698,cer,SliderControl,Slider Control,187,188,0.00,-10249.58,None,N/A,
142.0807,cer,SliderControl,Slider Control,188,188,91.52,8376.78,None,N/A,
142.0898,cer,SliderControl,Slider Control,188,188,0.00,-10094.20,None,N/A,
142.0998,cer,SliderControl,Slider Control,188,188,0.00,0.00,None,N/A,
142.1105,cer,SliderControl,Slider Control,188,188,0.00,0.00,None,N/A,
142.1200,cer,SliderControl,Slider Control,188,188,0.00,0.00,None,N/A,
142.1301,cer,SliderControl,Slider Control,188,189,99.43,9886.08,None,N/A,
142.1400,cer,SliderControl,Slider Control,189,189,101.00,158.63,None,N/A,
142.1505,cer,SliderControl,Slider Control,189,189,0.00,-9646.41,None,N/A,
142.1601,cer,SliderControl,Slider Control,189,190,104.20,10857.34,None,N/A,
142.1711,cer,SliderControl,Slider Control,190,191,128.35,2192.09,None,N/A,
142.1807,cer,SliderControl,Slider Control,191,191,103.68,-2557.89,None,N/A,
142.1899,cer,SliderControl,Slider Control,192,192,153.50,5407.77,None,N/A,
142.2004,cer,SliderControl,Slider Control,193,193,134.73,-1788.39,None,N/A,
142.2107,cer,SliderControl,Slider Control,194,194,138.03,322.23,None,N/A,
142.2204,cer,SliderControl,Slider Control,195,195,145.02,716.69,None,N/A,
142.2305,cer,SliderControl,Slider Control,196,196,139.86,-510.30,None,N/A,
142.2401,cer,SliderControl,Slider Control,197,197,147.37,782.89,None,N/A,
142.2502,cer,SliderControl,Slider Control,197,197,0.00,-14690.10,None,N/A,
142.2603,cer,SliderControl,Slider Control,197,197,0.00,0.00,None,N/A,
142.2702,cer,SliderControl,Slider Control,198,198,143.05,14470.10,None,N/A,
142.2801,cer,SliderControl,Slider Control,198,198,0.00,-14445.71,None,N/A,
142.2903,cer,SliderControl,Slider Control,199,198,98.50,9702.14,None,N/A,
142.3007,cer,SliderControl,Slider Control,199,198,0.00,-9425.67,None,N/A,
142.3102,cer,SliderControl,Slider Control,199,198,0.00,0.00,None,N/A,
142.3206,cer,SliderControl,Slider Control,199,198,0.00,0.00,None,N/A,
142.3302,cer,SliderControl,Slider Control,199,198,0.00,0.00,None,N/A,
142.3408,cer,SliderControl,Slider Control,199,198,0.00,0.00,None,N/A,
142.3502,cer,SliderControl,Slider Control,199,198,0.00,0.00,None,N/A,
142.3607,cer,SliderControl,Slider Control,199,198,0.00,0.00,None,N/A,
142.3702,cer,SliderControl,Slider Control,199,198,0.00,0.00,None,N/A,
142.3798,cer,SliderControl,Slider Control,199,198,0.00,0.00,None,N/A,
142.3903,cer,SliderControl,Slider Control,199,198,0.00,0.00,None,N/A,
142.4001,cer,SliderControl,Slider Control,199,198,0.00,0.00,None,N/A,
142.4106,cer,SliderControl,Slider Control,199,198,0.00,0.00,None,N/A,
142.4201,cer,SliderControl,Slider Control,199,198,0.00,0.00,None,N/A,
142.4305,cer,SliderControl,Slider Control,199,198,0.00,0.00,None,N/A,
142.4400,cer,SliderControl,Slider Control,199,198,0.00,0.00,None,N/A,
142.4504,cer,SliderControl,Slider Control,199,198,0.00,0.00,None,N/A,
142.4598,cer,SliderControl,Slider Control,199,198,0.00,0.00,None,N/A,
142.4703,cer,SliderControl,Slider Control,199,198,0.00,0.00,None,N/A,
142.4807,cer,SliderControl,Slider Control,199,198,0.00,0.00,None,N/A,
142.4902,cer,SliderControl,Slider Control,199,198,0.00,0.00,None,N/A,
142.5006,cer,SliderControl,Slider Control,199,198,0.00,0.00,None,N/A,
142.5100,cer,SliderControl,Slider Control,199,198,0.00,0.00,None,N/A,
142.5206,cer,SliderControl,Slider Control,199,198,0.00,0.00,None,N/A,
142.5300,cer,SliderControl,Slider Control,199,198,0.00,0.00,None,N/A,
142.5405,cer,SliderControl,Slider Control,199,198,0.00,0.00,None,N/A,
142.5501,cer,SliderControl,Slider Control,199,198,0.00,0.00,None,N/A,
142.5605,cer,SliderControl,Slider Control,199,198,0.00,0.00,None,N/A,
142.5703,cer,SliderControl,Slider Control,199,198,0.00,0.00,None,N/A,
142.5807,cer,SliderControl,Slider Control,199,198,0.00,0.00,None,N/A,
142.5903,cer,SliderControl,Slider Control,199,198,0.00,0.00,None,N/A,
142.6000,cer,SliderControl,Slider Control,199,197,103.13,10635.83,None,N/A,
142.6097,cer,SliderControl,Slider Control,199,197,0.00,-10591.56,None,N/A,
142.6208,cer,SliderControl,Slider Control,199,196,90.72,8229.59,None,N/A,
142.6300,cer,SliderControl,Slider Control,199,195,108.82,1970.14,None,N/A,
142.6399,cer,SliderControl,Slider Control,199,194,100.45,-841.32,None,N/A,
142.6501,cer,SliderControl,Slider Control,199,194,0.00,-9837.00,None,N/A,
142.6606,cer,SliderControl,Slider Control,199,193,95.47,9114.20,None,N/A,
142.6703,cer,SliderControl,Slider Control,199,193,0.00,-9828.74,None,N/A,
142.6806,cer,SliderControl,Slider Control,199,192,96.94,9398.24,None,N/A,
142.6902,cer,SliderControl,Slider Control,199,192,0.00,-10168.42,None,N/A,
142.7006,cer,SliderControl,Slider Control,199,191,95.67,9152.90,None,N/A,
142.7105,cer,SliderControl,Slider Control,199,191,0.00,-9654.56,None,N/A,
142.7210,cer,SliderControl,Slider Control,199,191,0.00,0.00,None,N/A,
142.7307,cer,SliderControl,Slider Control,199,191,0.00,0.00,None,N/A,
142.7401,cer,SliderControl,Slider Control,199,191,0.00,0.00,None,N/A,
142.7505,cer,SliderControl,Slider Control,199,191,0.00,0.00,None,N/A,
142.7605,cer,SliderControl,Slider Control,199,191,0.00,0.00,None,N/A,
142.7700,cer,SliderControl,Slider Control,199,191,0.00,0.00,None,N/A,
142.7809,cer,SliderControl,Slider Control,199,191,0.00,0.00,None,N/A,
142.7906,cer,SliderControl,Slider Control,199,191,0.00,0.00,None,N/A,
142.8005,cer,SliderControl,Slider Control,199,191,0.00,0.00,None,N/A,
142.8102,cer,SliderControl,Slider Control,199,191,0.00,0.00,None,N/A,
142.8207,cer,SliderControl,Slider Control,199,191,0.00,0.00,None,N/A,
142.8302,cer,SliderControl,Slider Control,199,191,0.00,0.00,None,N/A,
142.8406,cer,SliderControl,Slider Control,199,191,0.00,0.00,None,N/A,
142.8505,cer,SliderControl,Slider Control,199,191,0.00,0.00,None,N/A,
142.8599,cer,SliderControl,Slider Control,199,191,0.00,0.00,None,N/A,
142.8704,cer,SliderControl,Slider Control,199,191,0.00,0.00,None,N/A,
142.8801,cer,SliderControl,Slider Control,199,191,0.00,0.00,None,N/A,
142.8905,cer,SliderControl,Slider Control,199,191,0.00,0.00,None,N/A,
142.9002,cer,SliderControl,Slider Control,199,191,0.00,0.00,None,N/A,
142.9107,cer,SliderControl,Slider Control,199,191,0.00,0.00,None,N/A,
142.9203,cer,SliderControl,Slider Control,199,191,0.00,0.00,None,N/A,
142.9299,cer,SliderControl,Slider Control,199,191,0.00,0.00,None,N/A,
142.9403,cer,SliderControl,Slider Control,199,191,0.00,0.00,None,N/A,
142.9498,cer,SliderControl,Slider Control,199,191,0.00,0.00,None,N/A,
142.9604,cer,SliderControl,Slider Control,199,191,0.00,0.00,None,N/A,
142.9700,cer,SliderControl,Slider Control,199,191,0.00,0.00,None,N/A,
142.9805,cer,SliderControl,Slider Control,199,191,0.00,0.00,None,N/A,
142.9899,cer,SliderControl,Slider Control,199,191,0.00,0.00,None,N/A,
143.0004,cer,SliderControl,Slider Control,199,191,0.00,0.00,None,N/A,
143.0098,cer,SliderControl,Slider Control,199,191,0.00,0.00,None,N/A,
143.0203,cer,SliderControl,Slider Control,199,191,0.00,0.00,None,N/A,
143.0305,cer,SliderControl,Slider Control,199,191,0.00,0.00,Left,N/A,
143.0400,cer,SliderControl,Slider Control,199,191,0.00,0.00,Left,N/A,
143.0499,cer,SliderControl,Slider Control,199,191,0.00,0.00,Left,N/A,
143.0603,cer,SliderControl,Slider Control,199,191,0.00,0.00,Left,N/A,
143.0698,cer,SliderControl,Slider Control,199,191,0.00,0.00,Left,N/A,
143.0805,cer,SliderControl,Slider Control,199,191,0.00,0.00,Left,N/A,
143.0901,cer,SliderControl,Slider Control,199,191,0.00,0.00,Left,N/A,
143.1011,cer,SliderControl,Slider Control,199,191,0.00,0.00,Left,N/A,
143.1107,cer,SliderControl,Slider Control,199,191,0.00,0.00,Left,N/A,
143.1206,cer,SliderControl,Slider Control,199,191,0.00,0.00,Left,N/A,
143.1303,cer,SliderControl,Slider Control,199,191,0.00,0.00,Left,N/A,
143.1399,cer,SliderControl,Slider Control,199,191,0.00,0.00,Left,N/A,
143.1504,cer,SliderControl,Slider Control,199,191,0.00,0.00,Left,N/A,
143.1599,cer,SliderControl,Slider Control,199,191,0.00,0.00,Left,N/A,
143.1703,cer,SliderControl,Slider Control,199,191,0.00,0.00,Left,N/A,
143.1798,cer,SliderControl,Slider Control,199,191,0.00,0.00,Left,N/A,
143.1903,cer,SliderControl,Slider Control,199,191,0.00,0.00,Left,N/A,
143.1998,cer,SliderControl,Slider Control,199,191,0.00,0.00,Left,N/A,
143.2101,cer,SliderControl,Slider Control,199,191,0.00,0.00,Left,N/A,
143.2206,cer,SliderControl,Slider Control,199,191,0.00,0.00,Left,N/A,
143.2300,cer,SliderControl,Slider Control,199,191,0.00,0.00,Left,N/A,
143.2406,cer,SliderControl,Slider Control,199,191,0.00,0.00,Left,N/A,
143.2501,cer,SliderControl,Slider Control,199,191,0.00,0.00,Left,N/A,
143.2605,cer,SliderControl,Slider Control,199,191,0.00,0.00,Left,N/A,
143.2700,cer,SliderControl,Slider Control,199,191,0.00,0.00,Left,N/A,
143.2804,cer,SliderControl,Slider Control,199,191,0.00,0.00,Left,N/A,
143.2904,cer,SliderControl,Slider Control,199,191,0.00,0.00,Left,N/A,
143.3006,cer,SliderControl,Slider Control,197,191,196.16,19239.47,Left,N/A,
143.3098,cer,SliderControl,Slider Control,197,191,0.00,-21282.41,Left,N/A,
143.3201,cer,SliderControl,Slider Control,195,191,194.93,18998.81,Left,N/A,
143.3305,cer,SliderControl,Slider Control,195,191,0.00,-18593.53,Left,N/A,
143.3398,cer,SliderControl,Slider Control,194,191,107.81,11623.95,Left,N/A,
143.3503,cer,SliderControl,Slider Control,194,191,0.00,-10265.99,Left,N/A,
143.3598,cer,SliderControl,Slider Control,193,191,105.28,11083.61,Left,N/A,
143.3699,cer,SliderControl,Slider Control,193,191,0.00,-10440.76,Left,N/A,
143.3805,cer,SliderControl,Slider Control,193,191,0.00,0.00,Left,N/A,
143.3906,cer,SliderControl,Slider Control,192,191,98.82,9764.88,Left,N/A,
143.4003,cer,SliderControl,Slider Control,192,191,0.00,-10200.58,Left,N/A,
143.4099,cer,SliderControl,Slider Control,191,191,103.82,10779.00,Left,N/A,
143.4204,cer,SliderControl,Slider Control,190,191,94.98,-839.47,Left,N/A,
143.4305,cer,SliderControl,Slider Control,189,191,99.73,473.46,Left,N/A,
143.4406,cer,SliderControl,Slider Control,188,191,98.91,-81.19,Left,N/A,
143.4507,cer,SliderControl,Slider Control,187,191,99.09,18.06,Left,N/A,
143.4603,cer,SliderControl,Slider Control,186,191,104.12,523.25,Left,N/A,
143.4701,cer,SliderControl,Slider Control,185,191,101.83,-232.71,Left,N/A,
143.4799,cer,SliderControl,Slider Control,184,191,101.39,-45.42,Left,N/A,
143.4900,cer,SliderControl,Slider Control,184,191,0.00,-10048.92,Left,N/A,
143.5002,cer,SliderControl,Slider Control,183,191,98.77,9755.22,Left,N/A,
143.5099,cer,SliderControl,Slider Control,183,191,0.00,-10096.89,Left,N/A,
143.5199,cer,SliderControl,Slider Control,183,191,0.00,0.00,Left,N/A,
143.5299,cer,SliderControl,Slider Control,182,191,100.04,10008.13,Left,N/A,
143.5404,cer,SliderControl,Slider Control,182,191,0.00,-9534.00,Left,N/A,
143.5499,cer,SliderControl,Slider Control,182,191,0.00,0.00,Left,N/A,
143.5605,cer,SliderControl,Slider Control,182,191,0.00,0.00,Left,N/A,
143.5700,cer,SliderControl,Slider Control,182,191,0.00,0.00,Left,N/A,
143.5804,cer,SliderControl,Slider Control,182,191,0.00,0.00,Left,N/A,
143.5900,cer,SliderControl,Slider Control,182,191,0.00,0.00,Left,N/A,
143.6005,cer,SliderControl,Slider Control,182,191,0.00,0.00,Left,N/A,
143.6100,cer,SliderControl,Slider Control,182,191,0.00,0.00,Left,N/A,
143.6205,cer,SliderControl,Slider Control,182,191,0.00,0.00,Left,N/A,
143.6306,cer,SliderControl,Slider Control,182,191,0.00,0.00,Left,N/A,
143.6398,cer,SliderControl,Slider Control,181,191,108.84,11845.79,Left,N/A,
143.6498,cer,SliderControl,Slider Control,181,191,0.00,-10885.66,Left,N/A,
143.6605,cer,SliderControl,Slider Control,181,191,0.00,0.00,Left,N/A,
143.6699,cer,SliderControl,Slider Control,180,191,106.94,11436.22,Left,N/A,
143.6804,cer,SliderControl,Slider Control,180,191,0.00,-10184.60,Left,N/A,
143.6903,cer,SliderControl,Slider Control,179,191,100.99,10199.41,Left,N/A,
143.7005,cer,SliderControl,Slider Control,178,191,98.05,-288.21,Left,N/A,
143.7102,cer,SliderControl,Slider Control,177,191,102.86,494.97,Left,N/A,
143.7203,cer,SliderControl,Slider Control,176,191,98.71,-410.50,Left,N/A,
143.7302,cer,SliderControl,Slider Control,176,191,0.00,-9942.89,Left,N/A,
143.7401,cer,SliderControl,Slider Control,175,191,100.94,10188.12,Left,N/A,
143.7506,cer,SliderControl,Slider Control,175,191,0.00,-9611.27,Left,N/A,
143.7601,cer,SliderControl,Slider Control,174,191,105.54,11138.90,Left,N/A,
143.7707,cer,SliderControl,Slider Control,174,191,0.00,-9994.60,Left,N/A,
143.7800,cer,SliderControl,Slider Control,173,191,106.73,11390.87,Left,N/A,
143.7906,cer,SliderControl,Slider Control,173,191,0.00,-10117.98,Left,N/A,
143.7998,cer,SliderControl,Slider Control,173,191,0.00,0.00,Left,N/A,
143.8100,cer,SliderControl,Slider Control,172,191,98.26,9654.47,Left,N/A,
143.8200,cer,SliderControl,Slider Control,171,191,99.88,162.43,Left,N/A,
143.8299,cer,SliderControl,Slider Control,170,191,101.24,137.17,Left,N/A,
143.8399,cer,SliderControl,Slider Control,169,191,100.26,-97.78,Left,N/A,
143.8503,cer,SliderControl,Slider Control,168,191,95.96,-412.74,Left,N/A,
143.8601,cer,SliderControl,Slider Control,167,191,101.57,569.54,Left,N/A,
143.8706,cer,SliderControl,Slider Control,166,191,95.61,-569.99,Left,N/A,
143.8808,cer,SliderControl,Slider Control,165,191,98.34,268.95,Left,N/A,
143.8905,cer,SliderControl,Slider Control,165,191,0.00,-10071.49,Left,N/A,
143.8999,cer,SliderControl,Slider Control,163,191,214.09,22916.82,Left,N/A,
143.9106,cer,SliderControl,Slider Control,163,191,0.00,-19974.42,Left,N/A,
143.9206,cer,SliderControl,Slider Control,162,191,100.00,10000.97,Left,N/A,
143.9303,cer,SliderControl,Slider Control,162,191,0.00,-10262.04,Left,N/A,
143.9402,cer,SliderControl,Slider Control,162,191,0.00,0.00,Left,N/A,
143.9503,cer,SliderControl,Slider Control,161,191,99.37,9874.84,Left,N/A,
143.9606,cer,SliderControl,Slider Control,161,191,0.00,-9565.72,Left,N/A,
143.9706,cer,SliderControl,Slider Control,161,191,0.00,0.00,Left,N/A,
143.9803,cer,SliderControl,Slider Control,160,191,103.06,10620.68,Left,N/A,
143.9902,cer,SliderControl,Slider Control,160,191,0.00,-10464.35,Left,N/A,
144.0002,cer,SliderControl,Slider Control,159,191,99.85,9970.05,Left,N/A,
144.0099,cer,SliderControl,Slider Control,159,191,0.00,-10328.54,Left,N/A,
144.0200,cer,SliderControl,Slider Control,159,191,0.00,0.00,Left,N/A,
144.0300,cer,SliderControl,Slider Control,158,191,99.78,9956.77,Left,N/A,
144.0398,cer,SliderControl,Slider Control,158,191,0.00,-10184.03,Left,N/A,
144.0500,cer,SliderControl,Slider Control,157,191,98.73,9746.96,Left,N/A,
144.0600,cer,SliderControl,Slider Control,156,191,99.39,65.57,Left,N/A,
144.0699,cer,SliderControl,Slider Control,155,191,101.10,173.42,Left,N/A,
144.0798,cer,SliderControl,Slider Control,154,191,101.78,68.92,Left,N/A,
144.0904,cer,SliderControl,Slider Control,153,191,93.70,-756.96,Left,N/A,
144.0998,cer,SliderControl,Slider Control,152,191,106.57,1371.29,Left,N/A,
144.1101,cer,SliderControl,Slider Control,150,191,193.88,8463.40,Left,N/A,
144.1207,cer,SliderControl,Slider Control,149,190,133.24,-5712.70,Left,N/A,
144.1307,cer,SliderControl,Slider Control,147,190,200.20,6702.64,Left,N/A,
144.1400,cer,SliderControl,Slider Control,146,190,107.34,-9967.71,Left,N/A,
144.1505,cer,SliderControl,Slider Control,145,190,95.75,-1109.70,Left,N/A,
144.1607,cer,SliderControl,Slider Control,144,190,98.38,259.17,Left,N/A,
144.1705,cer,SliderControl,Slider Control,143,190,101.94,362.70,Left,N/A,
144.1806,cer,SliderControl,Slider Control,142,190,98.82,-308.53,Left,N/A,
144.1903,cer,SliderControl,Slider Control,142,190,0.00,-10185.79,Left,N/A,
144.2002,cer,SliderControl,Slider Control,142,190,0.00,0.00,Left,N/A,
144.2099,cer,SliderControl,Slider Control,141,190,103.88,10790.75,Left,N/A,
144.2200,cer,SliderControl,Slider Control,141,190,0.00,-10214.71,Left,N/A,
144.2304,cer,SliderControl,Slider Control,140,190,96.26,9266.69,Left,N/A,
144.2400,cer,SliderControl,Slider Control,140,190,0.00,-10047.76,Left,N/A,
144.2501,cer,SliderControl,Slider Control,140,190,0.00,0.00,Left,N/A,
144.2604,cer,SliderControl,Slider Control,139,190,97.21,9449.27,Left,N/A,
144.2709,cer,SliderControl,Slider Control,138,190,94.61,-245.43,Left,N/A,
144.2799,cer,SliderControl,Slider Control,138,190,0.00,-10489.73,Left,N/A,
144.2906,cer,SliderControl,Slider Control,136,190,188.41,17749.29,Left,N/A,
144.2998,cer,SliderControl,Slider Control,136,190,0.00,-20371.51,Left,N/A,
144.3099,cer,SliderControl,Slider Control,134,190,197.83,19568.46,Left,N/A,
144.3201,cer,SliderControl,Slider Control,133,190,98.47,-9784.03,Left,N/A,
144.3299,cer,SliderControl,Slider Control,133,190,0.00,-10062.38,Left,N/A,
144.3401,cer,SliderControl,Slider Control,131,190,195.37,19084.75,Left,N/A,
144.3507,cer,SliderControl,Slider Control,131,190,0.00,-18403.67,Left,N/A,
144.3598,cer,SliderControl,Slider Control,129,190,219.50,24089.99,Left,N/A,
144.3707,cer,SliderControl,Slider Control,129,190,0.00,-20188.74,Left,N/A,
144.3807,cer,SliderControl,Slider Control,128,190,100.15,10030.61,Left,N/A,
144.3899,cer,SliderControl,Slider Control,128,190,0.00,-10854.57,Left,N/A,
144.4003,cer,SliderControl,Slider Control,128,190,0.00,0.00,Left,N/A,
144.4107,cer,SliderControl,Slider Control,127,190,96.47,9306.81,Left,N/A,
144.4201,cer,SliderControl,Slider Control,127,190,0.00,-10187.37,Left,N/A,
144.4306,cer,SliderControl,Slider Control,127,190,0.00,0.00,Left,N/A,
144.4401,cer,SliderControl,Slider Control,127,190,0.00,0.00,Left,N/A,
144.4505,cer,SliderControl,Slider Control,127,190,0.00,0.00,Left,N/A,
144.4600,cer,SliderControl,Slider Control,127,190,0.00,0.00,Left,N/A,
144.4701,cer,SliderControl,Slider Control,127,190,0.00,0.00,Left,N/A,
144.4805,cer,SliderControl,Slider Control,128,190,96.22,9259.04,Left,N/A,
144.4902,cer,SliderControl,Slider Control,128,190,0.00,-9868.75,Left,N/A,
144.5001,cer,SliderControl,Slider Control,130,190,201.31,20261.98,Left,N/A,
144.5102,cer,SliderControl,Slider Control,131,190,99.79,-10130.24,Left,N/A,
144.5200,cer,SliderControl,Slider Control,134,190,304.30,20743.49,Left,N/A,
144.5301,cer,SliderControl,Slider Control,135,190,98.99,-20322.66,Left,N/A,
144.5399,cer,SliderControl,Slider Control,139,190,407.88,31497.50,Left,N/A,
144.5500,cer,SliderControl,Slider Control,141,190,198.64,-20781.45,Left,N/A,
144.5603,cer,SliderControl,Slider Control,143,191,216.49,1728.54,Left,N/A,
144.5698,cer,SliderControl,Slider Control,146,191,315.07,10352.62,Left,N/A,
144.5803,cer,SliderControl,Slider Control,147,191,95.92,-21021.07,Left,N/A,
144.5902,cer,SliderControl,Slider Control,150,192,317.42,22232.62,Left,N/A,
144.6001,cer,SliderControl,Slider Control,151,192,101.76,-21945.07,Left,N/A,
144.6098,cer,SliderControl,Slider Control,152,192,102.94,121.87,Left,N/A,
144.6201,cer,SliderControl,Slider Control,153,192,97.07,-569.66,Left,N/A,
144.6302,cer,SliderControl,Slider Control,154,192,98.54,144.28,Left,N/A,
144.6401,cer,SliderControl,Slider Control,155,192,101.74,325.36,Left,N/A,
144.6499,cer,SliderControl,Slider Control,155,192,0.00,-10358.17,Left,N/A,
144.6602,cer,SliderControl,Slider Control,155,192,0.00,0.00,Left,N/A,
144.6700,cer,SliderControl,Slider Control,156,192,102.26,10456.64,Left,N/A,
144.6800,cer,SliderControl,Slider Control,156,192,0.00,-10252.42,Left,N/A,
144.6898,cer,SliderControl,Slider Control,156,192,0.00,0.00,Left,N/A,
144.7001,cer,SliderControl,Slider Control,157,192,97.40,9486.61,Left,N/A,
144.7098,cer,SliderControl,Slider Control,157,192,0.00,-9983.43,Left,N/A,
144.7199,cer,SliderControl,Slider Control,157,192,0.00,0.00,Left,N/A,
144.7306,cer,SliderControl,Slider Control,158,193,132.45,12405.33,Left,N/A,
144.7404,cer,SliderControl,Slider Control,158,193,0.00,-13478.94,Left,N/A,
144.7507,cer,SliderControl,Slider Control,159,193,96.91,9391.72,Left,N/A,
144.7598,cer,SliderControl,Slider Control,160,193,109.31,1354.90,Left,N/A,
144.7700,cer,SliderControl,Slider Control,161,193,98.63,-1053.08,Left,N/A,
144.7800,cer,SliderControl,Slider Control,162,193,99.44,80.45,Left,N/A,
144.7898,cer,SliderControl,Slider Control,162,193,0.00,-10138.91,Left,N/A,
144.8004,cer,SliderControl,Slider Control,163,193,94.59,8946.44,Left,N/A,
144.8106,cer,SliderControl,Slider Control,164,193,98.71,406.68,Left,N/A,
144.8207,cer,SliderControl,Slider Control,164,193,0.00,-9740.54,Left,N/A,
144.8299,cer,SliderControl,Slider Control,165,193,108.21,11709.27,Left,N/A,
144.8407,cer,SliderControl,Slider Control,165,193,0.00,-10064.38,Left,N/A,
144.8505,cer,SliderControl,Slider Control,165,193,0.00,0.00,Left,N/A,
144.8601,cer,SliderControl,Slider Control,166,193,103.74,10761.95,Left,N/A,
144.8706,cer,SliderControl,Slider Control,166,193,0.00,-9872.85,Left,N/A,
144.8802,cer,SliderControl,Slider Control,166,193,0.00,0.00,Left,N/A,
144.8905,cer,SliderControl,Slider Control,166,193,0.00,0.00,Left,N/A,
144.9001,cer,SliderControl,Slider Control,166,193,0.00,0.00,Left,N/A,
144.9106,cer,SliderControl,Slider Control,166,193,0.00,0.00,Left,N/A,
144.9200,cer,SliderControl,Slider Control,166,193,0.00,0.00,Left,N/A,
144.9304,cer,SliderControl,Slider Control,166,193,0.00,0.00,Left,N/A,
144.9399,cer,SliderControl,Slider Control,166,193,0.00,0.00,Left,N/A,
144.9504,cer,SliderControl,Slider Control,166,193,0.00,0.00,Left,N/A,
144.9599,cer,SliderControl,Slider Control,166,193,0.00,0.00,Left,N/A,
144.9704,cer,SliderControl,Slider Control,166,193,0.00,0.00,Left,N/A,
144.9800,cer,SliderControl,Slider Control,166,193,0.00,0.00,Left,N/A,
144.9905,cer,SliderControl,Slider Control,166,193,0.00,0.00,Left,N/A,
145.0001,cer,SliderControl,Slider Control,166,193,0.00,0.00,Left,N/A,
145.0105,cer,SliderControl,Slider Control,166,193,0.00,0.00,Left,N/A,
145.0201,cer,SliderControl,Slider Control,166,193,0.00,0.00,Left,N/A,
145.0307,cer,SliderControl,Slider Control,166,193,0.00,0.00,Left,N/A,
145.0402,cer,SliderControl,Slider Control,166,193,0.00,0.00,Left,N/A,
145.0506,cer,SliderControl,Slider Control,166,193,0.00,0.00,Left,N/A,
145.0600,cer,SliderControl,Slider Control,166,193,0.00,0.00,Left,N/A,
145.0705,cer,SliderControl,Slider Control,166,193,0.00,0.00,Left,N/A,
145.0798,cer,SliderControl,Slider Control,166,193,0.00,0.00,Left,N/A,
145.0903,cer,SliderControl,Slider Control,166,193,0.00,0.00,Left,N/A,
145.1005,cer,SliderControl,Slider Control,167,192,138.73,13608.82,Left,N/A,
145.1098,cer,SliderControl,Slider Control,167,192,0.00,-14991.30,Left,N/A,
145.1206,cer,SliderControl,Slider Control,167,192,0.00,0.00,Left,N/A,
145.1298,cer,SliderControl,Slider Control,167,191,108.52,11776.01,Left,N/A,
145.1402,cer,SliderControl,Slider Control,168,191,95.75,-1222.34,Left,N/A,
145.1422,cer,SliderControl,Slider Control,168,191,95.75,0.00,None,N/A,slider_released_missed
145.1499,cer,SliderControl,Slider Control,168,191,0.00,-9877.80,None,N/A,
145.1605,cer,SliderControl,Slider Control,168,191,0.00,0.00,None,N/A,
145.1701,cer,SliderControl,Slider Control,168,191,0.00,0.00,None,N/A,
145.1808,cer,SliderControl,Slider Control,168,191,0.00,0.00,None,N/A,
145.1905,cer,SliderControl,Slider Control,168,191,0.00,0.00,None,N/A,
145.2001,cer,SliderControl,Slider Control,168,191,0.00,0.00,None,N/A,
145.2098,cer,SliderControl,Slider Control,168,191,0.00,0.00,None,N/A,
145.2206,cer,SliderControl,Slider Control,168,191,0.00,0.00,None,N/A,
145.2304,cer,SliderControl,Slider Control,168,191,0.00,0.00,None,N/A,
145.2402,cer,SliderControl,Slider Control,168,191,0.00,0.00,None,N/A,
145.2507,cer,SliderControl,Slider Control,168,191,0.00,0.00,None,N/A,
145.2603,cer,SliderControl,Slider Control,168,191,0.00,0.00,None,N/A,
145.2698,cer,SliderControl,Slider Control,168,191,0.00,0.00,None,N/A,
145.2801,cer,SliderControl,Slider Control,168,191,0.00,0.00,None,N/A,
145.2906,cer,SliderControl,Slider Control,168,191,0.00,0.00,None,N/A,
145.3001,cer,SliderControl,Slider Control,168,191,0.00,0.00,None,N/A,
145.3105,cer,SliderControl,Slider Control,168,191,0.00,0.00,None,N/A,
145.3200,cer,SliderControl,Slider Control,168,191,0.00,0.00,None,N/A,
145.3305,cer,SliderControl,Slider Control,168,191,0.00,0.00,None,N/A,
145.3400,cer,SliderControl,Slider Control,168,191,0.00,0.00,None,N/A,
145.3504,cer,SliderControl,Slider Control,168,191,0.00,0.00,None,N/A,
145.3599,cer,SliderControl,Slider Control,168,191,0.00,0.00,None,N/A,
145.3705,cer,SliderControl,Slider Control,168,191,0.00,0.00,None,N/A,
145.3805,cer,SliderControl,Slider Control,168,191,0.00,0.00,None,N/A,
145.3900,cer,SliderControl,Slider Control,168,191,0.00,0.00,None,N/A,
145.4005,cer,SliderControl,Slider Control,168,191,0.00,0.00,None,N/A,
145.4103,cer,SliderControl,Slider Control,168,191,0.00,0.00,None,N/A,
145.4214,cer,SliderControl,Slider Control,168,191,0.00,0.00,None,N/A,
145.4300,cer,SliderControl,Slider Control,168,191,0.00,0.00,None,N/A,
145.4399,cer,SliderControl,Slider Control,168,191,0.00,0.00,None,N/A,
145.4504,cer,SliderControl,Slider Control,168,191,0.00,0.00,None,N/A,
145.4599,cer,SliderControl,Slider Control,168,191,0.00,0.00,None,N/A,
145.4705,cer,SliderControl,Slider Control,168,191,0.00,0.00,None,N/A,
145.4800,cer,SliderControl,Slider Control,168,191,0.00,0.00,None,N/A,
145.4905,cer,SliderControl,Slider Control,168,191,0.00,0.00,None,N/A,
145.5001,cer,SliderControl,Slider Control,168,191,0.00,0.00,None,N/A,
145.5100,cer,SliderControl,Slider Control,168,191,0.00,0.00,Left,N/A,
145.5204,cer,SliderControl,Slider Control,168,191,0.00,0.00,Left,N/A,
145.5300,cer,SliderControl,Slider Control,168,191,0.00,0.00,Left,N/A,
145.5405,cer,SliderControl,Slider Control,168,191,0.00,0.00,Left,N/A,
145.5499,cer,SliderControl,Slider Control,168,191,0.00,0.00,Left,N/A,
145.5603,cer,SliderControl,Slider Control,168,191,0.00,0.00,Left,N/A,
145.5708,cer,SliderControl,Slider Control,168,191,0.00,0.00,Left,N/A,
145.5806,cer,SliderControl,Slider Control,168,191,0.00,0.00,Left,N/A,
145.5901,cer,SliderControl,Slider Control,168,191,0.00,0.00,Left,N/A,
145.6007,cer,SliderControl,Slider Control,168,191,0.00,0.00,Left,N/A,
145.6103,cer,SliderControl,Slider Control,168,191,0.00,0.00,Left,N/A,
145.6199,cer,SliderControl,Slider Control,168,191,0.00,0.00,Left,N/A,
145.6304,cer,SliderControl,Slider Control,168,191,0.00,0.00,Left,N/A,
145.6399,cer,SliderControl,Slider Control,168,191,0.00,0.00,Left,N/A,
145.6505,cer,SliderControl,Slider Control,168,191,0.00,0.00,Left,N/A,
145.6602,cer,SliderControl,Slider Control,168,191,0.00,0.00,Left,N/A,
145.6708,cer,SliderControl,Slider Control,168,191,0.00,0.00,Left,N/A,
145.6804,cer,SliderControl,Slider Control,168,191,0.00,0.00,Left,N/A,
145.6898,cer,SliderControl,Slider Control,168,191,0.00,0.00,Left,N/A,
145.7003,cer,SliderControl,Slider Control,168,191,0.00,0.00,Left,N/A,
145.7098,cer,SliderControl,Slider Control,168,191,0.00,0.00,Left,N/A,
145.7203,cer,SliderControl,Slider Control,168,191,0.00,0.00,Left,N/A,
145.7307,cer,SliderControl,Slider Control,168,191,0.00,0.00,Left,N/A,
145.7402,cer,SliderControl,Slider Control,168,191,0.00,0.00,Left,N/A,
145.7498,cer,SliderControl,Slider Control,168,191,0.00,0.00,Left,N/A,
145.7603,cer,SliderControl,Slider Control,168,191,0.00,0.00,Left,N/A,
145.7699,cer,SliderControl,Slider Control,168,191,0.00,0.00,Left,N/A,
145.7801,cer,SliderControl,Slider Control,168,191,0.00,0.00,Left,N/A,
145.7904,cer,SliderControl,Slider Control,169,191,97.87,9578.03,Left,N/A,
145.8003,cer,SliderControl,Slider Control,170,192,141.95,4424.66,Left,N/A,
145.8104,cer,SliderControl,Slider Control,172,192,198.93,5667.35,Left,N/A,
145.8204,cer,SliderControl,Slider Control,173,193,140.50,-5804.55,Left,N/A,
145.8302,cer,SliderControl,Slider Control,174,193,102.31,-3907.42,Left,N/A,
145.8405,cer,SliderControl,Slider Control,174,193,0.00,-9949.23,Left,N/A,
145.8499,cer,SliderControl,Slider Control,175,194,150.51,16017.69,Left,N/A,
145.8602,cer,SliderControl,Slider Control,175,194,0.00,-14551.50,Left,N/A,
145.8697,cer,SliderControl,Slider Control,176,194,105.50,11129.93,Left,N/A,
145.8799,cer,SliderControl,Slider Control,176,194,0.00,-10393.25,Left,N/A,
145.8898,cer,SliderControl,Slider Control,176,194,0.00,0.00,Left,N/A,
145.8998,cer,SliderControl,Slider Control,177,194,100.21,10042.11,Left,N/A,
145.9102,cer,SliderControl,Slider Control,177,194,0.00,-9642.41,Left,N/A,
145.9207,cer,SliderControl,Slider Control,177,194,0.00,0.00,Left,N/A,
145.9307,cer,SliderControl,Slider Control,177,194,0.00,0.00,Left,N/A,
145.9402,cer,SliderControl,Slider Control,177,194,0.00,0.00,Left,N/A,
145.9507,cer,SliderControl,Slider Control,177,194,0.00,0.00,Left,N/A,
145.9601,cer,SliderControl,Slider Control,177,194,0.00,0.00,Left,N/A,
145.9706,cer,SliderControl,Slider Control,177,194,0.00,0.00,Left,N/A,
145.9802,cer,SliderControl,Slider Control,177,194,0.00,0.00,Left,N/A,
145.9907,cer,SliderControl,Slider Control,177,194,0.00,0.00,Left,N/A,
146.0006,cer,SliderControl,Slider Control,177,195,100.81,10163.65,Left,N/A,
146.0100,cer,SliderControl,Slider Control,177,195,0.00,-10682.31,Left,N/A,
146.0205,cer,SliderControl,Slider Control,177,195,0.00,0.00,Left,N/A,
146.0303,cer,SliderControl,Slider Control,177,195,0.00,0.00,Left,N/A,
146.0408,cer,SliderControl,Slider Control,177,195,0.00,0.00,Left,N/A,
146.0502,cer,SliderControl,Slider Control,177,195,0.00,0.00,Left,N/A,
146.0606,cer,SliderControl,Slider Control,177,195,0.00,0.00,Left,N/A,
146.0701,cer,SliderControl,Slider Control,177,195,0.00,0.00,Left,N/A,
146.0806,cer,SliderControl,Slider Control,177,195,0.00,0.00,Left,N/A,
146.0900,cer,SliderControl,Slider Control,177,195,0.00,0.00,Left,N/A,
146.1004,cer,SliderControl,Slider Control,177,195,0.00,0.00,Left,N/A,
146.1108,cer,SliderControl,Slider Control,177,195,0.00,0.00,Left,N/A,
146.1203,cer,SliderControl,Slider Control,177,195,0.00,0.00,Left,N/A,
146.1301,cer,SliderControl,Slider Control,177,195,0.00,0.00,Left,N/A,
146.1405,cer,SliderControl,Slider Control,177,195,0.00,0.00,Left,N/A,
146.1499,cer,SliderControl,Slider Control,177,195,0.00,0.00,Left,N/A,
146.1604,cer,SliderControl,Slider Control,177,195,0.00,0.00,Left,N/A,
146.1699,cer,SliderControl,Slider Control,177,195,0.00,0.00,Left,N/A,
146.1804,cer,SliderControl,Slider Control,177,195,0.00,0.00,Left,N/A,
146.1899,cer,SliderControl,Slider Control,177,195,0.00,0.00,Left,N/A,
146.2003,cer,SliderControl,Slider Control,177,195,0.00,0.00,Left,N/A,
146.2099,cer,SliderControl,Slider Control,177,195,0.00,0.00,Left,N/A,
146.2205,cer,SliderControl,Slider Control,177,195,0.00,0.00,Left,N/A,
146.2301,cer,SliderControl,Slider Control,177,195,0.00,0.00,Left,N/A,
146.2405,cer,SliderControl,Slider Control,177,195,0.00,0.00,Left,N/A,
146.2499,cer,SliderControl,Slider Control,177,195,0.00,0.00,Left,N/A,
146.2602,cer,SliderControl,Slider Control,177,195,0.00,0.00,Left,N/A,
146.2705,cer,SliderControl,Slider Control,178,195,97.41,9489.26,Left,N/A,
146.2805,cer,SliderControl,Slider Control,178,195,0.00,-9747.57,Left,N/A,
146.2907,cer,SliderControl,Slider Control,179,195,97.78,9561.52,Left,N/A,
146.3002,cer,SliderControl,Slider Control,179,195,0.00,-10278.73,Left,N/A,
146.3107,cer,SliderControl,Slider Control,181,195,190.65,18174.57,Left,N/A,
146.3203,cer,SliderControl,Slider Control,182,195,104.58,-9001.71,Left,N/A,
146.3300,cer,SliderControl,Slider Control,184,195,206.20,10477.17,Left,N/A,
146.3403,cer,SliderControl,Slider Control,185,195,96.61,-10587.38,Left,N/A,
146.3501,cer,SliderControl,Slider Control,186,195,102.10,561.39,Left,N/A,
146.3602,cer,SliderControl,Slider Control,188,195,198.25,9530.73,Left,N/A,
146.3705,cer,SliderControl,Slider Control,189,195,97.11,-9821.84,Left,N/A,
146.3798,cer,SliderControl,Slider Control,191,195,215.62,12775.88,Left,N/A,
146.3906,cer,SliderControl,Slider Control,192,195,91.86,-11368.37,Left,N/A,
146.4007,cer,SliderControl,Slider Control,193,195,99.89,802.23,Left,N/A,
146.4108,cer,SliderControl,Slider Control,193,195,0.00,-9882.10,Left,N/A,
146.4200,cer,SliderControl,Slider Control,194,195,107.84,11630.52,Left,N/A,
146.4306,cer,SliderControl,Slider Control,194,195,0.00,-10227.56,Left,N/A,
146.4407,cer,SliderControl,Slider Control,195,195,99.27,9854.75,Left,N/A,
146.4506,cer,SliderControl,Slider Control,195,195,0.00,-9952.04,Left,N/A,
146.4599,cer,SliderControl,Slider Control,195,195,0.00,0.00,Left,N/A,
146.4703,cer,SliderControl,Slider Control,195,195,0.00,0.00,Left,N/A,
146.4799,cer,SliderControl,Slider Control,195,195,0.00,0.00,Left,N/A,
146.4904,cer,SliderControl,Slider Control,195,195,0.00,0.00,Left,N/A,
146.4998,cer,SliderControl,Slider Control,195,195,0.00,0.00,Left,N/A,
146.5108,cer,SliderControl,Slider Control,196,195,91.62,8393.99,Left,N/A,
146.5203,cer,SliderControl,Slider Control,196,194,104.38,1332.34,Left,N/A,
146.5303,cer,SliderControl,Slider Control,196,194,0.00,-10442.26,Left,N/A,
146.5403,cer,SliderControl,Slider Control,197,194,100.61,10121.76,Left,N/A,
146.5503,cer,SliderControl,Slider Control,197,195,99.32,-128.23,Left,N/A,
146.5598,cer,SliderControl,Slider Control,198,195,105.12,610.18,Left,N/A,
146.5676,cer,SliderControl,Slider Control,198,195,105.12,0.00,None,N/A,slider_released_missed
146.5703,cer,SliderControl,Slider Control,198,195,0.00,-10011.51,None,N/A,
146.5800,cer,SliderControl,Slider Control,198,195,0.00,0.00,None,N/A,
146.5904,cer,SliderControl,Slider Control,198,195,0.00,0.00,None,N/A,
146.6003,cer,SliderControl,Slider Control,198,195,0.00,0.00,None,N/A,
146.6099,cer,SliderControl,Slider Control,198,195,0.00,0.00,None,N/A,
146.6203,cer,SliderControl,Slider Control,198,195,0.00,0.00,None,N/A,
146.6299,cer,SliderControl,Slider Control,198,195,0.00,0.00,None,N/A,
146.6405,cer,SliderControl,Slider Control,198,195,0.00,0.00,None,N/A,
146.6501,cer,SliderControl,Slider Control,198,195,0.00,0.00,None,N/A,
146.6606,cer,SliderControl,Slider Control,198,195,0.00,0.00,None,N/A,
146.6703,cer,SliderControl,Slider Control,198,195,0.00,0.00,None,N/A,
146.6798,cer,SliderControl,Slider Control,198,195,0.00,0.00,None,N/A,
146.6903,cer,SliderControl,Slider Control,198,195,0.00,0.00,None,N/A,
146.6999,cer,SliderControl,Slider Control,198,195,0.00,0.00,None,N/A,
146.7108,cer,SliderControl,Slider Control,198,195,0.00,0.00,None,N/A,
146.7205,cer,SliderControl,Slider Control,198,195,0.00,0.00,None,N/A,
146.7301,cer,SliderControl,Slider Control,198,195,0.00,0.00,None,N/A,
146.7412,cer,SliderControl,Slider Control,198,195,0.00,0.00,None,N/A,
146.7502,cer,SliderControl,Slider Control,198,195,0.00,0.00,None,N/A,
146.7602,cer,SliderControl,Slider Control,198,195,0.00,0.00,None,N/A,
146.7698,cer,SliderControl,Slider Control,198,195,0.00,0.00,None,N/A,
146.7808,cer,SliderControl,Slider Control,198,195,0.00,0.00,None,N/A,
146.7908,cer,SliderControl,Slider Control,198,195,0.00,0.00,None,N/A,
146.8008,cer,SliderControl,Slider Control,198,195,0.00,0.00,None,N/A,
146.8105,cer,SliderControl,Slider Control,198,195,0.00,0.00,None,N/A,
146.8199,cer,SliderControl,Slider Control,198,195,0.00,0.00,None,N/A,
146.8304,cer,SliderControl,Slider Control,198,195,0.00,0.00,None,N/A,
146.8398,cer,SliderControl,Slider Control,198,195,0.00,0.00,None,N/A,
146.8503,cer,SliderControl,Slider Control,198,195,0.00,0.00,None,N/A,
146.8600,cer,SliderControl,Slider Control,198,195,0.00,0.00,None,N/A,
146.8707,cer,SliderControl,Slider Control,198,195,0.00,0.00,None,N/A,
146.8803,cer,SliderControl,Slider Control,198,195,0.00,0.00,None,N/A,
146.8906,cer,SliderControl,Slider Control,198,195,0.00,0.00,Left,N/A,
146.9000,cer,SliderControl,Slider Control,198,195,0.00,0.00,Left,N/A,
146.9105,cer,SliderControl,Slider Control,198,195,0.00,0.00,Left,N/A,
146.9200,cer,SliderControl,Slider Control,198,195,0.00,0.00,Left,N/A,
146.9306,cer,SliderControl,Slider Control,198,195,0.00,0.00,Left,N/A,
146.9401,cer,SliderControl,Slider Control,198,195,0.00,0.00,Left,N/A,
146.9509,cer,SliderControl,Slider Control,198,195,0.00,0.00,Left,N/A,
146.9606,cer,SliderControl,Slider Control,198,195,0.00,0.00,Left,N/A,
146.9701,cer,SliderControl,Slider Control,198,195,0.00,0.00,Left,N/A,
146.9807,cer,SliderControl,Slider Control,198,195,0.00,0.00,Left,N/A,
146.9902,cer,SliderControl,Slider Control,198,195,0.00,0.00,Left,N/A,
147.0006,cer,SliderControl,Slider Control,198,195,0.00,0.00,Left,N/A,
147.0100,cer,SliderControl,Slider Control,198,195,0.00,0.00,Left,N/A,
147.0205,cer,SliderControl,Slider Control,198,195,0.00,0.00,Left,N/A,
147.0305,cer,SliderControl,Slider Control,198,195,0.00,0.00,Left,N/A,
147.0400,cer,SliderControl,Slider Control,198,195,0.00,0.00,Left,N/A,
147.0505,cer,SliderControl,Slider Control,198,195,0.00,0.00,Left,N/A,
147.0600,cer,SliderControl,Slider Control,198,195,0.00,0.00,Left,N/A,
147.0705,cer,SliderControl,Slider Control,198,195,0.00,0.00,Left,N/A,
147.0802,cer,SliderControl,Slider Control,198,195,0.00,0.00,Left,N/A,
147.0907,cer,SliderControl,Slider Control,198,195,0.00,0.00,Left,N/A,
147.1001,cer,SliderControl,Slider Control,198,195,0.00,0.00,Left,N/A,
147.1106,cer,SliderControl,Slider Control,198,195,0.00,0.00,Left,N/A,
147.1201,cer,SliderControl,Slider Control,198,195,0.00,0.00,Left,N/A,
147.1306,cer,SliderControl,Slider Control,198,195,0.00,0.00,Left,N/A,
147.1401,cer,SliderControl,Slider Control,198,195,0.00,0.00,Left,N/A,
147.1497,cer,SliderControl,Slider Control,200,195,208.20,21673.73,Left,N/A,
147.1600,cer,SliderControl,Slider Control,202,195,193.63,-1410.30,Left,N/A,
147.1703,cer,SliderControl,Slider Control,204,195,194.56,90.44,Left,N/A,
147.1799,cer,SliderControl,Slider Control,206,195,208.39,1440.28,Left,N/A,
147.1907,cer,SliderControl,Slider Control,207,195,92.48,-10719.09,Left,N/A,
147.2007,cer,SliderControl,Slider Control,209,195,201.23,10942.25,Left,N/A,
147.2101,cer,SliderControl,Slider Control,210,195,105.60,-10098.85,Left,N/A,
147.2199,cer,SliderControl,Slider Control,211,195,102.04,-363.84,Left,N/A,
147.2307,cer,SliderControl,Slider Control,212,195,92.94,-845.38,Left,N/A,
147.2403,cer,SliderControl,Slider Control,212,195,0.00,-9630.18,Left,N/A,
147.2503,cer,SliderControl,Slider Control,212,195,0.00,0.00,Left,N/A,
147.2600,cer,SliderControl,Slider Control,213,195,102.78,10564.54,Left,N/A,
147.2702,cer,SliderControl,Slider Control,213,195,0.00,-10105.65,Left,N/A,
147.2806,cer,SliderControl,Slider Control,214,195,96.04,9224.30,Left,N/A,
147.2900,cer,SliderControl,Slider Control,214,195,0.00,-10145.18,Left,N/A,
147.3004,cer,SliderControl,Slider Control,214,195,0.00,0.00,Left,N/A,
147.3098,cer,SliderControl,Slider Control,214,195,0.00,0.00,Left,N/A,
147.3202,cer,SliderControl,Slider Control,214,195,0.00,0.00,Left,N/A,
147.3307,cer,SliderControl,Slider Control,214,195,0.00,0.00,Left,N/A,
147.3401,cer,SliderControl,Slider Control,214,195,0.00,0.00,Left,N/A,
147.3506,cer,SliderControl,Slider Control,214,195,0.00,0.00,Left,N/A,
147.3602,cer,SliderControl,Slider Control,214,195,0.00,0.00,Left,N/A,
147.3700,cer,SliderControl,Slider Control,214,195,0.00,0.00,Left,N/A,
147.3806,cer,SliderControl,Slider Control,214,195,0.00,0.00,Left,N/A,
147.3901,cer,SliderControl,Slider Control,214,195,0.00,0.00,Left,N/A,
147.4000,cer,SliderControl,Slider Control,214,195,0.00,0.00,Left,N/A,
147.4098,cer,SliderControl,Slider Control,215,195,101.52,10306.34,Left,N/A,
147.4205,cer,SliderControl,Slider Control,215,195,0.00,-9560.52,Left,N/A,
147.4298,cer,SliderControl,Slider Control,215,195,0.00,0.00,Left,N/A,
147.4403,cer,SliderControl,Slider Control,215,195,0.00,0.00,Left,N/A,
147.4497,cer,SliderControl,Slider Control,215,195,0.00,0.00,Left,N/A,
147.4606,cer,SliderControl,Slider Control,215,195,0.00,0.00,Left,N/A,
147.4700,cer,SliderControl,Slider Control,216,196,151.38,16203.81,Left,N/A,
147.4805,cer,SliderControl,Slider Control,216,196,0.00,-14434.17,Left,N/A,
147.4899,cer,SliderControl,Slider Control,217,197,150.02,15914.95,Left,N/A,
147.5002,cer,SliderControl,Slider Control,218,197,97.16,-5136.14,Left,N/A,
147.5100,cer,SliderControl,Slider Control,219,198,143.49,4701.17,Left,N/A,
147.5207,cer,SliderControl,Slider Control,221,198,188.18,4204.23,Left,N/A,
147.5298,cer,SliderControl,Slider Control,222,199,154.21,-3704.09,Left,N/A,
147.5403,cer,SliderControl,Slider Control,224,199,191.13,3528.15,Left,N/A,
147.5504,cer,SliderControl,Slider Control,225,199,98.64,-9123.00,Left,N/A,
147.5598,cer,SliderControl,Slider Control,226,200,151.24,5624.90,Left,N/A,
147.5705,cer,SliderControl,Slider Control,227,200,93.21,-5409.11,Left,N/A,
147.5803,cer,SliderControl,Slider Control,228,200,102.36,936.37,Left,N/A,
147.5903,cer,SliderControl,Slider Control,229,200,99.92,-243.40,Left,N/A,
147.6001,cer,SliderControl,Slider Control,229,200,0.00,-10173.10,Left,N/A,
147.6099,cer,SliderControl,Slider Control,230,200,102.49,10503.19,Left,N/A,
147.6200,cer,SliderControl,Slider Control,230,200,0.00,-10103.27,Left,N/A,
147.6300,cer,SliderControl,Slider Control,230,200,0.00,0.00,Left,N/A,
147.6398,cer,SliderControl,Slider Control,231,200,102.02,10408.87,Left,N/A,
147.6503,cer,SliderControl,Slider Control,231,200,0.00,-9755.15,Left,N/A,
147.6600,cer,SliderControl,Slider Control,232,200,103.07,10624.33,Left,N/A,
147.6705,cer,SliderControl,Slider Control,232,200,0.00,-9831.83,Left,N/A,
147.6800,cer,SliderControl,Slider Control,232,200,0.00,0.00,Left,N/A,
147.6905,cer,SliderControl,Slider Control,232,200,0.00,0.00,Left,N/A,
147.6999,cer,SliderControl,Slider Control,232,200,0.00,0.00,Left,N/A,
147.7077,cer,SliderControl,Slider Control,232,200,0.00,0.00,None,N/A,slider_released_missed
147.7105,cer,SliderControl,Slider Control,232,200,0.00,0.00,None,N/A,
147.7201,cer,SliderControl,Slider Control,232,200,0.00,0.00,None,N/A,
147.7308,cer,SliderControl,Slider Control,232,200,0.00,0.00,None,N/A,
147.7407,cer,SliderControl,Slider Control,232,200,0.00,0.00,None,N/A,
147.7504,cer,SliderControl,Slider Control,232,200,0.00,0.00,None,N/A,
147.7600,cer,SliderControl,Slider Control,232,200,0.00,0.00,None,N/A,
147.7705,cer,SliderControl,Slider Control,232,200,0.00,0.00,None,N/A,
147.7800,cer,SliderControl,Slider Control,232,200,0.00,0.00,None,N/A,
147.7906,cer,SliderControl,Slider Control,232,200,0.00,0.00,None,N/A,
147.8002,cer,SliderControl,Slider Control,232,200,0.00,0.00,None,N/A,
147.8107,cer,SliderControl,Slider Control,232,200,0.00,0.00,None,N/A,
147.8203,cer,SliderControl,Slider Control,232,200,0.00,0.00,None,N/A,
147.8300,cer,SliderControl,Slider Control,232,200,0.00,0.00,None,N/A,
147.8407,cer,SliderControl,Slider Control,232,200,0.00,0.00,None,N/A,
147.8503,cer,SliderControl,Slider Control,232,200,0.00,0.00,None,N/A,
147.8599,cer,SliderControl,Slider Control,232,200,0.00,0.00,None,N/A,
147.8706,cer,SliderControl,Slider Control,232,200,0.00,0.00,None,N/A,
147.8803,cer,SliderControl,Slider Control,232,200,0.00,0.00,None,N/A,
147.8899,cer,SliderControl,Slider Control,232,200,0.00,0.00,None,N/A,
147.9006,cer,SliderControl,Slider Control,232,200,0.00,0.00,None,N/A,
147.9100,cer,SliderControl,Slider Control,232,200,0.00,0.00,None,N/A,
147.9204,cer,SliderControl,Slider Control,232,200,0.00,0.00,None,N/A,
147.9300,cer,SliderControl,Slider Control,232,200,0.00,0.00,None,N/A,
147.9399,cer,SliderControl,Slider Control,232,200,0.00,0.00,None,N/A,
147.9503,cer,SliderControl,Slider Control,232,200,0.00,0.00,None,N/A,
147.9606,cer,SliderControl,Slider Control,232,200,0.00,0.00,None,N/A,
147.9701,cer,SliderControl,Slider Control,232,200,0.00,0.00,None,N/A,
147.9807,cer,SliderControl,Slider Control,232,200,0.00,0.00,None,N/A,
147.9903,cer,SliderControl,Slider Control,232,200,0.00,0.00,None,N/A,
148.0007,cer,SliderControl,Slider Control,232,200,0.00,0.00,None,N/A,
148.0101,cer,SliderControl,Slider Control,232,200,0.00,0.00,None,N/A,
148.0206,cer,SliderControl,Slider Control,232,200,0.00,0.00,None,N/A,
148.0302,cer,SliderControl,Slider Control,232,200,0.00,0.00,None,N/A,
148.0398,cer,SliderControl,Slider Control,232,200,0.00,0.00,None,N/A,
148.0504,cer,SliderControl,Slider Control,232,200,0.00,0.00,None,N/A,
148.0598,cer,SliderControl,Slider Control,232,200,0.00,0.00,None,N/A,
148.0703,cer,SliderControl,Slider Control,232,200,0.00,0.00,None,N/A,
148.0802,cer,SliderControl,Slider Control,232,200,0.00,0.00,None,N/A,
148.0907,cer,SliderControl,Slider Control,232,200,0.00,0.00,None,N/A,
148.1001,cer,SliderControl,Slider Control,232,200,0.00,0.00,None,N/A,
148.1105,cer,SliderControl,Slider Control,232,200,0.00,0.00,None,N/A,
148.1207,cer,SliderControl,Slider Control,232,200,0.00,0.00,Left,N/A,
148.1303,cer,SliderControl,Slider Control,232,200,0.00,0.00,Left,N/A,
148.1398,cer,SliderControl,Slider Control,232,200,0.00,0.00,Left,N/A,
148.1506,cer,SliderControl,Slider Control,232,200,0.00,0.00,Left,N/A,
148.1603,cer,SliderControl,Slider Control,232,200,0.00,0.00,Left,N/A,
148.1698,cer,SliderControl,Slider Control,232,200,0.00,0.00,Left,N/A,
148.1805,cer,SliderControl,Slider Control,232,200,0.00,0.00,Left,N/A,
148.1900,cer,SliderControl,Slider Control,232,200,0.00,0.00,Left,N/A,
148.2005,cer,SliderControl,Slider Control,232,200,0.00,0.00,Left,N/A,
148.2100,cer,SliderControl,Slider Control,232,200,0.00,0.00,Left,N/A,
148.2205,cer,SliderControl,Slider Control,232,200,0.00,0.00,Left,N/A,
148.2301,cer,SliderControl,Slider Control,232,200,0.00,0.00,Left,N/A,
148.2406,cer,SliderControl,Slider Control,232,200,0.00,0.00,Left,N/A,
148.2501,cer,SliderControl,Slider Control,232,200,0.00,0.00,Left,N/A,
148.2605,cer,SliderControl,Slider Control,232,200,0.00,0.00,Left,N/A,
148.2700,cer,SliderControl,Slider Control,232,200,0.00,0.00,Left,N/A,
148.2805,cer,SliderControl,Slider Control,232,200,0.00,0.00,Left,N/A,
148.2900,cer,SliderControl,Slider Control,232,200,0.00,0.00,Left,N/A,
148.3009,cer,SliderControl,Slider Control,232,200,0.00,0.00,Left,N/A,
148.3105,cer,SliderControl,Slider Control,232,200,0.00,0.00,Left,N/A,
148.3202,cer,SliderControl,Slider Control,232,200,0.00,0.00,Left,N/A,
148.3308,cer,SliderControl,Slider Control,232,200,0.00,0.00,Left,N/A,
148.3403,cer,SliderControl,Slider Control,232,200,0.00,0.00,Left,N/A,
148.3498,cer,SliderControl,Slider Control,232,200,0.00,0.00,Left,N/A,
148.3602,cer,SliderControl,Slider Control,232,200,0.00,0.00,Left,N/A,
148.3706,cer,SliderControl,Slider Control,233,200,96.45,9302.95,Left,N/A,
148.3806,cer,SliderControl,Slider Control,234,200,100.17,372.17,Left,N/A,
148.3905,cer,SliderControl,Slider Control,237,200,302.12,20337.65,Left,N/A,
148.4004,cer,SliderControl,Slider Control,238,200,101.01,-20313.83,Left,N/A,
148.4103,cer,SliderControl,Slider Control,240,200,201.92,10188.12,Left,N/A,
148.4205,cer,SliderControl,Slider Control,241,200,98.30,-10185.95,Left,N/A,
148.4299,cer,SliderControl,Slider Control,242,200,105.77,789.69,Left,N/A,
148.4411,cer,SliderControl,Slider Control,243,200,89.30,-1470.29,Left,N/A,
148.4502,cer,SliderControl,Slider Control,244,200,110.47,2338.61,Left,N/A,
148.4601,cer,SliderControl,Slider Control,245,200,100.84,-970.96,Left,N/A,
148.4700,cer,SliderControl,Slider Control,246,200,101.53,70.15,Left,N/A,
148.4806,cer,SliderControl,Slider Control,246,200,0.00,-9579.11,Left,N/A,
148.4900,cer,SliderControl,Slider Control,246,200,0.00,0.00,Left,N/A,
148.5006,cer,SliderControl,Slider Control,247,200,93.74,8787.98,Left,N/A,
148.5098,cer,SliderControl,Slider Control,247,200,0.00,-10210.92,Left,N/A,
148.5207,cer,SliderControl,Slider Control,248,200,91.69,8407.57,Left,N/A,
148.5306,cer,SliderControl,Slider Control,248,200,0.00,-9283.95,Left,N/A,
148.5406,cer,SliderControl,Slider Control,248,200,0.00,0.00,Left,N/A,
148.5506,cer,SliderControl,Slider Control,248,200,0.00,0.00,Left,N/A,
148.5602,cer,SliderControl,Slider Control,248,200,0.00,0.00,Left,N/A,
148.5707,cer,SliderControl,Slider Control,248,200,0.00,0.00,Left,N/A,
148.5806,cer,SliderControl,Slider Control,248,200,0.00,0.00,Left,N/A,
148.5901,cer,SliderControl,Slider Control,248,200,0.00,0.00,Left,N/A,
148.6005,cer,SliderControl,Slider Control,248,200,0.00,0.00,Left,N/A,
148.6099,cer,SliderControl,Slider Control,248,200,0.00,0.00,Left,N/A,
148.6205,cer,SliderControl,Slider Control,248,200,0.00,0.00,Left,N/A,
148.6301,cer,SliderControl,Slider Control,248,200,0.00,0.00,Left,N/A,
148.6407,cer,SliderControl,Slider Control,248,200,0.00,0.00,Left,N/A,
148.6502,cer,SliderControl,Slider Control,248,200,0.00,0.00,Left,N/A,
148.6601,cer,SliderControl,Slider Control,248,200,0.00,0.00,Left,N/A,
148.6706,cer,SliderControl,Slider Control,248,200,0.00,0.00,Left,N/A,
148.6805,cer,SliderControl,Slider Control,248,199,100.87,10174.41,Left,N/A,
148.6902,cer,SliderControl,Slider Control,248,199,0.00,-10357.99,Left,N/A,
148.7008,cer,SliderControl,Slider Control,248,199,0.00,0.00,Left,N/A,
148.7101,cer,SliderControl,Slider Control,248,199,0.00,0.00,Left,N/A,
148.7198,cer,SliderControl,Slider Control,248,199,0.00,0.00,Left,N/A,
148.7303,cer,SliderControl,Slider Control,248,199,0.00,0.00,Left,N/A,
148.7406,cer,SliderControl,Slider Control,248,199,0.00,0.00,Left,N/A,
148.7499,cer,SliderControl,Slider Control,248,199,0.00,0.00,Left,N/A,
148.7603,cer,SliderControl,Slider Control,248,199,0.00,0.00,Left,N/A,
148.7698,cer,SliderControl,Slider Control,248,199,0.00,0.00,Left,N/A,
148.7803,cer,SliderControl,Slider Control,247,198,134.82,12851.95,Left,N/A,
148.7904,cer,SliderControl,Slider Control,246,198,98.16,-3598.27,Left,N/A,
148.7998,cer,SliderControl,Slider Control,244,198,213.29,12278.74,Left,N/A,
148.8100,cer,SliderControl,Slider Control,243,198,97.83,-11295.78,Left,N/A,
148.8199,cer,SliderControl,Slider Control,242,197,143.85,4681.37,Left,N/A,
148.8298,cer,SliderControl,Slider Control,240,197,201.93,5863.20,Left,N/A,
148.8403,cer,SliderControl,Slider Control,239,197,95.09,-10159.02,Left,N/A,
148.8505,cer,SliderControl,Slider Control,238,196,137.85,4168.34,Left,N/A,
148.8606,cer,SliderControl,Slider Control,237,196,99.13,-3838.51,Left,N/A,
148.8697,cer,SliderControl,Slider Control,236,196,110.26,1226.85,Left,N/A,
148.8806,cer,SliderControl,Slider Control,235,196,91.78,-1695.63,Left,N/A,
148.8901,cer,SliderControl,Slider Control,234,196,105.30,1423.00,Left,N/A,
148.9001,cer,SliderControl,Slider Control,234,196,0.00,-10532.75,Left,N/A,
148.9105,cer,SliderControl,Slider Control,233,196,96.07,9228.95,Left,N/A,
148.9201,cer,SliderControl,Slider Control,233,196,0.00,-10042.02,Left,N/A,
148.9302,cer,SliderControl,Slider Control,233,196,0.00,0.00,Left,N/A,
148.9401,cer,SliderControl,Slider Control,232,196,100.86,10171.96,Left,N/A,
148.9500,cer,SliderControl,Slider Control,232,196,0.00,-10274.49,Left,N/A,
148.9599,cer,SliderControl,Slider Control,231,196,100.59,10117.39,Left,N/A,
148.9701,cer,SliderControl,Slider Control,231,196,0.00,-9897.83,Left,N/A,
148.9799,cer,SliderControl,Slider Control,231,196,0.00,0.00,Left,N/A,
148.9903,cer,SliderControl,Slider Control,230,195,135.84,13048.72,Left,N/A,
148.9999,cer,SliderControl,Slider Control,230,195,0.00,-14183.67,Left,N/A,
149.0107,cer,SliderControl,Slider Control,229,195,92.79,8609.27,Left,N/A,
149.0202,cer,SliderControl,Slider Control,229,195,0.00,-9735.42,Left,N/A,
149.0297,cer,SliderControl,Slider Control,228,195,105.57,11145.07,Left,N/A,
149.0398,cer,SliderControl,Slider Control,228,195,0.00,-10398.12,Left,N/A,
149.0505,cer,SliderControl,Slider Control,228,195,0.00,0.00,Left,N/A,
149.0599,cer,SliderControl,Slider Control,228,195,0.00,0.00,Left,N/A,
149.0703,cer,SliderControl,Slider Control,228,195,0.00,0.00,Left,N/A,
149.0802,cer,SliderControl,Slider Control,228,195,0.00,0.00,Left,N/A,
149.0907,cer,SliderControl,Slider Control,228,195,0.00,0.00,Left,N/A,
149.1001,cer,SliderControl,Slider Control,228,195,0.00,0.00,Left,N/A,
149.1105,cer,SliderControl,Slider Control,228,195,0.00,0.00,Left,N/A,
149.1199,cer,SliderControl,Slider Control,228,195,0.00,0.00,Left,N/A,
149.1303,cer,SliderControl,Slider Control,228,195,0.00,0.00,Left,N/A,
149.1405,cer,SliderControl,Slider Control,227,195,98.03,9609.40,Left,N/A,
149.1501,cer,SliderControl,Slider Control,227,196,104.50,676.63,Left,N/A,
149.1605,cer,SliderControl,Slider Control,227,196,0.00,-10070.64,Left,N/A,
149.1708,cer,SliderControl,Slider Control,227,196,0.00,0.00,None,N/A,
149.1802,cer,SliderControl,Slider Control,227,196,0.00,0.00,None,N/A,
149.1906,cer,SliderControl,Slider Control,227,196,0.00,0.00,None,N/A,
149.2001,cer,SliderControl,Slider Control,227,196,0.00,0.00,None,N/A,
149.2106,cer,SliderControl,Slider Control,227,196,0.00,0.00,None,N/A,
149.2201,cer,SliderControl,Slider Control,227,196,0.00,0.00,None,N/A,
149.2307,cer,SliderControl,Slider Control,227,196,0.00,0.00,None,N/A,
149.2402,cer,SliderControl,Slider Control,227,196,0.00,0.00,None,N/A,
149.2507,cer,SliderControl,Slider Control,227,196,0.00,0.00,None,N/A,
149.2603,cer,SliderControl,Slider Control,227,196,0.00,0.00,None,N/A,
149.2698,cer,SliderControl,Slider Control,227,196,0.00,0.00,None,N/A,
149.2804,cer,SliderControl,Slider Control,227,196,0.00,0.00,None,N/A,
149.2899,cer,SliderControl,Slider Control,227,196,0.00,0.00,None,N/A,
149.3003,cer,SliderControl,Slider Control,227,196,0.00,0.00,None,N/A,
149.3098,cer,SliderControl,Slider Control,227,196,0.00,0.00,None,N/A,
149.3203,cer,SliderControl,Slider Control,227,196,0.00,0.00,None,N/A,
149.3301,cer,SliderControl,Slider Control,227,196,0.00,0.00,None,N/A,
149.3405,cer,SliderControl,Slider Control,227,196,0.00,0.00,None,N/A,
149.3499,cer,SliderControl,Slider Control,227,196,0.00,0.00,None,N/A,
149.3603,cer,SliderControl,Slider Control,227,196,0.00,0.00,None,N/A,
149.3707,cer,SliderControl,Slider Control,227,196,0.00,0.00,None,N/A,
149.3807,cer,SliderControl,Slider Control,227,196,0.00,0.00,None,N/A,
149.3901,cer,SliderControl,Slider Control,227,196,0.00,0.00,None,N/A,
149.4006,cer,SliderControl,Slider Control,227,196,0.00,0.00,None,N/A,
149.4100,cer,SliderControl,Slider Control,227,196,0.00,0.00,None,N/A,
149.4205,cer,SliderControl,Slider Control,227,196,0.00,0.00,None,N/A,
149.4301,cer,SliderControl,Slider Control,227,196,0.00,0.00,None,N/A,
149.4406,cer,SliderControl,Slider Control,227,196,0.00,0.00,None,N/A,
149.4501,cer,SliderControl,Slider Control,227,196,0.00,0.00,None,N/A,
149.4606,cer,SliderControl,Slider Control,227,196,0.00,0.00,None,N/A,
149.4699,cer,SliderControl,Slider Control,227,196,0.00,0.00,None,N/A,
149.4802,cer,SliderControl,Slider Control,228,195,136.53,13179.99,None,N/A,
149.4899,cer,SliderControl,Slider Control,228,195,0.00,-14132.06,None,N/A,
149.5000,cer,SliderControl,Slider Control,229,194,139.78,13816.13,None,N/A,
149.5106,cer,SliderControl,Slider Control,229,194,0.00,-13124.57,None,N/A,
149.5198,cer,SliderControl,Slider Control,230,194,108.69,11812.66,None,N/A,
149.5304,cer,SliderControl,Slider Control,230,194,0.00,-10315.26,None,N/A,
149.5399,cer,SliderControl,Slider Control,230,194,0.00,0.00,None,N/A,
149.5503,cer,SliderControl,Slider Control,230,194,0.00,0.00,None,N/A,
149.5607,cer,SliderControl,Slider Control,230,194,0.00,0.00,None,N/A,
149.5702,cer,SliderControl,Slider Control,230,194,0.00,0.00,None,N/A,
149.5802,cer,SliderControl,Slider Control,230,194,0.00,0.00,None,N/A,
149.5906,cer,SliderControl,Slider Control,230,194,0.00,0.00,None,N/A,
149.6004,cer,SliderControl,Slider Control,230,194,0.00,0.00,None,N/A,
149.6100,cer,SliderControl,Slider Control,230,194,0.00,0.00,None,N/A,
149.6206,cer,SliderControl,Slider Control,230,194,0.00,0.00,None,N/A,
149.6302,cer,SliderControl,Slider Control,230,194,0.00,0.00,None,N/A,
149.6399,cer,SliderControl,Slider Control,230,194,0.00,0.00,None,N/A,
149.6505,cer,SliderControl,Slider Control,230,194,0.00,0.00,None,N/A,
149.6601,cer,SliderControl,Slider Control,230,194,0.00,0.00,None,N/A,
149.6705,cer,SliderControl,Slider Control,230,194,0.00,0.00,None,N/A,
149.6800,cer,SliderControl,Slider Control,230,194,0.00,0.00,None,N/A,
149.6905,cer,SliderControl,Slider Control,230,194,0.00,0.00,None,N/A,
149.6998,cer,SliderControl,Slider Control,230,194,0.00,0.00,None,N/A,
149.7103,cer,SliderControl,Slider Control,230,194,0.00,0.00,None,N/A,
149.7200,cer,SliderControl,Slider Control,230,194,0.00,0.00,None,N/A,
149.7308,cer,SliderControl,Slider Control,230,194,0.00,0.00,None,N/A,
149.7402,cer,SliderControl,Slider Control,230,194,0.00,0.00,Left,N/A,
149.7507,cer,SliderControl,Slider Control,230,194,0.00,0.00,Left,N/A,
149.7603,cer,SliderControl,Slider Control,230,194,0.00,0.00,Left,N/A,
149.7699,cer,SliderControl,Slider Control,230,194,0.00,0.00,Left,N/A,
149.7806,cer,SliderControl,Slider Control,230,194,0.00,0.00,Left,N/A,
149.7902,cer,SliderControl,Slider Control,230,194,0.00,0.00,Left,N/A,
149.8008,cer,SliderControl,Slider Control,230,194,0.00,0.00,Left,N/A,
149.8104,cer,SliderControl,Slider Control,230,194,0.00,0.00,Left,N/A,
149.8199,cer,SliderControl,Slider Control,230,194,0.00,0.00,Left,N/A,
149.8305,cer,SliderControl,Slider Control,230,194,0.00,0.00,Left,N/A,
149.8401,cer,SliderControl,Slider Control,230,194,0.00,0.00,Left,N/A,
149.8505,cer,SliderControl,Slider Control,230,194,0.00,0.00,Left,N/A,
149.8600,cer,SliderControl,Slider Control,230,194,0.00,0.00,Left,N/A,
149.8705,cer,SliderControl,Slider Control,230,194,0.00,0.00,Left,N/A,
149.8805,cer,SliderControl,Slider Control,230,194,0.00,0.00,Left,N/A,
149.8900,cer,SliderControl,Slider Control,230,194,0.00,0.00,Left,N/A,
149.9005,cer,SliderControl,Slider Control,230,194,0.00,0.00,Left,N/A,
149.9100,cer,SliderControl,Slider Control,230,194,0.00,0.00,Left,N/A,
149.9206,cer,SliderControl,Slider Control,230,194,0.00,0.00,Left,N/A,
149.9300,cer,SliderControl,Slider Control,230,194,0.00,0.00,Left,N/A,
149.9406,cer,SliderControl,Slider Control,230,194,0.00,0.00,Left,N/A,
149.9501,cer,SliderControl,Slider Control,230,194,0.00,0.00,Left,N/A,
149.9607,cer,SliderControl,Slider Control,230,194,0.00,0.00,Left,N/A,
149.9702,cer,SliderControl,Slider Control,230,194,0.00,0.00,Left,N/A,
149.9799,cer,SliderControl,Slider Control,231,194,103.92,10798.77,Left,N/A,
149.9902,cer,SliderControl,Slider Control,236,193,494.49,37877.35,Left,N/A,
150.0007,cer,SliderControl,Slider Control,238,193,190.07,-28930.70,Left,N/A,
150.0100,cer,SliderControl,Slider Control,242,192,443.85,27318.86,Left,N/A,
150.0199,cer,SliderControl,Slider Control,244,192,202.50,-24436.17,Left,N/A,
150.0303,cer,SliderControl,Slider Control,246,191,213.10,1010.56,Left,N/A,
150.0398,cer,SliderControl,Slider Control,247,191,105.86,-11352.43,Left,N/A,
150.0504,cer,SliderControl,Slider Control,248,191,93.89,-1123.33,Left,N/A,
150.0601,cer,SliderControl,Slider Control,250,190,232.82,14464.60,Left,N/A,
150.0705,cer,SliderControl,Slider Control,251,190,95.83,-13127.54,Left,N/A,
150.0803,cer,SliderControl,Slider Control,252,190,101.74,601.25,Left,N/A,
150.0898,cer,SliderControl,Slider Control,252,190,0.00,-10713.11,Left,N/A,
150.0998,cer,SliderControl,Slider Control,253,190,99.96,9992.87,Left,N/A,
150.1102,cer,SliderControl,Slider Control,253,190,0.00,-9647.51,Left,N/A,
150.1204,cer,SliderControl,Slider Control,254,190,97.93,9590.11,Left,N/A,
150.1300,cer,SliderControl,Slider Control,254,190,0.00,-10191.41,Left,N/A,
150.1402,cer,SliderControl,Slider Control,254,190,0.00,0.00,Left,N/A,
150.1501,cer,SliderControl,Slider Control,255,190,100.91,10182.24,Left,N/A,
150.1606,cer,SliderControl,Slider Control,255,190,0.00,-9680.36,Left,N/A,
150.1700,cer,SliderControl,Slider Control,255,190,0.00,0.00,Left,N/A,
150.1806,cer,SliderControl,Slider Control,255,190,0.00,0.00,Left,N/A,
150.1901,cer,SliderControl,Slider Control,255,190,0.00,0.00,Left,N/A,
150.2006,cer,SliderControl,Slider Control,255,190,0.00,0.00,Left,N/A,
150.2100,cer,SliderControl,Slider Control,255,190,0.00,0.00,Left,N/A,
150.2206,cer,SliderControl,Slider Control,255,190,0.00,0.00,Left,N/A,
150.2301,cer,SliderControl,Slider Control,255,190,0.00,0.00,Left,N/A,
150.2406,cer,SliderControl,Slider Control,255,190,0.00,0.00,Left,N/A,
150.2500,cer,SliderControl,Slider Control,255,190,0.00,0.00,Left,N/A,
150.2602,cer,SliderControl,Slider Control,255,190,0.00,0.00,Left,N/A,
150.2706,cer,SliderControl,Slider Control,255,190,0.00,0.00,Left,N/A,
150.2807,cer,SliderControl,Slider Control,255,190,0.00,0.00,Left,N/A,
150.2906,cer,SliderControl,Slider Control,255,190,0.00,0.00,Left,N/A,
150.3007,cer,SliderControl,Slider Control,256,190,98.78,9758.44,Left,N/A,
150.3100,cer,SliderControl,Slider Control,259,190,324.34,24384.66,Left,N/A,
150.3207,cer,SliderControl,Slider Control,260,190,93.35,-21563.03,Left,N/A,
150.3303,cer,SliderControl,Slider Control,263,191,330.10,24712.28,Left,N/A,
150.3406,cer,SliderControl,Slider Control,265,191,193.06,-13227.91,Left,N/A,
150.3509,cer,SliderControl,Slider Control,268,191,293.55,9832.27,Left,N/A,
150.3605,cer,SliderControl,Slider Control,273,192,527.34,24178.93,Left,N/A,
150.3699,cer,SliderControl,Slider Control,275,192,213.20,-33487.20,Left,N/A,
150.3805,cer,SliderControl,Slider Control,280,193,483.45,25623.37,Left,N/A,
150.3905,cer,SliderControl,Slider Control,283,193,298.99,-18383.92,Left,N/A,
150.4003,cer,SliderControl,Slider Control,288,194,520.74,22646.70,Left,N/A,
150.4100,cer,SliderControl,Slider Control,291,194,307.41,-21860.04,Left,N/A,
150.4207,cer,SliderControl,Slider Control,294,194,280.88,-2483.83,Left,N/A,
150.4306,cer,SliderControl,Slider Control,299,194,503.71,22448.43,Left,N/A,
150.4398,cer,SliderControl,Slider Control,302,194,327.64,-19229.48,Left,N/A,
150.4497,cer,SliderControl,Slider Control,308,194,604.56,27902.04,Left,N/A,
150.4606,cer,SliderControl,Slider Control,311,194,277.05,-30245.06,Left,N/A,
150.4708,cer,SliderControl,Slider Control,316,194,486.41,20367.12,Left,N/A,
150.4807,cer,SliderControl,Slider Control,319,194,303.78,-18492.96,Left,N/A,
150.4906,cer,SliderControl,Slider Control,321,194,203.11,-10223.44,Left,N/A,
150.5006,cer,SliderControl,Slider Control,328,194,696.68,49122.28,Left,N/A,
150.5106,cer,SliderControl,Slider Control,330,194,199.85,-49645.26,Left,N/A,
150.5205,cer,SliderControl,Slider Control,336,194,606.43,41094.73,Left,N/A,
150.5303,cer,SliderControl,Slider Control,338,194,203.32,-40980.22,Left,N/A,
150.5402,cer,SliderControl,Slider Control,344,194,611.85,41659.53,Left,N/A,
150.5504,cer,SliderControl,Slider Control,347,194,294.16,-31150.12,Left,N/A,
150.5604,cer,SliderControl,Slider Control,350,194,297.44,325.40,Left,N/A,
150.5698,cer,SliderControl,Slider Control,357,195,754.68,48800.39,Left,N/A,
150.5802,cer,SliderControl,Slider Control,360,195,288.35,-44822.43,Left,N/A,
150.5902,cer,SliderControl,Slider Control,368,196,805.09,51601.45,Left,N/A,
150.6005,cer,SliderControl,Slider Control,373,196,487.47,-30966.38,Left,N/A,
150.6098,cer,SliderControl,Slider Control,382,197,972.25,52049.59,Left,N/A,
150.6205,cer,SliderControl,Slider Control,388,197,561.07,-38450.26,Left,N/A,
150.6300,cer,SliderControl,Slider Control,395,197,734.92,18252.15,Left,N/A,
150.6406,cer,SliderControl,Slider Control,413,196,1707.86,92171.65,Left,N/A,
150.6502,cer,SliderControl,Slider Control,421,195,837.12,-90410.88,Left,N/A,
150.6603,cer,SliderControl,Slider Control,436,194,1491.77,64961.65,Left,N/A,
150.6701,cer,SliderControl,Slider Control,444,194,815.85,-68931.30,Left,N/A,
150.6798,cer,SliderControl,Slider Control,460,192,1664.85,87658.22,Left,N/A,
150.6898,cer,SliderControl,Slider Control,465,192,497.49,-116149.24,Left,N/A,
150.7001,cer,SliderControl,Slider Control,470,192,485.43,-1170.52,Left,N/A,
150.7101,cer,SliderControl,Slider Control,478,192,799.98,31454.51,Left,N/A,
150.7207,cer,SliderControl,Slider Control,482,191,390.91,-38783.93,Left,N/A,
150.7306,cer,SliderControl,Slider Control,488,191,604.93,21578.08,Left,N/A,
150.7409,cer,SliderControl,Slider Control,490,191,193.38,-39792.53,Left,N/A,
150.7505,cer,SliderControl,Slider Control,494,191,419.70,23747.67,Left,N/A,
150.7606,cer,SliderControl,Slider Control,495,191,98.78,-31701.86,Left,N/A,
150.7703,cer,SliderControl,Slider Control,497,190,230.70,13609.46,Left,N/A,
150.7807,cer,SliderControl,Slider Control,498,190,96.25,-12940.69,Left,N/A,
150.7904,cer,SliderControl,Slider Control,498,190,0.00,-9843.04,Left,N/A,
150.8002,cer,SliderControl,Slider Control,499,190,102.46,10497.55,Left,N/A,
150.8103,cer,SliderControl,Slider Control,499,189,99.20,-323.53,Left,N/A,
150.8202,cer,SliderControl,Slider Control,500,189,101.00,181.90,Left,N/A,
150.8300,cer,SliderControl,Slider Control,500,189,0.00,-10327.97,Left,N/A,
150.8399,cer,SliderControl,Slider Control,500,188,100.73,10145.59,Left,N/A,
150.8506,cer,SliderControl,Slider Control,500,188,0.00,-9384.11,Left,N/A,
150.8605,cer,SliderControl,Slider Control,500,188,0.00,0.00,Left,N/A,
150.8699,cer,SliderControl,Slider Control,500,188,0.00,0.00,Left,N/A,
150.8805,cer,SliderControl,Slider Control,500,188,0.00,0.00,Left,N/A,
150.8905,cer,SliderControl,Slider Control,499,188,100.09,10017.69,Left,N/A,
150.9006,cer,SliderControl,Slider Control,499,188,0.00,-9861.43,Left,N/A,
150.9097,cer,SliderControl,Slider Control,498,188,109.69,12032.40,Left,N/A,
150.9205,cer,SliderControl,Slider Control,498,188,0.00,-10184.91,Left,N/A,
150.9304,cer,SliderControl,Slider Control,498,188,0.00,0.00,Left,N/A,
150.9399,cer,SliderControl,Slider Control,498,188,0.00,0.00,Left,N/A,
150.9498,cer,SliderControl,Slider Control,497,188,101.29,10259.10,Left,N/A,
150.9605,cer,SliderControl,Slider Control,497,188,0.00,-9494.03,Left,N/A,
150.9700,cer,SliderControl,Slider Control,497,188,0.00,0.00,Left,N/A,
150.9806,cer,SliderControl,Slider Control,497,188,0.00,0.00,Left,N/A,
150.9905,cer,SliderControl,Slider Control,497,188,0.00,0.00,Left,N/A,
151.0001,cer,SliderControl,Slider Control,497,188,0.00,0.00,Left,N/A,
151.0102,cer,SliderControl,Slider Control,497,188,0.00,0.00,Left,N/A,
151.0208,cer,SliderControl,Slider Control,497,188,0.00,0.00,Left,N/A,
151.0304,cer,SliderControl,Slider Control,496,188,104.58,10937.07,Left,N/A,
151.0402,cer,SliderControl,Slider Control,496,188,0.00,-10604.70,Left,N/A,
151.0501,cer,SliderControl,Slider Control,496,188,0.00,0.00,Left,N/A,
151.0605,cer,SliderControl,Slider Control,496,188,0.00,0.00,Left,N/A,
151.0700,cer,SliderControl,Slider Control,496,188,0.00,0.00,Left,N/A,
151.0801,cer,SliderControl,Slider Control,496,188,0.00,0.00,Left,N/A,
151.0906,cer,SliderControl,Slider Control,496,188,0.00,0.00,Left,N/A,
151.1002,cer,SliderControl,Slider Control,496,188,0.00,0.00,Left,N/A,
151.1099,cer,SliderControl,Slider Control,496,188,0.00,0.00,Left,N/A,
151.1199,cer,SliderControl,Slider Control,496,188,0.00,0.00,Left,N/A,
151.1304,cer,SliderControl,Slider Control,496,188,0.00,0.00,Left,N/A,
151.1407,cer,SliderControl,Slider Control,496,188,0.00,0.00,Left,N/A,
151.1500,cer,SliderControl,Slider Control,496,189,107.44,11543.69,Left,N/A,
151.1605,cer,SliderControl,Slider Control,496,189,0.00,-10280.66,Left,N/A,
151.1700,cer,SliderControl,Slider Control,496,189,0.00,0.00,Left,N/A,
151.1804,cer,SliderControl,Slider Control,496,189,0.00,0.00,Left,N/A,
151.1900,cer,SliderControl,Slider Control,496,189,0.00,0.00,Left,N/A,
151.2005,cer,SliderControl,Slider Control,496,189,0.00,0.00,Left,N/A,
151.2107,cer,SliderControl,Slider Control,496,189,0.00,0.00,Left,N/A,
151.2201,cer,SliderControl,Slider Control,496,189,0.00,0.00,Left,N/A,
151.2307,cer,SliderControl,Slider Control,496,189,0.00,0.00,Left,N/A,
151.2403,cer,SliderControl,Slider Control,496,189,0.00,0.00,Left,N/A,
151.2497,cer,SliderControl,Slider Control,496,189,0.00,0.00,Left,N/A,
151.2601,cer,SliderControl,Slider Control,496,189,0.00,0.00,Left,N/A,
151.2706,cer,SliderControl,Slider Control,496,189,0.00,0.00,Left,N/A,
151.2801,cer,SliderControl,Slider Control,496,189,0.00,0.00,Left,N/A,
151.2905,cer,SliderControl,Slider Control,496,189,0.00,0.00,Left,N/A,
151.3000,cer,SliderControl,Slider Control,496,189,0.00,0.00,Left,N/A,
151.3106,cer,SliderControl,Slider Control,496,189,0.00,0.00,Left,N/A,
151.3202,cer,SliderControl,Slider Control,495,189,105.18,11061.94,Left,N/A,
151.3298,cer,SliderControl,Slider Control,495,189,0.00,-10853.73,Left,N/A,
151.3402,cer,SliderControl,Slider Control,495,189,0.00,0.00,Left,N/A,
151.3498,cer,SliderControl,Slider Control,495,189,0.00,0.00,Left,N/A,
151.3603,cer,SliderControl,Slider Control,495,189,0.00,0.00,Left,N/A,
151.3699,cer,SliderControl,Slider Control,494,189,104.02,10820.75,Left,N/A,
151.3805,cer,SliderControl,Slider Control,494,189,0.00,-9839.73,Left,N/A,
151.3901,cer,SliderControl,Slider Control,494,189,0.00,0.00,Left,N/A,
151.4006,cer,SliderControl,Slider Control,494,189,0.00,0.00,Left,N/A,
151.4099,cer,SliderControl,Slider Control,494,189,0.00,0.00,Left,N/A,
151.4204,cer,SliderControl,Slider Control,494,189,0.00,0.00,Left,N/A,
151.4306,cer,SliderControl,Slider Control,494,189,0.00,0.00,Left,N/A,
151.4405,cer,SliderControl,Slider Control,494,189,0.00,0.00,Left,N/A,
151.4507,cer,SliderControl,Slider Control,493,189,97.70,9544.60,Left,N/A,
151.4606,cer,SliderControl,Slider Control,493,189,0.00,-9834.37,Left,N/A,
151.4708,cer,SliderControl,Slider Control,493,189,0.00,0.00,Left,N/A,
151.4804,cer,SliderControl,Slider Control,493,189,0.00,0.00,Left,N/A,
151.4903,cer,SliderControl,Slider Control,492,189,100.28,10055.08,Left,N/A,
151.4997,cer,SliderControl,Slider Control,492,189,0.00,-10651.20,Left,N/A,
151.5105,cer,SliderControl,Slider Control,492,189,0.00,0.00,Left,N/A,
151.5202,cer,SliderControl,Slider Control,492,189,0.00,0.00,Left,N/A,
151.5299,cer,SliderControl,Slider Control,492,189,0.00,0.00,Left,N/A,
151.5406,cer,SliderControl,Slider Control,491,189,93.50,8742.98,Left,N/A,
151.5500,cer,SliderControl,Slider Control,491,189,0.00,-9953.90,Left,N/A,
151.5608,cer,SliderControl,Slider Control,491,189,0.00,0.00,Left,N/A,
151.5702,cer,SliderControl,Slider Control,491,189,0.00,0.00,Left,N/A,
151.5808,cer,SliderControl,Slider Control,491,189,0.00,0.00,Left,N/A,
151.5903,cer,SliderControl,Slider Control,491,189,0.00,0.00,Left,N/A,
151.5998,cer,SliderControl,Slider Control,491,189,0.00,0.00,Left,N/A,
151.6102,cer,SliderControl,Slider Control,491,189,0.00,0.00,Left,N/A,
151.6207,cer,SliderControl,Slider Control,491,189,0.00,0.00,Left,N/A,
151.6297,cer,SliderControl,Slider Control,491,189,0.00,0.00,Left,N/A,
151.6401,cer,SliderControl,Slider Control,490,189,96.51,9313.23,Left,N/A,
151.6501,cer,SliderControl,Slider Control,490,189,0.00,-9671.50,Left,N/A,
151.6606,cer,SliderControl,Slider Control,490,189,0.00,0.00,Left,N/A,
151.6707,cer,SliderControl,Slider Control,488,189,196.92,19388.80,Left,N/A,
151.6805,cer,SliderControl,Slider Control,488,189,0.00,-20236.77,Left,N/A,
151.6899,cer,SliderControl,Slider Control,487,189,105.58,11147.31,Left,N/A,
151.7005,cer,SliderControl,Slider Control,484,189,283.05,16744.93,Left,N/A,
151.7103,cer,SliderControl,Slider Control,482,189,205.17,-7989.76,Left,N/A,
151.7205,cer,SliderControl,Slider Control,478,189,389.65,17970.78,Left,N/A,
151.7299,cer,SliderControl,Slider Control,474,189,426.12,3885.07,Left,N/A,
151.7407,cer,SliderControl,Slider Control,466,188,748.43,29920.40,Left,N/A,
151.7505,cer,SliderControl,Slider Control,460,188,612.23,-13897.40,Left,N/A,
151.7602,cer,SliderControl,Slider Control,447,187,1344.29,75476.71,Left,N/A,
151.7699,cer,SliderControl,Slider Control,441,187,620.18,-74846.42,Left,N/A,
151.7806,cer,SliderControl,Slider Control,433,186,750.11,12087.92,Left,N/A,
151.7903,cer,SliderControl,Slider Control,420,186,1346.49,61770.50,Left,N/A,
151.8007,cer,SliderControl,Slider Control,415,187,490.70,-82356.15,Left,N/A,
151.8102,cer,SliderControl,Slider Control,403,187,1253.97,79758.56,Left,N/A,
151.8202,cer,SliderControl,Slider Control,397,188,607.71,-64565.35,Left,N/A,
151.8299,cer,SliderControl,Slider Control,383,189,1449.39,86915.66,Left,N/A,
151.8406,cer,SliderControl,Slider Control,375,190,753.77,-65036.05,Left,N/A,
151.8506,cer,SliderControl,Slider Control,358,192,1719.64,97033.63,Left,N/A,
151.8603,cer,SliderControl,Slider Control,351,193,726.90,-102052.70,Left,N/A,
151.8703,cer,SliderControl,Slider Control,345,194,606.31,-12019.85,Left,N/A,
151.8804,cer,SliderControl,Slider Control,334,194,1094.21,48533.03,Left,N/A,
151.8898,cer,SliderControl,Slider Control,327,195,748.40,-36600.58,Left,N/A,
151.8998,cer,SliderControl,Slider Control,313,196,1413.71,67012.68,Left,N/A,
151.9101,cer,SliderControl,Slider Control,306,196,674.31,-71226.75,Left,N/A,
151.9201,cer,SliderControl,Slider Control,299,196,703.27,2909.57,Left,N/A,
151.9299,cer,SliderControl,Slider Control,284,195,1533.38,84670.66,Left,N/A,
151.9402,cer,SliderControl,Slider Control,277,195,678.41,-82860.20,Left,N/A,
151.9501,cer,SliderControl,Slider Control,263,196,1427.77,76228.62,Left,N/A,
151.9606,cer,SliderControl,Slider Control,258,196,473.02,-90323.67,Left,N/A,
151.9700,cer,SliderControl,Slider Control,247,196,1169.40,74030.39,Left,N/A,
151.9798,cer,SliderControl,Slider Control,241,196,611.16,-56861.89,Left,N/A,
151.9905,cer,SliderControl,Slider Control,229,196,1130.54,48931.47,Left,N/A,
151.9999,cer,SliderControl,Slider Control,224,196,527.52,-63621.02,Left,N/A,
152.0105,cer,SliderControl,Slider Control,220,196,378.27,-14113.87,Left,N/A,
152.0205,cer,SliderControl,Slider Control,212,196,800.61,42266.03,Left,N/A,
152.0298,cer,SliderControl,Slider Control,207,196,539.82,-28156.03,Left,N/A,
152.0407,cer,SliderControl,Slider Control,199,195,740.03,18376.75,Left,N/A,
152.0507,cer,SliderControl,Slider Control,194,195,498.95,-24056.94,Left,N/A,
152.0600,cer,SliderControl,Slider Control,185,195,967.44,50359.96,Left,N/A,
152.0704,cer,SliderControl,Slider Control,181,196,396.82,-54918.79,Left,N/A,
152.0805,cer,SliderControl,Slider Control,177,196,394.73,-206.55,Left,N/A,
152.0905,cer,SliderControl,Slider Control,171,197,610.71,21684.18,Left,N/A,
152.1004,cer,SliderControl,Slider Control,168,197,303.27,-31078.95,Left,N/A,
152.1101,cer,SliderControl,Slider Control,162,197,616.78,32227.81,Left,N/A,
152.1206,cer,SliderControl,Slider Control,159,197,285.13,-31520.99,Left,N/A,
152.1298,cer,SliderControl,Slider Control,155,198,449.20,17874.59,Left,N/A,
152.1404,cer,SliderControl,Slider Control,153,198,189.16,-24594.21,Left,N/A,
152.1505,cer,SliderControl,Slider Control,151,198,198.18,893.15,Left,N/A,
152.1601,cer,SliderControl,Slider Control,149,198,208.33,1057.63,Left,N/A,
152.1700,cer,SliderControl,Slider Control,148,198,100.71,-10838.41,Left,N/A,
152.1799,cer,SliderControl,Slider Control,146,198,201.77,10195.18,Left,N/A,
152.1899,cer,SliderControl,Slider Control,146,198,0.00,-20118.55,Left,N/A,
152.1997,cer,SliderControl,Slider Control,147,197,144.83,14831.28,Left,N/A,
152.2099,cer,SliderControl,Slider Control,148,197,97.49,-4615.03,Left,N/A,
152.2199,cer,SliderControl,Slider Control,156,196,810.03,71590.91,Left,N/A,
152.2305,cer,SliderControl,Slider Control,171,195,1424.02,58159.83,Left,N/A,
152.2405,cer,SliderControl,Slider Control,200,194,2892.90,146440.96,Left,N/A,
152.2503,cer,SliderControl,Slider Control,257,194,5820.46,298942.87,Left,N/A,
152.2602,cer,SliderControl,Slider Control,274,194,1709.87,-413444.99,Left,N/A,
152.2702,cer,SliderControl,Slider Control,311,192,3725.93,202722.51,Left,N/A,
152.2799,cer,SliderControl,Slider Control,331,191,2053.87,-171495.03,Left,N/A,
152.2905,cer,SliderControl,Slider Control,376,187,4271.88,209730.71,Left,N/A,
152.3001,cer,SliderControl,Slider Control,398,186,2297.30,-205978.51,Left,N/A,
152.3101,cer,SliderControl,Slider Control,420,185,2192.91,-10394.47,Left,N/A,
152.3203,cer,SliderControl,Slider Control,465,184,4405.53,216563.37,Left,N/A,
152.3300,cer,SliderControl,Slider Control,488,185,2376.92,-209447.70,Left,N/A,
152.3399,cer,SliderControl,Slider Control,531,187,4365.44,201659.26,Left,N/A,
152.3498,cer,SliderControl,Slider Control,550,189,1927.09,-245952.14,Left,N/A,
152.3599,cer,SliderControl,Slider Control,569,190,1892.93,-3398.28,Left,N/A,
152.3702,cer,SliderControl,Slider Control,602,193,3203.48,126698.97,Left,N/A,
152.3799,cer,SliderControl,Slider Control,615,194,1343.30,-191647.20,Left,N/A,
152.3907,cer,SliderControl,Slider Control,636,196,1953.26,56478.84,Left,N/A,
152.4006,cer,SliderControl,Slider Control,645,196,911.83,-105512.24,Left,N/A,
152.4107,cer,SliderControl,Slider Control,656,196,1090.98,17767.82,Left,N/A,
152.4202,cer,SliderControl,Slider Control,660,196,418.19,-70337.78,Left,N/A,
152.4302,cer,SliderControl,Slider Control,668,196,801.84,38453.02,Left,N/A,
152.4407,cer,SliderControl,Slider Control,670,196,190.19,-58164.90,Left,N/A,
152.4502,cer,SliderControl,Slider Control,673,196,317.19,13427.44,Left,N/A,
152.4603,cer,SliderControl,Slider Control,678,196,493.49,17401.03,Left,N/A,
152.4703,cer,SliderControl,Slider Control,681,196,301.16,-19307.64,Left,N/A,
152.4798,cer,SliderControl,Slider Control,684,196,314.71,1421.56,Left,N/A,
152.4902,cer,SliderControl,Slider Control,685,196,96.11,-21010.52,Left,N/A,
152.4998,cer,SliderControl,Slider Control,687,195,233.76,14389.90,Left,N/A,
152.5099,cer,SliderControl,Slider Control,688,195,99.03,-13342.29,Left,N/A,
152.5207,cer,SliderControl,Slider Control,690,194,206.66,9947.43,Left,N/A,
152.5307,cer,SliderControl,Slider Control,691,194,99.62,-10663.08,Left,N/A,
152.5398,cer,SliderControl,Slider Control,692,194,109.91,1131.66,Left,N/A,
152.5500,cer,SliderControl,Slider Control,694,194,196.55,8513.71,Left,N/A,
152.5598,cer,SliderControl,Slider Control,695,194,102.19,-9642.28,Left,N/A,
152.5699,cer,SliderControl,Slider Control,698,193,312.20,20733.41,Left,N/A,
152.5806,cer,SliderControl,Slider Control,699,193,93.37,-20432.61,Left,N/A,
152.5905,cer,SliderControl,Slider Control,702,193,303.00,21172.06,Left,N/A,
152.6005,cer,SliderControl,Slider Control,703,193,100.64,-20365.41,Left,N/A,
152.6104,cer,SliderControl,Slider Control,705,193,200.23,9970.28,Left,N/A,
152.6205,cer,SliderControl,Slider Control,708,193,297.78,9682.63,Left,N/A,
152.6307,cer,SliderControl,Slider Control,709,193,97.95,-19572.90,Left,N/A,
152.6402,cer,SliderControl,Slider Control,713,192,436.34,35811.86,Left,N/A,
152.6502,cer,SliderControl,Slider Control,714,192,99.85,-33599.92,Left,N/A,
152.6602,cer,SliderControl,Slider Control,718,192,398.37,29729.30,Left,N/A,
152.6702,cer,SliderControl,Slider Control,720,192,200.60,-19836.01,Left,N/A,
152.6801,cer,SliderControl,Slider Control,722,192,201.61,101.57,Left,N/A,
152.6903,cer,SliderControl,Slider Control,726,192,392.07,18669.35,Left,N/A,
152.7002,cer,SliderControl,Slider Control,728,192,202.61,-19193.57,Left,N/A,
152.7098,cer,SliderControl,Slider Control,732,192,417.17,22376.19,Left,N/A,
152.7198,cer,SliderControl,Slider Control,734,191,222.89,-19365.39,Left,N/A,
152.7298,cer,SliderControl,Slider Control,738,191,402.37,18053.84,Left,N/A,
152.7399,cer,SliderControl,Slider Control,739,191,98.47,-29925.38,Left,N/A,
152.7501,cer,SliderControl,Slider Control,741,191,196.38,9613.08,Left,N/A,
152.7598,cer,SliderControl,Slider Control,744,191,308.51,11531.53,Left,N/A,
152.7707,cer,SliderControl,Slider Control,746,191,183.78,-11461.39,Left,N/A,
152.7801,cer,SliderControl,Slider Control,749,191,318.51,14304.59,Left,N/A,
152.7901,cer,SliderControl,Slider Control,750,191,99.94,-21844.39,Left,N/A,
152.8006,cer,SliderControl,Slider Control,753,191,287.48,17972.01,Left,N/A,
152.8105,cer,SliderControl,Slider Control,754,191,100.37,-18780.36,Left,N/A,
152.8204,cer,SliderControl,Slider Control,756,191,202.15,10287.76,Left,N/A,
152.8304,cer,SliderControl,Slider Control,757,191,99.79,-10214.47,Left,N/A,
152.8399,cer,SliderControl,Slider Control,759,191,212.55,11984.45,Left,N/A,
152.8504,cer,SliderControl,Slider Control,761,191,190.53,-2097.73,Left,N/A,
152.8604,cer,SliderControl,Slider Control,762,191,99.88,-9054.44,Left,N/A,
152.8704,cer,SliderControl,Slider Control,765,191,298.24,19720.18,Left,N/A,
152.8805,cer,SliderControl,Slider Control,766,191,99.68,-19793.25,Left,N/A,
152.8900,cer,SliderControl,Slider Control,768,191,209.24,11461.62,Left,N/A,
152.9000,cer,SliderControl,Slider Control,769,191,100.59,-10929.00,Left,N/A,
152.9102,cer,SliderControl,Slider Control,770,191,97.65,-286.56,Left,N/A,
152.9205,cer,SliderControl,Slider Control,772,191,194.85,9469.14,Left,N/A,
152.9300,cer,SliderControl,Slider Control,773,191,105.14,-9431.95,Left,N/A,
152.9400,cer,SliderControl,Slider Control,774,190,140.34,3492.88,Left,N/A,
152.9504,cer,SliderControl,Slider Control,775,190,96.33,-4239.12,Left,N/A,
152.9597,cer,SliderControl,Slider Control,777,190,215.63,12861.89,Left,N/A,
152.9699,cer,SliderControl,Slider Control,778,189,139.05,-7529.28,Left,N/A,
152.9799,cer,SliderControl,Slider Control,779,189,100.26,-3889.63,Left,N/A,
152.9899,cer,SliderControl,Slider Control,780,188,140.34,3977.20,Left,N/A,
153.0000,cer,SliderControl,Slider Control,781,188,99.03,-4090.83,Left,N/A,
153.0107,cer,SliderControl,Slider Control,782,188,93.50,-516.83,Left,N/A,
153.0205,cer,SliderControl,Slider Control,782,188,0.00,-9561.07,Left,N/A,
153.0307,cer,SliderControl,Slider Control,784,188,195.38,19087.41,Left,N/A,
153.0399,cer,SliderControl,Slider Control,784,188,0.00,-21282.37,Left,N/A,
153.0506,cer,SliderControl,Slider Control,786,188,188.09,17688.85,Left,N/A,
153.0604,cer,SliderControl,Slider Control,786,188,0.00,-19122.65,Left,N/A,
153.0705,cer,SliderControl,Slider Control,787,188,98.93,9787.00,Left,N/A,
153.0801,cer,SliderControl,Slider Control,788,188,103.74,499.32,Left,N/A,
153.0898,cer,SliderControl,Slider Control,789,188,103.64,-10.63,Left,N/A,
153.1005,cer,SliderControl,Slider Control,791,188,186.87,7777.21,Left,N/A,
153.1103,cer,SliderControl,Slider Control,792,188,101.74,-8661.59,Left,N/A,
153.1203,cer,SliderControl,Slider Control,794,188,200.61,9917.59,Left,N/A,
153.1305,cer,SliderControl,Slider Control,795,188,98.18,-10056.83,Left,N/A,
153.1398,cer,SliderControl,Slider Control,797,188,213.59,12324.25,Left,N/A,
153.1505,cer,SliderControl,Slider Control,799,189,209.44,-388.75,Left,N/A,
153.1602,cer,SliderControl,Slider Control,800,189,102.99,-10962.87,Left,N/A,
153.1703,cer,SliderControl,Slider Control,802,189,197.50,9331.82,Left,N/A,
153.1800,cer,SliderControl,Slider Control,803,189,103.83,-9725.23,Left,N/A,
153.1899,cer,SliderControl,Slider Control,805,189,201.71,9871.80,Left,N/A,
153.2000,cer,SliderControl,Slider Control,806,189,98.95,-10168.35,Left,N/A,
153.2101,cer,SliderControl,Slider Control,806,189,0.00,-9804.34,Left,N/A,
153.2199,cer,SliderControl,Slider Control,807,189,101.70,10343.86,Left,N/A,
153.2300,cer,SliderControl,Slider Control,808,189,99.33,-235.44,Left,N/A,
153.2408,cer,SliderControl,Slider Control,809,189,92.33,-646.33,Left,N/A,
153.2503,cer,SliderControl,Slider Control,810,189,105.32,1368.04,Left,N/A,
153.2605,cer,SliderControl,Slider Control,811,189,97.79,-736.94,Left,N/A,
153.2698,cer,SliderControl,Slider Control,812,189,107.89,1090.20,Left,N/A,
153.2798,cer,SliderControl,Slider Control,813,189,99.93,-795.56,Left,N/A,
153.2904,cer,SliderControl,Slider Control,814,189,94.89,-478.58,Left,N/A,
153.3005,cer,SliderControl,Slider Control,814,189,0.00,-9308.75,Left,N/A,
153.3105,cer,SliderControl,Slider Control,815,189,100.89,10178.81,Left,N/A,
153.3204,cer,SliderControl,Slider Control,815,189,0.00,-10109.02,Left,N/A,
153.3307,cer,SliderControl,Slider Control,816,189,97.89,9582.50,Left,N/A,
153.3407,cer,SliderControl,Slider Control,816,189,0.00,-9765.29,Left,N/A,
153.3503,cer,SliderControl,Slider Control,817,189,104.45,10910.40,Left,N/A,
153.3604,cer,SliderControl,Slider Control,817,189,0.00,-10328.57,Left,N/A,
153.3704,cer,SliderControl,Slider Control,817,189,0.00,0.00,Left,N/A,
153.3803,cer,SliderControl,Slider Control,818,189,101.09,10219.58,Left,N/A,
153.3906,cer,SliderControl,Slider Control,818,190,96.46,-446.73,Left,N/A,
153.4003,cer,SliderControl,Slider Control,819,190,103.88,770.56,Left,N/A,
153.4102,cer,SliderControl,Slider Control,819,190,0.00,-10431.89,Left,N/A,
153.4200,cer,SliderControl,Slider Control,820,190,102.29,10462.76,Left,N/A,
153.4299,cer,SliderControl,Slider Control,820,190,0.00,-10294.55,Left,N/A,
153.4401,cer,SliderControl,Slider Control,820,190,0.00,0.00,Left,N/A,
153.4502,cer,SliderControl,Slider Control,821,190,98.97,9794.39,Left,N/A,
153.4601,cer,SliderControl,Slider Control,821,190,0.00,-9986.91,Left,N/A,
153.4703,cer,SliderControl,Slider Control,822,191,138.10,13484.90,Left,N/A,
153.4799,cer,SliderControl,Slider Control,822,191,0.00,-14343.80,Left,N/A,
153.4897,cer,SliderControl,Slider Control,822,191,0.00,0.00,Left,N/A,
153.5005,cer,SliderControl,Slider Control,823,191,92.73,8598.23,Left,N/A,
153.5099,cer,SliderControl,Slider Control,823,191,0.00,-9869.16,Left,N/A,
153.5202,cer,SliderControl,Slider Control,824,191,97.22,9451.46,Left,N/A,
153.5300,cer,SliderControl,Slider Control,824,191,0.00,-9925.14,Left,N/A,
153.5403,cer,SliderControl,Slider Control,824,191,0.00,0.00,Left,N/A,
153.5507,cer,SliderControl,Slider Control,824,191,0.00,0.00,Left,N/A,
153.5602,cer,SliderControl,Slider Control,824,191,0.00,0.00,Left,N/A,
153.5707,cer,SliderControl,Slider Control,824,191,0.00,0.00,Left,N/A,
153.5802,cer,SliderControl,Slider Control,824,191,0.00,0.00,Left,N/A,
153.5906,cer,SliderControl,Slider Control,824,191,0.00,0.00,Left,N/A,
153.6001,cer,SliderControl,Slider Control,824,191,0.00,0.00,Left,N/A,
153.6106,cer,SliderControl,Slider Control,824,191,0.00,0.00,Left,N/A,
153.6203,cer,SliderControl,Slider Control,824,191,0.00,0.00,Left,N/A,
153.6301,cer,SliderControl,Slider Control,824,190,102.50,10505.24,Left,N/A,
153.6403,cer,SliderControl,Slider Control,824,190,0.00,-10060.74,Left,N/A,
153.6501,cer,SliderControl,Slider Control,824,189,101.62,10326.32,Left,N/A,
153.6604,cer,SliderControl,Slider Control,824,188,97.68,-385.09,Left,N/A,
153.6707,cer,SliderControl,Slider Control,824,188,0.00,-9411.07,Left,N/A,
153.6801,cer,SliderControl,Slider Control,823,186,238.80,25501.89,Left,N/A,
153.6901,cer,SliderControl,Slider Control,823,186,0.00,-23792.92,Left,N/A,
153.7002,cer,SliderControl,Slider Control,821,184,282.35,28186.13,Left,N/A,
153.7107,cer,SliderControl,Slider Control,819,184,190.14,-8766.54,Left,N/A,
153.7199,cer,SliderControl,Slider Control,814,183,550.57,38917.39,Left,N/A,
153.7301,cer,SliderControl,Slider Control,810,183,392.74,-15496.20,Left,N/A,
153.7405,cer,SliderControl,Slider Control,806,182,397.35,444.14,Left,N/A,
153.7505,cer,SliderControl,Slider Control,794,182,1199.43,80169.56,Left,N/A,
153.7603,cer,SliderControl,Slider Control,787,181,724.45,-48662.95,Left,N/A,
153.7700,cer,SliderControl,Slider Control,775,180,1240.33,53137.26,Left,N/A,
153.7802,cer,SliderControl,Slider Control,768,180,687.53,-54294.98,Left,N/A,
153.7900,cer,SliderControl,Slider Control,756,180,1219.54,54067.70,Left,N/A,
153.7999,cer,SliderControl,Slider Control,751,180,506.00,-72210.12,Left,N/A,
153.8101,cer,SliderControl,Slider Control,745,180,586.06,7819.90,Left,N/A,
153.8202,cer,SliderControl,Slider Control,733,180,1188.72,59700.10,Left,N/A,
153.8307,cer,SliderControl,Slider Control,727,180,570.51,-58782.63,Left,N/A,
153.8402,cer,SliderControl,Slider Control,716,180,1162.44,62553.28,Left,N/A,
153.8500,cer,SliderControl,Slider Control,709,181,717.16,-45161.28,Left,N/A,
153.8597,cer,SliderControl,Slider Control,696,182,1347.73,65180.19,Left,N/A,
153.8698,cer,SliderControl,Slider Control,689,182,692.08,-64823.65,Left,N/A,
153.8801,cer,SliderControl,Slider Control,676,182,1270.35,56508.02,Left,N/A,
153.8898,cer,SliderControl,Slider Control,669,182,720.21,-56602.28,Left,N/A,
153.9006,cer,SliderControl,Slider Control,661,182,738.29,1668.20,Left,N/A,
153.9107,cer,SliderControl,Slider Control,644,182,1689.17,94482.19,Left,N/A,
153.9198,cer,SliderControl,Slider Control,637,181,774.85,-100191.32,Left,N/A,
153.9305,cer,SliderControl,Slider Control,625,181,1118.70,32055.88,Left,N/A,
153.9401,cer,SliderControl,Slider Control,621,181,417.09,-73159.46,Left,N/A,
153.9504,cer,SliderControl,Slider Control,610,181,1075.96,64447.27,Left,N/A,
153.9606,cer,SliderControl,Slider Control,604,181,586.83,-47839.69,Left,N/A,
153.9703,cer,SliderControl,Slider Control,598,181,619.10,3329.30,Left,N/A,
153.9803,cer,SliderControl,Slider Control,585,182,1295.10,67147.27,Left,N/A,
153.9907,cer,SliderControl,Slider Control,579,182,581.18,-69153.07,Left,N/A,
154.0007,cer,SliderControl,Slider Control,565,183,1391.92,80400.89,Left,N/A,
154.0106,cer,SliderControl,Slider Control,556,184,915.23,-48179.28,Left,N/A,
154.0202,cer,SliderControl,Slider Control,540,185,1674.21,79264.52,Left,N/A,
154.0302,cer,SliderControl,Slider Control,534,186,608.28,-106593.88,Left,N/A,
154.0406,cer,SliderControl,Slider Control,529,186,480.57,-12274.53,Left,N/A,
154.0501,cer,SliderControl,Slider Control,520,187,954.73,49991.83,Left,N/A,
154.0604,cer,SliderControl,Slider Control,516,187,389.04,-55018.80,Left,N/A,
154.0701,cer,SliderControl,Slider Control,506,188,1034.87,66503.26,Left,N/A,
154.0801,cer,SliderControl,Slider Control,501,188,501.26,-53495.21,Left,N/A,
154.0898,cer,SliderControl,Slider Control,492,189,928.72,43841.15,Left,N/A,
154.1003,cer,SliderControl,Slider Control,488,189,382.13,-52217.52,Left,N/A,
154.1100,cer,SliderControl,Slider Control,484,189,412.04,3081.10,Left,N/A,
154.1201,cer,SliderControl,Slider Control,476,189,793.02,37765.74,Left,N/A,
154.1302,cer,SliderControl,Slider Control,472,190,408.53,-38096.84,Left,N/A,
154.1401,cer,SliderControl,Slider Control,463,190,910.90,50845.74,Left,N/A,
154.1505,cer,SliderControl,Slider Control,459,190,384.31,-50593.88,Left,N/A,
154.1598,cer,SliderControl,Slider Control,451,191,860.95,50899.01,Left,N/A,
154.1699,cer,SliderControl,Slider Control,446,191,496.92,-36178.82,Left,N/A,
154.1800,cer,SliderControl,Slider Control,442,191,397.03,-9914.99,Left,N/A,
154.1899,cer,SliderControl,Slider Control,432,191,1008.22,61621.90,Left,N/A,
154.2007,cer,SliderControl,Slider Control,428,192,381.85,-58009.64,Left,N/A,
154.2097,cer,SliderControl,Slider Control,418,192,1103.01,79544.69,Left,N/A,
154.2204,cer,SliderControl,Slider Control,412,193,573.05,-49926.84,Left,N/A,
154.2307,cer,SliderControl,Slider Control,401,193,1064.67,47582.15,Left,N/A,
154.2406,cer,SliderControl,Slider Control,395,193,604.57,-46360.14,Left,N/A,
154.2501,cer,SliderControl,Slider Control,384,194,1162.14,58665.07,Left,N/A,
154.2605,cer,SliderControl,Slider Control,379,194,481.42,-65542.48,Left,N/A,
154.2706,cer,SliderControl,Slider Control,374,194,497.20,1569.68,Left,N/A,
154.2802,cer,SliderControl,Slider Control,363,194,1145.02,67432.68,Left,N/A,
154.2905,cer,SliderControl,Slider Control,357,194,583.76,-54606.64,Left,N/A,
154.3003,cer,SliderControl,Slider Control,346,195,1120.54,54455.90,Left,N/A,
154.3100,cer,SliderControl,Slider Control,341,195,513.50,-62343.08,Left,N/A,
154.3199,cer,SliderControl,Slider Control,331,195,1015.30,50947.24,Left,N/A,
154.3302,cer,SliderControl,Slider Control,327,195,387.31,-60806.81,Left,N/A,
154.3401,cer,SliderControl,Slider Control,323,195,404.50,1738.53,Left,N/A,
154.3501,cer,SliderControl,Slider Control,314,196,908.88,50623.14,Left,N/A,
154.3599,cer,SliderControl,Slider Control,310,196,406.03,-51042.72,Left,N/A,
154.3702,cer,SliderControl,Slider Control,303,197,690.24,27742.86,Left,N/A,
154.3799,cer,SliderControl,Slider Control,300,197,309.22,-39273.02,Left,N/A,
154.3907,cer,SliderControl,Slider Control,294,198,561.06,23228.47,Left,N/A,
154.4006,cer,SliderControl,Slider Control,291,198,302.43,-26072.21,Left,N/A,
154.4104,cer,SliderControl,Slider Control,285,198,615.00,32038.49,Left,N/A,
154.4202,cer,SliderControl,Slider Control,282,198,306.62,-31518.55,Left,N/A,
154.4306,cer,SliderControl,Slider Control,279,198,288.40,-1751.13,Left,N/A,
154.4398,cer,SliderControl,Slider Control,272,197,764.78,51523.59,Left,N/A,
154.4505,cer,SliderControl,Slider Control,269,197,280.77,-45298.48,Left,N/A,
154.4604,cer,SliderControl,Slider Control,261,197,812.04,53927.25,Left,N/A,
154.4700,cer,SliderControl,Slider Control,258,197,310.28,-51895.88,Left,N/A,
154.4802,cer,SliderControl,Slider Control,251,197,690.81,37553.15,Left,N/A,
154.4906,cer,SliderControl,Slider Control,248,197,287.41,-38647.18,Left,N/A,
154.5003,cer,SliderControl,Slider Control,245,196,327.08,4102.34,Left,N/A,
154.5102,cer,SliderControl,Slider Control,238,195,710.17,38475.77,Left,N/A,
154.5202,cer,SliderControl,Slider Control,235,195,301.48,-41070.87,Left,N/A,
154.5300,cer,SliderControl,Slider Control,228,194,719.25,42494.08,Left,N/A,
154.5407,cer,SliderControl,Slider Control,225,194,280.94,-41046.32,Left,N/A,
154.5503,cer,SliderControl,Slider Control,219,193,632.73,36592.92,Left,N/A,
154.5603,cer,SliderControl,Slider Control,216,193,301.34,-33287.10,Left,N/A,
154.5701,cer,SliderControl,Slider Control,213,193,303.99,268.53,Left,N/A,
154.5800,cer,SliderControl,Slider Control,208,193,508.41,20785.85,Left,N/A,
154.5902,cer,SliderControl,Slider Control,205,192,308.30,-19509.46,Left,N/A,
154.6001,cer,SliderControl,Slider Control,201,192,404.94,9783.37,Left,N/A,
154.6098,cer,SliderControl,Slider Control,198,192,308.06,-9948.83,Left,N/A,
154.6207,cer,SliderControl,Slider Control,194,192,366.31,5334.29,Left,N/A,
154.6306,cer,SliderControl,Slider Control,193,191,143.57,-22612.34,Left,N/A,
154.6398,cer,SliderControl,Slider Control,191,191,216.56,7902.63,Left,N/A,
154.6507,cer,SliderControl,Slider Control,188,191,276.79,5557.26,Left,N/A,
154.6607,cer,SliderControl,Slider Control,186,191,198.73,-7756.49,Left,N/A,
154.6707,cer,SliderControl,Slider Control,182,191,401.73,20388.37,Left,N/A,
154.6802,cer,SliderControl,Slider Control,180,191,211.01,-20122.31,Left,N/A,
154.6898,cer,SliderControl,Slider Control,176,191,415.50,21241.70,Left,N/A,
154.7006,cer,SliderControl,Slider Control,173,191,278.67,-12710.66,Left,N/A,
154.7106,cer,SliderControl,Slider Control,169,191,399.50,12067.66,Left,N/A,
154.7204,cer,SliderControl,Slider Control,166,191,304.74,-9624.94,Left,N/A,
154.7304,cer,SliderControl,Slider Control,163,190,317.77,1309.25,Left,N/A,
154.7404,cer,SliderControl,Slider Control,159,190,399.84,8203.15,Left,N/A,
154.7502,cer,SliderControl,Slider Control,156,189,322.98,-7849.84,Left,N/A,
154.7600,cer,SliderControl,Slider Control,152,189,406.79,8523.05,Left,N/A,
154.7704,cer,SliderControl,Slider Control,150,188,215.93,-18430.73,Left,N/A,
154.7798,cer,SliderControl,Slider Control,145,188,526.83,32758.70,Left,N/A,
154.7902,cer,SliderControl,Slider Control,144,188,96.63,-41569.34,Left,N/A,
154.8002,cer,SliderControl,Slider Control,142,188,200.50,10413.56,Left,N/A,
154.8101,cer,SliderControl,Slider Control,139,187,319.80,12064.04,Left,N/A,
154.8200,cer,SliderControl,Slider Control,138,187,100.34,-22020.80,Left,N/A,
154.8298,cer,SliderControl,Slider Control,136,187,204.47,10645.34,Left,N/A,
154.8401,cer,SliderControl,Slider Control,135,186,137.97,-6487.56,Left,N/A,
154.8499,cer,SliderControl,Slider Control,133,186,202.64,6551.70,Left,N/A,
154.8606,cer,SliderControl,Slider Control,133,186,0.00,-18912.45,Left,N/A,
154.8698,cer,SliderControl,Slider Control,132,186,109.06,11893.27,Left,N/A,
154.8800,cer,SliderControl,Slider Control,132,185,98.14,-1071.73,Left,N/A,
154.8900,cer,SliderControl,Slider Control,131,185,99.55,140.98,Left,N/A,
154.9007,cer,SliderControl,Slider Control,131,184,93.67,-551.20,Left,N/A,
154.9098,cer,SliderControl,Slider Control,130,184,109.79,1770.52,Left,N/A,
154.9199,cer,SliderControl,Slider Control,130,183,98.98,-1070.19,Left,N/A,
154.9262,cer,SliderControl,Slider Control,130,183,98.98,0.00,None,N/A,slider_released_missed
154.9305,cer,SliderControl,Slider Control,130,183,0.00,-9371.02,None,N/A,
154.9400,cer,SliderControl,Slider Control,130,183,0.00,0.00,None,N/A,
154.9504,cer,SliderControl,Slider Control,130,183,0.00,0.00,None,N/A,
154.9600,cer,SliderControl,Slider Control,130,183,0.00,0.00,None,N/A,
154.9705,cer,SliderControl,Slider Control,130,183,0.00,0.00,None,N/A,
154.9798,cer,SliderControl,Slider Control,130,183,0.00,0.00,None,N/A,
154.9903,cer,SliderControl,Slider Control,130,183,0.00,0.00,None,N/A,
154.9999,cer,SliderControl,Slider Control,130,183,0.00,0.00,None,N/A,
155.0109,cer,SliderControl,Slider Control,130,183,0.00,0.00,None,N/A,
155.0204,cer,SliderControl,Slider Control,130,183,0.00,0.00,None,N/A,
155.0299,cer,SliderControl,Slider Control,130,183,0.00,0.00,None,N/A,
155.0403,cer,SliderControl,Slider Control,130,183,0.00,0.00,None,N/A,
155.0498,cer,SliderControl,Slider Control,130,183,0.00,0.00,None,N/A,
155.0603,cer,SliderControl,Slider Control,130,183,0.00,0.00,None,N/A,
155.0699,cer,SliderControl,Slider Control,130,183,0.00,0.00,None,N/A,
155.0803,cer,SliderControl,Slider Control,130,183,0.00,0.00,None,N/A,
155.0898,cer,SliderControl,Slider Control,130,183,0.00,0.00,None,N/A,
155.1003,cer,SliderControl,Slider Control,130,183,0.00,0.00,None,N/A,
155.1108,cer,SliderControl,Slider Control,130,183,0.00,0.00,None,N/A,
155.1203,cer,SliderControl,Slider Control,130,183,0.00,0.00,None,N/A,
155.1299,cer,SliderControl,Slider Control,130,183,0.00,0.00,Left,N/A,
155.1404,cer,SliderControl,Slider Control,130,183,0.00,0.00,Left,N/A,
155.1499,cer,SliderControl,Slider Control,130,183,0.00,0.00,Left,N/A,
155.1604,cer,SliderControl,Slider Control,130,183,0.00,0.00,Left,N/A,
155.1699,cer,SliderControl,Slider Control,130,183,0.00,0.00,Left,N/A,
155.1804,cer,SliderControl,Slider Control,130,183,0.00,0.00,Left,N/A,
155.1899,cer,SliderControl,Slider Control,130,183,0.00,0.00,Left,N/A,
155.2005,cer,SliderControl,Slider Control,130,183,0.00,0.00,Left,N/A,
155.2101,cer,SliderControl,Slider Control,130,183,0.00,0.00,Left,N/A,
155.2206,cer,SliderControl,Slider Control,130,183,0.00,0.00,Left,N/A,
155.2301,cer,SliderControl,Slider Control,130,183,0.00,0.00,Left,N/A,
155.2404,cer,SliderControl,Slider Control,130,183,0.00,0.00,Left,N/A,
155.2499,cer,SliderControl,Slider Control,130,183,0.00,0.00,Left,N/A,
155.2605,cer,SliderControl,Slider Control,130,183,0.00,0.00,Left,N/A,
155.2701,cer,SliderControl,Slider Control,130,183,0.00,0.00,Left,N/A,
155.2804,cer,SliderControl,Slider Control,130,183,0.00,0.00,Left,N/A,
155.2899,cer,SliderControl,Slider Control,130,183,0.00,0.00,Left,N/A,
155.3004,cer,SliderControl,Slider Control,130,183,0.00,0.00,Left,N/A,
155.3108,cer,SliderControl,Slider Control,130,183,0.00,0.00,None,N/A,
155.3204,cer,SliderControl,Slider Control,130,183,0.00,0.00,None,N/A,
155.3302,cer,SliderControl,Slider Control,130,183,0.00,0.00,None,N/A,
155.3398,cer,SliderControl,Slider Control,130,183,0.00,0.00,None,N/A,
155.3503,cer,SliderControl,Slider Control,130,183,0.00,0.00,None,N/A,
155.3598,cer,SliderControl,Slider Control,130,183,0.00,0.00,None,N/A,
155.3703,cer,SliderControl,Slider Control,130,183,0.00,0.00,None,N/A,
155.3799,cer,SliderControl,Slider Control,130,183,0.00,0.00,None,N/A,
155.3905,cer,SliderControl,Slider Control,130,183,0.00,0.00,None,N/A,
155.4000,cer,SliderControl,Slider Control,130,183,0.00,0.00,None,N/A,
155.4105,cer,SliderControl,Slider Control,130,183,0.00,0.00,None,N/A,
155.4201,cer,SliderControl,Slider Control,130,183,0.00,0.00,None,N/A,
155.4305,cer,SliderControl,Slider Control,130,183,0.00,0.00,None,N/A,
155.4399,cer,SliderControl,Slider Control,130,183,0.00,0.00,None,N/A,
155.4504,cer,SliderControl,Slider Control,130,183,0.00,0.00,None,N/A,
155.4599,cer,SliderControl,Slider Control,130,183,0.00,0.00,None,N/A,
155.4705,cer,SliderControl,Slider Control,130,183,0.00,0.00,None,N/A,
155.4805,cer,SliderControl,Slider Control,130,183,0.00,0.00,Left,N/A,
155.4901,cer,SliderControl,Slider Control,130,183,0.00,0.00,Left,N/A,
155.5006,cer,SliderControl,Slider Control,130,183,0.00,0.00,Left,N/A,
155.5105,cer,SliderControl,Slider Control,130,183,0.00,0.00,Left,N/A,
155.5201,cer,SliderControl,Slider Control,130,183,0.00,0.00,Left,N/A,
155.5305,cer,SliderControl,Slider Control,130,183,0.00,0.00,Left,N/A,
155.5399,cer,SliderControl,Slider Control,130,183,0.00,0.00,Left,N/A,
155.5505,cer,SliderControl,Slider Control,130,183,0.00,0.00,Left,N/A,
155.5601,cer,SliderControl,Slider Control,130,183,0.00,0.00,Left,N/A,
155.5706,cer,SliderControl,Slider Control,130,183,0.00,0.00,Left,N/A,
155.5802,cer,SliderControl,Slider Control,130,183,0.00,0.00,Left,N/A,
155.5906,cer,SliderControl,Slider Control,130,183,0.00,0.00,Left,N/A,
155.6001,cer,SliderControl,Slider Control,130,183,0.00,0.00,Left,N/A,
155.6105,cer,SliderControl,Slider Control,130,183,0.00,0.00,Left,N/A,
155.6200,cer,SliderControl,Slider Control,130,183,0.00,0.00,Left,N/A,
155.6308,cer,SliderControl,Slider Control,130,183,0.00,0.00,Left,N/A,
155.6405,cer,SliderControl,Slider Control,130,183,0.00,0.00,Left,N/A,
155.6502,cer,SliderControl,Slider Control,132,184,230.82,23825.77,Left,N/A,
155.6601,cer,SliderControl,Slider Control,132,184,0.00,-23365.74,Left,N/A,
155.6704,cer,SliderControl,Slider Control,134,185,217.84,21221.58,Left,N/A,
155.6798,cer,SliderControl,Slider Control,134,185,0.00,-23078.99,Left,N/A,
155.6903,cer,SliderControl,Slider Control,134,185,0.00,0.00,Left,N/A,
155.7007,cer,SliderControl,Slider Control,134,185,0.00,0.00,None,N/A,
155.7105,cer,SliderControl,Slider Control,134,185,0.00,0.00,None,N/A,
155.7201,cer,SliderControl,Slider Control,134,185,0.00,0.00,None,N/A,
155.7307,cer,SliderControl,Slider Control,134,185,0.00,0.00,None,N/A,
155.7402,cer,SliderControl,Slider Control,134,185,0.00,0.00,None,N/A,
155.7507,cer,SliderControl,Slider Control,134,185,0.00,0.00,None,N/A,
155.7603,cer,SliderControl,Slider Control,134,185,0.00,0.00,None,N/A,
155.7700,cer,SliderControl,Slider Control,134,185,0.00,0.00,None,N/A,
155.7807,cer,SliderControl,Slider Control,134,185,0.00,0.00,None,N/A,
155.7907,cer,SliderControl,Slider Control,134,185,0.00,0.00,None,N/A,
155.8005,cer,SliderControl,Slider Control,134,185,0.00,0.00,None,N/A,
155.8105,cer,SliderControl,Slider Control,134,185,0.00,0.00,None,N/A,
155.8201,cer,SliderControl,Slider Control,134,185,0.00,0.00,None,N/A,
155.8307,cer,SliderControl,Slider Control,134,185,0.00,0.00,None,N/A,
155.8403,cer,SliderControl,Slider Control,134,185,0.00,0.00,None,N/A,
155.8498,cer,SliderControl,Slider Control,134,185,0.00,0.00,None,N/A,
155.8603,cer,SliderControl,Slider Control,134,185,0.00,0.00,None,N/A,
155.8698,cer,SliderControl,Slider Control,134,185,0.00,0.00,None,N/A,
155.8803,cer,SliderControl,Slider Control,134,185,0.00,0.00,None,N/A,
155.8898,cer,SliderControl,Slider Control,134,185,0.00,0.00,None,N/A,
155.9004,cer,SliderControl,Slider Control,134,185,0.00,0.00,None,N/A,
155.9100,cer,SliderControl,Slider Control,134,185,0.00,0.00,None,N/A,
155.9205,cer,SliderControl,Slider Control,134,185,0.00,0.00,None,N/A,
155.9299,cer,SliderControl,Slider Control,134,185,0.00,0.00,None,N/A,
155.9403,cer,SliderControl,Slider Control,134,185,0.00,0.00,None,N/A,
155.9498,cer,SliderControl,Slider Control,134,185,0.00,0.00,None,N/A,
155.9603,cer,SliderControl,Slider Control,134,185,0.00,0.00,None,N/A,
155.9699,cer,SliderControl,Slider Control,134,185,0.00,0.00,None,N/A,
155.9803,cer,SliderControl,Slider Control,134,185,0.00,0.00,None,N/A,
155.9908,cer,SliderControl,Slider Control,134,185,0.00,0.00,None,N/A,
156.0003,cer,SliderControl,Slider Control,134,185,0.00,0.00,None,N/A,
156.0097,cer,SliderControl,Slider Control,133,185,105.87,11208.74,None,N/A,
156.0202,cer,SliderControl,Slider Control,133,186,95.06,-1027.42,None,N/A,
156.0307,cer,SliderControl,Slider Control,133,187,95.87,77.50,None,N/A,
156.0405,cer,SliderControl,Slider Control,133,187,0.00,-9778.14,None,N/A,
156.0502,cer,SliderControl,Slider Control,133,187,0.00,0.00,None,N/A,
156.0607,cer,SliderControl,Slider Control,133,188,95.40,9100.52,None,N/A,
156.0701,cer,SliderControl,Slider Control,133,188,0.00,-10137.64,None,N/A,
156.0805,cer,SliderControl,Slider Control,133,188,0.00,0.00,None,N/A,
156.0899,cer,SliderControl,Slider Control,133,188,0.00,0.00,None,N/A,
156.1004,cer,SliderControl,Slider Control,133,188,0.00,0.00,None,N/A,
156.1104,cer,SliderControl,Slider Control,133,187,100.29,10058.93,None,N/A,
156.1203,cer,SliderControl,Slider Control,133,187,0.00,-10134.54,None,N/A,
156.1298,cer,SliderControl,Slider Control,133,187,0.00,0.00,None,N/A,
156.1402,cer,SliderControl,Slider Control,133,187,0.00,0.00,None,N/A,
156.1507,cer,SliderControl,Slider Control,133,187,0.00,0.00,None,N/A,
156.1603,cer,SliderControl,Slider Control,133,187,0.00,0.00,None,N/A,
156.1698,cer,SliderControl,Slider Control,133,187,0.00,0.00,None,N/A,
156.1804,cer,SliderControl,Slider Control,133,187,0.00,0.00,None,N/A,
156.1898,cer,SliderControl,Slider Control,133,187,0.00,0.00,None,N/A,
156.2003,cer,SliderControl,Slider Control,133,187,0.00,0.00,None,N/A,
156.2098,cer,SliderControl,Slider Control,133,187,0.00,0.00,None,N/A,
156.2204,cer,SliderControl,Slider Control,133,187,0.00,0.00,None,N/A,
156.2298,cer,SliderControl,Slider Control,133,187,0.00,0.00,None,N/A,
156.2402,cer,SliderControl,Slider Control,133,187,0.00,0.00,None,N/A,
156.2507,cer,SliderControl,Slider Control,133,187,0.00,0.00,None,N/A,
156.2602,cer,SliderControl,Slider Control,133,187,0.00,0.00,None,N/A,
156.2707,cer,SliderControl,Slider Control,133,187,0.00,0.00,None,N/A,
156.2803,cer,SliderControl,Slider Control,133,187,0.00,0.00,None,N/A,
156.2899,cer,SliderControl,Slider Control,133,187,0.00,0.00,None,N/A,
156.3004,cer,SliderControl,Slider Control,133,187,0.00,0.00,None,N/A,
156.3099,cer,SliderControl,Slider Control,133,187,0.00,0.00,None,N/A,
156.3200,cer,SliderControl,Slider Control,133,187,0.00,0.00,Left,N/A,
156.3305,cer,SliderControl,Slider Control,133,187,0.00,0.00,Left,N/A,
156.3401,cer,SliderControl,Slider Control,133,187,0.00,0.00,Left,N/A,
156.3507,cer,SliderControl,Slider Control,133,187,0.00,0.00,Left,N/A,
156.3604,cer,SliderControl,Slider Control,133,187,0.00,0.00,Left,N/A,
156.3699,cer,SliderControl,Slider Control,133,187,0.00,0.00,Left,N/A,
156.3804,cer,SliderControl,Slider Control,133,187,0.00,0.00,Left,N/A,
156.3899,cer,SliderControl,Slider Control,133,187,0.00,0.00,Left,N/A,
156.4003,cer,SliderControl,Slider Control,133,187,0.00,0.00,Left,N/A,
156.4099,cer,SliderControl,Slider Control,133,187,0.00,0.00,Left,N/A,
156.4205,cer,SliderControl,Slider Control,133,187,0.00,0.00,Left,N/A,
156.4299,cer,SliderControl,Slider Control,133,187,0.00,0.00,Left,N/A,
156.4402,cer,SliderControl,Slider Control,133,187,0.00,0.00,Left,N/A,
156.4498,cer,SliderControl,Slider Control,133,187,0.00,0.00,Left,N/A,
156.4600,cer,SliderControl,Slider Control,133,187,0.00,0.00,Left,N/A,
156.4705,cer,SliderControl,Slider Control,133,187,0.00,0.00,Left,N/A,
156.4800,cer,SliderControl,Slider Control,133,187,0.00,0.00,Left,N/A,
156.4905,cer,SliderControl,Slider Control,133,187,0.00,0.00,Left,N/A,
156.5000,cer,SliderControl,Slider Control,133,187,0.00,0.00,Left,N/A,
156.5106,cer,SliderControl,Slider Control,133,187,0.00,0.00,Left,N/A,
156.5201,cer,SliderControl,Slider Control,133,187,0.00,0.00,Left,N/A,
156.5311,cer,SliderControl,Slider Control,133,187,0.00,0.00,Left,N/A,
156.5407,cer,SliderControl,Slider Control,133,187,0.00,0.00,Left,N/A,
156.5501,cer,SliderControl,Slider Control,133,187,0.00,0.00,Left,N/A,
156.5607,cer,SliderControl,Slider Control,133,187,0.00,0.00,Left,N/A,
156.5701,cer,SliderControl,Slider Control,133,187,0.00,0.00,Left,N/A,
156.5807,cer,SliderControl,Slider Control,133,187,0.00,0.00,Left,N/A,
156.5901,cer,SliderControl,Slider Control,132,188,150.32,15978.74,Left,N/A,
156.6001,cer,SliderControl,Slider Control,130,188,200.89,5078.61,Left,N/A,
156.6099,cer,SliderControl,Slider Control,125,190,548.06,35331.91,Left,N/A,
156.6198,cer,SliderControl,Slider Control,122,190,302.31,-24763.72,Left,N/A,
156.6299,cer,SliderControl,Slider Control,117,192,536.51,23332.16,Left,N/A,
156.6398,cer,SliderControl,Slider Control,115,192,201.09,-33724.90,Left,N/A,
156.6499,cer,SliderControl,Slider Control,111,193,406.83,20300.30,Left,N/A,
156.6598,cer,SliderControl,Slider Control,110,193,101.89,-31070.92,Left,N/A,
156.6707,cer,SliderControl,Slider Control,106,194,377.70,25266.18,Left,N/A,
156.6807,cer,SliderControl,Slider Control,105,194,99.93,-27757.29,Left,N/A,
156.6900,cer,SliderControl,Slider Control,103,195,239.35,14923.22,Left,N/A,
156.7004,cer,SliderControl,Slider Control,101,195,193.14,-4462.12,Left,N/A,
156.7098,cer,SliderControl,Slider Control,100,196,149.36,-4623.73,Left,N/A,
156.7198,cer,SliderControl,Slider Control,98,196,201.98,5314.12,Left,N/A,
156.7300,cer,SliderControl,Slider Control,98,197,97.48,-10186.57,Left,N/A,
156.7406,cer,SliderControl,Slider Control,96,197,188.80,8620.48,Left,N/A,
156.7503,cer,SliderControl,Slider Control,96,197,0.00,-19477.80,Left,N/A,
156.7602,cer,SliderControl,Slider Control,96,197,0.00,0.00,Left,N/A,
156.7701,cer,SliderControl,Slider Control,95,197,100.87,10174.41,Left,N/A,
156.7802,cer,SliderControl,Slider Control,95,197,0.00,-10053.28,Left,N/A,
156.7901,cer,SliderControl,Slider Control,95,197,0.00,0.00,Left,N/A,
156.8006,cer,SliderControl,Slider Control,95,197,0.00,0.00,Left,N/A,
156.8102,cer,SliderControl,Slider Control,95,197,0.00,0.00,Left,N/A,
156.8207,cer,SliderControl,Slider Control,95,197,0.00,0.00,Left,N/A,
156.8305,cer,SliderControl,Slider Control,95,197,0.00,0.00,Left,N/A,
156.8403,cer,SliderControl,Slider Control,95,197,0.00,0.00,Left,N/A,
156.8499,cer,SliderControl,Slider Control,95,197,0.00,0.00,Left,N/A,
156.8605,cer,SliderControl,Slider Control,95,197,0.00,0.00,Left,N/A,
156.8699,cer,SliderControl,Slider Control,95,197,0.00,0.00,Left,N/A,
156.8804,cer,SliderControl,Slider Control,95,197,0.00,0.00,Left,N/A,
156.8899,cer,SliderControl,Slider Control,95,197,0.00,0.00,Left,N/A,
156.9006,cer,SliderControl,Slider Control,95,197,0.00,0.00,Left,N/A,
156.9103,cer,SliderControl,Slider Control,95,197,0.00,0.00,Left,N/A,
156.9207,cer,SliderControl,Slider Control,95,197,0.00,0.00,Left,N/A,
156.9302,cer,SliderControl,Slider Control,95,197,0.00,0.00,Left,N/A,
156.9406,cer,SliderControl,Slider Control,95,197,0.00,0.00,Left,N/A,
156.9500,cer,SliderControl,Slider Control,95,197,0.00,0.00,Left,N/A,
156.9606,cer,SliderControl,Slider Control,95,197,0.00,0.00,Left,N/A,
156.9701,cer,SliderControl,Slider Control,95,197,0.00,0.00,Left,N/A,
156.9806,cer,SliderControl,Slider Control,95,197,0.00,0.00,Left,N/A,
156.9901,cer,SliderControl,Slider Control,95,197,0.00,0.00,Left,N/A,
157.0007,cer,SliderControl,Slider Control,95,197,0.00,0.00,Left,N/A,
157.0104,cer,SliderControl,Slider Control,95,197,0.00,0.00,Left,N/A,
157.0198,cer,SliderControl,Slider Control,95,197,0.00,0.00,Left,N/A,
157.0303,cer,SliderControl,Slider Control,95,197,0.00,0.00,Left,N/A,
157.0407,cer,SliderControl,Slider Control,95,197,0.00,0.00,Left,N/A,
157.0502,cer,SliderControl,Slider Control,95,197,0.00,0.00,Left,N/A,
157.0601,cer,SliderControl,Slider Control,94,197,101.40,10282.43,Left,N/A,
157.0702,cer,SliderControl,Slider Control,94,197,0.00,-10060.13,Left,N/A,
157.0798,cer,SliderControl,Slider Control,94,197,0.00,0.00,Left,N/A,
157.0899,cer,SliderControl,Slider Control,93,197,99.73,9946.83,Left,N/A,
157.1001,cer,SliderControl,Slider Control,92,197,97.92,-177.83,Left,N/A,
157.1097,cer,SliderControl,Slider Control,89,197,312.49,22350.03,Left,N/A,
157.1207,cer,SliderControl,Slider Control,87,197,181.38,-11890.01,Left,N/A,
157.1298,cer,SliderControl,Slider Control,86,197,110.31,-7840.21,Left,N/A,
157.1407,cer,SliderControl,Slider Control,83,197,273.51,14879.51,Left,N/A,
157.1507,cer,SliderControl,Slider Control,79,197,400.64,12733.21,Left,N/A,
157.1606,cer,SliderControl,Slider Control,78,197,100.97,-30257.77,Left,N/A,
157.1700,cer,SliderControl,Slider Control,76,197,213.82,12063.97,Left,N/A,
157.1805,cer,SliderControl,Slider Control,73,197,284.42,6694.27,Left,N/A,
157.1899,cer,SliderControl,Slider Control,72,197,106.46,-18946.21,Left,N/A,
157.2005,cer,SliderControl,Slider Control,69,198,299.02,18207.66,Left,N/A,
157.2105,cer,SliderControl,Slider Control,68,198,100.32,-19933.71,Left,N/A,
157.2205,cer,SliderControl,Slider Control,67,198,99.74,-57.82,Left,N/A,
157.2301,cer,SliderControl,Slider Control,66,198,104.35,480.59,Left,N/A,
157.2405,cer,SliderControl,Slider Control,65,198,96.36,-769.53,Left,N/A,
157.2501,cer,SliderControl,Slider Control,64,198,103.49,737.44,Left,N/A,
157.2602,cer,SliderControl,Slider Control,63,198,99.05,-439.61,Left,N/A,
157.2699,cer,SliderControl,Slider Control,63,198,0.00,-10259.52,Left,N/A,
157.2799,cer,SliderControl,Slider Control,63,198,0.00,0.00,Left,N/A,
157.2903,cer,SliderControl,Slider Control,62,198,95.69,9157.50,Left,N/A,
157.2998,cer,SliderControl,Slider Control,62,198,0.00,-10096.42,Left,N/A,
157.3103,cer,SliderControl,Slider Control,62,198,0.00,0.00,Left,N/A,
157.3199,cer,SliderControl,Slider Control,62,198,0.00,0.00,Left,N/A,
157.3305,cer,SliderControl,Slider Control,62,198,0.00,0.00,Left,N/A,
157.3399,cer,SliderControl,Slider Control,62,198,0.00,0.00,Left,N/A,
157.3504,cer,SliderControl,Slider Control,62,198,0.00,0.00,Left,N/A,
157.3599,cer,SliderControl,Slider Control,62,198,0.00,0.00,Left,N/A,
157.3704,cer,SliderControl,Slider Control,62,198,0.00,0.00,Left,N/A,
157.3800,cer,SliderControl,Slider Control,62,198,0.00,0.00,Left,N/A,
157.3905,cer,SliderControl,Slider Control,62,198,0.00,0.00,Left,N/A,
157.4007,cer,SliderControl,Slider Control,63,198,98.28,9658.09,Left,N/A,
157.4106,cer,SliderControl,Slider Control,65,198,201.52,10403.41,Left,N/A,
157.4207,cer,SliderControl,Slider Control,66,198,99.37,-10150.96,Left,N/A,
157.4298,cer,SliderControl,Slider Control,69,198,330.05,25379.34,Left,N/A,
157.4405,cer,SliderControl,Slider Control,80,197,1036.25,66253.73,Left,N/A,
157.4502,cer,SliderControl,Slider Control,88,197,823.50,-21899.70,Left,N/A,
157.4608,cer,SliderControl,Slider Control,112,197,2266.89,136332.59,Left,N/A,
157.4699,cer,SliderControl,Slider Control,123,197,1204.41,-116332.32,Left,N/A,
157.4797,cer,SliderControl,Slider Control,140,198,1736.18,54214.92,Left,N/A,
157.4898,cer,SliderControl,Slider Control,145,199,506.65,-122169.23,Left,N/A,
157.5001,cer,SliderControl,Slider Control,153,199,775.31,26035.92,Left,N/A,
157.5102,cer,SliderControl,Slider Control,156,199,296.08,-47296.05,Left,N/A,
157.5202,cer,SliderControl,Slider Control,160,199,399.95,10386.49,Left,N/A,
157.5302,cer,SliderControl,Slider Control,167,199,699.52,29935.76,Left,N/A,
157.5406,cer,SliderControl,Slider Control,171,199,385.92,-30255.79,Left,N/A,
157.5502,cer,SliderControl,Slider Control,178,198,735.66,36386.27,Left,N/A,
157.5601,cer,SliderControl,Slider Control,181,198,304.39,-43758.32,Left,N/A,
157.5699,cer,SliderControl,Slider Control,189,197,822.32,52827.29,Left,N/A,
157.5801,cer,SliderControl,Slider Control,192,197,294.04,-51778.87,Left,N/A,
157.5898,cer,SliderControl,Slider Control,195,196,324.39,3112.91,Left,N/A,
157.6000,cer,SliderControl,Slider Control,201,195,597.56,26836.44,Left,N/A,
157.6104,cer,SliderControl,Slider Control,203,195,191.29,-38858.38,Left,N/A,
157.6199,cer,SliderControl,Slider Control,207,194,435.96,25869.57,Left,N/A,
157.6306,cer,SliderControl,Slider Control,208,194,93.10,-31918.79,Left,N/A,
157.6398,cer,SliderControl,Slider Control,212,194,435.29,37237.67,Left,N/A,
157.6499,cer,SliderControl,Slider Control,214,194,199.47,-23519.12,Left,N/A,
157.6600,cer,SliderControl,Slider Control,216,194,196.76,-266.52,Left,N/A,
157.6699,cer,SliderControl,Slider Control,221,194,507.93,31610.61,Left,N/A,
157.6799,cer,SliderControl,Slider Control,224,193,316.15,-19173.44,Left,N/A,
157.6898,cer,SliderControl,Slider Control,229,193,502.93,18786.66,Left,N/A,
157.7002,cer,SliderControl,Slider Control,232,193,290.26,-20576.25,Left,N/A,
157.7097,cer,SliderControl,Slider Control,238,193,627.80,35317.63,Left,N/A,
157.7198,cer,SliderControl,Slider Control,240,193,199.12,-42679.19,Left,N/A,
157.7300,cer,SliderControl,Slider Control,243,193,293.01,9170.60,Left,N/A,
157.7406,cer,SliderControl,Slider Control,248,193,469.73,16601.60,Left,N/A,
157.7499,cer,SliderControl,Slider Control,251,193,324.45,-15711.78,Left,N/A,
157.7604,cer,SliderControl,Slider Control,256,193,474.08,14187.42,Left,N/A,
157.7703,cer,SliderControl,Slider Control,259,193,304.61,-17207.60,Left,N/A,
157.7803,cer,SliderControl,Slider Control,265,192,605.38,29932.96,Left,N/A,
157.7902,cer,SliderControl,Slider Control,268,192,305.18,-30537.91,Left,N/A,
157.8003,cer,SliderControl,Slider Control,274,192,593.37,28499.83,Left,N/A,
157.8103,cer,SliderControl,Slider Control,277,192,298.10,-29339.56,Left,N/A,
157.8203,cer,SliderControl,Slider Control,279,192,201.04,-9756.97,Left,N/A,
157.8301,cer,SliderControl,Slider Control,283,192,406.85,20933.69,Left,N/A,
157.8402,cer,SliderControl,Slider Control,285,192,198.58,-20678.97,Left,N/A,
157.8501,cer,SliderControl,Slider Control,288,192,303.82,10659.18,Left,N/A,
157.8601,cer,SliderControl,Slider Control,289,192,99.89,-20371.12,Left,N/A,
157.8698,cer,SliderControl,Slider Control,291,192,204.88,10754.35,Left,N/A,
157.8801,cer,SliderControl,Slider Control,292,192,97.57,-10469.77,Left,N/A,
157.8905,cer,SliderControl,Slider Control,293,192,96.30,-122.32,Left,N/A,
157.8997,cer,SliderControl,Slider Control,294,192,108.47,1319.56,Left,N/A,
157.9099,cer,SliderControl,Slider Control,295,192,97.80,-1043.31,Left,N/A,
157.9199,cer,SliderControl,Slider Control,298,192,301.57,20483.36,Left,N/A,
157.9300,cer,SliderControl,Slider Control,299,192,98.66,-20018.56,Left,N/A,
157.9407,cer,SliderControl,Slider Control,301,192,186.90,8245.66,Left,N/A,
157.9499,cer,SliderControl,Slider Control,302,192,108.35,-8510.49,Left,N/A,
157.9603,cer,SliderControl,Slider Control,303,191,136.68,2738.75,Left,N/A,
157.9701,cer,SliderControl,Slider Control,304,191,102.01,-3537.25,Left,N/A,
157.9804,cer,SliderControl,Slider Control,304,191,0.00,-9891.94,Left,N/A,
157.9903,cer,SliderControl,Slider Control,305,191,100.62,10125.16,Left,N/A,
158.0003,cer,SliderControl,Slider Control,305,191,0.00,-10057.36,Left,N/A,
158.0106,cer,SliderControl,Slider Control,306,191,97.41,9488.38,Left,N/A,
158.0200,cer,SliderControl,Slider Control,306,191,0.00,-10324.21,Left,N/A,
158.0303,cer,SliderControl,Slider Control,306,190,97.14,9436.15,Left,N/A,
158.0407,cer,SliderControl,Slider Control,306,190,0.00,-9318.10,Left,N/A,
158.0504,cer,SliderControl,Slider Control,306,190,0.00,0.00,Left,N/A,
158.0600,cer,SliderControl,Slider Control,305,190,103.81,10777.40,Left,N/A,
158.0700,cer,SliderControl,Slider Control,305,190,0.00,-10417.45,Left,N/A,
158.0800,cer,SliderControl,Slider Control,303,190,199.05,19810.66,Left,N/A,
158.0899,cer,SliderControl,Slider Control,303,190,0.00,-20074.07,Left,N/A,
158.0997,cer,SliderControl,Slider Control,302,190,102.25,10455.62,Left,N/A,
158.1101,cer,SliderControl,Slider Control,301,190,96.72,-534.83,Left,N/A,
158.1201,cer,SliderControl,Slider Control,299,190,199.98,10324.10,Left,N/A,
158.1301,cer,SliderControl,Slider Control,296,190,298.35,9783.26,Left,N/A,
158.1404,cer,SliderControl,Slider Control,293,190,292.78,-544.01,Left,N/A,
158.1499,cer,SliderControl,Slider Control,284,190,942.61,68060.19,Left,N/A,
158.1601,cer,SliderControl,Slider Control,279,190,490.39,-44352.92,Left,N/A,
158.1700,cer,SliderControl,Slider Control,269,191,1017.41,53353.16,Left,N/A,
158.1800,cer,SliderControl,Slider Control,264,191,502.01,-51747.00,Left,N/A,
158.1900,cer,SliderControl,Slider Control,259,192,508.98,695.63,Left,N/A,
158.2000,cer,SliderControl,Slider Control,247,192,1199.92,69088.64,Left,N/A,
158.2099,cer,SliderControl,Slider Control,241,192,605.06,-59987.19,Left,N/A,
158.2206,cer,SliderControl,Slider Control,229,192,1120.50,48128.55,Left,N/A,
158.2298,cer,SliderControl,Slider Control,225,192,434.97,-74546.01,Left,N/A,
158.2397,cer,SliderControl,Slider Control,216,192,906.57,47504.55,Left,N/A,
158.2504,cer,SliderControl,Slider Control,211,192,468.84,-41045.24,Left,N/A,
158.2598,cer,SliderControl,Slider Control,208,192,319.57,-15900.58,Left,N/A,
158.2699,cer,SliderControl,Slider Control,201,193,696.10,37067.90,Left,N/A,
158.2803,cer,SliderControl,Slider Control,198,193,288.44,-39195.54,Left,N/A,
158.2898,cer,SliderControl,Slider Control,192,194,644.12,37663.92,Left,N/A,
158.3005,cer,SliderControl,Slider Control,189,194,278.77,-33949.42,Left,N/A,
158.3105,cer,SliderControl,Slider Control,184,194,501.00,22268.46,Left,N/A,
158.3204,cer,SliderControl,Slider Control,182,194,201.43,-30171.65,Left,N/A,
158.3299,cer,SliderControl,Slider Control,178,194,421.03,23114.46,Left,N/A,
158.3404,cer,SliderControl,Slider Control,177,195,134.94,-27298.08,Left,N/A,
158.3500,cer,SliderControl,Slider Control,175,195,208.35,7647.36,Left,N/A,
158.3599,cer,SliderControl,Slider Control,172,195,303.95,9685.79,Left,N/A,
158.3700,cer,SliderControl,Slider Control,170,195,198.51,-10465.23,Left,N/A,
158.3800,cer,SliderControl,Slider Control,167,195,297.95,9876.23,Left,N/A,
158.3900,cer,SliderControl,Slider Control,165,195,201.44,-9721.13,Left,N/A,
158.3999,cer,SliderControl,Slider Control,161,195,402.56,20241.56,Left,N/A,
158.4098,cer,SliderControl,Slider Control,159,195,202.84,-20255.90,Left,N/A,
158.4205,cer,SliderControl,Slider Control,154,194,477.01,25648.38,Left,N/A,
158.4299,cer,SliderControl,Slider Control,152,194,212.21,-28096.79,Left,N/A,
158.4398,cer,SliderControl,Slider Control,150,194,201.09,-1118.07,Left,N/A,
158.4507,cer,SliderControl,Slider Control,144,193,557.20,32620.53,Left,N/A,
158.4606,cer,SliderControl,Slider Control,141,193,304.52,-25648.38,Left,N/A,
158.4699,cer,SliderControl,Slider Control,135,193,644.22,36473.27,Left,N/A,
158.4804,cer,SliderControl,Slider Control,132,193,286.53,-34162.98,Left,N/A,
158.4900,cer,SliderControl,Slider Control,127,192,529.82,25279.94,Left,N/A,
158.5003,cer,SliderControl,Slider Control,124,192,290.38,-23176.54,Left,N/A,
158.5105,cer,SliderControl,Slider Control,122,192,196.34,-9231.65,Left,N/A,
158.5203,cer,SliderControl,Slider Control,117,192,509.14,31852.02,Left,N/A,
158.5301,cer,SliderControl,Slider Control,115,192,204.82,-31165.52,Left,N/A,
158.5404,cer,SliderControl,Slider Control,112,192,290.97,8355.44,Left,N/A,
158.5502,cer,SliderControl,Slider Control,111,192,102.50,-19317.98,Left,N/A,
158.5598,cer,SliderControl,Slider Control,108,191,326.95,23205.36,Left,N/A,
158.5699,cer,SliderControl,Slider Control,107,191,99.66,-22650.78,Left,N/A,
158.5800,cer,SliderControl,Slider Control,106,191,98.43,-120.85,Left,N/A,
158.5903,cer,SliderControl,Slider Control,104,191,194.46,9336.53,Left,N/A,
158.6000,cer,SliderControl,Slider Control,103,191,102.87,-9421.41,Left,N/A,
158.6098,cer,SliderControl,Slider Control,102,191,102.53,-35.06,Left,N/A,
158.6199,cer,SliderControl,Slider Control,102,191,0.00,-10123.40,Left,N/A,
158.6306,cer,SliderControl,Slider Control,102,191,0.00,0.00,Left,N/A,
158.6400,cer,SliderControl,Slider Control,101,190,149.74,15855.55,Left,N/A,
158.6503,cer,SliderControl,Slider Control,101,190,0.00,-14594.74,Left,N/A,
158.6607,cer,SliderControl,Slider Control,101,190,0.00,0.00,Left,N/A,
158.6702,cer,SliderControl,Slider Control,101,190,0.00,0.00,Left,N/A,
158.6782,cer,SliderControl,Slider Control,102,189,0.00,0.00,None,N/A,slider_released_missed
158.6800,cer,SliderControl,Slider Control,102,189,143.67,14595.14,None,N/A,
158.6904,cer,SliderControl,Slider Control,102,189,0.00,-13754.29,None,N/A,
158.6999,cer,SliderControl,Slider Control,102,189,0.00,0.00,None,N/A,
158.7107,cer,SliderControl,Slider Control,102,189,0.00,0.00,None,N/A,
158.7203,cer,SliderControl,Slider Control,102,189,0.00,0.00,None,N/A,
158.7299,cer,SliderControl,Slider Control,102,189,0.00,0.00,None,N/A,
158.7408,cer,SliderControl,Slider Control,102,189,0.00,0.00,None,N/A,
158.7504,cer,SliderControl,Slider Control,102,189,0.00,0.00,None,N/A,
158.7600,cer,SliderControl,Slider Control,102,189,0.00,0.00,None,N/A,
158.7706,cer,SliderControl,Slider Control,102,189,0.00,0.00,None,N/A,
158.7801,cer,SliderControl,Slider Control,102,189,0.00,0.00,None,N/A,
158.7907,cer,SliderControl,Slider Control,102,189,0.00,0.00,None,N/A,
158.8002,cer,SliderControl,Slider Control,102,189,0.00,0.00,None,N/A,
158.8107,cer,SliderControl,Slider Control,102,189,0.00,0.00,None,N/A,
158.8202,cer,SliderControl,Slider Control,102,189,0.00,0.00,None,N/A,
158.8303,cer,SliderControl,Slider Control,102,189,0.00,0.00,None,N/A,
158.8399,cer,SliderControl,Slider Control,102,189,0.00,0.00,None,N/A,
158.8504,cer,SliderControl,Slider Control,102,189,0.00,0.00,None,N/A,
158.8610,cer,SliderControl,Slider Control,102,189,0.00,0.00,Left,N/A,
158.8705,cer,SliderControl,Slider Control,102,189,0.00,0.00,Left,N/A,
158.8801,cer,SliderControl,Slider Control,102,189,0.00,0.00,Left,N/A,
158.8906,cer,SliderControl,Slider Control,102,189,0.00,0.00,Left,N/A,
158.9001,cer,SliderControl,Slider Control,102,189,0.00,0.00,Left,N/A,
158.9107,cer,SliderControl,Slider Control,102,189,0.00,0.00,Left,N/A,
158.9202,cer,SliderControl,Slider Control,102,189,0.00,0.00,Left,N/A,
158.9297,cer,SliderControl,Slider Control,102,189,0.00,0.00,Left,N/A,
158.9401,cer,SliderControl,Slider Control,102,189,0.00,0.00,Left,N/A,
158.9506,cer,SliderControl,Slider Control,102,189,0.00,0.00,Left,N/A,
158.9602,cer,SliderControl,Slider Control,102,189,0.00,0.00,Left,N/A,
158.9708,cer,SliderControl,Slider Control,102,189,0.00,0.00,Left,N/A,
158.9802,cer,SliderControl,Slider Control,102,189,0.00,0.00,Left,N/A,
158.9906,cer,SliderControl,Slider Control,102,189,0.00,0.00,Left,N/A,
159.0001,cer,SliderControl,Slider Control,102,189,0.00,0.00,Left,N/A,
159.0100,cer,SliderControl,Slider Control,102,189,0.00,0.00,Left,N/A,
159.0186,cer,SliderControl,Slider Control,102,189,0.00,0.00,None,N/A,slider_released_missed
159.0215,cer,SliderControl,Slider Control,102,189,0.00,0.00,Left,N/A,
159.0302,cer,SliderControl,Slider Control,102,189,0.00,0.00,Left,N/A,
159.0406,cer,SliderControl,Slider Control,102,189,0.00,0.00,Left,N/A,
159.0501,cer,SliderControl,Slider Control,102,189,0.00,0.00,Left,N/A,
159.0607,cer,SliderControl,Slider Control,102,189,0.00,0.00,Left,N/A,
159.0702,cer,SliderControl,Slider Control,102,189,0.00,0.00,Left,N/A,
159.0807,cer,SliderControl,Slider Control,102,189,0.00,0.00,Left,N/A,
159.0903,cer,SliderControl,Slider Control,102,189,0.00,0.00,Left,N/A,
159.1008,cer,SliderControl,Slider Control,102,189,0.00,0.00,Left,N/A,
159.1104,cer,SliderControl,Slider Control,102,189,0.00,0.00,Left,N/A,
159.1199,cer,SliderControl,Slider Control,102,189,0.00,0.00,Left,N/A,
159.1304,cer,SliderControl,Slider Control,102,189,0.00,0.00,Left,N/A,
159.1407,cer,SliderControl,Slider Control,102,189,0.00,0.00,Left,N/A,
159.1502,cer,SliderControl,Slider Control,102,189,0.00,0.00,Left,N/A,
159.1603,cer,SliderControl,Slider Control,102,189,0.00,0.00,Left,N/A,
159.1707,cer,SliderControl,Slider Control,102,189,0.00,0.00,Left,N/A,
159.1802,cer,SliderControl,Slider Control,102,189,0.00,0.00,Left,N/A,
159.1906,cer,SliderControl,Slider Control,102,189,0.00,0.00,Left,N/A,
159.2001,cer,SliderControl,Slider Control,102,189,0.00,0.00,Left,N/A,
159.2098,cer,SliderControl,Slider Control,102,189,0.00,0.00,Left,N/A,
159.2202,cer,SliderControl,Slider Control,102,189,0.00,0.00,Left,N/A,
159.2307,cer,SliderControl,Slider Control,102,189,0.00,0.00,Left,N/A,
159.2403,cer,SliderControl,Slider Control,102,189,0.00,0.00,Left,N/A,
159.2507,cer,SliderControl,Slider Control,102,189,0.00,0.00,Left,N/A,
159.2602,cer,SliderControl,Slider Control,102,189,0.00,0.00,Left,N/A,
159.2706,cer,SliderControl,Slider Control,102,189,0.00,0.00,Left,N/A,
159.2800,cer,SliderControl,Slider Control,102,189,0.00,0.00,Left,N/A,
159.2903,cer,SliderControl,Slider Control,102,189,0.00,0.00,Left,N/A,
159.3002,cer,SliderControl,Slider Control,103,189,101.46,10294.37,Left,N/A,
159.3100,cer,SliderControl,Slider Control,104,189,101.20,-26.75,Left,N/A,
159.3203,cer,SliderControl,Slider Control,105,189,97.93,-320.22,Left,N/A,
159.3301,cer,SliderControl,Slider Control,106,189,101.88,402.24,Left,N/A,
159.3407,cer,SliderControl,Slider Control,107,189,93.80,-757.56,Left,N/A,
159.3498,cer,SliderControl,Slider Control,108,189,110.12,1797.11,Left,N/A,
159.3607,cer,SliderControl,Slider Control,109,189,91.50,-1703.39,Left,N/A,
159.3699,cer,SliderControl,Slider Control,109,189,0.00,-10009.40,Left,N/A,
159.3807,cer,SliderControl,Slider Control,110,189,92.21,8502.10,Left,N/A,
159.3905,cer,SliderControl,Slider Control,110,189,0.00,-9469.49,Left,N/A,
159.3999,cer,SliderControl,Slider Control,110,189,0.00,0.00,Left,N/A,
159.4100,cer,SliderControl,Slider Control,110,189,0.00,0.00,Left,N/A,
159.4204,cer,SliderControl,Slider Control,110,189,0.00,0.00,Left,N/A,
159.4299,cer,SliderControl,Slider Control,110,189,0.00,0.00,Left,N/A,
159.4403,cer,SliderControl,Slider Control,110,189,0.00,0.00,Left,N/A,
159.4508,cer,SliderControl,Slider Control,110,189,0.00,0.00,Left,N/A,
159.4598,cer,SliderControl,Slider Control,110,189,0.00,0.00,Left,N/A,
159.4701,cer,SliderControl,Slider Control,110,189,0.00,0.00,Left,N/A,
159.4805,cer,SliderControl,Slider Control,110,189,0.00,0.00,Left,N/A,
159.4899,cer,SliderControl,Slider Control,110,189,0.00,0.00,Left,N/A,
159.5005,cer,SliderControl,Slider Control,110,189,0.00,0.00,Left,N/A,
159.5101,cer,SliderControl,Slider Control,110,189,0.00,0.00,Left,N/A,
159.5207,cer,SliderControl,Slider Control,110,189,0.00,0.00,Left,N/A,
159.5301,cer,SliderControl,Slider Control,110,189,0.00,0.00,Left,N/A,
159.5404,cer,SliderControl,Slider Control,110,188,97.59,9524.62,Left,N/A,
159.5499,cer,SliderControl,Slider Control,110,188,0.00,-10272.52,Left,N/A,
159.5599,cer,SliderControl,Slider Control,110,188,0.00,0.00,Left,N/A,
159.5703,cer,SliderControl,Slider Control,110,188,0.00,0.00,Left,N/A,
159.5798,cer,SliderControl,Slider Control,110,188,0.00,0.00,Left,N/A,
159.5903,cer,SliderControl,Slider Control,110,188,0.00,0.00,Left,N/A,
159.6008,cer,SliderControl,Slider Control,110,188,0.00,0.00,Left,N/A,
159.6106,cer,SliderControl,Slider Control,109,188,101.51,10303.84,Left,N/A,
159.6207,cer,SliderControl,Slider Control,109,188,0.00,-10075.13,Left,N/A,
159.6305,cer,SliderControl,Slider Control,108,188,102.16,10436.78,Left,N/A,
159.6407,cer,SliderControl,Slider Control,108,188,0.00,-10014.31,Left,N/A,
159.6507,cer,SliderControl,Slider Control,107,188,99.61,9922.75,Left,N/A,
159.6597,cer,SliderControl,Slider Control,106,188,111.07,1272.07,Left,N/A,
159.6706,cer,SliderControl,Slider Control,105,188,91.70,-1776.11,Left,N/A,
159.6804,cer,SliderControl,Slider Control,103,189,228.13,13918.78,Left,N/A,
159.6905,cer,SliderControl,Slider Control,101,189,197.93,-2988.55,Left,N/A,
159.7003,cer,SliderControl,Slider Control,98,190,325.05,13066.40,Left,N/A,
159.7106,cer,SliderControl,Slider Control,96,190,193.88,-12715.35,Left,N/A,
159.7203,cer,SliderControl,Slider Control,94,190,205.79,1225.45,Left,N/A,
159.7301,cer,SliderControl,Slider Control,90,191,419.98,21817.60,Left,N/A,
159.7403,cer,SliderControl,Slider Control,88,191,196.02,-21950.40,Left,N/A,
159.7502,cer,SliderControl,Slider Control,84,192,416.71,22304.99,Left,N/A,
159.7605,cer,SliderControl,Slider Control,83,192,97.42,-31104.36,Left,N/A,
159.7700,cer,SliderControl,Slider Control,80,192,314.18,22701.08,Left,N/A,
159.7805,cer,SliderControl,Slider Control,80,192,0.00,-30101.81,Left,N/A,
159.7906,cer,SliderControl,Slider Control,79,192,98.33,9669.42,Left,N/A,
159.8001,cer,SliderControl,Slider Control,77,193,237.26,14740.36,Left,N/A,
159.8100,cer,SliderControl,Slider Control,76,193,100.40,-13740.56,Left,N/A,
159.8203,cer,SliderControl,Slider Control,75,193,97.65,-268.90,Left,N/A,
159.8304,cer,SliderControl,Slider Control,74,193,98.28,61.61,Left,N/A,
159.8407,cer,SliderControl,Slider Control,73,193,97.41,-84.71,Left,N/A,
159.8508,cer,SliderControl,Slider Control,73,193,0.00,-9664.11,Left,N/A,
159.8604,cer,SliderControl,Slider Control,73,193,0.00,0.00,Left,N/A,
159.8698,cer,SliderControl,Slider Control,72,193,105.47,11123.78,Left,N/A,
159.8799,cer,SliderControl,Slider Control,72,193,0.00,-10511.36,Left,N/A,
159.8899,cer,SliderControl,Slider Control,71,193,99.48,9896.87,Left,N/A,
159.8999,cer,SliderControl,Slider Control,70,193,100.59,111.11,Left,N/A,
159.9097,cer,SliderControl,Slider Control,69,193,101.62,105.01,Left,N/A,
159.9199,cer,SliderControl,Slider Control,68,193,97.73,-380.42,Left,N/A,
159.9303,cer,SliderControl,Slider Control,67,193,96.67,-102.55,Left,N/A,
159.9400,cer,SliderControl,Slider Control,66,193,103.14,667.06,Left,N/A,
159.9507,cer,SliderControl,Slider Control,64,193,186.89,7826.05,Left,N/A,
159.9601,cer,SliderControl,Slider Control,64,193,0.00,-19753.56,Left,N/A,
159.9707,cer,SliderControl,Slider Control,63,193,94.35,8901.82,Left,N/A,
159.9803,cer,SliderControl,Slider Control,62,193,104.63,1075.96,Left,N/A,
159.9905,cer,SliderControl,Slider Control,61,193,97.98,-652.09,Left,N/A,
160.0016,cer,SliderControl,Slider Control,60,193,90.47,-678.97,Left,N/A,
160.0108,cer,SliderControl,Slider Control,59,193,108.66,1976.35,Left,N/A,
160.0202,cer,SliderControl,Slider Control,59,193,0.00,-11468.16,Left,N/A,
160.0305,cer,SliderControl,Slider Control,58,193,97.87,9578.48,Left,N/A,
160.0407,cer,SliderControl,Slider Control,57,193,97.89,2.46,Left,N/A,
160.0503,cer,SliderControl,Slider Control,57,193,0.00,-10203.79,Left,N/A,
160.0608,cer,SliderControl,Slider Control,56,193,95.22,9067.08,Left,N/A,
160.0699,cer,SliderControl,Slider Control,56,193,0.00,-10452.14,Left,N/A,
160.0801,cer,SliderControl,Slider Control,56,193,0.00,0.00,Left,N/A,
160.0905,cer,SliderControl,Slider Control,55,193,96.61,9332.98,Left,N/A,
160.1002,cer,SliderControl,Slider Control,55,194,102.53,607.27,Left,N/A,
160.1101,cer,SliderControl,Slider Control,54,194,100.69,-185.38,Left,N/A,
160.1197,cer,SliderControl,Slider Control,54,195,104.58,406.68,Left,N/A,
160.1303,cer,SliderControl,Slider Control,53,195,94.37,-963.62,Left,N/A,
160.1400,cer,SliderControl,Slider Control,52,196,145.71,5290.33,Left,N/A,
160.1501,cer,SliderControl,Slider Control,51,196,99.37,-4605.00,Left,N/A,
160.1606,cer,SliderControl,Slider Control,50,197,134.48,3338.31,Left,N/A,
160.1699,cer,SliderControl,Slider Control,49,197,107.27,-2918.83,Left,N/A,
160.1808,cer,SliderControl,Slider Control,48,197,92.00,-1404.72,Left,N/A,
160.1898,cer,SliderControl,Slider Control,46,198,247.78,17262.60,Left,N/A,
160.1999,cer,SliderControl,Slider Control,45,198,98.81,-14719.94,Left,N/A,
160.2103,cer,SliderControl,Slider Control,43,198,192.55,9025.11,Left,N/A,
160.2198,cer,SliderControl,Slider Control,42,198,105.10,-9191.36,Left,N/A,
160.2303,cer,SliderControl,Slider Control,40,198,191.29,8243.96,Left,N/A,
160.2406,cer,SliderControl,Slider Control,39,198,97.25,-9145.73,Left,N/A,
160.2504,cer,SliderControl,Slider Control,38,198,101.37,416.93,Left,N/A,
160.2603,cer,SliderControl,Slider Control,37,198,101.37,0.00,Left,N/A,
160.2704,cer,SliderControl,Slider Control,37,198,0.00,-10003.25,Left,N/A,
160.2802,cer,SliderControl,Slider Control,36,198,102.07,10418.50,Left,N/A,
160.2905,cer,SliderControl,Slider Control,36,198,0.00,-9964.09,Left,N/A,
160.3005,cer,SliderControl,Slider Control,35,198,100.07,10013.38,Left,N/A,
160.3101,cer,SliderControl,Slider Control,35,198,0.00,-10381.43,Left,N/A,
160.3206,cer,SliderControl,Slider Control,35,198,0.00,0.00,Left,N/A,
160.3301,cer,SliderControl,Slider Control,35,198,0.00,0.00,Left,N/A,
160.3405,cer,SliderControl,Slider Control,35,198,0.00,0.00,Left,N/A,
160.3501,cer,SliderControl,Slider Control,35,198,0.00,0.00,Left,N/A,
160.3600,cer,SliderControl,Slider Control,35,198,0.00,0.00,Left,N/A,
160.3705,cer,SliderControl,Slider Control,35,198,0.00,0.00,Left,N/A,
160.3799,cer,SliderControl,Slider Control,35,198,0.00,0.00,Left,N/A,
160.3904,cer,SliderControl,Slider Control,35,198,0.00,0.00,Left,N/A,
160.3999,cer,SliderControl,Slider Control,35,198,0.00,0.00,Left,N/A,
160.4099,cer,SliderControl,Slider Control,35,198,0.00,0.00,Left,N/A,
160.4204,cer,SliderControl,Slider Control,35,198,0.00,0.00,Left,N/A,
160.4299,cer,SliderControl,Slider Control,35,198,0.00,0.00,Left,N/A,
160.4403,cer,SliderControl,Slider Control,35,198,0.00,0.00,Left,N/A,
160.4499,cer,SliderControl,Slider Control,35,198,0.00,0.00,Left,N/A,
160.4600,cer,SliderControl,Slider Control,35,198,0.00,0.00,Left,N/A,
160.4705,cer,SliderControl,Slider Control,35,198,0.00,0.00,Left,N/A,
160.4800,cer,SliderControl,Slider Control,35,198,0.00,0.00,Left,N/A,
160.4903,cer,SliderControl,Slider Control,35,198,0.00,0.00,Left,N/A,
160.5005,cer,SliderControl,Slider Control,35,198,0.00,0.00,Left,N/A,
160.5107,cer,SliderControl,Slider Control,36,198,98.65,9731.83,Left,N/A,
160.5206,cer,SliderControl,Slider Control,36,198,0.00,-9930.84,Left,N/A,
160.5301,cer,SliderControl,Slider Control,37,198,105.51,11132.73,Left,N/A,
160.5405,cer,SliderControl,Slider Control,38,198,95.58,-948.97,Left,N/A,
160.5507,cer,SliderControl,Slider Control,39,198,98.31,268.28,Left,N/A,
160.5602,cer,SliderControl,Slider Control,41,198,211.40,11953.54,Left,N/A,
160.5703,cer,SliderControl,Slider Control,43,198,197.79,-1346.21,Left,N/A,
160.5802,cer,SliderControl,Slider Control,46,197,319.29,12267.56,Left,N/A,
160.5903,cer,SliderControl,Slider Control,47,197,99.10,-21820.08,Left,N/A,
160.6000,cer,SliderControl,Slider Control,49,197,204.90,10839.71,Left,N/A,
160.6101,cer,SliderControl,Slider Control,50,197,99.43,-10486.87,Left,N/A,
160.6200,cer,SliderControl,Slider Control,51,197,100.63,121.23,Left,N/A,
160.6299,cer,SliderControl,Slider Control,53,196,226.34,12725.02,Left,N/A,
160.6403,cer,SliderControl,Slider Control,54,196,96.23,-12520.64,Left,N/A,
160.6499,cer,SliderControl,Slider Control,55,196,103.98,805.85,Left,N/A,
160.6604,cer,SliderControl,Slider Control,55,196,0.00,-9919.00,Left,N/A,
160.6707,cer,SliderControl,Slider Control,56,196,97.39,9485.73,Left,N/A,
160.6803,cer,SliderControl,Slider Control,56,196,0.00,-10085.25,Left,N/A,
160.6898,cer,SliderControl,Slider Control,56,196,0.00,0.00,Left,N/A,
160.7006,cer,SliderControl,Slider Control,57,196,92.25,8510.70,Left,N/A,
160.7102,cer,SliderControl,Slider Control,57,196,0.00,-9651.04,Left,N/A,
160.7198,cer,SliderControl,Slider Control,57,196,0.00,0.00,Left,N/A,
160.7305,cer,SliderControl,Slider Control,57,196,0.00,0.00,Left,N/A,
160.7401,cer,SliderControl,Slider Control,57,196,0.00,0.00,Left,N/A,
160.7506,cer,SliderControl,Slider Control,57,196,0.00,0.00,Left,N/A,
160.7601,cer,SliderControl,Slider Control,57,196,0.00,0.00,Left,N/A,
160.7707,cer,SliderControl,Slider Control,57,196,0.00,0.00,Left,N/A,
160.7803,cer,SliderControl,Slider Control,57,196,0.00,0.00,Left,N/A,
160.7900,cer,SliderControl,Slider Control,57,196,0.00,0.00,Left,N/A,
160.8005,cer,SliderControl,Slider Control,57,196,0.00,0.00,Left,N/A,
160.8100,cer,SliderControl,Slider Control,57,196,0.00,0.00,Left,N/A,
160.8204,cer,SliderControl,Slider Control,57,196,0.00,0.00,Left,N/A,
160.8300,cer,SliderControl,Slider Control,57,196,0.00,0.00,Left,N/A,
160.8406,cer,SliderControl,Slider Control,57,196,0.00,0.00,Left,N/A,
160.8501,cer,SliderControl,Slider Control,57,196,0.00,0.00,Left,N/A,
160.8607,cer,SliderControl,Slider Control,57,196,0.00,0.00,Left,N/A,
160.8702,cer,SliderControl,Slider Control,57,196,0.00,0.00,Left,N/A,
160.8807,cer,SliderControl,Slider Control,57,196,0.00,0.00,Left,N/A,
160.8899,cer,SliderControl,Slider Control,57,196,0.00,0.00,Left,N/A,
160.9004,cer,SliderControl,Slider Control,57,196,0.00,0.00,Left,N/A,
160.9098,cer,SliderControl,Slider Control,57,196,0.00,0.00,Left,N/A,
160.9202,cer,SliderControl,Slider Control,57,196,0.00,0.00,Left,N/A,
160.9307,cer,SliderControl,Slider Control,57,196,0.00,0.00,Left,N/A,
160.9403,cer,SliderControl,Slider Control,57,196,0.00,0.00,Left,N/A,
160.9499,cer,SliderControl,Slider Control,57,196,0.00,0.00,Left,N/A,
160.9607,cer,SliderControl,Slider Control,57,196,0.00,0.00,Left,N/A,
160.9702,cer,SliderControl,Slider Control,57,196,0.00,0.00,Left,N/A,
160.9807,cer,SliderControl,Slider Control,57,196,0.00,0.00,Left,N/A,
160.9903,cer,SliderControl,Slider Control,57,196,0.00,0.00,Left,N/A,
161.0008,cer,SliderControl,Slider Control,57,196,0.00,0.00,Left,N/A,
161.0102,cer,SliderControl,Slider Control,57,196,0.00,0.00,Left,N/A,
161.0206,cer,SliderControl,Slider Control,57,196,0.00,0.00,Left,N/A,
161.0300,cer,SliderControl,Slider Control,57,196,0.00,0.00,Left,N/A,
161.0404,cer,SliderControl,Slider Control,57,196,0.00,0.00,Left,N/A,
161.0501,cer,SliderControl,Slider Control,57,196,0.00,0.00,Left,N/A,
161.0607,cer,SliderControl,Slider Control,57,196,0.00,0.00,Left,N/A,
161.0702,cer,SliderControl,Slider Control,57,196,0.00,0.00,Left,N/A,
161.0807,cer,SliderControl,Slider Control,57,196,0.00,0.00,Left,N/A,
161.0904,cer,SliderControl,Slider Control,57,196,0.00,0.00,Left,N/A,
161.1000,cer,SliderControl,Slider Control,57,196,0.00,0.00,Left,N/A,
161.1098,cer,SliderControl,Slider Control,57,196,0.00,0.00,Left,N/A,
161.1202,cer,SliderControl,Slider Control,57,196,0.00,0.00,Left,N/A,
161.1307,cer,SliderControl,Slider Control,57,196,0.00,0.00,Left,N/A,
161.1401,cer,SliderControl,Slider Control,57,196,0.00,0.00,Left,N/A,
161.1506,cer,SliderControl,Slider Control,57,196,0.00,0.00,Left,N/A,
161.1601,cer,SliderControl,Slider Control,57,196,0.00,0.00,Left,N/A,
161.1704,cer,SliderControl,Slider Control,57,196,0.00,0.00,Left,N/A,
161.1799,cer,SliderControl,Slider Control,57,196,0.00,0.00,Left,N/A,
161.1904,cer,SliderControl,Slider Control,57,196,0.00,0.00,Left,N/A,
161.1998,cer,SliderControl,Slider Control,57,196,0.00,0.00,Left,N/A,
161.2106,cer,SliderControl,Slider Control,57,196,0.00,0.00,Left,N/A,
161.2200,cer,SliderControl,Slider Control,57,196,0.00,0.00,Left,N/A,
161.2306,cer,SliderControl,Slider Control,57,196,0.00,0.00,Left,N/A,
161.2400,cer,SliderControl,Slider Control,57,196,0.00,0.00,Left,N/A,
161.2507,cer,SliderControl,Slider Control,57,196,0.00,0.00,Left,N/A,
161.2602,cer,SliderControl,Slider Control,57,196,0.00,0.00,Left,N/A,
161.2707,cer,SliderControl,Slider Control,57,196,0.00,0.00,Left,N/A,
161.2801,cer,SliderControl,Slider Control,57,196,0.00,0.00,Left,N/A,
161.2906,cer,SliderControl,Slider Control,57,196,0.00,0.00,Left,N/A,
161.3001,cer,SliderControl,Slider Control,57,196,0.00,0.00,Left,N/A,
161.3101,cer,SliderControl,Slider Control,57,196,0.00,0.00,Left,N/A,
161.3206,cer,SliderControl,Slider Control,57,196,0.00,0.00,Left,N/A,
161.3301,cer,SliderControl,Slider Control,57,196,0.00,0.00,Left,N/A,
161.3399,cer,SliderControl,Slider Control,57,196,0.00,0.00,Left,N/A,
161.3504,cer,SliderControl,Slider Control,57,196,0.00,0.00,Left,N/A,
161.3598,cer,SliderControl,Slider Control,57,196,0.00,0.00,Left,N/A,
161.3701,cer,SliderControl,Slider Control,57,196,0.00,0.00,Left,N/A,
161.3815,cer,SliderControl,Slider Control,57,196,0.00,0.00,Left,N/A,
161.3902,cer,SliderControl,Slider Control,57,196,0.00,0.00,Left,N/A,
161.4007,cer,SliderControl,Slider Control,57,196,0.00,0.00,Left,N/A,
161.4107,cer,SliderControl,Slider Control,57,196,0.00,0.00,Left,N/A,
161.4202,cer,SliderControl,Slider Control,57,196,0.00,0.00,Left,N/A,
161.4307,cer,SliderControl,Slider Control,57,196,0.00,0.00,Left,N/A,
161.4403,cer,SliderControl,Slider Control,57,196,0.00,0.00,Left,N/A,
161.4508,cer,SliderControl,Slider Control,57,196,0.00,0.00,Left,N/A,
161.4602,cer,SliderControl,Slider Control,57,196,0.00,0.00,Left,N/A,
161.4707,cer,SliderControl,Slider Control,57,196,0.00,0.00,Left,N/A,
161.4803,cer,SliderControl,Slider Control,57,196,0.00,0.00,Left,N/A,
161.4907,cer,SliderControl,Slider Control,57,196,0.00,0.00,Left,N/A,
161.5002,cer,SliderControl,Slider Control,57,196,0.00,0.00,Left,N/A,
161.5102,cer,SliderControl,Slider Control,57,196,0.00,0.00,Left,N/A,
161.5207,cer,SliderControl,Slider Control,57,196,0.00,0.00,Left,N/A,
161.5301,cer,SliderControl,Slider Control,57,196,0.00,0.00,Left,N/A,
161.5404,cer,SliderControl,Slider Control,57,196,0.00,0.00,Left,N/A,
161.5500,cer,SliderControl,Slider Control,57,196,0.00,0.00,Left,N/A,
161.5605,cer,SliderControl,Slider Control,57,196,0.00,0.00,Left,N/A,
161.5700,cer,SliderControl,Slider Control,57,196,0.00,0.00,Left,N/A,
161.5805,cer,SliderControl,Slider Control,57,196,0.00,0.00,Left,N/A,
161.5900,cer,SliderControl,Slider Control,57,196,0.00,0.00,Left,N/A,
161.6004,cer,SliderControl,Slider Control,57,196,0.00,0.00,Left,N/A,
161.6104,cer,SliderControl,Slider Control,57,196,0.00,0.00,Left,N/A,
161.6200,cer,SliderControl,Slider Control,57,196,0.00,0.00,Left,N/A,
161.6304,cer,SliderControl,Slider Control,57,196,0.00,0.00,Left,N/A,
161.6399,cer,SliderControl,Slider Control,57,196,0.00,0.00,Left,N/A,
161.6503,cer,SliderControl,Slider Control,57,196,0.00,0.00,Left,N/A,
161.6598,cer,SliderControl,Slider Control,57,196,0.00,0.00,Left,N/A,
161.6703,cer,SliderControl,Slider Control,57,196,0.00,0.00,Left,N/A,
161.6807,cer,SliderControl,Slider Control,57,196,0.00,0.00,Left,N/A,
161.6904,cer,SliderControl,Slider Control,57,196,0.00,0.00,Left,N/A,
161.7011,cer,SliderControl,Slider Control,57,196,0.00,0.00,Left,N/A,
161.7098,cer,SliderControl,Slider Control,57,196,0.00,0.00,Left,N/A,
161.7207,cer,SliderControl,Slider Control,57,196,0.00,0.00,Left,N/A,
161.7300,cer,SliderControl,Slider Control,58,196,106.46,11333.12,Left,N/A,
161.7412,cer,SliderControl,Slider Control,58,196,0.00,-9519.12,Left,N/A,
161.7503,cer,SliderControl,Slider Control,58,196,0.00,0.00,Left,N/A,
161.7606,cer,SliderControl,Slider Control,58,196,0.00,0.00,Left,N/A,
161.7700,cer,SliderControl,Slider Control,59,196,106.26,11291.81,Left,N/A,
161.7802,cer,SliderControl,Slider Control,60,196,97.61,-844.20,Left,N/A,
161.7907,cer,SliderControl,Slider Control,61,196,95.33,-218.05,Left,N/A,
161.8002,cer,SliderControl,Slider Control,62,196,105.32,1052.86,Left,N/A,
161.8099,cer,SliderControl,Slider Control,63,196,103.16,-223.14,Left,N/A,
161.8200,cer,SliderControl,Slider Control,64,196,98.89,-421.92,Left,N/A,
161.8304,cer,SliderControl,Slider Control,65,196,96.20,-259.43,Left,N/A,
161.8405,cer,SliderControl,Slider Control,66,196,99.31,309.22,Left,N/A,
161.8502,cer,SliderControl,Slider Control,66,196,0.00,-10209.58,Left,N/A,
161.8599,cer,SliderControl,Slider Control,66,196,0.00,0.00,Left,N/A,
161.8699,cer,SliderControl,Slider Control,67,196,99.63,9926.52,Left,N/A,
161.8801,cer,SliderControl,Slider Control,67,196,0.00,-9779.70,Left,N/A,
161.8898,cer,SliderControl,Slider Control,68,196,102.85,10577.49,Left,N/A,
161.9005,cer,SliderControl,Slider Control,68,196,0.00,-9650.15,Left,N/A,
161.9099,cer,SliderControl,Slider Control,68,196,0.00,0.00,Left,N/A,
161.9204,cer,SliderControl,Slider Control,68,196,0.00,0.00,Left,N/A,
161.9307,cer,SliderControl,Slider Control,68,196,0.00,0.00,Left,N/A,
161.9401,cer,SliderControl,Slider Control,68,196,0.00,0.00,Left,N/A,
161.9507,cer,SliderControl,Slider Control,68,196,0.00,0.00,Left,N/A,
161.9601,cer,SliderControl,Slider Control,68,196,0.00,0.00,Left,N/A,
161.9705,cer,SliderControl,Slider Control,68,196,0.00,0.00,Left,N/A,
161.9799,cer,SliderControl,Slider Control,68,196,0.00,0.00,Left,N/A,
161.9906,cer,SliderControl,Slider Control,68,196,0.00,0.00,Left,N/A,
162.0001,cer,SliderControl,Slider Control,68,196,0.00,0.00,Left,N/A,
162.0105,cer,SliderControl,Slider Control,68,196,0.00,0.00,Left,N/A,
162.0200,cer,SliderControl,Slider Control,68,196,0.00,0.00,Left,N/A,
162.0304,cer,SliderControl,Slider Control,68,196,0.00,0.00,Left,N/A,
162.0400,cer,SliderControl,Slider Control,68,196,0.00,0.00,Left,N/A,
162.0505,cer,SliderControl,Slider Control,68,196,0.00,0.00,Left,N/A,
162.0600,cer,SliderControl,Slider Control,68,196,0.00,0.00,Left,N/A,
162.0704,cer,SliderControl,Slider Control,68,196,0.00,0.00,Left,N/A,
162.0799,cer,SliderControl,Slider Control,68,196,0.00,0.00,Left,N/A,
162.0903,cer,SliderControl,Slider Control,68,196,0.00,0.00,Left,N/A,
162.0999,cer,SliderControl,Slider Control,68,196,0.00,0.00,Left,N/A,
162.1098,cer,SliderControl,Slider Control,68,196,0.00,0.00,Left,N/A,
162.1202,cer,SliderControl,Slider Control,68,196,0.00,0.00,Left,N/A,
162.1316,cer,SliderControl,Slider Control,68,196,0.00,0.00,Left,N/A,
162.1402,cer,SliderControl,Slider Control,68,196,0.00,0.00,Left,N/A,
162.1507,cer,SliderControl,Slider Control,68,196,0.00,0.00,Left,N/A,
162.1603,cer,SliderControl,Slider Control,68,196,0.00,0.00,Left,N/A,
162.1707,cer,SliderControl,Slider Control,68,196,0.00,0.00,Left,N/A,
162.1802,cer,SliderControl,Slider Control,68,196,0.00,0.00,Left,N/A,
162.1907,cer,SliderControl,Slider Control,68,196,0.00,0.00,Left,N/A,
162.2001,cer,SliderControl,Slider Control,68,196,0.00,0.00,Left,N/A,
162.2106,cer,SliderControl,Slider Control,68,196,0.00,0.00,Left,N/A,
162.2200,cer,SliderControl,Slider Control,68,196,0.00,0.00,Left,N/A,
162.2305,cer,SliderControl,Slider Control,68,196,0.00,0.00,Left,N/A,
162.2402,cer,SliderControl,Slider Control,68,196,0.00,0.00,Left,N/A,
162.2507,cer,SliderControl,Slider Control,68,196,0.00,0.00,Left,N/A,
162.2601,cer,SliderControl,Slider Control,68,196,0.00,0.00,Left,N/A,
162.2705,cer,SliderControl,Slider Control,68,196,0.00,0.00,Left,N/A,
162.2799,cer,SliderControl,Slider Control,68,196,0.00,0.00,Left,N/A,
162.2907,cer,SliderControl,Slider Control,68,196,0.00,0.00,Left,N/A,
162.3002,cer,SliderControl,Slider Control,68,196,0.00,0.00,Left,N/A,
162.3106,cer,SliderControl,Slider Control,68,196,0.00,0.00,Left,N/A,
162.3198,cer,SliderControl,Slider Control,68,196,0.00,0.00,Left,N/A,
162.3297,cer,SliderControl,Slider Control,67,196,101.14,10228.94,Left,N/A,
162.3402,cer,SliderControl,Slider Control,67,196,0.00,-9677.52,Left,N/A,
162.3506,cer,SliderControl,Slider Control,67,196,0.00,0.00,Left,N/A,
162.3605,cer,SliderControl,Slider Control,67,196,0.00,0.00,Left,N/A,
162.3701,cer,SliderControl,Slider Control,66,196,104.20,10857.34,Left,N/A,
162.3806,cer,SliderControl,Slider Control,65,197,134.33,2862.49,Left,N/A,
162.3907,cer,SliderControl,Slider Control,64,197,99.26,-3481.31,Left,N/A,
162.4007,cer,SliderControl,Slider Control,62,197,198.81,9894.96,Left,N/A,
162.4107,cer,SliderControl,Slider Control,61,197,100.42,-9879.90,Left,N/A,
162.4201,cer,SliderControl,Slider Control,60,197,106.34,630.31,Left,N/A,
162.4302,cer,SliderControl,Slider Control,59,198,139.45,3264.87,Left,N/A,
162.4408,cer,SliderControl,Slider Control,58,198,94.77,-4234.66,Left,N/A,
162.4504,cer,SliderControl,Slider Control,56,198,208.45,11848.18,Left,N/A,
162.4603,cer,SliderControl,Slider Control,55,198,100.28,-10847.15,Left,N/A,
162.4702,cer,SliderControl,Slider Control,53,198,202.79,10393.50,Left,N/A,
162.4799,cer,SliderControl,Slider Control,53,198,0.00,-20851.22,Left,N/A,
162.4899,cer,SliderControl,Slider Control,52,199,142.45,14348.04,Left,N/A,
162.5001,cer,SliderControl,Slider Control,51,199,97.31,-4392.12,Left,N/A,
162.5098,cer,SliderControl,Slider Control,51,199,0.00,-10055.23,Left,N/A,
162.5198,cer,SliderControl,Slider Control,51,199,0.00,0.00,Left,N/A,
162.5303,cer,SliderControl,Slider Control,50,199,95.59,9138.31,Left,N/A,
162.5407,cer,SliderControl,Slider Control,50,199,0.00,-9152.49,Left,N/A,
162.5499,cer,SliderControl,Slider Control,49,199,109.22,11928.60,Left,N/A,
162.5604,cer,SliderControl,Slider Control,49,199,0.00,-10440.65,Left,N/A,
162.5698,cer,SliderControl,Slider Control,49,199,0.00,0.00,Left,N/A,
162.5806,cer,SliderControl,Slider Control,49,199,0.00,0.00,Left,N/A,
162.5900,cer,SliderControl,Slider Control,49,199,0.00,0.00,Left,N/A,
162.6016,cer,SliderControl,Slider Control,49,199,0.00,0.00,Left,N/A,
162.6104,cer,SliderControl,Slider Control,49,199,0.00,0.00,Left,N/A,
162.6206,cer,SliderControl,Slider Control,49,199,0.00,0.00,Left,N/A,
162.6304,cer,SliderControl,Slider Control,48,199,101.72,10347.37,Left,N/A,
162.6404,cer,SliderControl,Slider Control,48,199,0.00,-10162.28,Left,N/A,
162.6503,cer,SliderControl,Slider Control,46,199,202.53,20509.29,Left,N/A,
162.6598,cer,SliderControl,Slider Control,46,199,0.00,-21243.23,Left,N/A,
162.6705,cer,SliderControl,Slider Control,45,200,131.76,12275.61,Left,N/A,
162.6801,cer,SliderControl,Slider Control,44,200,104.82,-2823.84,Left,N/A,
162.6908,cer,SliderControl,Slider Control,43,200,93.65,-1045.91,Left,N/A,
162.7001,cer,SliderControl,Slider Control,42,200,106.77,1400.67,Left,N/A,
162.7103,cer,SliderControl,Slider Control,42,200,0.00,-10446.26,Left,N/A,
162.7200,cer,SliderControl,Slider Control,41,200,103.99,10814.31,Left,N/A,
162.7299,cer,SliderControl,Slider Control,41,200,0.00,-10428.54,Left,N/A,
162.7400,cer,SliderControl,Slider Control,41,200,0.00,0.00,Left,N/A,
162.7501,cer,SliderControl,Slider Control,40,200,98.98,9796.70,Left,N/A,
162.7598,cer,SliderControl,Slider Control,40,200,0.00,-10235.58,Left,N/A,
162.7702,cer,SliderControl,Slider Control,40,200,0.00,0.00,Left,N/A,
162.7807,cer,SliderControl,Slider Control,40,200,0.00,0.00,Left,N/A,
162.7907,cer,SliderControl,Slider Control,40,200,0.00,0.00,Left,N/A,
162.8002,cer,SliderControl,Slider Control,40,200,0.00,0.00,Left,N/A,
162.8101,cer,SliderControl,Slider Control,40,200,0.00,0.00,Left,N/A,
162.8212,cer,SliderControl,Slider Control,40,200,0.00,0.00,Left,N/A,
162.8302,cer,SliderControl,Slider Control,40,200,0.00,0.00,Left,N/A,
162.8400,cer,SliderControl,Slider Control,40,200,0.00,0.00,Left,N/A,
162.8505,cer,SliderControl,Slider Control,40,200,0.00,0.00,Left,N/A,
162.8605,cer,SliderControl,Slider Control,40,200,0.00,0.00,Left,N/A,
162.8698,cer,SliderControl,Slider Control,41,200,107.35,11524.20,Left,N/A,
162.8804,cer,SliderControl,Slider Control,41,200,0.00,-10155.45,Left,N/A,
162.8903,cer,SliderControl,Slider Control,41,200,0.00,0.00,Left,N/A,
162.8998,cer,SliderControl,Slider Control,41,200,0.00,0.00,Left,N/A,
162.9104,cer,SliderControl,Slider Control,41,200,0.00,0.00,Left,N/A,
162.9198,cer,SliderControl,Slider Control,41,200,0.00,0.00,Left,N/A,
162.9303,cer,SliderControl,Slider Control,41,200,0.00,0.00,Left,N/A,
162.9402,cer,SliderControl,Slider Control,41,200,0.00,0.00,Left,N/A,
162.9502,cer,SliderControl,Slider Control,42,200,99.46,9893.12,Left,N/A,
162.9600,cer,SliderControl,Slider Control,42,200,0.00,-10197.58,Left,N/A,
162.9706,cer,SliderControl,Slider Control,42,200,0.00,0.00,Left,N/A,
162.9804,cer,SliderControl,Slider Control,43,200,101.99,10401.79,Left,N/A,
162.9900,cer,SliderControl,Slider Control,43,200,0.00,-10613.67,Left,N/A,
163.0000,cer,SliderControl,Slider Control,43,200,0.00,0.00,Left,N/A,
163.0101,cer,SliderControl,Slider Control,44,200,99.17,9834.26,Left,N/A,
163.0198,cer,SliderControl,Slider Control,44,200,0.00,-10273.68,Left,N/A,
163.0298,cer,SliderControl,Slider Control,44,200,0.00,0.00,Left,N/A,
163.0403,cer,SliderControl,Slider Control,45,200,94.64,8956.94,Left,N/A,
163.0500,cer,SliderControl,Slider Control,46,200,103.24,888.24,Left,N/A,
163.0607,cer,SliderControl,Slider Control,46,200,0.00,-9637.43,Left,N/A,
163.0707,cer,SliderControl,Slider Control,47,200,100.77,10155.35,Left,N/A,
163.0807,cer,SliderControl,Slider Control,47,200,0.00,-9995.41,Left,N/A,
163.0897,cer,SliderControl,Slider Control,48,200,111.35,12398.00,Left,N/A,
163.1005,cer,SliderControl,Slider Control,48,200,0.00,-10320.89,Left,N/A,
163.1117,cer,SliderControl,Slider Control,49,200,89.38,7988.32,Left,N/A,
163.1203,cer,SliderControl,Slider Control,49,200,0.00,-10362.28,Left,N/A,
163.1298,cer,SliderControl,Slider Control,49,200,0.00,0.00,Left,N/A,
163.1402,cer,SliderControl,Slider Control,49,200,0.00,0.00,Left,N/A,
163.1507,cer,SliderControl,Slider Control,49,200,0.00,0.00,Left,N/A,
163.1601,cer,SliderControl,Slider Control,49,200,0.00,0.00,Left,N/A,
163.1705,cer,SliderControl,Slider Control,49,200,0.00,0.00,Left,N/A,
163.1799,cer,SliderControl,Slider Control,49,200,0.00,0.00,Left,N/A,
163.1905,cer,SliderControl,Slider Control,49,200,0.00,0.00,Left,N/A,
163.2000,cer,SliderControl,Slider Control,49,200,0.00,0.00,Left,N/A,
163.2100,cer,SliderControl,Slider Control,49,200,0.00,0.00,Left,N/A,
163.2204,cer,SliderControl,Slider Control,49,200,0.00,0.00,Left,N/A,
163.2299,cer,SliderControl,Slider Control,49,200,0.00,0.00,Left,N/A,
163.2404,cer,SliderControl,Slider Control,49,200,0.00,0.00,Left,N/A,
163.2499,cer,SliderControl,Slider Control,49,200,0.00,0.00,Left,N/A,
163.2604,cer,SliderControl,Slider Control,49,200,0.00,0.00,Left,N/A,
163.2698,cer,SliderControl,Slider Control,49,200,0.00,0.00,Left,N/A,
163.2805,cer,SliderControl,Slider Control,49,200,0.00,0.00,Left,N/A,
163.2903,cer,SliderControl,Slider Control,49,200,0.00,0.00,Left,N/A,
163.2999,cer,SliderControl,Slider Control,49,200,0.00,0.00,Left,N/A,
163.3098,cer,SliderControl,Slider Control,49,200,0.00,0.00,Left,N/A,
163.3203,cer,SliderControl,Slider Control,49,200,0.00,0.00,Left,N/A,
163.3298,cer,SliderControl,Slider Control,49,200,0.00,0.00,Left,N/A,
163.3403,cer,SliderControl,Slider Control,49,200,0.00,0.00,Left,N/A,
163.3508,cer,SliderControl,Slider Control,49,200,0.00,0.00,Left,N/A,
163.3604,cer,SliderControl,Slider Control,49,200,0.00,0.00,Left,N/A,
163.3702,cer,SliderControl,Slider Control,49,200,0.00,0.00,Left,N/A,
163.3807,cer,SliderControl,Slider Control,49,200,0.00,0.00,Left,N/A,
163.3903,cer,SliderControl,Slider Control,49,200,0.00,0.00,Left,N/A,
163.4007,cer,SliderControl,Slider Control,49,200,0.00,0.00,Left,N/A,
163.4102,cer,SliderControl,Slider Control,49,200,0.00,0.00,Left,N/A,
163.4206,cer,SliderControl,Slider Control,49,200,0.00,0.00,Left,N/A,
163.4301,cer,SliderControl,Slider Control,49,200,0.00,0.00,Left,N/A,
163.4407,cer,SliderControl,Slider Control,49,200,0.00,0.00,Left,N/A,
163.4502,cer,SliderControl,Slider Control,49,200,0.00,0.00,Left,N/A,
163.4607,cer,SliderControl,Slider Control,49,200,0.00,0.00,Left,N/A,
163.4704,cer,SliderControl,Slider Control,49,200,0.00,0.00,Left,N/A,
163.4799,cer,SliderControl,Slider Control,49,200,0.00,0.00,Left,N/A,
163.4902,cer,SliderControl,Slider Control,49,199,97.03,9414.33,Left,N/A,
163.5000,cer,SliderControl,Slider Control,49,199,0.00,-9860.98,Left,N/A,
163.5107,cer,SliderControl,Slider Control,49,199,0.00,0.00,Left,N/A,
163.5150,cer,SliderControl,Slider Control,49,199,0.00,0.00,None,N/A,slider_released_missed
163.5200,cer,SliderControl,Slider Control,49,199,0.00,0.00,None,N/A,
163.5304,cer,SliderControl,Slider Control,49,199,0.00,0.00,None,N/A,
163.5399,cer,SliderControl,Slider Control,49,199,0.00,0.00,None,N/A,
163.5503,cer,SliderControl,Slider Control,49,199,0.00,0.00,None,N/A,
163.5602,cer,SliderControl,Slider Control,49,199,0.00,0.00,None,N/A,
163.5705,cer,SliderControl,Slider Control,49,199,0.00,0.00,None,N/A,
163.5801,cer,SliderControl,Slider Control,49,199,0.00,0.00,None,N/A,
163.5898,cer,SliderControl,Slider Control,49,199,0.00,0.00,None,N/A,
163.6003,cer,SliderControl,Slider Control,49,199,0.00,0.00,None,N/A,
163.6108,cer,SliderControl,Slider Control,49,199,0.00,0.00,None,N/A,
163.6205,cer,SliderControl,Slider Control,49,199,0.00,0.00,None,N/A,
163.6301,cer,SliderControl,Slider Control,49,199,0.00,0.00,None,N/A,
163.6410,cer,SliderControl,Slider Control,49,199,0.00,0.00,None,N/A,
163.6510,cer,SliderControl,Slider Control,49,199,0.00,0.00,None,N/A,
163.6606,cer,SliderControl,Slider Control,49,199,0.00,0.00,None,N/A,
163.6700,cer,SliderControl,Slider Control,49,199,0.00,0.00,None,N/A,
163.6805,cer,SliderControl,Slider Control,49,199,0.00,0.00,None,N/A,
163.6900,cer,SliderControl,Slider Control,49,199,0.00,0.00,None,N/A,
163.7006,cer,SliderControl,Slider Control,49,199,0.00,0.00,None,N/A,
163.7102,cer,SliderControl,Slider Control,49,199,0.00,0.00,None,N/A,
163.7207,cer,SliderControl,Slider Control,49,199,0.00,0.00,None,N/A,
163.7301,cer,SliderControl,Slider Control,49,199,0.00,0.00,None,N/A,
163.7407,cer,SliderControl,Slider Control,49,199,0.00,0.00,None,N/A,
163.7502,cer,SliderControl,Slider Control,49,199,0.00,0.00,None,N/A,
163.7603,cer,SliderControl,Slider Control,49,199,0.00,0.00,None,N/A,
163.7704,cer,SliderControl,Slider Control,49,199,0.00,0.00,None,N/A,
163.7799,cer,SliderControl,Slider Control,49,199,0.00,0.00,None,N/A,
163.7908,cer,SliderControl,Slider Control,49,199,0.00,0.00,None,N/A,
163.8005,cer,SliderControl,Slider Control,49,199,0.00,0.00,None,N/A,
163.8102,cer,SliderControl,Slider Control,49,199,0.00,0.00,None,N/A,
163.8198,cer,SliderControl,Slider Control,49,199,0.00,0.00,None,N/A,
163.8303,cer,SliderControl,Slider Control,49,199,0.00,0.00,None,N/A,
163.8399,cer,SliderControl,Slider Control,49,199,0.00,0.00,None,N/A,
163.8504,cer,SliderControl,Slider Control,49,199,0.00,0.00,None,N/A,
163.8599,cer,SliderControl,Slider Control,49,199,0.00,0.00,None,N/A,
163.8703,cer,SliderControl,Slider Control,49,199,0.00,0.00,None,N/A,
163.8799,cer,SliderControl,Slider Control,49,199,0.00,0.00,None,N/A,
163.8905,cer,SliderControl,Slider Control,49,199,0.00,0.00,None,N/A,
163.9005,cer,SliderControl,Slider Control,49,199,0.00,0.00,None,N/A,
163.9099,cer,SliderControl,Slider Control,49,199,0.00,0.00,None,N/A,
163.9202,cer,SliderControl,Slider Control,49,199,0.00,0.00,None,N/A,
163.9307,cer,SliderControl,Slider Control,49,199,0.00,0.00,None,N/A,
163.9403,cer,SliderControl,Slider Control,49,199,0.00,0.00,None,N/A,
163.9499,cer,SliderControl,Slider Control,49,199,0.00,0.00,None,N/A,
163.9610,cer,SliderControl,Slider Control,49,199,0.00,0.00,None,N/A,
163.9706,cer,SliderControl,Slider Control,49,199,0.00,0.00,None,N/A,
163.9802,cer,SliderControl,Slider Control,49,199,0.00,0.00,None,N/A,
163.9898,cer,SliderControl,Slider Control,49,199,0.00,0.00,None,N/A,
164.0003,cer,SliderControl,Slider Control,49,199,0.00,0.00,None,N/A,
164.0102,cer,SliderControl,Slider Control,49,199,0.00,0.00,None,N/A,
164.0199,cer,SliderControl,Slider Control,49,199,0.00,0.00,None,N/A,
164.0304,cer,SliderControl,Slider Control,49,199,0.00,0.00,None,N/A,
164.0399,cer,SliderControl,Slider Control,49,199,0.00,0.00,None,N/A,
164.0504,cer,SliderControl,Slider Control,49,199,0.00,0.00,None,N/A,
164.0598,cer,SliderControl,Slider Control,49,199,0.00,0.00,None,N/A,
164.0702,cer,SliderControl,Slider Control,49,199,0.00,0.00,None,N/A,
164.0808,cer,SliderControl,Slider Control,49,199,0.00,0.00,None,N/A,
164.0907,cer,SliderControl,Slider Control,49,199,0.00,0.00,None,N/A,
164.1001,cer,SliderControl,Slider Control,49,199,0.00,0.00,None,N/A,
164.1106,cer,SliderControl,Slider Control,49,199,0.00,0.00,None,N/A,
164.1201,cer,SliderControl,Slider Control,49,199,0.00,0.00,None,N/A,
164.1307,cer,SliderControl,Slider Control,49,199,0.00,0.00,None,N/A,
164.1403,cer,SliderControl,Slider Control,49,199,0.00,0.00,None,N/A,
164.1507,cer,SliderControl,Slider Control,49,199,0.00,0.00,None,N/A,
164.1601,cer,SliderControl,Slider Control,49,199,0.00,0.00,None,N/A,
164.1706,cer,SliderControl,Slider Control,49,199,0.00,0.00,None,N/A,
164.1800,cer,SliderControl,Slider Control,49,199,0.00,0.00,None,N/A,
164.1906,cer,SliderControl,Slider Control,49,199,0.00,0.00,None,N/A,
164.2001,cer,SliderControl,Slider Control,49,199,0.00,0.00,None,N/A,
164.2106,cer,SliderControl,Slider Control,49,199,0.00,0.00,None,N/A,
164.2200,cer,SliderControl,Slider Control,49,199,0.00,0.00,None,N/A,
164.2306,cer,SliderControl,Slider Control,49,199,0.00,0.00,None,N/A,
164.2408,cer,SliderControl,Slider Control,49,199,0.00,0.00,None,N/A,
164.2504,cer,SliderControl,Slider Control,49,199,0.00,0.00,None,N/A,
164.2599,cer,SliderControl,Slider Control,49,199,0.00,0.00,None,N/A,
164.2703,cer,SliderControl,Slider Control,49,199,0.00,0.00,None,N/A,
164.2798,cer,SliderControl,Slider Control,49,199,0.00,0.00,None,N/A,
164.2904,cer,SliderControl,Slider Control,49,199,0.00,0.00,None,N/A,
164.2998,cer,SliderControl,Slider Control,49,199,0.00,0.00,None,N/A,
164.3103,cer,SliderControl,Slider Control,49,199,0.00,0.00,None,N/A,
164.3198,cer,SliderControl,Slider Control,49,199,0.00,0.00,None,N/A,
164.3303,cer,SliderControl,Slider Control,49,199,0.00,0.00,None,N/A,
164.3398,cer,SliderControl,Slider Control,49,199,0.00,0.00,None,N/A,
164.3503,cer,SliderControl,Slider Control,49,199,0.00,0.00,None,N/A,
164.3598,cer,SliderControl,Slider Control,49,199,0.00,0.00,None,N/A,
164.3702,cer,SliderControl,Slider Control,49,199,0.00,0.00,None,N/A,
164.3807,cer,SliderControl,Slider Control,49,199,0.00,0.00,None,N/A,
164.3903,cer,SliderControl,Slider Control,49,199,0.00,0.00,None,N/A,
164.3999,cer,SliderControl,Slider Control,49,199,0.00,0.00,None,N/A,
164.4104,cer,SliderControl,Slider Control,49,199,0.00,0.00,None,N/A,
164.4207,cer,SliderControl,Slider Control,49,199,0.00,0.00,None,N/A,
164.4303,cer,SliderControl,Slider Control,49,199,0.00,0.00,None,N/A,
164.4398,cer,SliderControl,Slider Control,49,199,0.00,0.00,None,N/A,
164.4503,cer,SliderControl,Slider Control,49,199,0.00,0.00,None,N/A,
164.4599,cer,SliderControl,Slider Control,49,199,0.00,0.00,None,N/A,
164.4706,cer,SliderControl,Slider Control,49,199,0.00,0.00,None,N/A,
164.4802,cer,SliderControl,Slider Control,49,199,0.00,0.00,None,N/A,
164.4898,cer,SliderControl,Slider Control,49,199,0.00,0.00,None,N/A,
164.5003,cer,SliderControl,Slider Control,49,199,0.00,0.00,None,N/A,
164.5098,cer,SliderControl,Slider Control,49,199,0.00,0.00,None,N/A,
164.5203,cer,SliderControl,Slider Control,49,199,0.00,0.00,None,N/A,
164.5307,cer,SliderControl,Slider Control,49,199,0.00,0.00,None,N/A,
164.5401,cer,SliderControl,Slider Control,49,199,0.00,0.00,None,N/A,
164.5506,cer,SliderControl,Slider Control,49,199,0.00,0.00,None,N/A,
164.5602,cer,SliderControl,Slider Control,49,199,0.00,0.00,None,N/A,
164.5702,cer,SliderControl,Slider Control,49,199,0.00,0.00,None,N/A,
164.5807,cer,SliderControl,Slider Control,49,199,0.00,0.00,None,N/A,
164.5903,cer,SliderControl,Slider Control,49,199,0.00,0.00,None,N/A,
164.5999,cer,SliderControl,Slider Control,49,199,0.00,0.00,None,N/A,
164.6103,cer,SliderControl,Slider Control,49,199,0.00,0.00,None,N/A,
164.6207,cer,SliderControl,Slider Control,49,199,0.00,0.00,None,N/A,
164.6303,cer,SliderControl,Slider Control,49,199,0.00,0.00,None,N/A,
164.6399,cer,SliderControl,Slider Control,49,199,0.00,0.00,None,N/A,
164.6505,cer,SliderControl,Slider Control,49,199,0.00,0.00,None,N/A,
164.6600,cer,SliderControl,Slider Control,49,199,0.00,0.00,None,N/A,
164.6706,cer,SliderControl,Slider Control,49,199,0.00,0.00,None,N/A,
164.6801,cer,SliderControl,Slider Control,49,199,0.00,0.00,None,N/A,
164.6905,cer,SliderControl,Slider Control,49,199,0.00,0.00,None,N/A,
164.7003,cer,SliderControl,Slider Control,49,199,0.00,0.00,None,N/A,
164.7103,cer,SliderControl,Slider Control,49,199,0.00,0.00,None,N/A,
164.7201,cer,SliderControl,Slider Control,49,199,0.00,0.00,None,N/A,
164.7307,cer,SliderControl,Slider Control,49,199,0.00,0.00,None,N/A,
164.7407,cer,SliderControl,Slider Control,49,199,0.00,0.00,None,N/A,
164.7503,cer,SliderControl,Slider Control,49,199,0.00,0.00,None,N/A,
164.7603,cer,SliderControl,Slider Control,49,199,0.00,0.00,None,N/A,
164.7710,cer,SliderControl,Slider Control,49,199,0.00,0.00,None,N/A,
164.7806,cer,SliderControl,Slider Control,49,199,0.00,0.00,None,N/A,
164.7906,cer,SliderControl,Slider Control,49,199,0.00,0.00,None,N/A,
164.8003,cer,SliderControl,Slider Control,49,199,0.00,0.00,None,N/A,
164.8099,cer,SliderControl,Slider Control,49,199,0.00,0.00,None,N/A,
164.8204,cer,SliderControl,Slider Control,49,199,0.00,0.00,None,N/A,
164.8300,cer,SliderControl,Slider Control,49,199,0.00,0.00,None,N/A,
164.8405,cer,SliderControl,Slider Control,49,199,0.00,0.00,None,N/A,
164.8500,cer,SliderControl,Slider Control,49,199,0.00,0.00,None,N/A,
164.8604,cer,SliderControl,Slider Control,49,199,0.00,0.00,None,N/A,
164.8698,cer,SliderControl,Slider Control,49,199,0.00,0.00,None,N/A,
164.8803,cer,SliderControl,Slider Control,49,199,0.00,0.00,None,N/A,
164.8899,cer,SliderControl,Slider Control,49,199,0.00,0.00,None,N/A,
164.9004,cer,SliderControl,Slider Control,49,199,0.00,0.00,None,N/A,
164.9099,cer,SliderControl,Slider Control,49,199,0.00,0.00,None,N/A,
164.9204,cer,SliderControl,Slider Control,49,199,0.00,0.00,None,N/A,
164.9299,cer,SliderControl,Slider Control,49,199,0.00,0.00,None,N/A,
164.9404,cer,SliderControl,Slider Control,49,199,0.00,0.00,None,N/A,
164.9498,cer,SliderControl,Slider Control,49,199,0.00,0.00,None,N/A,
164.9603,cer,SliderControl,Slider Control,49,199,0.00,0.00,None,N/A,
164.9707,cer,SliderControl,Slider Control,49,199,0.00,0.00,None,N/A,
164.9802,cer,SliderControl,Slider Control,49,199,0.00,0.00,None,N/A,
164.9908,cer,SliderControl,Slider Control,49,199,0.00,0.00,None,N/A,
165.0003,cer,SliderControl,Slider Control,49,199,0.00,0.00,None,N/A,
165.0101,cer,SliderControl,Slider Control,49,199,0.00,0.00,None,N/A,
165.0206,cer,SliderControl,Slider Control,49,199,0.00,0.00,None,N/A,
165.0301,cer,SliderControl,Slider Control,49,199,0.00,0.00,None,N/A,
165.0406,cer,SliderControl,Slider Control,49,199,0.00,0.00,None,N/A,
165.0502,cer,SliderControl,Slider Control,49,199,0.00,0.00,None,N/A,
165.0607,cer,SliderControl,Slider Control,49,199,0.00,0.00,None,N/A,
165.0702,cer,SliderControl,Slider Control,49,199,0.00,0.00,None,N/A,
165.0798,cer,SliderControl,Slider Control,49,199,0.00,0.00,None,N/A,
165.0905,cer,SliderControl,Slider Control,49,199,0.00,0.00,None,N/A,
165.1000,cer,SliderControl,Slider Control,49,199,0.00,0.00,None,N/A,
165.1106,cer,SliderControl,Slider Control,49,199,0.00,0.00,None,N/A,
165.1201,cer,SliderControl,Slider Control,49,199,0.00,0.00,None,N/A,
165.1318,cer,SliderControl,Slider Control,49,199,0.00,0.00,None,N/A,
165.1404,cer,SliderControl,Slider Control,49,199,0.00,0.00,None,N/A,
165.1498,cer,SliderControl,Slider Control,49,199,0.00,0.00,None,N/A,
165.1602,cer,SliderControl,Slider Control,49,199,0.00,0.00,None,N/A,
165.1706,cer,SliderControl,Slider Control,49,199,0.00,0.00,None,N/A,
165.1801,cer,SliderControl,Slider Control,49,199,0.00,0.00,None,N/A,
165.1898,cer,SliderControl,Slider Control,49,199,0.00,0.00,None,N/A,
165.2003,cer,SliderControl,Slider Control,49,199,0.00,0.00,None,N/A,
165.2098,cer,SliderControl,Slider Control,49,199,0.00,0.00,None,N/A,
165.2202,cer,SliderControl,Slider Control,49,199,0.00,0.00,None,N/A,
165.2302,cer,SliderControl,Slider Control,49,199,0.00,0.00,None,N/A,
165.2407,cer,SliderControl,Slider Control,49,199,0.00,0.00,None,N/A,
165.2501,cer,SliderControl,Slider Control,49,199,0.00,0.00,None,N/A,
165.2606,cer,SliderControl,Slider Control,49,199,0.00,0.00,None,N/A,
165.2702,cer,SliderControl,Slider Control,49,199,0.00,0.00,None,N/A,
165.2808,cer,SliderControl,Slider Control,49,199,0.00,0.00,None,N/A,
165.2903,cer,SliderControl,Slider Control,49,199,0.00,0.00,None,N/A,
165.2998,cer,SliderControl,Slider Control,49,199,0.00,0.00,None,N/A,
165.3102,cer,SliderControl,Slider Control,49,199,0.00,0.00,None,N/A,
165.3206,cer,SliderControl,Slider Control,49,199,0.00,0.00,None,N/A,
165.3301,cer,SliderControl,Slider Control,49,199,0.00,0.00,None,N/A,
165.3407,cer,SliderControl,Slider Control,49,199,0.00,0.00,None,N/A,
165.3502,cer,SliderControl,Slider Control,49,199,0.00,0.00,None,N/A,
165.3607,cer,SliderControl,Slider Control,49,199,0.00,0.00,None,N/A,
165.3701,cer,SliderControl,Slider Control,49,199,0.00,0.00,None,N/A,
165.3806,cer,SliderControl,Slider Control,49,199,0.00,0.00,None,N/A,
165.3902,cer,SliderControl,Slider Control,49,199,0.00,0.00,None,N/A,
165.4007,cer,SliderControl,Slider Control,49,199,0.00,0.00,None,N/A,
165.4102,cer,SliderControl,Slider Control,49,199,0.00,0.00,None,N/A,
165.4205,cer,SliderControl,Slider Control,49,199,0.00,0.00,None,N/A,
165.4300,cer,SliderControl,Slider Control,49,199,0.00,0.00,None,N/A,
165.4407,cer,SliderControl,Slider Control,49,199,0.00,0.00,None,N/A,
165.4502,cer,SliderControl,Slider Control,49,199,0.00,0.00,None,N/A,
165.4607,cer,SliderControl,Slider Control,49,199,0.00,0.00,None,N/A,
165.4701,cer,SliderControl,Slider Control,49,199,0.00,0.00,None,N/A,
165.4806,cer,SliderControl,Slider Control,49,199,0.00,0.00,None,N/A,
165.4901,cer,SliderControl,Slider Control,49,199,0.00,0.00,None,N/A,
165.5006,cer,SliderControl,Slider Control,49,199,0.00,0.00,None,N/A,
165.5100,cer,SliderControl,Slider Control,49,199,0.00,0.00,None,N/A,
165.5204,cer,SliderControl,Slider Control,49,199,0.00,0.00,None,N/A,
165.5300,cer,SliderControl,Slider Control,49,199,0.00,0.00,None,N/A,
165.5405,cer,SliderControl,Slider Control,49,199,0.00,0.00,None,N/A,
165.5500,cer,SliderControl,Slider Control,49,199,0.00,0.00,None,N/A,
165.5605,cer,SliderControl,Slider Control,49,199,0.00,0.00,None,N/A,
165.5701,cer,SliderControl,Slider Control,49,199,0.00,0.00,None,N/A,
165.5806,cer,SliderControl,Slider Control,49,199,0.00,0.00,None,N/A,
165.5902,cer,SliderControl,Slider Control,49,199,0.00,0.00,None,N/A,
165.6007,cer,SliderControl,Slider Control,49,199,0.00,0.00,None,N/A,
165.6102,cer,SliderControl,Slider Control,49,199,0.00,0.00,None,N/A,
165.6206,cer,SliderControl,Slider Control,49,199,0.00,0.00,None,N/A,
165.6300,cer,SliderControl,Slider Control,49,199,0.00,0.00,None,N/A,
165.6406,cer,SliderControl,Slider Control,49,199,0.00,0.00,None,N/A,
165.6502,cer,SliderControl,Slider Control,49,199,0.00,0.00,None,N/A,
165.6607,cer,SliderControl,Slider Control,49,199,0.00,0.00,None,N/A,
165.6703,cer,SliderControl,Slider Control,49,199,0.00,0.00,None,N/A,
165.6807,cer,SliderControl,Slider Control,49,199,0.00,0.00,None,N/A,
165.6906,cer,SliderControl,Slider Control,49,199,0.00,0.00,None,N/A,
165.7002,cer,SliderControl,Slider Control,49,199,0.00,0.00,None,N/A,
165.7098,cer,SliderControl,Slider Control,49,199,0.00,0.00,None,N/A,
165.7208,cer,SliderControl,Slider Control,49,199,0.00,0.00,None,N/A,
165.7305,cer,SliderControl,Slider Control,49,199,0.00,0.00,None,N/A,
165.7405,cer,SliderControl,Slider Control,49,199,0.00,0.00,None,N/A,
165.7500,cer,SliderControl,Slider Control,49,199,0.00,0.00,None,N/A,
165.7606,cer,SliderControl,Slider Control,49,199,0.00,0.00,None,N/A,
165.7701,cer,SliderControl,Slider Control,49,199,0.00,0.00,None,N/A,
165.7806,cer,SliderControl,Slider Control,49,199,0.00,0.00,None,N/A,
165.7901,cer,SliderControl,Slider Control,49,199,0.00,0.00,None,N/A,
165.8007,cer,SliderControl,Slider Control,49,199,0.00,0.00,None,N/A,
165.8102,cer,SliderControl,Slider Control,49,199,0.00,0.00,None,N/A,
165.8207,cer,SliderControl,Slider Control,49,199,0.00,0.00,None,N/A,
165.8304,cer,SliderControl,Slider Control,49,199,0.00,0.00,None,N/A,
165.8403,cer,SliderControl,Slider Control,49,199,0.00,0.00,None,N/A,
165.8500,cer,SliderControl,Slider Control,49,199,0.00,0.00,None,N/A,
165.8607,cer,SliderControl,Slider Control,49,199,0.00,0.00,None,N/A,
165.8704,cer,SliderControl,Slider Control,49,199,0.00,0.00,None,N/A,
165.8798,cer,SliderControl,Slider Control,49,199,0.00,0.00,None,N/A,
165.8904,cer,SliderControl,Slider Control,49,199,0.00,0.00,None,N/A,
165.8999,cer,SliderControl,Slider Control,49,199,0.00,0.00,None,N/A,
165.9104,cer,SliderControl,Slider Control,49,199,0.00,0.00,None,N/A,
165.9198,cer,SliderControl,Slider Control,49,199,0.00,0.00,None,N/A,
165.9303,cer,SliderControl,Slider Control,49,199,0.00,0.00,None,N/A,
165.9399,cer,SliderControl,Slider Control,49,199,0.00,0.00,None,N/A,
165.9505,cer,SliderControl,Slider Control,49,199,0.00,0.00,None,N/A,
165.9600,cer,SliderControl,Slider Control,49,199,0.00,0.00,None,N/A,
165.9704,cer,SliderControl,Slider Control,49,199,0.00,0.00,None,N/A,
165.9799,cer,SliderControl,Slider Control,49,199,0.00,0.00,None,N/A,
165.9905,cer,SliderControl,Slider Control,49,199,0.00,0.00,None,N/A,
166.0001,cer,SliderControl,Slider Control,49,199,0.00,0.00,None,N/A,
166.0109,cer,SliderControl,Slider Control,49,199,0.00,0.00,None,N/A,
166.0205,cer,SliderControl,Slider Control,49,199,0.00,0.00,None,N/A,
166.0300,cer,SliderControl,Slider Control,49,199,0.00,0.00,None,N/A,
166.0406,cer,SliderControl,Slider Control,49,199,0.00,0.00,None,N/A,
166.0501,cer,SliderControl,Slider Control,49,199,0.00,0.00,None,N/A,
166.0608,cer,SliderControl,Slider Control,49,199,0.00,0.00,None,N/A,
166.0705,cer,SliderControl,Slider Control,49,199,0.00,0.00,None,N/A,
166.0800,cer,SliderControl,Slider Control,49,199,0.00,0.00,None,N/A,
166.0906,cer,SliderControl,Slider Control,49,199,0.00,0.00,None,N/A,
166.1001,cer,SliderControl,Slider Control,49,199,0.00,0.00,None,N/A,
166.1106,cer,SliderControl,Slider Control,49,199,0.00,0.00,None,N/A,
166.1201,cer,SliderControl,Slider Control,49,199,0.00,0.00,None,N/A,
166.1305,cer,SliderControl,Slider Control,49,199,0.00,0.00,None,N/A,
166.1402,cer,SliderControl,Slider Control,49,199,0.00,0.00,None,N/A,
166.1500,cer,SliderControl,Slider Control,49,199,0.00,0.00,None,N/A,
166.1604,cer,SliderControl,Slider Control,49,199,0.00,0.00,None,N/A,
166.1698,cer,SliderControl,Slider Control,49,199,0.00,0.00,None,N/A,
166.1803,cer,SliderControl,Slider Control,49,199,0.00,0.00,None,N/A,
166.1899,cer,SliderControl,Slider Control,49,199,0.00,0.00,None,N/A,
166.2005,cer,SliderControl,Slider Control,49,199,0.00,0.00,None,N/A,
166.2099,cer,SliderControl,Slider Control,49,199,0.00,0.00,None,N/A,
166.2203,cer,SliderControl,Slider Control,49,199,0.00,0.00,None,N/A,
166.2298,cer,SliderControl,Slider Control,49,199,0.00,0.00,None,N/A,
166.2404,cer,SliderControl,Slider Control,49,199,0.00,0.00,None,N/A,
166.2499,cer,SliderControl,Slider Control,49,199,0.00,0.00,None,N/A,
166.2604,cer,SliderControl,Slider Control,49,199,0.00,0.00,None,N/A,
166.2700,cer,SliderControl,Slider Control,49,199,0.00,0.00,None,N/A,
166.2804,cer,SliderControl,Slider Control,49,199,0.00,0.00,None,N/A,
166.2899,cer,SliderControl,Slider Control,49,199,0.00,0.00,None,N/A,
166.3005,cer,SliderControl,Slider Control,49,199,0.00,0.00,None,N/A,
166.3100,cer,SliderControl,Slider Control,49,199,0.00,0.00,None,N/A,
166.3205,cer,SliderControl,Slider Control,49,199,0.00,0.00,None,N/A,
166.3301,cer,SliderControl,Slider Control,49,199,0.00,0.00,None,N/A,
166.3408,cer,SliderControl,Slider Control,49,199,0.00,0.00,None,N/A,
166.3503,cer,SliderControl,Slider Control,49,199,0.00,0.00,None,N/A,
166.3602,cer,SliderControl,Slider Control,49,199,0.00,0.00,None,N/A,
166.3706,cer,SliderControl,Slider Control,49,199,0.00,0.00,None,N/A,
166.3800,cer,SliderControl,Slider Control,49,199,0.00,0.00,None,N/A,
166.3906,cer,SliderControl,Slider Control,49,199,0.00,0.00,None,N/A,
166.4000,cer,SliderControl,Slider Control,49,199,0.00,0.00,None,N/A,
166.4105,cer,SliderControl,Slider Control,49,199,0.00,0.00,None,N/A,
166.4201,cer,SliderControl,Slider Control,49,199,0.00,0.00,None,N/A,
166.4305,cer,SliderControl,Slider Control,49,199,0.00,0.00,None,N/A,
166.4402,cer,SliderControl,Slider Control,49,199,0.00,0.00,None,N/A,
166.4506,cer,SliderControl,Slider Control,49,199,0.00,0.00,None,N/A,
166.4601,cer,SliderControl,Slider Control,49,199,0.00,0.00,None,N/A,
166.4708,cer,SliderControl,Slider Control,49,199,0.00,0.00,None,N/A,
166.4804,cer,SliderControl,Slider Control,49,199,0.00,0.00,None,N/A,
166.4900,cer,SliderControl,Slider Control,49,199,0.00,0.00,None,N/A,
166.5005,cer,SliderControl,Slider Control,49,199,0.00,0.00,None,N/A,
166.5098,cer,SliderControl,Slider Control,49,199,0.00,0.00,None,N/A,
166.5202,cer,SliderControl,Slider Control,49,199,0.00,0.00,None,N/A,
166.5307,cer,SliderControl,Slider Control,49,199,0.00,0.00,None,N/A,
166.5406,cer,SliderControl,Slider Control,49,199,0.00,0.00,None,N/A,
166.5500,cer,SliderControl,Slider Control,49,199,0.00,0.00,None,N/A,
166.5605,cer,SliderControl,Slider Control,49,199,0.00,0.00,None,N/A,
166.5701,cer,SliderControl,Slider Control,49,199,0.00,0.00,None,N/A,
166.5807,cer,SliderControl,Slider Control,49,199,0.00,0.00,None,N/A,
166.5907,cer,SliderControl,Slider Control,49,199,0.00,0.00,None,N/A,
166.6001,cer,SliderControl,Slider Control,49,199,0.00,0.00,None,N/A,
166.6106,cer,SliderControl,Slider Control,49,199,0.00,0.00,None,N/A,
166.6199,cer,SliderControl,Slider Control,49,199,0.00,0.00,None,N/A,
166.6305,cer,SliderControl,Slider Control,49,199,0.00,0.00,None,N/A,
166.6401,cer,SliderControl,Slider Control,49,199,0.00,0.00,None,N/A,
166.6507,cer,SliderControl,Slider Control,49,199,0.00,0.00,None,N/A,
166.6604,cer,SliderControl,Slider Control,49,199,0.00,0.00,None,N/A,
166.6700,cer,SliderControl,Slider Control,49,199,0.00,0.00,None,N/A,
166.6805,cer,SliderControl,Slider Control,49,199,0.00,0.00,None,N/A,
166.6901,cer,SliderControl,Slider Control,49,199,0.00,0.00,None,N/A,
166.7007,cer,SliderControl,Slider Control,49,199,0.00,0.00,None,N/A,
166.7107,cer,SliderControl,Slider Control,49,199,0.00,0.00,None,N/A,
166.7203,cer,SliderControl,Slider Control,49,199,0.00,0.00,None,N/A,
166.7308,cer,SliderControl,Slider Control,49,199,0.00,0.00,None,N/A,
166.7402,cer,SliderControl,Slider Control,49,199,0.00,0.00,None,N/A,
166.7506,cer,SliderControl,Slider Control,49,199,0.00,0.00,None,N/A,
166.7601,cer,SliderControl,Slider Control,49,199,0.00,0.00,None,N/A,
166.7707,cer,SliderControl,Slider Control,49,199,0.00,0.00,None,N/A,
166.7804,cer,SliderControl,Slider Control,49,199,0.00,0.00,None,N/A,
166.7901,cer,SliderControl,Slider Control,49,199,0.00,0.00,None,N/A,
166.8012,cer,SliderControl,Slider Control,49,199,0.00,0.00,None,N/A,
166.8105,cer,SliderControl,Slider Control,49,199,0.00,0.00,None,N/A,
166.8202,cer,SliderControl,Slider Control,49,199,0.00,0.00,None,N/A,
166.8307,cer,SliderControl,Slider Control,49,199,0.00,0.00,None,N/A,
166.8406,cer,SliderControl,Slider Control,49,199,0.00,0.00,None,N/A,
166.8503,cer,SliderControl,Slider Control,49,199,0.00,0.00,None,N/A,
166.8608,cer,SliderControl,Slider Control,49,199,0.00,0.00,None,N/A,
166.8704,cer,SliderControl,Slider Control,49,199,0.00,0.00,None,N/A,
166.8799,cer,SliderControl,Slider Control,49,199,0.00,0.00,None,N/A,
166.8906,cer,SliderControl,Slider Control,49,199,0.00,0.00,None,N/A,
166.9001,cer,SliderControl,Slider Control,49,199,0.00,0.00,None,N/A,
166.9106,cer,SliderControl,Slider Control,49,199,0.00,0.00,None,N/A,
166.9202,cer,SliderControl,Slider Control,49,199,0.00,0.00,None,N/A,
166.9307,cer,SliderControl,Slider Control,49,199,0.00,0.00,None,N/A,
166.9404,cer,SliderControl,Slider Control,49,199,0.00,0.00,None,N/A,
166.9500,cer,SliderControl,Slider Control,49,199,0.00,0.00,None,N/A,
166.9608,cer,SliderControl,Slider Control,49,199,0.00,0.00,None,N/A,
166.9704,cer,SliderControl,Slider Control,49,199,0.00,0.00,None,N/A,
166.9799,cer,SliderControl,Slider Control,49,199,0.00,0.00,None,N/A,
166.9904,cer,SliderControl,Slider Control,49,199,0.00,0.00,None,N/A,
167.1319,cer,SliderControl,Slider Control,49,199,0.00,0.00,None,N/A,
167.1428,cer,SliderControl,Slider Control,49,199,0.00,0.00,None,N/A,
167.1523,cer,SliderControl,Slider Control,49,199,0.00,0.00,None,N/A,
167.1628,cer,SliderControl,Slider Control,49,199,0.00,0.00,None,N/A,
167.1724,cer,SliderControl,Slider Control,49,199,0.00,0.00,None,N/A,
167.1829,cer,SliderControl,Slider Control,49,199,0.00,0.00,None,N/A,
167.1923,cer,SliderControl,Slider Control,49,199,0.00,0.00,None,N/A,
167.2027,cer,SliderControl,Slider Control,49,199,0.00,0.00,None,N/A,
167.2122,cer,SliderControl,Slider Control,49,199,0.00,0.00,None,N/A,
167.2225,cer,SliderControl,Slider Control,49,199,0.00,0.00,None,N/A,
167.2330,cer,SliderControl,Slider Control,49,199,0.00,0.00,None,N/A,
167.2424,cer,SliderControl,Slider Control,49,199,0.00,0.00,None,N/A,
167.2528,cer,SliderControl,Slider Control,49,199,0.00,0.00,None,N/A,
167.2623,cer,SliderControl,Slider Control,49,199,0.00,0.00,None,N/A,
167.2729,cer,SliderControl,Slider Control,49,199,0.00,0.00,None,N/A,
167.2824,cer,SliderControl,Slider Control,49,199,0.00,0.00,None,N/A,
167.2929,cer,SliderControl,Slider Control,49,199,0.00,0.00,None,N/A,
167.3024,cer,SliderControl,Slider Control,49,199,0.00,0.00,None,N/A,
167.3129,cer,SliderControl,Slider Control,49,199,0.00,0.00,None,N/A,
167.3225,cer,SliderControl,Slider Control,49,199,0.00,0.00,None,N/A,
167.3321,cer,SliderControl,Slider Control,49,199,0.00,0.00,None,N/A,
167.3427,cer,SliderControl,Slider Control,49,199,0.00,0.00,None,N/A,
167.3523,cer,SliderControl,Slider Control,49,199,0.00,0.00,None,N/A,
167.3628,cer,SliderControl,Slider Control,49,199,0.00,0.00,None,N/A,
167.3725,cer,SliderControl,Slider Control,49,199,0.00,0.00,None,N/A,
167.3829,cer,SliderControl,Slider Control,49,199,0.00,0.00,None,N/A,
167.3925,cer,SliderControl,Slider Control,49,199,0.00,0.00,None,N/A,
167.4023,cer,SliderControl,Slider Control,49,199,0.00,0.00,None,N/A,
167.4122,cer,SliderControl,Slider Control,49,199,0.00,0.00,None,N/A,
167.4227,cer,SliderControl,Slider Control,49,199,0.00,0.00,None,N/A,
167.4321,cer,SliderControl,Slider Control,49,199,0.00,0.00,None,N/A,
167.4426,cer,SliderControl,Slider Control,49,199,0.00,0.00,None,N/A,
167.4521,cer,SliderControl,Slider Control,49,199,0.00,0.00,None,N/A,
167.4625,cer,SliderControl,Slider Control,49,199,0.00,0.00,None,N/A,
167.4721,cer,SliderControl,Slider Control,49,199,0.00,0.00,None,N/A,
167.4826,cer,SliderControl,Slider Control,49,199,0.00,0.00,None,N/A,
167.4921,cer,SliderControl,Slider Control,49,199,0.00,0.00,None,N/A,
167.5025,cer,SliderControl,Slider Control,49,199,0.00,0.00,None,N/A,
167.5130,cer,SliderControl,Slider Control,49,199,0.00,0.00,None,N/A,
167.5229,cer,SliderControl,Slider Control,49,199,0.00,0.00,None,N/A,
167.5324,cer,SliderControl,Slider Control,49,199,0.00,0.00,None,N/A,
167.5429,cer,SliderControl,Slider Control,49,199,0.00,0.00,None,N/A,
167.5524,cer,SliderControl,Slider Control,49,199,0.00,0.00,None,N/A,
167.5629,cer,SliderControl,Slider Control,49,199,0.00,0.00,None,N/A,
167.5725,cer,SliderControl,Slider Control,49,199,0.00,0.00,None,N/A,
167.5829,cer,SliderControl,Slider Control,49,199,0.00,0.00,None,N/A,
167.5923,cer,SliderControl,Slider Control,49,199,0.00,0.00,None,N/A,
167.6027,cer,SliderControl,Slider Control,49,199,0.00,0.00,None,N/A,
167.6124,cer,SliderControl,Slider Control,49,199,0.00,0.00,None,N/A,
167.6225,cer,SliderControl,Slider Control,49,199,0.00,0.00,None,N/A,
167.6322,cer,SliderControl,Slider Control,49,199,0.00,0.00,None,N/A,
167.6431,cer,SliderControl,Slider Control,49,199,0.00,0.00,None,N/A,
167.6530,cer,SliderControl,Slider Control,49,199,0.00,0.00,None,N/A,
167.6626,cer,SliderControl,Slider Control,49,199,0.00,0.00,None,N/A,
167.6721,cer,SliderControl,Slider Control,49,199,0.00,0.00,None,N/A,
167.6827,cer,SliderControl,Slider Control,49,199,0.00,0.00,None,N/A,
167.6922,cer,SliderControl,Slider Control,49,199,0.00,0.00,None,N/A,
167.7026,cer,SliderControl,Slider Control,49,199,0.00,0.00,None,N/A,
167.7122,cer,SliderControl,Slider Control,49,199,0.00,0.00,None,N/A,
167.7227,cer,SliderControl,Slider Control,49,199,0.00,0.00,None,N/A,
167.7321,cer,SliderControl,Slider Control,49,199,0.00,0.00,None,N/A,
167.7424,cer,SliderControl,Slider Control,49,199,0.00,0.00,None,N/A,
167.7528,cer,SliderControl,Slider Control,49,199,0.00,0.00,None,N/A,
167.7626,cer,SliderControl,Slider Control,49,199,0.00,0.00,None,N/A,
167.7721,cer,SliderControl,Slider Control,49,199,0.00,0.00,None,N/A,
167.7827,cer,SliderControl,Slider Control,49,199,0.00,0.00,None,N/A,
167.7922,cer,SliderControl,Slider Control,49,199,0.00,0.00,None,N/A,
167.8028,cer,SliderControl,Slider Control,49,199,0.00,0.00,None,N/A,
167.8129,cer,SliderControl,Slider Control,49,199,0.00,0.00,None,N/A,
167.8224,cer,SliderControl,Slider Control,49,199,0.00,0.00,None,N/A,
167.8320,cer,SliderControl,Slider Control,49,199,0.00,0.00,None,N/A,
167.8429,cer,SliderControl,Slider Control,49,199,0.00,0.00,None,N/A,
167.8525,cer,SliderControl,Slider Control,49,199,0.00,0.00,None,N/A,
167.8621,cer,SliderControl,Slider Control,49,199,0.00,0.00,None,N/A,
167.8720,cer,SliderControl,Slider Control,49,199,0.00,0.00,None,N/A,
167.8825,cer,SliderControl,Slider Control,49,199,0.00,0.00,None,N/A,
167.8929,cer,SliderControl,Slider Control,49,199,0.00,0.00,None,N/A,
167.9023,cer,SliderControl,Slider Control,49,199,0.00,0.00,None,N/A,
167.9121,cer,SliderControl,Slider Control,49,199,0.00,0.00,None,N/A,
167.9227,cer,SliderControl,Slider Control,49,199,0.00,0.00,None,N/A,
167.9322,cer,SliderControl,Slider Control,49,199,0.00,0.00,None,N/A,
167.9426,cer,SliderControl,Slider Control,49,199,0.00,0.00,None,N/A,
167.9520,cer,SliderControl,Slider Control,49,199,0.00,0.00,None,N/A,
167.9625,cer,SliderControl,Slider Control,49,199,0.00,0.00,None,N/A,
167.9721,cer,SliderControl,Slider Control,49,199,0.00,0.00,None,N/A,
167.9826,cer,SliderControl,Slider Control,49,199,0.00,0.00,None,N/A,
167.9924,cer,SliderControl,Slider Control,49,199,0.00,0.00,None,N/A,
168.0030,cer,SliderControl,Slider Control,49,199,0.00,0.00,None,N/A,
168.0125,cer,SliderControl,Slider Control,49,199,0.00,0.00,None,N/A,
168.0221,cer,SliderControl,Slider Control,49,199,0.00,0.00,None,N/A,
168.0326,cer,SliderControl,Slider Control,49,199,0.00,0.00,None,N/A,
168.0420,cer,SliderControl,Slider Control,49,199,0.00,0.00,None,N/A,
168.0524,cer,SliderControl,Slider Control,49,199,0.00,0.00,None,N/A,
168.0629,cer,SliderControl,Slider Control,49,199,0.00,0.00,None,N/A,
168.0725,cer,SliderControl,Slider Control,49,199,0.00,0.00,None,N/A,
168.0830,cer,SliderControl,Slider Control,49,199,0.00,0.00,None,N/A,
168.0927,cer,SliderControl,Slider Control,49,199,0.00,0.00,None,N/A,
168.1023,cer,SliderControl,Slider Control,49,199,0.00,0.00,None,N/A,
168.1135,cer,SliderControl,Slider Control,49,199,0.00,0.00,None,N/A,
168.1224,cer,SliderControl,Slider Control,49,199,0.00,0.00,None,N/A,
168.1329,cer,SliderControl,Slider Control,49,199,0.00,0.00,None,N/A,
168.1427,cer,SliderControl,Slider Control,49,199,0.00,0.00,None,N/A,
168.1523,cer,SliderControl,Slider Control,49,199,0.00,0.00,None,N/A,
168.1628,cer,SliderControl,Slider Control,49,199,0.00,0.00,None,N/A,
168.1725,cer,SliderControl,Slider Control,49,199,0.00,0.00,None,N/A,
168.1830,cer,SliderControl,Slider Control,49,199,0.00,0.00,None,N/A,
168.1924,cer,SliderControl,Slider Control,49,199,0.00,0.00,None,N/A,
168.2028,cer,SliderControl,Slider Control,49,199,0.00,0.00,None,N/A,
168.2123,cer,SliderControl,Slider Control,49,199,0.00,0.00,None,N/A,
168.2229,cer,SliderControl,Slider Control,49,199,0.00,0.00,None,N/A,
168.2324,cer,SliderControl,Slider Control,49,199,0.00,0.00,None,N/A,
168.2423,cer,SliderControl,Slider Control,49,199,0.00,0.00,None,N/A,
168.2528,cer,SliderControl,Slider Control,49,199,0.00,0.00,None,N/A,
168.2624,cer,SliderControl,Slider Control,49,199,0.00,0.00,None,N/A,
168.2729,cer,SliderControl,Slider Control,49,199,0.00,0.00,None,N/A,
168.2824,cer,SliderControl,Slider Control,49,199,0.00,0.00,None,N/A,
168.2928,cer,SliderControl,Slider Control,49,199,0.00,0.00,None,N/A,
168.3022,cer,SliderControl,Slider Control,49,199,0.00,0.00,None,N/A,
168.3127,cer,SliderControl,Slider Control,49,199,0.00,0.00,None,N/A,
168.3222,cer,SliderControl,Slider Control,49,199,0.00,0.00,None,N/A,
168.3327,cer,SliderControl,Slider Control,49,199,0.00,0.00,None,N/A,
168.3421,cer,SliderControl,Slider Control,49,199,0.00,0.00,None,N/A,
168.3525,cer,SliderControl,Slider Control,49,199,0.00,0.00,None,N/A,
168.3629,cer,SliderControl,Slider Control,49,199,0.00,0.00,None,N/A,
168.3725,cer,SliderControl,Slider Control,49,199,0.00,0.00,None,N/A,
168.3829,cer,SliderControl,Slider Control,49,199,0.00,0.00,None,N/A,
168.3925,cer,SliderControl,Slider Control,49,199,0.00,0.00,None,N/A,
168.4027,cer,SliderControl,Slider Control,49,199,0.00,0.00,None,N/A,
168.4125,cer,SliderControl,Slider Control,49,199,0.00,0.00,None,N/A,
168.4224,cer,SliderControl,Slider Control,49,199,0.00,0.00,None,N/A,
168.4329,cer,SliderControl,Slider Control,49,199,0.00,0.00,None,N/A,
168.4424,cer,SliderControl,Slider Control,49,199,0.00,0.00,None,N/A,
168.4529,cer,SliderControl,Slider Control,49,199,0.00,0.00,None,N/A,
168.4625,cer,SliderControl,Slider Control,49,199,0.00,0.00,None,N/A,
168.4720,cer,SliderControl,Slider Control,49,199,0.00,0.00,None,N/A,
168.4826,cer,SliderControl,Slider Control,49,199,0.00,0.00,None,N/A,
168.4930,cer,SliderControl,Slider Control,49,199,0.00,0.00,None,N/A,
168.5024,cer,SliderControl,Slider Control,49,199,0.00,0.00,None,N/A,
168.5128,cer,SliderControl,Slider Control,49,199,0.00,0.00,None,N/A,
168.5224,cer,SliderControl,Slider Control,49,199,0.00,0.00,None,N/A,
168.5328,cer,SliderControl,Slider Control,49,199,0.00,0.00,None,N/A,
168.5423,cer,SliderControl,Slider Control,49,199,0.00,0.00,None,N/A,
168.5527,cer,SliderControl,Slider Control,49,199,0.00,0.00,None,N/A,
168.5623,cer,SliderControl,Slider Control,49,199,0.00,0.00,None,N/A,
168.5729,cer,SliderControl,Slider Control,49,199,0.00,0.00,None,N/A,
168.5825,cer,SliderControl,Slider Control,49,199,0.00,0.00,None,N/A,
168.5930,cer,SliderControl,Slider Control,49,199,0.00,0.00,None,N/A,
168.6022,cer,SliderControl,Slider Control,49,199,0.00,0.00,None,N/A,
168.6127,cer,SliderControl,Slider Control,49,199,0.00,0.00,None,N/A,
168.6226,cer,SliderControl,Slider Control,49,199,0.00,0.00,None,N/A,
168.6322,cer,SliderControl,Slider Control,49,199,0.00,0.00,None,N/A,
168.6431,cer,SliderControl,Slider Control,49,199,0.00,0.00,None,N/A,
168.6532,cer,SliderControl,Slider Control,49,199,0.00,0.00,None,N/A,
168.6628,cer,SliderControl,Slider Control,49,199,0.00,0.00,None,N/A,
168.6723,cer,SliderControl,Slider Control,49,199,0.00,0.00,None,N/A,
168.6828,cer,SliderControl,Slider Control,49,199,0.00,0.00,None,N/A,
168.6923,cer,SliderControl,Slider Control,49,199,0.00,0.00,None,N/A,
168.7028,cer,SliderControl,Slider Control,49,199,0.00,0.00,None,N/A,
168.7123,cer,SliderControl,Slider Control,49,199,0.00,0.00,None,N/A,
168.7229,cer,SliderControl,Slider Control,49,199,0.00,0.00,None,N/A,
168.7325,cer,SliderControl,Slider Control,49,199,0.00,0.00,None,N/A,
168.7425,cer,SliderControl,Slider Control,49,199,0.00,0.00,None,N/A,
168.7521,cer,SliderControl,Slider Control,49,199,0.00,0.00,None,N/A,
168.7628,cer,SliderControl,Slider Control,49,199,0.00,0.00,None,N/A,
168.7724,cer,SliderControl,Slider Control,49,199,0.00,0.00,None,N/A,
168.7821,cer,SliderControl,Slider Control,49,199,0.00,0.00,None,N/A,
168.7920,cer,SliderControl,Slider Control,49,199,0.00,0.00,None,N/A,
168.8025,cer,SliderControl,Slider Control,49,199,0.00,0.00,None,N/A,
168.8122,cer,SliderControl,Slider Control,49,199,0.00,0.00,None,N/A,
168.8228,cer,SliderControl,Slider Control,49,199,0.00,0.00,None,N/A,
168.8326,cer,SliderControl,Slider Control,49,199,0.00,0.00,None,N/A,
168.8423,cer,SliderControl,Slider Control,49,199,0.00,0.00,None,N/A,
168.8528,cer,SliderControl,Slider Control,49,199,0.00,0.00,None,N/A,
168.8623,cer,SliderControl,Slider Control,49,199,0.00,0.00,None,N/A,
168.8730,cer,SliderControl,Slider Control,49,199,0.00,0.00,None,N/A,
168.8825,cer,SliderControl,Slider Control,49,199,0.00,0.00,None,N/A,
168.8929,cer,SliderControl,Slider Control,49,199,0.00,0.00,None,N/A,
168.9022,cer,SliderControl,Slider Control,49,199,0.00,0.00,None,N/A,
168.9129,cer,SliderControl,Slider Control,49,199,0.00,0.00,None,N/A,
168.9225,cer,SliderControl,Slider Control,49,199,0.00,0.00,None,N/A,
168.9330,cer,SliderControl,Slider Control,49,199,0.00,0.00,None,N/A,
168.9424,cer,SliderControl,Slider Control,49,199,0.00,0.00,None,N/A,
168.9529,cer,SliderControl,Slider Control,49,199,0.00,0.00,None,N/A,
168.9624,cer,SliderControl,Slider Control,49,199,0.00,0.00,None,N/A,
168.9721,cer,SliderControl,Slider Control,49,199,0.00,0.00,None,N/A,
168.9826,cer,SliderControl,Slider Control,49,199,0.00,0.00,None,N/A,
168.9920,cer,SliderControl,Slider Control,49,199,0.00,0.00,None,N/A,
169.0024,cer,SliderControl,Slider Control,49,199,0.00,0.00,None,N/A,
169.0129,cer,SliderControl,Slider Control,49,199,0.00,0.00,None,N/A,
169.0225,cer,SliderControl,Slider Control,49,199,0.00,0.00,None,N/A,
169.0330,cer,SliderControl,Slider Control,49,199,0.00,0.00,None,N/A,
169.0424,cer,SliderControl,Slider Control,49,199,0.00,0.00,None,N/A,
169.0530,cer,SliderControl,Slider Control,49,199,0.00,0.00,None,N/A,
169.0626,cer,SliderControl,Slider Control,49,199,0.00,0.00,None,N/A,
169.0727,cer,SliderControl,Slider Control,49,199,0.00,0.00,None,N/A,
169.0822,cer,SliderControl,Slider Control,49,199,0.00,0.00,None,N/A,
169.0927,cer,SliderControl,Slider Control,49,199,0.00,0.00,None,N/A,
169.1021,cer,SliderControl,Slider Control,49,199,0.00,0.00,None,N/A,
169.1129,cer,SliderControl,Slider Control,49,199,0.00,0.00,None,N/A,
169.1225,cer,SliderControl,Slider Control,49,199,0.00,0.00,None,N/A,
169.1330,cer,SliderControl,Slider Control,49,199,0.00,0.00,None,N/A,
169.1424,cer,SliderControl,Slider Control,49,199,0.00,0.00,None,N/A,
169.1528,cer,SliderControl,Slider Control,49,199,0.00,0.00,None,N/A,
169.1623,cer,SliderControl,Slider Control,49,199,0.00,0.00,None,N/A,
169.1728,cer,SliderControl,Slider Control,49,199,0.00,0.00,None,N/A,
169.1823,cer,SliderControl,Slider Control,49,199,0.00,0.00,None,N/A,
169.1927,cer,SliderControl,Slider Control,49,199,0.00,0.00,None,N/A,
169.2028,cer,SliderControl,Slider Control,49,199,0.00,0.00,None,N/A,
169.2123,cer,SliderControl,Slider Control,49,199,0.00,0.00,None,N/A,
169.2229,cer,SliderControl,Slider Control,49,199,0.00,0.00,None,N/A,
169.2323,cer,SliderControl,Slider Control,49,199,0.00,0.00,None,N/A,
169.2431,cer,SliderControl,Slider Control,49,199,0.00,0.00,None,N/A,
169.2527,cer,SliderControl,Slider Control,49,199,0.00,0.00,None,N/A,
169.2622,cer,SliderControl,Slider Control,49,199,0.00,0.00,None,N/A,
169.2727,cer,SliderControl,Slider Control,49,199,0.00,0.00,None,N/A,
169.2822,cer,SliderControl,Slider Control,49,199,0.00,0.00,None,N/A,
169.2926,cer,SliderControl,Slider Control,49,199,0.00,0.00,None,N/A,
169.3029,cer,SliderControl,Slider Control,49,199,0.00,0.00,None,N/A,
169.3123,cer,SliderControl,Slider Control,49,199,0.00,0.00,None,N/A,
169.3230,cer,SliderControl,Slider Control,49,199,0.00,0.00,None,N/A,
169.3325,cer,SliderControl,Slider Control,49,199,0.00,0.00,None,N/A,
169.3429,cer,SliderControl,Slider Control,49,199,0.00,0.00,None,N/A,
169.3523,cer,SliderControl,Slider Control,49,199,0.00,0.00,None,N/A,
169.3628,cer,SliderControl,Slider Control,49,199,0.00,0.00,None,N/A,
169.3724,cer,SliderControl,Slider Control,49,199,0.00,0.00,None,N/A,
169.3829,cer,SliderControl,Slider Control,49,199,0.00,0.00,None,N/A,
169.3925,cer,SliderControl,Slider Control,49,199,0.00,0.00,None,N/A,
169.4021,cer,SliderControl,Slider Control,49,199,0.00,0.00,None,N/A,
169.4127,cer,SliderControl,Slider Control,49,199,0.00,0.00,None,N/A,
169.4229,cer,SliderControl,Slider Control,49,199,0.00,0.00,None,N/A,
169.4324,cer,SliderControl,Slider Control,49,199,0.00,0.00,None,N/A,
169.4428,cer,SliderControl,Slider Control,49,199,0.00,0.00,None,N/A,
169.4522,cer,SliderControl,Slider Control,49,199,0.00,0.00,None,N/A,
169.4627,cer,SliderControl,Slider Control,49,199,0.00,0.00,None,N/A,
169.4723,cer,SliderControl,Slider Control,49,199,0.00,0.00,None,N/A,
169.4828,cer,SliderControl,Slider Control,49,199,0.00,0.00,None,N/A,
169.4922,cer,SliderControl,Slider Control,49,199,0.00,0.00,None,N/A,
169.5026,cer,SliderControl,Slider Control,49,199,0.00,0.00,None,N/A,
169.5122,cer,SliderControl,Slider Control,49,199,0.00,0.00,None,N/A,
169.5228,cer,SliderControl,Slider Control,49,199,0.00,0.00,None,N/A,
169.5323,cer,SliderControl,Slider Control,49,199,0.00,0.00,None,N/A,
169.5425,cer,SliderControl,Slider Control,49,199,0.00,0.00,None,N/A,
169.5529,cer,SliderControl,Slider Control,49,199,0.00,0.00,None,N/A,
169.5624,cer,SliderControl,Slider Control,49,199,0.00,0.00,None,N/A,
169.5730,cer,SliderControl,Slider Control,49,199,0.00,0.00,None,N/A,
169.5825,cer,SliderControl,Slider Control,49,199,0.00,0.00,None,N/A,
169.5930,cer,SliderControl,Slider Control,49,199,0.00,0.00,None,N/A,
169.6025,cer,SliderControl,Slider Control,49,199,0.00,0.00,None,N/A,
169.6130,cer,SliderControl,Slider Control,49,199,0.00,0.00,None,N/A,
169.6225,cer,SliderControl,Slider Control,49,199,0.00,0.00,None,N/A,
169.6321,cer,SliderControl,Slider Control,49,199,0.00,0.00,None,N/A,
169.6426,cer,SliderControl,Slider Control,49,199,0.00,0.00,None,N/A,
169.6521,cer,SliderControl,Slider Control,49,199,0.00,0.00,None,N/A,
169.6627,cer,SliderControl,Slider Control,49,199,0.00,0.00,None,N/A,
169.6722,cer,SliderControl,Slider Control,49,199,0.00,0.00,None,N/A,
169.6828,cer,SliderControl,Slider Control,49,199,0.00,0.00,None,N/A,
169.6930,cer,SliderControl,Slider Control,49,199,0.00,0.00,None,N/A,
169.7031,cer,SliderControl,Slider Control,49,199,0.00,0.00,None,N/A,
169.7127,cer,SliderControl,Slider Control,49,199,0.00,0.00,None,N/A,
169.7229,cer,SliderControl,Slider Control,49,199,0.00,0.00,None,N/A,
169.7323,cer,SliderControl,Slider Control,49,199,0.00,0.00,None,N/A,
169.7432,cer,SliderControl,Slider Control,49,199,0.00,0.00,None,N/A,
169.7531,cer,SliderControl,Slider Control,49,199,0.00,0.00,None,N/A,
169.7627,cer,SliderControl,Slider Control,49,199,0.00,0.00,None,N/A,
169.7723,cer,SliderControl,Slider Control,49,199,0.00,0.00,None,N/A,
169.7832,cer,SliderControl,Slider Control,49,199,0.00,0.00,None,N/A,
169.7929,cer,SliderControl,Slider Control,49,199,0.00,0.00,None,N/A,
169.8025,cer,SliderControl,Slider Control,49,199,0.00,0.00,None,N/A,
169.8130,cer,SliderControl,Slider Control,49,199,0.00,0.00,None,N/A,
169.8226,cer,SliderControl,Slider Control,49,199,0.00,0.00,None,N/A,
169.8321,cer,SliderControl,Slider Control,49,199,0.00,0.00,None,N/A,
169.8429,cer,SliderControl,Slider Control,49,199,0.00,0.00,None,N/A,
169.8526,cer,SliderControl,Slider Control,49,199,0.00,0.00,None,N/A,
169.8621,cer,SliderControl,Slider Control,49,199,0.00,0.00,None,N/A,
169.8727,cer,SliderControl,Slider Control,49,199,0.00,0.00,None,N/A,
169.8823,cer,SliderControl,Slider Control,49,199,0.00,0.00,None,N/A,
169.8928,cer,SliderControl,Slider Control,49,199,0.00,0.00,None,N/A,
169.9022,cer,SliderControl,Slider Control,49,199,0.00,0.00,None,N/A,
169.9128,cer,SliderControl,Slider Control,49,199,0.00,0.00,None,N/A,
169.9224,cer,SliderControl,Slider Control,49,199,0.00,0.00,None,N/A,
169.9329,cer,SliderControl,Slider Control,49,199,0.00,0.00,None,N/A,
169.9423,cer,SliderControl,Slider Control,49,199,0.00,0.00,None,N/A,
169.9528,cer,SliderControl,Slider Control,49,199,0.00,0.00,None,N/A,
169.9623,cer,SliderControl,Slider Control,49,199,0.00,0.00,None,N/A,
169.9729,cer,SliderControl,Slider Control,49,199,0.00,0.00,None,N/A,
169.9824,cer,SliderControl,Slider Control,49,199,0.00,0.00,None,N/A,
169.9927,cer,SliderControl,Slider Control,49,199,0.00,0.00,None,N/A,
170.0021,cer,SliderControl,Slider Control,49,199,0.00,0.00,None,N/A,
170.0127,cer,SliderControl,Slider Control,49,199,0.00,0.00,None,N/A,
170.0224,cer,SliderControl,Slider Control,49,199,0.00,0.00,None,N/A,
170.0329,cer,SliderControl,Slider Control,49,199,0.00,0.00,None,N/A,
170.0424,cer,SliderControl,Slider Control,49,199,0.00,0.00,None,N/A,
170.0520,cer,SliderControl,Slider Control,49,199,0.00,0.00,None,N/A,
170.0629,cer,SliderControl,Slider Control,49,199,0.00,0.00,None,N/A,
170.0725,cer,SliderControl,Slider Control,49,199,0.00,0.00,None,N/A,
170.0830,cer,SliderControl,Slider Control,49,199,0.00,0.00,None,N/A,
170.0924,cer,SliderControl,Slider Control,49,199,0.00,0.00,None,N/A,
170.1029,cer,SliderControl,Slider Control,49,199,0.00,0.00,None,N/A,
170.1124,cer,SliderControl,Slider Control,49,199,0.00,0.00,None,N/A,
170.1230,cer,SliderControl,Slider Control,49,199,0.00,0.00,None,N/A,
170.1326,cer,SliderControl,Slider Control,49,199,0.00,0.00,None,N/A,
170.1422,cer,SliderControl,Slider Control,49,199,0.00,0.00,None,N/A,
170.1526,cer,SliderControl,Slider Control,49,199,0.00,0.00,None,N/A,
170.1621,cer,SliderControl,Slider Control,49,199,0.00,0.00,None,N/A,
170.1727,cer,SliderControl,Slider Control,49,199,0.00,0.00,None,N/A,
170.1821,cer,SliderControl,Slider Control,49,199,0.00,0.00,None,N/A,
170.1929,cer,SliderControl,Slider Control,49,199,0.00,0.00,None,N/A,
170.2026,cer,SliderControl,Slider Control,49,199,0.00,0.00,None,N/A,
170.2122,cer,SliderControl,Slider Control,49,199,0.00,0.00,None,N/A,
170.2227,cer,SliderControl,Slider Control,49,199,0.00,0.00,None,N/A,
170.2322,cer,SliderControl,Slider Control,49,199,0.00,0.00,None,N/A,
170.2431,cer,SliderControl,Slider Control,49,199,0.00,0.00,None,N/A,
170.2527,cer,SliderControl,Slider Control,49,199,0.00,0.00,None,N/A,
170.2622,cer,SliderControl,Slider Control,49,199,0.00,0.00,None,N/A,
170.2727,cer,SliderControl,Slider Control,49,199,0.00,0.00,None,N/A,
170.2822,cer,SliderControl,Slider Control,49,199,0.00,0.00,None,N/A,
170.2927,cer,SliderControl,Slider Control,49,199,0.00,0.00,None,N/A,
170.3023,cer,SliderControl,Slider Control,49,199,0.00,0.00,None,N/A,
170.3128,cer,SliderControl,Slider Control,49,199,0.00,0.00,None,N/A,
170.3227,cer,SliderControl,Slider Control,49,199,0.00,0.00,None,N/A,
170.3323,cer,SliderControl,Slider Control,49,199,0.00,0.00,None,N/A,
170.3431,cer,SliderControl,Slider Control,49,199,0.00,0.00,None,N/A,
170.3528,cer,SliderControl,Slider Control,49,199,0.00,0.00,None,N/A,
170.3621,cer,SliderControl,Slider Control,49,199,0.00,0.00,None,N/A,
170.3726,cer,SliderControl,Slider Control,49,199,0.00,0.00,None,N/A,
170.3822,cer,SliderControl,Slider Control,49,199,0.00,0.00,None,N/A,
170.3927,cer,SliderControl,Slider Control,49,199,0.00,0.00,None,N/A,
170.4023,cer,SliderControl,Slider Control,49,199,0.00,0.00,None,N/A,
170.4129,cer,SliderControl,Slider Control,49,199,0.00,0.00,None,N/A,
170.4225,cer,SliderControl,Slider Control,49,199,0.00,0.00,None,N/A,
170.4330,cer,SliderControl,Slider Control,49,199,0.00,0.00,None,N/A,
170.4424,cer,SliderControl,Slider Control,49,199,0.00,0.00,None,N/A,
170.4528,cer,SliderControl,Slider Control,49,199,0.00,0.00,None,N/A,
170.4622,cer,SliderControl,Slider Control,49,199,0.00,0.00,None,N/A,
170.4724,cer,SliderControl,Slider Control,49,199,0.00,0.00,None,N/A,
170.4830,cer,SliderControl,Slider Control,49,199,0.00,0.00,None,N/A,
170.4925,cer,SliderControl,Slider Control,49,199,0.00,0.00,None,N/A,
170.5029,cer,SliderControl,Slider Control,49,199,0.00,0.00,None,N/A,
170.5124,cer,SliderControl,Slider Control,49,199,0.00,0.00,None,N/A,
170.5230,cer,SliderControl,Slider Control,49,199,0.00,0.00,None,N/A,
170.5325,cer,SliderControl,Slider Control,49,199,0.00,0.00,None,N/A,
170.5431,cer,SliderControl,Slider Control,49,199,0.00,0.00,None,N/A,
170.5527,cer,SliderControl,Slider Control,49,199,0.00,0.00,None,N/A,
170.5623,cer,SliderControl,Slider Control,49,199,0.00,0.00,None,N/A,
170.5729,cer,SliderControl,Slider Control,49,199,0.00,0.00,None,N/A,
170.5824,cer,SliderControl,Slider Control,49,199,0.00,0.00,None,N/A,
170.5928,cer,SliderControl,Slider Control,49,199,0.00,0.00,None,N/A,
170.6022,cer,SliderControl,Slider Control,49,199,0.00,0.00,None,N/A,
170.6127,cer,SliderControl,Slider Control,49,199,0.00,0.00,None,N/A,
170.6223,cer,SliderControl,Slider Control,49,199,0.00,0.00,None,N/A,
170.6328,cer,SliderControl,Slider Control,49,199,0.00,0.00,None,N/A,
170.6426,cer,SliderControl,Slider Control,49,199,0.00,0.00,None,N/A,
170.6523,cer,SliderControl,Slider Control,49,199,0.00,0.00,None,N/A,
170.6628,cer,SliderControl,Slider Control,49,199,0.00,0.00,None,N/A,
170.6728,cer,SliderControl,Slider Control,49,199,0.00,0.00,None,N/A,
170.6829,cer,SliderControl,Slider Control,49,199,0.00,0.00,None,N/A,
170.6923,cer,SliderControl,Slider Control,49,199,0.00,0.00,None,N/A,
170.7028,cer,SliderControl,Slider Control,49,199,0.00,0.00,None,N/A,
170.7122,cer,SliderControl,Slider Control,49,199,0.00,0.00,None,N/A,
170.7231,cer,SliderControl,Slider Control,49,199,0.00,0.00,None,N/A,
170.7328,cer,SliderControl,Slider Control,49,199,0.00,0.00,None,N/A,
170.7423,cer,SliderControl,Slider Control,49,199,0.00,0.00,None,N/A,
170.7529,cer,SliderControl,Slider Control,49,199,0.00,0.00,None,N/A,
170.7625,cer,SliderControl,Slider Control,49,199,0.00,0.00,None,N/A,
170.7730,cer,SliderControl,Slider Control,49,199,0.00,0.00,None,N/A,
170.7825,cer,SliderControl,Slider Control,49,199,0.00,0.00,None,N/A,
170.7930,cer,SliderControl,Slider Control,49,199,0.00,0.00,None,N/A,
170.8025,cer,SliderControl,Slider Control,49,199,0.00,0.00,None,N/A,
170.8128,cer,SliderControl,Slider Control,49,199,0.00,0.00,None,N/A,
170.8227,cer,SliderControl,Slider Control,49,199,0.00,0.00,None,N/A,
170.8329,cer,SliderControl,Slider Control,49,199,0.00,0.00,None,N/A,
170.8430,cer,SliderControl,Slider Control,49,199,0.00,0.00,None,N/A,
170.8528,cer,SliderControl,Slider Control,49,199,0.00,0.00,None,N/A,
170.8622,cer,SliderControl,Slider Control,49,199,0.00,0.00,None,N/A,
170.8728,cer,SliderControl,Slider Control,49,199,0.00,0.00,None,N/A,
170.8824,cer,SliderControl,Slider Control,49,199,0.00,0.00,None,N/A,
170.8928,cer,SliderControl,Slider Control,49,199,0.00,0.00,None,N/A,
170.9023,cer,SliderControl,Slider Control,49,199,0.00,0.00,None,N/A,
170.9127,cer,SliderControl,Slider Control,49,199,0.00,0.00,None,N/A,
170.9223,cer,SliderControl,Slider Control,49,199,0.00,0.00,None,N/A,
170.9327,cer,SliderControl,Slider Control,49,199,0.00,0.00,None,N/A,
170.9421,cer,SliderControl,Slider Control,49,199,0.00,0.00,None,N/A,
170.9525,cer,SliderControl,Slider Control,49,199,0.00,0.00,None,N/A,
170.9630,cer,SliderControl,Slider Control,49,199,0.00,0.00,None,N/A,
170.9726,cer,SliderControl,Slider Control,49,199,0.00,0.00,None,N/A,
170.9820,cer,SliderControl,Slider Control,49,199,0.00,0.00,None,N/A,
170.9925,cer,SliderControl,Slider Control,49,199,0.00,0.00,None,N/A,
171.0021,cer,SliderControl,Slider Control,49,199,0.00,0.00,None,N/A,
171.0126,cer,SliderControl,Slider Control,49,199,0.00,0.00,None,N/A,
171.0221,cer,SliderControl,Slider Control,49,199,0.00,0.00,None,N/A,
171.0326,cer,SliderControl,Slider Control,49,199,0.00,0.00,None,N/A,
171.0421,cer,SliderControl,Slider Control,49,199,0.00,0.00,None,N/A,
171.0524,cer,SliderControl,Slider Control,49,199,0.00,0.00,None,N/A,
171.0629,cer,SliderControl,Slider Control,49,199,0.00,0.00,None,N/A,
171.0725,cer,SliderControl,Slider Control,49,199,0.00,0.00,None,N/A,
171.0820,cer,SliderControl,Slider Control,49,199,0.00,0.00,None,N/A,
171.0925,cer,SliderControl,Slider Control,49,199,0.00,0.00,None,N/A,
171.1030,cer,SliderControl,Slider Control,49,199,0.00,0.00,None,N/A,
171.1125,cer,SliderControl,Slider Control,49,199,0.00,0.00,None,N/A,
171.1220,cer,SliderControl,Slider Control,49,199,0.00,0.00,None,N/A,
171.1326,cer,SliderControl,Slider Control,49,199,0.00,0.00,None,N/A,
171.1422,cer,SliderControl,Slider Control,49,199,0.00,0.00,None,N/A,
171.1528,cer,SliderControl,Slider Control,49,199,0.00,0.00,None,N/A,
171.1623,cer,SliderControl,Slider Control,49,199,0.00,0.00,None,N/A,
171.1730,cer,SliderControl,Slider Control,49,199,0.00,0.00,None,N/A,
171.1826,cer,SliderControl,Slider Control,49,199,0.00,0.00,None,N/A,
171.1921,cer,SliderControl,Slider Control,49,199,0.00,0.00,None,N/A,
171.2026,cer,SliderControl,Slider Control,49,199,0.00,0.00,None,N/A,
171.2121,cer,SliderControl,Slider Control,49,199,0.00,0.00,None,N/A,
171.2228,cer,SliderControl,Slider Control,49,199,0.00,0.00,None,N/A,
171.2322,cer,SliderControl,Slider Control,49,199,0.00,0.00,None,N/A,
171.2427,cer,SliderControl,Slider Control,49,199,0.00,0.00,None,N/A,
171.2522,cer,SliderControl,Slider Control,49,199,0.00,0.00,None,N/A,
171.2627,cer,SliderControl,Slider Control,49,199,0.00,0.00,None,N/A,
171.2724,cer,SliderControl,Slider Control,49,199,0.00,0.00,None,N/A,
171.2830,cer,SliderControl,Slider Control,49,199,0.00,0.00,None,N/A,
171.2925,cer,SliderControl,Slider Control,49,199,0.00,0.00,None,N/A,
171.3028,cer,SliderControl,Slider Control,49,199,0.00,0.00,None,N/A,
171.3123,cer,SliderControl,Slider Control,49,199,0.00,0.00,None,N/A,
171.3229,cer,SliderControl,Slider Control,49,199,0.00,0.00,None,N/A,
171.3324,cer,SliderControl,Slider Control,49,199,0.00,0.00,None,N/A,
171.3432,cer,SliderControl,Slider Control,49,199,0.00,0.00,None,N/A,
171.3529,cer,SliderControl,Slider Control,49,199,0.00,0.00,None,N/A,
171.3624,cer,SliderControl,Slider Control,49,199,0.00,0.00,None,N/A,
171.3725,cer,SliderControl,Slider Control,49,199,0.00,0.00,None,N/A,
171.3829,cer,SliderControl,Slider Control,49,199,0.00,0.00,None,N/A,
171.3925,cer,SliderControl,Slider Control,49,199,0.00,0.00,None,N/A,
171.4030,cer,SliderControl,Slider Control,49,199,0.00,0.00,None,N/A,
171.4148,cer,SliderControl,Slider Control,49,199,0.00,0.00,None,N/A,
171.4228,cer,SliderControl,Slider Control,49,199,0.00,0.00,None,N/A,
171.4324,cer,SliderControl,Slider Control,49,199,0.00,0.00,None,N/A,
171.4422,cer,SliderControl,Slider Control,49,199,0.00,0.00,None,N/A,
171.4528,cer,SliderControl,Slider Control,49,199,0.00,0.00,None,N/A,
171.4625,cer,SliderControl,Slider Control,49,199,0.00,0.00,None,N/A,
171.4723,cer,SliderControl,Slider Control,49,199,0.00,0.00,None,N/A,
171.4828,cer,SliderControl,Slider Control,49,199,0.00,0.00,None,N/A,
171.4923,cer,SliderControl,Slider Control,49,199,0.00,0.00,None,N/A,
171.5028,cer,SliderControl,Slider Control,49,199,0.00,0.00,None,N/A,
171.5123,cer,SliderControl,Slider Control,49,199,0.00,0.00,None,N/A,
171.5221,cer,SliderControl,Slider Control,49,199,0.00,0.00,None,N/A,
171.5327,cer,SliderControl,Slider Control,49,199,0.00,0.00,None,N/A,
171.5422,cer,SliderControl,Slider Control,49,199,0.00,0.00,None,N/A,
171.5526,cer,SliderControl,Slider Control,49,199,0.00,0.00,None,N/A,
171.5622,cer,SliderControl,Slider Control,49,199,0.00,0.00,None,N/A,
171.5727,cer,SliderControl,Slider Control,49,199,0.00,0.00,None,N/A,
171.5821,cer,SliderControl,Slider Control,49,199,0.00,0.00,None,N/A,
171.5926,cer,SliderControl,Slider Control,49,199,0.00,0.00,None,N/A,
171.6021,cer,SliderControl,Slider Control,49,199,0.00,0.00,None,N/A,
171.6126,cer,SliderControl,Slider Control,49,199,0.00,0.00,None,N/A,
171.6222,cer,SliderControl,Slider Control,49,199,0.00,0.00,None,N/A,
171.6329,cer,SliderControl,Slider Control,49,199,0.00,0.00,None,N/A,
171.6428,cer,SliderControl,Slider Control,49,199,0.00,0.00,None,N/A,
171.6524,cer,SliderControl,Slider Control,49,199,0.00,0.00,None,N/A,
171.6620,cer,SliderControl,Slider Control,49,199,0.00,0.00,None,N/A,
171.6730,cer,SliderControl,Slider Control,49,199,0.00,0.00,None,N/A,
171.6828,cer,SliderControl,Slider Control,49,199,0.00,0.00,None,N/A,
171.6925,cer,SliderControl,Slider Control,49,199,0.00,0.00,None,N/A,
171.7020,cer,SliderControl,Slider Control,49,199,0.00,0.00,None,N/A,
171.7125,cer,SliderControl,Slider Control,49,199,0.00,0.00,None,N/A,
171.7220,cer,SliderControl,Slider Control,49,199,0.00,0.00,None,N/A,
171.7325,cer,SliderControl,Slider Control,49,199,0.00,0.00,None,N/A,
171.7422,cer,SliderControl,Slider Control,49,199,0.00,0.00,None,N/A,
171.7528,cer,SliderControl,Slider Control,49,199,0.00,0.00,None,N/A,
171.7624,cer,SliderControl,Slider Control,49,199,0.00,0.00,None,N/A,
171.7729,cer,SliderControl,Slider Control,49,199,0.00,0.00,None,N/A,
171.7826,cer,SliderControl,Slider Control,49,199,0.00,0.00,None,N/A,
171.7925,cer,SliderControl,Slider Control,49,199,0.00,0.00,None,N/A,
171.8025,cer,SliderControl,Slider Control,49,199,0.00,0.00,None,N/A,
171.8127,cer,SliderControl,Slider Control,49,199,0.00,0.00,None,N/A,
171.8226,cer,SliderControl,Slider Control,49,199,0.00,0.00,None,N/A,
171.8326,cer,SliderControl,Slider Control,49,199,0.00,0.00,None,N/A,
171.8426,cer,SliderControl,Slider Control,49,199,0.00,0.00,None,N/A,
171.8523,cer,SliderControl,Slider Control,49,199,0.00,0.00,None,N/A,
171.8628,cer,SliderControl,Slider Control,49,199,0.00,0.00,None,N/A,
171.8729,cer,SliderControl,Slider Control,49,199,0.00,0.00,None,N/A,
171.8823,cer,SliderControl,Slider Control,49,199,0.00,0.00,None,N/A,
171.8920,cer,SliderControl,Slider Control,49,199,0.00,0.00,None,N/A,
171.9025,cer,SliderControl,Slider Control,49,199,0.00,0.00,None,N/A,
171.9129,cer,SliderControl,Slider Control,49,199,0.00,0.00,None,N/A,
171.9225,cer,SliderControl,Slider Control,49,199,0.00,0.00,None,N/A,
171.9321,cer,SliderControl,Slider Control,49,199,0.00,0.00,None,N/A,
171.9429,cer,SliderControl,Slider Control,49,199,0.00,0.00,None,N/A,
171.9525,cer,SliderControl,Slider Control,49,199,0.00,0.00,None,N/A,
171.9630,cer,SliderControl,Slider Control,49,199,0.00,0.00,None,N/A,
171.9725,cer,SliderControl,Slider Control,49,199,0.00,0.00,None,N/A,
171.9821,cer,SliderControl,Slider Control,49,199,0.00,0.00,None,N/A,
171.9926,cer,SliderControl,Slider Control,49,199,0.00,0.00,None,N/A,
172.0021,cer,SliderControl,Slider Control,49,199,0.00,0.00,None,N/A,
172.0127,cer,SliderControl,Slider Control,49,199,0.00,0.00,None,N/A,
172.0222,cer,SliderControl,Slider Control,49,199,0.00,0.00,None,N/A,
172.0326,cer,SliderControl,Slider Control,49,199,0.00,0.00,None,N/A,
172.0420,cer,SliderControl,Slider Control,49,199,0.00,0.00,None,N/A,
172.0524,cer,SliderControl,Slider Control,49,199,0.00,0.00,None,N/A,
172.0630,cer,SliderControl,Slider Control,49,199,0.00,0.00,None,N/A,
172.0725,cer,SliderControl,Slider Control,49,199,0.00,0.00,None,N/A,
172.0821,cer,SliderControl,Slider Control,49,199,0.00,0.00,None,N/A,
172.0926,cer,SliderControl,Slider Control,49,199,0.00,0.00,None,N/A,
172.1021,cer,SliderControl,Slider Control,49,199,0.00,0.00,None,N/A,
172.1126,cer,SliderControl,Slider Control,49,199,0.00,0.00,None,N/A,
172.1226,cer,SliderControl,Slider Control,49,199,0.00,0.00,None,N/A,
172.1322,cer,SliderControl,Slider Control,49,199,0.00,0.00,None,N/A,
172.1427,cer,SliderControl,Slider Control,49,199,0.00,0.00,None,N/A,
172.1523,cer,SliderControl,Slider Control,49,199,0.00,0.00,None,N/A,
172.1628,cer,SliderControl,Slider Control,49,199,0.00,0.00,None,N/A,
172.1723,cer,SliderControl,Slider Control,49,199,0.00,0.00,None,N/A,
172.1827,cer,SliderControl,Slider Control,49,199,0.00,0.00,None,N/A,
172.1921,cer,SliderControl,Slider Control,49,199,0.00,0.00,None,N/A,
172.2026,cer,SliderControl,Slider Control,49,199,0.00,0.00,None,N/A,
172.2120,cer,SliderControl,Slider Control,49,199,0.00,0.00,None,N/A,
172.2226,cer,SliderControl,Slider Control,49,199,0.00,0.00,None,N/A,
172.2322,cer,SliderControl,Slider Control,49,199,0.00,0.00,None,N/A,
172.2430,cer,SliderControl,Slider Control,49,199,0.00,0.00,None,N/A,
172.2528,cer,SliderControl,Slider Control,49,199,0.00,0.00,None,N/A,
172.2623,cer,SliderControl,Slider Control,49,199,0.00,0.00,None,N/A,
172.2730,cer,SliderControl,Slider Control,49,199,0.00,0.00,None,N/A,
172.2825,cer,SliderControl,Slider Control,49,199,0.00,0.00,None,N/A,
172.2920,cer,SliderControl,Slider Control,49,199,0.00,0.00,None,N/A,
172.3024,cer,SliderControl,Slider Control,49,199,0.00,0.00,None,N/A,
172.3124,cer,SliderControl,Slider Control,49,199,0.00,0.00,None,N/A,
172.3230,cer,SliderControl,Slider Control,49,199,0.00,0.00,None,N/A,
172.3325,cer,SliderControl,Slider Control,49,199,0.00,0.00,None,N/A,
172.3429,cer,SliderControl,Slider Control,49,199,0.00,0.00,None,N/A,
172.3525,cer,SliderControl,Slider Control,49,199,0.00,0.00,None,N/A,
172.3630,cer,SliderControl,Slider Control,49,199,0.00,0.00,None,N/A,
172.3725,cer,SliderControl,Slider Control,49,199,0.00,0.00,None,N/A,
172.3830,cer,SliderControl,Slider Control,49,199,0.00,0.00,None,N/A,
172.3926,cer,SliderControl,Slider Control,49,199,0.00,0.00,None,N/A,
172.4028,cer,SliderControl,Slider Control,49,199,0.00,0.00,None,N/A,
172.4124,cer,SliderControl,Slider Control,49,199,0.00,0.00,None,N/A,
172.4230,cer,SliderControl,Slider Control,49,199,0.00,0.00,None,N/A,
172.4325,cer,SliderControl,Slider Control,49,199,0.00,0.00,None,N/A,
172.4430,cer,SliderControl,Slider Control,49,199,0.00,0.00,None,N/A,
172.4521,cer,SliderControl,Slider Control,49,199,0.00,0.00,None,N/A,
172.4626,cer,SliderControl,Slider Control,49,199,0.00,0.00,None,N/A,
172.4722,cer,SliderControl,Slider Control,49,199,0.00,0.00,None,N/A,
172.4827,cer,SliderControl,Slider Control,49,199,0.00,0.00,None,N/A,
172.4921,cer,SliderControl,Slider Control,49,199,0.00,0.00,None,N/A,
172.5026,cer,SliderControl,Slider Control,49,199,0.00,0.00,None,N/A,
172.5121,cer,SliderControl,Slider Control,49,199,0.00,0.00,None,N/A,
172.5226,cer,SliderControl,Slider Control,49,199,0.00,0.00,None,N/A,
172.5322,cer,SliderControl,Slider Control,49,199,0.00,0.00,None,N/A,
172.5426,cer,SliderControl,Slider Control,49,199,0.00,0.00,None,N/A,
172.5530,cer,SliderControl,Slider Control,49,199,0.00,0.00,None,N/A,
172.5625,cer,SliderControl,Slider Control,49,199,0.00,0.00,None,N/A,
172.5728,cer,SliderControl,Slider Control,49,199,0.00,0.00,None,N/A,
172.5821,cer,SliderControl,Slider Control,49,199,0.00,0.00,None,N/A,
172.5926,cer,SliderControl,Slider Control,49,199,0.00,0.00,None,N/A,
172.6023,cer,SliderControl,Slider Control,49,199,0.00,0.00,None,N/A,
172.6127,cer,SliderControl,Slider Control,49,199,0.00,0.00,None,N/A,
172.6223,cer,SliderControl,Slider Control,49,199,0.00,0.00,None,N/A,
172.6328,cer,SliderControl,Slider Control,49,199,0.00,0.00,None,N/A,
172.6423,cer,SliderControl,Slider Control,49,199,0.00,0.00,None,N/A,
172.6533,cer,SliderControl,Slider Control,49,199,0.00,0.00,None,N/A,
172.6620,cer,SliderControl,Slider Control,49,199,0.00,0.00,None,N/A,
172.6727,cer,SliderControl,Slider Control,49,199,0.00,0.00,None,N/A,
172.6822,cer,SliderControl,Slider Control,49,199,0.00,0.00,None,N/A,
172.6928,cer,SliderControl,Slider Control,49,199,0.00,0.00,None,N/A,
172.7025,cer,SliderControl,Slider Control,49,199,0.00,0.00,None,N/A,
172.7120,cer,SliderControl,Slider Control,49,199,0.00,0.00,None,N/A,
172.7229,cer,SliderControl,Slider Control,49,199,0.00,0.00,None,N/A,
172.7330,cer,SliderControl,Slider Control,49,199,0.00,0.00,None,N/A,
172.7432,cer,SliderControl,Slider Control,49,199,0.00,0.00,None,N/A,
172.7529,cer,SliderControl,Slider Control,49,199,0.00,0.00,None,N/A,
172.7628,cer,SliderControl,Slider Control,49,199,0.00,0.00,None,N/A,
172.7726,cer,SliderControl,Slider Control,49,199,0.00,0.00,None,N/A,
172.7826,cer,SliderControl,Slider Control,49,199,0.00,0.00,None,N/A,
172.7922,cer,SliderControl,Slider Control,49,199,0.00,0.00,None,N/A,
172.8031,cer,SliderControl,Slider Control,49,199,0.00,0.00,None,N/A,
172.8127,cer,SliderControl,Slider Control,49,199,0.00,0.00,None,N/A,
172.8223,cer,SliderControl,Slider Control,49,199,0.00,0.00,None,N/A,
172.8329,cer,SliderControl,Slider Control,49,199,0.00,0.00,None,N/A,
172.8424,cer,SliderControl,Slider Control,49,199,0.00,0.00,None,N/A,
172.8529,cer,SliderControl,Slider Control,49,199,0.00,0.00,None,N/A,
172.8624,cer,SliderControl,Slider Control,49,199,0.00,0.00,None,N/A,
172.8723,cer,SliderControl,Slider Control,49,199,0.00,0.00,None,N/A,
172.8828,cer,SliderControl,Slider Control,49,199,0.00,0.00,None,N/A,
172.8925,cer,SliderControl,Slider Control,49,199,0.00,0.00,None,N/A,
172.9021,cer,SliderControl,Slider Control,49,199,0.00,0.00,None,N/A,
172.9126,cer,SliderControl,Slider Control,49,199,0.00,0.00,None,N/A,
172.9224,cer,SliderControl,Slider Control,49,199,0.00,0.00,None,N/A,
172.9328,cer,SliderControl,Slider Control,49,199,0.00,0.00,None,N/A,
172.9423,cer,SliderControl,Slider Control,49,199,0.00,0.00,None,N/A,
172.9528,cer,SliderControl,Slider Control,49,199,0.00,0.00,None,N/A,
172.9623,cer,SliderControl,Slider Control,49,199,0.00,0.00,None,N/A,
172.9726,cer,SliderControl,Slider Control,49,199,0.00,0.00,None,N/A,
172.9830,cer,SliderControl,Slider Control,49,199,0.00,0.00,None,N/A,
172.9925,cer,SliderControl,Slider Control,49,199,0.00,0.00,None,N/A,
173.0020,cer,SliderControl,Slider Control,49,199,0.00,0.00,None,N/A,
173.0125,cer,SliderControl,Slider Control,49,199,0.00,0.00,None,N/A,
173.0220,cer,SliderControl,Slider Control,49,199,0.00,0.00,None,N/A,
173.0328,cer,SliderControl,Slider Control,49,199,0.00,0.00,None,N/A,
173.0424,cer,SliderControl,Slider Control,49,199,0.00,0.00,None,N/A,
173.0528,cer,SliderControl,Slider Control,49,199,0.00,0.00,None,N/A,
173.0623,cer,SliderControl,Slider Control,49,199,0.00,0.00,None,N/A,
173.0729,cer,SliderControl,Slider Control,49,199,0.00,0.00,None,N/A,
173.0825,cer,SliderControl,Slider Control,49,199,0.00,0.00,None,N/A,
173.0929,cer,SliderControl,Slider Control,49,199,0.00,0.00,None,N/A,
173.1025,cer,SliderControl,Slider Control,49,199,0.00,0.00,None,N/A,
173.1130,cer,SliderControl,Slider Control,49,199,0.00,0.00,None,N/A,
173.1226,cer,SliderControl,Slider Control,49,199,0.00,0.00,None,N/A,
173.1330,cer,SliderControl,Slider Control,49,199,0.00,0.00,None,N/A,
173.1429,cer,SliderControl,Slider Control,49,199,0.00,0.00,None,N/A,
173.1524,cer,SliderControl,Slider Control,49,199,0.00,0.00,None,N/A,
173.1629,cer,SliderControl,Slider Control,49,199,0.00,0.00,None,N/A,
173.1724,cer,SliderControl,Slider Control,49,199,0.00,0.00,None,N/A,
173.1829,cer,SliderControl,Slider Control,49,199,0.00,0.00,None,N/A,
173.1923,cer,SliderControl,Slider Control,49,199,0.00,0.00,None,N/A,
173.2027,cer,SliderControl,Slider Control,49,199,0.00,0.00,None,N/A,
173.2122,cer,SliderControl,Slider Control,49,199,0.00,0.00,None,N/A,
173.2228,cer,SliderControl,Slider Control,49,199,0.00,0.00,None,N/A,
173.2323,cer,SliderControl,Slider Control,49,199,0.00,0.00,None,N/A,
173.2428,cer,SliderControl,Slider Control,49,199,0.00,0.00,None,N/A,
173.2522,cer,SliderControl,Slider Control,49,199,0.00,0.00,None,N/A,
173.2627,cer,SliderControl,Slider Control,49,199,0.00,0.00,None,N/A,
173.2721,cer,SliderControl,Slider Control,49,199,0.00,0.00,None,N/A,
173.2825,cer,SliderControl,Slider Control,49,199,0.00,0.00,None,N/A,
173.2920,cer,SliderControl,Slider Control,49,199,0.00,0.00,None,N/A,
173.3023,cer,SliderControl,Slider Control,49,199,0.00,0.00,None,N/A,
173.3129,cer,SliderControl,Slider Control,49,199,0.00,0.00,None,N/A,
173.3229,cer,SliderControl,Slider Control,49,199,0.00,0.00,None,N/A,
173.3322,cer,SliderControl,Slider Control,49,199,0.00,0.00,None,N/A,
173.3427,cer,SliderControl,Slider Control,49,199,0.00,0.00,None,N/A,
173.3522,cer,SliderControl,Slider Control,49,199,0.00,0.00,None,N/A,
173.3627,cer,SliderControl,Slider Control,49,199,0.00,0.00,None,N/A,
173.3722,cer,SliderControl,Slider Control,49,199,0.00,0.00,None,N/A,
173.3827,cer,SliderControl,Slider Control,49,199,0.00,0.00,None,N/A,
173.3921,cer,SliderControl,Slider Control,49,199,0.00,0.00,None,N/A,
173.4025,cer,SliderControl,Slider Control,49,199,0.00,0.00,None,N/A,
173.4126,cer,SliderControl,Slider Control,49,199,0.00,0.00,None,N/A,
173.4223,cer,SliderControl,Slider Control,49,199,0.00,0.00,None,N/A,
173.4329,cer,SliderControl,Slider Control,49,199,0.00,0.00,None,N/A,
173.4425,cer,SliderControl,Slider Control,49,199,0.00,0.00,None,N/A,
173.4529,cer,SliderControl,Slider Control,49,199,0.00,0.00,None,N/A,
173.4623,cer,SliderControl,Slider Control,49,199,0.00,0.00,None,N/A,
173.4720,cer,SliderControl,Slider Control,49,199,0.00,0.00,None,N/A,
173.4824,cer,SliderControl,Slider Control,49,199,0.00,0.00,None,N/A,
173.4928,cer,SliderControl,Slider Control,49,199,0.00,0.00,None,N/A,
173.5028,cer,SliderControl,Slider Control,49,199,0.00,0.00,None,N/A,
173.5123,cer,SliderControl,Slider Control,49,199,0.00,0.00,None,N/A,
173.5227,cer,SliderControl,Slider Control,49,199,0.00,0.00,None,N/A,
173.5323,cer,SliderControl,Slider Control,49,199,0.00,0.00,None,N/A,
173.5421,cer,SliderControl,Slider Control,49,199,0.00,0.00,None,N/A,
173.5529,cer,SliderControl,Slider Control,49,199,0.00,0.00,None,N/A,
173.5623,cer,SliderControl,Slider Control,49,199,0.00,0.00,None,N/A,
173.5723,cer,SliderControl,Slider Control,49,199,0.00,0.00,None,N/A,
173.5827,cer,SliderControl,Slider Control,49,199,0.00,0.00,None,N/A,
173.5925,cer,SliderControl,Slider Control,49,199,0.00,0.00,None,N/A,
173.6021,cer,SliderControl,Slider Control,49,199,0.00,0.00,None,N/A,
173.6126,cer,SliderControl,Slider Control,49,199,0.00,0.00,None,N/A,
173.6221,cer,SliderControl,Slider Control,49,199,0.00,0.00,None,N/A,
173.6327,cer,SliderControl,Slider Control,49,199,0.00,0.00,None,N/A,
173.6423,cer,SliderControl,Slider Control,49,199,0.00,0.00,None,N/A,
173.6527,cer,SliderControl,Slider Control,49,199,0.00,0.00,None,N/A,
173.6623,cer,SliderControl,Slider Control,49,199,0.00,0.00,None,N/A,
173.6725,cer,SliderControl,Slider Control,49,199,0.00,0.00,None,N/A,
173.6825,cer,SliderControl,Slider Control,49,199,0.00,0.00,None,N/A,
173.6920,cer,SliderControl,Slider Control,49,199,0.00,0.00,None,N/A,
173.7025,cer,SliderControl,Slider Control,49,199,0.00,0.00,None,N/A,
173.7121,cer,SliderControl,Slider Control,49,199,0.00,0.00,None,N/A,
173.7230,cer,SliderControl,Slider Control,49,199,0.00,0.00,None,N/A,
173.7330,cer,SliderControl,Slider Control,49,199,0.00,0.00,None,N/A,
173.7426,cer,SliderControl,Slider Control,49,199,0.00,0.00,None,N/A,
173.7526,cer,SliderControl,Slider Control,49,199,0.00,0.00,None,N/A,
173.7623,cer,SliderControl,Slider Control,49,199,0.00,0.00,None,N/A,
173.7729,cer,SliderControl,Slider Control,49,199,0.00,0.00,None,N/A,
173.7825,cer,SliderControl,Slider Control,49,199,0.00,0.00,None,N/A,
173.7931,cer,SliderControl,Slider Control,49,199,0.00,0.00,None,N/A,
173.8026,cer,SliderControl,Slider Control,49,199,0.00,0.00,None,N/A,
173.8122,cer,SliderControl,Slider Control,49,199,0.00,0.00,None,N/A,
173.8228,cer,SliderControl,Slider Control,49,199,0.00,0.00,None,N/A,
173.8325,cer,SliderControl,Slider Control,49,199,0.00,0.00,None,N/A,
173.8422,cer,SliderControl,Slider Control,49,199,0.00,0.00,None,N/A,
173.8528,cer,SliderControl,Slider Control,49,199,0.00,0.00,None,N/A,
173.8623,cer,SliderControl,Slider Control,49,199,0.00,0.00,None,N/A,
173.8720,cer,SliderControl,Slider Control,49,199,0.00,0.00,None,N/A,
173.8824,cer,SliderControl,Slider Control,49,199,0.00,0.00,None,N/A,
173.8929,cer,SliderControl,Slider Control,49,199,0.00,0.00,None,N/A,
173.9025,cer,SliderControl,Slider Control,49,199,0.00,0.00,None,N/A,
173.9130,cer,SliderControl,Slider Control,49,199,0.00,0.00,None,N/A,
173.9224,cer,SliderControl,Slider Control,49,199,0.00,0.00,None,N/A,
173.9321,cer,SliderControl,Slider Control,49,199,0.00,0.00,None,N/A,
173.9427,cer,SliderControl,Slider Control,49,199,0.00,0.00,None,N/A,
173.9521,cer,SliderControl,Slider Control,49,199,0.00,0.00,None,N/A,
173.9626,cer,SliderControl,Slider Control,49,199,0.00,0.00,None,N/A,
173.9720,cer,SliderControl,Slider Control,49,199,0.00,0.00,None,N/A,
173.9824,cer,SliderControl,Slider Control,49,199,0.00,0.00,None,N/A,
173.9932,cer,SliderControl,Slider Control,49,199,0.00,0.00,None,N/A,
174.0030,cer,SliderControl,Slider Control,49,199,0.00,0.00,None,N/A,
174.0125,cer,SliderControl,Slider Control,49,199,0.00,0.00,None,N/A,
174.0220,cer,SliderControl,Slider Control,49,199,0.00,0.00,None,N/A,
174.0325,cer,SliderControl,Slider Control,49,199,0.00,0.00,None,N/A,
174.0430,cer,SliderControl,Slider Control,49,199,0.00,0.00,None,N/A,
174.0526,cer,SliderControl,Slider Control,49,199,0.00,0.00,None,N/A,
174.0622,cer,SliderControl,Slider Control,49,199,0.00,0.00,None,N/A,
174.0727,cer,SliderControl,Slider Control,49,199,0.00,0.00,None,N/A,
174.0829,cer,SliderControl,Slider Control,49,199,0.00,0.00,None,N/A,
174.0923,cer,SliderControl,Slider Control,49,199,0.00,0.00,None,N/A,
174.1027,cer,SliderControl,Slider Control,49,199,0.00,0.00,None,N/A,
174.1122,cer,SliderControl,Slider Control,49,199,0.00,0.00,None,N/A,
174.1223,cer,SliderControl,Slider Control,49,199,0.00,0.00,None,N/A,
174.1327,cer,SliderControl,Slider Control,49,199,0.00,0.00,None,N/A,
174.1425,cer,SliderControl,Slider Control,49,199,0.00,0.00,None,N/A,
174.1524,cer,SliderControl,Slider Control,49,199,0.00,0.00,None,N/A,
174.1629,cer,SliderControl,Slider Control,49,199,0.00,0.00,None,N/A,
174.1724,cer,SliderControl,Slider Control,49,199,0.00,0.00,None,N/A,
174.1828,cer,SliderControl,Slider Control,49,199,0.00,0.00,None,N/A,
174.1922,cer,SliderControl,Slider Control,49,199,0.00,0.00,None,N/A,
174.2027,cer,SliderControl,Slider Control,49,199,0.00,0.00,None,N/A,
174.2122,cer,SliderControl,Slider Control,49,199,0.00,0.00,None,N/A,
174.2222,cer,SliderControl,Slider Control,49,199,0.00,0.00,None,N/A,
174.2325,cer,SliderControl,Slider Control,49,199,0.00,0.00,None,N/A,
174.2430,cer,SliderControl,Slider Control,49,199,0.00,0.00,None,N/A,
174.2527,cer,SliderControl,Slider Control,49,199,0.00,0.00,None,N/A,
174.2622,cer,SliderControl,Slider Control,49,199,0.00,0.00,None,N/A,
174.2728,cer,SliderControl,Slider Control,49,199,0.00,0.00,None,N/A,
174.2823,cer,SliderControl,Slider Control,49,199,0.00,0.00,None,N/A,
174.2927,cer,SliderControl,Slider Control,49,199,0.00,0.00,None,N/A,
174.3026,cer,SliderControl,Slider Control,49,199,0.00,0.00,None,N/A,
174.3127,cer,SliderControl,Slider Control,49,199,0.00,0.00,None,N/A,
174.3222,cer,SliderControl,Slider Control,49,199,0.00,0.00,None,N/A,
174.3325,cer,SliderControl,Slider Control,49,199,0.00,0.00,None,N/A,
174.3420,cer,SliderControl,Slider Control,49,199,0.00,0.00,None,N/A,
174.3525,cer,SliderControl,Slider Control,49,199,0.00,0.00,None,N/A,
174.3621,cer,SliderControl,Slider Control,49,199,0.00,0.00,None,N/A,
174.3727,cer,SliderControl,Slider Control,49,199,0.00,0.00,None,N/A,
174.3822,cer,SliderControl,Slider Control,49,199,0.00,0.00,None,N/A,
174.3926,cer,SliderControl,Slider Control,49,199,0.00,0.00,None,N/A,
174.4021,cer,SliderControl,Slider Control,49,199,0.00,0.00,None,N/A,
174.4141,cer,SliderControl,Slider Control,49,199,0.00,0.00,None,N/A,
174.4226,cer,SliderControl,Slider Control,49,199,0.00,0.00,None,N/A,
174.4330,cer,SliderControl,Slider Control,49,199,0.00,0.00,None,N/A,
174.4424,cer,SliderControl,Slider Control,49,199,0.00,0.00,None,N/A,
174.4525,cer,SliderControl,Slider Control,49,199,0.00,0.00,None,N/A,
174.4629,cer,SliderControl,Slider Control,49,199,0.00,0.00,None,N/A,
174.4723,cer,SliderControl,Slider Control,49,199,0.00,0.00,None,N/A,
174.4827,cer,SliderControl,Slider Control,49,199,0.00,0.00,None,N/A,
174.4921,cer,SliderControl,Slider Control,49,199,0.00,0.00,None,N/A,
174.5027,cer,SliderControl,Slider Control,49,199,0.00,0.00,None,N/A,
174.5122,cer,SliderControl,Slider Control,49,199,0.00,0.00,None,N/A,
174.5232,cer,SliderControl,Slider Control,49,199,0.00,0.00,None,N/A,
174.5329,cer,SliderControl,Slider Control,49,199,0.00,0.00,None,N/A,
174.5423,cer,SliderControl,Slider Control,49,199,0.00,0.00,None,N/A,
174.5528,cer,SliderControl,Slider Control,49,199,0.00,0.00,None,N/A,
174.5624,cer,SliderControl,Slider Control,49,199,0.00,0.00,None,N/A,
174.5729,cer,SliderControl,Slider Control,49,199,0.00,0.00,None,N/A,
174.5822,cer,SliderControl,Slider Control,49,199,0.00,0.00,None,N/A,
174.5926,cer,SliderControl,Slider Control,49,199,0.00,0.00,None,N/A,
174.6022,cer,SliderControl,Slider Control,49,199,0.00,0.00,None,N/A,
174.6127,cer,SliderControl,Slider Control,49,199,0.00,0.00,None,N/A,
174.6223,cer,SliderControl,Slider Control,49,199,0.00,0.00,None,N/A,
174.6329,cer,SliderControl,Slider Control,49,199,0.00,0.00,None,N/A,
174.6429,cer,SliderControl,Slider Control,49,199,0.00,0.00,None,N/A,
174.6529,cer,SliderControl,Slider Control,49,199,0.00,0.00,None,N/A,
174.6625,cer,SliderControl,Slider Control,49,199,0.00,0.00,None,N/A,
174.6730,cer,SliderControl,Slider Control,49,199,0.00,0.00,None,N/A,
174.6829,cer,SliderControl,Slider Control,49,199,0.00,0.00,None,N/A,
174.6929,cer,SliderControl,Slider Control,49,199,0.00,0.00,None,N/A,
174.7021,cer,SliderControl,Slider Control,49,199,0.00,0.00,None,N/A,
174.7125,cer,SliderControl,Slider Control,49,199,0.00,0.00,None,N/A,
174.7224,cer,SliderControl,Slider Control,49,199,0.00,0.00,None,N/A,
174.7320,cer,SliderControl,Slider Control,49,199,0.00,0.00,None,N/A,
174.7425,cer,SliderControl,Slider Control,49,199,0.00,0.00,None,N/A,
174.7530,cer,SliderControl,Slider Control,49,199,0.00,0.00,None,N/A,
174.7625,cer,SliderControl,Slider Control,49,199,0.00,0.00,None,N/A,
174.7730,cer,SliderControl,Slider Control,49,199,0.00,0.00,None,N/A,
174.7829,cer,SliderControl,Slider Control,49,199,0.00,0.00,None,N/A,
174.7930,cer,SliderControl,Slider Control,49,199,0.00,0.00,None,N/A,
174.8031,cer,SliderControl,Slider Control,49,199,0.00,0.00,None,N/A,
174.8128,cer,SliderControl,Slider Control,49,199,0.00,0.00,None,N/A,
174.8228,cer,SliderControl,Slider Control,49,199,0.00,0.00,None,N/A,
174.8325,cer,SliderControl,Slider Control,49,199,0.00,0.00,None,N/A,
174.8426,cer,SliderControl,Slider Control,49,199,0.00,0.00,None,N/A,
174.8521,cer,SliderControl,Slider Control,49,199,0.00,0.00,None,N/A,
174.8626,cer,SliderControl,Slider Control,49,199,0.00,0.00,None,N/A,
174.8720,cer,SliderControl,Slider Control,49,199,0.00,0.00,None,N/A,
174.8824,cer,SliderControl,Slider Control,49,199,0.00,0.00,None,N/A,
174.8929,cer,SliderControl,Slider Control,49,199,0.00,0.00,None,N/A,
174.9024,cer,SliderControl,Slider Control,49,199,0.00,0.00,None,N/A,
174.9129,cer,SliderControl,Slider Control,49,199,0.00,0.00,None,N/A,
174.9226,cer,SliderControl,Slider Control,49,199,0.00,0.00,None,N/A,
174.9326,cer,SliderControl,Slider Control,49,199,0.00,0.00,None,N/A,
174.9425,cer,SliderControl,Slider Control,49,199,0.00,0.00,None,N/A,
174.9522,cer,SliderControl,Slider Control,49,199,0.00,0.00,None,N/A,
174.9627,cer,SliderControl,Slider Control,49,199,0.00,0.00,None,N/A,
174.9722,cer,SliderControl,Slider Control,49,199,0.00,0.00,None,N/A,
174.9826,cer,SliderControl,Slider Control,49,199,0.00,0.00,None,N/A,
174.9921,cer,SliderControl,Slider Control,49,199,0.00,0.00,None,N/A,
175.0024,cer,SliderControl,Slider Control,49,199,0.00,0.00,None,N/A,
175.0129,cer,SliderControl,Slider Control,49,199,0.00,0.00,None,N/A,
175.0223,cer,SliderControl,Slider Control,49,199,0.00,0.00,None,N/A,
175.0327,cer,SliderControl,Slider Control,49,199,0.00,0.00,None,N/A,
175.0421,cer,SliderControl,Slider Control,49,199,0.00,0.00,None,N/A,
175.0526,cer,SliderControl,Slider Control,49,199,0.00,0.00,None,N/A,
175.0620,cer,SliderControl,Slider Control,49,199,0.00,0.00,None,N/A,
175.0726,cer,SliderControl,Slider Control,49,199,0.00,0.00,None,N/A,
175.0820,cer,SliderControl,Slider Control,49,199,0.00,0.00,None,N/A,
175.0924,cer,SliderControl,Slider Control,49,199,0.00,0.00,None,N/A,
175.1029,cer,SliderControl,Slider Control,49,199,0.00,0.00,None,N/A,
175.1124,cer,SliderControl,Slider Control,49,199,0.00,0.00,None,N/A,
175.1229,cer,SliderControl,Slider Control,49,199,0.00,0.00,None,N/A,
175.1324,cer,SliderControl,Slider Control,49,199,0.00,0.00,None,N/A,
175.1429,cer,SliderControl,Slider Control,49,199,0.00,0.00,None,N/A,
175.1524,cer,SliderControl,Slider Control,49,199,0.00,0.00,None,N/A,
175.1629,cer,SliderControl,Slider Control,49,199,0.00,0.00,None,N/A,
175.1723,cer,SliderControl,Slider Control,49,199,0.00,0.00,None,N/A,
175.1829,cer,SliderControl,Slider Control,49,199,0.00,0.00,None,N/A,
175.1924,cer,SliderControl,Slider Control,49,199,0.00,0.00,None,N/A,
175.2029,cer,SliderControl,Slider Control,49,199,0.00,0.00,None,N/A,
175.2124,cer,SliderControl,Slider Control,49,199,0.00,0.00,None,N/A,
175.2224,cer,SliderControl,Slider Control,49,199,0.00,0.00,None,N/A,
175.2329,cer,SliderControl,Slider Control,49,199,0.00,0.00,None,N/A,
175.2423,cer,SliderControl,Slider Control,49,199,0.00,0.00,None,N/A,
175.2529,cer,SliderControl,Slider Control,49,199,0.00,0.00,None,N/A,
175.2624,cer,SliderControl,Slider Control,49,199,0.00,0.00,None,N/A,
175.2721,cer,SliderControl,Slider Control,49,199,0.00,0.00,None,N/A,
175.2824,cer,SliderControl,Slider Control,49,199,0.00,0.00,None,N/A,
175.2929,cer,SliderControl,Slider Control,49,199,0.00,0.00,None,N/A,
175.3024,cer,SliderControl,Slider Control,49,199,0.00,0.00,None,N/A,
175.3130,cer,SliderControl,Slider Control,49,199,0.00,0.00,None,N/A,
175.3229,cer,SliderControl,Slider Control,49,199,0.00,0.00,None,N/A,
175.3325,cer,SliderControl,Slider Control,49,199,0.00,0.00,None,N/A,
175.3429,cer,SliderControl,Slider Control,49,199,0.00,0.00,None,N/A,
175.3525,cer,SliderControl,Slider Control,49,199,0.00,0.00,None,N/A,
175.3629,cer,SliderControl,Slider Control,49,199,0.00,0.00,None,N/A,
175.3724,cer,SliderControl,Slider Control,49,199,0.00,0.00,None,N/A,
175.3829,cer,SliderControl,Slider Control,49,199,0.00,0.00,None,N/A,
175.3924,cer,SliderControl,Slider Control,49,199,0.00,0.00,None,N/A,
175.4029,cer,SliderControl,Slider Control,49,199,0.00,0.00,None,N/A,
175.4126,cer,SliderControl,Slider Control,49,199,0.00,0.00,None,N/A,
175.4226,cer,SliderControl,Slider Control,49,199,0.00,0.00,None,N/A,
175.4322,cer,SliderControl,Slider Control,49,199,0.00,0.00,None,N/A,
175.4429,cer,SliderControl,Slider Control,49,199,0.00,0.00,None,N/A,
175.4529,cer,SliderControl,Slider Control,49,199,0.00,0.00,None,N/A,
175.4625,cer,SliderControl,Slider Control,49,199,0.00,0.00,None,N/A,
175.4725,cer,SliderControl,Slider Control,49,199,0.00,0.00,None,N/A,
175.4821,cer,SliderControl,Slider Control,49,199,0.00,0.00,None,N/A,
175.4926,cer,SliderControl,Slider Control,49,199,0.00,0.00,None,N/A,
175.5022,cer,SliderControl,Slider Control,49,199,0.00,0.00,None,N/A,
175.5128,cer,SliderControl,Slider Control,49,199,0.00,0.00,None,N/A,
175.5223,cer,SliderControl,Slider Control,49,199,0.00,0.00,None,N/A,
175.5326,cer,SliderControl,Slider Control,49,199,0.00,0.00,None,N/A,
175.5420,cer,SliderControl,Slider Control,49,199,0.00,0.00,None,N/A,
175.5523,cer,SliderControl,Slider Control,49,199,0.00,0.00,None,N/A,
175.5622,cer,SliderControl,Slider Control,49,199,0.00,0.00,None,N/A,
175.5729,cer,SliderControl,Slider Control,49,199,0.00,0.00,None,N/A,
175.5825,cer,SliderControl,Slider Control,49,199,0.00,0.00,None,N/A,
175.5922,cer,SliderControl,Slider Control,49,199,0.00,0.00,None,N/A,
175.6028,cer,SliderControl,Slider Control,49,199,0.00,0.00,None,N/A,
175.6124,cer,SliderControl,Slider Control,49,199,0.00,0.00,None,N/A,
175.6220,cer,SliderControl,Slider Control,49,199,0.00,0.00,None,N/A,
175.6331,cer,SliderControl,Slider Control,49,199,0.00,0.00,None,N/A,
175.6428,cer,SliderControl,Slider Control,49,199,0.00,0.00,None,N/A,
175.6527,cer,SliderControl,Slider Control,49,199,0.00,0.00,None,N/A,
175.6623,cer,SliderControl,Slider Control,49,199,0.00,0.00,None,N/A,
175.6733,cer,SliderControl,Slider Control,49,199,0.00,0.00,None,N/A,
175.6829,cer,SliderControl,Slider Control,49,199,0.00,0.00,None,N/A,
175.6928,cer,SliderControl,Slider Control,49,199,0.00,0.00,None,N/A,
175.7023,cer,SliderControl,Slider Control,49,199,0.00,0.00,None,N/A,
175.7128,cer,SliderControl,Slider Control,49,199,0.00,0.00,None,N/A,
175.7223,cer,SliderControl,Slider Control,49,199,0.00,0.00,None,N/A,
175.7328,cer,SliderControl,Slider Control,49,199,0.00,0.00,None,N/A,
175.7425,cer,SliderControl,Slider Control,49,199,0.00,0.00,None,N/A,
175.7527,cer,SliderControl,Slider Control,49,199,0.00,0.00,None,N/A,
175.7623,cer,SliderControl,Slider Control,49,199,0.00,0.00,None,N/A,
175.7729,cer,SliderControl,Slider Control,49,199,0.00,0.00,None,N/A,
175.7825,cer,SliderControl,Slider Control,49,199,0.00,0.00,None,N/A,
175.7930,cer,SliderControl,Slider Control,49,199,0.00,0.00,None,N/A,
175.8029,cer,SliderControl,Slider Control,49,199,0.00,0.00,None,N/A,
175.8125,cer,SliderControl,Slider Control,49,199,0.00,0.00,None,N/A,
175.8227,cer,SliderControl,Slider Control,49,199,0.00,0.00,None,N/A,
175.8321,cer,SliderControl,Slider Control,49,199,0.00,0.00,None,N/A,
175.8427,cer,SliderControl,Slider Control,49,199,0.00,0.00,None,N/A,
175.8524,cer,SliderControl,Slider Control,49,199,0.00,0.00,None,N/A,
175.8629,cer,SliderControl,Slider Control,49,199,0.00,0.00,None,N/A,
175.8724,cer,SliderControl,Slider Control,49,199,0.00,0.00,None,N/A,
175.8828,cer,SliderControl,Slider Control,49,199,0.00,0.00,None,N/A,
175.8924,cer,SliderControl,Slider Control,49,199,0.00,0.00,None,N/A,
175.9030,cer,SliderControl,Slider Control,49,199,0.00,0.00,None,N/A,
175.9125,cer,SliderControl,Slider Control,49,199,0.00,0.00,None,N/A,
175.9235,cer,SliderControl,Slider Control,49,199,0.00,0.00,None,N/A,
175.9322,cer,SliderControl,Slider Control,49,199,0.00,0.00,None,N/A,
175.9427,cer,SliderControl,Slider Control,49,199,0.00,0.00,None,N/A,
175.9522,cer,SliderControl,Slider Control,49,199,0.00,0.00,None,N/A,
175.9628,cer,SliderControl,Slider Control,49,199,0.00,0.00,None,N/A,
175.9722,cer,SliderControl,Slider Control,49,199,0.00,0.00,None,N/A,
175.9827,cer,SliderControl,Slider Control,49,199,0.00,0.00,None,N/A,
175.9921,cer,SliderControl,Slider Control,49,199,0.00,0.00,None,N/A,
176.0026,cer,SliderControl,Slider Control,49,199,0.00,0.00,None,N/A,
176.0121,cer,SliderControl,Slider Control,49,199,0.00,0.00,None,N/A,
176.0222,cer,SliderControl,Slider Control,49,199,0.00,0.00,None,N/A,
176.0327,cer,SliderControl,Slider Control,49,199,0.00,0.00,None,N/A,
176.0422,cer,SliderControl,Slider Control,49,199,0.00,0.00,None,N/A,
176.0528,cer,SliderControl,Slider Control,49,199,0.00,0.00,None,N/A,
176.0622,cer,SliderControl,Slider Control,49,199,0.00,0.00,None,N/A,
176.0727,cer,SliderControl,Slider Control,49,199,0.00,0.00,None,N/A,
176.0822,cer,SliderControl,Slider Control,49,199,0.00,0.00,None,N/A,
176.0927,cer,SliderControl,Slider Control,49,199,0.00,0.00,None,N/A,
176.1022,cer,SliderControl,Slider Control,49,199,0.00,0.00,None,N/A,
176.1126,cer,SliderControl,Slider Control,49,199,0.00,0.00,None,N/A,
176.1221,cer,SliderControl,Slider Control,49,199,0.00,0.00,None,N/A,
176.1326,cer,SliderControl,Slider Control,49,199,0.00,0.00,None,N/A,
176.1420,cer,SliderControl,Slider Control,49,199,0.00,0.00,None,N/A,
176.1525,cer,SliderControl,Slider Control,49,199,0.00,0.00,None,N/A,
176.1621,cer,SliderControl,Slider Control,49,199,0.00,0.00,None,N/A,
176.1729,cer,SliderControl,Slider Control,49,199,0.00,0.00,None,N/A,
176.1823,cer,SliderControl,Slider Control,49,199,0.00,0.00,None,N/A,
176.1928,cer,SliderControl,Slider Control,49,199,0.00,0.00,None,N/A,
176.2023,cer,SliderControl,Slider Control,49,199,0.00,0.00,None,N/A,
176.2128,cer,SliderControl,Slider Control,49,199,0.00,0.00,None,N/A,
176.2222,cer,SliderControl,Slider Control,49,199,0.00,0.00,None,N/A,
176.2325,cer,SliderControl,Slider Control,49,199,0.00,0.00,None,N/A,
176.2430,cer,SliderControl,Slider Control,49,199,0.00,0.00,None,N/A,
176.2525,cer,SliderControl,Slider Control,49,199,0.00,0.00,None,N/A,
176.2620,cer,SliderControl,Slider Control,49,199,0.00,0.00,None,N/A,
176.2726,cer,SliderControl,Slider Control,49,199,0.00,0.00,None,N/A,
176.2821,cer,SliderControl,Slider Control,49,199,0.00,0.00,None,N/A,
176.2927,cer,SliderControl,Slider Control,49,199,0.00,0.00,None,N/A,
176.3022,cer,SliderControl,Slider Control,49,199,0.00,0.00,None,N/A,
176.3127,cer,SliderControl,Slider Control,49,199,0.00,0.00,None,N/A,
176.3221,cer,SliderControl,Slider Control,49,199,0.00,0.00,None,N/A,
176.3325,cer,SliderControl,Slider Control,49,199,0.00,0.00,None,N/A,
176.3420,cer,SliderControl,Slider Control,49,199,0.00,0.00,None,N/A,
176.3524,cer,SliderControl,Slider Control,49,199,0.00,0.00,None,N/A,
176.3629,cer,SliderControl,Slider Control,49,199,0.00,0.00,None,N/A,
176.3723,cer,SliderControl,Slider Control,49,199,0.00,0.00,None,N/A,
176.3826,cer,SliderControl,Slider Control,49,199,0.00,0.00,None,N/A,
176.3922,cer,SliderControl,Slider Control,49,199,0.00,0.00,None,N/A,
176.4028,cer,SliderControl,Slider Control,49,199,0.00,0.00,None,N/A,
176.4123,cer,SliderControl,Slider Control,49,199,0.00,0.00,None,N/A,
176.4227,cer,SliderControl,Slider Control,49,199,0.00,0.00,None,N/A,
176.4322,cer,SliderControl,Slider Control,49,199,0.00,0.00,None,N/A,
176.4428,cer,SliderControl,Slider Control,49,199,0.00,0.00,None,N/A,
176.4526,cer,SliderControl,Slider Control,49,199,0.00,0.00,None,N/A,
176.4621,cer,SliderControl,Slider Control,49,199,0.00,0.00,None,N/A,
176.4725,cer,SliderControl,Slider Control,49,199,0.00,0.00,None,N/A,
176.4829,cer,SliderControl,Slider Control,49,199,0.00,0.00,None,N/A,
176.4924,cer,SliderControl,Slider Control,49,199,0.00,0.00,None,N/A,
176.5030,cer,SliderControl,Slider Control,49,199,0.00,0.00,None,N/A,
176.5124,cer,SliderControl,Slider Control,49,199,0.00,0.00,None,N/A,
176.5228,cer,SliderControl,Slider Control,49,199,0.00,0.00,None,N/A,
176.5322,cer,SliderControl,Slider Control,49,199,0.00,0.00,None,N/A,
176.5427,cer,SliderControl,Slider Control,49,199,0.00,0.00,None,N/A,
176.5523,cer,SliderControl,Slider Control,49,199,0.00,0.00,None,N/A,
176.5629,cer,SliderControl,Slider Control,49,199,0.00,0.00,None,N/A,
176.5723,cer,SliderControl,Slider Control,49,199,0.00,0.00,None,N/A,
176.5828,cer,SliderControl,Slider Control,49,199,0.00,0.00,None,N/A,
176.5920,cer,SliderControl,Slider Control,63,207,1742.58,188320.16,None,N/A,
176.6027,cer,SliderControl,Slider Control,79,216,1723.26,-1812.81,None,N/A,
176.6123,cer,SliderControl,Slider Control,97,227,2191.70,48668.85,None,N/A,
176.6222,cer,SliderControl,Slider Control,125,245,3349.35,116484.28,None,N/A,
176.6329,cer,SliderControl,Slider Control,139,253,1504.05,-172124.36,None,N/A,
176.6426,cer,SliderControl,Slider Control,154,261,1765.24,27120.83,None,N/A,
176.6522,cer,SliderControl,Slider Control,169,270,1819.39,5631.96,None,N/A,
176.6629,cer,SliderControl,Slider Control,199,288,3277.22,136559.60,None,N/A,
176.6727,cer,SliderControl,Slider Control,213,296,1637.36,-166518.97,None,N/A,
176.6827,cer,SliderControl,Slider Control,226,303,1478.14,-15939.79,None,N/A,
176.6925,cer,SliderControl,Slider Control,248,311,2396.25,93979.53,None,N/A,
176.7021,cer,SliderControl,Slider Control,258,313,1053.69,-138716.68,None,N/A,
176.7127,cer,SliderControl,Slider Control,267,315,876.66,-16833.53,None,N/A,
176.7219,cer,SliderControl,Slider Control,280,316,1410.11,57693.21,None,N/A,
176.7320,cer,SliderControl,Slider Control,286,315,601.17,-79949.24,None,N/A,
176.7425,cer,SliderControl,Slider Control,291,313,515.71,-8183.94,None,N/A,
176.7522,cer,SliderControl,Slider Control,299,310,877.80,37200.65,None,N/A,
176.7624,cer,SliderControl,Slider Control,303,308,440.63,-43073.34,None,N/A,
176.7723,cer,SliderControl,Slider Control,306,306,363.14,-7803.93,None,N/A,
176.7821,cer,SliderControl,Slider Control,310,304,455.07,9353.97,None,N/A,
176.7921,cer,SliderControl,Slider Control,312,302,283.82,-17184.20,None,N/A,
176.8021,cer,SliderControl,Slider Control,314,301,222.67,-6089.31,None,N/A,
176.8121,cer,SliderControl,Slider Control,315,300,141.04,-8140.66,None,N/A,
176.8220,cer,SliderControl,Slider Control,317,299,226.82,8701.77,None,N/A,
176.8320,cer,SliderControl,Slider Control,318,298,141.22,-8548.44,None,N/A,
176.8425,cer,SliderControl,Slider Control,319,298,95.36,-4372.64,None,N/A,
176.8528,cer,SliderControl,Slider Control,320,297,137.14,4051.30,None,N/A,
176.8623,cer,SliderControl,Slider Control,320,297,0.00,-14426.13,None,N/A,
176.8730,cer,SliderControl,Slider Control,320,296,93.74,8786.80,None,N/A,
176.8824,cer,SliderControl,Slider Control,321,295,151.00,6113.71,None,N/A,
176.8927,cer,SliderControl,Slider Control,321,295,0.00,-14592.52,None,N/A,
176.9024,cer,SliderControl,Slider Control,322,295,102.64,10535.09,None,N/A,
176.9121,cer,SliderControl,Slider Control,322,294,103.75,115.38,None,N/A,
176.9221,cer,SliderControl,Slider Control,322,294,0.00,-10344.94,None,N/A,
176.9329,cer,SliderControl,Slider Control,322,294,0.00,0.00,None,N/A,
176.9420,cer,SliderControl,Slider Control,322,293,109.71,12036.80,None,N/A,
176.9526,cer,SliderControl,Slider Control,322,293,0.00,-10351.77,None,N/A,
176.9625,cer,SliderControl,Slider Control,321,292,142.72,14404.02,None,N/A,
176.9720,cer,SliderControl,Slider Control,321,291,105.37,-3936.17,None,N/A,
176.9822,cer,SliderControl,Slider Control,319,289,276.40,16714.27,None,N/A,
176.9927,cer,SliderControl,Slider Control,319,289,0.00,-26353.68,None,N/A,
177.0023,cer,SliderControl,Slider Control,319,289,0.00,0.00,None,N/A,
177.0128,cer,SliderControl,Slider Control,319,289,0.00,0.00,None,N/A,
177.0223,cer,SliderControl,Slider Control,319,289,0.00,0.00,None,N/A,
177.0328,cer,SliderControl,Slider Control,319,289,0.00,0.00,None,N/A,
177.0425,cer,SliderControl,Slider Control,319,289,0.00,0.00,None,N/A,
177.0521,cer,SliderControl,Slider Control,319,289,0.00,0.00,None,N/A,
177.0627,cer,SliderControl,Slider Control,319,289,0.00,0.00,None,N/A,
177.0721,cer,SliderControl,Slider Control,319,289,0.00,0.00,None,N/A,
177.0827,cer,SliderControl,Slider Control,319,289,0.00,0.00,None,N/A,
177.0922,cer,SliderControl,Slider Control,319,289,0.00,0.00,None,N/A,
177.1029,cer,SliderControl,Slider Control,319,289,0.00,0.00,None,N/A,
177.1125,cer,SliderControl,Slider Control,319,289,0.00,0.00,None,N/A,
177.1229,cer,SliderControl,Slider Control,319,289,0.00,0.00,None,N/A,
177.1324,cer,SliderControl,Slider Control,319,289,0.00,0.00,None,N/A,
177.1428,cer,SliderControl,Slider Control,319,289,0.00,0.00,None,N/A,
177.1524,cer,SliderControl,Slider Control,319,289,0.00,0.00,None,N/A,
177.1629,cer,SliderControl,Slider Control,319,289,0.00,0.00,None,N/A,
177.1723,cer,SliderControl,Slider Control,319,289,0.00,0.00,None,N/A,
177.1828,cer,SliderControl,Slider Control,319,289,0.00,0.00,None,N/A,
177.1923,cer,SliderControl,Slider Control,319,289,0.00,0.00,None,N/A,
177.2028,cer,SliderControl,Slider Control,319,289,0.00,0.00,None,N/A,
177.2125,cer,SliderControl,Slider Control,319,289,0.00,0.00,None,N/A,
177.2220,cer,SliderControl,Slider Control,319,289,0.00,0.00,None,N/A,
177.2325,cer,SliderControl,Slider Control,319,289,0.00,0.00,None,N/A,
177.2420,cer,SliderControl,Slider Control,319,289,0.00,0.00,None,N/A,
177.2525,cer,SliderControl,Slider Control,319,289,0.00,0.00,None,N/A,
177.2630,cer,SliderControl,Slider Control,319,289,0.00,0.00,None,N/A,
177.2724,cer,SliderControl,Slider Control,319,289,0.00,0.00,None,N/A,
177.2829,cer,SliderControl,Slider Control,319,289,0.00,0.00,None,N/A,
177.2923,cer,SliderControl,Slider Control,319,289,0.00,0.00,None,N/A,
177.3023,cer,SliderControl,Slider Control,319,289,0.00,0.00,None,N/A,
177.3127,cer,SliderControl,Slider Control,319,289,0.00,0.00,None,N/A,
177.3222,cer,SliderControl,Slider Control,319,289,0.00,0.00,None,N/A,
177.3326,cer,SliderControl,Slider Control,319,289,0.00,0.00,None,N/A,
177.3420,cer,SliderControl,Slider Control,319,289,0.00,0.00,None,N/A,
177.3525,cer,SliderControl,Slider Control,319,289,0.00,0.00,None,N/A,
177.3620,cer,SliderControl,Slider Control,319,289,0.00,0.00,None,N/A,
177.3728,cer,SliderControl,Slider Control,319,289,0.00,0.00,None,N/A,
177.3829,cer,SliderControl,Slider Control,319,289,0.00,0.00,None,N/A,
177.3925,cer,SliderControl,Slider Control,319,289,0.00,0.00,None,N/A,
177.4024,cer,SliderControl,Slider Control,319,290,100.55,10109.63,None,N/A,
177.4129,cer,SliderControl,Slider Control,319,290,0.00,-9614.56,None,N/A,
177.4224,cer,SliderControl,Slider Control,319,290,0.00,0.00,None,N/A,
177.4329,cer,SliderControl,Slider Control,319,290,0.00,0.00,None,N/A,
177.4424,cer,SliderControl,Slider Control,319,290,0.00,0.00,None,N/A,
177.4530,cer,SliderControl,Slider Control,319,290,0.00,0.00,None,N/A,
177.4628,cer,SliderControl,Slider Control,319,290,0.00,0.00,None,N/A,
177.4722,cer,SliderControl,Slider Control,319,290,0.00,0.00,None,N/A,
177.4825,cer,SliderControl,Slider Control,319,290,0.00,0.00,None,N/A,
177.4928,cer,SliderControl,Slider Control,319,290,0.00,0.00,None,N/A,
177.5025,cer,SliderControl,Slider Control,319,290,0.00,0.00,None,N/A,
177.5130,cer,SliderControl,Slider Control,319,290,0.00,0.00,None,N/A,
177.5228,cer,SliderControl,Slider Control,319,290,0.00,0.00,None,N/A,
177.5325,cer,SliderControl,Slider Control,319,290,0.00,0.00,None,N/A,
177.5421,cer,SliderControl,Slider Control,319,290,0.00,0.00,None,N/A,
177.5526,cer,SliderControl,Slider Control,319,290,0.00,0.00,None,N/A,
177.5622,cer,SliderControl,Slider Control,319,290,0.00,0.00,None,N/A,
177.5728,cer,SliderControl,Slider Control,319,290,0.00,0.00,None,N/A,
177.5823,cer,SliderControl,Slider Control,319,290,0.00,0.00,None,N/A,
177.5927,cer,SliderControl,Slider Control,319,290,0.00,0.00,None,N/A,
177.6023,cer,SliderControl,Slider Control,319,290,0.00,0.00,None,N/A,
177.6128,cer,SliderControl,Slider Control,319,290,0.00,0.00,None,N/A,
177.6222,cer,SliderControl,Slider Control,319,290,0.00,0.00,None,N/A,
177.6327,cer,SliderControl,Slider Control,319,290,0.00,0.00,None,N/A,
177.6425,cer,SliderControl,Slider Control,319,290,0.00,0.00,None,N/A,
177.6526,cer,SliderControl,Slider Control,319,290,0.00,0.00,None,N/A,
177.6626,cer,SliderControl,Slider Control,319,289,100.31,10061.82,None,N/A,
177.6728,cer,SliderControl,Slider Control,319,289,0.00,-9793.64,None,N/A,
177.6826,cer,SliderControl,Slider Control,319,289,0.00,0.00,None,N/A,
177.6922,cer,SliderControl,Slider Control,319,289,0.00,0.00,None,N/A,
177.7028,cer,SliderControl,Slider Control,319,289,0.00,0.00,None,N/A,
177.7125,cer,SliderControl,Slider Control,319,289,0.00,0.00,None,N/A,
177.7225,cer,SliderControl,Slider Control,319,289,0.00,0.00,None,N/A,
177.7321,cer,SliderControl,Slider Control,319,289,0.00,0.00,None,N/A,
177.7428,cer,SliderControl,Slider Control,319,289,0.00,0.00,None,N/A,
177.7529,cer,SliderControl,Slider Control,319,289,0.00,0.00,None,N/A,
177.7624,cer,SliderControl,Slider Control,319,289,0.00,0.00,None,N/A,
177.7729,cer,SliderControl,Slider Control,319,289,0.00,0.00,None,N/A,
177.7824,cer,SliderControl,Slider Control,319,289,0.00,0.00,None,N/A,
177.7929,cer,SliderControl,Slider Control,319,289,0.00,0.00,None,N/A,
177.8025,cer,SliderControl,Slider Control,319,289,0.00,0.00,None,N/A,
177.8130,cer,SliderControl,Slider Control,319,289,0.00,0.00,None,N/A,
177.8226,cer,SliderControl,Slider Control,319,289,0.00,0.00,None,N/A,
177.8325,cer,SliderControl,Slider Control,319,289,0.00,0.00,None,N/A,
177.8422,cer,SliderControl,Slider Control,319,289,0.00,0.00,None,N/A,
177.8520,cer,SliderControl,Slider Control,319,289,0.00,0.00,None,N/A,
177.8624,cer,SliderControl,Slider Control,319,289,0.00,0.00,None,N/A,
177.8728,cer,SliderControl,Slider Control,319,289,0.00,0.00,None,N/A,
177.8822,cer,SliderControl,Slider Control,319,289,0.00,0.00,None,N/A,
177.8927,cer,SliderControl,Slider Control,319,289,0.00,0.00,None,N/A,
177.9022,cer,SliderControl,Slider Control,319,289,0.00,0.00,None,N/A,
177.9127,cer,SliderControl,Slider Control,319,289,0.00,0.00,None,N/A,
177.9222,cer,SliderControl,Slider Control,319,289,0.00,0.00,None,N/A,
177.9326,cer,SliderControl,Slider Control,319,289,0.00,0.00,None,N/A,
177.9430,cer,SliderControl,Slider Control,319,289,0.00,0.00,None,N/A,
177.9526,cer,SliderControl,Slider Control,319,289,0.00,0.00,None,N/A,
177.9630,cer,SliderControl,Slider Control,319,289,0.00,0.00,None,N/A,
177.9725,cer,SliderControl,Slider Control,319,289,0.00,0.00,None,N/A,
177.9822,cer,SliderControl,Slider Control,319,289,0.00,0.00,None,N/A,
177.9927,cer,SliderControl,Slider Control,319,289,0.00,0.00,None,N/A,
178.0022,cer,SliderControl,Slider Control,319,289,0.00,0.00,None,N/A,
178.0125,cer,SliderControl,Slider Control,319,289,0.00,0.00,None,N/A,
178.0220,cer,SliderControl,Slider Control,319,289,0.00,0.00,None,N/A,
178.0325,cer,SliderControl,Slider Control,319,289,0.00,0.00,None,N/A,
178.0429,cer,SliderControl,Slider Control,319,289,0.00,0.00,None,N/A,
178.0525,cer,SliderControl,Slider Control,319,289,0.00,0.00,None,N/A,
178.0629,cer,SliderControl,Slider Control,319,289,0.00,0.00,None,N/A,
178.0724,cer,SliderControl,Slider Control,319,289,0.00,0.00,None,N/A,
178.0829,cer,SliderControl,Slider Control,319,289,0.00,0.00,None,N/A,
178.0924,cer,SliderControl,Slider Control,319,289,0.00,0.00,None,N/A,
178.1030,cer,SliderControl,Slider Control,319,289,0.00,0.00,None,N/A,
178.1125,cer,SliderControl,Slider Control,319,289,0.00,0.00,None,N/A,
178.1228,cer,SliderControl,Slider Control,319,289,0.00,0.00,None,N/A,
178.1323,cer,SliderControl,Slider Control,319,289,0.00,0.00,None,N/A,
178.1430,cer,SliderControl,Slider Control,319,289,0.00,0.00,None,N/A,
178.1528,cer,SliderControl,Slider Control,319,289,0.00,0.00,None,N/A,
178.1622,cer,SliderControl,Slider Control,319,289,0.00,0.00,None,N/A,
178.1727,cer,SliderControl,Slider Control,319,289,0.00,0.00,None,N/A,
178.1822,cer,SliderControl,Slider Control,319,289,0.00,0.00,None,N/A,
178.1927,cer,SliderControl,Slider Control,319,289,0.00,0.00,None,N/A,
178.2023,cer,SliderControl,Slider Control,319,289,0.00,0.00,None,N/A,
178.2128,cer,SliderControl,Slider Control,319,289,0.00,0.00,None,N/A,
178.2223,cer,SliderControl,Slider Control,319,289,0.00,0.00,None,N/A,
178.2329,cer,SliderControl,Slider Control,319,289,0.00,0.00,None,N/A,
178.2424,cer,SliderControl,Slider Control,319,289,0.00,0.00,None,N/A,
178.2520,cer,SliderControl,Slider Control,319,289,0.00,0.00,None,N/A,
178.2625,cer,SliderControl,Slider Control,319,289,0.00,0.00,None,N/A,
178.2729,cer,SliderControl,Slider Control,319,289,0.00,0.00,None,N/A,
178.2825,cer,SliderControl,Slider Control,319,289,0.00,0.00,None,N/A,
178.2929,cer,SliderControl,Slider Control,319,289,0.00,0.00,None,N/A,
178.3025,cer,SliderControl,Slider Control,319,289,0.00,0.00,None,N/A,
178.3130,cer,SliderControl,Slider Control,319,289,0.00,0.00,None,N/A,
178.3225,cer,SliderControl,Slider Control,319,289,0.00,0.00,None,N/A,
178.3330,cer,SliderControl,Slider Control,319,289,0.00,0.00,None,N/A,
178.3425,cer,SliderControl,Slider Control,319,289,0.00,0.00,None,N/A,
178.3521,cer,SliderControl,Slider Control,319,289,0.00,0.00,None,N/A,
178.3626,cer,SliderControl,Slider Control,319,289,0.00,0.00,None,N/A,
178.3721,cer,SliderControl,Slider Control,319,289,0.00,0.00,None,N/A,
178.3826,cer,SliderControl,Slider Control,319,289,0.00,0.00,None,N/A,
178.3921,cer,SliderControl,Slider Control,319,289,0.00,0.00,None,N/A,
178.4028,cer,SliderControl,Slider Control,319,289,0.00,0.00,None,N/A,
178.4123,cer,SliderControl,Slider Control,319,289,0.00,0.00,None,N/A,
178.4220,cer,SliderControl,Slider Control,319,289,0.00,0.00,None,N/A,
178.4325,cer,SliderControl,Slider Control,319,289,0.00,0.00,None,N/A,
178.4421,cer,SliderControl,Slider Control,319,289,0.00,0.00,None,N/A,
178.4528,cer,SliderControl,Slider Control,319,289,0.00,0.00,None,N/A,
178.4624,cer,SliderControl,Slider Control,319,289,0.00,0.00,None,N/A,
178.4730,cer,SliderControl,Slider Control,319,289,0.00,0.00,None,N/A,
178.4827,cer,SliderControl,Slider Control,319,289,0.00,0.00,None,N/A,
178.4922,cer,SliderControl,Slider Control,319,289,0.00,0.00,None,N/A,
178.5028,cer,SliderControl,Slider Control,319,289,0.00,0.00,None,N/A,
178.5121,cer,SliderControl,Slider Control,319,289,0.00,0.00,None,N/A,
178.5224,cer,SliderControl,Slider Control,319,289,0.00,0.00,None,N/A,
178.5328,cer,SliderControl,Slider Control,319,289,0.00,0.00,None,N/A,
178.5422,cer,SliderControl,Slider Control,319,289,0.00,0.00,None,N/A,
178.5529,cer,SliderControl,Slider Control,319,289,0.00,0.00,None,N/A,
178.5623,cer,SliderControl,Slider Control,319,289,0.00,0.00,None,N/A,
178.5728,cer,SliderControl,Slider Control,319,289,0.00,0.00,None,N/A,
178.5822,cer,SliderControl,Slider Control,319,289,0.00,0.00,None,N/A,
178.5927,cer,SliderControl,Slider Control,319,289,0.00,0.00,None,N/A,
178.6023,cer,SliderControl,Slider Control,319,289,0.00,0.00,None,N/A,
178.6130,cer,SliderControl,Slider Control,319,289,0.00,0.00,None,N/A,
178.6230,cer,SliderControl,Slider Control,319,289,0.00,0.00,None,N/A,
178.6327,cer,SliderControl,Slider Control,319,289,0.00,0.00,None,N/A,
178.6424,cer,SliderControl,Slider Control,319,289,0.00,0.00,None,N/A,
178.6533,cer,SliderControl,Slider Control,319,289,0.00,0.00,None,N/A,
178.6629,cer,SliderControl,Slider Control,319,289,0.00,0.00,None,N/A,
178.6725,cer,SliderControl,Slider Control,319,289,0.00,0.00,None,N/A,
178.6823,cer,SliderControl,Slider Control,319,289,0.00,0.00,None,N/A,
178.6929,cer,SliderControl,Slider Control,319,289,0.00,0.00,None,N/A,
178.7025,cer,SliderControl,Slider Control,319,289,0.00,0.00,None,N/A,
178.7136,cer,SliderControl,Slider Control,319,289,0.00,0.00,None,N/A,
178.7223,cer,SliderControl,Slider Control,319,289,0.00,0.00,None,N/A,
178.7328,cer,SliderControl,Slider Control,319,289,0.00,0.00,None,N/A,
178.7423,cer,SliderControl,Slider Control,319,289,0.00,0.00,None,N/A,
178.7530,cer,SliderControl,Slider Control,319,289,0.00,0.00,None,N/A,
178.7624,cer,SliderControl,Slider Control,319,289,0.00,0.00,None,N/A,
178.7731,cer,SliderControl,Slider Control,319,289,0.00,0.00,None,N/A,
178.7830,cer,SliderControl,Slider Control,319,289,0.00,0.00,None,N/A,
178.7926,cer,SliderControl,Slider Control,319,289,0.00,0.00,None,N/A,
178.8026,cer,SliderControl,Slider Control,319,289,0.00,0.00,None,N/A,
178.8122,cer,SliderControl,Slider Control,319,289,0.00,0.00,None,N/A,
178.8228,cer,SliderControl,Slider Control,319,289,0.00,0.00,None,N/A,
178.8327,cer,SliderControl,Slider Control,319,289,0.00,0.00,None,N/A,
178.8423,cer,SliderControl,Slider Control,319,289,0.00,0.00,None,N/A,
178.8529,cer,SliderControl,Slider Control,319,289,0.00,0.00,None,N/A,
178.8624,cer,SliderControl,Slider Control,319,289,0.00,0.00,None,N/A,
178.8728,cer,SliderControl,Slider Control,319,289,0.00,0.00,None,N/A,
178.8822,cer,SliderControl,Slider Control,319,289,0.00,0.00,None,N/A,
178.8928,cer,SliderControl,Slider Control,319,289,0.00,0.00,None,N/A,
178.9024,cer,SliderControl,Slider Control,319,289,0.00,0.00,None,N/A,
178.9129,cer,SliderControl,Slider Control,319,289,0.00,0.00,None,N/A,
178.9223,cer,SliderControl,Slider Control,319,289,0.00,0.00,None,N/A,
178.9327,cer,SliderControl,Slider Control,319,289,0.00,0.00,None,N/A,
178.9425,cer,SliderControl,Slider Control,319,289,0.00,0.00,None,N/A,
178.9521,cer,SliderControl,Slider Control,319,289,0.00,0.00,None,N/A,
178.9627,cer,SliderControl,Slider Control,319,289,0.00,0.00,None,N/A,
178.9721,cer,SliderControl,Slider Control,319,289,0.00,0.00,None,N/A,
178.9826,cer,SliderControl,Slider Control,319,289,0.00,0.00,None,N/A,
178.9922,cer,SliderControl,Slider Control,319,289,0.00,0.00,None,N/A,
179.0027,cer,SliderControl,Slider Control,319,289,0.00,0.00,None,N/A,
179.0122,cer,SliderControl,Slider Control,319,289,0.00,0.00,None,N/A,
179.0226,cer,SliderControl,Slider Control,319,289,0.00,0.00,None,N/A,
179.0321,cer,SliderControl,Slider Control,319,289,0.00,0.00,None,N/A,
179.0426,cer,SliderControl,Slider Control,319,289,0.00,0.00,None,N/A,
179.0522,cer,SliderControl,Slider Control,319,289,0.00,0.00,None,N/A,
179.0627,cer,SliderControl,Slider Control,319,289,0.00,0.00,None,N/A,
179.0721,cer,SliderControl,Slider Control,319,289,0.00,0.00,None,N/A,
179.0825,cer,SliderControl,Slider Control,319,289,0.00,0.00,None,N/A,
179.0925,cer,SliderControl,Slider Control,319,289,0.00,0.00,None,N/A,
179.1023,cer,SliderControl,Slider Control,319,289,0.00,0.00,None,N/A,
179.1128,cer,SliderControl,Slider Control,319,289,0.00,0.00,None,N/A,
179.1229,cer,SliderControl,Slider Control,319,289,0.00,0.00,None,N/A,
179.1324,cer,SliderControl,Slider Control,319,289,0.00,0.00,None,N/A,
179.1429,cer,SliderControl,Slider Control,319,289,0.00,0.00,None,N/A,
179.1525,cer,SliderControl,Slider Control,319,289,0.00,0.00,None,N/A,
179.1629,cer,SliderControl,Slider Control,319,289,0.00,0.00,None,N/A,
179.1728,cer,SliderControl,Slider Control,319,289,0.00,0.00,None,N/A,
179.1824,cer,SliderControl,Slider Control,319,289,0.00,0.00,None,N/A,
179.1930,cer,SliderControl,Slider Control,319,289,0.00,0.00,None,N/A,
179.2021,cer,SliderControl,Slider Control,319,289,0.00,0.00,None,N/A,
179.2125,cer,SliderControl,Slider Control,319,289,0.00,0.00,None,N/A,
179.2229,cer,SliderControl,Slider Control,319,289,0.00,0.00,None,N/A,
179.2324,cer,SliderControl,Slider Control,319,289,0.00,0.00,None,N/A,
179.2431,cer,SliderControl,Slider Control,319,289,0.00,0.00,None,N/A,
179.2530,cer,SliderControl,Slider Control,319,289,0.00,0.00,None,N/A,
179.2626,cer,SliderControl,Slider Control,319,289,0.00,0.00,None,N/A,
179.2720,cer,SliderControl,Slider Control,319,289,0.00,0.00,None,N/A,
179.2824,cer,SliderControl,Slider Control,319,289,0.00,0.00,None,N/A,
179.2921,cer,SliderControl,Slider Control,319,289,0.00,0.00,None,N/A,
179.3027,cer,SliderControl,Slider Control,319,289,0.00,0.00,None,N/A,
179.3121,cer,SliderControl,Slider Control,319,289,0.00,0.00,None,N/A,
179.3226,cer,SliderControl,Slider Control,319,289,0.00,0.00,None,N/A,
179.3320,cer,SliderControl,Slider Control,319,289,0.00,0.00,None,N/A,
179.3426,cer,SliderControl,Slider Control,319,289,0.00,0.00,None,N/A,
179.3522,cer,SliderControl,Slider Control,319,289,0.00,0.00,None,N/A,
179.3627,cer,SliderControl,Slider Control,319,289,0.00,0.00,None,N/A,
179.3722,cer,SliderControl,Slider Control,319,289,0.00,0.00,None,N/A,
179.3827,cer,SliderControl,Slider Control,319,289,0.00,0.00,None,N/A,
179.3921,cer,SliderControl,Slider Control,319,289,0.00,0.00,None,N/A,
179.4027,cer,SliderControl,Slider Control,319,289,0.00,0.00,None,N/A,
179.4122,cer,SliderControl,Slider Control,319,289,0.00,0.00,None,N/A,
179.4227,cer,SliderControl,Slider Control,319,289,0.00,0.00,None,N/A,
179.4325,cer,SliderControl,Slider Control,319,289,0.00,0.00,None,N/A,
179.4429,cer,SliderControl,Slider Control,319,289,0.00,0.00,None,N/A,
179.4525,cer,SliderControl,Slider Control,319,289,0.00,0.00,None,N/A,
179.4629,cer,SliderControl,Slider Control,319,289,0.00,0.00,None,N/A,
179.4723,cer,SliderControl,Slider Control,319,289,0.00,0.00,None,N/A,
179.4826,cer,SliderControl,Slider Control,319,289,0.00,0.00,None,N/A,
179.4921,cer,SliderControl,Slider Control,319,289,0.00,0.00,None,N/A,
179.5029,cer,SliderControl,Slider Control,319,289,0.00,0.00,None,N/A,
179.5124,cer,SliderControl,Slider Control,319,289,0.00,0.00,None,N/A,
179.5229,cer,SliderControl,Slider Control,319,289,0.00,0.00,None,N/A,
179.5323,cer,SliderControl,Slider Control,319,289,0.00,0.00,None,N/A,
179.5428,cer,SliderControl,Slider Control,319,289,0.00,0.00,None,N/A,
179.5523,cer,SliderControl,Slider Control,319,289,0.00,0.00,None,N/A,
179.5628,cer,SliderControl,Slider Control,319,289,0.00,0.00,None,N/A,
179.5723,cer,SliderControl,Slider Control,319,289,0.00,0.00,None,N/A,
179.5826,cer,SliderControl,Slider Control,319,289,0.00,0.00,None,N/A,
179.5921,cer,SliderControl,Slider Control,319,289,0.00,0.00,None,N/A,
179.6028,cer,SliderControl,Slider Control,319,289,0.00,0.00,None,N/A,
179.6124,cer,SliderControl,Slider Control,319,289,0.00,0.00,None,N/A,
179.6221,cer,SliderControl,Slider Control,319,289,0.00,0.00,None,N/A,
179.6330,cer,SliderControl,Slider Control,319,289,0.00,0.00,None,N/A,
179.6426,cer,SliderControl,Slider Control,319,289,0.00,0.00,None,N/A,
179.6520,cer,SliderControl,Slider Control,319,289,0.00,0.00,None,N/A,
179.6628,cer,SliderControl,Slider Control,320,283,566.01,52668.29,None,N/A,
179.6729,cer,SliderControl,Slider Control,322,271,1198.07,62246.01,None,N/A,
179.6823,cer,SliderControl,Slider Control,327,233,4102.42,310868.83,None,N/A,
179.6925,cer,SliderControl,Slider Control,330,219,1405.15,-264709.65,None,N/A,
179.7024,cer,SliderControl,Slider Control,333,206,1337.29,-6801.66,None,N/A,
179.7126,cer,SliderControl,Slider Control,336,187,1900.39,55631.80,None,N/A,
179.7226,cer,SliderControl,Slider Control,337,181,605.61,-128909.71,None,N/A,
179.7320,cer,SliderControl,Slider Control,338,176,541.36,-6821.23,None,N/A,
179.7420,cer,SliderControl,Slider Control,339,171,513.12,-2841.50,None,N/A,
179.7528,cer,SliderControl,Slider Control,339,169,184.54,-30318.03,None,N/A,
179.7622,cer,SliderControl,Slider Control,339,168,106.01,-8324.96,None,N/A,
179.7728,cer,SliderControl,Slider Control,339,168,0.00,-10043.57,None,N/A,
179.7822,cer,SliderControl,Slider Control,339,168,0.00,0.00,None,N/A,
179.7927,cer,SliderControl,Slider Control,339,168,0.00,0.00,None,N/A,
179.8027,cer,SliderControl,Slider Control,339,168,0.00,0.00,None,N/A,
179.8124,cer,SliderControl,Slider Control,339,168,0.00,0.00,None,N/A,
179.8230,cer,SliderControl,Slider Control,339,168,0.00,0.00,None,N/A,
179.8326,cer,SliderControl,Slider Control,339,168,0.00,0.00,None,N/A,
179.8421,cer,SliderControl,Slider Control,339,168,0.00,0.00,None,N/A,
179.8527,cer,SliderControl,Slider Control,339,168,0.00,0.00,None,N/A,
179.8621,cer,SliderControl,Slider Control,339,168,0.00,0.00,None,N/A,
179.8726,cer,SliderControl,Slider Control,339,168,0.00,0.00,None,N/A,
179.8829,cer,SliderControl,Slider Control,339,168,0.00,0.00,None,N/A,
179.8925,cer,SliderControl,Slider Control,339,168,0.00,0.00,None,N/A,
179.9021,cer,SliderControl,Slider Control,339,168,0.00,0.00,None,N/A,
179.9125,cer,SliderControl,Slider Control,339,168,0.00,0.00,None,N/A,
179.9229,cer,SliderControl,Slider Control,339,168,0.00,0.00,None,N/A,
179.9324,cer,SliderControl,Slider Control,339,168,0.00,0.00,None,N/A,
179.9429,cer,SliderControl,Slider Control,339,168,0.00,0.00,None,N/A,
179.9525,cer,SliderControl,Slider Control,339,168,0.00,0.00,None,N/A,
179.9621,cer,SliderControl,Slider Control,339,168,0.00,0.00,None,N/A,
179.9726,cer,SliderControl,Slider Control,339,168,0.00,0.00,None,N/A,
179.9820,cer,SliderControl,Slider Control,339,168,0.00,0.00,None,N/A,
179.9926,cer,SliderControl,Slider Control,339,168,0.00,0.00,None,N/A,
180.0022,cer,SliderControl,Slider Control,339,168,0.00,0.00,None,N/A,
180.0127,cer,SliderControl,Slider Control,339,168,0.00,0.00,None,N/A,
180.0221,cer,SliderControl,Slider Control,339,168,0.00,0.00,None,N/A,
180.0325,cer,SliderControl,Slider Control,339,168,0.00,0.00,None,N/A,
180.0429,cer,SliderControl,Slider Control,339,168,0.00,0.00,None,N/A,
180.0525,cer,SliderControl,Slider Control,339,168,0.00,0.00,None,N/A,
180.0629,cer,SliderControl,Slider Control,339,168,0.00,0.00,None,N/A,
180.0724,cer,SliderControl,Slider Control,339,168,0.00,0.00,None,N/A,
180.0829,cer,SliderControl,Slider Control,339,168,0.00,0.00,None,N/A,
180.0923,cer,SliderControl,Slider Control,339,168,0.00,0.00,None,N/A,
180.1029,cer,SliderControl,Slider Control,339,168,0.00,0.00,None,N/A,
180.1125,cer,SliderControl,Slider Control,339,168,0.00,0.00,None,N/A,
180.1223,cer,SliderControl,Slider Control,339,168,0.00,0.00,None,N/A,
180.1330,cer,SliderControl,Slider Control,339,168,0.00,0.00,None,N/A,
180.1428,cer,SliderControl,Slider Control,339,169,101.17,10235.36,None,N/A,
180.1520,cer,SliderControl,Slider Control,339,169,0.00,-11085.39,None,N/A,
180.1621,cer,SliderControl,Slider Control,338,169,99.21,9842.64,None,N/A,
180.1723,cer,SliderControl,Slider Control,338,170,98.05,-113.92,None,N/A,
180.1821,cer,SliderControl,Slider Control,338,170,0.00,-9922.64,None,N/A,
180.1929,cer,SliderControl,Slider Control,338,170,0.00,0.00,None,N/A,
180.2027,cer,SliderControl,Slider Control,337,171,143.86,14634.81,None,N/A,
180.2120,cer,SliderControl,Slider Control,337,171,0.00,-15455.75,None,N/A,
180.2224,cer,SliderControl,Slider Control,336,172,135.90,13059.48,None,N/A,
180.2320,cer,SliderControl,Slider Control,336,172,0.00,-14147.61,None,N/A,
180.2426,cer,SliderControl,Slider Control,336,172,0.00,0.00,None,N/A,
180.2528,cer,SliderControl,Slider Control,335,173,139.08,13677.83,None,N/A,
180.2625,cer,SliderControl,Slider Control,335,173,0.00,-14418.90,None,N/A,
180.2721,cer,SliderControl,Slider Control,335,174,103.21,10652.06,None,N/A,
180.2824,cer,SliderControl,Slider Control,333,174,194.56,8886.51,None,N/A,
180.2930,cer,SliderControl,Slider Control,333,175,94.84,-9457.37,None,N/A,
180.3026,cer,SliderControl,Slider Control,332,175,103.45,890.83,None,N/A,
180.3129,cer,SliderControl,Slider Control,331,176,138.36,3415.14,None,N/A,
180.3224,cer,SliderControl,Slider Control,330,176,105.24,-3485.64,None,N/A,
180.3323,cer,SliderControl,Slider Control,329,176,100.21,-504.39,None,N/A,
180.3422,cer,SliderControl,Slider Control,328,177,143.16,4348.09,None,N/A,
180.3528,cer,SliderControl,Slider Control,328,177,0.00,-13496.33,None,N/A,
180.3628,cer,SliderControl,Slider Control,328,178,99.94,9987.63,None,N/A,
180.3723,cer,SliderControl,Slider Control,327,178,105.64,601.97,None,N/A,
180.3823,cer,SliderControl,Slider Control,327,179,100.02,-561.41,None,N/A,
180.3920,cer,SliderControl,Slider Control,326,179,102.91,296.74,None,N/A,
180.4027,cer,SliderControl,Slider Control,326,180,93.74,-859.54,None,N/A,
180.4121,cer,SliderControl,Slider Control,325,180,106.66,1378.61,None,N/A,
180.4224,cer,SliderControl,Slider Control,325,181,96.45,-984.68,None,N/A,
180.4328,cer,SliderControl,Slider Control,325,181,0.00,-9261.85,None,N/A,
180.4424,cer,SliderControl,Slider Control,325,181,0.00,0.00,None,N/A,
180.4520,cer,SliderControl,Slider Control,325,181,0.00,0.00,None,N/A,
180.4625,cer,SliderControl,Slider Control,325,181,0.00,0.00,None,N/A,
180.4729,cer,SliderControl,Slider Control,325,181,0.00,0.00,None,N/A,
180.4824,cer,SliderControl,Slider Control,325,181,0.00,0.00,None,N/A,
180.4928,cer,SliderControl,Slider Control,325,181,0.00,0.00,None,N/A,
180.5024,cer,SliderControl,Slider Control,325,181,0.00,0.00,None,N/A,
180.5130,cer,SliderControl,Slider Control,325,181,0.00,0.00,None,N/A,
180.5228,cer,SliderControl,Slider Control,325,181,0.00,0.00,None,N/A,
180.5321,cer,SliderControl,Slider Control,324,181,107.27,11507.70,None,N/A,
180.5421,cer,SliderControl,Slider Control,324,182,100.11,-716.75,None,N/A,
180.5529,cer,SliderControl,Slider Control,323,182,93.05,-657.76,None,N/A,
180.5625,cer,SliderControl,Slider Control,322,183,147.35,5657.82,None,N/A,
180.5726,cer,SliderControl,Slider Control,321,184,139.64,-761.37,None,N/A,
180.5824,cer,SliderControl,Slider Control,320,184,101.79,-3852.38,None,N/A,
180.5928,cer,SliderControl,Slider Control,320,184,0.00,-9866.72,None,N/A,
180.6022,cer,SliderControl,Slider Control,318,185,237.17,25154.85,None,N/A,
180.6128,cer,SliderControl,Slider Control,318,185,0.00,-22227.03,None,N/A,
180.6226,cer,SliderControl,Slider Control,318,186,102.65,10537.66,None,N/A,
180.6325,cer,SliderControl,Slider Control,317,186,101.17,-150.05,None,N/A,
180.6429,cer,SliderControl,Slider Control,317,187,95.71,-522.96,None,N/A,
180.6521,cer,SliderControl,Slider Control,316,187,109.54,1515.46,None,N/A,
180.6625,cer,SliderControl,Slider Control,316,187,0.00,-10529.06,None,N/A,
180.6721,cer,SliderControl,Slider Control,316,187,0.00,0.00,None,N/A,
180.6827,cer,SliderControl,Slider Control,315,187,93.80,8798.20,None,N/A,
180.6928,cer,SliderControl,Slider Control,315,187,0.00,-9298.74,None,N/A,
180.7026,cer,SliderControl,Slider Control,315,187,0.00,0.00,None,N/A,
180.7132,cer,SliderControl,Slider Control,315,187,0.00,0.00,None,N/A,
180.7229,cer,SliderControl,Slider Control,315,187,0.00,0.00,None,N/A,
180.7325,cer,SliderControl,Slider Control,315,187,0.00,0.00,None,N/A,
180.7420,cer,SliderControl,Slider Control,315,187,0.00,0.00,None,N/A,
180.7526,cer,SliderControl,Slider Control,315,187,0.00,0.00,None,N/A,
180.7621,cer,SliderControl,Slider Control,315,187,0.00,0.00,None,N/A,
180.7730,cer,SliderControl,Slider Control,315,187,0.00,0.00,None,N/A,
180.7827,cer,SliderControl,Slider Control,315,187,0.00,0.00,None,N/A,
180.7921,cer,SliderControl,Slider Control,315,187,0.00,0.00,None,N/A,
180.8026,cer,SliderControl,Slider Control,315,187,0.00,0.00,None,N/A,
180.8120,cer,SliderControl,Slider Control,315,187,0.00,0.00,None,N/A,
180.8226,cer,SliderControl,Slider Control,315,187,0.00,0.00,None,N/A,
180.8326,cer,SliderControl,Slider Control,315,187,0.00,0.00,None,N/A,
180.8421,cer,SliderControl,Slider Control,315,187,0.00,0.00,None,N/A,
180.8526,cer,SliderControl,Slider Control,315,187,0.00,0.00,None,N/A,
180.8622,cer,SliderControl,Slider Control,315,187,0.00,0.00,None,N/A,
180.8726,cer,SliderControl,Slider Control,315,187,0.00,0.00,None,N/A,
180.8828,cer,SliderControl,Slider Control,315,187,0.00,0.00,None,N/A,
180.8921,cer,SliderControl,Slider Control,315,187,0.00,0.00,None,N/A,
180.9023,cer,SliderControl,Slider Control,316,187,97.53,9512.22,None,N/A,
180.9129,cer,SliderControl,Slider Control,316,186,94.28,-306.52,None,N/A,
180.9222,cer,SliderControl,Slider Control,316,185,107.75,1451.87,None,N/A,
180.9320,cer,SliderControl,Slider Control,316,184,102.28,-559.57,None,N/A,
180.9424,cer,SliderControl,Slider Control,317,184,96.27,-578.81,None,N/A,
180.9524,cer,SliderControl,Slider Control,317,183,99.56,327.87,None,N/A,
180.9625,cer,SliderControl,Slider Control,318,182,140.44,4059.78,None,N/A,
180.9726,cer,SliderControl,Slider Control,318,182,0.00,-13883.52,None,N/A,
180.9829,cer,SliderControl,Slider Control,318,181,97.27,9461.55,None,N/A,
180.9923,cer,SliderControl,Slider Control,318,181,0.00,-10310.65,None,N/A,
181.0029,cer,SliderControl,Slider Control,318,181,0.00,0.00,None,N/A,
181.0125,cer,SliderControl,Slider Control,318,181,0.00,0.00,None,N/A,
181.0230,cer,SliderControl,Slider Control,318,181,0.00,0.00,None,N/A,
181.0325,cer,SliderControl,Slider Control,318,181,0.00,0.00,None,N/A,
181.0430,cer,SliderControl,Slider Control,318,181,0.00,0.00,None,N/A,
181.0526,cer,SliderControl,Slider Control,318,181,0.00,0.00,None,N/A,
181.0630,cer,SliderControl,Slider Control,318,181,0.00,0.00,None,N/A,
181.0725,cer,SliderControl,Slider Control,318,181,0.00,0.00,None,N/A,
181.0820,cer,SliderControl,Slider Control,318,181,0.00,0.00,None,N/A,
181.0925,cer,SliderControl,Slider Control,318,181,0.00,0.00,None,N/A,
181.1021,cer,SliderControl,Slider Control,318,181,0.00,0.00,None,N/A,
181.1126,cer,SliderControl,Slider Control,318,181,0.00,0.00,None,N/A,
181.1220,cer,SliderControl,Slider Control,318,181,0.00,0.00,None,N/A,
181.1325,cer,SliderControl,Slider Control,318,181,0.00,0.00,None,N/A,
181.1429,cer,SliderControl,Slider Control,318,181,0.00,0.00,None,N/A,
181.1521,cer,SliderControl,Slider Control,318,181,0.00,0.00,None,N/A,
181.1624,cer,SliderControl,Slider Control,318,181,0.00,0.00,None,N/A,
181.1729,cer,SliderControl,Slider Control,318,181,0.00,0.00,None,N/A,
181.1822,cer,SliderControl,Slider Control,318,181,0.00,0.00,None,N/A,
181.1928,cer,SliderControl,Slider Control,318,181,0.00,0.00,None,N/A,
181.2023,cer,SliderControl,Slider Control,318,181,0.00,0.00,None,N/A,
181.2128,cer,SliderControl,Slider Control,318,181,0.00,0.00,None,N/A,
181.2223,cer,SliderControl,Slider Control,318,181,0.00,0.00,None,N/A,
181.2328,cer,SliderControl,Slider Control,318,181,0.00,0.00,None,N/A,
181.2424,cer,SliderControl,Slider Control,318,181,0.00,0.00,None,N/A,
181.2529,cer,SliderControl,Slider Control,318,181,0.00,0.00,None,N/A,
181.2625,cer,SliderControl,Slider Control,318,181,0.00,0.00,None,N/A,
181.2730,cer,SliderControl,Slider Control,318,181,0.00,0.00,None,N/A,
181.2827,cer,SliderControl,Slider Control,318,181,0.00,0.00,None,N/A,
181.2922,cer,SliderControl,Slider Control,318,181,0.00,0.00,None,N/A,
181.3027,cer,SliderControl,Slider Control,318,181,0.00,0.00,None,N/A,
181.3122,cer,SliderControl,Slider Control,318,181,0.00,0.00,None,N/A,
181.3227,cer,SliderControl,Slider Control,318,181,0.00,0.00,None,N/A,
181.3320,cer,SliderControl,Slider Control,318,181,0.00,0.00,None,N/A,
181.3425,cer,SliderControl,Slider Control,318,181,0.00,0.00,None,N/A,
181.3525,cer,SliderControl,Slider Control,318,181,0.00,0.00,None,N/A,
181.3619,cer,SliderControl,Slider Control,318,181,0.00,0.00,None,N/A,
181.3727,cer,SliderControl,Slider Control,318,182,92.66,8586.46,None,N/A,
181.3827,cer,SliderControl,Slider Control,317,182,99.93,726.54,None,N/A,
181.3927,cer,SliderControl,Slider Control,317,183,100.40,46.35,None,N/A,
181.4021,cer,SliderControl,Slider Control,317,183,0.00,-10677.20,None,N/A,
181.4126,cer,SliderControl,Slider Control,317,183,0.00,0.00,None,N/A,
181.4223,cer,SliderControl,Slider Control,317,183,0.00,0.00,None,N/A,
181.4330,cer,SliderControl,Slider Control,317,183,0.00,0.00,None,N/A,
181.4425,cer,SliderControl,Slider Control,317,183,0.00,0.00,None,N/A,
181.4524,cer,SliderControl,Slider Control,317,183,0.00,0.00,None,N/A,
181.4628,cer,SliderControl,Slider Control,317,183,0.00,0.00,None,N/A,
181.4722,cer,SliderControl,Slider Control,317,183,0.00,0.00,None,N/A,
181.4827,cer,SliderControl,Slider Control,317,183,0.00,0.00,None,N/A,
181.4923,cer,SliderControl,Slider Control,317,183,0.00,0.00,None,N/A,
181.5029,cer,SliderControl,Slider Control,317,183,0.00,0.00,None,N/A,
181.5123,cer,SliderControl,Slider Control,317,183,0.00,0.00,None,N/A,
181.5228,cer,SliderControl,Slider Control,317,183,0.00,0.00,None,N/A,
181.5325,cer,SliderControl,Slider Control,317,183,0.00,0.00,None,N/A,
181.5423,cer,SliderControl,Slider Control,317,183,0.00,0.00,None,N/A,
181.5523,cer,SliderControl,Slider Control,317,183,0.00,0.00,None,N/A,
181.5627,cer,SliderControl,Slider Control,317,183,0.00,0.00,None,N/A,
181.5720,cer,SliderControl,Slider Control,317,183,0.00,0.00,None,N/A,
181.5821,cer,SliderControl,Slider Control,317,183,0.00,0.00,None,N/A,
181.5927,cer,SliderControl,Slider Control,317,183,0.00,0.00,None,N/A,
181.6027,cer,SliderControl,Slider Control,316,183,99.94,9987.63,None,N/A,
181.6123,cer,SliderControl,Slider Control,316,183,0.00,-10445.59,None,N/A,
181.6222,cer,SliderControl,Slider Control,316,184,100.65,10129.53,None,N/A,
181.6328,cer,SliderControl,Slider Control,316,184,0.00,-9529.29,None,N/A,
181.6423,cer,SliderControl,Slider Control,316,184,0.00,0.00,None,N/A,
181.6520,cer,SliderControl,Slider Control,316,184,0.00,0.00,None,N/A,
181.6624,cer,SliderControl,Slider Control,316,184,0.00,0.00,None,N/A,
181.6728,cer,SliderControl,Slider Control,316,184,0.00,0.00,None,N/A,
181.6823,cer,SliderControl,Slider Control,316,184,0.00,0.00,None,N/A,
181.6929,cer,SliderControl,Slider Control,316,184,0.00,0.00,None,N/A,
181.7023,cer,SliderControl,Slider Control,316,184,0.00,0.00,None,N/A,
181.7127,cer,SliderControl,Slider Control,316,184,0.00,0.00,None,N/A,
181.7222,cer,SliderControl,Slider Control,316,184,0.00,0.00,None,N/A,
181.7328,cer,SliderControl,Slider Control,316,184,0.00,0.00,None,N/A,
181.7423,cer,SliderControl,Slider Control,315,184,104.52,10923.99,None,N/A,
181.7520,cer,SliderControl,Slider Control,315,184,0.00,-10741.18,None,N/A,
181.7625,cer,SliderControl,Slider Control,315,184,0.00,0.00,None,N/A,
181.7722,cer,SliderControl,Slider Control,315,185,103.15,10640.02,None,N/A,
181.7826,cer,SliderControl,Slider Control,315,185,0.00,-9893.54,None,N/A,
181.7926,cer,SliderControl,Slider Control,314,185,99.37,9873.44,None,N/A,
181.8025,cer,SliderControl,Slider Control,314,186,101.02,167.55,None,N/A,
181.8119,cer,SliderControl,Slider Control,313,186,106.70,605.75,None,N/A,
181.8226,cer,SliderControl,Slider Control,313,187,93.79,-1210.54,None,N/A,
181.8329,cer,SliderControl,Slider Control,313,187,0.00,-9059.78,None,N/A,
181.8423,cer,SliderControl,Slider Control,312,188,150.52,16020.13,None,N/A,
181.8530,cer,SliderControl,Slider Control,312,188,0.00,-14144.40,None,N/A,
181.8624,cer,SliderControl,Slider Control,312,188,0.00,0.00,None,N/A,
181.8724,cer,SliderControl,Slider Control,312,188,0.00,0.00,None,N/A,
181.8829,cer,SliderControl,Slider Control,312,188,0.00,0.00,None,N/A,
181.8925,cer,SliderControl,Slider Control,312,188,0.00,0.00,None,N/A,
181.9021,cer,SliderControl,Slider Control,312,188,0.00,0.00,None,N/A,
181.9126,cer,SliderControl,Slider Control,312,188,0.00,0.00,None,N/A,
181.9221,cer,SliderControl,Slider Control,312,188,0.00,0.00,None,N/A,
181.9326,cer,SliderControl,Slider Control,312,188,0.00,0.00,None,N/A,
181.9423,cer,SliderControl,Slider Control,312,188,0.00,0.00,None,N/A,
181.9529,cer,SliderControl,Slider Control,312,188,0.00,0.00,None,N/A,
181.9623,cer,SliderControl,Slider Control,312,188,0.00,0.00,None,N/A,
181.9728,cer,SliderControl,Slider Control,312,188,0.00,0.00,None,N/A,
181.9821,cer,SliderControl,Slider Control,312,188,0.00,0.00,None,N/A,
181.9926,cer,SliderControl,Slider Control,312,188,0.00,0.00,None,N/A,
182.0026,cer,SliderControl,Slider Control,312,187,99.82,9964.83,None,N/A,
182.0121,cer,SliderControl,Slider Control,312,187,0.00,-10566.10,None,N/A,
182.0225,cer,SliderControl,Slider Control,312,187,0.00,0.00,None,N/A,
182.0321,cer,SliderControl,Slider Control,312,187,0.00,0.00,None,N/A,
182.0428,cer,SliderControl,Slider Control,312,187,0.00,0.00,None,N/A,
182.0526,cer,SliderControl,Slider Control,312,187,0.00,0.00,None,N/A,
182.0621,cer,SliderControl,Slider Control,312,187,0.00,0.00,None,N/A,
182.0725,cer,SliderControl,Slider Control,312,187,0.00,0.00,None,N/A,
182.0830,cer,SliderControl,Slider Control,312,187,0.00,0.00,None,N/A,
182.0925,cer,SliderControl,Slider Control,312,187,0.00,0.00,None,N/A,
182.1020,cer,SliderControl,Slider Control,312,187,0.00,0.00,None,N/A,
182.1125,cer,SliderControl,Slider Control,312,187,0.00,0.00,None,N/A,
182.1230,cer,SliderControl,Slider Control,312,187,0.00,0.00,None,N/A,
182.1327,cer,SliderControl,Slider Control,312,187,0.00,0.00,None,N/A,
182.1422,cer,SliderControl,Slider Control,312,187,0.00,0.00,None,N/A,
182.1527,cer,SliderControl,Slider Control,312,187,0.00,0.00,None,N/A,
182.1623,cer,SliderControl,Slider Control,312,187,0.00,0.00,None,N/A,
182.1728,cer,SliderControl,Slider Control,312,187,0.00,0.00,None,N/A,
182.1822,cer,SliderControl,Slider Control,312,187,0.00,0.00,None,N/A,
182.1925,cer,SliderControl,Slider Control,312,187,0.00,0.00,None,N/A,
182.2025,cer,SliderControl,Slider Control,312,187,0.00,0.00,Left,N/A,
182.2130,cer,SliderControl,Slider Control,312,187,0.00,0.00,Left,N/A,
182.2224,cer,SliderControl,Slider Control,312,187,0.00,0.00,Left,N/A,
182.2328,cer,SliderControl,Slider Control,312,187,0.00,0.00,Left,N/A,
182.2423,cer,SliderControl,Slider Control,312,187,0.00,0.00,Left,N/A,
182.2528,cer,SliderControl,Slider Control,312,187,0.00,0.00,Left,N/A,
182.2623,cer,SliderControl,Slider Control,312,187,0.00,0.00,Left,N/A,
182.2728,cer,SliderControl,Slider Control,312,187,0.00,0.00,Left,N/A,
182.2823,cer,SliderControl,Slider Control,312,187,0.00,0.00,Left,N/A,
182.2929,cer,SliderControl,Slider Control,312,187,0.00,0.00,Left,N/A,
182.3030,cer,SliderControl,Slider Control,312,187,0.00,0.00,Left,N/A,
182.3124,cer,SliderControl,Slider Control,312,187,0.00,0.00,Left,N/A,
182.3228,cer,SliderControl,Slider Control,312,187,0.00,0.00,Left,N/A,
182.3322,cer,SliderControl,Slider Control,312,187,0.00,0.00,Left,N/A,
182.3427,cer,SliderControl,Slider Control,312,187,0.00,0.00,Left,N/A,
182.3524,cer,SliderControl,Slider Control,312,187,0.00,0.00,Left,N/A,
182.3628,cer,SliderControl,Slider Control,312,187,0.00,0.00,Left,N/A,
182.3723,cer,SliderControl,Slider Control,312,187,0.00,0.00,Left,N/A,
182.3828,cer,SliderControl,Slider Control,312,187,0.00,0.00,Left,N/A,
182.3922,cer,SliderControl,Slider Control,312,187,0.00,0.00,Left,N/A,
182.4027,cer,SliderControl,Slider Control,312,187,0.00,0.00,Left,N/A,
182.4122,cer,SliderControl,Slider Control,312,187,0.00,0.00,Left,N/A,
182.4226,cer,SliderControl,Slider Control,312,187,0.00,0.00,Left,N/A,
182.4330,cer,SliderControl,Slider Control,312,187,0.00,0.00,Left,N/A,
182.4426,cer,SliderControl,Slider Control,312,187,0.00,0.00,Left,N/A,
182.4527,cer,SliderControl,Slider Control,311,188,139.32,13724.13,Left,N/A,
182.4623,cer,SliderControl,Slider Control,309,188,208.82,7256.57,Left,N/A,
182.4722,cer,SliderControl,Slider Control,305,190,453.43,24801.31,Left,N/A,
182.4821,cer,SliderControl,Slider Control,304,191,143.08,-31399.34,Left,N/A,
182.4927,cer,SliderControl,Slider Control,302,191,188.61,4292.92,Left,N/A,
182.5028,cer,SliderControl,Slider Control,298,192,408.33,21760.20,Left,N/A,
182.5126,cer,SliderControl,Slider Control,296,193,226.35,-18421.09,Left,N/A,
182.5222,cer,SliderControl,Slider Control,294,194,233.98,798.33,Left,N/A,
182.5330,cer,SliderControl,Slider Control,290,195,381.28,13621.75,Left,N/A,
182.5421,cer,SliderControl,Slider Control,288,195,220.30,-17732.47,Left,N/A,
182.5527,cer,SliderControl,Slider Control,285,196,298.65,7399.98,Left,N/A,
182.5627,cer,SliderControl,Slider Control,283,196,199.67,-9882.05,Left,N/A,
182.5723,cer,SliderControl,Slider Control,279,197,429.78,23986.07,Left,N/A,
182.5822,cer,SliderControl,Slider Control,276,197,301.61,-12885.90,Left,N/A,
182.5929,cer,SliderControl,Slider Control,274,197,186.92,-10718.87,Left,N/A,
182.6028,cer,SliderControl,Slider Control,269,197,506.74,32413.01,Left,N/A,
182.6122,cer,SliderControl,Slider Control,267,197,213.71,-31311.79,Left,N/A,
182.6223,cer,SliderControl,Slider Control,264,197,295.31,8032.95,Left,N/A,
182.6321,cer,SliderControl,Slider Control,259,196,522.38,23262.84,Left,N/A,
182.6420,cer,SliderControl,Slider Control,256,196,301.27,-22204.75,Left,N/A,
182.6528,cer,SliderControl,Slider Control,254,196,186.57,-10699.91,Left,N/A,
182.6622,cer,SliderControl,Slider Control,252,195,237.05,5351.71,Left,N/A,
182.6725,cer,SliderControl,Slider Control,249,195,292.12,5362.46,Left,N/A,
182.6824,cer,SliderControl,Slider Control,247,195,200.55,-9182.49,Left,N/A,
182.6928,cer,SliderControl,Slider Control,246,194,137.00,-6156.38,Left,N/A,
182.7024,cer,SliderControl,Slider Control,243,194,310.69,17987.90,Left,N/A,
182.7127,cer,SliderControl,Slider Control,242,194,97.56,-20792.63,Left,N/A,
182.7222,cer,SliderControl,Slider Control,240,194,208.78,11609.80,Left,N/A,
182.7326,cer,SliderControl,Slider Control,238,193,215.32,630.30,Left,N/A,
182.7426,cer,SliderControl,Slider Control,236,193,200.39,-1496.30,Left,N/A,
182.7521,cer,SliderControl,Slider Control,235,193,105.76,-10007.75,Left,N/A,
182.7629,cer,SliderControl,Slider Control,233,193,184.62,7280.01,Left,N/A,
182.7726,cer,SliderControl,Slider Control,231,192,230.87,4774.40,Left,N/A,
182.7822,cer,SliderControl,Slider Control,230,192,103.65,-13186.00,Left,N/A,
182.7924,cer,SliderControl,Slider Control,228,192,197.21,9225.34,Left,N/A,
182.8028,cer,SliderControl,Slider Control,226,192,192.28,-473.28,Left,N/A,
182.8126,cer,SliderControl,Slider Control,225,191,143.38,-4957.94,Left,N/A,
182.8223,cer,SliderControl,Slider Control,224,191,103.51,-4127.37,Left,N/A,
182.8326,cer,SliderControl,Slider Control,221,190,307.25,19795.18,Left,N/A,
182.8425,cer,SliderControl,Slider Control,220,190,100.64,-20792.52,Left,N/A,
182.8530,cer,SliderControl,Slider Control,217,189,302.36,19287.51,Left,N/A,
182.8629,cer,SliderControl,Slider Control,216,189,101.37,-20374.23,Left,N/A,
182.8723,cer,SliderControl,Slider Control,214,189,212.56,11816.93,Left,N/A,
182.8823,cer,SliderControl,Slider Control,213,189,99.68,-11251.75,Left,N/A,
182.8923,cer,SliderControl,Slider Control,211,189,199.49,9954.63,Left,N/A,
182.9020,cer,SliderControl,Slider Control,210,189,103.44,-9935.07,Left,N/A,
182.9126,cer,SliderControl,Slider Control,209,189,94.17,-872.45,Left,N/A,
182.9224,cer,SliderControl,Slider Control,208,189,101.73,768.65,Left,N/A,
182.9325,cer,SliderControl,Slider Control,207,189,99.69,-203.66,Left,N/A,
182.9420,cer,SliderControl,Slider Control,206,189,104.52,505.27,Left,N/A,
182.9520,cer,SliderControl,Slider Control,205,189,100.09,-443.38,Left,N/A,
182.9622,cer,SliderControl,Slider Control,205,189,0.00,-9836.25,Left,N/A,
182.9722,cer,SliderControl,Slider Control,205,189,0.00,0.00,Left,N/A,
182.9821,cer,SliderControl,Slider Control,205,189,0.00,0.00,Left,N/A,
182.9930,cer,SliderControl,Slider Control,204,188,129.89,11929.19,Left,N/A,
183.0027,cer,SliderControl,Slider Control,204,188,0.00,-13366.59,Left,N/A,
183.0124,cer,SliderControl,Slider Control,204,188,0.00,0.00,Left,N/A,
183.0228,cer,SliderControl,Slider Control,204,187,96.13,9241.22,Left,N/A,
183.0324,cer,SliderControl,Slider Control,205,187,104.07,826.68,Left,N/A,
183.0431,cer,SliderControl,Slider Control,205,187,0.00,-9745.92,Left,N/A,
183.0522,cer,SliderControl,Slider Control,206,186,155.27,17046.68,Left,N/A,
183.0621,cer,SliderControl,Slider Control,206,185,101.18,-5472.24,Left,N/A,
183.0724,cer,SliderControl,Slider Control,207,185,96.85,-420.17,Left,N/A,
183.0820,cer,SliderControl,Slider Control,207,183,209.15,11743.43,Left,N/A,
183.0925,cer,SliderControl,Slider Control,207,183,0.00,-19910.55,Left,N/A,
183.0967,cer,SliderControl,Slider Control,207,183,0.00,0.00,None,N/A,slider_released_missed
183.1024,cer,SliderControl,Slider Control,207,183,0.00,0.00,None,N/A,
183.1129,cer,SliderControl,Slider Control,207,183,0.00,0.00,None,N/A,
183.1224,cer,SliderControl,Slider Control,207,183,0.00,0.00,None,N/A,
183.1328,cer,SliderControl,Slider Control,207,183,0.00,0.00,None,N/A,
183.1423,cer,SliderControl,Slider Control,207,183,0.00,0.00,None,N/A,
183.1530,cer,SliderControl,Slider Control,207,183,0.00,0.00,None,N/A,
183.1624,cer,SliderControl,Slider Control,207,183,0.00,0.00,None,N/A,
183.1729,cer,SliderControl,Slider Control,207,183,0.00,0.00,None,N/A,
183.1825,cer,SliderControl,Slider Control,207,183,0.00,0.00,None,N/A,
183.1920,cer,SliderControl,Slider Control,207,183,0.00,0.00,None,N/A,
183.2027,cer,SliderControl,Slider Control,207,183,0.00,0.00,None,N/A,
183.2121,cer,SliderControl,Slider Control,207,183,0.00,0.00,None,N/A,
183.2226,cer,SliderControl,Slider Control,207,183,0.00,0.00,None,N/A,
183.2321,cer,SliderControl,Slider Control,207,183,0.00,0.00,None,N/A,
183.2426,cer,SliderControl,Slider Control,207,183,0.00,0.00,None,N/A,
183.2522,cer,SliderControl,Slider Control,207,183,0.00,0.00,None,N/A,
183.2627,cer,SliderControl,Slider Control,207,183,0.00,0.00,None,N/A,
183.2722,cer,SliderControl,Slider Control,207,183,0.00,0.00,None,N/A,
183.2826,cer,SliderControl,Slider Control,207,183,0.00,0.00,None,N/A,
183.2922,cer,SliderControl,Slider Control,207,183,0.00,0.00,None,N/A,
183.3027,cer,SliderControl,Slider Control,207,183,0.00,0.00,None,N/A,
183.3123,cer,SliderControl,Slider Control,207,183,0.00,0.00,None,N/A,
183.3232,cer,SliderControl,Slider Control,207,183,0.00,0.00,None,N/A,
183.3330,cer,SliderControl,Slider Control,207,183,0.00,0.00,None,N/A,
183.3424,cer,SliderControl,Slider Control,207,183,0.00,0.00,None,N/A,
183.3529,cer,SliderControl,Slider Control,207,183,0.00,0.00,None,N/A,
183.3623,cer,SliderControl,Slider Control,207,183,0.00,0.00,None,N/A,
183.3727,cer,SliderControl,Slider Control,207,183,0.00,0.00,None,N/A,
183.3821,cer,SliderControl,Slider Control,207,183,0.00,0.00,None,N/A,
183.3927,cer,SliderControl,Slider Control,207,183,0.00,0.00,None,N/A,
183.4023,cer,SliderControl,Slider Control,207,183,0.00,0.00,None,N/A,
183.4127,cer,SliderControl,Slider Control,207,183,0.00,0.00,None,N/A,
183.4222,cer,SliderControl,Slider Control,207,183,0.00,0.00,None,N/A,
183.4326,cer,SliderControl,Slider Control,207,183,0.00,0.00,None,N/A,
183.4422,cer,SliderControl,Slider Control,207,183,0.00,0.00,None,N/A,
183.4521,cer,SliderControl,Slider Control,207,183,0.00,0.00,None,N/A,
183.4625,cer,SliderControl,Slider Control,207,183,0.00,0.00,None,N/A,
183.4730,cer,SliderControl,Slider Control,207,183,0.00,0.00,None,N/A,
183.4826,cer,SliderControl,Slider Control,207,183,0.00,0.00,None,N/A,
183.4921,cer,SliderControl,Slider Control,207,183,0.00,0.00,None,N/A,
183.5029,cer,SliderControl,Slider Control,207,183,0.00,0.00,None,N/A,
183.5124,cer,SliderControl,Slider Control,207,183,0.00,0.00,None,N/A,
183.5223,cer,SliderControl,Slider Control,207,184,100.81,10163.65,None,N/A,
183.5320,cer,SliderControl,Slider Control,207,185,102.81,205.29,None,N/A,
183.5429,cer,SliderControl,Slider Control,207,186,91.98,-995.94,None,N/A,
183.5526,cer,SliderControl,Slider Control,207,187,102.61,1090.06,None,N/A,
183.5628,cer,SliderControl,Slider Control,207,188,98.88,-368.15,None,N/A,
183.5729,cer,SliderControl,Slider Control,207,188,0.00,-9734.86,None,N/A,
183.5820,cer,SliderControl,Slider Control,207,189,110.40,12188.09,None,N/A,
183.5925,cer,SliderControl,Slider Control,207,189,0.00,-10475.29,None,N/A,
183.6023,cer,SliderControl,Slider Control,207,189,0.00,0.00,None,N/A,
183.6121,cer,SliderControl,Slider Control,207,190,101.53,10309.33,None,N/A,
183.6223,cer,SliderControl,Slider Control,207,190,0.00,-9990.34,None,N/A,
183.6322,cer,SliderControl,Slider Control,207,191,101.00,10200.39,None,N/A,
183.6426,cer,SliderControl,Slider Control,207,191,0.00,-9697.19,None,N/A,
183.6521,cer,SliderControl,Slider Control,207,191,0.00,0.00,None,N/A,
183.6626,cer,SliderControl,Slider Control,207,191,0.00,0.00,None,N/A,
183.6720,cer,SliderControl,Slider Control,207,191,0.00,0.00,None,N/A,
183.6823,cer,SliderControl,Slider Control,207,191,0.00,0.00,None,N/A,
183.6928,cer,SliderControl,Slider Control,207,191,0.00,0.00,None,N/A,
183.7023,cer,SliderControl,Slider Control,207,191,0.00,0.00,None,N/A,
183.7129,cer,SliderControl,Slider Control,207,191,0.00,0.00,None,N/A,
183.7224,cer,SliderControl,Slider Control,207,191,0.00,0.00,None,N/A,
183.7330,cer,SliderControl,Slider Control,207,191,0.00,0.00,None,N/A,
183.7420,cer,SliderControl,Slider Control,207,191,0.00,0.00,None,N/A,
183.7524,cer,SliderControl,Slider Control,207,191,0.00,0.00,None,N/A,
183.7633,cer,SliderControl,Slider Control,207,191,0.00,0.00,None,N/A,
183.7729,cer,SliderControl,Slider Control,207,191,0.00,0.00,None,N/A,
183.7824,cer,SliderControl,Slider Control,207,191,0.00,0.00,None,N/A,
183.7929,cer,SliderControl,Slider Control,207,191,0.00,0.00,None,N/A,
183.8023,cer,SliderControl,Slider Control,207,191,0.00,0.00,None,N/A,
183.8129,cer,SliderControl,Slider Control,207,190,94.41,8913.84,None,N/A,
183.8224,cer,SliderControl,Slider Control,207,190,0.00,-10021.45,None,N/A,
183.8328,cer,SliderControl,Slider Control,207,190,0.00,0.00,None,N/A,
183.8423,cer,SliderControl,Slider Control,207,190,0.00,0.00,None,N/A,
183.8528,cer,SliderControl,Slider Control,207,190,0.00,0.00,None,N/A,
183.8622,cer,SliderControl,Slider Control,207,190,0.00,0.00,None,N/A,
183.8730,cer,SliderControl,Slider Control,207,190,0.00,0.00,None,N/A,
183.8829,cer,SliderControl,Slider Control,207,190,0.00,0.00,None,N/A,
183.8924,cer,SliderControl,Slider Control,207,190,0.00,0.00,None,N/A,
183.9029,cer,SliderControl,Slider Control,207,190,0.00,0.00,None,N/A,
183.9122,cer,SliderControl,Slider Control,207,190,0.00,0.00,None,N/A,
183.9228,cer,SliderControl,Slider Control,207,190,0.00,0.00,None,N/A,
183.9323,cer,SliderControl,Slider Control,207,190,0.00,0.00,None,N/A,
183.9428,cer,SliderControl,Slider Control,207,190,0.00,0.00,None,N/A,
183.9525,cer,SliderControl,Slider Control,207,190,0.00,0.00,None,N/A,
183.9629,cer,SliderControl,Slider Control,207,190,0.00,0.00,None,N/A,
183.9723,cer,SliderControl,Slider Control,207,190,0.00,0.00,None,N/A,
183.9827,cer,SliderControl,Slider Control,207,190,0.00,0.00,None,N/A,
183.9923,cer,SliderControl,Slider Control,207,190,0.00,0.00,None,N/A,
184.0021,cer,SliderControl,Slider Control,207,190,0.00,0.00,None,N/A,
184.0126,cer,SliderControl,Slider Control,207,190,0.00,0.00,None,N/A,
184.0223,cer,SliderControl,Slider Control,207,190,0.00,0.00,None,N/A,
184.0330,cer,SliderControl,Slider Control,207,190,0.00,0.00,None,N/A,
184.0425,cer,SliderControl,Slider Control,207,190,0.00,0.00,None,N/A,
184.0524,cer,SliderControl,Slider Control,207,190,0.00,0.00,None,N/A,
184.0628,cer,SliderControl,Slider Control,207,190,0.00,0.00,None,N/A,
184.0726,cer,SliderControl,Slider Control,207,190,0.00,0.00,None,N/A,
184.0822,cer,SliderControl,Slider Control,207,190,0.00,0.00,None,N/A,
184.0927,cer,SliderControl,Slider Control,207,190,0.00,0.00,None,N/A,
184.1025,cer,SliderControl,Slider Control,207,190,0.00,0.00,None,N/A,
184.1121,cer,SliderControl,Slider Control,207,190,0.00,0.00,None,N/A,
184.1228,cer,SliderControl,Slider Control,207,190,0.00,0.00,None,N/A,
184.1322,cer,SliderControl,Slider Control,207,190,0.00,0.00,None,N/A,
184.1427,cer,SliderControl,Slider Control,207,190,0.00,0.00,None,N/A,
184.1529,cer,SliderControl,Slider Control,207,190,0.00,0.00,None,N/A,
184.1628,cer,SliderControl,Slider Control,207,190,0.00,0.00,None,N/A,
184.1723,cer,SliderControl,Slider Control,207,190,0.00,0.00,None,N/A,
184.1827,cer,SliderControl,Slider Control,207,190,0.00,0.00,Left,N/A,
184.1922,cer,SliderControl,Slider Control,207,190,0.00,0.00,Left,N/A,
184.2027,cer,SliderControl,Slider Control,207,190,0.00,0.00,Left,N/A,
184.2121,cer,SliderControl,Slider Control,207,190,0.00,0.00,Left,N/A,
184.2226,cer,SliderControl,Slider Control,207,190,0.00,0.00,Left,N/A,
184.2330,cer,SliderControl,Slider Control,207,190,0.00,0.00,Left,N/A,
184.2426,cer,SliderControl,Slider Control,207,190,0.00,0.00,Left,N/A,
184.2520,cer,SliderControl,Slider Control,207,190,0.00,0.00,Left,N/A,
184.2625,cer,SliderControl,Slider Control,207,190,0.00,0.00,Left,N/A,
184.2729,cer,SliderControl,Slider Control,207,190,0.00,0.00,Left,N/A,
184.2825,cer,SliderControl,Slider Control,207,190,0.00,0.00,Left,N/A,
184.2930,cer,SliderControl,Slider Control,207,190,0.00,0.00,Left,N/A,
184.3024,cer,SliderControl,Slider Control,207,190,0.00,0.00,Left,N/A,
184.3129,cer,SliderControl,Slider Control,207,190,0.00,0.00,Left,N/A,
184.3224,cer,SliderControl,Slider Control,207,190,0.00,0.00,Left,N/A,
184.3320,cer,SliderControl,Slider Control,207,190,0.00,0.00,Left,N/A,
184.3425,cer,SliderControl,Slider Control,207,190,0.00,0.00,Left,N/A,
184.3520,cer,SliderControl,Slider Control,207,190,0.00,0.00,Left,N/A,
184.3624,cer,SliderControl,Slider Control,207,190,0.00,0.00,Left,N/A,
184.3728,cer,SliderControl,Slider Control,207,190,0.00,0.00,Left,N/A,
184.3824,cer,SliderControl,Slider Control,207,190,0.00,0.00,Left,N/A,
184.3921,cer,SliderControl,Slider Control,204,190,308.33,31688.95,Left,N/A,
184.4020,cer,SliderControl,Slider Control,199,190,503.81,19696.79,Left,N/A,
184.4126,cer,SliderControl,Slider Control,195,190,377.18,-11940.59,Left,N/A,
184.4227,cer,SliderControl,Slider Control,192,190,298.41,-7835.21,Left,N/A,
184.4324,cer,SliderControl,Slider Control,187,191,525.86,23457.59,Left,N/A,
184.4424,cer,SliderControl,Slider Control,184,191,297.81,-22638.88,Left,N/A,
184.4520,cer,SliderControl,Slider Control,182,191,209.76,-9234.47,Left,N/A,
184.4626,cer,SliderControl,Slider Control,180,192,211.30,145.77,Left,N/A,
184.4728,cer,SliderControl,Slider Control,176,192,389.06,17290.42,Left,N/A,
184.4824,cer,SliderControl,Slider Control,175,193,147.33,-25183.60,Left,N/A,
184.4930,cer,SliderControl,Slider Control,173,193,189.79,4028.63,Left,N/A,
184.5023,cer,SliderControl,Slider Control,170,194,338.22,15875.21,Left,N/A,
184.5122,cer,SliderControl,Slider Control,169,194,100.75,-23925.49,Left,N/A,
184.5225,cer,SliderControl,Slider Control,167,194,194.69,9144.82,Left,N/A,
184.5328,cer,SliderControl,Slider Control,165,194,194.22,-45.96,Left,N/A,
184.5425,cer,SliderControl,Slider Control,164,194,103.51,-9389.46,Left,N/A,
184.5523,cer,SliderControl,Slider Control,163,194,102.26,-128.77,Left,N/A,
184.5621,cer,SliderControl,Slider Control,161,194,204.10,10393.63,Left,N/A,
184.5729,cer,SliderControl,Slider Control,160,194,92.36,-10320.47,Left,N/A,
184.5825,cer,SliderControl,Slider Control,159,194,104.49,1268.29,Left,N/A,
184.5921,cer,SliderControl,Slider Control,158,194,103.66,-87.00,Left,N/A,
184.6022,cer,SliderControl,Slider Control,156,194,197.98,9337.89,Left,N/A,
184.6121,cer,SliderControl,Slider Control,155,194,101.44,-9793.50,Left,N/A,
184.6222,cer,SliderControl,Slider Control,154,194,98.88,-252.55,Left,N/A,
184.6323,cer,SliderControl,Slider Control,151,194,295.03,19289.34,Left,N/A,
184.6429,cer,SliderControl,Slider Control,150,194,94.58,-18958.44,Left,N/A,
184.6522,cer,SliderControl,Slider Control,148,195,242.13,15976.43,Left,N/A,
184.6627,cer,SliderControl,Slider Control,146,195,190.36,-4927.36,Left,N/A,
184.6731,cer,SliderControl,Slider Control,144,195,192.07,164.92,Left,N/A,
184.6830,cer,SliderControl,Slider Control,143,195,100.53,-9202.83,Left,N/A,
184.6927,cer,SliderControl,Slider Control,140,195,310.10,21662.26,Left,N/A,
184.7023,cer,SliderControl,Slider Control,139,195,103.78,-21411.41,Left,N/A,
184.7122,cer,SliderControl,Slider Control,138,195,101.21,-259.29,Left,N/A,
184.7219,cer,SliderControl,Slider Control,136,195,206.14,10814.53,Left,N/A,
184.7328,cer,SliderControl,Slider Control,135,195,91.68,-10493.68,Left,N/A,
184.7421,cer,SliderControl,Slider Control,134,195,107.81,1738.66,Left,N/A,
184.7521,cer,SliderControl,Slider Control,133,195,100.40,-743.70,Left,N/A,
184.7623,cer,SliderControl,Slider Control,131,195,195.26,9260.21,Left,N/A,
184.7726,cer,SliderControl,Slider Control,130,195,96.99,-9530.86,Left,N/A,
184.7826,cer,SliderControl,Slider Control,129,195,100.31,333.45,Left,N/A,
184.7927,cer,SliderControl,Slider Control,127,195,196.75,9487.54,Left,N/A,
184.8024,cer,SliderControl,Slider Control,126,195,103.25,-9654.30,Left,N/A,
184.8130,cer,SliderControl,Slider Control,125,196,133.33,2835.75,Left,N/A,
184.8224,cer,SliderControl,Slider Control,123,196,212.59,8425.20,Left,N/A,
184.8322,cer,SliderControl,Slider Control,122,197,144.94,-6933.21,Left,N/A,
184.8425,cer,SliderControl,Slider Control,121,197,97.11,-4645.02,Left,N/A,
184.8524,cer,SliderControl,Slider Control,119,198,224.83,12842.53,Left,N/A,
184.8627,cer,SliderControl,Slider Control,118,198,97.74,-12422.35,Left,N/A,
184.8729,cer,SliderControl,Slider Control,117,198,98.01,26.19,Left,N/A,
184.8820,cer,SliderControl,Slider Control,116,199,154.97,6242.18,Left,N/A,
184.8927,cer,SliderControl,Slider Control,115,200,131.97,-2146.49,Left,N/A,
184.9026,cer,SliderControl,Slider Control,115,201,101.64,-3083.14,Left,N/A,
184.9123,cer,SliderControl,Slider Control,114,202,145.52,4515.69,Left,N/A,
184.9221,cer,SliderControl,Slider Control,113,203,143.62,-193.22,Left,N/A,
184.9327,cer,SliderControl,Slider Control,113,203,0.00,-13605.54,Left,N/A,
184.9425,cer,SliderControl,Slider Control,113,204,102.16,10436.78,Left,N/A,
184.9524,cer,SliderControl,Slider Control,112,205,141.88,3985.02,Left,N/A,
184.9625,cer,SliderControl,Slider Control,112,205,0.00,-14117.15,Left,N/A,
184.9730,cer,SliderControl,Slider Control,111,205,94.72,8972.72,Left,N/A,
184.9830,cer,SliderControl,Slider Control,111,206,100.75,607.02,Left,N/A,
184.9925,cer,SliderControl,Slider Control,110,206,105.19,467.56,Left,N/A,
185.0021,cer,SliderControl,Slider Control,110,206,0.00,-10967.08,Left,N/A,
185.0125,cer,SliderControl,Slider Control,110,206,0.00,0.00,Left,N/A,
185.0222,cer,SliderControl,Slider Control,110,206,0.00,0.00,Left,N/A,
185.0327,cer,SliderControl,Slider Control,110,206,0.00,0.00,Left,N/A,
185.0420,cer,SliderControl,Slider Control,110,206,0.00,0.00,Left,N/A,
185.0526,cer,SliderControl,Slider Control,109,206,94.13,8859.91,Left,N/A,
185.0627,cer,SliderControl,Slider Control,108,206,99.17,500.61,Left,N/A,
185.0724,cer,SliderControl,Slider Control,105,205,325.15,23235.24,Left,N/A,
185.0822,cer,SliderControl,Slider Control,103,204,229.15,-9837.93,Left,N/A,
185.0929,cer,SliderControl,Slider Control,101,203,207.34,-2022.31,Left,N/A,
185.1026,cer,SliderControl,Slider Control,95,201,654.47,46269.61,Left,N/A,
185.1125,cer,SliderControl,Slider Control,92,200,320.63,-33849.07,Left,N/A,
185.1227,cer,SliderControl,Slider Control,89,199,309.74,-1067.07,Left,N/A,
185.1328,cer,SliderControl,Slider Control,87,198,221.84,-8720.53,Left,N/A,
185.1428,cer,SliderControl,Slider Control,82,197,504.88,28026.15,Left,N/A,
185.1526,cer,SliderControl,Slider Control,80,196,229.23,-28258.39,Left,N/A,
185.1621,cer,SliderControl,Slider Control,78,195,235.03,609.80,Left,N/A,
185.1723,cer,SliderControl,Slider Control,75,194,311.71,7558.70,Left,N/A,
185.1825,cer,SliderControl,Slider Control,74,194,97.98,-20941.16,Left,N/A,
185.1927,cer,SliderControl,Slider Control,73,193,138.52,3971.11,Left,N/A,
185.2027,cer,SliderControl,Slider Control,71,193,200.03,6151.59,Left,N/A,
185.2125,cer,SliderControl,Slider Control,70,192,144.53,-5672.12,Left,N/A,
185.2229,cer,SliderControl,Slider Control,70,192,0.00,-13840.51,Left,N/A,
185.2321,cer,SliderControl,Slider Control,69,191,153.94,16757.69,Left,N/A,
185.2427,cer,SliderControl,Slider Control,69,191,0.00,-14445.31,Left,N/A,
185.2524,cer,SliderControl,Slider Control,69,191,0.00,0.00,Left,N/A,
185.2622,cer,SliderControl,Slider Control,68,191,102.52,10510.38,Left,N/A,
185.2720,cer,SliderControl,Slider Control,68,191,0.00,-10409.87,Left,N/A,
185.2825,cer,SliderControl,Slider Control,68,191,0.00,0.00,Left,N/A,
185.2929,cer,SliderControl,Slider Control,68,191,0.00,0.00,Left,N/A,
185.3027,cer,SliderControl,Slider Control,68,191,0.00,0.00,Left,N/A,
185.3127,cer,SliderControl,Slider Control,67,191,99.66,9932.18,Left,N/A,
185.3225,cer,SliderControl,Slider Control,67,191,0.00,-10223.69,Left,N/A,
185.3323,cer,SliderControl,Slider Control,67,191,0.00,0.00,Left,N/A,
185.3428,cer,SliderControl,Slider Control,67,191,0.00,0.00,Left,N/A,
185.3522,cer,SliderControl,Slider Control,67,191,0.00,0.00,Left,N/A,
185.3626,cer,SliderControl,Slider Control,67,191,0.00,0.00,Left,N/A,
185.3721,cer,SliderControl,Slider Control,67,191,0.00,0.00,Left,N/A,
185.3829,cer,SliderControl,Slider Control,67,191,0.00,0.00,Left,N/A,
185.3925,cer,SliderControl,Slider Control,67,191,0.00,0.00,Left,N/A,
185.4030,cer,SliderControl,Slider Control,67,191,0.00,0.00,Left,N/A,
185.4126,cer,SliderControl,Slider Control,67,191,0.00,0.00,Left,N/A,
185.4221,cer,SliderControl,Slider Control,67,191,0.00,0.00,Left,N/A,
185.4326,cer,SliderControl,Slider Control,67,191,0.00,0.00,Left,N/A,
185.4427,cer,SliderControl,Slider Control,67,191,0.00,0.00,Left,N/A,
185.4522,cer,SliderControl,Slider Control,67,191,0.00,0.00,Left,N/A,
185.4626,cer,SliderControl,Slider Control,68,191,96.39,9290.99,Left,N/A,
185.4722,cer,SliderControl,Slider Control,68,191,0.00,-10047.17,Left,N/A,
185.4820,cer,SliderControl,Slider Control,68,191,0.00,0.00,Left,N/A,
185.4921,cer,SliderControl,Slider Control,69,191,99.02,9805.49,Left,N/A,
185.5026,cer,SliderControl,Slider Control,69,191,0.00,-9447.94,Left,N/A,
185.5124,cer,SliderControl,Slider Control,70,192,144.14,14691.77,Left,N/A,
185.5224,cer,SliderControl,Slider Control,71,192,99.84,-4423.08,Left,N/A,
185.5323,cer,SliderControl,Slider Control,72,193,143.99,4495.27,Left,N/A,
185.5428,cer,SliderControl,Slider Control,73,193,94.81,-4663.02,Left,N/A,
185.5519,cer,SliderControl,Slider Control,74,193,109.65,1627.46,Left,N/A,
185.5627,cer,SliderControl,Slider Control,74,193,0.00,-10187.72,Left,N/A,
185.5728,cer,SliderControl,Slider Control,75,193,98.82,9764.42,Left,N/A,
185.5824,cer,SliderControl,Slider Control,75,193,0.00,-10336.96,Left,N/A,
185.5929,cer,SliderControl,Slider Control,76,193,95.08,9040.38,Left,N/A,
185.6028,cer,SliderControl,Slider Control,78,193,201.68,10749.19,Left,N/A,
185.6123,cer,SliderControl,Slider Control,79,193,105.12,-10150.25,Left,N/A,
185.6222,cer,SliderControl,Slider Control,82,194,320.36,21805.79,Left,N/A,
185.6327,cer,SliderControl,Slider Control,84,194,189.52,-12398.37,Left,N/A,
185.6429,cer,SliderControl,Slider Control,86,195,220.41,3044.31,Left,N/A,
185.6527,cer,SliderControl,Slider Control,90,195,408.86,19262.95,Left,N/A,
185.6623,cer,SliderControl,Slider Control,92,195,207.36,-20891.67,Left,N/A,
185.6725,cer,SliderControl,Slider Control,94,195,196.05,-1108.70,Left,N/A,
185.6820,cer,SliderControl,Slider Control,96,195,210.56,1528.35,Left,N/A,
185.6922,cer,SliderControl,Slider Control,98,195,196.74,-1360.15,Left,N/A,
185.7022,cer,SliderControl,Slider Control,99,195,100.02,-9673.48,Left,N/A,
185.7120,cer,SliderControl,Slider Control,101,195,203.86,10584.67,Left,N/A,
185.7229,cer,SliderControl,Slider Control,101,195,0.00,-18631.79,Left,N/A,
185.7324,cer,SliderControl,Slider Control,102,195,105.37,11103.67,Left,N/A,
185.7424,cer,SliderControl,Slider Control,103,195,100.01,-536.03,Left,N/A,
185.7521,cer,SliderControl,Slider Control,103,195,0.00,-10297.54,Left,N/A,
185.7625,cer,SliderControl,Slider Control,103,195,0.00,0.00,Left,N/A,
185.7722,cer,SliderControl,Slider Control,103,195,0.00,0.00,Left,N/A,
185.7820,cer,SliderControl,Slider Control,103,195,0.00,0.00,Left,N/A,
185.7927,cer,SliderControl,Slider Control,103,195,0.00,0.00,Left,N/A,
185.8026,cer,SliderControl,Slider Control,103,195,0.00,0.00,Left,N/A,
185.8120,cer,SliderControl,Slider Control,102,195,107.05,11460.17,Left,N/A,
185.8225,cer,SliderControl,Slider Control,102,195,0.00,-10154.68,Left,N/A,
185.8322,cer,SliderControl,Slider Control,102,195,0.00,0.00,Left,N/A,
185.8430,cer,SliderControl,Slider Control,101,195,92.60,8573.95,Left,N/A,
185.8521,cer,SliderControl,Slider Control,101,195,0.00,-10168.46,Left,N/A,
185.8628,cer,SliderControl,Slider Control,101,195,0.00,0.00,Left,N/A,
185.8727,cer,SliderControl,Slider Control,100,195,100.50,10099.94,Left,N/A,
185.8826,cer,SliderControl,Slider Control,100,195,0.00,-10146.87,Left,N/A,
185.8924,cer,SliderControl,Slider Control,99,194,145.30,14928.80,Left,N/A,
185.9021,cer,SliderControl,Slider Control,98,194,102.37,-4395.04,Left,N/A,
185.9122,cer,SliderControl,Slider Control,96,193,222.76,11993.24,Left,N/A,
185.9227,cer,SliderControl,Slider Control,95,193,95.21,-12143.86,Left,N/A,
185.9323,cer,SliderControl,Slider Control,94,193,103.96,909.20,Left,N/A,
185.9427,cer,SliderControl,Slider Control,91,192,302.59,19005.90,Left,N/A,
185.9524,cer,SliderControl,Slider Control,90,192,103.44,-20599.70,Left,N/A,
185.9628,cer,SliderControl,Slider Control,88,192,193.04,8648.33,Left,N/A,
185.9724,cer,SliderControl,Slider Control,86,191,232.67,4122.96,Left,N/A,
185.9826,cer,SliderControl,Slider Control,84,191,195.30,-3648.95,Left,N/A,
185.9921,cer,SliderControl,Slider Control,83,190,148.88,-4886.61,Left,N/A,
186.0023,cer,SliderControl,Slider Control,81,190,196.58,4688.38,Left,N/A,
186.0122,cer,SliderControl,Slider Control,80,189,143.07,-5413.54,Left,N/A,
186.0226,cer,SliderControl,Slider Control,79,189,95.58,-4538.81,Left,N/A,
186.0329,cer,SliderControl,Slider Control,77,188,218.76,12050.76,Left,N/A,
186.0422,cer,SliderControl,Slider Control,77,188,0.00,-23471.68,Left,N/A,
186.0521,cer,SliderControl,Slider Control,76,188,101.28,10258.11,Left,N/A,
186.0620,cer,SliderControl,Slider Control,75,187,141.87,4072.26,Left,N/A,
186.0722,cer,SliderControl,Slider Control,74,187,97.87,-4306.88,Left,N/A,
186.0826,cer,SliderControl,Slider Control,73,187,96.90,-94.20,Left,N/A,
186.0923,cer,SliderControl,Slider Control,72,186,145.97,5065.83,Left,N/A,
186.1024,cer,SliderControl,Slider Control,71,186,98.40,-4681.48,Left,N/A,
186.1123,cer,SliderControl,Slider Control,70,185,142.92,4499.28,Left,N/A,
186.1227,cer,SliderControl,Slider Control,69,185,96.15,-4496.84,Left,N/A,
186.1322,cer,SliderControl,Slider Control,66,185,314.96,22972.23,Left,N/A,
186.1424,cer,SliderControl,Slider Control,65,184,138.73,-17287.55,Left,N/A,
186.1522,cer,SliderControl,Slider Control,64,184,102.86,-3689.52,Left,N/A,
186.1627,cer,SliderControl,Slider Control,62,183,211.07,10213.40,Left,N/A,
186.1729,cer,SliderControl,Slider Control,61,183,98.79,-11091.81,Left,N/A,
186.1826,cer,SliderControl,Slider Control,60,183,102.30,359.40,Left,N/A,
186.1929,cer,SliderControl,Slider Control,58,183,195.02,9040.28,Left,N/A,
186.2025,cer,SliderControl,Slider Control,57,183,104.67,-9456.51,Left,N/A,
186.2130,cer,SliderControl,Slider Control,57,183,0.00,-9944.38,Left,N/A,
186.2219,cer,SliderControl,Slider Control,56,183,111.90,12521.35,Left,N/A,
186.2327,cer,SliderControl,Slider Control,56,183,0.00,-10422.78,Left,N/A,
186.2425,cer,SliderControl,Slider Control,55,183,101.54,10310.83,Left,N/A,
186.2522,cer,SliderControl,Slider Control,55,183,0.00,-10429.76,Left,N/A,
186.2624,cer,SliderControl,Slider Control,54,183,98.73,9746.96,Left,N/A,
186.2721,cer,SliderControl,Slider Control,54,183,0.00,-10189.72,Left,N/A,
186.2825,cer,SliderControl,Slider Control,54,183,0.00,0.00,Left,N/A,
186.2920,cer,SliderControl,Slider Control,54,183,0.00,0.00,Left,N/A,
186.3025,cer,SliderControl,Slider Control,54,183,0.00,0.00,Left,N/A,
186.3120,cer,SliderControl,Slider Control,54,183,0.00,0.00,Left,N/A,
186.3226,cer,SliderControl,Slider Control,54,183,0.00,0.00,Left,N/A,
186.3321,cer,SliderControl,Slider Control,54,183,0.00,0.00,Left,N/A,
186.3426,cer,SliderControl,Slider Control,54,183,0.00,0.00,Left,N/A,
186.3527,cer,SliderControl,Slider Control,55,183,98.85,9770.40,Left,N/A,
186.3627,cer,SliderControl,Slider Control,56,184,141.68,4291.51,Left,N/A,
186.3728,cer,SliderControl,Slider Control,58,184,198.72,5666.86,Left,N/A,
186.3820,cer,SliderControl,Slider Control,62,185,447.39,26983.73,Left,N/A,
186.3926,cer,SliderControl,Slider Control,65,186,297.16,-14117.38,Left,N/A,
186.4026,cer,SliderControl,Slider Control,69,187,412.56,11546.32,Left,N/A,
186.4124,cer,SliderControl,Slider Control,78,190,971.90,57303.58,Left,N/A,
186.4224,cer,SliderControl,Slider Control,83,191,507.35,-46222.75,Left,N/A,
186.4328,cer,SliderControl,Slider Control,87,192,398.27,-10536.76,Left,N/A,
186.4426,cer,SliderControl,Slider Control,96,195,967.65,58076.34,Left,N/A,
186.4525,cer,SliderControl,Slider Control,100,196,414.49,-55608.05,Left,N/A,
186.4626,cer,SliderControl,Slider Control,103,197,314.26,-9960.30,Left,N/A,
186.4726,cer,SliderControl,Slider Control,105,198,222.76,-9115.27,Left,N/A,
186.4822,cer,SliderControl,Slider Control,109,199,428.79,21426.87,Left,N/A,
186.4928,cer,SliderControl,Slider Control,110,199,94.99,-31708.36,Left,N/A,
186.5021,cer,SliderControl,Slider Control,111,199,106.90,1273.15,Left,N/A,
186.5125,cer,SliderControl,Slider Control,114,200,303.77,18911.39,Left,N/A,
186.5225,cer,SliderControl,Slider Control,115,200,100.44,-20422.89,Left,N/A,
186.5329,cer,SliderControl,Slider Control,115,201,96.37,-392.95,Left,N/A,
186.5420,cer,SliderControl,Slider Control,117,201,220.16,13627.63,Left,N/A,
186.5521,cer,SliderControl,Slider Control,117,201,0.00,-21588.99,Left,N/A,
186.5624,cer,SliderControl,Slider Control,118,201,97.24,9455.85,Left,N/A,
186.5726,cer,SliderControl,Slider Control,118,201,0.00,-9568.09,Left,N/A,
186.5829,cer,SliderControl,Slider Control,118,201,0.00,0.00,Left,N/A,
186.5926,cer,SliderControl,Slider Control,119,201,102.52,10509.87,Left,N/A,
186.6021,cer,SliderControl,Slider Control,119,201,0.00,-10835.35,Left,N/A,
186.6128,cer,SliderControl,Slider Control,119,201,0.00,0.00,Left,N/A,
186.6224,cer,SliderControl,Slider Control,119,201,0.00,0.00,Left,N/A,
186.6329,cer,SliderControl,Slider Control,119,201,0.00,0.00,Left,N/A,
186.6423,cer,SliderControl,Slider Control,119,201,0.00,0.00,Left,N/A,
186.6529,cer,SliderControl,Slider Control,119,201,0.00,0.00,Left,N/A,
186.6624,cer,SliderControl,Slider Control,119,201,0.00,0.00,Left,N/A,
186.6722,cer,SliderControl,Slider Control,119,201,0.00,0.00,Left,N/A,
186.6827,cer,SliderControl,Slider Control,119,201,0.00,0.00,Left,N/A,
186.6922,cer,SliderControl,Slider Control,119,201,0.00,0.00,Left,N/A,
186.7027,cer,SliderControl,Slider Control,119,201,0.00,0.00,Left,N/A,
186.7122,cer,SliderControl,Slider Control,119,201,0.00,0.00,Left,N/A,
186.7227,cer,SliderControl,Slider Control,119,201,0.00,0.00,Left,N/A,
186.7322,cer,SliderControl,Slider Control,119,201,0.00,0.00,Left,N/A,
186.7426,cer,SliderControl,Slider Control,119,201,0.00,0.00,Left,N/A,
186.7527,cer,SliderControl,Slider Control,119,201,0.00,0.00,Left,N/A,
186.7624,cer,SliderControl,Slider Control,119,201,0.00,0.00,Left,N/A,
186.7721,cer,SliderControl,Slider Control,119,201,0.00,0.00,Left,N/A,
186.7825,cer,SliderControl,Slider Control,119,201,0.00,0.00,Left,N/A,
186.7928,cer,SliderControl,Slider Control,120,201,97.88,9581.16,Left,N/A,
186.8024,cer,SliderControl,Slider Control,120,201,0.00,-10177.31,Left,N/A,
186.8123,cer,SliderControl,Slider Control,120,201,0.00,0.00,Left,N/A,
186.8228,cer,SliderControl,Slider Control,120,201,0.00,0.00,Left,N/A,
186.8326,cer,SliderControl,Slider Control,120,201,0.00,0.00,Left,N/A,
186.8425,cer,SliderControl,Slider Control,120,201,0.00,0.00,Left,N/A,
186.8531,cer,SliderControl,Slider Control,120,201,0.00,0.00,Left,N/A,
186.8629,cer,SliderControl,Slider Control,120,201,0.00,0.00,Left,N/A,
186.8727,cer,SliderControl,Slider Control,120,201,0.00,0.00,Left,N/A,
186.8822,cer,SliderControl,Slider Control,121,201,106.22,11283.23,Left,N/A,
186.8923,cer,SliderControl,Slider Control,122,202,139.22,3248.08,Left,N/A,
186.9024,cer,SliderControl,Slider Control,123,202,99.28,-3964.83,Left,N/A,
186.9127,cer,SliderControl,Slider Control,124,203,136.76,3624.43,Left,N/A,
186.9223,cer,SliderControl,Slider Control,125,203,104.62,-3362.35,Left,N/A,
186.9323,cer,SliderControl,Slider Control,129,204,410.17,30395.77,Left,N/A,
186.9429,cer,SliderControl,Slider Control,130,204,94.81,-29899.24,Left,N/A,
186.9521,cer,SliderControl,Slider Control,132,204,216.05,13097.09,Left,N/A,
186.9628,cer,SliderControl,Slider Control,135,205,296.25,7513.64,Left,N/A,
186.9725,cer,SliderControl,Slider Control,136,205,103.63,-19961.28,Left,N/A,
186.9822,cer,SliderControl,Slider Control,137,205,103.21,-42.90,Left,N/A,
186.9924,cer,SliderControl,Slider Control,139,205,196.13,9111.83,Left,N/A,
187.0029,cer,SliderControl,Slider Control,140,205,94.74,-9605.56,Left,N/A,
187.0124,cer,SliderControl,Slider Control,140,205,0.00,-9956.00,Left,N/A,
187.0228,cer,SliderControl,Slider Control,142,205,192.64,18554.67,Left,N/A,
187.0321,cer,SliderControl,Slider Control,142,205,0.00,-20622.83,Left,N/A,
187.0430,cer,SliderControl,Slider Control,143,205,92.01,8466.70,Left,N/A,
187.0519,cer,SliderControl,Slider Control,144,204,159.25,7570.71,Left,N/A,
187.0629,cer,SliderControl,Slider Control,145,204,90.91,-6212.63,Left,N/A,
187.0724,cer,SliderControl,Slider Control,146,203,148.44,6038.88,Left,N/A,
187.0825,cer,SliderControl,Slider Control,148,203,198.75,4999.51,Left,N/A,
187.0929,cer,SliderControl,Slider Control,149,202,136.33,-6017.13,Left,N/A,
187.1028,cer,SliderControl,Slider Control,150,202,100.82,-3579.95,Left,N/A,
187.1125,cer,SliderControl,Slider Control,151,202,102.81,204.55,Left,N/A,
187.1228,cer,SliderControl,Slider Control,153,201,217.86,11209.23,Left,N/A,
187.1321,cer,SliderControl,Slider Control,153,201,0.00,-23418.25,Left,N/A,
187.1429,cer,SliderControl,Slider Control,154,201,92.02,8467.81,Left,N/A,
187.1529,cer,SliderControl,Slider Control,155,201,99.99,796.65,Left,N/A,
187.1629,cer,SliderControl,Slider Control,156,201,100.32,33.35,Left,N/A,
187.1722,cer,SliderControl,Slider Control,156,201,0.00,-10787.45,Left,N/A,
187.1827,cer,SliderControl,Slider Control,157,201,95.68,9153.74,Left,N/A,
187.1927,cer,SliderControl,Slider Control,157,200,99.25,355.28,Left,N/A,
187.2026,cer,SliderControl,Slider Control,157,200,0.00,-10022.49,Left,N/A,
187.2121,cer,SliderControl,Slider Control,157,200,0.00,0.00,Left,N/A,
187.2229,cer,SliderControl,Slider Control,157,200,0.00,0.00,Left,N/A,
187.2327,cer,SliderControl,Slider Control,157,200,0.00,0.00,Left,N/A,
187.2422,cer,SliderControl,Slider Control,157,200,0.00,0.00,Left,N/A,
187.2527,cer,SliderControl,Slider Control,157,200,0.00,0.00,Left,N/A,
187.2628,cer,SliderControl,Slider Control,157,200,0.00,0.00,Left,N/A,
187.2723,cer,SliderControl,Slider Control,157,200,0.00,0.00,Left,N/A,
187.2830,cer,SliderControl,Slider Control,157,200,0.00,0.00,Left,N/A,
187.2924,cer,SliderControl,Slider Control,157,200,0.00,0.00,Left,N/A,
187.3027,cer,SliderControl,Slider Control,157,200,0.00,0.00,Left,N/A,
187.3129,cer,SliderControl,Slider Control,157,200,0.00,0.00,Left,N/A,
187.3223,cer,SliderControl,Slider Control,157,200,0.00,0.00,Left,N/A,
187.3322,cer,SliderControl,Slider Control,157,200,0.00,0.00,Left,N/A,
187.3427,cer,SliderControl,Slider Control,157,200,0.00,0.00,Left,N/A,
187.3521,cer,SliderControl,Slider Control,157,200,0.00,0.00,Left,N/A,
187.3631,cer,SliderControl,Slider Control,157,199,91.09,8296.92,Left,N/A,
187.3720,cer,SliderControl,Slider Control,157,199,0.00,-10160.86,Left,N/A,
187.3825,cer,SliderControl,Slider Control,157,199,0.00,0.00,Left,N/A,
187.3922,cer,SliderControl,Slider Control,157,199,0.00,0.00,Left,N/A,
187.4021,cer,SliderControl,Slider Control,157,198,100.49,10098.98,Left,N/A,
187.4122,cer,SliderControl,Slider Control,158,198,98.92,-156.13,Left,N/A,
187.4226,cer,SliderControl,Slider Control,158,198,0.00,-9569.39,Left,N/A,
187.4327,cer,SliderControl,Slider Control,159,197,139.86,13832.42,Left,N/A,
187.4420,cer,SliderControl,Slider Control,159,196,106.88,-3525.33,Left,N/A,
187.4520,cer,SliderControl,Slider Control,159,196,0.00,-10689.06,Left,N/A,
187.4627,cer,SliderControl,Slider Control,159,196,0.00,0.00,Left,N/A,
187.4728,cer,SliderControl,Slider Control,159,195,99.08,9817.08,Left,N/A,
187.4825,cer,SliderControl,Slider Control,159,195,0.00,-10146.90,Left,N/A,
187.4922,cer,SliderControl,Slider Control,159,195,0.00,0.00,Left,N/A,
187.5023,cer,SliderControl,Slider Control,159,194,98.98,9797.63,Left,N/A,
187.5130,cer,SliderControl,Slider Control,159,194,0.00,-9265.00,Left,N/A,
187.5225,cer,SliderControl,Slider Control,159,194,0.00,0.00,Left,N/A,
187.5320,cer,SliderControl,Slider Control,159,194,0.00,0.00,Left,N/A,
187.5427,cer,SliderControl,Slider Control,159,194,0.00,0.00,Left,N/A,
187.5523,cer,SliderControl,Slider Control,159,194,0.00,0.00,Left,N/A,
187.5627,cer,SliderControl,Slider Control,159,194,0.00,0.00,Left,N/A,
187.5726,cer,SliderControl,Slider Control,159,193,101.40,10282.43,Left,N/A,
187.5821,cer,SliderControl,Slider Control,159,193,0.00,-10638.92,Left,N/A,
187.5926,cer,SliderControl,Slider Control,159,193,0.00,0.00,Left,N/A,
187.6025,cer,SliderControl,Slider Control,160,193,100.61,10122.73,Left,N/A,
187.6120,cer,SliderControl,Slider Control,160,193,0.00,-10623.21,Left,N/A,
187.6225,cer,SliderControl,Slider Control,160,193,0.00,0.00,Left,N/A,
187.6321,cer,SliderControl,Slider Control,160,193,0.00,0.00,Left,N/A,
187.6426,cer,SliderControl,Slider Control,160,193,0.00,0.00,Left,N/A,
187.6521,cer,SliderControl,Slider Control,160,193,0.00,0.00,Left,N/A,
187.6624,cer,SliderControl,Slider Control,160,193,0.00,0.00,Left,N/A,
187.6730,cer,SliderControl,Slider Control,160,193,0.00,0.00,Left,N/A,
187.6826,cer,SliderControl,Slider Control,160,193,0.00,0.00,Left,N/A,
187.6920,cer,SliderControl,Slider Control,160,193,0.00,0.00,Left,N/A,
187.7025,cer,SliderControl,Slider Control,160,193,0.00,0.00,Left,N/A,
187.7126,cer,SliderControl,Slider Control,160,193,0.00,0.00,Left,N/A,
187.7222,cer,SliderControl,Slider Control,160,193,0.00,0.00,Left,N/A,
187.7326,cer,SliderControl,Slider Control,160,193,0.00,0.00,Left,N/A,
187.7422,cer,SliderControl,Slider Control,160,193,0.00,0.00,Left,N/A,
187.7528,cer,SliderControl,Slider Control,160,193,0.00,0.00,Left,N/A,
187.7622,cer,SliderControl,Slider Control,160,193,0.00,0.00,Left,N/A,
187.7727,cer,SliderControl,Slider Control,160,193,0.00,0.00,Left,N/A,
187.7823,cer,SliderControl,Slider Control,160,193,0.00,0.00,Left,N/A,
187.7928,cer,SliderControl,Slider Control,160,193,0.00,0.00,Left,N/A,
187.8023,cer,SliderControl,Slider Control,160,193,0.00,0.00,Left,N/A,
187.8128,cer,SliderControl,Slider Control,160,193,0.00,0.00,Left,N/A,
187.8225,cer,SliderControl,Slider Control,160,193,0.00,0.00,Left,N/A,
187.8329,cer,SliderControl,Slider Control,160,193,0.00,0.00,Left,N/A,
187.8425,cer,SliderControl,Slider Control,160,193,0.00,0.00,Left,N/A,
187.8526,cer,SliderControl,Slider Control,160,193,0.00,0.00,Left,N/A,
187.8622,cer,SliderControl,Slider Control,160,193,0.00,0.00,Left,N/A,
187.8720,cer,SliderControl,Slider Control,161,193,101.62,10326.82,Left,N/A,
187.8830,cer,SliderControl,Slider Control,161,194,91.64,-914.76,Left,N/A,
187.8925,cer,SliderControl,Slider Control,161,194,0.00,-9609.26,Left,N/A,
187.9022,cer,SliderControl,Slider Control,161,194,0.00,0.00,Left,N/A,
187.9124,cer,SliderControl,Slider Control,161,194,0.00,0.00,Left,N/A,
187.9223,cer,SliderControl,Slider Control,162,194,101.17,10234.37,Left,N/A,
187.9328,cer,SliderControl,Slider Control,162,194,0.00,-9631.09,Left,N/A,
187.9423,cer,SliderControl,Slider Control,162,194,0.00,0.00,Left,N/A,
187.9528,cer,SliderControl,Slider Control,163,194,95.35,9091.83,Left,N/A,
187.9622,cer,SliderControl,Slider Control,163,194,0.00,-10132.54,Left,N/A,
187.9727,cer,SliderControl,Slider Control,163,194,0.00,0.00,Left,N/A,
187.9823,cer,SliderControl,Slider Control,163,194,0.00,0.00,Left,N/A,
187.9921,cer,SliderControl,Slider Control,163,194,0.00,0.00,Left,N/A,
188.0025,cer,SliderControl,Slider Control,163,194,0.00,0.00,Left,N/A,
188.0127,cer,SliderControl,Slider Control,163,194,0.00,0.00,Left,N/A,
188.0222,cer,SliderControl,Slider Control,163,194,0.00,0.00,Left,N/A,
188.0326,cer,SliderControl,Slider Control,163,194,0.00,0.00,Left,N/A,
188.0421,cer,SliderControl,Slider Control,163,194,0.00,0.00,Left,N/A,
188.0529,cer,SliderControl,Slider Control,163,194,0.00,0.00,Left,N/A,
188.0625,cer,SliderControl,Slider Control,163,194,0.00,0.00,Left,N/A,
188.0728,cer,SliderControl,Slider Control,163,194,0.00,0.00,Left,N/A,
188.0829,cer,SliderControl,Slider Control,163,194,0.00,0.00,Left,N/A,
188.0922,cer,SliderControl,Slider Control,164,194,108.14,11693.58,Left,N/A,
188.1022,cer,SliderControl,Slider Control,164,194,0.00,-10817.82,Left,N/A,
188.1126,cer,SliderControl,Slider Control,165,194,95.88,9192.70,Left,N/A,
188.1230,cer,SliderControl,Slider Control,165,194,0.00,-9248.94,Left,N/A,
188.1328,cer,SliderControl,Slider Control,166,194,101.31,10263.07,Left,N/A,
188.1424,cer,SliderControl,Slider Control,168,194,208.25,11135.00,Left,N/A,
188.1525,cer,SliderControl,Slider Control,169,195,141.06,-6701.45,Left,N/A,
188.1624,cer,SliderControl,Slider Control,170,195,100.65,-4067.41,Left,N/A,
188.1728,cer,SliderControl,Slider Control,171,195,96.07,-440.28,Left,N/A,
188.1825,cer,SliderControl,Slider Control,172,195,103.69,789.93,Left,N/A,
188.1928,cer,SliderControl,Slider Control,173,195,96.83,-663.43,Left,N/A,
188.2028,cer,SliderControl,Slider Control,174,195,99.94,309.89,Left,N/A,
188.2124,cer,SliderControl,Slider Control,174,195,0.00,-10392.25,Left,N/A,
188.2220,cer,SliderControl,Slider Control,175,195,104.22,10862.73,Left,N/A,
188.2320,cer,SliderControl,Slider Control,175,195,0.00,-10432.15,Left,N/A,
188.2420,cer,SliderControl,Slider Control,175,195,0.00,0.00,Left,N/A,
188.2527,cer,SliderControl,Slider Control,176,195,93.19,8684.03,Left,N/A,
188.2622,cer,SliderControl,Slider Control,176,195,0.00,-9832.94,Left,N/A,
188.2726,cer,SliderControl,Slider Control,176,195,0.00,0.00,Left,N/A,
188.2829,cer,SliderControl,Slider Control,176,195,0.00,0.00,Left,N/A,
188.2923,cer,SliderControl,Slider Control,176,195,0.00,0.00,Left,N/A,
188.3029,cer,SliderControl,Slider Control,176,195,0.00,0.00,Left,N/A,
188.3123,cer,SliderControl,Slider Control,176,195,0.00,0.00,Left,N/A,
188.3227,cer,SliderControl,Slider Control,176,195,0.00,0.00,Left,N/A,
188.3326,cer,SliderControl,Slider Control,176,195,0.00,0.00,Left,N/A,
188.3422,cer,SliderControl,Slider Control,176,195,0.00,0.00,Left,N/A,
188.3526,cer,SliderControl,Slider Control,176,195,0.00,0.00,Left,N/A,
188.3629,cer,SliderControl,Slider Control,176,195,0.00,0.00,Left,N/A,
188.3723,cer,SliderControl,Slider Control,176,195,0.00,0.00,Left,N/A,
188.3829,cer,SliderControl,Slider Control,176,195,0.00,0.00,Left,N/A,
188.3925,cer,SliderControl,Slider Control,176,195,0.00,0.00,Left,N/A,
188.4030,cer,SliderControl,Slider Control,176,195,0.00,0.00,Left,N/A,
188.4125,cer,SliderControl,Slider Control,176,195,0.00,0.00,Left,N/A,
188.4220,cer,SliderControl,Slider Control,176,195,0.00,0.00,Left,N/A,
188.4328,cer,SliderControl,Slider Control,176,195,0.00,0.00,Left,N/A,
188.4429,cer,SliderControl,Slider Control,176,195,0.00,0.00,Left,N/A,
188.4523,cer,SliderControl,Slider Control,176,195,0.00,0.00,Left,N/A,
188.4627,cer,SliderControl,Slider Control,176,195,0.00,0.00,Left,N/A,
188.4721,cer,SliderControl,Slider Control,176,195,0.00,0.00,Left,N/A,
188.4829,cer,SliderControl,Slider Control,176,195,0.00,0.00,Left,N/A,
188.4923,cer,SliderControl,Slider Control,177,196,149.94,15898.06,Left,N/A,
188.5028,cer,SliderControl,Slider Control,178,196,95.43,-5202.14,Left,N/A,
188.5128,cer,SliderControl,Slider Control,178,196,0.00,-9594.60,Left,N/A,
188.5223,cer,SliderControl,Slider Control,180,196,209.22,21886.15,Left,N/A,
188.5324,cer,SliderControl,Slider Control,181,196,98.83,-10909.67,Left,N/A,
188.5430,cer,SliderControl,Slider Control,182,196,94.71,-390.35,Left,N/A,
188.5522,cer,SliderControl,Slider Control,185,196,325.81,25099.14,Left,N/A,
188.5630,cer,SliderControl,Slider Control,186,197,131.21,-18055.10,Left,N/A,
188.5726,cer,SliderControl,Slider Control,187,197,103.86,-2840.30,Left,N/A,
188.5825,cer,SliderControl,Slider Control,190,197,304.09,20295.81,Left,N/A,
188.5927,cer,SliderControl,Slider Control,191,197,97.49,-20141.35,Left,N/A,
188.6020,cer,SliderControl,Slider Control,192,197,107.63,1091.60,Left,N/A,
188.6127,cer,SliderControl,Slider Control,194,197,187.41,7476.02,Left,N/A,
188.6228,cer,SliderControl,Slider Control,195,197,99.09,-8751.95,Left,N/A,
188.6323,cer,SliderControl,Slider Control,196,197,104.87,605.84,Left,N/A,
188.6421,cer,SliderControl,Slider Control,197,197,102.11,-281.77,Left,N/A,
188.6519,cer,SliderControl,Slider Control,199,197,204.24,10430.17,Left,N/A,
188.6621,cer,SliderControl,Slider Control,200,197,98.47,-10415.35,Left,N/A,
188.6725,cer,SliderControl,Slider Control,201,197,96.02,-235.93,Left,N/A,
188.6829,cer,SliderControl,Slider Control,203,197,191.48,9139.21,Left,N/A,
188.6920,cer,SliderControl,Slider Control,204,197,110.13,-8958.83,Left,N/A,
188.7029,cer,SliderControl,Slider Control,205,197,91.44,-1708.69,Left,N/A,
188.7125,cer,SliderControl,Slider Control,207,197,209.73,12404.54,Left,N/A,
188.7227,cer,SliderControl,Slider Control,208,197,97.49,-10942.33,Left,N/A,
188.7333,cer,SliderControl,Slider Control,209,197,94.87,-248.51,Left,N/A,
188.7421,cer,SliderControl,Slider Control,210,197,113.58,2125.39,Left,N/A,
188.7527,cer,SliderControl,Slider Control,212,197,188.76,7095.77,Left,N/A,
188.7627,cer,SliderControl,Slider Control,212,197,0.00,-18805.43,Left,N/A,
188.7725,cer,SliderControl,Slider Control,213,197,102.12,10427.63,Left,N/A,
188.7824,cer,SliderControl,Slider Control,215,197,201.43,10002.63,Left,N/A,
188.7924,cer,SliderControl,Slider Control,216,197,100.13,-10143.30,Left,N/A,
188.8024,cer,SliderControl,Slider Control,217,197,100.28,14.64,Left,N/A,
188.8124,cer,SliderControl,Slider Control,219,198,222.80,12208.80,Left,N/A,
188.8223,cer,SliderControl,Slider Control,220,198,100.94,-12301.12,Left,N/A,
188.8323,cer,SliderControl,Slider Control,221,198,100.01,-93.63,Left,N/A,
188.8427,cer,SliderControl,Slider Control,224,198,288.24,18084.66,Left,N/A,
188.8525,cer,SliderControl,Slider Control,225,198,102.92,-19072.45,Left,N/A,
188.8622,cer,SliderControl,Slider Control,227,198,205.47,10535.28,Left,N/A,
188.8719,cer,SliderControl,Slider Control,229,198,205.32,-15.49,Left,N/A,
188.8829,cer,SliderControl,Slider Control,230,198,91.47,-10413.63,Left,N/A,
188.8926,cer,SliderControl,Slider Control,231,198,102.45,1123.84,Left,N/A,
188.9020,cer,SliderControl,Slider Control,232,198,106.46,427.41,Left,N/A,
188.9122,cer,SliderControl,Slider Control,234,198,196.63,8865.67,Left,N/A,
188.9226,cer,SliderControl,Slider Control,235,198,96.46,-9662.81,Left,N/A,
188.9328,cer,SliderControl,Slider Control,237,198,195.66,9704.04,Left,N/A,
188.9420,cer,SliderControl,Slider Control,238,198,107.84,-9470.11,Left,N/A,
188.9530,cer,SliderControl,Slider Control,238,198,0.00,-9856.28,Left,N/A,
188.9621,cer,SliderControl,Slider Control,239,198,109.50,11989.72,Left,N/A,
188.9730,cer,SliderControl,Slider Control,240,198,92.16,-1597.81,Left,N/A,
188.9827,cer,SliderControl,Slider Control,241,198,102.45,1053.63,Left,N/A,
188.9922,cer,SliderControl,Slider Control,241,198,0.00,-10848.45,Left,N/A,
189.0029,cer,SliderControl,Slider Control,242,198,92.84,8618.41,Left,N/A,
189.0120,cer,SliderControl,Slider Control,242,198,0.00,-10221.82,Left,N/A,
189.0225,cer,SliderControl,Slider Control,242,198,0.00,0.00,Left,N/A,
189.0328,cer,SliderControl,Slider Control,243,198,97.02,9413.46,Left,N/A,
189.0427,cer,SliderControl,Slider Control,243,198,0.00,-9808.71,Left,N/A,
189.0522,cer,SliderControl,Slider Control,243,198,0.00,0.00,Left,N/A,
189.0627,cer,SliderControl,Slider Control,243,198,0.00,0.00,Left,N/A,
189.0722,cer,SliderControl,Slider Control,243,198,0.00,0.00,Left,N/A,
189.0828,cer,SliderControl,Slider Control,243,198,0.00,0.00,Left,N/A,
189.0923,cer,SliderControl,Slider Control,243,198,0.00,0.00,Left,N/A,
189.1028,cer,SliderControl,Slider Control,243,198,0.00,0.00,Left,N/A,
189.1122,cer,SliderControl,Slider Control,243,198,0.00,0.00,Left,N/A,
189.1226,cer,SliderControl,Slider Control,243,198,0.00,0.00,Left,N/A,
189.1326,cer,SliderControl,Slider Control,243,198,0.00,0.00,Left,N/A,
189.1421,cer,SliderControl,Slider Control,243,198,0.00,0.00,Left,N/A,
189.1527,cer,SliderControl,Slider Control,243,198,0.00,0.00,Left,N/A,
189.1622,cer,SliderControl,Slider Control,243,198,0.00,0.00,Left,N/A,
189.1727,cer,SliderControl,Slider Control,243,198,0.00,0.00,Left,N/A,
189.1823,cer,SliderControl,Slider Control,243,198,0.00,0.00,Left,N/A,
189.1928,cer,SliderControl,Slider Control,243,198,0.00,0.00,Left,N/A,
189.2022,cer,SliderControl,Slider Control,243,198,0.00,0.00,Left,N/A,
189.2126,cer,SliderControl,Slider Control,243,198,0.00,0.00,Left,N/A,
189.2225,cer,SliderControl,Slider Control,243,198,0.00,0.00,Left,N/A,
189.2321,cer,SliderControl,Slider Control,243,198,0.00,0.00,Left,N/A,
189.2426,cer,SliderControl,Slider Control,243,198,0.00,0.00,Left,N/A,
189.2520,cer,SliderControl,Slider Control,243,198,0.00,0.00,Left,N/A,
189.2623,cer,SliderControl,Slider Control,243,198,0.00,0.00,Left,N/A,
189.2728,cer,SliderControl,Slider Control,243,198,0.00,0.00,Left,N/A,
189.2823,cer,SliderControl,Slider Control,243,198,0.00,0.00,Left,N/A,
189.2929,cer,SliderControl,Slider Control,243,198,0.00,0.00,Left,N/A,
189.3025,cer,SliderControl,Slider Control,243,198,0.00,0.00,Left,N/A,
189.3129,cer,SliderControl,Slider Control,243,198,0.00,0.00,Left,N/A,
189.3225,cer,SliderControl,Slider Control,243,198,0.00,0.00,Left,N/A,
189.3322,cer,SliderControl,Slider Control,243,198,0.00,0.00,Left,N/A,
189.3427,cer,SliderControl,Slider Control,243,198,0.00,0.00,Left,N/A,
189.3521,cer,SliderControl,Slider Control,243,197,106.76,11396.67,Left,N/A,
189.3626,cer,SliderControl,Slider Control,243,197,0.00,-10128.57,Left,N/A,
189.3730,cer,SliderControl,Slider Control,243,197,0.00,0.00,Left,N/A,
189.3820,cer,SliderControl,Slider Control,243,197,0.00,0.00,Left,N/A,
189.3925,cer,SliderControl,Slider Control,243,196,95.51,9121.25,Left,N/A,
189.4025,cer,SliderControl,Slider Control,243,196,0.00,-9536.21,Left,N/A,
189.4121,cer,SliderControl,Slider Control,243,196,0.00,0.00,Left,N/A,
189.4226,cer,SliderControl,Slider Control,243,195,94.96,9017.47,Left,N/A,
189.4328,cer,SliderControl,Slider Control,243,195,0.00,-9312.65,Left,N/A,
189.4426,cer,SliderControl,Slider Control,243,195,0.00,0.00,Left,N/A,
189.4527,cer,SliderControl,Slider Control,243,194,99.17,9835.19,Left,N/A,
189.4622,cer,SliderControl,Slider Control,243,194,0.00,-10369.44,Left,N/A,
189.4734,cer,SliderControl,Slider Control,243,194,0.00,0.00,Left,N/A,
189.4743,cer,SliderControl,Slider Control,243,194,0.00,0.00,None,N/A,slider_released_correct
189.4826,cer,SliderControl,Slider Control,243,194,0.00,0.00,None,N/A,
189.4921,cer,SliderControl,Slider Control,243,194,0.00,0.00,None,N/A,
189.5030,cer,SliderControl,Slider Control,243,194,0.00,0.00,None,N/A,
189.5126,cer,SliderControl,Slider Control,243,194,0.00,0.00,None,N/A,
189.5221,cer,SliderControl,Slider Control,243,194,0.00,0.00,None,N/A,
189.5327,cer,SliderControl,Slider Control,243,194,0.00,0.00,None,N/A,
189.5421,cer,SliderControl,Slider Control,243,194,0.00,0.00,None,N/A,
189.5526,cer,SliderControl,Slider Control,243,194,0.00,0.00,None,N/A,
189.5621,cer,SliderControl,Slider Control,243,194,0.00,0.00,None,N/A,
189.5726,cer,SliderControl,Slider Control,243,194,0.00,0.00,None,N/A,
189.5822,cer,SliderControl,Slider Control,243,194,0.00,0.00,None,N/A,
189.5926,cer,SliderControl,Slider Control,243,194,0.00,0.00,None,N/A,
189.6020,cer,SliderControl,Slider Control,243,194,0.00,0.00,None,N/A,
189.6124,cer,SliderControl,Slider Control,243,194,0.00,0.00,None,N/A,
189.6229,cer,SliderControl,Slider Control,243,194,0.00,0.00,None,N/A,
189.6327,cer,SliderControl,Slider Control,243,194,0.00,0.00,None,N/A,
189.6423,cer,SliderControl,Slider Control,243,194,0.00,0.00,None,N/A,
189.6528,cer,SliderControl,Slider Control,243,194,0.00,0.00,None,N/A,
189.6623,cer,SliderControl,Slider Control,243,194,0.00,0.00,None,N/A,
189.6729,cer,SliderControl,Slider Control,243,194,0.00,0.00,None,N/A,
189.6825,cer,SliderControl,Slider Control,243,194,0.00,0.00,None,N/A,
189.6930,cer,SliderControl,Slider Control,243,194,0.00,0.00,None,N/A,
189.7024,cer,SliderControl,Slider Control,243,194,0.00,0.00,None,N/A,
189.7132,cer,SliderControl,Slider Control,243,194,0.00,0.00,None,N/A,
189.7228,cer,SliderControl,Slider Control,243,194,0.00,0.00,None,N/A,
189.7323,cer,SliderControl,Slider Control,243,194,0.00,0.00,None,N/A,
189.7428,cer,SliderControl,Slider Control,243,194,0.00,0.00,None,N/A,
189.7523,cer,SliderControl,Slider Control,243,194,0.00,0.00,None,N/A,
189.7626,cer,SliderControl,Slider Control,243,194,0.00,0.00,Left,N/A,
189.7721,cer,SliderControl,Slider Control,243,194,0.00,0.00,Left,N/A,
189.7828,cer,SliderControl,Slider Control,243,194,0.00,0.00,Left,N/A,
189.7924,cer,SliderControl,Slider Control,243,194,0.00,0.00,Left,N/A,
189.8032,cer,SliderControl,Slider Control,243,194,0.00,0.00,Left,N/A,
189.8128,cer,SliderControl,Slider Control,243,194,0.00,0.00,Left,N/A,
189.8223,cer,SliderControl,Slider Control,243,194,0.00,0.00,Left,N/A,
189.8329,cer,SliderControl,Slider Control,243,194,0.00,0.00,Left,N/A,
189.8424,cer,SliderControl,Slider Control,243,194,0.00,0.00,Left,N/A,
189.8525,cer,SliderControl,Slider Control,243,194,0.00,0.00,Left,N/A,
189.8621,cer,SliderControl,Slider Control,243,194,0.00,0.00,Left,N/A,
189.8725,cer,SliderControl,Slider Control,243,194,0.00,0.00,Left,N/A,
189.8821,cer,SliderControl,Slider Control,243,194,0.00,0.00,Left,N/A,
189.8927,cer,SliderControl,Slider Control,243,194,0.00,0.00,Left,N/A,
189.9021,cer,SliderControl,Slider Control,243,194,0.00,0.00,Left,N/A,
189.9127,cer,SliderControl,Slider Control,243,194,0.00,0.00,Left,N/A,
189.9222,cer,SliderControl,Slider Control,243,194,0.00,0.00,Left,N/A,
189.9330,cer,SliderControl,Slider Control,243,194,0.00,0.00,Left,N/A,
189.9427,cer,SliderControl,Slider Control,243,194,0.00,0.00,None,N/A,
189.9522,cer,SliderControl,Slider Control,243,194,0.00,0.00,None,N/A,
189.9628,cer,SliderControl,Slider Control,243,194,0.00,0.00,None,N/A,
189.9722,cer,SliderControl,Slider Control,243,194,0.00,0.00,None,N/A,
189.9828,cer,SliderControl,Slider Control,243,194,0.00,0.00,None,N/A,
189.9923,cer,SliderControl,Slider Control,243,194,0.00,0.00,None,N/A,
190.0032,cer,SliderControl,Slider Control,243,194,0.00,0.00,None,N/A,
190.0128,cer,SliderControl,Slider Control,243,194,0.00,0.00,None,N/A,
190.0222,cer,SliderControl,Slider Control,243,194,0.00,0.00,None,N/A,
190.0328,cer,SliderControl,Slider Control,243,194,0.00,0.00,None,N/A,
190.0422,cer,SliderControl,Slider Control,243,194,0.00,0.00,None,N/A,
190.0528,cer,SliderControl,Slider Control,243,194,0.00,0.00,None,N/A,
190.0623,cer,SliderControl,Slider Control,243,194,0.00,0.00,None,N/A,
190.0728,cer,SliderControl,Slider Control,243,194,0.00,0.00,None,N/A,
190.0823,cer,SliderControl,Slider Control,243,194,0.00,0.00,None,N/A,
190.0929,cer,SliderControl,Slider Control,243,194,0.00,0.00,None,N/A,
190.1028,cer,SliderControl,Slider Control,243,194,0.00,0.00,None,N/A,
190.1125,cer,SliderControl,Slider Control,243,194,0.00,0.00,None,N/A,
190.1230,cer,SliderControl,Slider Control,243,194,0.00,0.00,None,N/A,
190.1331,cer,SliderControl,Slider Control,243,194,0.00,0.00,None,N/A,
190.1427,cer,SliderControl,Slider Control,243,194,0.00,0.00,None,N/A,
190.1522,cer,SliderControl,Slider Control,243,194,0.00,0.00,None,N/A,
190.1628,cer,SliderControl,Slider Control,243,194,0.00,0.00,None,N/A,
190.1723,cer,SliderControl,Slider Control,243,194,0.00,0.00,None,N/A,
190.1830,cer,SliderControl,Slider Control,243,194,0.00,0.00,None,N/A,
190.1925,cer,SliderControl,Slider Control,243,194,0.00,0.00,None,N/A,
190.2029,cer,SliderControl,Slider Control,243,194,0.00,0.00,None,N/A,
190.2124,cer,SliderControl,Slider Control,243,194,0.00,0.00,None,N/A,
190.2228,cer,SliderControl,Slider Control,243,194,0.00,0.00,None,N/A,
190.2324,cer,SliderControl,Slider Control,243,194,0.00,0.00,None,N/A,
190.2429,cer,SliderControl,Slider Control,243,194,0.00,0.00,None,N/A,
190.2523,cer,SliderControl,Slider Control,243,194,0.00,0.00,None,N/A,
190.2627,cer,SliderControl,Slider Control,243,194,0.00,0.00,None,N/A,
190.2722,cer,SliderControl,Slider Control,243,194,0.00,0.00,None,N/A,
190.2828,cer,SliderControl,Slider Control,243,194,0.00,0.00,None,N/A,
190.2922,cer,SliderControl,Slider Control,243,194,0.00,0.00,None,N/A,
190.3026,cer,SliderControl,Slider Control,246,195,303.53,29135.10,None,N/A,
190.3123,cer,SliderControl,Slider Control,250,195,413.10,11315.31,None,N/A,
190.3224,cer,SliderControl,Slider Control,259,196,897.24,47970.26,None,N/A,
190.3329,cer,SliderControl,Slider Control,267,197,770.18,-12137.79,None,N/A,
190.3424,cer,SliderControl,Slider Control,281,197,1460.27,71979.29,None,N/A,
190.3526,cer,SliderControl,Slider Control,311,200,2964.15,147854.19,None,N/A,
190.3622,cer,SliderControl,Slider Control,324,201,1356.02,-167249.09,None,N/A,
190.3728,cer,SliderControl,Slider Control,336,203,1150.42,-19442.27,None,N/A,
190.3820,cer,SliderControl,Slider Control,358,206,2424.15,139063.53,None,N/A,
190.3921,cer,SliderControl,Slider Control,367,208,911.85,-149572.53,None,N/A,
190.4023,cer,SliderControl,Slider Control,377,211,1026.10,11229.10,None,N/A,
190.4121,cer,SliderControl,Slider Control,393,214,1651.19,63403.94,None,N/A,
190.4226,cer,SliderControl,Slider Control,399,215,577.69,-101951.72,None,N/A,
190.4327,cer,SliderControl,Slider Control,405,216,607.74,3002.76,None,N/A,
190.4422,cer,SliderControl,Slider Control,410,217,531.91,-7910.81,None,N/A,
190.4531,cer,SliderControl,Slider Control,410,217,0.00,-48819.89,None,N/A,
190.4628,cer,SliderControl,Slider Control,410,217,0.00,0.00,None,N/A,
190.4723,cer,SliderControl,Slider Control,410,217,0.00,0.00,None,N/A,
190.4830,cer,SliderControl,Slider Control,410,217,0.00,0.00,None,N/A,
190.4925,cer,SliderControl,Slider Control,410,217,0.00,0.00,None,N/A,
190.5031,cer,SliderControl,Slider Control,410,217,0.00,0.00,None,N/A,
190.5125,cer,SliderControl,Slider Control,410,217,0.00,0.00,None,N/A,
190.5230,cer,SliderControl,Slider Control,410,217,0.00,0.00,None,N/A,
190.5326,cer,SliderControl,Slider Control,410,217,0.00,0.00,None,N/A,
190.5420,cer,SliderControl,Slider Control,410,217,0.00,0.00,None,N/A,
190.5526,cer,SliderControl,Slider Control,410,217,0.00,0.00,None,N/A,
190.5621,cer,SliderControl,Slider Control,410,217,0.00,0.00,None,N/A,
190.5726,cer,SliderControl,Slider Control,410,217,0.00,0.00,None,N/A,
190.5826,cer,SliderControl,Slider Control,410,217,0.00,0.00,None,N/A,
190.5920,cer,SliderControl,Slider Control,410,217,0.00,0.00,None,N/A,
190.6025,cer,SliderControl,Slider Control,410,217,0.00,0.00,None,N/A,
190.6130,cer,SliderControl,Slider Control,410,217,0.00,0.00,None,N/A,
190.6225,cer,SliderControl,Slider Control,410,217,0.00,0.00,None,N/A,
190.6320,cer,SliderControl,Slider Control,410,217,0.00,0.00,None,N/A,
190.6425,cer,SliderControl,Slider Control,410,217,0.00,0.00,None,N/A,
190.6520,cer,SliderControl,Slider Control,410,217,0.00,0.00,None,N/A,
190.6626,cer,SliderControl,Slider Control,410,217,0.00,0.00,None,N/A,
190.6721,cer,SliderControl,Slider Control,410,217,0.00,0.00,None,N/A,
190.6826,cer,SliderControl,Slider Control,410,217,0.00,0.00,None,N/A,
190.6922,cer,SliderControl,Slider Control,410,217,0.00,0.00,None,N/A,
190.7027,cer,SliderControl,Slider Control,410,217,0.00,0.00,None,N/A,
190.7122,cer,SliderControl,Slider Control,410,217,0.00,0.00,None,N/A,
190.7227,cer,SliderControl,Slider Control,410,217,0.00,0.00,None,N/A,
190.7324,cer,SliderControl,Slider Control,410,217,0.00,0.00,None,N/A,
190.7429,cer,SliderControl,Slider Control,406,214,473.43,44827.16,None,N/A,
190.7524,cer,SliderControl,Slider Control,403,212,379.30,-9902.18,None,N/A,
190.7622,cer,SliderControl,Slider Control,395,208,916.23,55001.45,None,N/A,
190.7726,cer,SliderControl,Slider Control,392,206,346.86,-54774.28,None,N/A,
190.7820,cer,SliderControl,Slider Control,390,205,236.43,-11676.63,None,N/A,
190.7923,cer,SliderControl,Slider Control,387,204,309.65,7170.19,None,N/A,
190.8029,cer,SliderControl,Slider Control,385,204,187.89,-11438.84,None,N/A,
190.8129,cer,SliderControl,Slider Control,384,203,141.20,-4661.48,None,N/A,
190.8222,cer,SliderControl,Slider Control,383,203,108.07,-3580.49,None,N/A,
190.8324,cer,SliderControl,Slider Control,381,203,195.78,8586.28,None,N/A,
190.8421,cer,SliderControl,Slider Control,381,203,0.00,-20172.03,None,N/A,
190.8527,cer,SliderControl,Slider Control,380,203,94.24,8881.82,None,N/A,
190.8620,cer,SliderControl,Slider Control,379,203,107.86,1468.20,None,N/A,
190.8721,cer,SliderControl,Slider Control,379,203,0.00,-10635.25,None,N/A,
190.8829,cer,SliderControl,Slider Control,379,203,0.00,0.00,None,N/A,
190.8922,cer,SliderControl,Slider Control,379,202,107.02,11452.57,None,N/A,
190.9027,cer,SliderControl,Slider Control,379,202,0.00,-10249.36,None,N/A,
190.9121,cer,SliderControl,Slider Control,379,202,0.00,0.00,None,N/A,
190.9226,cer,SliderControl,Slider Control,379,202,0.00,0.00,None,N/A,
190.9327,cer,SliderControl,Slider Control,379,202,0.00,0.00,None,N/A,
190.9427,cer,SliderControl,Slider Control,379,202,0.00,0.00,None,N/A,
190.9528,cer,SliderControl,Slider Control,379,202,0.00,0.00,None,N/A,
190.9627,cer,SliderControl,Slider Control,379,201,101.38,10278.45,None,N/A,
190.9729,cer,SliderControl,Slider Control,379,201,0.00,-9873.22,None,N/A,
190.9823,cer,SliderControl,Slider Control,380,200,151.04,16131.28,None,N/A,
190.9923,cer,SliderControl,Slider Control,381,200,99.71,-5118.11,None,N/A,
191.0027,cer,SliderControl,Slider Control,382,200,96.19,-338.93,None,N/A,
191.0126,cer,SliderControl,Slider Control,384,199,225.65,13064.02,None,N/A,
191.0228,cer,SliderControl,Slider Control,385,198,138.68,-8528.00,None,N/A,
191.0322,cer,SliderControl,Slider Control,385,197,106.62,-3418.12,None,N/A,
191.0429,cer,SliderControl,Slider Control,386,197,93.23,-1248.76,None,N/A,
191.0520,cer,SliderControl,Slider Control,388,196,246.63,16919.27,None,N/A,
191.0628,cer,SliderControl,Slider Control,389,195,131.59,-10704.04,None,N/A,
191.0723,cer,SliderControl,Slider Control,390,195,104.51,-2829.83,None,N/A,
191.0824,cer,SliderControl,Slider Control,392,194,221.01,11514.33,None,N/A,
191.0923,cer,SliderControl,Slider Control,393,194,101.93,-12137.83,None,N/A,
191.1028,cer,SliderControl,Slider Control,394,193,133.70,3003.21,None,N/A,
191.1119,cer,SliderControl,Slider Control,395,193,110.24,-2586.58,None,N/A,
191.1227,cer,SliderControl,Slider Control,396,192,130.70,1891.04,None,N/A,
191.1320,cer,SliderControl,Slider Control,396,192,0.00,-14022.39,None,N/A,
191.1423,cer,SliderControl,Slider Control,397,191,138.23,13511.94,None,N/A,
191.1529,cer,SliderControl,Slider Control,397,191,0.00,-13009.86,None,N/A,
191.1629,cer,SliderControl,Slider Control,397,191,0.00,0.00,None,N/A,
191.1723,cer,SliderControl,Slider Control,398,190,149.52,15809.22,None,N/A,
191.1823,cer,SliderControl,Slider Control,398,190,0.00,-15009.73,None,N/A,
191.1925,cer,SliderControl,Slider Control,399,189,138.34,13533.38,None,N/A,
191.2029,cer,SliderControl,Slider Control,399,189,0.00,-13306.82,None,N/A,
191.2120,cer,SliderControl,Slider Control,400,189,109.74,12043.73,None,N/A,
191.2227,cer,SliderControl,Slider Control,400,188,93.60,-1511.08,None,N/A,
191.2320,cer,SliderControl,Slider Control,400,188,0.00,-10033.90,None,N/A,
191.2426,cer,SliderControl,Slider Control,400,188,0.00,0.00,None,N/A,
191.2520,cer,SliderControl,Slider Control,400,187,106.03,11242.20,None,N/A,
191.2625,cer,SliderControl,Slider Control,400,187,0.00,-10136.50,None,N/A,
191.2720,cer,SliderControl,Slider Control,400,187,0.00,0.00,None,N/A,
191.2826,cer,SliderControl,Slider Control,400,187,0.00,0.00,None,N/A,
191.2921,cer,SliderControl,Slider Control,400,187,0.00,0.00,None,N/A,
191.3026,cer,SliderControl,Slider Control,400,187,0.00,0.00,None,N/A,
191.3130,cer,SliderControl,Slider Control,400,187,0.00,0.00,None,N/A,
191.3225,cer,SliderControl,Slider Control,400,187,0.00,0.00,None,N/A,
191.3329,cer,SliderControl,Slider Control,400,187,0.00,0.00,None,N/A,
191.3422,cer,SliderControl,Slider Control,400,187,0.00,0.00,None,N/A,
191.3527,cer,SliderControl,Slider Control,400,187,0.00,0.00,None,N/A,
191.3622,cer,SliderControl,Slider Control,400,187,0.00,0.00,None,N/A,
191.3727,cer,SliderControl,Slider Control,400,187,0.00,0.00,None,N/A,
191.3822,cer,SliderControl,Slider Control,400,187,0.00,0.00,None,N/A,
191.3929,cer,SliderControl,Slider Control,400,187,0.00,0.00,None,N/A,
191.4024,cer,SliderControl,Slider Control,400,187,0.00,0.00,None,N/A,
191.4127,cer,SliderControl,Slider Control,400,187,0.00,0.00,None,N/A,
191.4223,cer,SliderControl,Slider Control,400,187,0.00,0.00,None,N/A,
191.4327,cer,SliderControl,Slider Control,400,187,0.00,0.00,None,N/A,
191.4422,cer,SliderControl,Slider Control,400,187,0.00,0.00,None,N/A,
191.4526,cer,SliderControl,Slider Control,400,187,0.00,0.00,None,N/A,
191.4621,cer,SliderControl,Slider Control,400,187,0.00,0.00,None,N/A,
191.4725,cer,SliderControl,Slider Control,400,187,0.00,0.00,None,N/A,
191.4826,cer,SliderControl,Slider Control,400,187,0.00,0.00,None,N/A,
191.4930,cer,SliderControl,Slider Control,400,187,0.00,0.00,None,N/A,
191.5024,cer,SliderControl,Slider Control,400,187,0.00,0.00,None,N/A,
191.5127,cer,SliderControl,Slider Control,400,187,0.00,0.00,None,N/A,
191.5222,cer,SliderControl,Slider Control,400,187,0.00,0.00,None,N/A,
191.5326,cer,SliderControl,Slider Control,400,187,0.00,0.00,None,N/A,
191.5421,cer,SliderControl,Slider Control,400,187,0.00,0.00,None,N/A,
191.5527,cer,SliderControl,Slider Control,400,187,0.00,0.00,None,N/A,
191.5624,cer,SliderControl,Slider Control,399,188,145.05,14877.01,None,N/A,
191.5728,cer,SliderControl,Slider Control,399,188,0.00,-13937.38,None,N/A,
191.5825,cer,SliderControl,Slider Control,399,188,0.00,0.00,None,N/A,
191.5927,cer,SliderControl,Slider Control,398,189,139.04,13670.77,None,N/A,
191.6022,cer,SliderControl,Slider Control,398,189,0.00,-14585.71,None,N/A,
191.6127,cer,SliderControl,Slider Control,398,189,0.00,0.00,None,N/A,
191.6219,cer,SliderControl,Slider Control,398,190,108.00,11663.49,None,N/A,
191.6330,cer,SliderControl,Slider Control,398,190,0.00,-9802.11,None,N/A,
191.6424,cer,SliderControl,Slider Control,398,190,0.00,0.00,None,N/A,
191.6522,cer,SliderControl,Slider Control,398,190,0.00,0.00,None,N/A,
191.6621,cer,SliderControl,Slider Control,397,191,143.06,14472.19,None,N/A,
191.6729,cer,SliderControl,Slider Control,397,191,0.00,-13143.05,None,N/A,
191.6826,cer,SliderControl,Slider Control,397,191,0.00,0.00,None,N/A,
191.6922,cer,SliderControl,Slider Control,397,191,0.00,0.00,None,N/A,
191.7031,cer,SliderControl,Slider Control,397,191,0.00,0.00,None,N/A,
191.7130,cer,SliderControl,Slider Control,397,191,0.00,0.00,None,N/A,
191.7225,cer,SliderControl,Slider Control,397,191,0.00,0.00,None,N/A,
191.7321,cer,SliderControl,Slider Control,397,191,0.00,0.00,None,N/A,
191.7430,cer,SliderControl,Slider Control,397,191,0.00,0.00,None,N/A,
191.7527,cer,SliderControl,Slider Control,397,191,0.00,0.00,None,N/A,
191.7620,cer,SliderControl,Slider Control,397,191,0.00,0.00,None,N/A,
191.7725,cer,SliderControl,Slider Control,397,191,0.00,0.00,None,N/A,
191.7829,cer,SliderControl,Slider Control,397,191,0.00,0.00,None,N/A,
191.7928,cer,SliderControl,Slider Control,397,191,0.00,0.00,None,N/A,
191.8025,cer,SliderControl,Slider Control,396,191,103.18,10645.25,None,N/A,
191.8130,cer,SliderControl,Slider Control,396,191,0.00,-9774.82,None,N/A,
191.8225,cer,SliderControl,Slider Control,396,191,0.00,0.00,None,N/A,
191.8330,cer,SliderControl,Slider Control,396,191,0.00,0.00,None,N/A,
191.8425,cer,SliderControl,Slider Control,396,191,0.00,0.00,None,N/A,
191.8522,cer,SliderControl,Slider Control,396,191,0.00,0.00,None,N/A,
191.8627,cer,SliderControl,Slider Control,396,191,0.00,0.00,None,N/A,
191.8722,cer,SliderControl,Slider Control,396,191,0.00,0.00,None,N/A,
191.8829,cer,SliderControl,Slider Control,396,191,0.00,0.00,None,N/A,
191.8925,cer,SliderControl,Slider Control,396,191,0.00,0.00,None,N/A,
191.9029,cer,SliderControl,Slider Control,396,191,0.00,0.00,None,N/A,
191.9135,cer,SliderControl,Slider Control,396,191,0.00,0.00,None,N/A,
191.9222,cer,SliderControl,Slider Control,396,191,0.00,0.00,None,N/A,
191.9329,cer,SliderControl,Slider Control,396,191,0.00,0.00,None,N/A,
191.9425,cer,SliderControl,Slider Control,396,191,0.00,0.00,None,N/A,
191.9529,cer,SliderControl,Slider Control,396,191,0.00,0.00,Left,N/A,
191.9624,cer,SliderControl,Slider Control,396,191,0.00,0.00,Left,N/A,
191.9728,cer,SliderControl,Slider Control,396,191,0.00,0.00,Left,N/A,
191.9828,cer,SliderControl,Slider Control,396,191,0.00,0.00,Left,N/A,
191.9921,cer,SliderControl,Slider Control,396,191,0.00,0.00,Left,N/A,
192.0030,cer,SliderControl,Slider Control,396,191,0.00,0.00,Left,N/A,
192.0127,cer,SliderControl,Slider Control,396,191,0.00,0.00,Left,N/A,
192.0222,cer,SliderControl,Slider Control,396,191,0.00,0.00,Left,N/A,
192.0328,cer,SliderControl,Slider Control,396,191,0.00,0.00,Left,N/A,
192.0423,cer,SliderControl,Slider Control,396,191,0.00,0.00,Left,N/A,
192.0528,cer,SliderControl,Slider Control,396,191,0.00,0.00,Left,N/A,
192.0623,cer,SliderControl,Slider Control,396,191,0.00,0.00,Left,N/A,
192.0728,cer,SliderControl,Slider Control,396,191,0.00,0.00,Left,N/A,
192.0824,cer,SliderControl,Slider Control,396,191,0.00,0.00,Left,N/A,
192.0928,cer,SliderControl,Slider Control,396,191,0.00,0.00,Left,N/A,
192.1023,cer,SliderControl,Slider Control,396,191,0.00,0.00,Left,N/A,
192.1128,cer,SliderControl,Slider Control,396,191,0.00,0.00,Left,N/A,
192.1223,cer,SliderControl,Slider Control,396,191,0.00,0.00,Left,N/A,
192.1329,cer,SliderControl,Slider Control,396,191,0.00,0.00,Left,N/A,
192.1425,cer,SliderControl,Slider Control,396,191,0.00,0.00,Left,N/A,
192.1529,cer,SliderControl,Slider Control,396,191,0.00,0.00,Left,N/A,
192.1623,cer,SliderControl,Slider Control,396,191,0.00,0.00,Left,N/A,
192.1729,cer,SliderControl,Slider Control,396,191,0.00,0.00,Left,N/A,
192.1824,cer,SliderControl,Slider Control,396,191,0.00,0.00,Left,N/A,
192.1928,cer,SliderControl,Slider Control,396,191,0.00,0.00,Left,N/A,
192.2027,cer,SliderControl,Slider Control,398,191,201.28,20256.15,Left,N/A,
192.2127,cer,SliderControl,Slider Control,399,191,100.28,-10127.94,Left,N/A,
192.2222,cer,SliderControl,Slider Control,403,190,432.87,34917.80,Left,N/A,
192.2320,cer,SliderControl,Slider Control,404,190,101.89,-33722.92,Left,N/A,
192.2430,cer,SliderControl,Slider Control,406,190,182.48,7353.26,Left,N/A,
192.2523,cer,SliderControl,Slider Control,407,190,107.51,-8059.93,Left,N/A,
192.2629,cer,SliderControl,Slider Control,410,190,283.26,16594.77,Left,N/A,
192.2721,cer,SliderControl,Slider Control,411,190,108.55,-18965.56,Left,N/A,
192.2820,cer,SliderControl,Slider Control,412,190,101.06,-757.76,Left,N/A,
192.2921,cer,SliderControl,Slider Control,414,190,198.20,9626.31,Left,N/A,
192.3026,cer,SliderControl,Slider Control,416,190,189.69,-806.78,Left,N/A,
192.3128,cer,SliderControl,Slider Control,417,190,97.93,-8985.92,Left,N/A,
192.3227,cer,SliderControl,Slider Control,419,190,203.31,10712.17,Left,N/A,
192.3321,cer,SliderControl,Slider Control,421,190,212.28,952.40,Left,N/A,
192.3426,cer,SliderControl,Slider Control,422,190,94.83,-11138.08,Left,N/A,
192.3521,cer,SliderControl,Slider Control,425,190,317.37,23543.45,Left,N/A,
192.3625,cer,SliderControl,Slider Control,426,190,95.51,-21190.42,Left,N/A,
192.3721,cer,SliderControl,Slider Control,427,190,104.51,940.71,Left,N/A,
192.3823,cer,SliderControl,Slider Control,430,190,295.48,18809.74,Left,N/A,
192.3920,cer,SliderControl,Slider Control,431,190,102.48,-19778.88,Left,N/A,
192.4022,cer,SliderControl,Slider Control,433,190,195.64,9113.00,Left,N/A,
192.4126,cer,SliderControl,Slider Control,435,190,192.36,-315.83,Left,N/A,
192.4227,cer,SliderControl,Slider Control,437,190,198.98,658.64,Left,N/A,
192.4329,cer,SliderControl,Slider Control,437,190,0.00,-19558.10,Left,N/A,
192.4428,cer,SliderControl,Slider Control,438,190,100.83,10167.07,Left,N/A,
192.4520,cer,SliderControl,Slider Control,440,190,217.69,12719.09,Left,N/A,
192.4629,cer,SliderControl,Slider Control,441,190,91.74,-11554.57,Left,N/A,
192.4720,cer,SliderControl,Slider Control,442,190,109.27,1914.74,Left,N/A,
192.4821,cer,SliderControl,Slider Control,445,190,296.88,18566.04,Left,N/A,
192.4922,cer,SliderControl,Slider Control,446,190,99.04,-19593.86,Left,N/A,
192.5028,cer,SliderControl,Slider Control,448,190,188.31,8405.19,Left,N/A,
192.5128,cer,SliderControl,Slider Control,450,191,225.23,3718.74,Left,N/A,
192.5224,cer,SliderControl,Slider Control,451,191,103.36,-12596.38,Left,N/A,
192.5320,cer,SliderControl,Slider Control,452,191,104.53,121.70,Left,N/A,
192.5420,cer,SliderControl,Slider Control,453,191,100.52,-402.18,Left,N/A,
192.5528,cer,SliderControl,Slider Control,454,191,92.32,-757.27,Left,N/A,
192.5625,cer,SliderControl,Slider Control,455,191,103.45,1150.63,Left,N/A,
192.5728,cer,SliderControl,Slider Control,455,191,0.00,-10034.97,Left,N/A,
192.5820,cer,SliderControl,Slider Control,455,191,0.00,0.00,Left,N/A,
192.5921,cer,SliderControl,Slider Control,456,191,98.51,9703.51,Left,N/A,
192.6024,cer,SliderControl,Slider Control,456,191,0.00,-9605.16,Left,N/A,
192.6126,cer,SliderControl,Slider Control,456,191,0.00,0.00,Left,N/A,
192.6226,cer,SliderControl,Slider Control,457,191,99.36,9871.57,Left,N/A,
192.6328,cer,SliderControl,Slider Control,457,191,0.00,-9752.37,Left,N/A,
192.6332,cer,SliderControl,Slider Control,457,191,0.00,0.00,None,N/A,slider_released_missed
192.6430,cer,SliderControl,Slider Control,457,191,0.00,0.00,None,N/A,
192.6525,cer,SliderControl,Slider Control,457,191,0.00,0.00,None,N/A,
192.6629,cer,SliderControl,Slider Control,457,191,0.00,0.00,None,N/A,
192.6725,cer,SliderControl,Slider Control,457,191,0.00,0.00,None,N/A,
192.6828,cer,SliderControl,Slider Control,457,191,0.00,0.00,None,N/A,
192.6925,cer,SliderControl,Slider Control,457,191,0.00,0.00,None,N/A,
192.7024,cer,SliderControl,Slider Control,457,191,0.00,0.00,None,N/A,
192.7133,cer,SliderControl,Slider Control,457,191,0.00,0.00,None,N/A,
192.7229,cer,SliderControl,Slider Control,457,191,0.00,0.00,None,N/A,
192.7325,cer,SliderControl,Slider Control,457,191,0.00,0.00,None,N/A,
192.7421,cer,SliderControl,Slider Control,457,191,0.00,0.00,None,N/A,
192.7526,cer,SliderControl,Slider Control,457,191,0.00,0.00,None,N/A,
192.7625,cer,SliderControl,Slider Control,457,191,0.00,0.00,None,N/A,
192.7730,cer,SliderControl,Slider Control,457,191,0.00,0.00,None,N/A,
192.7827,cer,SliderControl,Slider Control,457,191,0.00,0.00,None,N/A,
192.7923,cer,SliderControl,Slider Control,457,191,0.00,0.00,None,N/A,
192.8028,cer,SliderControl,Slider Control,457,191,0.00,0.00,None,N/A,
192.8131,cer,SliderControl,Slider Control,457,191,0.00,0.00,None,N/A,
192.8228,cer,SliderControl,Slider Control,457,191,0.00,0.00,None,N/A,
192.8328,cer,SliderControl,Slider Control,457,191,0.00,0.00,None,N/A,
192.8424,cer,SliderControl,Slider Control,457,191,0.00,0.00,None,N/A,
192.8530,cer,SliderControl,Slider Control,457,191,0.00,0.00,None,N/A,
192.8626,cer,SliderControl,Slider Control,457,191,0.00,0.00,None,N/A,
192.8721,cer,SliderControl,Slider Control,457,191,0.00,0.00,None,N/A,
192.8828,cer,SliderControl,Slider Control,457,191,0.00,0.00,None,N/A,
192.8924,cer,SliderControl,Slider Control,457,191,0.00,0.00,None,N/A,
192.9029,cer,SliderControl,Slider Control,457,191,0.00,0.00,None,N/A,
192.9123,cer,SliderControl,Slider Control,457,191,0.00,0.00,None,N/A,
192.9228,cer,SliderControl,Slider Control,457,191,0.00,0.00,None,N/A,
192.9330,cer,SliderControl,Slider Control,457,191,0.00,0.00,None,N/A,
192.9425,cer,SliderControl,Slider Control,457,191,0.00,0.00,None,N/A,
192.9529,cer,SliderControl,Slider Control,457,191,0.00,0.00,None,N/A,
192.9624,cer,SliderControl,Slider Control,457,191,0.00,0.00,None,N/A,
192.9730,cer,SliderControl,Slider Control,457,191,0.00,0.00,None,N/A,
192.9824,cer,SliderControl,Slider Control,457,191,0.00,0.00,None,N/A,
192.9928,cer,SliderControl,Slider Control,457,191,0.00,0.00,None,N/A,
193.0026,cer,SliderControl,Slider Control,457,191,0.00,0.00,None,N/A,
193.0123,cer,SliderControl,Slider Control,457,191,0.00,0.00,None,N/A,
193.0229,cer,SliderControl,Slider Control,457,191,0.00,0.00,None,N/A,
193.0324,cer,SliderControl,Slider Control,457,191,0.00,0.00,None,N/A,
193.0427,cer,SliderControl,Slider Control,457,191,0.00,0.00,Left,N/A,
193.0521,cer,SliderControl,Slider Control,457,191,0.00,0.00,Left,N/A,
193.0624,cer,SliderControl,Slider Control,457,191,0.00,0.00,Left,N/A,
193.0729,cer,SliderControl,Slider Control,457,191,0.00,0.00,Left,N/A,
193.0828,cer,SliderControl,Slider Control,457,191,0.00,0.00,Left,N/A,
193.0921,cer,SliderControl,Slider Control,457,191,0.00,0.00,Left,N/A,
193.1025,cer,SliderControl,Slider Control,457,191,0.00,0.00,Left,N/A,
193.1130,cer,SliderControl,Slider Control,457,191,0.00,0.00,Left,N/A,
193.1226,cer,SliderControl,Slider Control,457,191,0.00,0.00,Left,N/A,
193.1323,cer,SliderControl,Slider Control,457,191,0.00,0.00,Left,N/A,
193.1428,cer,SliderControl,Slider Control,457,191,0.00,0.00,Left,N/A,
193.1522,cer,SliderControl,Slider Control,457,191,0.00,0.00,Left,N/A,
193.1627,cer,SliderControl,Slider Control,457,191,0.00,0.00,Left,N/A,
193.1722,cer,SliderControl,Slider Control,457,191,0.00,0.00,Left,N/A,
193.1828,cer,SliderControl,Slider Control,457,191,0.00,0.00,Left,N/A,
193.1924,cer,SliderControl,Slider Control,457,191,0.00,0.00,Left,N/A,
193.2029,cer,SliderControl,Slider Control,457,191,0.00,0.00,Left,N/A,
193.2123,cer,SliderControl,Slider Control,457,191,0.00,0.00,Left,N/A,
193.2228,cer,SliderControl,Slider Control,457,191,0.00,0.00,Left,N/A,
193.2323,cer,SliderControl,Slider Control,457,191,0.00,0.00,Left,N/A,
193.2427,cer,SliderControl,Slider Control,457,191,0.00,0.00,Left,N/A,
193.2521,cer,SliderControl,Slider Control,457,191,0.00,0.00,Left,N/A,
193.2624,cer,SliderControl,Slider Control,457,191,0.00,0.00,Left,N/A,
193.2729,cer,SliderControl,Slider Control,457,191,0.00,0.00,Left,N/A,
193.2821,cer,SliderControl,Slider Control,457,191,0.00,0.00,Left,N/A,
193.2925,cer,SliderControl,Slider Control,457,191,0.00,0.00,Left,N/A,
193.3020,cer,SliderControl,Slider Control,456,191,104.58,10937.62,Left,N/A,
193.3127,cer,SliderControl,Slider Control,454,191,186.97,7702.54,Left,N/A,
193.3227,cer,SliderControl,Slider Control,450,191,400.19,21331.87,Left,N/A,
193.3323,cer,SliderControl,Slider Control,448,191,208.99,-19979.58,Left,N/A,
193.3424,cer,SliderControl,Slider Control,446,191,198.98,-995.33,Left,N/A,
193.3528,cer,SliderControl,Slider Control,445,191,96.13,-9887.42,Left,N/A,
193.3629,cer,SliderControl,Slider Control,441,191,394.13,29362.55,Left,N/A,
193.3727,cer,SliderControl,Slider Control,440,191,101.73,-29745.48,Left,N/A,
193.3822,cer,SliderControl,Slider Control,438,191,212.19,11718.86,Left,N/A,
193.3928,cer,SliderControl,Slider Control,435,191,280.99,6444.04,Left,N/A,
193.4029,cer,SliderControl,Slider Control,433,191,198.42,-8191.81,Left,N/A,
193.4121,cer,SliderControl,Slider Control,432,191,108.38,-9758.09,Left,N/A,
193.4223,cer,SliderControl,Slider Control,428,191,395.61,28408.80,Left,N/A,
193.4325,cer,SliderControl,Slider Control,427,191,97.35,-29035.49,Left,N/A,
193.4422,cer,SliderControl,Slider Control,425,191,206.38,11250.62,Left,N/A,
193.4520,cer,SliderControl,Slider Control,422,191,305.83,10138.05,Left,N/A,
193.4622,cer,SliderControl,Slider Control,421,191,98.75,-20449.27,Left,N/A,
193.4721,cer,SliderControl,Slider Control,420,191,100.77,203.48,Left,N/A,
193.4824,cer,SliderControl,Slider Control,419,191,96.95,-370.39,Left,N/A,
193.4924,cer,SliderControl,Slider Control,417,191,198.92,10141.42,Left,N/A,
193.5021,cer,SliderControl,Slider Control,416,191,104.15,-9870.16,Left,N/A,
193.5126,cer,SliderControl,Slider Control,416,191,0.00,-9876.89,Left,N/A,
193.5222,cer,SliderControl,Slider Control,414,191,207.62,21553.74,Left,N/A,
193.5323,cer,SliderControl,Slider Control,414,191,0.00,-20673.15,Left,N/A,
193.5421,cer,SliderControl,Slider Control,413,191,101.58,10317.82,Left,N/A,
193.5525,cer,SliderControl,Slider Control,412,191,95.95,-540.19,Left,N/A,
193.5620,cer,SliderControl,Slider Control,411,191,105.91,1055.39,Left,N/A,
193.5726,cer,SliderControl,Slider Control,410,191,93.75,-1140.26,Left,N/A,
193.5823,cer,SliderControl,Slider Control,407,191,311.78,22659.71,Left,N/A,
193.5925,cer,SliderControl,Slider Control,406,191,98.08,-20959.43,Left,N/A,
193.6022,cer,SliderControl,Slider Control,404,191,205.17,10986.38,Left,N/A,
193.6123,cer,SliderControl,Slider Control,400,191,396.96,19033.52,Left,N/A,
193.6225,cer,SliderControl,Slider Control,398,191,196.62,-19695.65,Left,N/A,
193.6327,cer,SliderControl,Slider Control,397,191,98.03,-9664.35,Left,N/A,
193.6427,cer,SliderControl,Slider Control,393,191,397.57,29772.71,Left,N/A,
193.6527,cer,SliderControl,Slider Control,392,191,100.74,-29902.53,Left,N/A,
193.6622,cer,SliderControl,Slider Control,391,191,104.63,407.57,Left,N/A,
193.6723,cer,SliderControl,Slider Control,389,191,198.58,9328.70,Left,N/A,
193.6822,cer,SliderControl,Slider Control,387,191,201.17,260.11,Left,N/A,
193.6930,cer,SliderControl,Slider Control,386,191,93.20,-10062.83,Left,N/A,
193.7024,cer,SliderControl,Slider Control,385,191,106.02,1359.80,Left,N/A,
193.7124,cer,SliderControl,Slider Control,383,191,200.09,9410.97,Left,N/A,
193.7228,cer,SliderControl,Slider Control,382,191,96.36,-9995.51,Left,N/A,
193.7327,cer,SliderControl,Slider Control,382,191,0.00,-9681.35,Left,N/A,
193.7423,cer,SliderControl,Slider Control,380,191,207.58,21545.20,Left,N/A,
193.7529,cer,SliderControl,Slider Control,380,191,0.00,-19703.61,Left,N/A,
193.7621,cer,SliderControl,Slider Control,380,191,0.00,0.00,Left,N/A,
193.7721,cer,SliderControl,Slider Control,379,191,100.50,10099.94,Left,N/A,
193.7829,cer,SliderControl,Slider Control,379,191,0.00,-9276.64,Left,N/A,
193.7926,cer,SliderControl,Slider Control,379,191,0.00,0.00,Left,N/A,
193.8023,cer,SliderControl,Slider Control,379,191,0.00,0.00,Left,N/A,
193.8122,cer,SliderControl,Slider Control,379,191,0.00,0.00,Left,N/A,
193.8222,cer,SliderControl,Slider Control,379,190,99.47,9894.53,Left,N/A,
193.8328,cer,SliderControl,Slider Control,379,190,0.00,-9367.77,Left,N/A,
193.8428,cer,SliderControl,Slider Control,379,190,0.00,0.00,Left,N/A,
193.8523,cer,SliderControl,Slider Control,379,190,0.00,0.00,Left,N/A,
193.8560,cer,SliderControl,Slider Control,379,190,0.00,0.00,None,N/A,slider_released_missed
193.8629,cer,SliderControl,Slider Control,379,190,0.00,0.00,None,N/A,
193.8724,cer,SliderControl,Slider Control,379,190,0.00,0.00,None,N/A,
193.8823,cer,SliderControl,Slider Control,379,190,0.00,0.00,None,N/A,
193.8928,cer,SliderControl,Slider Control,379,190,0.00,0.00,None,N/A,
193.9022,cer,SliderControl,Slider Control,379,190,0.00,0.00,None,N/A,
193.9126,cer,SliderControl,Slider Control,379,190,0.00,0.00,None,N/A,
193.9222,cer,SliderControl,Slider Control,379,190,0.00,0.00,None,N/A,
193.9328,cer,SliderControl,Slider Control,379,190,0.00,0.00,None,N/A,
193.9423,cer,SliderControl,Slider Control,379,190,0.00,0.00,None,N/A,
193.9532,cer,SliderControl,Slider Control,379,190,0.00,0.00,None,N/A,
193.9628,cer,SliderControl,Slider Control,379,190,0.00,0.00,None,N/A,
193.9723,cer,SliderControl,Slider Control,379,190,0.00,0.00,None,N/A,
193.9831,cer,SliderControl,Slider Control,379,190,0.00,0.00,None,N/A,
193.9927,cer,SliderControl,Slider Control,379,190,0.00,0.00,None,N/A,
194.0022,cer,SliderControl,Slider Control,379,190,0.00,0.00,None,N/A,
194.0126,cer,SliderControl,Slider Control,379,190,0.00,0.00,None,N/A,
194.0220,cer,SliderControl,Slider Control,379,190,0.00,0.00,None,N/A,
194.0322,cer,SliderControl,Slider Control,379,190,0.00,0.00,None,N/A,
194.0426,cer,SliderControl,Slider Control,379,190,0.00,0.00,None,N/A,
194.0521,cer,SliderControl,Slider Control,379,190,0.00,0.00,None,N/A,
194.0626,cer,SliderControl,Slider Control,379,190,0.00,0.00,None,N/A,
194.0721,cer,SliderControl,Slider Control,379,190,0.00,0.00,None,N/A,
194.0820,cer,SliderControl,Slider Control,379,190,0.00,0.00,None,N/A,
194.0924,cer,SliderControl,Slider Control,379,190,0.00,0.00,None,N/A,
194.1029,cer,SliderControl,Slider Control,379,190,0.00,0.00,None,N/A,
194.1125,cer,SliderControl,Slider Control,379,190,0.00,0.00,None,N/A,
194.1230,cer,SliderControl,Slider Control,379,190,0.00,0.00,None,N/A,
194.1321,cer,SliderControl,Slider Control,379,190,0.00,0.00,None,N/A,
194.1425,cer,SliderControl,Slider Control,379,190,0.00,0.00,None,N/A,
194.1520,cer,SliderControl,Slider Control,379,190,0.00,0.00,None,N/A,
194.1623,cer,SliderControl,Slider Control,379,190,0.00,0.00,None,N/A,
194.1728,cer,SliderControl,Slider Control,379,190,0.00,0.00,None,N/A,
194.1823,cer,SliderControl,Slider Control,379,190,0.00,0.00,None,N/A,
194.1932,cer,SliderControl,Slider Control,379,190,0.00,0.00,None,N/A,
194.2027,cer,SliderControl,Slider Control,379,190,0.00,0.00,None,N/A,
194.2121,cer,SliderControl,Slider Control,379,190,0.00,0.00,None,N/A,
194.2226,cer,SliderControl,Slider Control,379,190,0.00,0.00,Left,N/A,
194.2321,cer,SliderControl,Slider Control,379,190,0.00,0.00,Left,N/A,
194.2425,cer,SliderControl,Slider Control,379,190,0.00,0.00,Left,N/A,
194.2523,cer,SliderControl,Slider Control,379,190,0.00,0.00,Left,N/A,
194.2630,cer,SliderControl,Slider Control,379,190,0.00,0.00,Left,N/A,
194.2726,cer,SliderControl,Slider Control,379,190,0.00,0.00,Left,N/A,
194.2824,cer,SliderControl,Slider Control,379,190,0.00,0.00,Left,N/A,
194.2930,cer,SliderControl,Slider Control,379,190,0.00,0.00,Left,N/A,
194.3025,cer,SliderControl,Slider Control,379,190,0.00,0.00,Left,N/A,
194.3120,cer,SliderControl,Slider Control,379,190,0.00,0.00,Left,N/A,
194.3225,cer,SliderControl,Slider Control,379,190,0.00,0.00,Left,N/A,
194.3322,cer,SliderControl,Slider Control,379,190,0.00,0.00,Left,N/A,
194.3426,cer,SliderControl,Slider Control,379,190,0.00,0.00,Left,N/A,
194.3520,cer,SliderControl,Slider Control,379,190,0.00,0.00,Left,N/A,
194.3623,cer,SliderControl,Slider Control,379,190,0.00,0.00,Left,N/A,
194.3728,cer,SliderControl,Slider Control,379,190,0.00,0.00,Left,N/A,
194.3822,cer,SliderControl,Slider Control,379,190,0.00,0.00,Left,N/A,
194.3927,cer,SliderControl,Slider Control,379,190,0.00,0.00,Left,N/A,
194.4022,cer,SliderControl,Slider Control,379,190,0.00,0.00,Left,N/A,
194.4128,cer,SliderControl,Slider Control,379,190,0.00,0.00,Left,N/A,
194.4222,cer,SliderControl,Slider Control,379,190,0.00,0.00,Left,N/A,
194.4329,cer,SliderControl,Slider Control,379,190,0.00,0.00,Left,N/A,
194.4423,cer,SliderControl,Slider Control,379,190,0.00,0.00,Left,N/A,
194.4528,cer,SliderControl,Slider Control,379,190,0.00,0.00,Left,N/A,
194.4624,cer,SliderControl,Slider Control,379,190,0.00,0.00,Left,N/A,
194.4729,cer,SliderControl,Slider Control,379,190,0.00,0.00,Left,N/A,
194.4826,cer,SliderControl,Slider Control,378,190,102.82,10572.31,Left,N/A,
194.4921,cer,SliderControl,Slider Control,378,190,0.00,-10890.27,Left,N/A,
194.5023,cer,SliderControl,Slider Control,376,190,196.42,19290.86,Left,N/A,
194.5129,cer,SliderControl,Slider Control,376,190,0.00,-18477.88,Left,N/A,
194.5226,cer,SliderControl,Slider Control,376,190,0.00,0.00,Left,N/A,
194.5329,cer,SliderControl,Slider Control,375,190,96.83,9376.55,Left,N/A,
194.5426,cer,SliderControl,Slider Control,375,190,0.00,-10036.21,Left,N/A,
194.5528,cer,SliderControl,Slider Control,375,190,0.00,0.00,Left,N/A,
194.5628,cer,SliderControl,Slider Control,374,190,100.08,10015.77,Left,N/A,
194.5728,cer,SliderControl,Slider Control,374,190,0.00,-10064.04,Left,N/A,
194.5827,cer,SliderControl,Slider Control,373,190,100.97,10194.99,Left,N/A,
194.5929,cer,SliderControl,Slider Control,372,189,138.86,3720.64,Left,N/A,
194.6024,cer,SliderControl,Slider Control,371,189,105.40,-3527.09,Left,N/A,
194.6122,cer,SliderControl,Slider Control,370,189,101.48,-397.49,Left,N/A,
194.6222,cer,SliderControl,Slider Control,369,189,100.22,-125.89,Left,N/A,
194.6328,cer,SliderControl,Slider Control,368,189,93.96,-588.96,Left,N/A,
194.6423,cer,SliderControl,Slider Control,368,189,0.00,-9885.15,Left,N/A,
194.6523,cer,SliderControl,Slider Control,366,189,201.77,20355.66,Left,N/A,
194.6622,cer,SliderControl,Slider Control,366,189,0.00,-20211.76,Left,N/A,
194.6725,cer,SliderControl,Slider Control,365,189,97.70,9545.49,Left,N/A,
194.6825,cer,SliderControl,Slider Control,365,189,0.00,-9746.18,Left,N/A,
194.6928,cer,SliderControl,Slider Control,364,189,96.89,9388.25,Left,N/A,
194.7033,cer,SliderControl,Slider Control,364,189,0.00,-9275.76,Left,N/A,
194.7123,cer,SliderControl,Slider Control,363,189,110.29,12163.10,Left,N/A,
194.7222,cer,SliderControl,Slider Control,363,189,0.00,-11127.88,Left,N/A,
194.7320,cer,SliderControl,Slider Control,363,189,0.00,0.00,Left,N/A,
194.7433,cer,SliderControl,Slider Control,362,189,88.84,7892.84,Left,N/A,
194.7529,cer,SliderControl,Slider Control,361,189,103.91,1565.99,Left,N/A,
194.7623,cer,SliderControl,Slider Control,361,189,0.00,-10992.42,Left,N/A,
194.7721,cer,SliderControl,Slider Control,360,189,102.70,10547.47,Left,N/A,
194.7825,cer,SliderControl,Slider Control,359,189,95.59,-679.72,Left,N/A,
194.7923,cer,SliderControl,Slider Control,358,189,102.93,755.52,Left,N/A,
194.8023,cer,SliderControl,Slider Control,358,189,0.00,-10226.23,Left,N/A,
194.8121,cer,SliderControl,Slider Control,358,189,0.00,0.00,Left,N/A,
194.8225,cer,SliderControl,Slider Control,357,189,96.08,9230.64,Left,N/A,
194.8324,cer,SliderControl,Slider Control,357,189,0.00,-9736.94,Left,N/A,
194.8427,cer,SliderControl,Slider Control,356,189,97.54,9514.88,Left,N/A,
194.8523,cer,SliderControl,Slider Control,356,189,0.00,-10117.22,Left,N/A,
194.8623,cer,SliderControl,Slider Control,356,189,0.00,0.00,Left,N/A,
194.8729,cer,SliderControl,Slider Control,356,189,0.00,0.00,Left,N/A,
194.8825,cer,SliderControl,Slider Control,356,189,0.00,0.00,Left,N/A,
194.8921,cer,SliderControl,Slider Control,356,189,0.00,0.00,Left,N/A,
194.9026,cer,SliderControl,Slider Control,356,189,0.00,0.00,Left,N/A,
194.9122,cer,SliderControl,Slider Control,356,189,0.00,0.00,Left,N/A,
194.9226,cer,SliderControl,Slider Control,356,189,0.00,0.00,Left,N/A,
194.9332,cer,SliderControl,Slider Control,356,189,0.00,0.00,Left,N/A,
194.9420,cer,SliderControl,Slider Control,357,189,114.20,13042.14,Left,N/A,
194.9527,cer,SliderControl,Slider Control,357,189,0.00,-10678.11,Left,N/A,
194.9626,cer,SliderControl,Slider Control,357,188,101.00,10200.88,Left,N/A,
194.9725,cer,SliderControl,Slider Control,357,188,0.00,-10187.15,Left,N/A,
194.9729,cer,SliderControl,Slider Control,357,188,0.00,0.00,None,N/A,slider_released_correct
194.9825,cer,SliderControl,Slider Control,357,188,0.00,0.00,None,N/A,
194.9929,cer,SliderControl,Slider Control,357,188,0.00,0.00,None,N/A,
195.0024,cer,SliderControl,Slider Control,357,188,0.00,0.00,None,N/A,
195.0120,cer,SliderControl,Slider Control,357,188,0.00,0.00,None,N/A,
195.0226,cer,SliderControl,Slider Control,357,188,0.00,0.00,None,N/A,
195.0320,cer,SliderControl,Slider Control,357,188,0.00,0.00,None,N/A,
195.0425,cer,SliderControl,Slider Control,357,188,0.00,0.00,None,N/A,
195.0529,cer,SliderControl,Slider Control,357,188,0.00,0.00,None,N/A,
195.0625,cer,SliderControl,Slider Control,357,188,0.00,0.00,None,N/A,
195.0720,cer,SliderControl,Slider Control,357,188,0.00,0.00,None,N/A,
195.0827,cer,SliderControl,Slider Control,357,188,0.00,0.00,None,N/A,
195.0922,cer,SliderControl,Slider Control,357,188,0.00,0.00,None,N/A,
195.1026,cer,SliderControl,Slider Control,357,188,0.00,0.00,None,N/A,
195.1123,cer,SliderControl,Slider Control,357,188,0.00,0.00,None,N/A,
195.1228,cer,SliderControl,Slider Control,357,188,0.00,0.00,None,N/A,
195.1323,cer,SliderControl,Slider Control,357,188,0.00,0.00,None,N/A,
195.1427,cer,SliderControl,Slider Control,357,188,0.00,0.00,None,N/A,
195.1521,cer,SliderControl,Slider Control,357,188,0.00,0.00,None,N/A,
195.1625,cer,SliderControl,Slider Control,357,188,0.00,0.00,None,N/A,
195.1730,cer,SliderControl,Slider Control,357,188,0.00,0.00,None,N/A,
195.1824,cer,SliderControl,Slider Control,357,188,0.00,0.00,None,N/A,
195.1928,cer,SliderControl,Slider Control,357,188,0.00,0.00,None,N/A,
195.2025,cer,SliderControl,Slider Control,357,188,0.00,0.00,None,N/A,
195.2126,cer,SliderControl,Slider Control,357,188,0.00,0.00,None,N/A,
195.2222,cer,SliderControl,Slider Control,357,188,0.00,0.00,None,N/A,
195.2323,cer,SliderControl,Slider Control,357,188,0.00,0.00,None,N/A,
195.2428,cer,SliderControl,Slider Control,357,188,0.00,0.00,None,N/A,
195.2523,cer,SliderControl,Slider Control,357,188,0.00,0.00,None,N/A,
195.2629,cer,SliderControl,Slider Control,357,188,0.00,0.00,None,N/A,
195.2725,cer,SliderControl,Slider Control,357,188,0.00,0.00,None,N/A,
195.2820,cer,SliderControl,Slider Control,357,188,0.00,0.00,None,N/A,
195.2924,cer,SliderControl,Slider Control,357,188,0.00,0.00,None,N/A,
195.3029,cer,SliderControl,Slider Control,357,188,0.00,0.00,None,N/A,
195.3125,cer,SliderControl,Slider Control,357,188,0.00,0.00,None,N/A,
195.3230,cer,SliderControl,Slider Control,357,188,0.00,0.00,None,N/A,
195.3325,cer,SliderControl,Slider Control,357,188,0.00,0.00,None,N/A,
195.3430,cer,SliderControl,Slider Control,357,188,0.00,0.00,None,N/A,
195.3525,cer,SliderControl,Slider Control,357,188,0.00,0.00,None,N/A,
195.3630,cer,SliderControl,Slider Control,357,188,0.00,0.00,None,N/A,
195.3726,cer,SliderControl,Slider Control,357,188,0.00,0.00,None,N/A,
195.3825,cer,SliderControl,Slider Control,357,188,0.00,0.00,None,N/A,
195.3929,cer,SliderControl,Slider Control,357,188,0.00,0.00,None,N/A,
195.4025,cer,SliderControl,Slider Control,357,188,0.00,0.00,None,N/A,
195.4130,cer,SliderControl,Slider Control,357,188,0.00,0.00,None,N/A,
195.4225,cer,SliderControl,Slider Control,357,188,0.00,0.00,None,N/A,
195.4320,cer,SliderControl,Slider Control,357,188,0.00,0.00,None,N/A,
195.4425,cer,SliderControl,Slider Control,357,188,0.00,0.00,None,N/A,
195.4530,cer,SliderControl,Slider Control,357,188,0.00,0.00,None,N/A,
195.4625,cer,SliderControl,Slider Control,357,188,0.00,0.00,None,N/A,
195.4730,cer,SliderControl,Slider Control,357,188,0.00,0.00,None,N/A,
195.4824,cer,SliderControl,Slider Control,357,188,0.00,0.00,None,N/A,
195.4929,cer,SliderControl,Slider Control,357,188,0.00,0.00,None,N/A,
195.5025,cer,SliderControl,Slider Control,357,188,0.00,0.00,None,N/A,
195.5121,cer,SliderControl,Slider Control,357,188,0.00,0.00,None,N/A,
195.5226,cer,SliderControl,Slider Control,357,188,0.00,0.00,None,N/A,
195.5320,cer,SliderControl,Slider Control,357,188,0.00,0.00,None,N/A,
195.5424,cer,SliderControl,Slider Control,357,188,0.00,0.00,None,N/A,
195.5530,cer,SliderControl,Slider Control,357,188,0.00,0.00,None,N/A,
195.5626,cer,SliderControl,Slider Control,357,188,0.00,0.00,None,N/A,
195.5720,cer,SliderControl,Slider Control,357,188,0.00,0.00,None,N/A,
195.5824,cer,SliderControl,Slider Control,357,188,0.00,0.00,None,N/A,
195.5928,cer,SliderControl,Slider Control,357,188,0.00,0.00,None,N/A,
195.6023,cer,SliderControl,Slider Control,357,188,0.00,0.00,None,N/A,
195.6128,cer,SliderControl,Slider Control,357,188,0.00,0.00,None,N/A,
195.6222,cer,SliderControl,Slider Control,357,188,0.00,0.00,None,N/A,
195.6327,cer,SliderControl,Slider Control,357,188,0.00,0.00,None,N/A,
195.6421,cer,SliderControl,Slider Control,357,188,0.00,0.00,None,N/A,
195.6526,cer,SliderControl,Slider Control,357,188,0.00,0.00,None,N/A,
195.6622,cer,SliderControl,Slider Control,357,188,0.00,0.00,None,N/A,
195.6729,cer,SliderControl,Slider Control,357,188,0.00,0.00,None,N/A,
195.6825,cer,SliderControl,Slider Control,357,188,0.00,0.00,None,N/A,
195.6921,cer,SliderControl,Slider Control,357,188,0.00,0.00,None,N/A,
195.7029,cer,SliderControl,Slider Control,357,188,0.00,0.00,None,N/A,
195.7126,cer,SliderControl,Slider Control,361,189,426.33,44082.15,None,N/A,
195.7223,cer,SliderControl,Slider Control,370,190,931.75,52005.65,None,N/A,
195.7329,cer,SliderControl,Slider Control,375,191,484.46,-42497.50,None,N/A,
195.7425,cer,SliderControl,Slider Control,381,191,619.27,13914.06,None,N/A,
195.7526,cer,SliderControl,Slider Control,391,192,1002.36,38208.97,None,N/A,
195.7629,cer,SliderControl,Slider Control,394,192,289.89,-68845.78,None,N/A,
195.7721,cer,SliderControl,Slider Control,398,193,450.18,17500.94,None,N/A,
195.7820,cer,SliderControl,Slider Control,403,193,503.54,5374.29,None,N/A,
195.7929,cer,SliderControl,Slider Control,405,193,183.68,-29376.05,None,N/A,
195.8026,cer,SliderControl,Slider Control,407,193,207.10,2425.34,None,N/A,
195.8121,cer,SliderControl,Slider Control,408,193,104.51,-10721.74,None,N/A,
195.8225,cer,SliderControl,Slider Control,411,193,290.48,18006.73,None,N/A,
195.8320,cer,SliderControl,Slider Control,412,193,104.66,-19447.79,None,N/A,
195.8427,cer,SliderControl,Slider Control,414,193,186.42,7620.41,None,N/A,
195.8526,cer,SliderControl,Slider Control,414,193,0.00,-18961.40,None,N/A,
195.8624,cer,SliderControl,Slider Control,415,193,102.04,10411.91,None,N/A,
195.8730,cer,SliderControl,Slider Control,416,193,94.07,-749.43,None,N/A,
195.8821,cer,SliderControl,Slider Control,416,193,0.00,-10358.28,None,N/A,
195.8928,cer,SliderControl,Slider Control,416,193,0.00,0.00,None,N/A,
195.9024,cer,SliderControl,Slider Control,417,193,104.36,10890.86,None,N/A,
195.9124,cer,SliderControl,Slider Control,417,193,0.00,-10439.42,None,N/A,
195.9230,cer,SliderControl,Slider Control,417,193,0.00,0.00,None,N/A,
195.9325,cer,SliderControl,Slider Control,417,193,0.00,0.00,None,N/A,
195.9429,cer,SliderControl,Slider Control,417,193,0.00,0.00,None,N/A,
195.9525,cer,SliderControl,Slider Control,417,193,0.00,0.00,None,N/A,
195.9623,cer,SliderControl,Slider Control,417,193,0.00,0.00,None,N/A,
195.9728,cer,SliderControl,Slider Control,417,193,0.00,0.00,None,N/A,
195.9822,cer,SliderControl,Slider Control,417,193,0.00,0.00,None,N/A,
195.9925,cer,SliderControl,Slider Control,417,193,0.00,0.00,None,N/A,
196.0029,cer,SliderControl,Slider Control,418,193,96.07,9229.37,None,N/A,
196.0125,cer,SliderControl,Slider Control,418,193,0.00,-10019.03,None,N/A,
196.0220,cer,SliderControl,Slider Control,418,193,0.00,0.00,None,N/A,
196.0324,cer,SliderControl,Slider Control,418,193,0.00,0.00,None,N/A,
196.0428,cer,SliderControl,Slider Control,418,193,0.00,0.00,None,N/A,
196.0523,cer,SliderControl,Slider Control,418,193,0.00,0.00,None,N/A,
196.0629,cer,SliderControl,Slider Control,418,193,0.00,0.00,None,N/A,
196.0724,cer,SliderControl,Slider Control,418,193,0.00,0.00,None,N/A,
196.0829,cer,SliderControl,Slider Control,418,193,0.00,0.00,None,N/A,
196.0927,cer,SliderControl,Slider Control,418,193,0.00,0.00,None,N/A,
196.1022,cer,SliderControl,Slider Control,418,193,0.00,0.00,None,N/A,
196.1126,cer,SliderControl,Slider Control,418,193,0.00,0.00,None,N/A,
196.1221,cer,SliderControl,Slider Control,418,193,0.00,0.00,None,N/A,
196.1326,cer,SliderControl,Slider Control,418,193,0.00,0.00,None,N/A,
196.1420,cer,SliderControl,Slider Control,418,193,0.00,0.00,None,N/A,
196.1525,cer,SliderControl,Slider Control,418,193,0.00,0.00,None,N/A,
196.1621,cer,SliderControl,Slider Control,418,193,0.00,0.00,None,N/A,
196.1726,cer,SliderControl,Slider Control,418,193,0.00,0.00,None,N/A,
196.1824,cer,SliderControl,Slider Control,418,193,0.00,0.00,None,N/A,
196.1928,cer,SliderControl,Slider Control,418,193,0.00,0.00,None,N/A,
196.2023,cer,SliderControl,Slider Control,418,193,0.00,0.00,None,N/A,
196.2126,cer,SliderControl,Slider Control,418,193,0.00,0.00,None,N/A,
196.2222,cer,SliderControl,Slider Control,418,193,0.00,0.00,None,N/A,
196.2325,cer,SliderControl,Slider Control,418,193,0.00,0.00,None,N/A,
196.2427,cer,SliderControl,Slider Control,419,193,98.24,9650.85,None,N/A,
196.2526,cer,SliderControl,Slider Control,419,193,0.00,-9864.81,None,N/A,
196.2620,cer,SliderControl,Slider Control,419,193,0.00,0.00,None,N/A,
196.2728,cer,SliderControl,Slider Control,420,193,92.38,8533.59,None,N/A,
196.2821,cer,SliderControl,Slider Control,420,193,0.00,-9941.47,None,N/A,
196.2922,cer,SliderControl,Slider Control,420,193,0.00,0.00,None,N/A,
196.3021,cer,SliderControl,Slider Control,421,193,101.90,10383.10,None,N/A,
196.3126,cer,SliderControl,Slider Control,421,193,0.00,-9668.78,None,N/A,
196.3222,cer,SliderControl,Slider Control,421,193,0.00,0.00,None,N/A,
196.3324,cer,SliderControl,Slider Control,422,193,97.63,9531.71,None,N/A,
196.3425,cer,SliderControl,Slider Control,422,193,0.00,-9739.84,None,N/A,
196.3527,cer,SliderControl,Slider Control,422,193,0.00,0.00,None,N/A,
196.3626,cer,SliderControl,Slider Control,423,193,101.03,10207.76,None,N/A,
196.3722,cer,SliderControl,Slider Control,423,193,0.00,-10540.90,None,N/A,
196.3827,cer,SliderControl,Slider Control,423,193,0.00,0.00,None,N/A,
196.3922,cer,SliderControl,Slider Control,423,193,0.00,0.00,None,N/A,
196.4026,cer,SliderControl,Slider Control,423,193,0.00,0.00,None,N/A,
196.4122,cer,SliderControl,Slider Control,423,193,0.00,0.00,None,N/A,
196.4219,cer,SliderControl,Slider Control,423,193,0.00,0.00,None,N/A,
196.4323,cer,SliderControl,Slider Control,423,193,0.00,0.00,None,N/A,
196.4424,cer,SliderControl,Slider Control,423,192,99.60,9919.92,None,N/A,
196.4527,cer,SliderControl,Slider Control,423,192,0.00,-9625.74,None,N/A,
196.4622,cer,SliderControl,Slider Control,423,192,0.00,0.00,None,N/A,
196.4722,cer,SliderControl,Slider Control,423,192,0.00,0.00,None,N/A,
196.4827,cer,SliderControl,Slider Control,423,192,0.00,0.00,None,N/A,
196.4921,cer,SliderControl,Slider Control,423,192,0.00,0.00,None,N/A,
196.5027,cer,SliderControl,Slider Control,423,192,0.00,0.00,None,N/A,
196.5122,cer,SliderControl,Slider Control,423,192,0.00,0.00,None,N/A,
196.5227,cer,SliderControl,Slider Control,423,192,0.00,0.00,None,N/A,
196.5321,cer,SliderControl,Slider Control,423,192,0.00,0.00,None,N/A,
196.5425,cer,SliderControl,Slider Control,423,192,0.00,0.00,None,N/A,
196.5530,cer,SliderControl,Slider Control,423,192,0.00,0.00,None,N/A,
196.5626,cer,SliderControl,Slider Control,423,192,0.00,0.00,None,N/A,
196.5721,cer,SliderControl,Slider Control,423,192,0.00,0.00,None,N/A,
196.5827,cer,SliderControl,Slider Control,423,192,0.00,0.00,None,N/A,
196.5921,cer,SliderControl,Slider Control,423,192,0.00,0.00,None,N/A,
196.6025,cer,SliderControl,Slider Control,423,192,0.00,0.00,None,N/A,
196.6126,cer,SliderControl,Slider Control,423,192,0.00,0.00,None,N/A,
196.6226,cer,SliderControl,Slider Control,423,192,0.00,0.00,Left,N/A,
196.6322,cer,SliderControl,Slider Control,423,192,0.00,0.00,Left,N/A,
196.6428,cer,SliderControl,Slider Control,423,192,0.00,0.00,Left,N/A,
196.6525,cer,SliderControl,Slider Control,423,192,0.00,0.00,Left,N/A,
196.6636,cer,SliderControl,Slider Control,423,192,0.00,0.00,Left,N/A,
196.6722,cer,SliderControl,Slider Control,423,192,0.00,0.00,Left,N/A,
196.6830,cer,SliderControl,Slider Control,423,192,0.00,0.00,Left,N/A,
196.6929,cer,SliderControl,Slider Control,423,192,0.00,0.00,Left,N/A,
196.7025,cer,SliderControl,Slider Control,423,192,0.00,0.00,Left,N/A,
196.7121,cer,SliderControl,Slider Control,423,192,0.00,0.00,Left,N/A,
196.7221,cer,SliderControl,Slider Control,423,192,0.00,0.00,Left,N/A,
196.7326,cer,SliderControl,Slider Control,423,192,0.00,0.00,Left,N/A,
196.7421,cer,SliderControl,Slider Control,423,192,0.00,0.00,Left,N/A,
196.7527,cer,SliderControl,Slider Control,423,192,0.00,0.00,Left,N/A,
196.7623,cer,SliderControl,Slider Control,423,192,0.00,0.00,Left,N/A,
196.7728,cer,SliderControl,Slider Control,423,192,0.00,0.00,Left,N/A,
196.7823,cer,SliderControl,Slider Control,423,192,0.00,0.00,Left,N/A,
196.7925,cer,SliderControl,Slider Control,423,192,0.00,0.00,Left,N/A,
196.8022,cer,SliderControl,Slider Control,423,192,0.00,0.00,Left,N/A,
196.8128,cer,SliderControl,Slider Control,423,192,0.00,0.00,Left,N/A,
196.8223,cer,SliderControl,Slider Control,423,192,0.00,0.00,Left,N/A,
196.8329,cer,SliderControl,Slider Control,423,192,0.00,0.00,Left,N/A,
196.8427,cer,SliderControl,Slider Control,423,192,0.00,0.00,Left,N/A,
196.8523,cer,SliderControl,Slider Control,423,192,0.00,0.00,Left,N/A,
196.8629,cer,SliderControl,Slider Control,423,192,0.00,0.00,Left,N/A,
196.8724,cer,SliderControl,Slider Control,423,192,0.00,0.00,Left,N/A,
196.8830,cer,SliderControl,Slider Control,423,192,0.00,0.00,Left,N/A,
196.8925,cer,SliderControl,Slider Control,423,192,0.00,0.00,Left,N/A,
196.9029,cer,SliderControl,Slider Control,423,192,0.00,0.00,Left,N/A,
196.9124,cer,SliderControl,Slider Control,423,192,0.00,0.00,Left,N/A,
196.9228,cer,SliderControl,Slider Control,423,192,0.00,0.00,Left,N/A,
196.9322,cer,SliderControl,Slider Control,424,192,107.01,11451.40,Left,N/A,
196.9422,cer,SliderControl,Slider Control,426,192,198.66,9104.13,Left,N/A,
196.9527,cer,SliderControl,Slider Control,427,192,95.96,-9855.54,Left,N/A,
196.9630,cer,SliderControl,Slider Control,429,192,194.21,9540.70,Left,N/A,
196.9726,cer,SliderControl,Slider Control,431,192,206.39,1256.38,Left,N/A,
196.9824,cer,SliderControl,Slider Control,432,192,102.77,-10648.74,Left,N/A,
196.9923,cer,SliderControl,Slider Control,434,192,201.97,10018.03,Left,N/A,
197.0028,cer,SliderControl,Slider Control,435,192,95.06,-10162.80,Left,N/A,
197.0123,cer,SliderControl,Slider Control,436,192,105.41,1091.71,Left,N/A,
197.0228,cer,SliderControl,Slider Control,438,192,189.46,7961.36,Left,N/A,
197.0323,cer,SliderControl,Slider Control,439,192,106.01,-8846.25,Left,N/A,
197.0422,cer,SliderControl,Slider Control,440,192,100.65,-539.49,Left,N/A,
197.0520,cer,SliderControl,Slider Control,442,191,229.13,13165.31,Left,N/A,
197.0629,cer,SliderControl,Slider Control,443,191,91.15,-12577.10,Left,N/A,
197.0722,cer,SliderControl,Slider Control,443,191,0.00,-9834.62,Left,N/A,
197.0823,cer,SliderControl,Slider Control,445,191,198.77,19754.37,Left,N/A,
197.0921,cer,SliderControl,Slider Control,445,191,0.00,-20208.79,Left,N/A,
197.1028,cer,SliderControl,Slider Control,446,191,93.30,8704.51,Left,N/A,
197.1126,cer,SliderControl,Slider Control,447,191,101.82,867.53,Left,N/A,
197.1220,cer,SliderControl,Slider Control,448,191,106.70,521.27,Left,N/A,
197.1324,cer,SliderControl,Slider Control,449,191,96.48,-986.50,Left,N/A,
197.1430,cer,SliderControl,Slider Control,450,191,94.41,-195.19,Left,N/A,
197.1521,cer,SliderControl,Slider Control,452,191,219.92,13800.87,Left,N/A,
197.1628,cer,SliderControl,Slider Control,453,191,93.62,-11824.18,Left,N/A,
197.1723,cer,SliderControl,Slider Control,454,191,105.20,1218.69,Left,N/A,
197.1826,cer,SliderControl,Slider Control,455,191,96.97,-798.80,Left,N/A,
197.1922,cer,SliderControl,Slider Control,456,191,103.47,672.43,Left,N/A,
197.2026,cer,SliderControl,Slider Control,456,191,0.00,-9966.19,Left,N/A,
197.2120,cer,SliderControl,Slider Control,458,191,212.60,22599.65,Left,N/A,
197.2227,cer,SliderControl,Slider Control,458,191,0.00,-19988.22,Left,N/A,
197.2323,cer,SliderControl,Slider Control,459,191,103.27,10664.13,Left,N/A,
197.2422,cer,SliderControl,Slider Control,460,191,101.44,-184.96,Left,N/A,
197.2520,cer,SliderControl,Slider Control,461,191,101.68,23.50,Left,N/A,
197.2629,cer,SliderControl,Slider Control,462,191,92.10,-882.25,Left,N/A,
197.2722,cer,SliderControl,Slider Control,462,191,0.00,-9904.78,Left,N/A,
197.2822,cer,SliderControl,Slider Control,464,191,200.85,20170.88,Left,N/A,
197.2929,cer,SliderControl,Slider Control,465,191,93.36,-10035.48,Left,N/A,
197.3030,cer,SliderControl,Slider Control,466,191,98.83,541.16,Left,N/A,
197.3126,cer,SliderControl,Slider Control,468,192,231.73,13773.11,Left,N/A,
197.3228,cer,SliderControl,Slider Control,469,192,98.76,-13132.51,Left,N/A,
197.3324,cer,SliderControl,Slider Control,470,192,104.19,566.20,Left,N/A,
197.3427,cer,SliderControl,Slider Control,472,193,216.62,10892.01,Left,N/A,
197.3522,cer,SliderControl,Slider Control,473,193,104.89,-11719.80,Left,N/A,
197.3629,cer,SliderControl,Slider Control,474,194,132.51,2587.95,Left,N/A,
197.3723,cer,SliderControl,Slider Control,476,194,211.85,8404.11,Left,N/A,
197.3827,cer,SliderControl,Slider Control,477,195,135.83,-7301.45,Left,N/A,
197.3926,cer,SliderControl,Slider Control,478,195,101.61,-3476.73,Left,N/A,
197.4021,cer,SliderControl,Slider Control,479,195,105.34,393.07,Left,N/A,
197.4123,cer,SliderControl,Slider Control,481,196,219.13,11151.42,Left,N/A,
197.4220,cer,SliderControl,Slider Control,482,196,102.50,-11955.03,Left,N/A,
197.4323,cer,SliderControl,Slider Control,482,196,0.00,-10026.03,Left,N/A,
197.4429,cer,SliderControl,Slider Control,484,196,187.84,17642.14,Left,N/A,
197.4521,cer,SliderControl,Slider Control,484,196,0.00,-20484.18,Left,N/A,
197.4629,cer,SliderControl,Slider Control,485,196,92.28,8514.82,Left,N/A,
197.4726,cer,SliderControl,Slider Control,486,196,102.96,1100.11,Left,N/A,
197.4825,cer,SliderControl,Slider Control,486,196,0.00,-10467.77,Left,N/A,
197.4922,cer,SliderControl,Slider Control,486,196,0.00,0.00,Left,N/A,
197.5026,cer,SliderControl,Slider Control,487,196,96.04,9224.30,Left,N/A,
197.5130,cer,SliderControl,Slider Control,487,196,0.00,-9262.48,Left,N/A,
197.5225,cer,SliderControl,Slider Control,487,196,0.00,0.00,Left,N/A,
197.5321,cer,SliderControl,Slider Control,487,196,0.00,0.00,Left,N/A,
197.5426,cer,SliderControl,Slider Control,487,196,0.00,0.00,Left,N/A,
197.5520,cer,SliderControl,Slider Control,487,196,0.00,0.00,Left,N/A,
197.5625,cer,SliderControl,Slider Control,487,196,0.00,0.00,Left,N/A,
197.5729,cer,SliderControl,Slider Control,487,196,0.00,0.00,Left,N/A,
197.5829,cer,SliderControl,Slider Control,487,196,0.00,0.00,Left,N/A,
197.5925,cer,SliderControl,Slider Control,487,196,0.00,0.00,Left,N/A,
197.6020,cer,SliderControl,Slider Control,487,196,0.00,0.00,Left,N/A,
197.6126,cer,SliderControl,Slider Control,487,196,0.00,0.00,Left,N/A,
197.6223,cer,SliderControl,Slider Control,487,196,0.00,0.00,Left,N/A,
197.6321,cer,SliderControl,Slider Control,487,196,0.00,0.00,Left,N/A,
197.6427,cer,SliderControl,Slider Control,487,196,0.00,0.00,Left,N/A,
197.6522,cer,SliderControl,Slider Control,487,196,0.00,0.00,Left,N/A,
197.6629,cer,SliderControl,Slider Control,487,196,0.00,0.00,Left,N/A,
197.6695,cer,SliderControl,Slider Control,487,196,0.00,0.00,None,N/A,slider_released_missed
197.6723,cer,SliderControl,Slider Control,487,196,0.00,0.00,None,N/A,
197.6828,cer,SliderControl,Slider Control,487,196,0.00,0.00,None,N/A,
197.6923,cer,SliderControl,Slider Control,487,196,0.00,0.00,None,N/A,
197.7028,cer,SliderControl,Slider Control,487,196,0.00,0.00,None,N/A,
197.7123,cer,SliderControl,Slider Control,487,196,0.00,0.00,None,N/A,
197.7228,cer,SliderControl,Slider Control,487,196,0.00,0.00,None,N/A,
197.7325,cer,SliderControl,Slider Control,487,196,0.00,0.00,None,N/A,
197.7425,cer,SliderControl,Slider Control,487,196,0.00,0.00,None,N/A,
197.7524,cer,SliderControl,Slider Control,487,196,0.00,0.00,None,N/A,
197.7634,cer,SliderControl,Slider Control,487,196,0.00,0.00,None,N/A,
197.7720,cer,SliderControl,Slider Control,487,196,0.00,0.00,None,N/A,
197.7831,cer,SliderControl,Slider Control,487,196,0.00,0.00,None,N/A,
197.7932,cer,SliderControl,Slider Control,487,196,0.00,0.00,None,N/A,
197.8028,cer,SliderControl,Slider Control,487,196,0.00,0.00,None,N/A,
197.8129,cer,SliderControl,Slider Control,487,196,0.00,0.00,None,N/A,
197.8229,cer,SliderControl,Slider Control,487,196,0.00,0.00,None,N/A,
197.8326,cer,SliderControl,Slider Control,487,196,0.00,0.00,None,N/A,
197.8420,cer,SliderControl,Slider Control,487,196,0.00,0.00,None,N/A,
197.8526,cer,SliderControl,Slider Control,487,196,0.00,0.00,None,N/A,
197.8622,cer,SliderControl,Slider Control,487,196,0.00,0.00,None,N/A,
197.8726,cer,SliderControl,Slider Control,487,196,0.00,0.00,None,N/A,
197.8821,cer,SliderControl,Slider Control,487,196,0.00,0.00,None,N/A,
197.8927,cer,SliderControl,Slider Control,487,196,0.00,0.00,None,N/A,
197.9022,cer,SliderControl,Slider Control,487,196,0.00,0.00,None,N/A,
197.9126,cer,SliderControl,Slider Control,487,196,0.00,0.00,None,N/A,
197.9222,cer,SliderControl,Slider Control,487,196,0.00,0.00,None,N/A,
197.9326,cer,SliderControl,Slider Control,487,196,0.00,0.00,None,N/A,
197.9421,cer,SliderControl,Slider Control,487,196,0.00,0.00,None,N/A,
197.9526,cer,SliderControl,Slider Control,487,196,0.00,0.00,None,N/A,
197.9622,cer,SliderControl,Slider Control,487,196,0.00,0.00,None,N/A,
197.9727,cer,SliderControl,Slider Control,487,196,0.00,0.00,None,N/A,
197.9822,cer,SliderControl,Slider Control,487,196,0.00,0.00,None,N/A,
197.9926,cer,SliderControl,Slider Control,487,196,0.00,0.00,None,N/A,
198.0021,cer,SliderControl,Slider Control,487,196,0.00,0.00,None,N/A,
198.0126,cer,SliderControl,Slider Control,487,196,0.00,0.00,None,N/A,
198.0221,cer,SliderControl,Slider Control,487,196,0.00,0.00,None,N/A,
198.0326,cer,SliderControl,Slider Control,487,196,0.00,0.00,None,N/A,
198.0421,cer,SliderControl,Slider Control,487,196,0.00,0.00,None,N/A,
198.0527,cer,SliderControl,Slider Control,487,196,0.00,0.00,None,N/A,
198.0622,cer,SliderControl,Slider Control,487,196,0.00,0.00,None,N/A,
198.0727,cer,SliderControl,Slider Control,487,196,0.00,0.00,None,N/A,
198.0822,cer,SliderControl,Slider Control,487,196,0.00,0.00,None,N/A,
198.0926,cer,SliderControl,Slider Control,487,196,0.00,0.00,None,N/A,
198.1021,cer,SliderControl,Slider Control,487,196,0.00,0.00,None,N/A,
198.1127,cer,SliderControl,Slider Control,487,196,0.00,0.00,None,N/A,
198.1222,cer,SliderControl,Slider Control,487,196,0.00,0.00,None,N/A,
198.1327,cer,SliderControl,Slider Control,487,196,0.00,0.00,None,N/A,
198.1421,cer,SliderControl,Slider Control,487,196,0.00,0.00,None,N/A,
198.1526,cer,SliderControl,Slider Control,487,196,0.00,0.00,None,N/A,
198.1629,cer,SliderControl,Slider Control,488,196,96.72,9354.51,None,N/A,
198.1726,cer,SliderControl,Slider Control,488,195,103.52,704.31,None,N/A,
198.1821,cer,SliderControl,Slider Control,488,194,104.88,142.26,None,N/A,
198.1922,cer,SliderControl,Slider Control,489,192,221.67,11577.59,None,N/A,
198.2028,cer,SliderControl,Slider Control,489,192,0.00,-20909.49,None,N/A,
198.2127,cer,SliderControl,Slider Control,490,191,142.98,14455.45,None,N/A,
198.2220,cer,SliderControl,Slider Control,490,191,0.00,-15343.85,None,N/A,
198.2323,cer,SliderControl,Slider Control,490,190,97.16,9439.65,None,N/A,
198.2421,cer,SliderControl,Slider Control,490,190,0.00,-9938.53,None,N/A,
198.2524,cer,SliderControl,Slider Control,490,190,0.00,0.00,None,N/A,
198.2630,cer,SliderControl,Slider Control,490,190,0.00,0.00,None,N/A,
198.2724,cer,SliderControl,Slider Control,490,190,0.00,0.00,None,N/A,
198.2829,cer,SliderControl,Slider Control,490,190,0.00,0.00,None,N/A,
198.2925,cer,SliderControl,Slider Control,491,190,104.19,10856.26,None,N/A,
198.3027,cer,SliderControl,Slider Control,491,190,0.00,-10149.30,None,N/A,
198.3123,cer,SliderControl,Slider Control,491,190,0.00,0.00,None,N/A,
198.3228,cer,SliderControl,Slider Control,491,190,0.00,0.00,None,N/A,
198.3323,cer,SliderControl,Slider Control,491,190,0.00,0.00,None,N/A,
198.3426,cer,SliderControl,Slider Control,491,190,0.00,0.00,None,N/A,
198.3521,cer,SliderControl,Slider Control,491,190,0.00,0.00,None,N/A,
198.3626,cer,SliderControl,Slider Control,491,190,0.00,0.00,None,N/A,
198.3721,cer,SliderControl,Slider Control,491,190,0.00,0.00,None,N/A,
198.3826,cer,SliderControl,Slider Control,491,190,0.00,0.00,None,N/A,
198.3923,cer,SliderControl,Slider Control,491,190,0.00,0.00,None,N/A,
198.4028,cer,SliderControl,Slider Control,491,190,0.00,0.00,None,N/A,
198.4123,cer,SliderControl,Slider Control,491,190,0.00,0.00,None,N/A,
198.4228,cer,SliderControl,Slider Control,491,190,0.00,0.00,None,N/A,
198.4326,cer,SliderControl,Slider Control,491,190,0.00,0.00,None,N/A,
198.4423,cer,SliderControl,Slider Control,491,190,0.00,0.00,None,N/A,
198.4529,cer,SliderControl,Slider Control,491,190,0.00,0.00,None,N/A,
198.4624,cer,SliderControl,Slider Control,491,190,0.00,0.00,None,N/A,
198.4729,cer,SliderControl,Slider Control,491,190,0.00,0.00,None,N/A,
198.4825,cer,SliderControl,Slider Control,491,190,0.00,0.00,None,N/A,
198.4930,cer,SliderControl,Slider Control,491,190,0.00,0.00,Left,N/A,
198.5024,cer,SliderControl,Slider Control,491,190,0.00,0.00,Left,N/A,
198.5130,cer,SliderControl,Slider Control,491,190,0.00,0.00,Left,N/A,
198.5225,cer,SliderControl,Slider Control,491,190,0.00,0.00,Left,N/A,
198.5320,cer,SliderControl,Slider Control,491,190,0.00,0.00,Left,N/A,
198.5426,cer,SliderControl,Slider Control,491,190,0.00,0.00,Left,N/A,
198.5522,cer,SliderControl,Slider Control,491,190,0.00,0.00,Left,N/A,
198.5628,cer,SliderControl,Slider Control,491,190,0.00,0.00,Left,N/A,
198.5723,cer,SliderControl,Slider Control,491,190,0.00,0.00,Left,N/A,
198.5831,cer,SliderControl,Slider Control,491,190,0.00,0.00,Left,N/A,
198.5927,cer,SliderControl,Slider Control,491,190,0.00,0.00,Left,N/A,
198.6022,cer,SliderControl,Slider Control,491,190,0.00,0.00,Left,N/A,
198.6127,cer,SliderControl,Slider Control,491,190,0.00,0.00,Left,N/A,
198.6221,cer,SliderControl,Slider Control,491,190,0.00,0.00,Left,N/A,
198.6326,cer,SliderControl,Slider Control,491,190,0.00,0.00,Left,N/A,
198.6430,cer,SliderControl,Slider Control,491,190,0.00,0.00,Left,N/A,
198.6525,cer,SliderControl,Slider Control,491,190,0.00,0.00,Left,N/A,
198.6620,cer,SliderControl,Slider Control,491,190,0.00,0.00,Left,N/A,
198.6723,cer,SliderControl,Slider Control,491,190,0.00,0.00,Left,N/A,
198.6826,cer,SliderControl,Slider Control,491,190,0.00,0.00,Left,N/A,
198.6931,cer,SliderControl,Slider Control,491,190,0.00,0.00,Left,N/A,
198.7028,cer,SliderControl,Slider Control,491,190,0.00,0.00,Left,N/A,
198.7127,cer,SliderControl,Slider Control,491,190,0.00,0.00,Left,N/A,
198.7224,cer,SliderControl,Slider Control,491,190,0.00,0.00,Left,N/A,
198.7320,cer,SliderControl,Slider Control,491,190,0.00,0.00,Left,N/A,
198.7424,cer,SliderControl,Slider Control,491,190,0.00,0.00,Left,N/A,
198.7529,cer,SliderControl,Slider Control,491,190,0.00,0.00,Left,N/A,
198.7620,cer,SliderControl,Slider Control,489,190,219.67,24127.86,Left,N/A,
198.7727,cer,SliderControl,Slider Control,487,190,187.67,-3002.66,Left,N/A,
198.7824,cer,SliderControl,Slider Control,485,190,205.98,1885.64,Left,N/A,
198.7921,cer,SliderControl,Slider Control,479,189,625.84,43197.99,Left,N/A,
198.8028,cer,SliderControl,Slider Control,476,189,280.76,-32294.71,Left,N/A,
198.8130,cer,SliderControl,Slider Control,473,189,293.77,1274.07,Left,N/A,
198.8229,cer,SliderControl,Slider Control,466,188,717.56,43005.89,Left,N/A,
198.8329,cer,SliderControl,Slider Control,463,188,297.94,-41673.92,Left,N/A,
198.8429,cer,SliderControl,Slider Control,460,188,299.47,152.89,Left,N/A,
198.8521,cer,SliderControl,Slider Control,457,188,328.90,3226.87,Left,N/A,
198.8622,cer,SliderControl,Slider Control,452,188,491.94,16041.07,Left,N/A,
198.8721,cer,SliderControl,Slider Control,449,188,303.79,-19053.04,Left,N/A,
198.8825,cer,SliderControl,Slider Control,447,188,192.73,-10702.28,Left,N/A,
198.8928,cer,SliderControl,Slider Control,441,188,583.81,38053.50,Left,N/A,
198.9022,cer,SliderControl,Slider Control,439,188,210.88,-39321.60,Left,N/A,
198.9123,cer,SliderControl,Slider Control,436,188,299.34,8827.51,Left,N/A,
198.9220,cer,SliderControl,Slider Control,432,189,424.82,12928.28,Left,N/A,
198.9321,cer,SliderControl,Slider Control,430,189,198.17,-22457.61,Left,N/A,
198.9426,cer,SliderControl,Slider Control,428,189,190.37,-742.31,Left,N/A,
198.9523,cer,SliderControl,Slider Control,424,189,410.17,22538.63,Left,N/A,
198.9626,cer,SliderControl,Slider Control,422,190,218.28,-18731.98,Left,N/A,
198.9728,cer,SliderControl,Slider Control,420,190,195.29,-2244.81,Left,N/A,
198.9824,cer,SliderControl,Slider Control,418,190,207.54,1271.49,Left,N/A,
198.9929,cer,SliderControl,Slider Control,414,190,381.60,16605.75,Left,N/A,
199.0023,cer,SliderControl,Slider Control,412,191,238.13,-15279.25,Left,N/A,
199.0129,cer,SliderControl,Slider Control,410,191,189.04,-4640.05,Left,N/A,
199.0220,cer,SliderControl,Slider Control,405,192,562.52,41201.30,Left,N/A,
199.0328,cer,SliderControl,Slider Control,402,192,277.24,-26363.26,Left,N/A,
199.0425,cer,SliderControl,Slider Control,400,192,206.39,-7311.78,Left,N/A,
199.0526,cer,SliderControl,Slider Control,396,193,407.82,19923.72,Left,N/A,
199.0621,cer,SliderControl,Slider Control,394,193,209.46,-20774.13,Left,N/A,
199.0726,cer,SliderControl,Slider Control,392,194,212.90,327.83,Left,N/A,
199.0820,cer,SliderControl,Slider Control,390,194,214.00,116.98,Left,N/A,
199.0930,cer,SliderControl,Slider Control,388,195,203.05,-993.75,Left,N/A,
199.1021,cer,SliderControl,Slider Control,387,195,109.53,-10243.39,Left,N/A,
199.1123,cer,SliderControl,Slider Control,385,196,220.59,10956.48,Left,N/A,
199.1224,cer,SliderControl,Slider Control,384,196,98.70,-12030.80,Left,N/A,
199.1327,cer,SliderControl,Slider Control,383,196,96.90,-174.32,Left,N/A,
199.1424,cer,SliderControl,Slider Control,381,196,205.40,11143.49,Left,N/A,
199.1525,cer,SliderControl,Slider Control,380,196,99.50,-10537.21,Left,N/A,
199.1622,cer,SliderControl,Slider Control,379,196,103.50,414.20,Left,N/A,
199.1725,cer,SliderControl,Slider Control,379,196,0.00,-10011.69,Left,N/A,
199.1829,cer,SliderControl,Slider Control,377,196,192.81,18587.10,Left,N/A,
199.1924,cer,SliderControl,Slider Control,377,196,0.00,-20142.16,Left,N/A,
199.2021,cer,SliderControl,Slider Control,376,196,103.64,10741.21,Left,N/A,
199.2123,cer,SliderControl,Slider Control,375,196,97.63,-586.49,Left,N/A,
199.2222,cer,SliderControl,Slider Control,374,196,101.42,383.79,Left,N/A,
199.2326,cer,SliderControl,Slider Control,374,196,0.00,-9787.48,Left,N/A,
199.2426,cer,SliderControl,Slider Control,373,196,99.60,9920.86,Left,N/A,
199.2525,cer,SliderControl,Slider Control,373,195,101.03,144.23,Left,N/A,
199.2620,cer,SliderControl,Slider Control,373,195,0.00,-10575.10,Left,N/A,
199.2722,cer,SliderControl,Slider Control,374,195,98.31,9665.79,Left,N/A,
199.2828,cer,SliderControl,Slider Control,374,195,0.00,-9279.07,Left,N/A,
199.2875,cer,SliderControl,Slider Control,374,195,0.00,0.00,None,N/A,slider_released_missed
199.2921,cer,SliderControl,Slider Control,374,195,0.00,0.00,None,N/A,
199.3025,cer,SliderControl,Slider Control,374,195,0.00,0.00,None,N/A,
199.3120,cer,SliderControl,Slider Control,374,195,0.00,0.00,None,N/A,
199.3225,cer,SliderControl,Slider Control,374,195,0.00,0.00,None,N/A,
199.3330,cer,SliderControl,Slider Control,374,195,0.00,0.00,None,N/A,
199.3427,cer,SliderControl,Slider Control,374,195,0.00,0.00,None,N/A,
199.3524,cer,SliderControl,Slider Control,374,195,0.00,0.00,None,N/A,
199.3630,cer,SliderControl,Slider Control,374,195,0.00,0.00,None,N/A,
199.3725,cer,SliderControl,Slider Control,374,195,0.00,0.00,None,N/A,
199.3833,cer,SliderControl,Slider Control,374,195,0.00,0.00,None,N/A,
199.3929,cer,SliderControl,Slider Control,374,195,0.00,0.00,None,N/A,
199.4025,cer,SliderControl,Slider Control,374,195,0.00,0.00,None,N/A,
199.4121,cer,SliderControl,Slider Control,374,195,0.00,0.00,None,N/A,
199.4226,cer,SliderControl,Slider Control,374,195,0.00,0.00,None,N/A,
199.4320,cer,SliderControl,Slider Control,374,195,0.00,0.00,None,N/A,
199.4425,cer,SliderControl,Slider Control,374,195,0.00,0.00,None,N/A,
199.4520,cer,SliderControl,Slider Control,374,195,0.00,0.00,None,N/A,
199.4626,cer,SliderControl,Slider Control,374,195,0.00,0.00,None,N/A,
199.4722,cer,SliderControl,Slider Control,374,195,0.00,0.00,None,N/A,
199.4826,cer,SliderControl,Slider Control,374,195,0.00,0.00,None,N/A,
199.4921,cer,SliderControl,Slider Control,374,195,0.00,0.00,None,N/A,
199.5029,cer,SliderControl,Slider Control,374,195,0.00,0.00,None,N/A,
199.5130,cer,SliderControl,Slider Control,374,195,0.00,0.00,None,N/A,
199.5224,cer,SliderControl,Slider Control,374,195,0.00,0.00,None,N/A,
199.5329,cer,SliderControl,Slider Control,374,195,0.00,0.00,None,N/A,
199.5424,cer,SliderControl,Slider Control,374,195,0.00,0.00,None,N/A,
199.5529,cer,SliderControl,Slider Control,374,195,0.00,0.00,None,N/A,
199.5625,cer,SliderControl,Slider Control,374,195,0.00,0.00,None,N/A,
199.5729,cer,SliderControl,Slider Control,374,195,0.00,0.00,None,N/A,
199.5824,cer,SliderControl,Slider Control,374,195,0.00,0.00,None,N/A,
199.5927,cer,SliderControl,Slider Control,374,195,0.00,0.00,None,N/A,
199.6021,cer,SliderControl,Slider Control,374,195,0.00,0.00,None,N/A,
199.6126,cer,SliderControl,Slider Control,374,195,0.00,0.00,None,N/A,
199.6221,cer,SliderControl,Slider Control,374,195,0.00,0.00,None,N/A,
199.6325,cer,SliderControl,Slider Control,374,195,0.00,0.00,None,N/A,
199.6424,cer,SliderControl,Slider Control,374,195,0.00,0.00,None,N/A,
199.6521,cer,SliderControl,Slider Control,374,195,0.00,0.00,None,N/A,
199.6632,cer,SliderControl,Slider Control,374,195,0.00,0.00,None,N/A,
199.6730,cer,SliderControl,Slider Control,374,195,0.00,0.00,None,N/A,
199.6821,cer,SliderControl,Slider Control,374,195,0.00,0.00,Left,N/A,
199.6926,cer,SliderControl,Slider Control,374,195,0.00,0.00,Left,N/A,
199.7022,cer,SliderControl,Slider Control,374,195,0.00,0.00,Left,N/A,
199.7131,cer,SliderControl,Slider Control,374,195,0.00,0.00,Left,N/A,
199.7227,cer,SliderControl,Slider Control,374,195,0.00,0.00,Left,N/A,
199.7327,cer,SliderControl,Slider Control,374,195,0.00,0.00,Left,N/A,
199.7423,cer,SliderControl,Slider Control,374,195,0.00,0.00,Left,N/A,
199.7528,cer,SliderControl,Slider Control,374,195,0.00,0.00,Left,N/A,
199.7624,cer,SliderControl,Slider Control,374,195,0.00,0.00,Left,N/A,
199.7729,cer,SliderControl,Slider Control,374,195,0.00,0.00,Left,N/A,
199.7824,cer,SliderControl,Slider Control,374,195,0.00,0.00,Left,N/A,
199.7930,cer,SliderControl,Slider Control,374,195,0.00,0.00,Left,N/A,
199.8026,cer,SliderControl,Slider Control,374,195,0.00,0.00,Left,N/A,
199.8120,cer,SliderControl,Slider Control,374,195,0.00,0.00,Left,N/A,
199.8226,cer,SliderControl,Slider Control,374,195,0.00,0.00,Left,N/A,
199.8321,cer,SliderControl,Slider Control,374,195,0.00,0.00,Left,N/A,
199.8426,cer,SliderControl,Slider Control,374,195,0.00,0.00,Left,N/A,
199.8522,cer,SliderControl,Slider Control,374,195,0.00,0.00,Left,N/A,
199.8629,cer,SliderControl,Slider Control,374,195,0.00,0.00,Left,N/A,
199.8724,cer,SliderControl,Slider Control,374,195,0.00,0.00,Left,N/A,
199.8830,cer,SliderControl,Slider Control,374,195,0.00,0.00,Left,N/A,
199.8925,cer,SliderControl,Slider Control,374,195,0.00,0.00,Left,N/A,
199.9022,cer,SliderControl,Slider Control,374,195,0.00,0.00,Left,N/A,
199.9128,cer,SliderControl,Slider Control,374,195,0.00,0.00,Left,N/A,
199.9222,cer,SliderControl,Slider Control,374,195,0.00,0.00,Left,N/A,
199.9326,cer,SliderControl,Slider Control,373,195,96.94,9397.37,Left,N/A,
199.9421,cer,SliderControl,Slider Control,371,195,208.88,11690.96,Left,N/A,
199.9526,cer,SliderControl,Slider Control,370,195,95.23,-10822.90,Left,N/A,
199.9629,cer,SliderControl,Slider Control,367,195,291.69,19101.57,Left,N/A,
199.9727,cer,SliderControl,Slider Control,366,195,101.71,-19323.25,Left,N/A,
199.9821,cer,SliderControl,Slider Control,365,195,107.46,617.18,Left,N/A,
199.9922,cer,SliderControl,Slider Control,363,195,196.58,8759.62,Left,N/A,
200.0029,cer,SliderControl,Slider Control,362,195,93.44,-9637.26,Left,N/A,
200.0129,cer,SliderControl,Slider Control,361,195,100.15,672.34,Left,N/A,
200.0223,cer,SliderControl,Slider Control,360,195,106.44,669.25,Left,N/A,
200.0323,cer,SliderControl,Slider Control,358,195,199.92,9344.32,Left,N/A,
200.0424,cer,SliderControl,Slider Control,357,195,98.89,-9990.77,Left,N/A,
200.0525,cer,SliderControl,Slider Control,357,195,0.00,-9801.11,Left,N/A,
200.0629,cer,SliderControl,Slider Control,355,195,193.01,18625.61,Left,N/A,
200.0722,cer,SliderControl,Slider Control,354,195,106.92,-9204.26,Left,N/A,
200.0826,cer,SliderControl,Slider Control,353,195,96.79,-980.78,Left,N/A,
200.0924,cer,SliderControl,Slider Control,351,195,203.94,10926.09,Left,N/A,
200.1029,cer,SliderControl,Slider Control,350,194,134.01,-6626.58,Left,N/A,
200.1126,cer,SliderControl,Slider Control,349,194,103.16,-3182.40,Left,N/A,
200.1229,cer,SliderControl,Slider Control,347,194,195.20,8983.82,Left,N/A,
200.1329,cer,SliderControl,Slider Control,346,194,99.72,-9521.47,Left,N/A,
200.1421,cer,SliderControl,Slider Control,345,194,108.53,956.29,Left,N/A,
200.1524,cer,SliderControl,Slider Control,344,194,97.48,-1076.95,Left,N/A,
200.1629,cer,SliderControl,Slider Control,343,194,94.71,-262.47,Left,N/A,
200.1723,cer,SliderControl,Slider Control,343,194,0.00,-10114.07,Left,N/A,
200.1822,cer,SliderControl,Slider Control,341,194,201.37,20275.61,Left,N/A,
200.1922,cer,SliderControl,Slider Control,341,194,0.00,-20226.08,Left,N/A,
200.2020,cer,SliderControl,Slider Control,340,194,101.35,10272.00,Left,N/A,
200.2127,cer,SliderControl,Slider Control,339,193,132.27,2892.16,Left,N/A,
200.2223,cer,SliderControl,Slider Control,338,193,104.97,-2865.94,Left,N/A,
200.2330,cer,SliderControl,Slider Control,337,192,131.16,2428.76,Left,N/A,
200.2430,cer,SliderControl,Slider Control,337,192,0.00,-13186.91,Left,N/A,
200.2524,cer,SliderControl,Slider Control,335,192,212.00,22471.89,Left,N/A,
200.2620,cer,SliderControl,Slider Control,334,192,104.37,-11233.31,Left,N/A,
200.2727,cer,SliderControl,Slider Control,333,192,93.12,-1047.73,Left,N/A,
200.2826,cer,SliderControl,Slider Control,332,191,143.53,5115.68,Left,N/A,
200.2924,cer,SliderControl,Slider Control,331,191,101.48,-4266.98,Left,N/A,
200.3020,cer,SliderControl,Slider Control,330,191,104.22,285.14,Left,N/A,
200.3121,cer,SliderControl,Slider Control,328,191,199.34,9480.62,Left,N/A,
200.3229,cer,SliderControl,Slider Control,328,191,0.00,-18488.18,Left,N/A,
200.3324,cer,SliderControl,Slider Control,327,191,104.41,10901.16,Left,N/A,
200.3425,cer,SliderControl,Slider Control,327,191,0.00,-10414.31,Left,N/A,
200.3523,cer,SliderControl,Slider Control,326,191,101.63,10328.32,Left,N/A,
200.3628,cer,SliderControl,Slider Control,326,191,0.00,-9704.94,Left,N/A,
200.3724,cer,SliderControl,Slider Control,326,191,0.00,0.00,Left,N/A,
200.3829,cer,SliderControl,Slider Control,326,191,0.00,0.00,Left,N/A,
200.3924,cer,SliderControl,Slider Control,326,191,0.00,0.00,Left,N/A,
200.4028,cer,SliderControl,Slider Control,326,191,0.00,0.00,Left,N/A,
200.4124,cer,SliderControl,Slider Control,326,191,0.00,0.00,Left,N/A,
200.4228,cer,SliderControl,Slider Control,326,191,0.00,0.00,Left,N/A,
200.4322,cer,SliderControl,Slider Control,326,191,0.00,0.00,Left,N/A,
200.4428,cer,SliderControl,Slider Control,326,191,0.00,0.00,Left,N/A,
200.4521,cer,SliderControl,Slider Control,326,191,0.00,0.00,Left,N/A,
200.4629,cer,SliderControl,Slider Control,326,191,0.00,0.00,Left,N/A,
200.4725,cer,SliderControl,Slider Control,326,190,103.55,10723.19,Left,N/A,
200.4830,cer,SliderControl,Slider Control,326,190,0.00,-9896.83,Left,N/A,
200.4924,cer,SliderControl,Slider Control,326,190,0.00,0.00,Left,N/A,
200.5029,cer,SliderControl,Slider Control,326,190,0.00,0.00,Left,N/A,
200.5125,cer,SliderControl,Slider Control,326,190,0.00,0.00,Left,N/A,
200.5229,cer,SliderControl,Slider Control,326,190,0.00,0.00,Left,N/A,
200.5252,cer,SliderControl,Slider Control,326,190,0.00,0.00,None,N/A,slider_released_missed
200.5321,cer,SliderControl,Slider Control,326,190,0.00,0.00,None,N/A,
200.5426,cer,SliderControl,Slider Control,326,190,0.00,0.00,None,N/A,
200.5521,cer,SliderControl,Slider Control,326,190,0.00,0.00,None,N/A,
200.5627,cer,SliderControl,Slider Control,326,190,0.00,0.00,None,N/A,
200.5722,cer,SliderControl,Slider Control,326,190,0.00,0.00,None,N/A,
200.5826,cer,SliderControl,Slider Control,326,190,0.00,0.00,None,N/A,
200.5929,cer,SliderControl,Slider Control,326,190,0.00,0.00,None,N/A,
200.6024,cer,SliderControl,Slider Control,326,190,0.00,0.00,None,N/A,
200.6124,cer,SliderControl,Slider Control,326,190,0.00,0.00,None,N/A,
200.6221,cer,SliderControl,Slider Control,326,190,0.00,0.00,None,N/A,
200.6329,cer,SliderControl,Slider Control,326,190,0.00,0.00,None,N/A,
200.6429,cer,SliderControl,Slider Control,326,190,0.00,0.00,None,N/A,
200.6525,cer,SliderControl,Slider Control,326,190,0.00,0.00,None,N/A,
200.6624,cer,SliderControl,Slider Control,326,190,0.00,0.00,None,N/A,
200.6720,cer,SliderControl,Slider Control,326,190,0.00,0.00,None,N/A,
200.6826,cer,SliderControl,Slider Control,326,190,0.00,0.00,None,N/A,
200.6925,cer,SliderControl,Slider Control,326,190,0.00,0.00,None,N/A,
200.7022,cer,SliderControl,Slider Control,326,190,0.00,0.00,None,N/A,
200.7132,cer,SliderControl,Slider Control,326,190,0.00,0.00,None,N/A,
200.7228,cer,SliderControl,Slider Control,326,190,0.00,0.00,None,N/A,
200.7322,cer,SliderControl,Slider Control,326,190,0.00,0.00,None,N/A,
200.7427,cer,SliderControl,Slider Control,326,190,0.00,0.00,None,N/A,
200.7521,cer,SliderControl,Slider Control,326,190,0.00,0.00,None,N/A,
200.7627,cer,SliderControl,Slider Control,326,190,0.00,0.00,None,N/A,
200.7723,cer,SliderControl,Slider Control,326,190,0.00,0.00,None,N/A,
200.7821,cer,SliderControl,Slider Control,326,190,0.00,0.00,None,N/A,
200.7927,cer,SliderControl,Slider Control,326,190,0.00,0.00,None,N/A,
200.8022,cer,SliderControl,Slider Control,326,190,0.00,0.00,None,N/A,
200.8132,cer,SliderControl,Slider Control,326,190,0.00,0.00,None,N/A,
200.8233,cer,SliderControl,Slider Control,326,190,0.00,0.00,None,N/A,
200.8334,cer,SliderControl,Slider Control,326,190,0.00,0.00,None,N/A,
200.8425,cer,SliderControl,Slider Control,326,190,0.00,0.00,None,N/A,
200.8521,cer,SliderControl,Slider Control,326,190,0.00,0.00,None,N/A,
200.8627,cer,SliderControl,Slider Control,326,190,0.00,0.00,None,N/A,
200.8722,cer,SliderControl,Slider Control,326,190,0.00,0.00,None,N/A,
200.8827,cer,SliderControl,Slider Control,326,190,0.00,0.00,None,N/A,
200.8923,cer,SliderControl,Slider Control,326,190,0.00,0.00,None,N/A,
200.9028,cer,SliderControl,Slider Control,326,190,0.00,0.00,None,N/A,
200.9123,cer,SliderControl,Slider Control,326,190,0.00,0.00,None,N/A,
200.9227,cer,SliderControl,Slider Control,326,190,0.00,0.00,None,N/A,
200.9325,cer,SliderControl,Slider Control,326,190,0.00,0.00,None,N/A,
200.9423,cer,SliderControl,Slider Control,326,190,0.00,0.00,None,N/A,
200.9521,cer,SliderControl,Slider Control,326,190,0.00,0.00,Left,N/A,
200.9627,cer,SliderControl,Slider Control,326,190,0.00,0.00,Left,N/A,
200.9722,cer,SliderControl,Slider Control,326,190,0.00,0.00,Left,N/A,
200.9827,cer,SliderControl,Slider Control,326,190,0.00,0.00,Left,N/A,
200.9921,cer,SliderControl,Slider Control,326,190,0.00,0.00,Left,N/A,
201.0026,cer,SliderControl,Slider Control,326,190,0.00,0.00,Left,N/A,
201.0126,cer,SliderControl,Slider Control,326,190,0.00,0.00,Left,N/A,
201.0221,cer,SliderControl,Slider Control,326,190,0.00,0.00,Left,N/A,
201.0327,cer,SliderControl,Slider Control,326,190,0.00,0.00,Left,N/A,
201.0423,cer,SliderControl,Slider Control,326,190,0.00,0.00,Left,N/A,
201.0527,cer,SliderControl,Slider Control,326,190,0.00,0.00,Left,N/A,
201.0623,cer,SliderControl,Slider Control,326,190,0.00,0.00,Left,N/A,
201.0728,cer,SliderControl,Slider Control,326,190,0.00,0.00,Left,N/A,
201.0823,cer,SliderControl,Slider Control,326,190,0.00,0.00,Left,N/A,
201.0928,cer,SliderControl,Slider Control,326,190,0.00,0.00,Left,N/A,
201.1025,cer,SliderControl,Slider Control,326,190,0.00,0.00,Left,N/A,
201.1126,cer,SliderControl,Slider Control,326,190,0.00,0.00,Left,N/A,
201.1230,cer,SliderControl,Slider Control,326,190,0.00,0.00,Left,N/A,
201.1325,cer,SliderControl,Slider Control,326,190,0.00,0.00,Left,N/A,
201.1421,cer,SliderControl,Slider Control,326,190,0.00,0.00,Left,N/A,
201.1528,cer,SliderControl,Slider Control,326,190,0.00,0.00,Left,N/A,
201.1623,cer,SliderControl,Slider Control,326,190,0.00,0.00,Left,N/A,
201.1728,cer,SliderControl,Slider Control,326,190,0.00,0.00,Left,N/A,
201.1823,cer,SliderControl,Slider Control,326,190,0.00,0.00,Left,N/A,
201.1926,cer,SliderControl,Slider Control,326,190,0.00,0.00,Left,N/A,
201.2021,cer,SliderControl,Slider Control,326,190,0.00,0.00,Left,N/A,
201.2121,cer,SliderControl,Slider Control,326,190,0.00,0.00,Left,N/A,
201.2224,cer,SliderControl,Slider Control,326,190,0.00,0.00,Left,N/A,
201.2328,cer,SliderControl,Slider Control,326,190,0.00,0.00,Left,N/A,
201.2426,cer,SliderControl,Slider Control,324,190,204.68,20945.94,Left,N/A,
201.2523,cer,SliderControl,Slider Control,322,191,231.59,2787.06,Left,N/A,
201.2629,cer,SliderControl,Slider Control,320,191,188.74,-4043.23,Left,N/A,
201.2726,cer,SliderControl,Slider Control,318,191,206.13,1792.57,Left,N/A,
201.2825,cer,SliderControl,Slider Control,316,191,200.86,-529.89,Left,N/A,
201.2928,cer,SliderControl,Slider Control,314,191,195.19,-553.27,Left,N/A,
201.3029,cer,SliderControl,Slider Control,313,191,98.22,-9524.23,Left,N/A,
201.3126,cer,SliderControl,Slider Control,312,191,104.03,604.72,Left,N/A,
201.3229,cer,SliderControl,Slider Control,310,191,193.64,8675.51,Left,N/A,
201.3324,cer,SliderControl,Slider Control,309,191,105.65,-9295.93,Left,N/A,
201.3425,cer,SliderControl,Slider Control,308,191,98.81,-675.87,Left,N/A,
201.3524,cer,SliderControl,Slider Control,307,191,101.25,247.08,Left,N/A,
201.3623,cer,SliderControl,Slider Control,306,191,100.54,-71.50,Left,N/A,
201.3723,cer,SliderControl,Slider Control,306,191,0.00,-10095.59,Left,N/A,
201.3827,cer,SliderControl,Slider Control,304,191,190.72,18186.14,Left,N/A,
201.3926,cer,SliderControl,Slider Control,303,190,144.15,-4746.10,Left,N/A,
201.4022,cer,SliderControl,Slider Control,302,190,103.75,-4191.73,Left,N/A,
201.4129,cer,SliderControl,Slider Control,300,190,186.08,7660.10,Left,N/A,
201.4223,cer,SliderControl,Slider Control,299,190,106.96,-8462.83,Left,N/A,
201.4326,cer,SliderControl,Slider Control,298,190,96.89,-976.28,Left,N/A,
201.4422,cer,SliderControl,Slider Control,296,190,208.41,11621.52,Left,N/A,
201.4528,cer,SliderControl,Slider Control,295,190,94.33,-10761.46,Left,N/A,
201.4633,cer,SliderControl,Slider Control,294,190,95.66,127.41,Left,N/A,
201.4723,cer,SliderControl,Slider Control,294,190,0.00,-10570.76,Left,N/A,
201.4826,cer,SliderControl,Slider Control,292,190,194.10,18836.51,Left,N/A,
201.4923,cer,SliderControl,Slider Control,292,190,0.00,-20135.42,Left,N/A,
201.5030,cer,SliderControl,Slider Control,291,190,92.95,8639.05,Left,N/A,
201.5128,cer,SliderControl,Slider Control,291,190,0.00,-9452.64,Left,N/A,
201.5227,cer,SliderControl,Slider Control,291,190,0.00,0.00,Left,N/A,
201.5327,cer,SliderControl,Slider Control,290,190,99.61,9921.80,Left,N/A,
201.5425,cer,SliderControl,Slider Control,290,190,0.00,-10193.41,Left,N/A,
201.5526,cer,SliderControl,Slider Control,290,190,0.00,0.00,Left,N/A,
201.5621,cer,SliderControl,Slider Control,290,190,0.00,0.00,Left,N/A,
201.5726,cer,SliderControl,Slider Control,290,190,0.00,0.00,Left,N/A,
201.5821,cer,SliderControl,Slider Control,290,190,0.00,0.00,Left,N/A,
201.5926,cer,SliderControl,Slider Control,290,190,0.00,0.00,Left,N/A,
201.6022,cer,SliderControl,Slider Control,290,190,0.00,0.00,Left,N/A,
201.6121,cer,SliderControl,Slider Control,289,190,100.89,10177.83,Left,N/A,
201.6229,cer,SliderControl,Slider Control,289,190,0.00,-9358.27,Left,N/A,
201.6325,cer,SliderControl,Slider Control,289,189,103.77,10767.81,Left,N/A,
201.6427,cer,SliderControl,Slider Control,288,189,97.92,-572.43,Left,N/A,
201.6528,cer,SliderControl,Slider Control,288,188,99.03,109.44,Left,N/A,
201.6623,cer,SliderControl,Slider Control,288,188,0.00,-10422.60,Left,N/A,
201.6709,cer,SliderControl,Slider Control,288,188,0.00,0.00,None,N/A,slider_released_missed
201.6729,cer,SliderControl,Slider Control,288,188,0.00,0.00,None,N/A,
201.6824,cer,SliderControl,Slider Control,288,188,0.00,0.00,None,N/A,
201.6928,cer,SliderControl,Slider Control,288,188,0.00,0.00,None,N/A,
201.7024,cer,SliderControl,Slider Control,288,188,0.00,0.00,None,N/A,
201.7129,cer,SliderControl,Slider Control,288,188,0.00,0.00,None,N/A,
201.7228,cer,SliderControl,Slider Control,288,188,0.00,0.00,None,N/A,
201.7325,cer,SliderControl,Slider Control,288,188,0.00,0.00,None,N/A,
201.7427,cer,SliderControl,Slider Control,288,188,0.00,0.00,None,N/A,
201.7523,cer,SliderControl,Slider Control,288,188,0.00,0.00,None,N/A,
201.7633,cer,SliderControl,Slider Control,288,188,0.00,0.00,None,N/A,
201.7733,cer,SliderControl,Slider Control,288,188,0.00,0.00,None,N/A,
201.7829,cer,SliderControl,Slider Control,288,188,0.00,0.00,None,N/A,
201.7933,cer,SliderControl,Slider Control,288,188,0.00,0.00,None,N/A,
201.8029,cer,SliderControl,Slider Control,288,188,0.00,0.00,None,N/A,
201.8124,cer,SliderControl,Slider Control,288,188,0.00,0.00,None,N/A,
201.8220,cer,SliderControl,Slider Control,288,188,0.00,0.00,None,N/A,
201.8325,cer,SliderControl,Slider Control,288,188,0.00,0.00,None,N/A,
201.8420,cer,SliderControl,Slider Control,288,188,0.00,0.00,None,N/A,
201.8526,cer,SliderControl,Slider Control,288,188,0.00,0.00,None,N/A,
201.8621,cer,SliderControl,Slider Control,288,188,0.00,0.00,None,N/A,
201.8726,cer,SliderControl,Slider Control,288,188,0.00,0.00,None,N/A,
201.8821,cer,SliderControl,Slider Control,288,188,0.00,0.00,None,N/A,
201.8921,cer,SliderControl,Slider Control,288,188,0.00,0.00,None,N/A,
201.9029,cer,SliderControl,Slider Control,288,188,0.00,0.00,None,N/A,
201.9126,cer,SliderControl,Slider Control,288,188,0.00,0.00,None,N/A,
201.9221,cer,SliderControl,Slider Control,288,188,0.00,0.00,None,N/A,
201.9330,cer,SliderControl,Slider Control,288,188,0.00,0.00,None,N/A,
201.9426,cer,SliderControl,Slider Control,288,188,0.00,0.00,None,N/A,
201.9522,cer,SliderControl,Slider Control,288,188,0.00,0.00,None,N/A,
201.9628,cer,SliderControl,Slider Control,288,188,0.00,0.00,None,N/A,
201.9723,cer,SliderControl,Slider Control,288,188,0.00,0.00,None,N/A,
201.9828,cer,SliderControl,Slider Control,288,188,0.00,0.00,None,N/A,
201.9922,cer,SliderControl,Slider Control,288,188,0.00,0.00,None,N/A,
202.0027,cer,SliderControl,Slider Control,288,188,0.00,0.00,None,N/A,
202.0127,cer,SliderControl,Slider Control,288,188,0.00,0.00,None,N/A,
202.0221,cer,SliderControl,Slider Control,288,188,0.00,0.00,None,N/A,
202.0326,cer,SliderControl,Slider Control,288,188,0.00,0.00,None,N/A,
202.0429,cer,SliderControl,Slider Control,288,188,0.00,0.00,None,N/A,
202.0524,cer,SliderControl,Slider Control,288,188,0.00,0.00,None,N/A,
202.0633,cer,SliderControl,Slider Control,288,188,0.00,0.00,None,N/A,
202.0730,cer,SliderControl,Slider Control,288,188,0.00,0.00,None,N/A,
202.0824,cer,SliderControl,Slider Control,288,188,0.00,0.00,None,N/A,
202.0929,cer,SliderControl,Slider Control,288,188,0.00,0.00,None,N/A,
202.1025,cer,SliderControl,Slider Control,288,188,0.00,0.00,None,N/A,
202.1121,cer,SliderControl,Slider Control,288,188,0.00,0.00,None,N/A,
202.1225,cer,SliderControl,Slider Control,288,188,0.00,0.00,None,N/A,
202.1330,cer,SliderControl,Slider Control,288,188,0.00,0.00,None,N/A,
202.1424,cer,SliderControl,Slider Control,288,188,0.00,0.00,None,N/A,
202.1529,cer,SliderControl,Slider Control,288,188,0.00,0.00,None,N/A,
202.1625,cer,SliderControl,Slider Control,288,188,0.00,0.00,None,N/A,
202.1727,cer,SliderControl,Slider Control,288,188,0.00,0.00,Left,N/A,
202.1821,cer,SliderControl,Slider Control,288,188,0.00,0.00,Left,N/A,
202.1925,cer,SliderControl,Slider Control,288,188,0.00,0.00,Left,N/A,
202.2030,cer,SliderControl,Slider Control,288,188,0.00,0.00,Left,N/A,
202.2125,cer,SliderControl,Slider Control,288,188,0.00,0.00,Left,N/A,
202.2230,cer,SliderControl,Slider Control,288,188,0.00,0.00,Left,N/A,
202.2324,cer,SliderControl,Slider Control,288,188,0.00,0.00,Left,N/A,
202.2428,cer,SliderControl,Slider Control,288,188,0.00,0.00,Left,N/A,
202.2523,cer,SliderControl,Slider Control,288,188,0.00,0.00,Left,N/A,
202.2621,cer,SliderControl,Slider Control,288,188,0.00,0.00,Left,N/A,
202.2727,cer,SliderControl,Slider Control,288,188,0.00,0.00,Left,N/A,
202.2825,cer,SliderControl,Slider Control,288,188,0.00,0.00,Left,N/A,
202.2921,cer,SliderControl,Slider Control,288,188,0.00,0.00,Left,N/A,
202.3027,cer,SliderControl,Slider Control,288,188,0.00,0.00,Left,N/A,
202.3123,cer,SliderControl,Slider Control,288,188,0.00,0.00,Left,N/A,
202.3227,cer,SliderControl,Slider Control,288,188,0.00,0.00,Left,N/A,
202.3321,cer,SliderControl,Slider Control,288,188,0.00,0.00,Left,N/A,
202.3425,cer,SliderControl,Slider Control,288,188,0.00,0.00,Left,N/A,
202.3530,cer,SliderControl,Slider Control,288,188,0.00,0.00,Left,N/A,
202.3620,cer,SliderControl,Slider Control,286,188,222.44,24740.80,Left,N/A,
202.3727,cer,SliderControl,Slider Control,285,188,93.77,-12065.94,Left,N/A,
202.3827,cer,SliderControl,Slider Control,281,188,398.74,30399.88,Left,N/A,
202.3925,cer,SliderControl,Slider Control,279,188,202.72,-19868.18,Left,N/A,
202.4022,cer,SliderControl,Slider Control,278,188,104.02,-10266.90,Left,N/A,
202.4129,cer,SliderControl,Slider Control,274,188,373.57,25173.02,Left,N/A,
202.4220,cer,SliderControl,Slider Control,273,188,109.44,-28906.44,Left,N/A,
202.4324,cer,SliderControl,Slider Control,272,188,95.92,-1297.49,Left,N/A,
202.4425,cer,SliderControl,Slider Control,271,188,99.74,381.02,Left,N/A,
202.4520,cer,SliderControl,Slider Control,268,188,314.33,22484.29,Left,N/A,
202.4625,cer,SliderControl,Slider Control,267,189,134.98,-17117.90,Left,N/A,
202.4728,cer,SliderControl,Slider Control,265,189,194.01,5726.07,Left,N/A,
202.4829,cer,SliderControl,Slider Control,263,189,197.08,303.17,Left,N/A,
202.4927,cer,SliderControl,Slider Control,262,189,102.94,-9691.04,Left,N/A,
202.5021,cer,SliderControl,Slider Control,261,189,105.48,268.41,Left,N/A,
202.5120,cer,SliderControl,Slider Control,259,190,225.68,12131.23,Left,N/A,
202.5225,cer,SliderControl,Slider Control,258,190,95.34,-12426.64,Left,N/A,
202.5324,cer,SliderControl,Slider Control,257,190,101.15,587.00,Left,N/A,
202.5424,cer,SliderControl,Slider Control,254,190,299.50,19802.21,Left,N/A,
202.5520,cer,SliderControl,Slider Control,253,190,104.79,-20403.43,Left,N/A,
202.5621,cer,SliderControl,Slider Control,252,190,99.00,-572.53,Left,N/A,
202.5729,cer,SliderControl,Slider Control,249,190,277.06,16443.92,Left,N/A,
202.5827,cer,SliderControl,Slider Control,248,190,101.90,-17848.52,Left,N/A,
202.5926,cer,SliderControl,Slider Control,247,190,101.63,-27.10,Left,N/A,
202.6028,cer,SliderControl,Slider Control,247,190,0.00,-9888.89,Left,N/A,
202.6122,cer,SliderControl,Slider Control,245,190,214.53,23011.87,Left,N/A,
202.6223,cer,SliderControl,Slider Control,244,190,98.28,-11425.15,Left,N/A,
202.6329,cer,SliderControl,Slider Control,243,190,94.72,-336.79,Left,N/A,
202.6427,cer,SliderControl,Slider Control,242,190,102.43,789.77,Left,N/A,
202.6521,cer,SliderControl,Slider Control,241,190,106.14,393.43,Left,N/A,
202.6629,cer,SliderControl,Slider Control,241,190,0.00,-9819.14,Left,N/A,
202.6724,cer,SliderControl,Slider Control,240,190,104.70,10962.75,Left,N/A,
202.6822,cer,SliderControl,Slider Control,240,190,0.00,-10773.42,Left,N/A,
202.6928,cer,SliderControl,Slider Control,240,190,0.00,0.00,Left,N/A,
202.7022,cer,SliderControl,Slider Control,239,190,105.75,11182.19,Left,N/A,
202.7127,cer,SliderControl,Slider Control,239,190,0.00,-10098.37,Left,N/A,
202.7222,cer,SliderControl,Slider Control,239,190,0.00,0.00,Left,N/A,
202.7326,cer,SliderControl,Slider Control,239,190,0.00,0.00,Left,N/A,
202.7429,cer,SliderControl,Slider Control,239,190,0.00,0.00,Left,N/A,
202.7525,cer,SliderControl,Slider Control,239,190,0.00,0.00,Left,N/A,
202.7625,cer,SliderControl,Slider Control,239,190,0.00,0.00,Left,N/A,
202.7722,cer,SliderControl,Slider Control,239,190,0.00,0.00,Left,N/A,
202.7827,cer,SliderControl,Slider Control,239,190,0.00,0.00,Left,N/A,
202.7923,cer,SliderControl,Slider Control,239,190,0.00,0.00,Left,N/A,
202.8025,cer,SliderControl,Slider Control,239,190,0.00,0.00,Left,N/A,
202.8129,cer,SliderControl,Slider Control,239,190,0.00,0.00,Left,N/A,
202.8224,cer,SliderControl,Slider Control,239,190,0.00,0.00,Left,N/A,
202.8330,cer,SliderControl,Slider Control,239,190,0.00,0.00,Left,N/A,
202.8396,cer,SliderControl,Slider Control,239,190,0.00,0.00,None,N/A,slider_released_correct
202.8421,cer,SliderControl,Slider Control,239,190,0.00,0.00,None,N/A,
202.8529,cer,SliderControl,Slider Control,239,190,0.00,0.00,None,N/A,
202.8621,cer,SliderControl,Slider Control,239,190,0.00,0.00,None,N/A,
202.8726,cer,SliderControl,Slider Control,239,190,0.00,0.00,None,N/A,
202.8821,cer,SliderControl,Slider Control,239,190,0.00,0.00,None,N/A,
202.8927,cer,SliderControl,Slider Control,239,190,0.00,0.00,None,N/A,
202.9022,cer,SliderControl,Slider Control,239,190,0.00,0.00,None,N/A,
202.9122,cer,SliderControl,Slider Control,239,190,0.00,0.00,None,N/A,
202.9226,cer,SliderControl,Slider Control,239,190,0.00,0.00,None,N/A,
202.9321,cer,SliderControl,Slider Control,239,190,0.00,0.00,None,N/A,
202.9426,cer,SliderControl,Slider Control,239,190,0.00,0.00,None,N/A,
202.9521,cer,SliderControl,Slider Control,239,190,0.00,0.00,None,N/A,
202.9628,cer,SliderControl,Slider Control,239,190,0.00,0.00,None,N/A,
202.9722,cer,SliderControl,Slider Control,239,190,0.00,0.00,None,N/A,
202.9826,cer,SliderControl,Slider Control,239,190,0.00,0.00,None,N/A,
202.9929,cer,SliderControl,Slider Control,239,190,0.00,0.00,None,N/A,
203.0024,cer,SliderControl,Slider Control,239,190,0.00,0.00,None,N/A,
203.0121,cer,SliderControl,Slider Control,239,190,0.00,0.00,None,N/A,
203.0226,cer,SliderControl,Slider Control,239,190,0.00,0.00,None,N/A,
203.0324,cer,SliderControl,Slider Control,239,190,0.00,0.00,None,N/A,
203.0421,cer,SliderControl,Slider Control,239,190,0.00,0.00,None,N/A,
203.0526,cer,SliderControl,Slider Control,239,190,0.00,0.00,None,N/A,
203.0621,cer,SliderControl,Slider Control,239,190,0.00,0.00,None,N/A,
203.0727,cer,SliderControl,Slider Control,239,190,0.00,0.00,None,N/A,
203.0823,cer,SliderControl,Slider Control,239,190,0.00,0.00,None,N/A,
203.0928,cer,SliderControl,Slider Control,239,190,0.00,0.00,None,N/A,
203.1023,cer,SliderControl,Slider Control,239,190,0.00,0.00,None,N/A,
203.1128,cer,SliderControl,Slider Control,239,190,0.00,0.00,None,N/A,
203.1223,cer,SliderControl,Slider Control,239,190,0.00,0.00,None,N/A,
203.1328,cer,SliderControl,Slider Control,239,190,0.00,0.00,None,N/A,
203.1423,cer,SliderControl,Slider Control,239,190,0.00,0.00,None,N/A,
203.1528,cer,SliderControl,Slider Control,239,190,0.00,0.00,None,N/A,
203.1629,cer,SliderControl,Slider Control,239,190,0.00,0.00,None,N/A,
203.1723,cer,SliderControl,Slider Control,239,190,0.00,0.00,None,N/A,
203.1829,cer,SliderControl,Slider Control,239,190,0.00,0.00,None,N/A,
203.1924,cer,SliderControl,Slider Control,239,190,0.00,0.00,None,N/A,
203.2029,cer,SliderControl,Slider Control,239,190,0.00,0.00,None,N/A,
203.2127,cer,SliderControl,Slider Control,239,190,0.00,0.00,None,N/A,
203.2223,cer,SliderControl,Slider Control,239,190,0.00,0.00,None,N/A,
203.2327,cer,SliderControl,Slider Control,239,190,0.00,0.00,None,N/A,
203.2423,cer,SliderControl,Slider Control,239,190,0.00,0.00,None,N/A,
203.2528,cer,SliderControl,Slider Control,239,190,0.00,0.00,None,N/A,
203.2622,cer,SliderControl,Slider Control,239,190,0.00,0.00,None,N/A,
203.2727,cer,SliderControl,Slider Control,239,190,0.00,0.00,None,N/A,
203.2821,cer,SliderControl,Slider Control,239,190,0.00,0.00,None,N/A,
203.2925,cer,SliderControl,Slider Control,239,190,0.00,0.00,None,N/A,
203.3029,cer,SliderControl,Slider Control,239,190,0.00,0.00,None,N/A,
203.3120,cer,SliderControl,Slider Control,239,190,0.00,0.00,None,N/A,
203.3228,cer,SliderControl,Slider Control,239,190,0.00,0.00,None,N/A,
203.3322,cer,SliderControl,Slider Control,239,190,0.00,0.00,None,N/A,
203.3427,cer,SliderControl,Slider Control,239,190,0.00,0.00,None,N/A,
203.3522,cer,SliderControl,Slider Control,239,190,0.00,0.00,None,N/A,
203.3623,cer,SliderControl,Slider Control,239,190,0.00,0.00,None,N/A,
203.3727,cer,SliderControl,Slider Control,239,190,0.00,0.00,None,N/A,
203.3822,cer,SliderControl,Slider Control,239,190,0.00,0.00,None,N/A,
203.3928,cer,SliderControl,Slider Control,239,190,0.00,0.00,None,N/A,
203.4023,cer,SliderControl,Slider Control,239,190,0.00,0.00,None,N/A,
203.4129,cer,SliderControl,Slider Control,239,190,0.00,0.00,None,N/A,
203.4223,cer,SliderControl,Slider Control,239,190,0.00,0.00,None,N/A,
203.4327,cer,SliderControl,Slider Control,239,190,0.00,0.00,None,N/A,
203.4422,cer,SliderControl,Slider Control,239,190,0.00,0.00,None,N/A,
203.4526,cer,SliderControl,Slider Control,239,190,0.00,0.00,None,N/A,
203.4621,cer,SliderControl,Slider Control,239,190,0.00,0.00,None,N/A,
203.4726,cer,SliderControl,Slider Control,239,190,0.00,0.00,None,N/A,
203.4821,cer,SliderControl,Slider Control,239,190,0.00,0.00,None,N/A,
203.4925,cer,SliderControl,Slider Control,239,190,0.00,0.00,None,N/A,
203.5020,cer,SliderControl,Slider Control,239,190,0.00,0.00,None,N/A,
203.5120,cer,SliderControl,Slider Control,239,190,0.00,0.00,None,N/A,
203.5224,cer,SliderControl,Slider Control,239,190,0.00,0.00,None,N/A,
203.5329,cer,SliderControl,Slider Control,239,190,0.00,0.00,None,N/A,
203.5423,cer,SliderControl,Slider Control,239,190,0.00,0.00,None,N/A,
203.5527,cer,SliderControl,Slider Control,237,190,192.56,18539.34,None,N/A,
203.5622,cer,SliderControl,Slider Control,235,189,236.16,4604.61,None,N/A,
203.5727,cer,SliderControl,Slider Control,229,189,569.12,31582.31,None,N/A,
203.5828,cer,SliderControl,Slider Control,226,188,314.75,-25317.93,None,N/A,
203.5924,cer,SliderControl,Slider Control,224,188,207.93,-11105.66,None,N/A,
203.6030,cer,SliderControl,Slider Control,221,188,282.17,6982.58,None,N/A,
203.6127,cer,SliderControl,Slider Control,216,187,527.08,25316.63,None,N/A,
203.6223,cer,SliderControl,Slider Control,214,187,208.80,-33228.34,None,N/A,
203.6328,cer,SliderControl,Slider Control,212,186,212.57,359.08,None,N/A,
203.6425,cer,SliderControl,Slider Control,210,186,206.15,-661.73,None,N/A,
203.6521,cer,SliderControl,Slider Control,208,186,208.64,259.42,None,N/A,
203.6628,cer,SliderControl,Slider Control,207,186,92.77,-10749.22,None,N/A,
203.6728,cer,SliderControl,Slider Control,205,186,200.15,10746.20,None,N/A,
203.6827,cer,SliderControl,Slider Control,204,186,101.45,-10012.93,None,N/A,
203.6925,cer,SliderControl,Slider Control,204,186,0.00,-10306.34,None,N/A,
203.7023,cer,SliderControl,Slider Control,203,186,101.90,10383.60,None,N/A,
203.7125,cer,SliderControl,Slider Control,202,186,98.89,-297.69,None,N/A,
203.7223,cer,SliderControl,Slider Control,201,187,143.85,4573.21,None,N/A,
203.7325,cer,SliderControl,Slider Control,201,187,0.00,-14113.76,None,N/A,
203.7425,cer,SliderControl,Slider Control,199,188,223.79,22398.09,None,N/A,
203.7524,cer,SliderControl,Slider Control,199,188,0.00,-22599.23,None,N/A,
203.7627,cer,SliderControl,Slider Control,198,188,96.61,9332.98,None,N/A,
203.7724,cer,SliderControl,Slider Control,196,189,230.25,13761.21,None,N/A,
203.7821,cer,SliderControl,Slider Control,195,189,103.60,-13120.85,None,N/A,
203.7927,cer,SliderControl,Slider Control,194,189,94.18,-886.89,None,N/A,
203.8019,cer,SliderControl,Slider Control,192,190,242.28,16046.95,None,N/A,
203.8126,cer,SliderControl,Slider Control,191,190,93.40,-13905.37,None,N/A,
203.8222,cer,SliderControl,Slider Control,189,190,208.66,12025.77,None,N/A,
203.8324,cer,SliderControl,Slider Control,187,191,219.10,1022.71,None,N/A,
203.8421,cer,SliderControl,Slider Control,185,191,207.66,-1187.26,None,N/A,
203.8525,cer,SliderControl,Slider Control,184,191,95.86,-10717.60,None,N/A,
203.8625,cer,SliderControl,Slider Control,181,191,299.89,20394.72,None,N/A,
203.8724,cer,SliderControl,Slider Control,180,191,100.80,-20067.66,None,N/A,
203.8821,cer,SliderControl,Slider Control,179,191,102.97,223.99,None,N/A,
203.8929,cer,SliderControl,Slider Control,177,192,207.26,9666.37,None,N/A,
203.9030,cer,SliderControl,Slider Control,176,192,99.38,-10721.17,None,N/A,
203.9122,cer,SliderControl,Slider Control,176,192,0.00,-10745.73,None,N/A,
203.9221,cer,SliderControl,Slider Control,175,192,101.13,10227.96,None,N/A,
203.9321,cer,SliderControl,Slider Control,175,192,0.00,-10128.32,None,N/A,
203.9430,cer,SliderControl,Slider Control,174,192,92.16,8493.88,None,N/A,
203.9524,cer,SliderControl,Slider Control,174,192,0.00,-9793.43,None,N/A,
203.9624,cer,SliderControl,Slider Control,174,192,0.00,0.00,None,N/A,
203.9728,cer,SliderControl,Slider Control,174,192,0.00,0.00,None,N/A,
203.9823,cer,SliderControl,Slider Control,174,192,0.00,0.00,None,N/A,
203.9929,cer,SliderControl,Slider Control,174,192,0.00,0.00,None,N/A,
204.0024,cer,SliderControl,Slider Control,174,192,0.00,0.00,None,N/A,
204.0121,cer,SliderControl,Slider Control,174,192,0.00,0.00,None,N/A,
204.0225,cer,SliderControl,Slider Control,174,192,0.00,0.00,None,N/A,
204.0320,cer,SliderControl,Slider Control,174,192,0.00,0.00,None,N/A,
204.0421,cer,SliderControl,Slider Control,175,192,99.32,9863.62,None,N/A,
204.0523,cer,SliderControl,Slider Control,175,192,0.00,-9667.45,None,N/A,
204.0628,cer,SliderControl,Slider Control,177,192,191.43,18323.36,None,N/A,
204.0726,cer,SliderControl,Slider Control,178,192,102.05,-9121.55,None,N/A,
204.0820,cer,SliderControl,Slider Control,179,192,105.95,413.54,None,N/A,
204.0923,cer,SliderControl,Slider Control,180,192,97.38,-835.26,None,N/A,
204.1028,cer,SliderControl,Slider Control,181,192,95.01,-224.87,None,N/A,
204.1122,cer,SliderControl,Slider Control,181,192,0.00,-10094.74,None,N/A,
204.1229,cer,SliderControl,Slider Control,183,192,186.83,17453.26,None,N/A,
204.1322,cer,SliderControl,Slider Control,183,192,0.00,-20216.55,None,N/A,
204.1423,cer,SliderControl,Slider Control,184,192,99.18,9837.52,None,N/A,
204.1520,cer,SliderControl,Slider Control,185,192,103.18,412.38,None,N/A,
204.1625,cer,SliderControl,Slider Control,185,192,0.00,-9741.85,None,N/A,
204.1724,cer,SliderControl,Slider Control,186,192,101.03,10207.76,None,N/A,
204.1828,cer,SliderControl,Slider Control,186,192,0.00,-9775.21,None,N/A,
204.1920,cer,SliderControl,Slider Control,186,192,0.00,0.00,None,N/A,
204.2021,cer,SliderControl,Slider Control,187,192,99.19,9839.38,None,N/A,
204.2122,cer,SliderControl,Slider Control,187,192,0.00,-9769.60,None,N/A,
204.2226,cer,SliderControl,Slider Control,188,192,96.25,9264.14,None,N/A,
204.2322,cer,SliderControl,Slider Control,189,192,104.72,886.51,None,N/A,
204.2422,cer,SliderControl,Slider Control,189,193,99.52,-517.05,None,N/A,
204.2525,cer,SliderControl,Slider Control,190,193,96.96,-248.07,None,N/A,
204.2626,cer,SliderControl,Slider Control,190,193,0.00,-9587.00,None,N/A,
204.2723,cer,SliderControl,Slider Control,190,193,0.00,0.00,None,N/A,
204.2829,cer,SliderControl,Slider Control,191,193,94.47,8923.88,None,N/A,
204.2925,cer,SliderControl,Slider Control,191,193,0.00,-9805.98,None,N/A,
204.3030,cer,SliderControl,Slider Control,191,193,0.00,0.00,None,N/A,
204.3124,cer,SliderControl,Slider Control,191,193,0.00,0.00,None,N/A,
204.3228,cer,SliderControl,Slider Control,191,193,0.00,0.00,None,N/A,
204.3323,cer,SliderControl,Slider Control,191,193,0.00,0.00,None,N/A,
204.3427,cer,SliderControl,Slider Control,191,193,0.00,0.00,None,N/A,
204.3522,cer,SliderControl,Slider Control,191,193,0.00,0.00,None,N/A,
204.3627,cer,SliderControl,Slider Control,191,193,0.00,0.00,None,N/A,
204.3722,cer,SliderControl,Slider Control,191,193,0.00,0.00,None,N/A,
204.3824,cer,SliderControl,Slider Control,191,193,0.00,0.00,None,N/A,
204.3922,cer,SliderControl,Slider Control,191,193,0.00,0.00,None,N/A,
204.4027,cer,SliderControl,Slider Control,191,193,0.00,0.00,None,N/A,
204.4123,cer,SliderControl,Slider Control,191,192,103.64,10740.68,None,N/A,
204.4223,cer,SliderControl,Slider Control,191,192,0.00,-10430.38,None,N/A,
204.4327,cer,SliderControl,Slider Control,191,192,0.00,0.00,None,N/A,
204.4425,cer,SliderControl,Slider Control,191,192,0.00,0.00,None,N/A,
204.4530,cer,SliderControl,Slider Control,191,192,0.00,0.00,None,N/A,
204.4625,cer,SliderControl,Slider Control,191,192,0.00,0.00,None,N/A,
204.4729,cer,SliderControl,Slider Control,191,192,0.00,0.00,None,N/A,
204.4826,cer,SliderControl,Slider Control,191,192,0.00,0.00,None,N/A,
204.4922,cer,SliderControl,Slider Control,191,192,0.00,0.00,None,N/A,
204.5027,cer,SliderControl,Slider Control,191,192,0.00,0.00,None,N/A,
204.5122,cer,SliderControl,Slider Control,191,192,0.00,0.00,None,N/A,
204.5227,cer,SliderControl,Slider Control,191,192,0.00,0.00,None,N/A,
204.5321,cer,SliderControl,Slider Control,191,192,0.00,0.00,None,N/A,
204.5427,cer,SliderControl,Slider Control,191,192,0.00,0.00,None,N/A,
204.5522,cer,SliderControl,Slider Control,191,192,0.00,0.00,None,N/A,
204.5630,cer,SliderControl,Slider Control,191,192,0.00,0.00,None,N/A,
204.5724,cer,SliderControl,Slider Control,191,192,0.00,0.00,None,N/A,
204.5829,cer,SliderControl,Slider Control,191,192,0.00,0.00,None,N/A,
204.5926,cer,SliderControl,Slider Control,191,192,0.00,0.00,None,N/A,
204.6022,cer,SliderControl,Slider Control,191,192,0.00,0.00,None,N/A,
204.6129,cer,SliderControl,Slider Control,191,192,0.00,0.00,Left,N/A,
204.6225,cer,SliderControl,Slider Control,191,192,0.00,0.00,Left,N/A,
204.6323,cer,SliderControl,Slider Control,191,192,0.00,0.00,Left,N/A,
204.6430,cer,SliderControl,Slider Control,191,192,0.00,0.00,Left,N/A,
204.6527,cer,SliderControl,Slider Control,191,192,0.00,0.00,Left,N/A,
204.6622,cer,SliderControl,Slider Control,191,192,0.00,0.00,Left,N/A,
204.6730,cer,SliderControl,Slider Control,191,192,0.00,0.00,Left,N/A,
204.6828,cer,SliderControl,Slider Control,191,192,0.00,0.00,Left,N/A,
204.6926,cer,SliderControl,Slider Control,191,192,0.00,0.00,Left,N/A,
204.7022,cer,SliderControl,Slider Control,191,192,0.00,0.00,Left,N/A,
204.7128,cer,SliderControl,Slider Control,191,192,0.00,0.00,Left,N/A,
204.7224,cer,SliderControl,Slider Control,191,192,0.00,0.00,Left,N/A,
204.7329,cer,SliderControl,Slider Control,191,192,0.00,0.00,Left,N/A,
204.7425,cer,SliderControl,Slider Control,191,192,0.00,0.00,Left,N/A,
204.7530,cer,SliderControl,Slider Control,191,192,0.00,0.00,Left,N/A,
204.7624,cer,SliderControl,Slider Control,191,192,0.00,0.00,Left,N/A,
204.7734,cer,SliderControl,Slider Control,191,192,0.00,0.00,Left,N/A,
204.7822,cer,SliderControl,Slider Control,191,192,0.00,0.00,Left,N/A,
204.7928,cer,SliderControl,Slider Control,191,192,0.00,0.00,Left,N/A,
204.8022,cer,SliderControl,Slider Control,191,192,0.00,0.00,Left,N/A,
204.8127,cer,SliderControl,Slider Control,191,192,0.00,0.00,Left,N/A,
204.8224,cer,SliderControl,Slider Control,191,192,0.00,0.00,Left,N/A,
204.8327,cer,SliderControl,Slider Control,192,192,97.59,9524.62,Left,N/A,
204.8428,cer,SliderControl,Slider Control,194,192,198.39,9998.04,Left,N/A,
204.8526,cer,SliderControl,Slider Control,198,192,405.93,21062.43,Left,N/A,
204.8629,cer,SliderControl,Slider Control,199,192,97.21,-30010.42,Left,N/A,
204.8721,cer,SliderControl,Slider Control,200,192,108.86,1268.62,Left,N/A,
204.8829,cer,SliderControl,Slider Control,203,192,276.86,15503.75,Left,N/A,
204.8929,cer,SliderControl,Slider Control,204,192,100.51,-17724.76,Left,N/A,
204.9030,cer,SliderControl,Slider Control,205,192,98.65,-183.09,Left,N/A,
204.9130,cer,SliderControl,Slider Control,206,192,100.34,169.08,Left,N/A,
204.9220,cer,SliderControl,Slider Control,207,192,110.79,1157.83,Left,N/A,
204.9327,cer,SliderControl,Slider Control,208,192,93.50,-1616.52,Left,N/A,
204.9421,cer,SliderControl,Slider Control,208,192,0.00,-9988.92,Left,N/A,
204.9526,cer,SliderControl,Slider Control,209,192,95.07,9037.51,Left,N/A,
204.9628,cer,SliderControl,Slider Control,209,192,0.00,-9324.30,Left,N/A,
204.9725,cer,SliderControl,Slider Control,209,192,0.00,0.00,Left,N/A,
204.9829,cer,SliderControl,Slider Control,210,192,95.98,9212.49,Left,N/A,
204.9924,cer,SliderControl,Slider Control,210,191,104.74,917.32,Left,N/A,
205.0029,cer,SliderControl,Slider Control,210,191,0.00,-9975.03,Left,N/A,
205.0120,cer,SliderControl,Slider Control,210,191,0.00,0.00,Left,N/A,
205.0225,cer,SliderControl,Slider Control,210,191,0.00,0.00,Left,N/A,
205.0264,cer,SliderControl,Slider Control,210,191,0.00,0.00,None,N/A,slider_released_missed
205.0322,cer,SliderControl,Slider Control,210,191,0.00,0.00,None,N/A,
205.0427,cer,SliderControl,Slider Control,210,191,0.00,0.00,None,N/A,
205.0522,cer,SliderControl,Slider Control,210,191,0.00,0.00,None,N/A,
205.0620,cer,SliderControl,Slider Control,210,191,0.00,0.00,None,N/A,
205.0726,cer,SliderControl,Slider Control,210,191,0.00,0.00,None,N/A,
205.0821,cer,SliderControl,Slider Control,210,191,0.00,0.00,None,N/A,
205.0928,cer,SliderControl,Slider Control,210,191,0.00,0.00,None,N/A,
205.1023,cer,SliderControl,Slider Control,210,191,0.00,0.00,None,N/A,
205.1121,cer,SliderControl,Slider Control,210,191,0.00,0.00,None,N/A,
205.1225,cer,SliderControl,Slider Control,210,191,0.00,0.00,None,N/A,
205.1330,cer,SliderControl,Slider Control,210,191,0.00,0.00,None,N/A,
205.1426,cer,SliderControl,Slider Control,210,191,0.00,0.00,None,N/A,
205.1522,cer,SliderControl,Slider Control,210,191,0.00,0.00,None,N/A,
205.1627,cer,SliderControl,Slider Control,210,191,0.00,0.00,None,N/A,
205.1722,cer,SliderControl,Slider Control,210,191,0.00,0.00,None,N/A,
205.1828,cer,SliderControl,Slider Control,210,191,0.00,0.00,None,N/A,
205.1923,cer,SliderControl,Slider Control,210,191,0.00,0.00,None,N/A,
205.2028,cer,SliderControl,Slider Control,210,191,0.00,0.00,None,N/A,
205.2123,cer,SliderControl,Slider Control,210,191,0.00,0.00,None,N/A,
205.2228,cer,SliderControl,Slider Control,210,191,0.00,0.00,None,N/A,
205.2323,cer,SliderControl,Slider Control,210,191,0.00,0.00,None,N/A,
205.2428,cer,SliderControl,Slider Control,210,191,0.00,0.00,None,N/A,
205.2527,cer,SliderControl,Slider Control,210,191,0.00,0.00,None,N/A,
205.2624,cer,SliderControl,Slider Control,210,191,0.00,0.00,None,N/A,
205.2729,cer,SliderControl,Slider Control,210,191,0.00,0.00,None,N/A,
205.2824,cer,SliderControl,Slider Control,210,191,0.00,0.00,None,N/A,
205.2930,cer,SliderControl,Slider Control,210,191,0.00,0.00,None,N/A,
205.3025,cer,SliderControl,Slider Control,210,191,0.00,0.00,None,N/A,
205.3129,cer,SliderControl,Slider Control,210,191,0.00,0.00,None,N/A,
205.3224,cer,SliderControl,Slider Control,210,191,0.00,0.00,None,N/A,
205.3329,cer,SliderControl,Slider Control,210,191,0.00,0.00,None,N/A,
205.3425,cer,SliderControl,Slider Control,210,191,0.00,0.00,None,N/A,
205.3530,cer,SliderControl,Slider Control,210,191,0.00,0.00,None,N/A,
205.3624,cer,SliderControl,Slider Control,210,191,0.00,0.00,None,N/A,
205.3729,cer,SliderControl,Slider Control,210,191,0.00,0.00,None,N/A,
205.3825,cer,SliderControl,Slider Control,210,191,0.00,0.00,None,N/A,
205.3930,cer,SliderControl,Slider Control,210,191,0.00,0.00,None,N/A,
205.4025,cer,SliderControl,Slider Control,210,191,0.00,0.00,None,N/A,
205.4125,cer,SliderControl,Slider Control,210,191,0.00,0.00,None,N/A,
205.4230,cer,SliderControl,Slider Control,210,191,0.00,0.00,None,N/A,
205.4324,cer,SliderControl,Slider Control,210,191,0.00,0.00,None,N/A,
205.4421,cer,SliderControl,Slider Control,210,191,0.00,0.00,None,N/A,
205.4526,cer,SliderControl,Slider Control,210,191,0.00,0.00,None,N/A,
205.4620,cer,SliderControl,Slider Control,210,191,0.00,0.00,None,N/A,
205.4725,cer,SliderControl,Slider Control,210,191,0.00,0.00,None,N/A,
205.4820,cer,SliderControl,Slider Control,210,191,0.00,0.00,Left,N/A,
205.4927,cer,SliderControl,Slider Control,210,191,0.00,0.00,Left,N/A,
205.5022,cer,SliderControl,Slider Control,210,191,0.00,0.00,Left,N/A,
205.5127,cer,SliderControl,Slider Control,210,191,0.00,0.00,Left,N/A,
205.5222,cer,SliderControl,Slider Control,210,191,0.00,0.00,Left,N/A,
205.5327,cer,SliderControl,Slider Control,210,191,0.00,0.00,Left,N/A,
205.5423,cer,SliderControl,Slider Control,210,191,0.00,0.00,Left,N/A,
205.5529,cer,SliderControl,Slider Control,210,191,0.00,0.00,Left,N/A,
205.5625,cer,SliderControl,Slider Control,210,191,0.00,0.00,Left,N/A,
205.5720,cer,SliderControl,Slider Control,210,191,0.00,0.00,Left,N/A,
205.5825,cer,SliderControl,Slider Control,210,191,0.00,0.00,Left,N/A,
205.5935,cer,SliderControl,Slider Control,210,191,0.00,0.00,Left,N/A,
205.6022,cer,SliderControl,Slider Control,210,191,0.00,0.00,Left,N/A,
205.6127,cer,SliderControl,Slider Control,210,191,0.00,0.00,Left,N/A,
205.6222,cer,SliderControl,Slider Control,210,191,0.00,0.00,Left,N/A,
205.6328,cer,SliderControl,Slider Control,210,191,0.00,0.00,Left,N/A,
205.6422,cer,SliderControl,Slider Control,210,191,0.00,0.00,Left,N/A,
205.6528,cer,SliderControl,Slider Control,210,191,0.00,0.00,Left,N/A,
205.6623,cer,SliderControl,Slider Control,210,191,0.00,0.00,Left,N/A,
205.6729,cer,SliderControl,Slider Control,210,191,0.00,0.00,Left,N/A,
205.6824,cer,SliderControl,Slider Control,210,191,0.00,0.00,Left,N/A,
205.6928,cer,SliderControl,Slider Control,210,191,0.00,0.00,Left,N/A,
205.7023,cer,SliderControl,Slider Control,210,191,0.00,0.00,Left,N/A,
205.7128,cer,SliderControl,Slider Control,210,191,0.00,0.00,Left,N/A,
205.7223,cer,SliderControl,Slider Control,210,191,0.00,0.00,Left,N/A,
205.7328,cer,SliderControl,Slider Control,211,191,95.48,9117.10,Left,N/A,
205.7422,cer,SliderControl,Slider Control,211,191,0.00,-10121.23,Left,N/A,
205.7530,cer,SliderControl,Slider Control,212,192,130.82,12101.87,Left,N/A,
205.7621,cer,SliderControl,Slider Control,214,192,219.74,9768.57,Left,N/A,
205.7721,cer,SliderControl,Slider Control,215,192,99.88,-11971.06,Left,N/A,
205.7822,cer,SliderControl,Slider Control,215,192,0.00,-9906.62,Left,N/A,
205.7925,cer,SliderControl,Slider Control,217,192,193.92,18801.69,Left,N/A,
205.8022,cer,SliderControl,Slider Control,217,192,0.00,-20025.17,Left,N/A,
205.8127,cer,SliderControl,Slider Control,217,192,0.00,0.00,Left,N/A,
205.8229,cer,SliderControl,Slider Control,218,192,98.16,9635.95,Left,N/A,
205.8320,cer,SliderControl,Slider Control,218,192,0.00,-10748.88,Left,N/A,
205.8421,cer,SliderControl,Slider Control,218,192,0.00,0.00,Left,N/A,
205.8527,cer,SliderControl,Slider Control,219,192,94.67,8962.19,Left,N/A,
205.8624,cer,SliderControl,Slider Control,219,192,0.00,-9774.51,Left,N/A,
205.8728,cer,SliderControl,Slider Control,219,192,0.00,0.00,Left,N/A,
205.8824,cer,SliderControl,Slider Control,219,192,0.00,0.00,Left,N/A,
205.8930,cer,SliderControl,Slider Control,219,192,0.00,0.00,Left,N/A,
205.9025,cer,SliderControl,Slider Control,219,192,0.00,0.00,Left,N/A,
205.9129,cer,SliderControl,Slider Control,219,192,0.00,0.00,Left,N/A,
205.9223,cer,SliderControl,Slider Control,219,192,0.00,0.00,Left,N/A,
205.9329,cer,SliderControl,Slider Control,219,192,0.00,0.00,Left,N/A,
205.9425,cer,SliderControl,Slider Control,219,192,0.00,0.00,Left,N/A,
205.9520,cer,SliderControl,Slider Control,219,192,0.00,0.00,Left,N/A,
205.9625,cer,SliderControl,Slider Control,219,192,0.00,0.00,Left,N/A,
205.9729,cer,SliderControl,Slider Control,219,192,0.00,0.00,Left,N/A,
205.9820,cer,SliderControl,Slider Control,219,192,0.00,0.00,Left,N/A,
205.9925,cer,SliderControl,Slider Control,219,192,0.00,0.00,Left,N/A,
206.0029,cer,SliderControl,Slider Control,219,192,0.00,0.00,Left,N/A,
206.0124,cer,SliderControl,Slider Control,219,192,0.00,0.00,Left,N/A,
206.0228,cer,SliderControl,Slider Control,219,192,0.00,0.00,Left,N/A,
206.0322,cer,SliderControl,Slider Control,219,192,0.00,0.00,Left,N/A,
206.0426,cer,SliderControl,Slider Control,219,192,0.00,0.00,Left,N/A,
206.0522,cer,SliderControl,Slider Control,219,192,0.00,0.00,Left,N/A,
206.0626,cer,SliderControl,Slider Control,219,192,0.00,0.00,Left,N/A,
206.0720,cer,SliderControl,Slider Control,219,192,0.00,0.00,Left,N/A,
206.0826,cer,SliderControl,Slider Control,219,192,0.00,0.00,Left,N/A,
206.0922,cer,SliderControl,Slider Control,219,192,0.00,0.00,Left,N/A,
206.1029,cer,SliderControl,Slider Control,219,192,0.00,0.00,Left,N/A,
206.1120,cer,SliderControl,Slider Control,219,192,0.00,0.00,Left,N/A,
206.1224,cer,SliderControl,Slider Control,219,192,0.00,0.00,Left,N/A,
206.1330,cer,SliderControl,Slider Control,219,192,0.00,0.00,Left,N/A,
206.1427,cer,SliderControl,Slider Control,219,192,0.00,0.00,Left,N/A,
206.1522,cer,SliderControl,Slider Control,219,192,0.00,0.00,Left,N/A,
206.1627,cer,SliderControl,Slider Control,219,192,0.00,0.00,Left,N/A,
206.1721,cer,SliderControl,Slider Control,219,192,0.00,0.00,Left,N/A,
206.1825,cer,SliderControl,Slider Control,219,192,0.00,0.00,Left,N/A,
206.1920,cer,SliderControl,Slider Control,219,192,0.00,0.00,Left,N/A,
206.2025,cer,SliderControl,Slider Control,219,191,95.49,9118.35,Left,N/A,
206.2120,cer,SliderControl,Slider Control,219,191,0.00,-10025.64,Left,N/A,
206.2229,cer,SliderControl,Slider Control,219,191,0.00,0.00,Left,N/A,
206.2325,cer,SliderControl,Slider Control,219,191,0.00,0.00,Left,N/A,
206.2426,cer,SliderControl,Slider Control,219,191,0.00,0.00,Left,N/A,
206.2521,cer,SliderControl,Slider Control,219,191,0.00,0.00,Left,N/A,
206.2557,cer,SliderControl,Slider Control,219,191,0.00,0.00,None,N/A,slider_released_missed
206.2624,cer,SliderControl,Slider Control,219,191,0.00,0.00,None,N/A,
206.2729,cer,SliderControl,Slider Control,219,191,0.00,0.00,None,N/A,
206.2823,cer,SliderControl,Slider Control,219,191,0.00,0.00,None,N/A,
206.2929,cer,SliderControl,Slider Control,219,191,0.00,0.00,None,N/A,
206.3024,cer,SliderControl,Slider Control,219,191,0.00,0.00,None,N/A,
206.3129,cer,SliderControl,Slider Control,219,191,0.00,0.00,None,N/A,
206.3223,cer,SliderControl,Slider Control,219,191,0.00,0.00,None,N/A,
206.3328,cer,SliderControl,Slider Control,219,191,0.00,0.00,None,N/A,
206.3424,cer,SliderControl,Slider Control,219,191,0.00,0.00,None,N/A,
206.3529,cer,SliderControl,Slider Control,219,191,0.00,0.00,None,N/A,
206.3625,cer,SliderControl,Slider Control,219,191,0.00,0.00,None,N/A,
206.3730,cer,SliderControl,Slider Control,219,191,0.00,0.00,None,N/A,
206.3824,cer,SliderControl,Slider Control,219,191,0.00,0.00,None,N/A,
206.3930,cer,SliderControl,Slider Control,219,191,0.00,0.00,None,N/A,
206.4025,cer,SliderControl,Slider Control,219,191,0.00,0.00,None,N/A,
206.4132,cer,SliderControl,Slider Control,219,191,0.00,0.00,None,N/A,
206.4228,cer,SliderControl,Slider Control,219,191,0.00,0.00,None,N/A,
206.4323,cer,SliderControl,Slider Control,219,191,0.00,0.00,None,N/A,
206.4428,cer,SliderControl,Slider Control,219,191,0.00,0.00,None,N/A,
206.4523,cer,SliderControl,Slider Control,219,191,0.00,0.00,None,N/A,
206.4628,cer,SliderControl,Slider Control,219,191,0.00,0.00,None,N/A,
206.4722,cer,SliderControl,Slider Control,219,191,0.00,0.00,None,N/A,
206.4827,cer,SliderControl,Slider Control,219,191,0.00,0.00,None,N/A,
206.4922,cer,SliderControl,Slider Control,219,191,0.00,0.00,None,N/A,
206.5027,cer,SliderControl,Slider Control,219,191,0.00,0.00,None,N/A,
206.5121,cer,SliderControl,Slider Control,219,191,0.00,0.00,None,N/A,
206.5224,cer,SliderControl,Slider Control,219,191,0.00,0.00,None,N/A,
206.5336,cer,SliderControl,Slider Control,219,191,0.00,0.00,None,N/A,
206.5426,cer,SliderControl,Slider Control,219,191,0.00,0.00,None,N/A,
206.5520,cer,SliderControl,Slider Control,219,191,0.00,0.00,None,N/A,
206.5626,cer,SliderControl,Slider Control,219,191,0.00,0.00,None,N/A,
206.5721,cer,SliderControl,Slider Control,219,191,0.00,0.00,None,N/A,
206.5825,cer,SliderControl,Slider Control,219,191,0.00,0.00,None,N/A,
206.5929,cer,SliderControl,Slider Control,219,191,0.00,0.00,None,N/A,
206.6024,cer,SliderControl,Slider Control,219,191,0.00,0.00,None,N/A,
206.6129,cer,SliderControl,Slider Control,219,191,0.00,0.00,None,N/A,
206.6224,cer,SliderControl,Slider Control,219,191,0.00,0.00,None,N/A,
206.6329,cer,SliderControl,Slider Control,219,191,0.00,0.00,None,N/A,
206.6428,cer,SliderControl,Slider Control,219,191,0.00,0.00,Left,N/A,
206.6522,cer,SliderControl,Slider Control,219,191,0.00,0.00,Left,N/A,
206.6627,cer,SliderControl,Slider Control,219,191,0.00,0.00,Left,N/A,
206.6727,cer,SliderControl,Slider Control,219,191,0.00,0.00,Left,N/A,
206.6823,cer,SliderControl,Slider Control,219,191,0.00,0.00,Left,N/A,
206.6931,cer,SliderControl,Slider Control,219,191,0.00,0.00,Left,N/A,
206.7028,cer,SliderControl,Slider Control,219,191,0.00,0.00,Left,N/A,
206.7122,cer,SliderControl,Slider Control,219,191,0.00,0.00,Left,N/A,
206.7231,cer,SliderControl,Slider Control,219,191,0.00,0.00,Left,N/A,
206.7327,cer,SliderControl,Slider Control,219,191,0.00,0.00,Left,N/A,
206.7423,cer,SliderControl,Slider Control,219,191,0.00,0.00,Left,N/A,
206.7529,cer,SliderControl,Slider Control,219,191,0.00,0.00,Left,N/A,
206.7624,cer,SliderControl,Slider Control,219,191,0.00,0.00,Left,N/A,
206.7735,cer,SliderControl,Slider Control,219,191,0.00,0.00,Left,N/A,
206.7820,cer,SliderControl,Slider Control,219,191,0.00,0.00,Left,N/A,
206.7924,cer,SliderControl,Slider Control,219,191,0.00,0.00,Left,N/A,
206.8028,cer,SliderControl,Slider Control,219,191,0.00,0.00,Left,N/A,
206.8123,cer,SliderControl,Slider Control,219,191,0.00,0.00,Left,N/A,
206.8228,cer,SliderControl,Slider Control,219,191,0.00,0.00,Left,N/A,
206.8323,cer,SliderControl,Slider Control,221,191,210.80,22217.38,Left,N/A,
206.8429,cer,SliderControl,Slider Control,223,191,187.29,-2201.38,Left,N/A,
206.8522,cer,SliderControl,Slider Control,225,192,241.22,5818.46,Left,N/A,
206.8619,cer,SliderControl,Slider Control,229,192,411.94,17581.78,Left,N/A,
206.8730,cer,SliderControl,Slider Control,231,193,202.00,-18965.69,Left,N/A,
206.8828,cer,SliderControl,Slider Control,232,193,101.83,-10200.51,Left,N/A,
206.8921,cer,SliderControl,Slider Control,235,193,321.37,23517.48,Left,N/A,
206.9028,cer,SliderControl,Slider Control,236,193,93.62,-21322.32,Left,N/A,
206.9122,cer,SliderControl,Slider Control,237,193,106.81,1408.79,Left,N/A,
206.9223,cer,SliderControl,Slider Control,237,193,0.00,-10607.64,Left,N/A,
206.9325,cer,SliderControl,Slider Control,239,193,194.36,18888.04,Left,N/A,
206.9421,cer,SliderControl,Slider Control,239,193,0.00,-20331.91,Left,N/A,
206.9528,cer,SliderControl,Slider Control,239,193,0.00,0.00,Left,N/A,
206.9622,cer,SliderControl,Slider Control,240,193,106.80,11406.54,Left,N/A,
206.9726,cer,SliderControl,Slider Control,240,193,0.00,-10257.55,Left,N/A,
206.9822,cer,SliderControl,Slider Control,240,193,0.00,0.00,Left,N/A,
206.9927,cer,SliderControl,Slider Control,240,193,0.00,0.00,Left,N/A,
207.0023,cer,SliderControl,Slider Control,240,193,0.00,0.00,Left,N/A,
207.0128,cer,SliderControl,Slider Control,240,193,0.00,0.00,Left,N/A,
207.0222,cer,SliderControl,Slider Control,240,193,0.00,0.00,Left,N/A,
207.0328,cer,SliderControl,Slider Control,240,193,0.00,0.00,Left,N/A,
207.0424,cer,SliderControl,Slider Control,240,193,0.00,0.00,Left,N/A,
207.0529,cer,SliderControl,Slider Control,240,193,0.00,0.00,Left,N/A,
207.0624,cer,SliderControl,Slider Control,240,193,0.00,0.00,Left,N/A,
207.0729,cer,SliderControl,Slider Control,240,193,0.00,0.00,Left,N/A,
207.0824,cer,SliderControl,Slider Control,240,193,0.00,0.00,Left,N/A,
207.0930,cer,SliderControl,Slider Control,240,193,0.00,0.00,Left,N/A,
207.1025,cer,SliderControl,Slider Control,240,193,0.00,0.00,Left,N/A,
207.1129,cer,SliderControl,Slider Control,240,193,0.00,0.00,Left,N/A,
207.1223,cer,SliderControl,Slider Control,240,193,0.00,0.00,Left,N/A,
207.1328,cer,SliderControl,Slider Control,240,193,0.00,0.00,Left,N/A,
207.1430,cer,SliderControl,Slider Control,240,193,0.00,0.00,Left,N/A,
207.1525,cer,SliderControl,Slider Control,240,193,0.00,0.00,Left,N/A,
207.1629,cer,SliderControl,Slider Control,240,193,0.00,0.00,Left,N/A,
207.1723,cer,SliderControl,Slider Control,240,193,0.00,0.00,Left,N/A,
207.1828,cer,SliderControl,Slider Control,240,193,0.00,0.00,Left,N/A,
207.1924,cer,SliderControl,Slider Control,240,193,0.00,0.00,Left,N/A,
207.2029,cer,SliderControl,Slider Control,240,193,0.00,0.00,Left,N/A,
207.2124,cer,SliderControl,Slider Control,240,193,0.00,0.00,Left,N/A,
207.2229,cer,SliderControl,Slider Control,240,193,0.00,0.00,Left,N/A,
207.2325,cer,SliderControl,Slider Control,240,194,103.84,10783.27,Left,N/A,
207.2353,cer,SliderControl,Slider Control,240,194,103.84,0.00,None,N/A,slider_released_missed
207.2424,cer,SliderControl,Slider Control,240,194,0.00,-10480.97,None,N/A,
207.2529,cer,SliderControl,Slider Control,240,194,0.00,0.00,None,N/A,
207.2623,cer,SliderControl,Slider Control,240,194,0.00,0.00,None,N/A,
207.2727,cer,SliderControl,Slider Control,240,194,0.00,0.00,None,N/A,
207.2822,cer,SliderControl,Slider Control,240,194,0.00,0.00,None,N/A,
207.2927,cer,SliderControl,Slider Control,240,194,0.00,0.00,None,N/A,
207.3022,cer,SliderControl,Slider Control,240,194,0.00,0.00,None,N/A,
207.3127,cer,SliderControl,Slider Control,240,194,0.00,0.00,None,N/A,
207.3221,cer,SliderControl,Slider Control,240,194,0.00,0.00,None,N/A,
207.3327,cer,SliderControl,Slider Control,240,194,0.00,0.00,None,N/A,
207.3422,cer,SliderControl,Slider Control,240,194,0.00,0.00,None,N/A,
207.3527,cer,SliderControl,Slider Control,240,194,0.00,0.00,None,N/A,
207.3622,cer,SliderControl,Slider Control,240,194,0.00,0.00,None,N/A,
207.3727,cer,SliderControl,Slider Control,240,194,0.00,0.00,None,N/A,
207.3822,cer,SliderControl,Slider Control,240,194,0.00,0.00,None,N/A,
207.3928,cer,SliderControl,Slider Control,240,194,0.00,0.00,None,N/A,
207.4023,cer,SliderControl,Slider Control,240,194,0.00,0.00,None,N/A,
207.4128,cer,SliderControl,Slider Control,240,194,0.00,0.00,None,N/A,
207.4222,cer,SliderControl,Slider Control,240,194,0.00,0.00,None,N/A,
207.4328,cer,SliderControl,Slider Control,240,194,0.00,0.00,None,N/A,
207.4424,cer,SliderControl,Slider Control,240,194,0.00,0.00,None,N/A,
207.4529,cer,SliderControl,Slider Control,240,194,0.00,0.00,None,N/A,
207.4622,cer,SliderControl,Slider Control,240,194,0.00,0.00,None,N/A,
207.4726,cer,SliderControl,Slider Control,240,194,0.00,0.00,None,N/A,
207.4821,cer,SliderControl,Slider Control,240,194,0.00,0.00,None,N/A,
207.4927,cer,SliderControl,Slider Control,240,194,0.00,0.00,None,N/A,
207.5022,cer,SliderControl,Slider Control,240,194,0.00,0.00,None,N/A,
207.5127,cer,SliderControl,Slider Control,240,194,0.00,0.00,None,N/A,
207.5222,cer,SliderControl,Slider Control,240,194,0.00,0.00,None,N/A,
207.5328,cer,SliderControl,Slider Control,240,194,0.00,0.00,None,N/A,
207.5424,cer,SliderControl,Slider Control,240,194,0.00,0.00,None,N/A,
207.5528,cer,SliderControl,Slider Control,240,194,0.00,0.00,None,N/A,
207.5623,cer,SliderControl,Slider Control,240,194,0.00,0.00,None,N/A,
207.5728,cer,SliderControl,Slider Control,240,194,0.00,0.00,None,N/A,
207.5822,cer,SliderControl,Slider Control,240,194,0.00,0.00,None,N/A,
207.5927,cer,SliderControl,Slider Control,240,194,0.00,0.00,None,N/A,
207.6022,cer,SliderControl,Slider Control,240,194,0.00,0.00,None,N/A,
207.6126,cer,SliderControl,Slider Control,240,194,0.00,0.00,None,N/A,
207.6221,cer,SliderControl,Slider Control,240,194,0.00,0.00,None,N/A,
207.6328,cer,SliderControl,Slider Control,240,194,0.00,0.00,None,N/A,
207.6427,cer,SliderControl,Slider Control,240,194,0.00,0.00,None,N/A,
207.6523,cer,SliderControl,Slider Control,240,194,0.00,0.00,None,N/A,
207.6629,cer,SliderControl,Slider Control,240,194,0.00,0.00,None,N/A,
207.6725,cer,SliderControl,Slider Control,240,194,0.00,0.00,None,N/A,
207.6823,cer,SliderControl,Slider Control,240,194,0.00,0.00,None,N/A,
207.6933,cer,SliderControl,Slider Control,240,194,0.00,0.00,None,N/A,
207.7028,cer,SliderControl,Slider Control,240,194,0.00,0.00,None,N/A,
207.7125,cer,SliderControl,Slider Control,240,194,0.00,0.00,None,N/A,
207.7229,cer,SliderControl,Slider Control,240,194,0.00,0.00,None,N/A,
207.7324,cer,SliderControl,Slider Control,240,194,0.00,0.00,None,N/A,
207.7430,cer,SliderControl,Slider Control,240,194,0.00,0.00,None,N/A,
207.7524,cer,SliderControl,Slider Control,240,194,0.00,0.00,None,N/A,
207.7627,cer,SliderControl,Slider Control,240,194,0.00,0.00,Left,N/A,
207.7722,cer,SliderControl,Slider Control,240,194,0.00,0.00,Left,N/A,
207.7827,cer,SliderControl,Slider Control,240,194,0.00,0.00,Left,N/A,
207.7923,cer,SliderControl,Slider Control,240,194,0.00,0.00,Left,N/A,
207.8034,cer,SliderControl,Slider Control,240,194,0.00,0.00,Left,N/A,
207.8122,cer,SliderControl,Slider Control,240,194,0.00,0.00,Left,N/A,
207.8232,cer,SliderControl,Slider Control,240,194,0.00,0.00,Left,N/A,
207.8330,cer,SliderControl,Slider Control,240,194,0.00,0.00,Left,N/A,
207.8425,cer,SliderControl,Slider Control,240,194,0.00,0.00,Left,N/A,
207.8521,cer,SliderControl,Slider Control,240,194,0.00,0.00,Left,N/A,
207.8625,cer,SliderControl,Slider Control,240,194,0.00,0.00,Left,N/A,
207.8721,cer,SliderControl,Slider Control,240,194,0.00,0.00,Left,N/A,
207.8846,cer,SliderControl,Slider Control,240,194,0.00,0.00,Left,N/A,
207.8929,cer,SliderControl,Slider Control,240,194,0.00,0.00,Left,N/A,
207.9026,cer,SliderControl,Slider Control,240,194,0.00,0.00,Left,N/A,
207.9124,cer,SliderControl,Slider Control,240,194,0.00,0.00,Left,N/A,
207.9223,cer,SliderControl,Slider Control,240,194,0.00,0.00,Left,N/A,
207.9328,cer,SliderControl,Slider Control,240,194,0.00,0.00,Left,N/A,
207.9370,cer,SliderControl,Slider Control,240,194,0.00,0.00,None,N/A,slider_released_missed
207.9430,cer,SliderControl,Slider Control,240,194,0.00,0.00,None,N/A,
207.9525,cer,SliderControl,Slider Control,240,194,0.00,0.00,None,N/A,
207.9630,cer,SliderControl,Slider Control,240,194,0.00,0.00,None,N/A,
207.9726,cer,SliderControl,Slider Control,240,194,0.00,0.00,None,N/A,
207.9821,cer,SliderControl,Slider Control,240,194,0.00,0.00,None,N/A,
207.9927,cer,SliderControl,Slider Control,240,194,0.00,0.00,None,N/A,
208.0022,cer,SliderControl,Slider Control,240,194,0.00,0.00,None,N/A,
208.0130,cer,SliderControl,Slider Control,240,194,0.00,0.00,None,N/A,
208.0229,cer,SliderControl,Slider Control,240,194,0.00,0.00,None,N/A,
208.0325,cer,SliderControl,Slider Control,240,194,0.00,0.00,Left,N/A,
208.0430,cer,SliderControl,Slider Control,240,194,0.00,0.00,Left,N/A,
208.0524,cer,SliderControl,Slider Control,240,194,0.00,0.00,Left,N/A,
208.0628,cer,SliderControl,Slider Control,240,194,0.00,0.00,Left,N/A,
208.0722,cer,SliderControl,Slider Control,240,194,0.00,0.00,Left,N/A,
208.0827,cer,SliderControl,Slider Control,240,194,0.00,0.00,Left,N/A,
208.0923,cer,SliderControl,Slider Control,240,194,0.00,0.00,Left,N/A,
208.1028,cer,SliderControl,Slider Control,240,194,0.00,0.00,Left,N/A,
208.1122,cer,SliderControl,Slider Control,240,194,0.00,0.00,Left,N/A,
208.1225,cer,SliderControl,Slider Control,240,194,0.00,0.00,Left,N/A,
208.1321,cer,SliderControl,Slider Control,240,194,0.00,0.00,Left,N/A,
208.1427,cer,SliderControl,Slider Control,240,194,0.00,0.00,Left,N/A,
208.1522,cer,SliderControl,Slider Control,240,194,0.00,0.00,Left,N/A,
208.1630,cer,SliderControl,Slider Control,240,194,0.00,0.00,Left,N/A,
208.1727,cer,SliderControl,Slider Control,240,194,0.00,0.00,Left,N/A,
208.1824,cer,SliderControl,Slider Control,240,194,0.00,0.00,Left,N/A,
208.1929,cer,SliderControl,Slider Control,240,194,0.00,0.00,Left,N/A,
208.2025,cer,SliderControl,Slider Control,240,194,0.00,0.00,Left,N/A,
208.2130,cer,SliderControl,Slider Control,240,194,0.00,0.00,Left,N/A,
208.2223,cer,SliderControl,Slider Control,240,194,0.00,0.00,Left,N/A,
208.2328,cer,SliderControl,Slider Control,240,194,0.00,0.00,Left,N/A,
208.2424,cer,SliderControl,Slider Control,240,194,0.00,0.00,Left,N/A,
208.2528,cer,SliderControl,Slider Control,240,194,0.00,0.00,Left,N/A,
208.2622,cer,SliderControl,Slider Control,240,194,0.00,0.00,Left,N/A,
208.2722,cer,SliderControl,Slider Control,241,194,100.35,10069.52,Left,N/A,
208.2824,cer,SliderControl,Slider Control,242,194,97.58,-269.74,Left,N/A,
208.2921,cer,SliderControl,Slider Control,242,195,103.46,608.43,Left,N/A,
208.3026,cer,SliderControl,Slider Control,243,195,95.24,-782.76,Left,N/A,
208.3128,cer,SliderControl,Slider Control,244,196,138.28,4207.44,Left,N/A,
208.3225,cer,SliderControl,Slider Control,245,196,103.98,-3566.39,Left,N/A,
208.3330,cer,SliderControl,Slider Control,246,196,94.94,-858.01,Left,N/A,
208.3423,cer,SliderControl,Slider Control,247,196,107.57,1359.19,Left,N/A,
208.3520,cer,SliderControl,Slider Control,248,196,102.62,-508.56,Left,N/A,
208.3625,cer,SliderControl,Slider Control,249,196,95.16,-709.83,Left,N/A,
208.3727,cer,SliderControl,Slider Control,251,196,196.17,9907.66,Left,N/A,
208.3826,cer,SliderControl,Slider Control,252,196,101.31,-9610.22,Left,N/A,
208.3928,cer,SliderControl,Slider Control,252,196,0.00,-9913.73,Left,N/A,
208.4022,cer,SliderControl,Slider Control,254,196,212.69,22617.99,Left,N/A,
208.4127,cer,SliderControl,Slider Control,254,196,0.00,-20311.39,Left,N/A,
208.4226,cer,SliderControl,Slider Control,255,196,100.64,10129.05,Left,N/A,
208.4326,cer,SliderControl,Slider Control,255,196,0.00,-10046.60,Left,N/A,
208.4420,cer,SliderControl,Slider Control,255,196,0.00,0.00,Left,N/A,
208.4529,cer,SliderControl,Slider Control,256,196,92.19,8499.48,Left,N/A,
208.4622,cer,SliderControl,Slider Control,256,196,0.00,-9865.14,Left,N/A,
208.4729,cer,SliderControl,Slider Control,256,196,0.00,0.00,Left,N/A,
208.4824,cer,SliderControl,Slider Control,256,196,0.00,0.00,Left,N/A,
208.4930,cer,SliderControl,Slider Control,256,196,0.00,0.00,Left,N/A,
208.5025,cer,SliderControl,Slider Control,256,196,0.00,0.00,Left,N/A,
208.5130,cer,SliderControl,Slider Control,256,196,0.00,0.00,Left,N/A,
208.5224,cer,SliderControl,Slider Control,256,196,0.00,0.00,Left,N/A,
208.5330,cer,SliderControl,Slider Control,256,196,0.00,0.00,Left,N/A,
208.5425,cer,SliderControl,Slider Control,256,196,0.00,0.00,Left,N/A,
208.5530,cer,SliderControl,Slider Control,256,196,0.00,0.00,Left,N/A,
208.5624,cer,SliderControl,Slider Control,256,196,0.00,0.00,Left,N/A,
208.5726,cer,SliderControl,Slider Control,256,196,0.00,0.00,Left,N/A,
208.5826,cer,SliderControl,Slider Control,256,196,0.00,0.00,Left,N/A,
208.5930,cer,SliderControl,Slider Control,256,196,0.00,0.00,Left,N/A,
208.6024,cer,SliderControl,Slider Control,256,196,0.00,0.00,Left,N/A,
208.6129,cer,SliderControl,Slider Control,256,196,0.00,0.00,Left,N/A,
208.6225,cer,SliderControl,Slider Control,256,196,0.00,0.00,Left,N/A,
208.6321,cer,SliderControl,Slider Control,256,196,0.00,0.00,Left,N/A,
208.6426,cer,SliderControl,Slider Control,256,196,0.00,0.00,Left,N/A,
208.6521,cer,SliderControl,Slider Control,256,196,0.00,0.00,Left,N/A,
208.6630,cer,SliderControl,Slider Control,256,196,0.00,0.00,Left,N/A,
208.6725,cer,SliderControl,Slider Control,256,196,0.00,0.00,Left,N/A,
208.6830,cer,SliderControl,Slider Control,256,196,0.00,0.00,Left,N/A,
208.6925,cer,SliderControl,Slider Control,256,196,0.00,0.00,Left,N/A,
208.7030,cer,SliderControl,Slider Control,256,196,0.00,0.00,Left,N/A,
208.7127,cer,SliderControl,Slider Control,256,196,0.00,0.00,Left,N/A,
208.7222,cer,SliderControl,Slider Control,255,196,104.22,10861.65,Left,N/A,
208.7328,cer,SliderControl,Slider Control,255,196,0.00,-9853.86,Left,N/A,
208.7371,cer,SliderControl,Slider Control,255,196,0.00,0.00,None,N/A,slider_released_correct
208.7429,cer,SliderControl,Slider Control,255,196,0.00,0.00,None,N/A,
208.7523,cer,SliderControl,Slider Control,255,196,0.00,0.00,None,N/A,
208.7631,cer,SliderControl,Slider Control,255,196,0.00,0.00,None,N/A,
208.7731,cer,SliderControl,Slider Control,255,196,0.00,0.00,None,N/A,
208.7827,cer,SliderControl,Slider Control,255,196,0.00,0.00,None,N/A,
208.7927,cer,SliderControl,Slider Control,255,196,0.00,0.00,None,N/A,
208.8023,cer,SliderControl,Slider Control,255,196,0.00,0.00,None,N/A,
208.8129,cer,SliderControl,Slider Control,255,196,0.00,0.00,None,N/A,
208.8225,cer,SliderControl,Slider Control,255,196,0.00,0.00,None,N/A,
208.8321,cer,SliderControl,Slider Control,255,196,0.00,0.00,None,N/A,
208.8427,cer,SliderControl,Slider Control,255,196,0.00,0.00,None,N/A,
208.8523,cer,SliderControl,Slider Control,255,196,0.00,0.00,None,N/A,
208.8628,cer,SliderControl,Slider Control,255,196,0.00,0.00,None,N/A,
208.8723,cer,SliderControl,Slider Control,255,196,0.00,0.00,None,N/A,
208.8828,cer,SliderControl,Slider Control,255,196,0.00,0.00,None,N/A,
208.8925,cer,SliderControl,Slider Control,255,196,0.00,0.00,None,N/A,
208.9030,cer,SliderControl,Slider Control,255,196,0.00,0.00,None,N/A,
208.9125,cer,SliderControl,Slider Control,255,196,0.00,0.00,None,N/A,
208.9230,cer,SliderControl,Slider Control,255,196,0.00,0.00,None,N/A,
208.9325,cer,SliderControl,Slider Control,255,196,0.00,0.00,None,N/A,
208.9421,cer,SliderControl,Slider Control,255,196,0.00,0.00,None,N/A,
208.9526,cer,SliderControl,Slider Control,255,196,0.00,0.00,None,N/A,
208.9621,cer,SliderControl,Slider Control,255,196,0.00,0.00,None,N/A,
208.9726,cer,SliderControl,Slider Control,255,196,0.00,0.00,None,N/A,
208.9821,cer,SliderControl,Slider Control,255,196,0.00,0.00,None,N/A,
208.9927,cer,SliderControl,Slider Control,255,196,0.00,0.00,None,N/A,
209.0022,cer,SliderControl,Slider Control,255,196,0.00,0.00,None,N/A,
209.0127,cer,SliderControl,Slider Control,255,196,0.00,0.00,None,N/A,
209.0222,cer,SliderControl,Slider Control,255,196,0.00,0.00,None,N/A,
209.0327,cer,SliderControl,Slider Control,255,196,0.00,0.00,None,N/A,
209.0422,cer,SliderControl,Slider Control,255,196,0.00,0.00,None,N/A,
209.0527,cer,SliderControl,Slider Control,255,196,0.00,0.00,None,N/A,
209.0627,cer,SliderControl,Slider Control,255,196,0.00,0.00,None,N/A,
209.0724,cer,SliderControl,Slider Control,255,196,0.00,0.00,None,N/A,
209.0829,cer,SliderControl,Slider Control,255,196,0.00,0.00,None,N/A,
209.0926,cer,SliderControl,Slider Control,255,196,0.00,0.00,None,N/A,
209.1021,cer,SliderControl,Slider Control,255,196,0.00,0.00,None,N/A,
209.1129,cer,SliderControl,Slider Control,255,196,0.00,0.00,None,N/A,
209.1225,cer,SliderControl,Slider Control,255,196,0.00,0.00,None,N/A,
209.1330,cer,SliderControl,Slider Control,255,196,0.00,0.00,None,N/A,
209.1425,cer,SliderControl,Slider Control,255,196,0.00,0.00,None,N/A,
209.1520,cer,SliderControl,Slider Control,255,196,0.00,0.00,None,N/A,
209.1625,cer,SliderControl,Slider Control,255,196,0.00,0.00,None,N/A,
209.1722,cer,SliderControl,Slider Control,255,196,0.00,0.00,None,N/A,
209.1827,cer,SliderControl,Slider Control,255,196,0.00,0.00,None,N/A,
209.1920,cer,SliderControl,Slider Control,255,196,0.00,0.00,None,N/A,
209.2023,cer,SliderControl,Slider Control,255,196,0.00,0.00,None,N/A,
209.2128,cer,SliderControl,Slider Control,255,196,0.00,0.00,None,N/A,
209.2224,cer,SliderControl,Slider Control,255,196,0.00,0.00,None,N/A,
209.2329,cer,SliderControl,Slider Control,255,196,0.00,0.00,None,N/A,
209.2426,cer,SliderControl,Slider Control,255,196,0.00,0.00,None,N/A,
209.2520,cer,SliderControl,Slider Control,255,196,0.00,0.00,None,N/A,
209.2624,cer,SliderControl,Slider Control,255,196,0.00,0.00,None,N/A,
209.2729,cer,SliderControl,Slider Control,255,196,0.00,0.00,None,N/A,
209.2824,cer,SliderControl,Slider Control,255,196,0.00,0.00,None,N/A,
209.2929,cer,SliderControl,Slider Control,255,196,0.00,0.00,None,N/A,
209.3027,cer,SliderControl,Slider Control,266,196,1131.15,116318.20,None,N/A,
209.3127,cer,SliderControl,Slider Control,327,193,6103.74,496963.30,None,N/A,
209.3224,cer,SliderControl,Slider Control,353,191,2675.88,-351751.06,None,N/A,
209.3330,cer,SliderControl,Slider Control,375,191,2079.52,-56370.23,None,N/A,
209.3429,cer,SliderControl,Slider Control,422,192,4734.48,267382.93,None,N/A,
209.3522,cer,SliderControl,Slider Control,448,195,2806.69,-206732.44,None,N/A,
209.3627,cer,SliderControl,Slider Control,474,199,2505.56,-28682.07,None,N/A,
209.3721,cer,SliderControl,Slider Control,521,209,5120.94,278723.02,None,N/A,
209.3821,cer,SliderControl,Slider Control,540,213,1944.25,-318094.59,None,N/A,
209.3921,cer,SliderControl,Slider Control,556,217,1657.38,-28827.87,None,N/A,
209.4026,cer,SliderControl,Slider Control,568,221,1201.60,-43297.15,None,N/A,
209.4127,cer,SliderControl,Slider Control,585,226,1751.54,54359.44,None,N/A,
209.4220,cer,SliderControl,Slider Control,591,227,654.98,-118076.17,None,N/A,
209.4322,cer,SliderControl,Slider Control,592,227,98.31,-54726.73,None,N/A,
209.4420,cer,SliderControl,Slider Control,593,228,143.70,4612.56,None,N/A,
209.4524,cer,SliderControl,Slider Control,593,228,0.00,-13781.22,None,N/A,
209.4630,cer,SliderControl,Slider Control,593,228,0.00,0.00,None,N/A,
209.4725,cer,SliderControl,Slider Control,593,228,0.00,0.00,None,N/A,
209.4830,cer,SliderControl,Slider Control,593,228,0.00,0.00,None,N/A,
209.4927,cer,SliderControl,Slider Control,593,228,0.00,0.00,None,N/A,
209.5021,cer,SliderControl,Slider Control,593,228,0.00,0.00,None,N/A,
209.5125,cer,SliderControl,Slider Control,593,228,0.00,0.00,None,N/A,
209.5230,cer,SliderControl,Slider Control,593,228,0.00,0.00,None,N/A,
209.5325,cer,SliderControl,Slider Control,593,228,0.00,0.00,None,N/A,
209.5421,cer,SliderControl,Slider Control,593,228,0.00,0.00,None,N/A,
209.5526,cer,SliderControl,Slider Control,593,228,0.00,0.00,None,N/A,
209.5620,cer,SliderControl,Slider Control,593,228,0.00,0.00,None,N/A,
209.5724,cer,SliderControl,Slider Control,593,228,0.00,0.00,None,N/A,
209.5829,cer,SliderControl,Slider Control,593,228,0.00,0.00,None,N/A,
209.5928,cer,SliderControl,Slider Control,593,228,0.00,0.00,None,N/A,
209.6024,cer,SliderControl,Slider Control,593,228,0.00,0.00,None,N/A,
209.6128,cer,SliderControl,Slider Control,593,228,0.00,0.00,None,N/A,
209.6225,cer,SliderControl,Slider Control,593,228,0.00,0.00,None,N/A,
209.6321,cer,SliderControl,Slider Control,593,228,0.00,0.00,None,N/A,
209.6425,cer,SliderControl,Slider Control,593,228,0.00,0.00,None,N/A,
209.6529,cer,SliderControl,Slider Control,593,228,0.00,0.00,None,N/A,
209.6624,cer,SliderControl,Slider Control,593,228,0.00,0.00,None,N/A,
209.6720,cer,SliderControl,Slider Control,593,228,0.00,0.00,None,N/A,
209.6825,cer,SliderControl,Slider Control,593,228,0.00,0.00,None,N/A,
209.6922,cer,SliderControl,Slider Control,604,226,1162.84,120943.63,None,N/A,
209.7024,cer,SliderControl,Slider Control,618,224,1385.19,21778.43,None,N/A,
209.7129,cer,SliderControl,Slider Control,632,222,1344.13,-3902.18,None,N/A,
209.7227,cer,SliderControl,Slider Control,651,216,2039.31,71151.76,None,N/A,
209.7328,cer,SliderControl,Slider Control,658,214,715.24,-130084.19,None,N/A,
209.7429,cer,SliderControl,Slider Control,664,212,629.41,-8541.61,None,N/A,
209.7523,cer,SliderControl,Slider Control,669,210,571.55,-6141.07,None,N/A,
209.7621,cer,SliderControl,Slider Control,676,208,742.02,17375.60,None,N/A,
209.7729,cer,SliderControl,Slider Control,679,207,291.99,-41553.86,None,N/A,
209.7824,cer,SliderControl,Slider Control,682,206,335.30,4592.70,None,N/A,
209.7928,cer,SliderControl,Slider Control,688,204,605.03,25803.68,None,N/A,
209.8025,cer,SliderControl,Slider Control,691,203,327.56,-28741.74,None,N/A,
209.8121,cer,SliderControl,Slider Control,693,203,208.79,-12398.92,None,N/A,
209.8224,cer,SliderControl,Slider Control,698,201,519.39,29955.96,None,N/A,
209.8330,cer,SliderControl,Slider Control,700,201,189.67,-31268.34,None,N/A,
209.8425,cer,SliderControl,Slider Control,702,200,235.43,4818.74,None,N/A,
209.8527,cer,SliderControl,Slider Control,705,199,308.34,7108.75,None,N/A,
209.8626,cer,SliderControl,Slider Control,707,198,225.40,-8360.39,None,N/A,
209.8723,cer,SliderControl,Slider Control,708,198,103.55,-12617.73,None,N/A,
209.8820,cer,SliderControl,Slider Control,711,197,326.56,23029.85,None,N/A,
209.8928,cer,SliderControl,Slider Control,712,197,92.77,-21688.35,None,N/A,
209.9023,cer,SliderControl,Slider Control,713,197,105.45,1337.13,None,N/A,
209.9121,cer,SliderControl,Slider Control,715,196,227.47,12412.75,None,N/A,
209.9222,cer,SliderControl,Slider Control,716,196,98.56,-12705.27,None,N/A,
209.9330,cer,SliderControl,Slider Control,716,195,92.99,-517.79,None,N/A,
209.9425,cer,SliderControl,Slider Control,717,195,105.34,1301.11,None,N/A,
209.9529,cer,SliderControl,Slider Control,718,194,135.02,2833.04,None,N/A,
209.9625,cer,SliderControl,Slider Control,719,194,104.65,-3177.82,None,N/A,
209.9729,cer,SliderControl,Slider Control,720,194,96.13,-819.45,None,N/A,
209.9825,cer,SliderControl,Slider Control,721,193,147.27,5325.76,None,N/A,
209.9928,cer,SliderControl,Slider Control,722,193,97.18,-4868.06,None,N/A,
210.0023,cer,SliderControl,Slider Control,723,193,105.41,867.47,None,N/A,
210.0130,cer,SliderControl,Slider Control,725,193,187.40,7683.49,None,N/A,
210.0221,cer,SliderControl,Slider Control,726,193,109.22,-8539.48,None,N/A,
210.0328,cer,SliderControl,Slider Control,727,193,93.58,-1462.90,None,N/A,
210.0427,cer,SliderControl,Slider Control,730,193,302.47,21060.08,None,N/A,
210.0528,cer,SliderControl,Slider Control,732,193,197.98,-10342.91,None,N/A,
210.0627,cer,SliderControl,Slider Control,734,193,202.31,437.10,None,N/A,
210.0722,cer,SliderControl,Slider Control,738,193,419.12,22717.17,None,N/A,
210.0821,cer,SliderControl,Slider Control,739,193,101.64,-32268.94,None,N/A,
210.0928,cer,SliderControl,Slider Control,741,193,185.86,7825.73,None,N/A,
210.1023,cer,SliderControl,Slider Control,743,193,211.38,2697.62,None,N/A,
210.1125,cer,SliderControl,Slider Control,745,193,197.11,-1406.78,None,N/A,
210.1224,cer,SliderControl,Slider Control,747,193,200.92,382.72,None,N/A,
210.1328,cer,SliderControl,Slider Control,748,192,135.98,-6243.91,None,N/A,
210.1421,cer,SliderControl,Slider Control,751,192,323.68,20252.88,None,N/A,
210.1527,cer,SliderControl,Slider Control,752,191,133.56,-17955.68,None,N/A,
210.1622,cer,SliderControl,Slider Control,753,191,105.34,-2972.99,None,N/A,
210.1726,cer,SliderControl,Slider Control,755,190,213.96,10393.53,None,N/A,
210.1823,cer,SliderControl,Slider Control,756,190,103.66,-11433.73,None,N/A,
210.1925,cer,SliderControl,Slider Control,756,190,0.00,-10098.99,None,N/A,
210.2027,cer,SliderControl,Slider Control,757,190,97.92,9587.43,None,N/A,
210.2125,cer,SliderControl,Slider Control,758,190,102.22,439.78,None,N/A,
210.2222,cer,SliderControl,Slider Control,758,190,0.00,-10610.62,None,N/A,
210.2323,cer,SliderControl,Slider Control,759,189,139.32,13725.42,None,N/A,
210.2428,cer,SliderControl,Slider Control,759,189,0.00,-13267.03,None,N/A,
210.2522,cer,SliderControl,Slider Control,760,189,106.66,11376.97,None,N/A,
210.2624,cer,SliderControl,Slider Control,760,188,98.07,-842.40,None,N/A,
210.2725,cer,SliderControl,Slider Control,761,188,99.18,109.95,None,N/A,
210.2821,cer,SliderControl,Slider Control,761,188,0.00,-10318.21,None,N/A,
210.2927,cer,SliderControl,Slider Control,761,188,0.00,0.00,None,N/A,
210.3022,cer,SliderControl,Slider Control,762,188,104.75,10973.16,None,N/A,
210.3124,cer,SliderControl,Slider Control,762,188,0.00,-10252.61,None,N/A,
210.3231,cer,SliderControl,Slider Control,762,188,0.00,0.00,None,N/A,
210.3327,cer,SliderControl,Slider Control,762,188,0.00,0.00,None,N/A,
210.3423,cer,SliderControl,Slider Control,762,188,0.00,0.00,None,N/A,
210.3529,cer,SliderControl,Slider Control,762,188,0.00,0.00,None,N/A,
210.3624,cer,SliderControl,Slider Control,762,188,0.00,0.00,None,N/A,
210.3729,cer,SliderControl,Slider Control,762,188,0.00,0.00,None,N/A,
210.3824,cer,SliderControl,Slider Control,762,188,0.00,0.00,None,N/A,
210.3930,cer,SliderControl,Slider Control,762,188,0.00,0.00,None,N/A,
210.4020,cer,SliderControl,Slider Control,762,188,0.00,0.00,None,N/A,
210.4123,cer,SliderControl,Slider Control,762,188,0.00,0.00,None,N/A,
210.4227,cer,SliderControl,Slider Control,762,188,0.00,0.00,None,N/A,
210.4323,cer,SliderControl,Slider Control,762,188,0.00,0.00,None,N/A,
210.4429,cer,SliderControl,Slider Control,762,188,0.00,0.00,None,N/A,
210.4523,cer,SliderControl,Slider Control,762,188,0.00,0.00,None,N/A,
210.4627,cer,SliderControl,Slider Control,762,188,0.00,0.00,None,N/A,
210.4720,cer,SliderControl,Slider Control,762,188,0.00,0.00,None,N/A,
210.4826,cer,SliderControl,Slider Control,762,188,0.00,0.00,None,N/A,
210.4925,cer,SliderControl,Slider Control,762,188,0.00,0.00,None,N/A,
210.5029,cer,SliderControl,Slider Control,762,188,0.00,0.00,None,N/A,
210.5128,cer,SliderControl,Slider Control,762,188,0.00,0.00,None,N/A,
210.5224,cer,SliderControl,Slider Control,762,188,0.00,0.00,None,N/A,
210.5329,cer,SliderControl,Slider Control,762,188,0.00,0.00,None,N/A,
210.5425,cer,SliderControl,Slider Control,762,188,0.00,0.00,None,N/A,
210.5529,cer,SliderControl,Slider Control,762,188,0.00,0.00,None,N/A,
210.5623,cer,SliderControl,Slider Control,762,188,0.00,0.00,None,N/A,
210.5728,cer,SliderControl,Slider Control,762,188,0.00,0.00,None,N/A,
210.5823,cer,SliderControl,Slider Control,762,188,0.00,0.00,None,N/A,
210.5928,cer,SliderControl,Slider Control,762,188,0.00,0.00,None,N/A,
210.6022,cer,SliderControl,Slider Control,762,188,0.00,0.00,None,N/A,
210.6123,cer,SliderControl,Slider Control,762,188,0.00,0.00,None,N/A,
210.6228,cer,SliderControl,Slider Control,762,188,0.00,0.00,Left,N/A,
210.6322,cer,SliderControl,Slider Control,762,188,0.00,0.00,Left,N/A,
210.6427,cer,SliderControl,Slider Control,762,188,0.00,0.00,Left,N/A,
210.6525,cer,SliderControl,Slider Control,762,188,0.00,0.00,Left,N/A,
210.6623,cer,SliderControl,Slider Control,762,188,0.00,0.00,Left,N/A,
210.6729,cer,SliderControl,Slider Control,762,188,0.00,0.00,Left,N/A,
210.6825,cer,SliderControl,Slider Control,762,188,0.00,0.00,Left,N/A,
210.6921,cer,SliderControl,Slider Control,762,188,0.00,0.00,Left,N/A,
210.7027,cer,SliderControl,Slider Control,762,188,0.00,0.00,Left,N/A,
210.7123,cer,SliderControl,Slider Control,762,188,0.00,0.00,Left,N/A,
210.7230,cer,SliderControl,Slider Control,762,188,0.00,0.00,Left,N/A,
210.7327,cer,SliderControl,Slider Control,762,188,0.00,0.00,Left,N/A,
210.7422,cer,SliderControl,Slider Control,762,188,0.00,0.00,Left,N/A,
210.7526,cer,SliderControl,Slider Control,762,188,0.00,0.00,Left,N/A,
210.7635,cer,SliderControl,Slider Control,762,188,0.00,0.00,Left,N/A,
210.7722,cer,SliderControl,Slider Control,762,188,0.00,0.00,Left,N/A,
210.7827,cer,SliderControl,Slider Control,762,188,0.00,0.00,Left,N/A,
210.7921,cer,SliderControl,Slider Control,762,188,0.00,0.00,Left,N/A,
210.8024,cer,SliderControl,Slider Control,762,188,0.00,0.00,Left,N/A,
210.8129,cer,SliderControl,Slider Control,759,188,285.83,27233.38,Left,N/A,
210.8229,cer,SliderControl,Slider Control,755,189,413.39,12788.54,Left,N/A,
210.8324,cer,SliderControl,Slider Control,747,190,851.65,46295.52,Left,N/A,
210.8423,cer,SliderControl,Slider Control,744,191,318.95,-53728.46,Left,N/A,
210.8522,cer,SliderControl,Slider Control,741,191,301.06,-1795.80,Left,N/A,
210.8629,cer,SliderControl,Slider Control,737,192,387.23,8092.92,Left,N/A,
210.8728,cer,SliderControl,Slider Control,735,192,200.80,-18717.27,Left,N/A,
210.8826,cer,SliderControl,Slider Control,733,193,228.03,2777.18,Left,N/A,
210.8928,cer,SliderControl,Slider Control,731,193,196.64,-3086.62,Left,N/A,
210.9021,cer,SliderControl,Slider Control,727,194,443.15,26495.26,Left,N/A,
210.9122,cer,SliderControl,Slider Control,725,194,199.30,-24299.77,Left,N/A,
210.9224,cer,SliderControl,Slider Control,723,195,218.17,1841.02,Left,N/A,
210.9329,cer,SliderControl,Slider Control,718,196,488.17,25850.00,Left,N/A,
210.9426,cer,SliderControl,Slider Control,716,196,204.67,-29012.04,Left,N/A,
210.9522,cer,SliderControl,Slider Control,713,196,312.24,11196.23,Left,N/A,
210.9620,cer,SliderControl,Slider Control,709,197,421.71,11196.91,Left,N/A,
210.9730,cer,SliderControl,Slider Control,707,197,182.66,-21832.57,Left,N/A,
210.9823,cer,SliderControl,Slider Control,705,198,238.77,5991.16,Left,N/A,
210.9923,cer,SliderControl,Slider Control,702,198,299.84,6103.59,Left,N/A,
211.0026,cer,SliderControl,Slider Control,700,198,194.06,-10263.26,Left,N/A,
211.0128,cer,SliderControl,Slider Control,699,199,139.69,-5370.85,Left,N/A,
211.0225,cer,SliderControl,Slider Control,696,199,308.45,17351.39,Left,N/A,
211.0327,cer,SliderControl,Slider Control,695,199,98.03,-20627.46,Left,N/A,
211.0425,cer,SliderControl,Slider Control,693,199,204.49,10885.09,Left,N/A,
211.0528,cer,SliderControl,Slider Control,692,199,96.88,-10425.32,Left,N/A,
211.0629,cer,SliderControl,Slider Control,689,199,297.39,19876.55,Left,N/A,
211.0728,cer,SliderControl,Slider Control,688,199,100.96,-19831.73,Left,N/A,
211.0823,cer,SliderControl,Slider Control,686,199,209.15,11313.17,Left,N/A,
211.0924,cer,SliderControl,Slider Control,682,199,396.02,18500.94,Left,N/A,
211.1023,cer,SliderControl,Slider Control,680,199,202.70,-19592.56,Left,N/A,
211.1128,cer,SliderControl,Slider Control,678,199,190.11,-1196.52,Left,N/A,
211.1220,cer,SliderControl,Slider Control,674,199,437.72,27094.79,Left,N/A,
211.1326,cer,SliderControl,Slider Control,672,199,187.98,-23472.69,Left,N/A,
211.1422,cer,SliderControl,Slider Control,670,199,208.96,2191.73,Left,N/A,
211.1522,cer,SliderControl,Slider Control,666,199,399.04,18962.53,Left,N/A,
211.1621,cer,SliderControl,Slider Control,665,199,101.45,-30191.20,Left,N/A,
211.1721,cer,SliderControl,Slider Control,663,199,199.14,9726.73,Left,N/A,
211.1820,cer,SliderControl,Slider Control,661,199,201.21,208.08,Left,N/A,
211.1926,cer,SliderControl,Slider Control,659,199,189.69,-1092.63,Left,N/A,
211.2023,cer,SliderControl,Slider Control,658,199,102.64,-8934.72,Left,N/A,
211.2129,cer,SliderControl,Slider Control,657,199,94.17,-797.67,Left,N/A,
211.2230,cer,SliderControl,Slider Control,656,199,99.67,548.93,Left,N/A,
211.2284,cer,SliderControl,Slider Control,656,199,99.67,0.00,None,N/A,slider_released_missed
211.2326,cer,SliderControl,Slider Control,656,199,0.00,-10377.69,None,N/A,
211.2421,cer,SliderControl,Slider Control,656,199,0.00,0.00,None,N/A,
211.2526,cer,SliderControl,Slider Control,656,199,0.00,0.00,None,N/A,
211.2621,cer,SliderControl,Slider Control,656,199,0.00,0.00,None,N/A,
211.2725,cer,SliderControl,Slider Control,656,199,0.00,0.00,None,N/A,
211.2820,cer,SliderControl,Slider Control,656,199,0.00,0.00,None,N/A,
211.2926,cer,SliderControl,Slider Control,656,199,0.00,0.00,None,N/A,
211.3021,cer,SliderControl,Slider Control,656,199,0.00,0.00,None,N/A,
211.3126,cer,SliderControl,Slider Control,656,199,0.00,0.00,None,N/A,
211.3221,cer,SliderControl,Slider Control,656,199,0.00,0.00,None,N/A,
211.3327,cer,SliderControl,Slider Control,656,199,0.00,0.00,None,N/A,
211.3422,cer,SliderControl,Slider Control,656,199,0.00,0.00,None,N/A,
211.3527,cer,SliderControl,Slider Control,656,199,0.00,0.00,None,N/A,
211.3622,cer,SliderControl,Slider Control,656,199,0.00,0.00,None,N/A,
211.3726,cer,SliderControl,Slider Control,656,199,0.00,0.00,None,N/A,
211.3821,cer,SliderControl,Slider Control,656,199,0.00,0.00,None,N/A,
211.3927,cer,SliderControl,Slider Control,656,199,0.00,0.00,None,N/A,
211.4022,cer,SliderControl,Slider Control,656,199,0.00,0.00,None,N/A,
211.4127,cer,SliderControl,Slider Control,656,199,0.00,0.00,None,N/A,
211.4222,cer,SliderControl,Slider Control,656,199,0.00,0.00,None,N/A,
211.4327,cer,SliderControl,Slider Control,656,199,0.00,0.00,None,N/A,
211.4423,cer,SliderControl,Slider Control,656,199,0.00,0.00,None,N/A,
211.4528,cer,SliderControl,Slider Control,656,199,0.00,0.00,None,N/A,
211.4623,cer,SliderControl,Slider Control,656,199,0.00,0.00,None,N/A,
211.4728,cer,SliderControl,Slider Control,656,199,0.00,0.00,None,N/A,
211.4824,cer,SliderControl,Slider Control,656,199,0.00,0.00,None,N/A,
211.4921,cer,SliderControl,Slider Control,656,199,0.00,0.00,None,N/A,
211.5026,cer,SliderControl,Slider Control,656,199,0.00,0.00,None,N/A,
211.5121,cer,SliderControl,Slider Control,656,199,0.00,0.00,None,N/A,
211.5227,cer,SliderControl,Slider Control,656,199,0.00,0.00,None,N/A,
211.5322,cer,SliderControl,Slider Control,656,199,0.00,0.00,None,N/A,
211.5429,cer,SliderControl,Slider Control,656,199,0.00,0.00,None,N/A,
211.5525,cer,SliderControl,Slider Control,656,199,0.00,0.00,None,N/A,
211.5620,cer,SliderControl,Slider Control,656,199,0.00,0.00,None,N/A,
211.5724,cer,SliderControl,Slider Control,656,199,0.00,0.00,None,N/A,
211.5829,cer,SliderControl,Slider Control,656,199,0.00,0.00,None,N/A,
211.5924,cer,SliderControl,Slider Control,656,199,0.00,0.00,None,N/A,
211.6027,cer,SliderControl,Slider Control,656,199,0.00,0.00,None,N/A,
211.6122,cer,SliderControl,Slider Control,656,199,0.00,0.00,None,N/A,
211.6228,cer,SliderControl,Slider Control,656,199,0.00,0.00,None,N/A,
211.6324,cer,SliderControl,Slider Control,656,199,0.00,0.00,None,N/A,
211.6433,cer,SliderControl,Slider Control,656,199,0.00,0.00,None,N/A,
211.6533,cer,SliderControl,Slider Control,656,199,0.00,0.00,None,N/A,
211.6633,cer,SliderControl,Slider Control,656,199,0.00,0.00,None,N/A,
211.6730,cer,SliderControl,Slider Control,656,199,0.00,0.00,None,N/A,
211.6825,cer,SliderControl,Slider Control,656,199,0.00,0.00,None,N/A,
211.6925,cer,SliderControl,Slider Control,656,199,0.00,0.00,None,N/A,
211.7025,cer,SliderControl,Slider Control,656,199,0.00,0.00,None,N/A,
211.7121,cer,SliderControl,Slider Control,656,199,0.00,0.00,None,N/A,
211.7227,cer,SliderControl,Slider Control,656,199,0.00,0.00,None,N/A,
211.7322,cer,SliderControl,Slider Control,656,199,0.00,0.00,None,N/A,
211.7427,cer,SliderControl,Slider Control,656,199,0.00,0.00,None,N/A,
211.7523,cer,SliderControl,Slider Control,656,199,0.00,0.00,None,N/A,
211.7628,cer,SliderControl,Slider Control,656,199,0.00,0.00,None,N/A,
211.7728,cer,SliderControl,Slider Control,656,199,0.00,0.00,None,N/A,
211.7824,cer,SliderControl,Slider Control,656,199,0.00,0.00,None,N/A,
211.7934,cer,SliderControl,Slider Control,656,199,0.00,0.00,None,N/A,
211.8026,cer,SliderControl,Slider Control,656,199,0.00,0.00,None,N/A,
211.8127,cer,SliderControl,Slider Control,656,199,0.00,0.00,None,N/A,
211.8228,cer,SliderControl,Slider Control,656,199,0.00,0.00,None,N/A,
211.8323,cer,SliderControl,Slider Control,656,199,0.00,0.00,None,N/A,
211.8429,cer,SliderControl,Slider Control,656,199,0.00,0.00,None,N/A,
211.8524,cer,SliderControl,Slider Control,656,199,0.00,0.00,None,N/A,
211.8628,cer,SliderControl,Slider Control,656,199,0.00,0.00,None,N/A,
211.8723,cer,SliderControl,Slider Control,656,199,0.00,0.00,None,N/A,
211.8828,cer,SliderControl,Slider Control,656,199,0.00,0.00,None,N/A,
211.8924,cer,SliderControl,Slider Control,656,199,0.00,0.00,None,N/A,
211.9020,cer,SliderControl,Slider Control,656,199,0.00,0.00,None,N/A,
211.9124,cer,SliderControl,Slider Control,656,199,0.00,0.00,None,N/A,
211.9228,cer,SliderControl,Slider Control,656,199,0.00,0.00,None,N/A,
211.9332,cer,SliderControl,Slider Control,656,199,0.00,0.00,None,N/A,
211.9425,cer,SliderControl,Slider Control,656,199,0.00,0.00,None,N/A,
211.9530,cer,SliderControl,Slider Control,656,199,0.00,0.00,None,N/A,
211.9625,cer,SliderControl,Slider Control,656,199,0.00,0.00,None,N/A,
211.9730,cer,SliderControl,Slider Control,656,199,0.00,0.00,None,N/A,
211.9825,cer,SliderControl,Slider Control,656,199,0.00,0.00,None,N/A,
211.9925,cer,SliderControl,Slider Control,656,199,0.00,0.00,None,N/A,
212.0027,cer,SliderControl,Slider Control,656,199,0.00,0.00,None,N/A,
212.0126,cer,SliderControl,Slider Control,656,198,100.84,10169.03,None,N/A,
212.0227,cer,SliderControl,Slider Control,656,198,0.00,-10005.21,None,N/A,
212.0330,cer,SliderControl,Slider Control,655,197,137.12,13294.80,None,N/A,
212.0424,cer,SliderControl,Slider Control,655,197,0.00,-14567.00,None,N/A,
212.0529,cer,SliderControl,Slider Control,655,197,0.00,0.00,None,N/A,
212.0622,cer,SliderControl,Slider Control,655,196,108.33,11734.69,None,N/A,
212.0729,cer,SliderControl,Slider Control,655,196,0.00,-10124.01,None,N/A,
212.0825,cer,SliderControl,Slider Control,655,196,0.00,0.00,None,N/A,
212.0929,cer,SliderControl,Slider Control,655,195,96.75,9360.99,None,N/A,
212.1027,cer,SliderControl,Slider Control,655,195,0.00,-9822.29,None,N/A,
212.1131,cer,SliderControl,Slider Control,655,195,0.00,0.00,None,N/A,
212.1220,cer,SliderControl,Slider Control,655,195,0.00,0.00,None,N/A,
212.1325,cer,SliderControl,Slider Control,655,194,95.48,9117.10,None,N/A,
212.1424,cer,SliderControl,Slider Control,655,194,0.00,-9648.43,None,N/A,
212.1520,cer,SliderControl,Slider Control,655,194,0.00,0.00,None,N/A,
212.1623,cer,SliderControl,Slider Control,655,192,194.64,18941.55,None,N/A,
212.1722,cer,SliderControl,Slider Control,655,191,101.67,-9451.85,None,N/A,
212.1827,cer,SliderControl,Slider Control,654,189,212.97,10600.69,None,N/A,
212.1928,cer,SliderControl,Slider Control,654,188,98.54,-11275.90,None,N/A,
212.2029,cer,SliderControl,Slider Control,653,188,99.23,68.01,None,N/A,
212.2120,cer,SliderControl,Slider Control,653,187,109.41,1114.40,None,N/A,
212.2226,cer,SliderControl,Slider Control,652,186,133.72,2297.99,None,N/A,
212.2320,cer,SliderControl,Slider Control,652,185,106.15,-2925.92,None,N/A,
212.2424,cer,SliderControl,Slider Control,652,185,0.00,-10192.21,None,N/A,
212.2527,cer,SliderControl,Slider Control,652,185,0.00,0.00,None,N/A,
212.2621,cer,SliderControl,Slider Control,652,185,0.00,0.00,None,N/A,
212.2725,cer,SliderControl,Slider Control,652,185,0.00,0.00,None,N/A,
212.2830,cer,SliderControl,Slider Control,652,185,0.00,0.00,None,N/A,
212.2927,cer,SliderControl,Slider Control,652,185,0.00,0.00,None,N/A,
212.3027,cer,SliderControl,Slider Control,653,185,99.95,9990.97,None,N/A,
212.3122,cer,SliderControl,Slider Control,653,186,105.51,586.62,None,N/A,
212.3226,cer,SliderControl,Slider Control,653,186,0.00,-10146.49,None,N/A,
212.3320,cer,SliderControl,Slider Control,653,186,0.00,0.00,None,N/A,
212.3421,cer,SliderControl,Slider Control,653,186,0.00,0.00,None,N/A,
212.3525,cer,SliderControl,Slider Control,653,186,0.00,0.00,None,N/A,
212.3629,cer,SliderControl,Slider Control,653,186,0.00,0.00,None,N/A,
212.3724,cer,SliderControl,Slider Control,653,186,0.00,0.00,None,N/A,
212.3829,cer,SliderControl,Slider Control,653,186,0.00,0.00,None,N/A,
212.3925,cer,SliderControl,Slider Control,653,186,0.00,0.00,None,N/A,
212.4029,cer,SliderControl,Slider Control,653,186,0.00,0.00,None,N/A,
212.4123,cer,SliderControl,Slider Control,653,186,0.00,0.00,None,N/A,
212.4227,cer,SliderControl,Slider Control,653,186,0.00,0.00,None,N/A,
212.4322,cer,SliderControl,Slider Control,653,186,0.00,0.00,None,N/A,
212.4428,cer,SliderControl,Slider Control,653,186,0.00,0.00,None,N/A,
212.4523,cer,SliderControl,Slider Control,653,186,0.00,0.00,None,N/A,
212.4630,cer,SliderControl,Slider Control,653,186,0.00,0.00,None,N/A,
212.4726,cer,SliderControl,Slider Control,653,186,0.00,0.00,None,N/A,
212.4821,cer,SliderControl,Slider Control,653,186,0.00,0.00,None,N/A,
212.4928,cer,SliderControl,Slider Control,653,186,0.00,0.00,None,N/A,
212.5022,cer,SliderControl,Slider Control,653,186,0.00,0.00,None,N/A,
212.5121,cer,SliderControl,Slider Control,653,186,0.00,0.00,Left,N/A,
212.5226,cer,SliderControl,Slider Control,653,186,0.00,0.00,Left,N/A,
212.5321,cer,SliderControl,Slider Control,653,186,0.00,0.00,Left,N/A,
212.5429,cer,SliderControl,Slider Control,653,186,0.00,0.00,Left,N/A,
212.5524,cer,SliderControl,Slider Control,653,186,0.00,0.00,Left,N/A,
212.5629,cer,SliderControl,Slider Control,653,186,0.00,0.00,Left,N/A,
212.5726,cer,SliderControl,Slider Control,653,186,0.00,0.00,Left,N/A,
212.5822,cer,SliderControl,Slider Control,653,186,0.00,0.00,Left,N/A,
212.5921,cer,SliderControl,Slider Control,653,186,0.00,0.00,Left,N/A,
212.6026,cer,SliderControl,Slider Control,653,186,0.00,0.00,Left,N/A,
212.6121,cer,SliderControl,Slider Control,653,186,0.00,0.00,Left,N/A,
212.6227,cer,SliderControl,Slider Control,653,186,0.00,0.00,Left,N/A,
212.6325,cer,SliderControl,Slider Control,653,186,0.00,0.00,Left,N/A,
212.6433,cer,SliderControl,Slider Control,653,186,0.00,0.00,Left,N/A,
212.6529,cer,SliderControl,Slider Control,653,186,0.00,0.00,Left,N/A,
212.6624,cer,SliderControl,Slider Control,653,186,0.00,0.00,Left,N/A,
212.6728,cer,SliderControl,Slider Control,653,186,0.00,0.00,Left,N/A,
212.6823,cer,SliderControl,Slider Control,653,186,0.00,0.00,Left,N/A,
212.6928,cer,SliderControl,Slider Control,653,186,0.00,0.00,Left,N/A,
212.7022,cer,SliderControl,Slider Control,653,186,0.00,0.00,Left,N/A,
212.7129,cer,SliderControl,Slider Control,653,186,0.00,0.00,Left,N/A,
212.7224,cer,SliderControl,Slider Control,653,186,0.00,0.00,Left,N/A,
212.7328,cer,SliderControl,Slider Control,653,186,0.00,0.00,Left,N/A,
212.7429,cer,SliderControl,Slider Control,653,186,0.00,0.00,Left,N/A,
212.7527,cer,SliderControl,Slider Control,653,186,0.00,0.00,Left,N/A,
212.7625,cer,SliderControl,Slider Control,649,186,409.31,41883.71,Left,N/A,
212.7721,cer,SliderControl,Slider Control,647,187,231.49,-18408.96,Left,N/A,
212.7827,cer,SliderControl,Slider Control,644,187,283.93,4963.22,Left,N/A,
212.7928,cer,SliderControl,Slider Control,638,188,598.91,31012.98,Left,N/A,
212.8026,cer,SliderControl,Slider Control,635,189,324.63,-28156.81,Left,N/A,
212.8123,cer,SliderControl,Slider Control,632,189,307.92,-1714.50,Left,N/A,
212.8226,cer,SliderControl,Slider Control,627,190,495.46,18222.08,Left,N/A,
212.8321,cer,SliderControl,Slider Control,625,190,210.17,-29979.33,Left,N/A,
212.8428,cer,SliderControl,Slider Control,623,190,187.10,-2158.11,Left,N/A,
212.8520,cer,SliderControl,Slider Control,620,191,346.61,17483.85,Left,N/A,
212.8624,cer,SliderControl,Slider Control,618,191,191.96,-14843.68,Left,N/A,
212.8721,cer,SliderControl,Slider Control,617,191,102.44,-9170.74,Left,N/A,
212.8825,cer,SliderControl,Slider Control,614,192,305.25,19576.08,Left,N/A,
212.8922,cer,SliderControl,Slider Control,613,192,103.38,-20868.85,Left,N/A,
212.9026,cer,SliderControl,Slider Control,612,192,95.57,-746.09,Left,N/A,
212.9121,cer,SliderControl,Slider Control,611,192,105.32,1026.40,Left,N/A,
212.9224,cer,SliderControl,Slider Control,610,192,97.03,-804.05,Left,N/A,
212.9320,cer,SliderControl,Slider Control,609,192,104.13,738.97,Left,N/A,
212.9426,cer,SliderControl,Slider Control,609,192,0.00,-9889.22,Left,N/A,
212.9527,cer,SliderControl,Slider Control,608,192,98.82,9766.26,Left,N/A,
212.9622,cer,SliderControl,Slider Control,608,192,0.00,-10336.64,Left,N/A,
212.9722,cer,SliderControl,Slider Control,608,192,0.00,0.00,Left,N/A,
212.9827,cer,SliderControl,Slider Control,607,192,95.86,9188.50,Left,N/A,
212.9921,cer,SliderControl,Slider Control,607,192,0.00,-10120.88,Left,N/A,
213.0026,cer,SliderControl,Slider Control,607,192,0.00,0.00,Left,N/A,
213.0121,cer,SliderControl,Slider Control,607,192,0.00,0.00,Left,N/A,
213.0227,cer,SliderControl,Slider Control,607,192,0.00,0.00,Left,N/A,
213.0322,cer,SliderControl,Slider Control,607,192,0.00,0.00,Left,N/A,
213.0425,cer,SliderControl,Slider Control,607,192,0.00,0.00,Left,N/A,
213.0432,cer,SliderControl,Slider Control,607,192,0.00,0.00,None,N/A,slider_released_correct
213.0526,cer,SliderControl,Slider Control,607,192,0.00,0.00,None,N/A,
213.0621,cer,SliderControl,Slider Control,607,192,0.00,0.00,None,N/A,
213.0726,cer,SliderControl,Slider Control,607,192,0.00,0.00,None,N/A,
213.0822,cer,SliderControl,Slider Control,607,192,0.00,0.00,None,N/A,
213.0922,cer,SliderControl,Slider Control,607,192,0.00,0.00,None,N/A,
213.1026,cer,SliderControl,Slider Control,607,192,0.00,0.00,None,N/A,
213.1120,cer,SliderControl,Slider Control,607,192,0.00,0.00,None,N/A,
213.1224,cer,SliderControl,Slider Control,607,192,0.00,0.00,None,N/A,
213.1329,cer,SliderControl,Slider Control,607,192,0.00,0.00,None,N/A,
213.1423,cer,SliderControl,Slider Control,607,192,0.00,0.00,None,N/A,
213.1528,cer,SliderControl,Slider Control,607,192,0.00,0.00,None,N/A,
213.1622,cer,SliderControl,Slider Control,607,192,0.00,0.00,None,N/A,
213.1727,cer,SliderControl,Slider Control,607,192,0.00,0.00,None,N/A,
213.1821,cer,SliderControl,Slider Control,607,192,0.00,0.00,None,N/A,
213.1927,cer,SliderControl,Slider Control,607,192,0.00,0.00,None,N/A,
213.2022,cer,SliderControl,Slider Control,607,192,0.00,0.00,None,N/A,
213.2128,cer,SliderControl,Slider Control,607,192,0.00,0.00,None,N/A,
213.2226,cer,SliderControl,Slider Control,607,192,0.00,0.00,None,N/A,
213.2321,cer,SliderControl,Slider Control,607,192,0.00,0.00,None,N/A,
213.2429,cer,SliderControl,Slider Control,607,192,0.00,0.00,None,N/A,
213.2523,cer,SliderControl,Slider Control,607,192,0.00,0.00,None,N/A,
213.2628,cer,SliderControl,Slider Control,607,192,0.00,0.00,None,N/A,
213.2723,cer,SliderControl,Slider Control,607,192,0.00,0.00,None,N/A,
213.2828,cer,SliderControl,Slider Control,607,192,0.00,0.00,None,N/A,
213.2927,cer,SliderControl,Slider Control,607,192,0.00,0.00,None,N/A,
213.3021,cer,SliderControl,Slider Control,607,192,0.00,0.00,None,N/A,
213.3126,cer,SliderControl,Slider Control,607,192,0.00,0.00,None,N/A,
213.3229,cer,SliderControl,Slider Control,607,192,0.00,0.00,None,N/A,
213.3325,cer,SliderControl,Slider Control,607,192,0.00,0.00,None,N/A,
213.3429,cer,SliderControl,Slider Control,607,192,0.00,0.00,None,N/A,
213.3523,cer,SliderControl,Slider Control,607,192,0.00,0.00,None,N/A,
213.3628,cer,SliderControl,Slider Control,607,192,0.00,0.00,None,N/A,
213.3725,cer,SliderControl,Slider Control,607,192,0.00,0.00,None,N/A,
213.3830,cer,SliderControl,Slider Control,607,192,0.00,0.00,None,N/A,
213.3924,cer,SliderControl,Slider Control,607,192,0.00,0.00,None,N/A,
213.4029,cer,SliderControl,Slider Control,607,192,0.00,0.00,None,N/A,
213.4127,cer,SliderControl,Slider Control,607,192,0.00,0.00,None,N/A,
213.4224,cer,SliderControl,Slider Control,607,192,0.00,0.00,None,N/A,
213.4328,cer,SliderControl,Slider Control,607,192,0.00,0.00,None,N/A,
213.4422,cer,SliderControl,Slider Control,607,192,0.00,0.00,None,N/A,
213.4526,cer,SliderControl,Slider Control,607,192,0.00,0.00,None,N/A,
213.4621,cer,SliderControl,Slider Control,607,192,0.00,0.00,None,N/A,
213.4725,cer,SliderControl,Slider Control,607,192,0.00,0.00,None,N/A,
213.4830,cer,SliderControl,Slider Control,607,192,0.00,0.00,None,N/A,
213.4928,cer,SliderControl,Slider Control,607,192,0.00,0.00,None,N/A,
213.5023,cer,SliderControl,Slider Control,607,192,0.00,0.00,None,N/A,
213.5127,cer,SliderControl,Slider Control,607,192,0.00,0.00,None,N/A,
213.5221,cer,SliderControl,Slider Control,607,192,0.00,0.00,None,N/A,
213.5328,cer,SliderControl,Slider Control,607,192,0.00,0.00,None,N/A,
213.5423,cer,SliderControl,Slider Control,607,192,0.00,0.00,None,N/A,
213.5527,cer,SliderControl,Slider Control,607,192,0.00,0.00,None,N/A,
213.5624,cer,SliderControl,Slider Control,586,187,2216.84,227655.16,None,N/A,
213.5724,cer,SliderControl,Slider Control,505,166,8383.99,617908.89,None,N/A,
213.5830,cer,SliderControl,Slider Control,472,159,3193.51,-491366.03,None,N/A,
213.5927,cer,SliderControl,Slider Control,443,152,3067.99,-12908.19,None,N/A,
213.6030,cer,SliderControl,Slider Control,385,140,5783.30,265134.09,None,N/A,
213.6126,cer,SliderControl,Slider Control,359,135,2756.00,-315120.09,None,N/A,
213.6222,cer,SliderControl,Slider Control,337,133,2279.73,-49149.64,None,N/A,
213.6321,cer,SliderControl,Slider Control,309,136,2866.67,59749.63,None,N/A,
213.6420,cer,SliderControl,Slider Control,300,139,954.72,-192411.57,None,N/A,
213.6527,cer,SliderControl,Slider Control,291,142,888.52,-6199.68,None,N/A,
213.6622,cer,SliderControl,Slider Control,291,142,0.00,-93121.68,None,N/A,
213.6728,cer,SliderControl,Slider Control,291,142,0.00,0.00,None,N/A,
213.6824,cer,SliderControl,Slider Control,291,142,0.00,0.00,None,N/A,
213.6934,cer,SliderControl,Slider Control,291,142,0.00,0.00,None,N/A,
213.7035,cer,SliderControl,Slider Control,291,142,0.00,0.00,None,N/A,
213.7123,cer,SliderControl,Slider Control,291,142,0.00,0.00,None,N/A,
213.7230,cer,SliderControl,Slider Control,291,142,0.00,0.00,None,N/A,
213.7326,cer,SliderControl,Slider Control,291,142,0.00,0.00,None,N/A,
213.7426,cer,SliderControl,Slider Control,291,142,0.00,0.00,None,N/A,
213.7527,cer,SliderControl,Slider Control,291,142,0.00,0.00,None,N/A,
213.7627,cer,SliderControl,Slider Control,291,142,0.00,0.00,None,N/A,
213.7723,cer,SliderControl,Slider Control,291,142,0.00,0.00,None,N/A,
213.7829,cer,SliderControl,Slider Control,291,142,0.00,0.00,None,N/A,
213.7924,cer,SliderControl,Slider Control,291,142,0.00,0.00,None,N/A,
213.8029,cer,SliderControl,Slider Control,291,142,0.00,0.00,None,N/A,
213.8124,cer,SliderControl,Slider Control,291,142,0.00,0.00,None,N/A,
213.8230,cer,SliderControl,Slider Control,291,142,0.00,0.00,None,N/A,
213.8325,cer,SliderControl,Slider Control,291,142,0.00,0.00,None,N/A,
213.8429,cer,SliderControl,Slider Control,291,142,0.00,0.00,None,N/A,
213.8525,cer,SliderControl,Slider Control,291,142,0.00,0.00,None,N/A,
213.8630,cer,SliderControl,Slider Control,291,142,0.00,0.00,None,N/A,
213.8726,cer,SliderControl,Slider Control,291,142,0.00,0.00,None,N/A,
213.8821,cer,SliderControl,Slider Control,291,142,0.00,0.00,None,N/A,
213.8929,cer,SliderControl,Slider Control,291,142,0.00,0.00,None,N/A,
213.9024,cer,SliderControl,Slider Control,288,148,704.18,73920.02,None,N/A,
213.9123,cer,SliderControl,Slider Control,285,154,679.72,-2478.72,None,N/A,
213.9225,cer,SliderControl,Slider Control,276,169,1717.91,101957.58,None,N/A,
213.9321,cer,SliderControl,Slider Control,271,177,982.49,-76589.60,None,N/A,
213.9430,cer,SliderControl,Slider Control,262,190,1453.64,43314.84,None,N/A,
213.9523,cer,SliderControl,Slider Control,258,195,688.19,-82267.99,None,N/A,
213.9621,cer,SliderControl,Slider Control,254,199,573.55,-11623.57,None,N/A,
213.9738,cer,SliderControl,Slider Control,246,205,854.25,23979.41,None,N/A,
213.9829,cer,SliderControl,Slider Control,243,207,397.97,-50363.28,None,N/A,
213.9920,cer,SliderControl,Slider Control,239,209,489.88,10068.08,None,N/A,
214.0029,cer,SliderControl,Slider Control,235,210,379.98,-10128.35,None,N/A,
214.0119,cer,SliderControl,Slider Control,229,213,741.03,39884.39,None,N/A,
214.0225,cer,SliderControl,Slider Control,226,213,282.96,-43205.31,None,N/A,
214.0330,cer,SliderControl,Slider Control,223,214,302.67,1886.46,None,N/A,
214.0420,cer,SliderControl,Slider Control,218,214,551.64,27467.74,None,N/A,
214.0520,cer,SliderControl,Slider Control,215,213,317.98,-23495.02,None,N/A,
214.0626,cer,SliderControl,Slider Control,212,212,298.08,-1875.37,None,N/A,
214.0723,cer,SliderControl,Slider Control,208,210,458.32,16420.96,None,N/A,
214.0825,cer,SliderControl,Slider Control,206,208,278.07,-17720.46,None,N/A,
214.0922,cer,SliderControl,Slider Control,205,207,145.81,-13636.41,None,N/A,
214.1027,cer,SliderControl,Slider Control,203,205,270.63,11943.87,None,N/A,
214.1128,cer,SliderControl,Slider Control,201,203,280.00,927.00,None,N/A,
214.1225,cer,SliderControl,Slider Control,200,202,145.93,-13834.36,None,N/A,
214.1322,cer,SliderControl,Slider Control,199,200,230.51,8719.38,None,N/A,
214.1424,cer,SliderControl,Slider Control,198,197,309.57,7739.66,None,N/A,
214.1523,cer,SliderControl,Slider Control,198,196,100.26,-20985.56,None,N/A,
214.1624,cer,SliderControl,Slider Control,197,194,222.64,12185.16,None,N/A,
214.1728,cer,SliderControl,Slider Control,197,192,192.44,-2905.66,None,N/A,
214.1828,cer,SliderControl,Slider Control,198,190,223.77,3134.61,None,N/A,
214.1924,cer,SliderControl,Slider Control,198,189,104.27,-12459.94,None,N/A,
214.2022,cer,SliderControl,Slider Control,198,186,306.12,20596.31,None,N/A,
214.2122,cer,SliderControl,Slider Control,199,185,141.21,-16466.03,None,N/A,
214.2227,cer,SliderControl,Slider Control,199,184,95.52,-4364.44,None,N/A,
214.2326,cer,SliderControl,Slider Control,199,183,100.50,500.06,None,N/A,
214.2422,cer,SliderControl,Slider Control,199,182,104.60,428.60,None,N/A,
214.2523,cer,SliderControl,Slider Control,199,181,98.66,-585.93,None,N/A,
214.2624,cer,SliderControl,Slider Control,199,181,0.00,-9755.00,None,N/A,
214.2726,cer,SliderControl,Slider Control,199,180,98.42,9686.21,None,N/A,
214.2821,cer,SliderControl,Slider Control,199,180,0.00,-10336.73,None,N/A,
214.2929,cer,SliderControl,Slider Control,199,179,92.24,8508.46,None,N/A,
214.3021,cer,SliderControl,Slider Control,199,179,0.00,-10107.32,None,N/A,
214.3126,cer,SliderControl,Slider Control,199,179,0.00,0.00,None,N/A,
214.3225,cer,SliderControl,Slider Control,199,178,100.74,10148.03,None,N/A,
214.3326,cer,SliderControl,Slider Control,198,178,98.55,-215.98,None,N/A,
214.3423,cer,SliderControl,Slider Control,198,177,103.85,551.16,None,N/A,
214.3521,cer,SliderControl,Slider Control,197,177,101.17,-271.67,None,N/A,
214.3629,cer,SliderControl,Slider Control,196,176,130.88,2750.18,None,N/A,
214.3729,cer,SliderControl,Slider Control,195,176,100.01,-3087.36,None,N/A,
214.3824,cer,SliderControl,Slider Control,194,176,105.49,577.68,None,N/A,
214.3924,cer,SliderControl,Slider Control,193,176,99.98,-550.85,None,N/A,
214.4020,cer,SliderControl,Slider Control,193,176,0.00,-10460.23,None,N/A,
214.4126,cer,SliderControl,Slider Control,193,176,0.00,0.00,None,N/A,
214.4224,cer,SliderControl,Slider Control,193,176,0.00,0.00,None,N/A,
214.4326,cer,SliderControl,Slider Control,192,176,98.16,9635.95,None,N/A,
214.4421,cer,SliderControl,Slider Control,192,176,0.00,-10297.50,None,N/A,
214.4528,cer,SliderControl,Slider Control,192,176,0.00,0.00,None,N/A,
214.4628,cer,SliderControl,Slider Control,191,176,99.81,9961.98,None,N/A,
214.4726,cer,SliderControl,Slider Control,191,176,0.00,-10161.97,None,N/A,
214.4826,cer,SliderControl,Slider Control,191,177,100.58,10115.45,None,N/A,
214.4923,cer,SliderControl,Slider Control,190,177,102.69,216.69,None,N/A,
214.5025,cer,SliderControl,Slider Control,190,177,0.00,-10112.36,None,N/A,
214.5128,cer,SliderControl,Slider Control,190,178,96.59,9329.54,None,N/A,
214.5228,cer,SliderControl,Slider Control,190,178,0.00,-9655.74,None,N/A,
214.5326,cer,SliderControl,Slider Control,190,179,101.78,10358.42,None,N/A,
214.5420,cer,SliderControl,Slider Control,190,179,0.00,-10899.55,None,N/A,
214.5522,cer,SliderControl,Slider Control,190,179,0.00,0.00,None,N/A,
214.5620,cer,SliderControl,Slider Control,190,180,102.10,10424.08,None,N/A,
214.5726,cer,SliderControl,Slider Control,190,180,0.00,-9633.36,None,N/A,
214.5822,cer,SliderControl,Slider Control,190,180,0.00,0.00,None,N/A,
214.5924,cer,SliderControl,Slider Control,190,181,97.28,9462.87,None,N/A,
214.6023,cer,SliderControl,Slider Control,190,181,0.00,-9882.30,None,N/A,
214.6126,cer,SliderControl,Slider Control,190,181,0.00,0.00,None,N/A,
214.6227,cer,SliderControl,Slider Control,190,182,99.17,9834.73,None,N/A,
214.6329,cer,SliderControl,Slider Control,190,182,0.00,-9681.81,None,N/A,
214.6421,cer,SliderControl,Slider Control,190,182,0.00,0.00,None,N/A,
214.6528,cer,SliderControl,Slider Control,190,183,93.30,8704.51,None,N/A,
214.6623,cer,SliderControl,Slider Control,190,183,0.00,-9822.29,None,N/A,
214.6726,cer,SliderControl,Slider Control,190,183,0.00,0.00,None,N/A,
214.6827,cer,SliderControl,Slider Control,190,184,98.44,9691.22,None,N/A,
214.6921,cer,SliderControl,Slider Control,190,184,0.00,-10445.33,None,N/A,
214.7022,cer,SliderControl,Slider Control,191,184,99.34,9869.23,None,N/A,
214.7126,cer,SliderControl,Slider Control,191,185,95.97,-324.14,None,N/A,
214.7228,cer,SliderControl,Slider Control,191,185,0.00,-9422.54,None,N/A,
214.7327,cer,SliderControl,Slider Control,191,186,101.05,10210.22,None,N/A,
214.7422,cer,SliderControl,Slider Control,191,186,0.00,-10654.27,None,N/A,
214.7527,cer,SliderControl,Slider Control,191,186,0.00,0.00,None,N/A,
214.7627,cer,SliderControl,Slider Control,191,187,99.55,9910.50,None,N/A,
214.7727,cer,SliderControl,Slider Control,191,187,0.00,-9973.95,None,N/A,
214.7829,cer,SliderControl,Slider Control,191,187,0.00,0.00,None,N/A,
214.7922,cer,SliderControl,Slider Control,191,188,107.75,11610.81,None,N/A,
214.8030,cer,SliderControl,Slider Control,191,188,0.00,-9977.94,None,N/A,
214.8127,cer,SliderControl,Slider Control,191,188,0.00,0.00,None,N/A,
214.8222,cer,SliderControl,Slider Control,191,188,0.00,0.00,None,N/A,
214.8326,cer,SliderControl,Slider Control,191,188,0.00,0.00,None,N/A,
214.8421,cer,SliderControl,Slider Control,191,188,0.00,0.00,None,N/A,
214.8526,cer,SliderControl,Slider Control,191,188,0.00,0.00,None,N/A,
214.8630,cer,SliderControl,Slider Control,191,188,0.00,0.00,None,N/A,
214.8722,cer,SliderControl,Slider Control,191,189,109.31,11948.51,None,N/A,
214.8829,cer,SliderControl,Slider Control,191,189,0.00,-10181.80,None,N/A,
214.8928,cer,SliderControl,Slider Control,190,189,101.22,10245.74,None,N/A,
214.9024,cer,SliderControl,Slider Control,190,190,104.34,325.81,None,N/A,
214.9120,cer,SliderControl,Slider Control,190,190,0.00,-10883.82,None,N/A,
214.9224,cer,SliderControl,Slider Control,190,190,0.00,0.00,None,N/A,
214.9329,cer,SliderControl,Slider Control,190,190,0.00,0.00,None,N/A,
214.9424,cer,SliderControl,Slider Control,190,190,0.00,0.00,None,N/A,
214.9528,cer,SliderControl,Slider Control,190,190,0.00,0.00,None,N/A,
214.9623,cer,SliderControl,Slider Control,190,190,0.00,0.00,None,N/A,
214.9721,cer,SliderControl,Slider Control,190,190,0.00,0.00,None,N/A,
214.9828,cer,SliderControl,Slider Control,190,190,0.00,0.00,None,N/A,
214.9924,cer,SliderControl,Slider Control,190,190,0.00,0.00,None,N/A,
215.0028,cer,SliderControl,Slider Control,190,190,0.00,0.00,None,N/A,
215.0124,cer,SliderControl,Slider Control,190,190,0.00,0.00,None,N/A,
215.0229,cer,SliderControl,Slider Control,190,190,0.00,0.00,None,N/A,
215.0325,cer,SliderControl,Slider Control,190,190,0.00,0.00,None,N/A,
215.0424,cer,SliderControl,Slider Control,190,190,0.00,0.00,None,N/A,
215.0529,cer,SliderControl,Slider Control,190,190,0.00,0.00,None,N/A,
215.0624,cer,SliderControl,Slider Control,190,190,0.00,0.00,None,N/A,
215.0729,cer,SliderControl,Slider Control,190,190,0.00,0.00,None,N/A,
215.0824,cer,SliderControl,Slider Control,190,190,0.00,0.00,None,N/A,
215.0929,cer,SliderControl,Slider Control,190,190,0.00,0.00,None,N/A,
215.1024,cer,SliderControl,Slider Control,190,190,0.00,0.00,None,N/A,
215.1129,cer,SliderControl,Slider Control,190,190,0.00,0.00,None,N/A,
215.1224,cer,SliderControl,Slider Control,190,190,0.00,0.00,None,N/A,
215.1321,cer,SliderControl,Slider Control,190,190,0.00,0.00,None,N/A,
215.1425,cer,SliderControl,Slider Control,190,190,0.00,0.00,None,N/A,
215.1529,cer,SliderControl,Slider Control,190,190,0.00,0.00,None,N/A,
215.1624,cer,SliderControl,Slider Control,190,190,0.00,0.00,None,N/A,
215.1729,cer,SliderControl,Slider Control,190,190,0.00,0.00,None,N/A,
215.1828,cer,SliderControl,Slider Control,190,190,0.00,0.00,Left,N/A,
215.1923,cer,SliderControl,Slider Control,190,190,0.00,0.00,Left,N/A,
215.2028,cer,SliderControl,Slider Control,190,190,0.00,0.00,Left,N/A,
215.2123,cer,SliderControl,Slider Control,190,190,0.00,0.00,Left,N/A,
215.2228,cer,SliderControl,Slider Control,190,190,0.00,0.00,Left,N/A,
215.2329,cer,SliderControl,Slider Control,190,190,0.00,0.00,Left,N/A,
215.2424,cer,SliderControl,Slider Control,190,190,0.00,0.00,Left,N/A,
215.2529,cer,SliderControl,Slider Control,190,190,0.00,0.00,Left,N/A,
215.2624,cer,SliderControl,Slider Control,190,190,0.00,0.00,Left,N/A,
215.2729,cer,SliderControl,Slider Control,190,190,0.00,0.00,Left,N/A,
215.2825,cer,SliderControl,Slider Control,190,190,0.00,0.00,Left,N/A,
215.2925,cer,SliderControl,Slider Control,190,190,0.00,0.00,Left,N/A,
215.3029,cer,SliderControl,Slider Control,190,190,0.00,0.00,Left,N/A,
215.3125,cer,SliderControl,Slider Control,190,190,0.00,0.00,Left,N/A,
215.3220,cer,SliderControl,Slider Control,190,190,0.00,0.00,Left,N/A,
215.3326,cer,SliderControl,Slider Control,190,190,0.00,0.00,Left,N/A,
215.3430,cer,SliderControl,Slider Control,190,190,0.00,0.00,Left,N/A,
215.3522,cer,SliderControl,Slider Control,194,191,445.03,48035.36,Left,N/A,
215.3631,cer,SliderControl,Slider Control,201,192,650.50,18901.70,Left,N/A,
215.3721,cer,SliderControl,Slider Control,215,194,1573.84,102755.92,Left,N/A,
215.3821,cer,SliderControl,Slider Control,240,198,2529.09,95422.50,Left,N/A,
215.3926,cer,SliderControl,Slider Control,247,199,670.14,-176175.63,Left,N/A,
215.4023,cer,SliderControl,Slider Control,253,200,631.77,-3984.33,Left,N/A,
215.4126,cer,SliderControl,Slider Control,260,200,678.02,4478.91,Left,N/A,
215.4227,cer,SliderControl,Slider Control,263,200,298.08,-37750.48,Left,N/A,
215.4323,cer,SliderControl,Slider Control,265,200,208.14,-9360.29,Left,N/A,
215.4425,cer,SliderControl,Slider Control,269,200,389.58,17671.34,Left,N/A,
215.4524,cer,SliderControl,Slider Control,271,200,203.53,-18933.24,Left,N/A,
215.4627,cer,SliderControl,Slider Control,272,200,96.33,-10326.81,Left,N/A,
215.4721,cer,SliderControl,Slider Control,275,200,319.36,23743.35,Left,N/A,
215.4827,cer,SliderControl,Slider Control,276,200,94.61,-21264.06,Left,N/A,
215.4923,cer,SliderControl,Slider Control,278,200,207.47,11708.12,Left,N/A,
215.5023,cer,SliderControl,Slider Control,280,198,284.54,7752.67,Left,N/A,
215.5121,cer,SliderControl,Slider Control,282,198,202.83,-8286.57,Left,N/A,
215.5222,cer,SliderControl,Slider Control,284,197,223.42,2056.85,Left,N/A,
215.5324,cer,SliderControl,Slider Control,287,194,412.36,18364.14,Left,N/A,
215.5423,cer,SliderControl,Slider Control,288,193,144.09,-27333.16,Left,N/A,
215.5526,cer,SliderControl,Slider Control,290,192,216.98,7072.27,Left,N/A,
215.5627,cer,SliderControl,Slider Control,291,191,139.74,-7631.73,Left,N/A,
215.5722,cer,SliderControl,Slider Control,293,190,235.26,10049.43,Left,N/A,
215.5824,cer,SliderControl,Slider Control,294,189,137.99,-9490.68,Left,N/A,
215.5922,cer,SliderControl,Slider Control,295,188,144.67,683.03,Left,N/A,
215.6025,cer,SliderControl,Slider Control,297,187,216.94,7012.45,Left,N/A,
215.6129,cer,SliderControl,Slider Control,298,186,135.73,-7794.57,Left,N/A,
215.6225,cer,SliderControl,Slider Control,298,186,0.00,-14165.99,Left,N/A,
215.6324,cer,SliderControl,Slider Control,299,185,143.71,14604.33,Left,N/A,
215.6429,cer,SliderControl,Slider Control,299,185,0.00,-13628.90,Left,N/A,
215.6469,cer,SliderControl,Slider Control,299,185,0.00,0.00,None,N/A,slider_released_missed
215.6528,cer,SliderControl,Slider Control,299,185,0.00,0.00,None,N/A,
215.6626,cer,SliderControl,Slider Control,299,185,0.00,0.00,None,N/A,
215.6726,cer,SliderControl,Slider Control,299,185,0.00,0.00,None,N/A,
215.6822,cer,SliderControl,Slider Control,299,185,0.00,0.00,None,N/A,
215.6928,cer,SliderControl,Slider Control,299,185,0.00,0.00,None,N/A,
215.7023,cer,SliderControl,Slider Control,299,185,0.00,0.00,None,N/A,
215.7128,cer,SliderControl,Slider Control,299,185,0.00,0.00,None,N/A,
215.7224,cer,SliderControl,Slider Control,299,185,0.00,0.00,None,N/A,
215.7329,cer,SliderControl,Slider Control,299,185,0.00,0.00,None,N/A,
215.7424,cer,SliderControl,Slider Control,299,185,0.00,0.00,None,N/A,
215.7530,cer,SliderControl,Slider Control,299,185,0.00,0.00,None,N/A,
215.7626,cer,SliderControl,Slider Control,299,185,0.00,0.00,None,N/A,
215.7727,cer,SliderControl,Slider Control,299,185,0.00,0.00,None,N/A,
215.7823,cer,SliderControl,Slider Control,299,185,0.00,0.00,None,N/A,
215.7932,cer,SliderControl,Slider Control,299,185,0.00,0.00,None,N/A,
215.8029,cer,SliderControl,Slider Control,299,185,0.00,0.00,None,N/A,
215.8123,cer,SliderControl,Slider Control,299,185,0.00,0.00,None,N/A,
215.8232,cer,SliderControl,Slider Control,299,185,0.00,0.00,None,N/A,
215.8329,cer,SliderControl,Slider Control,299,185,0.00,0.00,None,N/A,
215.8428,cer,SliderControl,Slider Control,299,185,0.00,0.00,None,N/A,
215.8525,cer,SliderControl,Slider Control,299,185,0.00,0.00,None,N/A,
215.8620,cer,SliderControl,Slider Control,299,185,0.00,0.00,None,N/A,
215.8726,cer,SliderControl,Slider Control,299,185,0.00,0.00,None,N/A,
215.8821,cer,SliderControl,Slider Control,299,185,0.00,0.00,None,N/A,
215.8926,cer,SliderControl,Slider Control,299,185,0.00,0.00,None,N/A,
215.9021,cer,SliderControl,Slider Control,299,185,0.00,0.00,None,N/A,
215.9126,cer,SliderControl,Slider Control,299,185,0.00,0.00,None,N/A,
215.9223,cer,SliderControl,Slider Control,299,185,0.00,0.00,None,N/A,
215.9328,cer,SliderControl,Slider Control,299,185,0.00,0.00,None,N/A,
215.9422,cer,SliderControl,Slider Control,299,185,0.00,0.00,None,N/A,
215.9527,cer,SliderControl,Slider Control,299,185,0.00,0.00,None,N/A,
215.9676,cer,SliderControl,Slider Control,299,185,0.00,0.00,None,N/A,
215.9720,cer,SliderControl,Slider Control,299,185,0.00,0.00,None,N/A,
215.9823,cer,SliderControl,Slider Control,299,185,0.00,0.00,None,N/A,
215.9929,cer,SliderControl,Slider Control,299,185,0.00,0.00,None,N/A,
216.0028,cer,SliderControl,Slider Control,299,185,0.00,0.00,None,N/A,
216.0123,cer,SliderControl,Slider Control,299,185,0.00,0.00,None,N/A,
216.0228,cer,SliderControl,Slider Control,299,185,0.00,0.00,None,N/A,
216.0324,cer,SliderControl,Slider Control,299,185,0.00,0.00,None,N/A,
216.0429,cer,SliderControl,Slider Control,299,185,0.00,0.00,None,N/A,
216.0524,cer,SliderControl,Slider Control,299,185,0.00,0.00,None,N/A,
216.0628,cer,SliderControl,Slider Control,299,185,0.00,0.00,None,N/A,
216.0723,cer,SliderControl,Slider Control,299,185,0.00,0.00,None,N/A,
216.0829,cer,SliderControl,Slider Control,299,185,0.00,0.00,None,N/A,
216.0928,cer,SliderControl,Slider Control,299,185,0.00,0.00,None,N/A,
216.1025,cer,SliderControl,Slider Control,299,185,0.00,0.00,None,N/A,
216.1130,cer,SliderControl,Slider Control,299,185,0.00,0.00,None,N/A,
216.1225,cer,SliderControl,Slider Control,299,185,0.00,0.00,None,N/A,
216.1330,cer,SliderControl,Slider Control,299,185,0.00,0.00,None,N/A,
216.1425,cer,SliderControl,Slider Control,299,185,0.00,0.00,None,N/A,
216.1529,cer,SliderControl,Slider Control,299,185,0.00,0.00,None,N/A,
216.1620,cer,SliderControl,Slider Control,299,185,0.00,0.00,Left,N/A,
216.1725,cer,SliderControl,Slider Control,299,185,0.00,0.00,Left,N/A,
216.1830,cer,SliderControl,Slider Control,299,185,0.00,0.00,Left,N/A,
216.1924,cer,SliderControl,Slider Control,299,185,0.00,0.00,Left,N/A,
216.2028,cer,SliderControl,Slider Control,299,185,0.00,0.00,Left,N/A,
216.2122,cer,SliderControl,Slider Control,299,185,0.00,0.00,Left,N/A,
216.2227,cer,SliderControl,Slider Control,299,185,0.00,0.00,Left,N/A,
216.2323,cer,SliderControl,Slider Control,299,185,0.00,0.00,Left,N/A,
216.2423,cer,SliderControl,Slider Control,299,185,0.00,0.00,Left,N/A,
216.2528,cer,SliderControl,Slider Control,299,185,0.00,0.00,Left,N/A,
216.2624,cer,SliderControl,Slider Control,299,185,0.00,0.00,Left,N/A,
216.2729,cer,SliderControl,Slider Control,299,185,0.00,0.00,Left,N/A,
216.2825,cer,SliderControl,Slider Control,299,185,0.00,0.00,Left,N/A,
216.2929,cer,SliderControl,Slider Control,299,185,0.00,0.00,Left,N/A,
216.3023,cer,SliderControl,Slider Control,299,185,0.00,0.00,Left,N/A,
216.3127,cer,SliderControl,Slider Control,299,185,0.00,0.00,Left,N/A,
216.3223,cer,SliderControl,Slider Control,299,185,0.00,0.00,Left,N/A,
216.3328,cer,SliderControl,Slider Control,299,185,0.00,0.00,Left,N/A,
216.3422,cer,SliderControl,Slider Control,299,185,0.00,0.00,Left,N/A,
216.3438,cer,SliderControl,Slider Control,299,185,0.00,0.00,None,N/A,slider_released_missed
216.3522,cer,SliderControl,Slider Control,299,185,0.00,0.00,Left,N/A,
216.3627,cer,SliderControl,Slider Control,299,185,0.00,0.00,Left,N/A,
216.3722,cer,SliderControl,Slider Control,299,185,0.00,0.00,Left,N/A,
216.3828,cer,SliderControl,Slider Control,299,185,0.00,0.00,Left,N/A,
216.3922,cer,SliderControl,Slider Control,299,185,0.00,0.00,Left,N/A,
216.4030,cer,SliderControl,Slider Control,299,185,0.00,0.00,Left,N/A,
216.4125,cer,SliderControl,Slider Control,299,185,0.00,0.00,Left,N/A,
216.4221,cer,SliderControl,Slider Control,299,185,0.00,0.00,Left,N/A,
216.4326,cer,SliderControl,Slider Control,299,185,0.00,0.00,Left,N/A,
216.4421,cer,SliderControl,Slider Control,299,185,0.00,0.00,Left,N/A,
216.4525,cer,SliderControl,Slider Control,299,185,0.00,0.00,Left,N/A,
216.4630,cer,SliderControl,Slider Control,299,185,0.00,0.00,Left,N/A,
216.4726,cer,SliderControl,Slider Control,299,185,0.00,0.00,Left,N/A,
216.4821,cer,SliderControl,Slider Control,299,185,0.00,0.00,Left,N/A,
216.4926,cer,SliderControl,Slider Control,299,185,0.00,0.00,Left,N/A,
216.5020,cer,SliderControl,Slider Control,299,185,0.00,0.00,Left,N/A,
216.5126,cer,SliderControl,Slider Control,299,185,0.00,0.00,Left,N/A,
216.5225,cer,SliderControl,Slider Control,302,186,320.13,32407.69,Left,N/A,
216.5323,cer,SliderControl,Slider Control,306,188,457.12,14002.75,Left,N/A,
216.5422,cer,SliderControl,Slider Control,315,189,913.62,46057.42,Left,N/A,
216.5529,cer,SliderControl,Slider Control,318,190,295.78,-57789.44,Left,N/A,
216.5630,cer,SliderControl,Slider Control,321,190,296.83,103.46,Left,N/A,
216.5726,cer,SliderControl,Slider Control,327,190,619.83,33367.95,Left,N/A,
216.5821,cer,SliderControl,Slider Control,329,190,211.27,-43158.32,Left,N/A,
216.5929,cer,SliderControl,Slider Control,332,190,278.48,6239.25,Left,N/A,
216.6020,cer,SliderControl,Slider Control,335,190,329.63,5619.84,Left,N/A,
216.6121,cer,SliderControl,Slider Control,337,190,198.69,-13008.00,Left,N/A,
216.6224,cer,SliderControl,Slider Control,338,190,96.96,-9864.02,Left,N/A,
216.6321,cer,SliderControl,Slider Control,339,190,102.72,591.53,Left,N/A,
216.6423,cer,SliderControl,Slider Control,341,190,195.99,9139.37,Left,N/A,
216.6528,cer,SliderControl,Slider Control,342,190,95.34,-9595.64,Left,N/A,
216.6623,cer,SliderControl,Slider Control,342,190,0.00,-10062.79,Left,N/A,
216.6726,cer,SliderControl,Slider Control,343,190,96.79,9369.20,Left,N/A,
216.6821,cer,SliderControl,Slider Control,343,190,0.00,-10159.05,Left,N/A,
216.6925,cer,SliderControl,Slider Control,344,189,136.85,13242.10,Left,N/A,
216.7024,cer,SliderControl,Slider Control,344,189,0.00,-13730.23,Left,N/A,
216.7123,cer,SliderControl,Slider Control,345,189,101.27,10254.64,Left,N/A,
216.7221,cer,SliderControl,Slider Control,345,189,0.00,-10313.66,Left,N/A,
216.7328,cer,SliderControl,Slider Control,345,189,0.00,0.00,Left,N/A,
216.7423,cer,SliderControl,Slider Control,345,189,0.00,0.00,Left,N/A,
216.7529,cer,SliderControl,Slider Control,345,189,0.00,0.00,Left,N/A,
216.7625,cer,SliderControl,Slider Control,345,189,0.00,0.00,Left,N/A,
216.7730,cer,SliderControl,Slider Control,345,189,0.00,0.00,Left,N/A,
216.7825,cer,SliderControl,Slider Control,345,189,0.00,0.00,Left,N/A,
216.7921,cer,SliderControl,Slider Control,345,189,0.00,0.00,Left,N/A,
216.8029,cer,SliderControl,Slider Control,345,189,0.00,0.00,Left,N/A,
216.8123,cer,SliderControl,Slider Control,345,189,0.00,0.00,Left,N/A,
216.8224,cer,SliderControl,Slider Control,346,189,99.13,9826.83,Left,N/A,
216.8328,cer,SliderControl,Slider Control,347,188,136.77,3639.96,Left,N/A,
216.8422,cer,SliderControl,Slider Control,348,188,105.67,-3286.46,Left,N/A,
216.8529,cer,SliderControl,Slider Control,350,188,187.73,7702.62,Left,N/A,
216.8623,cer,SliderControl,Slider Control,353,188,320.45,14177.43,Left,N/A,
216.8727,cer,SliderControl,Slider Control,356,188,287.77,-3135.30,Left,N/A,
216.8822,cer,SliderControl,Slider Control,358,189,234.01,-5625.64,Left,N/A,
216.8927,cer,SliderControl,Slider Control,363,189,479.58,23553.75,Left,N/A,
216.9021,cer,SliderControl,Slider Control,364,189,106.15,-39638.79,Left,N/A,
216.9126,cer,SliderControl,Slider Control,365,189,94.66,-1087.18,Left,N/A,
216.9223,cer,SliderControl,Slider Control,368,189,311.66,22542.94,Left,N/A,
216.9326,cer,SliderControl,Slider Control,369,189,96.68,-20783.72,Left,N/A,
216.9423,cer,SliderControl,Slider Control,370,189,102.97,648.13,Left,N/A,
216.9522,cer,SliderControl,Slider Control,371,189,101.78,-121.56,Left,N/A,
216.9620,cer,SliderControl,Slider Control,372,188,143.15,4187.74,Left,N/A,
216.9725,cer,SliderControl,Slider Control,372,188,0.00,-13667.38,Left,N/A,
216.9822,cer,SliderControl,Slider Control,372,188,0.00,0.00,Left,N/A,
216.9830,cer,SliderControl,Slider Control,372,188,0.00,0.00,None,N/A,slider_released_missed
216.9925,cer,SliderControl,Slider Control,372,188,0.00,0.00,None,N/A,
217.0029,cer,SliderControl,Slider Control,372,188,0.00,0.00,None,N/A,
217.0125,cer,SliderControl,Slider Control,372,188,0.00,0.00,None,N/A,
217.0222,cer,SliderControl,Slider Control,372,188,0.00,0.00,None,N/A,
217.0327,cer,SliderControl,Slider Control,372,188,0.00,0.00,None,N/A,
217.0423,cer,SliderControl,Slider Control,372,188,0.00,0.00,None,N/A,
217.0528,cer,SliderControl,Slider Control,372,188,0.00,0.00,None,N/A,
217.0623,cer,SliderControl,Slider Control,372,188,0.00,0.00,None,N/A,
217.0728,cer,SliderControl,Slider Control,372,188,0.00,0.00,None,N/A,
217.0823,cer,SliderControl,Slider Control,372,188,0.00,0.00,None,N/A,
217.0929,cer,SliderControl,Slider Control,372,188,0.00,0.00,None,N/A,
217.1025,cer,SliderControl,Slider Control,372,188,0.00,0.00,None,N/A,
217.1130,cer,SliderControl,Slider Control,372,188,0.00,0.00,None,N/A,
217.1226,cer,SliderControl,Slider Control,372,188,0.00,0.00,None,N/A,
217.1322,cer,SliderControl,Slider Control,372,188,0.00,0.00,None,N/A,
217.1427,cer,SliderControl,Slider Control,372,188,0.00,0.00,None,N/A,
217.1521,cer,SliderControl,Slider Control,372,188,0.00,0.00,None,N/A,
217.1626,cer,SliderControl,Slider Control,372,188,0.00,0.00,None,N/A,
217.1721,cer,SliderControl,Slider Control,372,188,0.00,0.00,None,N/A,
217.1826,cer,SliderControl,Slider Control,372,188,0.00,0.00,None,N/A,
217.1926,cer,SliderControl,Slider Control,372,188,0.00,0.00,None,N/A,
217.2022,cer,SliderControl,Slider Control,372,188,0.00,0.00,None,N/A,
217.2126,cer,SliderControl,Slider Control,372,188,0.00,0.00,None,N/A,
217.2221,cer,SliderControl,Slider Control,372,188,0.00,0.00,None,N/A,
217.2326,cer,SliderControl,Slider Control,372,188,0.00,0.00,None,N/A,
217.2420,cer,SliderControl,Slider Control,372,188,0.00,0.00,None,N/A,
217.2525,cer,SliderControl,Slider Control,372,188,0.00,0.00,None,N/A,
217.2620,cer,SliderControl,Slider Control,372,188,0.00,0.00,None,N/A,
217.2727,cer,SliderControl,Slider Control,372,188,0.00,0.00,None,N/A,
217.2822,cer,SliderControl,Slider Control,372,188,0.00,0.00,None,N/A,
217.2931,cer,SliderControl,Slider Control,372,188,0.00,0.00,None,N/A,
217.3028,cer,SliderControl,Slider Control,372,188,0.00,0.00,None,N/A,
217.3122,cer,SliderControl,Slider Control,372,188,0.00,0.00,None,N/A,
217.3230,cer,SliderControl,Slider Control,372,188,0.00,0.00,None,N/A,
217.3324,cer,SliderControl,Slider Control,372,188,0.00,0.00,None,N/A,
217.3429,cer,SliderControl,Slider Control,372,188,0.00,0.00,None,N/A,
217.3525,cer,SliderControl,Slider Control,372,188,0.00,0.00,None,N/A,
217.3621,cer,SliderControl,Slider Control,372,188,0.00,0.00,None,N/A,
217.3725,cer,SliderControl,Slider Control,372,188,0.00,0.00,None,N/A,
217.3830,cer,SliderControl,Slider Control,372,188,0.00,0.00,None,N/A,
217.3925,cer,SliderControl,Slider Control,372,188,0.00,0.00,None,N/A,
217.4029,cer,SliderControl,Slider Control,372,188,0.00,0.00,None,N/A,
217.4124,cer,SliderControl,Slider Control,372,188,0.00,0.00,None,N/A,
217.4230,cer,SliderControl,Slider Control,372,188,0.00,0.00,None,N/A,
217.4322,cer,SliderControl,Slider Control,372,188,0.00,0.00,Left,N/A,
217.4425,cer,SliderControl,Slider Control,372,188,0.00,0.00,Left,N/A,
217.4530,cer,SliderControl,Slider Control,372,188,0.00,0.00,Left,N/A,
217.4625,cer,SliderControl,Slider Control,372,188,0.00,0.00,Left,N/A,
217.4721,cer,SliderControl,Slider Control,372,188,0.00,0.00,Left,N/A,
217.4826,cer,SliderControl,Slider Control,372,188,0.00,0.00,Left,N/A,
217.4920,cer,SliderControl,Slider Control,372,188,0.00,0.00,Left,N/A,
217.5025,cer,SliderControl,Slider Control,372,188,0.00,0.00,Left,N/A,
217.5130,cer,SliderControl,Slider Control,372,188,0.00,0.00,Left,N/A,
217.5227,cer,SliderControl,Slider Control,372,188,0.00,0.00,Left,N/A,
217.5322,cer,SliderControl,Slider Control,372,188,0.00,0.00,Left,N/A,
217.5426,cer,SliderControl,Slider Control,372,188,0.00,0.00,Left,N/A,
217.5520,cer,SliderControl,Slider Control,372,188,0.00,0.00,Left,N/A,
217.5625,cer,SliderControl,Slider Control,372,188,0.00,0.00,Left,N/A,
217.5721,cer,SliderControl,Slider Control,372,188,0.00,0.00,Left,N/A,
217.5826,cer,SliderControl,Slider Control,372,188,0.00,0.00,Left,N/A,
217.5921,cer,SliderControl,Slider Control,372,188,0.00,0.00,Left,N/A,
217.6025,cer,SliderControl,Slider Control,372,188,0.00,0.00,Left,N/A,
217.6127,cer,SliderControl,Slider Control,374,189,220.14,21672.25,Left,N/A,
217.6220,cer,SliderControl,Slider Control,376,190,239.41,2063.73,Left,N/A,
217.6327,cer,SliderControl,Slider Control,378,191,209.96,-2765.81,Left,N/A,
217.6420,cer,SliderControl,Slider Control,382,193,479.13,28838.55,Left,N/A,
217.6520,cer,SliderControl,Slider Control,384,194,223.15,-25545.87,Left,N/A,
217.6622,cer,SliderControl,Slider Control,385,195,139.26,-8261.26,Left,N/A,
217.6720,cer,SliderControl,Slider Control,388,196,321.73,18564.15,Left,N/A,
217.6830,cer,SliderControl,Slider Control,389,197,129.13,-17586.04,Left,N/A,
217.6928,cer,SliderControl,Slider Control,390,197,101.85,-2778.66,Left,N/A,
217.7024,cer,SliderControl,Slider Control,390,198,104.03,226.81,Left,N/A,
217.7129,cer,SliderControl,Slider Control,392,199,211.79,10205.72,Left,N/A,
217.7228,cer,SliderControl,Slider Control,392,199,0.00,-21571.07,Left,N/A,
217.7327,cer,SliderControl,Slider Control,393,199,100.45,10090.27,Left,N/A,
217.7420,cer,SliderControl,Slider Control,393,199,0.00,-10801.12,Left,N/A,
217.7531,cer,SliderControl,Slider Control,394,199,90.44,8178.56,Left,N/A,
217.7621,cer,SliderControl,Slider Control,394,199,0.00,-10044.58,Left,N/A,
217.7723,cer,SliderControl,Slider Control,394,199,0.00,0.00,Left,N/A,
217.7829,cer,SliderControl,Slider Control,394,199,0.00,0.00,Left,N/A,
217.7925,cer,SliderControl,Slider Control,394,199,0.00,0.00,Left,N/A,
217.8020,cer,SliderControl,Slider Control,394,198,106.13,11263.26,Left,N/A,
217.8128,cer,SliderControl,Slider Control,394,198,0.00,-9794.38,Left,N/A,
217.8223,cer,SliderControl,Slider Control,394,198,0.00,0.00,Left,N/A,
217.8329,cer,SliderControl,Slider Control,394,198,0.00,0.00,Left,N/A,
217.8424,cer,SliderControl,Slider Control,394,198,0.00,0.00,Left,N/A,
217.8520,cer,SliderControl,Slider Control,394,198,0.00,0.00,Left,N/A,
217.8625,cer,SliderControl,Slider Control,394,198,0.00,0.00,Left,N/A,
217.8720,cer,SliderControl,Slider Control,394,198,0.00,0.00,Left,N/A,
217.8825,cer,SliderControl,Slider Control,394,198,0.00,0.00,Left,N/A,
217.8930,cer,SliderControl,Slider Control,395,198,95.00,9024.41,Left,N/A,
217.9027,cer,SliderControl,Slider Control,395,198,0.00,-9861.79,Left,N/A,
217.9123,cer,SliderControl,Slider Control,395,198,0.00,0.00,Left,N/A,
217.9221,cer,SliderControl,Slider Control,396,198,102.19,10441.87,Left,N/A,
217.9325,cer,SliderControl,Slider Control,398,198,191.11,8496.66,Left,N/A,
217.9429,cer,SliderControl,Slider Control,400,198,193.74,255.25,Left,N/A,
217.9528,cer,SliderControl,Slider Control,402,198,202.35,871.47,Left,N/A,
217.9619,cer,SliderControl,Slider Control,407,198,545.15,37375.66,Left,N/A,
217.9726,cer,SliderControl,Slider Control,409,197,208.58,-31395.74,Left,N/A,
217.9829,cer,SliderControl,Slider Control,412,197,291.46,8051.73,Left,N/A,
217.9919,cer,SliderControl,Slider Control,418,196,677.06,42920.26,Left,N/A,
218.0029,cer,SliderControl,Slider Control,420,196,182.67,-45155.81,Left,N/A,
218.0136,cer,SliderControl,Slider Control,422,195,208.92,2452.42,Left,N/A,
218.0226,cer,SliderControl,Slider Control,426,195,441.85,25730.49,Left,N/A,
218.0326,cer,SliderControl,Slider Control,428,194,223.02,-21826.02,Left,N/A,
218.0420,cer,SliderControl,Slider Control,429,194,106.89,-12413.37,Left,N/A,
218.0527,cer,SliderControl,Slider Control,430,194,93.22,-1274.33,Left,N/A,
218.0628,cer,SliderControl,Slider Control,432,193,221.34,12681.66,Left,N/A,
218.0728,cer,SliderControl,Slider Control,433,193,100.04,-12134.65,Left,N/A,
218.0824,cer,SliderControl,Slider Control,434,192,148.10,5033.20,Left,N/A,
218.0926,cer,SliderControl,Slider Control,435,192,97.96,-4911.77,Left,N/A,
218.1021,cer,SliderControl,Slider Control,436,191,149.30,5419.49,Left,N/A,
218.1124,cer,SliderControl,Slider Control,436,191,0.00,-14394.18,Left,N/A,
218.1228,cer,SliderControl,Slider Control,437,190,136.46,13166.66,Left,N/A,
218.1324,cer,SliderControl,Slider Control,437,190,0.00,-14245.14,Left,N/A,
218.1428,cer,SliderControl,Slider Control,437,190,0.00,0.00,Left,N/A,
218.1520,cer,SliderControl,Slider Control,438,189,153.45,16650.35,Left,N/A,
218.1626,cer,SliderControl,Slider Control,438,189,0.00,-14530.62,Left,N/A,
218.1724,cer,SliderControl,Slider Control,439,188,143.28,14515.57,Left,N/A,
218.1824,cer,SliderControl,Slider Control,439,188,0.00,-14434.33,Left,N/A,
218.1926,cer,SliderControl,Slider Control,440,187,137.70,13407.38,Left,N/A,
218.2021,cer,SliderControl,Slider Control,440,187,0.00,-14478.92,Left,N/A,
218.2127,cer,SliderControl,Slider Control,440,187,0.00,0.00,Left,N/A,
218.2136,cer,SliderControl,Slider Control,440,187,0.00,0.00,None,N/A,slider_released_missed
218.2226,cer,SliderControl,Slider Control,440,187,0.00,0.00,None,N/A,
218.2320,cer,SliderControl,Slider Control,440,187,0.00,0.00,None,N/A,
218.2425,cer,SliderControl,Slider Control,440,187,0.00,0.00,None,N/A,
218.2529,cer,SliderControl,Slider Control,440,187,0.00,0.00,None,N/A,
218.2625,cer,SliderControl,Slider Control,440,187,0.00,0.00,None,N/A,
218.2720,cer,SliderControl,Slider Control,440,187,0.00,0.00,None,N/A,
218.2827,cer,SliderControl,Slider Control,440,187,0.00,0.00,None,N/A,
218.2921,cer,SliderControl,Slider Control,440,187,0.00,0.00,None,N/A,
218.3025,cer,SliderControl,Slider Control,440,187,0.00,0.00,None,N/A,
218.3129,cer,SliderControl,Slider Control,440,187,0.00,0.00,None,N/A,
218.3225,cer,SliderControl,Slider Control,440,187,0.00,0.00,None,N/A,
218.3329,cer,SliderControl,Slider Control,440,187,0.00,0.00,None,N/A,
218.3424,cer,SliderControl,Slider Control,440,187,0.00,0.00,None,N/A,
218.3529,cer,SliderControl,Slider Control,440,187,0.00,0.00,None,N/A,
218.3624,cer,SliderControl,Slider Control,440,187,0.00,0.00,None,N/A,
218.3730,cer,SliderControl,Slider Control,440,187,0.00,0.00,None,N/A,
218.3824,cer,SliderControl,Slider Control,440,187,0.00,0.00,None,N/A,
218.3929,cer,SliderControl,Slider Control,440,187,0.00,0.00,None,N/A,
218.4024,cer,SliderControl,Slider Control,440,187,0.00,0.00,None,N/A,
218.4129,cer,SliderControl,Slider Control,440,187,0.00,0.00,None,N/A,
218.4225,cer,SliderControl,Slider Control,440,187,0.00,0.00,None,N/A,
218.4329,cer,SliderControl,Slider Control,440,187,0.00,0.00,None,N/A,
218.4424,cer,SliderControl,Slider Control,440,187,0.00,0.00,None,N/A,
218.4528,cer,SliderControl,Slider Control,440,187,0.00,0.00,None,N/A,
218.4623,cer,SliderControl,Slider Control,440,187,0.00,0.00,None,N/A,
218.4730,cer,SliderControl,Slider Control,440,187,0.00,0.00,None,N/A,
218.4826,cer,SliderControl,Slider Control,440,187,0.00,0.00,None,N/A,
218.4920,cer,SliderControl,Slider Control,440,187,0.00,0.00,None,N/A,
218.5025,cer,SliderControl,Slider Control,440,187,0.00,0.00,None,N/A,
218.5130,cer,SliderControl,Slider Control,440,187,0.00,0.00,None,N/A,
218.5227,cer,SliderControl,Slider Control,440,187,0.00,0.00,None,N/A,
218.5322,cer,SliderControl,Slider Control,440,187,0.00,0.00,None,N/A,
218.5426,cer,SliderControl,Slider Control,440,187,0.00,0.00,None,N/A,
218.5530,cer,SliderControl,Slider Control,440,187,0.00,0.00,None,N/A,
218.5625,cer,SliderControl,Slider Control,440,187,0.00,0.00,None,N/A,
218.5720,cer,SliderControl,Slider Control,440,187,0.00,0.00,None,N/A,
218.5826,cer,SliderControl,Slider Control,440,187,0.00,0.00,None,N/A,
218.5922,cer,SliderControl,Slider Control,440,187,0.00,0.00,None,N/A,
218.6026,cer,SliderControl,Slider Control,440,187,0.00,0.00,None,N/A,
218.6120,cer,SliderControl,Slider Control,440,187,0.00,0.00,None,N/A,
218.6225,cer,SliderControl,Slider Control,440,187,0.00,0.00,None,N/A,
218.6329,cer,SliderControl,Slider Control,440,187,0.00,0.00,None,N/A,
218.6424,cer,SliderControl,Slider Control,440,187,0.00,0.00,None,N/A,
218.6528,cer,SliderControl,Slider Control,440,187,0.00,0.00,None,N/A,
218.6623,cer,SliderControl,Slider Control,440,187,0.00,0.00,None,N/A,
218.6729,cer,SliderControl,Slider Control,440,187,0.00,0.00,None,N/A,
218.6823,cer,SliderControl,Slider Control,440,187,0.00,0.00,None,N/A,
218.6929,cer,SliderControl,Slider Control,440,187,0.00,0.00,None,N/A,
218.7029,cer,SliderControl,Slider Control,439,188,141.37,14132.73,None,N/A,
218.7122,cer,SliderControl,Slider Control,439,188,0.00,-15234.75,None,N/A,
218.7227,cer,SliderControl,Slider Control,439,188,0.00,0.00,None,N/A,
218.7324,cer,SliderControl,Slider Control,439,189,103.33,10677.80,None,N/A,
218.7428,cer,SliderControl,Slider Control,439,189,0.00,-9880.81,None,N/A,
218.7525,cer,SliderControl,Slider Control,439,189,0.00,0.00,None,N/A,
218.7624,cer,SliderControl,Slider Control,439,190,100.25,10049.80,None,N/A,
218.7724,cer,SliderControl,Slider Control,439,190,0.00,-10087.17,None,N/A,
218.7824,cer,SliderControl,Slider Control,439,190,0.00,0.00,None,N/A,
218.7922,cer,SliderControl,Slider Control,439,190,0.00,0.00,None,N/A,
218.8027,cer,SliderControl,Slider Control,439,190,0.00,0.00,None,N/A,
218.8129,cer,SliderControl,Slider Control,439,190,0.00,0.00,None,N/A,
218.8223,cer,SliderControl,Slider Control,439,190,0.00,0.00,None,N/A,
218.8328,cer,SliderControl,Slider Control,439,190,0.00,0.00,None,N/A,
218.8424,cer,SliderControl,Slider Control,439,190,0.00,0.00,None,N/A,
218.8521,cer,SliderControl,Slider Control,439,190,0.00,0.00,None,N/A,
218.8628,cer,SliderControl,Slider Control,438,190,93.13,8673.23,None,N/A,
218.8723,cer,SliderControl,Slider Control,438,190,0.00,-9793.32,None,N/A,
218.8828,cer,SliderControl,Slider Control,438,190,0.00,0.00,None,N/A,
218.8923,cer,SliderControl,Slider Control,438,190,0.00,0.00,None,N/A,
218.9028,cer,SliderControl,Slider Control,438,190,0.00,0.00,None,N/A,
218.9123,cer,SliderControl,Slider Control,438,190,0.00,0.00,None,N/A,
218.9230,cer,SliderControl,Slider Control,438,190,0.00,0.00,None,N/A,
218.9324,cer,SliderControl,Slider Control,438,190,0.00,0.00,None,N/A,
218.9428,cer,SliderControl,Slider Control,438,190,0.00,0.00,None,N/A,
218.9522,cer,SliderControl,Slider Control,438,190,0.00,0.00,None,N/A,
218.9627,cer,SliderControl,Slider Control,438,190,0.00,0.00,None,N/A,
218.9723,cer,SliderControl,Slider Control,438,190,0.00,0.00,None,N/A,
218.9828,cer,SliderControl,Slider Control,438,190,0.00,0.00,None,N/A,
218.9922,cer,SliderControl,Slider Control,438,190,0.00,0.00,None,N/A,
219.0026,cer,SliderControl,Slider Control,438,190,0.00,0.00,None,N/A,
219.0122,cer,SliderControl,Slider Control,438,190,0.00,0.00,None,N/A,
219.0228,cer,SliderControl,Slider Control,438,190,0.00,0.00,None,N/A,
219.0325,cer,SliderControl,Slider Control,438,190,0.00,0.00,None,N/A,
219.0429,cer,SliderControl,Slider Control,438,190,0.00,0.00,None,N/A,
219.0523,cer,SliderControl,Slider Control,438,190,0.00,0.00,None,N/A,
219.0628,cer,SliderControl,Slider Control,438,190,0.00,0.00,None,N/A,
219.0727,cer,SliderControl,Slider Control,438,190,0.00,0.00,None,N/A,
219.0828,cer,SliderControl,Slider Control,438,190,0.00,0.00,Left,N/A,
219.0923,cer,SliderControl,Slider Control,438,190,0.00,0.00,Left,N/A,
219.1028,cer,SliderControl,Slider Control,438,190,0.00,0.00,Left,N/A,
219.1122,cer,SliderControl,Slider Control,438,190,0.00,0.00,Left,N/A,
219.1228,cer,SliderControl,Slider Control,438,190,0.00,0.00,Left,N/A,
219.1323,cer,SliderControl,Slider Control,438,190,0.00,0.00,Left,N/A,
219.1428,cer,SliderControl,Slider Control,438,190,0.00,0.00,Left,N/A,
219.1523,cer,SliderControl,Slider Control,438,190,0.00,0.00,Left,N/A,
219.1628,cer,SliderControl,Slider Control,438,190,0.00,0.00,Left,N/A,
219.1724,cer,SliderControl,Slider Control,438,190,0.00,0.00,Left,N/A,
219.1829,cer,SliderControl,Slider Control,438,190,0.00,0.00,Left,N/A,
219.1924,cer,SliderControl,Slider Control,438,190,0.00,0.00,Left,N/A,
219.2028,cer,SliderControl,Slider Control,438,190,0.00,0.00,Left,N/A,
219.2124,cer,SliderControl,Slider Control,438,190,0.00,0.00,Left,N/A,
219.2220,cer,SliderControl,Slider Control,438,190,0.00,0.00,Left,N/A,
219.2325,cer,SliderControl,Slider Control,438,190,0.00,0.00,Left,N/A,
219.2429,cer,SliderControl,Slider Control,438,190,0.00,0.00,Left,N/A,
219.2523,cer,SliderControl,Slider Control,438,190,0.00,0.00,Left,N/A,
219.2627,cer,SliderControl,Slider Control,438,190,0.00,0.00,Left,N/A,
219.2724,cer,SliderControl,Slider Control,440,190,208.01,21633.98,Left,N/A,
219.2822,cer,SliderControl,Slider Control,446,191,618.23,41692.67,Left,N/A,
219.2920,cer,SliderControl,Slider Control,449,191,305.04,-31844.76,Left,N/A,
219.3025,cer,SliderControl,Slider Control,452,192,303.62,-136.55,Left,N/A,
219.3125,cer,SliderControl,Slider Control,457,192,497.37,19273.00,Left,N/A,
219.3228,cer,SliderControl,Slider Control,459,193,217.24,-27215.08,Left,N/A,
219.3323,cer,SliderControl,Slider Control,461,193,210.97,-660.97,Left,N/A,
219.3425,cer,SliderControl,Slider Control,462,193,98.09,-11072.51,Left,N/A,
219.3520,cer,SliderControl,Slider Control,465,193,314.42,22671.63,Left,N/A,
219.3629,cer,SliderControl,Slider Control,466,193,91.87,-20445.73,Left,N/A,
219.3725,cer,SliderControl,Slider Control,467,193,104.33,1299.66,Left,N/A,
219.3824,cer,SliderControl,Slider Control,468,193,100.97,-339.55,Left,N/A,
219.3920,cer,SliderControl,Slider Control,469,192,147.02,4787.44,Left,N/A,
219.4026,cer,SliderControl,Slider Control,469,192,0.00,-13871.19,Left,N/A,
219.4120,cer,SliderControl,Slider Control,470,191,150.43,16000.63,Left,N/A,
219.4226,cer,SliderControl,Slider Control,471,191,94.50,-5285.02,Left,N/A,
219.4324,cer,SliderControl,Slider Control,471,191,0.00,-9609.26,Left,N/A,
219.4420,cer,SliderControl,Slider Control,472,190,147.00,15279.34,Left,N/A,
219.4521,cer,SliderControl,Slider Control,473,190,99.92,-4704.15,Left,N/A,
219.4625,cer,SliderControl,Slider Control,473,189,96.11,-365.93,Left,N/A,
219.4730,cer,SliderControl,Slider Control,473,189,0.00,-9117.90,Left,N/A,
219.4805,cer,SliderControl,Slider Control,473,189,0.00,0.00,None,N/A,slider_released_missed
219.4829,cer,SliderControl,Slider Control,473,189,0.00,0.00,None,N/A,
219.4923,cer,SliderControl,Slider Control,473,189,0.00,0.00,None,N/A,
219.5028,cer,SliderControl,Slider Control,473,189,0.00,0.00,None,N/A,
219.5123,cer,SliderControl,Slider Control,473,189,0.00,0.00,None,N/A,
219.5228,cer,SliderControl,Slider Control,473,189,0.00,0.00,None,N/A,
219.5323,cer,SliderControl,Slider Control,473,189,0.00,0.00,None,N/A,
219.5429,cer,SliderControl,Slider Control,473,189,0.00,0.00,None,N/A,
219.5524,cer,SliderControl,Slider Control,473,189,0.00,0.00,None,N/A,
219.5629,cer,SliderControl,Slider Control,473,189,0.00,0.00,None,N/A,
219.5725,cer,SliderControl,Slider Control,473,189,0.00,0.00,None,N/A,
219.5830,cer,SliderControl,Slider Control,473,189,0.00,0.00,None,N/A,
219.5924,cer,SliderControl,Slider Control,473,189,0.00,0.00,None,N/A,
219.6028,cer,SliderControl,Slider Control,473,189,0.00,0.00,None,N/A,
219.6124,cer,SliderControl,Slider Control,473,189,0.00,0.00,None,N/A,
219.6232,cer,SliderControl,Slider Control,473,189,0.00,0.00,None,N/A,
219.6332,cer,SliderControl,Slider Control,473,189,0.00,0.00,None,N/A,
219.6432,cer,SliderControl,Slider Control,473,189,0.00,0.00,None,N/A,
219.6530,cer,SliderControl,Slider Control,473,189,0.00,0.00,None,N/A,
219.6626,cer,SliderControl,Slider Control,473,189,0.00,0.00,None,N/A,
219.6722,cer,SliderControl,Slider Control,473,189,0.00,0.00,None,N/A,
219.6828,cer,SliderControl,Slider Control,473,189,0.00,0.00,None,N/A,
219.6928,cer,SliderControl,Slider Control,473,189,0.00,0.00,None,N/A,
219.7024,cer,SliderControl,Slider Control,473,189,0.00,0.00,None,N/A,
219.7129,cer,SliderControl,Slider Control,473,189,0.00,0.00,None,N/A,
219.7225,cer,SliderControl,Slider Control,473,189,0.00,0.00,None,N/A,
219.7330,cer,SliderControl,Slider Control,473,189,0.00,0.00,None,N/A,
219.7427,cer,SliderControl,Slider Control,473,189,0.00,0.00,None,N/A,
219.7525,cer,SliderControl,Slider Control,473,189,0.00,0.00,None,N/A,
219.7630,cer,SliderControl,Slider Control,473,189,0.00,0.00,None,N/A,
219.7730,cer,SliderControl,Slider Control,473,189,0.00,0.00,None,N/A,
219.7825,cer,SliderControl,Slider Control,473,189,0.00,0.00,None,N/A,
219.7920,cer,SliderControl,Slider Control,473,189,0.00,0.00,None,N/A,
219.8026,cer,SliderControl,Slider Control,473,189,0.00,0.00,None,N/A,
219.8122,cer,SliderControl,Slider Control,473,189,0.00,0.00,None,N/A,
219.8228,cer,SliderControl,Slider Control,473,189,0.00,0.00,None,N/A,
219.8322,cer,SliderControl,Slider Control,473,189,0.00,0.00,Left,N/A,
219.8427,cer,SliderControl,Slider Control,473,189,0.00,0.00,Left,N/A,
219.8522,cer,SliderControl,Slider Control,473,189,0.00,0.00,Left,N/A,
219.8628,cer,SliderControl,Slider Control,473,189,0.00,0.00,Left,N/A,
219.8724,cer,SliderControl,Slider Control,473,189,0.00,0.00,Left,N/A,
219.8828,cer,SliderControl,Slider Control,473,189,0.00,0.00,Left,N/A,
219.8923,cer,SliderControl,Slider Control,473,189,0.00,0.00,Left,N/A,
219.9028,cer,SliderControl,Slider Control,473,189,0.00,0.00,Left,N/A,
219.9123,cer,SliderControl,Slider Control,473,189,0.00,0.00,Left,N/A,
219.9229,cer,SliderControl,Slider Control,473,189,0.00,0.00,Left,N/A,
219.9325,cer,SliderControl,Slider Control,473,189,0.00,0.00,Left,N/A,
219.9429,cer,SliderControl,Slider Control,473,189,0.00,0.00,Left,N/A,
219.9525,cer,SliderControl,Slider Control,473,189,0.00,0.00,Left,N/A,
219.9629,cer,SliderControl,Slider Control,473,189,0.00,0.00,Left,N/A,
219.9725,cer,SliderControl,Slider Control,473,189,0.00,0.00,Left,N/A,
219.9830,cer,SliderControl,Slider Control,473,189,0.00,0.00,Left,N/A,
219.9929,cer,SliderControl,Slider Control,473,189,0.00,0.00,Left,N/A,
220.0026,cer,SliderControl,Slider Control,473,189,0.00,0.00,Left,N/A,
220.0121,cer,SliderControl,Slider Control,473,189,0.00,0.00,Left,N/A,
220.0226,cer,SliderControl,Slider Control,473,189,0.00,0.00,Left,N/A,
220.0324,cer,SliderControl,Slider Control,473,189,0.00,0.00,Left,N/A,
220.0429,cer,SliderControl,Slider Control,473,189,0.00,0.00,Left,N/A,
220.0482,cer,SliderControl,Slider Control,473,189,0.00,0.00,None,N/A,slider_released_missed
220.0524,cer,SliderControl,Slider Control,473,189,0.00,0.00,Left,N/A,
220.0630,cer,SliderControl,Slider Control,473,189,0.00,0.00,Left,N/A,
220.0728,cer,SliderControl,Slider Control,473,189,0.00,0.00,Left,N/A,
220.0823,cer,SliderControl,Slider Control,473,189,0.00,0.00,Left,N/A,
220.0928,cer,SliderControl,Slider Control,473,189,0.00,0.00,Left,N/A,
220.1024,cer,SliderControl,Slider Control,473,189,0.00,0.00,Left,N/A,
220.1130,cer,SliderControl,Slider Control,473,189,0.00,0.00,Left,N/A,
220.1226,cer,SliderControl,Slider Control,473,189,0.00,0.00,Left,N/A,
220.1321,cer,SliderControl,Slider Control,473,189,0.00,0.00,Left,N/A,
220.1429,cer,SliderControl,Slider Control,473,189,0.00,0.00,Left,N/A,
220.1525,cer,SliderControl,Slider Control,473,189,0.00,0.00,Left,N/A,
220.1630,cer,SliderControl,Slider Control,473,189,0.00,0.00,Left,N/A,
220.1726,cer,SliderControl,Slider Control,473,189,0.00,0.00,Left,N/A,
220.1820,cer,SliderControl,Slider Control,473,189,0.00,0.00,Left,N/A,
220.1924,cer,SliderControl,Slider Control,473,189,0.00,0.00,Left,N/A,
220.2029,cer,SliderControl,Slider Control,473,189,0.00,0.00,Left,N/A,
220.2132,cer,SliderControl,Slider Control,473,189,0.00,0.00,Left,N/A,
220.2228,cer,SliderControl,Slider Control,473,189,0.00,0.00,Left,N/A,
220.2323,cer,SliderControl,Slider Control,473,189,0.00,0.00,Left,N/A,
220.2431,cer,SliderControl,Slider Control,473,189,0.00,0.00,Left,N/A,
220.2527,cer,SliderControl,Slider Control,473,189,0.00,0.00,Left,N/A,
220.2622,cer,SliderControl,Slider Control,473,189,0.00,0.00,Left,N/A,
220.2723,cer,SliderControl,Slider Control,473,189,0.00,0.00,Left,N/A,
220.2827,cer,SliderControl,Slider Control,473,189,0.00,0.00,Left,N/A,
220.2927,cer,SliderControl,Slider Control,478,189,499.37,49873.97,Left,N/A,
220.3028,cer,SliderControl,Slider Control,481,188,313.79,-18414.92,Left,N/A,
220.3127,cer,SliderControl,Slider Control,484,188,301.99,-1187.29,Left,N/A,
220.3225,cer,SliderControl,Slider Control,489,188,508.04,20936.32,Left,N/A,
220.3330,cer,SliderControl,Slider Control,491,188,191.48,-30307.86,Left,N/A,
220.3429,cer,SliderControl,Slider Control,492,188,100.51,-9143.51,Left,N/A,
220.3520,cer,SliderControl,Slider Control,495,188,332.53,25717.43,Left,N/A,
220.3626,cer,SliderControl,Slider Control,496,188,94.07,-22432.50,Left,N/A,
220.3722,cer,SliderControl,Slider Control,497,188,103.92,1023.13,Left,N/A,
220.3824,cer,SliderControl,Slider Control,499,187,218.91,11258.21,Left,N/A,
220.3920,cer,SliderControl,Slider Control,500,187,104.51,-11956.45,Left,N/A,
220.4027,cer,SliderControl,Slider Control,500,187,0.00,-9757.31,Left,N/A,
220.4133,cer,SliderControl,Slider Control,501,187,94.50,8929.92,Left,N/A,
220.4228,cer,SliderControl,Slider Control,502,187,105.45,1154.34,Left,N/A,
220.4321,cer,SliderControl,Slider Control,502,187,0.00,-11290.47,Left,N/A,
220.4427,cer,SliderControl,Slider Control,502,187,0.00,0.00,Left,N/A,
220.4520,cer,SliderControl,Slider Control,503,186,150.78,16076.38,Left,N/A,
220.4623,cer,SliderControl,Slider Control,503,186,0.00,-14662.29,Left,N/A,
220.4729,cer,SliderControl,Slider Control,503,186,0.00,0.00,Left,N/A,
220.4827,cer,SliderControl,Slider Control,503,186,0.00,0.00,Left,N/A,
220.4923,cer,SliderControl,Slider Control,503,186,0.00,0.00,Left,N/A,
220.5028,cer,SliderControl,Slider Control,503,186,0.00,0.00,Left,N/A,
220.5120,cer,SliderControl,Slider Control,504,185,153.98,16764.65,Left,N/A,
220.5225,cer,SliderControl,Slider Control,504,185,0.00,-14652.53,Left,N/A,
220.5329,cer,SliderControl,Slider Control,504,185,0.00,0.00,Left,N/A,
220.5427,cer,SliderControl,Slider Control,504,184,102.40,10485.25,Left,N/A,
220.5498,cer,SliderControl,Slider Control,504,184,102.40,0.00,None,N/A,slider_released_missed
220.5526,cer,SliderControl,Slider Control,504,184,0.00,-10312.04,None,N/A,
220.5621,cer,SliderControl,Slider Control,504,184,0.00,0.00,None,N/A,
220.5726,cer,SliderControl,Slider Control,504,184,0.00,0.00,None,N/A,
220.5821,cer,SliderControl,Slider Control,504,184,0.00,0.00,None,N/A,
220.5929,cer,SliderControl,Slider Control,504,184,0.00,0.00,None,N/A,
220.6025,cer,SliderControl,Slider Control,504,184,0.00,0.00,None,N/A,
220.6120,cer,SliderControl,Slider Control,504,184,0.00,0.00,None,N/A,
220.6232,cer,SliderControl,Slider Control,504,184,0.00,0.00,None,N/A,
220.6328,cer,SliderControl,Slider Control,504,184,0.00,0.00,None,N/A,
220.6426,cer,SliderControl,Slider Control,504,184,0.00,0.00,None,N/A,
220.6522,cer,SliderControl,Slider Control,504,184,0.00,0.00,None,N/A,
220.6628,cer,SliderControl,Slider Control,504,184,0.00,0.00,None,N/A,
220.6723,cer,SliderControl,Slider Control,504,184,0.00,0.00,None,N/A,
220.6829,cer,SliderControl,Slider Control,504,184,0.00,0.00,None,N/A,
220.6924,cer,SliderControl,Slider Control,504,184,0.00,0.00,None,N/A,
220.7030,cer,SliderControl,Slider Control,504,184,0.00,0.00,None,N/A,
220.7124,cer,SliderControl,Slider Control,504,184,0.00,0.00,None,N/A,
220.7233,cer,SliderControl,Slider Control,504,184,0.00,0.00,None,N/A,
220.7330,cer,SliderControl,Slider Control,504,184,0.00,0.00,None,N/A,
220.7430,cer,SliderControl,Slider Control,504,184,0.00,0.00,None,N/A,
220.7531,cer,SliderControl,Slider Control,504,184,0.00,0.00,None,N/A,
220.7628,cer,SliderControl,Slider Control,504,184,0.00,0.00,None,N/A,
220.7727,cer,SliderControl,Slider Control,504,184,0.00,0.00,None,N/A,
220.7828,cer,SliderControl,Slider Control,504,184,0.00,0.00,None,N/A,
220.7928,cer,SliderControl,Slider Control,504,184,0.00,0.00,None,N/A,
220.8025,cer,SliderControl,Slider Control,504,184,0.00,0.00,None,N/A,
220.8120,cer,SliderControl,Slider Control,504,184,0.00,0.00,None,N/A,
220.8225,cer,SliderControl,Slider Control,504,184,0.00,0.00,None,N/A,
220.8330,cer,SliderControl,Slider Control,504,184,0.00,0.00,None,N/A,
220.8425,cer,SliderControl,Slider Control,504,184,0.00,0.00,None,N/A,
220.8520,cer,SliderControl,Slider Control,504,184,0.00,0.00,None,N/A,
220.8626,cer,SliderControl,Slider Control,504,184,0.00,0.00,None,N/A,
220.8724,cer,SliderControl,Slider Control,504,184,0.00,0.00,None,N/A,
220.8829,cer,SliderControl,Slider Control,504,184,0.00,0.00,None,N/A,
220.8924,cer,SliderControl,Slider Control,504,184,0.00,0.00,None,N/A,
220.9030,cer,SliderControl,Slider Control,504,184,0.00,0.00,None,N/A,
220.9125,cer,SliderControl,Slider Control,504,184,0.00,0.00,None,N/A,
220.9225,cer,SliderControl,Slider Control,504,184,0.00,0.00,None,N/A,
220.9330,cer,SliderControl,Slider Control,504,184,0.00,0.00,None,N/A,
220.9426,cer,SliderControl,Slider Control,504,184,0.00,0.00,None,N/A,
220.9522,cer,SliderControl,Slider Control,504,184,0.00,0.00,None,N/A,
220.9628,cer,SliderControl,Slider Control,504,184,0.00,0.00,None,N/A,
220.9721,cer,SliderControl,Slider Control,504,184,0.00,0.00,None,N/A,
220.9826,cer,SliderControl,Slider Control,504,184,0.00,0.00,None,N/A,
220.9920,cer,SliderControl,Slider Control,504,184,0.00,0.00,None,N/A,
221.0024,cer,SliderControl,Slider Control,504,184,0.00,0.00,None,N/A,
221.0129,cer,SliderControl,Slider Control,504,184,0.00,0.00,None,N/A,
221.0231,cer,SliderControl,Slider Control,504,184,0.00,0.00,None,N/A,
221.0326,cer,SliderControl,Slider Control,504,184,0.00,0.00,None,N/A,
221.0421,cer,SliderControl,Slider Control,504,184,0.00,0.00,None,N/A,
221.0527,cer,SliderControl,Slider Control,504,184,0.00,0.00,None,N/A,
221.0624,cer,SliderControl,Slider Control,503,185,145.01,14868.28,None,N/A,
221.0724,cer,SliderControl,Slider Control,502,185,100.04,-4498.30,None,N/A,
221.0824,cer,SliderControl,Slider Control,501,186,141.31,4123.92,None,N/A,
221.0926,cer,SliderControl,Slider Control,501,186,0.00,-13846.16,None,N/A,
221.1026,cer,SliderControl,Slider Control,500,187,141.15,14087.70,None,N/A,
221.1129,cer,SliderControl,Slider Control,499,187,97.77,-4241.32,None,N/A,
221.1220,cer,SliderControl,Slider Control,499,187,0.00,-10744.24,None,N/A,
221.1330,cer,SliderControl,Slider Control,498,188,128.62,11698.03,None,N/A,
221.1426,cer,SliderControl,Slider Control,498,188,0.00,-13341.20,None,N/A,
221.1520,cer,SliderControl,Slider Control,498,188,0.00,0.00,None,N/A,
221.1625,cer,SliderControl,Slider Control,498,188,0.00,0.00,None,N/A,
221.1725,cer,SliderControl,Slider Control,499,188,100.38,10076.27,None,N/A,
221.1824,cer,SliderControl,Slider Control,499,187,100.41,3.14,None,N/A,
221.1920,cer,SliderControl,Slider Control,499,187,0.00,-10461.73,None,N/A,
221.2025,cer,SliderControl,Slider Control,499,187,0.00,0.00,None,N/A,
221.2130,cer,SliderControl,Slider Control,499,187,0.00,0.00,None,N/A,
221.2225,cer,SliderControl,Slider Control,499,187,0.00,0.00,None,N/A,
221.2329,cer,SliderControl,Slider Control,499,187,0.00,0.00,None,N/A,
221.2424,cer,SliderControl,Slider Control,499,187,0.00,0.00,None,N/A,
221.2529,cer,SliderControl,Slider Control,499,187,0.00,0.00,None,N/A,
221.2625,cer,SliderControl,Slider Control,499,187,0.00,0.00,None,N/A,
221.2722,cer,SliderControl,Slider Control,499,187,0.00,0.00,None,N/A,
221.2826,cer,SliderControl,Slider Control,499,187,0.00,0.00,None,N/A,
221.2921,cer,SliderControl,Slider Control,499,187,0.00,0.00,None,N/A,
221.3026,cer,SliderControl,Slider Control,499,187,0.00,0.00,None,N/A,
221.3120,cer,SliderControl,Slider Control,499,187,0.00,0.00,None,N/A,
221.3228,cer,SliderControl,Slider Control,499,187,0.00,0.00,None,N/A,
221.3324,cer,SliderControl,Slider Control,499,187,0.00,0.00,None,N/A,
221.3429,cer,SliderControl,Slider Control,499,187,0.00,0.00,None,N/A,
221.3522,cer,SliderControl,Slider Control,499,187,0.00,0.00,None,N/A,
221.3629,cer,SliderControl,Slider Control,499,187,0.00,0.00,None,N/A,
221.3724,cer,SliderControl,Slider Control,499,187,0.00,0.00,Left,N/A,
221.3829,cer,SliderControl,Slider Control,499,187,0.00,0.00,Left,N/A,
221.3924,cer,SliderControl,Slider Control,499,187,0.00,0.00,Left,N/A,
221.4029,cer,SliderControl,Slider Control,499,187,0.00,0.00,Left,N/A,
221.4124,cer,SliderControl,Slider Control,499,187,0.00,0.00,Left,N/A,
221.4224,cer,SliderControl,Slider Control,499,187,0.00,0.00,Left,N/A,
221.4329,cer,SliderControl,Slider Control,499,187,0.00,0.00,Left,N/A,
221.4424,cer,SliderControl,Slider Control,499,187,0.00,0.00,Left,N/A,
221.4527,cer,SliderControl,Slider Control,499,187,0.00,0.00,Left,N/A,
221.4622,cer,SliderControl,Slider Control,499,187,0.00,0.00,Left,N/A,
221.4728,cer,SliderControl,Slider Control,499,187,0.00,0.00,Left,N/A,
221.4823,cer,SliderControl,Slider Control,499,187,0.00,0.00,Left,N/A,
221.4928,cer,SliderControl,Slider Control,499,187,0.00,0.00,Left,N/A,
221.5023,cer,SliderControl,Slider Control,499,187,0.00,0.00,Left,N/A,
221.5130,cer,SliderControl,Slider Control,499,187,0.00,0.00,Left,N/A,
221.5221,cer,SliderControl,Slider Control,499,187,0.00,0.00,Left,N/A,
221.5325,cer,SliderControl,Slider Control,499,187,0.00,0.00,Left,N/A,
221.5430,cer,SliderControl,Slider Control,499,187,0.00,0.00,Left,N/A,
221.5526,cer,SliderControl,Slider Control,499,187,0.00,0.00,Left,N/A,
221.5621,cer,SliderControl,Slider Control,499,187,0.00,0.00,Left,N/A,
221.5728,cer,SliderControl,Slider Control,499,187,0.00,0.00,Left,N/A,
221.5821,cer,SliderControl,Slider Control,501,187,215.36,23190.63,Left,N/A,
221.5921,cer,SliderControl,Slider Control,505,187,402.71,18861.32,Left,N/A,
221.6027,cer,SliderControl,Slider Control,509,186,386.28,-1538.70,Left,N/A,
221.6127,cer,SliderControl,Slider Control,516,186,702.97,31802.53,Left,N/A,
221.6221,cer,SliderControl,Slider Control,519,185,335.42,-38985.42,Left,N/A,
221.6328,cer,SliderControl,Slider Control,521,185,186.84,-13880.50,Left,N/A,
221.6424,cer,SliderControl,Slider Control,525,184,428.82,25167.66,Left,N/A,
221.6521,cer,SliderControl,Slider Control,527,184,206.85,-22957.48,Left,N/A,
221.6625,cer,SliderControl,Slider Control,528,184,96.46,-10647.74,Left,N/A,
221.6722,cer,SliderControl,Slider Control,529,184,102.94,666.97,Left,N/A,
221.6830,cer,SliderControl,Slider Control,531,184,185.77,7693.80,Left,N/A,
221.6930,cer,SliderControl,Slider Control,531,184,0.00,-18491.44,Left,N/A,
221.7028,cer,SliderControl,Slider Control,532,184,102.10,10424.59,Left,N/A,
221.7128,cer,SliderControl,Slider Control,532,184,0.00,-10240.62,Left,N/A,
221.7225,cer,SliderControl,Slider Control,533,184,102.59,10524.78,Left,N/A,
221.7329,cer,SliderControl,Slider Control,533,184,0.00,-9874.36,Left,N/A,
221.7429,cer,SliderControl,Slider Control,534,184,100.30,10060.85,Left,N/A,
221.7530,cer,SliderControl,Slider Control,534,184,0.00,-9958.92,Left,N/A,
221.7625,cer,SliderControl,Slider Control,534,184,0.00,0.00,Left,N/A,
221.7721,cer,SliderControl,Slider Control,534,184,0.00,0.00,Left,N/A,
221.7831,cer,SliderControl,Slider Control,534,184,0.00,0.00,Left,N/A,
221.7928,cer,SliderControl,Slider Control,534,184,0.00,0.00,Left,N/A,
221.8025,cer,SliderControl,Slider Control,534,184,0.00,0.00,Left,N/A,
221.8130,cer,SliderControl,Slider Control,534,184,0.00,0.00,Left,N/A,
221.8230,cer,SliderControl,Slider Control,534,184,0.00,0.00,Left,N/A,
221.8325,cer,SliderControl,Slider Control,535,183,149.63,15832.36,Left,N/A,
221.8423,cer,SliderControl,Slider Control,535,183,0.00,-15190.13,Left,N/A,
221.8529,cer,SliderControl,Slider Control,535,183,0.00,0.00,Left,N/A,
221.8627,cer,SliderControl,Slider Control,535,182,101.72,10347.87,Left,N/A,
221.8727,cer,SliderControl,Slider Control,535,182,0.00,-10238.61,Left,N/A,
221.8824,cer,SliderControl,Slider Control,535,182,0.00,0.00,Left,N/A,
221.8929,cer,SliderControl,Slider Control,535,182,0.00,0.00,Left,N/A,
221.9011,cer,SliderControl,Slider Control,535,182,0.00,0.00,None,N/A,slider_released_correct
