Time,ParticipantID,Task,Label,X,Y,Velocity,Acceleration,ButtonState,ActiveWindow,Event
65.4637,gk,MenuSelection,Menu Selection,984,720,0.00,0.00,Left,N/A,
65.4739,gk,MenuSelection,Menu Selection,984,720,0.00,0.00,Left,N/A,
65.4846,gk,MenuSelection,Menu Selection,984,720,0.00,0.00,Left,N/A,
65.4941,gk,MenuSelection,Menu Selection,984,720,0.00,0.00,None,N/A,
65.5040,gk,MenuSelection,Menu Selection,984,720,0.00,0.00,None,N/A,
65.5147,gk,MenuSelection,Menu Selection,984,720,0.00,0.00,None,N/A,
65.5245,gk,MenuSelection,Menu Selection,984,720,0.00,0.00,None,N/A,
65.5344,gk,MenuSelection,Menu Selection,984,720,0.00,0.00,None,N/A,
65.5441,gk,MenuSelection,Menu Selection,984,720,0.00,0.00,None,N/A,
65.5539,gk,MenuSelection,Menu Selection,984,720,0.00,0.00,None,N/A,
65.5646,gk,MenuSelection,Menu Selection,984,720,0.00,0.00,None,N/A,
65.5743,gk,MenuSelection,Menu Selection,984,720,0.00,0.00,None,N/A,
65.5839,gk,MenuSelection,Menu Selection,984,720,0.00,0.00,None,N/A,
65.5945,gk,MenuSelection,Menu Selection,984,720,0.00,0.00,None,N/A,
65.6041,gk,MenuSelection,Menu Selection,984,720,0.00,0.00,None,N/A,
65.6146,gk,MenuSelection,Menu Selection,984,720,0.00,0.00,None,N/A,
65.6242,gk,MenuSelection,Menu Selection,984,720,0.00,0.00,None,N/A,
65.6347,gk,MenuSelection,Menu Selection,984,720,0.00,0.00,None,N/A,
65.6442,gk,MenuSelection,Menu Selection,984,720,0.00,0.00,None,N/A,
65.6547,gk,MenuSelection,Menu Selection,984,720,0.00,0.00,None,N/A,
65.6643,gk,MenuSelection,Menu Selection,984,720,0.00,0.00,None,N/A,
65.6740,gk,MenuSelection,Menu Selection,984,720,0.00,0.00,None,N/A,
65.6846,gk,MenuSelection,Menu Selection,984,720,0.00,0.00,None,N/A,
65.6942,gk,MenuSelection,Menu Selection,984,720,0.00,0.00,None,N/A,
65.7048,gk,MenuSelection,Menu Selection,984,720,0.00,0.00,None,N/A,
65.7144,gk,MenuSelection,Menu Selection,984,720,0.00,0.00,None,N/A,
65.7240,gk,MenuSelection,Menu Selection,984,720,0.00,0.00,None,N/A,
65.7346,gk,MenuSelection,Menu Selection,984,720,0.00,0.00,None,N/A,
65.7443,gk,MenuSelection,Menu Selection,984,720,0.00,0.00,None,N/A,
65.7539,gk,MenuSelection,Menu Selection,984,720,0.00,0.00,None,N/A,
65.7645,gk,MenuSelection,Menu Selection,984,720,0.00,0.00,None,N/A,
65.7742,gk,MenuSelection,Menu Selection,984,720,0.00,0.00,None,N/A,
65.7848,gk,MenuSelection,Menu Selection,984,720,0.00,0.00,None,N/A,
65.7944,gk,MenuSelection,Menu Selection,984,720,0.00,0.00,None,N/A,
65.8039,gk,MenuSelection,Menu Selection,984,720,0.00,0.00,None,N/A,
65.8144,gk,MenuSelection,Menu Selection,984,720,0.00,0.00,None,N/A,
65.8240,gk,MenuSelection,Menu Selection,984,720,0.00,0.00,None,N/A,
65.8346,gk,MenuSelection,Menu Selection,984,720,0.00,0.00,None,N/A,
65.8445,gk,MenuSelection,Menu Selection,984,720,0.00,0.00,None,N/A,
65.8542,gk,MenuSelection,Menu Selection,984,720,0.00,0.00,None,N/A,
65.8639,gk,MenuSelection,Menu Selection,984,720,0.00,0.00,None,N/A,
65.8747,gk,MenuSelection,Menu Selection,984,720,0.00,0.00,None,N/A,
65.8844,gk,MenuSelection,Menu Selection,984,720,0.00,0.00,None,N/A,
65.8942,gk,MenuSelection,Menu Selection,984,720,0.00,0.00,None,N/A,
65.9039,gk,MenuSelection,Menu Selection,984,720,0.00,0.00,None,N/A,
65.9145,gk,MenuSelection,Menu Selection,984,720,0.00,0.00,None,N/A,
65.9237,gk,MenuSelection,Menu Selection,977,702,2103.11,229017.84,None,N/A,
65.9347,gk,MenuSelection,Menu Selection,971,689,1297.92,-72991.08,None,N/A,
65.9442,gk,MenuSelection,Menu Selection,965,672,1898.80,63288.52,None,N/A,
65.9543,gk,MenuSelection,Menu Selection,962,665,756.04,-113445.02,None,N/A,
65.9643,gk,MenuSelection,Menu Selection,960,659,635.88,-12081.29,None,N/A,
65.9739,gk,MenuSelection,Menu Selection,955,642,1833.47,123912.33,None,N/A,
65.9839,gk,MenuSelection,Menu Selection,953,633,919.76,-91153.23,None,N/A,
65.9948,gk,MenuSelection,Menu Selection,952,622,1022.12,9472.03,None,N/A,
66.0046,gk,MenuSelection,Menu Selection,951,618,419.78,-61325.10,None,N/A,
66.0140,gk,MenuSelection,Menu Selection,951,609,959.60,57557.08,None,N/A,
66.0243,gk,MenuSelection,Menu Selection,951,602,675.86,-27395.36,None,N/A,
66.0337,gk,MenuSelection,Menu Selection,952,587,1593.61,97285.55,None,N/A,
66.0448,gk,MenuSelection,Menu Selection,952,581,545.02,-95250.20,None,N/A,
66.0540,gk,MenuSelection,Menu Selection,953,572,978.89,46901.75,None,N/A,
66.0659,gk,MenuSelection,Menu Selection,953,567,419.09,-46921.45,None,N/A,
66.0741,gk,MenuSelection,Menu Selection,954,562,621.91,24737.54,None,N/A,
66.0847,gk,MenuSelection,Menu Selection,956,552,963.63,32289.97,None,N/A,
66.0947,gk,MenuSelection,Menu Selection,956,548,398.62,-56306.32,None,N/A,
66.1041,gk,MenuSelection,Menu Selection,958,541,777.31,40432.84,None,N/A,
66.1141,gk,MenuSelection,Menu Selection,960,538,360.13,-41668.56,None,N/A,
66.1241,gk,MenuSelection,Menu Selection,962,531,730.03,37093.08,None,N/A,
66.1348,gk,MenuSelection,Menu Selection,964,528,338.46,-36757.51,None,N/A,
66.1444,gk,MenuSelection,Menu Selection,966,519,960.00,64717.95,None,N/A,
66.1543,gk,MenuSelection,Menu Selection,968,514,538.94,-42138.63,None,N/A,
66.1643,gk,MenuSelection,Menu Selection,970,504,1029.18,49474.36,None,N/A,
66.1741,gk,MenuSelection,Menu Selection,972,499,547.37,-48973.00,None,N/A,
66.1843,gk,MenuSelection,Menu Selection,974,489,996.96,43952.73,None,N/A,
66.1947,gk,MenuSelection,Menu Selection,976,485,432.54,-54590.29,None,N/A,
66.2052,gk,MenuSelection,Menu Selection,978,475,964.17,50263.51,None,N/A,
66.2143,gk,MenuSelection,Menu Selection,978,469,663.99,-33220.02,None,N/A,
66.2241,gk,MenuSelection,Menu Selection,979,462,718.06,5491.38,None,N/A,
66.2338,gk,MenuSelection,Menu Selection,979,451,1135.30,43062.13,None,N/A,
66.2447,gk,MenuSelection,Menu Selection,979,446,459.83,-62120.07,None,N/A,
66.2544,gk,MenuSelection,Menu Selection,978,436,1033.02,58917.12,None,N/A,
66.2645,gk,MenuSelection,Menu Selection,977,431,507.45,-52303.90,None,N/A,
66.2744,gk,MenuSelection,Menu Selection,976,422,911.58,40683.18,None,N/A,
66.2850,gk,MenuSelection,Menu Selection,975,418,389.92,-49333.13,None,N/A,
66.2945,gk,MenuSelection,Menu Selection,974,413,537.38,15541.69,None,N/A,
66.3042,gk,MenuSelection,Menu Selection,974,411,204.52,-34038.77,None,N/A,
66.3162,gk,MenuSelection,Menu Selection,973,407,345.66,11832.87,None,N/A,
66.3239,gk,MenuSelection,Menu Selection,972,406,182.39,-21057.23,None,N/A,
66.3340,gk,MenuSelection,Menu Selection,972,404,198.62,1611.62,None,N/A,
66.3449,gk,MenuSelection,Menu Selection,971,401,290.56,8446.96,None,N/A,
66.3548,gk,MenuSelection,Menu Selection,971,400,101.04,-19148.47,None,N/A,
66.3647,gk,MenuSelection,Menu Selection,970,397,318.13,21840.07,None,N/A,
66.3740,gk,MenuSelection,Menu Selection,970,396,107.61,-22654.23,None,N/A,
66.3838,gk,MenuSelection,Menu Selection,969,394,229.19,12461.85,None,N/A,
66.3940,gk,MenuSelection,Menu Selection,969,393,97.49,-12839.43,None,N/A,
66.4042,gk,MenuSelection,Menu Selection,969,392,98.44,93.69,None,N/A,
66.4145,gk,MenuSelection,Menu Selection,969,391,96.75,-163.44,None,N/A,
66.4240,gk,MenuSelection,Menu Selection,969,391,0.00,-10245.65,None,N/A,
66.4339,gk,MenuSelection,Menu Selection,969,390,100.92,10185.67,None,N/A,
66.4440,gk,MenuSelection,Menu Selection,969,389,98.44,-244.37,None,N/A,
66.4543,gk,MenuSelection,Menu Selection,969,389,0.00,-9546.25,None,N/A,
66.4645,gk,MenuSelection,Menu Selection,969,389,0.00,0.00,None,N/A,
66.4749,gk,MenuSelection,Menu Selection,969,388,95.52,9124.58,None,N/A,
66.4849,gk,MenuSelection,Menu Selection,969,388,0.00,-9621.32,None,N/A,
66.4940,gk,MenuSelection,Menu Selection,969,387,110.12,12125.45,None,N/A,
66.5040,gk,MenuSelection,Menu Selection,969,387,0.00,-10948.40,None,N/A,
66.5149,gk,MenuSelection,Menu Selection,969,386,91.57,8384.83,None,N/A,
66.5249,gk,MenuSelection,Menu Selection,969,386,0.00,-9208.03,None,N/A,
66.5347,gk,MenuSelection,Menu Selection,969,384,204.29,20867.46,None,N/A,
66.5450,gk,MenuSelection,Menu Selection,969,384,0.00,-19813.62,None,N/A,
66.5539,gk,MenuSelection,Menu Selection,969,383,111.81,12500.66,None,N/A,
66.5647,gk,MenuSelection,Menu Selection,969,382,92.83,-1761.93,None,N/A,
66.5769,gk,MenuSelection,Menu Selection,969,381,81.68,-910.51,None,N/A,
66.5847,gk,MenuSelection,Menu Selection,969,380,128.44,6005.31,None,N/A,
66.5946,gk,MenuSelection,Menu Selection,969,379,100.72,-2791.78,None,N/A,
66.6044,gk,MenuSelection,Menu Selection,969,378,102.62,195.21,None,N/A,
66.6144,gk,MenuSelection,Menu Selection,969,378,0.00,-10260.83,None,N/A,
66.6240,gk,MenuSelection,Menu Selection,969,377,103.77,10767.27,None,N/A,
66.6343,gk,MenuSelection,Menu Selection,969,377,0.00,-10143.66,None,N/A,
66.6458,gk,MenuSelection,Menu Selection,969,376,86.78,7530.34,None,N/A,
66.6547,gk,MenuSelection,Menu Selection,969,376,0.00,-9694.27,None,N/A,
66.6645,gk,MenuSelection,Menu Selection,969,376,0.00,0.00,None,N/A,
66.6739,gk,MenuSelection,Menu Selection,969,376,0.00,0.00,None,N/A,
66.6846,gk,MenuSelection,Menu Selection,969,376,0.00,0.00,None,N/A,
66.6951,gk,MenuSelection,Menu Selection,969,376,0.00,0.00,None,N/A,
66.7043,gk,MenuSelection,Menu Selection,969,376,0.00,0.00,None,N/A,
66.7148,gk,MenuSelection,Menu Selection,969,376,0.00,0.00,None,N/A,
66.7241,gk,MenuSelection,Menu Selection,969,376,0.00,0.00,None,N/A,
66.7339,gk,MenuSelection,Menu Selection,969,376,0.00,0.00,None,N/A,
66.7444,gk,MenuSelection,Menu Selection,969,376,0.00,0.00,None,N/A,
66.7542,gk,MenuSelection,Menu Selection,969,376,0.00,0.00,None,N/A,
66.7647,gk,MenuSelection,Menu Selection,969,376,0.00,0.00,None,N/A,
66.7744,gk,MenuSelection,Menu Selection,969,376,0.00,0.00,None,N/A,
66.7848,gk,MenuSelection,Menu Selection,969,377,96.40,9292.69,None,N/A,
66.7943,gk,MenuSelection,Menu Selection,969,377,0.00,-10165.56,None,N/A,
66.8039,gk,MenuSelection,Menu Selection,969,377,0.00,0.00,None,N/A,
66.8144,gk,MenuSelection,Menu Selection,969,377,0.00,0.00,None,N/A,
66.8240,gk,MenuSelection,Menu Selection,969,377,0.00,0.00,None,N/A,
66.8345,gk,MenuSelection,Menu Selection,969,377,0.00,0.00,None,N/A,
66.8440,gk,MenuSelection,Menu Selection,969,377,0.00,0.00,None,N/A,
66.8546,gk,MenuSelection,Menu Selection,969,377,0.00,0.00,None,N/A,
66.8641,gk,MenuSelection,Menu Selection,969,377,0.00,0.00,None,N/A,
66.8746,gk,MenuSelection,Menu Selection,969,377,0.00,0.00,None,N/A,
66.8841,gk,MenuSelection,Menu Selection,969,377,0.00,0.00,None,N/A,
66.8946,gk,MenuSelection,Menu Selection,969,377,0.00,0.00,None,N/A,
66.9041,gk,MenuSelection,Menu Selection,969,377,0.00,0.00,None,N/A,
66.9146,gk,MenuSelection,Menu Selection,969,377,0.00,0.00,None,N/A,
66.9241,gk,MenuSelection,Menu Selection,969,377,0.00,0.00,None,N/A,
66.9346,gk,MenuSelection,Menu Selection,969,377,0.00,0.00,None,N/A,
66.9442,gk,MenuSelection,Menu Selection,969,377,0.00,0.00,None,N/A,
66.9539,gk,MenuSelection,Menu Selection,969,377,0.00,0.00,None,N/A,
66.9647,gk,MenuSelection,Menu Selection,969,377,0.00,0.00,None,N/A,
66.9745,gk,MenuSelection,Menu Selection,969,377,0.00,0.00,None,N/A,
66.9843,gk,MenuSelection,Menu Selection,969,377,0.00,0.00,None,N/A,
66.9953,gk,MenuSelection,Menu Selection,969,377,0.00,0.00,None,N/A,
67.0039,gk,MenuSelection,Menu Selection,969,377,0.00,0.00,None,N/A,
67.0147,gk,MenuSelection,Menu Selection,969,377,0.00,0.00,None,N/A,
67.0243,gk,MenuSelection,Menu Selection,969,377,0.00,0.00,None,N/A,
67.0346,gk,MenuSelection,Menu Selection,969,377,0.00,0.00,None,N/A,
67.0443,gk,MenuSelection,Menu Selection,969,377,0.00,0.00,None,N/A,
67.0542,gk,MenuSelection,Menu Selection,969,377,0.00,0.00,None,N/A,
67.0648,gk,MenuSelection,Menu Selection,969,377,0.00,0.00,None,N/A,
67.0744,gk,MenuSelection,Menu Selection,969,377,0.00,0.00,None,N/A,
67.0839,gk,MenuSelection,Menu Selection,969,377,0.00,0.00,None,N/A,
67.0945,gk,MenuSelection,Menu Selection,969,377,0.00,0.00,None,N/A,
67.1041,gk,MenuSelection,Menu Selection,969,377,0.00,0.00,None,N/A,
67.1147,gk,MenuSelection,Menu Selection,969,377,0.00,0.00,None,N/A,
67.1244,gk,MenuSelection,Menu Selection,969,377,0.00,0.00,None,N/A,
67.1340,gk,MenuSelection,Menu Selection,969,377,0.00,0.00,None,N/A,
67.1446,gk,MenuSelection,Menu Selection,969,377,0.00,0.00,None,N/A,
67.1542,gk,MenuSelection,Menu Selection,969,377,0.00,0.00,None,N/A,
67.1647,gk,MenuSelection,Menu Selection,969,377,0.00,0.00,None,N/A,
67.1744,gk,MenuSelection,Menu Selection,969,377,0.00,0.00,None,N/A,
67.1840,gk,MenuSelection,Menu Selection,969,377,0.00,0.00,None,N/A,
67.1946,gk,MenuSelection,Menu Selection,969,377,0.00,0.00,None,N/A,
67.2042,gk,MenuSelection,Menu Selection,969,377,0.00,0.00,None,N/A,
67.2138,gk,MenuSelection,Menu Selection,969,377,0.00,0.00,None,N/A,
67.2245,gk,MenuSelection,Menu Selection,969,377,0.00,0.00,None,N/A,
67.2341,gk,MenuSelection,Menu Selection,969,377,0.00,0.00,None,N/A,
67.2446,gk,MenuSelection,Menu Selection,969,377,0.00,0.00,None,N/A,
67.2542,gk,MenuSelection,Menu Selection,969,377,0.00,0.00,None,N/A,
67.2648,gk,MenuSelection,Menu Selection,969,377,0.00,0.00,None,N/A,
67.2744,gk,MenuSelection,Menu Selection,969,377,0.00,0.00,None,N/A,
67.2839,gk,MenuSelection,Menu Selection,969,377,0.00,0.00,None,N/A,
67.2948,gk,MenuSelection,Menu Selection,969,377,0.00,0.00,None,N/A,
67.3044,gk,MenuSelection,Menu Selection,969,377,0.00,0.00,None,N/A,
67.3139,gk,MenuSelection,Menu Selection,969,377,0.00,0.00,None,N/A,
67.3246,gk,MenuSelection,Menu Selection,969,377,0.00,0.00,None,N/A,
67.3343,gk,MenuSelection,Menu Selection,969,377,0.00,0.00,None,N/A,
67.3441,gk,MenuSelection,Menu Selection,969,377,0.00,0.00,None,N/A,
67.3547,gk,MenuSelection,Menu Selection,969,377,0.00,0.00,None,N/A,
67.3643,gk,MenuSelection,Menu Selection,969,377,0.00,0.00,None,N/A,
67.3739,gk,MenuSelection,Menu Selection,969,377,0.00,0.00,None,N/A,
67.3845,gk,MenuSelection,Menu Selection,969,377,0.00,0.00,None,N/A,
67.3942,gk,MenuSelection,Menu Selection,969,377,0.00,0.00,None,N/A,
67.4048,gk,MenuSelection,Menu Selection,969,377,0.00,0.00,None,N/A,
67.4146,gk,MenuSelection,Menu Selection,969,377,0.00,0.00,None,N/A,
67.4243,gk,MenuSelection,Menu Selection,969,377,0.00,0.00,None,N/A,
67.4341,gk,MenuSelection,Menu Selection,969,377,0.00,0.00,None,N/A,
67.4448,gk,MenuSelection,Menu Selection,969,377,0.00,0.00,None,N/A,
67.4547,gk,MenuSelection,Menu Selection,969,377,0.00,0.00,None,N/A,
67.4646,gk,MenuSelection,Menu Selection,969,377,0.00,0.00,None,N/A,
67.4746,gk,MenuSelection,Menu Selection,969,377,0.00,0.00,None,N/A,
67.4844,gk,MenuSelection,Menu Selection,969,377,0.00,0.00,None,N/A,
67.4940,gk,MenuSelection,Menu Selection,969,377,0.00,0.00,None,N/A,
67.5040,gk,MenuSelection,Menu Selection,969,377,0.00,0.00,Left,N/A,
67.5145,gk,MenuSelection,Menu Selection,969,377,0.00,0.00,Left,N/A,
67.5242,gk,MenuSelection,Menu Selection,969,377,0.00,0.00,Left,N/A,
67.5347,gk,MenuSelection,Menu Selection,969,377,0.00,0.00,Left,N/A,
67.5443,gk,MenuSelection,Menu Selection,969,377,0.00,0.00,Left,N/A,
67.5539,gk,MenuSelection,Menu Selection,969,377,0.00,0.00,Left,N/A,
67.5644,gk,MenuSelection,Menu Selection,969,377,0.00,0.00,Left,N/A,
67.5741,gk,MenuSelection,Menu Selection,969,377,0.00,0.00,Left,N/A,
67.5847,gk,MenuSelection,Menu Selection,969,377,0.00,0.00,Left,N/A,
67.5944,gk,MenuSelection,Menu Selection,969,377,0.00,0.00,Left,N/A,
67.6040,gk,MenuSelection,Menu Selection,969,377,0.00,0.00,Left,N/A,
67.6146,gk,MenuSelection,Menu Selection,969,377,0.00,0.00,Left,N/A,
67.6242,gk,MenuSelection,Menu Selection,969,377,0.00,0.00,Left,N/A,
67.6339,gk,MenuSelection,Menu Selection,969,377,0.00,0.00,Left,N/A,
67.6445,gk,MenuSelection,Menu Selection,969,377,0.00,0.00,Left,N/A,
67.6540,gk,MenuSelection,Menu Selection,969,377,0.00,0.00,Left,N/A,
67.6647,gk,MenuSelection,Menu Selection,969,377,0.00,0.00,Left,N/A,
67.6744,gk,MenuSelection,Menu Selection,969,377,0.00,0.00,Left,N/A,
67.6858,gk,MenuSelection,Menu Selection,969,377,0.00,0.00,None,N/A,
67.6937,gk,MenuSelection,Menu Selection,969,377,0.00,0.00,None,N/A,
67.7043,gk,MenuSelection,Menu Selection,969,377,0.00,0.00,None,N/A,
67.7140,gk,MenuSelection,Menu Selection,969,377,0.00,0.00,None,N/A,
67.7247,gk,MenuSelection,Menu Selection,969,377,0.00,0.00,None,N/A,
67.7344,gk,MenuSelection,Menu Selection,969,377,0.00,0.00,None,N/A,
67.7441,gk,MenuSelection,Menu Selection,969,377,0.00,0.00,None,N/A,
67.7543,gk,MenuSelection,Menu Selection,969,377,0.00,0.00,None,N/A,
67.7639,gk,MenuSelection,Menu Selection,969,377,0.00,0.00,None,N/A,
67.7745,gk,MenuSelection,Menu Selection,969,377,0.00,0.00,None,N/A,
67.7840,gk,MenuSelection,Menu Selection,969,377,0.00,0.00,None,N/A,
67.7946,gk,MenuSelection,Menu Selection,969,377,0.00,0.00,None,N/A,
67.8042,gk,MenuSelection,Menu Selection,969,377,0.00,0.00,None,N/A,
67.8147,gk,MenuSelection,Menu Selection,969,377,0.00,0.00,None,N/A,
67.8243,gk,MenuSelection,Menu Selection,969,377,0.00,0.00,None,N/A,
67.8339,gk,MenuSelection,Menu Selection,969,377,0.00,0.00,None,N/A,
67.8444,gk,MenuSelection,Menu Selection,969,377,0.00,0.00,None,N/A,
67.8539,gk,MenuSelection,Menu Selection,969,377,0.00,0.00,None,N/A,
67.8645,gk,MenuSelection,Menu Selection,969,377,0.00,0.00,None,N/A,
67.8741,gk,MenuSelection,Menu Selection,969,377,0.00,0.00,None,N/A,
67.8846,gk,MenuSelection,Menu Selection,969,377,0.00,0.00,None,N/A,
67.8942,gk,MenuSelection,Menu Selection,969,377,0.00,0.00,None,N/A,
67.9047,gk,MenuSelection,Menu Selection,969,377,0.00,0.00,None,N/A,
67.9144,gk,MenuSelection,Menu Selection,969,377,0.00,0.00,None,N/A,
67.9240,gk,MenuSelection,Menu Selection,969,377,0.00,0.00,None,N/A,
67.9347,gk,MenuSelection,Menu Selection,969,377,0.00,0.00,None,N/A,
67.9444,gk,MenuSelection,Menu Selection,969,377,0.00,0.00,None,N/A,
67.9542,gk,MenuSelection,Menu Selection,969,377,0.00,0.00,None,N/A,
67.9656,gk,MenuSelection,Menu Selection,969,377,0.00,0.00,None,N/A,
67.9744,gk,MenuSelection,Menu Selection,969,377,0.00,0.00,None,N/A,
67.9842,gk,MenuSelection,Menu Selection,969,377,0.00,0.00,None,N/A,
67.9939,gk,MenuSelection,Menu Selection,969,377,0.00,0.00,None,N/A,
68.0045,gk,MenuSelection,Menu Selection,969,377,0.00,0.00,None,N/A,
68.0142,gk,MenuSelection,Menu Selection,969,377,0.00,0.00,None,N/A,
68.0239,gk,MenuSelection,Menu Selection,969,377,0.00,0.00,None,N/A,
68.0346,gk,MenuSelection,Menu Selection,969,377,0.00,0.00,None,N/A,
68.0441,gk,MenuSelection,Menu Selection,969,377,0.00,0.00,None,N/A,
68.0547,gk,MenuSelection,Menu Selection,969,377,0.00,0.00,None,N/A,
68.0647,gk,MenuSelection,Menu Selection,969,377,0.00,0.00,None,N/A,
68.0743,gk,MenuSelection,Menu Selection,969,377,0.00,0.00,None,N/A,
68.0840,gk,MenuSelection,Menu Selection,969,377,0.00,0.00,None,N/A,
68.0945,gk,MenuSelection,Menu Selection,969,377,0.00,0.00,None,N/A,
68.1042,gk,MenuSelection,Menu Selection,969,377,0.00,0.00,None,N/A,
68.1140,gk,MenuSelection,Menu Selection,969,377,0.00,0.00,None,N/A,
68.1246,gk,MenuSelection,Menu Selection,969,377,0.00,0.00,None,N/A,
68.1342,gk,MenuSelection,Menu Selection,969,377,0.00,0.00,None,N/A,
68.1448,gk,MenuSelection,Menu Selection,969,377,0.00,0.00,None,N/A,
68.1545,gk,MenuSelection,Menu Selection,969,377,0.00,0.00,None,N/A,
68.1641,gk,MenuSelection,Menu Selection,969,377,0.00,0.00,None,N/A,
68.1746,gk,MenuSelection,Menu Selection,969,377,0.00,0.00,None,N/A,
68.1841,gk,MenuSelection,Menu Selection,969,377,0.00,0.00,None,N/A,
68.1947,gk,MenuSelection,Menu Selection,969,377,0.00,0.00,None,N/A,
68.2040,gk,MenuSelection,Menu Selection,968,378,151.94,16324.41,None,N/A,
68.2140,gk,MenuSelection,Menu Selection,966,380,283.21,13143.55,None,N/A,
68.2244,gk,MenuSelection,Menu Selection,963,384,477.48,18552.61,None,N/A,
68.2337,gk,MenuSelection,Menu Selection,961,387,387.16,-9698.92,None,N/A,
68.2443,gk,MenuSelection,Menu Selection,959,389,268.80,-11248.42,None,N/A,
68.2538,gk,MenuSelection,Menu Selection,955,395,755.16,50932.52,None,N/A,
68.2745,gk,MenuSelection,Menu Selection,949,404,522.00,-11251.83,None,N/A,
68.2927,gk,MenuSelection,Menu Selection,947,407,198.47,-17809.26,None,N/A,
68.2976,gk,MenuSelection,Menu Selection,947,407,0.00,-40735.13,None,N/A,
68.3056,gk,MenuSelection,Menu Selection,946,409,279.72,34991.58,None,N/A,
68.3145,gk,MenuSelection,Menu Selection,945,410,157.53,-13610.97,None,N/A,
68.3276,gk,MenuSelection,Menu Selection,944,411,108.27,-3770.91,None,N/A,
68.3357,gk,MenuSelection,Menu Selection,943,412,174.34,8145.11,None,N/A,
68.3448,gk,MenuSelection,Menu Selection,943,413,110.42,-7058.14,None,N/A,
68.3555,gk,MenuSelection,Menu Selection,942,414,131.81,1993.50,None,N/A,
68.3656,gk,MenuSelection,Menu Selection,941,415,140.52,865.70,None,N/A,
68.3747,gk,MenuSelection,Menu Selection,940,416,155.21,1612.26,None,N/A,
68.3856,gk,MenuSelection,Menu Selection,939,417,129.42,-2360.78,None,N/A,
68.3957,gk,MenuSelection,Menu Selection,938,418,139.57,1002.62,None,N/A,
68.4046,gk,MenuSelection,Menu Selection,938,419,112.20,-3071.33,None,N/A,
68.4154,gk,MenuSelection,Menu Selection,937,420,131.53,1797.77,None,N/A,
68.4255,gk,MenuSelection,Menu Selection,937,420,0.00,-13027.30,None,N/A,
68.4350,gk,MenuSelection,Menu Selection,936,421,149.55,15814.00,None,N/A,
68.4462,gk,MenuSelection,Menu Selection,936,421,0.00,-13333.19,None,N/A,
68.4547,gk,MenuSelection,Menu Selection,935,422,165.01,19253.49,None,N/A,
68.4655,gk,MenuSelection,Menu Selection,935,422,0.00,-15284.67,None,N/A,
68.4768,gk,MenuSelection,Menu Selection,935,422,0.00,0.00,None,N/A,
68.4851,gk,MenuSelection,Menu Selection,935,422,0.00,0.00,None,N/A,
68.4947,gk,MenuSelection,Menu Selection,935,422,0.00,0.00,None,N/A,
68.5060,gk,MenuSelection,Menu Selection,935,422,0.00,0.00,None,N/A,
68.5155,gk,MenuSelection,Menu Selection,935,422,0.00,0.00,None,N/A,
68.5255,gk,MenuSelection,Menu Selection,936,422,100.79,10159.25,None,N/A,
68.5360,gk,MenuSelection,Menu Selection,936,421,94.55,-590.53,None,N/A,
68.5449,gk,MenuSelection,Menu Selection,936,421,0.00,-10619.96,None,N/A,
68.5556,gk,MenuSelection,Menu Selection,937,420,132.99,12506.78,None,N/A,
68.5654,gk,MenuSelection,Menu Selection,937,419,101.72,-3181.17,None,N/A,
68.5758,gk,MenuSelection,Menu Selection,938,418,135.72,3262.60,None,N/A,
68.5846,gk,MenuSelection,Menu Selection,939,417,162.11,3025.55,None,N/A,
68.5983,gk,MenuSelection,Menu Selection,940,416,102.62,-4316.86,None,N/A,
68.6077,gk,MenuSelection,Menu Selection,941,414,239.27,14621.53,None,N/A,
68.6151,gk,MenuSelection,Menu Selection,941,413,134.70,-14084.90,None,N/A,
68.6259,gk,MenuSelection,Menu Selection,942,412,130.91,-351.32,None,N/A,
68.6351,gk,MenuSelection,Menu Selection,942,410,217.99,9491.87,None,N/A,
68.6453,gk,MenuSelection,Menu Selection,943,409,138.23,-7796.17,None,N/A,
68.6551,gk,MenuSelection,Menu Selection,943,408,102.32,-3674.60,None,N/A,
68.6654,gk,MenuSelection,Menu Selection,944,408,96.60,-553.14,None,N/A,
68.6754,gk,MenuSelection,Menu Selection,944,407,100.58,400.23,None,N/A,
68.6866,gk,MenuSelection,Menu Selection,945,407,89.30,-1006.66,None,N/A,
68.6952,gk,MenuSelection,Menu Selection,945,406,115.96,3090.79,None,N/A,
68.7053,gk,MenuSelection,Menu Selection,945,406,0.00,-11477.29,None,N/A,
68.7156,gk,MenuSelection,Menu Selection,945,406,0.00,0.00,None,N/A,
68.7248,gk,MenuSelection,Menu Selection,945,405,108.02,11667.69,None,N/A,
68.7347,gk,MenuSelection,Menu Selection,945,405,0.00,-10921.76,None,N/A,
68.7452,gk,MenuSelection,Menu Selection,945,405,0.00,0.00,None,N/A,
68.7552,gk,MenuSelection,Menu Selection,945,405,0.00,0.00,None,N/A,
68.7648,gk,MenuSelection,Menu Selection,945,405,0.00,0.00,None,N/A,
68.7755,gk,MenuSelection,Menu Selection,945,405,0.00,0.00,None,N/A,
68.7855,gk,MenuSelection,Menu Selection,945,405,0.00,0.00,None,N/A,
68.7951,gk,MenuSelection,Menu Selection,945,405,0.00,0.00,None,N/A,
68.8047,gk,MenuSelection,Menu Selection,945,405,0.00,0.00,None,N/A,
68.8148,gk,MenuSelection,Menu Selection,945,405,0.00,0.00,None,N/A,
68.8253,gk,MenuSelection,Menu Selection,945,405,0.00,0.00,None,N/A,
68.8352,gk,MenuSelection,Menu Selection,945,405,0.00,0.00,None,N/A,
68.8549,gk,MenuSelection,Menu Selection,945,405,0.00,0.00,None,N/A,
68.8659,gk,MenuSelection,Menu Selection,945,405,0.00,0.00,None,N/A,
68.8755,gk,MenuSelection,Menu Selection,945,405,0.00,0.00,None,N/A,
68.8852,gk,MenuSelection,Menu Selection,945,405,0.00,0.00,None,N/A,
68.8950,gk,MenuSelection,Menu Selection,945,405,0.00,0.00,None,N/A,
68.9057,gk,MenuSelection,Menu Selection,945,405,0.00,0.00,None,N/A,
68.9154,gk,MenuSelection,Menu Selection,945,405,0.00,0.00,None,N/A,
68.9252,gk,MenuSelection,Menu Selection,945,405,0.00,0.00,None,N/A,
68.9359,gk,MenuSelection,Menu Selection,945,405,0.00,0.00,None,N/A,
68.9456,gk,MenuSelection,Menu Selection,945,405,0.00,0.00,None,N/A,
68.9553,gk,MenuSelection,Menu Selection,945,405,0.00,0.00,None,N/A,
68.9650,gk,MenuSelection,Menu Selection,945,405,0.00,0.00,None,N/A,
68.9756,gk,MenuSelection,Menu Selection,945,405,0.00,0.00,None,N/A,
68.9853,gk,MenuSelection,Menu Selection,945,405,0.00,0.00,None,N/A,
68.9958,gk,MenuSelection,Menu Selection,945,405,0.00,0.00,None,N/A,
69.0053,gk,MenuSelection,Menu Selection,945,405,0.00,0.00,None,N/A,
69.0158,gk,MenuSelection,Menu Selection,945,405,0.00,0.00,None,N/A,
69.0254,gk,MenuSelection,Menu Selection,945,405,0.00,0.00,None,N/A,
69.0354,gk,MenuSelection,Menu Selection,945,405,0.00,0.00,Left,N/A,
69.0451,gk,MenuSelection,Menu Selection,945,405,0.00,0.00,Left,N/A,
69.0557,gk,MenuSelection,Menu Selection,945,405,0.00,0.00,Left,N/A,
69.0655,gk,MenuSelection,Menu Selection,945,405,0.00,0.00,Left,N/A,
69.0753,gk,MenuSelection,Menu Selection,945,405,0.00,0.00,Left,N/A,
69.0851,gk,MenuSelection,Menu Selection,945,405,0.00,0.00,Left,N/A,
69.0958,gk,MenuSelection,Menu Selection,945,405,0.00,0.00,Left,N/A,
69.1055,gk,MenuSelection,Menu Selection,945,405,0.00,0.00,Left,N/A,
69.1152,gk,MenuSelection,Menu Selection,945,405,0.00,0.00,Left,N/A,
69.1260,gk,MenuSelection,Menu Selection,945,405,0.00,0.00,Left,N/A,
69.1356,gk,MenuSelection,Menu Selection,945,405,0.00,0.00,Left,N/A,
69.1454,gk,MenuSelection,Menu Selection,945,405,0.00,0.00,Left,N/A,
69.1550,gk,MenuSelection,Menu Selection,945,405,0.00,0.00,Left,N/A,
69.1656,gk,MenuSelection,Menu Selection,945,405,0.00,0.00,Left,N/A,
69.1751,gk,MenuSelection,Menu Selection,945,405,0.00,0.00,Left,N/A,
69.1857,gk,MenuSelection,Menu Selection,945,405,0.00,0.00,Left,N/A,
69.1953,gk,MenuSelection,Menu Selection,945,405,0.00,0.00,Left,N/A,
69.2059,gk,MenuSelection,Menu Selection,945,405,0.00,0.00,Left,N/A,
69.2155,gk,MenuSelection,Menu Selection,945,405,0.00,0.00,None,N/A,
69.2250,gk,MenuSelection,Menu Selection,945,405,0.00,0.00,None,N/A,
69.2367,gk,MenuSelection,Menu Selection,945,405,0.00,0.00,None,N/A,
69.2454,gk,MenuSelection,Menu Selection,945,405,0.00,0.00,None,N/A,
69.2560,gk,MenuSelection,Menu Selection,945,405,0.00,0.00,None,N/A,
69.2657,gk,MenuSelection,Menu Selection,945,405,0.00,0.00,None,N/A,
69.2754,gk,MenuSelection,Menu Selection,945,405,0.00,0.00,None,N/A,
69.2852,gk,MenuSelection,Menu Selection,945,405,0.00,0.00,None,N/A,
69.2959,gk,MenuSelection,Menu Selection,945,405,0.00,0.00,None,N/A,
69.3055,gk,MenuSelection,Menu Selection,945,405,0.00,0.00,None,N/A,
69.3151,gk,MenuSelection,Menu Selection,945,405,0.00,0.00,None,N/A,
69.3257,gk,MenuSelection,Menu Selection,945,405,0.00,0.00,None,N/A,
69.3354,gk,MenuSelection,Menu Selection,945,405,0.00,0.00,None,N/A,
69.3459,gk,MenuSelection,Menu Selection,945,405,0.00,0.00,None,N/A,
69.3555,gk,MenuSelection,Menu Selection,945,405,0.00,0.00,None,N/A,
69.3650,gk,MenuSelection,Menu Selection,945,405,0.00,0.00,None,N/A,
69.3757,gk,MenuSelection,Menu Selection,945,405,0.00,0.00,None,N/A,
69.3853,gk,MenuSelection,Menu Selection,945,405,0.00,0.00,None,N/A,
69.3960,gk,MenuSelection,Menu Selection,945,405,0.00,0.00,None,N/A,
69.4058,gk,MenuSelection,Menu Selection,945,405,0.00,0.00,None,N/A,
69.4156,gk,MenuSelection,Menu Selection,949,404,422.49,43293.07,None,N/A,
69.4250,gk,MenuSelection,Menu Selection,959,402,1086.40,70725.72,None,N/A,
69.4349,gk,MenuSelection,Menu Selection,964,401,511.24,-57666.80,None,N/A,
69.4449,gk,MenuSelection,Menu Selection,976,399,1220.13,71097.42,None,N/A,
69.4551,gk,MenuSelection,Menu Selection,983,397,716.40,-49569.86,None,N/A,
69.4655,gk,MenuSelection,Menu Selection,998,395,1450.97,70433.25,None,N/A,
69.4759,gk,MenuSelection,Menu Selection,1003,395,479.24,-93138.56,None,N/A,
69.4854,gk,MenuSelection,Menu Selection,1008,394,537.84,6181.62,None,N/A,
69.4958,gk,MenuSelection,Menu Selection,1019,393,1067.16,51140.61,None,N/A,
69.5058,gk,MenuSelection,Menu Selection,1024,393,499.71,-56712.27,None,N/A,
69.5152,gk,MenuSelection,Menu Selection,1033,392,954.54,47943.32,None,N/A,
69.5253,gk,MenuSelection,Menu Selection,1037,392,396.93,-55332.93,None,N/A,
69.5350,gk,MenuSelection,Menu Selection,1044,391,733.48,34909.60,None,N/A,
69.5459,gk,MenuSelection,Menu Selection,1046,391,183.01,-50371.28,None,N/A,
69.5554,gk,MenuSelection,Menu Selection,1050,390,432.08,26100.82,None,N/A,
69.5657,gk,MenuSelection,Menu Selection,1051,390,97.26,-32564.38,None,N/A,
69.5755,gk,MenuSelection,Menu Selection,1054,390,307.64,21574.39,None,N/A,
69.5859,gk,MenuSelection,Menu Selection,1055,390,95.65,-20277.28,None,N/A,
69.5960,gk,MenuSelection,Menu Selection,1057,390,199.40,10343.22,None,N/A,
69.6056,gk,MenuSelection,Menu Selection,1058,390,103.76,-9923.23,None,N/A,
69.6158,gk,MenuSelection,Menu Selection,1058,390,0.00,-10200.93,None,N/A,
69.6252,gk,MenuSelection,Menu Selection,1060,390,212.14,22502.59,None,N/A,
69.6352,gk,MenuSelection,Menu Selection,1060,390,0.00,-21140.35,None,N/A,
69.6450,gk,MenuSelection,Menu Selection,1061,390,102.08,10421.04,None,N/A,
69.6555,gk,MenuSelection,Menu Selection,1061,390,0.00,-9728.46,None,N/A,
69.6659,gk,MenuSelection,Menu Selection,1061,390,0.00,0.00,None,N/A,
69.6757,gk,MenuSelection,Menu Selection,1062,390,102.42,10488.83,None,N/A,
69.6853,gk,MenuSelection,Menu Selection,1062,390,0.00,-10643.47,None,N/A,
69.6951,gk,MenuSelection,Menu Selection,1062,390,0.00,0.00,None,N/A,
69.7053,gk,MenuSelection,Menu Selection,1062,390,0.00,0.00,None,N/A,
69.7151,gk,MenuSelection,Menu Selection,1062,390,0.00,0.00,None,N/A,
69.7256,gk,MenuSelection,Menu Selection,1063,390,94.96,9016.65,None,N/A,
69.7365,gk,MenuSelection,Menu Selection,1063,391,91.68,-300.46,None,N/A,
69.7454,gk,MenuSelection,Menu Selection,1063,391,0.00,-10263.40,None,N/A,
69.7552,gk,MenuSelection,Menu Selection,1063,391,0.00,0.00,None,N/A,
69.7657,gk,MenuSelection,Menu Selection,1063,391,0.00,0.00,None,N/A,
69.7755,gk,MenuSelection,Menu Selection,1063,391,0.00,0.00,None,N/A,
69.7853,gk,MenuSelection,Menu Selection,1063,391,0.00,0.00,None,N/A,
69.7949,gk,MenuSelection,Menu Selection,1063,391,0.00,0.00,None,N/A,
69.8056,gk,MenuSelection,Menu Selection,1063,391,0.00,0.00,None,N/A,
69.8153,gk,MenuSelection,Menu Selection,1063,391,0.00,0.00,None,N/A,
69.8258,gk,MenuSelection,Menu Selection,1063,391,0.00,0.00,None,N/A,
69.8353,gk,MenuSelection,Menu Selection,1063,391,0.00,0.00,None,N/A,
69.8459,gk,MenuSelection,Menu Selection,1063,391,0.00,0.00,None,N/A,
69.8555,gk,MenuSelection,Menu Selection,1063,391,0.00,0.00,None,N/A,
69.8651,gk,MenuSelection,Menu Selection,1063,391,0.00,0.00,None,N/A,
69.8757,gk,MenuSelection,Menu Selection,1063,391,0.00,0.00,None,N/A,
69.8854,gk,MenuSelection,Menu Selection,1063,391,0.00,0.00,None,N/A,
69.8950,gk,MenuSelection,Menu Selection,1063,391,0.00,0.00,None,N/A,
69.9056,gk,MenuSelection,Menu Selection,1063,391,0.00,0.00,None,N/A,
69.9152,gk,MenuSelection,Menu Selection,1063,391,0.00,0.00,None,N/A,
69.9254,gk,MenuSelection,Menu Selection,1063,391,0.00,0.00,Left,N/A,
69.9350,gk,MenuSelection,Menu Selection,1063,391,0.00,0.00,Left,N/A,
69.9456,gk,MenuSelection,Menu Selection,1063,391,0.00,0.00,Left,N/A,
69.9551,gk,MenuSelection,Menu Selection,1063,391,0.00,0.00,Left,N/A,
69.9656,gk,MenuSelection,Menu Selection,1063,391,0.00,0.00,Left,N/A,
69.9752,gk,MenuSelection,Menu Selection,1063,391,0.00,0.00,Left,N/A,
69.9857,gk,MenuSelection,Menu Selection,1063,391,0.00,0.00,Left,N/A,
69.9956,gk,MenuSelection,Menu Selection,1063,391,0.00,0.00,Left,N/A,
70.0056,gk,MenuSelection,Menu Selection,1063,391,0.00,0.00,Left,N/A,
70.0153,gk,MenuSelection,Menu Selection,1063,391,0.00,0.00,Left,N/A,
70.0250,gk,MenuSelection,Menu Selection,1063,391,0.00,0.00,Left,N/A,
70.0356,gk,MenuSelection,Menu Selection,1063,391,0.00,0.00,Left,N/A,
70.0452,gk,MenuSelection,Menu Selection,1063,391,0.00,0.00,Left,N/A,
70.0566,gk,MenuSelection,Menu Selection,1063,391,0.00,0.00,Left,N/A,
70.0652,gk,MenuSelection,Menu Selection,1063,391,0.00,0.00,Left,N/A,
70.0759,gk,MenuSelection,Menu Selection,1063,391,0.00,0.00,Left,N/A,
70.0854,gk,MenuSelection,Menu Selection,1063,391,0.00,0.00,Left,N/A,
70.0951,gk,MenuSelection,Menu Selection,1063,391,0.00,0.00,Left,N/A,
70.1004,gk,MenuSelection,Menu Selection,1063,391,0.00,0.00,None,N/A,menu_item_selected_wrong
70.1049,gk,MenuSelection,Menu Selection,1063,391,0.00,0.00,None,N/A,
70.1158,gk,MenuSelection,Menu Selection,1063,391,0.00,0.00,None,N/A,
70.1253,gk,MenuSelection,Menu Selection,1063,391,0.00,0.00,None,N/A,
70.1358,gk,MenuSelection,Menu Selection,1063,391,0.00,0.00,None,N/A,
70.1454,gk,MenuSelection,Menu Selection,1063,391,0.00,0.00,None,N/A,
70.1551,gk,MenuSelection,Menu Selection,1063,391,0.00,0.00,None,N/A,
70.1659,gk,MenuSelection,Menu Selection,1063,391,0.00,0.00,None,N/A,
70.1755,gk,MenuSelection,Menu Selection,1063,391,0.00,0.00,None,N/A,
70.1852,gk,MenuSelection,Menu Selection,1063,391,0.00,0.00,None,N/A,
70.1959,gk,MenuSelection,Menu Selection,1063,391,0.00,0.00,None,N/A,
70.2056,gk,MenuSelection,Menu Selection,1063,391,0.00,0.00,None,N/A,
70.2152,gk,MenuSelection,Menu Selection,1063,391,0.00,0.00,None,N/A,
70.2259,gk,MenuSelection,Menu Selection,1063,391,0.00,0.00,None,N/A,
70.2356,gk,MenuSelection,Menu Selection,1063,391,0.00,0.00,None,N/A,
70.2453,gk,MenuSelection,Menu Selection,1063,391,0.00,0.00,None,N/A,
70.2553,gk,MenuSelection,Menu Selection,1063,391,0.00,0.00,None,N/A,
70.2659,gk,MenuSelection,Menu Selection,1063,391,0.00,0.00,None,N/A,
70.2755,gk,MenuSelection,Menu Selection,1063,391,0.00,0.00,None,N/A,
70.2851,gk,MenuSelection,Menu Selection,1063,391,0.00,0.00,None,N/A,
70.2956,gk,MenuSelection,Menu Selection,1063,391,0.00,0.00,None,N/A,
70.3051,gk,MenuSelection,Menu Selection,1063,391,0.00,0.00,None,N/A,
70.3157,gk,MenuSelection,Menu Selection,1063,391,0.00,0.00,None,N/A,
70.3253,gk,MenuSelection,Menu Selection,1063,391,0.00,0.00,None,N/A,
70.3360,gk,MenuSelection,Menu Selection,1063,391,0.00,0.00,None,N/A,
70.3450,gk,MenuSelection,Menu Selection,1063,391,0.00,0.00,None,N/A,
70.3556,gk,MenuSelection,Menu Selection,1063,391,0.00,0.00,None,N/A,
70.3651,gk,MenuSelection,Menu Selection,1063,391,0.00,0.00,None,N/A,
70.3758,gk,MenuSelection,Menu Selection,1063,391,0.00,0.00,None,N/A,
70.3854,gk,MenuSelection,Menu Selection,1063,391,0.00,0.00,None,N/A,
70.3959,gk,MenuSelection,Menu Selection,1063,391,0.00,0.00,None,N/A,
70.4056,gk,MenuSelection,Menu Selection,1063,391,0.00,0.00,None,N/A,
70.4150,gk,MenuSelection,Menu Selection,1061,393,301.40,32118.45,None,N/A,
70.4251,gk,MenuSelection,Menu Selection,1059,394,221.90,-7889.55,None,N/A,
70.4356,gk,MenuSelection,Menu Selection,1057,396,269.71,4558.91,None,N/A,
70.4456,gk,MenuSelection,Menu Selection,1055,397,223.15,-4646.73,None,N/A,
70.4550,gk,MenuSelection,Menu Selection,1053,399,300.92,8273.47,None,N/A,
70.4653,gk,MenuSelection,Menu Selection,1051,399,193.63,-10386.65,None,N/A,
70.4750,gk,MenuSelection,Menu Selection,1048,401,373.97,18705.25,None,N/A,
70.4858,gk,MenuSelection,Menu Selection,1047,401,92.44,-26024.37,None,N/A,
70.4953,gk,MenuSelection,Menu Selection,1043,403,470.79,39829.08,None,N/A,
70.5057,gk,MenuSelection,Menu Selection,1042,403,96.35,-36076.81,None,N/A,
70.5153,gk,MenuSelection,Menu Selection,1040,403,208.35,11667.69,None,N/A,
70.5252,gk,MenuSelection,Menu Selection,1035,404,515.93,31121.54,None,N/A,
70.5358,gk,MenuSelection,Menu Selection,1032,403,297.20,-20556.80,None,N/A,
70.5455,gk,MenuSelection,Menu Selection,1025,402,727.08,44201.55,None,N/A,
70.5556,gk,MenuSelection,Menu Selection,1022,402,296.73,-42565.73,None,N/A,
70.5651,gk,MenuSelection,Menu Selection,1016,400,666.16,38911.35,None,N/A,
70.5751,gk,MenuSelection,Menu Selection,1014,399,223.74,-44267.74,None,N/A,
70.5857,gk,MenuSelection,Menu Selection,1010,397,424.07,18996.86,None,N/A,
70.5956,gk,MenuSelection,Menu Selection,1008,395,285.04,-14011.18,None,N/A,
70.6050,gk,MenuSelection,Menu Selection,1005,393,383.95,10533.47,None,N/A,
70.6152,gk,MenuSelection,Menu Selection,1003,391,275.45,-10566.86,None,N/A,
70.6257,gk,MenuSelection,Menu Selection,1001,389,271.74,-356.43,None,N/A,
70.6349,gk,MenuSelection,Menu Selection,1000,387,241.39,-3276.14,None,N/A,
70.6457,gk,MenuSelection,Menu Selection,999,386,130.59,-10231.45,None,N/A,
70.6553,gk,MenuSelection,Menu Selection,997,383,376.69,25712.12,None,N/A,
70.6653,gk,MenuSelection,Menu Selection,997,382,100.16,-27697.29,None,N/A,
70.6750,gk,MenuSelection,Menu Selection,996,379,326.32,23337.80,None,N/A,
70.6850,gk,MenuSelection,Menu Selection,995,378,140.90,-18473.65,None,N/A,
70.6957,gk,MenuSelection,Menu Selection,995,375,280.03,12986.61,None,N/A,
70.7054,gk,MenuSelection,Menu Selection,994,374,145.80,-13838.72,None,N/A,
70.7150,gk,MenuSelection,Menu Selection,994,372,209.73,6704.37,None,N/A,
70.7251,gk,MenuSelection,Menu Selection,993,370,221.50,1165.81,None,N/A,
70.7355,gk,MenuSelection,Menu Selection,993,368,191.62,-2863.04,None,N/A,
70.7456,gk,MenuSelection,Menu Selection,992,367,139.81,-5121.58,None,N/A,
70.7555,gk,MenuSelection,Menu Selection,992,366,100.90,-3926.18,None,N/A,
70.7654,gk,MenuSelection,Menu Selection,991,365,142.86,4239.00,None,N/A,
70.7757,gk,MenuSelection,Menu Selection,991,364,97.47,-4424.30,None,N/A,
70.7858,gk,MenuSelection,Menu Selection,991,363,99.35,186.72,None,N/A,
70.7956,gk,MenuSelection,Menu Selection,991,363,0.00,-10069.56,None,N/A,
70.8053,gk,MenuSelection,Menu Selection,991,363,0.00,0.00,None,N/A,
70.8150,gk,MenuSelection,Menu Selection,991,363,0.00,0.00,None,N/A,
70.8249,gk,MenuSelection,Menu Selection,991,364,101.18,10236.84,None,N/A,
70.8354,gk,MenuSelection,Menu Selection,991,364,0.00,-9623.74,None,N/A,
70.8451,gk,MenuSelection,Menu Selection,991,364,0.00,0.00,None,N/A,
70.8558,gk,MenuSelection,Menu Selection,991,364,0.00,0.00,None,N/A,
70.8654,gk,MenuSelection,Menu Selection,991,364,0.00,0.00,None,N/A,
70.8752,gk,MenuSelection,Menu Selection,991,364,0.00,0.00,None,N/A,
70.8858,gk,MenuSelection,Menu Selection,991,364,0.00,0.00,None,N/A,
70.8956,gk,MenuSelection,Menu Selection,991,364,0.00,0.00,None,N/A,
70.9053,gk,MenuSelection,Menu Selection,991,364,0.00,0.00,None,N/A,
70.9151,gk,MenuSelection,Menu Selection,991,364,0.00,0.00,None,N/A,
70.9258,gk,MenuSelection,Menu Selection,991,364,0.00,0.00,None,N/A,
70.9355,gk,MenuSelection,Menu Selection,991,364,0.00,0.00,None,N/A,
70.9452,gk,MenuSelection,Menu Selection,991,364,0.00,0.00,None,N/A,
70.9558,gk,MenuSelection,Menu Selection,991,364,0.00,0.00,None,N/A,
70.9654,gk,MenuSelection,Menu Selection,991,364,0.00,0.00,None,N/A,
70.9752,gk,MenuSelection,Menu Selection,991,364,0.00,0.00,None,N/A,
70.9860,gk,MenuSelection,Menu Selection,991,364,0.00,0.00,None,N/A,
70.9957,gk,MenuSelection,Menu Selection,991,364,0.00,0.00,None,N/A,
71.0055,gk,MenuSelection,Menu Selection,991,364,0.00,0.00,None,N/A,
71.0154,gk,MenuSelection,Menu Selection,991,364,0.00,0.00,None,N/A,
71.0251,gk,MenuSelection,Menu Selection,991,364,0.00,0.00,None,N/A,
71.0358,gk,MenuSelection,Menu Selection,991,364,0.00,0.00,None,N/A,
71.0454,gk,MenuSelection,Menu Selection,991,364,0.00,0.00,None,N/A,
71.0552,gk,MenuSelection,Menu Selection,991,364,0.00,0.00,None,N/A,
71.0660,gk,MenuSelection,Menu Selection,991,364,0.00,0.00,None,N/A,
71.0756,gk,MenuSelection,Menu Selection,991,364,0.00,0.00,None,N/A,
71.0854,gk,MenuSelection,Menu Selection,991,364,0.00,0.00,None,N/A,
71.0950,gk,MenuSelection,Menu Selection,991,364,0.00,0.00,None,N/A,
71.1057,gk,MenuSelection,Menu Selection,991,364,0.00,0.00,None,N/A,
71.1154,gk,MenuSelection,Menu Selection,991,364,0.00,0.00,None,N/A,
71.1249,gk,MenuSelection,Menu Selection,991,364,0.00,0.00,None,N/A,
71.1355,gk,MenuSelection,Menu Selection,991,364,0.00,0.00,None,N/A,
71.1452,gk,MenuSelection,Menu Selection,991,364,0.00,0.00,None,N/A,
71.1560,gk,MenuSelection,Menu Selection,991,364,0.00,0.00,None,N/A,
71.1657,gk,MenuSelection,Menu Selection,991,364,0.00,0.00,None,N/A,
71.1753,gk,MenuSelection,Menu Selection,991,364,0.00,0.00,None,N/A,
71.1859,gk,MenuSelection,Menu Selection,991,364,0.00,0.00,None,N/A,
71.1956,gk,MenuSelection,Menu Selection,991,364,0.00,0.00,None,N/A,
71.2053,gk,MenuSelection,Menu Selection,991,364,0.00,0.00,None,N/A,
71.2160,gk,MenuSelection,Menu Selection,991,364,0.00,0.00,None,N/A,
71.2256,gk,MenuSelection,Menu Selection,991,364,0.00,0.00,None,N/A,
71.2352,gk,MenuSelection,Menu Selection,991,364,0.00,0.00,None,N/A,
71.2457,gk,MenuSelection,Menu Selection,991,364,0.00,0.00,None,N/A,
71.2552,gk,MenuSelection,Menu Selection,991,364,0.00,0.00,None,N/A,
71.2658,gk,MenuSelection,Menu Selection,991,364,0.00,0.00,None,N/A,
71.2754,gk,MenuSelection,Menu Selection,991,364,0.00,0.00,None,N/A,
71.2851,gk,MenuSelection,Menu Selection,991,364,0.00,0.00,None,N/A,
71.2957,gk,MenuSelection,Menu Selection,991,364,0.00,0.00,None,N/A,
71.3056,gk,MenuSelection,Menu Selection,991,364,0.00,0.00,None,N/A,
71.3152,gk,MenuSelection,Menu Selection,991,364,0.00,0.00,None,N/A,
71.3258,gk,MenuSelection,Menu Selection,991,364,0.00,0.00,None,N/A,
71.3354,gk,MenuSelection,Menu Selection,991,364,0.00,0.00,None,N/A,
71.3451,gk,MenuSelection,Menu Selection,991,364,0.00,0.00,None,N/A,
71.3557,gk,MenuSelection,Menu Selection,991,364,0.00,0.00,None,N/A,
71.3660,gk,MenuSelection,Menu Selection,991,365,97.88,9579.82,None,N/A,
71.3759,gk,MenuSelection,Menu Selection,988,367,361.56,26442.54,None,N/A,
71.3851,gk,MenuSelection,Menu Selection,987,369,244.52,-12798.81,None,N/A,
71.3955,gk,MenuSelection,Menu Selection,985,372,345.62,9690.27,None,N/A,
71.4056,gk,MenuSelection,Menu Selection,983,374,279.14,-6560.39,None,N/A,
71.4149,gk,MenuSelection,Menu Selection,980,377,455.45,18926.84,None,N/A,
71.4252,gk,MenuSelection,Menu Selection,979,379,217.43,-23144.63,None,N/A,
71.4358,gk,MenuSelection,Menu Selection,976,383,472.10,24045.32,None,N/A,
71.4458,gk,MenuSelection,Menu Selection,974,385,283.65,-18898.62,None,N/A,
71.4556,gk,MenuSelection,Menu Selection,972,388,367.11,8498.11,None,N/A,
71.4653,gk,MenuSelection,Menu Selection,969,394,691.99,33512.88,None,N/A,
71.4751,gk,MenuSelection,Menu Selection,967,397,367.58,-33072.95,None,N/A,
71.4859,gk,MenuSelection,Menu Selection,964,403,621.88,23574.91,None,N/A,
71.4957,gk,MenuSelection,Menu Selection,963,406,323.13,-30526.86,None,N/A,
71.5055,gk,MenuSelection,Menu Selection,960,413,775.18,46012.42,None,N/A,
71.5153,gk,MenuSelection,Menu Selection,959,416,322.64,-46171.51,None,N/A,
71.5250,gk,MenuSelection,Menu Selection,956,423,788.79,48281.21,None,N/A,
71.5351,gk,MenuSelection,Menu Selection,954,427,443.53,-34241.60,None,N/A,
71.5454,gk,MenuSelection,Menu Selection,952,434,705.07,25328.90,None,N/A,
71.5560,gk,MenuSelection,Menu Selection,950,437,340.92,-34431.51,None,N/A,
71.5655,gk,MenuSelection,Menu Selection,949,440,331.74,-963.00,None,N/A,
71.5752,gk,MenuSelection,Menu Selection,948,444,425.52,9678.64,None,N/A,
71.5851,gk,MenuSelection,Menu Selection,947,446,225.12,-20175.61,None,N/A,
71.5958,gk,MenuSelection,Menu Selection,946,451,479.34,23898.63,None,N/A,
71.6058,gk,MenuSelection,Menu Selection,946,453,199.27,-27905.00,None,N/A,
71.6154,gk,MenuSelection,Menu Selection,945,457,428.32,23795.07,None,N/A,
71.6251,gk,MenuSelection,Menu Selection,945,459,206.15,-22900.52,None,N/A,
71.6350,gk,MenuSelection,Menu Selection,945,463,403.77,19948.99,None,N/A,
71.6458,gk,MenuSelection,Menu Selection,945,465,186.12,-20254.82,None,N/A,
71.6550,gk,MenuSelection,Menu Selection,945,470,540.59,38324.46,None,N/A,
71.6653,gk,MenuSelection,Menu Selection,946,473,307.13,-22674.11,None,N/A,
71.6753,gk,MenuSelection,Menu Selection,947,476,315.99,885.40,None,N/A,
71.6860,gk,MenuSelection,Menu Selection,947,476,0.00,-29718.93,None,N/A,
71.6956,gk,MenuSelection,Menu Selection,947,476,0.00,0.00,None,N/A,
71.7052,gk,MenuSelection,Menu Selection,947,476,0.00,0.00,None,N/A,
71.7158,gk,MenuSelection,Menu Selection,947,476,0.00,0.00,None,N/A,
71.7253,gk,MenuSelection,Menu Selection,947,476,0.00,0.00,None,N/A,
71.7358,gk,MenuSelection,Menu Selection,947,476,0.00,0.00,None,N/A,
71.7453,gk,MenuSelection,Menu Selection,947,476,0.00,0.00,None,N/A,
71.7558,gk,MenuSelection,Menu Selection,947,476,0.00,0.00,None,N/A,
71.7653,gk,MenuSelection,Menu Selection,947,476,0.00,0.00,None,N/A,
71.7756,gk,MenuSelection,Menu Selection,947,476,0.00,0.00,None,N/A,
71.7853,gk,MenuSelection,Menu Selection,947,476,0.00,0.00,None,N/A,
71.7951,gk,MenuSelection,Menu Selection,947,476,0.00,0.00,None,N/A,
71.8057,gk,MenuSelection,Menu Selection,947,476,0.00,0.00,None,N/A,
71.8154,gk,MenuSelection,Menu Selection,947,476,0.00,0.00,None,N/A,
71.8252,gk,MenuSelection,Menu Selection,947,476,0.00,0.00,None,N/A,
71.8360,gk,MenuSelection,Menu Selection,947,476,0.00,0.00,None,N/A,
71.8457,gk,MenuSelection,Menu Selection,947,476,0.00,0.00,None,N/A,
71.8553,gk,MenuSelection,Menu Selection,947,476,0.00,0.00,None,N/A,
71.8649,gk,MenuSelection,Menu Selection,947,476,0.00,0.00,None,N/A,
71.8755,gk,MenuSelection,Menu Selection,947,476,0.00,0.00,None,N/A,
71.8851,gk,MenuSelection,Menu Selection,947,476,0.00,0.00,None,N/A,
71.8956,gk,MenuSelection,Menu Selection,947,476,0.00,0.00,None,N/A,
71.9051,gk,MenuSelection,Menu Selection,947,476,0.00,0.00,None,N/A,
71.9156,gk,MenuSelection,Menu Selection,947,476,0.00,0.00,None,N/A,
71.9253,gk,MenuSelection,Menu Selection,947,476,0.00,0.00,None,N/A,
71.9359,gk,MenuSelection,Menu Selection,947,476,0.00,0.00,None,N/A,
71.9459,gk,MenuSelection,Menu Selection,947,476,0.00,0.00,None,N/A,
71.9555,gk,MenuSelection,Menu Selection,947,476,0.00,0.00,None,N/A,
71.9652,gk,MenuSelection,Menu Selection,947,476,0.00,0.00,None,N/A,
71.9758,gk,MenuSelection,Menu Selection,947,476,0.00,0.00,None,N/A,
71.9850,gk,MenuSelection,Menu Selection,947,476,0.00,0.00,None,N/A,
71.9957,gk,MenuSelection,Menu Selection,947,476,0.00,0.00,Left,N/A,
72.0054,gk,MenuSelection,Menu Selection,947,476,0.00,0.00,Left,N/A,
72.0150,gk,MenuSelection,Menu Selection,947,476,0.00,0.00,Left,N/A,
72.0256,gk,MenuSelection,Menu Selection,947,476,0.00,0.00,Left,N/A,
72.0353,gk,MenuSelection,Menu Selection,947,476,0.00,0.00,Left,N/A,
72.0458,gk,MenuSelection,Menu Selection,947,476,0.00,0.00,Left,N/A,
72.0554,gk,MenuSelection,Menu Selection,947,476,0.00,0.00,Left,N/A,
72.0659,gk,MenuSelection,Menu Selection,947,476,0.00,0.00,Left,N/A,
72.0756,gk,MenuSelection,Menu Selection,947,476,0.00,0.00,Left,N/A,
72.0853,gk,MenuSelection,Menu Selection,947,476,0.00,0.00,Left,N/A,
72.0969,gk,MenuSelection,Menu Selection,947,476,0.00,0.00,Left,N/A,
72.1054,gk,MenuSelection,Menu Selection,947,476,0.00,0.00,Left,N/A,
72.1154,gk,MenuSelection,Menu Selection,947,476,0.00,0.00,Left,N/A,
72.9497,gk,MenuSelection,Menu Selection,976,366,136.35,163.43,Left,N/A,
72.9599,gk,MenuSelection,Menu Selection,976,366,0.00,-13339.77,Left,N/A,
72.9705,gk,MenuSelection,Menu Selection,976,366,0.00,0.00,Left,N/A,
72.9805,gk,MenuSelection,Menu Selection,976,366,0.00,0.00,Left,N/A,
72.9901,gk,MenuSelection,Menu Selection,976,366,0.00,0.00,Left,N/A,
73.0007,gk,MenuSelection,Menu Selection,976,366,0.00,0.00,Left,N/A,
73.0107,gk,MenuSelection,Menu Selection,976,366,0.00,0.00,Left,N/A,
73.0306,gk,MenuSelection,Menu Selection,976,366,0.00,0.00,None,N/A,
73.0410,gk,MenuSelection,Menu Selection,976,366,0.00,0.00,None,N/A,
73.0515,gk,MenuSelection,Menu Selection,976,366,0.00,0.00,None,N/A,
73.0616,gk,MenuSelection,Menu Selection,976,366,0.00,0.00,None,N/A,
73.0713,gk,MenuSelection,Menu Selection,976,366,0.00,0.00,None,N/A,
73.0817,gk,MenuSelection,Menu Selection,976,366,0.00,0.00,None,N/A,
73.0913,gk,MenuSelection,Menu Selection,976,366,0.00,0.00,None,N/A,
73.1009,gk,MenuSelection,Menu Selection,976,366,0.00,0.00,None,N/A,
73.1119,gk,MenuSelection,Menu Selection,976,366,0.00,0.00,None,N/A,
73.1218,gk,MenuSelection,Menu Selection,976,366,0.00,0.00,None,N/A,
73.1322,gk,MenuSelection,Menu Selection,976,366,0.00,0.00,None,N/A,
73.1414,gk,MenuSelection,Menu Selection,976,366,0.00,0.00,None,N/A,
73.1513,gk,MenuSelection,Menu Selection,976,366,0.00,0.00,None,N/A,
73.1614,gk,MenuSelection,Menu Selection,976,366,0.00,0.00,None,N/A,
73.1709,gk,MenuSelection,Menu Selection,976,366,0.00,0.00,None,N/A,
73.1815,gk,MenuSelection,Menu Selection,976,366,0.00,0.00,None,N/A,
73.1911,gk,MenuSelection,Menu Selection,976,366,0.00,0.00,None,N/A,
73.2016,gk,MenuSelection,Menu Selection,976,366,0.00,0.00,None,N/A,
73.2113,gk,MenuSelection,Menu Selection,976,366,0.00,0.00,None,N/A,
73.2216,gk,MenuSelection,Menu Selection,975,367,137.03,13277.61,None,N/A,
73.2309,gk,MenuSelection,Menu Selection,975,369,215.35,8433.35,None,N/A,
73.2413,gk,MenuSelection,Menu Selection,973,371,272.79,5540.17,None,N/A,
73.2513,gk,MenuSelection,Menu Selection,973,372,99.22,-17222.36,None,N/A,
73.2726,gk,MenuSelection,Menu Selection,972,376,194.08,4465.19,None,N/A,
73.2836,gk,MenuSelection,Menu Selection,972,378,181.27,-1161.01,None,N/A,
73.2941,gk,MenuSelection,Menu Selection,971,379,134.58,-4443.23,None,N/A,
73.3030,gk,MenuSelection,Menu Selection,970,381,252.22,13268.70,None,N/A,
73.3131,gk,MenuSelection,Menu Selection,970,382,98.86,-15161.25,None,N/A,
73.3229,gk,MenuSelection,Menu Selection,969,383,143.73,4560.00,None,N/A,
73.3337,gk,MenuSelection,Menu Selection,968,386,293.36,13881.35,None,N/A,
73.3430,gk,MenuSelection,Menu Selection,967,388,241.22,-5625.36,None,N/A,
73.3536,gk,MenuSelection,Menu Selection,964,392,472.47,21852.02,None,N/A,
73.3629,gk,MenuSelection,Menu Selection,963,394,240.93,-24947.76,None,N/A,
73.3768,gk,MenuSelection,Menu Selection,960,398,358.30,8410.97,None,N/A,
73.3829,gk,MenuSelection,Menu Selection,959,400,364.42,997.01,None,N/A,
73.3931,gk,MenuSelection,Menu Selection,956,405,575.82,20876.05,None,N/A,
73.4028,gk,MenuSelection,Menu Selection,955,407,229.57,-35548.51,None,N/A,
73.4134,gk,MenuSelection,Menu Selection,953,411,422.18,18182.66,None,N/A,
73.4228,gk,MenuSelection,Menu Selection,952,413,239.14,-19575.51,None,N/A,
73.4332,gk,MenuSelection,Menu Selection,950,417,427.71,18033.76,None,N/A,
73.4435,gk,MenuSelection,Menu Selection,950,418,97.11,-32103.32,None,N/A,
73.4530,gk,MenuSelection,Menu Selection,949,419,148.79,5437.61,None,N/A,
73.4636,gk,MenuSelection,Menu Selection,948,422,298.67,14156.57,None,N/A,
73.4732,gk,MenuSelection,Menu Selection,948,423,104.67,-20306.65,None,N/A,
73.4835,gk,MenuSelection,Menu Selection,947,426,304.80,19290.27,None,N/A,
73.4932,gk,MenuSelection,Menu Selection,947,427,103.66,-20850.14,None,N/A,
73.5036,gk,MenuSelection,Menu Selection,946,430,302.45,19013.03,None,N/A,
73.5134,gk,MenuSelection,Menu Selection,946,431,102.82,-20525.43,None,N/A,
73.5240,gk,MenuSelection,Menu Selection,945,433,211.09,10220.64,None,N/A,
73.5336,gk,MenuSelection,Menu Selection,944,434,146.11,-6712.76,None,N/A,
73.5436,gk,MenuSelection,Menu Selection,944,436,200.76,5485.53,None,N/A,
73.5645,gk,MenuSelection,Menu Selection,943,437,67.74,-6371.49,None,N/A,
73.5759,gk,MenuSelection,Menu Selection,943,438,87.21,1697.93,None,N/A,
73.5853,gk,MenuSelection,Menu Selection,943,438,0.00,-9291.82,None,N/A,
73.5950,gk,MenuSelection,Menu Selection,943,438,0.00,0.00,None,N/A,
73.6048,gk,MenuSelection,Menu Selection,943,439,102.47,10500.62,None,N/A,
73.6147,gk,MenuSelection,Menu Selection,943,439,0.00,-10372.65,None,N/A,
73.6251,gk,MenuSelection,Menu Selection,943,440,95.62,9142.89,None,N/A,
73.6346,gk,MenuSelection,Menu Selection,943,440,0.00,-10113.30,None,N/A,
73.6451,gk,MenuSelection,Menu Selection,943,440,0.00,0.00,None,N/A,
73.6547,gk,MenuSelection,Menu Selection,943,440,0.00,0.00,None,N/A,
73.6646,gk,MenuSelection,Menu Selection,943,440,0.00,0.00,None,N/A,
73.6750,gk,MenuSelection,Menu Selection,943,440,0.00,0.00,None,N/A,
73.6847,gk,MenuSelection,Menu Selection,943,440,0.00,0.00,None,N/A,
73.6951,gk,MenuSelection,Menu Selection,943,440,0.00,0.00,None,N/A,
73.7056,gk,MenuSelection,Menu Selection,943,440,0.00,0.00,None,N/A,
73.7150,gk,MenuSelection,Menu Selection,943,440,0.00,0.00,None,N/A,
73.7256,gk,MenuSelection,Menu Selection,943,440,0.00,0.00,None,N/A,
73.7352,gk,MenuSelection,Menu Selection,943,440,0.00,0.00,None,N/A,
73.7449,gk,MenuSelection,Menu Selection,943,440,0.00,0.00,None,N/A,
73.7555,gk,MenuSelection,Menu Selection,943,440,0.00,0.00,None,N/A,
73.7649,gk,MenuSelection,Menu Selection,943,440,0.00,0.00,None,N/A,
73.7756,gk,MenuSelection,Menu Selection,943,440,0.00,0.00,None,N/A,
73.7854,gk,MenuSelection,Menu Selection,943,440,0.00,0.00,None,N/A,
73.7952,gk,MenuSelection,Menu Selection,943,440,0.00,0.00,None,N/A,
73.8048,gk,MenuSelection,Menu Selection,943,440,0.00,0.00,None,N/A,
73.8154,gk,MenuSelection,Menu Selection,943,440,0.00,0.00,None,N/A,
73.8246,gk,MenuSelection,Menu Selection,943,440,0.00,0.00,None,N/A,
73.8349,gk,MenuSelection,Menu Selection,943,440,0.00,0.00,None,N/A,
73.8452,gk,MenuSelection,Menu Selection,944,440,96.90,9389.99,None,N/A,
73.8549,gk,MenuSelection,Menu Selection,944,440,0.00,-9952.16,None,N/A,
73.8655,gk,MenuSelection,Menu Selection,944,440,0.00,0.00,None,N/A,
73.8751,gk,MenuSelection,Menu Selection,944,440,0.00,0.00,None,N/A,
73.8848,gk,MenuSelection,Menu Selection,944,440,0.00,0.00,None,N/A,
73.8954,gk,MenuSelection,Menu Selection,944,440,0.00,0.00,None,N/A,
73.9050,gk,MenuSelection,Menu Selection,944,440,0.00,0.00,None,N/A,
73.9169,gk,MenuSelection,Menu Selection,944,440,0.00,0.00,None,N/A,
73.9247,gk,MenuSelection,Menu Selection,944,440,0.00,0.00,None,N/A,
73.9355,gk,MenuSelection,Menu Selection,944,440,0.00,0.00,None,N/A,
73.9453,gk,MenuSelection,Menu Selection,944,440,0.00,0.00,None,N/A,
73.9550,gk,MenuSelection,Menu Selection,944,440,0.00,0.00,None,N/A,
73.9648,gk,MenuSelection,Menu Selection,944,440,0.00,0.00,None,N/A,
73.9754,gk,MenuSelection,Menu Selection,944,440,0.00,0.00,None,N/A,
73.9852,gk,MenuSelection,Menu Selection,944,440,0.00,0.00,None,N/A,
73.9948,gk,MenuSelection,Menu Selection,944,440,0.00,0.00,None,N/A,
74.0056,gk,MenuSelection,Menu Selection,944,440,0.00,0.00,None,N/A,
74.0149,gk,MenuSelection,Menu Selection,944,440,0.00,0.00,None,N/A,
74.0255,gk,MenuSelection,Menu Selection,944,440,0.00,0.00,None,N/A,
74.0352,gk,MenuSelection,Menu Selection,944,440,0.00,0.00,None,N/A,
74.0455,gk,MenuSelection,Menu Selection,944,440,0.00,0.00,None,N/A,
74.0551,gk,MenuSelection,Menu Selection,944,440,0.00,0.00,None,N/A,
74.0646,gk,MenuSelection,Menu Selection,944,440,0.00,0.00,None,N/A,
74.0752,gk,MenuSelection,Menu Selection,944,440,0.00,0.00,None,N/A,
74.0849,gk,MenuSelection,Menu Selection,944,440,0.00,0.00,None,N/A,
74.0955,gk,MenuSelection,Menu Selection,944,440,0.00,0.00,None,N/A,
74.1051,gk,MenuSelection,Menu Selection,944,440,0.00,0.00,None,N/A,
74.1148,gk,MenuSelection,Menu Selection,944,440,0.00,0.00,None,N/A,
74.1254,gk,MenuSelection,Menu Selection,944,440,0.00,0.00,None,N/A,
74.1351,gk,MenuSelection,Menu Selection,944,440,0.00,0.00,None,N/A,
74.1448,gk,MenuSelection,Menu Selection,944,440,0.00,0.00,None,N/A,
74.1554,gk,MenuSelection,Menu Selection,944,440,0.00,0.00,None,N/A,
74.1650,gk,MenuSelection,Menu Selection,944,440,0.00,0.00,None,N/A,
74.1748,gk,MenuSelection,Menu Selection,944,440,0.00,0.00,None,N/A,
74.1855,gk,MenuSelection,Menu Selection,944,440,0.00,0.00,None,N/A,
74.1951,gk,MenuSelection,Menu Selection,944,440,0.00,0.00,None,N/A,
74.2047,gk,MenuSelection,Menu Selection,944,440,0.00,0.00,None,N/A,
74.2153,gk,MenuSelection,Menu Selection,944,440,0.00,0.00,None,N/A,
74.2249,gk,MenuSelection,Menu Selection,944,440,0.00,0.00,None,N/A,
74.2355,gk,MenuSelection,Menu Selection,944,440,0.00,0.00,None,N/A,
74.2452,gk,MenuSelection,Menu Selection,944,440,0.00,0.00,None,N/A,
74.2548,gk,MenuSelection,Menu Selection,944,440,0.00,0.00,None,N/A,
74.2654,gk,MenuSelection,Menu Selection,944,440,0.00,0.00,None,N/A,
74.2750,gk,MenuSelection,Menu Selection,944,440,0.00,0.00,None,N/A,
74.2860,gk,MenuSelection,Menu Selection,944,440,0.00,0.00,None,N/A,
74.2947,gk,MenuSelection,Menu Selection,944,440,0.00,0.00,None,N/A,
74.3053,gk,MenuSelection,Menu Selection,944,440,0.00,0.00,None,N/A,
74.3150,gk,MenuSelection,Menu Selection,944,440,0.00,0.00,None,N/A,
74.3248,gk,MenuSelection,Menu Selection,944,440,0.00,0.00,None,N/A,
74.3355,gk,MenuSelection,Menu Selection,944,440,0.00,0.00,None,N/A,
74.3450,gk,MenuSelection,Menu Selection,944,440,0.00,0.00,None,N/A,
74.3547,gk,MenuSelection,Menu Selection,944,440,0.00,0.00,None,N/A,
74.3653,gk,MenuSelection,Menu Selection,944,440,0.00,0.00,None,N/A,
74.3748,gk,MenuSelection,Menu Selection,949,442,568.20,59951.61,None,N/A,
74.3849,gk,MenuSelection,Menu Selection,953,444,439.57,-12642.71,None,N/A,
74.3950,gk,MenuSelection,Menu Selection,962,446,920.31,47987.81,None,N/A,
74.4055,gk,MenuSelection,Menu Selection,965,448,343.45,-54949.27,None,N/A,
74.4152,gk,MenuSelection,Menu Selection,971,449,625.09,28942.19,None,N/A,
74.4245,gk,MenuSelection,Menu Selection,974,450,338.10,-30683.80,None,N/A,
74.4355,gk,MenuSelection,Menu Selection,979,451,464.63,11529.65,None,N/A,
74.4453,gk,MenuSelection,Menu Selection,981,452,228.66,-24130.08,None,N/A,
74.4556,gk,MenuSelection,Menu Selection,983,452,194.71,-3305.43,None,N/A,
74.4646,gk,MenuSelection,Menu Selection,988,453,566.24,41257.95,None,N/A,
74.4751,gk,MenuSelection,Menu Selection,990,453,189.85,-35728.88,None,N/A,
74.4846,gk,MenuSelection,Menu Selection,994,453,420.26,24207.89,None,N/A,
74.4946,gk,MenuSelection,Menu Selection,995,453,99.94,-32012.94,None,N/A,
74.5054,gk,MenuSelection,Menu Selection,998,454,292.77,17853.20,None,N/A,
74.5146,gk,MenuSelection,Menu Selection,1000,454,217.07,-8216.68,None,N/A,
74.5246,gk,MenuSelection,Menu Selection,1003,455,316.51,9952.68,None,N/A,
74.5359,gk,MenuSelection,Menu Selection,1005,455,177.52,-12336.55,None,N/A,
74.5449,gk,MenuSelection,Menu Selection,1007,456,249.67,8055.80,None,N/A,
74.5555,gk,MenuSelection,Menu Selection,1010,456,282.55,3097.28,None,N/A,
74.5654,gk,MenuSelection,Menu Selection,1011,456,100.33,-18282.21,None,N/A,
74.5751,gk,MenuSelection,Menu Selection,1014,456,310.74,21795.00,None,N/A,
74.5846,gk,MenuSelection,Menu Selection,1015,457,148.51,-17036.51,None,N/A,
74.5945,gk,MenuSelection,Menu Selection,1018,457,303.14,15624.00,None,N/A,
74.6052,gk,MenuSelection,Menu Selection,1019,457,93.28,-19575.62,None,N/A,
74.6153,gk,MenuSelection,Menu Selection,1021,458,221.65,12724.79,None,N/A,
74.6247,gk,MenuSelection,Menu Selection,1022,458,106.97,-12267.48,None,N/A,
74.6347,gk,MenuSelection,Menu Selection,1024,458,199.46,9224.68,None,N/A,
74.6456,gk,MenuSelection,Menu Selection,1025,458,92.12,-9888.39,None,N/A,
74.6547,gk,MenuSelection,Menu Selection,1026,459,154.07,6749.73,None,N/A,
74.6651,gk,MenuSelection,Menu Selection,1027,459,96.32,-5562.69,None,N/A,
74.6751,gk,MenuSelection,Menu Selection,1028,460,141.77,4556.49,None,N/A,
74.6845,gk,MenuSelection,Menu Selection,1030,460,211.65,7394.99,None,N/A,
74.6950,gk,MenuSelection,Menu Selection,1031,461,135.65,-7289.95,None,N/A,
74.7055,gk,MenuSelection,Menu Selection,1033,461,189.46,5097.47,None,N/A,
74.7150,gk,MenuSelection,Menu Selection,1034,462,149.71,-4208.19,None,N/A,
74.7249,gk,MenuSelection,Menu Selection,1036,462,201.44,5210.42,None,N/A,
74.7351,gk,MenuSelection,Menu Selection,1037,463,138.31,-6174.11,None,N/A,
74.7445,gk,MenuSelection,Menu Selection,1038,463,106.23,-3408.21,None,N/A,
74.7549,gk,MenuSelection,Menu Selection,1039,463,96.11,-972.50,None,N/A,
74.7650,gk,MenuSelection,Menu Selection,1039,463,0.00,-9567.14,None,N/A,
74.7748,gk,MenuSelection,Menu Selection,1040,464,143.86,14633.39,None,N/A,
74.7847,gk,MenuSelection,Menu Selection,1040,464,0.00,-14557.13,None,N/A,
74.7946,gk,MenuSelection,Menu Selection,1040,464,0.00,0.00,None,N/A,
74.8058,gk,MenuSelection,Menu Selection,1041,465,126.87,11381.44,None,N/A,
74.8151,gk,MenuSelection,Menu Selection,1041,466,107.25,-2104.46,None,N/A,
74.8256,gk,MenuSelection,Menu Selection,1042,466,95.38,-1131.71,None,N/A,
74.8354,gk,MenuSelection,Menu Selection,1042,467,102.29,706.14,None,N/A,
74.8447,gk,MenuSelection,Menu Selection,1043,468,151.17,5225.04,None,N/A,
74.8550,gk,MenuSelection,Menu Selection,1043,469,97.47,-5233.87,None,N/A,
74.8653,gk,MenuSelection,Menu Selection,1044,470,137.51,3892.95,None,N/A,
74.8747,gk,MenuSelection,Menu Selection,1044,470,0.00,-14546.67,None,N/A,
74.8847,gk,MenuSelection,Menu Selection,1044,471,99.98,9996.68,None,N/A,
74.8948,gk,MenuSelection,Menu Selection,1044,471,0.00,-9930.64,None,N/A,
74.9054,gk,MenuSelection,Menu Selection,1044,472,94.57,8942.81,None,N/A,
74.9154,gk,MenuSelection,Menu Selection,1044,472,0.00,-9385.71,None,N/A,
74.9252,gk,MenuSelection,Menu Selection,1044,472,0.00,0.00,None,N/A,
74.9352,gk,MenuSelection,Menu Selection,1044,472,0.00,0.00,None,N/A,
74.9452,gk,MenuSelection,Menu Selection,1044,472,0.00,0.00,None,N/A,
74.9555,gk,MenuSelection,Menu Selection,1044,472,0.00,0.00,None,N/A,
74.9651,gk,MenuSelection,Menu Selection,1044,472,0.00,0.00,None,N/A,
74.9751,gk,MenuSelection,Menu Selection,1044,472,0.00,0.00,None,N/A,
74.9846,gk,MenuSelection,Menu Selection,1044,472,0.00,0.00,None,N/A,
74.9952,gk,MenuSelection,Menu Selection,1044,472,0.00,0.00,None,N/A,
75.0048,gk,MenuSelection,Menu Selection,1044,472,0.00,0.00,None,N/A,
75.0154,gk,MenuSelection,Menu Selection,1044,472,0.00,0.00,None,N/A,
75.0252,gk,MenuSelection,Menu Selection,1044,472,0.00,0.00,None,N/A,
75.0349,gk,MenuSelection,Menu Selection,1044,472,0.00,0.00,None,N/A,
75.0452,gk,MenuSelection,Menu Selection,1044,472,0.00,0.00,None,N/A,
75.0548,gk,MenuSelection,Menu Selection,1044,472,0.00,0.00,None,N/A,
75.0654,gk,MenuSelection,Menu Selection,1044,472,0.00,0.00,None,N/A,
75.0750,gk,MenuSelection,Menu Selection,1044,472,0.00,0.00,None,N/A,
75.0848,gk,MenuSelection,Menu Selection,1044,472,0.00,0.00,None,N/A,
75.0955,gk,MenuSelection,Menu Selection,1044,472,0.00,0.00,None,N/A,
75.1052,gk,MenuSelection,Menu Selection,1044,472,0.00,0.00,None,N/A,
75.1150,gk,MenuSelection,Menu Selection,1044,472,0.00,0.00,None,N/A,
75.1250,gk,MenuSelection,Menu Selection,1044,472,0.00,0.00,None,N/A,
75.1348,gk,MenuSelection,Menu Selection,1044,472,0.00,0.00,None,N/A,
75.1455,gk,MenuSelection,Menu Selection,1044,472,0.00,0.00,None,N/A,
75.1552,gk,MenuSelection,Menu Selection,1044,472,0.00,0.00,None,N/A,
75.1648,gk,MenuSelection,Menu Selection,1044,472,0.00,0.00,None,N/A,
75.1755,gk,MenuSelection,Menu Selection,1044,472,0.00,0.00,None,N/A,
75.1851,gk,MenuSelection,Menu Selection,1044,472,0.00,0.00,None,N/A,
75.1948,gk,MenuSelection,Menu Selection,1044,472,0.00,0.00,None,N/A,
75.2055,gk,MenuSelection,Menu Selection,1044,472,0.00,0.00,None,N/A,
75.2152,gk,MenuSelection,Menu Selection,1044,472,0.00,0.00,None,N/A,
75.2250,gk,MenuSelection,Menu Selection,1044,472,0.00,0.00,None,N/A,
75.2356,gk,MenuSelection,Menu Selection,1044,472,0.00,0.00,None,N/A,
75.2452,gk,MenuSelection,Menu Selection,1044,472,0.00,0.00,None,N/A,
75.2548,gk,MenuSelection,Menu Selection,1044,472,0.00,0.00,None,N/A,
75.2653,gk,MenuSelection,Menu Selection,1044,472,0.00,0.00,None,N/A,
75.2749,gk,MenuSelection,Menu Selection,1044,472,0.00,0.00,None,N/A,
75.2847,gk,MenuSelection,Menu Selection,1044,472,0.00,0.00,None,N/A,
75.2953,gk,MenuSelection,Menu Selection,1044,472,0.00,0.00,None,N/A,
75.3053,gk,MenuSelection,Menu Selection,1044,472,0.00,0.00,None,N/A,
75.3154,gk,MenuSelection,Menu Selection,1044,472,0.00,0.00,None,N/A,
75.3249,gk,MenuSelection,Menu Selection,1044,472,0.00,0.00,None,N/A,
75.3356,gk,MenuSelection,Menu Selection,1044,472,0.00,0.00,None,N/A,
75.3453,gk,MenuSelection,Menu Selection,1044,472,0.00,0.00,None,N/A,
75.3549,gk,MenuSelection,Menu Selection,1044,472,0.00,0.00,None,N/A,
75.3656,gk,MenuSelection,Menu Selection,1044,472,0.00,0.00,None,N/A,
75.3752,gk,MenuSelection,Menu Selection,1044,472,0.00,0.00,None,N/A,
75.3849,gk,MenuSelection,Menu Selection,1044,472,0.00,0.00,None,N/A,
75.3955,gk,MenuSelection,Menu Selection,1044,472,0.00,0.00,None,N/A,
75.4052,gk,MenuSelection,Menu Selection,1044,472,0.00,0.00,None,N/A,
75.4150,gk,MenuSelection,Menu Selection,1044,472,0.00,0.00,None,N/A,
75.4247,gk,MenuSelection,Menu Selection,1044,472,0.00,0.00,None,N/A,
75.4355,gk,MenuSelection,Menu Selection,1044,472,0.00,0.00,None,N/A,
75.4451,gk,MenuSelection,Menu Selection,1044,472,0.00,0.00,None,N/A,
75.4551,gk,MenuSelection,Menu Selection,1044,472,0.00,0.00,None,N/A,
75.4647,gk,MenuSelection,Menu Selection,1044,472,0.00,0.00,None,N/A,
75.4755,gk,MenuSelection,Menu Selection,1044,472,0.00,0.00,Left,N/A,
75.4852,gk,MenuSelection,Menu Selection,1044,472,0.00,0.00,Left,N/A,
75.4949,gk,MenuSelection,Menu Selection,1044,472,0.00,0.00,Left,N/A,
75.5047,gk,MenuSelection,Menu Selection,1044,472,0.00,0.00,Left,N/A,
75.5155,gk,MenuSelection,Menu Selection,1044,472,0.00,0.00,Left,N/A,
75.5252,gk,MenuSelection,Menu Selection,1044,472,0.00,0.00,Left,N/A,
75.5349,gk,MenuSelection,Menu Selection,1044,472,0.00,0.00,Left,N/A,
75.5455,gk,MenuSelection,Menu Selection,1044,472,0.00,0.00,Left,N/A,
75.5552,gk,MenuSelection,Menu Selection,1044,472,0.00,0.00,Left,N/A,
75.5649,gk,MenuSelection,Menu Selection,1044,472,0.00,0.00,Left,N/A,
75.5754,gk,MenuSelection,Menu Selection,1044,472,0.00,0.00,Left,N/A,
75.5851,gk,MenuSelection,Menu Selection,1044,472,0.00,0.00,Left,N/A,
75.5949,gk,MenuSelection,Menu Selection,1044,472,0.00,0.00,Left,N/A,
75.6055,gk,MenuSelection,Menu Selection,1044,472,0.00,0.00,Left,N/A,
75.6152,gk,MenuSelection,Menu Selection,1044,472,0.00,0.00,Left,N/A,
75.6248,gk,MenuSelection,Menu Selection,1044,472,0.00,0.00,Left,N/A,
75.6353,gk,MenuSelection,Menu Selection,1044,472,0.00,0.00,Left,N/A,
75.6451,gk,MenuSelection,Menu Selection,1044,472,0.00,0.00,Left,N/A,
75.6493,gk,MenuSelection,Menu Selection,1044,472,0.00,0.00,None,N/A,menu_item_selected_wrong
75.6551,gk,MenuSelection,Menu Selection,1044,472,0.00,0.00,None,N/A,
75.6649,gk,MenuSelection,Menu Selection,1044,472,0.00,0.00,None,N/A,
75.6746,gk,MenuSelection,Menu Selection,1044,472,0.00,0.00,None,N/A,
75.6854,gk,MenuSelection,Menu Selection,1044,472,0.00,0.00,None,N/A,
75.6950,gk,MenuSelection,Menu Selection,1044,472,0.00,0.00,None,N/A,
75.7047,gk,MenuSelection,Menu Selection,1044,472,0.00,0.00,None,N/A,
75.7153,gk,MenuSelection,Menu Selection,1044,472,0.00,0.00,None,N/A,
75.7249,gk,MenuSelection,Menu Selection,1044,472,0.00,0.00,None,N/A,
75.7355,gk,MenuSelection,Menu Selection,1044,472,0.00,0.00,None,N/A,
75.7452,gk,MenuSelection,Menu Selection,1044,472,0.00,0.00,None,N/A,
75.7549,gk,MenuSelection,Menu Selection,1044,472,0.00,0.00,None,N/A,
75.7649,gk,MenuSelection,Menu Selection,1044,472,0.00,0.00,None,N/A,
75.7748,gk,MenuSelection,Menu Selection,1044,472,0.00,0.00,None,N/A,
75.7846,gk,MenuSelection,Menu Selection,1044,472,0.00,0.00,None,N/A,
75.7953,gk,MenuSelection,Menu Selection,1044,472,0.00,0.00,None,N/A,
75.8050,gk,MenuSelection,Menu Selection,1044,472,0.00,0.00,None,N/A,
75.8148,gk,MenuSelection,Menu Selection,1044,472,0.00,0.00,None,N/A,
75.8254,gk,MenuSelection,Menu Selection,1044,472,0.00,0.00,None,N/A,
75.8351,gk,MenuSelection,Menu Selection,1044,472,0.00,0.00,None,N/A,
75.8448,gk,MenuSelection,Menu Selection,1044,472,0.00,0.00,None,N/A,
75.8554,gk,MenuSelection,Menu Selection,1044,472,0.00,0.00,None,N/A,
75.8651,gk,MenuSelection,Menu Selection,1044,472,0.00,0.00,None,N/A,
75.8747,gk,MenuSelection,Menu Selection,1044,472,0.00,0.00,None,N/A,
75.8855,gk,MenuSelection,Menu Selection,1044,472,0.00,0.00,None,N/A,
75.8953,gk,MenuSelection,Menu Selection,1044,472,0.00,0.00,None,N/A,
75.9050,gk,MenuSelection,Menu Selection,1044,472,0.00,0.00,None,N/A,
75.9148,gk,MenuSelection,Menu Selection,1044,472,0.00,0.00,None,N/A,
75.9255,gk,MenuSelection,Menu Selection,1044,472,0.00,0.00,None,N/A,
75.9353,gk,MenuSelection,Menu Selection,1044,472,0.00,0.00,None,N/A,
75.9451,gk,MenuSelection,Menu Selection,1044,472,0.00,0.00,None,N/A,
75.9547,gk,MenuSelection,Menu Selection,1044,472,0.00,0.00,None,N/A,
75.9655,gk,MenuSelection,Menu Selection,1044,472,0.00,0.00,None,N/A,
75.9753,gk,MenuSelection,Menu Selection,1044,472,0.00,0.00,None,N/A,
75.9849,gk,MenuSelection,Menu Selection,1044,472,0.00,0.00,None,N/A,
75.9955,gk,MenuSelection,Menu Selection,1044,472,0.00,0.00,None,N/A,
76.0052,gk,MenuSelection,Menu Selection,1044,472,0.00,0.00,None,N/A,
76.0149,gk,MenuSelection,Menu Selection,1044,472,0.00,0.00,None,N/A,
76.0256,gk,MenuSelection,Menu Selection,1044,472,0.00,0.00,None,N/A,
76.0352,gk,MenuSelection,Menu Selection,1044,472,0.00,0.00,None,N/A,
76.0448,gk,MenuSelection,Menu Selection,1044,472,0.00,0.00,None,N/A,
76.0549,gk,MenuSelection,Menu Selection,1044,472,0.00,0.00,None,N/A,
76.0647,gk,MenuSelection,Menu Selection,1044,472,0.00,0.00,None,N/A,
76.0753,gk,MenuSelection,Menu Selection,1044,472,0.00,0.00,None,N/A,
76.0849,gk,MenuSelection,Menu Selection,1044,472,0.00,0.00,None,N/A,
76.0949,gk,MenuSelection,Menu Selection,1044,472,0.00,0.00,None,N/A,
76.1054,gk,MenuSelection,Menu Selection,1044,472,0.00,0.00,None,N/A,
76.1151,gk,MenuSelection,Menu Selection,1044,472,0.00,0.00,None,N/A,
76.1247,gk,MenuSelection,Menu Selection,1044,472,0.00,0.00,None,N/A,
76.1353,gk,MenuSelection,Menu Selection,1044,472,0.00,0.00,None,N/A,
76.1449,gk,MenuSelection,Menu Selection,1044,472,0.00,0.00,None,N/A,
76.1556,gk,MenuSelection,Menu Selection,1044,472,0.00,0.00,None,N/A,
76.1652,gk,MenuSelection,Menu Selection,1044,472,0.00,0.00,None,N/A,
76.1748,gk,MenuSelection,Menu Selection,1044,472,0.00,0.00,None,N/A,
76.1854,gk,MenuSelection,Menu Selection,1044,472,0.00,0.00,None,N/A,
76.1951,gk,MenuSelection,Menu Selection,1044,472,0.00,0.00,None,N/A,
76.2047,gk,MenuSelection,Menu Selection,1044,472,0.00,0.00,None,N/A,
76.2152,gk,MenuSelection,Menu Selection,1044,472,0.00,0.00,None,N/A,
76.2248,gk,MenuSelection,Menu Selection,1044,472,0.00,0.00,None,N/A,
76.2354,gk,MenuSelection,Menu Selection,1044,472,0.00,0.00,None,N/A,
76.2450,gk,MenuSelection,Menu Selection,1044,472,0.00,0.00,None,N/A,
76.2547,gk,MenuSelection,Menu Selection,1044,472,0.00,0.00,None,N/A,
76.2653,gk,MenuSelection,Menu Selection,1044,472,0.00,0.00,None,N/A,
76.2750,gk,MenuSelection,Menu Selection,1044,472,0.00,0.00,None,N/A,
76.2847,gk,MenuSelection,Menu Selection,1044,472,0.00,0.00,None,N/A,
76.2953,gk,MenuSelection,Menu Selection,1044,472,0.00,0.00,None,N/A,
76.3049,gk,MenuSelection,Menu Selection,1044,472,0.00,0.00,None,N/A,
76.3156,gk,MenuSelection,Menu Selection,1044,472,0.00,0.00,None,N/A,
76.3253,gk,MenuSelection,Menu Selection,1044,472,0.00,0.00,None,N/A,
76.3349,gk,MenuSelection,Menu Selection,1044,472,0.00,0.00,None,N/A,
76.3455,gk,MenuSelection,Menu Selection,1044,472,0.00,0.00,None,N/A,
76.3551,gk,MenuSelection,Menu Selection,1044,472,0.00,0.00,None,N/A,
76.3647,gk,MenuSelection,Menu Selection,1044,472,0.00,0.00,None,N/A,
76.3755,gk,MenuSelection,Menu Selection,1044,472,0.00,0.00,None,N/A,
76.3852,gk,MenuSelection,Menu Selection,1044,472,0.00,0.00,None,N/A,
76.3948,gk,MenuSelection,Menu Selection,1044,472,0.00,0.00,None,N/A,
76.4046,gk,MenuSelection,Menu Selection,1044,472,0.00,0.00,None,N/A,
76.4159,gk,MenuSelection,Menu Selection,1044,472,0.00,0.00,None,N/A,
76.4256,gk,MenuSelection,Menu Selection,1044,472,0.00,0.00,None,N/A,
76.4353,gk,MenuSelection,Menu Selection,1044,472,0.00,0.00,None,N/A,
76.4452,gk,MenuSelection,Menu Selection,1044,472,0.00,0.00,None,N/A,
76.4557,gk,MenuSelection,Menu Selection,1044,472,0.00,0.00,None,N/A,
76.4648,gk,MenuSelection,Menu Selection,1044,472,0.00,0.00,None,N/A,
76.4746,gk,MenuSelection,Menu Selection,1044,472,0.00,0.00,None,N/A,
76.4852,gk,MenuSelection,Menu Selection,1044,472,0.00,0.00,None,N/A,
76.4948,gk,MenuSelection,Menu Selection,1044,472,0.00,0.00,None,N/A,
76.5054,gk,MenuSelection,Menu Selection,1044,472,0.00,0.00,None,N/A,
76.5150,gk,MenuSelection,Menu Selection,1044,472,0.00,0.00,None,N/A,
76.5246,gk,MenuSelection,Menu Selection,1044,472,0.00,0.00,None,N/A,
76.5352,gk,MenuSelection,Menu Selection,1044,472,0.00,0.00,None,N/A,
76.5447,gk,MenuSelection,Menu Selection,1044,472,0.00,0.00,None,N/A,
76.5553,gk,MenuSelection,Menu Selection,1044,472,0.00,0.00,None,N/A,
76.5649,gk,MenuSelection,Menu Selection,1044,472,0.00,0.00,None,N/A,
76.5751,gk,MenuSelection,Menu Selection,1044,472,0.00,0.00,None,N/A,
76.5847,gk,MenuSelection,Menu Selection,1044,472,0.00,0.00,None,N/A,
76.5953,gk,MenuSelection,Menu Selection,1044,472,0.00,0.00,None,N/A,
76.6049,gk,MenuSelection,Menu Selection,1044,472,0.00,0.00,None,N/A,
76.6156,gk,MenuSelection,Menu Selection,1044,472,0.00,0.00,None,N/A,
76.6252,gk,MenuSelection,Menu Selection,1044,472,0.00,0.00,None,N/A,
76.6348,gk,MenuSelection,Menu Selection,1044,472,0.00,0.00,None,N/A,
76.6454,gk,MenuSelection,Menu Selection,1044,472,0.00,0.00,None,N/A,
76.6550,gk,MenuSelection,Menu Selection,1044,472,0.00,0.00,None,N/A,
76.6647,gk,MenuSelection,Menu Selection,1044,472,0.00,0.00,None,N/A,
76.6754,gk,MenuSelection,Menu Selection,1044,472,0.00,0.00,None,N/A,
76.6849,gk,MenuSelection,Menu Selection,1044,472,0.00,0.00,None,N/A,
76.6955,gk,MenuSelection,Menu Selection,1044,472,0.00,0.00,None,N/A,
76.7051,gk,MenuSelection,Menu Selection,1044,472,0.00,0.00,None,N/A,
76.7147,gk,MenuSelection,Menu Selection,1044,472,0.00,0.00,None,N/A,
76.7247,gk,MenuSelection,Menu Selection,1044,472,0.00,0.00,None,N/A,
76.7353,gk,MenuSelection,Menu Selection,1044,472,0.00,0.00,None,N/A,
76.7449,gk,MenuSelection,Menu Selection,1044,472,0.00,0.00,None,N/A,
76.7555,gk,MenuSelection,Menu Selection,1044,472,0.00,0.00,None,N/A,
76.7651,gk,MenuSelection,Menu Selection,1044,472,0.00,0.00,None,N/A,
76.7747,gk,MenuSelection,Menu Selection,1044,472,0.00,0.00,None,N/A,
76.7853,gk,MenuSelection,Menu Selection,1044,472,0.00,0.00,None,N/A,
76.7951,gk,MenuSelection,Menu Selection,1044,472,0.00,0.00,None,N/A,
76.8046,gk,MenuSelection,Menu Selection,1044,472,0.00,0.00,None,N/A,
76.8160,gk,MenuSelection,Menu Selection,1044,472,0.00,0.00,None,N/A,
76.8246,gk,MenuSelection,Menu Selection,1044,472,0.00,0.00,None,N/A,
76.8352,gk,MenuSelection,Menu Selection,1044,472,0.00,0.00,None,N/A,
76.8448,gk,MenuSelection,Menu Selection,1044,472,0.00,0.00,None,N/A,
76.8553,gk,MenuSelection,Menu Selection,1044,472,0.00,0.00,None,N/A,
76.8649,gk,MenuSelection,Menu Selection,1044,472,0.00,0.00,None,N/A,
76.8754,gk,MenuSelection,Menu Selection,1044,472,0.00,0.00,None,N/A,
76.8850,gk,MenuSelection,Menu Selection,1044,472,0.00,0.00,None,N/A,
76.8947,gk,MenuSelection,Menu Selection,1044,472,0.00,0.00,None,N/A,
76.9053,gk,MenuSelection,Menu Selection,1044,472,0.00,0.00,None,N/A,
76.9150,gk,MenuSelection,Menu Selection,1044,472,0.00,0.00,None,N/A,
76.9246,gk,MenuSelection,Menu Selection,1044,472,0.00,0.00,None,N/A,
76.9352,gk,MenuSelection,Menu Selection,1044,472,0.00,0.00,None,N/A,
76.9448,gk,MenuSelection,Menu Selection,1044,472,0.00,0.00,None,N/A,
76.9554,gk,MenuSelection,Menu Selection,1044,472,0.00,0.00,None,N/A,
76.9650,gk,MenuSelection,Menu Selection,1044,472,0.00,0.00,None,N/A,
76.9747,gk,MenuSelection,Menu Selection,1044,472,0.00,0.00,None,N/A,
76.9853,gk,MenuSelection,Menu Selection,1044,472,0.00,0.00,None,N/A,
76.9950,gk,MenuSelection,Menu Selection,1044,472,0.00,0.00,None,N/A,
77.0047,gk,MenuSelection,Menu Selection,1044,472,0.00,0.00,None,N/A,
77.0152,gk,MenuSelection,Menu Selection,1044,472,0.00,0.00,None,N/A,
77.0249,gk,MenuSelection,Menu Selection,1044,472,0.00,0.00,None,N/A,
77.0348,gk,MenuSelection,Menu Selection,1043,472,100.75,10150.47,None,N/A,
77.0456,gk,MenuSelection,Menu Selection,1041,471,207.49,9904.68,None,N/A,
77.0553,gk,MenuSelection,Menu Selection,1039,471,205.07,-248.08,None,N/A,
77.0651,gk,MenuSelection,Menu Selection,1036,471,306.80,10403.96,None,N/A,
77.0754,gk,MenuSelection,Menu Selection,1034,471,193.74,-10952.36,None,N/A,
77.0848,gk,MenuSelection,Menu Selection,1033,470,150.93,-4568.79,None,N/A,
77.0955,gk,MenuSelection,Menu Selection,1029,469,385.00,21856.78,None,N/A,
77.1055,gk,MenuSelection,Menu Selection,1027,468,223.23,-16150.05,None,N/A,
77.1150,gk,MenuSelection,Menu Selection,1024,467,331.80,11392.36,None,N/A,
77.1249,gk,MenuSelection,Menu Selection,1023,466,143.45,-19105.52,None,N/A,
77.1346,gk,MenuSelection,Menu Selection,1020,465,326.93,18969.37,None,N/A,
77.1447,gk,MenuSelection,Menu Selection,1019,465,98.52,-22502.70,None,N/A,
77.1552,gk,MenuSelection,Menu Selection,1017,463,270.91,16511.42,None,N/A,
77.1651,gk,MenuSelection,Menu Selection,1015,463,200.55,-7054.72,None,N/A,
77.1745,gk,MenuSelection,Menu Selection,1013,461,300.60,10632.99,None,N/A,
77.1848,gk,MenuSelection,Menu Selection,1012,461,97.76,-19830.16,None,N/A,
77.1951,gk,MenuSelection,Menu Selection,1011,460,136.83,3780.09,None,N/A,
77.2053,gk,MenuSelection,Menu Selection,1010,459,138.82,195.21,None,N/A,
77.2152,gk,MenuSelection,Menu Selection,1009,459,100.62,-3843.60,None,N/A,
77.2250,gk,MenuSelection,Menu Selection,1009,458,102.63,205.67,None,N/A,
77.2349,gk,MenuSelection,Menu Selection,1008,458,100.82,-181.57,None,N/A,
77.2455,gk,MenuSelection,Menu Selection,1007,457,133.73,3110.99,None,N/A,
77.2554,gk,MenuSelection,Menu Selection,1006,456,143.13,952.36,None,N/A,
77.2651,gk,MenuSelection,Menu Selection,1004,454,289.98,15055.85,None,N/A,
77.2749,gk,MenuSelection,Menu Selection,1003,452,228.08,-6314.15,None,N/A,
77.2845,gk,MenuSelection,Menu Selection,1001,450,294.48,6912.51,None,N/A,
77.2948,gk,MenuSelection,Menu Selection,1000,449,137.96,-15268.63,None,N/A,
77.3057,gk,MenuSelection,Menu Selection,998,447,259.72,11179.58,None,N/A,
77.3165,gk,MenuSelection,Menu Selection,998,446,92.60,-15475.18,None,N/A,
77.3254,gk,MenuSelection,Menu Selection,996,445,250.88,17757.38,None,N/A,
77.3347,gk,MenuSelection,Menu Selection,996,444,107.27,-15404.46,None,N/A,
77.3454,gk,MenuSelection,Menu Selection,996,444,0.00,-9995.45,None,N/A,
77.3550,gk,MenuSelection,Menu Selection,995,443,147.22,15325.64,None,N/A,
77.3653,gk,MenuSelection,Menu Selection,995,442,97.71,-4837.40,None,N/A,
77.3749,gk,MenuSelection,Menu Selection,994,442,104.20,675.32,None,N/A,
77.3852,gk,MenuSelection,Menu Selection,994,441,96.35,-755.57,None,N/A,
77.3952,gk,MenuSelection,Menu Selection,994,441,0.00,-9627.87,None,N/A,
77.4052,gk,MenuSelection,Menu Selection,994,441,0.00,0.00,None,N/A,
77.4149,gk,MenuSelection,Menu Selection,994,441,0.00,0.00,None,N/A,
77.4246,gk,MenuSelection,Menu Selection,994,441,0.00,0.00,None,N/A,
77.4349,gk,MenuSelection,Menu Selection,993,441,96.97,9403.45,None,N/A,
77.4453,gk,MenuSelection,Menu Selection,993,440,96.37,-57.97,None,N/A,
77.4552,gk,MenuSelection,Menu Selection,993,440,0.00,-9749.73,None,N/A,
77.4651,gk,MenuSelection,Menu Selection,992,439,143.03,14466.61,None,N/A,
77.4749,gk,MenuSelection,Menu Selection,992,439,0.00,-14528.62,None,N/A,
77.4846,gk,MenuSelection,Menu Selection,992,439,0.00,0.00,None,N/A,
77.4952,gk,MenuSelection,Menu Selection,992,439,0.00,0.00,None,N/A,
77.5047,gk,MenuSelection,Menu Selection,992,439,0.00,0.00,None,N/A,
77.5153,gk,MenuSelection,Menu Selection,992,439,0.00,0.00,None,N/A,
77.5249,gk,MenuSelection,Menu Selection,992,439,0.00,0.00,None,N/A,
77.5347,gk,MenuSelection,Menu Selection,992,439,0.00,0.00,None,N/A,
77.5453,gk,MenuSelection,Menu Selection,992,439,0.00,0.00,None,N/A,
77.5549,gk,MenuSelection,Menu Selection,992,439,0.00,0.00,None,N/A,
77.5655,gk,MenuSelection,Menu Selection,992,439,0.00,0.00,None,N/A,
77.5751,gk,MenuSelection,Menu Selection,992,439,0.00,0.00,None,N/A,
77.5848,gk,MenuSelection,Menu Selection,992,439,0.00,0.00,None,N/A,
77.5954,gk,MenuSelection,Menu Selection,992,439,0.00,0.00,None,N/A,
77.6050,gk,MenuSelection,Menu Selection,992,439,0.00,0.00,None,N/A,
77.6156,gk,MenuSelection,Menu Selection,992,439,0.00,0.00,None,N/A,
77.6253,gk,MenuSelection,Menu Selection,992,439,0.00,0.00,None,N/A,
77.6345,gk,MenuSelection,Menu Selection,992,438,109.01,11882.14,None,N/A,
77.6452,gk,MenuSelection,Menu Selection,991,438,94.05,-1406.62,None,N/A,
77.6547,gk,MenuSelection,Menu Selection,991,438,0.00,-9823.93,None,N/A,
77.6653,gk,MenuSelection,Menu Selection,991,438,0.00,0.00,None,N/A,
77.6749,gk,MenuSelection,Menu Selection,991,438,0.00,0.00,None,N/A,
77.6856,gk,MenuSelection,Menu Selection,991,438,0.00,0.00,None,N/A,
77.6953,gk,MenuSelection,Menu Selection,991,438,0.00,0.00,None,N/A,
77.7051,gk,MenuSelection,Menu Selection,991,438,0.00,0.00,None,N/A,
77.7147,gk,MenuSelection,Menu Selection,991,438,0.00,0.00,None,N/A,
77.7253,gk,MenuSelection,Menu Selection,991,438,0.00,0.00,None,N/A,
77.7349,gk,MenuSelection,Menu Selection,991,438,0.00,0.00,None,N/A,
77.7455,gk,MenuSelection,Menu Selection,991,438,0.00,0.00,None,N/A,
77.7551,gk,MenuSelection,Menu Selection,991,438,0.00,0.00,None,N/A,
77.7648,gk,MenuSelection,Menu Selection,991,438,0.00,0.00,None,N/A,
77.7754,gk,MenuSelection,Menu Selection,991,438,0.00,0.00,None,N/A,
77.7850,gk,MenuSelection,Menu Selection,991,438,0.00,0.00,None,N/A,
77.7946,gk,MenuSelection,Menu Selection,991,438,0.00,0.00,None,N/A,
77.8052,gk,MenuSelection,Menu Selection,991,438,0.00,0.00,None,N/A,
77.8148,gk,MenuSelection,Menu Selection,991,438,0.00,0.00,None,N/A,
77.8254,gk,MenuSelection,Menu Selection,991,438,0.00,0.00,None,N/A,
77.8352,gk,MenuSelection,Menu Selection,991,438,0.00,0.00,None,N/A,
77.8448,gk,MenuSelection,Menu Selection,991,438,0.00,0.00,None,N/A,
77.8554,gk,MenuSelection,Menu Selection,991,438,0.00,0.00,None,N/A,
77.8652,gk,MenuSelection,Menu Selection,991,438,0.00,0.00,None,N/A,
77.8749,gk,MenuSelection,Menu Selection,991,438,0.00,0.00,None,N/A,
77.8855,gk,MenuSelection,Menu Selection,991,438,0.00,0.00,None,N/A,
77.8951,gk,MenuSelection,Menu Selection,991,438,0.00,0.00,None,N/A,
77.9048,gk,MenuSelection,Menu Selection,991,438,0.00,0.00,None,N/A,
77.9154,gk,MenuSelection,Menu Selection,991,438,0.00,0.00,None,N/A,
77.9251,gk,MenuSelection,Menu Selection,991,438,0.00,0.00,None,N/A,
77.9347,gk,MenuSelection,Menu Selection,991,438,0.00,0.00,None,N/A,
77.9453,gk,MenuSelection,Menu Selection,991,438,0.00,0.00,None,N/A,
77.9550,gk,MenuSelection,Menu Selection,991,438,0.00,0.00,None,N/A,
77.9656,gk,MenuSelection,Menu Selection,991,438,0.00,0.00,None,N/A,
77.9752,gk,MenuSelection,Menu Selection,991,438,0.00,0.00,None,N/A,
77.9847,gk,MenuSelection,Menu Selection,991,438,0.00,0.00,None,N/A,
77.9955,gk,MenuSelection,Menu Selection,991,438,0.00,0.00,None,N/A,
78.0051,gk,MenuSelection,Menu Selection,991,438,0.00,0.00,None,N/A,
78.0149,gk,MenuSelection,Menu Selection,991,438,0.00,0.00,None,N/A,
78.0247,gk,MenuSelection,Menu Selection,991,438,0.00,0.00,None,N/A,
78.0355,gk,MenuSelection,Menu Selection,991,438,0.00,0.00,None,N/A,
78.0454,gk,MenuSelection,Menu Selection,991,438,0.00,0.00,None,N/A,
78.0553,gk,MenuSelection,Menu Selection,991,438,0.00,0.00,None,N/A,
78.0649,gk,MenuSelection,Menu Selection,991,438,0.00,0.00,None,N/A,
78.0748,gk,MenuSelection,Menu Selection,991,438,0.00,0.00,None,N/A,
78.0847,gk,MenuSelection,Menu Selection,991,438,0.00,0.00,None,N/A,
78.0956,gk,MenuSelection,Menu Selection,991,438,0.00,0.00,None,N/A,
78.1054,gk,MenuSelection,Menu Selection,991,438,0.00,0.00,None,N/A,
78.1151,gk,MenuSelection,Menu Selection,987,435,515.41,53129.51,None,N/A,
78.1255,gk,MenuSelection,Menu Selection,985,434,213.82,-28838.98,None,N/A,
78.1350,gk,MenuSelection,Menu Selection,983,432,299.11,9019.56,None,N/A,
78.1451,gk,MenuSelection,Menu Selection,980,428,494.83,19370.09,None,N/A,
78.1550,gk,MenuSelection,Menu Selection,979,426,225.37,-27158.77,None,N/A,
78.1656,gk,MenuSelection,Menu Selection,975,420,680.23,42906.75,None,N/A,
78.1754,gk,MenuSelection,Menu Selection,974,417,323.45,-36492.36,None,N/A,
78.1848,gk,MenuSelection,Menu Selection,971,411,717.60,42163.46,None,N/A,
78.1946,gk,MenuSelection,Menu Selection,970,409,227.02,-49806.78,None,N/A,
78.2054,gk,MenuSelection,Menu Selection,968,404,497.97,25055.02,None,N/A,
78.2153,gk,MenuSelection,Menu Selection,967,401,319.63,-18026.23,None,N/A,
78.2248,gk,MenuSelection,Menu Selection,967,397,421.61,10749.58,None,N/A,
78.2348,gk,MenuSelection,Menu Selection,966,395,223.59,-19800.79,None,N/A,
78.2449,gk,MenuSelection,Menu Selection,966,394,99.17,-12338.43,None,N/A,
78.2555,gk,MenuSelection,Menu Selection,965,391,297.94,18726.54,None,N/A,
78.2655,gk,MenuSelection,Menu Selection,965,390,99.60,-19754.47,None,N/A,
78.2752,gk,MenuSelection,Menu Selection,964,388,230.49,13491.32,None,N/A,
78.2850,gk,MenuSelection,Menu Selection,964,387,102.02,-13106.25,None,N/A,
78.2947,gk,MenuSelection,Menu Selection,964,386,103.90,195.37,None,N/A,
78.3047,gk,MenuSelection,Menu Selection,964,385,99.95,-394.74,None,N/A,
78.3153,gk,MenuSelection,Menu Selection,964,384,93.97,-561.89,None,N/A,
78.3254,gk,MenuSelection,Menu Selection,964,383,98.77,473.63,None,N/A,
78.3345,gk,MenuSelection,Menu Selection,964,382,110.25,1266.39,None,N/A,
78.3448,gk,MenuSelection,Menu Selection,964,381,97.53,-1240.97,None,N/A,
78.3560,gk,MenuSelection,Menu Selection,964,380,88.75,-779.62,None,N/A,
78.3664,gk,MenuSelection,Menu Selection,964,379,96.63,762.04,None,N/A,
78.3749,gk,MenuSelection,Menu Selection,965,378,165.83,8114.46,None,N/A,
78.3850,gk,MenuSelection,Menu Selection,965,376,197.37,3111.77,None,N/A,
78.3956,gk,MenuSelection,Menu Selection,966,376,94.40,-9719.94,None,N/A,
78.4046,gk,MenuSelection,Menu Selection,966,374,223.49,14424.22,None,N/A,
78.4154,gk,MenuSelection,Menu Selection,967,374,92.42,-12113.35,None,N/A,
78.4248,gk,MenuSelection,Menu Selection,967,373,106.30,1475.29,None,N/A,
78.4350,gk,MenuSelection,Menu Selection,967,372,97.89,-823.09,None,N/A,
78.4454,gk,MenuSelection,Menu Selection,967,372,0.00,-9395.25,None,N/A,
78.4546,gk,MenuSelection,Menu Selection,967,371,108.73,11821.85,None,N/A,
78.4651,gk,MenuSelection,Menu Selection,967,371,0.00,-10427.82,None,N/A,
78.4757,gk,MenuSelection,Menu Selection,967,371,0.00,0.00,None,N/A,
78.4849,gk,MenuSelection,Menu Selection,967,371,0.00,0.00,None,N/A,
78.4955,gk,MenuSelection,Menu Selection,967,371,0.00,0.00,None,N/A,
78.5046,gk,MenuSelection,Menu Selection,967,371,0.00,0.00,None,N/A,
78.5155,gk,MenuSelection,Menu Selection,967,371,0.00,0.00,None,N/A,
78.5250,gk,MenuSelection,Menu Selection,967,371,0.00,0.00,None,N/A,
78.5348,gk,MenuSelection,Menu Selection,967,371,0.00,0.00,None,N/A,
78.5465,gk,MenuSelection,Menu Selection,967,371,0.00,0.00,None,N/A,
78.5554,gk,MenuSelection,Menu Selection,967,371,0.00,0.00,None,N/A,
78.5740,gk,MenuSelection,Menu Selection,967,371,0.00,0.00,None,N/A,
78.5755,gk,MenuSelection,Menu Selection,967,371,0.00,0.00,None,N/A,
78.5852,gk,MenuSelection,Menu Selection,967,371,0.00,0.00,None,N/A,
78.5949,gk,MenuSelection,Menu Selection,967,371,0.00,0.00,None,N/A,
78.6055,gk,MenuSelection,Menu Selection,967,371,0.00,0.00,None,N/A,
78.6152,gk,MenuSelection,Menu Selection,967,371,0.00,0.00,None,N/A,
78.6268,gk,MenuSelection,Menu Selection,967,371,0.00,0.00,None,N/A,
78.6363,gk,MenuSelection,Menu Selection,967,371,0.00,0.00,None,N/A,
78.6449,gk,MenuSelection,Menu Selection,967,371,0.00,0.00,None,N/A,
78.6559,gk,MenuSelection,Menu Selection,967,371,0.00,0.00,None,N/A,
78.6648,gk,MenuSelection,Menu Selection,967,371,0.00,0.00,None,N/A,
78.6754,gk,MenuSelection,Menu Selection,967,371,0.00,0.00,None,N/A,
78.6850,gk,MenuSelection,Menu Selection,967,371,0.00,0.00,None,N/A,
78.6949,gk,MenuSelection,Menu Selection,967,371,0.00,0.00,None,N/A,
78.7056,gk,MenuSelection,Menu Selection,967,371,0.00,0.00,None,N/A,
78.7154,gk,MenuSelection,Menu Selection,967,371,0.00,0.00,None,N/A,
78.7250,gk,MenuSelection,Menu Selection,967,371,0.00,0.00,None,N/A,
78.7347,gk,MenuSelection,Menu Selection,967,371,0.00,0.00,None,N/A,
78.7454,gk,MenuSelection,Menu Selection,967,371,0.00,0.00,None,N/A,
78.7550,gk,MenuSelection,Menu Selection,967,371,0.00,0.00,None,N/A,
78.7649,gk,MenuSelection,Menu Selection,967,371,0.00,0.00,None,N/A,
78.7759,gk,MenuSelection,Menu Selection,967,371,0.00,0.00,None,N/A,
78.7855,gk,MenuSelection,Menu Selection,967,371,0.00,0.00,None,N/A,
78.7979,gk,MenuSelection,Menu Selection,967,371,0.00,0.00,None,N/A,
78.8056,gk,MenuSelection,Menu Selection,967,371,0.00,0.00,None,N/A,
78.8154,gk,MenuSelection,Menu Selection,967,371,0.00,0.00,None,N/A,
78.8251,gk,MenuSelection,Menu Selection,967,371,0.00,0.00,None,N/A,
78.8349,gk,MenuSelection,Menu Selection,967,371,0.00,0.00,None,N/A,
78.8446,gk,MenuSelection,Menu Selection,967,371,0.00,0.00,None,N/A,
78.8554,gk,MenuSelection,Menu Selection,967,371,0.00,0.00,None,N/A,
78.8652,gk,MenuSelection,Menu Selection,967,371,0.00,0.00,None,N/A,
78.8748,gk,MenuSelection,Menu Selection,967,371,0.00,0.00,None,N/A,
78.8856,gk,MenuSelection,Menu Selection,967,371,0.00,0.00,None,N/A,
78.8952,gk,MenuSelection,Menu Selection,967,371,0.00,0.00,None,N/A,
78.9050,gk,MenuSelection,Menu Selection,967,371,0.00,0.00,None,N/A,
78.9156,gk,MenuSelection,Menu Selection,967,371,0.00,0.00,None,N/A,
78.9254,gk,MenuSelection,Menu Selection,967,371,0.00,0.00,None,N/A,
78.9350,gk,MenuSelection,Menu Selection,967,371,0.00,0.00,None,N/A,
78.9448,gk,MenuSelection,Menu Selection,967,371,0.00,0.00,None,N/A,
78.9555,gk,MenuSelection,Menu Selection,967,371,0.00,0.00,None,N/A,
78.9652,gk,MenuSelection,Menu Selection,967,371,0.00,0.00,None,N/A,
78.9758,gk,MenuSelection,Menu Selection,967,371,0.00,0.00,None,N/A,
78.9848,gk,MenuSelection,Menu Selection,967,371,0.00,0.00,None,N/A,
78.9955,gk,MenuSelection,Menu Selection,967,371,0.00,0.00,None,N/A,
79.0046,gk,MenuSelection,Menu Selection,967,371,0.00,0.00,None,N/A,
79.0149,gk,MenuSelection,Menu Selection,967,371,0.00,0.00,None,N/A,
79.0261,gk,MenuSelection,Menu Selection,967,371,0.00,0.00,None,N/A,
79.0347,gk,MenuSelection,Menu Selection,967,371,0.00,0.00,None,N/A,
79.0454,gk,MenuSelection,Menu Selection,967,371,0.00,0.00,None,N/A,
79.0553,gk,MenuSelection,Menu Selection,967,371,0.00,0.00,None,N/A,
79.0651,gk,MenuSelection,Menu Selection,967,371,0.00,0.00,None,N/A,
79.0747,gk,MenuSelection,Menu Selection,967,371,0.00,0.00,None,N/A,
79.0864,gk,MenuSelection,Menu Selection,967,371,0.00,0.00,None,N/A,
79.0952,gk,MenuSelection,Menu Selection,967,371,0.00,0.00,None,N/A,
79.1053,gk,MenuSelection,Menu Selection,967,371,0.00,0.00,None,N/A,
79.1153,gk,MenuSelection,Menu Selection,967,371,0.00,0.00,None,N/A,
79.1250,gk,MenuSelection,Menu Selection,967,371,0.00,0.00,None,N/A,
79.1351,gk,MenuSelection,Menu Selection,967,371,0.00,0.00,None,N/A,
79.1448,gk,MenuSelection,Menu Selection,967,371,0.00,0.00,None,N/A,
79.1554,gk,MenuSelection,Menu Selection,967,371,0.00,0.00,None,N/A,
79.1651,gk,MenuSelection,Menu Selection,967,371,0.00,0.00,None,N/A,
79.1749,gk,MenuSelection,Menu Selection,967,371,0.00,0.00,None,N/A,
79.1853,gk,MenuSelection,Menu Selection,967,371,0.00,0.00,None,N/A,
79.1961,gk,MenuSelection,Menu Selection,967,371,0.00,0.00,None,N/A,
79.2047,gk,MenuSelection,Menu Selection,967,371,0.00,0.00,None,N/A,
79.2153,gk,MenuSelection,Menu Selection,967,371,0.00,0.00,None,N/A,
79.2249,gk,MenuSelection,Menu Selection,967,371,0.00,0.00,None,N/A,
79.2349,gk,MenuSelection,Menu Selection,967,371,0.00,0.00,None,N/A,
79.2451,gk,MenuSelection,Menu Selection,967,371,0.00,0.00,None,N/A,
79.2548,gk,MenuSelection,Menu Selection,967,371,0.00,0.00,None,N/A,
79.2651,gk,MenuSelection,Menu Selection,967,371,0.00,0.00,None,N/A,
79.2755,gk,MenuSelection,Menu Selection,967,371,0.00,0.00,None,N/A,
79.2853,gk,MenuSelection,Menu Selection,967,371,0.00,0.00,None,N/A,
79.2951,gk,MenuSelection,Menu Selection,967,371,0.00,0.00,None,N/A,
79.3047,gk,MenuSelection,Menu Selection,967,371,0.00,0.00,None,N/A,
79.3160,gk,MenuSelection,Menu Selection,967,371,0.00,0.00,None,N/A,
79.3247,gk,MenuSelection,Menu Selection,967,371,0.00,0.00,None,N/A,
79.3354,gk,MenuSelection,Menu Selection,967,371,0.00,0.00,None,N/A,
79.3451,gk,MenuSelection,Menu Selection,967,371,0.00,0.00,None,N/A,
79.3550,gk,MenuSelection,Menu Selection,967,371,0.00,0.00,None,N/A,
79.3651,gk,MenuSelection,Menu Selection,967,371,0.00,0.00,None,N/A,
79.3749,gk,MenuSelection,Menu Selection,967,371,0.00,0.00,None,N/A,
79.3847,gk,MenuSelection,Menu Selection,967,371,0.00,0.00,None,N/A,
79.3956,gk,MenuSelection,Menu Selection,967,371,0.00,0.00,None,N/A,
79.4059,gk,MenuSelection,Menu Selection,967,371,0.00,0.00,None,N/A,
79.4155,gk,MenuSelection,Menu Selection,967,371,0.00,0.00,None,N/A,
79.4255,gk,MenuSelection,Menu Selection,967,371,0.00,0.00,None,N/A,
79.4379,gk,MenuSelection,Menu Selection,967,371,0.00,0.00,None,N/A,
79.4456,gk,MenuSelection,Menu Selection,967,371,0.00,0.00,None,N/A,
79.4552,gk,MenuSelection,Menu Selection,967,371,0.00,0.00,None,N/A,
79.4649,gk,MenuSelection,Menu Selection,967,371,0.00,0.00,None,N/A,
79.4756,gk,MenuSelection,Menu Selection,967,371,0.00,0.00,None,N/A,
79.4853,gk,MenuSelection,Menu Selection,967,371,0.00,0.00,None,N/A,
79.4950,gk,MenuSelection,Menu Selection,967,371,0.00,0.00,None,N/A,
79.5056,gk,MenuSelection,Menu Selection,967,371,0.00,0.00,None,N/A,
79.5159,gk,MenuSelection,Menu Selection,967,371,0.00,0.00,None,N/A,
79.5253,gk,MenuSelection,Menu Selection,967,371,0.00,0.00,None,N/A,
79.5350,gk,MenuSelection,Menu Selection,967,371,0.00,0.00,None,N/A,
79.5450,gk,MenuSelection,Menu Selection,967,371,0.00,0.00,None,N/A,
79.5556,gk,MenuSelection,Menu Selection,967,371,0.00,0.00,None,N/A,
79.5646,gk,MenuSelection,Menu Selection,967,371,0.00,0.00,None,N/A,
79.5753,gk,MenuSelection,Menu Selection,967,371,0.00,0.00,None,N/A,
79.5874,gk,MenuSelection,Menu Selection,967,371,0.00,0.00,None,N/A,
79.5957,gk,MenuSelection,Menu Selection,967,371,0.00,0.00,None,N/A,
79.6109,gk,MenuSelection,Menu Selection,967,371,0.00,0.00,None,N/A,
79.6150,gk,MenuSelection,Menu Selection,967,371,0.00,0.00,None,N/A,
79.6256,gk,MenuSelection,Menu Selection,967,371,0.00,0.00,None,N/A,
79.6348,gk,MenuSelection,Menu Selection,967,371,0.00,0.00,None,N/A,
79.6453,gk,MenuSelection,Menu Selection,967,371,0.00,0.00,None,N/A,
79.6549,gk,MenuSelection,Menu Selection,967,371,0.00,0.00,None,N/A,
79.6654,gk,MenuSelection,Menu Selection,967,371,0.00,0.00,None,N/A,
79.6749,gk,MenuSelection,Menu Selection,967,371,0.00,0.00,None,N/A,
79.6855,gk,MenuSelection,Menu Selection,967,371,0.00,0.00,None,N/A,
79.6950,gk,MenuSelection,Menu Selection,967,371,0.00,0.00,None,N/A,
79.7046,gk,MenuSelection,Menu Selection,967,371,0.00,0.00,None,N/A,
79.7154,gk,MenuSelection,Menu Selection,967,371,0.00,0.00,None,N/A,
79.7249,gk,MenuSelection,Menu Selection,967,371,0.00,0.00,None,N/A,
79.7355,gk,MenuSelection,Menu Selection,967,371,0.00,0.00,None,N/A,
79.7451,gk,MenuSelection,Menu Selection,967,371,0.00,0.00,None,N/A,
79.7546,gk,MenuSelection,Menu Selection,967,371,0.00,0.00,None,N/A,
79.7654,gk,MenuSelection,Menu Selection,967,371,0.00,0.00,None,N/A,
79.7750,gk,MenuSelection,Menu Selection,967,371,0.00,0.00,None,N/A,
79.7852,gk,MenuSelection,Menu Selection,967,371,0.00,0.00,None,N/A,
79.7949,gk,MenuSelection,Menu Selection,967,371,0.00,0.00,None,N/A,
79.8054,gk,MenuSelection,Menu Selection,967,371,0.00,0.00,None,N/A,
79.8150,gk,MenuSelection,Menu Selection,967,371,0.00,0.00,None,N/A,
79.8246,gk,MenuSelection,Menu Selection,967,371,0.00,0.00,None,N/A,
79.8353,gk,MenuSelection,Menu Selection,967,371,0.00,0.00,None,N/A,
79.8450,gk,MenuSelection,Menu Selection,967,371,0.00,0.00,None,N/A,
79.8559,gk,MenuSelection,Menu Selection,967,371,0.00,0.00,None,N/A,
79.8653,gk,MenuSelection,Menu Selection,967,371,0.00,0.00,None,N/A,
79.8749,gk,MenuSelection,Menu Selection,967,371,0.00,0.00,None,N/A,
79.8853,gk,MenuSelection,Menu Selection,967,371,0.00,0.00,None,N/A,
79.8948,gk,MenuSelection,Menu Selection,967,371,0.00,0.00,None,N/A,
79.9053,gk,MenuSelection,Menu Selection,967,371,0.00,0.00,None,N/A,
79.9147,gk,MenuSelection,Menu Selection,967,371,0.00,0.00,None,N/A,
79.9254,gk,MenuSelection,Menu Selection,967,371,0.00,0.00,None,N/A,
79.9349,gk,MenuSelection,Menu Selection,967,371,0.00,0.00,None,N/A,
79.9453,gk,MenuSelection,Menu Selection,967,371,0.00,0.00,None,N/A,
79.9549,gk,MenuSelection,Menu Selection,967,371,0.00,0.00,None,N/A,
79.9655,gk,MenuSelection,Menu Selection,967,371,0.00,0.00,None,N/A,
79.9751,gk,MenuSelection,Menu Selection,967,371,0.00,0.00,None,N/A,
79.9848,gk,MenuSelection,Menu Selection,967,371,0.00,0.00,None,N/A,
79.9955,gk,MenuSelection,Menu Selection,967,371,0.00,0.00,None,N/A,
80.0053,gk,MenuSelection,Menu Selection,967,371,0.00,0.00,None,N/A,
80.0149,gk,MenuSelection,Menu Selection,967,371,0.00,0.00,None,N/A,
80.0256,gk,MenuSelection,Menu Selection,967,371,0.00,0.00,None,N/A,
80.0352,gk,MenuSelection,Menu Selection,967,371,0.00,0.00,None,N/A,
80.0448,gk,MenuSelection,Menu Selection,967,371,0.00,0.00,None,N/A,
80.0554,gk,MenuSelection,Menu Selection,967,371,0.00,0.00,None,N/A,
80.0649,gk,MenuSelection,Menu Selection,967,371,0.00,0.00,None,N/A,
80.0757,gk,MenuSelection,Menu Selection,967,371,0.00,0.00,None,N/A,
80.0853,gk,MenuSelection,Menu Selection,967,371,0.00,0.00,None,N/A,
80.0954,gk,MenuSelection,Menu Selection,967,371,0.00,0.00,None,N/A,
80.1050,gk,MenuSelection,Menu Selection,967,371,0.00,0.00,None,N/A,
80.1147,gk,MenuSelection,Menu Selection,967,371,0.00,0.00,None,N/A,
80.1253,gk,MenuSelection,Menu Selection,967,371,0.00,0.00,None,N/A,
80.1349,gk,MenuSelection,Menu Selection,967,371,0.00,0.00,None,N/A,
80.1455,gk,MenuSelection,Menu Selection,967,371,0.00,0.00,None,N/A,
80.1551,gk,MenuSelection,Menu Selection,967,371,0.00,0.00,None,N/A,
80.1649,gk,MenuSelection,Menu Selection,967,371,0.00,0.00,None,N/A,
80.1755,gk,MenuSelection,Menu Selection,967,371,0.00,0.00,None,N/A,
80.1852,gk,MenuSelection,Menu Selection,967,371,0.00,0.00,None,N/A,
80.1948,gk,MenuSelection,Menu Selection,967,371,0.00,0.00,None,N/A,
80.2055,gk,MenuSelection,Menu Selection,967,371,0.00,0.00,None,N/A,
80.2152,gk,MenuSelection,Menu Selection,967,371,0.00,0.00,None,N/A,
80.2248,gk,MenuSelection,Menu Selection,967,371,0.00,0.00,None,N/A,
80.2353,gk,MenuSelection,Menu Selection,967,371,0.00,0.00,None,N/A,
80.2448,gk,MenuSelection,Menu Selection,967,371,0.00,0.00,None,N/A,
80.2547,gk,MenuSelection,Menu Selection,967,371,0.00,0.00,None,N/A,
80.2655,gk,MenuSelection,Menu Selection,967,371,0.00,0.00,None,N/A,
80.2751,gk,MenuSelection,Menu Selection,967,371,0.00,0.00,None,N/A,
80.2847,gk,MenuSelection,Menu Selection,967,371,0.00,0.00,None,N/A,
80.2953,gk,MenuSelection,Menu Selection,967,371,0.00,0.00,None,N/A,
80.3049,gk,MenuSelection,Menu Selection,967,371,0.00,0.00,None,N/A,
80.3155,gk,MenuSelection,Menu Selection,967,371,0.00,0.00,None,N/A,
80.3251,gk,MenuSelection,Menu Selection,967,371,0.00,0.00,None,N/A,
80.3347,gk,MenuSelection,Menu Selection,967,371,0.00,0.00,None,N/A,
80.3455,gk,MenuSelection,Menu Selection,967,371,0.00,0.00,None,N/A,
80.3551,gk,MenuSelection,Menu Selection,967,371,0.00,0.00,None,N/A,
80.3646,gk,MenuSelection,Menu Selection,967,371,0.00,0.00,None,N/A,
80.3752,gk,MenuSelection,Menu Selection,967,371,0.00,0.00,None,N/A,
80.3848,gk,MenuSelection,Menu Selection,967,371,0.00,0.00,None,N/A,
80.3953,gk,MenuSelection,Menu Selection,967,371,0.00,0.00,None,N/A,
80.4052,gk,MenuSelection,Menu Selection,967,371,0.00,0.00,Left,N/A,
80.4153,gk,MenuSelection,Menu Selection,967,371,0.00,0.00,Left,N/A,
80.4249,gk,MenuSelection,Menu Selection,967,371,0.00,0.00,Left,N/A,
80.4355,gk,MenuSelection,Menu Selection,967,371,0.00,0.00,Left,N/A,
80.4452,gk,MenuSelection,Menu Selection,967,371,0.00,0.00,Left,N/A,
80.4547,gk,MenuSelection,Menu Selection,967,371,0.00,0.00,Left,N/A,
80.4655,gk,MenuSelection,Menu Selection,967,371,0.00,0.00,Left,N/A,
80.4751,gk,MenuSelection,Menu Selection,967,371,0.00,0.00,Left,N/A,
80.4847,gk,MenuSelection,Menu Selection,967,371,0.00,0.00,Left,N/A,
80.4952,gk,MenuSelection,Menu Selection,967,371,0.00,0.00,Left,N/A,
80.5048,gk,MenuSelection,Menu Selection,967,371,0.00,0.00,Left,N/A,
80.5175,gk,MenuSelection,Menu Selection,967,371,0.00,0.00,Left,N/A,
80.5271,gk,MenuSelection,Menu Selection,967,371,0.00,0.00,Left,N/A,
80.5349,gk,MenuSelection,Menu Selection,967,371,0.00,0.00,Left,N/A,
80.5456,gk,MenuSelection,Menu Selection,967,371,0.00,0.00,Left,N/A,
80.5553,gk,MenuSelection,Menu Selection,967,371,0.00,0.00,Left,N/A,
80.5649,gk,MenuSelection,Menu Selection,967,371,0.00,0.00,Left,N/A,
80.5756,gk,MenuSelection,Menu Selection,967,371,0.00,0.00,Left,N/A,
80.5972,gk,MenuSelection,Menu Selection,967,371,0.00,0.00,None,N/A,
80.6078,gk,MenuSelection,Menu Selection,967,371,0.00,0.00,None,N/A,
80.6182,gk,MenuSelection,Menu Selection,967,371,0.00,0.00,None,N/A,
80.6279,gk,MenuSelection,Menu Selection,967,371,0.00,0.00,None,N/A,
80.6376,gk,MenuSelection,Menu Selection,967,371,0.00,0.00,None,N/A,
80.6475,gk,MenuSelection,Menu Selection,967,371,0.00,0.00,None,N/A,
80.6580,gk,MenuSelection,Menu Selection,967,371,0.00,0.00,None,N/A,
80.6676,gk,MenuSelection,Menu Selection,967,371,0.00,0.00,None,N/A,
80.6782,gk,MenuSelection,Menu Selection,967,371,0.00,0.00,None,N/A,
80.6878,gk,MenuSelection,Menu Selection,967,371,0.00,0.00,None,N/A,
80.6973,gk,MenuSelection,Menu Selection,967,371,0.00,0.00,None,N/A,
80.7079,gk,MenuSelection,Menu Selection,967,371,0.00,0.00,None,N/A,
80.7175,gk,MenuSelection,Menu Selection,967,371,0.00,0.00,None,N/A,
80.7280,gk,MenuSelection,Menu Selection,967,371,0.00,0.00,None,N/A,
80.7376,gk,MenuSelection,Menu Selection,967,371,0.00,0.00,None,N/A,
80.7482,gk,MenuSelection,Menu Selection,967,371,0.00,0.00,None,N/A,
80.7577,gk,MenuSelection,Menu Selection,967,371,0.00,0.00,None,N/A,
80.7674,gk,MenuSelection,Menu Selection,967,371,0.00,0.00,None,N/A,
80.7779,gk,MenuSelection,Menu Selection,967,371,0.00,0.00,None,N/A,
80.7875,gk,MenuSelection,Menu Selection,967,371,0.00,0.00,None,N/A,
80.7981,gk,MenuSelection,Menu Selection,967,371,0.00,0.00,None,N/A,
80.8078,gk,MenuSelection,Menu Selection,967,371,0.00,0.00,None,N/A,
80.8174,gk,MenuSelection,Menu Selection,967,371,0.00,0.00,None,N/A,
80.8279,gk,MenuSelection,Menu Selection,967,371,0.00,0.00,None,N/A,
80.8375,gk,MenuSelection,Menu Selection,967,371,0.00,0.00,None,N/A,
80.8481,gk,MenuSelection,Menu Selection,967,371,0.00,0.00,None,N/A,
80.8576,gk,MenuSelection,Menu Selection,967,371,0.00,0.00,None,N/A,
80.8682,gk,MenuSelection,Menu Selection,967,371,0.00,0.00,None,N/A,
80.8779,gk,MenuSelection,Menu Selection,967,371,0.00,0.00,None,N/A,
80.8875,gk,MenuSelection,Menu Selection,967,371,0.00,0.00,None,N/A,
80.8982,gk,MenuSelection,Menu Selection,967,371,0.00,0.00,None,N/A,
80.9080,gk,MenuSelection,Menu Selection,967,371,0.00,0.00,None,N/A,
80.9181,gk,MenuSelection,Menu Selection,967,372,98.86,9773.62,None,N/A,
80.9279,gk,MenuSelection,Menu Selection,966,375,321.22,22587.11,None,N/A,
80.9377,gk,MenuSelection,Menu Selection,964,380,552.74,23762.82,None,N/A,
80.9476,gk,MenuSelection,Menu Selection,963,383,320.04,-23550.28,None,N/A,
80.9580,gk,MenuSelection,Menu Selection,961,389,605.30,27301.08,None,N/A,
80.9679,gk,MenuSelection,Menu Selection,960,391,226.09,-38341.51,None,N/A,
80.9777,gk,MenuSelection,Menu Selection,958,395,457.96,23744.20,None,N/A,
80.9874,gk,MenuSelection,Menu Selection,958,397,205.48,-25939.63,None,N/A,
80.9982,gk,MenuSelection,Menu Selection,956,400,334.02,11907.86,None,N/A,
81.0081,gk,MenuSelection,Menu Selection,956,401,101.19,-23560.37,None,N/A,
81.0178,gk,MenuSelection,Menu Selection,956,402,102.68,152.88,None,N/A,
81.0278,gk,MenuSelection,Menu Selection,955,403,141.34,3863.78,None,N/A,
81.0374,gk,MenuSelection,Menu Selection,955,404,104.08,-3878.28,None,N/A,
81.0474,gk,MenuSelection,Menu Selection,954,405,142.13,3824.76,None,N/A,
81.0581,gk,MenuSelection,Menu Selection,954,405,0.00,-13218.98,None,N/A,
81.0678,gk,MenuSelection,Menu Selection,953,406,145.73,15017.70,None,N/A,
81.0779,gk,MenuSelection,Menu Selection,953,406,0.00,-14428.19,None,N/A,
81.0874,gk,MenuSelection,Menu Selection,953,407,105.24,11075.82,None,N/A,
81.0982,gk,MenuSelection,Menu Selection,953,407,0.00,-9779.47,None,N/A,
81.1076,gk,MenuSelection,Menu Selection,953,407,0.00,0.00,None,N/A,
81.1182,gk,MenuSelection,Menu Selection,953,407,0.00,0.00,None,N/A,
81.1279,gk,MenuSelection,Menu Selection,953,407,0.00,0.00,None,N/A,
81.1380,gk,MenuSelection,Menu Selection,953,408,98.80,9760.74,None,N/A,
81.1475,gk,MenuSelection,Menu Selection,953,408,0.00,-10406.12,None,N/A,
81.1572,gk,MenuSelection,Menu Selection,952,409,146.03,15079.13,None,N/A,
81.1681,gk,MenuSelection,Menu Selection,952,409,0.00,-13347.12,None,N/A,
81.1773,gk,MenuSelection,Menu Selection,951,411,245.09,26863.09,None,N/A,
81.1880,gk,MenuSelection,Menu Selection,951,412,92.92,-14139.60,None,N/A,
81.2052,gk,MenuSelection,Menu Selection,950,417,296.48,11835.21,None,N/A,
81.2077,gk,MenuSelection,Menu Selection,950,417,0.00,-117212.51,None,N/A,
81.2178,gk,MenuSelection,Menu Selection,949,420,315.25,31427.72,None,N/A,
81.2278,gk,MenuSelection,Menu Selection,949,422,199.44,-11548.51,None,N/A,
81.2374,gk,MenuSelection,Menu Selection,948,424,232.24,3406.83,None,N/A,
81.2479,gk,MenuSelection,Menu Selection,948,425,95.42,-13055.95,None,N/A,
81.2579,gk,MenuSelection,Menu Selection,948,426,99.93,450.02,None,N/A,
81.2675,gk,MenuSelection,Menu Selection,947,427,146.96,4887.72,None,N/A,
81.2783,gk,MenuSelection,Menu Selection,947,428,93.38,-5003.44,None,N/A,
81.2874,gk,MenuSelection,Menu Selection,947,429,108.95,1696.64,None,N/A,
81.2978,gk,MenuSelection,Menu Selection,947,430,96.47,-1204.31,None,N/A,
81.3079,gk,MenuSelection,Menu Selection,947,430,0.00,-9517.85,None,N/A,
81.3176,gk,MenuSelection,Menu Selection,946,431,146.90,15258.92,None,N/A,
81.3275,gk,MenuSelection,Menu Selection,946,432,100.36,-4670.47,None,N/A,
81.3374,gk,MenuSelection,Menu Selection,946,432,0.00,-10127.42,None,N/A,
81.3473,gk,MenuSelection,Menu Selection,946,433,101.43,10288.40,None,N/A,
81.3582,gk,MenuSelection,Menu Selection,946,433,0.00,-9290.61,None,N/A,
81.3679,gk,MenuSelection,Menu Selection,946,434,103.28,10666.23,None,N/A,
81.3776,gk,MenuSelection,Menu Selection,946,434,0.00,-10651.28,None,N/A,
81.3875,gk,MenuSelection,Menu Selection,946,434,0.00,0.00,None,N/A,
81.3981,gk,MenuSelection,Menu Selection,946,434,0.00,0.00,None,N/A,
81.4076,gk,MenuSelection,Menu Selection,946,434,0.00,0.00,None,N/A,
81.4225,gk,MenuSelection,Menu Selection,946,434,0.00,0.00,None,N/A,
81.4272,gk,MenuSelection,Menu Selection,946,434,0.00,0.00,None,N/A,
81.4377,gk,MenuSelection,Menu Selection,946,434,0.00,0.00,None,N/A,
81.4482,gk,MenuSelection,Menu Selection,946,434,0.00,0.00,None,N/A,
81.4577,gk,MenuSelection,Menu Selection,946,434,0.00,0.00,None,N/A,
81.4682,gk,MenuSelection,Menu Selection,946,434,0.00,0.00,None,N/A,
81.4780,gk,MenuSelection,Menu Selection,946,434,0.00,0.00,None,N/A,
81.4876,gk,MenuSelection,Menu Selection,946,434,0.00,0.00,None,N/A,
81.4982,gk,MenuSelection,Menu Selection,946,434,0.00,0.00,None,N/A,
81.5079,gk,MenuSelection,Menu Selection,946,434,0.00,0.00,None,N/A,
81.5174,gk,MenuSelection,Menu Selection,946,434,0.00,0.00,None,N/A,
81.5281,gk,MenuSelection,Menu Selection,946,434,0.00,0.00,None,N/A,
81.5376,gk,MenuSelection,Menu Selection,946,434,0.00,0.00,None,N/A,
81.5472,gk,MenuSelection,Menu Selection,946,434,0.00,0.00,None,N/A,
81.5582,gk,MenuSelection,Menu Selection,946,434,0.00,0.00,None,N/A,
81.5675,gk,MenuSelection,Menu Selection,946,432,215.73,23269.42,None,N/A,
81.5773,gk,MenuSelection,Menu Selection,946,430,202.56,-1333.74,None,N/A,
81.5876,gk,MenuSelection,Menu Selection,946,428,195.43,-696.75,None,N/A,
81.5979,gk,MenuSelection,Menu Selection,947,424,397.78,19522.19,None,N/A,
81.6080,gk,MenuSelection,Menu Selection,948,421,314.03,-8316.65,None,N/A,
81.6179,gk,MenuSelection,Menu Selection,949,416,514.99,20295.48,None,N/A,
81.6276,gk,MenuSelection,Menu Selection,950,414,230.37,-29322.37,None,N/A,
81.6373,gk,MenuSelection,Menu Selection,951,411,326.26,9893.75,None,N/A,
81.6481,gk,MenuSelection,Menu Selection,952,409,206.36,-11065.54,None,N/A,
81.6579,gk,MenuSelection,Menu Selection,953,406,323.34,11960.74,None,N/A,
81.6677,gk,MenuSelection,Menu Selection,954,405,145.21,-18289.82,None,N/A,
81.6779,gk,MenuSelection,Menu Selection,955,402,309.04,16009.90,None,N/A,
81.6875,gk,MenuSelection,Menu Selection,956,401,147.24,-16845.41,None,N/A,
81.6991,gk,MenuSelection,Menu Selection,957,399,192.76,3923.90,None,N/A,
81.7080,gk,MenuSelection,Menu Selection,957,398,112.07,-9042.88,None,N/A,
81.7177,gk,MenuSelection,Menu Selection,958,397,145.64,3456.50,None,N/A,
81.7275,gk,MenuSelection,Menu Selection,958,395,205.78,6188.76,None,N/A,
81.7373,gk,MenuSelection,Menu Selection,959,394,143.32,-6330.06,None,N/A,
81.7473,gk,MenuSelection,Menu Selection,959,393,100.49,-4304.26,None,N/A,
81.7581,gk,MenuSelection,Menu Selection,960,393,92.66,-726.12,None,N/A,
81.7679,gk,MenuSelection,Menu Selection,960,392,101.81,932.24,None,N/A,
81.7777,gk,MenuSelection,Menu Selection,960,392,0.00,-10352.90,None,N/A,
81.7873,gk,MenuSelection,Menu Selection,960,391,103.95,10804.66,None,N/A,
81.7979,gk,MenuSelection,Menu Selection,960,391,0.00,-9883.01,None,N/A,
81.8075,gk,MenuSelection,Menu Selection,960,391,0.00,0.00,None,N/A,
81.8181,gk,MenuSelection,Menu Selection,960,391,0.00,0.00,None,N/A,
81.8277,gk,MenuSelection,Menu Selection,960,391,0.00,0.00,None,N/A,
81.8378,gk,MenuSelection,Menu Selection,960,391,0.00,0.00,None,N/A,
81.8483,gk,MenuSelection,Menu Selection,960,391,0.00,0.00,None,N/A,
81.8579,gk,MenuSelection,Menu Selection,960,391,0.00,0.00,None,N/A,
81.8690,gk,MenuSelection,Menu Selection,960,391,0.00,0.00,None,N/A,
81.8772,gk,MenuSelection,Menu Selection,960,391,0.00,0.00,None,N/A,
81.8873,gk,MenuSelection,Menu Selection,960,391,0.00,0.00,None,N/A,
81.8982,gk,MenuSelection,Menu Selection,960,391,0.00,0.00,None,N/A,
81.9081,gk,MenuSelection,Menu Selection,960,391,0.00,0.00,None,N/A,
81.9178,gk,MenuSelection,Menu Selection,960,391,0.00,0.00,None,N/A,
81.9274,gk,MenuSelection,Menu Selection,960,391,0.00,0.00,None,N/A,
81.9379,gk,MenuSelection,Menu Selection,960,391,0.00,0.00,None,N/A,
81.9476,gk,MenuSelection,Menu Selection,960,391,0.00,0.00,None,N/A,
81.9582,gk,MenuSelection,Menu Selection,960,391,0.00,0.00,None,N/A,
81.9680,gk,MenuSelection,Menu Selection,960,391,0.00,0.00,None,N/A,
81.9776,gk,MenuSelection,Menu Selection,960,391,0.00,0.00,None,N/A,
81.9873,gk,MenuSelection,Menu Selection,960,391,0.00,0.00,None,N/A,
81.9979,gk,MenuSelection,Menu Selection,960,391,0.00,0.00,None,N/A,
82.0074,gk,MenuSelection,Menu Selection,960,391,0.00,0.00,None,N/A,
82.0179,gk,MenuSelection,Menu Selection,960,391,0.00,0.00,None,N/A,
82.0275,gk,MenuSelection,Menu Selection,960,391,0.00,0.00,None,N/A,
82.0381,gk,MenuSelection,Menu Selection,960,391,0.00,0.00,None,N/A,
82.0478,gk,MenuSelection,Menu Selection,960,391,0.00,0.00,None,N/A,
82.0575,gk,MenuSelection,Menu Selection,960,391,0.00,0.00,None,N/A,
82.0681,gk,MenuSelection,Menu Selection,960,391,0.00,0.00,None,N/A,
82.0780,gk,MenuSelection,Menu Selection,960,391,0.00,0.00,None,N/A,
82.0876,gk,MenuSelection,Menu Selection,960,391,0.00,0.00,None,N/A,
82.0982,gk,MenuSelection,Menu Selection,960,391,0.00,0.00,None,N/A,
82.1077,gk,MenuSelection,Menu Selection,960,391,0.00,0.00,None,N/A,
82.1173,gk,MenuSelection,Menu Selection,960,391,0.00,0.00,None,N/A,
82.1279,gk,MenuSelection,Menu Selection,960,391,0.00,0.00,None,N/A,
82.1375,gk,MenuSelection,Menu Selection,960,391,0.00,0.00,None,N/A,
82.1480,gk,MenuSelection,Menu Selection,960,391,0.00,0.00,None,N/A,
82.1576,gk,MenuSelection,Menu Selection,960,391,0.00,0.00,None,N/A,
82.1673,gk,MenuSelection,Menu Selection,960,391,0.00,0.00,None,N/A,
82.1779,gk,MenuSelection,Menu Selection,960,391,0.00,0.00,None,N/A,
82.1876,gk,MenuSelection,Menu Selection,960,391,0.00,0.00,None,N/A,
82.1981,gk,MenuSelection,Menu Selection,960,391,0.00,0.00,None,N/A,
82.2077,gk,MenuSelection,Menu Selection,960,391,0.00,0.00,None,N/A,
82.2174,gk,MenuSelection,Menu Selection,960,391,0.00,0.00,None,N/A,
82.2281,gk,MenuSelection,Menu Selection,960,391,0.00,0.00,None,N/A,
82.2377,gk,MenuSelection,Menu Selection,960,391,0.00,0.00,None,N/A,
82.2473,gk,MenuSelection,Menu Selection,960,391,0.00,0.00,None,N/A,
82.2578,gk,MenuSelection,Menu Selection,960,391,0.00,0.00,None,N/A,
82.2676,gk,MenuSelection,Menu Selection,960,391,0.00,0.00,None,N/A,
82.2780,gk,MenuSelection,Menu Selection,960,391,0.00,0.00,None,N/A,
82.2877,gk,MenuSelection,Menu Selection,960,391,0.00,0.00,None,N/A,
82.2976,gk,MenuSelection,Menu Selection,960,391,0.00,0.00,None,N/A,
82.3082,gk,MenuSelection,Menu Selection,960,391,0.00,0.00,None,N/A,
82.3179,gk,MenuSelection,Menu Selection,960,391,0.00,0.00,None,N/A,
82.3275,gk,MenuSelection,Menu Selection,960,391,0.00,0.00,None,N/A,
82.3381,gk,MenuSelection,Menu Selection,960,391,0.00,0.00,None,N/A,
82.3477,gk,MenuSelection,Menu Selection,960,391,0.00,0.00,None,N/A,
82.3573,gk,MenuSelection,Menu Selection,960,391,0.00,0.00,None,N/A,
82.3678,gk,MenuSelection,Menu Selection,960,391,0.00,0.00,None,N/A,
82.3774,gk,MenuSelection,Menu Selection,960,391,0.00,0.00,None,N/A,
82.3876,gk,MenuSelection,Menu Selection,960,391,0.00,0.00,None,N/A,
82.3982,gk,MenuSelection,Menu Selection,960,391,0.00,0.00,None,N/A,
82.4077,gk,MenuSelection,Menu Selection,960,391,0.00,0.00,None,N/A,
82.4173,gk,MenuSelection,Menu Selection,960,391,0.00,0.00,None,N/A,
82.4279,gk,MenuSelection,Menu Selection,960,391,0.00,0.00,None,N/A,
82.4374,gk,MenuSelection,Menu Selection,960,391,0.00,0.00,None,N/A,
82.4481,gk,MenuSelection,Menu Selection,960,391,0.00,0.00,None,N/A,
82.4576,gk,MenuSelection,Menu Selection,960,391,0.00,0.00,None,N/A,
82.4682,gk,MenuSelection,Menu Selection,960,391,0.00,0.00,None,N/A,
82.4777,gk,MenuSelection,Menu Selection,960,391,0.00,0.00,None,N/A,
82.4873,gk,MenuSelection,Menu Selection,960,391,0.00,0.00,None,N/A,
82.4978,gk,MenuSelection,Menu Selection,960,391,0.00,0.00,None,N/A,
82.5074,gk,MenuSelection,Menu Selection,960,391,0.00,0.00,None,N/A,
82.5181,gk,MenuSelection,Menu Selection,960,391,0.00,0.00,None,N/A,
82.5277,gk,MenuSelection,Menu Selection,960,391,0.00,0.00,None,N/A,
82.5375,gk,MenuSelection,Menu Selection,960,391,0.00,0.00,None,N/A,
82.5481,gk,MenuSelection,Menu Selection,960,391,0.00,0.00,None,N/A,
82.5581,gk,MenuSelection,Menu Selection,960,391,0.00,0.00,None,N/A,
82.5677,gk,MenuSelection,Menu Selection,960,391,0.00,0.00,None,N/A,
82.5773,gk,MenuSelection,Menu Selection,960,391,0.00,0.00,None,N/A,
82.5879,gk,MenuSelection,Menu Selection,960,391,0.00,0.00,None,N/A,
82.5975,gk,MenuSelection,Menu Selection,960,391,0.00,0.00,None,N/A,
82.6081,gk,MenuSelection,Menu Selection,960,391,0.00,0.00,None,N/A,
82.6177,gk,MenuSelection,Menu Selection,960,391,0.00,0.00,None,N/A,
82.6273,gk,MenuSelection,Menu Selection,960,391,0.00,0.00,None,N/A,
82.6379,gk,MenuSelection,Menu Selection,960,391,0.00,0.00,None,N/A,
82.6475,gk,MenuSelection,Menu Selection,960,391,0.00,0.00,None,N/A,
82.6581,gk,MenuSelection,Menu Selection,960,391,0.00,0.00,None,N/A,
82.6679,gk,MenuSelection,Menu Selection,960,391,0.00,0.00,None,N/A,
82.6790,gk,MenuSelection,Menu Selection,960,391,0.00,0.00,None,N/A,
82.6881,gk,MenuSelection,Menu Selection,960,391,0.00,0.00,None,N/A,
82.6977,gk,MenuSelection,Menu Selection,960,391,0.00,0.00,None,N/A,
82.7073,gk,MenuSelection,Menu Selection,960,391,0.00,0.00,None,N/A,
82.7179,gk,MenuSelection,Menu Selection,960,391,0.00,0.00,None,N/A,
82.7275,gk,MenuSelection,Menu Selection,960,391,0.00,0.00,None,N/A,
82.7382,gk,MenuSelection,Menu Selection,960,391,0.00,0.00,None,N/A,
82.7479,gk,MenuSelection,Menu Selection,960,391,0.00,0.00,None,N/A,
82.7579,gk,MenuSelection,Menu Selection,960,391,0.00,0.00,None,N/A,
82.7675,gk,MenuSelection,Menu Selection,960,391,0.00,0.00,None,N/A,
82.7781,gk,MenuSelection,Menu Selection,960,391,0.00,0.00,None,N/A,
82.7878,gk,MenuSelection,Menu Selection,960,391,0.00,0.00,None,N/A,
82.7974,gk,MenuSelection,Menu Selection,960,391,0.00,0.00,None,N/A,
82.8079,gk,MenuSelection,Menu Selection,960,391,0.00,0.00,None,N/A,
82.8174,gk,MenuSelection,Menu Selection,960,391,0.00,0.00,None,N/A,
82.8279,gk,MenuSelection,Menu Selection,960,391,0.00,0.00,None,N/A,
82.8376,gk,MenuSelection,Menu Selection,960,391,0.00,0.00,None,N/A,
82.8479,gk,MenuSelection,Menu Selection,960,391,0.00,0.00,None,N/A,
82.8575,gk,MenuSelection,Menu Selection,960,391,0.00,0.00,None,N/A,
82.8682,gk,MenuSelection,Menu Selection,960,391,0.00,0.00,None,N/A,
82.8778,gk,MenuSelection,Menu Selection,960,391,0.00,0.00,None,N/A,
82.8877,gk,MenuSelection,Menu Selection,960,391,0.00,0.00,None,N/A,
82.8982,gk,MenuSelection,Menu Selection,960,391,0.00,0.00,None,N/A,
82.9081,gk,MenuSelection,Menu Selection,960,391,0.00,0.00,None,N/A,
82.9176,gk,MenuSelection,Menu Selection,960,391,0.00,0.00,None,N/A,
82.9281,gk,MenuSelection,Menu Selection,960,391,0.00,0.00,None,N/A,
82.9377,gk,MenuSelection,Menu Selection,960,391,0.00,0.00,None,N/A,
82.9482,gk,MenuSelection,Menu Selection,960,391,0.00,0.00,None,N/A,
82.9580,gk,MenuSelection,Menu Selection,960,391,0.00,0.00,None,N/A,
82.9677,gk,MenuSelection,Menu Selection,960,391,0.00,0.00,None,N/A,
82.9783,gk,MenuSelection,Menu Selection,960,391,0.00,0.00,None,N/A,
82.9879,gk,MenuSelection,Menu Selection,960,391,0.00,0.00,None,N/A,
82.9976,gk,MenuSelection,Menu Selection,960,391,0.00,0.00,None,N/A,
83.0083,gk,MenuSelection,Menu Selection,960,391,0.00,0.00,None,N/A,
83.0181,gk,MenuSelection,Menu Selection,960,391,0.00,0.00,None,N/A,
83.0276,gk,MenuSelection,Menu Selection,960,391,0.00,0.00,None,N/A,
83.0382,gk,MenuSelection,Menu Selection,960,391,0.00,0.00,None,N/A,
83.0478,gk,MenuSelection,Menu Selection,960,391,0.00,0.00,None,N/A,
83.0573,gk,MenuSelection,Menu Selection,960,391,0.00,0.00,None,N/A,
83.0679,gk,MenuSelection,Menu Selection,960,391,0.00,0.00,None,N/A,
83.0775,gk,MenuSelection,Menu Selection,960,391,0.00,0.00,None,N/A,
83.0882,gk,MenuSelection,Menu Selection,960,391,0.00,0.00,None,N/A,
83.0977,gk,MenuSelection,Menu Selection,960,391,0.00,0.00,None,N/A,
83.1074,gk,MenuSelection,Menu Selection,960,391,0.00,0.00,None,N/A,
83.1180,gk,MenuSelection,Menu Selection,960,391,0.00,0.00,None,N/A,
83.1276,gk,MenuSelection,Menu Selection,960,391,0.00,0.00,None,N/A,
83.1381,gk,MenuSelection,Menu Selection,960,391,0.00,0.00,None,N/A,
83.1478,gk,MenuSelection,Menu Selection,960,391,0.00,0.00,None,N/A,
83.1573,gk,MenuSelection,Menu Selection,960,391,0.00,0.00,None,N/A,
83.1679,gk,MenuSelection,Menu Selection,960,391,0.00,0.00,None,N/A,
83.1774,gk,MenuSelection,Menu Selection,960,391,0.00,0.00,None,N/A,
83.1880,gk,MenuSelection,Menu Selection,960,391,0.00,0.00,None,N/A,
83.1976,gk,MenuSelection,Menu Selection,960,391,0.00,0.00,None,N/A,
83.2082,gk,MenuSelection,Menu Selection,960,391,0.00,0.00,None,N/A,
83.2178,gk,MenuSelection,Menu Selection,960,391,0.00,0.00,None,N/A,
83.2283,gk,MenuSelection,Menu Selection,960,391,0.00,0.00,None,N/A,
83.2381,gk,MenuSelection,Menu Selection,960,391,0.00,0.00,None,N/A,
83.2480,gk,MenuSelection,Menu Selection,960,391,0.00,0.00,None,N/A,
83.2575,gk,MenuSelection,Menu Selection,960,391,0.00,0.00,None,N/A,
83.2681,gk,MenuSelection,Menu Selection,960,391,0.00,0.00,None,N/A,
83.2776,gk,MenuSelection,Menu Selection,960,391,0.00,0.00,None,N/A,
83.2881,gk,MenuSelection,Menu Selection,960,391,0.00,0.00,None,N/A,
83.2977,gk,MenuSelection,Menu Selection,960,391,0.00,0.00,None,N/A,
83.3083,gk,MenuSelection,Menu Selection,960,391,0.00,0.00,None,N/A,
83.3180,gk,MenuSelection,Menu Selection,960,391,0.00,0.00,None,N/A,
83.3275,gk,MenuSelection,Menu Selection,960,391,0.00,0.00,None,N/A,
83.3382,gk,MenuSelection,Menu Selection,960,391,0.00,0.00,None,N/A,
83.3479,gk,MenuSelection,Menu Selection,960,391,0.00,0.00,None,N/A,
83.3575,gk,MenuSelection,Menu Selection,960,391,0.00,0.00,None,N/A,
83.3681,gk,MenuSelection,Menu Selection,960,391,0.00,0.00,None,N/A,
83.3776,gk,MenuSelection,Menu Selection,960,391,0.00,0.00,None,N/A,
83.3883,gk,MenuSelection,Menu Selection,960,391,0.00,0.00,None,N/A,
83.3979,gk,MenuSelection,Menu Selection,960,391,0.00,0.00,None,N/A,
83.4074,gk,MenuSelection,Menu Selection,960,391,0.00,0.00,None,N/A,
83.4179,gk,MenuSelection,Menu Selection,960,391,0.00,0.00,None,N/A,
83.4275,gk,MenuSelection,Menu Selection,960,391,0.00,0.00,None,N/A,
83.4382,gk,MenuSelection,Menu Selection,960,391,0.00,0.00,None,N/A,
83.4478,gk,MenuSelection,Menu Selection,960,391,0.00,0.00,None,N/A,
83.4574,gk,MenuSelection,Menu Selection,960,391,0.00,0.00,None,N/A,
83.4680,gk,MenuSelection,Menu Selection,960,391,0.00,0.00,None,N/A,
83.4776,gk,MenuSelection,Menu Selection,960,391,0.00,0.00,None,N/A,
83.4882,gk,MenuSelection,Menu Selection,960,391,0.00,0.00,None,N/A,
83.4978,gk,MenuSelection,Menu Selection,960,391,0.00,0.00,None,N/A,
83.5075,gk,MenuSelection,Menu Selection,960,391,0.00,0.00,None,N/A,
83.5182,gk,MenuSelection,Menu Selection,960,391,0.00,0.00,None,N/A,
83.5277,gk,MenuSelection,Menu Selection,960,391,0.00,0.00,None,N/A,
83.5374,gk,MenuSelection,Menu Selection,960,391,0.00,0.00,None,N/A,
83.5479,gk,MenuSelection,Menu Selection,960,391,0.00,0.00,None,N/A,
83.5579,gk,MenuSelection,Menu Selection,960,391,0.00,0.00,None,N/A,
83.5674,gk,MenuSelection,Menu Selection,960,391,0.00,0.00,None,N/A,
83.5780,gk,MenuSelection,Menu Selection,960,391,0.00,0.00,None,N/A,
83.5879,gk,MenuSelection,Menu Selection,960,391,0.00,0.00,None,N/A,
83.5975,gk,MenuSelection,Menu Selection,960,391,0.00,0.00,None,N/A,
83.6080,gk,MenuSelection,Menu Selection,960,391,0.00,0.00,None,N/A,
83.6175,gk,MenuSelection,Menu Selection,960,391,0.00,0.00,None,N/A,
83.6280,gk,MenuSelection,Menu Selection,960,391,0.00,0.00,None,N/A,
83.6375,gk,MenuSelection,Menu Selection,960,391,0.00,0.00,None,N/A,
83.6481,gk,MenuSelection,Menu Selection,960,391,0.00,0.00,None,N/A,
83.6576,gk,MenuSelection,Menu Selection,960,391,0.00,0.00,None,N/A,
83.6683,gk,MenuSelection,Menu Selection,960,391,0.00,0.00,None,N/A,
83.6778,gk,MenuSelection,Menu Selection,960,391,0.00,0.00,None,N/A,
83.6874,gk,MenuSelection,Menu Selection,960,391,0.00,0.00,None,N/A,
83.6980,gk,MenuSelection,Menu Selection,960,391,0.00,0.00,None,N/A,
83.7076,gk,MenuSelection,Menu Selection,960,391,0.00,0.00,None,N/A,
83.7182,gk,MenuSelection,Menu Selection,960,391,0.00,0.00,None,N/A,
83.7278,gk,MenuSelection,Menu Selection,960,391,0.00,0.00,None,N/A,
83.7374,gk,MenuSelection,Menu Selection,960,391,0.00,0.00,None,N/A,
83.7479,gk,MenuSelection,Menu Selection,960,391,0.00,0.00,None,N/A,
83.7575,gk,MenuSelection,Menu Selection,960,391,0.00,0.00,None,N/A,
83.7680,gk,MenuSelection,Menu Selection,960,391,0.00,0.00,None,N/A,
83.7776,gk,MenuSelection,Menu Selection,960,391,0.00,0.00,None,N/A,
83.7881,gk,MenuSelection,Menu Selection,960,391,0.00,0.00,None,N/A,
83.7976,gk,MenuSelection,Menu Selection,960,391,0.00,0.00,None,N/A,
83.8074,gk,MenuSelection,Menu Selection,960,391,0.00,0.00,None,N/A,
83.8179,gk,MenuSelection,Menu Selection,960,391,0.00,0.00,None,N/A,
83.8275,gk,MenuSelection,Menu Selection,960,391,0.00,0.00,None,N/A,
83.8380,gk,MenuSelection,Menu Selection,960,391,0.00,0.00,None,N/A,
83.8475,gk,MenuSelection,Menu Selection,960,391,0.00,0.00,None,N/A,
83.8580,gk,MenuSelection,Menu Selection,960,391,0.00,0.00,None,N/A,
83.8675,gk,MenuSelection,Menu Selection,960,391,0.00,0.00,None,N/A,
83.8781,gk,MenuSelection,Menu Selection,960,391,0.00,0.00,None,N/A,
83.8877,gk,MenuSelection,Menu Selection,960,391,0.00,0.00,None,N/A,
83.8981,gk,MenuSelection,Menu Selection,960,391,0.00,0.00,None,N/A,
83.9078,gk,MenuSelection,Menu Selection,960,391,0.00,0.00,None,N/A,
83.9174,gk,MenuSelection,Menu Selection,960,391,0.00,0.00,None,N/A,
83.9281,gk,MenuSelection,Menu Selection,960,391,0.00,0.00,None,N/A,
83.9378,gk,MenuSelection,Menu Selection,960,391,0.00,0.00,None,N/A,
83.9475,gk,MenuSelection,Menu Selection,960,391,0.00,0.00,None,N/A,
83.9582,gk,MenuSelection,Menu Selection,960,391,0.00,0.00,None,N/A,
83.9676,gk,MenuSelection,Menu Selection,960,391,0.00,0.00,None,N/A,
83.9782,gk,MenuSelection,Menu Selection,960,391,0.00,0.00,None,N/A,
83.9877,gk,MenuSelection,Menu Selection,960,391,0.00,0.00,None,N/A,
83.9973,gk,MenuSelection,Menu Selection,960,391,0.00,0.00,None,N/A,
84.0078,gk,MenuSelection,Menu Selection,960,391,0.00,0.00,None,N/A,
84.0175,gk,MenuSelection,Menu Selection,960,391,0.00,0.00,None,N/A,
84.0273,gk,MenuSelection,Menu Selection,960,391,0.00,0.00,None,N/A,
84.0378,gk,MenuSelection,Menu Selection,960,391,0.00,0.00,None,N/A,
84.0475,gk,MenuSelection,Menu Selection,960,391,0.00,0.00,None,N/A,
84.0579,gk,MenuSelection,Menu Selection,960,391,0.00,0.00,None,N/A,
84.0675,gk,MenuSelection,Menu Selection,960,391,0.00,0.00,None,N/A,
84.0780,gk,MenuSelection,Menu Selection,960,391,0.00,0.00,None,N/A,
84.0876,gk,MenuSelection,Menu Selection,960,391,0.00,0.00,None,N/A,
84.0981,gk,MenuSelection,Menu Selection,960,391,0.00,0.00,None,N/A,
84.1076,gk,MenuSelection,Menu Selection,960,391,0.00,0.00,None,N/A,
84.1182,gk,MenuSelection,Menu Selection,960,391,0.00,0.00,None,N/A,
84.1277,gk,MenuSelection,Menu Selection,960,391,0.00,0.00,None,N/A,
84.1373,gk,MenuSelection,Menu Selection,960,391,0.00,0.00,None,N/A,
84.1479,gk,MenuSelection,Menu Selection,960,391,0.00,0.00,None,N/A,
84.1575,gk,MenuSelection,Menu Selection,960,391,0.00,0.00,None,N/A,
84.1680,gk,MenuSelection,Menu Selection,960,391,0.00,0.00,None,N/A,
84.1774,gk,MenuSelection,Menu Selection,960,391,0.00,0.00,None,N/A,
84.1879,gk,MenuSelection,Menu Selection,960,392,95.28,9079.03,None,N/A,
84.1977,gk,MenuSelection,Menu Selection,961,392,101.62,644.24,None,N/A,
84.2078,gk,MenuSelection,Menu Selection,961,392,0.00,-10062.08,None,N/A,
84.2175,gk,MenuSelection,Menu Selection,962,392,103.31,10673.06,None,N/A,
84.2273,gk,MenuSelection,Menu Selection,963,392,101.70,-163.81,None,N/A,
84.2378,gk,MenuSelection,Menu Selection,965,393,213.32,10648.26,None,N/A,
84.2475,gk,MenuSelection,Menu Selection,966,393,102.87,-11361.84,None,N/A,
84.2579,gk,MenuSelection,Menu Selection,967,393,96.47,-617.90,None,N/A,
84.2681,gk,MenuSelection,Menu Selection,970,393,293.08,19206.83,None,N/A,
84.2778,gk,MenuSelection,Menu Selection,971,393,103.18,-19593.52,None,N/A,
84.2875,gk,MenuSelection,Menu Selection,973,394,231.12,13223.39,None,N/A,
84.2976,gk,MenuSelection,Menu Selection,974,394,99.51,-13096.38,None,N/A,
84.3074,gk,MenuSelection,Menu Selection,976,394,203.72,10613.80,None,N/A,
84.3174,gk,MenuSelection,Menu Selection,977,394,99.55,-10369.69,None,N/A,
84.3280,gk,MenuSelection,Menu Selection,978,394,94.33,-491.69,None,N/A,
84.3378,gk,MenuSelection,Menu Selection,979,394,101.89,769.56,None,N/A,
84.3475,gk,MenuSelection,Menu Selection,979,394,0.00,-10493.75,None,N/A,
84.3586,gk,MenuSelection,Menu Selection,980,394,90.09,8116.49,None,N/A,
84.3680,gk,MenuSelection,Menu Selection,981,394,107.33,1850.74,None,N/A,
84.3778,gk,MenuSelection,Menu Selection,982,394,101.61,-581.31,None,N/A,
84.3880,gk,MenuSelection,Menu Selection,983,394,97.82,-371.14,None,N/A,
84.3974,gk,MenuSelection,Menu Selection,984,394,106.59,934.50,None,N/A,
84.4078,gk,MenuSelection,Menu Selection,985,394,96.15,-1003.80,None,N/A,
84.4174,gk,MenuSelection,Menu Selection,986,395,148.17,5450.94,None,N/A,
84.4278,gk,MenuSelection,Menu Selection,987,395,95.52,-5029.25,None,N/A,
84.4376,gk,MenuSelection,Menu Selection,988,395,102.10,671.91,None,N/A,
84.4480,gk,MenuSelection,Menu Selection,988,395,0.00,-9804.32,None,N/A,
84.4576,gk,MenuSelection,Menu Selection,988,395,0.00,0.00,None,N/A,
84.4675,gk,MenuSelection,Menu Selection,989,395,101.75,10352.39,None,N/A,
84.4780,gk,MenuSelection,Menu Selection,989,395,0.00,-9701.00,None,N/A,
84.4880,gk,MenuSelection,Menu Selection,990,395,99.36,9872.97,None,N/A,
84.4979,gk,MenuSelection,Menu Selection,990,395,0.00,-10088.30,None,N/A,
84.5075,gk,MenuSelection,Menu Selection,991,395,103.58,10729.55,None,N/A,
84.5176,gk,MenuSelection,Menu Selection,992,396,140.28,3640.57,None,N/A,
84.5281,gk,MenuSelection,Menu Selection,995,396,285.27,13786.49,None,N/A,
84.5374,gk,MenuSelection,Menu Selection,996,396,108.07,-19150.04,None,N/A,
84.5479,gk,MenuSelection,Menu Selection,1000,396,379.88,25814.26,None,N/A,
84.5574,gk,MenuSelection,Menu Selection,1001,396,104.96,-28856.50,None,N/A,
84.5673,gk,MenuSelection,Menu Selection,1005,396,404.61,30310.35,None,N/A,
84.5773,gk,MenuSelection,Menu Selection,1006,396,99.90,-30441.67,None,N/A,
84.5878,gk,MenuSelection,Menu Selection,1010,396,382.92,27092.89,None,N/A,
84.5977,gk,MenuSelection,Menu Selection,1011,397,142.03,-24192.89,None,N/A,
84.6079,gk,MenuSelection,Menu Selection,1013,397,197.62,5492.51,None,N/A,
84.6181,gk,MenuSelection,Menu Selection,1016,398,307.33,10662.57,None,N/A,
84.6279,gk,MenuSelection,Menu Selection,1018,398,204.44,-10517.65,None,N/A,
84.6378,gk,MenuSelection,Menu Selection,1023,399,516.80,31658.91,None,N/A,
84.6473,gk,MenuSelection,Menu Selection,1026,399,315.09,-21185.76,None,N/A,
84.6582,gk,MenuSelection,Menu Selection,1031,401,495.69,16623.26,None,N/A,
84.6680,gk,MenuSelection,Menu Selection,1034,401,304.01,-19424.07,None,N/A,
84.6777,gk,MenuSelection,Menu Selection,1038,403,463.64,16549.53,None,N/A,
84.6876,gk,MenuSelection,Menu Selection,1040,403,200.78,-26388.57,None,N/A,
84.6975,gk,MenuSelection,Menu Selection,1043,404,320.82,12177.91,None,N/A,
84.7080,gk,MenuSelection,Menu Selection,1044,405,134.21,-17709.16,None,N/A,
84.7199,gk,MenuSelection,Menu Selection,1046,406,187.88,4509.08,None,N/A,
84.7273,gk,MenuSelection,Menu Selection,1046,407,135.75,-7075.95,None,N/A,
84.7373,gk,MenuSelection,Menu Selection,1047,407,100.47,-3544.57,None,N/A,
84.7474,gk,MenuSelection,Menu Selection,1048,409,221.70,12019.25,None,N/A,
84.7575,gk,MenuSelection,Menu Selection,1049,410,139.62,-8103.18,None,N/A,
84.7681,gk,MenuSelection,Menu Selection,1049,412,187.75,4517.68,None,N/A,
84.7778,gk,MenuSelection,Menu Selection,1050,414,230.70,4431.69,None,N/A,
84.7875,gk,MenuSelection,Menu Selection,1050,416,207.49,-2408.19,None,N/A,
84.7974,gk,MenuSelection,Menu Selection,1050,417,100.91,-10754.96,None,N/A,
84.8077,gk,MenuSelection,Menu Selection,1050,419,193.62,8974.97,None,N/A,
84.8180,gk,MenuSelection,Menu Selection,1050,420,96.98,-9371.76,None,N/A,
84.8277,gk,MenuSelection,Menu Selection,1050,421,103.24,646.73,None,N/A,
84.8378,gk,MenuSelection,Menu Selection,1050,422,98.68,-449.96,None,N/A,
84.8479,gk,MenuSelection,Menu Selection,1050,422,0.00,-9771.35,None,N/A,
84.8578,gk,MenuSelection,Menu Selection,1050,423,101.42,10286.41,None,N/A,
84.8675,gk,MenuSelection,Menu Selection,1050,423,0.00,-10458.89,None,N/A,
84.8775,gk,MenuSelection,Menu Selection,1050,424,99.88,9976.22,None,N/A,
84.8874,gk,MenuSelection,Menu Selection,1050,424,0.00,-10057.65,None,N/A,
84.8979,gk,MenuSelection,Menu Selection,1050,424,0.00,0.00,None,N/A,
84.9075,gk,MenuSelection,Menu Selection,1050,424,0.00,0.00,None,N/A,
84.9180,gk,MenuSelection,Menu Selection,1050,424,0.00,0.00,None,N/A,
84.9276,gk,MenuSelection,Menu Selection,1050,424,0.00,0.00,None,N/A,
84.9375,gk,MenuSelection,Menu Selection,1050,424,0.00,0.00,None,N/A,
84.9478,gk,MenuSelection,Menu Selection,1051,424,97.52,9510.45,None,N/A,
84.9577,gk,MenuSelection,Menu Selection,1051,424,0.00,-9780.14,None,N/A,
84.9676,gk,MenuSelection,Menu Selection,1051,424,0.00,0.00,None,N/A,
84.9781,gk,MenuSelection,Menu Selection,1051,424,0.00,0.00,None,N/A,
84.9877,gk,MenuSelection,Menu Selection,1051,424,0.00,0.00,None,N/A,
84.9974,gk,MenuSelection,Menu Selection,1051,424,0.00,0.00,None,N/A,
85.0080,gk,MenuSelection,Menu Selection,1051,424,0.00,0.00,None,N/A,
85.0176,gk,MenuSelection,Menu Selection,1051,424,0.00,0.00,None,N/A,
85.0281,gk,MenuSelection,Menu Selection,1051,424,0.00,0.00,None,N/A,
85.0376,gk,MenuSelection,Menu Selection,1051,424,0.00,0.00,None,N/A,
85.0481,gk,MenuSelection,Menu Selection,1051,424,0.00,0.00,None,N/A,
85.0576,gk,MenuSelection,Menu Selection,1051,424,0.00,0.00,None,N/A,
85.0682,gk,MenuSelection,Menu Selection,1051,424,0.00,0.00,None,N/A,
85.0778,gk,MenuSelection,Menu Selection,1051,424,0.00,0.00,None,N/A,
85.0875,gk,MenuSelection,Menu Selection,1051,424,0.00,0.00,None,N/A,
85.0975,gk,MenuSelection,Menu Selection,1051,424,0.00,0.00,None,N/A,
85.1082,gk,MenuSelection,Menu Selection,1051,424,0.00,0.00,None,N/A,
85.1181,gk,MenuSelection,Menu Selection,1051,424,0.00,0.00,None,N/A,
85.1279,gk,MenuSelection,Menu Selection,1051,424,0.00,0.00,Left,N/A,
85.1374,gk,MenuSelection,Menu Selection,1051,424,0.00,0.00,Left,N/A,
85.1479,gk,MenuSelection,Menu Selection,1051,424,0.00,0.00,Left,N/A,
85.1577,gk,MenuSelection,Menu Selection,1051,424,0.00,0.00,Left,N/A,
85.1675,gk,MenuSelection,Menu Selection,1051,424,0.00,0.00,Left,N/A,
85.1782,gk,MenuSelection,Menu Selection,1051,424,0.00,0.00,Left,N/A,
85.1877,gk,MenuSelection,Menu Selection,1051,424,0.00,0.00,Left,N/A,
85.1981,gk,MenuSelection,Menu Selection,1051,424,0.00,0.00,Left,N/A,
85.2075,gk,MenuSelection,Menu Selection,1051,424,0.00,0.00,Left,N/A,
85.2181,gk,MenuSelection,Menu Selection,1051,424,0.00,0.00,Left,N/A,
85.2276,gk,MenuSelection,Menu Selection,1051,424,0.00,0.00,Left,N/A,
85.2382,gk,MenuSelection,Menu Selection,1051,424,0.00,0.00,Left,N/A,
85.2483,gk,MenuSelection,Menu Selection,1051,424,0.00,0.00,Left,N/A,
85.2583,gk,MenuSelection,Menu Selection,1051,424,0.00,0.00,Left,N/A,
85.2685,gk,MenuSelection,Menu Selection,1051,424,0.00,0.00,Left,N/A,
85.2783,gk,MenuSelection,Menu Selection,1051,424,0.00,0.00,Left,N/A,
85.2882,gk,MenuSelection,Menu Selection,1051,424,0.00,0.00,Left,N/A,
85.2981,gk,MenuSelection,Menu Selection,1051,424,0.00,0.00,Left,N/A,
85.3047,gk,MenuSelection,Menu Selection,1051,424,0.00,0.00,None,N/A,menu_item_selected_correct
85.3165,gk,MenuSelection,Menu Selection,1051,424,0.00,0.00,None,N/A,
85.3181,gk,MenuSelection,Menu Selection,1051,424,0.00,0.00,None,N/A,
85.3277,gk,MenuSelection,Menu Selection,1051,424,0.00,0.00,None,N/A,
85.3382,gk,MenuSelection,Menu Selection,1051,424,0.00,0.00,None,N/A,
85.3481,gk,MenuSelection,Menu Selection,1051,424,0.00,0.00,None,N/A,
85.3576,gk,MenuSelection,Menu Selection,1051,424,0.00,0.00,None,N/A,
85.3682,gk,MenuSelection,Menu Selection,1051,424,0.00,0.00,None,N/A,
85.3777,gk,MenuSelection,Menu Selection,1051,424,0.00,0.00,None,N/A,
85.3873,gk,MenuSelection,Menu Selection,1051,424,0.00,0.00,None,N/A,
85.3978,gk,MenuSelection,Menu Selection,1051,424,0.00,0.00,None,N/A,
85.4074,gk,MenuSelection,Menu Selection,1051,424,0.00,0.00,None,N/A,
85.4181,gk,MenuSelection,Menu Selection,1051,424,0.00,0.00,None,N/A,
85.4281,gk,MenuSelection,Menu Selection,1051,424,0.00,0.00,None,N/A,
85.4382,gk,MenuSelection,Menu Selection,1051,424,0.00,0.00,None,N/A,
85.4479,gk,MenuSelection,Menu Selection,1051,424,0.00,0.00,None,N/A,
85.4574,gk,MenuSelection,Menu Selection,1051,424,0.00,0.00,None,N/A,
85.4683,gk,MenuSelection,Menu Selection,1051,424,0.00,0.00,None,N/A,
85.4785,gk,MenuSelection,Menu Selection,1051,424,0.00,0.00,None,N/A,
85.4881,gk,MenuSelection,Menu Selection,1051,424,0.00,0.00,None,N/A,
85.4977,gk,MenuSelection,Menu Selection,1051,424,0.00,0.00,None,N/A,
85.5074,gk,MenuSelection,Menu Selection,1051,424,0.00,0.00,None,N/A,
85.5180,gk,MenuSelection,Menu Selection,1051,424,0.00,0.00,None,N/A,
85.5276,gk,MenuSelection,Menu Selection,1051,424,0.00,0.00,None,N/A,
85.5382,gk,MenuSelection,Menu Selection,1051,424,0.00,0.00,None,N/A,
85.5479,gk,MenuSelection,Menu Selection,1051,424,0.00,0.00,None,N/A,
85.5575,gk,MenuSelection,Menu Selection,1051,424,0.00,0.00,None,N/A,
85.5681,gk,MenuSelection,Menu Selection,1051,424,0.00,0.00,None,N/A,
85.5781,gk,MenuSelection,Menu Selection,1051,424,0.00,0.00,None,N/A,
85.5877,gk,MenuSelection,Menu Selection,1051,424,0.00,0.00,None,N/A,
85.5977,gk,MenuSelection,Menu Selection,1051,424,0.00,0.00,None,N/A,
85.6078,gk,MenuSelection,Menu Selection,1051,424,0.00,0.00,None,N/A,
85.6178,gk,MenuSelection,Menu Selection,1051,424,0.00,0.00,None,N/A,
85.6279,gk,MenuSelection,Menu Selection,1051,424,0.00,0.00,None,N/A,
85.6380,gk,MenuSelection,Menu Selection,1051,424,0.00,0.00,None,N/A,
85.6476,gk,MenuSelection,Menu Selection,1051,424,0.00,0.00,None,N/A,
85.6582,gk,MenuSelection,Menu Selection,1051,424,0.00,0.00,None,N/A,
85.6678,gk,MenuSelection,Menu Selection,1051,424,0.00,0.00,None,N/A,
85.6774,gk,MenuSelection,Menu Selection,1051,424,0.00,0.00,None,N/A,
85.6880,gk,MenuSelection,Menu Selection,1051,424,0.00,0.00,None,N/A,
85.6975,gk,MenuSelection,Menu Selection,1051,424,0.00,0.00,None,N/A,
85.7081,gk,MenuSelection,Menu Selection,1051,424,0.00,0.00,None,N/A,
85.7177,gk,MenuSelection,Menu Selection,1051,424,0.00,0.00,None,N/A,
85.7282,gk,MenuSelection,Menu Selection,1051,424,0.00,0.00,None,N/A,
85.7377,gk,MenuSelection,Menu Selection,1051,424,0.00,0.00,None,N/A,
85.7473,gk,MenuSelection,Menu Selection,1051,424,0.00,0.00,None,N/A,
85.7579,gk,MenuSelection,Menu Selection,1051,424,0.00,0.00,None,N/A,
85.7675,gk,MenuSelection,Menu Selection,1051,424,0.00,0.00,None,N/A,
85.7773,gk,MenuSelection,Menu Selection,1051,424,0.00,0.00,None,N/A,
85.7879,gk,MenuSelection,Menu Selection,1051,424,0.00,0.00,None,N/A,
85.7982,gk,MenuSelection,Menu Selection,1046,425,494.37,47930.66,None,N/A,
85.8076,gk,MenuSelection,Menu Selection,1044,425,213.21,-29972.87,None,N/A,
85.8179,gk,MenuSelection,Menu Selection,1037,425,682.27,45717.77,None,N/A,
85.8277,gk,MenuSelection,Menu Selection,1033,424,418.74,-26763.93,None,N/A,
85.8382,gk,MenuSelection,Menu Selection,1024,422,879.71,43985.30,None,N/A,
85.8479,gk,MenuSelection,Menu Selection,1019,420,554.30,-33495.29,None,N/A,
85.8577,gk,MenuSelection,Menu Selection,1011,416,914.53,36833.23,None,N/A,
85.8678,gk,MenuSelection,Menu Selection,1007,414,444.26,-46716.55,None,N/A,
85.8777,gk,MenuSelection,Menu Selection,1003,411,505.63,6206.25,None,N/A,
85.8875,gk,MenuSelection,Menu Selection,995,404,1082.00,58666.71,None,N/A,
85.8984,gk,MenuSelection,Menu Selection,992,401,389.99,-63610.92,None,N/A,
85.9080,gk,MenuSelection,Menu Selection,987,396,730.55,35185.18,None,N/A,
85.9185,gk,MenuSelection,Menu Selection,985,394,268.95,-43892.71,None,N/A,
85.9275,gk,MenuSelection,Menu Selection,982,390,557.28,32136.18,None,N/A,
85.9379,gk,MenuSelection,Menu Selection,980,388,271.96,-27434.10,None,N/A,
85.9481,gk,MenuSelection,Menu Selection,979,386,219.29,-5165.31,None,N/A,
85.9584,gk,MenuSelection,Menu Selection,978,385,137.94,-7935.27,None,N/A,
85.9676,gk,MenuSelection,Menu Selection,977,383,241.91,11248.12,None,N/A,
85.9782,gk,MenuSelection,Menu Selection,976,383,94.82,-13946.76,None,N/A,
85.9877,gk,MenuSelection,Menu Selection,976,382,105.09,1079.88,None,N/A,
85.9981,gk,MenuSelection,Menu Selection,975,381,135.42,2903.84,None,N/A,
86.0081,gk,MenuSelection,Menu Selection,975,380,100.47,-3511.08,None,N/A,
86.0178,gk,MenuSelection,Menu Selection,974,379,145.40,4619.11,None,N/A,
86.0281,gk,MenuSelection,Menu Selection,974,379,0.00,-14089.33,None,N/A,
86.0372,gk,MenuSelection,Menu Selection,973,378,155.76,17156.08,None,N/A,
86.0482,gk,MenuSelection,Menu Selection,973,378,0.00,-14209.11,None,N/A,
86.0579,gk,MenuSelection,Menu Selection,972,377,145.56,14981.60,None,N/A,
86.0678,gk,MenuSelection,Menu Selection,972,377,0.00,-14674.44,None,N/A,
86.0777,gk,MenuSelection,Menu Selection,972,377,0.00,0.00,None,N/A,
86.0873,gk,MenuSelection,Menu Selection,972,377,0.00,0.00,None,N/A,
86.0977,gk,MenuSelection,Menu Selection,972,376,96.43,9299.10,None,N/A,
86.1074,gk,MenuSelection,Menu Selection,972,376,0.00,-9984.56,None,N/A,
86.1180,gk,MenuSelection,Menu Selection,972,376,0.00,0.00,None,N/A,
86.1277,gk,MenuSelection,Menu Selection,972,376,0.00,0.00,None,N/A,
86.1385,gk,MenuSelection,Menu Selection,972,376,0.00,0.00,None,N/A,
86.1481,gk,MenuSelection,Menu Selection,972,376,0.00,0.00,None,N/A,
86.1575,gk,MenuSelection,Menu Selection,972,376,0.00,0.00,None,N/A,
86.1681,gk,MenuSelection,Menu Selection,972,376,0.00,0.00,None,N/A,
86.1777,gk,MenuSelection,Menu Selection,972,376,0.00,0.00,None,N/A,
86.1877,gk,MenuSelection,Menu Selection,972,376,0.00,0.00,None,N/A,
86.1981,gk,MenuSelection,Menu Selection,972,376,0.00,0.00,None,N/A,
86.2077,gk,MenuSelection,Menu Selection,972,376,0.00,0.00,None,N/A,
86.2180,gk,MenuSelection,Menu Selection,972,376,0.00,0.00,None,N/A,
86.2280,gk,MenuSelection,Menu Selection,972,376,0.00,0.00,None,N/A,
86.2380,gk,MenuSelection,Menu Selection,972,376,0.00,0.00,None,N/A,
86.2481,gk,MenuSelection,Menu Selection,972,376,0.00,0.00,None,N/A,
86.2577,gk,MenuSelection,Menu Selection,972,376,0.00,0.00,None,N/A,
86.2687,gk,MenuSelection,Menu Selection,972,376,0.00,0.00,None,N/A,
86.2779,gk,MenuSelection,Menu Selection,972,376,0.00,0.00,None,N/A,
86.2880,gk,MenuSelection,Menu Selection,972,376,0.00,0.00,None,N/A,
86.2976,gk,MenuSelection,Menu Selection,972,376,0.00,0.00,None,N/A,
86.3082,gk,MenuSelection,Menu Selection,972,376,0.00,0.00,None,N/A,
86.3178,gk,MenuSelection,Menu Selection,972,376,0.00,0.00,None,N/A,
86.3273,gk,MenuSelection,Menu Selection,972,376,0.00,0.00,None,N/A,
86.3379,gk,MenuSelection,Menu Selection,972,376,0.00,0.00,None,N/A,
86.3474,gk,MenuSelection,Menu Selection,972,376,0.00,0.00,None,N/A,
86.3579,gk,MenuSelection,Menu Selection,972,376,0.00,0.00,None,N/A,
86.3674,gk,MenuSelection,Menu Selection,972,376,0.00,0.00,None,N/A,
86.3778,gk,MenuSelection,Menu Selection,972,376,0.00,0.00,None,N/A,
86.3873,gk,MenuSelection,Menu Selection,972,376,0.00,0.00,None,N/A,
86.3977,gk,MenuSelection,Menu Selection,972,376,0.00,0.00,None,N/A,
86.4073,gk,MenuSelection,Menu Selection,972,376,0.00,0.00,None,N/A,
86.4178,gk,MenuSelection,Menu Selection,972,376,0.00,0.00,None,N/A,
86.4274,gk,MenuSelection,Menu Selection,972,376,0.00,0.00,Left,N/A,
86.4378,gk,MenuSelection,Menu Selection,972,376,0.00,0.00,Left,N/A,
86.4473,gk,MenuSelection,Menu Selection,972,376,0.00,0.00,Left,N/A,
86.4580,gk,MenuSelection,Menu Selection,972,376,0.00,0.00,Left,N/A,
86.4676,gk,MenuSelection,Menu Selection,972,376,0.00,0.00,Left,N/A,
86.4782,gk,MenuSelection,Menu Selection,972,376,0.00,0.00,Left,N/A,
86.4878,gk,MenuSelection,Menu Selection,972,376,0.00,0.00,Left,N/A,
86.4974,gk,MenuSelection,Menu Selection,972,376,0.00,0.00,Left,N/A,
86.5079,gk,MenuSelection,Menu Selection,972,376,0.00,0.00,Left,N/A,
86.5175,gk,MenuSelection,Menu Selection,972,376,0.00,0.00,Left,N/A,
86.5281,gk,MenuSelection,Menu Selection,972,376,0.00,0.00,Left,N/A,
86.5377,gk,MenuSelection,Menu Selection,972,376,0.00,0.00,Left,N/A,
86.5473,gk,MenuSelection,Menu Selection,972,376,0.00,0.00,Left,N/A,
86.5579,gk,MenuSelection,Menu Selection,972,376,0.00,0.00,Left,N/A,
86.5680,gk,MenuSelection,Menu Selection,972,376,0.00,0.00,Left,N/A,
86.5777,gk,MenuSelection,Menu Selection,972,376,0.00,0.00,Left,N/A,
86.5878,gk,MenuSelection,Menu Selection,972,376,0.00,0.00,Left,N/A,
86.5980,gk,MenuSelection,Menu Selection,972,376,0.00,0.00,Left,N/A,
86.6091,gk,MenuSelection,Menu Selection,972,376,0.00,0.00,None,N/A,
86.6180,gk,MenuSelection,Menu Selection,972,376,0.00,0.00,None,N/A,
86.6275,gk,MenuSelection,Menu Selection,972,376,0.00,0.00,None,N/A,
86.6380,gk,MenuSelection,Menu Selection,972,376,0.00,0.00,None,N/A,
86.6475,gk,MenuSelection,Menu Selection,972,376,0.00,0.00,None,N/A,
86.6579,gk,MenuSelection,Menu Selection,972,376,0.00,0.00,None,N/A,
86.6674,gk,MenuSelection,Menu Selection,972,376,0.00,0.00,None,N/A,
86.6778,gk,MenuSelection,Menu Selection,972,376,0.00,0.00,None,N/A,
86.6882,gk,MenuSelection,Menu Selection,972,376,0.00,0.00,None,N/A,
86.6976,gk,MenuSelection,Menu Selection,972,376,0.00,0.00,None,N/A,
86.7083,gk,MenuSelection,Menu Selection,972,376,0.00,0.00,None,N/A,
86.7179,gk,MenuSelection,Menu Selection,972,376,0.00,0.00,None,N/A,
86.7275,gk,MenuSelection,Menu Selection,972,376,0.00,0.00,None,N/A,
86.7381,gk,MenuSelection,Menu Selection,972,376,0.00,0.00,None,N/A,
86.7473,gk,MenuSelection,Menu Selection,972,377,108.26,11720.76,None,N/A,
86.7575,gk,MenuSelection,Menu Selection,972,381,391.89,27787.75,None,N/A,
86.7681,gk,MenuSelection,Menu Selection,972,383,189.56,-19176.90,None,N/A,
86.7776,gk,MenuSelection,Menu Selection,972,386,316.09,13331.15,None,N/A,
86.7876,gk,MenuSelection,Menu Selection,972,388,199.08,-11647.01,None,N/A,
86.7978,gk,MenuSelection,Menu Selection,972,389,98.49,-9907.51,None,N/A,
86.8078,gk,MenuSelection,Menu Selection,972,392,300.37,20213.56,None,N/A,
86.8175,gk,MenuSelection,Menu Selection,972,393,102.59,-20290.08,None,N/A,
86.8279,gk,MenuSelection,Menu Selection,972,395,193.48,8793.44,None,N/A,
86.8381,gk,MenuSelection,Menu Selection,972,396,97.66,-9357.98,None,N/A,
86.8480,gk,MenuSelection,Menu Selection,972,398,202.61,10631.75,None,N/A,
86.8581,gk,MenuSelection,Menu Selection,972,398,0.00,-20054.34,None,N/A,
86.8674,gk,MenuSelection,Menu Selection,972,400,215.36,23190.63,None,N/A,
86.8777,gk,MenuSelection,Menu Selection,972,400,0.00,-20789.85,None,N/A,
86.8874,gk,MenuSelection,Menu Selection,972,402,206.75,21372.44,None,N/A,
86.8979,gk,MenuSelection,Menu Selection,972,403,95.23,-10619.96,None,N/A,
86.9080,gk,MenuSelection,Menu Selection,972,404,98.51,322.57,None,N/A,
87.0606,gk,MenuSelection,Menu Selection,972,410,39.33,-387.91,None,N/A,
87.0707,gk,MenuSelection,Menu Selection,972,410,0.00,-3891.77,None,N/A,
87.0810,gk,MenuSelection,Menu Selection,972,410,0.00,0.00,None,N/A,
87.0918,gk,MenuSelection,Menu Selection,972,410,0.00,0.00,None,N/A,
87.1013,gk,MenuSelection,Menu Selection,972,410,0.00,0.00,None,N/A,
87.1116,gk,MenuSelection,Menu Selection,972,410,0.00,0.00,None,N/A,
87.1212,gk,MenuSelection,Menu Selection,972,410,0.00,0.00,None,N/A,
87.1307,gk,MenuSelection,Menu Selection,972,410,0.00,0.00,None,N/A,
87.1412,gk,MenuSelection,Menu Selection,972,410,0.00,0.00,None,N/A,
87.1520,gk,MenuSelection,Menu Selection,972,410,0.00,0.00,None,N/A,
87.1616,gk,MenuSelection,Menu Selection,972,410,0.00,0.00,None,N/A,
87.1709,gk,MenuSelection,Menu Selection,972,410,0.00,0.00,None,N/A,
87.1818,gk,MenuSelection,Menu Selection,972,410,0.00,0.00,None,N/A,
87.1914,gk,MenuSelection,Menu Selection,972,410,0.00,0.00,None,N/A,
87.2008,gk,MenuSelection,Menu Selection,972,410,0.00,0.00,None,N/A,
87.2115,gk,MenuSelection,Menu Selection,972,410,0.00,0.00,None,N/A,
87.2211,gk,MenuSelection,Menu Selection,972,410,0.00,0.00,None,N/A,
87.2308,gk,MenuSelection,Menu Selection,972,410,0.00,0.00,None,N/A,
87.2415,gk,MenuSelection,Menu Selection,972,410,0.00,0.00,None,N/A,
87.2511,gk,MenuSelection,Menu Selection,972,410,0.00,0.00,None,N/A,
87.2617,gk,MenuSelection,Menu Selection,972,410,0.00,0.00,None,N/A,
87.2714,gk,MenuSelection,Menu Selection,972,410,0.00,0.00,None,N/A,
87.2809,gk,MenuSelection,Menu Selection,972,410,0.00,0.00,None,N/A,
87.2916,gk,MenuSelection,Menu Selection,972,410,0.00,0.00,None,N/A,
87.3013,gk,MenuSelection,Menu Selection,972,410,0.00,0.00,None,N/A,
87.3107,gk,MenuSelection,Menu Selection,972,410,0.00,0.00,None,N/A,
87.3213,gk,MenuSelection,Menu Selection,972,410,0.00,0.00,None,N/A,
87.3308,gk,MenuSelection,Menu Selection,972,410,0.00,0.00,None,N/A,
87.3414,gk,MenuSelection,Menu Selection,972,410,0.00,0.00,None,N/A,
87.3509,gk,MenuSelection,Menu Selection,972,410,0.00,0.00,None,N/A,
87.3615,gk,MenuSelection,Menu Selection,972,410,0.00,0.00,None,N/A,
87.3710,gk,MenuSelection,Menu Selection,972,410,0.00,0.00,None,N/A,
87.3815,gk,MenuSelection,Menu Selection,972,410,0.00,0.00,None,N/A,
87.3911,gk,MenuSelection,Menu Selection,972,410,0.00,0.00,None,N/A,
87.4017,gk,MenuSelection,Menu Selection,972,410,0.00,0.00,None,N/A,
87.4112,gk,MenuSelection,Menu Selection,972,410,0.00,0.00,None,N/A,
87.4208,gk,MenuSelection,Menu Selection,972,410,0.00,0.00,None,N/A,
87.4314,gk,MenuSelection,Menu Selection,972,410,0.00,0.00,None,N/A,
87.4409,gk,MenuSelection,Menu Selection,972,410,0.00,0.00,None,N/A,
87.4515,gk,MenuSelection,Menu Selection,972,410,0.00,0.00,None,N/A,
87.4610,gk,MenuSelection,Menu Selection,972,410,0.00,0.00,None,N/A,
87.4716,gk,MenuSelection,Menu Selection,972,410,0.00,0.00,None,N/A,
87.4811,gk,MenuSelection,Menu Selection,972,410,0.00,0.00,None,N/A,
87.4917,gk,MenuSelection,Menu Selection,972,410,0.00,0.00,None,N/A,
87.5011,gk,MenuSelection,Menu Selection,972,410,0.00,0.00,None,N/A,
87.5108,gk,MenuSelection,Menu Selection,972,410,0.00,0.00,None,N/A,
87.5216,gk,MenuSelection,Menu Selection,972,410,0.00,0.00,None,N/A,
87.5316,gk,MenuSelection,Menu Selection,972,410,0.00,0.00,None,N/A,
87.5412,gk,MenuSelection,Menu Selection,972,410,0.00,0.00,None,N/A,
87.5518,gk,MenuSelection,Menu Selection,972,410,0.00,0.00,None,N/A,
87.5615,gk,MenuSelection,Menu Selection,972,410,0.00,0.00,None,N/A,
87.5710,gk,MenuSelection,Menu Selection,972,410,0.00,0.00,None,N/A,
87.5817,gk,MenuSelection,Menu Selection,972,410,0.00,0.00,None,N/A,
87.5912,gk,MenuSelection,Menu Selection,972,410,0.00,0.00,None,N/A,
87.6009,gk,MenuSelection,Menu Selection,972,410,0.00,0.00,None,N/A,
87.6114,gk,MenuSelection,Menu Selection,972,410,0.00,0.00,None,N/A,
87.6212,gk,MenuSelection,Menu Selection,972,410,0.00,0.00,None,N/A,
87.6309,gk,MenuSelection,Menu Selection,972,410,0.00,0.00,None,N/A,
87.6414,gk,MenuSelection,Menu Selection,972,410,0.00,0.00,None,N/A,
87.6511,gk,MenuSelection,Menu Selection,972,410,0.00,0.00,None,N/A,
87.6616,gk,MenuSelection,Menu Selection,972,410,0.00,0.00,None,N/A,
87.6714,gk,MenuSelection,Menu Selection,972,410,0.00,0.00,None,N/A,
87.6809,gk,MenuSelection,Menu Selection,972,410,0.00,0.00,None,N/A,
87.6915,gk,MenuSelection,Menu Selection,972,410,0.00,0.00,None,N/A,
87.7011,gk,MenuSelection,Menu Selection,972,410,0.00,0.00,None,N/A,
87.7119,gk,MenuSelection,Menu Selection,972,410,0.00,0.00,None,N/A,
87.7234,gk,MenuSelection,Menu Selection,972,410,0.00,0.00,None,N/A,
87.7314,gk,MenuSelection,Menu Selection,972,410,0.00,0.00,None,N/A,
87.7410,gk,MenuSelection,Menu Selection,972,410,0.00,0.00,None,N/A,
87.7516,gk,MenuSelection,Menu Selection,972,410,0.00,0.00,None,N/A,
87.7639,gk,MenuSelection,Menu Selection,972,410,0.00,0.00,None,N/A,
87.7715,gk,MenuSelection,Menu Selection,972,410,0.00,0.00,None,N/A,
87.7811,gk,MenuSelection,Menu Selection,972,410,0.00,0.00,None,N/A,
87.7918,gk,MenuSelection,Menu Selection,972,410,0.00,0.00,None,N/A,
87.8013,gk,MenuSelection,Menu Selection,972,410,0.00,0.00,None,N/A,
87.8113,gk,MenuSelection,Menu Selection,972,410,0.00,0.00,None,N/A,
87.8211,gk,MenuSelection,Menu Selection,973,411,145.01,14869.01,None,N/A,
87.8314,gk,MenuSelection,Menu Selection,973,412,96.84,-4664.83,None,N/A,
87.8414,gk,MenuSelection,Menu Selection,974,414,224.31,12787.62,None,N/A,
87.8513,gk,MenuSelection,Menu Selection,974,415,100.61,-12445.74,None,N/A,
87.8614,gk,MenuSelection,Menu Selection,975,417,222.29,12096.00,None,N/A,
87.8707,gk,MenuSelection,Menu Selection,977,420,385.85,17504.36,None,N/A,
87.8815,gk,MenuSelection,Menu Selection,978,421,130.90,-23598.95,None,N/A,
87.8913,gk,MenuSelection,Menu Selection,981,425,509.41,38563.53,None,N/A,
87.9012,gk,MenuSelection,Menu Selection,983,427,284.81,-22616.63,None,N/A,
87.9107,gk,MenuSelection,Menu Selection,988,431,674.18,40997.02,None,N/A,
87.9209,gk,MenuSelection,Menu Selection,991,433,356.17,-31414.23,None,N/A,
87.9307,gk,MenuSelection,Menu Selection,996,437,648.30,29577.66,None,N/A,
87.9414,gk,MenuSelection,Menu Selection,999,439,338.85,-29082.55,None,N/A,
87.9512,gk,MenuSelection,Menu Selection,1004,443,652.40,31946.95,None,N/A,
87.9609,gk,MenuSelection,Menu Selection,1007,445,372.56,-28915.73,None,N/A,
87.9713,gk,MenuSelection,Menu Selection,1010,447,347.22,-2439.94,None,N/A,
87.9816,gk,MenuSelection,Menu Selection,1016,450,646.26,28809.31,None,N/A,
87.9915,gk,MenuSelection,Menu Selection,1019,452,364.07,-28494.13,None,N/A,
88.0012,gk,MenuSelection,Menu Selection,1024,455,605.70,25099.02,None,N/A,
88.0109,gk,MenuSelection,Menu Selection,1027,457,370.55,-24166.52,None,N/A,
88.0206,gk,MenuSelection,Menu Selection,1031,460,513.38,14665.32,None,N/A,
88.0312,gk,MenuSelection,Menu Selection,1033,461,212.51,-28593.62,None,N/A,
88.0414,gk,MenuSelection,Menu Selection,1035,463,276.89,6303.46,None,N/A,
88.0512,gk,MenuSelection,Menu Selection,1036,463,101.79,-17823.83,None,N/A,
88.0615,gk,MenuSelection,Menu Selection,1038,465,274.77,16803.74,None,N/A,
88.0711,gk,MenuSelection,Menu Selection,1039,465,103.83,-17748.58,None,N/A,
88.0809,gk,MenuSelection,Menu Selection,1040,466,144.19,4113.92,None,N/A,
88.0917,gk,MenuSelection,Menu Selection,1041,466,92.77,-4769.82,None,N/A,
88.1018,gk,MenuSelection,Menu Selection,1041,467,99.30,648.88,None,N/A,
88.1112,gk,MenuSelection,Menu Selection,1043,467,213.04,12115.81,None,N/A,
88.1212,gk,MenuSelection,Menu Selection,1043,467,0.00,-21175.18,None,N/A,
88.1316,gk,MenuSelection,Menu Selection,1045,468,216.17,20899.00,None,N/A,
88.1415,gk,MenuSelection,Menu Selection,1046,468,101.22,-11635.79,None,N/A,
88.1511,gk,MenuSelection,Menu Selection,1047,468,103.81,268.94,None,N/A,
88.1610,gk,MenuSelection,Menu Selection,1048,468,100.88,-296.21,None,N/A,
88.1711,gk,MenuSelection,Menu Selection,1049,468,99.51,-136.46,None,N/A,
88.1808,gk,MenuSelection,Menu Selection,1050,468,102.74,332.32,None,N/A,
88.1909,gk,MenuSelection,Menu Selection,1050,468,0.00,-10131.60,None,N/A,
88.2013,gk,MenuSelection,Menu Selection,1051,468,95.96,9207.85,None,N/A,
88.2113,gk,MenuSelection,Menu Selection,1051,468,0.00,-9647.52,None,N/A,
88.2211,gk,MenuSelection,Menu Selection,1051,468,0.00,0.00,None,N/A,
88.2308,gk,MenuSelection,Menu Selection,1052,468,103.35,10682.01,None,N/A,
88.2413,gk,MenuSelection,Menu Selection,1052,468,0.00,-9853.55,None,N/A,
88.2510,gk,MenuSelection,Menu Selection,1052,468,0.00,0.00,None,N/A,
88.2609,gk,MenuSelection,Menu Selection,1052,468,0.00,0.00,None,N/A,
88.2714,gk,MenuSelection,Menu Selection,1052,468,0.00,0.00,None,N/A,
88.2809,gk,MenuSelection,Menu Selection,1052,468,0.00,0.00,None,N/A,
88.2915,gk,MenuSelection,Menu Selection,1052,468,0.00,0.00,None,N/A,
88.3013,gk,MenuSelection,Menu Selection,1052,468,0.00,0.00,None,N/A,
88.3115,gk,MenuSelection,Menu Selection,1052,468,0.00,0.00,None,N/A,
88.3209,gk,MenuSelection,Menu Selection,1052,469,106.32,11304.98,None,N/A,
88.3315,gk,MenuSelection,Menu Selection,1052,469,0.00,-10024.48,None,N/A,
88.3411,gk,MenuSelection,Menu Selection,1052,469,0.00,0.00,None,N/A,
88.3509,gk,MenuSelection,Menu Selection,1052,469,0.00,0.00,None,N/A,
88.3616,gk,MenuSelection,Menu Selection,1052,469,0.00,0.00,None,N/A,
88.3714,gk,MenuSelection,Menu Selection,1052,469,0.00,0.00,None,N/A,
88.3810,gk,MenuSelection,Menu Selection,1052,469,0.00,0.00,None,N/A,
88.3918,gk,MenuSelection,Menu Selection,1052,469,0.00,0.00,None,N/A,
88.4015,gk,MenuSelection,Menu Selection,1052,469,0.00,0.00,None,N/A,
88.4113,gk,MenuSelection,Menu Selection,1052,469,0.00,0.00,None,N/A,
88.4208,gk,MenuSelection,Menu Selection,1052,469,0.00,0.00,None,N/A,
88.4314,gk,MenuSelection,Menu Selection,1052,469,0.00,0.00,None,N/A,
88.4410,gk,MenuSelection,Menu Selection,1052,469,0.00,0.00,None,N/A,
88.4515,gk,MenuSelection,Menu Selection,1052,469,0.00,0.00,None,N/A,
88.4611,gk,MenuSelection,Menu Selection,1052,469,0.00,0.00,None,N/A,
88.4716,gk,MenuSelection,Menu Selection,1052,469,0.00,0.00,None,N/A,
88.4813,gk,MenuSelection,Menu Selection,1052,469,0.00,0.00,None,N/A,
88.4909,gk,MenuSelection,Menu Selection,1052,469,0.00,0.00,None,N/A,
88.5006,gk,MenuSelection,Menu Selection,1052,469,0.00,0.00,None,N/A,
88.5115,gk,MenuSelection,Menu Selection,1052,469,0.00,0.00,Left,N/A,
88.5212,gk,MenuSelection,Menu Selection,1052,469,0.00,0.00,Left,N/A,
88.5310,gk,MenuSelection,Menu Selection,1052,469,0.00,0.00,Left,N/A,
88.5416,gk,MenuSelection,Menu Selection,1052,469,0.00,0.00,Left,N/A,
88.5512,gk,MenuSelection,Menu Selection,1052,469,0.00,0.00,Left,N/A,
88.5609,gk,MenuSelection,Menu Selection,1052,469,0.00,0.00,Left,N/A,
88.5716,gk,MenuSelection,Menu Selection,1052,469,0.00,0.00,Left,N/A,
88.5812,gk,MenuSelection,Menu Selection,1052,469,0.00,0.00,Left,N/A,
88.5917,gk,MenuSelection,Menu Selection,1052,469,0.00,0.00,Left,N/A,
88.6014,gk,MenuSelection,Menu Selection,1052,469,0.00,0.00,Left,N/A,
88.6111,gk,MenuSelection,Menu Selection,1052,469,0.00,0.00,Left,N/A,
88.6217,gk,MenuSelection,Menu Selection,1052,469,0.00,0.00,Left,N/A,
88.6313,gk,MenuSelection,Menu Selection,1052,469,0.00,0.00,Left,N/A,
88.6409,gk,MenuSelection,Menu Selection,1052,469,0.00,0.00,Left,N/A,
88.6515,gk,MenuSelection,Menu Selection,1052,469,0.00,0.00,Left,N/A,
88.6613,gk,MenuSelection,Menu Selection,1052,469,0.00,0.00,Left,N/A,
88.6709,gk,MenuSelection,Menu Selection,1052,469,0.00,0.00,Left,N/A,
88.6820,gk,MenuSelection,Menu Selection,1052,469,0.00,0.00,None,N/A,menu_item_selected_correct
88.6867,gk,MenuSelection,Menu Selection,1052,469,0.00,0.00,None,N/A,
88.6909,gk,MenuSelection,Menu Selection,1052,469,0.00,0.00,None,N/A,
88.7009,gk,MenuSelection,Menu Selection,1052,469,0.00,0.00,None,N/A,
88.7117,gk,MenuSelection,Menu Selection,1052,469,0.00,0.00,None,N/A,
88.7214,gk,MenuSelection,Menu Selection,1052,469,0.00,0.00,None,N/A,
88.7310,gk,MenuSelection,Menu Selection,1052,469,0.00,0.00,None,N/A,
88.7417,gk,MenuSelection,Menu Selection,1052,469,0.00,0.00,None,N/A,
88.7514,gk,MenuSelection,Menu Selection,1052,469,0.00,0.00,None,N/A,
88.7611,gk,MenuSelection,Menu Selection,1052,469,0.00,0.00,None,N/A,
88.7709,gk,MenuSelection,Menu Selection,1052,469,0.00,0.00,None,N/A,
88.7815,gk,MenuSelection,Menu Selection,1052,469,0.00,0.00,None,N/A,
88.7912,gk,MenuSelection,Menu Selection,1052,469,0.00,0.00,None,N/A,
88.8009,gk,MenuSelection,Menu Selection,1052,469,0.00,0.00,None,N/A,
88.8115,gk,MenuSelection,Menu Selection,1052,469,0.00,0.00,None,N/A,
88.8214,gk,MenuSelection,Menu Selection,1052,469,0.00,0.00,None,N/A,
88.8314,gk,MenuSelection,Menu Selection,1052,469,0.00,0.00,None,N/A,
88.8411,gk,MenuSelection,Menu Selection,1052,469,0.00,0.00,None,N/A,
88.8517,gk,MenuSelection,Menu Selection,1052,469,0.00,0.00,None,N/A,
88.8614,gk,MenuSelection,Menu Selection,1052,469,0.00,0.00,None,N/A,
88.8712,gk,MenuSelection,Menu Selection,1052,469,0.00,0.00,None,N/A,
88.8810,gk,MenuSelection,Menu Selection,1052,469,0.00,0.00,None,N/A,
88.8916,gk,MenuSelection,Menu Selection,1052,469,0.00,0.00,None,N/A,
88.9013,gk,MenuSelection,Menu Selection,1052,469,0.00,0.00,None,N/A,
88.9108,gk,MenuSelection,Menu Selection,1052,469,0.00,0.00,None,N/A,
88.9213,gk,MenuSelection,Menu Selection,1052,469,0.00,0.00,None,N/A,
88.9309,gk,MenuSelection,Menu Selection,1052,469,0.00,0.00,None,N/A,
88.9416,gk,MenuSelection,Menu Selection,1052,469,0.00,0.00,None,N/A,
88.9512,gk,MenuSelection,Menu Selection,1052,469,0.00,0.00,None,N/A,
88.9609,gk,MenuSelection,Menu Selection,1052,469,0.00,0.00,None,N/A,
88.9714,gk,MenuSelection,Menu Selection,1052,469,0.00,0.00,None,N/A,
88.9811,gk,MenuSelection,Menu Selection,1052,469,0.00,0.00,None,N/A,
88.9911,gk,MenuSelection,Menu Selection,1052,469,0.00,0.00,None,N/A,
89.0016,gk,MenuSelection,Menu Selection,1052,469,0.00,0.00,None,N/A,
89.0112,gk,MenuSelection,Menu Selection,1052,469,0.00,0.00,None,N/A,
89.0208,gk,MenuSelection,Menu Selection,1052,469,0.00,0.00,None,N/A,
89.0314,gk,MenuSelection,Menu Selection,1052,469,0.00,0.00,None,N/A,
89.0410,gk,MenuSelection,Menu Selection,1052,469,0.00,0.00,None,N/A,
89.0516,gk,MenuSelection,Menu Selection,1052,469,0.00,0.00,None,N/A,
89.0612,gk,MenuSelection,Menu Selection,1052,469,0.00,0.00,None,N/A,
89.0714,gk,MenuSelection,Menu Selection,1049,466,412.56,40117.77,None,N/A,
89.0816,gk,MenuSelection,Menu Selection,1047,462,440.73,2776.29,None,N/A,
89.0908,gk,MenuSelection,Menu Selection,1039,450,1560.94,121242.20,None,N/A,
89.1011,gk,MenuSelection,Menu Selection,1035,444,703.04,-83640.24,None,N/A,
89.1109,gk,MenuSelection,Menu Selection,1032,440,510.40,-19664.55,None,N/A,
89.1217,gk,MenuSelection,Menu Selection,1026,432,926.77,38588.08,None,N/A,
89.1314,gk,MenuSelection,Menu Selection,1023,428,512.29,-42467.31,None,N/A,
89.1412,gk,MenuSelection,Menu Selection,1019,422,739.19,23259.52,None,N/A,
89.1510,gk,MenuSelection,Menu Selection,1016,419,431.79,-31285.59,None,N/A,
89.1608,gk,MenuSelection,Menu Selection,1012,413,738.36,31390.77,None,N/A,
89.1716,gk,MenuSelection,Menu Selection,1010,411,261.59,-44095.12,None,N/A,
89.1815,gk,MenuSelection,Menu Selection,1007,406,591.00,33387.26,None,N/A,
89.1912,gk,MenuSelection,Menu Selection,1005,405,230.01,-37132.92,None,N/A,
89.2007,gk,MenuSelection,Menu Selection,1003,402,379.66,15758.31,None,N/A,
89.2108,gk,MenuSelection,Menu Selection,1003,401,98.79,-27748.30,None,N/A,
89.2214,gk,MenuSelection,Menu Selection,1001,399,267.87,16012.06,None,N/A,
89.2314,gk,MenuSelection,Menu Selection,1001,398,99.87,-16777.94,None,N/A,
89.2413,gk,MenuSelection,Menu Selection,1000,397,141.85,4210.26,None,N/A,
89.2509,gk,MenuSelection,Menu Selection,999,395,233.92,9632.60,None,N/A,
89.2609,gk,MenuSelection,Menu Selection,998,394,141.56,-9245.66,None,N/A,
89.2711,gk,MenuSelection,Menu Selection,998,393,98.14,-4260.90,None,N/A,
89.2815,gk,MenuSelection,Menu Selection,997,392,135.29,3553.91,None,N/A,
89.2910,gk,MenuSelection,Menu Selection,997,391,105.39,-3151.14,None,N/A,
89.3011,gk,MenuSelection,Menu Selection,996,390,139.99,3424.96,None,N/A,
89.3115,gk,MenuSelection,Menu Selection,996,390,0.00,-13507.54,None,N/A,
89.3211,gk,MenuSelection,Menu Selection,995,389,146.42,15159.64,None,N/A,
89.3309,gk,MenuSelection,Menu Selection,995,389,0.00,-14985.41,None,N/A,
89.3412,gk,MenuSelection,Menu Selection,994,388,137.67,13402.40,None,N/A,
89.3508,gk,MenuSelection,Menu Selection,994,388,0.00,-14299.50,None,N/A,
89.3607,gk,MenuSelection,Menu Selection,994,387,100.88,10176.85,None,N/A,
89.3710,gk,MenuSelection,Menu Selection,993,387,97.34,-344.79,None,N/A,
89.3813,gk,MenuSelection,Menu Selection,993,385,194.45,9441.15,None,N/A,
89.3912,gk,MenuSelection,Menu Selection,992,384,142.81,-5214.51,None,N/A,
89.4009,gk,MenuSelection,Menu Selection,992,381,309.28,17162.87,None,N/A,
89.4109,gk,MenuSelection,Menu Selection,991,380,141.63,-16790.22,None,N/A,
89.4215,gk,MenuSelection,Menu Selection,991,377,282.50,13264.22,None,N/A,
89.4315,gk,MenuSelection,Menu Selection,991,376,99.66,-18221.21,None,N/A,
89.4409,gk,MenuSelection,Menu Selection,991,373,318.75,23278.24,None,N/A,
89.4510,gk,MenuSelection,Menu Selection,991,372,99.24,-21783.80,None,N/A,
89.4608,gk,MenuSelection,Menu Selection,991,371,102.49,333.55,None,N/A,
89.4716,gk,MenuSelection,Menu Selection,991,369,185.28,7669.59,None,N/A,
89.4809,gk,MenuSelection,Menu Selection,991,368,106.89,-8379.36,None,N/A,
89.4912,gk,MenuSelection,Menu Selection,990,366,217.17,10711.11,None,N/A,
89.5008,gk,MenuSelection,Menu Selection,990,366,0.00,-22658.74,None,N/A,
89.5114,gk,MenuSelection,Menu Selection,990,364,189.54,17963.29,None,N/A,
89.5215,gk,MenuSelection,Menu Selection,990,363,98.92,-8964.47,None,N/A,
89.5312,gk,MenuSelection,Menu Selection,990,362,102.58,375.43,None,N/A,
89.5412,gk,MenuSelection,Menu Selection,990,361,100.40,-218.65,None,N/A,
89.5509,gk,MenuSelection,Menu Selection,990,361,0.00,-10329.88,None,N/A,
89.5608,gk,MenuSelection,Menu Selection,990,360,101.29,10259.60,None,N/A,
89.5714,gk,MenuSelection,Menu Selection,990,359,94.22,-666.28,None,N/A,
89.5809,gk,MenuSelection,Menu Selection,990,359,0.00,-9856.31,None,N/A,
89.5911,gk,MenuSelection,Menu Selection,990,359,0.00,0.00,None,N/A,
89.6016,gk,MenuSelection,Menu Selection,990,359,0.00,0.00,None,N/A,
89.6117,gk,MenuSelection,Menu Selection,990,359,0.00,0.00,None,N/A,
89.6213,gk,MenuSelection,Menu Selection,990,359,0.00,0.00,None,N/A,
89.6310,gk,MenuSelection,Menu Selection,990,359,0.00,0.00,None,N/A,
89.6408,gk,MenuSelection,Menu Selection,990,359,0.00,0.00,None,N/A,
89.6516,gk,MenuSelection,Menu Selection,990,359,0.00,0.00,None,N/A,
89.6614,gk,MenuSelection,Menu Selection,990,359,0.00,0.00,None,N/A,
89.6711,gk,MenuSelection,Menu Selection,990,359,0.00,0.00,None,N/A,
89.6807,gk,MenuSelection,Menu Selection,990,359,0.00,0.00,None,N/A,
89.6914,gk,MenuSelection,Menu Selection,990,359,0.00,0.00,None,N/A,
89.7010,gk,MenuSelection,Menu Selection,990,359,0.00,0.00,None,N/A,
89.7108,gk,MenuSelection,Menu Selection,990,359,0.00,0.00,None,N/A,
89.7215,gk,MenuSelection,Menu Selection,990,359,0.00,0.00,None,N/A,
89.7312,gk,MenuSelection,Menu Selection,990,359,0.00,0.00,None,N/A,
89.7408,gk,MenuSelection,Menu Selection,990,359,0.00,0.00,None,N/A,
89.7513,gk,MenuSelection,Menu Selection,990,359,0.00,0.00,None,N/A,
89.7609,gk,MenuSelection,Menu Selection,990,359,0.00,0.00,None,N/A,
89.7740,gk,MenuSelection,Menu Selection,990,359,0.00,0.00,None,N/A,
89.7819,gk,MenuSelection,Menu Selection,990,359,0.00,0.00,None,N/A,
89.7918,gk,MenuSelection,Menu Selection,990,359,0.00,0.00,None,N/A,
89.8016,gk,MenuSelection,Menu Selection,990,359,0.00,0.00,Left,N/A,
89.8111,gk,MenuSelection,Menu Selection,990,359,0.00,0.00,Left,N/A,
89.8209,gk,MenuSelection,Menu Selection,990,359,0.00,0.00,Left,N/A,
89.8316,gk,MenuSelection,Menu Selection,990,359,0.00,0.00,Left,N/A,
89.8415,gk,MenuSelection,Menu Selection,990,359,0.00,0.00,Left,N/A,
89.8524,gk,MenuSelection,Menu Selection,990,359,0.00,0.00,Left,N/A,
89.8619,gk,MenuSelection,Menu Selection,990,359,0.00,0.00,Left,N/A,
89.8714,gk,MenuSelection,Menu Selection,990,359,0.00,0.00,Left,N/A,
89.8810,gk,MenuSelection,Menu Selection,990,359,0.00,0.00,Left,N/A,
89.8919,gk,MenuSelection,Menu Selection,990,359,0.00,0.00,Left,N/A,
89.9019,gk,MenuSelection,Menu Selection,990,359,0.00,0.00,Left,N/A,
89.9115,gk,MenuSelection,Menu Selection,990,359,0.00,0.00,Left,N/A,
89.9215,gk,MenuSelection,Menu Selection,990,359,0.00,0.00,Left,N/A,
89.9313,gk,MenuSelection,Menu Selection,990,359,0.00,0.00,Left,N/A,
89.9411,gk,MenuSelection,Menu Selection,990,359,0.00,0.00,Left,N/A,
89.9511,gk,MenuSelection,Menu Selection,990,359,0.00,0.00,Left,N/A,
89.9617,gk,MenuSelection,Menu Selection,990,359,0.00,0.00,Left,N/A,
89.9714,gk,MenuSelection,Menu Selection,990,359,0.00,0.00,Left,N/A,
89.9810,gk,MenuSelection,Menu Selection,990,359,0.00,0.00,None,N/A,
89.9916,gk,MenuSelection,Menu Selection,990,359,0.00,0.00,None,N/A,
90.0013,gk,MenuSelection,Menu Selection,990,359,0.00,0.00,None,N/A,
90.0109,gk,MenuSelection,Menu Selection,990,359,0.00,0.00,None,N/A,
90.0215,gk,MenuSelection,Menu Selection,990,359,0.00,0.00,None,N/A,
90.0311,gk,MenuSelection,Menu Selection,990,359,0.00,0.00,None,N/A,
90.0417,gk,MenuSelection,Menu Selection,990,359,0.00,0.00,None,N/A,
90.0513,gk,MenuSelection,Menu Selection,990,359,0.00,0.00,None,N/A,
90.0609,gk,MenuSelection,Menu Selection,990,359,0.00,0.00,None,N/A,
90.0715,gk,MenuSelection,Menu Selection,990,359,0.00,0.00,None,N/A,
90.0811,gk,MenuSelection,Menu Selection,990,359,0.00,0.00,None,N/A,
90.0916,gk,MenuSelection,Menu Selection,990,359,0.00,0.00,None,N/A,
90.1013,gk,MenuSelection,Menu Selection,990,359,0.00,0.00,None,N/A,
90.1110,gk,MenuSelection,Menu Selection,990,359,0.00,0.00,None,N/A,
90.1216,gk,MenuSelection,Menu Selection,990,359,0.00,0.00,None,N/A,
90.1312,gk,MenuSelection,Menu Selection,990,359,0.00,0.00,None,N/A,
90.1409,gk,MenuSelection,Menu Selection,990,359,0.00,0.00,None,N/A,
90.1516,gk,MenuSelection,Menu Selection,990,359,0.00,0.00,None,N/A,
90.1612,gk,MenuSelection,Menu Selection,990,359,0.00,0.00,None,N/A,
90.1708,gk,MenuSelection,Menu Selection,990,359,0.00,0.00,None,N/A,
90.1815,gk,MenuSelection,Menu Selection,990,359,0.00,0.00,None,N/A,
90.1911,gk,MenuSelection,Menu Selection,990,359,0.00,0.00,None,N/A,
90.2008,gk,MenuSelection,Menu Selection,990,359,0.00,0.00,None,N/A,
90.2114,gk,MenuSelection,Menu Selection,990,359,0.00,0.00,None,N/A,
90.2210,gk,MenuSelection,Menu Selection,990,359,0.00,0.00,None,N/A,
90.2315,gk,MenuSelection,Menu Selection,990,359,0.00,0.00,None,N/A,
90.2411,gk,MenuSelection,Menu Selection,990,359,0.00,0.00,None,N/A,
90.2517,gk,MenuSelection,Menu Selection,990,359,0.00,0.00,None,N/A,
90.2612,gk,MenuSelection,Menu Selection,990,359,0.00,0.00,None,N/A,
90.2710,gk,MenuSelection,Menu Selection,990,359,0.00,0.00,None,N/A,
90.2815,gk,MenuSelection,Menu Selection,990,359,0.00,0.00,None,N/A,
90.2913,gk,MenuSelection,Menu Selection,990,359,0.00,0.00,None,N/A,
90.3011,gk,MenuSelection,Menu Selection,990,360,102.12,10428.65,None,N/A,
90.3109,gk,MenuSelection,Menu Selection,990,361,101.05,-108.39,None,N/A,
90.3217,gk,MenuSelection,Menu Selection,990,363,186.06,7908.94,None,N/A,
90.3316,gk,MenuSelection,Menu Selection,990,364,101.37,-8585.31,None,N/A,
90.3415,gk,MenuSelection,Menu Selection,990,365,100.13,-123.34,None,N/A,
90.3513,gk,MenuSelection,Menu Selection,990,366,102.04,194.90,None,N/A,
90.3607,gk,MenuSelection,Menu Selection,990,367,106.54,478.54,None,N/A,
90.3708,gk,MenuSelection,Menu Selection,990,368,99.22,-725.68,None,N/A,
90.3810,gk,MenuSelection,Menu Selection,990,368,0.00,-9711.26,None,N/A,
90.3911,gk,MenuSelection,Menu Selection,990,368,0.00,0.00,None,N/A,
90.4016,gk,MenuSelection,Menu Selection,990,368,0.00,0.00,None,N/A,
90.4112,gk,MenuSelection,Menu Selection,990,368,0.00,0.00,None,N/A,
90.4208,gk,MenuSelection,Menu Selection,990,368,0.00,0.00,None,N/A,
90.4314,gk,MenuSelection,Menu Selection,990,368,0.00,0.00,None,N/A,
90.4413,gk,MenuSelection,Menu Selection,990,368,0.00,0.00,None,N/A,
90.4511,gk,MenuSelection,Menu Selection,990,368,0.00,0.00,None,N/A,
90.4618,gk,MenuSelection,Menu Selection,990,368,0.00,0.00,None,N/A,
90.4714,gk,MenuSelection,Menu Selection,990,368,0.00,0.00,None,N/A,
90.4811,gk,MenuSelection,Menu Selection,990,368,0.00,0.00,None,N/A,
90.4908,gk,MenuSelection,Menu Selection,990,368,0.00,0.00,None,N/A,
90.5015,gk,MenuSelection,Menu Selection,990,368,0.00,0.00,None,N/A,
90.5112,gk,MenuSelection,Menu Selection,990,368,0.00,0.00,None,N/A,
90.5209,gk,MenuSelection,Menu Selection,990,368,0.00,0.00,None,N/A,
90.5315,gk,MenuSelection,Menu Selection,990,368,0.00,0.00,None,N/A,
90.5411,gk,MenuSelection,Menu Selection,990,368,0.00,0.00,None,N/A,
90.5517,gk,MenuSelection,Menu Selection,990,368,0.00,0.00,None,N/A,
90.5613,gk,MenuSelection,Menu Selection,990,368,0.00,0.00,None,N/A,
90.5712,gk,MenuSelection,Menu Selection,990,368,0.00,0.00,None,N/A,
90.5817,gk,MenuSelection,Menu Selection,990,368,0.00,0.00,None,N/A,
90.5913,gk,MenuSelection,Menu Selection,990,368,0.00,0.00,None,N/A,
90.6009,gk,MenuSelection,Menu Selection,990,368,0.00,0.00,None,N/A,
90.6109,gk,MenuSelection,Menu Selection,990,368,0.00,0.00,Left,N/A,
90.6216,gk,MenuSelection,Menu Selection,990,368,0.00,0.00,Left,N/A,
90.6313,gk,MenuSelection,Menu Selection,990,368,0.00,0.00,Left,N/A,
90.6409,gk,MenuSelection,Menu Selection,990,368,0.00,0.00,Left,N/A,
90.6515,gk,MenuSelection,Menu Selection,990,368,0.00,0.00,Left,N/A,
90.6611,gk,MenuSelection,Menu Selection,990,368,0.00,0.00,Left,N/A,
90.6708,gk,MenuSelection,Menu Selection,990,368,0.00,0.00,Left,N/A,
90.6813,gk,MenuSelection,Menu Selection,990,368,0.00,0.00,Left,N/A,
90.6910,gk,MenuSelection,Menu Selection,990,368,0.00,0.00,Left,N/A,
90.7017,gk,MenuSelection,Menu Selection,990,368,0.00,0.00,Left,N/A,
90.7112,gk,MenuSelection,Menu Selection,990,368,0.00,0.00,Left,N/A,
90.7208,gk,MenuSelection,Menu Selection,990,368,0.00,0.00,Left,N/A,
90.7314,gk,MenuSelection,Menu Selection,990,368,0.00,0.00,Left,N/A,
90.7411,gk,MenuSelection,Menu Selection,990,368,0.00,0.00,Left,N/A,
90.7508,gk,MenuSelection,Menu Selection,990,368,0.00,0.00,Left,N/A,
90.7614,gk,MenuSelection,Menu Selection,990,368,0.00,0.00,Left,N/A,
90.7710,gk,MenuSelection,Menu Selection,990,368,0.00,0.00,Left,N/A,
90.7807,gk,MenuSelection,Menu Selection,990,368,0.00,0.00,Left,N/A,
90.7921,gk,MenuSelection,Menu Selection,990,368,0.00,0.00,None,N/A,
90.8010,gk,MenuSelection,Menu Selection,990,368,0.00,0.00,None,N/A,
90.8111,gk,MenuSelection,Menu Selection,990,368,0.00,0.00,None,N/A,
90.8217,gk,MenuSelection,Menu Selection,990,368,0.00,0.00,None,N/A,
90.8314,gk,MenuSelection,Menu Selection,990,368,0.00,0.00,None,N/A,
90.8411,gk,MenuSelection,Menu Selection,990,368,0.00,0.00,None,N/A,
90.8517,gk,MenuSelection,Menu Selection,990,368,0.00,0.00,None,N/A,
90.8614,gk,MenuSelection,Menu Selection,990,368,0.00,0.00,None,N/A,
90.8709,gk,MenuSelection,Menu Selection,990,368,0.00,0.00,None,N/A,
90.8816,gk,MenuSelection,Menu Selection,990,368,0.00,0.00,None,N/A,
90.8912,gk,MenuSelection,Menu Selection,990,368,0.00,0.00,None,N/A,
90.9008,gk,MenuSelection,Menu Selection,990,368,0.00,0.00,None,N/A,
90.9115,gk,MenuSelection,Menu Selection,990,368,0.00,0.00,None,N/A,
90.9211,gk,MenuSelection,Menu Selection,990,368,0.00,0.00,None,N/A,
90.9317,gk,MenuSelection,Menu Selection,990,368,0.00,0.00,None,N/A,
90.9413,gk,MenuSelection,Menu Selection,990,368,0.00,0.00,None,N/A,
90.9509,gk,MenuSelection,Menu Selection,990,368,0.00,0.00,None,N/A,
90.9614,gk,MenuSelection,Menu Selection,990,368,0.00,0.00,None,N/A,
90.9710,gk,MenuSelection,Menu Selection,990,368,0.00,0.00,None,N/A,
90.9816,gk,MenuSelection,Menu Selection,990,368,0.00,0.00,None,N/A,
90.9912,gk,MenuSelection,Menu Selection,990,368,0.00,0.00,None,N/A,
91.0008,gk,MenuSelection,Menu Selection,990,368,0.00,0.00,None,N/A,
91.0114,gk,MenuSelection,Menu Selection,990,368,0.00,0.00,None,N/A,
91.0209,gk,MenuSelection,Menu Selection,990,368,0.00,0.00,None,N/A,
91.0315,gk,MenuSelection,Menu Selection,990,368,0.00,0.00,None,N/A,
91.0414,gk,MenuSelection,Menu Selection,989,370,225.53,22747.38,None,N/A,
91.0514,gk,MenuSelection,Menu Selection,989,372,201.37,-2432.89,None,N/A,
91.0609,gk,MenuSelection,Menu Selection,987,374,297.62,10127.51,None,N/A,
91.0709,gk,MenuSelection,Menu Selection,987,376,199.41,-9791.87,None,N/A,
91.0809,gk,MenuSelection,Menu Selection,986,377,141.16,-5813.69,None,N/A,
91.0914,gk,MenuSelection,Menu Selection,985,381,392.47,23922.00,None,N/A,
91.1012,gk,MenuSelection,Menu Selection,984,382,144.31,-25323.10,None,N/A,
91.1112,gk,MenuSelection,Menu Selection,983,385,318.02,17469.24,None,N/A,
91.1209,gk,MenuSelection,Menu Selection,982,386,146.05,-17759.57,None,N/A,
91.1310,gk,MenuSelection,Menu Selection,981,389,311.82,16345.94,None,N/A,
91.1412,gk,MenuSelection,Menu Selection,981,390,98.45,-21006.33,None,N/A,
91.1506,gk,MenuSelection,Menu Selection,979,392,299.12,21221.22,None,N/A,
91.1615,gk,MenuSelection,Menu Selection,979,393,91.49,-18995.66,None,N/A,
91.1712,gk,MenuSelection,Menu Selection,977,395,292.30,20752.54,None,N/A,
91.1814,gk,MenuSelection,Menu Selection,977,396,98.40,-19080.20,None,N/A,
91.1911,gk,MenuSelection,Menu Selection,975,398,291.93,19973.58,None,N/A,
91.2011,gk,MenuSelection,Menu Selection,974,399,141.40,-15050.30,None,N/A,
91.2117,gk,MenuSelection,Menu Selection,972,401,265.56,11657.29,None,N/A,
91.2213,gk,MenuSelection,Menu Selection,971,402,147.64,-12310.39,None,N/A,
91.2312,gk,MenuSelection,Menu Selection,970,403,143.56,-413.87,None,N/A,
91.2409,gk,MenuSelection,Menu Selection,969,405,229.88,8874.46,None,N/A,
91.2509,gk,MenuSelection,Menu Selection,968,405,100.02,-12988.76,None,N/A,
91.2616,gk,MenuSelection,Menu Selection,968,407,186.42,8053.32,None,N/A,
91.2714,gk,MenuSelection,Menu Selection,967,407,101.80,-8614.10,None,N/A,
91.2812,gk,MenuSelection,Menu Selection,967,408,102.73,95.54,None,N/A,
91.2910,gk,MenuSelection,Menu Selection,966,408,101.21,-153.79,None,N/A,
91.3011,gk,MenuSelection,Menu Selection,966,409,99.38,-181.37,None,N/A,
91.3108,gk,MenuSelection,Menu Selection,966,409,0.00,-10270.45,None,N/A,
91.3213,gk,MenuSelection,Menu Selection,966,409,0.00,0.00,None,N/A,
91.3317,gk,MenuSelection,Menu Selection,966,409,0.00,0.00,None,N/A,
91.3471,gk,MenuSelection,Menu Selection,965,410,91.44,5912.54,None,N/A,
91.3519,gk,MenuSelection,Menu Selection,965,410,0.00,-19130.81,None,N/A,
91.3613,gk,MenuSelection,Menu Selection,965,410,0.00,0.00,None,N/A,
91.3716,gk,MenuSelection,Menu Selection,965,411,97.46,9497.64,None,N/A,
91.3815,gk,MenuSelection,Menu Selection,965,411,0.00,-9792.29,None,N/A,
91.3913,gk,MenuSelection,Menu Selection,965,411,0.00,0.00,None,N/A,
91.4012,gk,MenuSelection,Menu Selection,965,411,0.00,0.00,None,N/A,
91.4109,gk,MenuSelection,Menu Selection,965,411,0.00,0.00,None,N/A,
91.4215,gk,MenuSelection,Menu Selection,965,411,0.00,0.00,None,N/A,
91.4312,gk,MenuSelection,Menu Selection,965,411,0.00,0.00,None,N/A,
91.4408,gk,MenuSelection,Menu Selection,965,411,0.00,0.00,None,N/A,
91.4515,gk,MenuSelection,Menu Selection,965,411,0.00,0.00,None,N/A,
91.4611,gk,MenuSelection,Menu Selection,965,411,0.00,0.00,None,N/A,
91.4707,gk,MenuSelection,Menu Selection,965,411,0.00,0.00,None,N/A,
91.4815,gk,MenuSelection,Menu Selection,965,411,0.00,0.00,None,N/A,
91.4911,gk,MenuSelection,Menu Selection,965,411,0.00,0.00,None,N/A,
91.5010,gk,MenuSelection,Menu Selection,965,411,0.00,0.00,None,N/A,
91.5111,gk,MenuSelection,Menu Selection,965,411,0.00,0.00,None,N/A,
91.5207,gk,MenuSelection,Menu Selection,966,410,147.68,15421.95,None,N/A,
91.5316,gk,MenuSelection,Menu Selection,967,409,129.23,-1686.15,None,N/A,
91.5413,gk,MenuSelection,Menu Selection,968,407,230.26,10403.74,None,N/A,
91.5509,gk,MenuSelection,Menu Selection,969,406,147.85,-8615.63,None,N/A,
91.5615,gk,MenuSelection,Menu Selection,969,405,94.19,-5054.50,None,N/A,
91.5712,gk,MenuSelection,Menu Selection,971,403,290.47,20157.29,None,N/A,
91.5815,gk,MenuSelection,Menu Selection,971,403,0.00,-28224.49,None,N/A,
91.5909,gk,MenuSelection,Menu Selection,972,401,238.96,25536.99,None,N/A,
91.6011,gk,MenuSelection,Menu Selection,972,401,0.00,-23379.42,None,N/A,
91.6115,gk,MenuSelection,Menu Selection,973,400,135.94,13067.27,None,N/A,
91.6217,gk,MenuSelection,Menu Selection,973,400,0.00,-13352.78,None,N/A,
91.6310,gk,MenuSelection,Menu Selection,973,399,106.96,11440.30,None,N/A,
91.6415,gk,MenuSelection,Menu Selection,973,399,0.00,-10206.35,None,N/A,
91.6512,gk,MenuSelection,Menu Selection,973,399,0.00,0.00,None,N/A,
91.6617,gk,MenuSelection,Menu Selection,973,399,0.00,0.00,None,N/A,
91.6712,gk,MenuSelection,Menu Selection,973,399,0.00,0.00,None,N/A,
91.6817,gk,MenuSelection,Menu Selection,973,399,0.00,0.00,None,N/A,
91.6913,gk,MenuSelection,Menu Selection,973,399,0.00,0.00,None,N/A,
91.7009,gk,MenuSelection,Menu Selection,973,399,0.00,0.00,None,N/A,
91.7116,gk,MenuSelection,Menu Selection,973,399,0.00,0.00,None,N/A,
91.7213,gk,MenuSelection,Menu Selection,973,399,0.00,0.00,None,N/A,
91.7309,gk,MenuSelection,Menu Selection,973,399,0.00,0.00,None,N/A,
91.7415,gk,MenuSelection,Menu Selection,973,399,0.00,0.00,None,N/A,
91.7512,gk,MenuSelection,Menu Selection,973,399,0.00,0.00,None,N/A,
91.7608,gk,MenuSelection,Menu Selection,973,399,0.00,0.00,None,N/A,
91.7713,gk,MenuSelection,Menu Selection,973,399,0.00,0.00,None,N/A,
91.7809,gk,MenuSelection,Menu Selection,973,399,0.00,0.00,None,N/A,
91.7916,gk,MenuSelection,Menu Selection,973,399,0.00,0.00,None,N/A,
91.8012,gk,MenuSelection,Menu Selection,973,399,0.00,0.00,None,N/A,
91.8108,gk,MenuSelection,Menu Selection,973,399,0.00,0.00,None,N/A,
91.8214,gk,MenuSelection,Menu Selection,973,399,0.00,0.00,None,N/A,
91.8315,gk,MenuSelection,Menu Selection,973,399,0.00,0.00,None,N/A,
91.8410,gk,MenuSelection,Menu Selection,973,399,0.00,0.00,None,N/A,
91.8516,gk,MenuSelection,Menu Selection,973,399,0.00,0.00,None,N/A,
91.8612,gk,MenuSelection,Menu Selection,973,399,0.00,0.00,None,N/A,
91.8709,gk,MenuSelection,Menu Selection,973,399,0.00,0.00,None,N/A,
91.8815,gk,MenuSelection,Menu Selection,973,399,0.00,0.00,None,N/A,
91.8912,gk,MenuSelection,Menu Selection,973,399,0.00,0.00,None,N/A,
91.9008,gk,MenuSelection,Menu Selection,973,399,0.00,0.00,None,N/A,
91.9115,gk,MenuSelection,Menu Selection,973,399,0.00,0.00,None,N/A,
91.9211,gk,MenuSelection,Menu Selection,973,399,0.00,0.00,None,N/A,
91.9318,gk,MenuSelection,Menu Selection,973,399,0.00,0.00,None,N/A,
91.9415,gk,MenuSelection,Menu Selection,973,399,0.00,0.00,None,N/A,
91.9511,gk,MenuSelection,Menu Selection,973,399,0.00,0.00,None,N/A,
91.9607,gk,MenuSelection,Menu Selection,973,399,0.00,0.00,None,N/A,
91.9712,gk,MenuSelection,Menu Selection,973,399,0.00,0.00,None,N/A,
91.9808,gk,MenuSelection,Menu Selection,973,399,0.00,0.00,None,N/A,
91.9913,gk,MenuSelection,Menu Selection,973,399,0.00,0.00,None,N/A,
92.0009,gk,MenuSelection,Menu Selection,973,399,0.00,0.00,None,N/A,
92.0114,gk,MenuSelection,Menu Selection,973,399,0.00,0.00,None,N/A,
92.0211,gk,MenuSelection,Menu Selection,973,399,0.00,0.00,None,N/A,
92.0307,gk,MenuSelection,Menu Selection,973,399,0.00,0.00,None,N/A,
92.0413,gk,MenuSelection,Menu Selection,973,399,0.00,0.00,None,N/A,
92.0509,gk,MenuSelection,Menu Selection,973,399,0.00,0.00,None,N/A,
92.0614,gk,MenuSelection,Menu Selection,973,399,0.00,0.00,None,N/A,
92.0710,gk,MenuSelection,Menu Selection,973,399,0.00,0.00,None,N/A,
92.0816,gk,MenuSelection,Menu Selection,973,399,0.00,0.00,None,N/A,
92.0914,gk,MenuSelection,Menu Selection,973,399,0.00,0.00,None,N/A,
92.1010,gk,MenuSelection,Menu Selection,973,399,0.00,0.00,None,N/A,
92.1116,gk,MenuSelection,Menu Selection,973,399,0.00,0.00,None,N/A,
92.1213,gk,MenuSelection,Menu Selection,973,399,0.00,0.00,None,N/A,
92.1309,gk,MenuSelection,Menu Selection,973,399,0.00,0.00,None,N/A,
92.1414,gk,MenuSelection,Menu Selection,973,399,0.00,0.00,None,N/A,
92.1511,gk,MenuSelection,Menu Selection,973,399,0.00,0.00,None,N/A,
92.1616,gk,MenuSelection,Menu Selection,973,399,0.00,0.00,None,N/A,
92.1711,gk,MenuSelection,Menu Selection,973,399,0.00,0.00,None,N/A,
92.1817,gk,MenuSelection,Menu Selection,973,399,0.00,0.00,None,N/A,
92.1913,gk,MenuSelection,Menu Selection,973,399,0.00,0.00,None,N/A,
92.2011,gk,MenuSelection,Menu Selection,973,399,0.00,0.00,None,N/A,
92.2117,gk,MenuSelection,Menu Selection,973,399,0.00,0.00,None,N/A,
92.2214,gk,MenuSelection,Menu Selection,973,399,0.00,0.00,None,N/A,
92.2310,gk,MenuSelection,Menu Selection,973,399,0.00,0.00,None,N/A,
92.2417,gk,MenuSelection,Menu Selection,973,399,0.00,0.00,None,N/A,
92.2513,gk,MenuSelection,Menu Selection,973,399,0.00,0.00,None,N/A,
92.2610,gk,MenuSelection,Menu Selection,973,399,0.00,0.00,None,N/A,
92.2718,gk,MenuSelection,Menu Selection,973,399,0.00,0.00,None,N/A,
92.2814,gk,MenuSelection,Menu Selection,973,399,0.00,0.00,None,N/A,
92.2911,gk,MenuSelection,Menu Selection,973,399,0.00,0.00,None,N/A,
92.3016,gk,MenuSelection,Menu Selection,973,399,0.00,0.00,None,N/A,
92.3112,gk,MenuSelection,Menu Selection,973,399,0.00,0.00,None,N/A,
92.3217,gk,MenuSelection,Menu Selection,973,399,0.00,0.00,None,N/A,
92.3309,gk,MenuSelection,Menu Selection,973,399,0.00,0.00,None,N/A,
92.3415,gk,MenuSelection,Menu Selection,973,399,0.00,0.00,None,N/A,
92.3511,gk,MenuSelection,Menu Selection,973,399,0.00,0.00,None,N/A,
92.3617,gk,MenuSelection,Menu Selection,973,399,0.00,0.00,None,N/A,
92.3714,gk,MenuSelection,Menu Selection,973,399,0.00,0.00,None,N/A,
92.3809,gk,MenuSelection,Menu Selection,973,399,0.00,0.00,None,N/A,
92.3916,gk,MenuSelection,Menu Selection,973,399,0.00,0.00,None,N/A,
92.4015,gk,MenuSelection,Menu Selection,973,399,0.00,0.00,None,N/A,
92.4112,gk,MenuSelection,Menu Selection,973,399,0.00,0.00,None,N/A,
92.4212,gk,MenuSelection,Menu Selection,973,399,0.00,0.00,None,N/A,
92.4308,gk,MenuSelection,Menu Selection,973,399,0.00,0.00,None,N/A,
92.4413,gk,MenuSelection,Menu Selection,973,399,0.00,0.00,None,N/A,
92.4509,gk,MenuSelection,Menu Selection,973,399,0.00,0.00,None,N/A,
92.4614,gk,MenuSelection,Menu Selection,973,399,0.00,0.00,None,N/A,
92.4709,gk,MenuSelection,Menu Selection,973,399,0.00,0.00,None,N/A,
92.4814,gk,MenuSelection,Menu Selection,973,399,0.00,0.00,None,N/A,
92.4909,gk,MenuSelection,Menu Selection,973,399,0.00,0.00,None,N/A,
92.5014,gk,MenuSelection,Menu Selection,973,399,0.00,0.00,None,N/A,
92.5110,gk,MenuSelection,Menu Selection,973,399,0.00,0.00,None,N/A,
92.5217,gk,MenuSelection,Menu Selection,973,399,0.00,0.00,None,N/A,
92.5313,gk,MenuSelection,Menu Selection,973,399,0.00,0.00,None,N/A,
92.5409,gk,MenuSelection,Menu Selection,973,399,0.00,0.00,None,N/A,
92.5515,gk,MenuSelection,Menu Selection,973,399,0.00,0.00,None,N/A,
92.5609,gk,MenuSelection,Menu Selection,973,399,0.00,0.00,None,N/A,
92.5715,gk,MenuSelection,Menu Selection,973,399,0.00,0.00,None,N/A,
92.5808,gk,MenuSelection,Menu Selection,973,399,0.00,0.00,None,N/A,
92.5915,gk,MenuSelection,Menu Selection,973,399,0.00,0.00,None,N/A,
92.6011,gk,MenuSelection,Menu Selection,973,399,0.00,0.00,None,N/A,
92.6117,gk,MenuSelection,Menu Selection,973,399,0.00,0.00,None,N/A,
92.6212,gk,MenuSelection,Menu Selection,973,399,0.00,0.00,None,N/A,
92.6317,gk,MenuSelection,Menu Selection,973,399,0.00,0.00,None,N/A,
92.6415,gk,MenuSelection,Menu Selection,973,399,0.00,0.00,None,N/A,
92.6511,gk,MenuSelection,Menu Selection,973,399,0.00,0.00,None,N/A,
92.6617,gk,MenuSelection,Menu Selection,973,399,0.00,0.00,None,N/A,
92.6712,gk,MenuSelection,Menu Selection,973,399,0.00,0.00,None,N/A,
92.6808,gk,MenuSelection,Menu Selection,973,399,0.00,0.00,None,N/A,
92.6913,gk,MenuSelection,Menu Selection,973,399,0.00,0.00,None,N/A,
92.7010,gk,MenuSelection,Menu Selection,973,399,0.00,0.00,None,N/A,
92.7116,gk,MenuSelection,Menu Selection,973,399,0.00,0.00,None,N/A,
92.7211,gk,MenuSelection,Menu Selection,973,399,0.00,0.00,None,N/A,
92.7307,gk,MenuSelection,Menu Selection,973,399,0.00,0.00,None,N/A,
92.7413,gk,MenuSelection,Menu Selection,973,399,0.00,0.00,None,N/A,
92.7511,gk,MenuSelection,Menu Selection,973,399,0.00,0.00,None,N/A,
92.7616,gk,MenuSelection,Menu Selection,973,399,0.00,0.00,None,N/A,
92.7713,gk,MenuSelection,Menu Selection,973,399,0.00,0.00,None,N/A,
92.7808,gk,MenuSelection,Menu Selection,973,399,0.00,0.00,None,N/A,
92.7914,gk,MenuSelection,Menu Selection,973,399,0.00,0.00,None,N/A,
92.8009,gk,MenuSelection,Menu Selection,973,399,0.00,0.00,None,N/A,
92.8114,gk,MenuSelection,Menu Selection,973,399,0.00,0.00,None,N/A,
92.8210,gk,MenuSelection,Menu Selection,973,399,0.00,0.00,None,N/A,
92.8317,gk,MenuSelection,Menu Selection,973,399,0.00,0.00,None,N/A,
92.8412,gk,MenuSelection,Menu Selection,973,399,0.00,0.00,None,N/A,
92.8508,gk,MenuSelection,Menu Selection,973,399,0.00,0.00,None,N/A,
92.8615,gk,MenuSelection,Menu Selection,973,399,0.00,0.00,None,N/A,
92.8711,gk,MenuSelection,Menu Selection,973,399,0.00,0.00,None,N/A,
92.8817,gk,MenuSelection,Menu Selection,973,399,0.00,0.00,None,N/A,
92.8913,gk,MenuSelection,Menu Selection,973,399,0.00,0.00,None,N/A,
92.9009,gk,MenuSelection,Menu Selection,973,399,0.00,0.00,None,N/A,
92.9114,gk,MenuSelection,Menu Selection,973,399,0.00,0.00,None,N/A,
92.9211,gk,MenuSelection,Menu Selection,973,399,0.00,0.00,None,N/A,
92.9317,gk,MenuSelection,Menu Selection,973,399,0.00,0.00,None,N/A,
92.9413,gk,MenuSelection,Menu Selection,973,399,0.00,0.00,None,N/A,
92.9507,gk,MenuSelection,Menu Selection,973,399,0.00,0.00,None,N/A,
92.9614,gk,MenuSelection,Menu Selection,973,399,0.00,0.00,None,N/A,
92.9710,gk,MenuSelection,Menu Selection,973,399,0.00,0.00,None,N/A,
92.9816,gk,MenuSelection,Menu Selection,973,399,0.00,0.00,None,N/A,
92.9912,gk,MenuSelection,Menu Selection,973,399,0.00,0.00,None,N/A,
93.0009,gk,MenuSelection,Menu Selection,973,399,0.00,0.00,None,N/A,
93.0115,gk,MenuSelection,Menu Selection,973,399,0.00,0.00,None,N/A,
93.0210,gk,MenuSelection,Menu Selection,973,399,0.00,0.00,None,N/A,
93.0316,gk,MenuSelection,Menu Selection,973,399,0.00,0.00,None,N/A,
93.0412,gk,MenuSelection,Menu Selection,973,399,0.00,0.00,None,N/A,
93.0508,gk,MenuSelection,Menu Selection,973,399,0.00,0.00,None,N/A,
93.0616,gk,MenuSelection,Menu Selection,973,399,0.00,0.00,None,N/A,
93.0712,gk,MenuSelection,Menu Selection,973,399,0.00,0.00,None,N/A,
93.0809,gk,MenuSelection,Menu Selection,973,399,0.00,0.00,None,N/A,
93.0915,gk,MenuSelection,Menu Selection,973,399,0.00,0.00,None,N/A,
93.1011,gk,MenuSelection,Menu Selection,973,399,0.00,0.00,None,N/A,
93.1117,gk,MenuSelection,Menu Selection,973,399,0.00,0.00,None,N/A,
93.1213,gk,MenuSelection,Menu Selection,973,399,0.00,0.00,None,N/A,
93.1309,gk,MenuSelection,Menu Selection,973,399,0.00,0.00,None,N/A,
93.1414,gk,MenuSelection,Menu Selection,973,399,0.00,0.00,None,N/A,
93.1509,gk,MenuSelection,Menu Selection,973,399,0.00,0.00,None,N/A,
93.1614,gk,MenuSelection,Menu Selection,973,399,0.00,0.00,None,N/A,
93.1709,gk,MenuSelection,Menu Selection,973,399,0.00,0.00,None,N/A,
93.1818,gk,MenuSelection,Menu Selection,973,399,0.00,0.00,None,N/A,
93.1909,gk,MenuSelection,Menu Selection,974,399,109.13,11909.37,None,N/A,
93.2016,gk,MenuSelection,Menu Selection,974,399,0.00,-10188.41,None,N/A,
93.2109,gk,MenuSelection,Menu Selection,975,399,107.41,11537.78,None,N/A,
93.2215,gk,MenuSelection,Menu Selection,976,399,94.81,-1195.33,None,N/A,
93.2307,gk,MenuSelection,Menu Selection,978,399,218.15,13454.15,None,N/A,
93.2409,gk,MenuSelection,Menu Selection,979,399,97.71,-11768.31,None,N/A,
93.2507,gk,MenuSelection,Menu Selection,984,399,507.18,41536.04,None,N/A,
93.2614,gk,MenuSelection,Menu Selection,986,399,187.25,-29953.47,None,N/A,
93.2710,gk,MenuSelection,Menu Selection,992,399,625.80,45740.78,None,N/A,
93.2817,gk,MenuSelection,Menu Selection,995,399,281.81,-32312.96,None,N/A,
93.2915,gk,MenuSelection,Menu Selection,1000,399,506.82,22807.68,None,N/A,
93.3014,gk,MenuSelection,Menu Selection,1002,399,203.62,-30868.43,None,N/A,
93.3111,gk,MenuSelection,Menu Selection,1004,399,206.13,258.36,None,N/A,
93.3208,gk,MenuSelection,Menu Selection,1007,399,307.79,10429.59,None,N/A,
93.3308,gk,MenuSelection,Menu Selection,1008,399,100.16,-20796.36,None,N/A,
93.3444,gk,MenuSelection,Menu Selection,1010,399,147.02,3444.22,None,N/A,
93.3509,gk,MenuSelection,Menu Selection,1011,399,152.60,851.32,None,N/A,
93.3609,gk,MenuSelection,Menu Selection,1012,399,100.23,-5248.62,None,N/A,
93.3713,gk,MenuSelection,Menu Selection,1013,400,136.51,3501.62,None,N/A,
93.3809,gk,MenuSelection,Menu Selection,1014,400,104.13,-3371.84,None,N/A,
93.3915,gk,MenuSelection,Menu Selection,1015,400,93.77,-971.21,None,N/A,
93.4015,gk,MenuSelection,Menu Selection,1016,400,100.62,688.99,None,N/A,
93.4114,gk,MenuSelection,Menu Selection,1017,400,100.97,34.97,None,N/A,
93.4212,gk,MenuSelection,Menu Selection,1018,400,101.48,52.56,None,N/A,
93.4310,gk,MenuSelection,Menu Selection,1018,400,0.00,-10391.13,None,N/A,
93.4408,gk,MenuSelection,Menu Selection,1019,400,102.31,10467.86,None,N/A,
93.4520,gk,MenuSelection,Menu Selection,1019,400,0.00,-9142.29,None,N/A,
93.4616,gk,MenuSelection,Menu Selection,1019,400,0.00,0.00,None,N/A,
93.4711,gk,MenuSelection,Menu Selection,1020,400,104.92,11008.32,None,N/A,
93.4817,gk,MenuSelection,Menu Selection,1020,400,0.00,-9878.09,None,N/A,
93.4913,gk,MenuSelection,Menu Selection,1020,400,0.00,0.00,None,N/A,
93.5009,gk,MenuSelection,Menu Selection,1020,400,0.00,0.00,None,N/A,
93.5111,gk,MenuSelection,Menu Selection,1020,401,97.61,9526.84,None,N/A,
93.5209,gk,MenuSelection,Menu Selection,1019,401,102.58,509.78,None,N/A,
93.5310,gk,MenuSelection,Menu Selection,1019,402,99.09,-345.53,None,N/A,
93.5415,gk,MenuSelection,Menu Selection,1017,403,212.85,10828.72,None,N/A,
93.5514,gk,MenuSelection,Menu Selection,1016,404,141.55,-7136.36,None,N/A,
93.5612,gk,MenuSelection,Menu Selection,1014,405,230.47,9164.96,None,N/A,
93.5713,gk,MenuSelection,Menu Selection,1012,407,279.21,4811.96,None,N/A,
93.5816,gk,MenuSelection,Menu Selection,1008,410,485.43,20020.51,None,N/A,
93.5915,gk,MenuSelection,Menu Selection,1006,411,225.98,-26220.26,None,N/A,
93.6013,gk,MenuSelection,Menu Selection,1001,415,654.43,43790.51,None,N/A,
93.6117,gk,MenuSelection,Menu Selection,999,417,271.78,-36768.79,None,N/A,
93.6213,gk,MenuSelection,Menu Selection,996,420,441.79,17703.32,None,N/A,
93.6308,gk,MenuSelection,Menu Selection,995,421,148.63,-30810.79,None,N/A,
93.6415,gk,MenuSelection,Menu Selection,994,423,207.89,5509.20,None,N/A,
93.6514,gk,MenuSelection,Menu Selection,993,424,143.12,-6554.94,None,N/A,
93.6612,gk,MenuSelection,Menu Selection,992,425,145.33,227.37,None,N/A,
93.6710,gk,MenuSelection,Menu Selection,991,426,143.57,-178.90,None,N/A,
93.6808,gk,MenuSelection,Menu Selection,991,427,101.87,-4248.02,None,N/A,
93.6916,gk,MenuSelection,Menu Selection,990,428,131.64,2772.06,None,N/A,
93.7015,gk,MenuSelection,Menu Selection,990,429,100.52,-3128.47,None,N/A,
93.7111,gk,MenuSelection,Menu Selection,989,429,103.78,337.88,None,N/A,
93.7214,gk,MenuSelection,Menu Selection,989,430,97.97,-569.01,None,N/A,
93.7309,gk,MenuSelection,Menu Selection,989,430,0.00,-10298.16,None,N/A,
93.7409,gk,MenuSelection,Menu Selection,989,431,99.22,9844.03,None,N/A,
93.7514,gk,MenuSelection,Menu Selection,989,431,0.00,-9502.59,None,N/A,
93.7609,gk,MenuSelection,Menu Selection,989,431,0.00,0.00,None,N/A,
93.7714,gk,MenuSelection,Menu Selection,989,431,0.00,0.00,None,N/A,
93.7811,gk,MenuSelection,Menu Selection,989,431,0.00,0.00,None,N/A,
93.7917,gk,MenuSelection,Menu Selection,989,431,0.00,0.00,None,N/A,
93.8015,gk,MenuSelection,Menu Selection,989,431,0.00,0.00,None,N/A,
93.8112,gk,MenuSelection,Menu Selection,989,431,0.00,0.00,None,N/A,
93.8208,gk,MenuSelection,Menu Selection,989,431,0.00,0.00,None,N/A,
93.8314,gk,MenuSelection,Menu Selection,989,431,0.00,0.00,None,N/A,
93.8470,gk,MenuSelection,Menu Selection,989,431,0.00,0.00,None,N/A,
93.8524,gk,MenuSelection,Menu Selection,989,431,0.00,0.00,None,N/A,
93.8615,gk,MenuSelection,Menu Selection,989,431,0.00,0.00,None,N/A,
93.8709,gk,MenuSelection,Menu Selection,989,431,0.00,0.00,None,N/A,
93.8815,gk,MenuSelection,Menu Selection,989,431,0.00,0.00,None,N/A,
93.8909,gk,MenuSelection,Menu Selection,989,431,0.00,0.00,None,N/A,
93.9014,gk,MenuSelection,Menu Selection,989,431,0.00,0.00,None,N/A,
93.9110,gk,MenuSelection,Menu Selection,989,431,0.00,0.00,None,N/A,
93.9215,gk,MenuSelection,Menu Selection,989,431,0.00,0.00,None,N/A,
93.9311,gk,MenuSelection,Menu Selection,989,431,0.00,0.00,None,N/A,
93.9417,gk,MenuSelection,Menu Selection,989,431,0.00,0.00,None,N/A,
93.9513,gk,MenuSelection,Menu Selection,989,431,0.00,0.00,None,N/A,
93.9608,gk,MenuSelection,Menu Selection,989,431,0.00,0.00,None,N/A,
93.9714,gk,MenuSelection,Menu Selection,989,431,0.00,0.00,None,N/A,
93.9809,gk,MenuSelection,Menu Selection,989,431,0.00,0.00,None,N/A,
93.9916,gk,MenuSelection,Menu Selection,989,431,0.00,0.00,None,N/A,
94.0011,gk,MenuSelection,Menu Selection,989,431,0.00,0.00,None,N/A,
94.0116,gk,MenuSelection,Menu Selection,989,431,0.00,0.00,None,N/A,
94.0214,gk,MenuSelection,Menu Selection,989,431,0.00,0.00,None,N/A,
94.0310,gk,MenuSelection,Menu Selection,989,431,0.00,0.00,None,N/A,
94.0409,gk,MenuSelection,Menu Selection,989,431,0.00,0.00,None,N/A,
94.0513,gk,MenuSelection,Menu Selection,989,431,0.00,0.00,None,N/A,
94.0620,gk,MenuSelection,Menu Selection,989,431,0.00,0.00,None,N/A,
94.0710,gk,MenuSelection,Menu Selection,989,431,0.00,0.00,None,N/A,
94.0816,gk,MenuSelection,Menu Selection,989,431,0.00,0.00,None,N/A,
94.0909,gk,MenuSelection,Menu Selection,989,431,0.00,0.00,None,N/A,
94.1017,gk,MenuSelection,Menu Selection,989,430,92.96,8641.73,None,N/A,
94.1117,gk,MenuSelection,Menu Selection,989,430,0.00,-9311.20,None,N/A,
94.1214,gk,MenuSelection,Menu Selection,989,430,0.00,0.00,None,N/A,
94.1311,gk,MenuSelection,Menu Selection,990,430,104.01,10818.06,None,N/A,
94.1407,gk,MenuSelection,Menu Selection,991,429,146.15,4354.42,None,N/A,
94.1515,gk,MenuSelection,Menu Selection,993,429,185.66,3668.35,None,N/A,
94.1612,gk,MenuSelection,Menu Selection,994,429,102.93,-8515.61,None,N/A,
94.1709,gk,MenuSelection,Menu Selection,997,429,308.50,21139.68,None,N/A,
94.1814,gk,MenuSelection,Menu Selection,999,429,191.07,-11219.07,None,N/A,
94.1909,gk,MenuSelection,Menu Selection,1003,429,421.87,24341.67,None,N/A,
94.2014,gk,MenuSelection,Menu Selection,1004,429,95.09,-31073.09,None,N/A,
94.2113,gk,MenuSelection,Menu Selection,1007,430,319.33,22643.46,None,N/A,
94.2215,gk,MenuSelection,Menu Selection,1008,430,97.81,-21666.03,None,N/A,
94.2311,gk,MenuSelection,Menu Selection,1010,431,232.64,14027.58,None,N/A,
94.2412,gk,MenuSelection,Menu Selection,1012,432,222.63,-996.27,None,N/A,
94.2515,gk,MenuSelection,Menu Selection,1014,433,217.19,-528.79,None,N/A,
94.2615,gk,MenuSelection,Menu Selection,1016,434,223.96,678.40,None,N/A,
94.2715,gk,MenuSelection,Menu Selection,1018,435,222.43,-151.64,None,N/A,
94.2808,gk,MenuSelection,Menu Selection,1020,436,241.36,2042.70,None,N/A,
94.2916,gk,MenuSelection,Menu Selection,1022,437,207.36,-3153.17,None,N/A,
94.3007,gk,MenuSelection,Menu Selection,1024,438,244.86,4107.17,None,N/A,
94.3112,gk,MenuSelection,Menu Selection,1025,439,135.10,-10485.66,None,N/A,
94.3214,gk,MenuSelection,Menu Selection,1028,440,309.69,17098.42,None,N/A,
94.3308,gk,MenuSelection,Menu Selection,1029,441,150.51,-16941.40,None,N/A,
94.3411,gk,MenuSelection,Menu Selection,1030,442,137.30,-1282.96,None,N/A,
94.3514,gk,MenuSelection,Menu Selection,1032,443,215.82,7578.12,None,N/A,
94.3614,gk,MenuSelection,Menu Selection,1033,443,100.59,-11590.66,None,N/A,
94.3713,gk,MenuSelection,Menu Selection,1035,444,224.87,12497.72,None,N/A,
94.3813,gk,MenuSelection,Menu Selection,1035,444,0.00,-22588.50,None,N/A,
94.3916,gk,MenuSelection,Menu Selection,1036,445,136.71,13214.65,None,N/A,
94.4007,gk,MenuSelection,Menu Selection,1036,445,0.00,-14984.15,None,N/A,
94.4117,gk,MenuSelection,Menu Selection,1037,445,91.67,8404.26,None,N/A,
94.4213,gk,MenuSelection,Menu Selection,1037,445,0.00,-9489.67,None,N/A,
94.4310,gk,MenuSelection,Menu Selection,1038,445,103.55,10721.60,None,N/A,
94.4409,gk,MenuSelection,Menu Selection,1038,445,0.00,-10407.63,None,N/A,
94.4509,gk,MenuSelection,Menu Selection,1038,445,0.00,0.00,None,N/A,
94.4615,gk,MenuSelection,Menu Selection,1038,445,0.00,0.00,None,N/A,
94.4711,gk,MenuSelection,Menu Selection,1038,445,0.00,0.00,None,N/A,
94.4809,gk,MenuSelection,Menu Selection,1038,445,0.00,0.00,None,N/A,
94.4915,gk,MenuSelection,Menu Selection,1038,445,0.00,0.00,None,N/A,
94.5014,gk,MenuSelection,Menu Selection,1039,445,101.47,10295.87,None,N/A,
94.5109,gk,MenuSelection,Menu Selection,1039,445,0.00,-10666.68,None,N/A,
94.5215,gk,MenuSelection,Menu Selection,1039,445,0.00,0.00,None,N/A,
94.5311,gk,MenuSelection,Menu Selection,1039,445,0.00,0.00,None,N/A,
94.5417,gk,MenuSelection,Menu Selection,1039,445,0.00,0.00,None,N/A,
94.5513,gk,MenuSelection,Menu Selection,1039,445,0.00,0.00,None,N/A,
94.5609,gk,MenuSelection,Menu Selection,1039,445,0.00,0.00,None,N/A,
94.5715,gk,MenuSelection,Menu Selection,1039,445,0.00,0.00,None,N/A,
94.5811,gk,MenuSelection,Menu Selection,1039,445,0.00,0.00,None,N/A,
94.5909,gk,MenuSelection,Menu Selection,1039,445,0.00,0.00,None,N/A,
94.6016,gk,MenuSelection,Menu Selection,1039,445,0.00,0.00,None,N/A,
94.6108,gk,MenuSelection,Menu Selection,1039,445,0.00,0.00,None,N/A,
94.6214,gk,MenuSelection,Menu Selection,1039,445,0.00,0.00,None,N/A,
94.6310,gk,MenuSelection,Menu Selection,1039,445,0.00,0.00,None,N/A,
94.6417,gk,MenuSelection,Menu Selection,1039,445,0.00,0.00,None,N/A,
94.6514,gk,MenuSelection,Menu Selection,1039,445,0.00,0.00,None,N/A,
94.6611,gk,MenuSelection,Menu Selection,1039,445,0.00,0.00,None,N/A,
94.6717,gk,MenuSelection,Menu Selection,1039,445,0.00,0.00,None,N/A,
94.6812,gk,MenuSelection,Menu Selection,1039,445,0.00,0.00,None,N/A,
94.6908,gk,MenuSelection,Menu Selection,1039,445,0.00,0.00,None,N/A,
94.7014,gk,MenuSelection,Menu Selection,1039,445,0.00,0.00,None,N/A,
94.7109,gk,MenuSelection,Menu Selection,1039,445,0.00,0.00,None,N/A,
94.7214,gk,MenuSelection,Menu Selection,1039,445,0.00,0.00,None,N/A,
94.7309,gk,MenuSelection,Menu Selection,1039,445,0.00,0.00,None,N/A,
94.7414,gk,MenuSelection,Menu Selection,1039,445,0.00,0.00,None,N/A,
94.7510,gk,MenuSelection,Menu Selection,1039,445,0.00,0.00,None,N/A,
94.7616,gk,MenuSelection,Menu Selection,1039,445,0.00,0.00,None,N/A,
94.7711,gk,MenuSelection,Menu Selection,1039,445,0.00,0.00,None,N/A,
94.7817,gk,MenuSelection,Menu Selection,1039,445,0.00,0.00,None,N/A,
94.7914,gk,MenuSelection,Menu Selection,1039,445,0.00,0.00,None,N/A,
94.8011,gk,MenuSelection,Menu Selection,1039,445,0.00,0.00,None,N/A,
94.8117,gk,MenuSelection,Menu Selection,1039,445,0.00,0.00,None,N/A,
94.8214,gk,MenuSelection,Menu Selection,1039,445,0.00,0.00,None,N/A,
94.8311,gk,MenuSelection,Menu Selection,1039,445,0.00,0.00,None,N/A,
94.8416,gk,MenuSelection,Menu Selection,1039,445,0.00,0.00,None,N/A,
94.8512,gk,MenuSelection,Menu Selection,1039,445,0.00,0.00,None,N/A,
94.8617,gk,MenuSelection,Menu Selection,1039,445,0.00,0.00,None,N/A,
94.8713,gk,MenuSelection,Menu Selection,1039,445,0.00,0.00,None,N/A,
94.8813,gk,MenuSelection,Menu Selection,1039,445,0.00,0.00,None,N/A,
94.8909,gk,MenuSelection,Menu Selection,1039,445,0.00,0.00,None,N/A,
94.9015,gk,MenuSelection,Menu Selection,1039,445,0.00,0.00,None,N/A,
94.9112,gk,MenuSelection,Menu Selection,1039,445,0.00,0.00,None,N/A,
94.9212,gk,MenuSelection,Menu Selection,1039,445,0.00,0.00,None,N/A,
94.9309,gk,MenuSelection,Menu Selection,1039,445,0.00,0.00,None,N/A,
94.9411,gk,MenuSelection,Menu Selection,1039,445,0.00,0.00,Left,N/A,
94.9509,gk,MenuSelection,Menu Selection,1039,445,0.00,0.00,Left,N/A,
94.9615,gk,MenuSelection,Menu Selection,1039,445,0.00,0.00,Left,N/A,
94.9712,gk,MenuSelection,Menu Selection,1039,445,0.00,0.00,Left,N/A,
94.9808,gk,MenuSelection,Menu Selection,1039,445,0.00,0.00,Left,N/A,
94.9915,gk,MenuSelection,Menu Selection,1039,445,0.00,0.00,Left,N/A,
95.0011,gk,MenuSelection,Menu Selection,1039,445,0.00,0.00,Left,N/A,
95.0117,gk,MenuSelection,Menu Selection,1039,445,0.00,0.00,Left,N/A,
95.0213,gk,MenuSelection,Menu Selection,1039,445,0.00,0.00,Left,N/A,
95.0308,gk,MenuSelection,Menu Selection,1039,445,0.00,0.00,Left,N/A,
95.0414,gk,MenuSelection,Menu Selection,1039,445,0.00,0.00,Left,N/A,
95.0509,gk,MenuSelection,Menu Selection,1039,445,0.00,0.00,Left,N/A,
95.0615,gk,MenuSelection,Menu Selection,1039,445,0.00,0.00,Left,N/A,
95.0711,gk,MenuSelection,Menu Selection,1039,445,0.00,0.00,Left,N/A,
95.0809,gk,MenuSelection,Menu Selection,1039,445,0.00,0.00,Left,N/A,
95.0915,gk,MenuSelection,Menu Selection,1039,445,0.00,0.00,Left,N/A,
95.1009,gk,MenuSelection,Menu Selection,1039,445,0.00,0.00,Left,N/A,
95.1116,gk,MenuSelection,Menu Selection,1039,445,0.00,0.00,Left,N/A,
95.1208,gk,MenuSelection,Menu Selection,1039,445,0.00,0.00,None,N/A,menu_item_selected_correct
95.1266,gk,MenuSelection,Menu Selection,1039,445,0.00,0.00,None,N/A,
95.1312,gk,MenuSelection,Menu Selection,1039,445,0.00,0.00,None,N/A,
95.1408,gk,MenuSelection,Menu Selection,1039,445,0.00,0.00,None,N/A,
95.1514,gk,MenuSelection,Menu Selection,1039,445,0.00,0.00,None,N/A,
95.1609,gk,MenuSelection,Menu Selection,1039,445,0.00,0.00,None,N/A,
95.1715,gk,MenuSelection,Menu Selection,1039,445,0.00,0.00,None,N/A,
95.1810,gk,MenuSelection,Menu Selection,1039,445,0.00,0.00,None,N/A,
95.1917,gk,MenuSelection,Menu Selection,1039,445,0.00,0.00,None,N/A,
95.2012,gk,MenuSelection,Menu Selection,1039,445,0.00,0.00,None,N/A,
95.2108,gk,MenuSelection,Menu Selection,1039,445,0.00,0.00,None,N/A,
95.2214,gk,MenuSelection,Menu Selection,1039,445,0.00,0.00,None,N/A,
95.2311,gk,MenuSelection,Menu Selection,1039,445,0.00,0.00,None,N/A,
95.2417,gk,MenuSelection,Menu Selection,1039,445,0.00,0.00,None,N/A,
95.2508,gk,MenuSelection,Menu Selection,1039,445,0.00,0.00,None,N/A,
95.2615,gk,MenuSelection,Menu Selection,1039,445,0.00,0.00,None,N/A,
95.2713,gk,MenuSelection,Menu Selection,1039,445,0.00,0.00,None,N/A,
95.2809,gk,MenuSelection,Menu Selection,1039,445,0.00,0.00,None,N/A,
95.2916,gk,MenuSelection,Menu Selection,1039,445,0.00,0.00,None,N/A,
95.3012,gk,MenuSelection,Menu Selection,1039,445,0.00,0.00,None,N/A,
95.3109,gk,MenuSelection,Menu Selection,1039,445,0.00,0.00,None,N/A,
95.3215,gk,MenuSelection,Menu Selection,1039,445,0.00,0.00,None,N/A,
95.3312,gk,MenuSelection,Menu Selection,1039,445,0.00,0.00,None,N/A,
95.3417,gk,MenuSelection,Menu Selection,1039,445,0.00,0.00,None,N/A,
95.3512,gk,MenuSelection,Menu Selection,1039,445,0.00,0.00,None,N/A,
95.3617,gk,MenuSelection,Menu Selection,1039,445,0.00,0.00,None,N/A,
95.3712,gk,MenuSelection,Menu Selection,1039,445,0.00,0.00,None,N/A,
95.3810,gk,MenuSelection,Menu Selection,1039,445,0.00,0.00,None,N/A,
95.3917,gk,MenuSelection,Menu Selection,1039,445,0.00,0.00,None,N/A,
95.4013,gk,MenuSelection,Menu Selection,1039,445,0.00,0.00,None,N/A,
95.4110,gk,MenuSelection,Menu Selection,1039,445,0.00,0.00,None,N/A,
95.4217,gk,MenuSelection,Menu Selection,1039,445,0.00,0.00,None,N/A,
95.4314,gk,MenuSelection,Menu Selection,1039,445,0.00,0.00,None,N/A,
95.4411,gk,MenuSelection,Menu Selection,1039,445,0.00,0.00,None,N/A,
95.4517,gk,MenuSelection,Menu Selection,1039,445,0.00,0.00,None,N/A,
95.4614,gk,MenuSelection,Menu Selection,1039,445,0.00,0.00,None,N/A,
95.4711,gk,MenuSelection,Menu Selection,1039,445,0.00,0.00,None,N/A,
95.4817,gk,MenuSelection,Menu Selection,1039,445,0.00,0.00,None,N/A,
95.4913,gk,MenuSelection,Menu Selection,1039,445,0.00,0.00,None,N/A,
95.5008,gk,MenuSelection,Menu Selection,1039,445,0.00,0.00,None,N/A,
95.5114,gk,MenuSelection,Menu Selection,1037,445,188.12,17695.20,None,N/A,
95.5209,gk,MenuSelection,Menu Selection,1033,443,469.04,29463.19,None,N/A,
95.5316,gk,MenuSelection,Menu Selection,1028,441,505.69,3441.02,None,N/A,
95.5415,gk,MenuSelection,Menu Selection,1025,439,364.15,-14294.83,None,N/A,
95.5511,gk,MenuSelection,Menu Selection,1019,437,659.40,30783.26,None,N/A,
95.5610,gk,MenuSelection,Menu Selection,1016,435,362.73,-29846.29,None,N/A,
95.5707,gk,MenuSelection,Menu Selection,1010,431,748.91,40107.48,None,N/A,
95.5815,gk,MenuSelection,Menu Selection,1007,430,291.68,-42173.83,None,N/A,
95.5912,gk,MenuSelection,Menu Selection,1002,426,660.96,38118.26,None,N/A,
95.6011,gk,MenuSelection,Menu Selection,1000,424,284.55,-37867.95,None,N/A,
95.6115,gk,MenuSelection,Menu Selection,995,421,560.27,26492.05,None,N/A,
95.6217,gk,MenuSelection,Menu Selection,993,419,277.01,-27741.60,None,N/A,
95.6318,gk,MenuSelection,Menu Selection,990,417,359.30,8200.81,None,N/A,
95.6413,gk,MenuSelection,Menu Selection,986,413,594.40,24702.52,None,N/A,
95.6516,gk,MenuSelection,Menu Selection,984,411,275.74,-31065.49,None,N/A,
95.6609,gk,MenuSelection,Menu Selection,980,406,684.26,43656.80,None,N/A,
95.6710,gk,MenuSelection,Menu Selection,978,403,357.19,-32402.05,None,N/A,
95.6817,gk,MenuSelection,Menu Selection,975,397,628.43,25410.37,None,N/A,
95.6917,gk,MenuSelection,Menu Selection,973,394,360.43,-26791.19,None,N/A,
95.7011,gk,MenuSelection,Menu Selection,970,390,531.84,18232.92,None,N/A,
95.7117,gk,MenuSelection,Menu Selection,969,388,210.68,-30259.50,None,N/A,
95.7208,gk,MenuSelection,Menu Selection,968,386,246.06,3893.54,None,N/A,
95.7317,gk,MenuSelection,Menu Selection,967,383,290.23,4053.55,None,N/A,
95.7415,gk,MenuSelection,Menu Selection,966,381,226.96,-6421.83,None,N/A,
95.7512,gk,MenuSelection,Menu Selection,965,378,327.12,10361.28,None,N/A,
95.7612,gk,MenuSelection,Menu Selection,965,376,200.64,-12688.97,None,N/A,
95.7710,gk,MenuSelection,Menu Selection,964,374,226.72,2644.74,None,N/A,
95.7810,gk,MenuSelection,Menu Selection,964,372,200.88,-2595.30,None,N/A,
95.7913,gk,MenuSelection,Menu Selection,964,370,194.23,-645.94,None,N/A,
95.8018,gk,MenuSelection,Menu Selection,964,369,95.43,-9428.50,None,N/A,
95.8107,gk,MenuSelection,Menu Selection,964,368,112.23,1885.32,None,N/A,
95.8209,gk,MenuSelection,Menu Selection,964,367,98.06,-1388.98,None,N/A,
95.8311,gk,MenuSelection,Menu Selection,964,367,0.00,-9599.75,None,N/A,
95.8412,gk,MenuSelection,Menu Selection,964,367,0.00,0.00,None,N/A,
95.8512,gk,MenuSelection,Menu Selection,964,366,100.56,10112.06,None,N/A,
95.8610,gk,MenuSelection,Menu Selection,964,366,0.00,-10263.39,None,N/A,
95.8713,gk,MenuSelection,Menu Selection,963,365,137.54,13376.31,None,N/A,
95.8814,gk,MenuSelection,Menu Selection,963,365,0.00,-13573.33,None,N/A,
95.8910,gk,MenuSelection,Menu Selection,963,365,0.00,0.00,None,N/A,
95.9016,gk,MenuSelection,Menu Selection,963,365,0.00,0.00,None,N/A,
95.9113,gk,MenuSelection,Menu Selection,963,365,0.00,0.00,None,N/A,
95.9210,gk,MenuSelection,Menu Selection,963,365,0.00,0.00,None,N/A,
95.9316,gk,MenuSelection,Menu Selection,963,365,0.00,0.00,None,N/A,
95.9411,gk,MenuSelection,Menu Selection,963,365,0.00,0.00,None,N/A,
95.9510,gk,MenuSelection,Menu Selection,963,365,0.00,0.00,None,N/A,
95.9612,gk,MenuSelection,Menu Selection,963,366,98.61,9723.14,None,N/A,
95.9715,gk,MenuSelection,Menu Selection,962,366,96.64,-189.92,None,N/A,
95.9813,gk,MenuSelection,Menu Selection,962,366,0.00,-9945.54,None,N/A,
95.9908,gk,MenuSelection,Menu Selection,962,366,0.00,0.00,None,N/A,
96.0013,gk,MenuSelection,Menu Selection,962,366,0.00,0.00,None,N/A,
96.0108,gk,MenuSelection,Menu Selection,962,366,0.00,0.00,None,N/A,
96.0214,gk,MenuSelection,Menu Selection,962,366,0.00,0.00,None,N/A,
96.0310,gk,MenuSelection,Menu Selection,962,366,0.00,0.00,None,N/A,
96.0409,gk,MenuSelection,Menu Selection,962,366,0.00,0.00,None,N/A,
96.0516,gk,MenuSelection,Menu Selection,962,366,0.00,0.00,None,N/A,
96.0611,gk,MenuSelection,Menu Selection,962,366,0.00,0.00,None,N/A,
96.0708,gk,MenuSelection,Menu Selection,962,366,0.00,0.00,None,N/A,
96.0815,gk,MenuSelection,Menu Selection,962,366,0.00,0.00,None,N/A,
96.0912,gk,MenuSelection,Menu Selection,962,366,0.00,0.00,None,N/A,
96.1009,gk,MenuSelection,Menu Selection,962,366,0.00,0.00,None,N/A,
96.1115,gk,MenuSelection,Menu Selection,962,366,0.00,0.00,None,N/A,
96.1212,gk,MenuSelection,Menu Selection,962,366,0.00,0.00,None,N/A,
96.1308,gk,MenuSelection,Menu Selection,962,366,0.00,0.00,None,N/A,
96.1407,gk,MenuSelection,Menu Selection,962,366,0.00,0.00,Left,N/A,
96.1512,gk,MenuSelection,Menu Selection,962,366,0.00,0.00,Left,N/A,
96.1608,gk,MenuSelection,Menu Selection,962,366,0.00,0.00,Left,N/A,
96.1713,gk,MenuSelection,Menu Selection,962,366,0.00,0.00,Left,N/A,
96.1809,gk,MenuSelection,Menu Selection,962,366,0.00,0.00,Left,N/A,
96.1916,gk,MenuSelection,Menu Selection,962,366,0.00,0.00,Left,N/A,
96.2015,gk,MenuSelection,Menu Selection,962,366,0.00,0.00,Left,N/A,
96.2112,gk,MenuSelection,Menu Selection,962,366,0.00,0.00,Left,N/A,
96.2209,gk,MenuSelection,Menu Selection,962,366,0.00,0.00,Left,N/A,
96.2316,gk,MenuSelection,Menu Selection,962,366,0.00,0.00,Left,N/A,
96.2413,gk,MenuSelection,Menu Selection,962,366,0.00,0.00,Left,N/A,
96.2509,gk,MenuSelection,Menu Selection,962,366,0.00,0.00,Left,N/A,
96.2615,gk,MenuSelection,Menu Selection,962,366,0.00,0.00,Left,N/A,
96.2713,gk,MenuSelection,Menu Selection,962,366,0.00,0.00,Left,N/A,
96.2809,gk,MenuSelection,Menu Selection,962,366,0.00,0.00,Left,N/A,
96.2915,gk,MenuSelection,Menu Selection,962,366,0.00,0.00,Left,N/A,
96.3010,gk,MenuSelection,Menu Selection,962,366,0.00,0.00,Left,N/A,
96.3116,gk,MenuSelection,Menu Selection,962,366,0.00,0.00,Left,N/A,
96.3222,gk,MenuSelection,Menu Selection,962,366,0.00,0.00,None,N/A,
96.3312,gk,MenuSelection,Menu Selection,962,366,0.00,0.00,None,N/A,
96.3416,gk,MenuSelection,Menu Selection,962,366,0.00,0.00,None,N/A,
96.3512,gk,MenuSelection,Menu Selection,962,366,0.00,0.00,None,N/A,
96.3609,gk,MenuSelection,Menu Selection,962,366,0.00,0.00,None,N/A,
96.3715,gk,MenuSelection,Menu Selection,962,366,0.00,0.00,None,N/A,
96.3812,gk,MenuSelection,Menu Selection,962,366,0.00,0.00,None,N/A,
96.3908,gk,MenuSelection,Menu Selection,962,366,0.00,0.00,None,N/A,
96.4014,gk,MenuSelection,Menu Selection,962,366,0.00,0.00,None,N/A,
96.4110,gk,MenuSelection,Menu Selection,962,366,0.00,0.00,None,N/A,
96.4217,gk,MenuSelection,Menu Selection,962,366,0.00,0.00,None,N/A,
96.4313,gk,MenuSelection,Menu Selection,962,366,0.00,0.00,None,N/A,
96.4409,gk,MenuSelection,Menu Selection,962,366,0.00,0.00,None,N/A,
96.4516,gk,MenuSelection,Menu Selection,962,366,0.00,0.00,None,N/A,
96.4616,gk,MenuSelection,Menu Selection,962,366,0.00,0.00,None,N/A,
96.4711,gk,MenuSelection,Menu Selection,962,366,0.00,0.00,None,N/A,
96.4817,gk,MenuSelection,Menu Selection,962,366,0.00,0.00,None,N/A,
96.4912,gk,MenuSelection,Menu Selection,962,366,0.00,0.00,None,N/A,
96.5010,gk,MenuSelection,Menu Selection,962,366,0.00,0.00,None,N/A,
96.5116,gk,MenuSelection,Menu Selection,962,366,0.00,0.00,None,N/A,
96.5211,gk,MenuSelection,Menu Selection,962,366,0.00,0.00,None,N/A,
96.5308,gk,MenuSelection,Menu Selection,962,366,0.00,0.00,None,N/A,
96.5415,gk,MenuSelection,Menu Selection,962,366,0.00,0.00,None,N/A,
96.5511,gk,MenuSelection,Menu Selection,962,366,0.00,0.00,None,N/A,
96.5608,gk,MenuSelection,Menu Selection,962,366,0.00,0.00,None,N/A,
96.5715,gk,MenuSelection,Menu Selection,962,366,0.00,0.00,None,N/A,
96.5816,gk,MenuSelection,Menu Selection,962,366,0.00,0.00,None,N/A,
96.5910,gk,MenuSelection,Menu Selection,962,367,106.64,11372.92,None,N/A,
96.6017,gk,MenuSelection,Menu Selection,962,368,93.63,-1218.39,None,N/A,
96.6114,gk,MenuSelection,Menu Selection,962,368,0.00,-9624.49,None,N/A,
96.6209,gk,MenuSelection,Menu Selection,962,369,105.01,11027.62,None,N/A,
96.6316,gk,MenuSelection,Menu Selection,962,369,0.00,-9817.76,None,N/A,
96.6413,gk,MenuSelection,Menu Selection,962,371,206.07,21231.97,None,N/A,
96.6515,gk,MenuSelection,Menu Selection,962,372,98.33,-10593.89,None,N/A,
96.6613,gk,MenuSelection,Menu Selection,962,374,204.45,10847.11,None,N/A,
96.6711,gk,MenuSelection,Menu Selection,962,377,306.61,10441.36,None,N/A,
96.6809,gk,MenuSelection,Menu Selection,962,378,101.52,-20820.10,None,N/A,
96.6915,gk,MenuSelection,Menu Selection,962,382,376.93,25953.25,None,N/A,
96.7016,gk,MenuSelection,Menu Selection,962,383,99.31,-27571.19,None,N/A,
96.7113,gk,MenuSelection,Menu Selection,962,386,309.86,21747.15,None,N/A,
96.7209,gk,MenuSelection,Menu Selection,962,388,207.47,-10621.76,None,N/A,
96.7307,gk,MenuSelection,Menu Selection,961,390,229.34,2243.47,None,N/A,
96.7411,gk,MenuSelection,Menu Selection,961,391,96.09,-12804.33,None,N/A,
96.7511,gk,MenuSelection,Menu Selection,961,394,298.73,20177.29,None,N/A,
96.7608,gk,MenuSelection,Menu Selection,961,395,103.31,-20187.95,None,N/A,
96.7709,gk,MenuSelection,Menu Selection,961,397,197.63,9320.02,None,N/A,
96.7817,gk,MenuSelection,Menu Selection,961,400,278.75,7537.44,None,N/A,
96.7913,gk,MenuSelection,Menu Selection,961,401,104.55,-18212.04,None,N/A,
96.8010,gk,MenuSelection,Menu Selection,961,404,309.45,21136.02,None,N/A,
96.8109,gk,MenuSelection,Menu Selection,961,405,100.31,-20978.56,None,N/A,
96.8215,gk,MenuSelection,Menu Selection,961,407,188.59,8324.52,None,N/A,
96.8315,gk,MenuSelection,Menu Selection,961,408,100.59,-8851.74,None,N/A,
96.8415,gk,MenuSelection,Menu Selection,961,409,99.75,-84.00,None,N/A,
96.8513,gk,MenuSelection,Menu Selection,961,410,101.75,203.89,None,N/A,
96.8611,gk,MenuSelection,Menu Selection,961,411,102.48,74.40,None,N/A,
96.8709,gk,MenuSelection,Menu Selection,961,411,0.00,-10399.01,None,N/A,
96.8811,gk,MenuSelection,Menu Selection,961,411,0.00,0.00,None,N/A,
96.8915,gk,MenuSelection,Menu Selection,961,412,96.57,9325.24,None,N/A,
96.9013,gk,MenuSelection,Menu Selection,961,413,101.61,511.98,None,N/A,
96.9110,gk,MenuSelection,Menu Selection,961,414,103.41,186.52,None,N/A,
96.9207,gk,MenuSelection,Menu Selection,961,415,102.81,-61.50,None,N/A,
96.9315,gk,MenuSelection,Menu Selection,961,417,185.79,7707.73,None,N/A,
96.9413,gk,MenuSelection,Menu Selection,961,418,101.75,-8550.59,None,N/A,
96.9509,gk,MenuSelection,Menu Selection,961,419,104.43,279.38,None,N/A,
96.9609,gk,MenuSelection,Menu Selection,961,420,99.74,-467.87,None,N/A,
96.9709,gk,MenuSelection,Menu Selection,961,420,0.00,-10017.57,None,N/A,
96.9808,gk,MenuSelection,Menu Selection,961,420,0.00,0.00,None,N/A,
96.9913,gk,MenuSelection,Menu Selection,961,421,94.98,9021.55,None,N/A,
97.0015,gk,MenuSelection,Menu Selection,961,421,0.00,-9281.77,None,N/A,
97.0110,gk,MenuSelection,Menu Selection,961,422,105.19,11064.16,None,N/A,
97.0210,gk,MenuSelection,Menu Selection,961,422,0.00,-10511.37,None,N/A,
97.0308,gk,MenuSelection,Menu Selection,961,422,0.00,0.00,None,N/A,
97.0414,gk,MenuSelection,Menu Selection,961,423,94.59,8946.84,None,N/A,
97.0514,gk,MenuSelection,Menu Selection,961,423,0.00,-9420.82,None,N/A,
97.0613,gk,MenuSelection,Menu Selection,961,423,0.00,0.00,None,N/A,
97.0709,gk,MenuSelection,Menu Selection,961,423,0.00,0.00,None,N/A,
97.0814,gk,MenuSelection,Menu Selection,961,423,0.00,0.00,None,N/A,
97.0909,gk,MenuSelection,Menu Selection,961,423,0.00,0.00,None,N/A,
97.1015,gk,MenuSelection,Menu Selection,961,423,0.00,0.00,None,N/A,
97.1110,gk,MenuSelection,Menu Selection,961,423,0.00,0.00,None,N/A,
97.1216,gk,MenuSelection,Menu Selection,961,423,0.00,0.00,None,N/A,
97.1317,gk,MenuSelection,Menu Selection,961,423,0.00,0.00,None,N/A,
97.1458,gk,MenuSelection,Menu Selection,961,423,0.00,0.00,None,N/A,
97.1512,gk,MenuSelection,Menu Selection,961,423,0.00,0.00,None,N/A,
97.1611,gk,MenuSelection,Menu Selection,961,423,0.00,0.00,None,N/A,
97.1709,gk,MenuSelection,Menu Selection,961,423,0.00,0.00,None,N/A,
97.1809,gk,MenuSelection,Menu Selection,961,423,0.00,0.00,None,N/A,
97.1908,gk,MenuSelection,Menu Selection,962,424,143.83,14628.42,None,N/A,
97.2013,gk,MenuSelection,Menu Selection,963,424,95.24,-4627.89,None,N/A,
97.2111,gk,MenuSelection,Menu Selection,964,424,101.47,631.93,None,N/A,
97.2208,gk,MenuSelection,Menu Selection,965,424,103.82,243.79,None,N/A,
97.2309,gk,MenuSelection,Menu Selection,965,424,0.00,-10244.43,None,N/A,
97.2414,gk,MenuSelection,Menu Selection,967,424,190.14,18075.84,None,N/A,
97.2515,gk,MenuSelection,Menu Selection,967,424,0.00,-18920.69,None,N/A,
97.2609,gk,MenuSelection,Menu Selection,969,424,211.92,22456.00,None,N/A,
97.2717,gk,MenuSelection,Menu Selection,970,424,92.81,-11055.04,None,N/A,
97.2808,gk,MenuSelection,Menu Selection,971,424,109.81,1867.05,None,N/A,
97.2907,gk,MenuSelection,Menu Selection,972,424,100.47,-938.94,None,N/A,
97.3014,gk,MenuSelection,Menu Selection,974,424,187.78,8197.53,None,N/A,
97.3110,gk,MenuSelection,Menu Selection,975,424,104.01,-8712.77,None,N/A,
97.3208,gk,MenuSelection,Menu Selection,977,424,203.79,10167.35,None,N/A,
97.3311,gk,MenuSelection,Menu Selection,978,424,97.03,-10358.90,None,N/A,
97.3411,gk,MenuSelection,Menu Selection,979,424,100.50,349.08,None,N/A,
97.3512,gk,MenuSelection,Menu Selection,981,424,197.50,9578.64,None,N/A,
97.3613,gk,MenuSelection,Menu Selection,981,424,0.00,-19589.34,None,N/A,
97.3708,gk,MenuSelection,Menu Selection,983,424,210.12,22076.25,None,N/A,
97.3812,gk,MenuSelection,Menu Selection,983,424,0.00,-20261.34,None,N/A,
97.3917,gk,MenuSelection,Menu Selection,984,424,94.90,9006.05,None,N/A,
97.4017,gk,MenuSelection,Menu Selection,985,424,99.57,465.26,None,N/A,
97.4109,gk,MenuSelection,Menu Selection,987,425,243.82,15728.52,None,N/A,
97.4214,gk,MenuSelection,Menu Selection,988,425,94.98,-14136.73,None,N/A,
97.4308,gk,MenuSelection,Menu Selection,990,426,240.03,15570.63,None,N/A,
97.4414,gk,MenuSelection,Menu Selection,991,426,94.35,-13745.02,None,N/A,
97.4515,gk,MenuSelection,Menu Selection,993,427,221.07,12527.76,None,N/A,
97.4613,gk,MenuSelection,Menu Selection,994,427,102.32,-12150.07,None,N/A,
97.4711,gk,MenuSelection,Menu Selection,995,428,143.39,4165.21,None,N/A,
97.4808,gk,MenuSelection,Menu Selection,997,428,206.29,6487.50,None,N/A,
97.4908,gk,MenuSelection,Menu Selection,997,429,100.01,-10629.14,None,N/A,
97.5015,gk,MenuSelection,Menu Selection,999,429,187.12,8149.53,None,N/A,
97.5109,gk,MenuSelection,Menu Selection,1000,430,150.93,-3862.05,None,N/A,
97.5216,gk,MenuSelection,Menu Selection,1002,431,208.28,5342.33,None,N/A,
97.5315,gk,MenuSelection,Menu Selection,1004,432,226.70,1867.09,None,N/A,
97.5411,gk,MenuSelection,Menu Selection,1006,433,231.56,503.70,None,N/A,
97.5509,gk,MenuSelection,Menu Selection,1008,434,228.12,-351.64,None,N/A,
97.5611,gk,MenuSelection,Menu Selection,1010,435,220.11,-788.36,None,N/A,
97.5708,gk,MenuSelection,Menu Selection,1011,435,103.01,-12062.12,None,N/A,
97.5814,gk,MenuSelection,Menu Selection,1012,436,133.93,2928.74,None,N/A,
97.5916,gk,MenuSelection,Menu Selection,1014,437,219.22,8360.90,None,N/A,
97.6012,gk,MenuSelection,Menu Selection,1014,438,103.85,-11980.78,None,N/A,
97.6108,gk,MenuSelection,Menu Selection,1016,439,232.90,13441.31,None,N/A,
97.6217,gk,MenuSelection,Menu Selection,1016,440,91.63,-12944.10,None,N/A,
97.6306,gk,MenuSelection,Menu Selection,1017,441,158.05,7424.12,None,N/A,
97.6420,gk,MenuSelection,Menu Selection,1017,442,88.24,-6160.47,None,N/A,
97.6509,gk,MenuSelection,Menu Selection,1018,443,158.50,7874.24,None,N/A,
97.6626,gk,MenuSelection,Menu Selection,1019,444,121.37,-3186.65,None,N/A,
97.6712,gk,MenuSelection,Menu Selection,1019,445,116.15,-606.16,None,N/A,
97.6816,gk,MenuSelection,Menu Selection,1020,445,95.96,-1937.34,None,N/A,
97.6941,gk,MenuSelection,Menu Selection,1020,446,79.95,-1279.84,None,N/A,
97.7021,gk,MenuSelection,Menu Selection,1021,446,125.00,5631.60,None,N/A,
97.7119,gk,MenuSelection,Menu Selection,1021,447,101.65,-2374.04,None,N/A,
97.7209,gk,MenuSelection,Menu Selection,1021,447,0.00,-11273.27,None,N/A,
97.7315,gk,MenuSelection,Menu Selection,1021,448,95.14,9051.04,None,N/A,
97.7414,gk,MenuSelection,Menu Selection,1021,448,0.00,-9577.64,None,N/A,
97.7511,gk,MenuSelection,Menu Selection,1021,448,0.00,0.00,None,N/A,
97.7609,gk,MenuSelection,Menu Selection,1022,449,144.52,14769.19,None,N/A,
97.7719,gk,MenuSelection,Menu Selection,1022,449,0.00,-13107.83,None,N/A,
97.7812,gk,MenuSelection,Menu Selection,1022,451,215.06,23125.28,None,N/A,
97.7919,gk,MenuSelection,Menu Selection,1022,451,0.00,-20170.50,None,N/A,
97.8017,gk,MenuSelection,Menu Selection,1023,453,228.58,23365.80,None,N/A,
97.8116,gk,MenuSelection,Menu Selection,1023,453,0.00,-23133.51,None,N/A,
97.8247,gk,MenuSelection,Menu Selection,1024,455,170.38,12982.82,None,N/A,
97.8318,gk,MenuSelection,Menu Selection,1024,456,140.62,-4185.72,None,N/A,
97.8411,gk,MenuSelection,Menu Selection,1024,457,107.76,-3540.67,None,N/A,
97.8509,gk,MenuSelection,Menu Selection,1024,459,203.81,9788.05,None,N/A,
97.8609,gk,MenuSelection,Menu Selection,1024,460,100.05,-10381.17,None,N/A,
97.8716,gk,MenuSelection,Menu Selection,1024,462,186.00,7993.92,None,N/A,
97.8808,gk,MenuSelection,Menu Selection,1024,463,109.09,-8390.48,None,N/A,
97.8907,gk,MenuSelection,Menu Selection,1024,465,201.32,9284.29,None,N/A,
97.9009,gk,MenuSelection,Menu Selection,1025,466,139.89,-6076.94,None,N/A,
97.9109,gk,MenuSelection,Menu Selection,1025,468,199.13,5897.74,None,N/A,
97.9207,gk,MenuSelection,Menu Selection,1025,469,101.59,-9908.74,None,N/A,
97.9315,gk,MenuSelection,Menu Selection,1026,470,131.93,2829.74,None,N/A,
97.9412,gk,MenuSelection,Menu Selection,1026,472,204.54,7425.62,None,N/A,
97.9511,gk,MenuSelection,Menu Selection,1026,474,202.43,-212.82,None,N/A,
97.9616,gk,MenuSelection,Menu Selection,1027,476,213.68,1074.59,None,N/A,
97.9708,gk,MenuSelection,Menu Selection,1027,478,218.27,501.32,None,N/A,
97.9814,gk,MenuSelection,Menu Selection,1028,480,210.27,-752.27,None,N/A,
97.9915,gk,MenuSelection,Menu Selection,1028,482,198.68,-1151.65,None,N/A,
98.0011,gk,MenuSelection,Menu Selection,1029,484,232.61,3529.50,None,N/A,
98.0109,gk,MenuSelection,Menu Selection,1029,486,203.36,-2974.33,None,N/A,
98.0210,gk,MenuSelection,Menu Selection,1030,488,220.58,1698.93,None,N/A,
98.0315,gk,MenuSelection,Menu Selection,1030,489,95.38,-11941.35,None,N/A,
98.0416,gk,MenuSelection,Menu Selection,1031,492,313.25,21581.61,None,N/A,
98.0512,gk,MenuSelection,Menu Selection,1031,494,208.78,-10905.66,None,N/A,
98.0610,gk,MenuSelection,Menu Selection,1032,496,228.74,2042.75,None,N/A,
98.0711,gk,MenuSelection,Menu Selection,1032,498,197.18,-3111.97,None,N/A,
98.0815,gk,MenuSelection,Menu Selection,1032,500,192.91,-412.00,None,N/A,
98.0908,gk,MenuSelection,Menu Selection,1033,502,240.32,5095.63,None,N/A,
98.1013,gk,MenuSelection,Menu Selection,1033,504,189.89,-4788.08,None,N/A,
98.1107,gk,MenuSelection,Menu Selection,1033,506,214.28,2613.65,None,N/A,
98.1207,gk,MenuSelection,Menu Selection,1033,507,99.19,-11416.28,None,N/A,
98.1308,gk,MenuSelection,Menu Selection,1034,509,222.64,12291.64,None,N/A,
98.1414,gk,MenuSelection,Menu Selection,1034,510,94.14,-12097.07,None,N/A,
98.1510,gk,MenuSelection,Menu Selection,1034,511,104.65,1100.30,None,N/A,
98.1610,gk,MenuSelection,Menu Selection,1034,512,99.13,-547.30,None,N/A,
98.1713,gk,MenuSelection,Menu Selection,1034,513,97.96,-114.77,None,N/A,
98.1817,gk,MenuSelection,Menu Selection,1035,514,135.43,3588.75,None,N/A,
98.1908,gk,MenuSelection,Menu Selection,1035,515,109.48,-2841.75,None,N/A,
98.2016,gk,MenuSelection,Menu Selection,1035,516,93.04,-1529.40,None,N/A,
98.2111,gk,MenuSelection,Menu Selection,1035,517,105.44,1307.86,None,N/A,
98.2207,gk,MenuSelection,Menu Selection,1035,519,207.78,10631.45,None,N/A,
98.2315,gk,MenuSelection,Menu Selection,1035,520,92.23,-10656.99,None,N/A,
98.2406,gk,MenuSelection,Menu Selection,1035,522,219.40,13949.74,None,N/A,
98.2516,gk,MenuSelection,Menu Selection,1035,522,0.00,-20091.13,None,N/A,
98.2611,gk,MenuSelection,Menu Selection,1035,524,208.98,21836.02,None,N/A,
98.2712,gk,MenuSelection,Menu Selection,1035,524,0.00,-20822.91,None,N/A,
98.2816,gk,MenuSelection,Menu Selection,1036,525,135.37,12958.34,None,N/A,
98.2907,gk,MenuSelection,Menu Selection,1036,525,0.00,-14875.45,None,N/A,
98.3013,gk,MenuSelection,Menu Selection,1036,526,94.41,8912.64,None,N/A,
98.3112,gk,MenuSelection,Menu Selection,1036,526,0.00,-9552.51,None,N/A,
98.3209,gk,MenuSelection,Menu Selection,1036,527,102.79,10565.57,None,N/A,
98.3309,gk,MenuSelection,Menu Selection,1036,527,0.00,-10306.67,None,N/A,
98.3415,gk,MenuSelection,Menu Selection,1036,527,0.00,0.00,None,N/A,
98.3515,gk,MenuSelection,Menu Selection,1036,527,0.00,0.00,None,N/A,
98.3614,gk,MenuSelection,Menu Selection,1037,527,101.67,10337.34,None,N/A,
98.3709,gk,MenuSelection,Menu Selection,1037,527,0.00,-10709.08,None,N/A,
98.3813,gk,MenuSelection,Menu Selection,1037,527,0.00,0.00,None,N/A,
98.3907,gk,MenuSelection,Menu Selection,1037,527,0.00,0.00,None,N/A,
98.4011,gk,MenuSelection,Menu Selection,1037,527,0.00,0.00,None,N/A,
98.4116,gk,MenuSelection,Menu Selection,1037,527,0.00,0.00,None,N/A,
98.4213,gk,MenuSelection,Menu Selection,1037,527,0.00,0.00,None,N/A,
98.4308,gk,MenuSelection,Menu Selection,1036,527,105.02,11029.28,None,N/A,
98.4409,gk,MenuSelection,Menu Selection,1036,527,0.00,-10407.02,None,N/A,
98.4516,gk,MenuSelection,Menu Selection,1036,527,0.00,0.00,None,N/A,
98.4615,gk,MenuSelection,Menu Selection,1036,527,0.00,0.00,None,N/A,
98.4716,gk,MenuSelection,Menu Selection,1036,527,0.00,0.00,None,N/A,
98.4817,gk,MenuSelection,Menu Selection,1036,527,0.00,0.00,None,N/A,
98.4914,gk,MenuSelection,Menu Selection,1036,527,0.00,0.00,None,N/A,
98.5012,gk,MenuSelection,Menu Selection,1036,527,0.00,0.00,None,N/A,
98.5113,gk,MenuSelection,Menu Selection,1036,527,0.00,0.00,None,N/A,
98.5209,gk,MenuSelection,Menu Selection,1036,527,0.00,0.00,None,N/A,
98.5315,gk,MenuSelection,Menu Selection,1036,527,0.00,0.00,None,N/A,
98.5411,gk,MenuSelection,Menu Selection,1036,527,0.00,0.00,None,N/A,
98.5515,gk,MenuSelection,Menu Selection,1036,527,0.00,0.00,None,N/A,
98.5610,gk,MenuSelection,Menu Selection,1036,527,0.00,0.00,None,N/A,
98.5716,gk,MenuSelection,Menu Selection,1036,527,0.00,0.00,None,N/A,
98.5812,gk,MenuSelection,Menu Selection,1036,527,0.00,0.00,None,N/A,
98.5908,gk,MenuSelection,Menu Selection,1036,527,0.00,0.00,None,N/A,
98.6016,gk,MenuSelection,Menu Selection,1036,527,0.00,0.00,Left,N/A,
98.6116,gk,MenuSelection,Menu Selection,1036,527,0.00,0.00,Left,N/A,
98.6212,gk,MenuSelection,Menu Selection,1036,527,0.00,0.00,Left,N/A,
98.6317,gk,MenuSelection,Menu Selection,1036,527,0.00,0.00,Left,N/A,
98.6413,gk,MenuSelection,Menu Selection,1036,527,0.00,0.00,Left,N/A,
98.6509,gk,MenuSelection,Menu Selection,1036,527,0.00,0.00,Left,N/A,
98.6615,gk,MenuSelection,Menu Selection,1036,527,0.00,0.00,Left,N/A,
98.6712,gk,MenuSelection,Menu Selection,1036,527,0.00,0.00,Left,N/A,
98.6822,gk,MenuSelection,Menu Selection,1036,527,0.00,0.00,Left,N/A,
98.6908,gk,MenuSelection,Menu Selection,1036,527,0.00,0.00,Left,N/A,
98.7012,gk,MenuSelection,Menu Selection,1036,527,0.00,0.00,Left,N/A,
98.7117,gk,MenuSelection,Menu Selection,1036,527,0.00,0.00,Left,N/A,
98.7213,gk,MenuSelection,Menu Selection,1036,527,0.00,0.00,Left,N/A,
98.7309,gk,MenuSelection,Menu Selection,1036,527,0.00,0.00,Left,N/A,
98.7415,gk,MenuSelection,Menu Selection,1036,527,0.00,0.00,Left,N/A,
98.7516,gk,MenuSelection,Menu Selection,1036,527,0.00,0.00,Left,N/A,
98.7618,gk,MenuSelection,Menu Selection,1036,527,0.00,0.00,Left,N/A,
98.7712,gk,MenuSelection,Menu Selection,1036,527,0.00,0.00,Left,N/A,
98.7731,gk,MenuSelection,Menu Selection,1036,527,0.00,0.00,None,N/A,menu_item_selected_correct
98.7817,gk,MenuSelection,Menu Selection,1036,527,0.00,0.00,None,N/A,
98.7912,gk,MenuSelection,Menu Selection,1036,527,0.00,0.00,None,N/A,
98.8016,gk,MenuSelection,Menu Selection,1036,527,0.00,0.00,None,N/A,
98.8114,gk,MenuSelection,Menu Selection,1036,527,0.00,0.00,None,N/A,
98.8214,gk,MenuSelection,Menu Selection,1036,527,0.00,0.00,None,N/A,
98.8309,gk,MenuSelection,Menu Selection,1036,527,0.00,0.00,None,N/A,
98.8414,gk,MenuSelection,Menu Selection,1036,527,0.00,0.00,None,N/A,
98.8509,gk,MenuSelection,Menu Selection,1036,527,0.00,0.00,None,N/A,
98.8615,gk,MenuSelection,Menu Selection,1036,527,0.00,0.00,None,N/A,
98.8711,gk,MenuSelection,Menu Selection,1036,527,0.00,0.00,None,N/A,
98.8816,gk,MenuSelection,Menu Selection,1036,527,0.00,0.00,None,N/A,
98.8912,gk,MenuSelection,Menu Selection,1036,527,0.00,0.00,None,N/A,
98.9017,gk,MenuSelection,Menu Selection,1036,527,0.00,0.00,None,N/A,
98.9116,gk,MenuSelection,Menu Selection,1036,527,0.00,0.00,None,N/A,
98.9212,gk,MenuSelection,Menu Selection,1036,527,0.00,0.00,None,N/A,
98.9307,gk,MenuSelection,Menu Selection,1036,527,0.00,0.00,None,N/A,
98.9412,gk,MenuSelection,Menu Selection,1036,527,0.00,0.00,None,N/A,
98.9512,gk,MenuSelection,Menu Selection,1036,527,0.00,0.00,None,N/A,
98.9609,gk,MenuSelection,Menu Selection,1036,527,0.00,0.00,None,N/A,
98.9715,gk,MenuSelection,Menu Selection,1036,527,0.00,0.00,None,N/A,
98.9815,gk,MenuSelection,Menu Selection,1036,527,0.00,0.00,None,N/A,
98.9917,gk,MenuSelection,Menu Selection,1036,527,0.00,0.00,None,N/A,
99.0018,gk,MenuSelection,Menu Selection,1036,527,0.00,0.00,None,N/A,
99.0114,gk,MenuSelection,Menu Selection,1036,527,0.00,0.00,None,N/A,
99.0209,gk,MenuSelection,Menu Selection,1036,527,0.00,0.00,None,N/A,
99.0315,gk,MenuSelection,Menu Selection,1036,527,0.00,0.00,None,N/A,
99.0410,gk,MenuSelection,Menu Selection,1036,527,0.00,0.00,None,N/A,
99.0517,gk,MenuSelection,Menu Selection,1036,527,0.00,0.00,None,N/A,
99.0612,gk,MenuSelection,Menu Selection,1036,527,0.00,0.00,None,N/A,
99.0717,gk,MenuSelection,Menu Selection,1036,527,0.00,0.00,None,N/A,
99.0814,gk,MenuSelection,Menu Selection,1036,527,0.00,0.00,None,N/A,
99.0913,gk,MenuSelection,Menu Selection,1036,527,0.00,0.00,None,N/A,
99.1009,gk,MenuSelection,Menu Selection,1036,527,0.00,0.00,None,N/A,
99.1114,gk,MenuSelection,Menu Selection,1036,527,0.00,0.00,None,N/A,
99.1209,gk,MenuSelection,Menu Selection,1036,527,0.00,0.00,None,N/A,
99.1313,gk,MenuSelection,Menu Selection,1036,527,0.00,0.00,None,N/A,
99.1417,gk,MenuSelection,Menu Selection,1034,526,216.41,20945.33,None,N/A,
99.1510,gk,MenuSelection,Menu Selection,1032,525,239.13,2428.76,None,N/A,
99.1616,gk,MenuSelection,Menu Selection,1028,522,474.79,22378.36,None,N/A,
99.1712,gk,MenuSelection,Menu Selection,1025,520,372.38,-10576.87,None,N/A,
99.1811,gk,MenuSelection,Menu Selection,1021,516,574.77,20564.09,None,N/A,
99.1912,gk,MenuSelection,Menu Selection,1019,514,280.52,-29183.49,None,N/A,
99.2012,gk,MenuSelection,Menu Selection,1016,511,421.44,13998.77,None,N/A,
99.2114,gk,MenuSelection,Menu Selection,1012,506,629.27,20424.60,None,N/A,
99.2216,gk,MenuSelection,Menu Selection,1011,503,309.55,-31296.93,None,N/A,
99.2309,gk,MenuSelection,Menu Selection,1007,496,870.62,60587.57,None,N/A,
99.2411,gk,MenuSelection,Menu Selection,1004,492,488.25,-37337.85,None,N/A,
99.2515,gk,MenuSelection,Menu Selection,1000,484,864.84,36412.69,None,N/A,
99.2613,gk,MenuSelection,Menu Selection,997,480,510.85,-36167.00,None,N/A,
99.2709,gk,MenuSelection,Menu Selection,993,473,832.77,33251.98,None,N/A,
99.2814,gk,MenuSelection,Menu Selection,991,469,428.29,-38736.69,None,N/A,
99.2913,gk,MenuSelection,Menu Selection,988,463,678.60,25321.48,None,N/A,
99.3011,gk,MenuSelection,Menu Selection,986,459,456.31,-22681.52,None,N/A,
99.3110,gk,MenuSelection,Menu Selection,985,456,319.01,-13850.60,None,N/A,
99.3214,gk,MenuSelection,Menu Selection,982,450,641.93,30900.48,None,N/A,
99.3315,gk,MenuSelection,Menu Selection,981,448,221.31,-41629.69,None,N/A,
99.3408,gk,MenuSelection,Menu Selection,980,444,444.28,24025.49,None,N/A,
99.3512,gk,MenuSelection,Menu Selection,979,442,215.03,-22045.57,None,N/A,
99.3613,gk,MenuSelection,Menu Selection,978,438,409.09,19254.75,None,N/A,
99.3717,gk,MenuSelection,Menu Selection,977,436,215.63,-18656.05,None,N/A,
99.3813,gk,MenuSelection,Menu Selection,976,432,429.01,22202.54,None,N/A,
99.3908,gk,MenuSelection,Menu Selection,976,430,209.26,-22992.87,None,N/A,
99.4020,gk,MenuSelection,Menu Selection,975,426,370.12,14440.16,None,N/A,
99.4108,gk,MenuSelection,Menu Selection,975,424,225.46,-16307.78,None,N/A,
99.4209,gk,MenuSelection,Menu Selection,975,422,198.40,-2684.42,None,N/A,
99.4315,gk,MenuSelection,Menu Selection,974,419,299.34,9555.54,None,N/A,
99.4413,gk,MenuSelection,Menu Selection,974,417,204.15,-9716.63,None,N/A,
99.4511,gk,MenuSelection,Menu Selection,973,413,419.77,21951.41,None,N/A,
99.4621,gk,MenuSelection,Menu Selection,973,411,181.45,-21621.19,None,N/A,
99.4716,gk,MenuSelection,Menu Selection,972,408,334.13,16132.51,None,N/A,
99.4820,gk,MenuSelection,Menu Selection,972,406,192.28,-13637.39,None,N/A,
99.4911,gk,MenuSelection,Menu Selection,971,403,345.96,16813.96,None,N/A,
99.5011,gk,MenuSelection,Menu Selection,971,402,100.75,-24705.56,None,N/A,
99.5116,gk,MenuSelection,Menu Selection,971,400,189.37,8390.47,None,N/A,
99.5213,gk,MenuSelection,Menu Selection,971,398,206.13,1727.45,None,N/A,
99.5314,gk,MenuSelection,Menu Selection,970,396,222.19,1595.68,None,N/A,
99.5413,gk,MenuSelection,Menu Selection,970,394,201.07,-2122.67,None,N/A,
99.5512,gk,MenuSelection,Menu Selection,970,393,100.97,-10107.51,None,N/A,
99.5609,gk,MenuSelection,Menu Selection,970,390,311.87,21924.48,None,N/A,
99.5712,gk,MenuSelection,Menu Selection,970,389,96.47,-20779.86,None,N/A,
99.5809,gk,MenuSelection,Menu Selection,970,387,206.67,11387.41,None,N/A,
99.5914,gk,MenuSelection,Menu Selection,970,386,95.23,-10612.65,None,N/A,
99.6010,gk,MenuSelection,Menu Selection,970,384,207.63,11668.36,None,N/A,
99.6108,gk,MenuSelection,Menu Selection,970,383,102.49,-10775.66,None,N/A,
99.6215,gk,MenuSelection,Menu Selection,970,381,186.15,7786.80,None,N/A,
99.6314,gk,MenuSelection,Menu Selection,970,380,101.24,-8596.53,None,N/A,
99.6408,gk,MenuSelection,Menu Selection,970,379,106.45,554.15,None,N/A,
99.6509,gk,MenuSelection,Menu Selection,970,379,0.00,-10521.74,None,N/A,
99.6617,gk,MenuSelection,Menu Selection,970,378,93.13,8673.62,None,N/A,
99.6714,gk,MenuSelection,Menu Selection,970,378,0.00,-9577.66,None,N/A,
99.6814,gk,MenuSelection,Menu Selection,970,378,0.00,0.00,None,N/A,
99.6910,gk,MenuSelection,Menu Selection,971,377,147.18,15316.52,None,N/A,
99.7010,gk,MenuSelection,Menu Selection,971,377,0.00,-14779.65,None,N/A,
99.7109,gk,MenuSelection,Menu Selection,972,377,100.53,10106.24,None,N/A,
99.7216,gk,MenuSelection,Menu Selection,972,377,0.00,-9396.58,None,N/A,
99.7314,gk,MenuSelection,Menu Selection,972,377,0.00,0.00,None,N/A,
99.7413,gk,MenuSelection,Menu Selection,972,377,0.00,0.00,None,N/A,
99.7510,gk,MenuSelection,Menu Selection,972,377,0.00,0.00,None,N/A,
99.7615,gk,MenuSelection,Menu Selection,972,377,0.00,0.00,None,N/A,
99.7710,gk,MenuSelection,Menu Selection,972,377,0.00,0.00,None,N/A,
99.7817,gk,MenuSelection,Menu Selection,972,377,0.00,0.00,None,N/A,
99.7912,gk,MenuSelection,Menu Selection,972,377,0.00,0.00,None,N/A,
99.8008,gk,MenuSelection,Menu Selection,972,377,0.00,0.00,None,N/A,
99.8113,gk,MenuSelection,Menu Selection,972,377,0.00,0.00,None,N/A,
99.8209,gk,MenuSelection,Menu Selection,972,377,0.00,0.00,None,N/A,
99.8314,gk,MenuSelection,Menu Selection,972,377,0.00,0.00,None,N/A,
99.8409,gk,MenuSelection,Menu Selection,972,377,0.00,0.00,None,N/A,
99.8514,gk,MenuSelection,Menu Selection,972,377,0.00,0.00,None,N/A,
99.8611,gk,MenuSelection,Menu Selection,972,377,0.00,0.00,None,N/A,
99.8717,gk,MenuSelection,Menu Selection,972,377,0.00,0.00,None,N/A,
99.8814,gk,MenuSelection,Menu Selection,972,377,0.00,0.00,None,N/A,
99.8909,gk,MenuSelection,Menu Selection,972,377,0.00,0.00,None,N/A,
99.9015,gk,MenuSelection,Menu Selection,972,377,0.00,0.00,None,N/A,
99.9108,gk,MenuSelection,Menu Selection,972,377,0.00,0.00,None,N/A,
99.9215,gk,MenuSelection,Menu Selection,972,377,0.00,0.00,None,N/A,
99.9313,gk,MenuSelection,Menu Selection,972,377,0.00,0.00,None,N/A,
99.9409,gk,MenuSelection,Menu Selection,972,377,0.00,0.00,None,N/A,
99.9514,gk,MenuSelection,Menu Selection,972,377,0.00,0.00,None,N/A,
99.9608,gk,MenuSelection,Menu Selection,972,377,0.00,0.00,Left,N/A,
99.9713,gk,MenuSelection,Menu Selection,972,377,0.00,0.00,Left,N/A,
99.9809,gk,MenuSelection,Menu Selection,972,377,0.00,0.00,Left,N/A,
99.9909,gk,MenuSelection,Menu Selection,972,377,0.00,0.00,Left,N/A,
100.0015,gk,MenuSelection,Menu Selection,972,377,0.00,0.00,Left,N/A,
100.0111,gk,MenuSelection,Menu Selection,972,377,0.00,0.00,Left,N/A,
100.0217,gk,MenuSelection,Menu Selection,972,377,0.00,0.00,Left,N/A,
100.0317,gk,MenuSelection,Menu Selection,972,377,0.00,0.00,Left,N/A,
100.0415,gk,MenuSelection,Menu Selection,972,377,0.00,0.00,Left,N/A,
100.0516,gk,MenuSelection,Menu Selection,972,377,0.00,0.00,Left,N/A,
100.0615,gk,MenuSelection,Menu Selection,972,377,0.00,0.00,Left,N/A,
100.0715,gk,MenuSelection,Menu Selection,972,377,0.00,0.00,Left,N/A,
100.0817,gk,MenuSelection,Menu Selection,972,377,0.00,0.00,Left,N/A,
100.0919,gk,MenuSelection,Menu Selection,972,377,0.00,0.00,Left,N/A,
100.1014,gk,MenuSelection,Menu Selection,972,377,0.00,0.00,Left,N/A,
100.1109,gk,MenuSelection,Menu Selection,972,377,0.00,0.00,Left,N/A,
100.1215,gk,MenuSelection,Menu Selection,972,377,0.00,0.00,Left,N/A,
100.1315,gk,MenuSelection,Menu Selection,972,377,0.00,0.00,Left,N/A,
100.1453,gk,MenuSelection,Menu Selection,972,377,0.00,0.00,None,N/A,
100.1509,gk,MenuSelection,Menu Selection,972,377,0.00,0.00,None,N/A,
100.1614,gk,MenuSelection,Menu Selection,972,377,0.00,0.00,None,N/A,
100.1709,gk,MenuSelection,Menu Selection,972,377,0.00,0.00,None,N/A,
100.1814,gk,MenuSelection,Menu Selection,972,377,0.00,0.00,None,N/A,
100.1909,gk,MenuSelection,Menu Selection,972,377,0.00,0.00,None,N/A,
100.2017,gk,MenuSelection,Menu Selection,972,377,0.00,0.00,None,N/A,
100.2117,gk,MenuSelection,Menu Selection,972,377,0.00,0.00,None,N/A,
100.2217,gk,MenuSelection,Menu Selection,972,377,0.00,0.00,None,N/A,
100.2313,gk,MenuSelection,Menu Selection,972,377,0.00,0.00,None,N/A,
100.2410,gk,MenuSelection,Menu Selection,972,377,0.00,0.00,None,N/A,
100.2520,gk,MenuSelection,Menu Selection,972,377,0.00,0.00,None,N/A,
100.2620,gk,MenuSelection,Menu Selection,972,377,0.00,0.00,None,N/A,
100.2721,gk,MenuSelection,Menu Selection,972,377,0.00,0.00,None,N/A,
100.2821,gk,MenuSelection,Menu Selection,972,377,0.00,0.00,None,N/A,
100.2908,gk,MenuSelection,Menu Selection,972,377,0.00,0.00,None,N/A,
100.3014,gk,MenuSelection,Menu Selection,972,377,0.00,0.00,None,N/A,
100.3108,gk,MenuSelection,Menu Selection,972,377,0.00,0.00,None,N/A,
100.3214,gk,MenuSelection,Menu Selection,972,377,0.00,0.00,None,N/A,
100.3308,gk,MenuSelection,Menu Selection,972,377,0.00,0.00,None,N/A,
100.3413,gk,MenuSelection,Menu Selection,972,377,0.00,0.00,None,N/A,
100.3507,gk,MenuSelection,Menu Selection,972,377,0.00,0.00,None,N/A,
100.3612,gk,MenuSelection,Menu Selection,972,377,0.00,0.00,None,N/A,
100.3717,gk,MenuSelection,Menu Selection,972,377,0.00,0.00,None,N/A,
100.3812,gk,MenuSelection,Menu Selection,972,377,0.00,0.00,None,N/A,
100.3910,gk,MenuSelection,Menu Selection,972,377,0.00,0.00,None,N/A,
100.4014,gk,MenuSelection,Menu Selection,972,377,0.00,0.00,None,N/A,
100.4109,gk,MenuSelection,Menu Selection,972,377,0.00,0.00,None,N/A,
100.4215,gk,MenuSelection,Menu Selection,972,377,0.00,0.00,None,N/A,
100.4315,gk,MenuSelection,Menu Selection,972,377,0.00,0.00,None,N/A,
100.4411,gk,MenuSelection,Menu Selection,972,378,104.07,10830.95,None,N/A,
100.4511,gk,MenuSelection,Menu Selection,972,380,199.92,9580.86,None,N/A,
100.4614,gk,MenuSelection,Menu Selection,972,381,97.28,-9984.75,None,N/A,
100.4710,gk,MenuSelection,Menu Selection,972,382,104.33,735.42,None,N/A,
100.4817,gk,MenuSelection,Menu Selection,971,383,131.98,2580.83,None,N/A,
100.4916,gk,MenuSelection,Menu Selection,971,384,100.57,-3159.62,None,N/A,
100.5011,gk,MenuSelection,Menu Selection,971,385,106.20,598.45,None,N/A,
100.5108,gk,MenuSelection,Menu Selection,971,386,102.35,-393.91,None,N/A,
100.5214,gk,MenuSelection,Menu Selection,970,386,94.21,-767.33,None,N/A,
100.5308,gk,MenuSelection,Menu Selection,970,387,106.82,1347.65,None,N/A,
100.5412,gk,MenuSelection,Menu Selection,969,388,136.49,2863.03,None,N/A,
100.5516,gk,MenuSelection,Menu Selection,969,389,96.16,-3877.97,None,N/A,
100.5609,gk,MenuSelection,Menu Selection,968,390,151.64,5949.23,None,N/A,
100.5715,gk,MenuSelection,Menu Selection,967,391,133.49,-1713.40,None,N/A,
100.5813,gk,MenuSelection,Menu Selection,966,392,143.43,1008.33,None,N/A,
100.5912,gk,MenuSelection,Menu Selection,966,393,100.95,-4288.82,None,N/A,
100.6011,gk,MenuSelection,Menu Selection,965,394,143.45,4311.33,None,N/A,
100.6116,gk,MenuSelection,Menu Selection,964,396,212.28,6535.00,None,N/A,
100.6215,gk,MenuSelection,Menu Selection,964,397,101.34,-11243.15,None,N/A,
100.6312,gk,MenuSelection,Menu Selection,963,398,146.12,4626.59,None,N/A,
100.6412,gk,MenuSelection,Menu Selection,963,399,99.60,-4633.21,None,N/A,
100.6511,gk,MenuSelection,Menu Selection,962,400,142.68,4346.93,None,N/A,
100.6617,gk,MenuSelection,Menu Selection,962,401,94.49,-4554.02,None,N/A,
100.6707,gk,MenuSelection,Menu Selection,962,401,0.00,-10539.35,None,N/A,
100.6816,gk,MenuSelection,Menu Selection,962,402,91.48,8368.37,None,N/A,
100.6910,gk,MenuSelection,Menu Selection,962,402,0.00,-9739.81,None,N/A,
100.7012,gk,MenuSelection,Menu Selection,962,402,0.00,0.00,None,N/A,
100.7108,gk,MenuSelection,Menu Selection,962,403,104.06,10827.73,None,N/A,
100.7215,gk,MenuSelection,Menu Selection,962,404,93.18,-1013.64,None,N/A,
100.7308,gk,MenuSelection,Menu Selection,962,404,0.00,-10026.32,None,N/A,
100.7413,gk,MenuSelection,Menu Selection,962,405,95.46,9112.54,None,N/A,
100.7514,gk,MenuSelection,Menu Selection,962,405,0.00,-9487.16,None,N/A,
100.7607,gk,MenuSelection,Menu Selection,962,406,106.80,11407.12,None,N/A,
100.7720,gk,MenuSelection,Menu Selection,962,406,0.00,-9451.82,None,N/A,
100.7811,gk,MenuSelection,Menu Selection,962,407,110.01,12101.29,None,N/A,
100.7915,gk,MenuSelection,Menu Selection,962,407,0.00,-10621.75,None,N/A,
100.8009,gk,MenuSelection,Menu Selection,962,407,0.00,0.00,None,N/A,
100.8112,gk,MenuSelection,Menu Selection,962,408,97.00,9409.11,None,N/A,
100.8208,gk,MenuSelection,Menu Selection,962,409,103.85,711.34,None,N/A,
100.8313,gk,MenuSelection,Menu Selection,962,410,95.48,-798.89,None,N/A,
100.8412,gk,MenuSelection,Menu Selection,962,411,101.03,559.96,None,N/A,
100.8508,gk,MenuSelection,Menu Selection,962,412,104.48,360.45,None,N/A,
100.8607,gk,MenuSelection,Menu Selection,963,413,142.49,3830.31,None,N/A,
100.8708,gk,MenuSelection,Menu Selection,963,414,99.41,-4282.75,None,N/A,
100.8814,gk,MenuSelection,Menu Selection,964,414,93.80,-526.51,None,N/A,
100.8910,gk,MenuSelection,Menu Selection,964,415,104.69,1140.74,None,N/A,
100.9012,gk,MenuSelection,Menu Selection,964,415,0.00,-10206.71,None,N/A,
100.9109,gk,MenuSelection,Menu Selection,964,416,103.36,10682.53,None,N/A,
100.9216,gk,MenuSelection,Menu Selection,964,417,93.50,-921.24,None,N/A,
100.9307,gk,MenuSelection,Menu Selection,964,417,0.00,-10258.27,None,N/A,
100.9414,gk,MenuSelection,Menu Selection,964,417,0.00,0.00,None,N/A,
100.9511,gk,MenuSelection,Menu Selection,964,418,103.27,10664.13,None,N/A,
100.9607,gk,MenuSelection,Menu Selection,965,418,103.68,42.61,None,N/A,
100.9712,gk,MenuSelection,Menu Selection,965,418,0.00,-9937.34,None,N/A,
100.9817,gk,MenuSelection,Menu Selection,965,418,0.00,0.00,None,N/A,
100.9911,gk,MenuSelection,Menu Selection,965,418,0.00,0.00,None,N/A,
101.0015,gk,MenuSelection,Menu Selection,965,418,0.00,0.00,None,N/A,
101.0109,gk,MenuSelection,Menu Selection,965,418,0.00,0.00,None,N/A,
101.0209,gk,MenuSelection,Menu Selection,965,418,0.00,0.00,None,N/A,
101.0313,gk,MenuSelection,Menu Selection,965,418,0.00,0.00,None,N/A,
101.0415,gk,MenuSelection,Menu Selection,966,419,138.52,13567.53,None,N/A,
101.0513,gk,MenuSelection,Menu Selection,966,419,0.00,-14055.28,None,N/A,
101.0613,gk,MenuSelection,Menu Selection,967,420,141.20,14098.43,None,N/A,
101.0709,gk,MenuSelection,Menu Selection,967,420,0.00,-14849.61,None,N/A,
101.0815,gk,MenuSelection,Menu Selection,968,420,93.61,8762.50,None,N/A,
101.0971,gk,MenuSelection,Menu Selection,968,421,64.42,-1880.35,None,N/A,
101.1010,gk,MenuSelection,Menu Selection,968,421,0.00,-16406.08,None,N/A,
101.1116,gk,MenuSelection,Menu Selection,968,421,0.00,0.00,None,N/A,
101.1212,gk,MenuSelection,Menu Selection,968,421,0.00,0.00,None,N/A,
101.1317,gk,MenuSelection,Menu Selection,969,421,94.89,9004.82,None,N/A,
101.1415,gk,MenuSelection,Menu Selection,969,421,0.00,-9648.34,None,N/A,
101.1510,gk,MenuSelection,Menu Selection,969,421,0.00,0.00,None,N/A,
101.1611,gk,MenuSelection,Menu Selection,970,421,99.69,9937.37,None,N/A,
101.1712,gk,MenuSelection,Menu Selection,970,421,0.00,-9880.31,None,N/A,
101.1808,gk,MenuSelection,Menu Selection,971,421,103.63,10738.56,None,N/A,
101.1915,gk,MenuSelection,Menu Selection,972,422,131.81,2626.58,None,N/A,
101.2009,gk,MenuSelection,Menu Selection,974,422,213.27,8686.88,None,N/A,
101.2108,gk,MenuSelection,Menu Selection,974,423,100.99,-11339.28,None,N/A,
101.2217,gk,MenuSelection,Menu Selection,977,423,276.80,16222.11,None,N/A,
101.2315,gk,MenuSelection,Menu Selection,978,424,142.90,-13530.33,None,N/A,
101.2411,gk,MenuSelection,Menu Selection,981,424,313.62,17848.07,None,N/A,
101.2516,gk,MenuSelection,Menu Selection,983,425,214.23,-9522.64,None,N/A,
101.2609,gk,MenuSelection,Menu Selection,986,425,321.01,11425.74,None,N/A,
101.2717,gk,MenuSelection,Menu Selection,987,426,131.11,-17605.39,None,N/A,
101.2815,gk,MenuSelection,Menu Selection,990,426,305.06,17687.40,None,N/A,
101.2913,gk,MenuSelection,Menu Selection,991,427,144.33,-16403.11,None,N/A,
101.3011,gk,MenuSelection,Menu Selection,992,427,102.09,-4312.80,None,N/A,
101.3108,gk,MenuSelection,Menu Selection,994,428,230.61,13255.21,None,N/A,
101.3208,gk,MenuSelection,Menu Selection,995,428,100.56,-13078.11,None,N/A,
101.3315,gk,MenuSelection,Menu Selection,997,428,185.75,7912.11,None,N/A,
101.3414,gk,MenuSelection,Menu Selection,998,428,100.93,-8561.21,None,N/A,
101.3510,gk,MenuSelection,Menu Selection,1000,428,207.93,11123.90,None,N/A,
101.3608,gk,MenuSelection,Menu Selection,1001,428,102.72,-10806.87,None,N/A,
101.3709,gk,MenuSelection,Menu Selection,1003,429,221.07,11700.90,None,N/A,
101.3814,gk,MenuSelection,Menu Selection,1004,429,95.08,-11979.26,None,N/A,
101.3913,gk,MenuSelection,Menu Selection,1006,430,226.46,13305.41,None,N/A,
101.4011,gk,MenuSelection,Menu Selection,1007,430,102.27,-12700.74,None,N/A,
101.4108,gk,MenuSelection,Menu Selection,1008,431,145.71,4475.72,None,N/A,
101.4210,gk,MenuSelection,Menu Selection,1009,431,97.89,-4681.39,None,N/A,
101.4315,gk,MenuSelection,Menu Selection,1010,431,95.30,-246.52,None,N/A,
101.4415,gk,MenuSelection,Menu Selection,1011,431,99.36,403.57,None,N/A,
101.4514,gk,MenuSelection,Menu Selection,1012,431,101.74,242.04,None,N/A,
101.4616,gk,MenuSelection,Menu Selection,1013,432,138.38,3585.38,None,N/A,
101.4711,gk,MenuSelection,Menu Selection,1013,432,0.00,-14577.18,None,N/A,
101.4806,gk,MenuSelection,Menu Selection,1014,432,104.66,10954.55,None,N/A,
101.4913,gk,MenuSelection,Menu Selection,1014,433,93.43,-1049.51,None,N/A,
101.5014,gk,MenuSelection,Menu Selection,1015,433,99.29,581.49,None,N/A,
101.5108,gk,MenuSelection,Menu Selection,1015,434,106.96,820.26,None,N/A,
101.5216,gk,MenuSelection,Menu Selection,1016,434,92.00,-1375.81,None,N/A,
101.5315,gk,MenuSelection,Menu Selection,1017,435,143.12,5172.78,None,N/A,
101.5408,gk,MenuSelection,Menu Selection,1017,435,0.00,-15376.36,None,N/A,
101.5511,gk,MenuSelection,Menu Selection,1018,436,138.07,13480.51,None,N/A,
101.5613,gk,MenuSelection,Menu Selection,1018,436,0.00,-13493.39,None,N/A,
101.5716,gk,MenuSelection,Menu Selection,1019,437,136.68,13209.77,None,N/A,
101.5809,gk,MenuSelection,Menu Selection,1019,437,0.00,-14721.70,None,N/A,
101.5913,gk,MenuSelection,Menu Selection,1020,438,136.37,13150.32,None,N/A,
101.6014,gk,MenuSelection,Menu Selection,1020,438,0.00,-13487.69,None,N/A,
101.6113,gk,MenuSelection,Menu Selection,1021,439,142.66,14390.17,None,N/A,
101.6211,gk,MenuSelection,Menu Selection,1021,439,0.00,-14600.50,None,N/A,
101.6309,gk,MenuSelection,Menu Selection,1021,439,0.00,0.00,None,N/A,
101.6416,gk,MenuSelection,Menu Selection,1022,440,131.88,12299.09,None,N/A,
101.6515,gk,MenuSelection,Menu Selection,1022,440,0.00,-13334.72,None,N/A,
101.6615,gk,MenuSelection,Menu Selection,1023,440,100.89,10178.32,None,N/A,
101.6713,gk,MenuSelection,Menu Selection,1023,440,0.00,-10242.38,None,N/A,
101.6810,gk,MenuSelection,Menu Selection,1023,440,0.00,0.00,None,N/A,
101.6916,gk,MenuSelection,Menu Selection,1023,440,0.00,0.00,None,N/A,
101.7010,gk,MenuSelection,Menu Selection,1023,440,0.00,0.00,None,N/A,
101.7115,gk,MenuSelection,Menu Selection,1023,440,0.00,0.00,None,N/A,
101.7209,gk,MenuSelection,Menu Selection,1023,440,0.00,0.00,None,N/A,
101.7317,gk,MenuSelection,Menu Selection,1023,441,92.75,8602.03,None,N/A,
101.7414,gk,MenuSelection,Menu Selection,1024,441,102.80,1033.61,None,N/A,
101.7515,gk,MenuSelection,Menu Selection,1024,441,0.00,-10177.53,None,N/A,
101.7614,gk,MenuSelection,Menu Selection,1024,441,0.00,0.00,None,N/A,
101.7708,gk,MenuSelection,Menu Selection,1024,442,105.83,11200.82,None,N/A,
101.7809,gk,MenuSelection,Menu Selection,1024,442,0.00,-10497.06,None,N/A,
101.7912,gk,MenuSelection,Menu Selection,1024,442,0.00,0.00,None,N/A,
101.8008,gk,MenuSelection,Menu Selection,1024,442,0.00,0.00,None,N/A,
101.8112,gk,MenuSelection,Menu Selection,1024,442,0.00,0.00,None,N/A,
101.8216,gk,MenuSelection,Menu Selection,1024,442,0.00,0.00,None,N/A,
101.8311,gk,MenuSelection,Menu Selection,1024,442,0.00,0.00,None,N/A,
101.8407,gk,MenuSelection,Menu Selection,1024,442,0.00,0.00,None,N/A,
101.8515,gk,MenuSelection,Menu Selection,1024,443,92.59,8572.81,None,N/A,
101.8611,gk,MenuSelection,Menu Selection,1025,443,104.20,1209.35,None,N/A,
101.8713,gk,MenuSelection,Menu Selection,1025,443,0.00,-10240.40,None,N/A,
101.8815,gk,MenuSelection,Menu Selection,1025,445,195.58,19125.71,None,N/A,
101.8908,gk,MenuSelection,Menu Selection,1025,445,0.00,-21036.56,None,N/A,
101.9012,gk,MenuSelection,Menu Selection,1026,447,214.43,20563.02,None,N/A,
101.9113,gk,MenuSelection,Menu Selection,1026,447,0.00,-21212.42,None,N/A,
101.9210,gk,MenuSelection,Menu Selection,1026,448,103.71,10756.09,None,N/A,
101.9313,gk,MenuSelection,Menu Selection,1026,448,0.00,-10046.61,None,N/A,
101.9414,gk,MenuSelection,Menu Selection,1026,449,98.52,9706.25,None,N/A,
101.9515,gk,MenuSelection,Menu Selection,1026,449,0.00,-9747.00,None,N/A,
101.9612,gk,MenuSelection,Menu Selection,1026,450,103.75,10763.54,None,N/A,
101.9709,gk,MenuSelection,Menu Selection,1027,450,103.37,-38.85,None,N/A,
101.9809,gk,MenuSelection,Menu Selection,1027,450,0.00,-10245.81,None,N/A,
101.9910,gk,MenuSelection,Menu Selection,1027,451,99.28,9855.69,None,N/A,
102.0016,gk,MenuSelection,Menu Selection,1027,451,0.00,-9372.52,None,N/A,
102.0108,gk,MenuSelection,Menu Selection,1027,452,108.46,11764.45,None,N/A,
102.0210,gk,MenuSelection,Menu Selection,1028,452,97.96,-1029.08,None,N/A,
102.0310,gk,MenuSelection,Menu Selection,1028,452,0.00,-9808.76,None,N/A,
102.0409,gk,MenuSelection,Menu Selection,1028,452,0.00,0.00,None,N/A,
102.0512,gk,MenuSelection,Menu Selection,1029,451,136.56,13186.06,None,N/A,
102.0610,gk,MenuSelection,Menu Selection,1030,451,102.70,-3477.09,None,N/A,
102.0711,gk,MenuSelection,Menu Selection,1031,450,140.15,3711.46,None,N/A,
102.0815,gk,MenuSelection,Menu Selection,1032,449,136.13,-387.02,None,N/A,
102.0916,gk,MenuSelection,Menu Selection,1033,447,221.10,8402.05,None,N/A,
102.1014,gk,MenuSelection,Menu Selection,1034,446,143.75,-7862.90,None,N/A,
102.1109,gk,MenuSelection,Menu Selection,1034,445,105.51,-4034.24,None,N/A,
102.1207,gk,MenuSelection,Menu Selection,1036,442,365.86,26417.96,None,N/A,
102.1316,gk,MenuSelection,Menu Selection,1036,441,92.28,-25246.20,None,N/A,
102.1412,gk,MenuSelection,Menu Selection,1038,439,292.49,20704.47,None,N/A,
102.1514,gk,MenuSelection,Menu Selection,1038,438,98.31,-19090.29,None,N/A,
102.1608,gk,MenuSelection,Menu Selection,1040,436,301.94,21738.15,None,N/A,
102.1710,gk,MenuSelection,Menu Selection,1040,435,97.79,-19963.96,None,N/A,
102.1807,gk,MenuSelection,Menu Selection,1041,433,229.78,13562.69,None,N/A,
102.1909,gk,MenuSelection,Menu Selection,1041,433,0.00,-22574.45,None,N/A,
102.2014,gk,MenuSelection,Menu Selection,1042,432,134.94,12876.52,None,N/A,
102.2110,gk,MenuSelection,Menu Selection,1042,431,103.86,-3228.63,None,N/A,
102.2208,gk,MenuSelection,Menu Selection,1043,431,102.44,-145.00,None,N/A,
102.2312,gk,MenuSelection,Menu Selection,1043,430,96.45,-577.61,None,N/A,
102.2409,gk,MenuSelection,Menu Selection,1043,430,0.00,-9886.07,None,N/A,
102.2516,gk,MenuSelection,Menu Selection,1043,430,0.00,0.00,None,N/A,
102.2612,gk,MenuSelection,Menu Selection,1043,430,0.00,0.00,None,N/A,
102.2713,gk,MenuSelection,Menu Selection,1043,430,0.00,0.00,None,N/A,
102.2808,gk,MenuSelection,Menu Selection,1043,430,0.00,0.00,None,N/A,
102.2911,gk,MenuSelection,Menu Selection,1043,430,0.00,0.00,None,N/A,
102.3014,gk,MenuSelection,Menu Selection,1043,430,0.00,0.00,None,N/A,
102.3110,gk,MenuSelection,Menu Selection,1043,430,0.00,0.00,None,N/A,
102.3214,gk,MenuSelection,Menu Selection,1043,430,0.00,0.00,None,N/A,
102.3315,gk,MenuSelection,Menu Selection,1043,430,0.00,0.00,None,N/A,
102.3412,gk,MenuSelection,Menu Selection,1043,430,0.00,0.00,None,N/A,
102.3521,gk,MenuSelection,Menu Selection,1043,430,0.00,0.00,None,N/A,
102.3609,gk,MenuSelection,Menu Selection,1043,430,0.00,0.00,None,N/A,
102.3714,gk,MenuSelection,Menu Selection,1043,430,0.00,0.00,None,N/A,
102.3809,gk,MenuSelection,Menu Selection,1043,430,0.00,0.00,None,N/A,
102.3914,gk,MenuSelection,Menu Selection,1043,430,0.00,0.00,None,N/A,
102.4010,gk,MenuSelection,Menu Selection,1043,430,0.00,0.00,None,N/A,
102.4113,gk,MenuSelection,Menu Selection,1043,430,0.00,0.00,None,N/A,
102.4209,gk,MenuSelection,Menu Selection,1043,430,0.00,0.00,None,N/A,
102.4312,gk,MenuSelection,Menu Selection,1043,429,97.37,9480.01,None,N/A,
102.4417,gk,MenuSelection,Menu Selection,1043,429,0.00,-9292.55,None,N/A,
102.4513,gk,MenuSelection,Menu Selection,1043,429,0.00,0.00,None,N/A,
102.4613,gk,MenuSelection,Menu Selection,1043,429,0.00,0.00,None,N/A,
102.4715,gk,MenuSelection,Menu Selection,1043,429,0.00,0.00,None,N/A,
102.4817,gk,MenuSelection,Menu Selection,1043,429,0.00,0.00,None,N/A,
102.4918,gk,MenuSelection,Menu Selection,1043,429,0.00,0.00,None,N/A,
102.5014,gk,MenuSelection,Menu Selection,1043,429,0.00,0.00,None,N/A,
102.5114,gk,MenuSelection,Menu Selection,1043,429,0.00,0.00,None,N/A,
102.5215,gk,MenuSelection,Menu Selection,1043,429,0.00,0.00,None,N/A,
102.5312,gk,MenuSelection,Menu Selection,1043,429,0.00,0.00,None,N/A,
102.5408,gk,MenuSelection,Menu Selection,1043,429,0.00,0.00,None,N/A,
102.5513,gk,MenuSelection,Menu Selection,1043,429,0.00,0.00,None,N/A,
102.5607,gk,MenuSelection,Menu Selection,1043,429,0.00,0.00,None,N/A,
102.5716,gk,MenuSelection,Menu Selection,1043,429,0.00,0.00,None,N/A,
102.5812,gk,MenuSelection,Menu Selection,1043,429,0.00,0.00,None,N/A,
102.5917,gk,MenuSelection,Menu Selection,1043,429,0.00,0.00,None,N/A,
102.6015,gk,MenuSelection,Menu Selection,1043,429,0.00,0.00,None,N/A,
102.6116,gk,MenuSelection,Menu Selection,1043,429,0.00,0.00,Left,N/A,
102.6211,gk,MenuSelection,Menu Selection,1043,429,0.00,0.00,Left,N/A,
102.6319,gk,MenuSelection,Menu Selection,1043,429,0.00,0.00,Left,N/A,
102.6420,gk,MenuSelection,Menu Selection,1043,429,0.00,0.00,Left,N/A,
102.6516,gk,MenuSelection,Menu Selection,1043,429,0.00,0.00,Left,N/A,
102.6612,gk,MenuSelection,Menu Selection,1043,429,0.00,0.00,Left,N/A,
102.6712,gk,MenuSelection,Menu Selection,1043,429,0.00,0.00,Left,N/A,
102.6809,gk,MenuSelection,Menu Selection,1043,429,0.00,0.00,Left,N/A,
102.6915,gk,MenuSelection,Menu Selection,1043,429,0.00,0.00,Left,N/A,
102.7012,gk,MenuSelection,Menu Selection,1043,429,0.00,0.00,Left,N/A,
102.7117,gk,MenuSelection,Menu Selection,1043,429,0.00,0.00,Left,N/A,
102.7213,gk,MenuSelection,Menu Selection,1043,429,0.00,0.00,Left,N/A,
102.7308,gk,MenuSelection,Menu Selection,1043,429,0.00,0.00,Left,N/A,
102.7414,gk,MenuSelection,Menu Selection,1043,429,0.00,0.00,Left,N/A,
102.7510,gk,MenuSelection,Menu Selection,1043,429,0.00,0.00,Left,N/A,
102.7617,gk,MenuSelection,Menu Selection,1043,429,0.00,0.00,Left,N/A,
102.7718,gk,MenuSelection,Menu Selection,1043,429,0.00,0.00,Left,N/A,
102.7815,gk,MenuSelection,Menu Selection,1043,429,0.00,0.00,Left,N/A,
102.7880,gk,MenuSelection,Menu Selection,1043,429,0.00,0.00,None,N/A,menu_item_selected_correct
102.7942,gk,MenuSelection,Menu Selection,1043,429,0.00,0.00,None,N/A,
102.8013,gk,MenuSelection,Menu Selection,1043,429,0.00,0.00,None,N/A,
102.8108,gk,MenuSelection,Menu Selection,1043,429,0.00,0.00,None,N/A,
102.8213,gk,MenuSelection,Menu Selection,1043,429,0.00,0.00,None,N/A,
102.8308,gk,MenuSelection,Menu Selection,1043,429,0.00,0.00,None,N/A,
102.8413,gk,MenuSelection,Menu Selection,1043,429,0.00,0.00,None,N/A,
102.8509,gk,MenuSelection,Menu Selection,1043,429,0.00,0.00,None,N/A,
102.8614,gk,MenuSelection,Menu Selection,1043,429,0.00,0.00,None,N/A,
102.8709,gk,MenuSelection,Menu Selection,1043,429,0.00,0.00,None,N/A,
102.8814,gk,MenuSelection,Menu Selection,1043,429,0.00,0.00,None,N/A,
102.8908,gk,MenuSelection,Menu Selection,1043,429,0.00,0.00,None,N/A,
102.9012,gk,MenuSelection,Menu Selection,1043,429,0.00,0.00,None,N/A,
102.9116,gk,MenuSelection,Menu Selection,1043,429,0.00,0.00,None,N/A,
102.9216,gk,MenuSelection,Menu Selection,1043,429,0.00,0.00,None,N/A,
102.9314,gk,MenuSelection,Menu Selection,1043,429,0.00,0.00,None,N/A,
102.9410,gk,MenuSelection,Menu Selection,1043,429,0.00,0.00,None,N/A,
102.9520,gk,MenuSelection,Menu Selection,1043,429,0.00,0.00,None,N/A,
102.9620,gk,MenuSelection,Menu Selection,1043,429,0.00,0.00,None,N/A,
102.9717,gk,MenuSelection,Menu Selection,1043,429,0.00,0.00,None,N/A,
102.9817,gk,MenuSelection,Menu Selection,1043,429,0.00,0.00,None,N/A,
102.9917,gk,MenuSelection,Menu Selection,1043,429,0.00,0.00,None,N/A,
103.0023,gk,MenuSelection,Menu Selection,1043,429,0.00,0.00,None,N/A,
103.0108,gk,MenuSelection,Menu Selection,1043,429,0.00,0.00,None,N/A,
103.0213,gk,MenuSelection,Menu Selection,1043,429,0.00,0.00,None,N/A,
103.0309,gk,MenuSelection,Menu Selection,1043,429,0.00,0.00,None,N/A,
103.0415,gk,MenuSelection,Menu Selection,1043,429,0.00,0.00,None,N/A,
103.0512,gk,MenuSelection,Menu Selection,1043,429,0.00,0.00,None,N/A,
103.0607,gk,MenuSelection,Menu Selection,1043,429,0.00,0.00,None,N/A,
103.0716,gk,MenuSelection,Menu Selection,1043,429,0.00,0.00,None,N/A,
103.0814,gk,MenuSelection,Menu Selection,1043,429,0.00,0.00,None,N/A,
103.0912,gk,MenuSelection,Menu Selection,1043,429,0.00,0.00,None,N/A,
103.1009,gk,MenuSelection,Menu Selection,1043,429,0.00,0.00,None,N/A,
103.1119,gk,MenuSelection,Menu Selection,1043,429,0.00,0.00,None,N/A,
103.1215,gk,MenuSelection,Menu Selection,1043,429,0.00,0.00,None,N/A,
103.1312,gk,MenuSelection,Menu Selection,1043,429,0.00,0.00,None,N/A,
103.1416,gk,MenuSelection,Menu Selection,1043,429,0.00,0.00,None,N/A,
103.1513,gk,MenuSelection,Menu Selection,1043,429,0.00,0.00,None,N/A,
103.1608,gk,MenuSelection,Menu Selection,1043,429,0.00,0.00,None,N/A,
103.1713,gk,MenuSelection,Menu Selection,1043,429,0.00,0.00,None,N/A,
103.1808,gk,MenuSelection,Menu Selection,1043,429,0.00,0.00,None,N/A,
103.1913,gk,MenuSelection,Menu Selection,1043,429,0.00,0.00,None,N/A,
103.2012,gk,MenuSelection,Menu Selection,1043,429,0.00,0.00,None,N/A,
103.2107,gk,MenuSelection,Menu Selection,1043,429,0.00,0.00,None,N/A,
103.2211,gk,MenuSelection,Menu Selection,1043,429,0.00,0.00,None,N/A,
103.2316,gk,MenuSelection,Menu Selection,1043,429,0.00,0.00,None,N/A,
103.2411,gk,MenuSelection,Menu Selection,1043,429,0.00,0.00,None,N/A,
103.2517,gk,MenuSelection,Menu Selection,1043,429,0.00,0.00,None,N/A,
103.2611,gk,MenuSelection,Menu Selection,1043,429,0.00,0.00,None,N/A,
103.2708,gk,MenuSelection,Menu Selection,1041,429,206.41,21303.08,None,N/A,
103.2811,gk,MenuSelection,Menu Selection,1034,429,680.15,46030.71,None,N/A,
103.2913,gk,MenuSelection,Menu Selection,1029,428,495.69,-17932.37,None,N/A,
103.3010,gk,MenuSelection,Menu Selection,1020,425,984.33,50700.95,None,N/A,
103.3111,gk,MenuSelection,Menu Selection,1016,423,439.88,-53552.52,None,N/A,
103.3209,gk,MenuSelection,Menu Selection,1009,420,780.18,34860.76,None,N/A,
103.3309,gk,MenuSelection,Menu Selection,1005,418,448.64,-33259.73,None,N/A,
103.3411,gk,MenuSelection,Menu Selection,999,413,766.55,31202.29,None,N/A,
103.3511,gk,MenuSelection,Menu Selection,996,410,423.28,-34247.57,None,N/A,
103.3610,gk,MenuSelection,Menu Selection,993,408,362.39,-6119.77,None,N/A,
103.3717,gk,MenuSelection,Menu Selection,989,405,467.91,9874.51,None,N/A,
103.3816,gk,MenuSelection,Menu Selection,987,403,285.67,-18405.72,None,N/A,
103.3909,gk,MenuSelection,Menu Selection,984,401,390.45,11346.36,None,N/A,
103.4012,gk,MenuSelection,Menu Selection,983,399,216.15,-16848.42,None,N/A,
103.4110,gk,MenuSelection,Menu Selection,981,397,289.56,7515.37,None,N/A,
103.4209,gk,MenuSelection,Menu Selection,980,396,142.44,-14817.99,None,N/A,
103.4315,gk,MenuSelection,Menu Selection,979,393,299.25,14839.72,None,N/A,
103.4413,gk,MenuSelection,Menu Selection,978,392,143.78,-15806.74,None,N/A,
103.4511,gk,MenuSelection,Menu Selection,977,389,324.34,18519.17,None,N/A,
103.4609,gk,MenuSelection,Menu Selection,976,388,143.79,-18357.40,None,N/A,
103.4710,gk,MenuSelection,Menu Selection,976,387,99.20,-4423.33,None,N/A,
103.4817,gk,MenuSelection,Menu Selection,974,385,264.39,15440.69,None,N/A,
103.4915,gk,MenuSelection,Menu Selection,974,384,101.29,-16520.32,None,N/A,
103.5010,gk,MenuSelection,Menu Selection,973,383,149.24,5059.96,None,N/A,
103.5111,gk,MenuSelection,Menu Selection,973,382,99.21,-4963.60,None,N/A,
103.5211,gk,MenuSelection,Menu Selection,972,382,100.19,97.58,None,N/A,
103.5313,gk,MenuSelection,Menu Selection,972,381,97.88,-225.43,None,N/A,
103.5411,gk,MenuSelection,Menu Selection,972,381,0.00,-9955.93,None,N/A,
103.5515,gk,MenuSelection,Menu Selection,972,381,0.00,0.00,None,N/A,
103.5617,gk,MenuSelection,Menu Selection,972,380,98.42,9687.12,None,N/A,
103.5712,gk,MenuSelection,Menu Selection,972,380,0.00,-10354.59,None,N/A,
103.5812,gk,MenuSelection,Menu Selection,972,379,99.87,9974.79,None,N/A,
103.5910,gk,MenuSelection,Menu Selection,972,379,0.00,-10197.96,None,N/A,
103.6009,gk,MenuSelection,Menu Selection,972,379,0.00,0.00,None,N/A,
103.6110,gk,MenuSelection,Menu Selection,971,378,140.13,13884.76,None,N/A,
103.6208,gk,MenuSelection,Menu Selection,971,378,0.00,-14278.40,None,N/A,
103.6316,gk,MenuSelection,Menu Selection,971,376,185.86,17271.22,None,N/A,
103.6418,gk,MenuSelection,Menu Selection,971,376,0.00,-18141.41,None,N/A,
103.6511,gk,MenuSelection,Menu Selection,971,374,214.87,23083.83,None,N/A,
103.6609,gk,MenuSelection,Menu Selection,971,374,0.00,-22014.70,None,N/A,
103.6716,gk,MenuSelection,Menu Selection,971,374,0.00,0.00,None,N/A,
103.6813,gk,MenuSelection,Menu Selection,971,373,103.53,10719.48,None,N/A,
103.6912,gk,MenuSelection,Menu Selection,971,373,0.00,-10488.29,None,N/A,
103.7014,gk,MenuSelection,Menu Selection,971,372,97.54,9513.55,None,N/A,
103.7110,gk,MenuSelection,Menu Selection,971,372,0.00,-10159.22,None,N/A,
103.7215,gk,MenuSelection,Menu Selection,971,372,0.00,0.00,None,N/A,
103.7314,gk,MenuSelection,Menu Selection,971,372,0.00,0.00,None,N/A,
103.7410,gk,MenuSelection,Menu Selection,971,372,0.00,0.00,None,N/A,
103.7519,gk,MenuSelection,Menu Selection,971,372,0.00,0.00,None,N/A,
103.7608,gk,MenuSelection,Menu Selection,971,372,0.00,0.00,None,N/A,
103.7716,gk,MenuSelection,Menu Selection,971,372,0.00,0.00,None,N/A,
103.7807,gk,MenuSelection,Menu Selection,971,371,109.89,12075.31,None,N/A,
103.7913,gk,MenuSelection,Menu Selection,971,371,0.00,-10433.80,None,N/A,
103.8008,gk,MenuSelection,Menu Selection,971,371,0.00,0.00,None,N/A,
103.8113,gk,MenuSelection,Menu Selection,971,371,0.00,0.00,None,N/A,
103.8208,gk,MenuSelection,Menu Selection,971,371,0.00,0.00,None,N/A,
103.8313,gk,MenuSelection,Menu Selection,971,371,0.00,0.00,None,N/A,
103.8409,gk,MenuSelection,Menu Selection,971,371,0.00,0.00,None,N/A,
103.8514,gk,MenuSelection,Menu Selection,971,371,0.00,0.00,None,N/A,
103.8611,gk,MenuSelection,Menu Selection,971,371,0.00,0.00,None,N/A,
103.8716,gk,MenuSelection,Menu Selection,971,371,0.00,0.00,None,N/A,
103.8815,gk,MenuSelection,Menu Selection,971,371,0.00,0.00,None,N/A,
103.8913,gk,MenuSelection,Menu Selection,971,371,0.00,0.00,None,N/A,
103.9008,gk,MenuSelection,Menu Selection,971,371,0.00,0.00,None,N/A,
103.9112,gk,MenuSelection,Menu Selection,971,371,0.00,0.00,None,N/A,
103.9216,gk,MenuSelection,Menu Selection,971,371,0.00,0.00,None,N/A,
103.9311,gk,MenuSelection,Menu Selection,971,371,0.00,0.00,None,N/A,
103.9414,gk,MenuSelection,Menu Selection,971,371,0.00,0.00,None,N/A,
103.9511,gk,MenuSelection,Menu Selection,971,371,0.00,0.00,None,N/A,
103.9609,gk,MenuSelection,Menu Selection,971,371,0.00,0.00,None,N/A,
103.9714,gk,MenuSelection,Menu Selection,971,371,0.00,0.00,None,N/A,
103.9824,gk,MenuSelection,Menu Selection,971,371,0.00,0.00,Left,N/A,
103.9910,gk,MenuSelection,Menu Selection,971,371,0.00,0.00,Left,N/A,
104.0015,gk,MenuSelection,Menu Selection,971,371,0.00,0.00,Left,N/A,
104.0109,gk,MenuSelection,Menu Selection,971,371,0.00,0.00,Left,N/A,
104.0215,gk,MenuSelection,Menu Selection,971,371,0.00,0.00,Left,N/A,
104.0311,gk,MenuSelection,Menu Selection,971,371,0.00,0.00,Left,N/A,
104.0408,gk,MenuSelection,Menu Selection,971,371,0.00,0.00,Left,N/A,
104.0513,gk,MenuSelection,Menu Selection,971,371,0.00,0.00,Left,N/A,
104.0612,gk,MenuSelection,Menu Selection,971,371,0.00,0.00,Left,N/A,
104.0713,gk,MenuSelection,Menu Selection,971,371,0.00,0.00,Left,N/A,
104.0813,gk,MenuSelection,Menu Selection,971,371,0.00,0.00,Left,N/A,
104.0914,gk,MenuSelection,Menu Selection,971,371,0.00,0.00,Left,N/A,
104.1011,gk,MenuSelection,Menu Selection,971,371,0.00,0.00,Left,N/A,
104.1112,gk,MenuSelection,Menu Selection,971,371,0.00,0.00,Left,N/A,
104.1208,gk,MenuSelection,Menu Selection,971,371,0.00,0.00,Left,N/A,
104.1313,gk,MenuSelection,Menu Selection,971,371,0.00,0.00,Left,N/A,
104.1409,gk,MenuSelection,Menu Selection,971,371,0.00,0.00,Left,N/A,
104.1514,gk,MenuSelection,Menu Selection,971,371,0.00,0.00,Left,N/A,
104.1681,gk,MenuSelection,Menu Selection,971,371,0.00,0.00,None,N/A,
104.1729,gk,MenuSelection,Menu Selection,971,371,0.00,0.00,None,N/A,
104.1813,gk,MenuSelection,Menu Selection,971,371,0.00,0.00,None,N/A,
104.1909,gk,MenuSelection,Menu Selection,971,371,0.00,0.00,None,N/A,
104.2013,gk,MenuSelection,Menu Selection,971,371,0.00,0.00,None,N/A,
104.2108,gk,MenuSelection,Menu Selection,971,371,0.00,0.00,None,N/A,
104.2215,gk,MenuSelection,Menu Selection,971,371,0.00,0.00,None,N/A,
104.2311,gk,MenuSelection,Menu Selection,971,371,0.00,0.00,None,N/A,
104.2419,gk,MenuSelection,Menu Selection,971,371,0.00,0.00,None,N/A,
104.2520,gk,MenuSelection,Menu Selection,971,371,0.00,0.00,None,N/A,
104.2621,gk,MenuSelection,Menu Selection,971,371,0.00,0.00,None,N/A,
104.2721,gk,MenuSelection,Menu Selection,971,371,0.00,0.00,None,N/A,
104.2822,gk,MenuSelection,Menu Selection,971,371,0.00,0.00,None,N/A,
104.2908,gk,MenuSelection,Menu Selection,971,371,0.00,0.00,None,N/A,
104.3013,gk,MenuSelection,Menu Selection,971,371,0.00,0.00,None,N/A,
104.3109,gk,MenuSelection,Menu Selection,971,371,0.00,0.00,None,N/A,
104.3214,gk,MenuSelection,Menu Selection,971,371,0.00,0.00,None,N/A,
104.3309,gk,MenuSelection,Menu Selection,971,371,0.00,0.00,None,N/A,
104.3414,gk,MenuSelection,Menu Selection,971,371,0.00,0.00,None,N/A,
104.3514,gk,MenuSelection,Menu Selection,971,371,0.00,0.00,None,N/A,
104.3611,gk,MenuSelection,Menu Selection,971,371,0.00,0.00,None,N/A,
104.3717,gk,MenuSelection,Menu Selection,971,371,0.00,0.00,None,N/A,
104.3818,gk,MenuSelection,Menu Selection,971,371,0.00,0.00,None,N/A,
104.3914,gk,MenuSelection,Menu Selection,971,371,0.00,0.00,None,N/A,
104.4009,gk,MenuSelection,Menu Selection,971,371,0.00,0.00,None,N/A,
104.4115,gk,MenuSelection,Menu Selection,971,371,0.00,0.00,None,N/A,
104.4209,gk,MenuSelection,Menu Selection,971,371,0.00,0.00,None,N/A,
104.4319,gk,MenuSelection,Menu Selection,971,371,0.00,0.00,None,N/A,
104.4416,gk,MenuSelection,Menu Selection,971,371,0.00,0.00,None,N/A,
104.4511,gk,MenuSelection,Menu Selection,971,371,0.00,0.00,None,N/A,
104.4616,gk,MenuSelection,Menu Selection,971,371,0.00,0.00,None,N/A,
104.4712,gk,MenuSelection,Menu Selection,971,371,0.00,0.00,None,N/A,
104.4817,gk,MenuSelection,Menu Selection,971,371,0.00,0.00,None,N/A,
104.4911,gk,MenuSelection,Menu Selection,971,371,0.00,0.00,None,N/A,
104.5017,gk,MenuSelection,Menu Selection,970,373,212.58,20209.40,None,N/A,
104.5109,gk,MenuSelection,Menu Selection,970,374,108.22,-11293.67,None,N/A,
104.5212,gk,MenuSelection,Menu Selection,970,375,96.83,-1102.73,None,N/A,
104.5308,gk,MenuSelection,Menu Selection,969,378,329.99,24330.16,None,N/A,
104.5409,gk,MenuSelection,Menu Selection,968,379,139.97,-18806.71,None,N/A,
104.5510,gk,MenuSelection,Menu Selection,968,381,198.69,5834.23,None,N/A,
104.5617,gk,MenuSelection,Menu Selection,967,382,131.37,-6253.89,None,N/A,
104.5716,gk,MenuSelection,Menu Selection,966,385,322.01,19412.68,None,N/A,
104.5809,gk,MenuSelection,Menu Selection,965,386,151.07,-18260.22,None,N/A,
104.5911,gk,MenuSelection,Menu Selection,965,388,195.82,4381.22,None,N/A,
104.6016,gk,MenuSelection,Menu Selection,964,389,135.06,-5802.76,None,N/A,
104.6109,gk,MenuSelection,Menu Selection,964,391,214.90,8578.57,None,N/A,
104.6209,gk,MenuSelection,Menu Selection,963,391,100.41,-11495.97,None,N/A,
104.6315,gk,MenuSelection,Menu Selection,963,393,187.97,8228.56,None,N/A,
104.6415,gk,MenuSelection,Menu Selection,962,393,100.35,-8792.38,None,N/A,
104.6516,gk,MenuSelection,Menu Selection,962,394,98.79,-153.89,None,N/A,
104.6610,gk,MenuSelection,Menu Selection,961,395,150.39,5486.11,None,N/A,
104.6707,gk,MenuSelection,Menu Selection,961,396,102.90,-4886.23,None,N/A,
104.6816,gk,MenuSelection,Menu Selection,961,397,91.65,-1030.68,None,N/A,
104.6913,gk,MenuSelection,Menu Selection,961,398,103.41,1216.18,None,N/A,
104.7009,gk,MenuSelection,Menu Selection,960,400,234.01,13666.53,None,N/A,
104.7109,gk,MenuSelection,Menu Selection,960,401,99.47,-13382.31,None,N/A,
104.7209,gk,MenuSelection,Menu Selection,959,403,223.80,12443.71,None,N/A,
104.7315,gk,MenuSelection,Menu Selection,959,404,94.66,-12224.24,None,N/A,
104.7412,gk,MenuSelection,Menu Selection,958,406,228.73,13714.89,None,N/A,
104.7512,gk,MenuSelection,Menu Selection,958,407,100.06,-12875.10,None,N/A,
104.7609,gk,MenuSelection,Menu Selection,958,408,103.66,372.99,None,N/A,
104.7707,gk,MenuSelection,Menu Selection,957,410,226.78,12486.82,None,N/A,
104.7813,gk,MenuSelection,Menu Selection,957,411,94.98,-12518.35,None,N/A,
104.7912,gk,MenuSelection,Menu Selection,956,414,318.35,22487.72,None,N/A,
104.8011,gk,MenuSelection,Menu Selection,956,415,101.27,-21984.61,None,N/A,
104.8110,gk,MenuSelection,Menu Selection,955,418,318.99,21961.47,None,N/A,
104.8208,gk,MenuSelection,Menu Selection,955,419,102.42,-22180.40,None,N/A,
104.8306,gk,MenuSelection,Menu Selection,954,422,319.83,21988.69,None,N/A,
104.8413,gk,MenuSelection,Menu Selection,954,423,93.89,-21212.84,None,N/A,
104.8512,gk,MenuSelection,Menu Selection,954,425,202.44,10988.13,None,N/A,
104.8608,gk,MenuSelection,Menu Selection,954,427,207.11,483.43,None,N/A,
104.8711,gk,MenuSelection,Menu Selection,954,428,97.73,-10689.79,None,N/A,
104.8814,gk,MenuSelection,Menu Selection,954,431,289.62,18525.30,None,N/A,
104.8916,gk,MenuSelection,Menu Selection,954,432,98.51,-18826.53,None,N/A,
104.9010,gk,MenuSelection,Menu Selection,954,435,319.44,23525.30,None,N/A,
104.9114,gk,MenuSelection,Menu Selection,955,436,136.13,-17645.49,None,N/A,
104.9216,gk,MenuSelection,Menu Selection,955,438,195.95,5861.03,None,N/A,
104.9316,gk,MenuSelection,Menu Selection,956,439,140.75,-5493.95,None,N/A,
104.9413,gk,MenuSelection,Menu Selection,956,441,207.01,6859.05,None,N/A,
104.9510,gk,MenuSelection,Menu Selection,956,442,102.53,-10712.72,None,N/A,
104.9610,gk,MenuSelection,Menu Selection,957,444,225.08,12335.90,None,N/A,
104.9708,gk,MenuSelection,Menu Selection,957,445,101.54,-12544.53,None,N/A,
104.9810,gk,MenuSelection,Menu Selection,957,445,0.00,-9933.73,None,N/A,
104.9916,gk,MenuSelection,Menu Selection,957,446,94.72,8971.91,None,N/A,
105.0016,gk,MenuSelection,Menu Selection,957,446,0.00,-9454.44,None,N/A,
105.0111,gk,MenuSelection,Menu Selection,957,447,105.00,11025.97,None,N/A,
105.0211,gk,MenuSelection,Menu Selection,957,447,0.00,-10520.54,None,N/A,
105.0317,gk,MenuSelection,Menu Selection,957,448,94.65,8958.96,None,N/A,
105.0417,gk,MenuSelection,Menu Selection,957,448,0.00,-9450.09,None,N/A,
105.0511,gk,MenuSelection,Menu Selection,957,448,0.00,0.00,None,N/A,
105.0615,gk,MenuSelection,Menu Selection,957,448,0.00,0.00,None,N/A,
105.0710,gk,MenuSelection,Menu Selection,957,448,0.00,0.00,None,N/A,
105.0815,gk,MenuSelection,Menu Selection,957,448,0.00,0.00,None,N/A,
105.0909,gk,MenuSelection,Menu Selection,957,448,0.00,0.00,None,N/A,
105.1013,gk,MenuSelection,Menu Selection,957,448,0.00,0.00,None,N/A,
105.1108,gk,MenuSelection,Menu Selection,957,448,0.00,0.00,None,N/A,
105.1211,gk,MenuSelection,Menu Selection,957,448,0.00,0.00,None,N/A,
105.1315,gk,MenuSelection,Menu Selection,957,448,0.00,0.00,None,N/A,
105.1411,gk,MenuSelection,Menu Selection,957,448,0.00,0.00,None,N/A,
105.1515,gk,MenuSelection,Menu Selection,957,448,0.00,0.00,None,N/A,
105.1609,gk,MenuSelection,Menu Selection,957,448,0.00,0.00,None,N/A,
105.1707,gk,MenuSelection,Menu Selection,957,448,0.00,0.00,None,N/A,
105.1811,gk,MenuSelection,Menu Selection,957,448,0.00,0.00,None,N/A,
105.1918,gk,MenuSelection,Menu Selection,957,448,0.00,0.00,None,N/A,
105.2014,gk,MenuSelection,Menu Selection,957,448,0.00,0.00,None,N/A,
105.2109,gk,MenuSelection,Menu Selection,957,448,0.00,0.00,None,N/A,
105.2216,gk,MenuSelection,Menu Selection,957,448,0.00,0.00,None,N/A,
105.2313,gk,MenuSelection,Menu Selection,957,448,0.00,0.00,None,N/A,
105.2409,gk,MenuSelection,Menu Selection,957,448,0.00,0.00,None,N/A,
105.2515,gk,MenuSelection,Menu Selection,957,448,0.00,0.00,None,N/A,
105.2609,gk,MenuSelection,Menu Selection,957,448,0.00,0.00,None,N/A,
105.2714,gk,MenuSelection,Menu Selection,957,448,0.00,0.00,None,N/A,
105.2809,gk,MenuSelection,Menu Selection,957,448,0.00,0.00,None,N/A,
105.2915,gk,MenuSelection,Menu Selection,957,448,0.00,0.00,None,N/A,
105.3011,gk,MenuSelection,Menu Selection,957,448,0.00,0.00,None,N/A,
105.3113,gk,MenuSelection,Menu Selection,958,448,98.25,9653.57,None,N/A,
105.3210,gk,MenuSelection,Menu Selection,958,448,0.00,-10067.95,None,N/A,
105.3310,gk,MenuSelection,Menu Selection,958,448,0.00,0.00,None,N/A,
105.3410,gk,MenuSelection,Menu Selection,959,448,100.38,10076.27,None,N/A,
105.3513,gk,MenuSelection,Menu Selection,959,447,96.85,-341.69,None,N/A,
105.3612,gk,MenuSelection,Menu Selection,960,447,101.42,462.90,None,N/A,
105.3711,gk,MenuSelection,Menu Selection,960,446,100.49,-93.51,None,N/A,
105.3809,gk,MenuSelection,Menu Selection,961,446,102.62,219.26,None,N/A,
105.3916,gk,MenuSelection,Menu Selection,961,445,93.11,-885.62,None,N/A,
105.4014,gk,MenuSelection,Menu Selection,962,445,101.91,896.63,None,N/A,
105.4112,gk,MenuSelection,Menu Selection,962,445,0.00,-10400.53,None,N/A,
105.4209,gk,MenuSelection,Menu Selection,963,445,102.77,10561.43,None,N/A,
105.4309,gk,MenuSelection,Menu Selection,963,445,0.00,-10317.48,None,N/A,
105.4413,gk,MenuSelection,Menu Selection,963,445,0.00,0.00,None,N/A,
105.4514,gk,MenuSelection,Menu Selection,964,445,98.82,9764.42,None,N/A,
105.4611,gk,MenuSelection,Menu Selection,964,444,103.54,489.23,None,N/A,
105.4712,gk,MenuSelection,Menu Selection,965,444,98.98,-451.29,None,N/A,
105.4817,gk,MenuSelection,Menu Selection,966,444,95.30,-351.04,None,N/A,
105.4914,gk,MenuSelection,Menu Selection,968,444,206.28,11446.89,None,N/A,
105.5013,gk,MenuSelection,Menu Selection,969,444,101.20,-10634.18,None,N/A,
105.5109,gk,MenuSelection,Menu Selection,971,444,208.00,11107.46,None,N/A,
105.5208,gk,MenuSelection,Menu Selection,972,444,101.01,-10807.52,None,N/A,
105.5307,gk,MenuSelection,Menu Selection,974,444,200.55,9981.70,None,N/A,
105.5414,gk,MenuSelection,Menu Selection,975,445,132.44,-6378.85,None,N/A,
105.5512,gk,MenuSelection,Menu Selection,977,445,204.19,7324.76,None,N/A,
105.5612,gk,MenuSelection,Menu Selection,978,446,141.99,-6244.68,None,N/A,
105.5710,gk,MenuSelection,Menu Selection,979,446,102.28,-4061.71,None,N/A,
105.5808,gk,MenuSelection,Menu Selection,981,446,202.85,10201.11,None,N/A,
105.5916,gk,MenuSelection,Menu Selection,982,447,130.54,-6674.93,None,N/A,
105.6012,gk,MenuSelection,Menu Selection,983,447,104.76,-2700.94,None,N/A,
105.6111,gk,MenuSelection,Menu Selection,984,447,100.54,-423.68,None,N/A,
105.6212,gk,MenuSelection,Menu Selection,986,448,223.09,12225.60,None,N/A,
105.6309,gk,MenuSelection,Menu Selection,987,448,102.22,-12354.90,None,N/A,
105.6406,gk,MenuSelection,Menu Selection,989,450,292.31,19645.97,None,N/A,
105.6512,gk,MenuSelection,Menu Selection,990,450,94.15,-18657.20,None,N/A,
105.6611,gk,MenuSelection,Menu Selection,993,451,320.83,22998.37,None,N/A,
105.6709,gk,MenuSelection,Menu Selection,994,451,102.09,-22330.99,None,N/A,
105.6809,gk,MenuSelection,Menu Selection,995,451,100.33,-176.63,None,N/A,
105.6916,gk,MenuSelection,Menu Selection,998,452,293.89,17989.17,None,N/A,
105.7013,gk,MenuSelection,Menu Selection,999,452,103.59,-19712.85,None,N/A,
105.7112,gk,MenuSelection,Menu Selection,1001,453,226.02,12374.86,None,N/A,
105.7210,gk,MenuSelection,Menu Selection,1002,453,102.14,-12652.74,None,N/A,
105.7315,gk,MenuSelection,Menu Selection,1005,454,299.11,18629.84,None,N/A,
105.7415,gk,MenuSelection,Menu Selection,1006,454,100.66,-19975.58,None,N/A,
105.7510,gk,MenuSelection,Menu Selection,1009,455,330.90,24092.65,None,N/A,
105.7608,gk,MenuSelection,Menu Selection,1010,455,102.03,-23351.37,None,N/A,
105.7709,gk,MenuSelection,Menu Selection,1012,456,222.09,11924.51,None,N/A,
105.7817,gk,MenuSelection,Menu Selection,1013,456,92.51,-11987.35,None,N/A,
105.7917,gk,MenuSelection,Menu Selection,1015,457,224.35,13227.51,None,N/A,
105.8013,gk,MenuSelection,Menu Selection,1016,458,146.74,-8052.97,None,N/A,
105.8110,gk,MenuSelection,Menu Selection,1017,458,103.25,-4490.15,None,N/A,
105.8211,gk,MenuSelection,Menu Selection,1018,459,139.64,3593.00,None,N/A,
105.8308,gk,MenuSelection,Menu Selection,1019,460,146.29,687.53,None,N/A,
105.8416,gk,MenuSelection,Menu Selection,1020,461,130.41,-1463.71,None,N/A,
105.8513,gk,MenuSelection,Menu Selection,1021,462,145.68,1572.49,None,N/A,
105.8614,gk,MenuSelection,Menu Selection,1022,463,140.62,-502.77,None,N/A,
105.8709,gk,MenuSelection,Menu Selection,1023,464,148.84,864.53,None,N/A,
105.8807,gk,MenuSelection,Menu Selection,1024,465,143.71,-521.41,None,N/A,
105.8916,gk,MenuSelection,Menu Selection,1024,466,91.68,-4769.86,None,N/A,
105.9015,gk,MenuSelection,Menu Selection,1025,467,144.02,5330.41,None,N/A,
105.9114,gk,MenuSelection,Menu Selection,1025,468,101.07,-4340.90,None,N/A,
105.9212,gk,MenuSelection,Menu Selection,1025,469,101.40,33.45,None,N/A,
105.9307,gk,MenuSelection,Menu Selection,1026,471,235.43,14111.12,None,N/A,
105.9415,gk,MenuSelection,Menu Selection,1026,472,92.39,-13215.37,None,N/A,
105.9513,gk,MenuSelection,Menu Selection,1027,475,324.53,23823.34,None,N/A,
105.9612,gk,MenuSelection,Menu Selection,1028,477,226.00,-9958.52,None,N/A,
105.9709,gk,MenuSelection,Menu Selection,1028,479,205.00,-2152.42,None,N/A,
105.9811,gk,MenuSelection,Menu Selection,1029,480,139.12,-6480.83,None,N/A,
105.9907,gk,MenuSelection,Menu Selection,1029,482,207.41,7081.75,None,N/A,
106.0013,gk,MenuSelection,Menu Selection,1030,483,133.57,-6974.04,None,N/A,
106.0112,gk,MenuSelection,Menu Selection,1030,485,202.88,7031.69,None,N/A,
106.0208,gk,MenuSelection,Menu Selection,1030,486,103.72,-10285.21,None,N/A,
106.0311,gk,MenuSelection,Menu Selection,1030,486,0.00,-10073.16,None,N/A,
106.0416,gk,MenuSelection,Menu Selection,1030,488,190.85,18212.63,None,N/A,
106.0508,gk,MenuSelection,Menu Selection,1030,488,0.00,-20828.45,None,N/A,
106.0612,gk,MenuSelection,Menu Selection,1031,490,214.27,20532.03,None,N/A,
106.0713,gk,MenuSelection,Menu Selection,1031,490,0.00,-21271.18,None,N/A,
106.0811,gk,MenuSelection,Menu Selection,1031,491,101.79,10360.93,None,N/A,
106.0916,gk,MenuSelection,Menu Selection,1031,492,95.67,-585.69,None,N/A,
106.1007,gk,MenuSelection,Menu Selection,1031,492,0.00,-10498.26,None,N/A,
106.1116,gk,MenuSelection,Menu Selection,1031,493,91.63,8395.82,None,N/A,
106.1210,gk,MenuSelection,Menu Selection,1031,493,0.00,-9764.44,None,N/A,
106.1312,gk,MenuSelection,Menu Selection,1031,493,0.00,0.00,None,N/A,
106.1416,gk,MenuSelection,Menu Selection,1031,494,95.83,9182.62,None,N/A,
106.1511,gk,MenuSelection,Menu Selection,1031,494,0.00,-10061.42,None,N/A,
106.1616,gk,MenuSelection,Menu Selection,1031,494,0.00,0.00,None,N/A,
106.1713,gk,MenuSelection,Menu Selection,1031,494,0.00,0.00,None,N/A,
106.1808,gk,MenuSelection,Menu Selection,1031,494,0.00,0.00,None,N/A,
106.1912,gk,MenuSelection,Menu Selection,1031,494,0.00,0.00,None,N/A,
106.2015,gk,MenuSelection,Menu Selection,1031,494,0.00,0.00,None,N/A,
106.2110,gk,MenuSelection,Menu Selection,1031,494,0.00,0.00,None,N/A,
106.2215,gk,MenuSelection,Menu Selection,1031,494,0.00,0.00,None,N/A,
106.2312,gk,MenuSelection,Menu Selection,1031,494,0.00,0.00,None,N/A,
106.2408,gk,MenuSelection,Menu Selection,1031,494,0.00,0.00,None,N/A,
106.2513,gk,MenuSelection,Menu Selection,1031,494,0.00,0.00,None,N/A,
106.2610,gk,MenuSelection,Menu Selection,1031,494,0.00,0.00,None,N/A,
106.2713,gk,MenuSelection,Menu Selection,1031,494,0.00,0.00,None,N/A,
106.2810,gk,MenuSelection,Menu Selection,1031,494,0.00,0.00,None,N/A,
106.2921,gk,MenuSelection,Menu Selection,1031,494,0.00,0.00,None,N/A,
106.3015,gk,MenuSelection,Menu Selection,1031,494,0.00,0.00,None,N/A,
106.3111,gk,MenuSelection,Menu Selection,1031,494,0.00,0.00,None,N/A,
106.3211,gk,MenuSelection,Menu Selection,1031,494,0.00,0.00,None,N/A,
106.3321,gk,MenuSelection,Menu Selection,1031,494,0.00,0.00,None,N/A,
106.3411,gk,MenuSelection,Menu Selection,1031,494,0.00,0.00,None,N/A,
106.3508,gk,MenuSelection,Menu Selection,1031,494,0.00,0.00,None,N/A,
106.3613,gk,MenuSelection,Menu Selection,1031,494,0.00,0.00,None,N/A,
106.3708,gk,MenuSelection,Menu Selection,1031,494,0.00,0.00,None,N/A,
106.3812,gk,MenuSelection,Menu Selection,1031,494,0.00,0.00,None,N/A,
106.3917,gk,MenuSelection,Menu Selection,1031,494,0.00,0.00,None,N/A,
106.4012,gk,MenuSelection,Menu Selection,1031,494,0.00,0.00,None,N/A,
106.4116,gk,MenuSelection,Menu Selection,1031,494,0.00,0.00,None,N/A,
106.4210,gk,MenuSelection,Menu Selection,1031,494,0.00,0.00,None,N/A,
106.4307,gk,MenuSelection,Menu Selection,1031,494,0.00,0.00,None,N/A,
106.4414,gk,MenuSelection,Menu Selection,1031,494,0.00,0.00,Left,N/A,
106.4513,gk,MenuSelection,Menu Selection,1031,494,0.00,0.00,Left,N/A,
106.4612,gk,MenuSelection,Menu Selection,1031,494,0.00,0.00,Left,N/A,
106.4708,gk,MenuSelection,Menu Selection,1031,494,0.00,0.00,Left,N/A,
106.4814,gk,MenuSelection,Menu Selection,1031,494,0.00,0.00,Left,N/A,
106.4911,gk,MenuSelection,Menu Selection,1031,494,0.00,0.00,Left,N/A,
106.5020,gk,MenuSelection,Menu Selection,1031,494,0.00,0.00,Left,N/A,
106.5120,gk,MenuSelection,Menu Selection,1031,494,0.00,0.00,Left,N/A,
106.5207,gk,MenuSelection,Menu Selection,1031,494,0.00,0.00,Left,N/A,
106.5311,gk,MenuSelection,Menu Selection,1031,494,0.00,0.00,Left,N/A,
106.5417,gk,MenuSelection,Menu Selection,1031,494,0.00,0.00,Left,N/A,
106.5513,gk,MenuSelection,Menu Selection,1031,494,0.00,0.00,Left,N/A,
106.5609,gk,MenuSelection,Menu Selection,1031,494,0.00,0.00,Left,N/A,
106.5714,gk,MenuSelection,Menu Selection,1031,494,0.00,0.00,Left,N/A,
106.5809,gk,MenuSelection,Menu Selection,1031,494,0.00,0.00,Left,N/A,
106.5915,gk,MenuSelection,Menu Selection,1031,494,0.00,0.00,Left,N/A,
106.6014,gk,MenuSelection,Menu Selection,1031,494,0.00,0.00,Left,N/A,
106.6111,gk,MenuSelection,Menu Selection,1031,494,0.00,0.00,Left,N/A,
106.6131,gk,MenuSelection,Menu Selection,1031,494,0.00,0.00,None,N/A,menu_item_selected_correct
