Time,ParticipantID,Task,Label,X,Y,Velocity,Acceleration,ButtonState,ActiveWindow,Event
36.3936,gk,PrecisionSelection,Precision Selection,749,590,111.59,8805.02,None,N/A,
36.4011,gk,PrecisionSelection,Precision Selection,749,590,0.00,-14959.55,None,N/A,
36.4106,gk,PrecisionSelection,Precision Selection,749,590,0.00,0.00,None,N/A,
36.4212,gk,PrecisionSelection,Precision Selection,749,590,0.00,0.00,None,N/A,
36.4307,gk,PrecisionSelection,Precision Selection,749,590,0.00,0.00,None,N/A,
36.4413,gk,PrecisionSelection,Precision Selection,749,590,0.00,0.00,None,N/A,
36.4509,gk,PrecisionSelection,Precision Selection,749,590,0.00,0.00,None,N/A,
36.4614,gk,PrecisionSelection,Precision Selection,749,590,0.00,0.00,None,N/A,
36.4709,gk,PrecisionSelection,Precision Selection,749,590,0.00,0.00,None,N/A,
36.4805,gk,PrecisionSelection,Precision Selection,749,590,0.00,0.00,None,N/A,
36.4912,gk,PrecisionSelection,Precision Selection,749,590,0.00,0.00,None,N/A,
36.5008,gk,PrecisionSelection,Precision Selection,749,590,0.00,0.00,None,N/A,
36.5112,gk,PrecisionSelection,Precision Selection,749,590,0.00,0.00,None,N/A,
36.5207,gk,PrecisionSelection,Precision Selection,749,590,0.00,0.00,None,N/A,
36.5313,gk,PrecisionSelection,Precision Selection,749,590,0.00,0.00,None,N/A,
36.5409,gk,PrecisionSelection,Precision Selection,749,590,0.00,0.00,None,N/A,
36.5505,gk,PrecisionSelection,Precision Selection,749,590,0.00,0.00,None,N/A,
36.5613,gk,PrecisionSelection,Precision Selection,749,590,0.00,0.00,None,N/A,
36.5710,gk,PrecisionSelection,Precision Selection,749,590,0.00,0.00,None,N/A,
36.5806,gk,PrecisionSelection,Precision Selection,749,590,0.00,0.00,None,N/A,
36.5911,gk,PrecisionSelection,Precision Selection,749,590,0.00,0.00,None,N/A,
36.6006,gk,PrecisionSelection,Precision Selection,749,590,0.00,0.00,None,N/A,
36.6112,gk,PrecisionSelection,Precision Selection,749,590,0.00,0.00,None,N/A,
36.6206,gk,PrecisionSelection,Precision Selection,749,590,0.00,0.00,None,N/A,
36.6312,gk,PrecisionSelection,Precision Selection,749,590,0.00,0.00,None,N/A,
36.6409,gk,PrecisionSelection,Precision Selection,749,590,0.00,0.00,None,N/A,
36.6505,gk,PrecisionSelection,Precision Selection,749,590,0.00,0.00,None,N/A,
36.6609,gk,PrecisionSelection,Precision Selection,749,590,0.00,0.00,None,N/A,
36.6706,gk,PrecisionSelection,Precision Selection,749,590,0.00,0.00,None,N/A,
36.6811,gk,PrecisionSelection,Precision Selection,749,590,0.00,0.00,None,N/A,
36.6906,gk,PrecisionSelection,Precision Selection,749,590,0.00,0.00,None,N/A,
36.7013,gk,PrecisionSelection,Precision Selection,749,590,0.00,0.00,None,N/A,
36.7109,gk,PrecisionSelection,Precision Selection,749,590,0.00,0.00,None,N/A,
36.7206,gk,PrecisionSelection,Precision Selection,749,590,0.00,0.00,None,N/A,
36.7313,gk,PrecisionSelection,Precision Selection,749,590,0.00,0.00,None,N/A,
36.7409,gk,PrecisionSelection,Precision Selection,749,590,0.00,0.00,None,N/A,
36.7514,gk,PrecisionSelection,Precision Selection,749,590,0.00,0.00,None,N/A,
36.7611,gk,PrecisionSelection,Precision Selection,749,590,0.00,0.00,None,N/A,
36.7706,gk,PrecisionSelection,Precision Selection,749,590,0.00,0.00,None,N/A,
36.7811,gk,PrecisionSelection,Precision Selection,753,588,425.04,40396.83,None,N/A,
36.7911,gk,PrecisionSelection,Precision Selection,756,585,427.47,245.20,None,N/A,
36.8016,gk,PrecisionSelection,Precision Selection,764,580,895.63,44445.22,None,N/A,
36.8105,gk,PrecisionSelection,Precision Selection,769,577,656.22,-26943.29,None,N/A,
36.8209,gk,PrecisionSelection,Precision Selection,777,572,901.90,23486.79,None,N/A,
36.8310,gk,PrecisionSelection,Precision Selection,781,570,444.04,-45460.91,None,N/A,
36.8410,gk,PrecisionSelection,Precision Selection,786,568,542.01,9860.29,None,N/A,
36.8506,gk,PrecisionSelection,Precision Selection,794,564,922.76,39282.18,None,N/A,
36.8607,gk,PrecisionSelection,Precision Selection,799,561,582.73,-33981.98,None,N/A,
36.8711,gk,PrecisionSelection,Precision Selection,812,556,1328.63,71151.14,None,N/A,
36.8810,gk,PrecisionSelection,Precision Selection,818,554,639.18,-69678.10,None,N/A,
36.8909,gk,PrecisionSelection,Precision Selection,833,547,1678.55,105397.17,None,N/A,
36.9009,gk,PrecisionSelection,Precision Selection,843,543,1075.34,-60225.86,None,N/A,
36.9104,gk,PrecisionSelection,Precision Selection,868,534,2805.00,182595.68,None,N/A,
36.9214,gk,PrecisionSelection,Precision Selection,878,529,1018.15,-162721.10,None,N/A,
36.9309,gk,PrecisionSelection,Precision Selection,901,519,2637.73,170336.59,None,N/A,
36.9406,gk,PrecisionSelection,Precision Selection,912,515,1197.86,-147356.25,None,N/A,
36.9509,gk,PrecisionSelection,Precision Selection,921,512,921.21,-26863.91,None,N/A,
36.9614,gk,PrecisionSelection,Precision Selection,935,508,1389.28,44661.67,None,N/A,
36.9713,gk,PrecisionSelection,Precision Selection,943,507,814.54,-58066.79,None,N/A,
36.9811,gk,PrecisionSelection,Precision Selection,957,507,1431.43,63074.57,None,N/A,
36.9908,gk,PrecisionSelection,Precision Selection,963,508,625.15,-82864.95,None,N/A,
37.0004,gk,PrecisionSelection,Precision Selection,973,509,1044.38,43566.40,None,N/A,
37.0108,gk,PrecisionSelection,Precision Selection,977,509,385.27,-63483.64,None,N/A,
37.0213,gk,PrecisionSelection,Precision Selection,983,511,603.81,20864.25,None,N/A,
37.0309,gk,PrecisionSelection,Precision Selection,986,511,313.03,-30340.76,None,N/A,
37.0405,gk,PrecisionSelection,Precision Selection,990,513,467.26,16113.57,None,N/A,
37.0507,gk,PrecisionSelection,Precision Selection,992,513,195.56,-26566.42,None,N/A,
37.0610,gk,PrecisionSelection,Precision Selection,994,514,216.21,1996.53,None,N/A,
37.0711,gk,PrecisionSelection,Precision Selection,995,514,99.22,-11607.72,None,N/A,
37.0809,gk,PrecisionSelection,Precision Selection,996,514,101.81,263.32,None,N/A,
37.0913,gk,PrecisionSelection,Precision Selection,997,515,136.94,3401.93,None,N/A,
37.1006,gk,PrecisionSelection,Precision Selection,997,515,0.00,-14723.10,None,N/A,
37.1109,gk,PrecisionSelection,Precision Selection,998,515,96.43,9299.53,None,N/A,
37.1206,gk,PrecisionSelection,Precision Selection,998,515,0.00,-9957.51,None,N/A,
37.1306,gk,PrecisionSelection,Precision Selection,999,515,100.46,10093.17,None,N/A,
37.1410,gk,PrecisionSelection,Precision Selection,999,515,0.00,-9607.60,None,N/A,
37.1505,gk,PrecisionSelection,Precision Selection,1000,514,149.52,15809.22,None,N/A,
37.1604,gk,PrecisionSelection,Precision Selection,1001,514,100.46,-4929.16,None,N/A,
37.1711,gk,PrecisionSelection,Precision Selection,1003,513,209.45,10209.86,None,N/A,
37.1809,gk,PrecisionSelection,Precision Selection,1004,512,144.59,-6631.82,None,N/A,
37.1907,gk,PrecisionSelection,Precision Selection,1005,511,143.90,-70.31,None,N/A,
37.2005,gk,PrecisionSelection,Precision Selection,1009,508,512.41,37766.29,None,N/A,
37.2109,gk,PrecisionSelection,Precision Selection,1012,507,304.91,-20007.65,None,N/A,
37.2210,gk,PrecisionSelection,Precision Selection,1017,503,630.81,32106.12,None,N/A,
37.2312,gk,PrecisionSelection,Precision Selection,1020,502,309.02,-31445.36,None,N/A,
37.2413,gk,PrecisionSelection,Precision Selection,1026,499,665.32,35337.12,None,N/A,
37.2504,gk,PrecisionSelection,Precision Selection,1030,497,490.03,-19206.64,None,N/A,
37.2613,gk,PrecisionSelection,Precision Selection,1038,494,788.42,27534.66,None,N/A,
37.2711,gk,PrecisionSelection,Precision Selection,1041,492,367.18,-42898.24,None,N/A,
37.2811,gk,PrecisionSelection,Precision Selection,1048,490,727.79,36049.22,None,N/A,
37.2912,gk,PrecisionSelection,Precision Selection,1050,488,280.89,-44381.32,None,N/A,
37.3006,gk,PrecisionSelection,Precision Selection,1053,487,335.07,5740.83,None,N/A,
37.3105,gk,PrecisionSelection,Precision Selection,1056,485,364.89,3017.25,None,N/A,
37.3212,gk,PrecisionSelection,Precision Selection,1058,485,186.25,-16635.66,None,N/A,
37.3309,gk,PrecisionSelection,Precision Selection,1061,483,372.69,19272.21,None,N/A,
37.3407,gk,PrecisionSelection,Precision Selection,1062,483,102.24,-27651.19,None,N/A,
37.3504,gk,PrecisionSelection,Precision Selection,1064,481,291.28,19468.02,None,N/A,
37.3605,gk,PrecisionSelection,Precision Selection,1065,481,98.76,-19013.06,None,N/A,
37.3711,gk,PrecisionSelection,Precision Selection,1067,480,211.82,10710.31,None,N/A,
37.3810,gk,PrecisionSelection,Precision Selection,1068,480,100.98,-11192.66,None,N/A,
37.3905,gk,PrecisionSelection,Precision Selection,1070,479,235.65,14192.28,None,N/A,
37.4005,gk,PrecisionSelection,Precision Selection,1071,478,141.25,-9428.97,None,N/A,
37.4106,gk,PrecisionSelection,Precision Selection,1072,478,98.99,-4182.70,None,N/A,
37.4211,gk,PrecisionSelection,Precision Selection,1074,477,212.70,10815.77,None,N/A,
37.4311,gk,PrecisionSelection,Precision Selection,1075,477,99.55,-11263.94,None,N/A,
37.4407,gk,PrecisionSelection,Precision Selection,1077,476,234.05,14079.04,None,N/A,
37.4511,gk,PrecisionSelection,Precision Selection,1078,476,96.35,-13267.89,None,N/A,
37.4612,gk,PrecisionSelection,Precision Selection,1079,475,140.08,4330.95,None,N/A,
37.4713,gk,PrecisionSelection,Precision Selection,1080,475,98.92,-4071.71,None,N/A,
37.4809,gk,PrecisionSelection,Precision Selection,1081,475,103.99,527.93,None,N/A,
37.4909,gk,PrecisionSelection,Precision Selection,1082,475,99.82,-416.06,None,N/A,
37.5012,gk,PrecisionSelection,Precision Selection,1082,475,0.00,-9659.52,None,N/A,
37.5104,gk,PrecisionSelection,Precision Selection,1083,475,109.09,11900.08,None,N/A,
37.5207,gk,PrecisionSelection,Precision Selection,1083,475,0.00,-10655.22,None,N/A,
37.5308,gk,PrecisionSelection,Precision Selection,1083,475,0.00,0.00,None,N/A,
37.5413,gk,PrecisionSelection,Precision Selection,1083,475,0.00,0.00,None,N/A,
37.5508,gk,PrecisionSelection,Precision Selection,1083,474,105.43,11115.95,None,N/A,
37.5612,gk,PrecisionSelection,Precision Selection,1083,474,0.00,-10105.46,None,N/A,
37.5707,gk,PrecisionSelection,Precision Selection,1083,474,0.00,0.00,None,N/A,
37.5808,gk,PrecisionSelection,Precision Selection,1083,474,0.00,0.00,None,N/A,
37.5905,gk,PrecisionSelection,Precision Selection,1084,474,103.91,10796.63,None,N/A,
37.6005,gk,PrecisionSelection,Precision Selection,1084,473,99.28,-459.08,None,N/A,
37.6113,gk,PrecisionSelection,Precision Selection,1085,473,93.06,-579.11,None,N/A,
37.6212,gk,PrecisionSelection,Precision Selection,1085,472,100.81,780.77,None,N/A,
37.6306,gk,PrecisionSelection,Precision Selection,1085,472,0.00,-10700.20,None,N/A,
37.6406,gk,PrecisionSelection,Precision Selection,1085,472,0.00,0.00,None,N/A,
37.6505,gk,PrecisionSelection,Precision Selection,1085,472,0.00,0.00,None,N/A,
37.6610,gk,PrecisionSelection,Precision Selection,1085,472,0.00,0.00,None,N/A,
37.6705,gk,PrecisionSelection,Precision Selection,1085,472,0.00,0.00,None,N/A,
37.6811,gk,PrecisionSelection,Precision Selection,1085,472,0.00,0.00,None,N/A,
37.6905,gk,PrecisionSelection,Precision Selection,1085,472,0.00,0.00,None,N/A,
37.7010,gk,PrecisionSelection,Precision Selection,1085,472,0.00,0.00,None,N/A,
37.7105,gk,PrecisionSelection,Precision Selection,1085,472,0.00,0.00,None,N/A,
37.7209,gk,PrecisionSelection,Precision Selection,1085,472,0.00,0.00,None,N/A,
37.7313,gk,PrecisionSelection,Precision Selection,1085,472,0.00,0.00,None,N/A,
37.7404,gk,PrecisionSelection,Precision Selection,1085,472,0.00,0.00,None,N/A,
37.7513,gk,PrecisionSelection,Precision Selection,1085,472,0.00,0.00,None,N/A,
37.7614,gk,PrecisionSelection,Precision Selection,1084,473,140.68,13994.96,None,N/A,
37.7711,gk,PrecisionSelection,Precision Selection,1084,473,0.00,-14481.30,None,N/A,
37.7809,gk,PrecisionSelection,Precision Selection,1084,473,0.00,0.00,None,N/A,
37.7911,gk,PrecisionSelection,Precision Selection,1083,474,138.58,13578.95,None,N/A,
37.8005,gk,PrecisionSelection,Precision Selection,1083,474,0.00,-14678.72,None,N/A,
37.8112,gk,PrecisionSelection,Precision Selection,1082,475,133.09,12524.75,None,N/A,
37.8213,gk,PrecisionSelection,Precision Selection,1082,475,0.00,-13146.86,None,N/A,
37.8308,gk,PrecisionSelection,Precision Selection,1081,475,104.44,10908.22,None,N/A,
37.8413,gk,PrecisionSelection,Precision Selection,1081,475,0.00,-9945.36,None,N/A,
37.8504,gk,PrecisionSelection,Precision Selection,1081,476,110.48,12206.07,None,N/A,
37.8613,gk,PrecisionSelection,Precision Selection,1081,476,0.00,-10107.56,None,N/A,
37.8709,gk,PrecisionSelection,Precision Selection,1081,476,0.00,0.00,None,N/A,
37.8814,gk,PrecisionSelection,Precision Selection,1081,476,0.00,0.00,None,N/A,
37.8912,gk,PrecisionSelection,Precision Selection,1081,476,0.00,0.00,None,N/A,
37.9006,gk,PrecisionSelection,Precision Selection,1081,476,0.00,0.00,None,N/A,
37.9112,gk,PrecisionSelection,Precision Selection,1081,476,0.00,0.00,None,N/A,
37.9207,gk,PrecisionSelection,Precision Selection,1081,476,0.00,0.00,None,N/A,
37.9313,gk,PrecisionSelection,Precision Selection,1081,476,0.00,0.00,None,N/A,
37.9411,gk,PrecisionSelection,Precision Selection,1081,477,102.22,10449.50,None,N/A,
37.9507,gk,PrecisionSelection,Precision Selection,1081,477,0.00,-10596.45,None,N/A,
37.9606,gk,PrecisionSelection,Precision Selection,1081,477,0.00,0.00,None,N/A,
37.9713,gk,PrecisionSelection,Precision Selection,1081,477,0.00,0.00,None,N/A,
37.9810,gk,PrecisionSelection,Precision Selection,1081,477,0.00,0.00,None,N/A,
37.9908,gk,PrecisionSelection,Precision Selection,1081,477,0.00,0.00,None,N/A,
38.0006,gk,PrecisionSelection,Precision Selection,1081,477,0.00,0.00,None,N/A,
38.0114,gk,PrecisionSelection,Precision Selection,1081,477,0.00,0.00,None,N/A,
38.0211,gk,PrecisionSelection,Precision Selection,1081,477,0.00,0.00,None,N/A,
38.0307,gk,PrecisionSelection,Precision Selection,1081,477,0.00,0.00,None,N/A,
38.0413,gk,PrecisionSelection,Precision Selection,1081,477,0.00,0.00,None,N/A,
38.0509,gk,PrecisionSelection,Precision Selection,1081,477,0.00,0.00,None,N/A,
38.0607,gk,PrecisionSelection,Precision Selection,1081,477,0.00,0.00,None,N/A,
38.0713,gk,PrecisionSelection,Precision Selection,1081,477,0.00,0.00,None,N/A,
38.0809,gk,PrecisionSelection,Precision Selection,1081,477,0.00,0.00,None,N/A,
38.0907,gk,PrecisionSelection,Precision Selection,1081,477,0.00,0.00,None,N/A,
38.1004,gk,PrecisionSelection,Precision Selection,1081,477,0.00,0.00,None,N/A,
38.1111,gk,PrecisionSelection,Precision Selection,1081,477,0.00,0.00,None,N/A,
38.1207,gk,PrecisionSelection,Precision Selection,1081,477,0.00,0.00,None,N/A,
38.1313,gk,PrecisionSelection,Precision Selection,1081,477,0.00,0.00,None,N/A,
38.1409,gk,PrecisionSelection,Precision Selection,1081,477,0.00,0.00,None,N/A,
38.1504,gk,PrecisionSelection,Precision Selection,1081,477,0.00,0.00,None,N/A,
38.1610,gk,PrecisionSelection,Precision Selection,1081,477,0.00,0.00,None,N/A,
38.1705,gk,PrecisionSelection,Precision Selection,1081,477,0.00,0.00,None,N/A,
38.1810,gk,PrecisionSelection,Precision Selection,1081,477,0.00,0.00,None,N/A,
38.1905,gk,PrecisionSelection,Precision Selection,1081,477,0.00,0.00,None,N/A,
38.2010,gk,PrecisionSelection,Precision Selection,1081,477,0.00,0.00,None,N/A,
38.2104,gk,PrecisionSelection,Precision Selection,1081,477,0.00,0.00,None,N/A,
38.2209,gk,PrecisionSelection,Precision Selection,1081,477,0.00,0.00,None,N/A,
38.2314,gk,PrecisionSelection,Precision Selection,1081,477,0.00,0.00,None,N/A,
38.2409,gk,PrecisionSelection,Precision Selection,1081,477,0.00,0.00,None,N/A,
38.2506,gk,PrecisionSelection,Precision Selection,1081,477,0.00,0.00,None,N/A,
38.2613,gk,PrecisionSelection,Precision Selection,1081,477,0.00,0.00,None,N/A,
38.2710,gk,PrecisionSelection,Precision Selection,1081,477,0.00,0.00,None,N/A,
38.2807,gk,PrecisionSelection,Precision Selection,1081,477,0.00,0.00,None,N/A,
38.2913,gk,PrecisionSelection,Precision Selection,1081,477,0.00,0.00,None,N/A,
38.3010,gk,PrecisionSelection,Precision Selection,1081,477,0.00,0.00,None,N/A,
38.3106,gk,PrecisionSelection,Precision Selection,1081,477,0.00,0.00,None,N/A,
38.3211,gk,PrecisionSelection,Precision Selection,1081,477,0.00,0.00,None,N/A,
38.3306,gk,PrecisionSelection,Precision Selection,1081,477,0.00,0.00,None,N/A,
38.3410,gk,PrecisionSelection,Precision Selection,1081,477,0.00,0.00,None,N/A,
38.3505,gk,PrecisionSelection,Precision Selection,1081,477,0.00,0.00,None,N/A,
38.3609,gk,PrecisionSelection,Precision Selection,1081,477,0.00,0.00,None,N/A,
38.3705,gk,PrecisionSelection,Precision Selection,1081,477,0.00,0.00,None,N/A,
38.3810,gk,PrecisionSelection,Precision Selection,1081,477,0.00,0.00,None,N/A,
38.3905,gk,PrecisionSelection,Precision Selection,1081,477,0.00,0.00,None,N/A,
38.4005,gk,PrecisionSelection,Precision Selection,1081,477,0.00,0.00,None,N/A,
38.4112,gk,PrecisionSelection,Precision Selection,1081,477,0.00,0.00,None,N/A,
38.4209,gk,PrecisionSelection,Precision Selection,1081,477,0.00,0.00,None,N/A,
38.4305,gk,PrecisionSelection,Precision Selection,1081,477,0.00,0.00,None,N/A,
38.4412,gk,PrecisionSelection,Precision Selection,1081,477,0.00,0.00,None,N/A,
38.4509,gk,PrecisionSelection,Precision Selection,1081,477,0.00,0.00,None,N/A,
38.4607,gk,PrecisionSelection,Precision Selection,1081,477,0.00,0.00,None,N/A,
38.4714,gk,PrecisionSelection,Precision Selection,1081,477,0.00,0.00,None,N/A,
38.4812,gk,PrecisionSelection,Precision Selection,1081,477,0.00,0.00,None,N/A,
38.4908,gk,PrecisionSelection,Precision Selection,1081,477,0.00,0.00,None,N/A,
38.5005,gk,PrecisionSelection,Precision Selection,1081,477,0.00,0.00,None,N/A,
38.5111,gk,PrecisionSelection,Precision Selection,1081,477,0.00,0.00,None,N/A,
38.5207,gk,PrecisionSelection,Precision Selection,1081,477,0.00,0.00,None,N/A,
38.5313,gk,PrecisionSelection,Precision Selection,1081,477,0.00,0.00,None,N/A,
38.5409,gk,PrecisionSelection,Precision Selection,1081,477,0.00,0.00,None,N/A,
38.5505,gk,PrecisionSelection,Precision Selection,1081,477,0.00,0.00,None,N/A,
38.5614,gk,PrecisionSelection,Precision Selection,1081,477,0.00,0.00,None,N/A,
38.5711,gk,PrecisionSelection,Precision Selection,1081,477,0.00,0.00,None,N/A,
38.5808,gk,PrecisionSelection,Precision Selection,1081,477,0.00,0.00,None,N/A,
38.5905,gk,PrecisionSelection,Precision Selection,1081,477,0.00,0.00,None,N/A,
38.6011,gk,PrecisionSelection,Precision Selection,1081,477,0.00,0.00,None,N/A,
38.6108,gk,PrecisionSelection,Precision Selection,1081,477,0.00,0.00,None,N/A,
38.6205,gk,PrecisionSelection,Precision Selection,1081,477,0.00,0.00,None,N/A,
38.6311,gk,PrecisionSelection,Precision Selection,1081,477,0.00,0.00,None,N/A,
38.6408,gk,PrecisionSelection,Precision Selection,1081,477,0.00,0.00,None,N/A,
38.6514,gk,PrecisionSelection,Precision Selection,1081,477,0.00,0.00,None,N/A,
38.6611,gk,PrecisionSelection,Precision Selection,1081,477,0.00,0.00,None,N/A,
38.6707,gk,PrecisionSelection,Precision Selection,1081,477,0.00,0.00,None,N/A,
38.6813,gk,PrecisionSelection,Precision Selection,1081,477,0.00,0.00,None,N/A,
38.6909,gk,PrecisionSelection,Precision Selection,1081,477,0.00,0.00,None,N/A,
38.7005,gk,PrecisionSelection,Precision Selection,1081,477,0.00,0.00,None,N/A,
38.7112,gk,PrecisionSelection,Precision Selection,1081,477,0.00,0.00,None,N/A,
38.7209,gk,PrecisionSelection,Precision Selection,1081,477,0.00,0.00,None,N/A,
38.7305,gk,PrecisionSelection,Precision Selection,1081,477,0.00,0.00,None,N/A,
38.7412,gk,PrecisionSelection,Precision Selection,1081,477,0.00,0.00,None,N/A,
38.7508,gk,PrecisionSelection,Precision Selection,1081,477,0.00,0.00,None,N/A,
38.7613,gk,PrecisionSelection,Precision Selection,1081,477,0.00,0.00,None,N/A,
38.7709,gk,PrecisionSelection,Precision Selection,1081,477,0.00,0.00,None,N/A,
38.7805,gk,PrecisionSelection,Precision Selection,1081,477,0.00,0.00,None,N/A,
38.7912,gk,PrecisionSelection,Precision Selection,1081,477,0.00,0.00,None,N/A,
38.8007,gk,PrecisionSelection,Precision Selection,1081,477,0.00,0.00,None,N/A,
38.8115,gk,PrecisionSelection,Precision Selection,1081,477,0.00,0.00,None,N/A,
38.8212,gk,PrecisionSelection,Precision Selection,1081,477,0.00,0.00,None,N/A,
38.8308,gk,PrecisionSelection,Precision Selection,1081,477,0.00,0.00,None,N/A,
38.8404,gk,PrecisionSelection,Precision Selection,1081,477,0.00,0.00,None,N/A,
38.8509,gk,PrecisionSelection,Precision Selection,1081,477,0.00,0.00,None,N/A,
38.8614,gk,PrecisionSelection,Precision Selection,1081,477,0.00,0.00,None,N/A,
38.8709,gk,PrecisionSelection,Precision Selection,1081,477,0.00,0.00,None,N/A,
38.8806,gk,PrecisionSelection,Precision Selection,1081,477,0.00,0.00,None,N/A,
38.8913,gk,PrecisionSelection,Precision Selection,1081,477,0.00,0.00,None,N/A,
38.9009,gk,PrecisionSelection,Precision Selection,1081,477,0.00,0.00,None,N/A,
38.9105,gk,PrecisionSelection,Precision Selection,1081,477,0.00,0.00,None,N/A,
38.9210,gk,PrecisionSelection,Precision Selection,1081,477,0.00,0.00,None,N/A,
38.9306,gk,PrecisionSelection,Precision Selection,1081,477,0.00,0.00,None,N/A,
38.9411,gk,PrecisionSelection,Precision Selection,1081,477,0.00,0.00,None,N/A,
38.9507,gk,PrecisionSelection,Precision Selection,1081,477,0.00,0.00,None,N/A,
38.9611,gk,PrecisionSelection,Precision Selection,1081,477,0.00,0.00,None,N/A,
38.9706,gk,PrecisionSelection,Precision Selection,1081,477,0.00,0.00,None,N/A,
38.9810,gk,PrecisionSelection,Precision Selection,1081,477,0.00,0.00,None,N/A,
38.9905,gk,PrecisionSelection,Precision Selection,1081,477,0.00,0.00,None,N/A,
39.0012,gk,PrecisionSelection,Precision Selection,1081,477,0.00,0.00,None,N/A,
39.0107,gk,PrecisionSelection,Precision Selection,1081,477,0.00,0.00,None,N/A,
39.0213,gk,PrecisionSelection,Precision Selection,1081,477,0.00,0.00,None,N/A,
39.0308,gk,PrecisionSelection,Precision Selection,1081,477,0.00,0.00,None,N/A,
39.0414,gk,PrecisionSelection,Precision Selection,1081,477,0.00,0.00,None,N/A,
39.0511,gk,PrecisionSelection,Precision Selection,1081,477,0.00,0.00,None,N/A,
39.0606,gk,PrecisionSelection,Precision Selection,1081,477,0.00,0.00,None,N/A,
39.0711,gk,PrecisionSelection,Precision Selection,1081,477,0.00,0.00,None,N/A,
39.0808,gk,PrecisionSelection,Precision Selection,1081,477,0.00,0.00,None,N/A,
39.0913,gk,PrecisionSelection,Precision Selection,1081,477,0.00,0.00,None,N/A,
39.1009,gk,PrecisionSelection,Precision Selection,1081,477,0.00,0.00,None,N/A,
39.1105,gk,PrecisionSelection,Precision Selection,1081,477,0.00,0.00,None,N/A,
39.1209,gk,PrecisionSelection,Precision Selection,1081,477,0.00,0.00,None,N/A,
39.1304,gk,PrecisionSelection,Precision Selection,1081,477,0.00,0.00,None,N/A,
39.1410,gk,PrecisionSelection,Precision Selection,1081,477,0.00,0.00,None,N/A,
39.1504,gk,PrecisionSelection,Precision Selection,1081,477,0.00,0.00,None,N/A,
39.1609,gk,PrecisionSelection,Precision Selection,1081,477,0.00,0.00,None,N/A,
39.1712,gk,PrecisionSelection,Precision Selection,1081,477,0.00,0.00,Left,N/A,
39.1806,gk,PrecisionSelection,Precision Selection,1081,477,0.00,0.00,Left,N/A,
39.1911,gk,PrecisionSelection,Precision Selection,1081,477,0.00,0.00,Left,N/A,
39.2005,gk,PrecisionSelection,Precision Selection,1081,477,0.00,0.00,Left,N/A,
39.2110,gk,PrecisionSelection,Precision Selection,1081,477,0.00,0.00,Left,N/A,
39.2205,gk,PrecisionSelection,Precision Selection,1081,477,0.00,0.00,Left,N/A,
39.2311,gk,PrecisionSelection,Precision Selection,1081,477,0.00,0.00,Left,N/A,
39.2405,gk,PrecisionSelection,Precision Selection,1081,477,0.00,0.00,Left,N/A,
39.2510,gk,PrecisionSelection,Precision Selection,1081,477,0.00,0.00,Left,N/A,
39.2604,gk,PrecisionSelection,Precision Selection,1081,477,0.00,0.00,Left,N/A,
39.2710,gk,PrecisionSelection,Precision Selection,1081,477,0.00,0.00,Left,N/A,
39.2805,gk,PrecisionSelection,Precision Selection,1081,477,0.00,0.00,Left,N/A,
39.2910,gk,PrecisionSelection,Precision Selection,1081,477,0.00,0.00,Left,N/A,
39.3004,gk,PrecisionSelection,Precision Selection,1081,477,0.00,0.00,Left,N/A,
39.3109,gk,PrecisionSelection,Precision Selection,1081,477,0.00,0.00,Left,N/A,
39.3213,gk,PrecisionSelection,Precision Selection,1081,477,0.00,0.00,Left,N/A,
39.3308,gk,PrecisionSelection,Precision Selection,1081,477,0.00,0.00,Left,N/A,
39.3409,gk,PrecisionSelection,Precision Selection,1081,477,0.00,0.00,Left,N/A,
39.3514,gk,PrecisionSelection,Precision Selection,1081,477,0.00,0.00,Left,N/A,
39.3608,gk,PrecisionSelection,Precision Selection,1081,477,0.00,0.00,Left,N/A,
39.3714,gk,PrecisionSelection,Precision Selection,1081,477,0.00,0.00,Left,N/A,
39.3809,gk,PrecisionSelection,Precision Selection,1081,477,0.00,0.00,Left,N/A,
39.3904,gk,PrecisionSelection,Precision Selection,1081,477,0.00,0.00,Left,N/A,
39.4009,gk,PrecisionSelection,Precision Selection,1081,477,0.00,0.00,Left,N/A,
39.4113,gk,PrecisionSelection,Precision Selection,1081,477,0.00,0.00,Left,N/A,
39.4208,gk,PrecisionSelection,Precision Selection,1081,477,0.00,0.00,Left,N/A,
39.4309,gk,PrecisionSelection,Precision Selection,1081,477,0.00,0.00,Left,N/A,
39.4408,gk,PrecisionSelection,Precision Selection,1081,477,0.00,0.00,Left,N/A,
39.4513,gk,PrecisionSelection,Precision Selection,1080,477,95.28,9078.21,Left,N/A,
39.4608,gk,PrecisionSelection,Precision Selection,1080,477,0.00,-9999.79,Left,N/A,
39.4713,gk,PrecisionSelection,Precision Selection,1080,477,0.00,0.00,Left,N/A,
39.4811,gk,PrecisionSelection,Precision Selection,1080,477,0.00,0.00,Left,N/A,
39.4905,gk,PrecisionSelection,Precision Selection,1080,477,0.00,0.00,Left,N/A,
39.5010,gk,PrecisionSelection,Precision Selection,1079,478,134.87,12863.05,Left,N/A,
39.5104,gk,PrecisionSelection,Precision Selection,1079,478,0.00,-14317.28,Left,N/A,
39.5205,gk,PrecisionSelection,Precision Selection,1078,479,140.83,14023.55,Left,N/A,
39.5310,gk,PrecisionSelection,Precision Selection,1078,479,0.00,-13335.56,Left,N/A,
39.5410,gk,PrecisionSelection,Precision Selection,1078,480,100.34,10069.04,Left,N/A,
39.5506,gk,PrecisionSelection,Precision Selection,1078,480,0.00,-10470.85,Left,N/A,
39.5613,gk,PrecisionSelection,Precision Selection,1078,481,93.22,8689.04,Left,N/A,
39.5708,gk,PrecisionSelection,Precision Selection,1077,482,148.71,5835.67,Left,N/A,
39.5809,gk,PrecisionSelection,Precision Selection,1077,482,0.00,-14694.90,Left,N/A,
39.5911,gk,PrecisionSelection,Precision Selection,1077,482,0.00,0.00,Left,N/A,
39.6003,gk,PrecisionSelection,Precision Selection,1077,483,108.50,11772.97,Left,N/A,
39.6106,gk,PrecisionSelection,Precision Selection,1077,483,0.00,-10568.39,Left,N/A,
39.6205,gk,PrecisionSelection,Precision Selection,1077,484,100.59,10118.85,Left,N/A,
39.6311,gk,PrecisionSelection,Precision Selection,1077,484,0.00,-9494.69,Left,N/A,
39.6408,gk,PrecisionSelection,Precision Selection,1077,484,0.00,0.00,Left,N/A,
39.6505,gk,PrecisionSelection,Precision Selection,1077,484,0.00,0.00,Left,N/A,
39.6611,gk,PrecisionSelection,Precision Selection,1077,485,94.39,8910.23,Left,N/A,
39.6713,gk,PrecisionSelection,Precision Selection,1076,485,98.08,361.31,Left,N/A,
39.6804,gk,PrecisionSelection,Precision Selection,1076,486,109.63,1267.05,Left,N/A,
39.6909,gk,PrecisionSelection,Precision Selection,1076,486,0.00,-10489.58,Left,N/A,
39.7011,gk,PrecisionSelection,Precision Selection,1075,486,98.02,9608.50,Left,N/A,
39.7109,gk,PrecisionSelection,Precision Selection,1075,487,101.93,398.47,Left,N/A,
39.7205,gk,PrecisionSelection,Precision Selection,1075,487,0.00,-10598.27,Left,N/A,
39.7312,gk,PrecisionSelection,Precision Selection,1075,487,0.00,0.00,Left,N/A,
39.7408,gk,PrecisionSelection,Precision Selection,1075,487,0.00,0.00,Left,N/A,
39.7506,gk,PrecisionSelection,Precision Selection,1075,487,0.00,0.00,Left,N/A,
39.7613,gk,PrecisionSelection,Precision Selection,1075,487,0.00,0.00,Left,N/A,
39.7709,gk,PrecisionSelection,Precision Selection,1075,487,0.00,0.00,Left,N/A,
39.7811,gk,PrecisionSelection,Precision Selection,1075,487,0.00,0.00,Left,N/A,
39.7909,gk,PrecisionSelection,Precision Selection,1075,487,0.00,0.00,Left,N/A,
39.8005,gk,PrecisionSelection,Precision Selection,1075,487,0.00,0.00,Left,N/A,
39.8110,gk,PrecisionSelection,Precision Selection,1075,487,0.00,0.00,Left,N/A,
39.8206,gk,PrecisionSelection,Precision Selection,1075,487,0.00,0.00,Left,N/A,
39.8312,gk,PrecisionSelection,Precision Selection,1075,487,0.00,0.00,Left,N/A,
39.8412,gk,PrecisionSelection,Precision Selection,1075,487,0.00,0.00,Left,N/A,
39.8511,gk,PrecisionSelection,Precision Selection,1075,487,0.00,0.00,Left,N/A,
39.8609,gk,PrecisionSelection,Precision Selection,1075,487,0.00,0.00,Left,N/A,
39.8706,gk,PrecisionSelection,Precision Selection,1075,487,0.00,0.00,Left,N/A,
39.8815,gk,PrecisionSelection,Precision Selection,1075,487,0.00,0.00,Left,N/A,
39.8904,gk,PrecisionSelection,Precision Selection,1075,486,111.41,12411.18,Left,N/A,
39.9013,gk,PrecisionSelection,Precision Selection,1076,486,91.77,-1802.01,Left,N/A,
39.9108,gk,PrecisionSelection,Precision Selection,1076,485,105.69,1471.61,Left,N/A,
39.9211,gk,PrecisionSelection,Precision Selection,1077,485,96.92,-850.64,Left,N/A,
39.9313,gk,PrecisionSelection,Precision Selection,1078,483,219.62,12052.03,Left,N/A,
39.9414,gk,PrecisionSelection,Precision Selection,1079,483,99.21,-11946.10,Left,N/A,
39.9506,gk,PrecisionSelection,Precision Selection,1080,481,243.48,15709.84,Left,N/A,
39.9607,gk,PrecisionSelection,Precision Selection,1081,481,98.84,-14296.51,Left,N/A,
39.9706,gk,PrecisionSelection,Precision Selection,1082,480,141.95,4327.65,Left,N/A,
39.9814,gk,PrecisionSelection,Precision Selection,1083,479,132.01,-928.05,Left,N/A,
39.9909,gk,PrecisionSelection,Precision Selection,1083,479,0.00,-13765.59,Left,N/A,
40.0009,gk,PrecisionSelection,Precision Selection,1084,478,142.01,14259.55,Left,N/A,
40.0105,gk,PrecisionSelection,Precision Selection,1084,478,0.00,-14861.56,Left,N/A,
40.0211,gk,PrecisionSelection,Precision Selection,1084,477,93.74,8787.19,Left,N/A,
40.0306,gk,PrecisionSelection,Precision Selection,1084,477,0.00,-9846.09,Left,N/A,
40.0412,gk,PrecisionSelection,Precision Selection,1084,477,0.00,0.00,Left,N/A,
40.0507,gk,PrecisionSelection,Precision Selection,1084,477,0.00,0.00,Left,N/A,
40.0612,gk,PrecisionSelection,Precision Selection,1084,477,0.00,0.00,Left,N/A,
40.0708,gk,PrecisionSelection,Precision Selection,1084,477,0.00,0.00,Left,N/A,
40.0804,gk,PrecisionSelection,Precision Selection,1084,477,0.00,0.00,Left,N/A,
40.0911,gk,PrecisionSelection,Precision Selection,1084,476,93.25,8694.84,Left,N/A,
40.1007,gk,PrecisionSelection,Precision Selection,1084,476,0.00,-9806.74,Left,N/A,
40.1113,gk,PrecisionSelection,Precision Selection,1084,476,0.00,0.00,Left,N/A,
40.1214,gk,PrecisionSelection,Precision Selection,1084,476,0.00,0.00,Left,N/A,
40.1309,gk,PrecisionSelection,Precision Selection,1084,476,0.00,0.00,Left,N/A,
40.1413,gk,PrecisionSelection,Precision Selection,1084,476,0.00,0.00,Left,N/A,
40.1508,gk,PrecisionSelection,Precision Selection,1084,476,0.00,0.00,Left,N/A,
40.1605,gk,PrecisionSelection,Precision Selection,1084,476,0.00,0.00,Left,N/A,
40.1710,gk,PrecisionSelection,Precision Selection,1084,476,0.00,0.00,Left,N/A,
40.1806,gk,PrecisionSelection,Precision Selection,1084,476,0.00,0.00,Left,N/A,
40.1908,gk,PrecisionSelection,Precision Selection,1084,476,0.00,0.00,Left,N/A,
40.2005,gk,PrecisionSelection,Precision Selection,1084,476,0.00,0.00,Left,N/A,
40.2105,gk,PrecisionSelection,Precision Selection,1084,476,0.00,0.00,Left,N/A,
40.2212,gk,PrecisionSelection,Precision Selection,1084,475,93.32,8708.77,Left,N/A,
40.2310,gk,PrecisionSelection,Precision Selection,1084,475,0.00,-9524.66,Left,N/A,
40.2407,gk,PrecisionSelection,Precision Selection,1084,475,0.00,0.00,Left,N/A,
40.2513,gk,PrecisionSelection,Precision Selection,1084,475,0.00,0.00,Left,N/A,
40.2608,gk,PrecisionSelection,Precision Selection,1084,475,0.00,0.00,Left,N/A,
40.2713,gk,PrecisionSelection,Precision Selection,1084,475,0.00,0.00,Left,N/A,
40.2807,gk,PrecisionSelection,Precision Selection,1084,475,0.00,0.00,Left,N/A,
40.2913,gk,PrecisionSelection,Precision Selection,1084,475,0.00,0.00,Left,N/A,
40.3008,gk,PrecisionSelection,Precision Selection,1084,475,0.00,0.00,Left,N/A,
40.3113,gk,PrecisionSelection,Precision Selection,1084,475,0.00,0.00,Left,N/A,
40.3209,gk,PrecisionSelection,Precision Selection,1084,475,0.00,0.00,Left,N/A,
40.3307,gk,PrecisionSelection,Precision Selection,1084,475,0.00,0.00,Left,N/A,
40.3414,gk,PrecisionSelection,Precision Selection,1084,475,0.00,0.00,Left,N/A,
40.3510,gk,PrecisionSelection,Precision Selection,1084,475,0.00,0.00,Left,N/A,
40.3607,gk,PrecisionSelection,Precision Selection,1084,475,0.00,0.00,Left,N/A,
40.3713,gk,PrecisionSelection,Precision Selection,1084,475,0.00,0.00,Left,N/A,
40.3810,gk,PrecisionSelection,Precision Selection,1084,475,0.00,0.00,Left,N/A,
40.3910,gk,PrecisionSelection,Precision Selection,1084,475,0.00,0.00,Left,N/A,
40.4012,gk,PrecisionSelection,Precision Selection,1085,475,98.23,9649.05,Left,N/A,
40.4104,gk,PrecisionSelection,Precision Selection,1085,476,108.22,1081.56,Left,N/A,
40.4188,gk,PrecisionSelection,Precision Selection,1085,476,108.22,0.00,None,N/A,precision_click
40.4214,gk,PrecisionSelection,Precision Selection,1085,476,0.00,-9847.52,None,N/A,
40.4312,gk,PrecisionSelection,Precision Selection,1085,476,0.00,0.00,None,N/A,
40.4408,gk,PrecisionSelection,Precision Selection,1085,476,0.00,0.00,None,N/A,
40.4514,gk,PrecisionSelection,Precision Selection,1085,476,0.00,0.00,None,N/A,
40.4609,gk,PrecisionSelection,Precision Selection,1085,476,0.00,0.00,None,N/A,
40.4706,gk,PrecisionSelection,Precision Selection,1085,476,0.00,0.00,None,N/A,
40.4813,gk,PrecisionSelection,Precision Selection,1085,476,0.00,0.00,None,N/A,
40.4910,gk,PrecisionSelection,Precision Selection,1085,476,0.00,0.00,None,N/A,
40.5007,gk,PrecisionSelection,Precision Selection,1085,476,0.00,0.00,None,N/A,
40.5104,gk,PrecisionSelection,Precision Selection,1085,476,0.00,0.00,None,N/A,
40.5211,gk,PrecisionSelection,Precision Selection,1085,476,0.00,0.00,None,N/A,
40.5308,gk,PrecisionSelection,Precision Selection,1085,476,0.00,0.00,None,N/A,
40.5405,gk,PrecisionSelection,Precision Selection,1085,476,0.00,0.00,None,N/A,
40.5512,gk,PrecisionSelection,Precision Selection,1085,476,0.00,0.00,None,N/A,
40.5610,gk,PrecisionSelection,Precision Selection,1085,476,0.00,0.00,None,N/A,
40.5706,gk,PrecisionSelection,Precision Selection,1085,476,0.00,0.00,None,N/A,
40.5811,gk,PrecisionSelection,Precision Selection,1085,476,0.00,0.00,None,N/A,
40.5908,gk,PrecisionSelection,Precision Selection,1085,476,0.00,0.00,None,N/A,
40.6013,gk,PrecisionSelection,Precision Selection,1085,476,0.00,0.00,None,N/A,
40.6111,gk,PrecisionSelection,Precision Selection,1085,476,0.00,0.00,None,N/A,
40.6206,gk,PrecisionSelection,Precision Selection,1085,476,0.00,0.00,None,N/A,
40.6311,gk,PrecisionSelection,Precision Selection,1085,476,0.00,0.00,None,N/A,
40.6407,gk,PrecisionSelection,Precision Selection,1085,476,0.00,0.00,None,N/A,
40.6514,gk,PrecisionSelection,Precision Selection,1085,476,0.00,0.00,None,N/A,
40.6610,gk,PrecisionSelection,Precision Selection,1085,476,0.00,0.00,None,N/A,
40.6707,gk,PrecisionSelection,Precision Selection,1085,476,0.00,0.00,None,N/A,
40.6813,gk,PrecisionSelection,Precision Selection,1085,476,0.00,0.00,None,N/A,
40.6910,gk,PrecisionSelection,Precision Selection,1085,476,0.00,0.00,None,N/A,
40.7006,gk,PrecisionSelection,Precision Selection,1085,476,0.00,0.00,None,N/A,
40.7112,gk,PrecisionSelection,Precision Selection,1085,476,0.00,0.00,None,N/A,
40.7208,gk,PrecisionSelection,Precision Selection,1085,476,0.00,0.00,None,N/A,
40.7304,gk,PrecisionSelection,Precision Selection,1085,476,0.00,0.00,None,N/A,
40.7410,gk,PrecisionSelection,Precision Selection,1085,476,0.00,0.00,None,N/A,
40.7506,gk,PrecisionSelection,Precision Selection,1085,476,0.00,0.00,None,N/A,
40.7611,gk,PrecisionSelection,Precision Selection,1085,476,0.00,0.00,None,N/A,
40.7707,gk,PrecisionSelection,Precision Selection,1085,476,0.00,0.00,None,N/A,
40.7812,gk,PrecisionSelection,Precision Selection,1085,476,0.00,0.00,None,N/A,
40.7907,gk,PrecisionSelection,Precision Selection,1085,476,0.00,0.00,None,N/A,
40.8013,gk,PrecisionSelection,Precision Selection,1085,476,0.00,0.00,None,N/A,
40.8111,gk,PrecisionSelection,Precision Selection,1085,476,0.00,0.00,None,N/A,
40.8208,gk,PrecisionSelection,Precision Selection,1085,476,0.00,0.00,None,N/A,
40.8314,gk,PrecisionSelection,Precision Selection,1085,476,0.00,0.00,None,N/A,
40.8410,gk,PrecisionSelection,Precision Selection,1085,476,0.00,0.00,None,N/A,
40.8507,gk,PrecisionSelection,Precision Selection,1085,476,0.00,0.00,None,N/A,
40.8613,gk,PrecisionSelection,Precision Selection,1085,476,0.00,0.00,None,N/A,
40.8709,gk,PrecisionSelection,Precision Selection,1085,476,0.00,0.00,None,N/A,
40.8806,gk,PrecisionSelection,Precision Selection,1085,476,0.00,0.00,None,N/A,
40.8905,gk,PrecisionSelection,Precision Selection,1076,490,1669.07,167381.93,None,N/A,
40.9010,gk,PrecisionSelection,Precision Selection,1069,503,1410.70,-24686.04,None,N/A,
40.9107,gk,PrecisionSelection,Precision Selection,1059,521,2126.67,73945.28,None,N/A,
40.9204,gk,PrecisionSelection,Precision Selection,1041,559,4327.97,226580.63,None,N/A,
40.9311,gk,PrecisionSelection,Precision Selection,1036,571,1216.26,-291126.00,None,N/A,
40.9411,gk,PrecisionSelection,Precision Selection,1025,594,2540.79,132000.29,None,N/A,
40.9509,gk,PrecisionSelection,Precision Selection,1021,604,1104.31,-147285.97,None,N/A,
40.9607,gk,PrecisionSelection,Precision Selection,1015,621,1844.60,75746.57,None,N/A,
40.9705,gk,PrecisionSelection,Precision Selection,1011,630,999.93,-85757.36,None,N/A,
40.9812,gk,PrecisionSelection,Precision Selection,1003,651,2109.19,104111.91,None,N/A,
40.9911,gk,PrecisionSelection,Precision Selection,1001,658,734.76,-138716.32,None,N/A,
41.0005,gk,PrecisionSelection,Precision Selection,997,671,1444.89,75438.27,None,N/A,
41.0106,gk,PrecisionSelection,Precision Selection,994,676,576.23,-85843.37,None,N/A,
41.0206,gk,PrecisionSelection,Precision Selection,992,680,448.24,-12828.04,None,N/A,
41.0311,gk,PrecisionSelection,Precision Selection,987,698,1766.65,124676.96,None,N/A,
41.0413,gk,PrecisionSelection,Precision Selection,985,709,1102.24,-65502.01,None,N/A,
41.0508,gk,PrecisionSelection,Precision Selection,982,720,1204.66,10820.65,None,N/A,
41.0607,gk,PrecisionSelection,Precision Selection,981,723,316.61,-88912.47,None,N/A,
41.0713,gk,PrecisionSelection,Precision Selection,979,727,424.64,10257.08,None,N/A,
41.0813,gk,PrecisionSelection,Precision Selection,979,728,100.01,-32466.95,None,N/A,
41.0911,gk,PrecisionSelection,Precision Selection,977,732,453.95,35925.95,None,N/A,
41.1009,gk,PrecisionSelection,Precision Selection,976,736,421.76,-3292.05,None,N/A,
41.1109,gk,PrecisionSelection,Precision Selection,975,739,317.65,-10458.02,None,N/A,
41.1209,gk,PrecisionSelection,Precision Selection,974,739,99.43,-21697.94,None,N/A,
41.1309,gk,PrecisionSelection,Precision Selection,973,739,100.12,68.91,None,N/A,
41.1411,gk,PrecisionSelection,Precision Selection,972,739,98.40,-169.63,None,N/A,
41.1506,gk,PrecisionSelection,Precision Selection,972,739,0.00,-10282.81,None,N/A,
41.1604,gk,PrecisionSelection,Precision Selection,971,739,102.00,10404.32,None,N/A,
41.1704,gk,PrecisionSelection,Precision Selection,970,739,100.41,-159.86,None,N/A,
41.1809,gk,PrecisionSelection,Precision Selection,970,739,0.00,-9558.72,None,N/A,
41.1905,gk,PrecisionSelection,Precision Selection,970,739,0.00,0.00,None,N/A,
41.2010,gk,PrecisionSelection,Precision Selection,970,739,0.00,0.00,None,N/A,
41.2105,gk,PrecisionSelection,Precision Selection,970,739,0.00,0.00,None,N/A,
41.2210,gk,PrecisionSelection,Precision Selection,970,739,0.00,0.00,None,N/A,
41.2305,gk,PrecisionSelection,Precision Selection,970,739,0.00,0.00,None,N/A,
41.2409,gk,PrecisionSelection,Precision Selection,970,739,0.00,0.00,None,N/A,
41.2513,gk,PrecisionSelection,Precision Selection,970,739,0.00,0.00,None,N/A,
41.2608,gk,PrecisionSelection,Precision Selection,970,739,0.00,0.00,None,N/A,
41.2712,gk,PrecisionSelection,Precision Selection,970,739,0.00,0.00,None,N/A,
41.2806,gk,PrecisionSelection,Precision Selection,970,739,0.00,0.00,None,N/A,
41.2911,gk,PrecisionSelection,Precision Selection,970,739,0.00,0.00,None,N/A,
41.3006,gk,PrecisionSelection,Precision Selection,970,739,0.00,0.00,None,N/A,
41.3112,gk,PrecisionSelection,Precision Selection,970,739,0.00,0.00,None,N/A,
41.3207,gk,PrecisionSelection,Precision Selection,970,739,0.00,0.00,None,N/A,
41.3313,gk,PrecisionSelection,Precision Selection,970,739,0.00,0.00,None,N/A,
41.3408,gk,PrecisionSelection,Precision Selection,970,739,0.00,0.00,None,N/A,
41.3514,gk,PrecisionSelection,Precision Selection,970,739,0.00,0.00,None,N/A,
41.3610,gk,PrecisionSelection,Precision Selection,970,739,0.00,0.00,None,N/A,
41.3704,gk,PrecisionSelection,Precision Selection,970,739,0.00,0.00,None,N/A,
41.3810,gk,PrecisionSelection,Precision Selection,970,739,0.00,0.00,None,N/A,
41.3905,gk,PrecisionSelection,Precision Selection,970,739,0.00,0.00,None,N/A,
41.4010,gk,PrecisionSelection,Precision Selection,970,739,0.00,0.00,None,N/A,
41.4104,gk,PrecisionSelection,Precision Selection,970,739,0.00,0.00,None,N/A,
41.4209,gk,PrecisionSelection,Precision Selection,970,739,0.00,0.00,None,N/A,
41.4313,gk,PrecisionSelection,Precision Selection,970,739,0.00,0.00,None,N/A,
41.4407,gk,PrecisionSelection,Precision Selection,970,739,0.00,0.00,None,N/A,
41.4511,gk,PrecisionSelection,Precision Selection,970,739,0.00,0.00,None,N/A,
41.4606,gk,PrecisionSelection,Precision Selection,970,739,0.00,0.00,None,N/A,
41.4711,gk,PrecisionSelection,Precision Selection,970,739,0.00,0.00,None,N/A,
41.4806,gk,PrecisionSelection,Precision Selection,970,739,0.00,0.00,None,N/A,
41.4910,gk,PrecisionSelection,Precision Selection,970,739,0.00,0.00,None,N/A,
41.5005,gk,PrecisionSelection,Precision Selection,970,739,0.00,0.00,None,N/A,
41.5106,gk,PrecisionSelection,Precision Selection,971,749,1002.77,100054.75,None,N/A,
41.5205,gk,PrecisionSelection,Precision Selection,972,755,611.67,-39327.54,None,N/A,
41.5311,gk,PrecisionSelection,Precision Selection,974,768,1240.61,59322.35,None,N/A,
41.5410,gk,PrecisionSelection,Precision Selection,976,773,543.09,-70344.35,None,N/A,
41.5509,gk,PrecisionSelection,Precision Selection,978,782,933.37,39511.66,None,N/A,
41.5607,gk,PrecisionSelection,Precision Selection,980,787,551.94,-39093.93,None,N/A,
41.5703,gk,PrecisionSelection,Precision Selection,983,796,983.46,44733.44,None,N/A,
41.5812,gk,PrecisionSelection,Precision Selection,985,800,408.81,-52530.07,None,N/A,
41.5911,gk,PrecisionSelection,Precision Selection,988,809,962.92,56242.07,None,N/A,
41.6011,gk,PrecisionSelection,Precision Selection,989,814,511.76,-45280.24,None,N/A,
41.6108,gk,PrecisionSelection,Precision Selection,990,817,324.03,-19235.84,None,N/A,
41.6209,gk,PrecisionSelection,Precision Selection,992,823,627.79,30151.29,None,N/A,
41.6304,gk,PrecisionSelection,Precision Selection,992,825,209.58,-43824.27,None,N/A,
41.6412,gk,PrecisionSelection,Precision Selection,994,829,415.99,19199.78,None,N/A,
41.6510,gk,PrecisionSelection,Precision Selection,995,830,144.23,-27715.70,None,N/A,
41.6608,gk,PrecisionSelection,Precision Selection,997,833,368.88,22983.17,None,N/A,
41.6707,gk,PrecisionSelection,Precision Selection,998,835,226.20,-14433.15,None,N/A,
41.6814,gk,PrecisionSelection,Precision Selection,1000,838,336.81,10332.99,None,N/A,
41.6905,gk,PrecisionSelection,Precision Selection,1001,840,243.53,-10159.28,None,N/A,
41.7006,gk,PrecisionSelection,Precision Selection,1002,842,222.80,-2065.35,None,N/A,
41.7113,gk,PrecisionSelection,Precision Selection,1003,843,131.56,-8487.66,None,N/A,
41.7209,gk,PrecisionSelection,Precision Selection,1004,845,232.45,10488.03,None,N/A,
41.7306,gk,PrecisionSelection,Precision Selection,1005,845,103.81,-13354.45,None,N/A,
41.7404,gk,PrecisionSelection,Precision Selection,1006,846,143.47,4022.63,None,N/A,
41.7512,gk,PrecisionSelection,Precision Selection,1007,847,131.63,-1101.99,None,N/A,
41.7609,gk,PrecisionSelection,Precision Selection,1007,848,103.11,-2940.21,None,N/A,
41.7707,gk,PrecisionSelection,Precision Selection,1008,848,101.39,-174.63,None,N/A,
41.7806,gk,PrecisionSelection,Precision Selection,1008,849,101.77,39.06,None,N/A,
41.7904,gk,PrecisionSelection,Precision Selection,1009,849,102.02,25.26,None,N/A,
41.8012,gk,PrecisionSelection,Precision Selection,1009,850,92.39,-890.21,None,N/A,
41.8106,gk,PrecisionSelection,Precision Selection,1010,850,105.99,1442.14,None,N/A,
41.8208,gk,PrecisionSelection,Precision Selection,1010,851,98.37,-749.74,None,N/A,
41.8305,gk,PrecisionSelection,Precision Selection,1010,851,0.00,-10135.45,None,N/A,
41.8410,gk,PrecisionSelection,Precision Selection,1011,852,135.32,12947.70,None,N/A,
41.8509,gk,PrecisionSelection,Precision Selection,1011,852,0.00,-13570.59,None,N/A,
41.8607,gk,PrecisionSelection,Precision Selection,1011,852,0.00,0.00,None,N/A,
41.8714,gk,PrecisionSelection,Precision Selection,1011,852,0.00,0.00,None,N/A,
41.8804,gk,PrecisionSelection,Precision Selection,1011,852,0.00,0.00,None,N/A,
41.8910,gk,PrecisionSelection,Precision Selection,1011,852,0.00,0.00,None,N/A,
41.9010,gk,PrecisionSelection,Precision Selection,1011,852,0.00,0.00,None,N/A,
41.9105,gk,PrecisionSelection,Precision Selection,1011,852,0.00,0.00,None,N/A,
41.9211,gk,PrecisionSelection,Precision Selection,1011,852,0.00,0.00,None,N/A,
41.9310,gk,PrecisionSelection,Precision Selection,1011,852,0.00,0.00,None,N/A,
41.9406,gk,PrecisionSelection,Precision Selection,1011,852,0.00,0.00,None,N/A,
41.9513,gk,PrecisionSelection,Precision Selection,1011,852,0.00,0.00,None,N/A,
41.9609,gk,PrecisionSelection,Precision Selection,1011,852,0.00,0.00,None,N/A,
41.9705,gk,PrecisionSelection,Precision Selection,1011,852,0.00,0.00,None,N/A,
41.9811,gk,PrecisionSelection,Precision Selection,1011,852,0.00,0.00,None,N/A,
41.9907,gk,PrecisionSelection,Precision Selection,1011,852,0.00,0.00,None,N/A,
42.0013,gk,PrecisionSelection,Precision Selection,1011,852,0.00,0.00,None,N/A,
42.0109,gk,PrecisionSelection,Precision Selection,1011,852,0.00,0.00,None,N/A,
42.0204,gk,PrecisionSelection,Precision Selection,1011,852,0.00,0.00,None,N/A,
42.0309,gk,PrecisionSelection,Precision Selection,1011,852,0.00,0.00,None,N/A,
42.0405,gk,PrecisionSelection,Precision Selection,1011,852,0.00,0.00,None,N/A,
42.0510,gk,PrecisionSelection,Precision Selection,1011,852,0.00,0.00,None,N/A,
42.0606,gk,PrecisionSelection,Precision Selection,1011,852,0.00,0.00,None,N/A,
42.0707,gk,PrecisionSelection,Precision Selection,1011,853,99.00,9801.33,None,N/A,
42.0813,gk,PrecisionSelection,Precision Selection,1011,853,0.00,-9275.24,None,N/A,
42.0910,gk,PrecisionSelection,Precision Selection,1011,853,0.00,0.00,None,N/A,
42.1005,gk,PrecisionSelection,Precision Selection,1011,853,0.00,0.00,None,N/A,
42.1111,gk,PrecisionSelection,Precision Selection,1011,853,0.00,0.00,None,N/A,
42.1207,gk,PrecisionSelection,Precision Selection,1011,853,0.00,0.00,None,N/A,
42.1314,gk,PrecisionSelection,Precision Selection,1011,853,0.00,0.00,None,N/A,
42.1410,gk,PrecisionSelection,Precision Selection,1011,853,0.00,0.00,None,N/A,
42.1506,gk,PrecisionSelection,Precision Selection,1011,853,0.00,0.00,None,N/A,
42.1612,gk,PrecisionSelection,Precision Selection,1011,853,0.00,0.00,None,N/A,
42.1706,gk,PrecisionSelection,Precision Selection,1011,853,0.00,0.00,None,N/A,
42.1810,gk,PrecisionSelection,Precision Selection,1011,853,0.00,0.00,None,N/A,
42.1905,gk,PrecisionSelection,Precision Selection,1011,853,0.00,0.00,None,N/A,
42.2009,gk,PrecisionSelection,Precision Selection,1011,853,0.00,0.00,None,N/A,
42.2114,gk,PrecisionSelection,Precision Selection,1011,853,0.00,0.00,None,N/A,
42.2209,gk,PrecisionSelection,Precision Selection,1011,853,0.00,0.00,None,N/A,
42.2305,gk,PrecisionSelection,Precision Selection,1011,853,0.00,0.00,None,N/A,
42.2412,gk,PrecisionSelection,Precision Selection,1011,853,0.00,0.00,None,N/A,
42.2509,gk,PrecisionSelection,Precision Selection,1011,853,0.00,0.00,None,N/A,
42.2607,gk,PrecisionSelection,Precision Selection,1011,853,0.00,0.00,None,N/A,
42.2713,gk,PrecisionSelection,Precision Selection,1011,853,0.00,0.00,None,N/A,
42.2810,gk,PrecisionSelection,Precision Selection,1011,853,0.00,0.00,None,N/A,
42.2907,gk,PrecisionSelection,Precision Selection,1011,853,0.00,0.00,None,N/A,
42.3013,gk,PrecisionSelection,Precision Selection,1011,853,0.00,0.00,None,N/A,
42.3110,gk,PrecisionSelection,Precision Selection,1011,853,0.00,0.00,None,N/A,
42.3207,gk,PrecisionSelection,Precision Selection,1011,853,0.00,0.00,None,N/A,
42.3314,gk,PrecisionSelection,Precision Selection,1011,853,0.00,0.00,None,N/A,
42.3411,gk,PrecisionSelection,Precision Selection,1011,853,0.00,0.00,None,N/A,
42.3507,gk,PrecisionSelection,Precision Selection,1011,853,0.00,0.00,None,N/A,
42.3614,gk,PrecisionSelection,Precision Selection,1011,853,0.00,0.00,None,N/A,
42.3710,gk,PrecisionSelection,Precision Selection,1011,853,0.00,0.00,None,N/A,
42.3807,gk,PrecisionSelection,Precision Selection,1011,853,0.00,0.00,None,N/A,
42.3914,gk,PrecisionSelection,Precision Selection,1011,853,0.00,0.00,None,N/A,
42.4009,gk,PrecisionSelection,Precision Selection,1011,853,0.00,0.00,None,N/A,
42.4106,gk,PrecisionSelection,Precision Selection,1011,853,0.00,0.00,None,N/A,
42.4213,gk,PrecisionSelection,Precision Selection,1011,853,0.00,0.00,None,N/A,
42.4309,gk,PrecisionSelection,Precision Selection,1011,853,0.00,0.00,None,N/A,
42.4406,gk,PrecisionSelection,Precision Selection,1011,853,0.00,0.00,None,N/A,
42.4514,gk,PrecisionSelection,Precision Selection,1011,853,0.00,0.00,None,N/A,
42.4611,gk,PrecisionSelection,Precision Selection,1011,853,0.00,0.00,None,N/A,
42.4709,gk,PrecisionSelection,Precision Selection,1011,853,0.00,0.00,None,N/A,
42.4805,gk,PrecisionSelection,Precision Selection,1011,853,0.00,0.00,None,N/A,
42.4911,gk,PrecisionSelection,Precision Selection,1011,853,0.00,0.00,None,N/A,
42.5004,gk,PrecisionSelection,Precision Selection,1011,853,0.00,0.00,Left,N/A,
42.5109,gk,PrecisionSelection,Precision Selection,1011,853,0.00,0.00,Left,N/A,
42.5205,gk,PrecisionSelection,Precision Selection,1011,853,0.00,0.00,Left,N/A,
42.5310,gk,PrecisionSelection,Precision Selection,1011,853,0.00,0.00,Left,N/A,
42.5407,gk,PrecisionSelection,Precision Selection,1011,853,0.00,0.00,Left,N/A,
42.5514,gk,PrecisionSelection,Precision Selection,1011,853,0.00,0.00,Left,N/A,
42.5609,gk,PrecisionSelection,Precision Selection,1011,853,0.00,0.00,Left,N/A,
42.5710,gk,PrecisionSelection,Precision Selection,1011,853,0.00,0.00,Left,N/A,
42.5806,gk,PrecisionSelection,Precision Selection,1011,853,0.00,0.00,Left,N/A,
42.5913,gk,PrecisionSelection,Precision Selection,1011,853,0.00,0.00,Left,N/A,
42.6009,gk,PrecisionSelection,Precision Selection,1011,853,0.00,0.00,Left,N/A,
42.6105,gk,PrecisionSelection,Precision Selection,1011,853,0.00,0.00,Left,N/A,
42.6212,gk,PrecisionSelection,Precision Selection,1011,853,0.00,0.00,Left,N/A,
42.6308,gk,PrecisionSelection,Precision Selection,1011,853,0.00,0.00,Left,N/A,
42.6406,gk,PrecisionSelection,Precision Selection,1011,853,0.00,0.00,Left,N/A,
42.6511,gk,PrecisionSelection,Precision Selection,1011,853,0.00,0.00,Left,N/A,
42.6607,gk,PrecisionSelection,Precision Selection,1011,853,0.00,0.00,Left,N/A,
42.6713,gk,PrecisionSelection,Precision Selection,1011,853,0.00,0.00,Left,N/A,
42.6777,gk,PrecisionSelection,Precision Selection,1011,853,0.00,0.00,None,N/A,precision_click
42.6816,gk,PrecisionSelection,Precision Selection,1011,853,0.00,0.00,None,N/A,
42.6907,gk,PrecisionSelection,Precision Selection,1011,853,0.00,0.00,None,N/A,
42.7011,gk,PrecisionSelection,Precision Selection,1011,853,0.00,0.00,None,N/A,
42.7107,gk,PrecisionSelection,Precision Selection,1011,853,0.00,0.00,None,N/A,
42.7205,gk,PrecisionSelection,Precision Selection,1011,853,0.00,0.00,None,N/A,
42.7310,gk,PrecisionSelection,Precision Selection,1011,853,0.00,0.00,None,N/A,
42.7405,gk,PrecisionSelection,Precision Selection,1011,853,0.00,0.00,None,N/A,
42.7513,gk,PrecisionSelection,Precision Selection,1011,853,0.00,0.00,None,N/A,
42.7610,gk,PrecisionSelection,Precision Selection,1011,853,0.00,0.00,None,N/A,
42.7706,gk,PrecisionSelection,Precision Selection,1011,853,0.00,0.00,None,N/A,
42.7813,gk,PrecisionSelection,Precision Selection,1011,853,0.00,0.00,None,N/A,
42.7909,gk,PrecisionSelection,Precision Selection,1011,853,0.00,0.00,None,N/A,
42.8005,gk,PrecisionSelection,Precision Selection,1011,853,0.00,0.00,None,N/A,
42.8111,gk,PrecisionSelection,Precision Selection,1011,853,0.00,0.00,None,N/A,
42.8207,gk,PrecisionSelection,Precision Selection,1011,853,0.00,0.00,None,N/A,
42.8311,gk,PrecisionSelection,Precision Selection,1011,853,0.00,0.00,None,N/A,
42.8405,gk,PrecisionSelection,Precision Selection,1011,853,0.00,0.00,None,N/A,
42.8509,gk,PrecisionSelection,Precision Selection,1011,853,0.00,0.00,None,N/A,
42.8614,gk,PrecisionSelection,Precision Selection,1011,853,0.00,0.00,None,N/A,
42.8709,gk,PrecisionSelection,Precision Selection,1011,853,0.00,0.00,None,N/A,
42.8821,gk,PrecisionSelection,Precision Selection,1011,853,0.00,0.00,None,N/A,
42.8907,gk,PrecisionSelection,Precision Selection,1011,853,0.00,0.00,None,N/A,
42.9014,gk,PrecisionSelection,Precision Selection,1011,853,0.00,0.00,None,N/A,
42.9109,gk,PrecisionSelection,Precision Selection,1011,853,0.00,0.00,None,N/A,
42.9205,gk,PrecisionSelection,Precision Selection,1011,853,0.00,0.00,None,N/A,
42.9311,gk,PrecisionSelection,Precision Selection,1011,853,0.00,0.00,None,N/A,
42.9406,gk,PrecisionSelection,Precision Selection,1011,853,0.00,0.00,None,N/A,
42.9512,gk,PrecisionSelection,Precision Selection,1011,853,0.00,0.00,None,N/A,
42.9608,gk,PrecisionSelection,Precision Selection,1011,853,0.00,0.00,None,N/A,
42.9713,gk,PrecisionSelection,Precision Selection,1011,853,0.00,0.00,None,N/A,
42.9809,gk,PrecisionSelection,Precision Selection,1011,853,0.00,0.00,None,N/A,
42.9904,gk,PrecisionSelection,Precision Selection,1011,853,0.00,0.00,None,N/A,
43.0010,gk,PrecisionSelection,Precision Selection,1011,853,0.00,0.00,None,N/A,
43.0104,gk,PrecisionSelection,Precision Selection,1011,853,0.00,0.00,None,N/A,
43.0208,gk,PrecisionSelection,Precision Selection,1011,853,0.00,0.00,None,N/A,
43.0312,gk,PrecisionSelection,Precision Selection,1011,853,0.00,0.00,None,N/A,
43.0406,gk,PrecisionSelection,Precision Selection,1011,853,0.00,0.00,None,N/A,
43.0514,gk,PrecisionSelection,Precision Selection,1011,853,0.00,0.00,None,N/A,
43.0610,gk,PrecisionSelection,Precision Selection,1011,853,0.00,0.00,None,N/A,
43.0705,gk,PrecisionSelection,Precision Selection,1011,853,0.00,0.00,None,N/A,
43.0811,gk,PrecisionSelection,Precision Selection,1011,853,0.00,0.00,None,N/A,
43.0908,gk,PrecisionSelection,Precision Selection,1011,853,0.00,0.00,None,N/A,
43.1006,gk,PrecisionSelection,Precision Selection,1011,853,0.00,0.00,None,N/A,
43.1113,gk,PrecisionSelection,Precision Selection,1011,853,0.00,0.00,None,N/A,
43.1209,gk,PrecisionSelection,Precision Selection,1011,853,0.00,0.00,None,N/A,
43.1304,gk,PrecisionSelection,Precision Selection,1011,853,0.00,0.00,None,N/A,
43.1406,gk,PrecisionSelection,Precision Selection,1011,853,0.00,0.00,None,N/A,
43.1512,gk,PrecisionSelection,Precision Selection,1011,853,0.00,0.00,None,N/A,
43.1606,gk,PrecisionSelection,Precision Selection,1011,853,0.00,0.00,None,N/A,
43.1710,gk,PrecisionSelection,Precision Selection,1011,853,0.00,0.00,None,N/A,
43.1805,gk,PrecisionSelection,Precision Selection,1011,853,0.00,0.00,None,N/A,
43.1912,gk,PrecisionSelection,Precision Selection,1018,841,1296.89,121066.96,None,N/A,
43.2010,gk,PrecisionSelection,Precision Selection,1028,825,1930.90,64883.41,None,N/A,
43.2105,gk,PrecisionSelection,Precision Selection,1051,793,4122.45,229256.12,None,N/A,
43.2207,gk,PrecisionSelection,Precision Selection,1059,782,1331.64,-273231.60,None,N/A,
43.2305,gk,PrecisionSelection,Precision Selection,1065,775,940.82,-39881.53,None,N/A,
43.2413,gk,PrecisionSelection,Precision Selection,1075,760,1675.47,68276.98,None,N/A,
43.2511,gk,PrecisionSelection,Precision Selection,1081,750,1188.93,-49602.84,None,N/A,
43.2609,gk,PrecisionSelection,Precision Selection,1091,734,1934.68,76467.69,None,N/A,
43.2709,gk,PrecisionSelection,Precision Selection,1097,726,998.81,-93475.35,None,N/A,
43.2804,gk,PrecisionSelection,Precision Selection,1106,710,1929.66,97846.11,None,N/A,
43.2914,gk,PrecisionSelection,Precision Selection,1110,703,732.48,-108766.97,None,N/A,
43.3010,gk,PrecisionSelection,Precision Selection,1116,694,1127.81,41219.48,None,N/A,
43.3109,gk,PrecisionSelection,Precision Selection,1118,691,363.82,-77090.26,None,N/A,
43.3204,gk,PrecisionSelection,Precision Selection,1121,687,523.31,16692.43,None,N/A,
43.3304,gk,PrecisionSelection,Precision Selection,1122,685,224.46,-29998.64,None,N/A,
43.3404,gk,PrecisionSelection,Precision Selection,1123,684,141.55,-8298.34,None,N/A,
43.3511,gk,PrecisionSelection,Precision Selection,1125,682,263.52,11364.20,None,N/A,
43.3610,gk,PrecisionSelection,Precision Selection,1126,681,143.81,-12173.43,None,N/A,
43.3704,gk,PrecisionSelection,Precision Selection,1127,680,149.25,574.01,None,N/A,
43.3805,gk,PrecisionSelection,Precision Selection,1128,679,140.27,-890.96,None,N/A,
43.3904,gk,PrecisionSelection,Precision Selection,1129,678,142.78,252.93,None,N/A,
43.4010,gk,PrecisionSelection,Precision Selection,1129,678,0.00,-13513.42,None,N/A,
43.4109,gk,PrecisionSelection,Precision Selection,1130,678,101.34,10270.01,None,N/A,
43.4207,gk,PrecisionSelection,Precision Selection,1130,678,0.00,-10303.37,None,N/A,
43.4313,gk,PrecisionSelection,Precision Selection,1130,678,0.00,0.00,None,N/A,
43.4414,gk,PrecisionSelection,Precision Selection,1130,679,98.94,9789.77,None,N/A,
43.4508,gk,PrecisionSelection,Precision Selection,1130,681,212.18,12012.71,None,N/A,
43.4609,gk,PrecisionSelection,Precision Selection,1130,682,99.42,-11210.24,None,N/A,
43.4708,gk,PrecisionSelection,Precision Selection,1129,683,142.25,4307.58,None,N/A,
43.4806,gk,PrecisionSelection,Precision Selection,1129,685,204.86,6412.93,None,N/A,
43.4905,gk,PrecisionSelection,Precision Selection,1128,686,143.34,-6235.03,None,N/A,
43.5011,gk,PrecisionSelection,Precision Selection,1128,687,94.29,-4624.61,None,N/A,
43.5109,gk,PrecisionSelection,Precision Selection,1128,687,0.00,-9598.09,None,N/A,
43.5206,gk,PrecisionSelection,Precision Selection,1128,688,103.04,10616.51,None,N/A,
43.5305,gk,PrecisionSelection,Precision Selection,1128,688,0.00,-10416.90,None,N/A,
43.5403,gk,PrecisionSelection,Precision Selection,1129,687,143.63,14588.07,None,N/A,
43.5513,gk,PrecisionSelection,Precision Selection,1130,687,90.82,-4796.50,None,N/A,
43.5609,gk,PrecisionSelection,Precision Selection,1132,685,296.09,21487.60,None,N/A,
43.5708,gk,PrecisionSelection,Precision Selection,1133,684,143.23,-15481.11,None,N/A,
43.5810,gk,PrecisionSelection,Precision Selection,1135,683,218.93,7410.88,None,N/A,
43.5904,gk,PrecisionSelection,Precision Selection,1140,680,619.02,42474.16,None,N/A,
43.6009,gk,PrecisionSelection,Precision Selection,1142,678,269.21,-33294.77,None,N/A,
43.6110,gk,PrecisionSelection,Precision Selection,1145,676,355.74,8537.18,None,N/A,
43.6210,gk,PrecisionSelection,Precision Selection,1146,675,141.86,-21454.20,None,N/A,
43.6305,gk,PrecisionSelection,Precision Selection,1148,673,297.41,16356.78,None,N/A,
43.6408,gk,PrecisionSelection,Precision Selection,1148,672,97.13,-19453.52,None,N/A,
43.6513,gk,PrecisionSelection,Precision Selection,1150,671,212.31,10936.79,None,N/A,
43.6612,gk,PrecisionSelection,Precision Selection,1150,670,101.11,-11243.78,None,N/A,
43.6706,gk,PrecisionSelection,Precision Selection,1151,670,107.08,639.89,None,N/A,
43.6808,gk,PrecisionSelection,Precision Selection,1151,669,97.51,-933.37,None,N/A,
43.6914,gk,PrecisionSelection,Precision Selection,1152,669,94.62,-273.69,None,N/A,
43.7013,gk,PrecisionSelection,Precision Selection,1152,668,100.78,620.64,None,N/A,
43.7109,gk,PrecisionSelection,Precision Selection,1152,668,0.00,-10509.35,None,N/A,
43.7212,gk,PrecisionSelection,Precision Selection,1153,667,137.91,13448.56,None,N/A,
43.7305,gk,PrecisionSelection,Precision Selection,1153,667,0.00,-14752.26,None,N/A,
43.7404,gk,PrecisionSelection,Precision Selection,1153,667,0.00,0.00,None,N/A,
43.7506,gk,PrecisionSelection,Precision Selection,1153,666,97.85,9574.90,None,N/A,
43.7609,gk,PrecisionSelection,Precision Selection,1153,666,0.00,-9542.62,None,N/A,
43.7704,gk,PrecisionSelection,Precision Selection,1153,666,0.00,0.00,None,N/A,
43.7810,gk,PrecisionSelection,Precision Selection,1153,666,0.00,0.00,None,N/A,
43.7905,gk,PrecisionSelection,Precision Selection,1153,666,0.00,0.00,None,N/A,
43.8011,gk,PrecisionSelection,Precision Selection,1153,666,0.00,0.00,None,N/A,
43.8106,gk,PrecisionSelection,Precision Selection,1153,666,0.00,0.00,None,N/A,
43.8207,gk,PrecisionSelection,Precision Selection,1153,666,0.00,0.00,None,N/A,
43.8305,gk,PrecisionSelection,Precision Selection,1152,666,101.54,10309.83,None,N/A,
43.8407,gk,PrecisionSelection,Precision Selection,1152,665,98.79,-271.24,None,N/A,
43.8507,gk,PrecisionSelection,Precision Selection,1151,665,99.71,91.32,None,N/A,
43.8609,gk,PrecisionSelection,Precision Selection,1151,665,0.00,-9729.08,None,N/A,
43.8708,gk,PrecisionSelection,Precision Selection,1150,665,101.40,10281.44,None,N/A,
43.8812,gk,PrecisionSelection,Precision Selection,1150,665,0.00,-9702.54,None,N/A,
43.8905,gk,PrecisionSelection,Precision Selection,1149,666,152.96,16544.89,None,N/A,
43.9012,gk,PrecisionSelection,Precision Selection,1149,666,0.00,-14314.23,None,N/A,
43.9107,gk,PrecisionSelection,Precision Selection,1148,668,233.83,24452.38,None,N/A,
43.9208,gk,PrecisionSelection,Precision Selection,1148,669,99.83,-13377.49,None,N/A,
43.9306,gk,PrecisionSelection,Precision Selection,1147,670,143.39,4416.83,None,N/A,
43.9404,gk,PrecisionSelection,Precision Selection,1147,672,203.50,6116.20,None,N/A,
43.9512,gk,PrecisionSelection,Precision Selection,1147,673,92.62,-10269.94,None,N/A,
43.9610,gk,PrecisionSelection,Precision Selection,1147,675,204.40,11424.44,None,N/A,
43.9709,gk,PrecisionSelection,Precision Selection,1147,676,101.40,-10444.28,None,N/A,
43.9813,gk,PrecisionSelection,Precision Selection,1147,677,95.96,-522.67,None,N/A,
43.9905,gk,PrecisionSelection,Precision Selection,1147,678,108.57,1370.00,None,N/A,
44.0010,gk,PrecisionSelection,Precision Selection,1147,679,95.28,-1266.99,None,N/A,
44.0109,gk,PrecisionSelection,Precision Selection,1147,679,0.00,-9656.00,None,N/A,
44.0204,gk,PrecisionSelection,Precision Selection,1147,679,0.00,0.00,None,N/A,
44.0306,gk,PrecisionSelection,Precision Selection,1148,679,97.88,9580.71,None,N/A,
44.0412,gk,PrecisionSelection,Precision Selection,1148,679,0.00,-9228.80,None,N/A,
44.0508,gk,PrecisionSelection,Precision Selection,1148,679,0.00,0.00,None,N/A,
44.0614,gk,PrecisionSelection,Precision Selection,1148,679,0.00,0.00,None,N/A,
44.0709,gk,PrecisionSelection,Precision Selection,1148,679,0.00,0.00,None,N/A,
44.0806,gk,PrecisionSelection,Precision Selection,1148,679,0.00,0.00,None,N/A,
44.0911,gk,PrecisionSelection,Precision Selection,1148,679,0.00,0.00,None,N/A,
44.1006,gk,PrecisionSelection,Precision Selection,1148,679,0.00,0.00,None,N/A,
44.1110,gk,PrecisionSelection,Precision Selection,1148,679,0.00,0.00,None,N/A,
44.1206,gk,PrecisionSelection,Precision Selection,1148,679,0.00,0.00,None,N/A,
44.1311,gk,PrecisionSelection,Precision Selection,1148,679,0.00,0.00,None,N/A,
44.1407,gk,PrecisionSelection,Precision Selection,1148,679,0.00,0.00,None,N/A,
44.1507,gk,PrecisionSelection,Precision Selection,1148,679,0.00,0.00,None,N/A,
44.1615,gk,PrecisionSelection,Precision Selection,1148,679,0.00,0.00,None,N/A,
44.1710,gk,PrecisionSelection,Precision Selection,1148,679,0.00,0.00,None,N/A,
44.1807,gk,PrecisionSelection,Precision Selection,1148,679,0.00,0.00,None,N/A,
44.1905,gk,PrecisionSelection,Precision Selection,1148,679,0.00,0.00,None,N/A,
44.2013,gk,PrecisionSelection,Precision Selection,1148,679,0.00,0.00,None,N/A,
44.2109,gk,PrecisionSelection,Precision Selection,1148,679,0.00,0.00,None,N/A,
44.2207,gk,PrecisionSelection,Precision Selection,1148,679,0.00,0.00,None,N/A,
44.2305,gk,PrecisionSelection,Precision Selection,1148,679,0.00,0.00,None,N/A,
44.2411,gk,PrecisionSelection,Precision Selection,1148,679,0.00,0.00,None,N/A,
44.2507,gk,PrecisionSelection,Precision Selection,1148,679,0.00,0.00,None,N/A,
44.2670,gk,PrecisionSelection,Precision Selection,1148,679,0.00,0.00,None,N/A,
44.2706,gk,PrecisionSelection,Precision Selection,1148,679,0.00,0.00,None,N/A,
44.2813,gk,PrecisionSelection,Precision Selection,1148,679,0.00,0.00,None,N/A,
44.2908,gk,PrecisionSelection,Precision Selection,1148,679,0.00,0.00,None,N/A,
44.3005,gk,PrecisionSelection,Precision Selection,1148,679,0.00,0.00,None,N/A,
44.3111,gk,PrecisionSelection,Precision Selection,1148,679,0.00,0.00,None,N/A,
44.3214,gk,PrecisionSelection,Precision Selection,1148,679,0.00,0.00,Left,N/A,
44.3310,gk,PrecisionSelection,Precision Selection,1148,679,0.00,0.00,Left,N/A,
44.3406,gk,PrecisionSelection,Precision Selection,1148,679,0.00,0.00,Left,N/A,
44.3513,gk,PrecisionSelection,Precision Selection,1148,679,0.00,0.00,Left,N/A,
44.3612,gk,PrecisionSelection,Precision Selection,1148,679,0.00,0.00,Left,N/A,
44.3709,gk,PrecisionSelection,Precision Selection,1148,679,0.00,0.00,Left,N/A,
44.3805,gk,PrecisionSelection,Precision Selection,1148,679,0.00,0.00,Left,N/A,
44.3912,gk,PrecisionSelection,Precision Selection,1148,679,0.00,0.00,Left,N/A,
44.4010,gk,PrecisionSelection,Precision Selection,1148,679,0.00,0.00,Left,N/A,
44.4107,gk,PrecisionSelection,Precision Selection,1148,679,0.00,0.00,Left,N/A,
44.4213,gk,PrecisionSelection,Precision Selection,1148,679,0.00,0.00,Left,N/A,
44.4309,gk,PrecisionSelection,Precision Selection,1148,679,0.00,0.00,Left,N/A,
44.4404,gk,PrecisionSelection,Precision Selection,1148,679,0.00,0.00,Left,N/A,
44.4509,gk,PrecisionSelection,Precision Selection,1148,679,0.00,0.00,Left,N/A,
44.4605,gk,PrecisionSelection,Precision Selection,1148,679,0.00,0.00,Left,N/A,
44.4711,gk,PrecisionSelection,Precision Selection,1148,679,0.00,0.00,Left,N/A,
44.4807,gk,PrecisionSelection,Precision Selection,1148,679,0.00,0.00,Left,N/A,
44.4915,gk,PrecisionSelection,Precision Selection,1148,679,0.00,0.00,Left,N/A,
44.5011,gk,PrecisionSelection,Precision Selection,1148,679,0.00,0.00,None,N/A,
44.5108,gk,PrecisionSelection,Precision Selection,1148,679,0.00,0.00,None,N/A,
44.5214,gk,PrecisionSelection,Precision Selection,1148,679,0.00,0.00,None,N/A,
44.5310,gk,PrecisionSelection,Precision Selection,1148,679,0.00,0.00,None,N/A,
44.5406,gk,PrecisionSelection,Precision Selection,1148,679,0.00,0.00,None,N/A,
44.5513,gk,PrecisionSelection,Precision Selection,1148,679,0.00,0.00,None,N/A,
44.5608,gk,PrecisionSelection,Precision Selection,1148,679,0.00,0.00,None,N/A,
44.5714,gk,PrecisionSelection,Precision Selection,1148,679,0.00,0.00,None,N/A,
44.5810,gk,PrecisionSelection,Precision Selection,1148,679,0.00,0.00,None,N/A,
44.5906,gk,PrecisionSelection,Precision Selection,1148,679,0.00,0.00,None,N/A,
44.6012,gk,PrecisionSelection,Precision Selection,1148,679,0.00,0.00,None,N/A,
44.6107,gk,PrecisionSelection,Precision Selection,1148,679,0.00,0.00,None,N/A,
44.6212,gk,PrecisionSelection,Precision Selection,1148,679,0.00,0.00,None,N/A,
44.6308,gk,PrecisionSelection,Precision Selection,1148,679,0.00,0.00,None,N/A,
44.6405,gk,PrecisionSelection,Precision Selection,1148,679,0.00,0.00,None,N/A,
44.6512,gk,PrecisionSelection,Precision Selection,1148,679,0.00,0.00,None,N/A,
44.6605,gk,PrecisionSelection,Precision Selection,1148,679,0.00,0.00,None,N/A,
44.6711,gk,PrecisionSelection,Precision Selection,1148,679,0.00,0.00,None,N/A,
44.6807,gk,PrecisionSelection,Precision Selection,1148,679,0.00,0.00,None,N/A,
44.6912,gk,PrecisionSelection,Precision Selection,1148,679,0.00,0.00,None,N/A,
44.7008,gk,PrecisionSelection,Precision Selection,1148,679,0.00,0.00,None,N/A,
44.7113,gk,PrecisionSelection,Precision Selection,1148,679,0.00,0.00,None,N/A,
44.7209,gk,PrecisionSelection,Precision Selection,1148,679,0.00,0.00,None,N/A,
44.7306,gk,PrecisionSelection,Precision Selection,1148,679,0.00,0.00,None,N/A,
44.7412,gk,PrecisionSelection,Precision Selection,1148,679,0.00,0.00,None,N/A,
44.7508,gk,PrecisionSelection,Precision Selection,1148,679,0.00,0.00,None,N/A,
44.7607,gk,PrecisionSelection,Precision Selection,1148,679,0.00,0.00,None,N/A,
44.7712,gk,PrecisionSelection,Precision Selection,1148,679,0.00,0.00,None,N/A,
44.7807,gk,PrecisionSelection,Precision Selection,1148,679,0.00,0.00,None,N/A,
44.7913,gk,PrecisionSelection,Precision Selection,1148,679,0.00,0.00,None,N/A,
44.8008,gk,PrecisionSelection,Precision Selection,1148,679,0.00,0.00,None,N/A,
44.8105,gk,PrecisionSelection,Precision Selection,1148,679,0.00,0.00,None,N/A,
44.8211,gk,PrecisionSelection,Precision Selection,1148,679,0.00,0.00,None,N/A,
44.8306,gk,PrecisionSelection,Precision Selection,1148,679,0.00,0.00,None,N/A,
44.8412,gk,PrecisionSelection,Precision Selection,1148,679,0.00,0.00,None,N/A,
44.8507,gk,PrecisionSelection,Precision Selection,1148,679,0.00,0.00,None,N/A,
44.8613,gk,PrecisionSelection,Precision Selection,1148,679,0.00,0.00,None,N/A,
44.8709,gk,PrecisionSelection,Precision Selection,1148,679,0.00,0.00,None,N/A,
44.8805,gk,PrecisionSelection,Precision Selection,1148,679,0.00,0.00,None,N/A,
44.8911,gk,PrecisionSelection,Precision Selection,1148,679,0.00,0.00,None,N/A,
44.9006,gk,PrecisionSelection,Precision Selection,1148,679,0.00,0.00,None,N/A,
44.9112,gk,PrecisionSelection,Precision Selection,1148,679,0.00,0.00,None,N/A,
44.9208,gk,PrecisionSelection,Precision Selection,1148,679,0.00,0.00,None,N/A,
44.9312,gk,PrecisionSelection,Precision Selection,1148,679,0.00,0.00,None,N/A,
44.9406,gk,PrecisionSelection,Precision Selection,1148,679,0.00,0.00,None,N/A,
44.9511,gk,PrecisionSelection,Precision Selection,1148,679,0.00,0.00,None,N/A,
44.9605,gk,PrecisionSelection,Precision Selection,1148,679,0.00,0.00,None,N/A,
44.9708,gk,PrecisionSelection,Precision Selection,1148,679,0.00,0.00,None,N/A,
44.9812,gk,PrecisionSelection,Precision Selection,1148,679,0.00,0.00,None,N/A,
44.9906,gk,PrecisionSelection,Precision Selection,1148,679,0.00,0.00,None,N/A,
45.0011,gk,PrecisionSelection,Precision Selection,1148,679,0.00,0.00,None,N/A,
45.0107,gk,PrecisionSelection,Precision Selection,1148,679,0.00,0.00,None,N/A,
45.0210,gk,PrecisionSelection,Precision Selection,1148,679,0.00,0.00,None,N/A,
45.0304,gk,PrecisionSelection,Precision Selection,1148,679,0.00,0.00,None,N/A,
45.0408,gk,PrecisionSelection,Precision Selection,1148,679,0.00,0.00,None,N/A,
45.0512,gk,PrecisionSelection,Precision Selection,1148,679,0.00,0.00,None,N/A,
45.0607,gk,PrecisionSelection,Precision Selection,1148,679,0.00,0.00,None,N/A,
45.0712,gk,PrecisionSelection,Precision Selection,1148,679,0.00,0.00,None,N/A,
45.0811,gk,PrecisionSelection,Precision Selection,1148,679,0.00,0.00,None,N/A,
45.0907,gk,PrecisionSelection,Precision Selection,1148,679,0.00,0.00,None,N/A,
45.1013,gk,PrecisionSelection,Precision Selection,1148,679,0.00,0.00,None,N/A,
45.1110,gk,PrecisionSelection,Precision Selection,1148,679,0.00,0.00,None,N/A,
45.1208,gk,PrecisionSelection,Precision Selection,1148,679,0.00,0.00,None,N/A,
45.1307,gk,PrecisionSelection,Precision Selection,1148,679,0.00,0.00,None,N/A,
45.1404,gk,PrecisionSelection,Precision Selection,1148,678,103.37,10686.22,None,N/A,
45.1507,gk,PrecisionSelection,Precision Selection,1148,677,97.05,-613.97,None,N/A,
45.1613,gk,PrecisionSelection,Precision Selection,1148,677,0.00,-9200.89,None,N/A,
45.1711,gk,PrecisionSelection,Precision Selection,1148,676,101.78,10359.43,None,N/A,
45.1804,gk,PrecisionSelection,Precision Selection,1148,676,0.00,-10900.63,None,N/A,
45.1909,gk,PrecisionSelection,Precision Selection,1148,676,0.00,0.00,None,N/A,
45.2014,gk,PrecisionSelection,Precision Selection,1148,676,0.00,0.00,None,N/A,
45.2108,gk,PrecisionSelection,Precision Selection,1148,676,0.00,0.00,None,N/A,
45.2212,gk,PrecisionSelection,Precision Selection,1148,676,0.00,0.00,None,N/A,
45.2307,gk,PrecisionSelection,Precision Selection,1148,676,0.00,0.00,None,N/A,
45.2413,gk,PrecisionSelection,Precision Selection,1148,676,0.00,0.00,None,N/A,
45.2508,gk,PrecisionSelection,Precision Selection,1148,676,0.00,0.00,None,N/A,
45.2605,gk,PrecisionSelection,Precision Selection,1148,676,0.00,0.00,None,N/A,
45.2710,gk,PrecisionSelection,Precision Selection,1148,676,0.00,0.00,None,N/A,
45.2805,gk,PrecisionSelection,Precision Selection,1148,676,0.00,0.00,None,N/A,
45.2910,gk,PrecisionSelection,Precision Selection,1148,676,0.00,0.00,None,N/A,
45.3005,gk,PrecisionSelection,Precision Selection,1148,676,0.00,0.00,None,N/A,
45.3110,gk,PrecisionSelection,Precision Selection,1148,676,0.00,0.00,None,N/A,
45.3205,gk,PrecisionSelection,Precision Selection,1148,676,0.00,0.00,None,N/A,
45.3310,gk,PrecisionSelection,Precision Selection,1148,676,0.00,0.00,None,N/A,
45.3406,gk,PrecisionSelection,Precision Selection,1148,676,0.00,0.00,None,N/A,
45.3511,gk,PrecisionSelection,Precision Selection,1148,676,0.00,0.00,None,N/A,
45.3606,gk,PrecisionSelection,Precision Selection,1148,676,0.00,0.00,None,N/A,
45.3710,gk,PrecisionSelection,Precision Selection,1148,676,0.00,0.00,None,N/A,
45.3805,gk,PrecisionSelection,Precision Selection,1148,676,0.00,0.00,None,N/A,
45.3910,gk,PrecisionSelection,Precision Selection,1148,676,0.00,0.00,None,N/A,
45.4005,gk,PrecisionSelection,Precision Selection,1148,676,0.00,0.00,None,N/A,
45.4109,gk,PrecisionSelection,Precision Selection,1148,676,0.00,0.00,None,N/A,
45.4206,gk,PrecisionSelection,Precision Selection,1148,676,0.00,0.00,None,N/A,
45.4310,gk,PrecisionSelection,Precision Selection,1148,676,0.00,0.00,None,N/A,
45.4405,gk,PrecisionSelection,Precision Selection,1148,676,0.00,0.00,None,N/A,
45.4509,gk,PrecisionSelection,Precision Selection,1148,676,0.00,0.00,None,N/A,
45.4614,gk,PrecisionSelection,Precision Selection,1148,676,0.00,0.00,None,N/A,
45.4710,gk,PrecisionSelection,Precision Selection,1148,676,0.00,0.00,Left,N/A,
45.4805,gk,PrecisionSelection,Precision Selection,1148,676,0.00,0.00,Left,N/A,
45.4912,gk,PrecisionSelection,Precision Selection,1148,676,0.00,0.00,Left,N/A,
45.5010,gk,PrecisionSelection,Precision Selection,1148,676,0.00,0.00,Left,N/A,
45.5106,gk,PrecisionSelection,Precision Selection,1148,676,0.00,0.00,Left,N/A,
45.5212,gk,PrecisionSelection,Precision Selection,1148,676,0.00,0.00,Left,N/A,
45.5309,gk,PrecisionSelection,Precision Selection,1148,676,0.00,0.00,Left,N/A,
45.5405,gk,PrecisionSelection,Precision Selection,1148,676,0.00,0.00,Left,N/A,
45.5512,gk,PrecisionSelection,Precision Selection,1148,676,0.00,0.00,Left,N/A,
45.5607,gk,PrecisionSelection,Precision Selection,1148,676,0.00,0.00,Left,N/A,
45.5713,gk,PrecisionSelection,Precision Selection,1148,676,0.00,0.00,Left,N/A,
45.5809,gk,PrecisionSelection,Precision Selection,1148,676,0.00,0.00,Left,N/A,
45.5906,gk,PrecisionSelection,Precision Selection,1148,676,0.00,0.00,Left,N/A,
45.6008,gk,PrecisionSelection,Precision Selection,1148,676,0.00,0.00,Left,N/A,
45.6106,gk,PrecisionSelection,Precision Selection,1148,676,0.00,0.00,Left,N/A,
45.6214,gk,PrecisionSelection,Precision Selection,1148,676,0.00,0.00,Left,N/A,
45.6311,gk,PrecisionSelection,Precision Selection,1148,676,0.00,0.00,Left,N/A,
45.6407,gk,PrecisionSelection,Precision Selection,1148,676,0.00,0.00,Left,N/A,
45.6497,gk,PrecisionSelection,Precision Selection,1148,676,0.00,0.00,None,N/A,precision_click
45.6525,gk,PrecisionSelection,Precision Selection,1148,676,0.00,0.00,None,N/A,
45.6612,gk,PrecisionSelection,Precision Selection,1148,676,0.00,0.00,None,N/A,
45.6709,gk,PrecisionSelection,Precision Selection,1148,676,0.00,0.00,None,N/A,
45.6815,gk,PrecisionSelection,Precision Selection,1148,676,0.00,0.00,None,N/A,
45.6914,gk,PrecisionSelection,Precision Selection,1148,676,0.00,0.00,None,N/A,
45.7030,gk,PrecisionSelection,Precision Selection,1148,676,0.00,0.00,None,N/A,
45.7105,gk,PrecisionSelection,Precision Selection,1148,676,0.00,0.00,None,N/A,
45.7213,gk,PrecisionSelection,Precision Selection,1148,676,0.00,0.00,None,N/A,
45.7311,gk,PrecisionSelection,Precision Selection,1148,676,0.00,0.00,None,N/A,
45.7407,gk,PrecisionSelection,Precision Selection,1148,676,0.00,0.00,None,N/A,
45.7512,gk,PrecisionSelection,Precision Selection,1148,676,0.00,0.00,None,N/A,
45.7608,gk,PrecisionSelection,Precision Selection,1148,676,0.00,0.00,None,N/A,
45.7708,gk,PrecisionSelection,Precision Selection,1148,676,0.00,0.00,None,N/A,
45.7806,gk,PrecisionSelection,Precision Selection,1148,676,0.00,0.00,None,N/A,
45.7914,gk,PrecisionSelection,Precision Selection,1148,676,0.00,0.00,None,N/A,
45.8011,gk,PrecisionSelection,Precision Selection,1148,676,0.00,0.00,None,N/A,
45.8108,gk,PrecisionSelection,Precision Selection,1148,676,0.00,0.00,None,N/A,
45.8204,gk,PrecisionSelection,Precision Selection,1148,676,0.00,0.00,None,N/A,
45.8310,gk,PrecisionSelection,Precision Selection,1148,676,0.00,0.00,None,N/A,
45.8406,gk,PrecisionSelection,Precision Selection,1148,676,0.00,0.00,None,N/A,
45.8511,gk,PrecisionSelection,Precision Selection,1148,676,0.00,0.00,None,N/A,
45.8606,gk,PrecisionSelection,Precision Selection,1148,676,0.00,0.00,None,N/A,
45.8712,gk,PrecisionSelection,Precision Selection,1148,676,0.00,0.00,None,N/A,
45.8807,gk,PrecisionSelection,Precision Selection,1148,676,0.00,0.00,None,N/A,
45.8913,gk,PrecisionSelection,Precision Selection,1148,676,0.00,0.00,None,N/A,
45.9009,gk,PrecisionSelection,Precision Selection,1148,676,0.00,0.00,None,N/A,
45.9105,gk,PrecisionSelection,Precision Selection,1148,676,0.00,0.00,None,N/A,
45.9211,gk,PrecisionSelection,Precision Selection,1148,676,0.00,0.00,None,N/A,
45.9307,gk,PrecisionSelection,Precision Selection,1148,676,0.00,0.00,None,N/A,
45.9414,gk,PrecisionSelection,Precision Selection,1148,676,0.00,0.00,None,N/A,
45.9509,gk,PrecisionSelection,Precision Selection,1148,676,0.00,0.00,None,N/A,
45.9605,gk,PrecisionSelection,Precision Selection,1148,676,0.00,0.00,None,N/A,
45.9711,gk,PrecisionSelection,Precision Selection,1148,676,0.00,0.00,None,N/A,
45.9806,gk,PrecisionSelection,Precision Selection,1148,676,0.00,0.00,None,N/A,
45.9912,gk,PrecisionSelection,Precision Selection,1148,676,0.00,0.00,None,N/A,
46.0008,gk,PrecisionSelection,Precision Selection,1148,676,0.00,0.00,None,N/A,
46.0113,gk,PrecisionSelection,Precision Selection,1148,676,0.00,0.00,None,N/A,
46.0208,gk,PrecisionSelection,Precision Selection,1137,680,1239.54,131267.78,None,N/A,
46.0310,gk,PrecisionSelection,Precision Selection,1124,684,1323.45,8165.14,None,N/A,
46.0409,gk,PrecisionSelection,Precision Selection,1081,694,4498.52,323531.15,None,N/A,
46.0507,gk,PrecisionSelection,Precision Selection,1064,695,1739.27,-281811.15,None,N/A,
46.0612,gk,PrecisionSelection,Precision Selection,1026,689,3647.09,180864.43,None,N/A,
46.0712,gk,PrecisionSelection,Precision Selection,1004,684,2256.21,-139094.27,None,N/A,
46.0809,gk,PrecisionSelection,Precision Selection,956,672,5113.79,295348.74,None,N/A,
46.0908,gk,PrecisionSelection,Precision Selection,929,663,2877.82,-226092.95,None,N/A,
46.1006,gk,PrecisionSelection,Precision Selection,871,640,6354.08,354015.41,None,N/A,
46.1106,gk,PrecisionSelection,Precision Selection,840,624,3467.39,-286917.52,None,N/A,
46.1210,gk,PrecisionSelection,Precision Selection,780,587,6781.38,318811.36,None,N/A,
46.1309,gk,PrecisionSelection,Precision Selection,755,573,2893.95,-392628.23,None,N/A,
46.1406,gk,PrecisionSelection,Precision Selection,734,562,2464.55,-44640.02,None,N/A,
46.1508,gk,PrecisionSelection,Precision Selection,695,539,4411.27,189665.98,None,N/A,
46.1606,gk,PrecisionSelection,Precision Selection,678,530,1960.51,-249786.64,None,N/A,
46.1714,gk,PrecisionSelection,Precision Selection,657,518,2245.74,26482.96,None,N/A,
46.1809,gk,PrecisionSelection,Precision Selection,651,514,762.53,-156839.58,None,N/A,
46.1911,gk,PrecisionSelection,Precision Selection,642,508,1052.58,28225.64,None,N/A,
46.2008,gk,PrecisionSelection,Precision Selection,639,504,519.10,-55385.96,None,N/A,
46.2103,gk,PrecisionSelection,Precision Selection,634,498,818.47,31373.02,None,N/A,
46.2214,gk,PrecisionSelection,Precision Selection,633,495,285.54,-48121.91,None,N/A,
46.2311,gk,PrecisionSelection,Precision Selection,633,490,513.43,23400.47,None,N/A,
46.2409,gk,PrecisionSelection,Precision Selection,633,488,203.60,-31540.70,None,N/A,
46.2509,gk,PrecisionSelection,Precision Selection,633,486,200.04,-356.44,None,N/A,
46.2607,gk,PrecisionSelection,Precision Selection,634,481,521.87,32938.88,None,N/A,
46.2705,gk,PrecisionSelection,Precision Selection,636,479,288.84,-23797.29,None,N/A,
46.2813,gk,PrecisionSelection,Precision Selection,640,473,669.68,35368.12,None,N/A,
46.2910,gk,PrecisionSelection,Precision Selection,643,470,437.50,-23942.58,None,N/A,
46.3008,gk,PrecisionSelection,Precision Selection,651,463,1086.62,66352.81,None,N/A,
46.3105,gk,PrecisionSelection,Precision Selection,656,460,597.69,-50116.51,None,N/A,
46.3214,gk,PrecisionSelection,Precision Selection,666,454,1076.04,44137.46,None,N/A,
46.3313,gk,PrecisionSelection,Precision Selection,671,452,539.79,-53751.86,None,N/A,
46.3408,gk,PrecisionSelection,Precision Selection,679,448,945.94,42953.88,None,N/A,
46.3509,gk,PrecisionSelection,Precision Selection,682,447,311.56,-62501.83,None,N/A,
46.3607,gk,PrecisionSelection,Precision Selection,685,446,325.21,1403.95,None,N/A,
46.3705,gk,PrecisionSelection,Precision Selection,689,444,455.97,13330.93,None,N/A,
46.3813,gk,PrecisionSelection,Precision Selection,691,443,206.69,-23041.64,None,N/A,
46.3911,gk,PrecisionSelection,Precision Selection,694,442,323.52,11952.04,None,N/A,
46.4009,gk,PrecisionSelection,Precision Selection,695,441,143.91,-18276.66,None,N/A,
46.4105,gk,PrecisionSelection,Precision Selection,697,439,294.13,15622.48,None,N/A,
46.4205,gk,PrecisionSelection,Precision Selection,698,438,142.12,-15276.41,None,N/A,
46.4313,gk,PrecisionSelection,Precision Selection,699,435,290.24,13594.72,None,N/A,
46.4410,gk,PrecisionSelection,Precision Selection,699,433,206.71,-8633.11,None,N/A,
46.4509,gk,PrecisionSelection,Precision Selection,699,430,305.06,10000.47,None,N/A,
46.4609,gk,PrecisionSelection,Precision Selection,698,428,221.98,-8246.93,None,N/A,
46.4730,gk,PrecisionSelection,Precision Selection,698,424,332.20,9153.85,None,N/A,
46.4812,gk,PrecisionSelection,Precision Selection,697,422,271.53,-7368.02,None,N/A,
46.4913,gk,PrecisionSelection,Precision Selection,696,417,506.97,23408.42,None,N/A,
46.5008,gk,PrecisionSelection,Precision Selection,695,415,233.77,-28561.19,None,N/A,
46.5108,gk,PrecisionSelection,Precision Selection,694,412,317.70,8432.02,None,N/A,
46.5214,gk,PrecisionSelection,Precision Selection,692,408,422.97,9956.69,None,N/A,
46.5313,gk,PrecisionSelection,Precision Selection,691,406,224.90,-19921.60,None,N/A,
46.5412,gk,PrecisionSelection,Precision Selection,690,403,320.55,9694.74,None,N/A,
46.5509,gk,PrecisionSelection,Precision Selection,689,401,229.84,-9323.26,None,N/A,
46.5604,gk,PrecisionSelection,Precision Selection,688,398,333.09,10874.92,None,N/A,
46.5704,gk,PrecisionSelection,Precision Selection,687,397,141.20,-19158.59,None,N/A,
46.5806,gk,PrecisionSelection,Precision Selection,687,394,295.37,15178.95,None,N/A,
46.5909,gk,PrecisionSelection,Precision Selection,686,393,136.89,-15339.90,None,N/A,
46.6009,gk,PrecisionSelection,Precision Selection,686,391,200.41,6365.03,None,N/A,
46.6111,gk,PrecisionSelection,Precision Selection,685,389,218.88,1808.29,None,N/A,
46.6205,gk,PrecisionSelection,Precision Selection,685,388,105.80,-11964.28,None,N/A,
46.6312,gk,PrecisionSelection,Precision Selection,684,387,132.56,2508.60,None,N/A,
46.6405,gk,PrecisionSelection,Precision Selection,684,386,107.68,-2679.36,None,N/A,
46.6506,gk,PrecisionSelection,Precision Selection,684,386,0.00,-10695.19,None,N/A,
46.6605,gk,PrecisionSelection,Precision Selection,684,386,0.00,0.00,None,N/A,
46.6710,gk,PrecisionSelection,Precision Selection,684,385,95.46,9113.37,None,N/A,
46.6812,gk,PrecisionSelection,Precision Selection,684,385,0.00,-9326.71,None,N/A,
46.6910,gk,PrecisionSelection,Precision Selection,684,385,0.00,0.00,None,N/A,
46.7005,gk,PrecisionSelection,Precision Selection,684,385,0.00,0.00,None,N/A,
46.7111,gk,PrecisionSelection,Precision Selection,684,385,0.00,0.00,None,N/A,
46.7206,gk,PrecisionSelection,Precision Selection,684,385,0.00,0.00,None,N/A,
46.7312,gk,PrecisionSelection,Precision Selection,684,385,0.00,0.00,None,N/A,
46.7408,gk,PrecisionSelection,Precision Selection,684,385,0.00,0.00,None,N/A,
46.7505,gk,PrecisionSelection,Precision Selection,684,385,0.00,0.00,None,N/A,
46.7605,gk,PrecisionSelection,Precision Selection,685,385,99.48,9895.46,None,N/A,
46.7712,gk,PrecisionSelection,Precision Selection,685,385,0.00,-9295.38,None,N/A,
46.7809,gk,PrecisionSelection,Precision Selection,685,385,0.00,0.00,None,N/A,
46.7913,gk,PrecisionSelection,Precision Selection,686,385,95.49,9118.35,None,N/A,
46.8013,gk,PrecisionSelection,Precision Selection,686,385,0.00,-9545.60,None,N/A,
46.8106,gk,PrecisionSelection,Precision Selection,687,385,108.27,11721.97,None,N/A,
46.8205,gk,PrecisionSelection,Precision Selection,688,385,101.14,-720.64,None,N/A,
46.8304,gk,PrecisionSelection,Precision Selection,689,385,100.85,-29.43,None,N/A,
46.8409,gk,PrecisionSelection,Precision Selection,690,385,94.66,-586.04,None,N/A,
46.8505,gk,PrecisionSelection,Precision Selection,690,385,0.00,-9910.00,None,N/A,
46.8614,gk,PrecisionSelection,Precision Selection,690,385,0.00,0.00,None,N/A,
46.8712,gk,PrecisionSelection,Precision Selection,691,386,144.01,14663.96,None,N/A,
46.8809,gk,PrecisionSelection,Precision Selection,691,386,0.00,-14874.12,None,N/A,
46.8907,gk,PrecisionSelection,Precision Selection,692,386,101.71,10345.86,None,N/A,
46.9008,gk,PrecisionSelection,Precision Selection,692,387,99.23,-246.43,None,N/A,
46.9113,gk,PrecisionSelection,Precision Selection,693,387,95.71,-337.20,None,N/A,
46.9206,gk,PrecisionSelection,Precision Selection,693,388,107.44,1261.01,None,N/A,
46.9304,gk,PrecisionSelection,Precision Selection,694,388,101.33,-619.21,None,N/A,
46.9409,gk,PrecisionSelection,Precision Selection,694,388,0.00,-9666.46,None,N/A,
46.9510,gk,PrecisionSelection,Precision Selection,695,388,99.30,9859.89,None,N/A,
46.9613,gk,PrecisionSelection,Precision Selection,695,389,96.66,-255.24,None,N/A,
46.9704,gk,PrecisionSelection,Precision Selection,696,389,109.78,1441.23,None,N/A,
46.9809,gk,PrecisionSelection,Precision Selection,696,389,0.00,-10514.41,None,N/A,
46.9914,gk,PrecisionSelection,Precision Selection,696,389,0.00,0.00,None,N/A,
47.0008,gk,PrecisionSelection,Precision Selection,696,389,0.00,0.00,None,N/A,
47.0112,gk,PrecisionSelection,Precision Selection,696,389,0.00,0.00,None,N/A,
47.0207,gk,PrecisionSelection,Precision Selection,696,389,0.00,0.00,None,N/A,
47.0311,gk,PrecisionSelection,Precision Selection,696,389,0.00,0.00,None,N/A,
47.0406,gk,PrecisionSelection,Precision Selection,696,389,0.00,0.00,None,N/A,
47.0512,gk,PrecisionSelection,Precision Selection,696,389,0.00,0.00,None,N/A,
47.0609,gk,PrecisionSelection,Precision Selection,696,389,0.00,0.00,None,N/A,
47.0714,gk,PrecisionSelection,Precision Selection,696,389,0.00,0.00,None,N/A,
47.0810,gk,PrecisionSelection,Precision Selection,696,389,0.00,0.00,None,N/A,
47.0906,gk,PrecisionSelection,Precision Selection,696,389,0.00,0.00,None,N/A,
47.1011,gk,PrecisionSelection,Precision Selection,696,389,0.00,0.00,None,N/A,
47.1105,gk,PrecisionSelection,Precision Selection,696,389,0.00,0.00,None,N/A,
47.1209,gk,PrecisionSelection,Precision Selection,696,389,0.00,0.00,None,N/A,
47.1304,gk,PrecisionSelection,Precision Selection,696,389,0.00,0.00,None,N/A,
47.1409,gk,PrecisionSelection,Precision Selection,696,389,0.00,0.00,None,N/A,
47.1504,gk,PrecisionSelection,Precision Selection,696,389,0.00,0.00,None,N/A,
47.1617,gk,PrecisionSelection,Precision Selection,696,389,0.00,0.00,Left,N/A,
47.1705,gk,PrecisionSelection,Precision Selection,696,389,0.00,0.00,Left,N/A,
47.1811,gk,PrecisionSelection,Precision Selection,696,389,0.00,0.00,Left,N/A,
47.1907,gk,PrecisionSelection,Precision Selection,696,389,0.00,0.00,Left,N/A,
47.2005,gk,PrecisionSelection,Precision Selection,696,389,0.00,0.00,Left,N/A,
47.2113,gk,PrecisionSelection,Precision Selection,696,389,0.00,0.00,Left,N/A,
47.2213,gk,PrecisionSelection,Precision Selection,696,389,0.00,0.00,Left,N/A,
47.2309,gk,PrecisionSelection,Precision Selection,696,389,0.00,0.00,Left,N/A,
47.2405,gk,PrecisionSelection,Precision Selection,696,389,0.00,0.00,Left,N/A,
47.2512,gk,PrecisionSelection,Precision Selection,696,389,0.00,0.00,Left,N/A,
47.2608,gk,PrecisionSelection,Precision Selection,696,389,0.00,0.00,Left,N/A,
47.2714,gk,PrecisionSelection,Precision Selection,696,389,0.00,0.00,Left,N/A,
47.2809,gk,PrecisionSelection,Precision Selection,696,389,0.00,0.00,Left,N/A,
47.2905,gk,PrecisionSelection,Precision Selection,696,389,0.00,0.00,Left,N/A,
47.3011,gk,PrecisionSelection,Precision Selection,696,389,0.00,0.00,Left,N/A,
47.3107,gk,PrecisionSelection,Precision Selection,696,389,0.00,0.00,Left,N/A,
47.3212,gk,PrecisionSelection,Precision Selection,696,389,0.00,0.00,Left,N/A,
47.3307,gk,PrecisionSelection,Precision Selection,696,389,0.00,0.00,Left,N/A,
47.3386,gk,PrecisionSelection,Precision Selection,696,389,0.00,0.00,None,N/A,precision_click
47.3420,gk,PrecisionSelection,Precision Selection,696,389,0.00,0.00,None,N/A,
47.3505,gk,PrecisionSelection,Precision Selection,696,389,0.00,0.00,None,N/A,
47.3614,gk,PrecisionSelection,Precision Selection,696,389,0.00,0.00,None,N/A,
47.3710,gk,PrecisionSelection,Precision Selection,696,389,0.00,0.00,None,N/A,
47.3805,gk,PrecisionSelection,Precision Selection,696,389,0.00,0.00,None,N/A,
47.3911,gk,PrecisionSelection,Precision Selection,696,389,0.00,0.00,None,N/A,
47.4009,gk,PrecisionSelection,Precision Selection,696,389,0.00,0.00,None,N/A,
47.4107,gk,PrecisionSelection,Precision Selection,696,389,0.00,0.00,None,N/A,
47.4205,gk,PrecisionSelection,Precision Selection,696,389,0.00,0.00,None,N/A,
47.4313,gk,PrecisionSelection,Precision Selection,696,389,0.00,0.00,None,N/A,
47.4411,gk,PrecisionSelection,Precision Selection,696,389,0.00,0.00,None,N/A,
47.4509,gk,PrecisionSelection,Precision Selection,696,389,0.00,0.00,None,N/A,
47.4606,gk,PrecisionSelection,Precision Selection,696,389,0.00,0.00,None,N/A,
47.4713,gk,PrecisionSelection,Precision Selection,696,389,0.00,0.00,None,N/A,
47.4810,gk,PrecisionSelection,Precision Selection,696,389,0.00,0.00,None,N/A,
47.4907,gk,PrecisionSelection,Precision Selection,696,389,0.00,0.00,None,N/A,
47.5013,gk,PrecisionSelection,Precision Selection,696,389,0.00,0.00,None,N/A,
47.5111,gk,PrecisionSelection,Precision Selection,696,389,0.00,0.00,None,N/A,
47.5208,gk,PrecisionSelection,Precision Selection,696,389,0.00,0.00,None,N/A,
47.5306,gk,PrecisionSelection,Precision Selection,696,389,0.00,0.00,None,N/A,
47.5414,gk,PrecisionSelection,Precision Selection,696,389,0.00,0.00,None,N/A,
47.5510,gk,PrecisionSelection,Precision Selection,696,389,0.00,0.00,None,N/A,
47.5607,gk,PrecisionSelection,Precision Selection,696,389,0.00,0.00,None,N/A,
47.5713,gk,PrecisionSelection,Precision Selection,696,389,0.00,0.00,None,N/A,
47.5809,gk,PrecisionSelection,Precision Selection,696,389,0.00,0.00,None,N/A,
47.5906,gk,PrecisionSelection,Precision Selection,696,389,0.00,0.00,None,N/A,
47.6014,gk,PrecisionSelection,Precision Selection,696,389,0.00,0.00,None,N/A,
47.6110,gk,PrecisionSelection,Precision Selection,696,389,0.00,0.00,None,N/A,
47.6207,gk,PrecisionSelection,Precision Selection,696,389,0.00,0.00,None,N/A,
47.6313,gk,PrecisionSelection,Precision Selection,696,389,0.00,0.00,None,N/A,
47.6409,gk,PrecisionSelection,Precision Selection,696,389,0.00,0.00,None,N/A,
47.6505,gk,PrecisionSelection,Precision Selection,696,389,0.00,0.00,None,N/A,
47.6611,gk,PrecisionSelection,Precision Selection,696,389,0.00,0.00,None,N/A,
47.6709,gk,PrecisionSelection,Precision Selection,696,389,0.00,0.00,None,N/A,
47.6806,gk,PrecisionSelection,Precision Selection,696,389,0.00,0.00,None,N/A,
47.6907,gk,PrecisionSelection,Precision Selection,696,389,0.00,0.00,None,N/A,
47.7005,gk,PrecisionSelection,Precision Selection,696,389,0.00,0.00,None,N/A,
47.7111,gk,PrecisionSelection,Precision Selection,696,389,0.00,0.00,None,N/A,
47.7211,gk,PrecisionSelection,Precision Selection,696,389,0.00,0.00,None,N/A,
47.7309,gk,PrecisionSelection,Precision Selection,696,389,0.00,0.00,None,N/A,
47.7407,gk,PrecisionSelection,Precision Selection,696,389,0.00,0.00,None,N/A,
47.7510,gk,PrecisionSelection,Precision Selection,696,389,0.00,0.00,None,N/A,
47.7607,gk,PrecisionSelection,Precision Selection,696,389,0.00,0.00,None,N/A,
47.7711,gk,PrecisionSelection,Precision Selection,706,394,1080.90,104499.84,None,N/A,
47.7807,gk,PrecisionSelection,Precision Selection,711,396,560.19,-54166.61,None,N/A,
47.7914,gk,PrecisionSelection,Precision Selection,720,400,918.61,33430.10,None,N/A,
47.8013,gk,PrecisionSelection,Precision Selection,725,402,541.12,-37931.70,None,N/A,
47.8103,gk,PrecisionSelection,Precision Selection,734,405,1053.69,56930.86,None,N/A,
47.8209,gk,PrecisionSelection,Precision Selection,739,406,480.77,-54019.09,None,N/A,
47.8304,gk,PrecisionSelection,Precision Selection,749,409,1104.10,65920.36,None,N/A,
47.8405,gk,PrecisionSelection,Precision Selection,753,410,409.30,-68972.65,None,N/A,
47.8509,gk,PrecisionSelection,Precision Selection,762,412,884.68,45617.17,None,N/A,
47.8610,gk,PrecisionSelection,Precision Selection,766,413,408.37,-47176.22,None,N/A,
47.8708,gk,PrecisionSelection,Precision Selection,769,414,321.96,-8797.25,None,N/A,
47.8805,gk,PrecisionSelection,Precision Selection,777,416,848.37,54156.50,None,N/A,
47.8904,gk,PrecisionSelection,Precision Selection,781,418,453.36,-40043.64,None,N/A,
47.9011,gk,PrecisionSelection,Precision Selection,787,420,589.73,12715.02,None,N/A,
47.9109,gk,PrecisionSelection,Precision Selection,789,421,229.21,-36955.02,None,N/A,
47.9205,gk,PrecisionSelection,Precision Selection,795,424,695.74,48385.48,None,N/A,
47.9306,gk,PrecisionSelection,Precision Selection,797,425,220.89,-46907.58,None,N/A,
47.9412,gk,PrecisionSelection,Precision Selection,801,427,423.04,19122.04,None,N/A,
47.9511,gk,PrecisionSelection,Precision Selection,803,429,286.18,-13847.29,None,N/A,
47.9616,gk,PrecisionSelection,Precision Selection,807,431,427.59,13520.49,None,N/A,
47.9720,gk,PrecisionSelection,Precision Selection,808,432,136.13,-28055.22,None,N/A,
47.9804,gk,PrecisionSelection,Precision Selection,809,433,167.19,3671.82,None,N/A,
47.9904,gk,PrecisionSelection,Precision Selection,811,435,282.31,11490.75,None,N/A,
48.0013,gk,PrecisionSelection,Precision Selection,813,437,259.51,-2091.95,None,N/A,
48.0131,gk,PrecisionSelection,Precision Selection,814,437,85.10,-14842.80,None,N/A,
48.0230,gk,PrecisionSelection,Precision Selection,816,439,284.86,20118.01,None,N/A,
48.0304,gk,PrecisionSelection,Precision Selection,817,439,134.67,-20226.17,None,N/A,
48.0405,gk,PrecisionSelection,Precision Selection,818,440,141.04,635.34,None,N/A,
48.0512,gk,PrecisionSelection,Precision Selection,819,441,131.46,-891.16,None,N/A,
48.0611,gk,PrecisionSelection,Precision Selection,820,441,101.03,-3074.22,None,N/A,
48.0705,gk,PrecisionSelection,Precision Selection,821,442,151.34,5383.53,None,N/A,
48.0811,gk,PrecisionSelection,Precision Selection,821,442,0.00,-14168.57,None,N/A,
48.0905,gk,PrecisionSelection,Precision Selection,821,443,106.52,11346.36,None,N/A,
48.1014,gk,PrecisionSelection,Precision Selection,822,443,92.09,-1328.53,None,N/A,
48.1114,gk,PrecisionSelection,Precision Selection,822,443,0.00,-9220.79,None,N/A,
48.1209,gk,PrecisionSelection,Precision Selection,823,443,105.50,11129.37,None,N/A,
48.1310,gk,PrecisionSelection,Precision Selection,823,443,0.00,-10390.31,None,N/A,
48.1408,gk,PrecisionSelection,Precision Selection,823,443,0.00,0.00,None,N/A,
48.1513,gk,PrecisionSelection,Precision Selection,823,443,0.00,0.00,None,N/A,
48.1613,gk,PrecisionSelection,Precision Selection,823,443,0.00,0.00,None,N/A,
48.1721,gk,PrecisionSelection,Precision Selection,823,443,0.00,0.00,None,N/A,
48.1805,gk,PrecisionSelection,Precision Selection,823,442,118.26,13985.27,None,N/A,
48.1912,gk,PrecisionSelection,Precision Selection,823,442,0.00,-11120.18,None,N/A,
48.2017,gk,PrecisionSelection,Precision Selection,823,440,189.53,17960.85,None,N/A,
48.2112,gk,PrecisionSelection,Precision Selection,823,439,105.88,-8856.78,None,N/A,
48.2205,gk,PrecisionSelection,Precision Selection,823,438,107.17,137.72,None,N/A,
48.2312,gk,PrecisionSelection,Precision Selection,823,436,186.28,7368.46,None,N/A,
48.2406,gk,PrecisionSelection,Precision Selection,823,435,106.41,-8499.05,None,N/A,
48.2513,gk,PrecisionSelection,Precision Selection,823,433,187.12,7551.17,None,N/A,
48.2612,gk,PrecisionSelection,Precision Selection,823,432,101.15,-8695.90,None,N/A,
48.2710,gk,PrecisionSelection,Precision Selection,822,431,144.00,4362.60,None,N/A,
48.2809,gk,PrecisionSelection,Precision Selection,822,430,100.74,-4357.93,None,N/A,
48.2906,gk,PrecisionSelection,Precision Selection,822,430,0.00,-10391.37,None,N/A,
48.3008,gk,PrecisionSelection,Precision Selection,822,429,98.41,9684.85,None,N/A,
48.3113,gk,PrecisionSelection,Precision Selection,822,429,0.00,-9371.51,None,N/A,
48.3210,gk,PrecisionSelection,Precision Selection,822,429,0.00,0.00,None,N/A,
48.3308,gk,PrecisionSelection,Precision Selection,822,429,0.00,0.00,None,N/A,
48.3414,gk,PrecisionSelection,Precision Selection,822,429,0.00,0.00,None,N/A,
48.3513,gk,PrecisionSelection,Precision Selection,822,430,100.14,10027.73,None,N/A,
48.3611,gk,PrecisionSelection,Precision Selection,822,430,0.00,-10310.83,None,N/A,
48.3708,gk,PrecisionSelection,Precision Selection,822,430,0.00,0.00,None,N/A,
48.3805,gk,PrecisionSelection,Precision Selection,822,430,0.00,0.00,None,N/A,
48.3912,gk,PrecisionSelection,Precision Selection,822,430,0.00,0.00,None,N/A,
48.4009,gk,PrecisionSelection,Precision Selection,822,430,0.00,0.00,None,N/A,
48.4105,gk,PrecisionSelection,Precision Selection,822,430,0.00,0.00,None,N/A,
48.4212,gk,PrecisionSelection,Precision Selection,822,430,0.00,0.00,None,N/A,
48.4308,gk,PrecisionSelection,Precision Selection,822,430,0.00,0.00,None,N/A,
48.4407,gk,PrecisionSelection,Precision Selection,822,430,0.00,0.00,None,N/A,
48.4513,gk,PrecisionSelection,Precision Selection,822,430,0.00,0.00,None,N/A,
48.4609,gk,PrecisionSelection,Precision Selection,822,430,0.00,0.00,None,N/A,
48.4706,gk,PrecisionSelection,Precision Selection,822,430,0.00,0.00,None,N/A,
48.4805,gk,PrecisionSelection,Precision Selection,822,430,0.00,0.00,None,N/A,
48.4914,gk,PrecisionSelection,Precision Selection,822,430,0.00,0.00,None,N/A,
48.5011,gk,PrecisionSelection,Precision Selection,822,430,0.00,0.00,None,N/A,
48.5109,gk,PrecisionSelection,Precision Selection,822,430,0.00,0.00,None,N/A,
48.5207,gk,PrecisionSelection,Precision Selection,822,430,0.00,0.00,None,N/A,
48.5314,gk,PrecisionSelection,Precision Selection,822,430,0.00,0.00,None,N/A,
48.5410,gk,PrecisionSelection,Precision Selection,822,430,0.00,0.00,None,N/A,
48.5506,gk,PrecisionSelection,Precision Selection,822,430,0.00,0.00,None,N/A,
48.5612,gk,PrecisionSelection,Precision Selection,822,430,0.00,0.00,None,N/A,
48.5711,gk,PrecisionSelection,Precision Selection,822,430,0.00,0.00,None,N/A,
48.5804,gk,PrecisionSelection,Precision Selection,822,430,0.00,0.00,None,N/A,
48.5910,gk,PrecisionSelection,Precision Selection,822,430,0.00,0.00,Left,N/A,
48.6008,gk,PrecisionSelection,Precision Selection,822,430,0.00,0.00,Left,N/A,
48.6105,gk,PrecisionSelection,Precision Selection,822,430,0.00,0.00,Left,N/A,
48.6212,gk,PrecisionSelection,Precision Selection,822,430,0.00,0.00,Left,N/A,
48.6314,gk,PrecisionSelection,Precision Selection,822,430,0.00,0.00,Left,N/A,
48.6406,gk,PrecisionSelection,Precision Selection,822,430,0.00,0.00,Left,N/A,
48.6505,gk,PrecisionSelection,Precision Selection,822,430,0.00,0.00,Left,N/A,
48.6605,gk,PrecisionSelection,Precision Selection,822,430,0.00,0.00,Left,N/A,
48.6706,gk,PrecisionSelection,Precision Selection,822,430,0.00,0.00,Left,N/A,
48.6814,gk,PrecisionSelection,Precision Selection,822,430,0.00,0.00,Left,N/A,
48.6911,gk,PrecisionSelection,Precision Selection,822,430,0.00,0.00,Left,N/A,
48.7008,gk,PrecisionSelection,Precision Selection,822,430,0.00,0.00,Left,N/A,
48.7104,gk,PrecisionSelection,Precision Selection,822,430,0.00,0.00,Left,N/A,
48.7211,gk,PrecisionSelection,Precision Selection,822,430,0.00,0.00,Left,N/A,
48.7311,gk,PrecisionSelection,Precision Selection,822,430,0.00,0.00,Left,N/A,
48.7409,gk,PrecisionSelection,Precision Selection,822,430,0.00,0.00,Left,N/A,
48.7505,gk,PrecisionSelection,Precision Selection,822,430,0.00,0.00,Left,N/A,
48.7609,gk,PrecisionSelection,Precision Selection,822,430,0.00,0.00,None,N/A,precision_click
48.7703,gk,PrecisionSelection,Precision Selection,822,430,0.00,0.00,None,N/A,
48.7805,gk,PrecisionSelection,Precision Selection,822,430,0.00,0.00,None,N/A,
48.7912,gk,PrecisionSelection,Precision Selection,822,430,0.00,0.00,None,N/A,
48.8008,gk,PrecisionSelection,Precision Selection,822,430,0.00,0.00,None,N/A,
48.8109,gk,PrecisionSelection,Precision Selection,822,430,0.00,0.00,None,N/A,
48.8210,gk,PrecisionSelection,Precision Selection,822,430,0.00,0.00,None,N/A,
48.8310,gk,PrecisionSelection,Precision Selection,822,430,0.00,0.00,None,N/A,
48.8407,gk,PrecisionSelection,Precision Selection,822,430,0.00,0.00,None,N/A,
48.8513,gk,PrecisionSelection,Precision Selection,822,430,0.00,0.00,None,N/A,
48.8610,gk,PrecisionSelection,Precision Selection,822,430,0.00,0.00,None,N/A,
48.8706,gk,PrecisionSelection,Precision Selection,822,430,0.00,0.00,None,N/A,
48.8811,gk,PrecisionSelection,Precision Selection,822,430,0.00,0.00,None,N/A,
48.8907,gk,PrecisionSelection,Precision Selection,822,430,0.00,0.00,None,N/A,
48.9012,gk,PrecisionSelection,Precision Selection,822,430,0.00,0.00,None,N/A,
48.9109,gk,PrecisionSelection,Precision Selection,822,430,0.00,0.00,None,N/A,
48.9206,gk,PrecisionSelection,Precision Selection,822,430,0.00,0.00,None,N/A,
48.9311,gk,PrecisionSelection,Precision Selection,822,430,0.00,0.00,None,N/A,
48.9406,gk,PrecisionSelection,Precision Selection,822,430,0.00,0.00,None,N/A,
48.9512,gk,PrecisionSelection,Precision Selection,822,430,0.00,0.00,None,N/A,
48.9607,gk,PrecisionSelection,Precision Selection,822,430,0.00,0.00,None,N/A,
48.9705,gk,PrecisionSelection,Precision Selection,822,430,0.00,0.00,None,N/A,
48.9810,gk,PrecisionSelection,Precision Selection,822,430,0.00,0.00,None,N/A,
48.9907,gk,PrecisionSelection,Precision Selection,822,430,0.00,0.00,None,N/A,
49.0012,gk,PrecisionSelection,Precision Selection,822,430,0.00,0.00,None,N/A,
49.0107,gk,PrecisionSelection,Precision Selection,822,430,0.00,0.00,None,N/A,
49.0212,gk,PrecisionSelection,Precision Selection,822,430,0.00,0.00,None,N/A,
49.0307,gk,PrecisionSelection,Precision Selection,822,430,0.00,0.00,None,N/A,
49.0412,gk,PrecisionSelection,Precision Selection,822,430,0.00,0.00,None,N/A,
49.0507,gk,PrecisionSelection,Precision Selection,822,430,0.00,0.00,None,N/A,
49.0613,gk,PrecisionSelection,Precision Selection,822,430,0.00,0.00,None,N/A,
49.0707,gk,PrecisionSelection,Precision Selection,822,430,0.00,0.00,None,N/A,
49.0812,gk,PrecisionSelection,Precision Selection,822,430,0.00,0.00,None,N/A,
49.0907,gk,PrecisionSelection,Precision Selection,822,430,0.00,0.00,None,N/A,
49.1011,gk,PrecisionSelection,Precision Selection,822,430,0.00,0.00,None,N/A,
49.1105,gk,PrecisionSelection,Precision Selection,822,430,0.00,0.00,None,N/A,
49.1211,gk,PrecisionSelection,Precision Selection,822,430,0.00,0.00,None,N/A,
49.1306,gk,PrecisionSelection,Precision Selection,822,430,0.00,0.00,None,N/A,
49.1413,gk,PrecisionSelection,Precision Selection,822,430,0.00,0.00,None,N/A,
49.1507,gk,PrecisionSelection,Precision Selection,824,435,572.91,60950.24,None,N/A,
49.1609,gk,PrecisionSelection,Precision Selection,827,441,654.19,7926.88,None,N/A,
49.1707,gk,PrecisionSelection,Precision Selection,835,458,1915.22,128545.73,None,N/A,
49.1806,gk,PrecisionSelection,Precision Selection,841,470,1361.77,-56175.69,None,N/A,
49.1913,gk,PrecisionSelection,Precision Selection,854,494,2547.45,110660.39,None,N/A,
49.2005,gk,PrecisionSelection,Precision Selection,859,503,1116.13,-155166.23,None,N/A,
49.2109,gk,PrecisionSelection,Precision Selection,869,523,2162.90,101251.36,None,N/A,
49.2208,gk,PrecisionSelection,Precision Selection,876,535,1397.21,-77007.73,None,N/A,
49.2305,gk,PrecisionSelection,Precision Selection,887,553,2180.79,81006.03,None,N/A,
49.2414,gk,PrecisionSelection,Precision Selection,894,562,1045.76,-104103.87,None,N/A,
49.2508,gk,PrecisionSelection,Precision Selection,907,579,2260.32,128280.40,None,N/A,
49.2609,gk,PrecisionSelection,Precision Selection,914,588,1134.82,-112021.85,None,N/A,
49.2709,gk,PrecisionSelection,Precision Selection,920,594,850.15,-28521.32,None,N/A,
49.2805,gk,PrecisionSelection,Precision Selection,932,604,1628.69,81174.62,None,N/A,
49.2904,gk,PrecisionSelection,Precision Selection,938,608,725.84,-90876.59,None,N/A,
49.3011,gk,PrecisionSelection,Precision Selection,947,615,1070.52,32363.16,None,N/A,
49.3109,gk,PrecisionSelection,Precision Selection,951,617,453.20,-62558.70,None,N/A,
49.3207,gk,PrecisionSelection,Precision Selection,957,621,739.50,29360.14,None,N/A,
49.3306,gk,PrecisionSelection,Precision Selection,960,623,364.53,-37910.39,None,N/A,
49.3413,gk,PrecisionSelection,Precision Selection,971,630,1216.86,79547.73,None,N/A,
49.3511,gk,PrecisionSelection,Precision Selection,976,634,650.87,-57532.57,None,N/A,
49.3607,gk,PrecisionSelection,Precision Selection,983,638,841.77,19932.05,None,N/A,
49.3707,gk,PrecisionSelection,Precision Selection,986,640,360.19,-48109.33,None,N/A,
49.3806,gk,PrecisionSelection,Precision Selection,988,640,201.39,-15990.79,None,N/A,
49.3912,gk,PrecisionSelection,Precision Selection,988,640,0.00,-19088.02,None,N/A,
49.4006,gk,PrecisionSelection,Precision Selection,988,640,0.00,0.00,None,N/A,
49.4109,gk,PrecisionSelection,Precision Selection,988,640,0.00,0.00,None,N/A,
49.4212,gk,PrecisionSelection,Precision Selection,988,640,0.00,0.00,None,N/A,
49.4306,gk,PrecisionSelection,Precision Selection,988,640,0.00,0.00,None,N/A,
49.4412,gk,PrecisionSelection,Precision Selection,988,640,0.00,0.00,None,N/A,
49.4509,gk,PrecisionSelection,Precision Selection,988,640,0.00,0.00,None,N/A,
49.4604,gk,PrecisionSelection,Precision Selection,988,640,0.00,0.00,None,N/A,
49.4711,gk,PrecisionSelection,Precision Selection,988,640,0.00,0.00,None,N/A,
49.4806,gk,PrecisionSelection,Precision Selection,988,640,0.00,0.00,None,N/A,
49.4911,gk,PrecisionSelection,Precision Selection,988,640,0.00,0.00,None,N/A,
49.5006,gk,PrecisionSelection,Precision Selection,988,640,0.00,0.00,None,N/A,
49.5112,gk,PrecisionSelection,Precision Selection,988,640,0.00,0.00,None,N/A,
49.5207,gk,PrecisionSelection,Precision Selection,988,640,0.00,0.00,None,N/A,
49.5312,gk,PrecisionSelection,Precision Selection,988,640,0.00,0.00,None,N/A,
49.5409,gk,PrecisionSelection,Precision Selection,988,640,0.00,0.00,None,N/A,
49.5514,gk,PrecisionSelection,Precision Selection,988,640,0.00,0.00,None,N/A,
49.5609,gk,PrecisionSelection,Precision Selection,988,640,0.00,0.00,None,N/A,
49.5713,gk,PrecisionSelection,Precision Selection,988,640,0.00,0.00,None,N/A,
49.5809,gk,PrecisionSelection,Precision Selection,988,640,0.00,0.00,None,N/A,
49.5914,gk,PrecisionSelection,Precision Selection,988,640,0.00,0.00,None,N/A,
49.6014,gk,PrecisionSelection,Precision Selection,989,649,901.09,89666.78,None,N/A,
49.6113,gk,PrecisionSelection,Precision Selection,991,656,739.42,-16420.77,None,N/A,
49.6210,gk,PrecisionSelection,Precision Selection,993,667,1149.81,42205.25,None,N/A,
49.6308,gk,PrecisionSelection,Precision Selection,1000,690,2458.44,133817.94,None,N/A,
49.6406,gk,PrecisionSelection,Precision Selection,1005,701,1230.63,-125049.76,None,N/A,
49.6513,gk,PrecisionSelection,Precision Selection,1012,715,1465.63,22003.55,None,N/A,
49.6611,gk,PrecisionSelection,Precision Selection,1015,720,592.16,-88704.45,None,N/A,
49.6709,gk,PrecisionSelection,Precision Selection,1019,729,1005.26,42164.45,None,N/A,
49.6809,gk,PrecisionSelection,Precision Selection,1021,732,361.97,-64581.39,None,N/A,
49.6905,gk,PrecisionSelection,Precision Selection,1024,737,603.93,25060.60,None,N/A,
49.7011,gk,PrecisionSelection,Precision Selection,1025,739,212.39,-37189.67,None,N/A,
49.7109,gk,PrecisionSelection,Precision Selection,1026,742,319.94,10881.02,None,N/A,
49.7212,gk,PrecisionSelection,Precision Selection,1027,743,138.51,-17768.90,None,N/A,
49.7309,gk,PrecisionSelection,Precision Selection,1028,745,229.09,9280.68,None,N/A,
49.7406,gk,PrecisionSelection,Precision Selection,1029,747,231.83,284.16,None,N/A,
49.7514,gk,PrecisionSelection,Precision Selection,1030,748,129.92,-9362.40,None,N/A,
49.7610,gk,PrecisionSelection,Precision Selection,1030,749,104.11,-2686.77,None,N/A,
49.7712,gk,PrecisionSelection,Precision Selection,1031,750,139.70,3515.56,None,N/A,
49.7810,gk,PrecisionSelection,Precision Selection,1031,751,101.94,-3849.39,None,N/A,
49.7910,gk,PrecisionSelection,Precision Selection,1032,752,141.25,3926.06,None,N/A,
49.8003,gk,PrecisionSelection,Precision Selection,1032,752,0.00,-15106.85,None,N/A,
49.8113,gk,PrecisionSelection,Precision Selection,1032,753,91.25,8327.28,None,N/A,
49.8206,gk,PrecisionSelection,Precision Selection,1032,753,0.00,-9827.12,None,N/A,
49.8308,gk,PrecisionSelection,Precision Selection,1032,754,97.90,9584.74,None,N/A,
49.8407,gk,PrecisionSelection,Precision Selection,1032,754,0.00,-9896.59,None,N/A,
49.8511,gk,PrecisionSelection,Precision Selection,1032,754,0.00,0.00,None,N/A,
49.8607,gk,PrecisionSelection,Precision Selection,1032,754,0.00,0.00,None,N/A,
49.8712,gk,PrecisionSelection,Precision Selection,1033,755,135.21,12927.64,None,N/A,
49.8806,gk,PrecisionSelection,Precision Selection,1033,755,0.00,-14392.52,None,N/A,
49.8909,gk,PrecisionSelection,Precision Selection,1033,756,97.56,9517.09,None,N/A,
49.9005,gk,PrecisionSelection,Precision Selection,1034,756,103.81,649.18,None,N/A,
49.9112,gk,PrecisionSelection,Precision Selection,1034,758,186.99,7777.15,None,N/A,
49.9211,gk,PrecisionSelection,Precision Selection,1035,758,100.60,-8690.88,None,N/A,
49.9303,gk,PrecisionSelection,Precision Selection,1036,759,153.25,5705.26,None,N/A,
49.9406,gk,PrecisionSelection,Precision Selection,1037,760,138.58,-1438.06,None,N/A,
49.9510,gk,PrecisionSelection,Precision Selection,1038,762,214.33,7260.69,None,N/A,
49.9611,gk,PrecisionSelection,Precision Selection,1039,763,140.33,-7342.75,None,N/A,
49.9707,gk,PrecisionSelection,Precision Selection,1040,764,146.90,682.63,None,N/A,
49.9806,gk,PrecisionSelection,Precision Selection,1042,766,284.50,13841.43,None,N/A,
49.9909,gk,PrecisionSelection,Precision Selection,1043,767,138.08,-14296.51,None,N/A,
50.0011,gk,PrecisionSelection,Precision Selection,1045,770,351.06,20736.76,None,N/A,
50.0112,gk,PrecisionSelection,Precision Selection,1046,771,140.19,-20903.21,None,N/A,
50.0207,gk,PrecisionSelection,Precision Selection,1048,774,379.49,25186.64,None,N/A,
50.0308,gk,PrecisionSelection,Precision Selection,1049,775,141.07,-23783.14,None,N/A,
50.0414,gk,PrecisionSelection,Precision Selection,1051,779,422.03,26513.52,None,N/A,
50.0513,gk,PrecisionSelection,Precision Selection,1052,780,142.04,-28121.49,None,N/A,
50.0608,gk,PrecisionSelection,Precision Selection,1053,783,333.77,20235.91,None,N/A,
50.0708,gk,PrecisionSelection,Precision Selection,1054,784,140.76,-19210.54,None,N/A,
50.0806,gk,PrecisionSelection,Precision Selection,1055,785,144.34,365.35,None,N/A,
50.0914,gk,PrecisionSelection,Precision Selection,1056,787,208.52,5985.07,None,N/A,
50.1013,gk,PrecisionSelection,Precision Selection,1057,787,100.79,-10858.42,None,N/A,
50.1114,gk,PrecisionSelection,Precision Selection,1057,789,197.52,9553.68,None,N/A,
50.1209,gk,PrecisionSelection,Precision Selection,1058,789,105.21,-9712.26,None,N/A,
50.1306,gk,PrecisionSelection,Precision Selection,1058,790,103.38,-188.75,None,N/A,
50.1409,gk,PrecisionSelection,Precision Selection,1059,791,136.79,3231.59,None,N/A,
50.1513,gk,PrecisionSelection,Precision Selection,1059,791,0.00,-13124.87,None,N/A,
50.1610,gk,PrecisionSelection,Precision Selection,1059,792,103.11,10631.65,None,N/A,
50.1704,gk,PrecisionSelection,Precision Selection,1059,792,0.00,-11050.55,None,N/A,
50.1809,gk,PrecisionSelection,Precision Selection,1059,793,95.36,9092.66,None,N/A,
50.1906,gk,PrecisionSelection,Precision Selection,1060,793,102.96,782.47,None,N/A,
50.2012,gk,PrecisionSelection,Precision Selection,1060,793,0.00,-9673.97,None,N/A,
50.2110,gk,PrecisionSelection,Precision Selection,1060,793,0.00,0.00,None,N/A,
50.2211,gk,PrecisionSelection,Precision Selection,1060,794,99.08,9817.08,None,N/A,
50.2306,gk,PrecisionSelection,Precision Selection,1060,794,0.00,-10487.74,None,N/A,
50.2414,gk,PrecisionSelection,Precision Selection,1061,795,130.73,12084.81,None,N/A,
50.2510,gk,PrecisionSelection,Precision Selection,1061,795,0.00,-13569.02,None,N/A,
50.2611,gk,PrecisionSelection,Precision Selection,1061,796,99.05,9810.59,None,N/A,
50.2710,gk,PrecisionSelection,Precision Selection,1062,796,101.26,223.47,None,N/A,
50.2803,gk,PrecisionSelection,Precision Selection,1062,797,107.11,627.34,None,N/A,
50.2906,gk,PrecisionSelection,Precision Selection,1063,798,138.03,3017.84,None,N/A,
50.3010,gk,PrecisionSelection,Precision Selection,1063,798,0.00,-13285.62,None,N/A,
50.3106,gk,PrecisionSelection,Precision Selection,1063,798,0.00,0.00,None,N/A,
50.3213,gk,PrecisionSelection,Precision Selection,1063,798,0.00,0.00,None,N/A,
50.3309,gk,PrecisionSelection,Precision Selection,1063,798,0.00,0.00,None,N/A,
50.3407,gk,PrecisionSelection,Precision Selection,1063,798,0.00,0.00,None,N/A,
50.3505,gk,PrecisionSelection,Precision Selection,1063,798,0.00,0.00,None,N/A,
50.3611,gk,PrecisionSelection,Precision Selection,1063,798,0.00,0.00,None,N/A,
50.3707,gk,PrecisionSelection,Precision Selection,1063,798,0.00,0.00,None,N/A,
50.3813,gk,PrecisionSelection,Precision Selection,1063,798,0.00,0.00,None,N/A,
50.3909,gk,PrecisionSelection,Precision Selection,1063,798,0.00,0.00,None,N/A,
50.4006,gk,PrecisionSelection,Precision Selection,1063,798,0.00,0.00,None,N/A,
50.4114,gk,PrecisionSelection,Precision Selection,1063,798,0.00,0.00,None,N/A,
50.4213,gk,PrecisionSelection,Precision Selection,1063,798,0.00,0.00,None,N/A,
50.4310,gk,PrecisionSelection,Precision Selection,1063,798,0.00,0.00,None,N/A,
50.4406,gk,PrecisionSelection,Precision Selection,1063,798,0.00,0.00,None,N/A,
50.4514,gk,PrecisionSelection,Precision Selection,1063,798,0.00,0.00,None,N/A,
50.4611,gk,PrecisionSelection,Precision Selection,1063,798,0.00,0.00,None,N/A,
50.4707,gk,PrecisionSelection,Precision Selection,1063,798,0.00,0.00,None,N/A,
50.4804,gk,PrecisionSelection,Precision Selection,1063,798,0.00,0.00,None,N/A,
50.4911,gk,PrecisionSelection,Precision Selection,1063,798,0.00,0.00,None,N/A,
50.5007,gk,PrecisionSelection,Precision Selection,1063,798,0.00,0.00,None,N/A,
50.5114,gk,PrecisionSelection,Precision Selection,1063,798,0.00,0.00,Left,N/A,
50.5211,gk,PrecisionSelection,Precision Selection,1063,798,0.00,0.00,Left,N/A,
50.5306,gk,PrecisionSelection,Precision Selection,1063,798,0.00,0.00,Left,N/A,
50.5419,gk,PrecisionSelection,Precision Selection,1063,798,0.00,0.00,Left,N/A,
50.5513,gk,PrecisionSelection,Precision Selection,1063,798,0.00,0.00,Left,N/A,
50.5610,gk,PrecisionSelection,Precision Selection,1063,798,0.00,0.00,Left,N/A,
50.5706,gk,PrecisionSelection,Precision Selection,1063,798,0.00,0.00,Left,N/A,
50.5820,gk,PrecisionSelection,Precision Selection,1063,798,0.00,0.00,Left,N/A,
50.5908,gk,PrecisionSelection,Precision Selection,1063,798,0.00,0.00,Left,N/A,
50.6006,gk,PrecisionSelection,Precision Selection,1063,798,0.00,0.00,Left,N/A,
50.6113,gk,PrecisionSelection,Precision Selection,1063,798,0.00,0.00,Left,N/A,
50.6211,gk,PrecisionSelection,Precision Selection,1063,798,0.00,0.00,Left,N/A,
50.6306,gk,PrecisionSelection,Precision Selection,1063,798,0.00,0.00,Left,N/A,
50.6412,gk,PrecisionSelection,Precision Selection,1063,798,0.00,0.00,Left,N/A,
50.6508,gk,PrecisionSelection,Precision Selection,1063,798,0.00,0.00,Left,N/A,
50.6614,gk,PrecisionSelection,Precision Selection,1063,798,0.00,0.00,Left,N/A,
50.6711,gk,PrecisionSelection,Precision Selection,1063,798,0.00,0.00,Left,N/A,
50.6806,gk,PrecisionSelection,Precision Selection,1063,798,0.00,0.00,Left,N/A,
50.6877,gk,PrecisionSelection,Precision Selection,1063,798,0.00,0.00,None,N/A,precision_click
50.6911,gk,PrecisionSelection,Precision Selection,1063,798,0.00,0.00,None,N/A,
50.7008,gk,PrecisionSelection,Precision Selection,1063,798,0.00,0.00,None,N/A,
50.7113,gk,PrecisionSelection,Precision Selection,1063,798,0.00,0.00,None,N/A,
50.7209,gk,PrecisionSelection,Precision Selection,1063,798,0.00,0.00,None,N/A,
50.7308,gk,PrecisionSelection,Precision Selection,1063,798,0.00,0.00,None,N/A,
50.7405,gk,PrecisionSelection,Precision Selection,1063,798,0.00,0.00,None,N/A,
50.7511,gk,PrecisionSelection,Precision Selection,1063,798,0.00,0.00,None,N/A,
50.7608,gk,PrecisionSelection,Precision Selection,1063,798,0.00,0.00,None,N/A,
50.7714,gk,PrecisionSelection,Precision Selection,1063,798,0.00,0.00,None,N/A,
50.7810,gk,PrecisionSelection,Precision Selection,1063,798,0.00,0.00,None,N/A,
50.7907,gk,PrecisionSelection,Precision Selection,1063,798,0.00,0.00,None,N/A,
50.8014,gk,PrecisionSelection,Precision Selection,1063,798,0.00,0.00,None,N/A,
50.8111,gk,PrecisionSelection,Precision Selection,1063,798,0.00,0.00,None,N/A,
50.8205,gk,PrecisionSelection,Precision Selection,1063,798,0.00,0.00,None,N/A,
50.8309,gk,PrecisionSelection,Precision Selection,1063,798,0.00,0.00,None,N/A,
50.8414,gk,PrecisionSelection,Precision Selection,1063,798,0.00,0.00,None,N/A,
50.8509,gk,PrecisionSelection,Precision Selection,1063,798,0.00,0.00,None,N/A,
50.8613,gk,PrecisionSelection,Precision Selection,1063,798,0.00,0.00,None,N/A,
50.8764,gk,PrecisionSelection,Precision Selection,1063,798,0.00,0.00,None,N/A,
50.8812,gk,PrecisionSelection,Precision Selection,1063,798,0.00,0.00,None,N/A,
50.8909,gk,PrecisionSelection,Precision Selection,1063,798,0.00,0.00,None,N/A,
50.9014,gk,PrecisionSelection,Precision Selection,1063,798,0.00,0.00,None,N/A,
50.9109,gk,PrecisionSelection,Precision Selection,1063,798,0.00,0.00,None,N/A,
50.9204,gk,PrecisionSelection,Precision Selection,1063,798,0.00,0.00,None,N/A,
50.9309,gk,PrecisionSelection,Precision Selection,1063,798,0.00,0.00,None,N/A,
50.9405,gk,PrecisionSelection,Precision Selection,1063,798,0.00,0.00,None,N/A,
50.9510,gk,PrecisionSelection,Precision Selection,1063,798,0.00,0.00,None,N/A,
50.9605,gk,PrecisionSelection,Precision Selection,1063,798,0.00,0.00,None,N/A,
50.9710,gk,PrecisionSelection,Precision Selection,1063,798,0.00,0.00,None,N/A,
50.9806,gk,PrecisionSelection,Precision Selection,1063,798,0.00,0.00,None,N/A,
50.9911,gk,PrecisionSelection,Precision Selection,1063,798,0.00,0.00,None,N/A,
51.0006,gk,PrecisionSelection,Precision Selection,1063,798,0.00,0.00,None,N/A,
51.0111,gk,PrecisionSelection,Precision Selection,1063,798,0.00,0.00,None,N/A,
51.0206,gk,PrecisionSelection,Precision Selection,1063,798,0.00,0.00,None,N/A,
51.0313,gk,PrecisionSelection,Precision Selection,1063,798,0.00,0.00,None,N/A,
51.0409,gk,PrecisionSelection,Precision Selection,1063,798,0.00,0.00,None,N/A,
51.0513,gk,PrecisionSelection,Precision Selection,1046,786,2004.96,193181.92,None,N/A,
51.0612,gk,PrecisionSelection,Precision Selection,1013,750,4949.38,298405.13,None,N/A,
51.0713,gk,PrecisionSelection,Precision Selection,966,696,7025.91,203795.79,None,N/A,
51.0811,gk,PrecisionSelection,Precision Selection,951,683,2034.22,-511561.49,None,N/A,
51.0906,gk,PrecisionSelection,Precision Selection,919,650,4837.93,295081.96,None,N/A,
51.1005,gk,PrecisionSelection,Precision Selection,902,630,2645.00,-220973.77,None,N/A,
51.1113,gk,PrecisionSelection,Precision Selection,868,592,4724.39,192661.43,None,N/A,
51.1209,gk,PrecisionSelection,Precision Selection,853,571,2684.45,-212195.21,None,N/A,
51.1309,gk,PrecisionSelection,Precision Selection,839,549,2621.94,-6285.33,None,N/A,
51.1406,gk,PrecisionSelection,Precision Selection,813,502,5517.24,297400.77,None,N/A,
51.1513,gk,PrecisionSelection,Precision Selection,803,479,2355.94,-296964.05,None,N/A,
51.1607,gk,PrecisionSelection,Precision Selection,790,444,3937.74,166827.04,None,N/A,
51.1705,gk,PrecisionSelection,Precision Selection,786,434,1099.02,-289666.39,None,N/A,
51.1809,gk,PrecisionSelection,Precision Selection,785,426,778.86,-30929.36,None,N/A,
51.1909,gk,PrecisionSelection,Precision Selection,785,424,200.56,-57992.29,None,N/A,
51.2014,gk,PrecisionSelection,Precision Selection,786,422,212.84,1168.83,None,N/A,
51.2111,gk,PrecisionSelection,Precision Selection,786,421,102.44,-11309.72,None,N/A,
51.2213,gk,PrecisionSelection,Precision Selection,788,419,277.48,17173.29,None,N/A,
51.2314,gk,PrecisionSelection,Precision Selection,789,417,221.95,-5512.22,None,N/A,
51.2412,gk,PrecisionSelection,Precision Selection,793,415,456.05,23873.09,None,N/A,
51.2505,gk,PrecisionSelection,Precision Selection,795,414,240.25,-23186.67,None,N/A,
51.2607,gk,PrecisionSelection,Precision Selection,798,413,309.72,6804.66,None,N/A,
51.2712,gk,PrecisionSelection,Precision Selection,803,412,486.65,16886.04,None,N/A,
51.2812,gk,PrecisionSelection,Precision Selection,806,412,299.24,-18693.44,None,N/A,
51.2907,gk,PrecisionSelection,Precision Selection,813,413,745.26,47007.48,None,N/A,
51.3006,gk,PrecisionSelection,Precision Selection,815,413,202.96,-55032.48,None,N/A,
51.3112,gk,PrecisionSelection,Precision Selection,819,415,419.79,20353.29,None,N/A,
51.3212,gk,PrecisionSelection,Precision Selection,821,416,224.40,-19608.37,None,N/A,
51.3306,gk,PrecisionSelection,Precision Selection,823,417,237.27,1366.27,None,N/A,
51.3407,gk,PrecisionSelection,Precision Selection,824,417,98.95,-13687.22,None,N/A,
51.3506,gk,PrecisionSelection,Precision Selection,825,418,142.49,4386.64,None,N/A,
51.3612,gk,PrecisionSelection,Precision Selection,825,418,0.00,-13532.88,None,N/A,
51.3712,gk,PrecisionSelection,Precision Selection,824,419,140.50,13958.52,None,N/A,
51.3809,gk,PrecisionSelection,Precision Selection,822,419,207.67,6974.52,None,N/A,
51.3913,gk,PrecisionSelection,Precision Selection,820,419,192.03,-1501.70,None,N/A,
51.4004,gk,PrecisionSelection,Precision Selection,817,418,345.04,16694.66,None,N/A,
51.4113,gk,PrecisionSelection,Precision Selection,814,418,276.52,-6315.61,None,N/A,
51.4210,gk,PrecisionSelection,Precision Selection,809,416,552.75,28353.38,None,N/A,
51.4309,gk,PrecisionSelection,Precision Selection,806,415,321.97,-23497.05,None,N/A,
51.4404,gk,PrecisionSelection,Precision Selection,800,412,701.18,39637.19,None,N/A,
51.4506,gk,PrecisionSelection,Precision Selection,797,411,309.87,-38344.19,None,N/A,
51.4611,gk,PrecisionSelection,Precision Selection,791,407,688.40,36136.27,None,N/A,
51.4713,gk,PrecisionSelection,Precision Selection,789,405,276.58,-40270.11,None,N/A,
51.4811,gk,PrecisionSelection,Precision Selection,787,403,290.74,1455.50,None,N/A,
51.4908,gk,PrecisionSelection,Precision Selection,783,399,582.66,30068.41,None,N/A,
51.5006,gk,PrecisionSelection,Precision Selection,782,398,143.71,-44605.59,None,N/A,
51.5113,gk,PrecisionSelection,Precision Selection,780,395,335.91,17906.58,None,N/A,
51.5212,gk,PrecisionSelection,Precision Selection,779,394,143.88,-19537.13,None,N/A,
51.5308,gk,PrecisionSelection,Precision Selection,778,391,326.79,18902.33,None,N/A,
51.5408,gk,PrecisionSelection,Precision Selection,778,390,100.92,-22794.72,None,N/A,
51.5504,gk,PrecisionSelection,Precision Selection,777,388,232.79,13728.39,None,N/A,
51.5613,gk,PrecisionSelection,Precision Selection,777,387,91.11,-12908.04,None,N/A,
51.5708,gk,PrecisionSelection,Precision Selection,776,385,236.60,15394.37,None,N/A,
51.5807,gk,PrecisionSelection,Precision Selection,776,385,0.00,-23907.79,None,N/A,
51.5908,gk,PrecisionSelection,Precision Selection,776,384,99.21,9841.71,None,N/A,
51.6006,gk,PrecisionSelection,Precision Selection,775,383,144.19,4585.91,None,N/A,
51.6107,gk,PrecisionSelection,Precision Selection,775,382,99.09,-4468.60,None,N/A,
51.6210,gk,PrecisionSelection,Precision Selection,774,381,136.27,3582.20,None,N/A,
51.6309,gk,PrecisionSelection,Precision Selection,774,380,101.61,-3521.61,None,N/A,
51.6412,gk,PrecisionSelection,Precision Selection,772,379,217.60,11287.68,None,N/A,
51.6505,gk,PrecisionSelection,Precision Selection,772,379,0.00,-23339.16,None,N/A,
51.6604,gk,PrecisionSelection,Precision Selection,770,379,201.90,20381.15,None,N/A,
51.6712,gk,PrecisionSelection,Precision Selection,770,378,92.71,-10122.67,None,N/A,
51.6806,gk,PrecisionSelection,Precision Selection,769,378,106.47,1464.65,None,N/A,
51.6913,gk,PrecisionSelection,Precision Selection,768,378,93.48,-1214.12,None,N/A,
51.7007,gk,PrecisionSelection,Precision Selection,767,378,105.70,1292.06,None,N/A,
51.7107,gk,PrecisionSelection,Precision Selection,766,378,100.23,-548.13,None,N/A,
51.7212,gk,PrecisionSelection,Precision Selection,765,378,94.86,-509.44,None,N/A,
51.7312,gk,PrecisionSelection,Precision Selection,764,379,142.16,4754.14,None,N/A,
51.7412,gk,PrecisionSelection,Precision Selection,763,380,141.84,-32.05,None,N/A,
51.7515,gk,PrecisionSelection,Precision Selection,762,381,136.70,-496.40,None,N/A,
51.7607,gk,PrecisionSelection,Precision Selection,761,382,153.64,1840.32,None,N/A,
51.7706,gk,PrecisionSelection,Precision Selection,760,383,143.32,-1045.56,None,N/A,
51.7813,gk,PrecisionSelection,Precision Selection,760,384,93.35,-4664.98,None,N/A,
51.7907,gk,PrecisionSelection,Precision Selection,760,384,0.00,-9882.02,None,N/A,
51.8014,gk,PrecisionSelection,Precision Selection,760,384,0.00,0.00,None,N/A,
51.8107,gk,PrecisionSelection,Precision Selection,760,384,0.00,0.00,None,N/A,
51.8215,gk,PrecisionSelection,Precision Selection,760,384,0.00,0.00,None,N/A,
51.8330,gk,PrecisionSelection,Precision Selection,760,384,0.00,0.00,None,N/A,
51.8410,gk,PrecisionSelection,Precision Selection,760,384,0.00,0.00,None,N/A,
51.8513,gk,PrecisionSelection,Precision Selection,760,384,0.00,0.00,None,N/A,
51.8606,gk,PrecisionSelection,Precision Selection,760,384,0.00,0.00,None,N/A,
51.8720,gk,PrecisionSelection,Precision Selection,760,384,0.00,0.00,None,N/A,
51.8806,gk,PrecisionSelection,Precision Selection,760,384,0.00,0.00,None,N/A,
51.8914,gk,PrecisionSelection,Precision Selection,760,384,0.00,0.00,None,N/A,
51.9013,gk,PrecisionSelection,Precision Selection,760,384,0.00,0.00,None,N/A,
51.9110,gk,PrecisionSelection,Precision Selection,760,384,0.00,0.00,None,N/A,
51.9207,gk,PrecisionSelection,Precision Selection,760,384,0.00,0.00,None,N/A,
51.9307,gk,PrecisionSelection,Precision Selection,760,384,0.00,0.00,None,N/A,
51.9405,gk,PrecisionSelection,Precision Selection,760,384,0.00,0.00,None,N/A,
51.9513,gk,PrecisionSelection,Precision Selection,760,384,0.00,0.00,None,N/A,
51.9610,gk,PrecisionSelection,Precision Selection,760,384,0.00,0.00,None,N/A,
51.9707,gk,PrecisionSelection,Precision Selection,760,384,0.00,0.00,None,N/A,
51.9814,gk,PrecisionSelection,Precision Selection,760,384,0.00,0.00,None,N/A,
51.9910,gk,PrecisionSelection,Precision Selection,760,384,0.00,0.00,Left,N/A,
52.0006,gk,PrecisionSelection,Precision Selection,760,384,0.00,0.00,Left,N/A,
52.0112,gk,PrecisionSelection,Precision Selection,760,384,0.00,0.00,Left,N/A,
52.0209,gk,PrecisionSelection,Precision Selection,760,384,0.00,0.00,Left,N/A,
52.0305,gk,PrecisionSelection,Precision Selection,760,384,0.00,0.00,Left,N/A,
52.0411,gk,PrecisionSelection,Precision Selection,760,384,0.00,0.00,Left,N/A,
52.0506,gk,PrecisionSelection,Precision Selection,760,384,0.00,0.00,Left,N/A,
52.0612,gk,PrecisionSelection,Precision Selection,760,384,0.00,0.00,Left,N/A,
52.0708,gk,PrecisionSelection,Precision Selection,760,384,0.00,0.00,Left,N/A,
52.0814,gk,PrecisionSelection,Precision Selection,760,384,0.00,0.00,Left,N/A,
52.0909,gk,PrecisionSelection,Precision Selection,760,384,0.00,0.00,Left,N/A,
52.1005,gk,PrecisionSelection,Precision Selection,760,384,0.00,0.00,Left,N/A,
52.1111,gk,PrecisionSelection,Precision Selection,760,384,0.00,0.00,Left,N/A,
52.1207,gk,PrecisionSelection,Precision Selection,760,384,0.00,0.00,Left,N/A,
52.1313,gk,PrecisionSelection,Precision Selection,760,384,0.00,0.00,Left,N/A,
52.1410,gk,PrecisionSelection,Precision Selection,760,384,0.00,0.00,Left,N/A,
52.1508,gk,PrecisionSelection,Precision Selection,760,384,0.00,0.00,Left,N/A,
52.1614,gk,PrecisionSelection,Precision Selection,760,384,0.00,0.00,Left,N/A,
52.1642,gk,PrecisionSelection,Precision Selection,760,384,0.00,0.00,None,N/A,precision_click
52.1705,gk,PrecisionSelection,Precision Selection,760,384,0.00,0.00,None,N/A,
52.1810,gk,PrecisionSelection,Precision Selection,760,384,0.00,0.00,None,N/A,
52.1906,gk,PrecisionSelection,Precision Selection,760,384,0.00,0.00,None,N/A,
52.2012,gk,PrecisionSelection,Precision Selection,760,384,0.00,0.00,None,N/A,
52.2109,gk,PrecisionSelection,Precision Selection,760,384,0.00,0.00,None,N/A,
52.2206,gk,PrecisionSelection,Precision Selection,760,384,0.00,0.00,None,N/A,
52.2314,gk,PrecisionSelection,Precision Selection,760,384,0.00,0.00,None,N/A,
52.2413,gk,PrecisionSelection,Precision Selection,760,384,0.00,0.00,None,N/A,
52.2512,gk,PrecisionSelection,Precision Selection,760,384,0.00,0.00,None,N/A,
52.2609,gk,PrecisionSelection,Precision Selection,760,384,0.00,0.00,None,N/A,
52.2705,gk,PrecisionSelection,Precision Selection,760,384,0.00,0.00,None,N/A,
52.2812,gk,PrecisionSelection,Precision Selection,760,384,0.00,0.00,None,N/A,
52.2908,gk,PrecisionSelection,Precision Selection,760,384,0.00,0.00,None,N/A,
52.3014,gk,PrecisionSelection,Precision Selection,760,384,0.00,0.00,None,N/A,
52.3110,gk,PrecisionSelection,Precision Selection,760,384,0.00,0.00,None,N/A,
52.3205,gk,PrecisionSelection,Precision Selection,760,384,0.00,0.00,None,N/A,
52.3305,gk,PrecisionSelection,Precision Selection,760,384,0.00,0.00,None,N/A,
52.3411,gk,PrecisionSelection,Precision Selection,760,384,0.00,0.00,None,N/A,
52.3508,gk,PrecisionSelection,Precision Selection,760,384,0.00,0.00,None,N/A,
52.3614,gk,PrecisionSelection,Precision Selection,760,384,0.00,0.00,None,N/A,
52.3711,gk,PrecisionSelection,Precision Selection,760,384,0.00,0.00,None,N/A,
52.3809,gk,PrecisionSelection,Precision Selection,760,384,0.00,0.00,None,N/A,
52.3905,gk,PrecisionSelection,Precision Selection,760,384,0.00,0.00,None,N/A,
52.4012,gk,PrecisionSelection,Precision Selection,760,384,0.00,0.00,None,N/A,
52.4109,gk,PrecisionSelection,Precision Selection,760,384,0.00,0.00,None,N/A,
52.4206,gk,PrecisionSelection,Precision Selection,760,384,0.00,0.00,None,N/A,
52.4313,gk,PrecisionSelection,Precision Selection,760,384,0.00,0.00,None,N/A,
52.4410,gk,PrecisionSelection,Precision Selection,760,384,0.00,0.00,None,N/A,
52.4506,gk,PrecisionSelection,Precision Selection,760,384,0.00,0.00,None,N/A,
52.4614,gk,PrecisionSelection,Precision Selection,760,384,0.00,0.00,None,N/A,
52.4704,gk,PrecisionSelection,Precision Selection,760,384,0.00,0.00,None,N/A,
52.4811,gk,PrecisionSelection,Precision Selection,760,384,0.00,0.00,None,N/A,
52.4907,gk,PrecisionSelection,Precision Selection,760,384,0.00,0.00,None,N/A,
52.5014,gk,PrecisionSelection,Precision Selection,760,384,0.00,0.00,None,N/A,
52.5111,gk,PrecisionSelection,Precision Selection,760,384,0.00,0.00,None,N/A,
52.5212,gk,PrecisionSelection,Precision Selection,760,384,0.00,0.00,None,N/A,
52.5310,gk,PrecisionSelection,Precision Selection,760,384,0.00,0.00,None,N/A,
52.5407,gk,PrecisionSelection,Precision Selection,760,384,0.00,0.00,None,N/A,
52.5515,gk,PrecisionSelection,Precision Selection,760,384,0.00,0.00,None,N/A,
52.5614,gk,PrecisionSelection,Precision Selection,760,384,0.00,0.00,None,N/A,
52.5710,gk,PrecisionSelection,Precision Selection,760,384,0.00,0.00,None,N/A,
52.5806,gk,PrecisionSelection,Precision Selection,760,384,0.00,0.00,None,N/A,
52.5912,gk,PrecisionSelection,Precision Selection,760,384,0.00,0.00,None,N/A,
52.6008,gk,PrecisionSelection,Precision Selection,760,384,0.00,0.00,None,N/A,
52.6107,gk,PrecisionSelection,Precision Selection,753,397,1486.83,149725.99,None,N/A,
52.6210,gk,PrecisionSelection,Precision Selection,729,447,5408.58,382446.20,None,N/A,
52.6309,gk,PrecisionSelection,Precision Selection,718,469,2472.53,-295139.92,None,N/A,
52.6430,gk,PrecisionSelection,Precision Selection,703,503,3089.67,51310.28,None,N/A,
52.6512,gk,PrecisionSelection,Precision Selection,694,519,2232.13,-104270.79,None,N/A,
52.6611,gk,PrecisionSelection,Precision Selection,685,536,1936.14,-29792.31,None,N/A,
52.6714,gk,PrecisionSelection,Precision Selection,669,571,3734.59,174526.86,None,N/A,
52.6807,gk,PrecisionSelection,Precision Selection,661,589,2120.37,-173763.13,None,N/A,
52.6908,gk,PrecisionSelection,Precision Selection,649,622,3493.51,136613.13,None,N/A,
52.7006,gk,PrecisionSelection,Precision Selection,646,632,1061.93,-247326.60,None,N/A,
52.7113,gk,PrecisionSelection,Precision Selection,641,650,1739.93,63146.42,None,N/A,
52.7212,gk,PrecisionSelection,Precision Selection,640,662,1216.63,-52871.87,None,N/A,
52.7307,gk,PrecisionSelection,Precision Selection,642,679,1814.15,63326.81,None,N/A,
52.7410,gk,PrecisionSelection,Precision Selection,642,682,290.14,-147393.07,None,N/A,
52.7510,gk,PrecisionSelection,Precision Selection,644,685,361.00,7094.83,None,N/A,
52.7605,gk,PrecisionSelection,Precision Selection,645,686,148.33,-22306.16,None,N/A,
52.7708,gk,PrecisionSelection,Precision Selection,646,686,97.21,-4969.11,None,N/A,
52.7810,gk,PrecisionSelection,Precision Selection,649,686,293.03,19126.52,None,N/A,
52.7908,gk,PrecisionSelection,Precision Selection,650,685,144.31,-15175.57,None,N/A,
52.8006,gk,PrecisionSelection,Precision Selection,652,683,291.16,15116.54,None,N/A,
52.8111,gk,PrecisionSelection,Precision Selection,652,683,0.00,-27499.78,None,N/A,
52.8209,gk,PrecisionSelection,Precision Selection,652,683,0.00,0.00,None,N/A,
52.8305,gk,PrecisionSelection,Precision Selection,652,683,0.00,0.00,None,N/A,
52.8412,gk,PrecisionSelection,Precision Selection,652,683,0.00,0.00,None,N/A,
52.8508,gk,PrecisionSelection,Precision Selection,652,683,0.00,0.00,None,N/A,
52.8614,gk,PrecisionSelection,Precision Selection,652,683,0.00,0.00,None,N/A,
52.8709,gk,PrecisionSelection,Precision Selection,652,683,0.00,0.00,None,N/A,
52.8814,gk,PrecisionSelection,Precision Selection,652,683,0.00,0.00,None,N/A,
52.8910,gk,PrecisionSelection,Precision Selection,652,683,0.00,0.00,None,N/A,
52.9006,gk,PrecisionSelection,Precision Selection,652,683,0.00,0.00,None,N/A,
52.9111,gk,PrecisionSelection,Precision Selection,652,683,0.00,0.00,None,N/A,
52.9206,gk,PrecisionSelection,Precision Selection,652,683,0.00,0.00,None,N/A,
52.9312,gk,PrecisionSelection,Precision Selection,652,683,0.00,0.00,None,N/A,
52.9407,gk,PrecisionSelection,Precision Selection,652,683,0.00,0.00,None,N/A,
52.9513,gk,PrecisionSelection,Precision Selection,652,683,0.00,0.00,None,N/A,
52.9608,gk,PrecisionSelection,Precision Selection,652,683,0.00,0.00,None,N/A,
52.9713,gk,PrecisionSelection,Precision Selection,652,683,0.00,0.00,None,N/A,
52.9810,gk,PrecisionSelection,Precision Selection,652,683,0.00,0.00,None,N/A,
52.9905,gk,PrecisionSelection,Precision Selection,652,683,0.00,0.00,None,N/A,
53.0008,gk,PrecisionSelection,Precision Selection,646,700,1749.75,169829.27,None,N/A,
53.0105,gk,PrecisionSelection,Precision Selection,644,707,744.74,-102810.80,None,N/A,
53.0214,gk,PrecisionSelection,Precision Selection,641,719,1141.34,36595.02,None,N/A,
53.0311,gk,PrecisionSelection,Precision Selection,640,724,523.28,-63427.34,None,N/A,
53.0408,gk,PrecisionSelection,Precision Selection,638,733,957.62,45114.28,None,N/A,
53.0512,gk,PrecisionSelection,Precision Selection,637,737,394.01,-53859.27,None,N/A,
53.0613,gk,PrecisionSelection,Precision Selection,636,746,902.18,50628.98,None,N/A,
53.0713,gk,PrecisionSelection,Precision Selection,636,750,397.63,-50156.45,None,N/A,
53.0807,gk,PrecisionSelection,Precision Selection,635,757,752.73,37800.68,None,N/A,
53.0908,gk,PrecisionSelection,Precision Selection,634,759,222.50,-52760.77,None,N/A,
53.1007,gk,PrecisionSelection,Precision Selection,634,762,301.74,7969.76,None,N/A,
53.1106,gk,PrecisionSelection,Precision Selection,634,766,405.53,10522.47,None,N/A,
53.1213,gk,PrecisionSelection,Precision Selection,634,768,185.40,-20406.20,None,N/A,
53.1311,gk,PrecisionSelection,Precision Selection,634,772,412.06,23349.72,None,N/A,
53.1409,gk,PrecisionSelection,Precision Selection,634,773,101.81,-31587.74,None,N/A,
53.1505,gk,PrecisionSelection,Precision Selection,635,778,527.21,43983.79,None,N/A,
53.1605,gk,PrecisionSelection,Precision Selection,635,783,503.49,-2388.29,None,N/A,
53.1712,gk,PrecisionSelection,Precision Selection,636,793,933.54,39947.61,None,N/A,
53.1812,gk,PrecisionSelection,Precision Selection,637,797,415.54,-52205.97,None,N/A,
53.1907,gk,PrecisionSelection,Precision Selection,638,803,639.18,23500.44,None,N/A,
53.2006,gk,PrecisionSelection,Precision Selection,638,805,201.53,-44100.37,None,N/A,
53.2106,gk,PrecisionSelection,Precision Selection,638,807,201.11,-42.27,None,N/A,
53.2206,gk,PrecisionSelection,Precision Selection,638,810,298.10,9636.73,None,N/A,
53.2312,gk,PrecisionSelection,Precision Selection,638,811,94.69,-19260.96,None,N/A,
53.2412,gk,PrecisionSelection,Precision Selection,638,813,199.80,10500.78,None,N/A,
53.2507,gk,PrecisionSelection,Precision Selection,638,814,104.76,-9956.95,None,N/A,
53.2608,gk,PrecisionSelection,Precision Selection,638,817,299.15,19384.63,None,N/A,
53.2712,gk,PrecisionSelection,Precision Selection,638,819,192.37,-10270.66,None,N/A,
53.2806,gk,PrecisionSelection,Precision Selection,638,822,316.89,13153.35,None,N/A,
53.2913,gk,PrecisionSelection,Precision Selection,638,823,93.98,-20949.94,None,N/A,
53.3005,gk,PrecisionSelection,Precision Selection,639,827,444.37,37763.13,None,N/A,
53.3110,gk,PrecisionSelection,Precision Selection,639,828,95.83,-33399.60,None,N/A,
53.3206,gk,PrecisionSelection,Precision Selection,639,829,103.85,832.75,None,N/A,
53.3312,gk,PrecisionSelection,Precision Selection,639,831,188.87,8029.74,None,N/A,
53.3412,gk,PrecisionSelection,Precision Selection,639,834,301.10,11263.66,None,N/A,
53.3507,gk,PrecisionSelection,Precision Selection,640,836,234.52,-6982.69,None,N/A,
53.3613,gk,PrecisionSelection,Precision Selection,640,836,0.00,-22199.38,None,N/A,
53.3707,gk,PrecisionSelection,Precision Selection,640,836,0.00,0.00,None,N/A,
53.3812,gk,PrecisionSelection,Precision Selection,640,836,0.00,0.00,None,N/A,
53.3906,gk,PrecisionSelection,Precision Selection,640,836,0.00,0.00,None,N/A,
53.4010,gk,PrecisionSelection,Precision Selection,640,836,0.00,0.00,None,N/A,
53.4105,gk,PrecisionSelection,Precision Selection,640,836,0.00,0.00,None,N/A,
53.4209,gk,PrecisionSelection,Precision Selection,640,836,0.00,0.00,None,N/A,
53.4313,gk,PrecisionSelection,Precision Selection,640,836,0.00,0.00,None,N/A,
53.4408,gk,PrecisionSelection,Precision Selection,640,836,0.00,0.00,None,N/A,
53.4505,gk,PrecisionSelection,Precision Selection,640,836,0.00,0.00,None,N/A,
53.4611,gk,PrecisionSelection,Precision Selection,640,836,0.00,0.00,None,N/A,
53.4706,gk,PrecisionSelection,Precision Selection,640,836,0.00,0.00,None,N/A,
53.4812,gk,PrecisionSelection,Precision Selection,640,836,0.00,0.00,None,N/A,
53.4906,gk,PrecisionSelection,Precision Selection,640,836,0.00,0.00,None,N/A,
53.5010,gk,PrecisionSelection,Precision Selection,640,836,0.00,0.00,None,N/A,
53.5108,gk,PrecisionSelection,Precision Selection,640,836,0.00,0.00,None,N/A,
53.5214,gk,PrecisionSelection,Precision Selection,640,836,0.00,0.00,None,N/A,
53.5309,gk,PrecisionSelection,Precision Selection,640,836,0.00,0.00,None,N/A,
53.5414,gk,PrecisionSelection,Precision Selection,640,836,0.00,0.00,None,N/A,
53.5509,gk,PrecisionSelection,Precision Selection,640,836,0.00,0.00,None,N/A,
53.5613,gk,PrecisionSelection,Precision Selection,640,836,0.00,0.00,None,N/A,
53.5707,gk,PrecisionSelection,Precision Selection,640,836,0.00,0.00,None,N/A,
53.5811,gk,PrecisionSelection,Precision Selection,640,836,0.00,0.00,None,N/A,
53.5905,gk,PrecisionSelection,Precision Selection,640,836,0.00,0.00,None,N/A,
53.6009,gk,PrecisionSelection,Precision Selection,640,836,0.00,0.00,None,N/A,
53.6114,gk,PrecisionSelection,Precision Selection,640,836,0.00,0.00,None,N/A,
53.6210,gk,PrecisionSelection,Precision Selection,640,836,0.00,0.00,None,N/A,
53.6305,gk,PrecisionSelection,Precision Selection,640,836,0.00,0.00,None,N/A,
53.6410,gk,PrecisionSelection,Precision Selection,640,836,0.00,0.00,None,N/A,
53.6507,gk,PrecisionSelection,Precision Selection,640,836,0.00,0.00,None,N/A,
53.6613,gk,PrecisionSelection,Precision Selection,640,836,0.00,0.00,None,N/A,
53.6709,gk,PrecisionSelection,Precision Selection,640,836,0.00,0.00,None,N/A,
53.6805,gk,PrecisionSelection,Precision Selection,640,836,0.00,0.00,None,N/A,
53.6912,gk,PrecisionSelection,Precision Selection,640,836,0.00,0.00,None,N/A,
53.7005,gk,PrecisionSelection,Precision Selection,640,836,0.00,0.00,Left,N/A,
53.7110,gk,PrecisionSelection,Precision Selection,640,836,0.00,0.00,Left,N/A,
53.7206,gk,PrecisionSelection,Precision Selection,640,836,0.00,0.00,Left,N/A,
53.7311,gk,PrecisionSelection,Precision Selection,640,836,0.00,0.00,Left,N/A,
53.7407,gk,PrecisionSelection,Precision Selection,640,836,0.00,0.00,Left,N/A,
53.7513,gk,PrecisionSelection,Precision Selection,640,836,0.00,0.00,Left,N/A,
53.7609,gk,PrecisionSelection,Precision Selection,640,836,0.00,0.00,Left,N/A,
53.7708,gk,PrecisionSelection,Precision Selection,640,836,0.00,0.00,Left,N/A,
53.7805,gk,PrecisionSelection,Precision Selection,640,836,0.00,0.00,Left,N/A,
53.7913,gk,PrecisionSelection,Precision Selection,640,836,0.00,0.00,Left,N/A,
53.8010,gk,PrecisionSelection,Precision Selection,640,836,0.00,0.00,Left,N/A,
53.8106,gk,PrecisionSelection,Precision Selection,640,836,0.00,0.00,Left,N/A,
53.8212,gk,PrecisionSelection,Precision Selection,640,836,0.00,0.00,Left,N/A,
53.8309,gk,PrecisionSelection,Precision Selection,640,836,0.00,0.00,Left,N/A,
53.8406,gk,PrecisionSelection,Precision Selection,640,836,0.00,0.00,Left,N/A,
53.8505,gk,PrecisionSelection,Precision Selection,640,836,0.00,0.00,Left,N/A,
53.8613,gk,PrecisionSelection,Precision Selection,640,836,0.00,0.00,Left,N/A,
53.8711,gk,PrecisionSelection,Precision Selection,640,836,0.00,0.00,Left,N/A,
53.8727,gk,PrecisionSelection,Precision Selection,640,836,0.00,0.00,None,N/A,precision_click
