Time,ParticipantID,Task,Label,X,Y,Velocity,Acceleration,ButtonState,ActiveWindow,Event
154.1396,gk,Scroll,Scroll,703,370,0.00,0.00,None,N/A,
154.1431,gk,Scroll,Scroll,703,370,0.00,0.00,None,N/A,
154.1508,gk,Scroll,Scroll,703,370,0.00,0.00,None,N/A,
154.1614,gk,Scroll,Scroll,703,370,0.00,0.00,None,N/A,
154.1713,gk,Scroll,Scroll,703,370,0.00,0.00,None,N/A,
154.1809,gk,Scroll,Scroll,703,370,0.00,0.00,None,N/A,
154.1915,gk,Scroll,Scroll,703,370,0.00,0.00,None,N/A,
154.2010,gk,Scroll,Scroll,703,370,0.00,0.00,None,N/A,
154.2119,gk,Scroll,Scroll,703,370,0.00,0.00,None,N/A,
154.2220,gk,Scroll,Scroll,703,370,0.00,0.00,None,N/A,
154.2316,gk,Scroll,Scroll,703,370,0.00,0.00,None,N/A,
154.2412,gk,Scroll,Scroll,703,370,0.00,0.00,None,N/A,
154.2508,gk,Scroll,Scroll,703,370,0.00,0.00,None,N/A,
154.2614,gk,Scroll,Scroll,703,370,0.00,0.00,None,N/A,
154.2711,gk,Scroll,Scroll,703,370,0.00,0.00,None,N/A,
154.2816,gk,Scroll,Scroll,703,370,0.00,0.00,None,N/A,
154.2914,gk,Scroll,Scroll,703,370,0.00,0.00,None,N/A,
154.3015,gk,Scroll,Scroll,703,370,0.00,0.00,None,N/A,
154.3116,gk,Scroll,Scroll,703,370,0.00,0.00,None,N/A,
154.3217,gk,Scroll,Scroll,703,370,0.00,0.00,None,N/A,
154.3313,gk,Scroll,Scroll,703,370,0.00,0.00,None,N/A,
154.3409,gk,Scroll,Scroll,703,370,0.00,0.00,None,N/A,
154.3513,gk,Scroll,Scroll,703,370,0.00,0.00,None,N/A,
154.3611,gk,Scroll,Scroll,703,370,0.00,0.00,None,N/A,
154.3717,gk,Scroll,Scroll,703,370,0.00,0.00,None,N/A,
154.3817,gk,Scroll,Scroll,703,370,0.00,0.00,None,N/A,
154.3913,gk,Scroll,Scroll,703,370,0.00,0.00,None,N/A,
154.4008,gk,Scroll,Scroll,703,370,0.00,0.00,None,N/A,
154.4112,gk,Scroll,Scroll,703,370,0.00,0.00,None,N/A,
154.4217,gk,Scroll,Scroll,703,370,0.00,0.00,None,N/A,
154.4312,gk,Scroll,Scroll,703,370,0.00,0.00,None,N/A,
154.4408,gk,Scroll,Scroll,703,370,0.00,0.00,None,N/A,
154.4516,gk,Scroll,Scroll,703,370,0.00,0.00,None,N/A,
154.4613,gk,Scroll,Scroll,703,370,0.00,0.00,None,N/A,
154.4709,gk,Scroll,Scroll,703,370,0.00,0.00,None,N/A,
154.4820,gk,Scroll,Scroll,703,370,0.00,0.00,None,N/A,
154.4915,gk,Scroll,Scroll,703,370,0.00,0.00,None,N/A,
154.5015,gk,Scroll,Scroll,703,370,0.00,0.00,None,N/A,
154.5117,gk,Scroll,Scroll,703,370,0.00,0.00,None,N/A,
154.5217,gk,Scroll,Scroll,703,370,0.00,0.00,None,N/A,
154.5317,gk,Scroll,Scroll,703,370,0.00,0.00,None,N/A,
154.5418,gk,Scroll,Scroll,703,370,0.00,0.00,None,N/A,
154.5514,gk,Scroll,Scroll,703,370,0.00,0.00,None,N/A,
154.5609,gk,Scroll,Scroll,703,370,0.00,0.00,None,N/A,
154.5713,gk,Scroll,Scroll,703,370,0.00,0.00,None,N/A,
154.5809,gk,Scroll,Scroll,703,370,0.00,0.00,None,N/A,
154.5913,gk,Scroll,Scroll,703,370,0.00,0.00,None,N/A,
154.6009,gk,Scroll,Scroll,703,370,0.00,0.00,None,N/A,
154.6116,gk,Scroll,Scroll,703,370,0.00,0.00,None,N/A,
154.6216,gk,Scroll,Scroll,703,370,0.00,0.00,None,N/A,
154.6313,gk,Scroll,Scroll,703,370,0.00,0.00,None,N/A,
154.6409,gk,Scroll,Scroll,703,370,0.00,0.00,None,N/A,
154.6516,gk,Scroll,Scroll,703,370,0.00,0.00,None,N/A,
154.6613,gk,Scroll,Scroll,703,370,0.00,0.00,None,N/A,
154.6713,gk,Scroll,Scroll,703,370,0.00,0.00,None,N/A,
154.6813,gk,Scroll,Scroll,703,370,0.00,0.00,None,N/A,
154.6909,gk,Scroll,Scroll,703,370,0.00,0.00,None,N/A,
154.7015,gk,Scroll,Scroll,703,370,0.00,0.00,None,N/A,
154.7110,gk,Scroll,Scroll,703,370,0.00,0.00,None,N/A,
154.7214,gk,Scroll,Scroll,703,370,0.00,0.00,None,N/A,
154.7309,gk,Scroll,Scroll,703,370,0.00,0.00,None,N/A,
154.7413,gk,Scroll,Scroll,703,370,0.00,0.00,None,N/A,
154.7510,gk,Scroll,Scroll,703,370,0.00,0.00,None,N/A,
154.7616,gk,Scroll,Scroll,703,370,0.00,0.00,None,N/A,
154.7717,gk,Scroll,Scroll,703,370,0.00,0.00,None,N/A,
154.7814,gk,Scroll,Scroll,703,370,0.00,0.00,None,N/A,
154.7910,gk,Scroll,Scroll,702,371,148.01,15490.52,None,N/A,
154.8016,gk,Scroll,Scroll,697,374,545.17,37132.53,None,N/A,
154.8113,gk,Scroll,Scroll,695,376,294.10,-26106.01,None,N/A,
154.8206,gk,Scroll,Scroll,690,381,755.01,49212.58,None,N/A,
154.8307,gk,Scroll,Scroll,688,383,279.65,-46999.13,None,N/A,
154.8416,gk,Scroll,Scroll,684,386,459.66,16548.72,None,N/A,
154.8512,gk,Scroll,Scroll,683,387,147.38,-32543.43,None,N/A,
154.8612,gk,Scroll,Scroll,681,388,224.68,7767.15,None,N/A,
154.8709,gk,Scroll,Scroll,678,390,370.66,15006.76,None,N/A,
154.8813,gk,Scroll,Scroll,677,391,135.79,-22551.72,None,N/A,
154.8911,gk,Scroll,Scroll,676,393,228.92,9534.26,None,N/A,
154.9009,gk,Scroll,Scroll,675,393,102.29,-12953.24,None,N/A,
154.9108,gk,Scroll,Scroll,674,394,142.63,4068.99,None,N/A,
154.9210,gk,Scroll,Scroll,673,395,138.32,-422.22,None,N/A,
154.9310,gk,Scroll,Scroll,673,395,0.00,-13832.18,None,N/A,
154.9410,gk,Scroll,Scroll,672,396,141.01,14060.25,None,N/A,
154.9510,gk,Scroll,Scroll,672,396,0.00,-14193.19,None,N/A,
154.9616,gk,Scroll,Scroll,671,397,132.38,12392.60,None,N/A,
154.9709,gk,Scroll,Scroll,671,397,0.00,-14361.98,None,N/A,
154.9814,gk,Scroll,Scroll,670,398,134.57,12805.92,None,N/A,
154.9914,gk,Scroll,Scroll,670,398,0.00,-13370.12,None,N/A,
155.0015,gk,Scroll,Scroll,670,399,99.43,9886.08,None,N/A,
155.0115,gk,Scroll,Scroll,670,399,0.00,-9982.16,None,N/A,
155.0217,gk,Scroll,Scroll,670,399,0.00,0.00,None,N/A,
155.0315,gk,Scroll,Scroll,670,400,101.29,10260.59,None,N/A,
155.0408,gk,Scroll,Scroll,670,400,0.00,-10973.20,None,N/A,
155.0511,gk,Scroll,Scroll,670,401,96.65,9340.72,None,N/A,
155.0616,gk,Scroll,Scroll,670,401,0.00,-9230.33,None,N/A,
155.0711,gk,Scroll,Scroll,670,401,0.00,0.00,None,N/A,
155.0816,gk,Scroll,Scroll,670,401,0.00,0.00,None,N/A,
155.0911,gk,Scroll,Scroll,670,401,0.00,0.00,None,N/A,
155.1017,gk,Scroll,Scroll,670,401,0.00,0.00,None,N/A,
155.1116,gk,Scroll,Scroll,670,401,0.00,0.00,None,N/A,
155.1211,gk,Scroll,Scroll,670,401,0.00,0.00,None,N/A,
155.1313,gk,Scroll,Scroll,670,400,97.77,9559.73,None,N/A,
155.1420,gk,Scroll,Scroll,671,400,93.61,-389.57,None,N/A,
155.1513,gk,Scroll,Scroll,672,399,151.49,6200.02,None,N/A,
155.1612,gk,Scroll,Scroll,673,398,143.93,-769.21,None,N/A,
155.1716,gk,Scroll,Scroll,673,398,0.00,-13727.96,None,N/A,
155.1808,gk,Scroll,Scroll,674,397,154.61,16902.14,None,N/A,
155.1913,gk,Scroll,Scroll,674,397,0.00,-14767.10,None,N/A,
155.2010,gk,Scroll,Scroll,675,396,145.12,14891.57,None,N/A,
155.2111,gk,Scroll,Scroll,675,396,0.00,-14331.62,None,N/A,
155.2213,gk,Scroll,Scroll,675,395,98.03,9610.30,None,N/A,
155.2307,gk,Scroll,Scroll,675,395,0.00,-10473.97,None,N/A,
155.2411,gk,Scroll,Scroll,675,395,0.00,0.00,None,N/A,
155.2516,gk,Scroll,Scroll,675,395,0.00,0.00,None,N/A,
155.2612,gk,Scroll,Scroll,675,395,0.00,0.00,None,N/A,
155.2713,gk,Scroll,Scroll,675,395,0.00,0.00,None,N/A,
155.2809,gk,Scroll,Scroll,675,395,0.00,0.00,None,N/A,
155.2919,gk,Scroll,Scroll,675,395,0.00,0.00,None,N/A,
155.3017,gk,Scroll,Scroll,676,395,102.30,10465.31,None,N/A,
155.3117,gk,Scroll,Scroll,676,395,0.00,-10193.08,None,N/A,
155.3213,gk,Scroll,Scroll,676,395,0.00,0.00,None,N/A,
155.3323,gk,Scroll,Scroll,676,395,0.00,0.00,None,N/A,
155.3413,gk,Scroll,Scroll,676,395,0.00,0.00,None,N/A,
155.3510,gk,Scroll,Scroll,676,395,0.00,0.00,None,N/A,
155.3619,gk,Scroll,Scroll,676,395,0.00,0.00,None,N/A,
155.3715,gk,Scroll,Scroll,676,395,0.00,0.00,None,N/A,
155.3809,gk,Scroll,Scroll,676,395,0.00,0.00,None,N/A,
155.3914,gk,Scroll,Scroll,676,395,0.00,0.00,None,N/A,
155.4009,gk,Scroll,Scroll,676,395,0.00,0.00,None,N/A,
155.4115,gk,Scroll,Scroll,676,395,0.00,0.00,None,N/A,
155.4214,gk,Scroll,Scroll,676,395,0.00,0.00,None,N/A,
155.4313,gk,Scroll,Scroll,676,395,0.00,0.00,None,N/A,
155.4410,gk,Scroll,Scroll,676,395,0.00,0.00,None,N/A,
155.4516,gk,Scroll,Scroll,676,395,0.00,0.00,None,N/A,
155.4617,gk,Scroll,Scroll,676,395,0.00,0.00,None,N/A,
155.4713,gk,Scroll,Scroll,676,395,0.00,0.00,None,N/A,
155.4808,gk,Scroll,Scroll,676,395,0.00,0.00,None,N/A,
155.4913,gk,Scroll,Scroll,676,395,0.00,0.00,None,N/A,
155.5008,gk,Scroll,Scroll,676,395,0.00,0.00,None,N/A,
155.5118,gk,Scroll,Scroll,676,395,0.00,0.00,None,N/A,
155.5211,gk,Scroll,Scroll,676,395,0.00,0.00,None,N/A,
155.5308,gk,Scroll,Scroll,676,395,0.00,0.00,None,N/A,
155.5413,gk,Scroll,Scroll,677,395,95.46,9113.37,None,N/A,
155.5508,gk,Scroll,Scroll,677,395,0.00,-9983.17,None,N/A,
155.5613,gk,Scroll,Scroll,677,395,0.00,0.00,None,N/A,
155.5711,gk,Scroll,Scroll,677,395,0.00,0.00,None,N/A,
155.5812,gk,Scroll,Scroll,677,395,0.00,0.00,None,N/A,
155.5911,gk,Scroll,Scroll,677,395,0.00,0.00,None,N/A,
155.6020,gk,Scroll,Scroll,677,395,0.00,0.00,None,N/A,
155.6116,gk,Scroll,Scroll,677,395,0.00,0.00,None,N/A,
155.6209,gk,Scroll,Scroll,677,395,0.00,0.00,None,N/A,
155.6313,gk,Scroll,Scroll,677,395,0.00,0.00,None,N/A,
155.6412,gk,Scroll,Scroll,677,395,0.00,0.00,None,N/A,
155.6509,gk,Scroll,Scroll,677,395,0.00,0.00,None,N/A,
155.6614,gk,Scroll,Scroll,677,395,0.00,0.00,None,N/A,
155.6708,gk,Scroll,Scroll,677,395,0.00,0.00,None,N/A,
155.6814,gk,Scroll,Scroll,677,395,0.00,0.00,None,N/A,
155.6908,gk,Scroll,Scroll,677,395,0.00,0.00,None,N/A,
155.7012,gk,Scroll,Scroll,677,395,0.00,0.00,None,N/A,
155.7107,gk,Scroll,Scroll,677,395,0.00,0.00,None,N/A,
155.7211,gk,Scroll,Scroll,677,395,0.00,0.00,None,N/A,
155.7315,gk,Scroll,Scroll,677,395,0.00,0.00,None,N/A,
155.7409,gk,Scroll,Scroll,677,395,0.00,0.00,None,N/A,
155.7514,gk,Scroll,Scroll,677,395,0.00,0.00,None,N/A,
155.7609,gk,Scroll,Scroll,677,395,0.00,0.00,None,N/A,
155.7715,gk,Scroll,Scroll,677,395,0.00,0.00,None,N/A,
155.7811,gk,Scroll,Scroll,677,395,0.00,0.00,None,N/A,
155.7916,gk,Scroll,Scroll,677,395,0.00,0.00,None,N/A,
155.8012,gk,Scroll,Scroll,677,395,0.00,0.00,None,N/A,
155.8116,gk,Scroll,Scroll,677,395,0.00,0.00,None,N/A,
155.8214,gk,Scroll,Scroll,677,395,0.00,0.00,None,N/A,
155.8311,gk,Scroll,Scroll,677,395,0.00,0.00,None,N/A,
155.8416,gk,Scroll,Scroll,677,395,0.00,0.00,None,N/A,
155.8512,gk,Scroll,Scroll,677,395,0.00,0.00,None,N/A,
155.8616,gk,Scroll,Scroll,677,395,0.00,0.00,None,N/A,
155.8712,gk,Scroll,Scroll,677,395,0.00,0.00,None,N/A,
155.8815,gk,Scroll,Scroll,677,395,0.00,0.00,None,N/A,
155.8917,gk,Scroll,Scroll,677,394,98.05,9613.44,None,N/A,
155.9012,gk,Scroll,Scroll,677,394,0.00,-10263.65,None,N/A,
155.9108,gk,Scroll,Scroll,677,394,0.00,0.00,None,N/A,
155.9218,gk,Scroll,Scroll,677,394,0.00,0.00,None,N/A,
155.9314,gk,Scroll,Scroll,677,394,0.00,0.00,None,N/A,
155.9414,gk,Scroll,Scroll,677,394,0.00,0.00,None,N/A,
155.9511,gk,Scroll,Scroll,677,394,0.00,0.00,None,N/A,
155.9617,gk,Scroll,Scroll,677,394,0.00,0.00,None,N/A,
155.9717,gk,Scroll,Scroll,677,394,0.00,0.00,None,N/A,
155.9812,gk,Scroll,Scroll,677,394,0.00,0.00,None,N/A,
155.9921,gk,Scroll,Scroll,677,394,0.00,0.00,None,N/A,
156.0007,gk,Scroll,Scroll,677,394,0.00,0.00,None,N/A,
156.0113,gk,Scroll,Scroll,677,394,0.00,0.00,None,N/A,
156.0209,gk,Scroll,Scroll,677,394,0.00,0.00,None,N/A,
156.0314,gk,Scroll,Scroll,677,394,0.00,0.00,None,N/A,
156.0410,gk,Scroll,Scroll,677,394,0.00,0.00,None,N/A,
156.0515,gk,Scroll,Scroll,677,394,0.00,0.00,None,N/A,
156.0607,gk,Scroll,Scroll,677,394,0.00,0.00,None,N/A,
156.0712,gk,Scroll,Scroll,677,394,0.00,0.00,None,N/A,
156.0817,gk,Scroll,Scroll,677,394,0.00,0.00,None,N/A,
156.0912,gk,Scroll,Scroll,677,394,0.00,0.00,None,N/A,
156.1017,gk,Scroll,Scroll,677,394,0.00,0.00,None,N/A,
156.1111,gk,Scroll,Scroll,677,394,0.00,0.00,None,N/A,
156.1209,gk,Scroll,Scroll,674,399,593.37,60381.86,None,N/A,
156.1311,gk,Scroll,Scroll,670,405,707.27,11171.37,None,N/A,
156.1409,gk,Scroll,Scroll,663,418,1511.18,82280.54,None,N/A,
156.1507,gk,Scroll,Scroll,660,424,678.47,-84220.62,None,N/A,
156.1615,gk,Scroll,Scroll,653,438,1458.37,72663.87,None,N/A,
156.1713,gk,Scroll,Scroll,650,447,962.78,-50295.04,None,N/A,
156.1814,gk,Scroll,Scroll,644,463,1697.03,72919.18,None,N/A,
156.1911,gk,Scroll,Scroll,641,470,785.20,-94011.22,None,N/A,
156.2016,gk,Scroll,Scroll,636,485,1511.31,69403.81,None,N/A,
156.2113,gk,Scroll,Scroll,634,494,943.07,-58125.45,None,N/A,
156.2211,gk,Scroll,Scroll,630,511,1789.17,86680.93,None,N/A,
156.2312,gk,Scroll,Scroll,629,519,800.48,-98164.34,None,N/A,
156.2416,gk,Scroll,Scroll,628,535,1537.26,70651.04,None,N/A,
156.2513,gk,Scroll,Scroll,628,542,721.36,-84079.81,None,N/A,
156.2616,gk,Scroll,Scroll,628,549,679.76,-4039.99,None,N/A,
156.2715,gk,Scroll,Scroll,629,558,914.50,23706.53,None,N/A,
156.2807,gk,Scroll,Scroll,630,563,554.70,-39141.30,None,N/A,
156.2909,gk,Scroll,Scroll,632,571,808.05,24826.79,None,N/A,
156.3020,gk,Scroll,Scroll,634,578,656.61,-13659.04,None,N/A,
156.3107,gk,Scroll,Scroll,635,581,362.57,-33713.06,None,N/A,
156.3212,gk,Scroll,Scroll,635,581,0.00,-34662.90,None,N/A,
156.3317,gk,Scroll,Scroll,635,581,0.00,0.00,None,N/A,
156.3413,gk,Scroll,Scroll,635,581,0.00,0.00,None,N/A,
156.3516,gk,Scroll,Scroll,635,581,0.00,0.00,None,N/A,
156.3612,gk,Scroll,Scroll,635,581,0.00,0.00,None,N/A,
156.3707,gk,Scroll,Scroll,635,581,0.00,0.00,None,N/A,
156.3818,gk,Scroll,Scroll,635,581,0.00,0.00,None,N/A,
156.3925,gk,Scroll,Scroll,635,581,0.00,0.00,None,N/A,
156.4013,gk,Scroll,Scroll,635,581,0.00,0.00,None,N/A,
156.4109,gk,Scroll,Scroll,635,581,0.00,0.00,None,N/A,
156.4219,gk,Scroll,Scroll,635,581,0.00,0.00,None,N/A,
156.4319,gk,Scroll,Scroll,635,581,0.00,0.00,None,N/A,
156.4420,gk,Scroll,Scroll,635,581,0.00,0.00,None,N/A,
156.4520,gk,Scroll,Scroll,635,581,0.00,0.00,None,N/A,
156.4616,gk,Scroll,Scroll,635,581,0.00,0.00,None,N/A,
156.4710,gk,Scroll,Scroll,635,581,0.00,0.00,None,N/A,
156.4816,gk,Scroll,Scroll,635,581,0.00,0.00,None,N/A,
156.4912,gk,Scroll,Scroll,635,581,0.00,0.00,None,N/A,
156.5017,gk,Scroll,Scroll,635,581,0.00,0.00,None,N/A,
156.5112,gk,Scroll,Scroll,635,581,0.00,0.00,None,N/A,
156.5207,gk,Scroll,Scroll,635,581,0.00,0.00,None,N/A,
156.5313,gk,Scroll,Scroll,635,581,0.00,0.00,None,N/A,
156.5412,gk,Scroll,Scroll,635,581,0.00,0.00,None,N/A,
156.5514,gk,Scroll,Scroll,635,581,0.00,0.00,None,N/A,
156.5611,gk,Scroll,Scroll,635,581,0.00,0.00,None,N/A,
156.5721,gk,Scroll,Scroll,635,581,0.00,0.00,None,N/A,
156.5812,gk,Scroll,Scroll,635,581,0.00,0.00,None,N/A,
156.5912,gk,Scroll,Scroll,635,581,0.00,0.00,None,N/A,
156.6012,gk,Scroll,Scroll,635,581,0.00,0.00,None,N/A,
156.6109,gk,Scroll,Scroll,635,581,0.00,0.00,None,N/A,
156.6219,gk,Scroll,Scroll,635,581,0.00,0.00,None,N/A,
156.6314,gk,Scroll,Scroll,635,581,0.00,0.00,None,N/A,
156.6411,gk,Scroll,Scroll,635,581,0.00,0.00,None,N/A,
156.6515,gk,Scroll,Scroll,635,581,0.00,0.00,None,N/A,
156.6610,gk,Scroll,Scroll,635,581,0.00,0.00,None,N/A,
156.6715,gk,Scroll,Scroll,635,581,0.00,0.00,None,N/A,
156.6811,gk,Scroll,Scroll,635,581,0.00,0.00,None,N/A,
156.6917,gk,Scroll,Scroll,635,581,0.00,0.00,None,N/A,
156.7018,gk,Scroll,Scroll,635,581,0.00,0.00,None,N/A,
156.7120,gk,Scroll,Scroll,635,581,0.00,0.00,None,N/A,
156.7221,gk,Scroll,Scroll,635,581,0.00,0.00,None,N/A,
156.7308,gk,Scroll,Scroll,635,581,0.00,0.00,None,N/A,
156.7416,gk,Scroll,Scroll,635,581,0.00,0.00,None,N/A,
156.7513,gk,Scroll,Scroll,635,581,0.00,0.00,None,N/A,
156.7612,gk,Scroll,Scroll,635,581,0.00,0.00,None,N/A,
156.7709,gk,Scroll,Scroll,635,581,0.00,0.00,None,N/A,
156.7816,gk,Scroll,Scroll,635,581,0.00,0.00,None,N/A,
156.7916,gk,Scroll,Scroll,635,581,0.00,0.00,None,N/A,
156.8012,gk,Scroll,Scroll,635,581,0.00,0.00,None,N/A,
156.8108,gk,Scroll,Scroll,635,581,0.00,0.00,None,N/A,
156.8212,gk,Scroll,Scroll,635,581,0.00,0.00,None,N/A,
156.8307,gk,Scroll,Scroll,635,581,0.00,0.00,None,N/A,
156.8412,gk,Scroll,Scroll,635,581,0.00,0.00,None,N/A,
156.8517,gk,Scroll,Scroll,635,581,0.00,0.00,None,N/A,
156.8617,gk,Scroll,Scroll,635,581,0.00,0.00,None,N/A,
156.8719,gk,Scroll,Scroll,635,581,0.00,0.00,None,N/A,
156.8820,gk,Scroll,Scroll,635,581,0.00,0.00,None,N/A,
156.8922,gk,Scroll,Scroll,635,581,0.00,0.00,None,N/A,
156.9012,gk,Scroll,Scroll,635,581,0.00,0.00,None,N/A,
156.9113,gk,Scroll,Scroll,635,581,0.00,0.00,None,N/A,
156.9209,gk,Scroll,Scroll,635,581,0.00,0.00,None,N/A,
156.9319,gk,Scroll,Scroll,635,581,0.00,0.00,None,N/A,
156.9419,gk,Scroll,Scroll,635,581,0.00,0.00,None,N/A,
156.9515,gk,Scroll,Scroll,635,581,0.00,0.00,None,N/A,
156.9611,gk,Scroll,Scroll,635,581,0.00,0.00,None,N/A,
156.9716,gk,Scroll,Scroll,635,581,0.00,0.00,None,N/A,
156.9812,gk,Scroll,Scroll,635,581,0.00,0.00,None,N/A,
156.9917,gk,Scroll,Scroll,635,581,0.00,0.00,None,N/A,
157.0012,gk,Scroll,Scroll,635,581,0.00,0.00,None,N/A,
157.0108,gk,Scroll,Scroll,635,581,0.00,0.00,None,N/A,
157.0214,gk,Scroll,Scroll,635,581,0.00,0.00,None,N/A,
157.0315,gk,Scroll,Scroll,635,581,0.00,0.00,None,N/A,
157.0409,gk,Scroll,Scroll,635,581,0.00,0.00,None,N/A,
157.0515,gk,Scroll,Scroll,635,581,0.00,0.00,None,N/A,
157.0611,gk,Scroll,Scroll,635,581,0.00,0.00,None,N/A,
157.0719,gk,Scroll,Scroll,635,581,0.00,0.00,None,N/A,
157.0815,gk,Scroll,Scroll,635,581,0.00,0.00,None,N/A,
157.0914,gk,Scroll,Scroll,635,581,0.00,0.00,None,N/A,
157.1015,gk,Scroll,Scroll,635,581,0.00,0.00,None,N/A,
157.1112,gk,Scroll,Scroll,635,581,0.00,0.00,None,N/A,
157.1208,gk,Scroll,Scroll,635,581,0.00,0.00,None,N/A,
157.1313,gk,Scroll,Scroll,635,581,0.00,0.00,None,N/A,
157.1408,gk,Scroll,Scroll,635,581,0.00,0.00,None,N/A,
157.1513,gk,Scroll,Scroll,635,581,0.00,0.00,None,N/A,
157.1609,gk,Scroll,Scroll,635,581,0.00,0.00,None,N/A,
157.1714,gk,Scroll,Scroll,635,581,0.00,0.00,None,N/A,
157.1810,gk,Scroll,Scroll,635,581,0.00,0.00,None,N/A,
157.1918,gk,Scroll,Scroll,635,581,0.00,0.00,None,N/A,
157.2016,gk,Scroll,Scroll,635,581,0.00,0.00,None,N/A,
157.2116,gk,Scroll,Scroll,635,581,0.00,0.00,None,N/A,
157.2216,gk,Scroll,Scroll,635,581,0.00,0.00,None,N/A,
157.2319,gk,Scroll,Scroll,635,581,0.00,0.00,None,N/A,
157.2419,gk,Scroll,Scroll,635,581,0.00,0.00,None,N/A,
157.2515,gk,Scroll,Scroll,635,581,0.00,0.00,None,N/A,
157.2612,gk,Scroll,Scroll,635,581,0.00,0.00,None,N/A,
157.2708,gk,Scroll,Scroll,635,581,0.00,0.00,None,N/A,
157.2819,gk,Scroll,Scroll,635,581,0.00,0.00,None,N/A,
157.2915,gk,Scroll,Scroll,635,581,0.00,0.00,None,N/A,
157.3011,gk,Scroll,Scroll,635,581,0.00,0.00,None,N/A,
157.3116,gk,Scroll,Scroll,635,581,0.00,0.00,None,N/A,
157.3211,gk,Scroll,Scroll,635,581,0.00,0.00,None,N/A,
157.3318,gk,Scroll,Scroll,635,581,0.00,0.00,None,N/A,
157.3419,gk,Scroll,Scroll,635,581,0.00,0.00,None,N/A,
157.3520,gk,Scroll,Scroll,635,581,0.00,0.00,None,N/A,
157.3608,gk,Scroll,Scroll,635,581,0.00,0.00,None,N/A,
157.3714,gk,Scroll,Scroll,635,581,0.00,0.00,None,N/A,
157.3812,gk,Scroll,Scroll,635,581,0.00,0.00,None,N/A,
157.3908,gk,Scroll,Scroll,635,581,0.00,0.00,None,N/A,
157.4017,gk,Scroll,Scroll,635,581,0.00,0.00,None,N/A,
157.4113,gk,Scroll,Scroll,635,581,0.00,0.00,None,N/A,
157.4213,gk,Scroll,Scroll,635,581,0.00,0.00,None,N/A,
157.4309,gk,Scroll,Scroll,635,581,0.00,0.00,None,N/A,
157.4415,gk,Scroll,Scroll,635,581,0.00,0.00,None,N/A,
157.4511,gk,Scroll,Scroll,635,581,0.00,0.00,None,N/A,
157.4616,gk,Scroll,Scroll,635,581,0.00,0.00,None,N/A,
157.4715,gk,Scroll,Scroll,635,581,0.00,0.00,None,N/A,
157.4812,gk,Scroll,Scroll,635,581,0.00,0.00,None,N/A,
157.4917,gk,Scroll,Scroll,635,581,0.00,0.00,None,N/A,
157.5018,gk,Scroll,Scroll,635,581,0.00,0.00,None,N/A,
157.5114,gk,Scroll,Scroll,635,581,0.00,0.00,None,N/A,
157.5215,gk,Scroll,Scroll,635,581,0.00,0.00,None,N/A,
157.5311,gk,Scroll,Scroll,635,581,0.00,0.00,None,N/A,
157.5414,gk,Scroll,Scroll,635,581,0.00,0.00,None,N/A,
157.5514,gk,Scroll,Scroll,635,581,0.00,0.00,None,N/A,
157.5610,gk,Scroll,Scroll,635,581,0.00,0.00,None,N/A,
157.5719,gk,Scroll,Scroll,635,581,0.00,0.00,None,N/A,
157.5820,gk,Scroll,Scroll,635,581,0.00,0.00,None,N/A,
157.5920,gk,Scroll,Scroll,635,581,0.00,0.00,None,N/A,
157.6021,gk,Scroll,Scroll,635,581,0.00,0.00,None,N/A,
157.6117,gk,Scroll,Scroll,635,581,0.00,0.00,None,N/A,
157.6212,gk,Scroll,Scroll,635,581,0.00,0.00,None,N/A,
157.6307,gk,Scroll,Scroll,635,581,0.00,0.00,None,N/A,
157.6413,gk,Scroll,Scroll,635,581,0.00,0.00,None,N/A,
157.6508,gk,Scroll,Scroll,635,581,0.00,0.00,None,N/A,
157.6616,gk,Scroll,Scroll,635,581,0.00,0.00,None,N/A,
157.6711,gk,Scroll,Scroll,635,581,0.00,0.00,None,N/A,
157.6819,gk,Scroll,Scroll,635,581,0.00,0.00,None,N/A,
157.6915,gk,Scroll,Scroll,635,581,0.00,0.00,None,N/A,
157.7016,gk,Scroll,Scroll,635,581,0.00,0.00,None,N/A,
157.7116,gk,Scroll,Scroll,635,581,0.00,0.00,None,N/A,
157.7218,gk,Scroll,Scroll,635,581,0.00,0.00,None,N/A,
157.7318,gk,Scroll,Scroll,635,581,0.00,0.00,None,N/A,
157.7419,gk,Scroll,Scroll,635,581,0.00,0.00,None,N/A,
157.7520,gk,Scroll,Scroll,635,581,0.00,0.00,None,N/A,
157.7616,gk,Scroll,Scroll,635,581,0.00,0.00,None,N/A,
157.7713,gk,Scroll,Scroll,635,581,0.00,0.00,None,N/A,
157.7810,gk,Scroll,Scroll,635,581,0.00,0.00,None,N/A,
157.7915,gk,Scroll,Scroll,635,581,0.00,0.00,None,N/A,
157.8011,gk,Scroll,Scroll,635,581,0.00,0.00,None,N/A,
157.8116,gk,Scroll,Scroll,635,581,0.00,0.00,None,N/A,
157.8216,gk,Scroll,Scroll,635,581,0.00,0.00,None,N/A,
157.8317,gk,Scroll,Scroll,635,581,0.00,0.00,None,N/A,
157.8419,gk,Scroll,Scroll,635,581,0.00,0.00,None,N/A,
157.8520,gk,Scroll,Scroll,635,581,0.00,0.00,None,N/A,
157.8620,gk,Scroll,Scroll,635,581,0.00,0.00,None,N/A,
157.8719,gk,Scroll,Scroll,635,581,0.00,0.00,None,N/A,
157.8819,gk,Scroll,Scroll,635,581,0.00,0.00,None,N/A,
157.8916,gk,Scroll,Scroll,635,581,0.00,0.00,None,N/A,
157.9016,gk,Scroll,Scroll,635,581,0.00,0.00,None,N/A,
157.9116,gk,Scroll,Scroll,635,581,0.00,0.00,None,N/A,
157.9213,gk,Scroll,Scroll,635,581,0.00,0.00,None,N/A,
157.9309,gk,Scroll,Scroll,635,581,0.00,0.00,None,N/A,
157.9418,gk,Scroll,Scroll,635,581,0.00,0.00,None,N/A,
157.9514,gk,Scroll,Scroll,635,581,0.00,0.00,None,N/A,
157.9610,gk,Scroll,Scroll,635,581,0.00,0.00,None,N/A,
157.9716,gk,Scroll,Scroll,635,581,0.00,0.00,None,N/A,
157.9818,gk,Scroll,Scroll,635,581,0.00,0.00,None,N/A,
157.9919,gk,Scroll,Scroll,635,581,0.00,0.00,None,N/A,
158.0016,gk,Scroll,Scroll,635,581,0.00,0.00,None,N/A,
158.0112,gk,Scroll,Scroll,635,581,0.00,0.00,None,N/A,
158.0208,gk,Scroll,Scroll,635,581,0.00,0.00,None,N/A,
158.0312,gk,Scroll,Scroll,635,581,0.00,0.00,None,N/A,
158.0409,gk,Scroll,Scroll,635,581,0.00,0.00,None,N/A,
158.0519,gk,Scroll,Scroll,635,581,0.00,0.00,None,N/A,
158.0616,gk,Scroll,Scroll,635,581,0.00,0.00,None,N/A,
158.0717,gk,Scroll,Scroll,635,581,0.00,0.00,None,N/A,
158.0813,gk,Scroll,Scroll,635,581,0.00,0.00,None,N/A,
158.0909,gk,Scroll,Scroll,635,581,0.00,0.00,None,N/A,
158.1014,gk,Scroll,Scroll,635,581,0.00,0.00,None,N/A,
158.1110,gk,Scroll,Scroll,635,581,0.00,0.00,None,N/A,
158.1215,gk,Scroll,Scroll,635,581,0.00,0.00,None,N/A,
158.1312,gk,Scroll,Scroll,635,581,0.00,0.00,None,N/A,
158.1409,gk,Scroll,Scroll,635,581,0.00,0.00,None,N/A,
158.1515,gk,Scroll,Scroll,635,581,0.00,0.00,None,N/A,
158.1609,gk,Scroll,Scroll,635,581,0.00,0.00,None,N/A,
158.1713,gk,Scroll,Scroll,635,581,0.00,0.00,None,N/A,
158.1808,gk,Scroll,Scroll,635,581,0.00,0.00,None,N/A,
158.1913,gk,Scroll,Scroll,635,581,0.00,0.00,None,N/A,
158.2008,gk,Scroll,Scroll,635,581,0.00,0.00,None,N/A,
158.2114,gk,Scroll,Scroll,635,581,0.00,0.00,None,N/A,
158.2210,gk,Scroll,Scroll,633,581,208.15,21664.05,None,N/A,
158.2307,gk,Scroll,Scroll,631,580,228.55,2084.61,None,N/A,
158.2415,gk,Scroll,Scroll,626,579,474.81,22931.19,None,N/A,
158.2509,gk,Scroll,Scroll,623,579,319.18,-16558.09,None,N/A,
158.2608,gk,Scroll,Scroll,617,577,637.01,32012.55,None,N/A,
158.2716,gk,Scroll,Scroll,615,576,208.13,-39920.20,None,N/A,
158.2806,gk,Scroll,Scroll,611,574,492.84,31375.26,None,N/A,
158.2912,gk,Scroll,Scroll,609,573,211.07,-26597.13,None,N/A,
158.3015,gk,Scroll,Scroll,606,571,350.88,13606.79,None,N/A,
158.3111,gk,Scroll,Scroll,604,569,293.89,-5922.44,None,N/A,
158.3212,gk,Scroll,Scroll,603,568,140.73,-15240.67,None,N/A,
158.3312,gk,Scroll,Scroll,600,565,421.81,27945.82,None,N/A,
158.3417,gk,Scroll,Scroll,599,564,135.67,-27450.08,None,N/A,
158.3512,gk,Scroll,Scroll,598,561,330.16,20306.32,None,N/A,
158.3616,gk,Scroll,Scroll,597,560,136.13,-18677.03,None,N/A,
158.3716,gk,Scroll,Scroll,597,559,99.85,-3622.20,None,N/A,
158.3813,gk,Scroll,Scroll,597,559,0.00,-10287.18,None,N/A,
158.3914,gk,Scroll,Scroll,597,559,0.00,0.00,None,N/A,
158.4011,gk,Scroll,Scroll,597,559,0.00,0.00,None,N/A,
158.4107,gk,Scroll,Scroll,598,563,425.72,43956.35,None,N/A,
158.4207,gk,Scroll,Scroll,598,567,400.06,-2566.51,None,N/A,
158.4313,gk,Scroll,Scroll,600,576,874.42,44990.82,None,N/A,
158.4411,gk,Scroll,Scroll,601,581,522.37,-36066.08,None,N/A,
158.4513,gk,Scroll,Scroll,602,586,496.86,-2485.68,None,N/A,
158.4614,gk,Scroll,Scroll,604,595,914.71,41457.38,None,N/A,
158.4714,gk,Scroll,Scroll,606,599,447.69,-46752.26,None,N/A,
158.4814,gk,Scroll,Scroll,608,608,916.56,46611.89,None,N/A,
158.4915,gk,Scroll,Scroll,610,613,537.54,-37832.96,None,N/A,
158.5007,gk,Scroll,Scroll,612,622,1001.98,50475.66,None,N/A,
158.5111,gk,Scroll,Scroll,614,627,516.84,-46561.59,None,N/A,
158.5206,gk,Scroll,Scroll,617,635,893.29,39358.43,None,N/A,
158.5312,gk,Scroll,Scroll,617,635,0.00,-84898.34,None,N/A,
158.5407,gk,Scroll,Scroll,617,635,0.00,0.00,None,N/A,
158.5518,gk,Scroll,Scroll,617,635,0.00,0.00,None,N/A,
158.5613,gk,Scroll,Scroll,617,635,0.00,0.00,None,N/A,
158.5708,gk,Scroll,Scroll,617,635,0.00,0.00,None,N/A,
158.5813,gk,Scroll,Scroll,617,635,0.00,0.00,None,N/A,
158.5909,gk,Scroll,Scroll,617,635,0.00,0.00,None,N/A,
158.6014,gk,Scroll,Scroll,617,635,0.00,0.00,None,N/A,
158.6116,gk,Scroll,Scroll,617,635,0.00,0.00,None,N/A,
158.6216,gk,Scroll,Scroll,617,635,0.00,0.00,None,N/A,
158.6315,gk,Scroll,Scroll,617,635,0.00,0.00,None,N/A,
158.6415,gk,Scroll,Scroll,617,635,0.00,0.00,None,N/A,
158.6512,gk,Scroll,Scroll,617,635,0.00,0.00,None,N/A,
158.6608,gk,Scroll,Scroll,617,635,0.00,0.00,None,N/A,
158.6718,gk,Scroll,Scroll,617,635,0.00,0.00,None,N/A,
158.6820,gk,Scroll,Scroll,617,635,0.00,0.00,None,N/A,
158.6916,gk,Scroll,Scroll,617,635,0.00,0.00,None,N/A,
158.7012,gk,Scroll,Scroll,617,635,0.00,0.00,None,N/A,
158.7121,gk,Scroll,Scroll,617,635,0.00,0.00,None,N/A,
158.7207,gk,Scroll,Scroll,617,635,0.00,0.00,None,N/A,
158.7311,gk,Scroll,Scroll,617,635,0.00,0.00,None,N/A,
158.7416,gk,Scroll,Scroll,617,635,0.00,0.00,None,N/A,
158.7509,gk,Scroll,Scroll,617,635,0.00,0.00,None,N/A,
158.7614,gk,Scroll,Scroll,617,635,0.00,0.00,None,N/A,
158.7707,gk,Scroll,Scroll,617,635,0.00,0.00,None,N/A,
158.7812,gk,Scroll,Scroll,618,629,581.90,55667.32,None,N/A,
158.7913,gk,Scroll,Scroll,622,618,1154.59,56491.39,None,N/A,
158.8009,gk,Scroll,Scroll,622,618,0.00,-120207.81,None,N/A,
158.8114,gk,Scroll,Scroll,622,618,0.00,0.00,None,N/A,
158.8209,gk,Scroll,Scroll,622,618,0.00,0.00,None,N/A,
158.8365,gk,Scroll,Scroll,622,618,0.00,0.00,None,N/A,
158.8419,gk,Scroll,Scroll,622,618,0.00,0.00,None,N/A,
158.8533,gk,Scroll,Scroll,622,618,0.00,0.00,None,N/A,
159.2591,gk,Scroll,Scroll,622,618,0.00,0.00,None,N/A,
159.2694,gk,Scroll,Scroll,622,618,0.00,0.00,None,N/A,
159.2799,gk,Scroll,Scroll,622,618,0.00,0.00,None,N/A,
159.2893,gk,Scroll,Scroll,622,618,0.00,0.00,None,N/A,
159.2997,gk,Scroll,Scroll,622,618,0.00,0.00,None,N/A,
159.3122,gk,Scroll,Scroll,622,618,0.00,0.00,None,N/A,
159.3797,gk,Scroll,Scroll,622,618,0.00,0.00,None,N/A,
159.3904,gk,Scroll,Scroll,622,618,0.00,0.00,None,N/A,
159.3997,gk,Scroll,Scroll,622,618,0.00,0.00,None,N/A,
159.4102,gk,Scroll,Scroll,622,618,0.00,0.00,None,N/A,
159.4204,gk,Scroll,Scroll,622,618,0.00,0.00,None,N/A,
159.4305,gk,Scroll,Scroll,622,618,0.00,0.00,None,N/A,
159.4402,gk,Scroll,Scroll,622,618,0.00,0.00,None,N/A,
159.4506,gk,Scroll,Scroll,622,618,0.00,0.00,None,N/A,
159.4602,gk,Scroll,Scroll,622,618,0.00,0.00,None,N/A,
159.4702,gk,Scroll,Scroll,622,618,0.00,0.00,None,N/A,
159.4799,gk,Scroll,Scroll,622,618,0.00,0.00,None,N/A,
159.4908,gk,Scroll,Scroll,622,618,0.00,0.00,None,N/A,
159.5004,gk,Scroll,Scroll,622,618,0.00,0.00,None,N/A,
159.5108,gk,Scroll,Scroll,622,618,0.00,0.00,None,N/A,
159.5204,gk,Scroll,Scroll,622,618,0.00,0.00,None,N/A,
159.5299,gk,Scroll,Scroll,622,618,0.00,0.00,None,N/A,
159.5404,gk,Scroll,Scroll,622,618,0.00,0.00,None,N/A,
159.5499,gk,Scroll,Scroll,622,618,0.00,0.00,None,N/A,
159.5605,gk,Scroll,Scroll,622,618,0.00,0.00,None,N/A,
159.5702,gk,Scroll,Scroll,622,618,0.00,0.00,None,N/A,
159.5803,gk,Scroll,Scroll,622,618,0.00,0.00,None,N/A,
159.5903,gk,Scroll,Scroll,622,618,0.00,0.00,None,N/A,
159.6003,gk,Scroll,Scroll,622,618,0.00,0.00,None,N/A,
159.6104,gk,Scroll,Scroll,622,618,0.00,0.00,None,N/A,
159.6205,gk,Scroll,Scroll,622,618,0.00,0.00,None,N/A,
159.6306,gk,Scroll,Scroll,622,618,0.00,0.00,None,N/A,
159.6408,gk,Scroll,Scroll,622,618,0.00,0.00,None,N/A,
159.6505,gk,Scroll,Scroll,622,618,0.00,0.00,None,N/A,
159.6602,gk,Scroll,Scroll,622,618,0.00,0.00,None,N/A,
159.6698,gk,Scroll,Scroll,622,618,0.00,0.00,None,N/A,
159.6802,gk,Scroll,Scroll,622,618,0.00,0.00,None,N/A,
159.6907,gk,Scroll,Scroll,622,618,0.00,0.00,None,N/A,
159.7002,gk,Scroll,Scroll,622,618,0.00,0.00,None,N/A,
159.7108,gk,Scroll,Scroll,622,618,0.00,0.00,None,N/A,
159.7203,gk,Scroll,Scroll,622,618,0.00,0.00,None,N/A,
159.7304,gk,Scroll,Scroll,622,618,0.00,0.00,None,N/A,
159.7405,gk,Scroll,Scroll,622,618,0.00,0.00,None,N/A,
159.7506,gk,Scroll,Scroll,622,618,0.00,0.00,None,N/A,
159.7602,gk,Scroll,Scroll,622,618,0.00,0.00,None,N/A,
159.7699,gk,Scroll,Scroll,622,618,0.00,0.00,None,N/A,
159.7804,gk,Scroll,Scroll,622,618,0.00,0.00,None,N/A,
159.7901,gk,Scroll,Scroll,622,618,0.00,0.00,None,N/A,
159.8011,gk,Scroll,Scroll,622,618,0.00,0.00,None,N/A,
159.8112,gk,Scroll,Scroll,622,618,0.00,0.00,None,N/A,
159.8198,gk,Scroll,Scroll,622,618,0.00,0.00,None,N/A,
159.8304,gk,Scroll,Scroll,622,618,0.00,0.00,None,N/A,
159.8400,gk,Scroll,Scroll,622,618,0.00,0.00,None,N/A,
159.8506,gk,Scroll,Scroll,622,618,0.00,0.00,None,N/A,
159.8601,gk,Scroll,Scroll,622,618,0.00,0.00,None,N/A,
159.8707,gk,Scroll,Scroll,622,618,0.00,0.00,None,N/A,
159.8806,gk,Scroll,Scroll,622,618,0.00,0.00,None,N/A,
159.8906,gk,Scroll,Scroll,622,618,0.00,0.00,None,N/A,
159.9008,gk,Scroll,Scroll,622,618,0.00,0.00,None,N/A,
159.9105,gk,Scroll,Scroll,622,618,0.00,0.00,None,N/A,
159.9206,gk,Scroll,Scroll,622,618,0.00,0.00,None,N/A,
159.9309,gk,Scroll,Scroll,622,618,0.00,0.00,None,N/A,
159.9410,gk,Scroll,Scroll,622,618,0.00,0.00,None,N/A,
159.9507,gk,Scroll,Scroll,622,618,0.00,0.00,None,N/A,
159.9603,gk,Scroll,Scroll,622,618,0.00,0.00,None,N/A,
159.9698,gk,Scroll,Scroll,622,618,0.00,0.00,None,N/A,
159.9809,gk,Scroll,Scroll,622,618,0.00,0.00,None,N/A,
159.9905,gk,Scroll,Scroll,622,618,0.00,0.00,None,N/A,
159.9999,gk,Scroll,Scroll,622,618,0.00,0.00,None,N/A,
160.0104,gk,Scroll,Scroll,622,618,0.00,0.00,None,N/A,
160.0199,gk,Scroll,Scroll,622,618,0.00,0.00,None,N/A,
160.0304,gk,Scroll,Scroll,622,618,0.00,0.00,None,N/A,
160.0397,gk,Scroll,Scroll,622,618,0.00,0.00,None,N/A,
160.0501,gk,Scroll,Scroll,622,618,0.00,0.00,None,N/A,
160.0605,gk,Scroll,Scroll,622,618,0.00,0.00,None,N/A,
160.0710,gk,Scroll,Scroll,619,623,553.60,52559.01,None,N/A,
160.0803,gk,Scroll,Scroll,615,633,1165.84,66272.91,None,N/A,
160.0899,gk,Scroll,Scroll,613,637,462.50,-72738.15,None,N/A,
160.1006,gk,Scroll,Scroll,610,645,798.10,31348.44,None,N/A,
160.1105,gk,Scroll,Scroll,609,649,415.77,-38553.48,None,N/A,
160.1205,gk,Scroll,Scroll,606,656,766.16,35250.23,None,N/A,
160.1301,gk,Scroll,Scroll,605,660,428.93,-35082.64,None,N/A,
160.1403,gk,Scroll,Scroll,603,665,528.08,9722.89,None,N/A,
160.1498,gk,Scroll,Scroll,600,677,1300.56,81221.87,None,N/A,
160.1603,gk,Scroll,Scroll,599,683,581.78,-68747.19,None,N/A,
160.1701,gk,Scroll,Scroll,596,694,1159.50,58750.82,None,N/A,
160.1802,gk,Scroll,Scroll,594,699,532.00,-61990.64,None,N/A,
160.1905,gk,Scroll,Scroll,592,708,893.64,35053.54,None,N/A,
160.1999,gk,Scroll,Scroll,591,712,439.89,-48410.10,None,N/A,
160.2099,gk,Scroll,Scroll,590,720,803.87,36291.11,None,N/A,
160.2206,gk,Scroll,Scroll,589,723,297.69,-47650.58,None,N/A,
160.2298,gk,Scroll,Scroll,588,727,446.02,16045.86,None,N/A,
160.2399,gk,Scroll,Scroll,588,729,198.52,-24566.88,None,N/A,
160.2501,gk,Scroll,Scroll,588,730,97.99,-9850.80,None,N/A,
160.2606,gk,Scroll,Scroll,588,732,190.42,8800.12,None,N/A,
160.2706,gk,Scroll,Scroll,588,734,200.53,1014.12,None,N/A,
160.2802,gk,Scroll,Scroll,588,736,206.78,645.98,None,N/A,
160.2905,gk,Scroll,Scroll,589,738,216.96,987.85,None,N/A,
160.3007,gk,Scroll,Scroll,589,741,296.12,7814.15,None,N/A,
160.3105,gk,Scroll,Scroll,590,743,227.63,-6972.38,None,N/A,
160.3205,gk,Scroll,Scroll,590,747,401.40,17437.07,None,N/A,
160.3299,gk,Scroll,Scroll,591,748,150.38,-26691.98,None,N/A,
160.3398,gk,Scroll,Scroll,592,752,415.94,26789.71,None,N/A,
160.3505,gk,Scroll,Scroll,593,754,208.54,-19342.57,None,N/A,
160.3604,gk,Scroll,Scroll,594,758,415.76,20895.26,None,N/A,
160.3704,gk,Scroll,Scroll,595,760,223.11,-19222.22,None,N/A,
160.3803,gk,Scroll,Scroll,596,762,226.45,337.69,None,N/A,
160.3902,gk,Scroll,Scroll,596,766,405.79,18193.31,None,N/A,
160.3999,gk,Scroll,Scroll,597,768,229.58,-18091.18,None,N/A,
160.4107,gk,Scroll,Scroll,597,772,371.46,13175.93,None,N/A,
160.4205,gk,Scroll,Scroll,598,774,228.27,-14618.08,None,N/A,
160.4302,gk,Scroll,Scroll,599,778,423.35,20030.69,None,N/A,
160.4402,gk,Scroll,Scroll,599,780,199.81,-22333.09,None,N/A,
160.4507,gk,Scroll,Scroll,600,783,300.40,9555.54,None,N/A,
160.4601,gk,Scroll,Scroll,600,785,214.93,-9184.84,None,N/A,
160.4702,gk,Scroll,Scroll,601,789,407.18,18984.86,None,N/A,
160.4802,gk,Scroll,Scroll,601,790,99.29,-30568.95,None,N/A,
160.4902,gk,Scroll,Scroll,601,792,200.66,10170.27,None,N/A,
160.4998,gk,Scroll,Scroll,601,796,419.45,22943.55,None,N/A,
160.5107,gk,Scroll,Scroll,601,798,182.06,-21609.63,None,N/A,
160.5200,gk,Scroll,Scroll,601,801,324.70,15438.05,None,N/A,
160.5304,gk,Scroll,Scroll,601,802,96.29,-21993.45,None,N/A,
160.5398,gk,Scroll,Scroll,601,804,211.79,12230.74,None,N/A,
160.5506,gk,Scroll,Scroll,601,804,0.00,-19538.86,None,N/A,
160.5606,gk,Scroll,Scroll,601,805,100.67,10134.40,None,N/A,
160.5700,gk,Scroll,Scroll,601,805,0.00,-10689.61,None,N/A,
160.5800,gk,Scroll,Scroll,601,804,100.19,10038.76,None,N/A,
160.5901,gk,Scroll,Scroll,601,803,98.75,-142.56,None,N/A,
160.5999,gk,Scroll,Scroll,601,802,101.83,313.72,None,N/A,
160.6107,gk,Scroll,Scroll,601,797,463.25,33486.20,None,N/A,
160.6205,gk,Scroll,Scroll,601,793,407.26,-5700.76,None,N/A,
160.6306,gk,Scroll,Scroll,601,785,795.64,38625.67,None,N/A,
160.6401,gk,Scroll,Scroll,600,781,431.89,-38102.19,None,N/A,
160.6500,gk,Scroll,Scroll,600,775,609.30,18016.15,None,N/A,
160.6607,gk,Scroll,Scroll,600,772,279.53,-30726.61,None,N/A,
160.6702,gk,Scroll,Scroll,600,768,424.11,15329.22,None,N/A,
160.6805,gk,Scroll,Scroll,600,766,194.10,-22322.18,None,N/A,
160.6902,gk,Scroll,Scroll,600,763,306.71,11512.88,None,N/A,
160.7000,gk,Scroll,Scroll,600,761,205.68,-10390.06,None,N/A,
160.7104,gk,Scroll,Scroll,600,758,288.30,7939.58,None,N/A,
160.7207,gk,Scroll,Scroll,600,756,194.19,-9137.75,None,N/A,
160.7305,gk,Scroll,Scroll,601,755,143.10,-5169.61,None,N/A,
160.7401,gk,Scroll,Scroll,601,751,417.27,28600.90,None,N/A,
160.7501,gk,Scroll,Scroll,601,749,201.10,-21735.98,None,N/A,
160.7606,gk,Scroll,Scroll,601,745,378.56,16794.41,None,N/A,
160.7699,gk,Scroll,Scroll,601,743,216.91,-17531.42,None,N/A,
160.7801,gk,Scroll,Scroll,601,740,292.08,7319.28,None,N/A,
160.7898,gk,Scroll,Scroll,601,738,207.65,-8765.94,None,N/A,
160.7997,gk,Scroll,Scroll,600,734,414.82,20843.12,None,N/A,
160.8104,gk,Scroll,Scroll,600,732,187.51,-21311.72,None,N/A,
160.8202,gk,Scroll,Scroll,600,728,406.31,22224.70,None,N/A,
160.8303,gk,Scroll,Scroll,599,726,221.49,-18306.72,None,N/A,
160.8406,gk,Scroll,Scroll,599,725,97.00,-12075.37,None,N/A,
160.8499,gk,Scroll,Scroll,598,721,444.28,37420.94,None,N/A,
160.8597,gk,Scroll,Scroll,597,720,143.71,-30543.34,None,N/A,
160.8706,gk,Scroll,Scroll,597,717,277.33,12351.94,None,N/A,
160.8803,gk,Scroll,Scroll,596,715,229.47,-4911.10,None,N/A,
160.8907,gk,Scroll,Scroll,596,712,287.71,5585.00,None,N/A,
160.8999,gk,Scroll,Scroll,595,710,244.47,-4726.89,None,N/A,
160.9107,gk,Scroll,Scroll,595,707,277.05,3008.08,None,N/A,
160.9205,gk,Scroll,Scroll,594,705,229.03,-4917.74,None,N/A,
160.9300,gk,Scroll,Scroll,594,702,313.90,8879.44,None,N/A,
160.9404,gk,Scroll,Scroll,593,701,136.70,-17128.19,None,N/A,
160.9501,gk,Scroll,Scroll,593,700,103.02,-3469.70,None,N/A,
160.9604,gk,Scroll,Scroll,592,697,306.44,19712.18,None,N/A,
160.9707,gk,Scroll,Scroll,592,696,96.85,-20298.40,None,N/A,
160.9799,gk,Scroll,Scroll,592,693,326.82,25053.20,None,N/A,
160.9903,gk,Scroll,Scroll,592,692,96.51,-22227.19,None,N/A,
161.0006,gk,Scroll,Scroll,592,689,290.38,18765.99,None,N/A,
161.0099,gk,Scroll,Scroll,592,688,107.31,-19645.42,None,N/A,
161.0204,gk,Scroll,Scroll,592,684,380.88,26049.01,None,N/A,
161.0304,gk,Scroll,Scroll,592,683,100.18,-28120.01,None,N/A,
161.0405,gk,Scroll,Scroll,592,679,397.01,29461.07,None,N/A,
161.0501,gk,Scroll,Scroll,592,678,104.09,-30490.45,None,N/A,
161.0600,gk,Scroll,Scroll,592,676,202.02,9892.13,None,N/A,
161.0705,gk,Scroll,Scroll,592,673,283.98,7758.15,None,N/A,
161.0804,gk,Scroll,Scroll,592,671,203.64,-8180.22,None,N/A,
161.0902,gk,Scroll,Scroll,592,668,305.66,10393.68,None,N/A,
161.1001,gk,Scroll,Scroll,592,666,201.52,-10492.75,None,N/A,
161.1107,gk,Scroll,Scroll,592,663,284.53,7873.49,None,N/A,
161.1203,gk,Scroll,Scroll,592,661,207.36,-8001.21,None,N/A,
161.1304,gk,Scroll,Scroll,592,658,297.64,8957.37,None,N/A,
161.1398,gk,Scroll,Scroll,592,656,211.54,-9107.27,None,N/A,
161.1498,gk,Scroll,Scroll,593,653,316.26,10472.86,None,N/A,
161.1604,gk,Scroll,Scroll,593,652,94.56,-20963.79,None,N/A,
161.1703,gk,Scroll,Scroll,593,649,303.82,21193.31,None,N/A,
161.1804,gk,Scroll,Scroll,593,648,98.79,-20255.35,None,N/A,
161.1902,gk,Scroll,Scroll,593,647,102.42,371.58,None,N/A,
161.2001,gk,Scroll,Scroll,593,646,101.01,-142.01,None,N/A,
161.2108,gk,Scroll,Scroll,593,646,0.00,-9396.59,None,N/A,
161.2205,gk,Scroll,Scroll,593,645,103.31,10672.01,None,N/A,
161.2304,gk,Scroll,Scroll,593,645,0.00,-10430.02,None,N/A,
161.2399,gk,Scroll,Scroll,593,645,0.00,0.00,None,N/A,
161.2507,gk,Scroll,Scroll,593,645,0.00,0.00,None,N/A,
161.2603,gk,Scroll,Scroll,593,645,0.00,0.00,None,N/A,
161.2706,gk,Scroll,Scroll,593,645,0.00,0.00,None,N/A,
161.2800,gk,Scroll,Scroll,593,645,0.00,0.00,None,N/A,
161.2898,gk,Scroll,Scroll,593,646,101.86,10376.04,None,N/A,
161.2999,gk,Scroll,Scroll,593,646,0.00,-10068.90,None,N/A,
161.3105,gk,Scroll,Scroll,593,646,0.00,0.00,None,N/A,
161.3203,gk,Scroll,Scroll,593,647,102.26,10456.64,None,N/A,
161.3298,gk,Scroll,Scroll,593,648,105.47,339.02,None,N/A,
161.3403,gk,Scroll,Scroll,593,649,94.89,-1003.99,None,N/A,
161.3504,gk,Scroll,Scroll,593,650,99.28,435.49,None,N/A,
161.3599,gk,Scroll,Scroll,593,651,104.90,589.39,None,N/A,
161.3704,gk,Scroll,Scroll,593,652,95.44,-902.75,None,N/A,
161.3805,gk,Scroll,Scroll,593,653,98.98,350.66,None,N/A,
161.3904,gk,Scroll,Scroll,593,654,100.73,176.48,None,N/A,
161.4000,gk,Scroll,Scroll,593,655,104.59,403.26,None,N/A,
161.4099,gk,Scroll,Scroll,594,655,101.20,-342.97,None,N/A,
161.4206,gk,Scroll,Scroll,594,656,93.22,-744.07,None,N/A,
161.4305,gk,Scroll,Scroll,594,657,101.13,800.60,None,N/A,
161.4402,gk,Scroll,Scroll,594,658,102.66,157.06,None,N/A,
161.4502,gk,Scroll,Scroll,594,659,100.26,-241.35,None,N/A,
161.4608,gk,Scroll,Scroll,594,660,94.72,-524.34,None,N/A,
161.4699,gk,Scroll,Scroll,594,661,109.41,1606.74,None,N/A,
161.4800,gk,Scroll,Scroll,595,662,140.46,3084.72,None,N/A,
161.4903,gk,Scroll,Scroll,595,663,97.29,-4200.57,None,N/A,
161.4999,gk,Scroll,Scroll,595,663,0.00,-10064.58,None,N/A,
161.5099,gk,Scroll,Scroll,595,664,100.36,10071.93,None,N/A,
161.5206,gk,Scroll,Scroll,595,664,0.00,-9368.09,None,N/A,
161.5306,gk,Scroll,Scroll,595,665,100.28,10056.04,None,N/A,
161.5405,gk,Scroll,Scroll,595,665,0.00,-10108.73,None,N/A,
161.5506,gk,Scroll,Scroll,595,665,0.00,0.00,None,N/A,
161.5597,gk,Scroll,Scroll,595,665,0.00,0.00,None,N/A,
161.5705,gk,Scroll,Scroll,596,665,92.60,8573.95,None,N/A,
161.5804,gk,Scroll,Scroll,596,665,0.00,-9434.80,None,N/A,
161.5900,gk,Scroll,Scroll,597,665,103.87,10788.08,None,N/A,
161.6005,gk,Scroll,Scroll,597,665,0.00,-9904.16,None,N/A,
161.6097,gk,Scroll,Scroll,598,665,108.24,11715.92,None,N/A,
161.6203,gk,Scroll,Scroll,599,664,133.26,2357.87,None,N/A,
161.6304,gk,Scroll,Scroll,599,664,0.00,-13259.86,None,N/A,
161.6404,gk,Scroll,Scroll,600,664,99.87,9973.84,None,N/A,
161.6503,gk,Scroll,Scroll,600,663,101.43,158.50,None,N/A,
161.6599,gk,Scroll,Scroll,601,662,146.89,4721.87,None,N/A,
161.6698,gk,Scroll,Scroll,601,661,101.07,-4631.49,None,N/A,
161.6798,gk,Scroll,Scroll,602,660,141.32,4022.22,None,N/A,
161.6902,gk,Scroll,Scroll,602,660,0.00,-13580.01,None,N/A,
161.7000,gk,Scroll,Scroll,603,659,143.52,14565.49,None,N/A,
161.7099,gk,Scroll,Scroll,603,659,0.00,-14552.46,None,N/A,
161.7207,gk,Scroll,Scroll,603,658,92.59,8572.81,None,N/A,
161.7304,gk,Scroll,Scroll,603,658,0.00,-9577.03,None,N/A,
161.7403,gk,Scroll,Scroll,603,658,0.00,0.00,None,N/A,
161.7502,gk,Scroll,Scroll,603,657,100.67,10133.91,None,N/A,
161.7599,gk,Scroll,Scroll,603,657,0.00,-10457.43,None,N/A,
161.7704,gk,Scroll,Scroll,603,656,95.23,9068.31,None,N/A,
161.7804,gk,Scroll,Scroll,603,656,0.00,-9464.34,None,N/A,
161.7901,gk,Scroll,Scroll,602,655,145.67,15004.42,None,N/A,
161.8000,gk,Scroll,Scroll,602,655,0.00,-14755.48,None,N/A,
161.8105,gk,Scroll,Scroll,601,654,134.45,12781.55,None,N/A,
161.8206,gk,Scroll,Scroll,601,654,0.00,-13356.13,None,N/A,
161.8299,gk,Scroll,Scroll,601,654,0.00,0.00,None,N/A,
161.8405,gk,Scroll,Scroll,600,653,134.00,12697.37,None,N/A,
161.8498,gk,Scroll,Scroll,600,653,0.00,-14366.94,None,N/A,
161.8601,gk,Scroll,Scroll,600,652,97.41,9488.82,None,N/A,
161.8703,gk,Scroll,Scroll,600,652,0.00,-9520.44,None,N/A,
161.8805,gk,Scroll,Scroll,600,651,97.90,9584.29,None,N/A,
161.8905,gk,Scroll,Scroll,599,651,99.97,206.66,None,N/A,
161.8999,gk,Scroll,Scroll,599,650,106.82,732.11,None,N/A,
161.9107,gk,Scroll,Scroll,598,649,131.36,2279.57,None,N/A,
161.9199,gk,Scroll,Scroll,598,648,108.12,-2512.89,None,N/A,
161.9304,gk,Scroll,Scroll,598,647,95.48,-1207.13,None,N/A,
161.9398,gk,Scroll,Scroll,598,646,105.91,1104.81,None,N/A,
161.9498,gk,Scroll,Scroll,598,645,99.98,-592.66,None,N/A,
161.9599,gk,Scroll,Scroll,598,644,99.04,-93.06,None,N/A,
161.9707,gk,Scroll,Scroll,598,644,0.00,-9219.24,None,N/A,
161.9806,gk,Scroll,Scroll,597,642,224.37,22512.90,None,N/A,
161.9902,gk,Scroll,Scroll,597,642,0.00,-23466.70,None,N/A,
162.0005,gk,Scroll,Scroll,596,641,137.37,13343.49,None,N/A,
162.0101,gk,Scroll,Scroll,595,640,147.30,1033.91,None,N/A,
162.0198,gk,Scroll,Scroll,595,639,102.57,-4587.76,None,N/A,
162.0302,gk,Scroll,Scroll,595,638,96.78,-560.44,None,N/A,
162.0407,gk,Scroll,Scroll,595,637,94.75,-192.02,None,N/A,
162.0502,gk,Scroll,Scroll,595,636,105.36,1117.94,None,N/A,
162.0606,gk,Scroll,Scroll,595,635,95.97,-901.54,None,N/A,
162.0707,gk,Scroll,Scroll,595,633,197.96,10095.52,None,N/A,
162.0803,gk,Scroll,Scroll,595,632,104.78,-9763.51,None,N/A,
162.0901,gk,Scroll,Scroll,595,630,203.00,9969.31,None,N/A,
162.1001,gk,Scroll,Scroll,595,629,100.52,-10301.38,None,N/A,
162.1101,gk,Scroll,Scroll,595,628,99.61,-90.36,None,N/A,
162.1197,gk,Scroll,Scroll,595,626,207.81,11243.04,None,N/A,
162.1302,gk,Scroll,Scroll,595,625,95.98,-10733.76,None,N/A,
162.1400,gk,Scroll,Scroll,594,624,143.96,4884.12,None,N/A,
162.1503,gk,Scroll,Scroll,594,623,97.12,-4548.69,None,N/A,
162.1599,gk,Scroll,Scroll,594,621,208.17,11558.96,None,N/A,
162.1699,gk,Scroll,Scroll,594,620,99.83,-10816.06,None,N/A,
162.1807,gk,Scroll,Scroll,594,619,92.81,-651.92,None,N/A,
162.1904,gk,Scroll,Scroll,594,619,0.00,-9582.48,None,N/A,
162.2004,gk,Scroll,Scroll,594,617,200.11,20021.99,None,N/A,
162.2098,gk,Scroll,Scroll,594,617,0.00,-21247.04,None,N/A,
162.2202,gk,Scroll,Scroll,594,617,0.00,0.00,None,N/A,
162.2308,gk,Scroll,Scroll,594,616,94.50,8930.32,None,N/A,
162.2400,gk,Scroll,Scroll,594,616,0.00,-10278.06,None,N/A,
162.2500,gk,Scroll,Scroll,594,615,99.17,9834.26,None,N/A,
162.2599,gk,Scroll,Scroll,594,615,0.00,-10062.90,None,N/A,
162.2704,gk,Scroll,Scroll,594,614,94.86,8998.31,None,N/A,
162.2806,gk,Scroll,Scroll,594,614,0.00,-9325.64,None,N/A,
162.2898,gk,Scroll,Scroll,594,614,0.00,0.00,None,N/A,
162.2999,gk,Scroll,Scroll,594,613,99.47,9895.00,None,N/A,
162.3100,gk,Scroll,Scroll,594,613,0.00,-9830.65,None,N/A,
162.3206,gk,Scroll,Scroll,594,613,0.00,0.00,None,N/A,
162.3300,gk,Scroll,Scroll,594,612,106.85,11416.42,None,N/A,
162.3406,gk,Scroll,Scroll,594,612,0.00,-10125.20,None,N/A,
162.3499,gk,Scroll,Scroll,594,612,0.00,0.00,None,N/A,
162.3604,gk,Scroll,Scroll,594,612,0.00,0.00,None,N/A,
162.3698,gk,Scroll,Scroll,594,612,0.00,0.00,None,N/A,
162.3803,gk,Scroll,Scroll,594,612,0.00,0.00,None,N/A,
162.3907,gk,Scroll,Scroll,594,612,0.00,0.00,None,N/A,
162.4002,gk,Scroll,Scroll,594,612,0.00,0.00,None,N/A,
162.4106,gk,Scroll,Scroll,594,612,0.00,0.00,None,N/A,
162.4200,gk,Scroll,Scroll,594,612,0.00,0.00,None,N/A,
162.4305,gk,Scroll,Scroll,594,612,0.00,0.00,None,N/A,
162.4406,gk,Scroll,Scroll,594,612,0.00,0.00,None,N/A,
162.4504,gk,Scroll,Scroll,594,612,0.00,0.00,None,N/A,
162.4604,gk,Scroll,Scroll,594,612,0.00,0.00,None,N/A,
162.4700,gk,Scroll,Scroll,594,612,0.00,0.00,None,N/A,
162.4808,gk,Scroll,Scroll,594,612,0.00,0.00,None,N/A,
162.4908,gk,Scroll,Scroll,594,612,0.00,0.00,None,N/A,
162.5008,gk,Scroll,Scroll,594,612,0.00,0.00,None,N/A,
162.5104,gk,Scroll,Scroll,594,612,0.00,0.00,None,N/A,
162.5208,gk,Scroll,Scroll,594,612,0.00,0.00,None,N/A,
162.5303,gk,Scroll,Scroll,594,612,0.00,0.00,None,N/A,
162.5412,gk,Scroll,Scroll,594,612,0.00,0.00,None,N/A,
162.5498,gk,Scroll,Scroll,594,612,0.00,0.00,None,N/A,
162.5603,gk,Scroll,Scroll,594,612,0.00,0.00,None,N/A,
162.5698,gk,Scroll,Scroll,594,612,0.00,0.00,None,N/A,
162.5803,gk,Scroll,Scroll,594,612,0.00,0.00,None,N/A,
162.5906,gk,Scroll,Scroll,594,612,0.00,0.00,None,N/A,
162.6016,gk,Scroll,Scroll,594,612,0.00,0.00,Left,N/A,
162.6102,gk,Scroll,Scroll,594,612,0.00,0.00,Left,N/A,
162.6207,gk,Scroll,Scroll,594,612,0.00,0.00,Left,N/A,
162.6304,gk,Scroll,Scroll,594,612,0.00,0.00,Left,N/A,
162.6401,gk,Scroll,Scroll,594,612,0.00,0.00,Left,N/A,
162.6507,gk,Scroll,Scroll,594,612,0.00,0.00,Left,N/A,
162.6606,gk,Scroll,Scroll,594,612,0.00,0.00,Left,N/A,
162.6703,gk,Scroll,Scroll,594,612,0.00,0.00,Left,N/A,
162.6801,gk,Scroll,Scroll,594,612,0.00,0.00,Left,N/A,
162.6907,gk,Scroll,Scroll,594,612,0.00,0.00,Left,N/A,
162.7000,gk,Scroll,Scroll,594,612,0.00,0.00,Left,N/A,
162.7106,gk,Scroll,Scroll,594,612,0.00,0.00,Left,N/A,
162.7202,gk,Scroll,Scroll,594,612,0.00,0.00,Left,N/A,
162.7307,gk,Scroll,Scroll,594,612,0.00,0.00,Left,N/A,
162.7402,gk,Scroll,Scroll,594,612,0.00,0.00,Left,N/A,
162.7506,gk,Scroll,Scroll,594,612,0.00,0.00,Left,N/A,
162.7606,gk,Scroll,Scroll,594,612,0.00,0.00,Left,N/A,
162.7706,gk,Scroll,Scroll,594,612,0.00,0.00,Left,N/A,
162.7792,gk,Scroll,Scroll,594,612,0.00,0.00,None,N/A,scroll_item_selected_correct
162.7857,gk,Scroll,Scroll,594,612,0.00,0.00,None,N/A,
162.7906,gk,Scroll,Scroll,594,612,0.00,0.00,None,N/A,
162.8001,gk,Scroll,Scroll,594,612,0.00,0.00,None,N/A,
162.8108,gk,Scroll,Scroll,594,612,0.00,0.00,None,N/A,
162.8208,gk,Scroll,Scroll,594,612,0.00,0.00,None,N/A,
162.8307,gk,Scroll,Scroll,594,612,0.00,0.00,None,N/A,
162.8403,gk,Scroll,Scroll,594,612,0.00,0.00,None,N/A,
162.8504,gk,Scroll,Scroll,594,612,0.00,0.00,None,N/A,
162.8600,gk,Scroll,Scroll,594,612,0.00,0.00,None,N/A,
162.8705,gk,Scroll,Scroll,594,612,0.00,0.00,None,N/A,
162.8801,gk,Scroll,Scroll,594,612,0.00,0.00,None,N/A,
162.8906,gk,Scroll,Scroll,594,612,0.00,0.00,None,N/A,
162.9001,gk,Scroll,Scroll,594,612,0.00,0.00,None,N/A,
162.9106,gk,Scroll,Scroll,594,612,0.00,0.00,None,N/A,
162.9204,gk,Scroll,Scroll,594,612,0.00,0.00,None,N/A,
162.9305,gk,Scroll,Scroll,594,612,0.00,0.00,None,N/A,
162.9404,gk,Scroll,Scroll,594,612,0.00,0.00,None,N/A,
162.9505,gk,Scroll,Scroll,594,612,0.00,0.00,None,N/A,
162.9606,gk,Scroll,Scroll,594,612,0.00,0.00,None,N/A,
162.9702,gk,Scroll,Scroll,594,612,0.00,0.00,None,N/A,
162.9807,gk,Scroll,Scroll,594,612,0.00,0.00,None,N/A,
162.9907,gk,Scroll,Scroll,594,612,0.00,0.00,None,N/A,
163.0003,gk,Scroll,Scroll,594,612,0.00,0.00,None,N/A,
163.0099,gk,Scroll,Scroll,594,612,0.00,0.00,None,N/A,
163.0205,gk,Scroll,Scroll,594,612,0.00,0.00,None,N/A,
163.0300,gk,Scroll,Scroll,594,612,0.00,0.00,None,N/A,
163.0406,gk,Scroll,Scroll,594,612,0.00,0.00,None,N/A,
163.0501,gk,Scroll,Scroll,594,612,0.00,0.00,None,N/A,
163.0606,gk,Scroll,Scroll,594,612,0.00,0.00,None,N/A,
163.0701,gk,Scroll,Scroll,594,612,0.00,0.00,None,N/A,
163.0807,gk,Scroll,Scroll,594,612,0.00,0.00,None,N/A,
163.0908,gk,Scroll,Scroll,594,612,0.00,0.00,None,N/A,
163.1005,gk,Scroll,Scroll,594,612,0.00,0.00,None,N/A,
163.1106,gk,Scroll,Scroll,594,612,0.00,0.00,None,N/A,
163.1206,gk,Scroll,Scroll,594,612,0.00,0.00,None,N/A,
163.1307,gk,Scroll,Scroll,594,612,0.00,0.00,None,N/A,
163.1403,gk,Scroll,Scroll,594,612,0.00,0.00,None,N/A,
163.1512,gk,Scroll,Scroll,594,612,0.00,0.00,None,N/A,
163.1608,gk,Scroll,Scroll,594,612,0.00,0.00,None,N/A,
163.1710,gk,Scroll,Scroll,594,612,0.00,0.00,None,N/A,
163.1805,gk,Scroll,Scroll,594,612,0.00,0.00,None,N/A,
163.1900,gk,Scroll,Scroll,594,612,0.00,0.00,None,N/A,
163.2005,gk,Scroll,Scroll,594,612,0.00,0.00,None,N/A,
163.2099,gk,Scroll,Scroll,594,612,0.00,0.00,None,N/A,
163.2204,gk,Scroll,Scroll,594,612,0.00,0.00,None,N/A,
163.2301,gk,Scroll,Scroll,594,612,0.00,0.00,None,N/A,
163.2407,gk,Scroll,Scroll,594,612,0.00,0.00,None,N/A,
163.2507,gk,Scroll,Scroll,594,612,0.00,0.00,None,N/A,
163.2605,gk,Scroll,Scroll,594,612,0.00,0.00,None,N/A,
163.2705,gk,Scroll,Scroll,594,612,0.00,0.00,None,N/A,
163.2807,gk,Scroll,Scroll,594,612,0.00,0.00,None,N/A,
163.2908,gk,Scroll,Scroll,594,612,0.00,0.00,None,N/A,
163.3004,gk,Scroll,Scroll,594,612,0.00,0.00,None,N/A,
163.3106,gk,Scroll,Scroll,594,612,0.00,0.00,None,N/A,
163.3207,gk,Scroll,Scroll,594,612,0.00,0.00,None,N/A,
163.3308,gk,Scroll,Scroll,594,612,0.00,0.00,None,N/A,
163.3404,gk,Scroll,Scroll,594,612,0.00,0.00,None,N/A,
163.3500,gk,Scroll,Scroll,594,612,0.00,0.00,None,N/A,
163.3606,gk,Scroll,Scroll,594,612,0.00,0.00,None,N/A,
163.3702,gk,Scroll,Scroll,594,612,0.00,0.00,None,N/A,
163.3807,gk,Scroll,Scroll,594,612,0.00,0.00,None,N/A,
163.3903,gk,Scroll,Scroll,594,612,0.00,0.00,None,N/A,
163.3999,gk,Scroll,Scroll,594,612,0.00,0.00,None,N/A,
163.4110,gk,Scroll,Scroll,594,612,0.00,0.00,None,N/A,
163.4211,gk,Scroll,Scroll,594,612,0.00,0.00,None,N/A,
163.4312,gk,Scroll,Scroll,594,612,0.00,0.00,None,N/A,
163.4402,gk,Scroll,Scroll,594,612,0.00,0.00,None,N/A,
163.4512,gk,Scroll,Scroll,594,612,0.00,0.00,None,N/A,
163.4602,gk,Scroll,Scroll,594,612,0.00,0.00,None,N/A,
163.4702,gk,Scroll,Scroll,594,612,0.00,0.00,None,N/A,
163.4798,gk,Scroll,Scroll,594,612,0.00,0.00,None,N/A,
163.4910,gk,Scroll,Scroll,594,612,0.00,0.00,None,N/A,
163.5006,gk,Scroll,Scroll,594,612,0.00,0.00,None,N/A,
163.5102,gk,Scroll,Scroll,594,612,0.00,0.00,None,N/A,
163.5207,gk,Scroll,Scroll,594,612,0.00,0.00,None,N/A,
163.5302,gk,Scroll,Scroll,594,612,0.00,0.00,None,N/A,
163.5407,gk,Scroll,Scroll,594,612,0.00,0.00,None,N/A,
163.5503,gk,Scroll,Scroll,594,612,0.00,0.00,None,N/A,
163.5603,gk,Scroll,Scroll,594,612,0.00,0.00,None,N/A,
163.5702,gk,Scroll,Scroll,594,612,0.00,0.00,None,N/A,
163.5804,gk,Scroll,Scroll,594,612,0.00,0.00,None,N/A,
163.5904,gk,Scroll,Scroll,594,612,0.00,0.00,None,N/A,
163.6001,gk,Scroll,Scroll,594,612,0.00,0.00,None,N/A,
163.6108,gk,Scroll,Scroll,594,612,0.00,0.00,None,N/A,
163.6210,gk,Scroll,Scroll,594,612,0.00,0.00,None,N/A,
163.6310,gk,Scroll,Scroll,594,612,0.00,0.00,None,N/A,
163.6410,gk,Scroll,Scroll,594,612,0.00,0.00,None,N/A,
163.6511,gk,Scroll,Scroll,594,612,0.00,0.00,None,N/A,
163.6607,gk,Scroll,Scroll,594,612,0.00,0.00,None,N/A,
163.6702,gk,Scroll,Scroll,594,612,0.00,0.00,None,N/A,
163.6808,gk,Scroll,Scroll,594,612,0.00,0.00,None,N/A,
163.6903,gk,Scroll,Scroll,594,612,0.00,0.00,None,N/A,
163.6998,gk,Scroll,Scroll,594,612,0.00,0.00,None,N/A,
163.7103,gk,Scroll,Scroll,594,612,0.00,0.00,None,N/A,
163.7203,gk,Scroll,Scroll,594,612,0.00,0.00,None,N/A,
163.7301,gk,Scroll,Scroll,594,612,0.00,0.00,None,N/A,
163.7411,gk,Scroll,Scroll,594,612,0.00,0.00,None,N/A,
163.7512,gk,Scroll,Scroll,594,612,0.00,0.00,None,N/A,
163.7612,gk,Scroll,Scroll,594,612,0.00,0.00,None,N/A,
163.7702,gk,Scroll,Scroll,594,612,0.00,0.00,None,N/A,
163.7803,gk,Scroll,Scroll,594,612,0.00,0.00,None,N/A,
163.7899,gk,Scroll,Scroll,594,612,0.00,0.00,None,N/A,
163.8005,gk,Scroll,Scroll,594,612,0.00,0.00,None,N/A,
163.8105,gk,Scroll,Scroll,594,612,0.00,0.00,None,N/A,
163.8207,gk,Scroll,Scroll,594,612,0.00,0.00,None,N/A,
163.8304,gk,Scroll,Scroll,594,612,0.00,0.00,None,N/A,
163.8399,gk,Scroll,Scroll,594,612,0.00,0.00,None,N/A,
163.8504,gk,Scroll,Scroll,594,612,0.00,0.00,None,N/A,
163.8600,gk,Scroll,Scroll,594,612,0.00,0.00,None,N/A,
163.8705,gk,Scroll,Scroll,594,612,0.00,0.00,None,N/A,
163.8803,gk,Scroll,Scroll,594,612,0.00,0.00,None,N/A,
163.8904,gk,Scroll,Scroll,594,612,0.00,0.00,None,N/A,
163.9003,gk,Scroll,Scroll,594,612,0.00,0.00,None,N/A,
163.9103,gk,Scroll,Scroll,594,612,0.00,0.00,None,N/A,
163.9199,gk,Scroll,Scroll,594,612,0.00,0.00,None,N/A,
163.9309,gk,Scroll,Scroll,594,612,0.00,0.00,None,N/A,
163.9409,gk,Scroll,Scroll,594,612,0.00,0.00,None,N/A,
163.9510,gk,Scroll,Scroll,594,612,0.00,0.00,None,N/A,
163.9610,gk,Scroll,Scroll,594,612,0.00,0.00,None,N/A,
163.9707,gk,Scroll,Scroll,594,612,0.00,0.00,None,N/A,
163.9802,gk,Scroll,Scroll,594,612,0.00,0.00,None,N/A,
163.9908,gk,Scroll,Scroll,594,612,0.00,0.00,None,N/A,
164.0003,gk,Scroll,Scroll,594,612,0.00,0.00,None,N/A,
164.0098,gk,Scroll,Scroll,594,612,0.00,0.00,None,N/A,
164.0204,gk,Scroll,Scroll,594,612,0.00,0.00,None,N/A,
164.0299,gk,Scroll,Scroll,594,612,0.00,0.00,None,N/A,
164.0406,gk,Scroll,Scroll,594,612,0.00,0.00,None,N/A,
164.0503,gk,Scroll,Scroll,594,612,0.00,0.00,None,N/A,
164.0610,gk,Scroll,Scroll,594,612,0.00,0.00,None,N/A,
164.0712,gk,Scroll,Scroll,594,612,0.00,0.00,None,N/A,
164.0799,gk,Scroll,Scroll,594,612,0.00,0.00,None,N/A,
164.0906,gk,Scroll,Scroll,594,612,0.00,0.00,None,N/A,
164.1005,gk,Scroll,Scroll,594,612,0.00,0.00,None,N/A,
164.1101,gk,Scroll,Scroll,594,612,0.00,0.00,None,N/A,
164.1211,gk,Scroll,Scroll,594,612,0.00,0.00,None,N/A,
164.1313,gk,Scroll,Scroll,594,612,0.00,0.00,None,N/A,
164.1399,gk,Scroll,Scroll,594,612,0.00,0.00,None,N/A,
164.1504,gk,Scroll,Scroll,594,612,0.00,0.00,None,N/A,
164.1600,gk,Scroll,Scroll,594,612,0.00,0.00,None,N/A,
164.1705,gk,Scroll,Scroll,594,612,0.00,0.00,None,N/A,
164.1799,gk,Scroll,Scroll,594,612,0.00,0.00,None,N/A,
164.1904,gk,Scroll,Scroll,594,612,0.00,0.00,None,N/A,
164.2005,gk,Scroll,Scroll,594,612,0.00,0.00,None,N/A,
164.2107,gk,Scroll,Scroll,594,612,0.00,0.00,None,N/A,
164.2205,gk,Scroll,Scroll,594,612,0.00,0.00,None,N/A,
164.2301,gk,Scroll,Scroll,594,612,0.00,0.00,None,N/A,
164.2411,gk,Scroll,Scroll,594,612,0.00,0.00,None,N/A,
164.2511,gk,Scroll,Scroll,594,612,0.00,0.00,None,N/A,
164.2612,gk,Scroll,Scroll,594,612,0.00,0.00,None,N/A,
164.2712,gk,Scroll,Scroll,594,612,0.00,0.00,None,N/A,
164.2798,gk,Scroll,Scroll,594,612,0.00,0.00,None,N/A,
164.2905,gk,Scroll,Scroll,594,612,0.00,0.00,None,N/A,
164.3001,gk,Scroll,Scroll,594,612,0.00,0.00,None,N/A,
164.3107,gk,Scroll,Scroll,594,612,0.00,0.00,None,N/A,
164.3201,gk,Scroll,Scroll,594,612,0.00,0.00,None,N/A,
164.3305,gk,Scroll,Scroll,594,612,0.00,0.00,None,N/A,
164.3399,gk,Scroll,Scroll,594,612,0.00,0.00,None,N/A,
164.3503,gk,Scroll,Scroll,594,612,0.00,0.00,None,N/A,
164.3598,gk,Scroll,Scroll,594,612,0.00,0.00,None,N/A,
164.3705,gk,Scroll,Scroll,594,612,0.00,0.00,None,N/A,
164.3800,gk,Scroll,Scroll,594,612,0.00,0.00,None,N/A,
164.3903,gk,Scroll,Scroll,594,612,0.00,0.00,None,N/A,
164.4006,gk,Scroll,Scroll,594,612,0.00,0.00,None,N/A,
164.4100,gk,Scroll,Scroll,594,612,0.00,0.00,None,N/A,
164.4204,gk,Scroll,Scroll,594,612,0.00,0.00,None,N/A,
164.4305,gk,Scroll,Scroll,594,613,98.46,9693.49,None,N/A,
164.4401,gk,Scroll,Scroll,594,616,313.99,22558.89,None,N/A,
164.4506,gk,Scroll,Scroll,594,618,190.30,-11769.43,None,N/A,
164.4604,gk,Scroll,Scroll,594,620,203.24,1315.63,None,N/A,
164.4704,gk,Scroll,Scroll,594,622,200.83,-242.34,None,N/A,
164.4804,gk,Scroll,Scroll,594,624,200.03,-79.98,None,N/A,
164.4906,gk,Scroll,Scroll,594,625,97.61,-9997.09,None,N/A,
164.5006,gk,Scroll,Scroll,595,627,223.66,12608.27,None,N/A,
164.5103,gk,Scroll,Scroll,595,628,103.50,-12436.54,None,N/A,
164.5206,gk,Scroll,Scroll,595,630,194.09,8791.12,None,N/A,
164.5302,gk,Scroll,Scroll,595,631,104.00,-9368.92,None,N/A,
164.5402,gk,Scroll,Scroll,595,632,100.26,-375.39,None,N/A,
164.5505,gk,Scroll,Scroll,596,633,136.79,3532.97,None,N/A,
164.5608,gk,Scroll,Scroll,596,634,97.68,-3819.96,None,N/A,
164.5703,gk,Scroll,Scroll,596,636,209.16,11658.67,None,N/A,
164.5802,gk,Scroll,Scroll,596,637,101.66,-10928.56,None,N/A,
164.5898,gk,Scroll,Scroll,596,639,206.44,10814.79,None,N/A,
164.6004,gk,Scroll,Scroll,596,640,94.36,-10575.61,None,N/A,
164.6105,gk,Scroll,Scroll,596,643,299.65,20505.51,None,N/A,
164.6201,gk,Scroll,Scroll,596,644,103.99,-20346.40,None,N/A,
164.6298,gk,Scroll,Scroll,596,647,307.28,20821.81,None,N/A,
164.6401,gk,Scroll,Scroll,596,648,97.48,-20450.90,None,N/A,
164.6499,gk,Scroll,Scroll,596,650,204.21,10897.85,None,N/A,
164.6602,gk,Scroll,Scroll,596,654,389.40,18027.80,None,N/A,
164.6700,gk,Scroll,Scroll,597,656,226.36,-16504.57,None,N/A,
164.6807,gk,Scroll,Scroll,597,662,560.71,31245.75,None,N/A,
164.6900,gk,Scroll,Scroll,598,665,343.06,-23611.70,None,N/A,
164.7006,gk,Scroll,Scroll,599,671,568.93,21125.14,None,N/A,
164.7106,gk,Scroll,Scroll,600,674,316.79,-25258.57,None,N/A,
164.7205,gk,Scroll,Scroll,601,678,418.54,10328.74,None,N/A,
164.7303,gk,Scroll,Scroll,602,680,226.64,-19450.10,None,N/A,
164.7397,gk,Scroll,Scroll,602,683,320.95,10090.01,None,N/A,
164.7498,gk,Scroll,Scroll,603,685,221.88,-9830.82,None,N/A,
164.7607,gk,Scroll,Scroll,603,687,182.73,-3576.36,None,N/A,
164.7703,gk,Scroll,Scroll,603,689,209.05,2750.80,None,N/A,
164.7802,gk,Scroll,Scroll,603,691,201.21,-788.51,None,N/A,
164.7901,gk,Scroll,Scroll,603,692,101.75,-10120.45,None,N/A,
164.8005,gk,Scroll,Scroll,603,692,0.00,-9702.79,None,N/A,
164.8101,gk,Scroll,Scroll,603,692,0.00,0.00,None,N/A,
164.8206,gk,Scroll,Scroll,603,692,0.00,0.00,None,N/A,
164.8301,gk,Scroll,Scroll,603,692,0.00,0.00,None,N/A,
164.8407,gk,Scroll,Scroll,603,692,0.00,0.00,None,N/A,
164.8504,gk,Scroll,Scroll,603,692,0.00,0.00,None,N/A,
164.8606,gk,Scroll,Scroll,603,692,0.00,0.00,None,N/A,
164.8707,gk,Scroll,Scroll,603,692,0.00,0.00,None,N/A,
164.8807,gk,Scroll,Scroll,603,692,0.00,0.00,None,N/A,
164.8908,gk,Scroll,Scroll,603,692,0.00,0.00,None,N/A,
164.9008,gk,Scroll,Scroll,603,692,0.00,0.00,None,N/A,
164.9109,gk,Scroll,Scroll,603,692,0.00,0.00,None,N/A,
164.9205,gk,Scroll,Scroll,603,692,0.00,0.00,None,N/A,
164.9300,gk,Scroll,Scroll,603,692,0.00,0.00,None,N/A,
164.9405,gk,Scroll,Scroll,603,692,0.00,0.00,None,N/A,
164.9501,gk,Scroll,Scroll,603,692,0.00,0.00,None,N/A,
164.9604,gk,Scroll,Scroll,603,692,0.00,0.00,None,N/A,
164.9700,gk,Scroll,Scroll,603,692,0.00,0.00,None,N/A,
164.9806,gk,Scroll,Scroll,603,692,0.00,0.00,None,N/A,
164.9905,gk,Scroll,Scroll,603,692,0.00,0.00,None,N/A,
165.0001,gk,Scroll,Scroll,603,692,0.00,0.00,None,N/A,
165.0107,gk,Scroll,Scroll,603,692,0.00,0.00,None,N/A,
165.0205,gk,Scroll,Scroll,603,692,0.00,0.00,None,N/A,
165.0304,gk,Scroll,Scroll,603,692,0.00,0.00,None,N/A,
165.0401,gk,Scroll,Scroll,603,692,0.00,0.00,None,N/A,
165.0510,gk,Scroll,Scroll,603,692,0.00,0.00,None,N/A,
165.0611,gk,Scroll,Scroll,603,692,0.00,0.00,None,N/A,
165.0710,gk,Scroll,Scroll,603,692,0.00,0.00,None,N/A,
165.0805,gk,Scroll,Scroll,603,692,0.00,0.00,None,N/A,
165.0904,gk,Scroll,Scroll,603,692,0.00,0.00,None,N/A,
165.1001,gk,Scroll,Scroll,603,692,0.00,0.00,None,N/A,
165.1107,gk,Scroll,Scroll,603,692,0.00,0.00,None,N/A,
165.1202,gk,Scroll,Scroll,603,692,0.00,0.00,None,N/A,
165.1308,gk,Scroll,Scroll,603,692,0.00,0.00,None,N/A,
165.1403,gk,Scroll,Scroll,603,692,0.00,0.00,None,N/A,
165.1498,gk,Scroll,Scroll,603,692,0.00,0.00,None,N/A,
165.1603,gk,Scroll,Scroll,603,692,0.00,0.00,None,N/A,
165.1701,gk,Scroll,Scroll,603,692,0.00,0.00,None,N/A,
165.1807,gk,Scroll,Scroll,603,692,0.00,0.00,None,N/A,
165.1908,gk,Scroll,Scroll,603,692,0.00,0.00,None,N/A,
165.2009,gk,Scroll,Scroll,603,692,0.00,0.00,None,N/A,
165.2109,gk,Scroll,Scroll,603,692,0.00,0.00,None,N/A,
165.2205,gk,Scroll,Scroll,603,692,0.00,0.00,None,N/A,
165.2300,gk,Scroll,Scroll,603,692,0.00,0.00,None,N/A,
165.2407,gk,Scroll,Scroll,603,692,0.00,0.00,None,N/A,
165.2503,gk,Scroll,Scroll,603,692,0.00,0.00,None,N/A,
165.2603,gk,Scroll,Scroll,603,692,0.00,0.00,None,N/A,
165.2700,gk,Scroll,Scroll,603,692,0.00,0.00,None,N/A,
165.2807,gk,Scroll,Scroll,603,692,0.00,0.00,None,N/A,
165.2903,gk,Scroll,Scroll,603,692,0.00,0.00,None,N/A,
165.3007,gk,Scroll,Scroll,603,692,0.00,0.00,None,N/A,
165.3100,gk,Scroll,Scroll,603,692,0.00,0.00,None,N/A,
165.3204,gk,Scroll,Scroll,603,692,0.00,0.00,None,N/A,
165.3299,gk,Scroll,Scroll,603,692,0.00,0.00,None,N/A,
165.3403,gk,Scroll,Scroll,603,692,0.00,0.00,None,N/A,
165.3508,gk,Scroll,Scroll,603,692,0.00,0.00,None,N/A,
165.3601,gk,Scroll,Scroll,603,692,0.00,0.00,None,N/A,
165.3706,gk,Scroll,Scroll,603,692,0.00,0.00,None,N/A,
165.3801,gk,Scroll,Scroll,603,692,0.00,0.00,None,N/A,
165.3909,gk,Scroll,Scroll,603,692,0.00,0.00,None,N/A,
165.4037,gk,Scroll,Scroll,603,692,0.00,0.00,None,N/A,
165.4101,gk,Scroll,Scroll,603,692,0.00,0.00,None,N/A,
165.4223,gk,Scroll,Scroll,603,692,0.00,0.00,None,N/A,
165.4306,gk,Scroll,Scroll,603,692,0.00,0.00,None,N/A,
165.4403,gk,Scroll,Scroll,603,692,0.00,0.00,None,N/A,
165.4498,gk,Scroll,Scroll,603,692,0.00,0.00,None,N/A,
165.4606,gk,Scroll,Scroll,603,692,0.00,0.00,None,N/A,
165.4710,gk,Scroll,Scroll,603,692,0.00,0.00,None,N/A,
165.4801,gk,Scroll,Scroll,603,692,0.00,0.00,None,N/A,
165.4908,gk,Scroll,Scroll,603,692,0.00,0.00,None,N/A,
165.5003,gk,Scroll,Scroll,603,692,0.00,0.00,None,N/A,
165.5105,gk,Scroll,Scroll,603,692,0.00,0.00,None,N/A,
165.5202,gk,Scroll,Scroll,603,692,0.00,0.00,None,N/A,
165.5303,gk,Scroll,Scroll,603,692,0.00,0.00,None,N/A,
165.5399,gk,Scroll,Scroll,603,692,0.00,0.00,None,N/A,
165.5506,gk,Scroll,Scroll,603,692,0.00,0.00,None,N/A,
165.5602,gk,Scroll,Scroll,603,692,0.00,0.00,None,N/A,
165.5698,gk,Scroll,Scroll,603,692,0.00,0.00,None,N/A,
165.5803,gk,Scroll,Scroll,603,692,0.00,0.00,None,N/A,
165.5899,gk,Scroll,Scroll,603,692,0.00,0.00,None,N/A,
165.6004,gk,Scroll,Scroll,603,692,0.00,0.00,None,N/A,
165.6099,gk,Scroll,Scroll,603,692,0.00,0.00,None,N/A,
165.6204,gk,Scroll,Scroll,603,692,0.00,0.00,None,N/A,
165.6300,gk,Scroll,Scroll,603,692,0.00,0.00,None,N/A,
165.6405,gk,Scroll,Scroll,603,692,0.00,0.00,None,N/A,
165.6506,gk,Scroll,Scroll,603,692,0.00,0.00,None,N/A,
165.6608,gk,Scroll,Scroll,603,692,0.00,0.00,None,N/A,
165.6708,gk,Scroll,Scroll,603,692,0.00,0.00,None,N/A,
165.6804,gk,Scroll,Scroll,603,692,0.00,0.00,None,N/A,
165.6901,gk,Scroll,Scroll,603,692,0.00,0.00,None,N/A,
165.7011,gk,Scroll,Scroll,603,692,0.00,0.00,None,N/A,
165.7107,gk,Scroll,Scroll,603,692,0.00,0.00,None,N/A,
165.7201,gk,Scroll,Scroll,603,692,0.00,0.00,None,N/A,
165.7306,gk,Scroll,Scroll,603,692,0.00,0.00,None,N/A,
165.7402,gk,Scroll,Scroll,603,692,0.00,0.00,None,N/A,
165.7497,gk,Scroll,Scroll,603,692,0.00,0.00,None,N/A,
165.7601,gk,Scroll,Scroll,603,692,0.00,0.00,None,N/A,
165.7706,gk,Scroll,Scroll,603,692,0.00,0.00,None,N/A,
165.7799,gk,Scroll,Scroll,603,692,0.00,0.00,None,N/A,
165.7904,gk,Scroll,Scroll,603,692,0.00,0.00,None,N/A,
165.8006,gk,Scroll,Scroll,603,694,195.30,19071.42,None,N/A,
165.8105,gk,Scroll,Scroll,603,698,406.75,21501.62,None,N/A,
165.8201,gk,Scroll,Scroll,603,700,208.29,-20668.62,None,N/A,
165.8305,gk,Scroll,Scroll,603,702,191.51,-1606.83,None,N/A,
165.8398,gk,Scroll,Scroll,603,707,539.22,37499.50,None,N/A,
165.8500,gk,Scroll,Scroll,603,709,196.86,-33699.29,None,N/A,
165.8607,gk,Scroll,Scroll,602,716,657.01,42754.92,None,N/A,
165.8710,gk,Scroll,Scroll,602,719,292.93,-35550.30,None,N/A,
165.8802,gk,Scroll,Scroll,602,724,538.57,26459.18,None,N/A,
165.8907,gk,Scroll,Scroll,602,727,287.50,-24061.17,None,N/A,
165.8997,gk,Scroll,Scroll,603,733,673.09,42667.81,None,N/A,
165.9099,gk,Scroll,Scroll,604,736,310.98,-35610.46,None,N/A,
165.9203,gk,Scroll,Scroll,605,742,584.81,26326.84,None,N/A,
165.9300,gk,Scroll,Scroll,606,745,326.27,-26675.10,None,N/A,
165.9402,gk,Scroll,Scroll,607,748,308.28,-1753.60,None,N/A,
165.9499,gk,Scroll,Scroll,608,757,934.78,64672.77,None,N/A,
165.9599,gk,Scroll,Scroll,609,761,413.30,-52273.03,None,N/A,
165.9701,gk,Scroll,Scroll,611,770,905.10,48281.57,None,N/A,
165.9804,gk,Scroll,Scroll,612,774,398.34,-48959.11,None,N/A,
165.9905,gk,Scroll,Scroll,613,780,606.21,20716.33,None,N/A,
166.0000,gk,Scroll,Scroll,613,783,314.18,-30583.33,None,N/A,
166.0101,gk,Scroll,Scroll,614,788,504.35,18809.53,None,N/A,
166.0206,gk,Scroll,Scroll,614,790,191.15,-29933.80,None,N/A,
166.0305,gk,Scroll,Scroll,615,793,319.49,12966.17,None,N/A,
166.0403,gk,Scroll,Scroll,615,795,203.19,-11815.41,None,N/A,
166.0501,gk,Scroll,Scroll,615,796,102.47,-10320.56,None,N/A,
166.0599,gk,Scroll,Scroll,615,799,306.81,20898.44,None,N/A,
166.0706,gk,Scroll,Scroll,615,800,93.50,-19945.00,None,N/A,
166.0805,gk,Scroll,Scroll,615,803,301.43,20891.80,None,N/A,
166.0898,gk,Scroll,Scroll,615,804,107.60,-20855.80,None,N/A,
166.1005,gk,Scroll,Scroll,615,808,375.43,25138.24,None,N/A,
166.1098,gk,Scroll,Scroll,615,810,213.49,-17286.18,None,N/A,
166.1199,gk,Scroll,Scroll,615,814,397.20,18241.61,None,N/A,
166.1299,gk,Scroll,Scroll,615,816,199.27,-19720.49,None,N/A,
166.1398,gk,Scroll,Scroll,614,820,417.22,22055.43,None,N/A,
166.1506,gk,Scroll,Scroll,614,821,93.03,-30160.10,None,N/A,
166.1602,gk,Scroll,Scroll,613,823,232.65,14526.26,None,N/A,
166.1706,gk,Scroll,Scroll,613,825,192.56,-3859.83,None,N/A,
166.1805,gk,Scroll,Scroll,613,826,100.52,-9251.73,None,N/A,
166.1901,gk,Scroll,Scroll,613,828,208.02,11182.35,None,N/A,
166.2006,gk,Scroll,Scroll,613,829,95.65,-10748.72,None,N/A,
166.2106,gk,Scroll,Scroll,613,830,99.85,418.55,None,N/A,
166.2204,gk,Scroll,Scroll,613,830,0.00,-10139.01,None,N/A,
166.2301,gk,Scroll,Scroll,612,831,146.19,15111.11,None,N/A,
166.2406,gk,Scroll,Scroll,612,831,0.00,-13938.04,None,N/A,
166.2497,gk,Scroll,Scroll,611,830,155.61,17122.79,None,N/A,
166.2606,gk,Scroll,Scroll,610,830,91.89,-5855.48,None,N/A,
166.2707,gk,Scroll,Scroll,608,826,443.24,34822.95,None,N/A,
166.2804,gk,Scroll,Scroll,607,823,323.73,-12234.57,None,N/A,
166.2906,gk,Scroll,Scroll,606,816,698.66,37045.42,None,N/A,
166.2999,gk,Scroll,Scroll,606,813,321.59,-40420.91,None,N/A,
166.3098,gk,Scroll,Scroll,607,811,225.69,-9679.53,None,N/A,
166.3203,gk,Scroll,Scroll,607,811,0.00,-21520.71,None,N/A,
166.3302,gk,Scroll,Scroll,607,811,0.00,0.00,None,N/A,
166.3401,gk,Scroll,Scroll,607,811,0.00,0.00,None,N/A,
166.3511,gk,Scroll,Scroll,607,811,0.00,0.00,None,N/A,
166.3611,gk,Scroll,Scroll,607,811,0.00,0.00,None,N/A,
166.3708,gk,Scroll,Scroll,607,811,0.00,0.00,None,N/A,
166.3803,gk,Scroll,Scroll,607,811,0.00,0.00,None,N/A,
166.3912,gk,Scroll,Scroll,607,811,0.00,0.00,None,N/A,
166.3998,gk,Scroll,Scroll,607,811,0.00,0.00,None,N/A,
166.4103,gk,Scroll,Scroll,607,811,0.00,0.00,None,N/A,
166.4198,gk,Scroll,Scroll,607,811,0.00,0.00,None,N/A,
166.4304,gk,Scroll,Scroll,607,811,0.00,0.00,None,N/A,
166.4404,gk,Scroll,Scroll,607,811,0.00,0.00,None,N/A,
166.4499,gk,Scroll,Scroll,607,811,0.00,0.00,None,N/A,
166.4609,gk,Scroll,Scroll,607,811,0.00,0.00,None,N/A,
166.4711,gk,Scroll,Scroll,607,811,0.00,0.00,None,N/A,
166.4807,gk,Scroll,Scroll,607,811,0.00,0.00,None,N/A,
166.4903,gk,Scroll,Scroll,607,811,0.00,0.00,None,N/A,
166.5004,gk,Scroll,Scroll,607,811,0.00,0.00,None,N/A,
166.5102,gk,Scroll,Scroll,607,811,0.00,0.00,None,N/A,
166.5206,gk,Scroll,Scroll,607,811,0.00,0.00,None,N/A,
166.5327,gk,Scroll,Scroll,607,811,0.00,0.00,None,N/A,
166.5407,gk,Scroll,Scroll,607,811,0.00,0.00,None,N/A,
166.5519,gk,Scroll,Scroll,607,811,0.00,0.00,None,N/A,
166.5604,gk,Scroll,Scroll,607,811,0.00,0.00,None,N/A,
166.5700,gk,Scroll,Scroll,607,811,0.00,0.00,None,N/A,
166.5803,gk,Scroll,Scroll,607,811,0.00,0.00,None,N/A,
166.5904,gk,Scroll,Scroll,607,811,0.00,0.00,None,N/A,
166.6000,gk,Scroll,Scroll,607,811,0.00,0.00,None,N/A,
166.6100,gk,Scroll,Scroll,607,811,0.00,0.00,None,N/A,
166.6206,gk,Scroll,Scroll,607,811,0.00,0.00,None,N/A,
166.6299,gk,Scroll,Scroll,607,811,0.00,0.00,None,N/A,
166.6407,gk,Scroll,Scroll,607,811,0.00,0.00,None,N/A,
166.6505,gk,Scroll,Scroll,607,811,0.00,0.00,None,N/A,
166.6602,gk,Scroll,Scroll,607,811,0.00,0.00,None,N/A,
166.6703,gk,Scroll,Scroll,607,811,0.00,0.00,None,N/A,
166.6808,gk,Scroll,Scroll,607,811,0.00,0.00,None,N/A,
166.6903,gk,Scroll,Scroll,607,811,0.00,0.00,None,N/A,
166.7008,gk,Scroll,Scroll,607,811,0.00,0.00,None,N/A,
166.7108,gk,Scroll,Scroll,607,811,0.00,0.00,None,N/A,
166.7205,gk,Scroll,Scroll,607,811,0.00,0.00,None,N/A,
166.7301,gk,Scroll,Scroll,607,811,0.00,0.00,None,N/A,
166.7407,gk,Scroll,Scroll,607,811,0.00,0.00,None,N/A,
166.7503,gk,Scroll,Scroll,607,811,0.00,0.00,None,N/A,
166.7602,gk,Scroll,Scroll,607,811,0.00,0.00,None,N/A,
166.7699,gk,Scroll,Scroll,607,811,0.00,0.00,None,N/A,
166.7805,gk,Scroll,Scroll,607,811,0.00,0.00,None,N/A,
166.7905,gk,Scroll,Scroll,607,811,0.00,0.00,None,N/A,
166.8002,gk,Scroll,Scroll,607,811,0.00,0.00,None,N/A,
166.8112,gk,Scroll,Scroll,607,811,0.00,0.00,None,N/A,
166.8203,gk,Scroll,Scroll,607,811,0.00,0.00,None,N/A,
166.8303,gk,Scroll,Scroll,607,811,0.00,0.00,None,N/A,
166.8403,gk,Scroll,Scroll,607,811,0.00,0.00,None,N/A,
166.8504,gk,Scroll,Scroll,607,811,0.00,0.00,None,N/A,
166.8601,gk,Scroll,Scroll,607,811,0.00,0.00,None,N/A,
166.8706,gk,Scroll,Scroll,607,811,0.00,0.00,None,N/A,
166.8802,gk,Scroll,Scroll,607,811,0.00,0.00,None,N/A,
166.8908,gk,Scroll,Scroll,607,811,0.00,0.00,None,N/A,
166.9003,gk,Scroll,Scroll,607,811,0.00,0.00,None,N/A,
166.9100,gk,Scroll,Scroll,607,811,0.00,0.00,None,N/A,
166.9207,gk,Scroll,Scroll,607,811,0.00,0.00,None,N/A,
166.9304,gk,Scroll,Scroll,607,811,0.00,0.00,None,N/A,
166.9405,gk,Scroll,Scroll,607,811,0.00,0.00,None,N/A,
166.9502,gk,Scroll,Scroll,607,811,0.00,0.00,None,N/A,
166.9603,gk,Scroll,Scroll,607,811,0.00,0.00,None,N/A,
166.9699,gk,Scroll,Scroll,607,811,0.00,0.00,None,N/A,
166.9804,gk,Scroll,Scroll,607,811,0.00,0.00,None,N/A,
166.9899,gk,Scroll,Scroll,607,811,0.00,0.00,None,N/A,
167.0005,gk,Scroll,Scroll,607,811,0.00,0.00,None,N/A,
167.0107,gk,Scroll,Scroll,607,811,0.00,0.00,None,N/A,
167.0204,gk,Scroll,Scroll,607,811,0.00,0.00,None,N/A,
167.0298,gk,Scroll,Scroll,607,811,0.00,0.00,None,N/A,
167.0403,gk,Scroll,Scroll,607,811,0.00,0.00,None,N/A,
167.0498,gk,Scroll,Scroll,607,811,0.00,0.00,None,N/A,
167.0602,gk,Scroll,Scroll,607,811,0.00,0.00,None,N/A,
167.0706,gk,Scroll,Scroll,607,811,0.00,0.00,None,N/A,
167.0799,gk,Scroll,Scroll,607,811,0.00,0.00,None,N/A,
167.0904,gk,Scroll,Scroll,607,811,0.00,0.00,None,N/A,
167.1004,gk,Scroll,Scroll,607,811,0.00,0.00,None,N/A,
167.1102,gk,Scroll,Scroll,607,811,0.00,0.00,None,N/A,
167.1198,gk,Scroll,Scroll,606,810,147.61,15407.37,None,N/A,
167.1301,gk,Scroll,Scroll,605,808,215.50,6543.22,None,N/A,
167.1402,gk,Scroll,Scroll,605,807,98.89,-11532.03,None,N/A,
167.1506,gk,Scroll,Scroll,604,806,136.21,3594.20,None,N/A,
167.1599,gk,Scroll,Scroll,604,805,107.98,-3047.90,None,N/A,
167.1701,gk,Scroll,Scroll,603,804,138.72,3014.46,None,N/A,
167.1805,gk,Scroll,Scroll,603,804,0.00,-13366.82,None,N/A,
167.1900,gk,Scroll,Scroll,602,803,147.99,15485.89,None,N/A,
167.1998,gk,Scroll,Scroll,602,803,0.00,-15129.56,None,N/A,
167.2104,gk,Scroll,Scroll,602,803,0.00,0.00,None,N/A,
167.2198,gk,Scroll,Scroll,602,802,106.32,11304.98,None,N/A,
167.2303,gk,Scroll,Scroll,602,802,0.00,-10121.63,None,N/A,
167.2398,gk,Scroll,Scroll,602,802,0.00,0.00,None,N/A,
167.2499,gk,Scroll,Scroll,602,802,0.00,0.00,None,N/A,
167.2602,gk,Scroll,Scroll,602,802,0.00,0.00,None,N/A,
167.2711,gk,Scroll,Scroll,602,801,91.98,8461.13,None,N/A,
167.2806,gk,Scroll,Scroll,603,800,149.87,6134.14,None,N/A,
167.2905,gk,Scroll,Scroll,603,799,100.75,-4948.83,None,N/A,
167.3000,gk,Scroll,Scroll,603,796,316.50,22762.54,None,N/A,
167.3098,gk,Scroll,Scroll,604,795,143.72,-17559.27,None,N/A,
167.3205,gk,Scroll,Scroll,604,792,280.66,12810.18,None,N/A,
167.3305,gk,Scroll,Scroll,604,791,100.08,-18072.10,None,N/A,
167.3405,gk,Scroll,Scroll,604,789,199.53,9922.10,None,N/A,
167.3500,gk,Scroll,Scroll,604,787,210.69,1175.19,None,N/A,
167.3606,gk,Scroll,Scroll,604,785,188.95,-2053.53,None,N/A,
167.3701,gk,Scroll,Scroll,604,783,209.41,2141.43,None,N/A,
167.3805,gk,Scroll,Scroll,603,782,136.21,-7050.08,None,N/A,
167.3897,gk,Scroll,Scroll,603,780,216.86,8745.41,None,N/A,
167.4001,gk,Scroll,Scroll,602,778,215.61,-120.28,None,N/A,
167.4107,gk,Scroll,Scroll,602,776,188.30,-2571.83,None,N/A,
167.4203,gk,Scroll,Scroll,601,775,147.37,-4264.52,None,N/A,
167.4306,gk,Scroll,Scroll,601,773,195.44,4697.41,None,N/A,
167.4399,gk,Scroll,Scroll,601,772,107.54,-9453.07,None,N/A,
167.4504,gk,Scroll,Scroll,600,771,134.35,2546.76,None,N/A,
167.4607,gk,Scroll,Scroll,600,770,97.09,-3617.72,None,N/A,
167.4699,gk,Scroll,Scroll,600,769,108.36,1222.04,None,N/A,
167.4802,gk,Scroll,Scroll,600,768,97.40,-1068.07,None,N/A,
167.4902,gk,Scroll,Scroll,600,768,0.00,-9720.24,None,N/A,
167.4999,gk,Scroll,Scroll,600,767,103.59,10731.14,None,N/A,
167.5107,gk,Scroll,Scroll,600,767,0.00,-9569.91,None,N/A,
167.5205,gk,Scroll,Scroll,600,766,101.61,10325.32,None,N/A,
167.5299,gk,Scroll,Scroll,600,766,0.00,-10829.86,None,N/A,
167.5400,gk,Scroll,Scroll,600,765,98.73,9747.41,None,N/A,
167.5505,gk,Scroll,Scroll,600,765,0.00,-9442.47,None,N/A,
167.5602,gk,Scroll,Scroll,599,765,103.09,10627.47,None,N/A,
167.5702,gk,Scroll,Scroll,599,764,100.33,-276.62,None,N/A,
167.5806,gk,Scroll,Scroll,598,764,95.46,-465.37,None,N/A,
167.5898,gk,Scroll,Scroll,598,763,109.37,1521.86,None,N/A,
167.6006,gk,Scroll,Scroll,597,763,92.55,-1556.97,None,N/A,
167.6107,gk,Scroll,Scroll,597,762,98.99,637.14,None,N/A,
167.6205,gk,Scroll,Scroll,596,762,102.33,342.53,None,N/A,
167.6297,gk,Scroll,Scroll,596,761,107.69,576.93,None,N/A,
167.6403,gk,Scroll,Scroll,595,761,94.79,-1222.53,None,N/A,
167.6499,gk,Scroll,Scroll,595,759,207.37,11672.03,None,N/A,
167.6599,gk,Scroll,Scroll,594,759,100.50,-10740.13,None,N/A,
167.6704,gk,Scroll,Scroll,594,757,189.53,8437.24,None,N/A,
167.6802,gk,Scroll,Scroll,593,757,101.94,-8929.36,None,N/A,
167.6904,gk,Scroll,Scroll,593,756,98.88,-303.20,None,N/A,
167.7000,gk,Scroll,Scroll,592,754,231.19,13679.49,None,N/A,
167.7099,gk,Scroll,Scroll,592,753,100.92,-13146.41,None,N/A,
167.7202,gk,Scroll,Scroll,591,751,218.15,11436.39,None,N/A,
167.7309,gk,Scroll,Scroll,591,750,93.42,-11651.92,None,N/A,
167.7406,gk,Scroll,Scroll,590,748,230.84,14186.26,None,N/A,
167.7502,gk,Scroll,Scroll,590,746,208.38,-2340.32,None,N/A,
167.7598,gk,Scroll,Scroll,590,744,208.92,56.38,None,N/A,
167.7699,gk,Scroll,Scroll,590,742,196.78,-1193.91,None,N/A,
167.7798,gk,Scroll,Scroll,590,741,101.21,-9672.79,None,N/A,
167.7904,gk,Scroll,Scroll,590,738,282.17,17019.51,None,N/A,
167.8003,gk,Scroll,Scroll,590,737,100.89,-18289.14,None,N/A,
167.8098,gk,Scroll,Scroll,590,734,316.34,22717.58,None,N/A,
167.8202,gk,Scroll,Scroll,590,733,96.15,-21170.79,None,N/A,
167.8304,gk,Scroll,Scroll,590,730,294.60,19487.73,None,N/A,
167.8408,gk,Scroll,Scroll,590,729,96.01,-19066.33,None,N/A,
167.8500,gk,Scroll,Scroll,590,728,109.18,1437.56,None,N/A,
167.8600,gk,Scroll,Scroll,590,727,99.89,-927.91,None,N/A,
167.8699,gk,Scroll,Scroll,590,725,201.97,10308.92,None,N/A,
167.8806,gk,Scroll,Scroll,590,724,93.60,-10143.37,None,N/A,
167.8904,gk,Scroll,Scroll,590,723,102.27,886.37,None,N/A,
167.9006,gk,Scroll,Scroll,590,721,194.46,8963.43,None,N/A,
167.9101,gk,Scroll,Scroll,590,720,106.18,-9372.99,None,N/A,
167.9206,gk,Scroll,Scroll,590,718,189.20,7853.37,None,N/A,
167.9309,gk,Scroll,Scroll,590,717,97.37,-8941.57,None,N/A,
167.9399,gk,Scroll,Scroll,591,715,249.69,17008.97,None,N/A,
167.9502,gk,Scroll,Scroll,591,714,96.89,-14805.20,None,N/A,
167.9599,gk,Scroll,Scroll,591,712,206.00,11237.77,None,N/A,
167.9704,gk,Scroll,Scroll,591,711,95.55,-10553.22,None,N/A,
167.9806,gk,Scroll,Scroll,592,710,138.10,4155.30,None,N/A,
167.9903,gk,Scroll,Scroll,592,709,102.64,-3639.84,None,N/A,
167.9998,gk,Scroll,Scroll,593,707,236.70,14190.86,None,N/A,
168.0106,gk,Scroll,Scroll,593,706,92.76,-13351.71,None,N/A,
168.0200,gk,Scroll,Scroll,593,705,106.06,1410.40,None,N/A,
168.0301,gk,Scroll,Scroll,594,704,140.26,3392.03,None,N/A,
168.0405,gk,Scroll,Scroll,594,703,96.34,-4230.87,None,N/A,
168.0500,gk,Scroll,Scroll,595,701,235.44,14645.75,None,N/A,
168.0606,gk,Scroll,Scroll,595,700,93.49,-13270.96,None,N/A,
168.0704,gk,Scroll,Scroll,595,698,205.56,11518.86,None,N/A,
168.0804,gk,Scroll,Scroll,595,698,0.00,-20512.78,None,N/A,
168.0901,gk,Scroll,Scroll,596,697,145.93,15059.11,None,N/A,
168.1007,gk,Scroll,Scroll,596,696,94.29,-4869.62,None,N/A,
168.1107,gk,Scroll,Scroll,596,696,0.00,-9424.08,None,N/A,
168.1207,gk,Scroll,Scroll,596,695,99.83,9966.25,None,N/A,
168.1301,gk,Scroll,Scroll,596,695,0.00,-10605.39,None,N/A,
168.1405,gk,Scroll,Scroll,596,695,0.00,0.00,None,N/A,
168.1500,gk,Scroll,Scroll,596,695,0.00,0.00,None,N/A,
168.1604,gk,Scroll,Scroll,596,695,0.00,0.00,None,N/A,
168.1707,gk,Scroll,Scroll,596,695,0.00,0.00,None,N/A,
168.1807,gk,Scroll,Scroll,595,696,140.43,13944.65,None,N/A,
168.1901,gk,Scroll,Scroll,595,696,0.00,-14926.71,None,N/A,
168.2006,gk,Scroll,Scroll,595,696,0.00,0.00,None,N/A,
168.2106,gk,Scroll,Scroll,595,696,0.00,0.00,None,N/A,
168.2203,gk,Scroll,Scroll,595,696,0.00,0.00,None,N/A,
168.2303,gk,Scroll,Scroll,595,696,0.00,0.00,None,N/A,
168.2404,gk,Scroll,Scroll,595,696,0.00,0.00,None,N/A,
168.2500,gk,Scroll,Scroll,595,696,0.00,0.00,None,N/A,
168.2606,gk,Scroll,Scroll,595,696,0.00,0.00,None,N/A,
168.2706,gk,Scroll,Scroll,595,696,0.00,0.00,None,N/A,
168.2803,gk,Scroll,Scroll,595,696,0.00,0.00,None,N/A,
168.2903,gk,Scroll,Scroll,595,696,0.00,0.00,None,N/A,
168.2999,gk,Scroll,Scroll,595,696,0.00,0.00,None,N/A,
168.3110,gk,Scroll,Scroll,595,696,0.00,0.00,None,N/A,
168.3206,gk,Scroll,Scroll,595,696,0.00,0.00,None,N/A,
168.3300,gk,Scroll,Scroll,595,696,0.00,0.00,None,N/A,
168.3403,gk,Scroll,Scroll,595,696,0.00,0.00,None,N/A,
168.3507,gk,Scroll,Scroll,595,696,0.00,0.00,None,N/A,
168.3602,gk,Scroll,Scroll,595,696,0.00,0.00,None,N/A,
168.3701,gk,Scroll,Scroll,595,696,0.00,0.00,None,N/A,
168.3807,gk,Scroll,Scroll,595,696,0.00,0.00,None,N/A,
168.3907,gk,Scroll,Scroll,595,696,0.00,0.00,None,N/A,
168.4005,gk,Scroll,Scroll,595,696,0.00,0.00,None,N/A,
168.4100,gk,Scroll,Scroll,595,696,0.00,0.00,None,N/A,
168.4205,gk,Scroll,Scroll,595,696,0.00,0.00,None,N/A,
168.4299,gk,Scroll,Scroll,595,696,0.00,0.00,None,N/A,
168.4398,gk,Scroll,Scroll,595,697,101.20,10241.29,None,N/A,
168.4507,gk,Scroll,Scroll,595,697,0.00,-9294.89,None,N/A,
168.4598,gk,Scroll,Scroll,595,699,221.06,24434.02,None,N/A,
168.4703,gk,Scroll,Scroll,595,699,0.00,-21027.75,None,N/A,
168.4805,gk,Scroll,Scroll,595,700,97.74,9552.60,None,N/A,
168.4904,gk,Scroll,Scroll,595,701,101.44,375.24,None,N/A,
168.5004,gk,Scroll,Scroll,595,702,100.06,-137.77,None,N/A,
168.5100,gk,Scroll,Scroll,595,703,103.63,370.49,None,N/A,
168.5201,gk,Scroll,Scroll,595,704,99.07,-452.28,None,N/A,
168.5299,gk,Scroll,Scroll,595,706,204.38,10761.05,None,N/A,
168.5400,gk,Scroll,Scroll,595,706,0.00,-20303.52,None,N/A,
168.5502,gk,Scroll,Scroll,595,708,195.18,19048.35,None,N/A,
168.5600,gk,Scroll,Scroll,595,708,0.00,-19826.12,None,N/A,
168.5697,gk,Scroll,Scroll,595,710,207.20,21466.51,None,N/A,
168.5805,gk,Scroll,Scroll,595,710,0.00,-19097.96,None,N/A,
168.5901,gk,Scroll,Scroll,595,711,104.79,10980.84,None,N/A,
168.6003,gk,Scroll,Scroll,595,712,98.41,-628.08,None,N/A,
168.6099,gk,Scroll,Scroll,595,712,0.00,-10154.73,None,N/A,
168.6207,gk,Scroll,Scroll,595,713,93.32,8708.39,None,N/A,
168.6303,gk,Scroll,Scroll,595,714,103.35,1037.16,None,N/A,
168.6404,gk,Scroll,Scroll,595,716,198.58,9455.68,None,N/A,
168.6500,gk,Scroll,Scroll,595,717,104.17,-9835.16,None,N/A,
168.6603,gk,Scroll,Scroll,595,719,194.19,8740.45,None,N/A,
168.6701,gk,Scroll,Scroll,595,720,101.87,-9404.58,None,N/A,
168.6806,gk,Scroll,Scroll,595,722,191.53,8586.57,None,N/A,
168.6898,gk,Scroll,Scroll,595,723,108.22,-9016.21,None,N/A,
168.7000,gk,Scroll,Scroll,595,725,196.50,8673.53,None,N/A,
168.7107,gk,Scroll,Scroll,595,726,93.31,-9628.73,None,N/A,
168.7199,gk,Scroll,Scroll,596,727,153.21,6488.30,None,N/A,
168.7307,gk,Scroll,Scroll,596,730,279.27,11734.91,None,N/A,
168.7405,gk,Scroll,Scroll,596,731,102.01,-18081.86,None,N/A,
168.7502,gk,Scroll,Scroll,597,734,323.60,22676.37,None,N/A,
168.7598,gk,Scroll,Scroll,597,735,104.52,-22899.01,None,N/A,
168.7708,gk,Scroll,Scroll,597,737,182.71,7143.36,None,N/A,
168.7800,gk,Scroll,Scroll,597,738,108.37,-8056.76,None,N/A,
168.7905,gk,Scroll,Scroll,597,739,95.41,-1236.06,None,N/A,
168.7999,gk,Scroll,Scroll,597,740,106.04,1126.77,None,N/A,
168.8107,gk,Scroll,Scroll,597,740,0.00,-9819.92,None,N/A,
168.8205,gk,Scroll,Scroll,597,741,101.67,10336.84,None,N/A,
168.8302,gk,Scroll,Scroll,597,741,0.00,-10494.04,None,N/A,
168.8401,gk,Scroll,Scroll,597,742,100.96,10192.05,None,N/A,
168.8507,gk,Scroll,Scroll,597,742,0.00,-9595.04,None,N/A,
168.8599,gk,Scroll,Scroll,597,742,0.00,0.00,None,N/A,
168.8709,gk,Scroll,Scroll,597,742,0.00,0.00,None,N/A,
168.8805,gk,Scroll,Scroll,597,742,0.00,0.00,None,N/A,
168.8900,gk,Scroll,Scroll,597,742,0.00,0.00,None,N/A,
168.9006,gk,Scroll,Scroll,597,742,0.00,0.00,None,N/A,
168.9103,gk,Scroll,Scroll,597,742,0.00,0.00,None,N/A,
168.9203,gk,Scroll,Scroll,597,742,0.00,0.00,None,N/A,
168.9307,gk,Scroll,Scroll,597,742,0.00,0.00,None,N/A,
168.9402,gk,Scroll,Scroll,597,742,0.00,0.00,None,N/A,
168.9506,gk,Scroll,Scroll,597,742,0.00,0.00,None,N/A,
168.9600,gk,Scroll,Scroll,597,742,0.00,0.00,None,N/A,
168.9704,gk,Scroll,Scroll,597,742,0.00,0.00,None,N/A,
168.9798,gk,Scroll,Scroll,597,742,0.00,0.00,None,N/A,
168.9902,gk,Scroll,Scroll,597,742,0.00,0.00,None,N/A,
169.0007,gk,Scroll,Scroll,597,742,0.00,0.00,None,N/A,
169.0103,gk,Scroll,Scroll,597,742,0.00,0.00,None,N/A,
169.0201,gk,Scroll,Scroll,597,742,0.00,0.00,None,N/A,
169.0307,gk,Scroll,Scroll,597,742,0.00,0.00,None,N/A,
169.0402,gk,Scroll,Scroll,597,742,0.00,0.00,None,N/A,
169.0507,gk,Scroll,Scroll,597,742,0.00,0.00,None,N/A,
169.0608,gk,Scroll,Scroll,597,742,0.00,0.00,None,N/A,
169.0704,gk,Scroll,Scroll,597,742,0.00,0.00,None,N/A,
169.0801,gk,Scroll,Scroll,597,742,0.00,0.00,None,N/A,
169.0905,gk,Scroll,Scroll,597,742,0.00,0.00,None,N/A,
169.1001,gk,Scroll,Scroll,597,742,0.00,0.00,None,N/A,
169.1106,gk,Scroll,Scroll,597,742,0.00,0.00,None,N/A,
169.1203,gk,Scroll,Scroll,597,742,0.00,0.00,None,N/A,
169.1298,gk,Scroll,Scroll,597,742,0.00,0.00,None,N/A,
169.1403,gk,Scroll,Scroll,597,742,0.00,0.00,None,N/A,
169.1498,gk,Scroll,Scroll,597,742,0.00,0.00,None,N/A,
169.1602,gk,Scroll,Scroll,597,742,0.00,0.00,None,N/A,
169.1711,gk,Scroll,Scroll,597,742,0.00,0.00,None,N/A,
169.1807,gk,Scroll,Scroll,597,742,0.00,0.00,None,N/A,
169.1902,gk,Scroll,Scroll,597,742,0.00,0.00,None,N/A,
169.2000,gk,Scroll,Scroll,597,742,0.00,0.00,None,N/A,
169.2105,gk,Scroll,Scroll,597,742,0.00,0.00,None,N/A,
169.2205,gk,Scroll,Scroll,597,742,0.00,0.00,None,N/A,
169.2306,gk,Scroll,Scroll,597,742,0.00,0.00,None,N/A,
169.2402,gk,Scroll,Scroll,597,742,0.00,0.00,None,N/A,
169.2509,gk,Scroll,Scroll,597,742,0.00,0.00,None,N/A,
169.2609,gk,Scroll,Scroll,597,742,0.00,0.00,None,N/A,
169.2706,gk,Scroll,Scroll,597,742,0.00,0.00,None,N/A,
169.2802,gk,Scroll,Scroll,597,742,0.00,0.00,None,N/A,
169.2907,gk,Scroll,Scroll,597,742,0.00,0.00,None,N/A,
169.3003,gk,Scroll,Scroll,597,742,0.00,0.00,None,N/A,
169.3108,gk,Scroll,Scroll,597,742,0.00,0.00,None,N/A,
169.3206,gk,Scroll,Scroll,597,742,0.00,0.00,None,N/A,
169.3306,gk,Scroll,Scroll,597,742,0.00,0.00,None,N/A,
169.3408,gk,Scroll,Scroll,597,742,0.00,0.00,None,N/A,
169.3509,gk,Scroll,Scroll,597,742,0.00,0.00,None,N/A,
169.3606,gk,Scroll,Scroll,597,742,0.00,0.00,None,N/A,
169.3706,gk,Scroll,Scroll,597,742,0.00,0.00,None,N/A,
169.3803,gk,Scroll,Scroll,597,742,0.00,0.00,None,N/A,
169.3903,gk,Scroll,Scroll,597,742,0.00,0.00,None,N/A,
169.3999,gk,Scroll,Scroll,597,742,0.00,0.00,None,N/A,
169.4104,gk,Scroll,Scroll,597,742,0.00,0.00,None,N/A,
169.4200,gk,Scroll,Scroll,597,742,0.00,0.00,None,N/A,
169.4306,gk,Scroll,Scroll,597,742,0.00,0.00,None,N/A,
169.4401,gk,Scroll,Scroll,597,742,0.00,0.00,None,N/A,
169.4507,gk,Scroll,Scroll,597,742,0.00,0.00,None,N/A,
169.4602,gk,Scroll,Scroll,597,742,0.00,0.00,None,N/A,
169.4707,gk,Scroll,Scroll,597,742,0.00,0.00,None,N/A,
169.4803,gk,Scroll,Scroll,597,742,0.00,0.00,None,N/A,
169.4901,gk,Scroll,Scroll,597,742,0.00,0.00,None,N/A,
169.5010,gk,Scroll,Scroll,597,742,0.00,0.00,None,N/A,
169.5101,gk,Scroll,Scroll,597,742,0.00,0.00,None,N/A,
169.5207,gk,Scroll,Scroll,597,742,0.00,0.00,None,N/A,
169.5303,gk,Scroll,Scroll,597,742,0.00,0.00,None,N/A,
169.5402,gk,Scroll,Scroll,597,742,0.00,0.00,None,N/A,
169.5500,gk,Scroll,Scroll,597,742,0.00,0.00,None,N/A,
169.5610,gk,Scroll,Scroll,597,742,0.00,0.00,None,N/A,
169.5705,gk,Scroll,Scroll,597,742,0.00,0.00,None,N/A,
169.5805,gk,Scroll,Scroll,597,742,0.00,0.00,None,N/A,
169.5902,gk,Scroll,Scroll,597,742,0.00,0.00,None,N/A,
169.6007,gk,Scroll,Scroll,597,742,0.00,0.00,None,N/A,
169.6103,gk,Scroll,Scroll,597,742,0.00,0.00,None,N/A,
169.6199,gk,Scroll,Scroll,597,742,0.00,0.00,None,N/A,
169.6304,gk,Scroll,Scroll,597,742,0.00,0.00,None,N/A,
169.6400,gk,Scroll,Scroll,597,742,0.00,0.00,None,N/A,
169.6512,gk,Scroll,Scroll,597,742,0.00,0.00,None,N/A,
169.6602,gk,Scroll,Scroll,597,742,0.00,0.00,None,N/A,
169.6702,gk,Scroll,Scroll,597,742,0.00,0.00,None,N/A,
169.6803,gk,Scroll,Scroll,597,742,0.00,0.00,None,N/A,
169.6899,gk,Scroll,Scroll,597,742,0.00,0.00,None,N/A,
169.7005,gk,Scroll,Scroll,597,742,0.00,0.00,None,N/A,
169.7102,gk,Scroll,Scroll,597,742,0.00,0.00,None,N/A,
169.7208,gk,Scroll,Scroll,597,742,0.00,0.00,None,N/A,
169.7308,gk,Scroll,Scroll,597,742,0.00,0.00,None,N/A,
169.7405,gk,Scroll,Scroll,597,742,0.00,0.00,None,N/A,
169.7500,gk,Scroll,Scroll,597,742,0.00,0.00,None,N/A,
169.7606,gk,Scroll,Scroll,597,742,0.00,0.00,None,N/A,
169.7701,gk,Scroll,Scroll,597,742,0.00,0.00,None,N/A,
169.7807,gk,Scroll,Scroll,597,742,0.00,0.00,None,N/A,
169.7903,gk,Scroll,Scroll,597,742,0.00,0.00,None,N/A,
169.7999,gk,Scroll,Scroll,597,742,0.00,0.00,None,N/A,
169.8110,gk,Scroll,Scroll,597,742,0.00,0.00,None,N/A,
169.8210,gk,Scroll,Scroll,597,742,0.00,0.00,None,N/A,
169.8304,gk,Scroll,Scroll,597,742,0.00,0.00,None,N/A,
169.8405,gk,Scroll,Scroll,597,742,0.00,0.00,None,N/A,
169.8506,gk,Scroll,Scroll,597,742,0.00,0.00,None,N/A,
169.8602,gk,Scroll,Scroll,597,742,0.00,0.00,None,N/A,
169.8699,gk,Scroll,Scroll,597,742,0.00,0.00,None,N/A,
169.8803,gk,Scroll,Scroll,597,742,0.00,0.00,None,N/A,
169.8906,gk,Scroll,Scroll,597,742,0.00,0.00,None,N/A,
169.9001,gk,Scroll,Scroll,597,742,0.00,0.00,None,N/A,
169.9113,gk,Scroll,Scroll,597,742,0.00,0.00,None,N/A,
169.9199,gk,Scroll,Scroll,597,742,0.00,0.00,None,N/A,
169.9304,gk,Scroll,Scroll,597,742,0.00,0.00,None,N/A,
169.9399,gk,Scroll,Scroll,597,742,0.00,0.00,None,N/A,
169.9504,gk,Scroll,Scroll,597,742,0.00,0.00,None,N/A,
169.9603,gk,Scroll,Scroll,597,742,0.00,0.00,None,N/A,
169.9703,gk,Scroll,Scroll,597,742,0.00,0.00,None,N/A,
169.9805,gk,Scroll,Scroll,597,742,0.00,0.00,None,N/A,
169.9907,gk,Scroll,Scroll,597,742,0.00,0.00,None,N/A,
170.0003,gk,Scroll,Scroll,597,742,0.00,0.00,None,N/A,
170.0104,gk,Scroll,Scroll,597,742,0.00,0.00,None,N/A,
170.0200,gk,Scroll,Scroll,597,742,0.00,0.00,None,N/A,
170.0305,gk,Scroll,Scroll,597,742,0.00,0.00,None,N/A,
170.0400,gk,Scroll,Scroll,597,742,0.00,0.00,None,N/A,
170.0508,gk,Scroll,Scroll,597,742,0.00,0.00,None,N/A,
170.0605,gk,Scroll,Scroll,597,742,0.00,0.00,None,N/A,
170.0701,gk,Scroll,Scroll,597,742,0.00,0.00,None,N/A,
170.0798,gk,Scroll,Scroll,597,742,0.00,0.00,None,N/A,
170.0904,gk,Scroll,Scroll,597,742,0.00,0.00,None,N/A,
170.1000,gk,Scroll,Scroll,597,742,0.00,0.00,None,N/A,
170.1105,gk,Scroll,Scroll,597,742,0.00,0.00,None,N/A,
170.1202,gk,Scroll,Scroll,597,742,0.00,0.00,None,N/A,
170.1299,gk,Scroll,Scroll,597,742,0.00,0.00,None,N/A,
170.1410,gk,Scroll,Scroll,597,742,0.00,0.00,None,N/A,
170.1511,gk,Scroll,Scroll,597,742,0.00,0.00,None,N/A,
170.1608,gk,Scroll,Scroll,597,742,0.00,0.00,None,N/A,
170.1710,gk,Scroll,Scroll,597,742,0.00,0.00,None,N/A,
170.1806,gk,Scroll,Scroll,597,742,0.00,0.00,None,N/A,
170.1907,gk,Scroll,Scroll,597,742,0.00,0.00,None,N/A,
170.2004,gk,Scroll,Scroll,597,742,0.00,0.00,None,N/A,
170.2098,gk,Scroll,Scroll,597,742,0.00,0.00,None,N/A,
170.2207,gk,Scroll,Scroll,597,742,0.00,0.00,None,N/A,
170.2304,gk,Scroll,Scroll,597,742,0.00,0.00,None,N/A,
170.2400,gk,Scroll,Scroll,597,742,0.00,0.00,None,N/A,
170.2505,gk,Scroll,Scroll,597,742,0.00,0.00,None,N/A,
170.2601,gk,Scroll,Scroll,597,742,0.00,0.00,None,N/A,
170.2706,gk,Scroll,Scroll,597,742,0.00,0.00,None,N/A,
170.2802,gk,Scroll,Scroll,597,742,0.00,0.00,None,N/A,
170.2903,gk,Scroll,Scroll,597,742,0.00,0.00,None,N/A,
170.3003,gk,Scroll,Scroll,597,742,0.00,0.00,None,N/A,
170.3100,gk,Scroll,Scroll,597,742,0.00,0.00,None,N/A,
170.3213,gk,Scroll,Scroll,597,742,0.00,0.00,None,N/A,
170.3304,gk,Scroll,Scroll,597,742,0.00,0.00,None,N/A,
170.3404,gk,Scroll,Scroll,597,742,0.00,0.00,None,N/A,
170.3505,gk,Scroll,Scroll,597,742,0.00,0.00,None,N/A,
170.3602,gk,Scroll,Scroll,597,742,0.00,0.00,None,N/A,
170.3702,gk,Scroll,Scroll,597,742,0.00,0.00,None,N/A,
170.3798,gk,Scroll,Scroll,597,742,0.00,0.00,None,N/A,
170.3904,gk,Scroll,Scroll,597,742,0.00,0.00,None,N/A,
170.3999,gk,Scroll,Scroll,597,742,0.00,0.00,None,N/A,
170.4105,gk,Scroll,Scroll,597,742,0.00,0.00,None,N/A,
170.4200,gk,Scroll,Scroll,597,742,0.00,0.00,None,N/A,
170.4305,gk,Scroll,Scroll,597,742,0.00,0.00,None,N/A,
170.4401,gk,Scroll,Scroll,597,742,0.00,0.00,None,N/A,
170.4509,gk,Scroll,Scroll,597,742,0.00,0.00,None,N/A,
170.4612,gk,Scroll,Scroll,597,742,0.00,0.00,None,N/A,
170.4702,gk,Scroll,Scroll,597,742,0.00,0.00,None,N/A,
170.4802,gk,Scroll,Scroll,597,742,0.00,0.00,None,N/A,
170.4912,gk,Scroll,Scroll,597,742,0.00,0.00,None,N/A,
170.5002,gk,Scroll,Scroll,597,742,0.00,0.00,None,N/A,
170.5102,gk,Scroll,Scroll,597,742,0.00,0.00,None,N/A,
170.5199,gk,Scroll,Scroll,597,742,0.00,0.00,None,N/A,
170.5305,gk,Scroll,Scroll,597,742,0.00,0.00,None,N/A,
170.5409,gk,Scroll,Scroll,597,742,0.00,0.00,None,N/A,
170.5505,gk,Scroll,Scroll,597,742,0.00,0.00,None,N/A,
170.5601,gk,Scroll,Scroll,597,742,0.00,0.00,None,N/A,
170.5706,gk,Scroll,Scroll,597,742,0.00,0.00,None,N/A,
170.5802,gk,Scroll,Scroll,597,742,0.00,0.00,None,N/A,
170.5907,gk,Scroll,Scroll,597,742,0.00,0.00,None,N/A,
170.6003,gk,Scroll,Scroll,597,742,0.00,0.00,None,N/A,
170.6103,gk,Scroll,Scroll,597,742,0.00,0.00,None,N/A,
170.6205,gk,Scroll,Scroll,597,742,0.00,0.00,None,N/A,
170.6306,gk,Scroll,Scroll,597,742,0.00,0.00,None,N/A,
170.6406,gk,Scroll,Scroll,597,742,0.00,0.00,None,N/A,
170.6507,gk,Scroll,Scroll,597,742,0.00,0.00,None,N/A,
170.6607,gk,Scroll,Scroll,597,742,0.00,0.00,None,N/A,
170.6704,gk,Scroll,Scroll,597,742,0.00,0.00,None,N/A,
170.6801,gk,Scroll,Scroll,597,742,0.00,0.00,None,N/A,
170.6911,gk,Scroll,Scroll,597,742,0.00,0.00,None,N/A,
170.7008,gk,Scroll,Scroll,597,742,0.00,0.00,None,N/A,
170.7103,gk,Scroll,Scroll,597,742,0.00,0.00,None,N/A,
170.7199,gk,Scroll,Scroll,597,742,0.00,0.00,None,N/A,
170.7304,gk,Scroll,Scroll,597,742,0.00,0.00,None,N/A,
170.7399,gk,Scroll,Scroll,597,742,0.00,0.00,None,N/A,
170.7504,gk,Scroll,Scroll,597,742,0.00,0.00,None,N/A,
170.7602,gk,Scroll,Scroll,597,742,0.00,0.00,None,N/A,
170.7702,gk,Scroll,Scroll,597,742,0.00,0.00,None,N/A,
170.7799,gk,Scroll,Scroll,597,742,0.00,0.00,None,N/A,
170.7909,gk,Scroll,Scroll,597,742,0.00,0.00,None,N/A,
170.8010,gk,Scroll,Scroll,597,742,0.00,0.00,None,N/A,
170.8110,gk,Scroll,Scroll,597,742,0.00,0.00,None,N/A,
170.8211,gk,Scroll,Scroll,597,742,0.00,0.00,None,N/A,
170.8311,gk,Scroll,Scroll,597,742,0.00,0.00,None,N/A,
170.8413,gk,Scroll,Scroll,597,742,0.00,0.00,None,N/A,
170.8500,gk,Scroll,Scroll,597,742,0.00,0.00,None,N/A,
170.8606,gk,Scroll,Scroll,597,742,0.00,0.00,None,N/A,
170.8702,gk,Scroll,Scroll,597,742,0.00,0.00,None,N/A,
170.8807,gk,Scroll,Scroll,597,742,0.00,0.00,None,N/A,
170.8902,gk,Scroll,Scroll,597,742,0.00,0.00,None,N/A,
170.9007,gk,Scroll,Scroll,597,742,0.00,0.00,None,N/A,
170.9103,gk,Scroll,Scroll,597,742,0.00,0.00,None,N/A,
170.9208,gk,Scroll,Scroll,597,742,0.00,0.00,None,N/A,
170.9308,gk,Scroll,Scroll,597,742,0.00,0.00,None,N/A,
170.9409,gk,Scroll,Scroll,597,742,0.00,0.00,None,N/A,
170.9511,gk,Scroll,Scroll,597,742,0.00,0.00,None,N/A,
170.9611,gk,Scroll,Scroll,597,742,0.00,0.00,None,N/A,
170.9711,gk,Scroll,Scroll,597,742,0.00,0.00,None,N/A,
170.9807,gk,Scroll,Scroll,597,742,0.00,0.00,None,N/A,
170.9906,gk,Scroll,Scroll,597,742,0.00,0.00,None,N/A,
171.0006,gk,Scroll,Scroll,597,742,0.00,0.00,None,N/A,
171.0107,gk,Scroll,Scroll,597,742,0.00,0.00,None,N/A,
171.0207,gk,Scroll,Scroll,597,742,0.00,0.00,None,N/A,
171.0304,gk,Scroll,Scroll,597,742,0.00,0.00,None,N/A,
171.0400,gk,Scroll,Scroll,597,742,0.00,0.00,None,N/A,
171.0505,gk,Scroll,Scroll,597,742,0.00,0.00,None,N/A,
171.0601,gk,Scroll,Scroll,597,742,0.00,0.00,None,N/A,
171.0706,gk,Scroll,Scroll,597,742,0.00,0.00,None,N/A,
171.0804,gk,Scroll,Scroll,597,742,0.00,0.00,None,N/A,
171.0903,gk,Scroll,Scroll,597,742,0.00,0.00,None,N/A,
171.1004,gk,Scroll,Scroll,597,742,0.00,0.00,None,N/A,
171.1105,gk,Scroll,Scroll,597,742,0.00,0.00,None,N/A,
171.1205,gk,Scroll,Scroll,597,742,0.00,0.00,None,N/A,
171.1301,gk,Scroll,Scroll,597,742,0.00,0.00,None,N/A,
171.1408,gk,Scroll,Scroll,597,742,0.00,0.00,None,N/A,
171.1509,gk,Scroll,Scroll,597,742,0.00,0.00,None,N/A,
171.1606,gk,Scroll,Scroll,597,742,0.00,0.00,None,N/A,
171.1706,gk,Scroll,Scroll,597,742,0.00,0.00,None,N/A,
171.1802,gk,Scroll,Scroll,597,742,0.00,0.00,None,N/A,
171.1898,gk,Scroll,Scroll,597,742,0.00,0.00,None,N/A,
171.2003,gk,Scroll,Scroll,597,742,0.00,0.00,None,N/A,
171.2099,gk,Scroll,Scroll,597,742,0.00,0.00,None,N/A,
171.2204,gk,Scroll,Scroll,597,742,0.00,0.00,None,N/A,
171.2299,gk,Scroll,Scroll,597,742,0.00,0.00,None,N/A,
171.2404,gk,Scroll,Scroll,597,742,0.00,0.00,None,N/A,
171.2500,gk,Scroll,Scroll,597,742,0.00,0.00,None,N/A,
171.2609,gk,Scroll,Scroll,597,742,0.00,0.00,None,N/A,
171.2711,gk,Scroll,Scroll,597,742,0.00,0.00,None,N/A,
171.2808,gk,Scroll,Scroll,597,742,0.00,0.00,None,N/A,
171.2908,gk,Scroll,Scroll,597,742,0.00,0.00,None,N/A,
171.3008,gk,Scroll,Scroll,597,742,0.00,0.00,None,N/A,
171.3104,gk,Scroll,Scroll,597,742,0.00,0.00,None,N/A,
171.3201,gk,Scroll,Scroll,597,742,0.00,0.00,None,N/A,
171.3312,gk,Scroll,Scroll,597,742,0.00,0.00,None,N/A,
171.3398,gk,Scroll,Scroll,597,742,0.00,0.00,None,N/A,
171.3501,gk,Scroll,Scroll,597,742,0.00,0.00,None,N/A,
171.3607,gk,Scroll,Scroll,597,742,0.00,0.00,None,N/A,
171.3703,gk,Scroll,Scroll,597,742,0.00,0.00,None,N/A,
171.3799,gk,Scroll,Scroll,597,742,0.00,0.00,None,N/A,
171.3904,gk,Scroll,Scroll,597,742,0.00,0.00,None,N/A,
171.3999,gk,Scroll,Scroll,597,742,0.00,0.00,None,N/A,
171.4109,gk,Scroll,Scroll,597,742,0.00,0.00,None,N/A,
171.4210,gk,Scroll,Scroll,597,742,0.00,0.00,None,N/A,
171.4311,gk,Scroll,Scroll,597,742,0.00,0.00,None,N/A,
171.4411,gk,Scroll,Scroll,597,742,0.00,0.00,None,N/A,
171.4511,gk,Scroll,Scroll,597,742,0.00,0.00,None,N/A,
171.4612,gk,Scroll,Scroll,597,742,0.00,0.00,None,N/A,
171.4712,gk,Scroll,Scroll,597,742,0.00,0.00,None,N/A,
171.4808,gk,Scroll,Scroll,597,742,0.00,0.00,None,N/A,
171.4907,gk,Scroll,Scroll,597,742,0.00,0.00,None,N/A,
171.5004,gk,Scroll,Scroll,597,742,0.00,0.00,None,N/A,
171.5099,gk,Scroll,Scroll,597,742,0.00,0.00,None,N/A,
171.5204,gk,Scroll,Scroll,597,742,0.00,0.00,None,N/A,
171.5299,gk,Scroll,Scroll,597,742,0.00,0.00,None,N/A,
171.5405,gk,Scroll,Scroll,597,742,0.00,0.00,None,N/A,
171.5500,gk,Scroll,Scroll,597,742,0.00,0.00,None,N/A,
171.5605,gk,Scroll,Scroll,597,742,0.00,0.00,None,N/A,
171.5702,gk,Scroll,Scroll,597,742,0.00,0.00,None,N/A,
171.5799,gk,Scroll,Scroll,597,742,0.00,0.00,None,N/A,
171.5910,gk,Scroll,Scroll,597,742,0.00,0.00,None,N/A,
171.6011,gk,Scroll,Scroll,597,742,0.00,0.00,None,N/A,
171.6111,gk,Scroll,Scroll,597,742,0.00,0.00,None,N/A,
171.6202,gk,Scroll,Scroll,597,742,0.00,0.00,None,N/A,
171.6299,gk,Scroll,Scroll,597,742,0.00,0.00,None,N/A,
171.6404,gk,Scroll,Scroll,597,742,0.00,0.00,None,N/A,
171.6504,gk,Scroll,Scroll,597,742,0.00,0.00,None,N/A,
171.6601,gk,Scroll,Scroll,597,742,0.00,0.00,None,N/A,
171.6707,gk,Scroll,Scroll,597,742,0.00,0.00,None,N/A,
171.6803,gk,Scroll,Scroll,597,742,0.00,0.00,None,N/A,
171.6898,gk,Scroll,Scroll,597,742,0.00,0.00,None,N/A,
171.7001,gk,Scroll,Scroll,597,742,0.00,0.00,None,N/A,
171.7105,gk,Scroll,Scroll,597,742,0.00,0.00,None,N/A,
171.7201,gk,Scroll,Scroll,597,742,0.00,0.00,None,N/A,
171.7307,gk,Scroll,Scroll,597,742,0.00,0.00,None,N/A,
171.7404,gk,Scroll,Scroll,597,742,0.00,0.00,None,N/A,
171.7499,gk,Scroll,Scroll,597,742,0.00,0.00,None,N/A,
171.7611,gk,Scroll,Scroll,597,742,0.00,0.00,None,N/A,
171.7707,gk,Scroll,Scroll,597,742,0.00,0.00,None,N/A,
171.7803,gk,Scroll,Scroll,597,742,0.00,0.00,None,N/A,
171.7899,gk,Scroll,Scroll,597,742,0.00,0.00,None,N/A,
171.8005,gk,Scroll,Scroll,597,742,0.00,0.00,None,N/A,
171.8100,gk,Scroll,Scroll,597,742,0.00,0.00,None,N/A,
171.8211,gk,Scroll,Scroll,597,742,0.00,0.00,None,N/A,
171.8311,gk,Scroll,Scroll,597,742,0.00,0.00,None,N/A,
171.8408,gk,Scroll,Scroll,597,742,0.00,0.00,None,N/A,
171.8504,gk,Scroll,Scroll,597,742,0.00,0.00,None,N/A,
171.8599,gk,Scroll,Scroll,597,742,0.00,0.00,None,N/A,
171.8704,gk,Scroll,Scroll,597,742,0.00,0.00,None,N/A,
171.8802,gk,Scroll,Scroll,597,742,0.00,0.00,None,N/A,
171.8909,gk,Scroll,Scroll,597,742,0.00,0.00,None,N/A,
171.9005,gk,Scroll,Scroll,597,742,0.00,0.00,None,N/A,
171.9101,gk,Scroll,Scroll,597,742,0.00,0.00,None,N/A,
171.9209,gk,Scroll,Scroll,597,742,0.00,0.00,None,N/A,
171.9307,gk,Scroll,Scroll,597,742,0.00,0.00,None,N/A,
171.9406,gk,Scroll,Scroll,597,742,0.00,0.00,None,N/A,
171.9507,gk,Scroll,Scroll,597,742,0.00,0.00,None,N/A,
171.9609,gk,Scroll,Scroll,597,742,0.00,0.00,None,N/A,
171.9710,gk,Scroll,Scroll,597,742,0.00,0.00,None,N/A,
171.9806,gk,Scroll,Scroll,597,742,0.00,0.00,None,N/A,
171.9901,gk,Scroll,Scroll,597,742,0.00,0.00,None,N/A,
172.0007,gk,Scroll,Scroll,597,742,0.00,0.00,None,N/A,
172.0103,gk,Scroll,Scroll,597,742,0.00,0.00,None,N/A,
172.0198,gk,Scroll,Scroll,597,742,0.00,0.00,None,N/A,
172.0303,gk,Scroll,Scroll,597,742,0.00,0.00,None,N/A,
172.0398,gk,Scroll,Scroll,597,742,0.00,0.00,None,N/A,
172.0505,gk,Scroll,Scroll,597,742,0.00,0.00,None,N/A,
172.0605,gk,Scroll,Scroll,597,742,0.00,0.00,None,N/A,
172.0707,gk,Scroll,Scroll,597,742,0.00,0.00,None,N/A,
172.0807,gk,Scroll,Scroll,597,742,0.00,0.00,None,N/A,
172.0904,gk,Scroll,Scroll,597,742,0.00,0.00,None,N/A,
172.0999,gk,Scroll,Scroll,597,742,0.00,0.00,None,N/A,
172.1103,gk,Scroll,Scroll,597,742,0.00,0.00,None,N/A,
172.1203,gk,Scroll,Scroll,597,742,0.00,0.00,None,N/A,
172.1300,gk,Scroll,Scroll,597,742,0.00,0.00,None,N/A,
172.1410,gk,Scroll,Scroll,597,742,0.00,0.00,None,N/A,
172.1505,gk,Scroll,Scroll,597,742,0.00,0.00,None,N/A,
172.1599,gk,Scroll,Scroll,597,742,0.00,0.00,None,N/A,
172.1704,gk,Scroll,Scroll,597,742,0.00,0.00,None,N/A,
172.1800,gk,Scroll,Scroll,597,742,0.00,0.00,None,N/A,
172.1905,gk,Scroll,Scroll,597,742,0.00,0.00,None,N/A,
172.2000,gk,Scroll,Scroll,597,742,0.00,0.00,None,N/A,
172.2106,gk,Scroll,Scroll,597,742,0.00,0.00,None,N/A,
172.2206,gk,Scroll,Scroll,597,742,0.00,0.00,None,N/A,
172.2307,gk,Scroll,Scroll,597,742,0.00,0.00,None,N/A,
172.2407,gk,Scroll,Scroll,597,742,0.00,0.00,None,N/A,
172.2510,gk,Scroll,Scroll,597,742,0.00,0.00,None,N/A,
172.2610,gk,Scroll,Scroll,597,742,0.00,0.00,None,N/A,
172.2710,gk,Scroll,Scroll,597,742,0.00,0.00,None,N/A,
172.2811,gk,Scroll,Scroll,597,742,0.00,0.00,None,N/A,
172.2907,gk,Scroll,Scroll,597,742,0.00,0.00,None,N/A,
172.3003,gk,Scroll,Scroll,597,742,0.00,0.00,None,N/A,
172.3098,gk,Scroll,Scroll,597,742,0.00,0.00,None,N/A,
172.3203,gk,Scroll,Scroll,597,742,0.00,0.00,None,N/A,
172.3299,gk,Scroll,Scroll,597,742,0.00,0.00,None,N/A,
172.3404,gk,Scroll,Scroll,597,742,0.00,0.00,None,N/A,
172.3499,gk,Scroll,Scroll,597,742,0.00,0.00,None,N/A,
172.3605,gk,Scroll,Scroll,597,742,0.00,0.00,None,N/A,
172.3704,gk,Scroll,Scroll,597,742,0.00,0.00,None,N/A,
172.3802,gk,Scroll,Scroll,597,742,0.00,0.00,None,N/A,
172.3908,gk,Scroll,Scroll,597,742,0.00,0.00,None,N/A,
172.4004,gk,Scroll,Scroll,597,742,0.00,0.00,None,N/A,
172.4101,gk,Scroll,Scroll,597,742,0.00,0.00,None,N/A,
172.4207,gk,Scroll,Scroll,597,742,0.00,0.00,None,N/A,
172.4308,gk,Scroll,Scroll,597,742,0.00,0.00,None,N/A,
172.4409,gk,Scroll,Scroll,597,742,0.00,0.00,None,N/A,
172.4509,gk,Scroll,Scroll,597,742,0.00,0.00,None,N/A,
172.4610,gk,Scroll,Scroll,597,742,0.00,0.00,None,N/A,
172.4705,gk,Scroll,Scroll,597,742,0.00,0.00,None,N/A,
172.4801,gk,Scroll,Scroll,597,742,0.00,0.00,None,N/A,
172.4906,gk,Scroll,Scroll,597,742,0.00,0.00,None,N/A,
172.5002,gk,Scroll,Scroll,597,742,0.00,0.00,None,N/A,
172.5106,gk,Scroll,Scroll,597,742,0.00,0.00,None,N/A,
172.5201,gk,Scroll,Scroll,597,742,0.00,0.00,None,N/A,
172.5300,gk,Scroll,Scroll,597,742,0.00,0.00,None,N/A,
172.5399,gk,Scroll,Scroll,597,742,0.00,0.00,None,N/A,
172.5509,gk,Scroll,Scroll,597,742,0.00,0.00,None,N/A,
172.5606,gk,Scroll,Scroll,597,742,0.00,0.00,None,N/A,
172.5702,gk,Scroll,Scroll,597,742,0.00,0.00,None,N/A,
172.5812,gk,Scroll,Scroll,597,742,0.00,0.00,None,N/A,
172.5898,gk,Scroll,Scroll,597,742,0.00,0.00,None,N/A,
172.6008,gk,Scroll,Scroll,597,742,0.00,0.00,None,N/A,
172.6108,gk,Scroll,Scroll,597,742,0.00,0.00,None,N/A,
172.6204,gk,Scroll,Scroll,597,742,0.00,0.00,None,N/A,
172.6299,gk,Scroll,Scroll,597,742,0.00,0.00,None,N/A,
172.6405,gk,Scroll,Scroll,597,742,0.00,0.00,None,N/A,
172.6500,gk,Scroll,Scroll,597,742,0.00,0.00,None,N/A,
172.6605,gk,Scroll,Scroll,597,742,0.00,0.00,None,N/A,
172.6700,gk,Scroll,Scroll,597,742,0.00,0.00,None,N/A,
172.6806,gk,Scroll,Scroll,597,742,0.00,0.00,None,N/A,
172.6902,gk,Scroll,Scroll,597,742,0.00,0.00,None,N/A,
172.7003,gk,Scroll,Scroll,597,742,0.00,0.00,None,N/A,
172.7099,gk,Scroll,Scroll,597,742,0.00,0.00,None,N/A,
172.7205,gk,Scroll,Scroll,597,742,0.00,0.00,None,N/A,
172.7306,gk,Scroll,Scroll,597,742,0.00,0.00,None,N/A,
172.7406,gk,Scroll,Scroll,597,742,0.00,0.00,None,N/A,
172.7507,gk,Scroll,Scroll,597,742,0.00,0.00,None,N/A,
172.7607,gk,Scroll,Scroll,597,742,0.00,0.00,None,N/A,
172.7709,gk,Scroll,Scroll,597,742,0.00,0.00,None,N/A,
172.7809,gk,Scroll,Scroll,597,742,0.00,0.00,None,N/A,
172.7906,gk,Scroll,Scroll,597,742,0.00,0.00,None,N/A,
172.8002,gk,Scroll,Scroll,597,742,0.00,0.00,None,N/A,
172.8107,gk,Scroll,Scroll,597,742,0.00,0.00,None,N/A,
172.8202,gk,Scroll,Scroll,597,742,0.00,0.00,None,N/A,
172.8307,gk,Scroll,Scroll,597,742,0.00,0.00,None,N/A,
172.8404,gk,Scroll,Scroll,597,742,0.00,0.00,None,N/A,
172.8499,gk,Scroll,Scroll,597,742,0.00,0.00,None,N/A,
172.8607,gk,Scroll,Scroll,597,742,0.00,0.00,None,N/A,
172.8705,gk,Scroll,Scroll,597,742,0.00,0.00,None,N/A,
172.8807,gk,Scroll,Scroll,597,742,0.00,0.00,None,N/A,
172.8904,gk,Scroll,Scroll,597,742,0.00,0.00,None,N/A,
172.9005,gk,Scroll,Scroll,597,742,0.00,0.00,None,N/A,
172.9107,gk,Scroll,Scroll,597,742,0.00,0.00,None,N/A,
172.9208,gk,Scroll,Scroll,597,742,0.00,0.00,None,N/A,
172.9305,gk,Scroll,Scroll,597,742,0.00,0.00,None,N/A,
172.9400,gk,Scroll,Scroll,597,742,0.00,0.00,None,N/A,
172.9510,gk,Scroll,Scroll,597,742,0.00,0.00,None,N/A,
172.9607,gk,Scroll,Scroll,597,742,0.00,0.00,None,N/A,
172.9703,gk,Scroll,Scroll,597,742,0.00,0.00,None,N/A,
172.9808,gk,Scroll,Scroll,597,742,0.00,0.00,None,N/A,
172.9903,gk,Scroll,Scroll,597,742,0.00,0.00,None,N/A,
173.0008,gk,Scroll,Scroll,597,742,0.00,0.00,None,N/A,
173.0108,gk,Scroll,Scroll,597,742,0.00,0.00,None,N/A,
173.0206,gk,Scroll,Scroll,597,742,0.00,0.00,None,N/A,
173.0305,gk,Scroll,Scroll,597,742,0.00,0.00,None,N/A,
173.0400,gk,Scroll,Scroll,597,742,0.00,0.00,None,N/A,
173.0507,gk,Scroll,Scroll,597,742,0.00,0.00,None,N/A,
173.0606,gk,Scroll,Scroll,597,742,0.00,0.00,None,N/A,
173.0707,gk,Scroll,Scroll,597,742,0.00,0.00,None,N/A,
173.0803,gk,Scroll,Scroll,597,742,0.00,0.00,None,N/A,
173.0911,gk,Scroll,Scroll,597,742,0.00,0.00,None,N/A,
173.1008,gk,Scroll,Scroll,597,742,0.00,0.00,None,N/A,
173.1103,gk,Scroll,Scroll,597,742,0.00,0.00,None,N/A,
173.1199,gk,Scroll,Scroll,597,742,0.00,0.00,None,N/A,
173.1304,gk,Scroll,Scroll,597,742,0.00,0.00,None,N/A,
173.1399,gk,Scroll,Scroll,597,742,0.00,0.00,None,N/A,
173.1504,gk,Scroll,Scroll,597,742,0.00,0.00,None,N/A,
173.1603,gk,Scroll,Scroll,597,742,0.00,0.00,None,N/A,
173.1705,gk,Scroll,Scroll,597,742,0.00,0.00,None,N/A,
173.1803,gk,Scroll,Scroll,597,742,0.00,0.00,None,N/A,
173.1899,gk,Scroll,Scroll,597,742,0.00,0.00,None,N/A,
173.2005,gk,Scroll,Scroll,597,742,0.00,0.00,None,N/A,
173.2105,gk,Scroll,Scroll,597,742,0.00,0.00,None,N/A,
173.2201,gk,Scroll,Scroll,597,742,0.00,0.00,None,N/A,
173.2310,gk,Scroll,Scroll,597,742,0.00,0.00,None,N/A,
173.2405,gk,Scroll,Scroll,597,742,0.00,0.00,None,N/A,
173.2499,gk,Scroll,Scroll,597,742,0.00,0.00,None,N/A,
173.2605,gk,Scroll,Scroll,597,742,0.00,0.00,None,N/A,
173.2700,gk,Scroll,Scroll,597,742,0.00,0.00,None,N/A,
173.2805,gk,Scroll,Scroll,597,742,0.00,0.00,None,N/A,
173.2899,gk,Scroll,Scroll,597,742,0.00,0.00,None,N/A,
173.3006,gk,Scroll,Scroll,597,742,0.00,0.00,None,N/A,
173.3102,gk,Scroll,Scroll,597,742,0.00,0.00,None,N/A,
173.3208,gk,Scroll,Scroll,597,742,0.00,0.00,None,N/A,
173.3302,gk,Scroll,Scroll,597,742,0.00,0.00,None,N/A,
173.3399,gk,Scroll,Scroll,597,742,0.00,0.00,None,N/A,
173.3505,gk,Scroll,Scroll,597,742,0.00,0.00,None,N/A,
173.3601,gk,Scroll,Scroll,597,742,0.00,0.00,None,N/A,
173.3707,gk,Scroll,Scroll,597,742,0.00,0.00,None,N/A,
173.3803,gk,Scroll,Scroll,597,742,0.00,0.00,None,N/A,
173.3898,gk,Scroll,Scroll,597,742,0.00,0.00,None,N/A,
173.4003,gk,Scroll,Scroll,597,742,0.00,0.00,None,N/A,
173.4098,gk,Scroll,Scroll,597,742,0.00,0.00,None,N/A,
173.4204,gk,Scroll,Scroll,597,742,0.00,0.00,None,N/A,
173.4299,gk,Scroll,Scroll,597,742,0.00,0.00,None,N/A,
173.4405,gk,Scroll,Scroll,597,742,0.00,0.00,None,N/A,
173.4500,gk,Scroll,Scroll,597,742,0.00,0.00,None,N/A,
173.4606,gk,Scroll,Scroll,597,742,0.00,0.00,None,N/A,
173.4702,gk,Scroll,Scroll,597,742,0.00,0.00,None,N/A,
173.4807,gk,Scroll,Scroll,597,742,0.00,0.00,None,N/A,
173.4907,gk,Scroll,Scroll,597,742,0.00,0.00,None,N/A,
173.5009,gk,Scroll,Scroll,597,742,0.00,0.00,None,N/A,
173.5110,gk,Scroll,Scroll,597,742,0.00,0.00,None,N/A,
173.5211,gk,Scroll,Scroll,597,742,0.00,0.00,None,N/A,
173.5307,gk,Scroll,Scroll,597,742,0.00,0.00,None,N/A,
173.5403,gk,Scroll,Scroll,597,742,0.00,0.00,None,N/A,
173.5498,gk,Scroll,Scroll,597,742,0.00,0.00,None,N/A,
173.5604,gk,Scroll,Scroll,597,742,0.00,0.00,None,N/A,
173.5700,gk,Scroll,Scroll,597,742,0.00,0.00,None,N/A,
173.5809,gk,Scroll,Scroll,597,742,0.00,0.00,None,N/A,
173.5905,gk,Scroll,Scroll,597,742,0.00,0.00,None,N/A,
173.6000,gk,Scroll,Scroll,597,742,0.00,0.00,None,N/A,
173.6105,gk,Scroll,Scroll,597,742,0.00,0.00,None,N/A,
173.6201,gk,Scroll,Scroll,597,742,0.00,0.00,None,N/A,
173.6306,gk,Scroll,Scroll,597,742,0.00,0.00,None,N/A,
173.6401,gk,Scroll,Scroll,597,742,0.00,0.00,None,N/A,
173.6507,gk,Scroll,Scroll,597,742,0.00,0.00,None,N/A,
173.6604,gk,Scroll,Scroll,597,742,0.00,0.00,None,N/A,
173.6699,gk,Scroll,Scroll,597,742,0.00,0.00,None,N/A,
173.6807,gk,Scroll,Scroll,597,742,0.00,0.00,None,N/A,
173.6907,gk,Scroll,Scroll,597,742,0.00,0.00,None,N/A,
173.7008,gk,Scroll,Scroll,597,742,0.00,0.00,None,N/A,
173.7105,gk,Scroll,Scroll,597,742,0.00,0.00,None,N/A,
173.7207,gk,Scroll,Scroll,597,742,0.00,0.00,None,N/A,
173.7307,gk,Scroll,Scroll,597,742,0.00,0.00,None,N/A,
173.7408,gk,Scroll,Scroll,597,742,0.00,0.00,None,N/A,
173.7504,gk,Scroll,Scroll,597,742,0.00,0.00,None,N/A,
173.7599,gk,Scroll,Scroll,597,742,0.00,0.00,None,N/A,
173.7704,gk,Scroll,Scroll,597,742,0.00,0.00,None,N/A,
173.7799,gk,Scroll,Scroll,597,742,0.00,0.00,None,N/A,
173.7905,gk,Scroll,Scroll,597,742,0.00,0.00,None,N/A,
173.8000,gk,Scroll,Scroll,597,742,0.00,0.00,None,N/A,
173.8109,gk,Scroll,Scroll,597,742,0.00,0.00,None,N/A,
173.8201,gk,Scroll,Scroll,597,742,0.00,0.00,None,N/A,
173.8307,gk,Scroll,Scroll,597,742,0.00,0.00,None,N/A,
173.8403,gk,Scroll,Scroll,597,742,0.00,0.00,None,N/A,
173.8500,gk,Scroll,Scroll,597,742,0.00,0.00,None,N/A,
173.8610,gk,Scroll,Scroll,597,742,0.00,0.00,None,N/A,
173.8710,gk,Scroll,Scroll,597,742,0.00,0.00,None,N/A,
173.8811,gk,Scroll,Scroll,597,742,0.00,0.00,None,N/A,
173.8912,gk,Scroll,Scroll,597,742,0.00,0.00,None,N/A,
173.8998,gk,Scroll,Scroll,597,742,0.00,0.00,None,N/A,
173.9108,gk,Scroll,Scroll,597,742,0.00,0.00,None,N/A,
173.9203,gk,Scroll,Scroll,597,742,0.00,0.00,None,N/A,
173.9307,gk,Scroll,Scroll,597,742,0.00,0.00,None,N/A,
173.9402,gk,Scroll,Scroll,597,742,0.00,0.00,None,N/A,
173.9507,gk,Scroll,Scroll,597,742,0.00,0.00,None,N/A,
173.9602,gk,Scroll,Scroll,597,742,0.00,0.00,None,N/A,
173.9708,gk,Scroll,Scroll,597,742,0.00,0.00,None,N/A,
173.9803,gk,Scroll,Scroll,597,742,0.00,0.00,None,N/A,
173.9899,gk,Scroll,Scroll,597,742,0.00,0.00,None,N/A,
174.0005,gk,Scroll,Scroll,597,742,0.00,0.00,None,N/A,
174.0100,gk,Scroll,Scroll,597,742,0.00,0.00,None,N/A,
174.0205,gk,Scroll,Scroll,597,742,0.00,0.00,None,N/A,
174.0305,gk,Scroll,Scroll,597,742,0.00,0.00,None,N/A,
174.0401,gk,Scroll,Scroll,597,742,0.00,0.00,None,N/A,
174.0506,gk,Scroll,Scroll,597,742,0.00,0.00,None,N/A,
174.0602,gk,Scroll,Scroll,597,742,0.00,0.00,None,N/A,
174.0698,gk,Scroll,Scroll,597,742,0.00,0.00,None,N/A,
174.0804,gk,Scroll,Scroll,597,742,0.00,0.00,None,N/A,
174.0899,gk,Scroll,Scroll,597,742,0.00,0.00,None,N/A,
174.1003,gk,Scroll,Scroll,597,742,0.00,0.00,None,N/A,
174.1098,gk,Scroll,Scroll,597,742,0.00,0.00,None,N/A,
174.1204,gk,Scroll,Scroll,597,742,0.00,0.00,None,N/A,
174.1303,gk,Scroll,Scroll,597,742,0.00,0.00,None,N/A,
174.1406,gk,Scroll,Scroll,597,742,0.00,0.00,None,N/A,
174.1503,gk,Scroll,Scroll,597,742,0.00,0.00,None,N/A,
174.1598,gk,Scroll,Scroll,597,742,0.00,0.00,None,N/A,
174.1703,gk,Scroll,Scroll,597,742,0.00,0.00,None,N/A,
174.1807,gk,Scroll,Scroll,597,742,0.00,0.00,None,N/A,
174.1904,gk,Scroll,Scroll,597,742,0.00,0.00,None,N/A,
174.2000,gk,Scroll,Scroll,597,742,0.00,0.00,None,N/A,
174.2111,gk,Scroll,Scroll,597,742,0.00,0.00,None,N/A,
174.2207,gk,Scroll,Scroll,597,742,0.00,0.00,None,N/A,
174.2303,gk,Scroll,Scroll,597,742,0.00,0.00,None,N/A,
174.2398,gk,Scroll,Scroll,597,742,0.00,0.00,None,N/A,
174.2503,gk,Scroll,Scroll,597,742,0.00,0.00,None,N/A,
174.2599,gk,Scroll,Scroll,597,742,0.00,0.00,None,N/A,
174.2704,gk,Scroll,Scroll,597,742,0.00,0.00,None,N/A,
174.2802,gk,Scroll,Scroll,597,742,0.00,0.00,None,N/A,
174.2899,gk,Scroll,Scroll,597,742,0.00,0.00,None,N/A,
174.3007,gk,Scroll,Scroll,597,742,0.00,0.00,None,N/A,
174.3104,gk,Scroll,Scroll,597,742,0.00,0.00,None,N/A,
174.3200,gk,Scroll,Scroll,597,742,0.00,0.00,None,N/A,
174.3306,gk,Scroll,Scroll,597,742,0.00,0.00,None,N/A,
174.3401,gk,Scroll,Scroll,597,742,0.00,0.00,None,N/A,
174.3505,gk,Scroll,Scroll,597,742,0.00,0.00,None,N/A,
174.3616,gk,Scroll,Scroll,597,742,0.00,0.00,None,N/A,
174.3704,gk,Scroll,Scroll,597,742,0.00,0.00,None,N/A,
174.3799,gk,Scroll,Scroll,597,742,0.00,0.00,None,N/A,
174.3904,gk,Scroll,Scroll,597,742,0.00,0.00,None,N/A,
174.4008,gk,Scroll,Scroll,597,742,0.00,0.00,None,N/A,
174.4103,gk,Scroll,Scroll,597,742,0.00,0.00,None,N/A,
174.4206,gk,Scroll,Scroll,597,742,0.00,0.00,None,N/A,
174.4299,gk,Scroll,Scroll,597,742,0.00,0.00,None,N/A,
174.4403,gk,Scroll,Scroll,597,742,0.00,0.00,None,N/A,
174.4498,gk,Scroll,Scroll,597,742,0.00,0.00,None,N/A,
174.4604,gk,Scroll,Scroll,597,742,0.00,0.00,None,N/A,
174.4711,gk,Scroll,Scroll,597,742,0.00,0.00,None,N/A,
174.4798,gk,Scroll,Scroll,597,742,0.00,0.00,None,N/A,
174.4906,gk,Scroll,Scroll,597,742,0.00,0.00,None,N/A,
174.4999,gk,Scroll,Scroll,597,739,323.48,34879.01,None,N/A,
174.5098,gk,Scroll,Scroll,597,737,201.81,-12276.59,None,N/A,
174.5208,gk,Scroll,Scroll,597,732,457.59,23408.62,None,N/A,
174.5306,gk,Scroll,Scroll,597,730,202.84,-25837.09,None,N/A,
174.5405,gk,Scroll,Scroll,597,728,202.37,-47.04,None,N/A,
174.5499,gk,Scroll,Scroll,596,724,440.14,25381.50,None,N/A,
174.5620,gk,Scroll,Scroll,596,720,329.67,-9104.72,None,N/A,
174.5708,gk,Scroll,Scroll,595,718,255.41,-8482.50,None,N/A,
174.5801,gk,Scroll,Scroll,595,716,215.01,-4342.74,None,N/A,
174.5901,gk,Scroll,Scroll,594,713,315.18,9983.31,None,N/A,
174.6004,gk,Scroll,Scroll,594,712,96.62,-21116.70,None,N/A,
174.6100,gk,Scroll,Scroll,594,709,314.54,22848.59,None,N/A,
174.6198,gk,Scroll,Scroll,594,707,203.77,-11285.93,None,N/A,
174.6304,gk,Scroll,Scroll,593,704,296.92,8746.62,None,N/A,
174.6406,gk,Scroll,Scroll,593,702,197.74,-9806.37,None,N/A,
174.6504,gk,Scroll,Scroll,592,699,322.13,12672.04,None,N/A,
174.6601,gk,Scroll,Scroll,591,695,424.83,10581.42,None,N/A,
174.6700,gk,Scroll,Scroll,591,693,202.65,-22512.42,None,N/A,
174.6806,gk,Scroll,Scroll,590,689,388.05,17449.18,None,N/A,
174.6902,gk,Scroll,Scroll,589,687,232.62,-16169.79,None,N/A,
174.7000,gk,Scroll,Scroll,589,683,405.90,17584.18,None,N/A,
174.7102,gk,Scroll,Scroll,588,682,138.82,-26217.38,None,N/A,
174.7205,gk,Scroll,Scroll,587,679,306.54,16258.49,None,N/A,
174.7303,gk,Scroll,Scroll,587,677,204.00,-10459.60,None,N/A,
174.7400,gk,Scroll,Scroll,586,673,426.11,22954.11,None,N/A,
174.7498,gk,Scroll,Scroll,586,671,205.38,-22666.44,None,N/A,
174.7601,gk,Scroll,Scroll,586,668,291.57,8377.74,None,N/A,
174.7707,gk,Scroll,Scroll,585,664,386.54,8903.34,None,N/A,
174.7807,gk,Scroll,Scroll,585,662,201.06,-18646.63,None,N/A,
174.7904,gk,Scroll,Scroll,584,658,422.62,22709.83,None,N/A,
174.8002,gk,Scroll,Scroll,584,657,101.76,-32650.91,None,N/A,
174.8099,gk,Scroll,Scroll,583,654,327.72,23417.32,None,N/A,
174.8202,gk,Scroll,Scroll,583,653,97.18,-22404.69,None,N/A,
174.8297,gk,Scroll,Scroll,583,651,210.33,11898.12,None,N/A,
174.8405,gk,Scroll,Scroll,583,650,92.94,-10909.83,None,N/A,
174.8500,gk,Scroll,Scroll,583,650,0.00,-9694.34,None,N/A,
174.8609,gk,Scroll,Scroll,583,650,0.00,0.00,None,N/A,
174.8710,gk,Scroll,Scroll,583,650,0.00,0.00,None,N/A,
174.8806,gk,Scroll,Scroll,583,650,0.00,0.00,None,N/A,
174.8902,gk,Scroll,Scroll,583,650,0.00,0.00,None,N/A,
174.9007,gk,Scroll,Scroll,583,650,0.00,0.00,None,N/A,
174.9102,gk,Scroll,Scroll,583,650,0.00,0.00,None,N/A,
174.9207,gk,Scroll,Scroll,583,650,0.00,0.00,None,N/A,
174.9306,gk,Scroll,Scroll,583,650,0.00,0.00,None,N/A,
174.9407,gk,Scroll,Scroll,583,650,0.00,0.00,None,N/A,
174.9509,gk,Scroll,Scroll,583,650,0.00,0.00,None,N/A,
174.9609,gk,Scroll,Scroll,583,650,0.00,0.00,None,N/A,
174.9707,gk,Scroll,Scroll,583,650,0.00,0.00,None,N/A,
174.9802,gk,Scroll,Scroll,583,650,0.00,0.00,None,N/A,
174.9907,gk,Scroll,Scroll,583,650,0.00,0.00,None,N/A,
175.0006,gk,Scroll,Scroll,583,650,0.00,0.00,None,N/A,
175.0102,gk,Scroll,Scroll,583,650,0.00,0.00,None,N/A,
175.0199,gk,Scroll,Scroll,583,650,0.00,0.00,None,N/A,
175.0305,gk,Scroll,Scroll,583,650,0.00,0.00,None,N/A,
175.0400,gk,Scroll,Scroll,583,650,0.00,0.00,None,N/A,
175.0504,gk,Scroll,Scroll,583,650,0.00,0.00,None,N/A,
175.0599,gk,Scroll,Scroll,583,650,0.00,0.00,None,N/A,
175.0703,gk,Scroll,Scroll,583,650,0.00,0.00,None,N/A,
175.0807,gk,Scroll,Scroll,583,650,0.00,0.00,None,N/A,
175.0902,gk,Scroll,Scroll,583,650,0.00,0.00,None,N/A,
175.1007,gk,Scroll,Scroll,584,648,212.94,20278.29,None,N/A,
175.1108,gk,Scroll,Scroll,587,643,579.68,36459.49,None,N/A,
175.1202,gk,Scroll,Scroll,589,640,384.09,-20835.91,None,N/A,
175.1299,gk,Scroll,Scroll,591,638,289.61,-9674.08,None,N/A,
175.1405,gk,Scroll,Scroll,594,633,550.83,24676.37,None,N/A,
175.1503,gk,Scroll,Scroll,595,631,228.52,-32938.87,None,N/A,
175.1600,gk,Scroll,Scroll,597,628,373.35,14996.89,None,N/A,
175.1699,gk,Scroll,Scroll,598,627,142.03,-23231.06,None,N/A,
175.1807,gk,Scroll,Scroll,599,625,207.42,6065.99,None,N/A,
175.1904,gk,Scroll,Scroll,600,624,146.14,-6332.84,None,N/A,
175.1999,gk,Scroll,Scroll,601,622,235.90,9470.21,None,N/A,
175.2105,gk,Scroll,Scroll,601,622,0.00,-22283.27,None,N/A,
175.2201,gk,Scroll,Scroll,601,621,103.26,10663.08,None,N/A,
175.2303,gk,Scroll,Scroll,602,620,139.48,3571.99,None,N/A,
175.2404,gk,Scroll,Scroll,602,620,0.00,-13817.17,None,N/A,
175.2498,gk,Scroll,Scroll,603,619,149.83,15873.17,None,N/A,
175.2605,gk,Scroll,Scroll,603,619,0.00,-14073.39,None,N/A,
175.2706,gk,Scroll,Scroll,603,619,0.00,0.00,None,N/A,
175.2804,gk,Scroll,Scroll,604,619,102.51,10508.32,None,N/A,
175.2897,gk,Scroll,Scroll,604,619,0.00,-10987.67,None,N/A,
175.3003,gk,Scroll,Scroll,605,619,94.39,8909.83,None,N/A,
175.3101,gk,Scroll,Scroll,606,619,101.69,741.87,None,N/A,
175.3197,gk,Scroll,Scroll,607,619,104.02,242.65,None,N/A,
175.3308,gk,Scroll,Scroll,609,620,202.74,8950.13,None,N/A,
175.3406,gk,Scroll,Scroll,610,620,102.01,-10275.02,None,N/A,
175.3504,gk,Scroll,Scroll,611,621,143.38,4195.14,None,N/A,
175.3603,gk,Scroll,Scroll,613,622,227.34,8536.01,None,N/A,
175.3705,gk,Scroll,Scroll,614,622,97.97,-12674.47,None,N/A,
175.3798,gk,Scroll,Scroll,616,624,305.07,22337.84,None,N/A,
175.3907,gk,Scroll,Scroll,617,624,91.29,-19515.75,None,N/A,
175.4006,gk,Scroll,Scroll,618,625,143.46,5292.44,None,N/A,
175.4106,gk,Scroll,Scroll,619,626,140.36,-307.29,None,N/A,
175.4198,gk,Scroll,Scroll,620,628,243.19,11183.65,None,N/A,
175.4302,gk,Scroll,Scroll,620,629,96.18,-14139.95,None,N/A,
175.4405,gk,Scroll,Scroll,621,631,218.02,11879.82,None,N/A,
175.4498,gk,Scroll,Scroll,621,632,107.06,-11879.83,None,N/A,
175.4604,gk,Scroll,Scroll,621,633,94.92,-1152.05,None,N/A,
175.4705,gk,Scroll,Scroll,621,634,98.19,320.99,None,N/A,
175.4810,gk,Scroll,Scroll,621,635,95.50,-256.87,None,N/A,
175.4904,gk,Scroll,Scroll,621,637,213.62,12616.82,None,N/A,
175.4999,gk,Scroll,Scroll,621,638,104.71,-11404.46,None,N/A,
175.5099,gk,Scroll,Scroll,620,639,141.74,3711.30,None,N/A,
175.5200,gk,Scroll,Scroll,620,640,98.87,-4239.01,None,N/A,
175.5303,gk,Scroll,Scroll,619,641,137.11,3708.14,None,N/A,
175.5401,gk,Scroll,Scroll,619,642,102.49,-3548.84,None,N/A,
175.5500,gk,Scroll,Scroll,618,642,101.07,-142.54,None,N/A,
175.5602,gk,Scroll,Scroll,617,643,138.23,3631.82,None,N/A,
175.5702,gk,Scroll,Scroll,616,643,100.53,-3789.97,None,N/A,
175.5798,gk,Scroll,Scroll,615,643,103.58,315.25,None,N/A,
175.5906,gk,Scroll,Scroll,614,643,92.80,-999.96,None,N/A,
175.6003,gk,Scroll,Scroll,611,643,307.90,22076.22,None,N/A,
175.6101,gk,Scroll,Scroll,610,643,102.67,-21070.43,None,N/A,
175.6204,gk,Scroll,Scroll,608,642,216.46,11015.63,None,N/A,
175.6307,gk,Scroll,Scroll,606,642,194.52,-2133.95,None,N/A,
175.6399,gk,Scroll,Scroll,604,641,242.68,5227.43,None,N/A,
175.6499,gk,Scroll,Scroll,602,641,200.41,-4236.31,None,N/A,
175.6598,gk,Scroll,Scroll,600,641,201.09,68.59,None,N/A,
175.6700,gk,Scroll,Scroll,598,641,195.93,-505.22,None,N/A,
175.6804,gk,Scroll,Scroll,596,641,192.22,-356.85,None,N/A,
175.6905,gk,Scroll,Scroll,595,641,99.20,-9227.45,None,N/A,
175.7005,gk,Scroll,Scroll,594,641,100.04,84.02,None,N/A,
175.7098,gk,Scroll,Scroll,592,642,240.93,15179.92,None,N/A,
175.7204,gk,Scroll,Scroll,592,642,0.00,-22811.23,None,N/A,
175.7301,gk,Scroll,Scroll,591,642,102.92,10593.07,None,N/A,
175.7412,gk,Scroll,Scroll,590,642,90.05,-1159.56,None,N/A,
175.7500,gk,Scroll,Scroll,590,642,0.00,-10181.89,None,N/A,
175.7599,gk,Scroll,Scroll,590,642,0.00,0.00,None,N/A,
175.7701,gk,Scroll,Scroll,589,642,97.70,9545.49,None,N/A,
175.7804,gk,Scroll,Scroll,589,642,0.00,-9501.00,None,N/A,
175.7906,gk,Scroll,Scroll,588,642,98.34,9669.87,None,N/A,
175.8002,gk,Scroll,Scroll,588,642,0.00,-10173.38,None,N/A,
175.8100,gk,Scroll,Scroll,588,642,0.00,0.00,None,N/A,
175.8207,gk,Scroll,Scroll,587,643,131.70,12264.17,None,N/A,
175.8306,gk,Scroll,Scroll,587,643,0.00,-13321.87,None,N/A,
175.8405,gk,Scroll,Scroll,587,644,101.25,10251.67,None,N/A,
175.8500,gk,Scroll,Scroll,587,645,105.24,420.33,None,N/A,
175.8606,gk,Scroll,Scroll,588,647,210.51,9910.36,None,N/A,
175.8699,gk,Scroll,Scroll,588,648,107.78,-11072.49,None,N/A,
175.8803,gk,Scroll,Scroll,589,651,305.59,19115.58,None,N/A,
175.8902,gk,Scroll,Scroll,589,652,101.01,-20665.11,None,N/A,
175.9001,gk,Scroll,Scroll,590,655,318.85,21964.36,None,N/A,
175.9101,gk,Scroll,Scroll,591,656,140.76,-17725.71,None,N/A,
175.9201,gk,Scroll,Scroll,591,657,99.90,-4081.33,None,N/A,
175.9307,gk,Scroll,Scroll,592,659,211.25,10518.83,None,N/A,
175.9409,gk,Scroll,Scroll,592,660,98.44,-11104.78,None,N/A,
175.9503,gk,Scroll,Scroll,593,661,149.47,5393.51,None,N/A,
175.9606,gk,Scroll,Scroll,593,662,97.48,-5068.13,None,N/A,
175.9699,gk,Scroll,Scroll,594,663,152.55,5939.85,None,N/A,
175.9805,gk,Scroll,Scroll,594,663,0.00,-14279.35,None,N/A,
175.9902,gk,Scroll,Scroll,594,664,103.23,10657.31,None,N/A,
176.0002,gk,Scroll,Scroll,594,664,0.00,-10390.32,None,N/A,
176.0097,gk,Scroll,Scroll,594,665,105.05,11036.46,None,N/A,
176.0203,gk,Scroll,Scroll,594,665,0.00,-9856.63,None,N/A,
176.0305,gk,Scroll,Scroll,594,665,0.00,0.00,None,N/A,
176.0400,gk,Scroll,Scroll,594,665,0.00,0.00,None,N/A,
176.0507,gk,Scroll,Scroll,594,665,0.00,0.00,None,N/A,
176.0600,gk,Scroll,Scroll,594,665,0.00,0.00,None,N/A,
176.0705,gk,Scroll,Scroll,594,665,0.00,0.00,None,N/A,
176.0799,gk,Scroll,Scroll,594,665,0.00,0.00,None,N/A,
176.0904,gk,Scroll,Scroll,594,665,0.00,0.00,None,N/A,
176.1005,gk,Scroll,Scroll,594,666,99.11,9822.18,None,N/A,
176.1101,gk,Scroll,Scroll,594,666,0.00,-10366.46,None,N/A,
176.1206,gk,Scroll,Scroll,594,666,0.00,0.00,None,N/A,
176.1302,gk,Scroll,Scroll,594,666,0.00,0.00,None,N/A,
176.1398,gk,Scroll,Scroll,594,666,0.00,0.00,None,N/A,
176.1505,gk,Scroll,Scroll,594,666,0.00,0.00,None,N/A,
176.1602,gk,Scroll,Scroll,594,666,0.00,0.00,None,N/A,
176.1698,gk,Scroll,Scroll,594,665,104.59,10938.16,None,N/A,
176.1802,gk,Scroll,Scroll,594,665,0.00,-10020.65,None,N/A,
176.1907,gk,Scroll,Scroll,594,665,0.00,0.00,None,N/A,
176.2002,gk,Scroll,Scroll,594,665,0.00,0.00,None,N/A,
176.2107,gk,Scroll,Scroll,594,665,0.00,0.00,None,N/A,
176.2207,gk,Scroll,Scroll,594,665,0.00,0.00,None,N/A,
176.2307,gk,Scroll,Scroll,594,665,0.00,0.00,None,N/A,
176.2407,gk,Scroll,Scroll,594,665,0.00,0.00,None,N/A,
176.2508,gk,Scroll,Scroll,594,665,0.00,0.00,None,N/A,
176.2607,gk,Scroll,Scroll,594,665,0.00,0.00,None,N/A,
176.2710,gk,Scroll,Scroll,594,665,0.00,0.00,None,N/A,
176.2810,gk,Scroll,Scroll,594,665,0.00,0.00,None,N/A,
176.2910,gk,Scroll,Scroll,594,665,0.00,0.00,None,N/A,
176.3006,gk,Scroll,Scroll,594,665,0.00,0.00,None,N/A,
176.3102,gk,Scroll,Scroll,594,665,0.00,0.00,None,N/A,
176.3207,gk,Scroll,Scroll,594,665,0.00,0.00,None,N/A,
176.3303,gk,Scroll,Scroll,594,665,0.00,0.00,None,N/A,
176.3398,gk,Scroll,Scroll,594,665,0.00,0.00,None,N/A,
176.3503,gk,Scroll,Scroll,594,665,0.00,0.00,None,N/A,
176.3603,gk,Scroll,Scroll,594,665,0.00,0.00,None,N/A,
176.3699,gk,Scroll,Scroll,594,665,0.00,0.00,None,N/A,
176.3804,gk,Scroll,Scroll,594,665,0.00,0.00,None,N/A,
176.3899,gk,Scroll,Scroll,594,665,0.00,0.00,None,N/A,
176.4005,gk,Scroll,Scroll,594,665,0.00,0.00,None,N/A,
176.4099,gk,Scroll,Scroll,594,665,0.00,0.00,Left,N/A,
176.4205,gk,Scroll,Scroll,594,665,0.00,0.00,Left,N/A,
176.4300,gk,Scroll,Scroll,594,665,0.00,0.00,Left,N/A,
176.4406,gk,Scroll,Scroll,594,665,0.00,0.00,Left,N/A,
176.4502,gk,Scroll,Scroll,594,665,0.00,0.00,Left,N/A,
176.4606,gk,Scroll,Scroll,594,665,0.00,0.00,Left,N/A,
176.4701,gk,Scroll,Scroll,594,665,0.00,0.00,Left,N/A,
176.4805,gk,Scroll,Scroll,594,665,0.00,0.00,Left,N/A,
176.4900,gk,Scroll,Scroll,594,665,0.00,0.00,Left,N/A,
176.5005,gk,Scroll,Scroll,594,665,0.00,0.00,Left,N/A,
176.5100,gk,Scroll,Scroll,594,665,0.00,0.00,Left,N/A,
176.5205,gk,Scroll,Scroll,594,665,0.00,0.00,Left,N/A,
176.5301,gk,Scroll,Scroll,594,665,0.00,0.00,Left,N/A,
176.5398,gk,Scroll,Scroll,594,665,0.00,0.00,Left,N/A,
176.5505,gk,Scroll,Scroll,594,665,0.00,0.00,Left,N/A,
176.5601,gk,Scroll,Scroll,594,665,0.00,0.00,Left,N/A,
176.5707,gk,Scroll,Scroll,594,665,0.00,0.00,Left,N/A,
176.5802,gk,Scroll,Scroll,594,665,0.00,0.00,Left,N/A,
176.5818,gk,Scroll,Scroll,594,665,0.00,0.00,None,N/A,scroll_item_selected_correct
176.5898,gk,Scroll,Scroll,594,665,0.00,0.00,None,N/A,
176.6006,gk,Scroll,Scroll,594,665,0.00,0.00,None,N/A,
176.6102,gk,Scroll,Scroll,594,665,0.00,0.00,None,N/A,
176.6198,gk,Scroll,Scroll,594,665,0.00,0.00,None,N/A,
176.6302,gk,Scroll,Scroll,594,665,0.00,0.00,None,N/A,
176.6407,gk,Scroll,Scroll,594,665,0.00,0.00,None,N/A,
176.6502,gk,Scroll,Scroll,594,665,0.00,0.00,None,N/A,
176.6607,gk,Scroll,Scroll,594,665,0.00,0.00,None,N/A,
176.6703,gk,Scroll,Scroll,594,665,0.00,0.00,None,N/A,
176.6807,gk,Scroll,Scroll,594,665,0.00,0.00,None,N/A,
176.6902,gk,Scroll,Scroll,594,665,0.00,0.00,None,N/A,
176.6998,gk,Scroll,Scroll,594,665,0.00,0.00,None,N/A,
176.7104,gk,Scroll,Scroll,594,665,0.00,0.00,None,N/A,
176.7199,gk,Scroll,Scroll,594,665,0.00,0.00,None,N/A,
176.7304,gk,Scroll,Scroll,594,665,0.00,0.00,None,N/A,
176.7400,gk,Scroll,Scroll,594,665,0.00,0.00,None,N/A,
176.7506,gk,Scroll,Scroll,594,665,0.00,0.00,None,N/A,
176.7601,gk,Scroll,Scroll,594,665,0.00,0.00,None,N/A,
176.7706,gk,Scroll,Scroll,594,665,0.00,0.00,None,N/A,
176.7802,gk,Scroll,Scroll,594,665,0.00,0.00,None,N/A,
176.7908,gk,Scroll,Scroll,594,665,0.00,0.00,None,N/A,
176.8003,gk,Scroll,Scroll,594,665,0.00,0.00,None,N/A,
176.8098,gk,Scroll,Scroll,594,665,0.00,0.00,None,N/A,
176.8205,gk,Scroll,Scroll,594,665,0.00,0.00,None,N/A,
176.8301,gk,Scroll,Scroll,594,665,0.00,0.00,None,N/A,
176.8407,gk,Scroll,Scroll,594,665,0.00,0.00,None,N/A,
176.8502,gk,Scroll,Scroll,594,665,0.00,0.00,None,N/A,
176.8601,gk,Scroll,Scroll,594,665,0.00,0.00,None,N/A,
176.8707,gk,Scroll,Scroll,594,665,0.00,0.00,None,N/A,
176.8802,gk,Scroll,Scroll,594,665,0.00,0.00,None,N/A,
176.8907,gk,Scroll,Scroll,594,665,0.00,0.00,None,N/A,
176.9003,gk,Scroll,Scroll,594,665,0.00,0.00,None,N/A,
176.9108,gk,Scroll,Scroll,594,665,0.00,0.00,None,N/A,
176.9203,gk,Scroll,Scroll,594,665,0.00,0.00,None,N/A,
176.9298,gk,Scroll,Scroll,594,665,0.00,0.00,None,N/A,
176.9404,gk,Scroll,Scroll,594,665,0.00,0.00,None,N/A,
176.9499,gk,Scroll,Scroll,594,665,0.00,0.00,None,N/A,
176.9603,gk,Scroll,Scroll,594,665,0.00,0.00,None,N/A,
176.9699,gk,Scroll,Scroll,594,665,0.00,0.00,None,N/A,
176.9804,gk,Scroll,Scroll,594,665,0.00,0.00,None,N/A,
176.9899,gk,Scroll,Scroll,594,665,0.00,0.00,None,N/A,
177.0004,gk,Scroll,Scroll,594,665,0.00,0.00,None,N/A,
177.0100,gk,Scroll,Scroll,594,665,0.00,0.00,None,N/A,
177.0204,gk,Scroll,Scroll,594,665,0.00,0.00,None,N/A,
177.0303,gk,Scroll,Scroll,594,665,0.00,0.00,None,N/A,
177.0399,gk,Scroll,Scroll,594,665,0.00,0.00,None,N/A,
177.0505,gk,Scroll,Scroll,594,665,0.00,0.00,None,N/A,
177.0605,gk,Scroll,Scroll,594,665,0.00,0.00,None,N/A,
177.0706,gk,Scroll,Scroll,594,665,0.00,0.00,None,N/A,
177.0816,gk,Scroll,Scroll,594,665,0.00,0.00,None,N/A,
177.0906,gk,Scroll,Scroll,594,665,0.00,0.00,None,N/A,
177.1004,gk,Scroll,Scroll,594,665,0.00,0.00,None,N/A,
177.1100,gk,Scroll,Scroll,594,665,0.00,0.00,None,N/A,
177.1205,gk,Scroll,Scroll,594,665,0.00,0.00,None,N/A,
177.1299,gk,Scroll,Scroll,594,665,0.00,0.00,None,N/A,
177.1404,gk,Scroll,Scroll,594,665,0.00,0.00,None,N/A,
177.1500,gk,Scroll,Scroll,594,665,0.00,0.00,None,N/A,
177.1606,gk,Scroll,Scroll,594,665,0.00,0.00,None,N/A,
177.1702,gk,Scroll,Scroll,594,665,0.00,0.00,None,N/A,
177.1803,gk,Scroll,Scroll,594,665,0.00,0.00,None,N/A,
177.1903,gk,Scroll,Scroll,594,665,0.00,0.00,None,N/A,
177.1999,gk,Scroll,Scroll,594,665,0.00,0.00,None,N/A,
177.2108,gk,Scroll,Scroll,594,665,0.00,0.00,None,N/A,
177.2209,gk,Scroll,Scroll,594,665,0.00,0.00,None,N/A,
177.2305,gk,Scroll,Scroll,594,665,0.00,0.00,None,N/A,
177.2402,gk,Scroll,Scroll,594,665,0.00,0.00,None,N/A,
177.2501,gk,Scroll,Scroll,594,665,0.00,0.00,None,N/A,
177.2612,gk,Scroll,Scroll,594,665,0.00,0.00,None,N/A,
177.2698,gk,Scroll,Scroll,594,665,0.00,0.00,None,N/A,
177.2802,gk,Scroll,Scroll,594,665,0.00,0.00,None,N/A,
177.2898,gk,Scroll,Scroll,594,665,0.00,0.00,None,N/A,
177.3003,gk,Scroll,Scroll,594,665,0.00,0.00,None,N/A,
177.3099,gk,Scroll,Scroll,594,665,0.00,0.00,None,N/A,
177.3204,gk,Scroll,Scroll,594,665,0.00,0.00,None,N/A,
177.3300,gk,Scroll,Scroll,594,665,0.00,0.00,None,N/A,
177.3411,gk,Scroll,Scroll,594,665,0.00,0.00,None,N/A,
177.3502,gk,Scroll,Scroll,594,665,0.00,0.00,None,N/A,
177.3598,gk,Scroll,Scroll,594,665,0.00,0.00,None,N/A,
177.3708,gk,Scroll,Scroll,594,665,0.00,0.00,None,N/A,
177.3808,gk,Scroll,Scroll,594,665,0.00,0.00,None,N/A,
177.3909,gk,Scroll,Scroll,594,665,0.00,0.00,None,N/A,
177.4004,gk,Scroll,Scroll,594,665,0.00,0.00,None,N/A,
177.4106,gk,Scroll,Scroll,594,665,0.00,0.00,None,N/A,
177.4203,gk,Scroll,Scroll,594,665,0.00,0.00,None,N/A,
177.4299,gk,Scroll,Scroll,594,665,0.00,0.00,None,N/A,
177.4405,gk,Scroll,Scroll,594,665,0.00,0.00,None,N/A,
177.4500,gk,Scroll,Scroll,594,665,0.00,0.00,None,N/A,
177.4607,gk,Scroll,Scroll,594,665,0.00,0.00,None,N/A,
177.4704,gk,Scroll,Scroll,594,665,0.00,0.00,None,N/A,
177.4800,gk,Scroll,Scroll,594,665,0.00,0.00,None,N/A,
177.4908,gk,Scroll,Scroll,594,665,0.00,0.00,None,N/A,
177.5006,gk,Scroll,Scroll,594,665,0.00,0.00,None,N/A,
177.5105,gk,Scroll,Scroll,594,665,0.00,0.00,None,N/A,
177.5202,gk,Scroll,Scroll,594,665,0.00,0.00,None,N/A,
177.5308,gk,Scroll,Scroll,594,665,0.00,0.00,None,N/A,
177.5406,gk,Scroll,Scroll,594,665,0.00,0.00,None,N/A,
177.5503,gk,Scroll,Scroll,594,665,0.00,0.00,None,N/A,
177.5600,gk,Scroll,Scroll,594,665,0.00,0.00,None,N/A,
177.5710,gk,Scroll,Scroll,594,665,0.00,0.00,None,N/A,
177.5806,gk,Scroll,Scroll,594,665,0.00,0.00,None,N/A,
177.5902,gk,Scroll,Scroll,594,665,0.00,0.00,None,N/A,
177.6001,gk,Scroll,Scroll,594,665,0.00,0.00,None,N/A,
177.6116,gk,Scroll,Scroll,594,665,0.00,0.00,None,N/A,
177.6202,gk,Scroll,Scroll,594,665,0.00,0.00,None,N/A,
177.6307,gk,Scroll,Scroll,594,665,0.00,0.00,None,N/A,
177.6403,gk,Scroll,Scroll,594,665,0.00,0.00,None,N/A,
177.6500,gk,Scroll,Scroll,594,665,0.00,0.00,None,N/A,
177.6607,gk,Scroll,Scroll,594,665,0.00,0.00,None,N/A,
177.6707,gk,Scroll,Scroll,594,665,0.00,0.00,None,N/A,
177.6805,gk,Scroll,Scroll,594,665,0.00,0.00,None,N/A,
177.6903,gk,Scroll,Scroll,594,665,0.00,0.00,None,N/A,
177.7001,gk,Scroll,Scroll,594,665,0.00,0.00,None,N/A,
177.7108,gk,Scroll,Scroll,594,665,0.00,0.00,None,N/A,
177.7205,gk,Scroll,Scroll,594,665,0.00,0.00,None,N/A,
177.7301,gk,Scroll,Scroll,594,665,0.00,0.00,None,N/A,
177.7408,gk,Scroll,Scroll,594,665,0.00,0.00,None,N/A,
177.7504,gk,Scroll,Scroll,594,665,0.00,0.00,None,N/A,
177.7600,gk,Scroll,Scroll,594,665,0.00,0.00,None,N/A,
177.7706,gk,Scroll,Scroll,594,665,0.00,0.00,None,N/A,
177.7801,gk,Scroll,Scroll,594,665,0.00,0.00,None,N/A,
177.7906,gk,Scroll,Scroll,594,665,0.00,0.00,None,N/A,
177.8001,gk,Scroll,Scroll,594,665,0.00,0.00,None,N/A,
177.8107,gk,Scroll,Scroll,594,665,0.00,0.00,None,N/A,
177.8204,gk,Scroll,Scroll,594,665,0.00,0.00,None,N/A,
177.8305,gk,Scroll,Scroll,594,665,0.00,0.00,None,N/A,
177.8401,gk,Scroll,Scroll,594,665,0.00,0.00,None,N/A,
177.8507,gk,Scroll,Scroll,594,665,0.00,0.00,None,N/A,
177.8603,gk,Scroll,Scroll,594,665,0.00,0.00,None,N/A,
177.8700,gk,Scroll,Scroll,594,665,0.00,0.00,None,N/A,
177.8806,gk,Scroll,Scroll,594,665,0.00,0.00,None,N/A,
177.8901,gk,Scroll,Scroll,594,665,0.00,0.00,None,N/A,
177.9007,gk,Scroll,Scroll,594,665,0.00,0.00,None,N/A,
177.9105,gk,Scroll,Scroll,594,665,0.00,0.00,None,N/A,
177.9202,gk,Scroll,Scroll,594,665,0.00,0.00,None,N/A,
177.9298,gk,Scroll,Scroll,594,665,0.00,0.00,None,N/A,
177.9404,gk,Scroll,Scroll,594,665,0.00,0.00,None,N/A,
177.9502,gk,Scroll,Scroll,594,665,0.00,0.00,None,N/A,
177.9599,gk,Scroll,Scroll,594,665,0.00,0.00,None,N/A,
177.9706,gk,Scroll,Scroll,594,665,0.00,0.00,None,N/A,
177.9802,gk,Scroll,Scroll,594,665,0.00,0.00,None,N/A,
177.9899,gk,Scroll,Scroll,594,665,0.00,0.00,None,N/A,
178.0006,gk,Scroll,Scroll,594,665,0.00,0.00,None,N/A,
178.0102,gk,Scroll,Scroll,594,665,0.00,0.00,None,N/A,
178.0199,gk,Scroll,Scroll,594,665,0.00,0.00,None,N/A,
178.0305,gk,Scroll,Scroll,594,665,0.00,0.00,None,N/A,
178.0402,gk,Scroll,Scroll,594,665,0.00,0.00,None,N/A,
178.0499,gk,Scroll,Scroll,594,665,0.00,0.00,None,N/A,
178.0605,gk,Scroll,Scroll,594,665,0.00,0.00,None,N/A,
178.0701,gk,Scroll,Scroll,594,665,0.00,0.00,None,N/A,
178.0807,gk,Scroll,Scroll,594,665,0.00,0.00,None,N/A,
178.0903,gk,Scroll,Scroll,594,665,0.00,0.00,None,N/A,
178.0998,gk,Scroll,Scroll,594,665,0.00,0.00,None,N/A,
178.1103,gk,Scroll,Scroll,594,665,0.00,0.00,None,N/A,
178.1198,gk,Scroll,Scroll,594,665,0.00,0.00,None,N/A,
178.1306,gk,Scroll,Scroll,594,665,0.00,0.00,None,N/A,
178.1404,gk,Scroll,Scroll,594,665,0.00,0.00,None,N/A,
178.1505,gk,Scroll,Scroll,594,665,0.00,0.00,None,N/A,
178.1602,gk,Scroll,Scroll,594,665,0.00,0.00,None,N/A,
178.1699,gk,Scroll,Scroll,594,665,0.00,0.00,None,N/A,
178.1806,gk,Scroll,Scroll,594,665,0.00,0.00,None,N/A,
178.1904,gk,Scroll,Scroll,594,665,0.00,0.00,None,N/A,
178.2001,gk,Scroll,Scroll,594,665,0.00,0.00,None,N/A,
178.2109,gk,Scroll,Scroll,594,665,0.00,0.00,None,N/A,
178.2206,gk,Scroll,Scroll,594,665,0.00,0.00,None,N/A,
178.2303,gk,Scroll,Scroll,594,665,0.00,0.00,None,N/A,
178.2399,gk,Scroll,Scroll,594,665,0.00,0.00,None,N/A,
178.2505,gk,Scroll,Scroll,594,665,0.00,0.00,None,N/A,
178.2600,gk,Scroll,Scroll,594,665,0.00,0.00,None,N/A,
178.2706,gk,Scroll,Scroll,594,665,0.00,0.00,None,N/A,
178.2803,gk,Scroll,Scroll,594,665,0.00,0.00,None,N/A,
178.2902,gk,Scroll,Scroll,594,665,0.00,0.00,None,N/A,
178.3001,gk,Scroll,Scroll,594,665,0.00,0.00,None,N/A,
178.3106,gk,Scroll,Scroll,594,665,0.00,0.00,None,N/A,
178.3202,gk,Scroll,Scroll,594,665,0.00,0.00,None,N/A,
178.3307,gk,Scroll,Scroll,594,665,0.00,0.00,None,N/A,
178.3404,gk,Scroll,Scroll,594,665,0.00,0.00,None,N/A,
178.3501,gk,Scroll,Scroll,594,665,0.00,0.00,None,N/A,
178.3608,gk,Scroll,Scroll,594,665,0.00,0.00,None,N/A,
178.3706,gk,Scroll,Scroll,594,665,0.00,0.00,None,N/A,
178.3803,gk,Scroll,Scroll,594,665,0.00,0.00,None,N/A,
178.3900,gk,Scroll,Scroll,594,665,0.00,0.00,None,N/A,
178.4006,gk,Scroll,Scroll,594,665,0.00,0.00,None,N/A,
178.4102,gk,Scroll,Scroll,594,665,0.00,0.00,None,N/A,
178.4208,gk,Scroll,Scroll,594,665,0.00,0.00,None,N/A,
178.4303,gk,Scroll,Scroll,594,665,0.00,0.00,None,N/A,
178.4399,gk,Scroll,Scroll,594,665,0.00,0.00,None,N/A,
178.4505,gk,Scroll,Scroll,594,665,0.00,0.00,None,N/A,
178.4600,gk,Scroll,Scroll,594,665,0.00,0.00,None,N/A,
178.4706,gk,Scroll,Scroll,594,665,0.00,0.00,None,N/A,
178.4805,gk,Scroll,Scroll,594,665,0.00,0.00,None,N/A,
178.4901,gk,Scroll,Scroll,594,665,0.00,0.00,None,N/A,
178.5006,gk,Scroll,Scroll,594,665,0.00,0.00,None,N/A,
178.5102,gk,Scroll,Scroll,594,665,0.00,0.00,None,N/A,
178.5208,gk,Scroll,Scroll,594,665,0.00,0.00,None,N/A,
178.5305,gk,Scroll,Scroll,594,665,0.00,0.00,None,N/A,
178.5402,gk,Scroll,Scroll,594,665,0.00,0.00,None,N/A,
178.5507,gk,Scroll,Scroll,594,665,0.00,0.00,None,N/A,
178.5603,gk,Scroll,Scroll,594,665,0.00,0.00,None,N/A,
178.5698,gk,Scroll,Scroll,594,665,0.00,0.00,None,N/A,
178.5804,gk,Scroll,Scroll,594,665,0.00,0.00,None,N/A,
178.5899,gk,Scroll,Scroll,594,665,0.00,0.00,None,N/A,
178.6004,gk,Scroll,Scroll,594,665,0.00,0.00,None,N/A,
178.6101,gk,Scroll,Scroll,594,665,0.00,0.00,None,N/A,
178.6199,gk,Scroll,Scroll,594,665,0.00,0.00,None,N/A,
178.6305,gk,Scroll,Scroll,594,665,0.00,0.00,None,N/A,
178.6407,gk,Scroll,Scroll,594,665,0.00,0.00,None,N/A,
178.6502,gk,Scroll,Scroll,594,665,0.00,0.00,None,N/A,
178.6607,gk,Scroll,Scroll,594,665,0.00,0.00,None,N/A,
178.6702,gk,Scroll,Scroll,594,665,0.00,0.00,None,N/A,
178.6807,gk,Scroll,Scroll,594,665,0.00,0.00,None,N/A,
178.6902,gk,Scroll,Scroll,594,665,0.00,0.00,None,N/A,
178.7007,gk,Scroll,Scroll,594,665,0.00,0.00,None,N/A,
178.7102,gk,Scroll,Scroll,594,665,0.00,0.00,None,N/A,
178.7199,gk,Scroll,Scroll,594,665,0.00,0.00,None,N/A,
178.7306,gk,Scroll,Scroll,594,665,0.00,0.00,None,N/A,
178.7409,gk,Scroll,Scroll,594,665,0.00,0.00,None,N/A,
178.7501,gk,Scroll,Scroll,594,665,0.00,0.00,None,N/A,
178.7603,gk,Scroll,Scroll,594,665,0.00,0.00,None,N/A,
178.7697,gk,Scroll,Scroll,594,666,106.62,11367.14,None,N/A,
178.7804,gk,Scroll,Scroll,594,668,187.77,7619.02,None,N/A,
178.7900,gk,Scroll,Scroll,594,671,312.77,13031.62,None,N/A,
178.8006,gk,Scroll,Scroll,594,672,93.76,-20533.65,None,N/A,
178.8099,gk,Scroll,Scroll,593,673,153.06,6418.79,None,N/A,
178.8206,gk,Scroll,Scroll,593,676,279.64,11798.54,None,N/A,
178.8304,gk,Scroll,Scroll,593,677,101.85,-18107.65,None,N/A,
178.8401,gk,Scroll,Scroll,593,680,308.94,21326.74,None,N/A,
178.8506,gk,Scroll,Scroll,593,681,95.13,-20340.03,None,N/A,
178.8598,gk,Scroll,Scroll,593,684,327.21,25313.16,None,N/A,
178.8699,gk,Scroll,Scroll,593,685,99.51,-22659.04,None,N/A,
178.8802,gk,Scroll,Scroll,594,688,304.57,19750.20,None,N/A,
178.8907,gk,Scroll,Scroll,594,690,190.31,-10872.77,None,N/A,
178.8998,gk,Scroll,Scroll,596,694,494.31,33601.22,None,N/A,
178.9099,gk,Scroll,Scroll,596,696,197.41,-29305.37,None,N/A,
178.9206,gk,Scroll,Scroll,597,699,295.34,9145.54,None,N/A,
178.9307,gk,Scroll,Scroll,598,701,221.13,-7338.15,None,N/A,
178.9399,gk,Scroll,Scroll,599,702,154.15,-7301.41,None,N/A,
178.9500,gk,Scroll,Scroll,600,705,314.39,15931.25,None,N/A,
178.9599,gk,Scroll,Scroll,601,706,143.12,-17332.90,None,N/A,
178.9704,gk,Scroll,Scroll,602,709,300.33,14929.86,None,N/A,
178.9805,gk,Scroll,Scroll,602,710,99.07,-19938.04,None,N/A,
178.9906,gk,Scroll,Scroll,603,711,139.16,3944.61,None,N/A,
179.0002,gk,Scroll,Scroll,603,712,104.97,-3588.79,None,N/A,
179.0107,gk,Scroll,Scroll,604,713,134.19,2772.80,None,N/A,
179.0199,gk,Scroll,Scroll,604,714,108.91,-2753.33,None,N/A,
179.0299,gk,Scroll,Scroll,604,715,99.83,-906.41,None,N/A,
179.0399,gk,Scroll,Scroll,604,715,0.00,-9961.27,None,N/A,
179.0510,gk,Scroll,Scroll,604,716,90.68,8223.54,None,N/A,
179.0599,gk,Scroll,Scroll,604,716,0.00,-10142.53,None,N/A,
179.0709,gk,Scroll,Scroll,604,716,0.00,0.00,None,N/A,
179.0799,gk,Scroll,Scroll,604,717,111.24,12374.34,None,N/A,
179.0899,gk,Scroll,Scroll,604,717,0.00,-11065.18,None,N/A,
179.1003,gk,Scroll,Scroll,604,717,0.00,0.00,None,N/A,
179.1098,gk,Scroll,Scroll,604,717,0.00,0.00,None,N/A,
179.1206,gk,Scroll,Scroll,604,717,0.00,0.00,None,N/A,
179.1319,gk,Scroll,Scroll,604,717,0.00,0.00,None,N/A,
179.1401,gk,Scroll,Scroll,604,717,0.00,0.00,None,N/A,
179.1500,gk,Scroll,Scroll,604,717,0.00,0.00,None,N/A,
179.1606,gk,Scroll,Scroll,604,717,0.00,0.00,None,N/A,
179.1702,gk,Scroll,Scroll,604,717,0.00,0.00,None,N/A,
179.1808,gk,Scroll,Scroll,604,717,0.00,0.00,None,N/A,
179.1904,gk,Scroll,Scroll,604,717,0.00,0.00,None,N/A,
179.1999,gk,Scroll,Scroll,604,717,0.00,0.00,None,N/A,
179.2105,gk,Scroll,Scroll,604,717,0.00,0.00,None,N/A,
179.2206,gk,Scroll,Scroll,604,717,0.00,0.00,None,N/A,
179.2300,gk,Scroll,Scroll,604,717,0.00,0.00,None,N/A,
179.2404,gk,Scroll,Scroll,604,718,96.01,9217.13,None,N/A,
179.2499,gk,Scroll,Scroll,604,718,0.00,-10138.16,None,N/A,
179.2602,gk,Scroll,Scroll,604,718,0.00,0.00,None,N/A,
179.2708,gk,Scroll,Scroll,604,718,0.00,0.00,None,N/A,
179.2803,gk,Scroll,Scroll,604,718,0.00,0.00,None,N/A,
179.2909,gk,Scroll,Scroll,604,718,0.00,0.00,None,N/A,
179.3004,gk,Scroll,Scroll,604,718,0.00,0.00,None,N/A,
179.3100,gk,Scroll,Scroll,604,718,0.00,0.00,None,N/A,
179.3207,gk,Scroll,Scroll,604,718,0.00,0.00,None,N/A,
179.3304,gk,Scroll,Scroll,604,718,0.00,0.00,None,N/A,
179.3399,gk,Scroll,Scroll,604,718,0.00,0.00,None,N/A,
179.3505,gk,Scroll,Scroll,604,718,0.00,0.00,None,N/A,
179.3599,gk,Scroll,Scroll,604,718,0.00,0.00,None,N/A,
179.3707,gk,Scroll,Scroll,604,718,0.00,0.00,None,N/A,
179.3812,gk,Scroll,Scroll,603,719,135.18,12922.34,None,N/A,
179.3903,gk,Scroll,Scroll,603,719,0.00,-14864.50,None,N/A,
179.4003,gk,Scroll,Scroll,603,719,0.00,0.00,None,N/A,
179.4101,gk,Scroll,Scroll,602,720,143.21,14502.96,None,N/A,
179.4209,gk,Scroll,Scroll,602,720,0.00,-13303.88,None,N/A,
179.4306,gk,Scroll,Scroll,602,720,0.00,0.00,None,N/A,
179.4403,gk,Scroll,Scroll,602,720,0.00,0.00,None,N/A,
179.4501,gk,Scroll,Scroll,602,720,0.00,0.00,None,N/A,
179.4607,gk,Scroll,Scroll,602,720,0.00,0.00,None,N/A,
179.4709,gk,Scroll,Scroll,602,720,0.00,0.00,None,N/A,
179.4806,gk,Scroll,Scroll,602,720,0.00,0.00,None,N/A,
179.4902,gk,Scroll,Scroll,602,720,0.00,0.00,None,N/A,
179.5007,gk,Scroll,Scroll,602,720,0.00,0.00,None,N/A,
179.5102,gk,Scroll,Scroll,602,720,0.00,0.00,None,N/A,
179.5208,gk,Scroll,Scroll,602,720,0.00,0.00,None,N/A,
179.5303,gk,Scroll,Scroll,602,720,0.00,0.00,None,N/A,
179.5407,gk,Scroll,Scroll,602,720,0.00,0.00,None,N/A,
179.5502,gk,Scroll,Scroll,602,720,0.00,0.00,None,N/A,
179.5608,gk,Scroll,Scroll,602,720,0.00,0.00,None,N/A,
179.5707,gk,Scroll,Scroll,602,720,0.00,0.00,None,N/A,
179.5804,gk,Scroll,Scroll,602,720,0.00,0.00,None,N/A,
179.5904,gk,Scroll,Scroll,602,720,0.00,0.00,None,N/A,
179.6000,gk,Scroll,Scroll,602,720,0.00,0.00,None,N/A,
179.6110,gk,Scroll,Scroll,602,720,0.00,0.00,None,N/A,
179.6210,gk,Scroll,Scroll,602,720,0.00,0.00,None,N/A,
179.6306,gk,Scroll,Scroll,602,720,0.00,0.00,None,N/A,
179.6403,gk,Scroll,Scroll,602,720,0.00,0.00,None,N/A,
179.6498,gk,Scroll,Scroll,602,720,0.00,0.00,None,N/A,
179.6604,gk,Scroll,Scroll,602,720,0.00,0.00,None,N/A,
179.6700,gk,Scroll,Scroll,602,720,0.00,0.00,None,N/A,
179.6804,gk,Scroll,Scroll,602,720,0.00,0.00,None,N/A,
179.6899,gk,Scroll,Scroll,602,720,0.00,0.00,None,N/A,
179.7003,gk,Scroll,Scroll,602,720,0.00,0.00,None,N/A,
179.7099,gk,Scroll,Scroll,602,720,0.00,0.00,None,N/A,
179.7204,gk,Scroll,Scroll,602,720,0.00,0.00,None,N/A,
179.7301,gk,Scroll,Scroll,602,720,0.00,0.00,None,N/A,
179.7408,gk,Scroll,Scroll,602,720,0.00,0.00,None,N/A,
179.7509,gk,Scroll,Scroll,602,720,0.00,0.00,None,N/A,
179.7609,gk,Scroll,Scroll,602,720,0.00,0.00,None,N/A,
179.7711,gk,Scroll,Scroll,602,720,0.00,0.00,None,N/A,
179.7811,gk,Scroll,Scroll,602,720,0.00,0.00,None,N/A,
179.7912,gk,Scroll,Scroll,602,720,0.00,0.00,None,N/A,
179.8007,gk,Scroll,Scroll,602,720,0.00,0.00,None,N/A,
179.8101,gk,Scroll,Scroll,602,720,0.00,0.00,None,N/A,
179.8211,gk,Scroll,Scroll,602,720,0.00,0.00,None,N/A,
179.8307,gk,Scroll,Scroll,602,720,0.00,0.00,None,N/A,
179.8407,gk,Scroll,Scroll,602,720,0.00,0.00,None,N/A,
179.8503,gk,Scroll,Scroll,602,720,0.00,0.00,None,N/A,
179.8599,gk,Scroll,Scroll,602,720,0.00,0.00,None,N/A,
179.8704,gk,Scroll,Scroll,602,720,0.00,0.00,None,N/A,
179.8799,gk,Scroll,Scroll,602,720,0.00,0.00,None,N/A,
179.8903,gk,Scroll,Scroll,602,720,0.00,0.00,None,N/A,
179.8999,gk,Scroll,Scroll,602,720,0.00,0.00,None,N/A,
179.9098,gk,Scroll,Scroll,602,720,0.00,0.00,None,N/A,
179.9204,gk,Scroll,Scroll,602,720,0.00,0.00,None,N/A,
179.9299,gk,Scroll,Scroll,602,720,0.00,0.00,None,N/A,
179.9403,gk,Scroll,Scroll,602,720,0.00,0.00,None,N/A,
179.9513,gk,Scroll,Scroll,602,720,0.00,0.00,None,N/A,
179.9601,gk,Scroll,Scroll,602,720,0.00,0.00,None,N/A,
179.9707,gk,Scroll,Scroll,602,720,0.00,0.00,None,N/A,
179.9800,gk,Scroll,Scroll,602,720,0.00,0.00,None,N/A,
179.9904,gk,Scroll,Scroll,602,720,0.00,0.00,None,N/A,
180.0015,gk,Scroll,Scroll,602,720,0.00,0.00,None,N/A,
180.0104,gk,Scroll,Scroll,602,720,0.00,0.00,None,N/A,
180.0201,gk,Scroll,Scroll,602,720,0.00,0.00,None,N/A,
180.0306,gk,Scroll,Scroll,602,720,0.00,0.00,None,N/A,
180.0403,gk,Scroll,Scroll,602,720,0.00,0.00,None,N/A,
180.0499,gk,Scroll,Scroll,602,720,0.00,0.00,None,N/A,
180.0602,gk,Scroll,Scroll,602,720,0.00,0.00,None,N/A,
180.0706,gk,Scroll,Scroll,602,720,0.00,0.00,None,N/A,
180.0802,gk,Scroll,Scroll,602,720,0.00,0.00,None,N/A,
180.0909,gk,Scroll,Scroll,602,720,0.00,0.00,None,N/A,
180.1000,gk,Scroll,Scroll,602,720,0.00,0.00,None,N/A,
180.1105,gk,Scroll,Scroll,602,720,0.00,0.00,None,N/A,
180.1201,gk,Scroll,Scroll,602,720,0.00,0.00,None,N/A,
180.1304,gk,Scroll,Scroll,602,720,0.00,0.00,None,N/A,
180.1406,gk,Scroll,Scroll,602,720,0.00,0.00,None,N/A,
180.1504,gk,Scroll,Scroll,602,720,0.00,0.00,None,N/A,
180.1600,gk,Scroll,Scroll,602,720,0.00,0.00,None,N/A,
180.1707,gk,Scroll,Scroll,602,720,0.00,0.00,None,N/A,
180.1799,gk,Scroll,Scroll,602,720,0.00,0.00,None,N/A,
180.1899,gk,Scroll,Scroll,602,720,0.00,0.00,None,N/A,
180.2007,gk,Scroll,Scroll,602,720,0.00,0.00,None,N/A,
180.2100,gk,Scroll,Scroll,602,720,0.00,0.00,None,N/A,
180.2203,gk,Scroll,Scroll,602,720,0.00,0.00,None,N/A,
180.2298,gk,Scroll,Scroll,602,720,0.00,0.00,None,N/A,
180.2402,gk,Scroll,Scroll,602,720,0.00,0.00,None,N/A,
180.2504,gk,Scroll,Scroll,602,720,0.00,0.00,None,N/A,
180.2604,gk,Scroll,Scroll,602,720,0.00,0.00,None,N/A,
180.2701,gk,Scroll,Scroll,602,720,0.00,0.00,None,N/A,
180.2799,gk,Scroll,Scroll,602,720,0.00,0.00,None,N/A,
180.2904,gk,Scroll,Scroll,602,720,0.00,0.00,None,N/A,
180.3007,gk,Scroll,Scroll,602,720,0.00,0.00,None,N/A,
180.3104,gk,Scroll,Scroll,602,720,0.00,0.00,None,N/A,
180.3201,gk,Scroll,Scroll,602,720,0.00,0.00,None,N/A,
180.3301,gk,Scroll,Scroll,602,720,0.00,0.00,None,N/A,
180.3401,gk,Scroll,Scroll,602,720,0.00,0.00,None,N/A,
180.3505,gk,Scroll,Scroll,602,720,0.00,0.00,None,N/A,
180.3602,gk,Scroll,Scroll,602,720,0.00,0.00,None,N/A,
180.3706,gk,Scroll,Scroll,602,720,0.00,0.00,None,N/A,
180.3799,gk,Scroll,Scroll,602,720,0.00,0.00,None,N/A,
180.3906,gk,Scroll,Scroll,602,720,0.00,0.00,None,N/A,
180.4002,gk,Scroll,Scroll,602,720,0.00,0.00,None,N/A,
180.4098,gk,Scroll,Scroll,602,720,0.00,0.00,None,N/A,
180.4203,gk,Scroll,Scroll,602,720,0.00,0.00,None,N/A,
180.4302,gk,Scroll,Scroll,602,720,0.00,0.00,None,N/A,
180.4407,gk,Scroll,Scroll,602,720,0.00,0.00,None,N/A,
180.4500,gk,Scroll,Scroll,602,720,0.00,0.00,None,N/A,
180.4610,gk,Scroll,Scroll,602,720,0.00,0.00,None,N/A,
180.4707,gk,Scroll,Scroll,602,720,0.00,0.00,None,N/A,
180.4800,gk,Scroll,Scroll,602,720,0.00,0.00,None,N/A,
180.4906,gk,Scroll,Scroll,602,720,0.00,0.00,None,N/A,
180.5002,gk,Scroll,Scroll,602,720,0.00,0.00,None,N/A,
180.5098,gk,Scroll,Scroll,602,720,0.00,0.00,None,N/A,
180.5202,gk,Scroll,Scroll,602,720,0.00,0.00,None,N/A,
180.5301,gk,Scroll,Scroll,602,720,0.00,0.00,None,N/A,
180.5403,gk,Scroll,Scroll,602,720,0.00,0.00,None,N/A,
180.5507,gk,Scroll,Scroll,602,720,0.00,0.00,None,N/A,
180.5603,gk,Scroll,Scroll,602,720,0.00,0.00,None,N/A,
180.5702,gk,Scroll,Scroll,602,720,0.00,0.00,None,N/A,
180.5804,gk,Scroll,Scroll,602,720,0.00,0.00,None,N/A,
180.5898,gk,Scroll,Scroll,602,720,0.00,0.00,None,N/A,
180.6004,gk,Scroll,Scroll,602,720,0.00,0.00,None,N/A,
180.6104,gk,Scroll,Scroll,602,720,0.00,0.00,None,N/A,
180.6199,gk,Scroll,Scroll,602,720,0.00,0.00,None,N/A,
180.6304,gk,Scroll,Scroll,602,720,0.00,0.00,None,N/A,
180.6404,gk,Scroll,Scroll,602,720,0.00,0.00,None,N/A,
180.6499,gk,Scroll,Scroll,602,720,0.00,0.00,None,N/A,
180.6605,gk,Scroll,Scroll,602,720,0.00,0.00,None,N/A,
180.6703,gk,Scroll,Scroll,602,720,0.00,0.00,None,N/A,
180.6800,gk,Scroll,Scroll,602,720,0.00,0.00,None,N/A,
180.6899,gk,Scroll,Scroll,602,720,0.00,0.00,None,N/A,
180.7006,gk,Scroll,Scroll,602,720,0.00,0.00,None,N/A,
180.7104,gk,Scroll,Scroll,602,720,0.00,0.00,None,N/A,
180.7198,gk,Scroll,Scroll,602,720,0.00,0.00,None,N/A,
180.7318,gk,Scroll,Scroll,602,720,0.00,0.00,None,N/A,
180.7399,gk,Scroll,Scroll,602,720,0.00,0.00,None,N/A,
180.7504,gk,Scroll,Scroll,602,720,0.00,0.00,None,N/A,
180.7599,gk,Scroll,Scroll,602,720,0.00,0.00,None,N/A,
180.7705,gk,Scroll,Scroll,602,720,0.00,0.00,None,N/A,
180.7800,gk,Scroll,Scroll,602,720,0.00,0.00,None,N/A,
180.7905,gk,Scroll,Scroll,602,720,0.00,0.00,None,N/A,
180.8001,gk,Scroll,Scroll,602,720,0.00,0.00,None,N/A,
180.8104,gk,Scroll,Scroll,602,720,0.00,0.00,None,N/A,
180.8200,gk,Scroll,Scroll,602,720,0.00,0.00,None,N/A,
180.8302,gk,Scroll,Scroll,602,720,0.00,0.00,None,N/A,
180.8406,gk,Scroll,Scroll,602,720,0.00,0.00,None,N/A,
180.8500,gk,Scroll,Scroll,602,720,0.00,0.00,None,N/A,
180.8603,gk,Scroll,Scroll,602,720,0.00,0.00,None,N/A,
180.8708,gk,Scroll,Scroll,602,720,0.00,0.00,None,N/A,
180.8804,gk,Scroll,Scroll,602,720,0.00,0.00,None,N/A,
180.8908,gk,Scroll,Scroll,602,720,0.00,0.00,None,N/A,
180.9004,gk,Scroll,Scroll,602,720,0.00,0.00,None,N/A,
180.9100,gk,Scroll,Scroll,602,720,0.00,0.00,None,N/A,
180.9206,gk,Scroll,Scroll,602,720,0.00,0.00,None,N/A,
180.9304,gk,Scroll,Scroll,602,720,0.00,0.00,None,N/A,
180.9407,gk,Scroll,Scroll,602,720,0.00,0.00,None,N/A,
180.9502,gk,Scroll,Scroll,602,720,0.00,0.00,None,N/A,
180.9607,gk,Scroll,Scroll,602,720,0.00,0.00,None,N/A,
180.9701,gk,Scroll,Scroll,602,720,0.00,0.00,None,N/A,
180.9806,gk,Scroll,Scroll,602,720,0.00,0.00,None,N/A,
180.9901,gk,Scroll,Scroll,602,720,0.00,0.00,None,N/A,
181.0005,gk,Scroll,Scroll,602,720,0.00,0.00,None,N/A,
181.0103,gk,Scroll,Scroll,602,720,0.00,0.00,None,N/A,
181.0202,gk,Scroll,Scroll,602,720,0.00,0.00,None,N/A,
181.0308,gk,Scroll,Scroll,602,720,0.00,0.00,None,N/A,
181.0407,gk,Scroll,Scroll,602,720,0.00,0.00,None,N/A,
181.0503,gk,Scroll,Scroll,602,720,0.00,0.00,None,N/A,
181.0598,gk,Scroll,Scroll,602,720,0.00,0.00,None,N/A,
181.0706,gk,Scroll,Scroll,602,720,0.00,0.00,None,N/A,
181.0803,gk,Scroll,Scroll,602,720,0.00,0.00,None,N/A,
181.0908,gk,Scroll,Scroll,602,720,0.00,0.00,None,N/A,
181.1002,gk,Scroll,Scroll,602,720,0.00,0.00,None,N/A,
181.1107,gk,Scroll,Scroll,602,720,0.00,0.00,None,N/A,
181.1201,gk,Scroll,Scroll,602,720,0.00,0.00,None,N/A,
181.1306,gk,Scroll,Scroll,602,720,0.00,0.00,None,N/A,
181.1402,gk,Scroll,Scroll,602,720,0.00,0.00,None,N/A,
181.1498,gk,Scroll,Scroll,602,720,0.00,0.00,None,N/A,
181.1604,gk,Scroll,Scroll,602,720,0.00,0.00,None,N/A,
181.1701,gk,Scroll,Scroll,602,720,0.00,0.00,None,N/A,
181.1807,gk,Scroll,Scroll,602,720,0.00,0.00,None,N/A,
181.1903,gk,Scroll,Scroll,602,720,0.00,0.00,None,N/A,
181.1999,gk,Scroll,Scroll,602,720,0.00,0.00,None,N/A,
181.2103,gk,Scroll,Scroll,602,720,0.00,0.00,None,N/A,
181.2204,gk,Scroll,Scroll,602,720,0.00,0.00,None,N/A,
181.2299,gk,Scroll,Scroll,602,720,0.00,0.00,None,N/A,
181.2403,gk,Scroll,Scroll,602,720,0.00,0.00,None,N/A,
181.2507,gk,Scroll,Scroll,602,720,0.00,0.00,None,N/A,
181.2601,gk,Scroll,Scroll,602,720,0.00,0.00,None,N/A,
181.2705,gk,Scroll,Scroll,602,720,0.00,0.00,None,N/A,
181.2801,gk,Scroll,Scroll,602,720,0.00,0.00,None,N/A,
181.2904,gk,Scroll,Scroll,602,720,0.00,0.00,None,N/A,
181.3000,gk,Scroll,Scroll,602,720,0.00,0.00,None,N/A,
181.3103,gk,Scroll,Scroll,602,720,0.00,0.00,None,N/A,
181.3207,gk,Scroll,Scroll,602,720,0.00,0.00,None,N/A,
181.3300,gk,Scroll,Scroll,602,720,0.00,0.00,None,N/A,
181.3403,gk,Scroll,Scroll,602,720,0.00,0.00,None,N/A,
181.3507,gk,Scroll,Scroll,602,720,0.00,0.00,None,N/A,
181.3600,gk,Scroll,Scroll,602,720,0.00,0.00,None,N/A,
181.3705,gk,Scroll,Scroll,602,720,0.00,0.00,None,N/A,
181.3801,gk,Scroll,Scroll,602,720,0.00,0.00,None,N/A,
181.3904,gk,Scroll,Scroll,602,720,0.00,0.00,None,N/A,
181.3999,gk,Scroll,Scroll,602,720,0.00,0.00,None,N/A,
181.4104,gk,Scroll,Scroll,602,720,0.00,0.00,None,N/A,
181.4207,gk,Scroll,Scroll,602,720,0.00,0.00,None,N/A,
181.4303,gk,Scroll,Scroll,602,720,0.00,0.00,None,N/A,
181.4398,gk,Scroll,Scroll,602,720,0.00,0.00,None,N/A,
181.4504,gk,Scroll,Scroll,602,720,0.00,0.00,None,N/A,
181.4599,gk,Scroll,Scroll,602,720,0.00,0.00,None,N/A,
181.4704,gk,Scroll,Scroll,602,720,0.00,0.00,None,N/A,
181.4799,gk,Scroll,Scroll,602,720,0.00,0.00,None,N/A,
181.4908,gk,Scroll,Scroll,602,720,0.00,0.00,None,N/A,
181.5005,gk,Scroll,Scroll,602,720,0.00,0.00,None,N/A,
181.5098,gk,Scroll,Scroll,602,720,0.00,0.00,None,N/A,
181.5203,gk,Scroll,Scroll,602,720,0.00,0.00,None,N/A,
181.5299,gk,Scroll,Scroll,602,720,0.00,0.00,None,N/A,
181.5403,gk,Scroll,Scroll,602,720,0.00,0.00,None,N/A,
181.5507,gk,Scroll,Scroll,602,720,0.00,0.00,None,N/A,
181.5602,gk,Scroll,Scroll,602,720,0.00,0.00,None,N/A,
181.5703,gk,Scroll,Scroll,602,720,0.00,0.00,None,N/A,
181.5802,gk,Scroll,Scroll,602,720,0.00,0.00,None,N/A,
181.5898,gk,Scroll,Scroll,602,720,0.00,0.00,None,N/A,
181.6008,gk,Scroll,Scroll,602,720,0.00,0.00,None,N/A,
181.6100,gk,Scroll,Scroll,602,720,0.00,0.00,None,N/A,
181.6208,gk,Scroll,Scroll,602,720,0.00,0.00,None,N/A,
181.6297,gk,Scroll,Scroll,602,720,0.00,0.00,None,N/A,
181.6398,gk,Scroll,Scroll,602,720,0.00,0.00,None,N/A,
181.6507,gk,Scroll,Scroll,602,720,0.00,0.00,None,N/A,
181.6606,gk,Scroll,Scroll,602,720,0.00,0.00,None,N/A,
181.6702,gk,Scroll,Scroll,602,720,0.00,0.00,None,N/A,
181.6802,gk,Scroll,Scroll,602,720,0.00,0.00,None,N/A,
181.6906,gk,Scroll,Scroll,602,720,0.00,0.00,None,N/A,
181.7006,gk,Scroll,Scroll,602,720,0.00,0.00,None,N/A,
181.7103,gk,Scroll,Scroll,602,720,0.00,0.00,None,N/A,
181.7203,gk,Scroll,Scroll,602,720,0.00,0.00,None,N/A,
181.7303,gk,Scroll,Scroll,602,720,0.00,0.00,None,N/A,
181.7399,gk,Scroll,Scroll,602,720,0.00,0.00,None,N/A,
181.7507,gk,Scroll,Scroll,602,720,0.00,0.00,None,N/A,
181.7622,gk,Scroll,Scroll,602,720,0.00,0.00,None,N/A,
181.7700,gk,Scroll,Scroll,602,720,0.00,0.00,None,N/A,
181.7798,gk,Scroll,Scroll,602,720,0.00,0.00,None,N/A,
181.7901,gk,Scroll,Scroll,602,720,0.00,0.00,None,N/A,
181.8000,gk,Scroll,Scroll,602,720,0.00,0.00,None,N/A,
181.8106,gk,Scroll,Scroll,602,720,0.00,0.00,None,N/A,
181.8206,gk,Scroll,Scroll,602,720,0.00,0.00,None,N/A,
181.8313,gk,Scroll,Scroll,602,720,0.00,0.00,None,N/A,
181.8400,gk,Scroll,Scroll,602,720,0.00,0.00,None,N/A,
181.8501,gk,Scroll,Scroll,602,720,0.00,0.00,None,N/A,
181.8606,gk,Scroll,Scroll,602,720,0.00,0.00,None,N/A,
181.8703,gk,Scroll,Scroll,602,720,0.00,0.00,None,N/A,
181.8802,gk,Scroll,Scroll,602,720,0.00,0.00,None,N/A,
181.8899,gk,Scroll,Scroll,602,720,0.00,0.00,None,N/A,
181.8999,gk,Scroll,Scroll,602,720,0.00,0.00,None,N/A,
181.9098,gk,Scroll,Scroll,602,720,0.00,0.00,None,N/A,
181.9198,gk,Scroll,Scroll,602,720,0.00,0.00,None,N/A,
181.9302,gk,Scroll,Scroll,602,720,0.00,0.00,None,N/A,
181.9400,gk,Scroll,Scroll,602,720,0.00,0.00,None,N/A,
181.9499,gk,Scroll,Scroll,602,720,0.00,0.00,None,N/A,
181.9604,gk,Scroll,Scroll,602,720,0.00,0.00,None,N/A,
181.9701,gk,Scroll,Scroll,602,720,0.00,0.00,None,N/A,
181.9800,gk,Scroll,Scroll,602,720,0.00,0.00,None,N/A,
181.9901,gk,Scroll,Scroll,602,720,0.00,0.00,None,N/A,
181.9999,gk,Scroll,Scroll,602,720,0.00,0.00,None,N/A,
182.0107,gk,Scroll,Scroll,602,720,0.00,0.00,None,N/A,
182.0201,gk,Scroll,Scroll,602,720,0.00,0.00,None,N/A,
182.0306,gk,Scroll,Scroll,602,720,0.00,0.00,None,N/A,
182.0401,gk,Scroll,Scroll,602,720,0.00,0.00,None,N/A,
182.0500,gk,Scroll,Scroll,602,720,0.00,0.00,None,N/A,
182.0606,gk,Scroll,Scroll,602,720,0.00,0.00,None,N/A,
182.0704,gk,Scroll,Scroll,602,720,0.00,0.00,None,N/A,
182.0808,gk,Scroll,Scroll,602,720,0.00,0.00,None,N/A,
182.0901,gk,Scroll,Scroll,602,720,0.00,0.00,None,N/A,
182.1004,gk,Scroll,Scroll,602,720,0.00,0.00,None,N/A,
182.1098,gk,Scroll,Scroll,602,720,0.00,0.00,None,N/A,
182.1203,gk,Scroll,Scroll,602,720,0.00,0.00,None,N/A,
182.1307,gk,Scroll,Scroll,602,720,0.00,0.00,None,N/A,
182.1401,gk,Scroll,Scroll,602,720,0.00,0.00,None,N/A,
182.1499,gk,Scroll,Scroll,602,720,0.00,0.00,None,N/A,
182.1605,gk,Scroll,Scroll,602,720,0.00,0.00,None,N/A,
182.1700,gk,Scroll,Scroll,602,720,0.00,0.00,None,N/A,
182.1803,gk,Scroll,Scroll,602,720,0.00,0.00,None,N/A,
182.1907,gk,Scroll,Scroll,602,720,0.00,0.00,None,N/A,
182.2004,gk,Scroll,Scroll,602,720,0.00,0.00,None,N/A,
182.2108,gk,Scroll,Scroll,602,720,0.00,0.00,None,N/A,
182.2203,gk,Scroll,Scroll,602,720,0.00,0.00,None,N/A,
182.2298,gk,Scroll,Scroll,602,720,0.00,0.00,None,N/A,
182.2404,gk,Scroll,Scroll,602,720,0.00,0.00,None,N/A,
182.2507,gk,Scroll,Scroll,602,720,0.00,0.00,None,N/A,
182.2601,gk,Scroll,Scroll,602,720,0.00,0.00,None,N/A,
182.2705,gk,Scroll,Scroll,602,720,0.00,0.00,None,N/A,
182.2799,gk,Scroll,Scroll,602,720,0.00,0.00,None,N/A,
182.2904,gk,Scroll,Scroll,602,720,0.00,0.00,None,N/A,
182.2998,gk,Scroll,Scroll,602,720,0.00,0.00,None,N/A,
182.3103,gk,Scroll,Scroll,602,720,0.00,0.00,None,N/A,
182.3198,gk,Scroll,Scroll,602,720,0.00,0.00,None,N/A,
182.3303,gk,Scroll,Scroll,602,720,0.00,0.00,None,N/A,
182.3398,gk,Scroll,Scroll,602,720,0.00,0.00,None,N/A,
182.3503,gk,Scroll,Scroll,602,720,0.00,0.00,None,N/A,
182.3610,gk,Scroll,Scroll,602,720,0.00,0.00,None,N/A,
182.3706,gk,Scroll,Scroll,602,720,0.00,0.00,None,N/A,
182.3805,gk,Scroll,Scroll,602,720,0.00,0.00,None,N/A,
182.3902,gk,Scroll,Scroll,602,720,0.00,0.00,None,N/A,
182.4008,gk,Scroll,Scroll,602,720,0.00,0.00,None,N/A,
182.4104,gk,Scroll,Scroll,602,720,0.00,0.00,None,N/A,
182.4202,gk,Scroll,Scroll,602,720,0.00,0.00,None,N/A,
182.4308,gk,Scroll,Scroll,602,720,0.00,0.00,None,N/A,
182.4408,gk,Scroll,Scroll,602,720,0.00,0.00,None,N/A,
182.4501,gk,Scroll,Scroll,602,720,0.00,0.00,None,N/A,
182.4608,gk,Scroll,Scroll,602,720,0.00,0.00,None,N/A,
182.4706,gk,Scroll,Scroll,602,720,0.00,0.00,None,N/A,
182.4802,gk,Scroll,Scroll,602,720,0.00,0.00,None,N/A,
182.4898,gk,Scroll,Scroll,602,720,0.00,0.00,None,N/A,
182.5004,gk,Scroll,Scroll,602,720,0.00,0.00,None,N/A,
182.5100,gk,Scroll,Scroll,602,720,0.00,0.00,None,N/A,
182.5205,gk,Scroll,Scroll,602,720,0.00,0.00,None,N/A,
182.5301,gk,Scroll,Scroll,602,720,0.00,0.00,None,N/A,
182.5406,gk,Scroll,Scroll,602,720,0.00,0.00,None,N/A,
182.5503,gk,Scroll,Scroll,602,720,0.00,0.00,None,N/A,
182.5598,gk,Scroll,Scroll,602,720,0.00,0.00,None,N/A,
182.5703,gk,Scroll,Scroll,602,720,0.00,0.00,None,N/A,
182.5807,gk,Scroll,Scroll,602,720,0.00,0.00,None,N/A,
182.5902,gk,Scroll,Scroll,602,720,0.00,0.00,None,N/A,
182.6006,gk,Scroll,Scroll,602,720,0.00,0.00,None,N/A,
182.6101,gk,Scroll,Scroll,602,720,0.00,0.00,None,N/A,
182.6211,gk,Scroll,Scroll,602,720,0.00,0.00,None,N/A,
182.6308,gk,Scroll,Scroll,602,720,0.00,0.00,None,N/A,
182.6404,gk,Scroll,Scroll,602,720,0.00,0.00,None,N/A,
182.6499,gk,Scroll,Scroll,602,720,0.00,0.00,None,N/A,
182.6605,gk,Scroll,Scroll,602,720,0.00,0.00,None,N/A,
182.6702,gk,Scroll,Scroll,602,720,0.00,0.00,None,N/A,
182.6811,gk,Scroll,Scroll,602,720,0.00,0.00,None,N/A,
182.6908,gk,Scroll,Scroll,602,720,0.00,0.00,None,N/A,
182.7003,gk,Scroll,Scroll,602,720,0.00,0.00,None,N/A,
182.7107,gk,Scroll,Scroll,602,720,0.00,0.00,None,N/A,
182.7203,gk,Scroll,Scroll,602,720,0.00,0.00,None,N/A,
182.7298,gk,Scroll,Scroll,602,720,0.00,0.00,None,N/A,
182.7403,gk,Scroll,Scroll,602,720,0.00,0.00,None,N/A,
182.7506,gk,Scroll,Scroll,602,720,0.00,0.00,None,N/A,
182.7599,gk,Scroll,Scroll,602,720,0.00,0.00,None,N/A,
182.7703,gk,Scroll,Scroll,602,720,0.00,0.00,None,N/A,
182.7807,gk,Scroll,Scroll,602,720,0.00,0.00,None,N/A,
182.7901,gk,Scroll,Scroll,602,720,0.00,0.00,None,N/A,
182.8009,gk,Scroll,Scroll,602,720,0.00,0.00,None,N/A,
182.8107,gk,Scroll,Scroll,602,720,0.00,0.00,None,N/A,
182.8201,gk,Scroll,Scroll,602,720,0.00,0.00,None,N/A,
182.8305,gk,Scroll,Scroll,602,720,0.00,0.00,None,N/A,
182.8399,gk,Scroll,Scroll,602,720,0.00,0.00,None,N/A,
182.8504,gk,Scroll,Scroll,602,720,0.00,0.00,None,N/A,
182.8600,gk,Scroll,Scroll,602,720,0.00,0.00,None,N/A,
182.8705,gk,Scroll,Scroll,602,720,0.00,0.00,None,N/A,
182.8803,gk,Scroll,Scroll,602,720,0.00,0.00,None,N/A,
182.8907,gk,Scroll,Scroll,602,720,0.00,0.00,None,N/A,
182.9007,gk,Scroll,Scroll,602,720,0.00,0.00,None,N/A,
182.9103,gk,Scroll,Scroll,602,720,0.00,0.00,None,N/A,
182.9198,gk,Scroll,Scroll,602,720,0.00,0.00,None,N/A,
182.9303,gk,Scroll,Scroll,602,720,0.00,0.00,None,N/A,
182.9398,gk,Scroll,Scroll,602,720,0.00,0.00,None,N/A,
182.9502,gk,Scroll,Scroll,602,720,0.00,0.00,None,N/A,
182.9604,gk,Scroll,Scroll,602,720,0.00,0.00,None,N/A,
182.9699,gk,Scroll,Scroll,602,720,0.00,0.00,None,N/A,
182.9803,gk,Scroll,Scroll,602,720,0.00,0.00,None,N/A,
182.9901,gk,Scroll,Scroll,602,720,0.00,0.00,None,N/A,
183.0007,gk,Scroll,Scroll,602,720,0.00,0.00,None,N/A,
183.0107,gk,Scroll,Scroll,602,720,0.00,0.00,None,N/A,
183.0203,gk,Scroll,Scroll,602,720,0.00,0.00,None,N/A,
183.0305,gk,Scroll,Scroll,602,720,0.00,0.00,None,N/A,
183.0404,gk,Scroll,Scroll,602,720,0.00,0.00,None,N/A,
183.0497,gk,Scroll,Scroll,602,720,0.00,0.00,None,N/A,
183.0606,gk,Scroll,Scroll,602,720,0.00,0.00,None,N/A,
183.0701,gk,Scroll,Scroll,602,720,0.00,0.00,None,N/A,
183.0804,gk,Scroll,Scroll,602,720,0.00,0.00,None,N/A,
183.0902,gk,Scroll,Scroll,602,720,0.00,0.00,None,N/A,
183.1001,gk,Scroll,Scroll,602,720,0.00,0.00,None,N/A,
183.1107,gk,Scroll,Scroll,602,720,0.00,0.00,None,N/A,
183.1235,gk,Scroll,Scroll,602,720,0.00,0.00,None,N/A,
183.1304,gk,Scroll,Scroll,602,720,0.00,0.00,None,N/A,
183.1413,gk,Scroll,Scroll,602,720,0.00,0.00,None,N/A,
183.1507,gk,Scroll,Scroll,602,720,0.00,0.00,None,N/A,
183.1616,gk,Scroll,Scroll,602,720,0.00,0.00,None,N/A,
183.1697,gk,Scroll,Scroll,602,720,0.00,0.00,None,N/A,
183.1808,gk,Scroll,Scroll,602,720,0.00,0.00,None,N/A,
183.1904,gk,Scroll,Scroll,602,720,0.00,0.00,None,N/A,
183.2007,gk,Scroll,Scroll,602,720,0.00,0.00,None,N/A,
183.2111,gk,Scroll,Scroll,602,720,0.00,0.00,None,N/A,
183.2207,gk,Scroll,Scroll,602,720,0.00,0.00,None,N/A,
183.2304,gk,Scroll,Scroll,602,720,0.00,0.00,None,N/A,
183.2406,gk,Scroll,Scroll,602,720,0.00,0.00,None,N/A,
183.2500,gk,Scroll,Scroll,602,720,0.00,0.00,None,N/A,
183.2599,gk,Scroll,Scroll,602,720,0.00,0.00,None,N/A,
183.2700,gk,Scroll,Scroll,602,720,0.00,0.00,None,N/A,
183.2805,gk,Scroll,Scroll,602,720,0.00,0.00,None,N/A,
183.2899,gk,Scroll,Scroll,602,720,0.00,0.00,None,N/A,
183.3000,gk,Scroll,Scroll,602,720,0.00,0.00,None,N/A,
183.3098,gk,Scroll,Scroll,602,720,0.00,0.00,None,N/A,
183.3206,gk,Scroll,Scroll,602,720,0.00,0.00,None,N/A,
183.3305,gk,Scroll,Scroll,602,720,0.00,0.00,None,N/A,
183.3401,gk,Scroll,Scroll,602,720,0.00,0.00,None,N/A,
183.3501,gk,Scroll,Scroll,602,720,0.00,0.00,None,N/A,
183.3599,gk,Scroll,Scroll,602,720,0.00,0.00,None,N/A,
183.3706,gk,Scroll,Scroll,602,720,0.00,0.00,None,N/A,
183.3797,gk,Scroll,Scroll,602,720,0.00,0.00,None,N/A,
183.3902,gk,Scroll,Scroll,602,720,0.00,0.00,None,N/A,
183.4003,gk,Scroll,Scroll,602,720,0.00,0.00,None,N/A,
183.4104,gk,Scroll,Scroll,602,720,0.00,0.00,None,N/A,
183.4205,gk,Scroll,Scroll,602,720,0.00,0.00,None,N/A,
183.4304,gk,Scroll,Scroll,602,720,0.00,0.00,None,N/A,
183.4403,gk,Scroll,Scroll,602,720,0.00,0.00,None,N/A,
183.4504,gk,Scroll,Scroll,602,720,0.00,0.00,None,N/A,
183.4604,gk,Scroll,Scroll,602,720,0.00,0.00,None,N/A,
183.4700,gk,Scroll,Scroll,602,720,0.00,0.00,None,N/A,
183.4804,gk,Scroll,Scroll,602,720,0.00,0.00,None,N/A,
183.4902,gk,Scroll,Scroll,602,720,0.00,0.00,None,N/A,
183.5006,gk,Scroll,Scroll,602,720,0.00,0.00,None,N/A,
183.5102,gk,Scroll,Scroll,602,720,0.00,0.00,None,N/A,
183.5206,gk,Scroll,Scroll,602,720,0.00,0.00,None,N/A,
183.5301,gk,Scroll,Scroll,602,720,0.00,0.00,None,N/A,
183.5405,gk,Scroll,Scroll,602,720,0.00,0.00,None,N/A,
183.5500,gk,Scroll,Scroll,602,720,0.00,0.00,None,N/A,
183.5603,gk,Scroll,Scroll,602,720,0.00,0.00,None,N/A,
183.5706,gk,Scroll,Scroll,602,720,0.00,0.00,None,N/A,
183.5806,gk,Scroll,Scroll,602,720,0.00,0.00,None,N/A,
183.5905,gk,Scroll,Scroll,602,720,0.00,0.00,None,N/A,
183.6002,gk,Scroll,Scroll,602,720,0.00,0.00,None,N/A,
183.6112,gk,Scroll,Scroll,602,720,0.00,0.00,None,N/A,
183.6198,gk,Scroll,Scroll,602,720,0.00,0.00,None,N/A,
183.6303,gk,Scroll,Scroll,602,720,0.00,0.00,None,N/A,
183.6406,gk,Scroll,Scroll,602,720,0.00,0.00,None,N/A,
183.6501,gk,Scroll,Scroll,602,720,0.00,0.00,None,N/A,
183.6605,gk,Scroll,Scroll,602,720,0.00,0.00,None,N/A,
183.6699,gk,Scroll,Scroll,602,720,0.00,0.00,None,N/A,
183.6803,gk,Scroll,Scroll,602,720,0.00,0.00,None,N/A,
183.6899,gk,Scroll,Scroll,602,720,0.00,0.00,None,N/A,
183.7004,gk,Scroll,Scroll,602,720,0.00,0.00,None,N/A,
183.7101,gk,Scroll,Scroll,602,720,0.00,0.00,None,N/A,
183.7205,gk,Scroll,Scroll,602,720,0.00,0.00,None,N/A,
183.7299,gk,Scroll,Scroll,602,720,0.00,0.00,None,N/A,
183.7402,gk,Scroll,Scroll,602,720,0.00,0.00,None,N/A,
183.7506,gk,Scroll,Scroll,602,720,0.00,0.00,None,N/A,
183.7601,gk,Scroll,Scroll,602,720,0.00,0.00,None,N/A,
183.7707,gk,Scroll,Scroll,602,720,0.00,0.00,None,N/A,
183.7802,gk,Scroll,Scroll,602,720,0.00,0.00,None,N/A,
183.7906,gk,Scroll,Scroll,602,720,0.00,0.00,None,N/A,
183.7999,gk,Scroll,Scroll,602,720,0.00,0.00,None,N/A,
183.8103,gk,Scroll,Scroll,602,720,0.00,0.00,None,N/A,
183.8207,gk,Scroll,Scroll,602,720,0.00,0.00,None,N/A,
183.8302,gk,Scroll,Scroll,602,720,0.00,0.00,None,N/A,
183.8403,gk,Scroll,Scroll,602,720,0.00,0.00,None,N/A,
183.8507,gk,Scroll,Scroll,602,720,0.00,0.00,None,N/A,
183.8603,gk,Scroll,Scroll,602,720,0.00,0.00,None,N/A,
183.8698,gk,Scroll,Scroll,602,720,0.00,0.00,None,N/A,
183.8800,gk,Scroll,Scroll,602,720,0.00,0.00,None,N/A,
183.8908,gk,Scroll,Scroll,602,720,0.00,0.00,None,N/A,
183.9008,gk,Scroll,Scroll,602,720,0.00,0.00,None,N/A,
183.9106,gk,Scroll,Scroll,602,720,0.00,0.00,None,N/A,
183.9208,gk,Scroll,Scroll,602,720,0.00,0.00,None,N/A,
183.9304,gk,Scroll,Scroll,602,720,0.00,0.00,None,N/A,
183.9404,gk,Scroll,Scroll,602,720,0.00,0.00,None,N/A,
183.9504,gk,Scroll,Scroll,602,720,0.00,0.00,None,N/A,
183.9605,gk,Scroll,Scroll,602,720,0.00,0.00,None,N/A,
183.9705,gk,Scroll,Scroll,602,720,0.00,0.00,None,N/A,
183.9802,gk,Scroll,Scroll,602,720,0.00,0.00,None,N/A,
183.9907,gk,Scroll,Scroll,602,720,0.00,0.00,None,N/A,
184.0001,gk,Scroll,Scroll,602,720,0.00,0.00,None,N/A,
184.0106,gk,Scroll,Scroll,602,720,0.00,0.00,None,N/A,
184.0202,gk,Scroll,Scroll,602,720,0.00,0.00,None,N/A,
184.0307,gk,Scroll,Scroll,602,720,0.00,0.00,None,N/A,
184.0403,gk,Scroll,Scroll,602,720,0.00,0.00,None,N/A,
184.0497,gk,Scroll,Scroll,602,720,0.00,0.00,None,N/A,
184.0606,gk,Scroll,Scroll,602,720,0.00,0.00,None,N/A,
184.0707,gk,Scroll,Scroll,602,720,0.00,0.00,None,N/A,
184.0808,gk,Scroll,Scroll,602,720,0.00,0.00,None,N/A,
184.0905,gk,Scroll,Scroll,602,720,0.00,0.00,None,N/A,
184.1007,gk,Scroll,Scroll,602,720,0.00,0.00,None,N/A,
184.1108,gk,Scroll,Scroll,602,720,0.00,0.00,None,N/A,
184.1204,gk,Scroll,Scroll,602,720,0.00,0.00,None,N/A,
184.1300,gk,Scroll,Scroll,602,720,0.00,0.00,None,N/A,
184.1407,gk,Scroll,Scroll,602,720,0.00,0.00,None,N/A,
184.1504,gk,Scroll,Scroll,602,720,0.00,0.00,None,N/A,
184.1599,gk,Scroll,Scroll,602,720,0.00,0.00,None,N/A,
184.1704,gk,Scroll,Scroll,602,720,0.00,0.00,None,N/A,
184.1800,gk,Scroll,Scroll,602,720,0.00,0.00,None,N/A,
184.1906,gk,Scroll,Scroll,602,720,0.00,0.00,None,N/A,
184.2003,gk,Scroll,Scroll,602,720,0.00,0.00,None,N/A,
184.2098,gk,Scroll,Scroll,602,720,0.00,0.00,None,N/A,
184.2210,gk,Scroll,Scroll,602,720,0.00,0.00,None,N/A,
184.2311,gk,Scroll,Scroll,602,720,0.00,0.00,None,N/A,
184.2404,gk,Scroll,Scroll,602,720,0.00,0.00,None,N/A,
184.2501,gk,Scroll,Scroll,602,720,0.00,0.00,None,N/A,
184.2611,gk,Scroll,Scroll,602,720,0.00,0.00,None,N/A,
184.2711,gk,Scroll,Scroll,602,720,0.00,0.00,None,N/A,
184.2811,gk,Scroll,Scroll,602,720,0.00,0.00,None,N/A,
184.2907,gk,Scroll,Scroll,602,720,0.00,0.00,None,N/A,
184.3003,gk,Scroll,Scroll,602,720,0.00,0.00,None,N/A,
184.3099,gk,Scroll,Scroll,602,720,0.00,0.00,None,N/A,
184.3202,gk,Scroll,Scroll,602,720,0.00,0.00,None,N/A,
184.3311,gk,Scroll,Scroll,602,720,0.00,0.00,None,N/A,
184.3407,gk,Scroll,Scroll,602,720,0.00,0.00,None,N/A,
184.3503,gk,Scroll,Scroll,602,720,0.00,0.00,None,N/A,
184.3601,gk,Scroll,Scroll,602,720,0.00,0.00,None,N/A,
184.3707,gk,Scroll,Scroll,602,720,0.00,0.00,None,N/A,
184.3804,gk,Scroll,Scroll,602,720,0.00,0.00,None,N/A,
184.3904,gk,Scroll,Scroll,602,720,0.00,0.00,None,N/A,
184.4003,gk,Scroll,Scroll,602,720,0.00,0.00,None,N/A,
184.4104,gk,Scroll,Scroll,602,720,0.00,0.00,None,N/A,
184.4201,gk,Scroll,Scroll,602,720,0.00,0.00,None,N/A,
184.4306,gk,Scroll,Scroll,602,720,0.00,0.00,None,N/A,
184.4402,gk,Scroll,Scroll,602,720,0.00,0.00,None,N/A,
184.4507,gk,Scroll,Scroll,602,720,0.00,0.00,None,N/A,
184.4603,gk,Scroll,Scroll,602,720,0.00,0.00,None,N/A,
184.4699,gk,Scroll,Scroll,602,720,0.00,0.00,None,N/A,
184.4804,gk,Scroll,Scroll,602,720,0.00,0.00,None,N/A,
184.4898,gk,Scroll,Scroll,602,720,0.00,0.00,None,N/A,
184.5004,gk,Scroll,Scroll,602,720,0.00,0.00,None,N/A,
184.5106,gk,Scroll,Scroll,602,720,0.00,0.00,None,N/A,
184.5200,gk,Scroll,Scroll,602,720,0.00,0.00,None,N/A,
184.5306,gk,Scroll,Scroll,602,720,0.00,0.00,None,N/A,
184.5399,gk,Scroll,Scroll,602,720,0.00,0.00,None,N/A,
184.5502,gk,Scroll,Scroll,602,720,0.00,0.00,None,N/A,
184.5598,gk,Scroll,Scroll,602,720,0.00,0.00,None,N/A,
184.5697,gk,Scroll,Scroll,602,718,200.76,20152.54,None,N/A,
184.5801,gk,Scroll,Scroll,602,716,193.42,-709.59,None,N/A,
184.5897,gk,Scroll,Scroll,602,710,621.65,44368.59,None,N/A,
184.5998,gk,Scroll,Scroll,602,707,297.60,-32146.24,None,N/A,
184.6101,gk,Scroll,Scroll,602,701,579.55,27233.90,None,N/A,
184.6204,gk,Scroll,Scroll,602,699,195.52,-37543.30,None,N/A,
184.6307,gk,Scroll,Scroll,602,695,388.93,18805.06,None,N/A,
184.6403,gk,Scroll,Scroll,602,694,103.50,-29542.18,None,N/A,
184.6507,gk,Scroll,Scroll,602,692,192.41,8553.77,None,N/A,
184.6601,gk,Scroll,Scroll,602,689,318.92,13448.30,None,N/A,
184.6704,gk,Scroll,Scroll,602,687,193.64,-12129.48,None,N/A,
184.6800,gk,Scroll,Scroll,602,685,209.69,1682.82,None,N/A,
184.6906,gk,Scroll,Scroll,602,683,187.75,-2059.29,None,N/A,
184.7006,gk,Scroll,Scroll,602,681,200.90,1320.71,None,N/A,
184.7105,gk,Scroll,Scroll,602,679,201.40,50.03,None,N/A,
184.7204,gk,Scroll,Scroll,602,677,202.38,99.81,None,N/A,
184.7307,gk,Scroll,Scroll,602,675,194.83,-735.84,None,N/A,
184.7398,gk,Scroll,Scroll,602,675,0.00,-21327.86,None,N/A,
184.7506,gk,Scroll,Scroll,602,673,184.50,17020.66,None,N/A,
184.7608,gk,Scroll,Scroll,602,672,98.37,-8472.89,None,N/A,
184.7700,gk,Scroll,Scroll,602,671,108.53,1102.82,None,N/A,
184.7806,gk,Scroll,Scroll,602,670,94.84,-1298.48,None,N/A,
184.7906,gk,Scroll,Scroll,602,669,99.75,489.55,None,N/A,
184.8005,gk,Scroll,Scroll,602,669,0.00,-10022.12,None,N/A,
184.8102,gk,Scroll,Scroll,602,668,104.07,10831.49,None,N/A,
184.8202,gk,Scroll,Scroll,602,668,0.00,-10358.06,None,N/A,
184.8299,gk,Scroll,Scroll,603,666,231.14,23892.76,None,N/A,
184.8402,gk,Scroll,Scroll,604,665,137.50,-9104.46,None,N/A,
184.8505,gk,Scroll,Scroll,604,661,388.28,24343.55,None,N/A,
184.8605,gk,Scroll,Scroll,605,658,314.66,-7325.55,None,N/A,
184.8703,gk,Scroll,Scroll,605,656,203.42,-11314.04,None,N/A,
184.8801,gk,Scroll,Scroll,605,651,512.06,31608.41,None,N/A,
184.8904,gk,Scroll,Scroll,605,649,194.86,-30905.15,None,N/A,
184.9003,gk,Scroll,Scroll,605,645,403.91,21109.18,None,N/A,
184.9106,gk,Scroll,Scroll,605,643,193.90,-20360.50,None,N/A,
184.9197,gk,Scroll,Scroll,606,638,556.83,39633.43,None,N/A,
184.9301,gk,Scroll,Scroll,606,636,193.31,-35136.15,None,N/A,
184.9397,gk,Scroll,Scroll,606,629,726.65,55363.96,None,N/A,
184.9501,gk,Scroll,Scroll,605,625,397.47,-31732.75,None,N/A,
184.9604,gk,Scroll,Scroll,605,616,870.83,45801.70,None,N/A,
184.9701,gk,Scroll,Scroll,604,612,428.55,-45969.96,None,N/A,
184.9802,gk,Scroll,Scroll,604,608,393.60,-3438.68,None,N/A,
184.9898,gk,Scroll,Scroll,603,600,840.66,46615.42,None,N/A,
185.0004,gk,Scroll,Scroll,602,596,390.14,-42629.58,None,N/A,
185.0100,gk,Scroll,Scroll,601,588,836.63,46331.56,None,N/A,
185.0200,gk,Scroll,Scroll,600,585,315.12,-51968.09,None,N/A,
185.0301,gk,Scroll,Scroll,600,579,598.03,28198.18,None,N/A,
185.0399,gk,Scroll,Scroll,599,576,321.61,-28112.76,None,N/A,
185.0507,gk,Scroll,Scroll,599,570,558.69,22076.19,None,N/A,
185.0606,gk,Scroll,Scroll,599,567,301.60,-25846.49,None,N/A,
185.0704,gk,Scroll,Scroll,599,563,407.24,10755.28,None,N/A,
185.0800,gk,Scroll,Scroll,599,561,207.77,-20722.33,None,N/A,
185.0901,gk,Scroll,Scroll,599,560,99.10,-10768.91,None,N/A,
185.0998,gk,Scroll,Scroll,599,556,415.38,32844.43,None,N/A,
185.1106,gk,Scroll,Scroll,599,554,184.97,-21309.62,None,N/A,
185.1201,gk,Scroll,Scroll,599,550,419.72,24632.50,None,N/A,
185.1298,gk,Scroll,Scroll,599,548,205.80,-22012.80,None,N/A,
185.1399,gk,Scroll,Scroll,599,545,298.24,9189.38,None,N/A,
185.1501,gk,Scroll,Scroll,599,543,195.41,-10046.86,None,N/A,
185.1607,gk,Scroll,Scroll,598,539,389.94,18398.22,None,N/A,
185.1704,gk,Scroll,Scroll,598,537,205.94,-18946.72,None,N/A,
185.1803,gk,Scroll,Scroll,597,533,418.01,21500.26,None,N/A,
185.1904,gk,Scroll,Scroll,597,531,196.99,-21769.58,None,N/A,
185.2000,gk,Scroll,Scroll,597,529,208.31,1179.06,None,N/A,
185.2101,gk,Scroll,Scroll,597,525,395.67,18532.82,None,N/A,
185.2206,gk,Scroll,Scroll,597,523,190.40,-19541.77,None,N/A,
185.2301,gk,Scroll,Scroll,596,518,537.93,36662.12,None,N/A,
185.2410,gk,Scroll,Scroll,596,516,183.12,-32485.76,None,N/A,
185.2506,gk,Scroll,Scroll,595,512,429.78,25711.65,None,N/A,
185.2606,gk,Scroll,Scroll,595,510,201.46,-22998.86,None,N/A,
185.2702,gk,Scroll,Scroll,595,506,413.35,21896.79,None,N/A,
185.2798,gk,Scroll,Scroll,594,505,148.58,-27817.43,None,N/A,
185.2897,gk,Scroll,Scroll,594,501,403.31,25683.78,None,N/A,
185.3003,gk,Scroll,Scroll,594,500,93.68,-29006.27,None,N/A,
185.3104,gk,Scroll,Scroll,594,497,298.58,20393.49,None,N/A,
185.3203,gk,Scroll,Scroll,594,495,201.17,-9798.33,None,N/A,
185.3302,gk,Scroll,Scroll,594,493,202.09,93.05,None,N/A,
185.3401,gk,Scroll,Scroll,594,490,303.64,10278.31,None,N/A,
185.3508,gk,Scroll,Scroll,594,489,93.81,-19684.71,None,N/A,
185.3601,gk,Scroll,Scroll,593,486,338.55,26200.49,None,N/A,
185.3709,gk,Scroll,Scroll,593,484,185.41,-14196.43,None,N/A,
185.3807,gk,Scroll,Scroll,592,481,323.65,14148.42,None,N/A,
185.3900,gk,Scroll,Scroll,592,480,106.91,-23171.54,None,N/A,
185.3999,gk,Scroll,Scroll,591,477,321.18,21763.23,None,N/A,
185.4106,gk,Scroll,Scroll,591,476,93.20,-21247.49,None,N/A,
185.4201,gk,Scroll,Scroll,591,474,210.87,12406.87,None,N/A,
185.4305,gk,Scroll,Scroll,591,474,0.00,-20216.04,None,N/A,
185.4400,gk,Scroll,Scroll,591,473,105.45,11120.42,None,N/A,
185.4506,gk,Scroll,Scroll,590,472,133.12,2604.80,None,N/A,
185.4606,gk,Scroll,Scroll,590,471,100.32,-3290.94,None,N/A,
185.4703,gk,Scroll,Scroll,590,470,103.11,287.60,None,N/A,
185.4801,gk,Scroll,Scroll,590,470,0.00,-10536.84,None,N/A,
185.4903,gk,Scroll,Scroll,590,470,0.00,0.00,None,N/A,
185.5006,gk,Scroll,Scroll,590,469,97.28,9463.74,None,N/A,
185.5103,gk,Scroll,Scroll,590,469,0.00,-10049.74,None,N/A,
185.5202,gk,Scroll,Scroll,590,469,0.00,0.00,None,N/A,
185.5299,gk,Scroll,Scroll,590,469,0.00,0.00,None,N/A,
185.5405,gk,Scroll,Scroll,590,469,0.00,0.00,None,N/A,
185.5502,gk,Scroll,Scroll,590,469,0.00,0.00,None,N/A,
185.5599,gk,Scroll,Scroll,590,469,0.00,0.00,None,N/A,
185.5705,gk,Scroll,Scroll,590,469,0.00,0.00,None,N/A,
185.5805,gk,Scroll,Scroll,590,469,0.00,0.00,None,N/A,
185.5900,gk,Scroll,Scroll,590,469,0.00,0.00,None,N/A,
185.6005,gk,Scroll,Scroll,590,469,0.00,0.00,None,N/A,
185.6099,gk,Scroll,Scroll,590,469,0.00,0.00,None,N/A,
185.6204,gk,Scroll,Scroll,590,469,0.00,0.00,None,N/A,
185.6299,gk,Scroll,Scroll,590,469,0.00,0.00,None,N/A,
185.6403,gk,Scroll,Scroll,590,469,0.00,0.00,None,N/A,
185.6507,gk,Scroll,Scroll,590,469,0.00,0.00,None,N/A,
185.6603,gk,Scroll,Scroll,591,469,103.70,10754.50,None,N/A,
185.6705,gk,Scroll,Scroll,591,470,98.39,-522.54,None,N/A,
185.6800,gk,Scroll,Scroll,591,470,0.00,-10315.72,None,N/A,
185.6909,gk,Scroll,Scroll,591,470,0.00,0.00,None,N/A,
185.7009,gk,Scroll,Scroll,591,470,0.00,0.00,None,N/A,
185.7105,gk,Scroll,Scroll,591,470,0.00,0.00,None,N/A,
185.7200,gk,Scroll,Scroll,591,470,0.00,0.00,None,N/A,
185.7307,gk,Scroll,Scroll,591,470,0.00,0.00,None,N/A,
185.7407,gk,Scroll,Scroll,591,470,0.00,0.00,None,N/A,
185.7508,gk,Scroll,Scroll,591,470,0.00,0.00,None,N/A,
185.7604,gk,Scroll,Scroll,591,470,0.00,0.00,None,N/A,
185.7700,gk,Scroll,Scroll,591,470,0.00,0.00,None,N/A,
185.7806,gk,Scroll,Scroll,591,470,0.00,0.00,None,N/A,
185.7901,gk,Scroll,Scroll,591,470,0.00,0.00,None,N/A,
185.8005,gk,Scroll,Scroll,591,470,0.00,0.00,None,N/A,
185.8105,gk,Scroll,Scroll,591,470,0.00,0.00,None,N/A,
185.8206,gk,Scroll,Scroll,591,470,0.00,0.00,None,N/A,
185.8303,gk,Scroll,Scroll,591,470,0.00,0.00,None,N/A,
185.8411,gk,Scroll,Scroll,591,470,0.00,0.00,None,N/A,
185.8507,gk,Scroll,Scroll,591,470,0.00,0.00,None,N/A,
185.8601,gk,Scroll,Scroll,591,470,0.00,0.00,None,N/A,
185.8711,gk,Scroll,Scroll,591,470,0.00,0.00,None,N/A,
185.8806,gk,Scroll,Scroll,591,470,0.00,0.00,None,N/A,
185.8900,gk,Scroll,Scroll,591,470,0.00,0.00,None,N/A,
185.9005,gk,Scroll,Scroll,591,470,0.00,0.00,None,N/A,
185.9100,gk,Scroll,Scroll,591,470,0.00,0.00,None,N/A,
185.9207,gk,Scroll,Scroll,591,470,0.00,0.00,Left,N/A,
185.9302,gk,Scroll,Scroll,591,470,0.00,0.00,Left,N/A,
185.9405,gk,Scroll,Scroll,591,470,0.00,0.00,Left,N/A,
185.9500,gk,Scroll,Scroll,591,470,0.00,0.00,Left,N/A,
185.9606,gk,Scroll,Scroll,591,470,0.00,0.00,Left,N/A,
185.9701,gk,Scroll,Scroll,591,470,0.00,0.00,Left,N/A,
185.9802,gk,Scroll,Scroll,591,470,0.00,0.00,Left,N/A,
185.9902,gk,Scroll,Scroll,591,470,0.00,0.00,Left,N/A,
186.0003,gk,Scroll,Scroll,591,470,0.00,0.00,Left,N/A,
186.0103,gk,Scroll,Scroll,591,470,0.00,0.00,Left,N/A,
186.0202,gk,Scroll,Scroll,591,470,0.00,0.00,Left,N/A,
186.0303,gk,Scroll,Scroll,591,470,0.00,0.00,Left,N/A,
186.0402,gk,Scroll,Scroll,591,470,0.00,0.00,Left,N/A,
186.0503,gk,Scroll,Scroll,591,470,0.00,0.00,Left,N/A,
186.0600,gk,Scroll,Scroll,591,470,0.00,0.00,Left,N/A,
186.0705,gk,Scroll,Scroll,591,470,0.00,0.00,Left,N/A,
186.0800,gk,Scroll,Scroll,591,470,0.00,0.00,Left,N/A,
186.0904,gk,Scroll,Scroll,591,470,0.00,0.00,Left,N/A,
186.0949,gk,Scroll,Scroll,591,470,0.00,0.00,None,N/A,scroll_item_selected_correct
186.1013,gk,Scroll,Scroll,591,470,0.00,0.00,None,N/A,
186.1099,gk,Scroll,Scroll,591,470,0.00,0.00,None,N/A,
186.1203,gk,Scroll,Scroll,591,470,0.00,0.00,None,N/A,
186.1308,gk,Scroll,Scroll,591,470,0.00,0.00,None,N/A,
186.1403,gk,Scroll,Scroll,591,470,0.00,0.00,None,N/A,
186.1499,gk,Scroll,Scroll,591,470,0.00,0.00,None,N/A,
186.1605,gk,Scroll,Scroll,591,470,0.00,0.00,None,N/A,
186.1702,gk,Scroll,Scroll,591,470,0.00,0.00,None,N/A,
186.1812,gk,Scroll,Scroll,591,470,0.00,0.00,None,N/A,
186.1898,gk,Scroll,Scroll,591,470,0.00,0.00,None,N/A,
186.2005,gk,Scroll,Scroll,591,470,0.00,0.00,None,N/A,
186.2104,gk,Scroll,Scroll,591,470,0.00,0.00,None,N/A,
186.2200,gk,Scroll,Scroll,591,470,0.00,0.00,None,N/A,
186.2306,gk,Scroll,Scroll,591,470,0.00,0.00,None,N/A,
186.2402,gk,Scroll,Scroll,591,470,0.00,0.00,None,N/A,
186.2508,gk,Scroll,Scroll,591,470,0.00,0.00,None,N/A,
186.2604,gk,Scroll,Scroll,591,470,0.00,0.00,None,N/A,
186.2699,gk,Scroll,Scroll,591,470,0.00,0.00,None,N/A,
186.2804,gk,Scroll,Scroll,591,470,0.00,0.00,None,N/A,
186.2899,gk,Scroll,Scroll,591,470,0.00,0.00,None,N/A,
186.3009,gk,Scroll,Scroll,591,470,0.00,0.00,None,N/A,
186.3107,gk,Scroll,Scroll,591,470,0.00,0.00,None,N/A,
186.3208,gk,Scroll,Scroll,591,470,0.00,0.00,None,N/A,
186.3305,gk,Scroll,Scroll,591,470,0.00,0.00,None,N/A,
186.3400,gk,Scroll,Scroll,591,470,0.00,0.00,None,N/A,
186.3508,gk,Scroll,Scroll,591,470,0.00,0.00,None,N/A,
186.3609,gk,Scroll,Scroll,591,470,0.00,0.00,None,N/A,
186.3705,gk,Scroll,Scroll,591,470,0.00,0.00,None,N/A,
186.3804,gk,Scroll,Scroll,591,470,0.00,0.00,None,N/A,
186.3905,gk,Scroll,Scroll,591,470,0.00,0.00,None,N/A,
186.4001,gk,Scroll,Scroll,591,470,0.00,0.00,None,N/A,
186.4107,gk,Scroll,Scroll,591,470,0.00,0.00,None,N/A,
186.4202,gk,Scroll,Scroll,591,470,0.00,0.00,None,N/A,
186.4306,gk,Scroll,Scroll,591,470,0.00,0.00,None,N/A,
186.4402,gk,Scroll,Scroll,591,470,0.00,0.00,None,N/A,
186.4507,gk,Scroll,Scroll,591,470,0.00,0.00,None,N/A,
186.4603,gk,Scroll,Scroll,591,470,0.00,0.00,None,N/A,
186.4700,gk,Scroll,Scroll,591,470,0.00,0.00,None,N/A,
186.4807,gk,Scroll,Scroll,591,470,0.00,0.00,None,N/A,
186.4909,gk,Scroll,Scroll,591,470,0.00,0.00,None,N/A,
186.5010,gk,Scroll,Scroll,591,470,0.00,0.00,None,N/A,
186.5112,gk,Scroll,Scroll,591,470,0.00,0.00,None,N/A,
186.5199,gk,Scroll,Scroll,591,470,0.00,0.00,None,N/A,
186.5305,gk,Scroll,Scroll,591,470,0.00,0.00,None,N/A,
186.5401,gk,Scroll,Scroll,591,470,0.00,0.00,None,N/A,
186.5507,gk,Scroll,Scroll,591,470,0.00,0.00,None,N/A,
186.5602,gk,Scroll,Scroll,591,470,0.00,0.00,None,N/A,
186.5706,gk,Scroll,Scroll,591,470,0.00,0.00,None,N/A,
186.5801,gk,Scroll,Scroll,591,470,0.00,0.00,None,N/A,
186.5906,gk,Scroll,Scroll,591,470,0.00,0.00,None,N/A,
186.6001,gk,Scroll,Scroll,591,470,0.00,0.00,None,N/A,
186.6107,gk,Scroll,Scroll,591,470,0.00,0.00,None,N/A,
186.6203,gk,Scroll,Scroll,591,470,0.00,0.00,None,N/A,
186.6300,gk,Scroll,Scroll,591,470,0.00,0.00,None,N/A,
186.6407,gk,Scroll,Scroll,591,470,0.00,0.00,None,N/A,
186.6504,gk,Scroll,Scroll,591,470,0.00,0.00,None,N/A,
186.6599,gk,Scroll,Scroll,591,470,0.00,0.00,None,N/A,
186.6703,gk,Scroll,Scroll,591,470,0.00,0.00,None,N/A,
186.6799,gk,Scroll,Scroll,591,470,0.00,0.00,None,N/A,
186.6908,gk,Scroll,Scroll,591,470,0.00,0.00,None,N/A,
186.7005,gk,Scroll,Scroll,591,470,0.00,0.00,None,N/A,
186.7106,gk,Scroll,Scroll,591,470,0.00,0.00,None,N/A,
186.7203,gk,Scroll,Scroll,591,470,0.00,0.00,None,N/A,
186.7299,gk,Scroll,Scroll,591,470,0.00,0.00,None,N/A,
186.7404,gk,Scroll,Scroll,591,470,0.00,0.00,None,N/A,
186.7499,gk,Scroll,Scroll,591,470,0.00,0.00,None,N/A,
186.7605,gk,Scroll,Scroll,591,470,0.00,0.00,None,N/A,
186.7704,gk,Scroll,Scroll,591,470,0.00,0.00,None,N/A,
186.7800,gk,Scroll,Scroll,591,470,0.00,0.00,None,N/A,
186.7906,gk,Scroll,Scroll,591,470,0.00,0.00,None,N/A,
186.8000,gk,Scroll,Scroll,591,470,0.00,0.00,None,N/A,
186.8109,gk,Scroll,Scroll,591,470,0.00,0.00,None,N/A,
186.8205,gk,Scroll,Scroll,591,470,0.00,0.00,None,N/A,
186.8300,gk,Scroll,Scroll,591,470,0.00,0.00,None,N/A,
186.8405,gk,Scroll,Scroll,591,470,0.00,0.00,None,N/A,
186.8500,gk,Scroll,Scroll,591,470,0.00,0.00,None,N/A,
186.8604,gk,Scroll,Scroll,591,470,0.00,0.00,None,N/A,
186.8701,gk,Scroll,Scroll,591,470,0.00,0.00,None,N/A,
186.8804,gk,Scroll,Scroll,591,470,0.00,0.00,None,N/A,
186.8899,gk,Scroll,Scroll,591,470,0.00,0.00,None,N/A,
186.9004,gk,Scroll,Scroll,591,470,0.00,0.00,None,N/A,
186.9098,gk,Scroll,Scroll,591,470,0.00,0.00,None,N/A,
186.9203,gk,Scroll,Scroll,591,472,190.36,18117.70,None,N/A,
186.9303,gk,Scroll,Scroll,591,476,401.08,21129.44,None,N/A,
186.9402,gk,Scroll,Scroll,591,478,202.22,-20106.83,None,N/A,
186.9500,gk,Scroll,Scroll,592,481,320.77,12025.61,None,N/A,
186.9600,gk,Scroll,Scroll,592,485,402.27,8196.58,None,N/A,
186.9707,gk,Scroll,Scroll,593,488,295.44,-9980.96,None,N/A,
186.9799,gk,Scroll,Scroll,593,495,757.19,49947.71,None,N/A,
186.9903,gk,Scroll,Scroll,594,500,489.94,-25678.99,None,N/A,
186.9999,gk,Scroll,Scroll,594,509,939.33,46902.43,None,N/A,
187.0108,gk,Scroll,Scroll,595,514,468.98,-43259.96,None,N/A,
187.0205,gk,Scroll,Scroll,595,524,1025.35,57047.81,None,N/A,
187.0300,gk,Scroll,Scroll,595,529,525.01,-52536.89,None,N/A,
187.0401,gk,Scroll,Scroll,595,543,1396.14,86872.84,None,N/A,
187.0500,gk,Scroll,Scroll,594,553,1010.48,-38776.69,None,N/A,
187.0599,gk,Scroll,Scroll,594,563,1009.90,-59.03,None,N/A,
187.0705,gk,Scroll,Scroll,593,580,1603.18,55852.68,None,N/A,
187.0805,gk,Scroll,Scroll,593,588,803.18,-80317.88,None,N/A,
187.0899,gk,Scroll,Scroll,594,606,1928.83,120435.42,None,N/A,
187.1012,gk,Scroll,Scroll,595,613,623.70,-115118.16,None,N/A,
187.1105,gk,Scroll,Scroll,596,626,1407.17,84556.75,None,N/A,
187.1207,gk,Scroll,Scroll,597,631,499.93,-88949.90,None,N/A,
187.1299,gk,Scroll,Scroll,598,642,1189.96,74340.40,None,N/A,
187.1402,gk,Scroll,Scroll,599,646,400.93,-76724.98,None,N/A,
187.1502,gk,Scroll,Scroll,600,653,711.52,31252.93,None,N/A,
187.1599,gk,Scroll,Scroll,601,656,325.92,-39741.61,None,N/A,
187.1706,gk,Scroll,Scroll,601,660,371.30,4212.65,None,N/A,
187.1804,gk,Scroll,Scroll,602,662,228.98,-14574.09,None,N/A,
187.1903,gk,Scroll,Scroll,602,664,201.23,-2792.10,None,N/A,
187.2000,gk,Scroll,Scroll,603,668,424.93,23055.54,None,N/A,
187.2107,gk,Scroll,Scroll,603,669,93.60,-31013.37,None,N/A,
187.2203,gk,Scroll,Scroll,603,669,0.00,-9788.69,None,N/A,
187.2308,gk,Scroll,Scroll,603,669,0.00,0.00,None,N/A,
187.2403,gk,Scroll,Scroll,603,669,0.00,0.00,None,N/A,
187.2503,gk,Scroll,Scroll,603,669,0.00,0.00,None,N/A,
187.2599,gk,Scroll,Scroll,603,669,0.00,0.00,None,N/A,
187.2704,gk,Scroll,Scroll,603,669,0.00,0.00,None,N/A,
187.2807,gk,Scroll,Scroll,603,669,0.00,0.00,None,N/A,
187.2904,gk,Scroll,Scroll,603,669,0.00,0.00,None,N/A,
187.3003,gk,Scroll,Scroll,603,669,0.00,0.00,None,N/A,
187.3099,gk,Scroll,Scroll,603,669,0.00,0.00,None,N/A,
187.3204,gk,Scroll,Scroll,603,669,0.00,0.00,None,N/A,
187.3304,gk,Scroll,Scroll,603,669,0.00,0.00,None,N/A,
187.3402,gk,Scroll,Scroll,603,669,0.00,0.00,None,N/A,
187.3509,gk,Scroll,Scroll,603,669,0.00,0.00,None,N/A,
187.3605,gk,Scroll,Scroll,603,669,0.00,0.00,None,N/A,
187.3701,gk,Scroll,Scroll,603,669,0.00,0.00,None,N/A,
187.3806,gk,Scroll,Scroll,603,669,0.00,0.00,None,N/A,
187.3902,gk,Scroll,Scroll,603,669,0.00,0.00,None,N/A,
187.4007,gk,Scroll,Scroll,603,669,0.00,0.00,None,N/A,
187.4103,gk,Scroll,Scroll,603,669,0.00,0.00,None,N/A,
187.4199,gk,Scroll,Scroll,603,669,0.00,0.00,None,N/A,
187.4304,gk,Scroll,Scroll,603,669,0.00,0.00,None,N/A,
187.4408,gk,Scroll,Scroll,603,669,0.00,0.00,None,N/A,
187.4505,gk,Scroll,Scroll,603,669,0.00,0.00,None,N/A,
187.4599,gk,Scroll,Scroll,603,669,0.00,0.00,None,N/A,
187.4703,gk,Scroll,Scroll,603,669,0.00,0.00,None,N/A,
187.4836,gk,Scroll,Scroll,603,669,0.00,0.00,None,N/A,
187.4899,gk,Scroll,Scroll,603,669,0.00,0.00,None,N/A,
187.4999,gk,Scroll,Scroll,603,669,0.00,0.00,None,N/A,
187.5104,gk,Scroll,Scroll,603,669,0.00,0.00,None,N/A,
187.5202,gk,Scroll,Scroll,603,669,0.00,0.00,None,N/A,
187.5300,gk,Scroll,Scroll,603,669,0.00,0.00,None,N/A,
187.5421,gk,Scroll,Scroll,603,669,0.00,0.00,None,N/A,
187.5505,gk,Scroll,Scroll,603,669,0.00,0.00,None,N/A,
187.5637,gk,Scroll,Scroll,603,669,0.00,0.00,None,N/A,
187.5702,gk,Scroll,Scroll,603,669,0.00,0.00,None,N/A,
187.5798,gk,Scroll,Scroll,603,669,0.00,0.00,None,N/A,
187.5906,gk,Scroll,Scroll,603,669,0.00,0.00,None,N/A,
187.5999,gk,Scroll,Scroll,603,669,0.00,0.00,None,N/A,
187.6104,gk,Scroll,Scroll,603,669,0.00,0.00,None,N/A,
187.6207,gk,Scroll,Scroll,603,669,0.00,0.00,None,N/A,
187.6302,gk,Scroll,Scroll,603,669,0.00,0.00,None,N/A,
187.6405,gk,Scroll,Scroll,603,669,0.00,0.00,None,N/A,
187.6511,gk,Scroll,Scroll,603,669,0.00,0.00,None,N/A,
187.6604,gk,Scroll,Scroll,603,669,0.00,0.00,None,N/A,
187.6720,gk,Scroll,Scroll,603,669,0.00,0.00,None,N/A,
187.6799,gk,Scroll,Scroll,603,669,0.00,0.00,None,N/A,
187.6921,gk,Scroll,Scroll,603,669,0.00,0.00,None,N/A,
187.7007,gk,Scroll,Scroll,603,669,0.00,0.00,None,N/A,
187.7103,gk,Scroll,Scroll,603,669,0.00,0.00,None,N/A,
187.7202,gk,Scroll,Scroll,603,669,0.00,0.00,None,N/A,
187.7302,gk,Scroll,Scroll,603,669,0.00,0.00,None,N/A,
187.7398,gk,Scroll,Scroll,603,669,0.00,0.00,None,N/A,
187.7506,gk,Scroll,Scroll,603,669,0.00,0.00,None,N/A,
187.7604,gk,Scroll,Scroll,603,669,0.00,0.00,None,N/A,
187.7700,gk,Scroll,Scroll,603,669,0.00,0.00,None,N/A,
187.7804,gk,Scroll,Scroll,603,669,0.00,0.00,None,N/A,
187.7899,gk,Scroll,Scroll,603,669,0.00,0.00,None,N/A,
187.7998,gk,Scroll,Scroll,603,669,0.00,0.00,None,N/A,
187.8103,gk,Scroll,Scroll,603,669,0.00,0.00,None,N/A,
187.8200,gk,Scroll,Scroll,603,669,0.00,0.00,None,N/A,
187.8306,gk,Scroll,Scroll,603,669,0.00,0.00,None,N/A,
187.8399,gk,Scroll,Scroll,603,669,0.00,0.00,None,N/A,
187.8503,gk,Scroll,Scroll,603,669,0.00,0.00,None,N/A,
187.8604,gk,Scroll,Scroll,603,669,0.00,0.00,None,N/A,
187.8707,gk,Scroll,Scroll,603,669,0.00,0.00,None,N/A,
187.8801,gk,Scroll,Scroll,603,669,0.00,0.00,None,N/A,
187.8902,gk,Scroll,Scroll,603,669,0.00,0.00,None,N/A,
187.8999,gk,Scroll,Scroll,603,669,0.00,0.00,None,N/A,
187.9108,gk,Scroll,Scroll,603,669,0.00,0.00,None,N/A,
187.9204,gk,Scroll,Scroll,603,669,0.00,0.00,None,N/A,
187.9303,gk,Scroll,Scroll,603,669,0.00,0.00,None,N/A,
187.9403,gk,Scroll,Scroll,603,669,0.00,0.00,None,N/A,
187.9500,gk,Scroll,Scroll,603,669,0.00,0.00,None,N/A,
187.9609,gk,Scroll,Scroll,603,669,0.00,0.00,None,N/A,
187.9709,gk,Scroll,Scroll,603,669,0.00,0.00,None,N/A,
187.9806,gk,Scroll,Scroll,603,669,0.00,0.00,None,N/A,
187.9901,gk,Scroll,Scroll,603,669,0.00,0.00,None,N/A,
188.0011,gk,Scroll,Scroll,603,669,0.00,0.00,None,N/A,
188.0107,gk,Scroll,Scroll,603,669,0.00,0.00,None,N/A,
188.0202,gk,Scroll,Scroll,603,669,0.00,0.00,None,N/A,
188.0307,gk,Scroll,Scroll,603,669,0.00,0.00,None,N/A,
188.0403,gk,Scroll,Scroll,603,669,0.00,0.00,None,N/A,
188.0499,gk,Scroll,Scroll,603,669,0.00,0.00,None,N/A,
188.0611,gk,Scroll,Scroll,603,669,0.00,0.00,None,N/A,
188.0712,gk,Scroll,Scroll,603,669,0.00,0.00,None,N/A,
188.0800,gk,Scroll,Scroll,603,669,0.00,0.00,None,N/A,
188.0910,gk,Scroll,Scroll,603,669,0.00,0.00,None,N/A,
188.1012,gk,Scroll,Scroll,603,669,0.00,0.00,None,N/A,
188.1112,gk,Scroll,Scroll,603,669,0.00,0.00,None,N/A,
188.1200,gk,Scroll,Scroll,603,669,0.00,0.00,None,N/A,
188.1306,gk,Scroll,Scroll,603,669,0.00,0.00,None,N/A,
188.1406,gk,Scroll,Scroll,603,669,0.00,0.00,None,N/A,
188.1503,gk,Scroll,Scroll,603,669,0.00,0.00,None,N/A,
188.1599,gk,Scroll,Scroll,603,669,0.00,0.00,None,N/A,
188.1704,gk,Scroll,Scroll,603,669,0.00,0.00,None,N/A,
188.1799,gk,Scroll,Scroll,603,669,0.00,0.00,None,N/A,
188.1904,gk,Scroll,Scroll,603,669,0.00,0.00,None,N/A,
188.1999,gk,Scroll,Scroll,603,669,0.00,0.00,None,N/A,
188.2105,gk,Scroll,Scroll,603,669,0.00,0.00,None,N/A,
188.2201,gk,Scroll,Scroll,603,669,0.00,0.00,None,N/A,
188.2306,gk,Scroll,Scroll,603,669,0.00,0.00,None,N/A,
188.2420,gk,Scroll,Scroll,603,669,0.00,0.00,None,N/A,
188.2505,gk,Scroll,Scroll,603,669,0.00,0.00,None,N/A,
188.2603,gk,Scroll,Scroll,603,669,0.00,0.00,None,N/A,
188.2703,gk,Scroll,Scroll,603,669,0.00,0.00,None,N/A,
188.2803,gk,Scroll,Scroll,603,669,0.00,0.00,None,N/A,
188.2905,gk,Scroll,Scroll,603,669,0.00,0.00,None,N/A,
188.3003,gk,Scroll,Scroll,603,669,0.00,0.00,None,N/A,
188.3103,gk,Scroll,Scroll,603,669,0.00,0.00,None,N/A,
188.3238,gk,Scroll,Scroll,603,669,0.00,0.00,None,N/A,
188.3356,gk,Scroll,Scroll,603,669,0.00,0.00,None,N/A,
188.3468,gk,Scroll,Scroll,603,669,0.00,0.00,None,N/A,
188.3565,gk,Scroll,Scroll,603,669,0.00,0.00,None,N/A,
188.3665,gk,Scroll,Scroll,603,669,0.00,0.00,None,N/A,
188.3740,gk,Scroll,Scroll,603,669,0.00,0.00,None,N/A,
188.3803,gk,Scroll,Scroll,603,669,0.00,0.00,None,N/A,
188.3905,gk,Scroll,Scroll,603,669,0.00,0.00,None,N/A,
188.3998,gk,Scroll,Scroll,603,669,0.00,0.00,None,N/A,
188.4108,gk,Scroll,Scroll,603,669,0.00,0.00,None,N/A,
188.4210,gk,Scroll,Scroll,603,669,0.00,0.00,None,N/A,
188.4306,gk,Scroll,Scroll,603,669,0.00,0.00,None,N/A,
188.4403,gk,Scroll,Scroll,603,669,0.00,0.00,None,N/A,
188.4502,gk,Scroll,Scroll,603,669,0.00,0.00,None,N/A,
188.4605,gk,Scroll,Scroll,603,669,0.00,0.00,None,N/A,
188.4706,gk,Scroll,Scroll,603,669,0.00,0.00,None,N/A,
188.4802,gk,Scroll,Scroll,603,669,0.00,0.00,None,N/A,
188.4904,gk,Scroll,Scroll,603,669,0.00,0.00,None,N/A,
188.5007,gk,Scroll,Scroll,603,669,0.00,0.00,None,N/A,
188.5104,gk,Scroll,Scroll,603,669,0.00,0.00,None,N/A,
188.5200,gk,Scroll,Scroll,603,669,0.00,0.00,None,N/A,
188.5299,gk,Scroll,Scroll,603,669,0.00,0.00,None,N/A,
188.5406,gk,Scroll,Scroll,603,669,0.00,0.00,None,N/A,
188.5508,gk,Scroll,Scroll,603,669,0.00,0.00,None,N/A,
188.5605,gk,Scroll,Scroll,603,669,0.00,0.00,None,N/A,
188.5703,gk,Scroll,Scroll,603,669,0.00,0.00,None,N/A,
188.5800,gk,Scroll,Scroll,603,669,0.00,0.00,None,N/A,
188.5906,gk,Scroll,Scroll,603,669,0.00,0.00,None,N/A,
188.6005,gk,Scroll,Scroll,603,669,0.00,0.00,None,N/A,
188.6101,gk,Scroll,Scroll,603,669,0.00,0.00,None,N/A,
188.6205,gk,Scroll,Scroll,603,669,0.00,0.00,None,N/A,
188.6298,gk,Scroll,Scroll,603,669,0.00,0.00,None,N/A,
188.6403,gk,Scroll,Scroll,603,669,0.00,0.00,None,N/A,
188.6502,gk,Scroll,Scroll,603,669,0.00,0.00,None,N/A,
188.6607,gk,Scroll,Scroll,603,669,0.00,0.00,None,N/A,
188.6702,gk,Scroll,Scroll,603,669,0.00,0.00,None,N/A,
188.6805,gk,Scroll,Scroll,603,669,0.00,0.00,None,N/A,
188.6904,gk,Scroll,Scroll,603,669,0.00,0.00,None,N/A,
188.7001,gk,Scroll,Scroll,603,669,0.00,0.00,None,N/A,
188.7113,gk,Scroll,Scroll,603,669,0.00,0.00,None,N/A,
188.7203,gk,Scroll,Scroll,603,669,0.00,0.00,None,N/A,
188.7300,gk,Scroll,Scroll,603,669,0.00,0.00,None,N/A,
188.7407,gk,Scroll,Scroll,603,669,0.00,0.00,None,N/A,
188.7507,gk,Scroll,Scroll,603,669,0.00,0.00,None,N/A,
188.7610,gk,Scroll,Scroll,603,669,0.00,0.00,None,N/A,
188.7710,gk,Scroll,Scroll,603,669,0.00,0.00,None,N/A,
188.7807,gk,Scroll,Scroll,603,669,0.00,0.00,None,N/A,
188.7904,gk,Scroll,Scroll,603,669,0.00,0.00,None,N/A,
188.8000,gk,Scroll,Scroll,603,669,0.00,0.00,None,N/A,
188.8106,gk,Scroll,Scroll,603,669,0.00,0.00,None,N/A,
188.8202,gk,Scroll,Scroll,603,669,0.00,0.00,None,N/A,
188.8307,gk,Scroll,Scroll,603,669,0.00,0.00,None,N/A,
188.8403,gk,Scroll,Scroll,603,669,0.00,0.00,None,N/A,
188.8505,gk,Scroll,Scroll,603,669,0.00,0.00,None,N/A,
188.8605,gk,Scroll,Scroll,603,669,0.00,0.00,None,N/A,
188.8708,gk,Scroll,Scroll,603,669,0.00,0.00,None,N/A,
188.8804,gk,Scroll,Scroll,603,669,0.00,0.00,None,N/A,
188.8906,gk,Scroll,Scroll,603,669,0.00,0.00,None,N/A,
188.9002,gk,Scroll,Scroll,603,669,0.00,0.00,None,N/A,
188.9112,gk,Scroll,Scroll,603,669,0.00,0.00,None,N/A,
188.9202,gk,Scroll,Scroll,603,669,0.00,0.00,None,N/A,
188.9303,gk,Scroll,Scroll,603,669,0.00,0.00,None,N/A,
188.9399,gk,Scroll,Scroll,603,669,0.00,0.00,None,N/A,
188.9503,gk,Scroll,Scroll,603,669,0.00,0.00,None,N/A,
188.9606,gk,Scroll,Scroll,603,669,0.00,0.00,None,N/A,
188.9704,gk,Scroll,Scroll,603,669,0.00,0.00,None,N/A,
188.9799,gk,Scroll,Scroll,603,669,0.00,0.00,None,N/A,
188.9904,gk,Scroll,Scroll,603,669,0.00,0.00,None,N/A,
189.0000,gk,Scroll,Scroll,603,669,0.00,0.00,None,N/A,
189.0098,gk,Scroll,Scroll,600,672,431.37,43859.74,None,N/A,
189.0199,gk,Scroll,Scroll,599,673,140.49,-28896.94,None,N/A,
189.0307,gk,Scroll,Scroll,596,677,460.52,29475.36,None,N/A,
189.0401,gk,Scroll,Scroll,595,678,151.52,-33106.53,None,N/A,
189.0503,gk,Scroll,Scroll,594,678,97.41,-5271.15,None,N/A,
189.0601,gk,Scroll,Scroll,593,680,229.43,13545.51,None,N/A,
189.0699,gk,Scroll,Scroll,593,680,0.00,-23414.44,None,N/A,
189.0805,gk,Scroll,Scroll,592,681,132.95,12498.94,None,N/A,
189.0907,gk,Scroll,Scroll,591,681,98.54,-3391.16,None,N/A,
189.0999,gk,Scroll,Scroll,591,682,108.32,1059.56,None,N/A,
189.1108,gk,Scroll,Scroll,590,682,92.13,-1491.45,None,N/A,
189.1207,gk,Scroll,Scroll,590,682,0.00,-9309.55,None,N/A,
189.1304,gk,Scroll,Scroll,590,681,102.28,10460.72,None,N/A,
189.1402,gk,Scroll,Scroll,589,680,145.58,4458.00,None,N/A,
189.1502,gk,Scroll,Scroll,589,679,99.34,-4593.96,None,N/A,
189.1598,gk,Scroll,Scroll,589,678,104.20,506.29,None,N/A,
189.1706,gk,Scroll,Scroll,588,676,207.90,9642.49,None,N/A,
189.1807,gk,Scroll,Scroll,588,675,98.42,-10775.36,None,N/A,
189.1901,gk,Scroll,Scroll,588,673,214.39,12432.53,None,N/A,
189.2004,gk,Scroll,Scroll,587,673,97.17,-11390.72,None,N/A,
189.2104,gk,Scroll,Scroll,587,672,99.70,252.41,None,N/A,
189.2207,gk,Scroll,Scroll,587,672,0.00,-9642.70,None,N/A,
189.2305,gk,Scroll,Scroll,587,671,102.77,10561.43,None,N/A,
189.2405,gk,Scroll,Scroll,587,670,99.02,-371.62,None,N/A,
189.2500,gk,Scroll,Scroll,587,670,0.00,-10477.10,None,N/A,
189.2600,gk,Scroll,Scroll,587,670,0.00,0.00,None,N/A,
189.2706,gk,Scroll,Scroll,587,669,94.90,9006.45,None,N/A,
189.2804,gk,Scroll,Scroll,587,669,0.00,-9608.45,None,N/A,
189.2905,gk,Scroll,Scroll,587,669,0.00,0.00,None,N/A,
189.3002,gk,Scroll,Scroll,587,669,0.00,0.00,None,N/A,
189.3105,gk,Scroll,Scroll,587,669,0.00,0.00,None,N/A,
189.3202,gk,Scroll,Scroll,587,668,103.47,10706.27,None,N/A,
189.3308,gk,Scroll,Scroll,587,668,0.00,-9763.32,None,N/A,
189.3405,gk,Scroll,Scroll,587,668,0.00,0.00,None,N/A,
189.3506,gk,Scroll,Scroll,587,668,0.00,0.00,None,N/A,
189.3606,gk,Scroll,Scroll,587,668,0.00,0.00,None,N/A,
189.3703,gk,Scroll,Scroll,587,668,0.00,0.00,None,N/A,
189.3802,gk,Scroll,Scroll,587,668,0.00,0.00,None,N/A,
189.3899,gk,Scroll,Scroll,587,668,0.00,0.00,None,N/A,
189.4008,gk,Scroll,Scroll,587,668,0.00,0.00,None,N/A,
189.4105,gk,Scroll,Scroll,587,668,0.00,0.00,None,N/A,
189.4200,gk,Scroll,Scroll,587,668,0.00,0.00,None,N/A,
189.4306,gk,Scroll,Scroll,587,668,0.00,0.00,None,N/A,
189.4402,gk,Scroll,Scroll,587,668,0.00,0.00,None,N/A,
189.4498,gk,Scroll,Scroll,587,668,0.00,0.00,None,N/A,
189.4604,gk,Scroll,Scroll,587,668,0.00,0.00,None,N/A,
189.4700,gk,Scroll,Scroll,587,668,0.00,0.00,None,N/A,
189.4805,gk,Scroll,Scroll,587,668,0.00,0.00,None,N/A,
189.4904,gk,Scroll,Scroll,587,668,0.00,0.00,None,N/A,
189.5003,gk,Scroll,Scroll,587,668,0.00,0.00,None,N/A,
189.5103,gk,Scroll,Scroll,587,668,0.00,0.00,None,N/A,
189.5203,gk,Scroll,Scroll,587,668,0.00,0.00,None,N/A,
189.5301,gk,Scroll,Scroll,587,668,0.00,0.00,None,N/A,
189.5407,gk,Scroll,Scroll,587,668,0.00,0.00,None,N/A,
189.5508,gk,Scroll,Scroll,587,668,0.00,0.00,None,N/A,
189.5610,gk,Scroll,Scroll,587,668,0.00,0.00,None,N/A,
189.5706,gk,Scroll,Scroll,587,668,0.00,0.00,None,N/A,
189.5806,gk,Scroll,Scroll,587,668,0.00,0.00,None,N/A,
189.5907,gk,Scroll,Scroll,587,668,0.00,0.00,None,N/A,
189.6003,gk,Scroll,Scroll,587,668,0.00,0.00,None,N/A,
189.6099,gk,Scroll,Scroll,587,668,0.00,0.00,None,N/A,
189.6204,gk,Scroll,Scroll,587,668,0.00,0.00,None,N/A,
189.6300,gk,Scroll,Scroll,587,668,0.00,0.00,None,N/A,
189.6405,gk,Scroll,Scroll,587,668,0.00,0.00,None,N/A,
189.6500,gk,Scroll,Scroll,587,668,0.00,0.00,None,N/A,
189.6606,gk,Scroll,Scroll,587,668,0.00,0.00,None,N/A,
189.6703,gk,Scroll,Scroll,587,668,0.00,0.00,None,N/A,
189.6799,gk,Scroll,Scroll,587,668,0.00,0.00,None,N/A,
189.6908,gk,Scroll,Scroll,587,668,0.00,0.00,None,N/A,
189.7008,gk,Scroll,Scroll,587,668,0.00,0.00,None,N/A,
189.7108,gk,Scroll,Scroll,587,668,0.00,0.00,None,N/A,
189.7204,gk,Scroll,Scroll,587,668,0.00,0.00,None,N/A,
189.7298,gk,Scroll,Scroll,587,668,0.00,0.00,None,N/A,
189.7403,gk,Scroll,Scroll,587,668,0.00,0.00,None,N/A,
189.7503,gk,Scroll,Scroll,587,668,0.00,0.00,None,N/A,
189.7599,gk,Scroll,Scroll,587,668,0.00,0.00,None,N/A,
189.7705,gk,Scroll,Scroll,587,668,0.00,0.00,None,N/A,
189.7801,gk,Scroll,Scroll,587,668,0.00,0.00,None,N/A,
189.7906,gk,Scroll,Scroll,587,668,0.00,0.00,None,N/A,
189.8002,gk,Scroll,Scroll,587,668,0.00,0.00,None,N/A,
189.8103,gk,Scroll,Scroll,587,668,0.00,0.00,None,N/A,
189.8199,gk,Scroll,Scroll,587,668,0.00,0.00,None,N/A,
189.8305,gk,Scroll,Scroll,587,668,0.00,0.00,None,N/A,
189.8405,gk,Scroll,Scroll,587,668,0.00,0.00,None,N/A,
189.8505,gk,Scroll,Scroll,587,668,0.00,0.00,None,N/A,
189.8602,gk,Scroll,Scroll,587,668,0.00,0.00,None,N/A,
189.8703,gk,Scroll,Scroll,587,668,0.00,0.00,None,N/A,
189.8805,gk,Scroll,Scroll,587,668,0.00,0.00,None,N/A,
189.8906,gk,Scroll,Scroll,587,668,0.00,0.00,None,N/A,
189.9003,gk,Scroll,Scroll,587,668,0.00,0.00,None,N/A,
189.9099,gk,Scroll,Scroll,587,668,0.00,0.00,None,N/A,
189.9205,gk,Scroll,Scroll,587,668,0.00,0.00,None,N/A,
189.9300,gk,Scroll,Scroll,587,668,0.00,0.00,None,N/A,
189.9404,gk,Scroll,Scroll,587,668,0.00,0.00,None,N/A,
189.9500,gk,Scroll,Scroll,587,668,0.00,0.00,None,N/A,
189.9606,gk,Scroll,Scroll,587,668,0.00,0.00,None,N/A,
189.9705,gk,Scroll,Scroll,587,668,0.00,0.00,None,N/A,
189.9808,gk,Scroll,Scroll,587,668,0.00,0.00,None,N/A,
189.9905,gk,Scroll,Scroll,587,668,0.00,0.00,None,N/A,
190.0005,gk,Scroll,Scroll,587,668,0.00,0.00,None,N/A,
190.0102,gk,Scroll,Scroll,587,668,0.00,0.00,None,N/A,
190.0208,gk,Scroll,Scroll,587,668,0.00,0.00,None,N/A,
190.0304,gk,Scroll,Scroll,587,668,0.00,0.00,None,N/A,
190.0403,gk,Scroll,Scroll,587,668,0.00,0.00,None,N/A,
190.0506,gk,Scroll,Scroll,587,668,0.00,0.00,None,N/A,
190.0602,gk,Scroll,Scroll,587,668,0.00,0.00,None,N/A,
190.0713,gk,Scroll,Scroll,587,668,0.00,0.00,None,N/A,
190.0800,gk,Scroll,Scroll,587,668,0.00,0.00,None,N/A,
190.0906,gk,Scroll,Scroll,587,668,0.00,0.00,None,N/A,
190.1006,gk,Scroll,Scroll,587,668,0.00,0.00,None,N/A,
190.1103,gk,Scroll,Scroll,587,668,0.00,0.00,None,N/A,
190.1199,gk,Scroll,Scroll,587,668,0.00,0.00,None,N/A,
190.1306,gk,Scroll,Scroll,587,668,0.00,0.00,None,N/A,
190.1405,gk,Scroll,Scroll,587,668,0.00,0.00,None,N/A,
190.1506,gk,Scroll,Scroll,587,668,0.00,0.00,None,N/A,
190.1602,gk,Scroll,Scroll,587,668,0.00,0.00,None,N/A,
190.1702,gk,Scroll,Scroll,587,668,0.00,0.00,None,N/A,
190.1803,gk,Scroll,Scroll,587,668,0.00,0.00,None,N/A,
190.1903,gk,Scroll,Scroll,587,668,0.00,0.00,None,N/A,
190.2000,gk,Scroll,Scroll,587,668,0.00,0.00,None,N/A,
190.2106,gk,Scroll,Scroll,587,668,0.00,0.00,None,N/A,
190.2206,gk,Scroll,Scroll,587,668,0.00,0.00,None,N/A,
190.2302,gk,Scroll,Scroll,587,668,0.00,0.00,None,N/A,
190.2398,gk,Scroll,Scroll,587,668,0.00,0.00,None,N/A,
190.2504,gk,Scroll,Scroll,587,668,0.00,0.00,None,N/A,
190.2601,gk,Scroll,Scroll,587,668,0.00,0.00,None,N/A,
190.2708,gk,Scroll,Scroll,587,668,0.00,0.00,None,N/A,
190.2804,gk,Scroll,Scroll,587,668,0.00,0.00,None,N/A,
190.2899,gk,Scroll,Scroll,587,668,0.00,0.00,None,N/A,
190.3011,gk,Scroll,Scroll,587,668,0.00,0.00,None,N/A,
190.3108,gk,Scroll,Scroll,587,668,0.00,0.00,None,N/A,
190.3204,gk,Scroll,Scroll,587,668,0.00,0.00,None,N/A,
190.3300,gk,Scroll,Scroll,587,668,0.00,0.00,None,N/A,
190.3406,gk,Scroll,Scroll,587,668,0.00,0.00,None,N/A,
190.3501,gk,Scroll,Scroll,587,668,0.00,0.00,None,N/A,
190.3607,gk,Scroll,Scroll,587,668,0.00,0.00,None,N/A,
190.3702,gk,Scroll,Scroll,587,668,0.00,0.00,None,N/A,
190.3812,gk,Scroll,Scroll,587,668,0.00,0.00,None,N/A,
190.3908,gk,Scroll,Scroll,587,668,0.00,0.00,None,N/A,
190.4002,gk,Scroll,Scroll,587,668,0.00,0.00,None,N/A,
190.4108,gk,Scroll,Scroll,587,668,0.00,0.00,None,N/A,
190.4203,gk,Scroll,Scroll,587,668,0.00,0.00,None,N/A,
190.4298,gk,Scroll,Scroll,587,668,0.00,0.00,None,N/A,
190.4406,gk,Scroll,Scroll,587,669,92.94,8637.52,None,N/A,
190.4505,gk,Scroll,Scroll,586,670,142.44,4985.87,None,N/A,
190.4598,gk,Scroll,Scroll,586,672,214.78,7769.15,None,N/A,
190.4705,gk,Scroll,Scroll,586,673,93.60,-11342.71,None,N/A,
190.4805,gk,Scroll,Scroll,585,674,141.53,4797.49,None,N/A,
190.4912,gk,Scroll,Scroll,585,675,93.87,-4473.91,None,N/A,
190.4997,gk,Scroll,Scroll,585,676,117.17,2729.90,None,N/A,
190.5107,gk,Scroll,Scroll,585,677,90.84,-2391.73,None,N/A,
190.5198,gk,Scroll,Scroll,585,678,110.13,2123.89,None,N/A,
190.5305,gk,Scroll,Scroll,585,678,0.00,-10233.94,None,N/A,
190.5403,gk,Scroll,Scroll,585,679,102.19,10441.87,None,N/A,
190.5498,gk,Scroll,Scroll,585,679,0.00,-10813.05,None,N/A,
190.5600,gk,Scroll,Scroll,585,679,0.00,0.00,None,N/A,
190.5698,gk,Scroll,Scroll,585,679,0.00,0.00,None,N/A,
190.5804,gk,Scroll,Scroll,585,679,0.00,0.00,None,N/A,
190.5898,gk,Scroll,Scroll,585,680,106.34,11307.27,None,N/A,
190.6005,gk,Scroll,Scroll,585,680,0.00,-9988.22,None,N/A,
190.6104,gk,Scroll,Scroll,585,680,0.00,0.00,None,N/A,
190.6205,gk,Scroll,Scroll,585,680,0.00,0.00,None,N/A,
190.6306,gk,Scroll,Scroll,585,680,0.00,0.00,None,N/A,
190.6407,gk,Scroll,Scroll,585,680,0.00,0.00,None,N/A,
190.6504,gk,Scroll,Scroll,585,680,0.00,0.00,None,N/A,
190.6600,gk,Scroll,Scroll,585,680,0.00,0.00,None,N/A,
190.6706,gk,Scroll,Scroll,585,680,0.00,0.00,None,N/A,
190.6800,gk,Scroll,Scroll,585,680,0.00,0.00,None,N/A,
190.6906,gk,Scroll,Scroll,585,680,0.00,0.00,None,N/A,
190.7002,gk,Scroll,Scroll,585,680,0.00,0.00,None,N/A,
190.7112,gk,Scroll,Scroll,585,680,0.00,0.00,None,N/A,
190.7199,gk,Scroll,Scroll,585,680,0.00,0.00,None,N/A,
190.7304,gk,Scroll,Scroll,585,680,0.00,0.00,None,N/A,
190.7398,gk,Scroll,Scroll,585,680,0.00,0.00,None,N/A,
190.7501,gk,Scroll,Scroll,585,680,0.00,0.00,None,N/A,
190.7606,gk,Scroll,Scroll,585,680,0.00,0.00,None,N/A,
190.7716,gk,Scroll,Scroll,585,680,0.00,0.00,Left,N/A,
190.7803,gk,Scroll,Scroll,585,680,0.00,0.00,Left,N/A,
190.7902,gk,Scroll,Scroll,585,680,0.00,0.00,Left,N/A,
190.8002,gk,Scroll,Scroll,585,680,0.00,0.00,Left,N/A,
190.8101,gk,Scroll,Scroll,585,680,0.00,0.00,Left,N/A,
190.8212,gk,Scroll,Scroll,585,680,0.00,0.00,Left,N/A,
190.8303,gk,Scroll,Scroll,585,680,0.00,0.00,Left,N/A,
190.8403,gk,Scroll,Scroll,585,680,0.00,0.00,Left,N/A,
190.8499,gk,Scroll,Scroll,585,680,0.00,0.00,Left,N/A,
190.8604,gk,Scroll,Scroll,585,680,0.00,0.00,Left,N/A,
190.8701,gk,Scroll,Scroll,585,680,0.00,0.00,Left,N/A,
190.8807,gk,Scroll,Scroll,585,680,0.00,0.00,Left,N/A,
190.8903,gk,Scroll,Scroll,585,680,0.00,0.00,Left,N/A,
190.8999,gk,Scroll,Scroll,585,680,0.00,0.00,Left,N/A,
190.9104,gk,Scroll,Scroll,585,680,0.00,0.00,Left,N/A,
190.9200,gk,Scroll,Scroll,585,680,0.00,0.00,Left,N/A,
190.9306,gk,Scroll,Scroll,585,680,0.00,0.00,Left,N/A,
190.9406,gk,Scroll,Scroll,585,680,0.00,0.00,Left,N/A,
190.9472,gk,Scroll,Scroll,585,680,0.00,0.00,None,N/A,scroll_item_selected_correct
190.9532,gk,Scroll,Scroll,585,680,0.00,0.00,None,N/A,
190.9599,gk,Scroll,Scroll,585,680,0.00,0.00,None,N/A,
190.9704,gk,Scroll,Scroll,585,680,0.00,0.00,None,N/A,
190.9798,gk,Scroll,Scroll,585,680,0.00,0.00,None,N/A,
190.9904,gk,Scroll,Scroll,585,680,0.00,0.00,None,N/A,
191.0000,gk,Scroll,Scroll,585,680,0.00,0.00,None,N/A,
191.0106,gk,Scroll,Scroll,585,680,0.00,0.00,None,N/A,
191.0202,gk,Scroll,Scroll,585,680,0.00,0.00,None,N/A,
191.0307,gk,Scroll,Scroll,585,680,0.00,0.00,None,N/A,
191.0403,gk,Scroll,Scroll,585,680,0.00,0.00,None,N/A,
191.0498,gk,Scroll,Scroll,585,680,0.00,0.00,None,N/A,
191.0603,gk,Scroll,Scroll,585,680,0.00,0.00,None,N/A,
191.0699,gk,Scroll,Scroll,585,680,0.00,0.00,None,N/A,
191.0804,gk,Scroll,Scroll,585,680,0.00,0.00,None,N/A,
191.0899,gk,Scroll,Scroll,585,680,0.00,0.00,None,N/A,
191.1011,gk,Scroll,Scroll,585,680,0.00,0.00,None,N/A,
191.1113,gk,Scroll,Scroll,585,680,0.00,0.00,None,N/A,
191.1204,gk,Scroll,Scroll,585,680,0.00,0.00,None,N/A,
191.1305,gk,Scroll,Scroll,585,680,0.00,0.00,None,N/A,
191.1406,gk,Scroll,Scroll,585,680,0.00,0.00,None,N/A,
191.1502,gk,Scroll,Scroll,585,680,0.00,0.00,None,N/A,
191.1598,gk,Scroll,Scroll,585,680,0.00,0.00,None,N/A,
191.1706,gk,Scroll,Scroll,585,680,0.00,0.00,None,N/A,
191.1803,gk,Scroll,Scroll,585,680,0.00,0.00,None,N/A,
191.1898,gk,Scroll,Scroll,585,680,0.00,0.00,None,N/A,
191.2003,gk,Scroll,Scroll,585,680,0.00,0.00,None,N/A,
191.2100,gk,Scroll,Scroll,585,680,0.00,0.00,None,N/A,
191.2206,gk,Scroll,Scroll,585,680,0.00,0.00,None,N/A,
191.2301,gk,Scroll,Scroll,585,680,0.00,0.00,None,N/A,
191.2407,gk,Scroll,Scroll,585,680,0.00,0.00,None,N/A,
191.2502,gk,Scroll,Scroll,585,680,0.00,0.00,None,N/A,
191.2600,gk,Scroll,Scroll,585,680,0.00,0.00,None,N/A,
191.2706,gk,Scroll,Scroll,585,680,0.00,0.00,None,N/A,
191.2802,gk,Scroll,Scroll,585,680,0.00,0.00,None,N/A,
191.2902,gk,Scroll,Scroll,585,680,0.00,0.00,None,N/A,
191.2999,gk,Scroll,Scroll,585,680,0.00,0.00,None,N/A,
191.3105,gk,Scroll,Scroll,585,680,0.00,0.00,None,N/A,
191.3200,gk,Scroll,Scroll,585,680,0.00,0.00,None,N/A,
191.3305,gk,Scroll,Scroll,585,680,0.00,0.00,None,N/A,
191.3401,gk,Scroll,Scroll,585,680,0.00,0.00,None,N/A,
191.3506,gk,Scroll,Scroll,585,680,0.00,0.00,None,N/A,
191.3601,gk,Scroll,Scroll,585,680,0.00,0.00,None,N/A,
191.3705,gk,Scroll,Scroll,585,680,0.00,0.00,None,N/A,
191.3799,gk,Scroll,Scroll,585,680,0.00,0.00,None,N/A,
191.3904,gk,Scroll,Scroll,585,680,0.00,0.00,None,N/A,
191.4000,gk,Scroll,Scroll,585,680,0.00,0.00,None,N/A,
191.4106,gk,Scroll,Scroll,585,680,0.00,0.00,None,N/A,
191.4202,gk,Scroll,Scroll,585,680,0.00,0.00,None,N/A,
191.4313,gk,Scroll,Scroll,585,680,0.00,0.00,None,N/A,
191.4405,gk,Scroll,Scroll,585,680,0.00,0.00,None,N/A,
191.4506,gk,Scroll,Scroll,585,680,0.00,0.00,None,N/A,
191.4607,gk,Scroll,Scroll,585,680,0.00,0.00,None,N/A,
191.4707,gk,Scroll,Scroll,585,680,0.00,0.00,None,N/A,
191.4804,gk,Scroll,Scroll,585,680,0.00,0.00,None,N/A,
191.4905,gk,Scroll,Scroll,585,680,0.00,0.00,None,N/A,
191.5006,gk,Scroll,Scroll,585,680,0.00,0.00,None,N/A,
191.5102,gk,Scroll,Scroll,585,680,0.00,0.00,None,N/A,
191.5199,gk,Scroll,Scroll,585,680,0.00,0.00,None,N/A,
191.5305,gk,Scroll,Scroll,585,680,0.00,0.00,None,N/A,
191.5401,gk,Scroll,Scroll,585,680,0.00,0.00,None,N/A,
191.5506,gk,Scroll,Scroll,585,680,0.00,0.00,None,N/A,
191.5602,gk,Scroll,Scroll,585,680,0.00,0.00,None,N/A,
191.5707,gk,Scroll,Scroll,585,680,0.00,0.00,None,N/A,
191.5810,gk,Scroll,Scroll,585,680,0.00,0.00,None,N/A,
191.5914,gk,Scroll,Scroll,585,680,0.00,0.00,None,N/A,
191.6002,gk,Scroll,Scroll,585,680,0.00,0.00,None,N/A,
191.6103,gk,Scroll,Scroll,585,680,0.00,0.00,None,N/A,
191.6203,gk,Scroll,Scroll,585,680,0.00,0.00,None,N/A,
191.6304,gk,Scroll,Scroll,585,680,0.00,0.00,None,N/A,
191.6404,gk,Scroll,Scroll,585,680,0.00,0.00,None,N/A,
191.6502,gk,Scroll,Scroll,585,680,0.00,0.00,None,N/A,
191.6608,gk,Scroll,Scroll,585,680,0.00,0.00,None,N/A,
191.6704,gk,Scroll,Scroll,585,680,0.00,0.00,None,N/A,
191.6799,gk,Scroll,Scroll,585,680,0.00,0.00,None,N/A,
191.6905,gk,Scroll,Scroll,585,680,0.00,0.00,None,N/A,
191.7001,gk,Scroll,Scroll,585,680,0.00,0.00,None,N/A,
191.7107,gk,Scroll,Scroll,585,680,0.00,0.00,None,N/A,
191.7202,gk,Scroll,Scroll,585,680,0.00,0.00,None,N/A,
191.7307,gk,Scroll,Scroll,585,680,0.00,0.00,None,N/A,
191.7404,gk,Scroll,Scroll,585,680,0.00,0.00,None,N/A,
191.7506,gk,Scroll,Scroll,585,680,0.00,0.00,None,N/A,
191.7606,gk,Scroll,Scroll,585,680,0.00,0.00,None,N/A,
191.7707,gk,Scroll,Scroll,585,680,0.00,0.00,None,N/A,
191.7807,gk,Scroll,Scroll,585,680,0.00,0.00,None,N/A,
191.7904,gk,Scroll,Scroll,585,680,0.00,0.00,None,N/A,
191.7999,gk,Scroll,Scroll,585,680,0.00,0.00,None,N/A,
191.8109,gk,Scroll,Scroll,585,680,0.00,0.00,None,N/A,
191.8206,gk,Scroll,Scroll,585,680,0.00,0.00,None,N/A,
191.8306,gk,Scroll,Scroll,585,680,0.00,0.00,None,N/A,
191.8403,gk,Scroll,Scroll,585,680,0.00,0.00,None,N/A,
191.8499,gk,Scroll,Scroll,585,680,0.00,0.00,None,N/A,
191.8604,gk,Scroll,Scroll,585,680,0.00,0.00,None,N/A,
191.8699,gk,Scroll,Scroll,585,680,0.00,0.00,None,N/A,
191.8804,gk,Scroll,Scroll,585,680,0.00,0.00,None,N/A,
191.8904,gk,Scroll,Scroll,585,680,0.00,0.00,None,N/A,
191.9004,gk,Scroll,Scroll,585,680,0.00,0.00,None,N/A,
191.9104,gk,Scroll,Scroll,585,680,0.00,0.00,None,N/A,
191.9205,gk,Scroll,Scroll,585,680,0.00,0.00,None,N/A,
191.9307,gk,Scroll,Scroll,585,680,0.00,0.00,None,N/A,
191.9409,gk,Scroll,Scroll,585,680,0.00,0.00,None,N/A,
191.9506,gk,Scroll,Scroll,585,680,0.00,0.00,None,N/A,
191.9604,gk,Scroll,Scroll,585,680,0.00,0.00,None,N/A,
191.9701,gk,Scroll,Scroll,585,680,0.00,0.00,None,N/A,
191.9811,gk,Scroll,Scroll,585,680,0.00,0.00,None,N/A,
191.9907,gk,Scroll,Scroll,585,680,0.00,0.00,None,N/A,
192.0004,gk,Scroll,Scroll,585,680,0.00,0.00,None,N/A,
192.0100,gk,Scroll,Scroll,585,680,0.00,0.00,None,N/A,
192.0206,gk,Scroll,Scroll,585,680,0.00,0.00,None,N/A,
192.0302,gk,Scroll,Scroll,585,680,0.00,0.00,None,N/A,
192.0399,gk,Scroll,Scroll,585,680,0.00,0.00,None,N/A,
192.0506,gk,Scroll,Scroll,585,680,0.00,0.00,None,N/A,
192.0601,gk,Scroll,Scroll,585,680,0.00,0.00,None,N/A,
192.0707,gk,Scroll,Scroll,585,680,0.00,0.00,None,N/A,
192.0805,gk,Scroll,Scroll,585,680,0.00,0.00,None,N/A,
192.0905,gk,Scroll,Scroll,585,680,0.00,0.00,None,N/A,
192.1006,gk,Scroll,Scroll,585,680,0.00,0.00,None,N/A,
192.1107,gk,Scroll,Scroll,585,680,0.00,0.00,None,N/A,
192.1207,gk,Scroll,Scroll,585,680,0.00,0.00,None,N/A,
192.1308,gk,Scroll,Scroll,585,680,0.00,0.00,None,N/A,
192.1408,gk,Scroll,Scroll,585,680,0.00,0.00,None,N/A,
192.1509,gk,Scroll,Scroll,585,680,0.00,0.00,None,N/A,
192.1606,gk,Scroll,Scroll,585,680,0.00,0.00,None,N/A,
192.1703,gk,Scroll,Scroll,585,680,0.00,0.00,None,N/A,
192.1798,gk,Scroll,Scroll,585,680,0.00,0.00,None,N/A,
192.1901,gk,Scroll,Scroll,585,680,0.00,0.00,None,N/A,
192.2006,gk,Scroll,Scroll,585,680,0.00,0.00,None,N/A,
192.2102,gk,Scroll,Scroll,585,680,0.00,0.00,None,N/A,
192.2204,gk,Scroll,Scroll,585,680,0.00,0.00,None,N/A,
192.2302,gk,Scroll,Scroll,585,680,0.00,0.00,None,N/A,
192.2414,gk,Scroll,Scroll,585,680,0.00,0.00,None,N/A,
192.2505,gk,Scroll,Scroll,585,680,0.00,0.00,None,N/A,
192.2605,gk,Scroll,Scroll,585,680,0.00,0.00,None,N/A,
192.2706,gk,Scroll,Scroll,585,680,0.00,0.00,None,N/A,
192.2803,gk,Scroll,Scroll,585,680,0.00,0.00,None,N/A,
192.2908,gk,Scroll,Scroll,585,680,0.00,0.00,None,N/A,
192.3004,gk,Scroll,Scroll,585,680,0.00,0.00,None,N/A,
192.3100,gk,Scroll,Scroll,585,680,0.00,0.00,None,N/A,
192.3206,gk,Scroll,Scroll,585,680,0.00,0.00,None,N/A,
192.3302,gk,Scroll,Scroll,585,680,0.00,0.00,None,N/A,
192.3399,gk,Scroll,Scroll,585,680,0.00,0.00,None,N/A,
192.3505,gk,Scroll,Scroll,585,680,0.00,0.00,None,N/A,
192.3601,gk,Scroll,Scroll,585,680,0.00,0.00,None,N/A,
192.3707,gk,Scroll,Scroll,585,680,0.00,0.00,None,N/A,
192.3803,gk,Scroll,Scroll,585,680,0.00,0.00,None,N/A,
192.3901,gk,Scroll,Scroll,585,680,0.00,0.00,None,N/A,
192.4005,gk,Scroll,Scroll,585,680,0.00,0.00,None,N/A,
192.4102,gk,Scroll,Scroll,585,680,0.00,0.00,None,N/A,
192.4207,gk,Scroll,Scroll,585,680,0.00,0.00,None,N/A,
192.4304,gk,Scroll,Scroll,585,680,0.00,0.00,None,N/A,
192.4403,gk,Scroll,Scroll,585,680,0.00,0.00,None,N/A,
192.4500,gk,Scroll,Scroll,585,680,0.00,0.00,None,N/A,
192.4605,gk,Scroll,Scroll,585,680,0.00,0.00,None,N/A,
192.4700,gk,Scroll,Scroll,585,680,0.00,0.00,None,N/A,
192.4803,gk,Scroll,Scroll,585,680,0.00,0.00,None,N/A,
192.4899,gk,Scroll,Scroll,585,680,0.00,0.00,None,N/A,
192.5003,gk,Scroll,Scroll,585,680,0.00,0.00,None,N/A,
192.5098,gk,Scroll,Scroll,585,680,0.00,0.00,None,N/A,
192.5204,gk,Scroll,Scroll,585,680,0.00,0.00,None,N/A,
192.5298,gk,Scroll,Scroll,585,680,0.00,0.00,None,N/A,
192.5404,gk,Scroll,Scroll,585,680,0.00,0.00,None,N/A,
192.5499,gk,Scroll,Scroll,585,680,0.00,0.00,None,N/A,
192.5606,gk,Scroll,Scroll,585,680,0.00,0.00,None,N/A,
192.5699,gk,Scroll,Scroll,585,680,0.00,0.00,None,N/A,
192.5800,gk,Scroll,Scroll,585,680,0.00,0.00,None,N/A,
192.5904,gk,Scroll,Scroll,585,680,0.00,0.00,None,N/A,
192.6003,gk,Scroll,Scroll,585,680,0.00,0.00,None,N/A,
192.6100,gk,Scroll,Scroll,585,680,0.00,0.00,None,N/A,
192.6200,gk,Scroll,Scroll,585,680,0.00,0.00,None,N/A,
192.6306,gk,Scroll,Scroll,585,680,0.00,0.00,None,N/A,
192.6406,gk,Scroll,Scroll,585,680,0.00,0.00,None,N/A,
192.6498,gk,Scroll,Scroll,585,680,0.00,0.00,None,N/A,
192.6600,gk,Scroll,Scroll,585,680,0.00,0.00,None,N/A,
192.6702,gk,Scroll,Scroll,585,680,0.00,0.00,None,N/A,
192.6804,gk,Scroll,Scroll,585,680,0.00,0.00,None,N/A,
192.6898,gk,Scroll,Scroll,585,680,0.00,0.00,None,N/A,
192.7000,gk,Scroll,Scroll,585,680,0.00,0.00,None,N/A,
192.7097,gk,Scroll,Scroll,585,680,0.00,0.00,None,N/A,
192.7204,gk,Scroll,Scroll,585,680,0.00,0.00,None,N/A,
192.7304,gk,Scroll,Scroll,585,680,0.00,0.00,None,N/A,
192.7400,gk,Scroll,Scroll,585,680,0.00,0.00,None,N/A,
192.7504,gk,Scroll,Scroll,585,680,0.00,0.00,None,N/A,
192.7600,gk,Scroll,Scroll,585,680,0.00,0.00,None,N/A,
192.7706,gk,Scroll,Scroll,585,680,0.00,0.00,None,N/A,
192.7806,gk,Scroll,Scroll,585,680,0.00,0.00,None,N/A,
192.7909,gk,Scroll,Scroll,585,680,0.00,0.00,None,N/A,
192.8006,gk,Scroll,Scroll,585,680,0.00,0.00,None,N/A,
192.8102,gk,Scroll,Scroll,585,680,0.00,0.00,None,N/A,
192.8198,gk,Scroll,Scroll,585,680,0.00,0.00,None,N/A,
192.8299,gk,Scroll,Scroll,585,680,0.00,0.00,None,N/A,
192.8399,gk,Scroll,Scroll,585,680,0.00,0.00,None,N/A,
192.8505,gk,Scroll,Scroll,585,680,0.00,0.00,None,N/A,
192.8602,gk,Scroll,Scroll,585,680,0.00,0.00,None,N/A,
192.8699,gk,Scroll,Scroll,585,680,0.00,0.00,None,N/A,
192.8802,gk,Scroll,Scroll,585,680,0.00,0.00,None,N/A,
192.8900,gk,Scroll,Scroll,585,680,0.00,0.00,None,N/A,
192.9003,gk,Scroll,Scroll,585,680,0.00,0.00,None,N/A,
192.9106,gk,Scroll,Scroll,585,680,0.00,0.00,None,N/A,
192.9199,gk,Scroll,Scroll,585,680,0.00,0.00,None,N/A,
192.9301,gk,Scroll,Scroll,585,680,0.00,0.00,None,N/A,
192.9403,gk,Scroll,Scroll,585,680,0.00,0.00,None,N/A,
192.9501,gk,Scroll,Scroll,585,680,0.00,0.00,None,N/A,
192.9612,gk,Scroll,Scroll,585,680,0.00,0.00,None,N/A,
192.9698,gk,Scroll,Scroll,585,680,0.00,0.00,None,N/A,
192.9802,gk,Scroll,Scroll,585,680,0.00,0.00,None,N/A,
192.9907,gk,Scroll,Scroll,585,680,0.00,0.00,None,N/A,
193.0001,gk,Scroll,Scroll,585,680,0.00,0.00,None,N/A,
193.0106,gk,Scroll,Scroll,585,680,0.00,0.00,None,N/A,
193.0208,gk,Scroll,Scroll,585,680,0.00,0.00,None,N/A,
193.0305,gk,Scroll,Scroll,585,680,0.00,0.00,None,N/A,
193.0405,gk,Scroll,Scroll,585,680,0.00,0.00,None,N/A,
193.0502,gk,Scroll,Scroll,585,680,0.00,0.00,None,N/A,
193.0598,gk,Scroll,Scroll,585,680,0.00,0.00,None,N/A,
193.0706,gk,Scroll,Scroll,585,680,0.00,0.00,None,N/A,
193.0807,gk,Scroll,Scroll,585,680,0.00,0.00,None,N/A,
193.0907,gk,Scroll,Scroll,585,680,0.00,0.00,None,N/A,
193.1010,gk,Scroll,Scroll,585,680,0.00,0.00,None,N/A,
193.1110,gk,Scroll,Scroll,585,680,0.00,0.00,None,N/A,
193.1211,gk,Scroll,Scroll,585,680,0.00,0.00,None,N/A,
193.1307,gk,Scroll,Scroll,585,680,0.00,0.00,None,N/A,
193.1403,gk,Scroll,Scroll,585,680,0.00,0.00,None,N/A,
193.1499,gk,Scroll,Scroll,585,680,0.00,0.00,None,N/A,
193.1604,gk,Scroll,Scroll,585,680,0.00,0.00,None,N/A,
193.1701,gk,Scroll,Scroll,585,680,0.00,0.00,None,N/A,
193.1807,gk,Scroll,Scroll,585,680,0.00,0.00,None,N/A,
193.1905,gk,Scroll,Scroll,585,680,0.00,0.00,None,N/A,
193.1999,gk,Scroll,Scroll,585,680,0.00,0.00,None,N/A,
193.2105,gk,Scroll,Scroll,585,680,0.00,0.00,None,N/A,
193.2199,gk,Scroll,Scroll,585,680,0.00,0.00,None,N/A,
193.2304,gk,Scroll,Scroll,585,680,0.00,0.00,None,N/A,
193.2399,gk,Scroll,Scroll,585,680,0.00,0.00,None,N/A,
193.2505,gk,Scroll,Scroll,585,680,0.00,0.00,None,N/A,
193.2600,gk,Scroll,Scroll,585,680,0.00,0.00,None,N/A,
193.2705,gk,Scroll,Scroll,585,680,0.00,0.00,None,N/A,
193.2799,gk,Scroll,Scroll,585,680,0.00,0.00,None,N/A,
193.2903,gk,Scroll,Scroll,585,680,0.00,0.00,None,N/A,
193.3008,gk,Scroll,Scroll,585,680,0.00,0.00,None,N/A,
193.3104,gk,Scroll,Scroll,585,680,0.00,0.00,None,N/A,
193.3199,gk,Scroll,Scroll,585,680,0.00,0.00,None,N/A,
193.3306,gk,Scroll,Scroll,585,680,0.00,0.00,None,N/A,
193.3400,gk,Scroll,Scroll,585,680,0.00,0.00,None,N/A,
193.3507,gk,Scroll,Scroll,585,680,0.00,0.00,None,N/A,
193.3599,gk,Scroll,Scroll,585,680,0.00,0.00,None,N/A,
193.3699,gk,Scroll,Scroll,585,680,0.00,0.00,None,N/A,
193.3824,gk,Scroll,Scroll,585,680,0.00,0.00,None,N/A,
193.3907,gk,Scroll,Scroll,585,680,0.00,0.00,None,N/A,
193.3999,gk,Scroll,Scroll,585,680,0.00,0.00,None,N/A,
193.4101,gk,Scroll,Scroll,585,680,0.00,0.00,None,N/A,
193.4212,gk,Scroll,Scroll,585,680,0.00,0.00,None,N/A,
193.4298,gk,Scroll,Scroll,585,680,0.00,0.00,None,N/A,
193.4405,gk,Scroll,Scroll,585,680,0.00,0.00,None,N/A,
193.4506,gk,Scroll,Scroll,585,680,0.00,0.00,None,N/A,
193.4599,gk,Scroll,Scroll,585,680,0.00,0.00,None,N/A,
193.4705,gk,Scroll,Scroll,585,680,0.00,0.00,None,N/A,
193.4799,gk,Scroll,Scroll,585,680,0.00,0.00,None,N/A,
193.4903,gk,Scroll,Scroll,585,680,0.00,0.00,None,N/A,
193.5006,gk,Scroll,Scroll,585,680,0.00,0.00,None,N/A,
193.5106,gk,Scroll,Scroll,585,680,0.00,0.00,None,N/A,
193.5204,gk,Scroll,Scroll,585,680,0.00,0.00,None,N/A,
193.5325,gk,Scroll,Scroll,585,680,0.00,0.00,None,N/A,
193.5400,gk,Scroll,Scroll,585,680,0.00,0.00,None,N/A,
193.5518,gk,Scroll,Scroll,585,680,0.00,0.00,None,N/A,
193.5602,gk,Scroll,Scroll,585,680,0.00,0.00,None,N/A,
193.5698,gk,Scroll,Scroll,585,680,0.00,0.00,None,N/A,
193.5801,gk,Scroll,Scroll,585,680,0.00,0.00,None,N/A,
193.5902,gk,Scroll,Scroll,585,680,0.00,0.00,None,N/A,
193.6006,gk,Scroll,Scroll,585,680,0.00,0.00,None,N/A,
193.6103,gk,Scroll,Scroll,585,680,0.00,0.00,None,N/A,
193.6200,gk,Scroll,Scroll,585,680,0.00,0.00,None,N/A,
193.6299,gk,Scroll,Scroll,585,680,0.00,0.00,None,N/A,
193.6412,gk,Scroll,Scroll,585,680,0.00,0.00,None,N/A,
193.6505,gk,Scroll,Scroll,585,680,0.00,0.00,None,N/A,
193.6602,gk,Scroll,Scroll,585,680,0.00,0.00,None,N/A,
193.6710,gk,Scroll,Scroll,585,680,0.00,0.00,None,N/A,
193.6797,gk,Scroll,Scroll,585,680,0.00,0.00,None,N/A,
193.6904,gk,Scroll,Scroll,585,680,0.00,0.00,None,N/A,
193.7001,gk,Scroll,Scroll,585,680,0.00,0.00,None,N/A,
193.7102,gk,Scroll,Scroll,585,680,0.00,0.00,None,N/A,
193.7200,gk,Scroll,Scroll,585,680,0.00,0.00,None,N/A,
193.7307,gk,Scroll,Scroll,585,680,0.00,0.00,None,N/A,
193.7402,gk,Scroll,Scroll,585,680,0.00,0.00,None,N/A,
193.7505,gk,Scroll,Scroll,585,680,0.00,0.00,None,N/A,
193.7600,gk,Scroll,Scroll,585,680,0.00,0.00,None,N/A,
193.7704,gk,Scroll,Scroll,585,680,0.00,0.00,None,N/A,
193.7801,gk,Scroll,Scroll,585,680,0.00,0.00,None,N/A,
193.7906,gk,Scroll,Scroll,585,680,0.00,0.00,None,N/A,
193.8002,gk,Scroll,Scroll,585,680,0.00,0.00,None,N/A,
193.8108,gk,Scroll,Scroll,585,680,0.00,0.00,None,N/A,
193.8203,gk,Scroll,Scroll,585,680,0.00,0.00,None,N/A,
193.8300,gk,Scroll,Scroll,585,680,0.00,0.00,None,N/A,
193.8410,gk,Scroll,Scroll,585,680,0.00,0.00,None,N/A,
193.8507,gk,Scroll,Scroll,585,680,0.00,0.00,None,N/A,
193.8607,gk,Scroll,Scroll,585,680,0.00,0.00,None,N/A,
193.8707,gk,Scroll,Scroll,585,680,0.00,0.00,None,N/A,
193.8810,gk,Scroll,Scroll,585,680,0.00,0.00,None,N/A,
193.8906,gk,Scroll,Scroll,585,680,0.00,0.00,None,N/A,
193.9001,gk,Scroll,Scroll,585,680,0.00,0.00,None,N/A,
193.9111,gk,Scroll,Scroll,585,680,0.00,0.00,None,N/A,
193.9212,gk,Scroll,Scroll,585,680,0.00,0.00,None,N/A,
193.9298,gk,Scroll,Scroll,585,680,0.00,0.00,None,N/A,
193.9404,gk,Scroll,Scroll,585,680,0.00,0.00,None,N/A,
193.9499,gk,Scroll,Scroll,585,680,0.00,0.00,None,N/A,
193.9605,gk,Scroll,Scroll,585,680,0.00,0.00,None,N/A,
193.9703,gk,Scroll,Scroll,585,680,0.00,0.00,None,N/A,
193.9805,gk,Scroll,Scroll,585,680,0.00,0.00,None,N/A,
193.9907,gk,Scroll,Scroll,585,680,0.00,0.00,None,N/A,
194.0004,gk,Scroll,Scroll,585,680,0.00,0.00,None,N/A,
194.0104,gk,Scroll,Scroll,585,680,0.00,0.00,None,N/A,
194.0200,gk,Scroll,Scroll,585,680,0.00,0.00,None,N/A,
194.0306,gk,Scroll,Scroll,585,680,0.00,0.00,None,N/A,
194.0406,gk,Scroll,Scroll,585,680,0.00,0.00,None,N/A,
194.0511,gk,Scroll,Scroll,585,680,0.00,0.00,None,N/A,
194.0602,gk,Scroll,Scroll,585,680,0.00,0.00,None,N/A,
194.0699,gk,Scroll,Scroll,585,680,0.00,0.00,None,N/A,
194.0807,gk,Scroll,Scroll,585,680,0.00,0.00,None,N/A,
194.0903,gk,Scroll,Scroll,585,680,0.00,0.00,None,N/A,
194.0998,gk,Scroll,Scroll,585,680,0.00,0.00,None,N/A,
194.1103,gk,Scroll,Scroll,585,680,0.00,0.00,None,N/A,
194.1199,gk,Scroll,Scroll,585,680,0.00,0.00,None,N/A,
194.1304,gk,Scroll,Scroll,585,680,0.00,0.00,None,N/A,
194.1403,gk,Scroll,Scroll,585,680,0.00,0.00,None,N/A,
194.1502,gk,Scroll,Scroll,585,680,0.00,0.00,None,N/A,
194.1611,gk,Scroll,Scroll,585,680,0.00,0.00,None,N/A,
194.1711,gk,Scroll,Scroll,585,680,0.00,0.00,None,N/A,
194.1799,gk,Scroll,Scroll,585,680,0.00,0.00,None,N/A,
194.1908,gk,Scroll,Scroll,585,680,0.00,0.00,None,N/A,
194.2007,gk,Scroll,Scroll,585,680,0.00,0.00,None,N/A,
194.2103,gk,Scroll,Scroll,585,680,0.00,0.00,None,N/A,
194.2207,gk,Scroll,Scroll,585,680,0.00,0.00,None,N/A,
194.2298,gk,Scroll,Scroll,585,682,220.99,24418.57,None,N/A,
194.2400,gk,Scroll,Scroll,584,688,592.26,36149.93,None,N/A,
194.2500,gk,Scroll,Scroll,584,691,302.07,-29219.64,None,N/A,
194.2606,gk,Scroll,Scroll,585,696,481.36,16925.72,None,N/A,
194.2703,gk,Scroll,Scroll,585,699,306.98,-17843.64,None,N/A,
194.2806,gk,Scroll,Scroll,585,701,195.07,-10915.20,None,N/A,
194.2905,gk,Scroll,Scroll,586,707,613.20,42151.61,None,N/A,
194.3009,gk,Scroll,Scroll,587,709,215.80,-38352.66,None,N/A,
194.3107,gk,Scroll,Scroll,588,714,520.08,31036.11,None,N/A,
194.3208,gk,Scroll,Scroll,589,716,221.07,-29561.92,None,N/A,
194.3307,gk,Scroll,Scroll,591,720,453.54,23576.17,None,N/A,
194.3406,gk,Scroll,Scroll,592,722,225.09,-22996.51,None,N/A,
194.3500,gk,Scroll,Scroll,594,725,382.95,16767.01,None,N/A,
194.3600,gk,Scroll,Scroll,595,727,224.44,-15910.22,None,N/A,
194.3707,gk,Scroll,Scroll,597,730,334.80,10248.05,None,N/A,
194.3806,gk,Scroll,Scroll,598,731,143.88,-19424.40,None,N/A,
194.3903,gk,Scroll,Scroll,599,732,144.68,82.22,None,N/A,
194.4000,gk,Scroll,Scroll,601,735,372.02,23457.07,None,N/A,
194.4100,gk,Scroll,Scroll,601,736,100.56,-27299.03,None,N/A,
194.4201,gk,Scroll,Scroll,602,738,219.90,11735.87,None,N/A,
194.4306,gk,Scroll,Scroll,603,739,135.54,-8085.31,None,N/A,
194.4401,gk,Scroll,Scroll,604,740,149.27,1449.37,None,N/A,
194.4507,gk,Scroll,Scroll,605,741,132.62,-1561.36,None,N/A,
194.4605,gk,Scroll,Scroll,606,742,143.93,1151.56,None,N/A,
194.4708,gk,Scroll,Scroll,606,743,97.75,-4514.26,None,N/A,
194.4801,gk,Scroll,Scroll,607,743,106.73,957.53,None,N/A,
194.4904,gk,Scroll,Scroll,607,744,97.47,-901.77,None,N/A,
194.5004,gk,Scroll,Scroll,607,744,0.00,-9757.64,None,N/A,
194.5104,gk,Scroll,Scroll,607,744,0.00,0.00,None,N/A,
194.5200,gk,Scroll,Scroll,607,744,0.00,0.00,None,N/A,
194.5304,gk,Scroll,Scroll,607,744,0.00,0.00,None,N/A,
194.5402,gk,Scroll,Scroll,607,744,0.00,0.00,None,N/A,
194.5498,gk,Scroll,Scroll,607,744,0.00,0.00,None,N/A,
194.5599,gk,Scroll,Scroll,607,744,0.00,0.00,None,N/A,
194.5704,gk,Scroll,Scroll,607,744,0.00,0.00,None,N/A,
194.5807,gk,Scroll,Scroll,607,744,0.00,0.00,None,N/A,
194.5902,gk,Scroll,Scroll,607,744,0.00,0.00,None,N/A,
194.6006,gk,Scroll,Scroll,607,744,0.00,0.00,None,N/A,
194.6101,gk,Scroll,Scroll,607,744,0.00,0.00,None,N/A,
194.6202,gk,Scroll,Scroll,607,744,0.00,0.00,None,N/A,
194.6305,gk,Scroll,Scroll,607,744,0.00,0.00,None,N/A,
194.6404,gk,Scroll,Scroll,606,744,100.98,10196.46,None,N/A,
194.6508,gk,Scroll,Scroll,605,743,136.20,3392.19,None,N/A,
194.6606,gk,Scroll,Scroll,604,742,143.98,791.97,None,N/A,
194.6699,gk,Scroll,Scroll,603,741,152.43,910.40,None,N/A,
194.6805,gk,Scroll,Scroll,601,740,210.95,5520.94,None,N/A,
194.6904,gk,Scroll,Scroll,600,739,142.94,-6873.94,None,N/A,
194.7001,gk,Scroll,Scroll,599,738,144.72,182.36,None,N/A,
194.7104,gk,Scroll,Scroll,599,738,0.00,-14080.26,None,N/A,
194.7198,gk,Scroll,Scroll,598,738,106.77,11398.99,None,N/A,
194.7299,gk,Scroll,Scroll,597,737,139.75,3259.68,None,N/A,
194.7399,gk,Scroll,Scroll,597,737,0.00,-13999.93,None,N/A,
194.7502,gk,Scroll,Scroll,596,736,136.71,13214.65,None,N/A,
194.7599,gk,Scroll,Scroll,596,736,0.00,-14142.60,None,N/A,
194.7699,gk,Scroll,Scroll,595,736,100.19,10037.32,None,N/A,
194.7807,gk,Scroll,Scroll,595,736,0.00,-9293.03,None,N/A,
194.7901,gk,Scroll,Scroll,595,736,0.00,0.00,None,N/A,
194.8000,gk,Scroll,Scroll,595,736,0.00,0.00,None,N/A,
194.8104,gk,Scroll,Scroll,595,736,0.00,0.00,None,N/A,
194.8199,gk,Scroll,Scroll,595,736,0.00,0.00,None,N/A,
194.8303,gk,Scroll,Scroll,595,736,0.00,0.00,None,N/A,
194.8398,gk,Scroll,Scroll,595,736,0.00,0.00,None,N/A,
194.8503,gk,Scroll,Scroll,595,736,0.00,0.00,None,N/A,
194.8601,gk,Scroll,Scroll,594,736,101.93,10389.66,None,N/A,
194.8707,gk,Scroll,Scroll,594,736,0.00,-9632.61,None,N/A,
194.8802,gk,Scroll,Scroll,594,736,0.00,0.00,None,N/A,
194.8907,gk,Scroll,Scroll,594,736,0.00,0.00,None,N/A,
194.9002,gk,Scroll,Scroll,594,736,0.00,0.00,None,N/A,
194.9107,gk,Scroll,Scroll,594,736,0.00,0.00,None,N/A,
194.9202,gk,Scroll,Scroll,594,736,0.00,0.00,None,N/A,
194.9308,gk,Scroll,Scroll,594,736,0.00,0.00,None,N/A,
194.9405,gk,Scroll,Scroll,594,736,0.00,0.00,None,N/A,
194.9507,gk,Scroll,Scroll,594,736,0.00,0.00,None,N/A,
194.9604,gk,Scroll,Scroll,594,736,0.00,0.00,None,N/A,
194.9701,gk,Scroll,Scroll,594,736,0.00,0.00,None,N/A,
194.9807,gk,Scroll,Scroll,594,736,0.00,0.00,None,N/A,
194.9902,gk,Scroll,Scroll,594,736,0.00,0.00,None,N/A,
195.0012,gk,Scroll,Scroll,594,736,0.00,0.00,None,N/A,
195.0099,gk,Scroll,Scroll,594,736,0.00,0.00,None,N/A,
195.0207,gk,Scroll,Scroll,594,736,0.00,0.00,None,N/A,
195.0304,gk,Scroll,Scroll,594,736,0.00,0.00,None,N/A,
195.0399,gk,Scroll,Scroll,594,736,0.00,0.00,None,N/A,
195.0499,gk,Scroll,Scroll,594,736,0.00,0.00,None,N/A,
195.0603,gk,Scroll,Scroll,594,736,0.00,0.00,None,N/A,
195.0699,gk,Scroll,Scroll,594,737,104.05,10825.58,None,N/A,
195.0800,gk,Scroll,Scroll,594,737,0.00,-10319.49,None,N/A,
195.0905,gk,Scroll,Scroll,594,737,0.00,0.00,None,N/A,
195.1006,gk,Scroll,Scroll,594,738,98.63,9727.71,None,N/A,
195.1103,gk,Scroll,Scroll,594,738,0.00,-10187.42,None,N/A,
195.1202,gk,Scroll,Scroll,594,739,101.81,10364.45,None,N/A,
195.1305,gk,Scroll,Scroll,594,739,0.00,-9827.51,None,N/A,
195.1397,gk,Scroll,Scroll,594,740,108.30,11728.02,None,N/A,
195.1498,gk,Scroll,Scroll,594,741,99.03,-918.06,None,N/A,
195.1599,gk,Scroll,Scroll,594,741,0.00,-9858.32,None,N/A,
195.1698,gk,Scroll,Scroll,593,742,142.40,14339.08,None,N/A,
195.1802,gk,Scroll,Scroll,593,742,0.00,-13712.61,None,N/A,
195.1904,gk,Scroll,Scroll,593,743,97.83,9570.44,None,N/A,
195.2001,gk,Scroll,Scroll,593,743,0.00,-10111.21,None,N/A,
195.2098,gk,Scroll,Scroll,593,743,0.00,0.00,None,N/A,
195.2203,gk,Scroll,Scroll,593,743,0.00,0.00,None,N/A,
195.2299,gk,Scroll,Scroll,593,743,0.00,0.00,None,N/A,
195.2406,gk,Scroll,Scroll,593,744,93.36,8715.37,None,N/A,
195.2501,gk,Scroll,Scroll,593,744,0.00,-9822.74,None,N/A,
195.2611,gk,Scroll,Scroll,593,744,0.00,0.00,None,N/A,
195.2708,gk,Scroll,Scroll,593,744,0.00,0.00,None,N/A,
195.2804,gk,Scroll,Scroll,593,744,0.00,0.00,None,N/A,
195.2899,gk,Scroll,Scroll,593,744,0.00,0.00,None,N/A,
195.3007,gk,Scroll,Scroll,593,744,0.00,0.00,None,N/A,
195.3103,gk,Scroll,Scroll,593,744,0.00,0.00,None,N/A,
195.3198,gk,Scroll,Scroll,593,744,0.00,0.00,None,N/A,
195.3301,gk,Scroll,Scroll,593,744,0.00,0.00,None,N/A,
195.3400,gk,Scroll,Scroll,593,744,0.00,0.00,None,N/A,
195.3505,gk,Scroll,Scroll,593,744,0.00,0.00,None,N/A,
195.3600,gk,Scroll,Scroll,593,744,0.00,0.00,None,N/A,
195.3705,gk,Scroll,Scroll,593,744,0.00,0.00,None,N/A,
195.3799,gk,Scroll,Scroll,593,744,0.00,0.00,None,N/A,
195.3902,gk,Scroll,Scroll,593,744,0.00,0.00,None,N/A,
195.4008,gk,Scroll,Scroll,593,744,0.00,0.00,None,N/A,
195.4104,gk,Scroll,Scroll,593,744,0.00,0.00,None,N/A,
195.4199,gk,Scroll,Scroll,593,744,0.00,0.00,None,N/A,
195.4300,gk,Scroll,Scroll,594,743,140.01,13861.17,None,N/A,
195.4406,gk,Scroll,Scroll,594,743,0.00,-13319.78,None,N/A,
195.4505,gk,Scroll,Scroll,594,743,0.00,0.00,None,N/A,
195.4605,gk,Scroll,Scroll,594,743,0.00,0.00,None,N/A,
195.4705,gk,Scroll,Scroll,594,743,0.00,0.00,None,N/A,
195.4801,gk,Scroll,Scroll,594,743,0.00,0.00,None,N/A,
195.4905,gk,Scroll,Scroll,594,743,0.00,0.00,None,N/A,
195.5001,gk,Scroll,Scroll,594,743,0.00,0.00,None,N/A,
195.5111,gk,Scroll,Scroll,594,743,0.00,0.00,None,N/A,
195.5207,gk,Scroll,Scroll,594,743,0.00,0.00,None,N/A,
195.5303,gk,Scroll,Scroll,594,743,0.00,0.00,None,N/A,
195.5398,gk,Scroll,Scroll,594,743,0.00,0.00,None,N/A,
195.5503,gk,Scroll,Scroll,594,743,0.00,0.00,None,N/A,
195.5599,gk,Scroll,Scroll,594,743,0.00,0.00,None,N/A,
195.5705,gk,Scroll,Scroll,594,743,0.00,0.00,None,N/A,
195.5800,gk,Scroll,Scroll,594,743,0.00,0.00,None,N/A,
195.5907,gk,Scroll,Scroll,594,743,0.00,0.00,None,N/A,
195.6007,gk,Scroll,Scroll,594,743,0.00,0.00,None,N/A,
195.6108,gk,Scroll,Scroll,594,743,0.00,0.00,None,N/A,
195.6204,gk,Scroll,Scroll,594,743,0.00,0.00,None,N/A,
195.6301,gk,Scroll,Scroll,594,743,0.00,0.00,None,N/A,
195.6411,gk,Scroll,Scroll,594,743,0.00,0.00,None,N/A,
195.6498,gk,Scroll,Scroll,594,743,0.00,0.00,None,N/A,
195.6608,gk,Scroll,Scroll,594,743,0.00,0.00,None,N/A,
195.6704,gk,Scroll,Scroll,594,743,0.00,0.00,None,N/A,
195.6799,gk,Scroll,Scroll,594,743,0.00,0.00,None,N/A,
195.6905,gk,Scroll,Scroll,594,743,0.00,0.00,None,N/A,
195.7000,gk,Scroll,Scroll,594,743,0.00,0.00,None,N/A,
195.7106,gk,Scroll,Scroll,594,743,0.00,0.00,None,N/A,
195.7202,gk,Scroll,Scroll,594,743,0.00,0.00,None,N/A,
195.7307,gk,Scroll,Scroll,594,743,0.00,0.00,None,N/A,
195.7404,gk,Scroll,Scroll,594,743,0.00,0.00,None,N/A,
195.7502,gk,Scroll,Scroll,594,743,0.00,0.00,None,N/A,
195.7599,gk,Scroll,Scroll,594,743,0.00,0.00,None,N/A,
195.7708,gk,Scroll,Scroll,594,743,0.00,0.00,None,N/A,
195.7807,gk,Scroll,Scroll,594,743,0.00,0.00,None,N/A,
195.7906,gk,Scroll,Scroll,594,743,0.00,0.00,None,N/A,
195.8008,gk,Scroll,Scroll,594,743,0.00,0.00,None,N/A,
195.8109,gk,Scroll,Scroll,594,743,0.00,0.00,None,N/A,
195.8211,gk,Scroll,Scroll,594,743,0.00,0.00,None,N/A,
195.8312,gk,Scroll,Scroll,594,743,0.00,0.00,None,N/A,
195.8399,gk,Scroll,Scroll,594,743,0.00,0.00,None,N/A,
195.8513,gk,Scroll,Scroll,594,743,0.00,0.00,None,N/A,
195.8601,gk,Scroll,Scroll,594,743,0.00,0.00,None,N/A,
195.8702,gk,Scroll,Scroll,594,743,0.00,0.00,None,N/A,
195.8832,gk,Scroll,Scroll,594,743,0.00,0.00,None,N/A,
195.8899,gk,Scroll,Scroll,594,743,0.00,0.00,None,N/A,
195.9029,gk,Scroll,Scroll,594,743,0.00,0.00,None,N/A,
195.9106,gk,Scroll,Scroll,594,743,0.00,0.00,None,N/A,
195.9203,gk,Scroll,Scroll,594,743,0.00,0.00,None,N/A,
195.9300,gk,Scroll,Scroll,594,743,0.00,0.00,None,N/A,
195.9409,gk,Scroll,Scroll,594,743,0.00,0.00,None,N/A,
195.9507,gk,Scroll,Scroll,594,743,0.00,0.00,None,N/A,
195.9604,gk,Scroll,Scroll,594,743,0.00,0.00,None,N/A,
195.9704,gk,Scroll,Scroll,594,743,0.00,0.00,None,N/A,
195.9800,gk,Scroll,Scroll,594,743,0.00,0.00,None,N/A,
195.9906,gk,Scroll,Scroll,594,743,0.00,0.00,None,N/A,
196.0002,gk,Scroll,Scroll,594,743,0.00,0.00,None,N/A,
196.0107,gk,Scroll,Scroll,594,743,0.00,0.00,None,N/A,
196.0203,gk,Scroll,Scroll,594,743,0.00,0.00,None,N/A,
196.0299,gk,Scroll,Scroll,594,743,0.00,0.00,None,N/A,
196.0404,gk,Scroll,Scroll,594,743,0.00,0.00,None,N/A,
196.0499,gk,Scroll,Scroll,594,743,0.00,0.00,None,N/A,
196.0607,gk,Scroll,Scroll,594,743,0.00,0.00,None,N/A,
196.0709,gk,Scroll,Scroll,594,743,0.00,0.00,None,N/A,
196.0805,gk,Scroll,Scroll,594,743,0.00,0.00,None,N/A,
196.0898,gk,Scroll,Scroll,594,743,0.00,0.00,None,N/A,
196.1004,gk,Scroll,Scroll,594,743,0.00,0.00,None,N/A,
196.1101,gk,Scroll,Scroll,594,743,0.00,0.00,None,N/A,
196.1207,gk,Scroll,Scroll,594,743,0.00,0.00,None,N/A,
196.1302,gk,Scroll,Scroll,594,743,0.00,0.00,None,N/A,
196.1408,gk,Scroll,Scroll,594,743,0.00,0.00,None,N/A,
196.1498,gk,Scroll,Scroll,594,743,0.00,0.00,None,N/A,
196.1602,gk,Scroll,Scroll,594,743,0.00,0.00,None,N/A,
196.1707,gk,Scroll,Scroll,594,743,0.00,0.00,None,N/A,
196.1802,gk,Scroll,Scroll,594,743,0.00,0.00,None,N/A,
196.1898,gk,Scroll,Scroll,594,743,0.00,0.00,Left,N/A,
196.2003,gk,Scroll,Scroll,594,743,0.00,0.00,Left,N/A,
196.2108,gk,Scroll,Scroll,594,743,0.00,0.00,Left,N/A,
196.2208,gk,Scroll,Scroll,594,743,0.00,0.00,Left,N/A,
196.2304,gk,Scroll,Scroll,594,743,0.00,0.00,Left,N/A,
196.2401,gk,Scroll,Scroll,594,743,0.00,0.00,Left,N/A,
196.2510,gk,Scroll,Scroll,594,743,0.00,0.00,Left,N/A,
196.2611,gk,Scroll,Scroll,594,743,0.00,0.00,Left,N/A,
196.2707,gk,Scroll,Scroll,594,743,0.00,0.00,Left,N/A,
196.2807,gk,Scroll,Scroll,594,743,0.00,0.00,Left,N/A,
196.2904,gk,Scroll,Scroll,594,743,0.00,0.00,Left,N/A,
196.3005,gk,Scroll,Scroll,594,743,0.00,0.00,Left,N/A,
196.3102,gk,Scroll,Scroll,594,743,0.00,0.00,Left,N/A,
196.3199,gk,Scroll,Scroll,594,743,0.00,0.00,Left,N/A,
196.3305,gk,Scroll,Scroll,594,743,0.00,0.00,Left,N/A,
196.3401,gk,Scroll,Scroll,594,743,0.00,0.00,Left,N/A,
196.3506,gk,Scroll,Scroll,594,743,0.00,0.00,Left,N/A,
196.3602,gk,Scroll,Scroll,594,743,0.00,0.00,Left,N/A,
196.3628,gk,Scroll,Scroll,594,743,0.00,0.00,None,N/A,scroll_item_selected_correct
