Time,ParticipantID,Task,Label,X,Y,Velocity,Acceleration,ButtonState,ActiveWindow,Event
106.6253,gk,SliderControl,Slider Control,1031,494,0.00,0.00,None,N/A,
106.6314,gk,SliderControl,Slider Control,1031,494,0.00,0.00,None,N/A,
106.6412,gk,SliderControl,Slider Control,1031,494,0.00,0.00,None,N/A,
106.6508,gk,SliderControl,Slider Control,1031,494,0.00,0.00,None,N/A,
106.6614,gk,SliderControl,Slider Control,1031,494,0.00,0.00,None,N/A,
106.6712,gk,SliderControl,Slider Control,1031,494,0.00,0.00,None,N/A,
106.6808,gk,SliderControl,Slider Control,1031,494,0.00,0.00,None,N/A,
106.6916,gk,SliderControl,Slider Control,1031,494,0.00,0.00,None,N/A,
106.7012,gk,SliderControl,Slider Control,1031,494,0.00,0.00,None,N/A,
106.7107,gk,SliderControl,Slider Control,1031,494,0.00,0.00,None,N/A,
106.7213,gk,SliderControl,Slider Control,1031,494,0.00,0.00,None,N/A,
106.7308,gk,SliderControl,Slider Control,1031,494,0.00,0.00,None,N/A,
106.7411,gk,SliderControl,Slider Control,1031,494,0.00,0.00,None,N/A,
106.7512,gk,SliderControl,Slider Control,1031,494,0.00,0.00,None,N/A,
106.7609,gk,SliderControl,Slider Control,1031,494,0.00,0.00,None,N/A,
106.7720,gk,SliderControl,Slider Control,1031,494,0.00,0.00,None,N/A,
106.7816,gk,SliderControl,Slider Control,1031,494,0.00,0.00,None,N/A,
106.7921,gk,SliderControl,Slider Control,1031,494,0.00,0.00,None,N/A,
106.8021,gk,SliderControl,Slider Control,1031,494,0.00,0.00,None,N/A,
106.8121,gk,SliderControl,Slider Control,1031,494,0.00,0.00,None,N/A,
106.8211,gk,SliderControl,Slider Control,1031,494,0.00,0.00,None,N/A,
106.8312,gk,SliderControl,Slider Control,1031,494,0.00,0.00,None,N/A,
106.8412,gk,SliderControl,Slider Control,1031,494,0.00,0.00,None,N/A,
106.8509,gk,SliderControl,Slider Control,1031,494,0.00,0.00,None,N/A,
106.8615,gk,SliderControl,Slider Control,1031,494,0.00,0.00,None,N/A,
106.8711,gk,SliderControl,Slider Control,1031,494,0.00,0.00,None,N/A,
106.8816,gk,SliderControl,Slider Control,1031,494,0.00,0.00,None,N/A,
106.8912,gk,SliderControl,Slider Control,1031,494,0.00,0.00,None,N/A,
106.9008,gk,SliderControl,Slider Control,1031,494,0.00,0.00,None,N/A,
106.9116,gk,SliderControl,Slider Control,1031,494,0.00,0.00,None,N/A,
106.9213,gk,SliderControl,Slider Control,1031,494,0.00,0.00,None,N/A,
106.9315,gk,SliderControl,Slider Control,1031,494,0.00,0.00,None,N/A,
106.9416,gk,SliderControl,Slider Control,1031,494,0.00,0.00,None,N/A,
106.9517,gk,SliderControl,Slider Control,1031,494,0.00,0.00,None,N/A,
106.9618,gk,SliderControl,Slider Control,1031,494,0.00,0.00,None,N/A,
106.9714,gk,SliderControl,Slider Control,1031,494,0.00,0.00,None,N/A,
106.9809,gk,SliderControl,Slider Control,1031,494,0.00,0.00,None,N/A,
106.9915,gk,SliderControl,Slider Control,1031,494,0.00,0.00,None,N/A,
107.0011,gk,SliderControl,Slider Control,1031,494,0.00,0.00,None,N/A,
107.0117,gk,SliderControl,Slider Control,1031,494,0.00,0.00,None,N/A,
107.0213,gk,SliderControl,Slider Control,1031,494,0.00,0.00,None,N/A,
107.0309,gk,SliderControl,Slider Control,1031,494,0.00,0.00,None,N/A,
107.0414,gk,SliderControl,Slider Control,1031,494,0.00,0.00,None,N/A,
107.0511,gk,SliderControl,Slider Control,1031,494,0.00,0.00,None,N/A,
107.0616,gk,SliderControl,Slider Control,1031,494,0.00,0.00,None,N/A,
107.0716,gk,SliderControl,Slider Control,1031,494,0.00,0.00,None,N/A,
107.0818,gk,SliderControl,Slider Control,1031,494,0.00,0.00,None,N/A,
107.0916,gk,SliderControl,Slider Control,1031,494,0.00,0.00,None,N/A,
107.1015,gk,SliderControl,Slider Control,1031,494,0.00,0.00,None,N/A,
107.1116,gk,SliderControl,Slider Control,1031,494,0.00,0.00,None,N/A,
107.1216,gk,SliderControl,Slider Control,1031,494,0.00,0.00,None,N/A,
107.1313,gk,SliderControl,Slider Control,1031,494,0.00,0.00,None,N/A,
107.1410,gk,SliderControl,Slider Control,1031,494,0.00,0.00,None,N/A,
107.1520,gk,SliderControl,Slider Control,1031,494,0.00,0.00,None,N/A,
107.1617,gk,SliderControl,Slider Control,1031,494,0.00,0.00,None,N/A,
107.1712,gk,SliderControl,Slider Control,1031,494,0.00,0.00,None,N/A,
107.1808,gk,SliderControl,Slider Control,1031,494,0.00,0.00,None,N/A,
107.1914,gk,SliderControl,Slider Control,1031,494,0.00,0.00,None,N/A,
107.2009,gk,SliderControl,Slider Control,1031,494,0.00,0.00,None,N/A,
107.2115,gk,SliderControl,Slider Control,1031,494,0.00,0.00,None,N/A,
107.2211,gk,SliderControl,Slider Control,1031,494,0.00,0.00,None,N/A,
107.2317,gk,SliderControl,Slider Control,1031,494,0.00,0.00,None,N/A,
107.2413,gk,SliderControl,Slider Control,1031,494,0.00,0.00,None,N/A,
107.2511,gk,SliderControl,Slider Control,1031,494,0.00,0.00,None,N/A,
107.2617,gk,SliderControl,Slider Control,1031,494,0.00,0.00,None,N/A,
107.2714,gk,SliderControl,Slider Control,1031,494,0.00,0.00,None,N/A,
107.2811,gk,SliderControl,Slider Control,1031,494,0.00,0.00,None,N/A,
107.2909,gk,SliderControl,Slider Control,1031,494,0.00,0.00,None,N/A,
107.3016,gk,SliderControl,Slider Control,1031,494,0.00,0.00,None,N/A,
107.3112,gk,SliderControl,Slider Control,1031,494,0.00,0.00,None,N/A,
107.3211,gk,SliderControl,Slider Control,1031,494,0.00,0.00,None,N/A,
107.3317,gk,SliderControl,Slider Control,1031,494,0.00,0.00,None,N/A,
107.3411,gk,SliderControl,Slider Control,1031,494,0.00,0.00,None,N/A,
107.3515,gk,SliderControl,Slider Control,1031,494,0.00,0.00,None,N/A,
107.3611,gk,SliderControl,Slider Control,1031,494,0.00,0.00,None,N/A,
107.3714,gk,SliderControl,Slider Control,1031,494,0.00,0.00,None,N/A,
107.3810,gk,SliderControl,Slider Control,1031,494,0.00,0.00,None,N/A,
107.3908,gk,SliderControl,Slider Control,1031,494,0.00,0.00,None,N/A,
107.4013,gk,SliderControl,Slider Control,1031,494,0.00,0.00,None,N/A,
107.4112,gk,SliderControl,Slider Control,1031,494,0.00,0.00,None,N/A,
107.4209,gk,SliderControl,Slider Control,1031,494,0.00,0.00,None,N/A,
107.4314,gk,SliderControl,Slider Control,1031,494,0.00,0.00,None,N/A,
107.4409,gk,SliderControl,Slider Control,1031,494,0.00,0.00,None,N/A,
107.4516,gk,SliderControl,Slider Control,1031,494,0.00,0.00,None,N/A,
107.4612,gk,SliderControl,Slider Control,1031,494,0.00,0.00,None,N/A,
107.4711,gk,SliderControl,Slider Control,1031,494,0.00,0.00,None,N/A,
107.4820,gk,SliderControl,Slider Control,1031,494,0.00,0.00,None,N/A,
107.4920,gk,SliderControl,Slider Control,1031,494,0.00,0.00,None,N/A,
107.5017,gk,SliderControl,Slider Control,1031,494,0.00,0.00,None,N/A,
107.5113,gk,SliderControl,Slider Control,1031,494,0.00,0.00,None,N/A,
107.5208,gk,SliderControl,Slider Control,1031,494,0.00,0.00,None,N/A,
107.5314,gk,SliderControl,Slider Control,1031,494,0.00,0.00,None,N/A,
107.5409,gk,SliderControl,Slider Control,1031,494,0.00,0.00,None,N/A,
107.5515,gk,SliderControl,Slider Control,1031,494,0.00,0.00,None,N/A,
107.5613,gk,SliderControl,Slider Control,1031,494,0.00,0.00,None,N/A,
107.5714,gk,SliderControl,Slider Control,1031,494,0.00,0.00,None,N/A,
107.5813,gk,SliderControl,Slider Control,1031,494,0.00,0.00,None,N/A,
107.5913,gk,SliderControl,Slider Control,1031,494,0.00,0.00,None,N/A,
107.6014,gk,SliderControl,Slider Control,1031,494,0.00,0.00,None,N/A,
107.6114,gk,SliderControl,Slider Control,1031,494,0.00,0.00,None,N/A,
107.6210,gk,SliderControl,Slider Control,1031,494,0.00,0.00,None,N/A,
107.6320,gk,SliderControl,Slider Control,1031,494,0.00,0.00,None,N/A,
107.6421,gk,SliderControl,Slider Control,1031,494,0.00,0.00,None,N/A,
107.6521,gk,SliderControl,Slider Control,1031,494,0.00,0.00,None,N/A,
107.6607,gk,SliderControl,Slider Control,1031,494,0.00,0.00,None,N/A,
107.6712,gk,SliderControl,Slider Control,1031,494,0.00,0.00,None,N/A,
107.6808,gk,SliderControl,Slider Control,1031,494,0.00,0.00,None,N/A,
107.6913,gk,SliderControl,Slider Control,1031,494,0.00,0.00,None,N/A,
107.7009,gk,SliderControl,Slider Control,1031,494,0.00,0.00,None,N/A,
107.7113,gk,SliderControl,Slider Control,1031,494,0.00,0.00,None,N/A,
107.7212,gk,SliderControl,Slider Control,1031,494,0.00,0.00,None,N/A,
107.7308,gk,SliderControl,Slider Control,1031,494,0.00,0.00,None,N/A,
107.7417,gk,SliderControl,Slider Control,1031,494,0.00,0.00,None,N/A,
107.7512,gk,SliderControl,Slider Control,1031,494,0.00,0.00,None,N/A,
107.7621,gk,SliderControl,Slider Control,1031,494,0.00,0.00,None,N/A,
107.7712,gk,SliderControl,Slider Control,1031,494,0.00,0.00,None,N/A,
107.7813,gk,SliderControl,Slider Control,1031,494,0.00,0.00,None,N/A,
107.7909,gk,SliderControl,Slider Control,1031,494,0.00,0.00,None,N/A,
107.8014,gk,SliderControl,Slider Control,1031,494,0.00,0.00,None,N/A,
107.8109,gk,SliderControl,Slider Control,1031,494,0.00,0.00,None,N/A,
107.8213,gk,SliderControl,Slider Control,1031,494,0.00,0.00,None,N/A,
107.8309,gk,SliderControl,Slider Control,1031,494,0.00,0.00,None,N/A,
107.8414,gk,SliderControl,Slider Control,1031,494,0.00,0.00,None,N/A,
107.8509,gk,SliderControl,Slider Control,1031,494,0.00,0.00,None,N/A,
107.8614,gk,SliderControl,Slider Control,1031,494,0.00,0.00,None,N/A,
107.8715,gk,SliderControl,Slider Control,1031,494,0.00,0.00,None,N/A,
107.8813,gk,SliderControl,Slider Control,1031,494,0.00,0.00,None,N/A,
107.8911,gk,SliderControl,Slider Control,1031,494,0.00,0.00,None,N/A,
107.9017,gk,SliderControl,Slider Control,1031,494,0.00,0.00,None,N/A,
107.9113,gk,SliderControl,Slider Control,1031,494,0.00,0.00,None,N/A,
107.9222,gk,SliderControl,Slider Control,1031,494,0.00,0.00,None,N/A,
107.9308,gk,SliderControl,Slider Control,1031,494,0.00,0.00,None,N/A,
107.9418,gk,SliderControl,Slider Control,1031,494,0.00,0.00,None,N/A,
107.9518,gk,SliderControl,Slider Control,1031,494,0.00,0.00,None,N/A,
107.9619,gk,SliderControl,Slider Control,1031,494,0.00,0.00,None,N/A,
107.9714,gk,SliderControl,Slider Control,1031,494,0.00,0.00,None,N/A,
107.9810,gk,SliderControl,Slider Control,1031,494,0.00,0.00,None,N/A,
107.9916,gk,SliderControl,Slider Control,1031,494,0.00,0.00,None,N/A,
108.0011,gk,SliderControl,Slider Control,1031,494,0.00,0.00,None,N/A,
108.0115,gk,SliderControl,Slider Control,1031,494,0.00,0.00,None,N/A,
108.0215,gk,SliderControl,Slider Control,1031,494,0.00,0.00,None,N/A,
108.0311,gk,SliderControl,Slider Control,1031,494,0.00,0.00,None,N/A,
108.0409,gk,SliderControl,Slider Control,1031,494,0.00,0.00,None,N/A,
108.0515,gk,SliderControl,Slider Control,1031,494,0.00,0.00,None,N/A,
108.0613,gk,SliderControl,Slider Control,1031,494,0.00,0.00,None,N/A,
108.0714,gk,SliderControl,Slider Control,1031,494,0.00,0.00,None,N/A,
108.0810,gk,SliderControl,Slider Control,1031,494,0.00,0.00,None,N/A,
108.0917,gk,SliderControl,Slider Control,1031,494,0.00,0.00,None,N/A,
108.1013,gk,SliderControl,Slider Control,1031,494,0.00,0.00,None,N/A,
108.1113,gk,SliderControl,Slider Control,1031,494,0.00,0.00,None,N/A,
108.1210,gk,SliderControl,Slider Control,1031,494,0.00,0.00,None,N/A,
108.1319,gk,SliderControl,Slider Control,1031,494,0.00,0.00,None,N/A,
108.1415,gk,SliderControl,Slider Control,1031,494,0.00,0.00,None,N/A,
108.1509,gk,SliderControl,Slider Control,1031,494,0.00,0.00,None,N/A,
108.1615,gk,SliderControl,Slider Control,1031,494,0.00,0.00,None,N/A,
108.1710,gk,SliderControl,Slider Control,1031,494,0.00,0.00,None,N/A,
108.1816,gk,SliderControl,Slider Control,1031,494,0.00,0.00,None,N/A,
108.1912,gk,SliderControl,Slider Control,1031,494,0.00,0.00,None,N/A,
108.2008,gk,SliderControl,Slider Control,1031,494,0.00,0.00,None,N/A,
108.2115,gk,SliderControl,Slider Control,1031,494,0.00,0.00,None,N/A,
108.2215,gk,SliderControl,Slider Control,1031,494,0.00,0.00,None,N/A,
108.2315,gk,SliderControl,Slider Control,1031,494,0.00,0.00,None,N/A,
108.2412,gk,SliderControl,Slider Control,1031,494,0.00,0.00,None,N/A,
108.2516,gk,SliderControl,Slider Control,1031,494,0.00,0.00,None,N/A,
108.2617,gk,SliderControl,Slider Control,1031,494,0.00,0.00,None,N/A,
108.2713,gk,SliderControl,Slider Control,1031,494,0.00,0.00,None,N/A,
108.2814,gk,SliderControl,Slider Control,1031,494,0.00,0.00,None,N/A,
108.2916,gk,SliderControl,Slider Control,1031,494,0.00,0.00,None,N/A,
108.3013,gk,SliderControl,Slider Control,1031,494,0.00,0.00,None,N/A,
108.3109,gk,SliderControl,Slider Control,1031,494,0.00,0.00,None,N/A,
108.3214,gk,SliderControl,Slider Control,1031,494,0.00,0.00,None,N/A,
108.3309,gk,SliderControl,Slider Control,1031,494,0.00,0.00,None,N/A,
108.3416,gk,SliderControl,Slider Control,1031,494,0.00,0.00,None,N/A,
108.3513,gk,SliderControl,Slider Control,1031,494,0.00,0.00,None,N/A,
108.3614,gk,SliderControl,Slider Control,1031,494,0.00,0.00,None,N/A,
108.3716,gk,SliderControl,Slider Control,1031,494,0.00,0.00,None,N/A,
108.3813,gk,SliderControl,Slider Control,1031,494,0.00,0.00,None,N/A,
108.3913,gk,SliderControl,Slider Control,1031,494,0.00,0.00,None,N/A,
108.4009,gk,SliderControl,Slider Control,1031,494,0.00,0.00,None,N/A,
108.4117,gk,SliderControl,Slider Control,1031,494,0.00,0.00,None,N/A,
108.4219,gk,SliderControl,Slider Control,1031,494,0.00,0.00,None,N/A,
108.4316,gk,SliderControl,Slider Control,1031,494,0.00,0.00,None,N/A,
108.4411,gk,SliderControl,Slider Control,1031,494,0.00,0.00,None,N/A,
108.4516,gk,SliderControl,Slider Control,1031,494,0.00,0.00,None,N/A,
108.4611,gk,SliderControl,Slider Control,1031,494,0.00,0.00,None,N/A,
108.4716,gk,SliderControl,Slider Control,1031,494,0.00,0.00,None,N/A,
108.4811,gk,SliderControl,Slider Control,1031,494,0.00,0.00,None,N/A,
108.4908,gk,SliderControl,Slider Control,1031,494,0.00,0.00,None,N/A,
108.5009,gk,SliderControl,Slider Control,1031,494,0.00,0.00,None,N/A,
108.5112,gk,SliderControl,Slider Control,1030,492,217.91,21236.38,None,N/A,
108.5216,gk,SliderControl,Slider Control,1027,488,482.00,25458.63,None,N/A,
108.5316,gk,SliderControl,Slider Control,1021,481,917.43,43328.54,None,N/A,
108.5415,gk,SliderControl,Slider Control,1018,476,588.65,-33190.81,None,N/A,
108.5515,gk,SliderControl,Slider Control,1011,465,1308.11,72181.94,None,N/A,
108.5608,gk,SliderControl,Slider Control,1008,459,720.56,-63112.10,None,N/A,
108.5711,gk,SliderControl,Slider Control,1004,452,783.75,6143.00,None,N/A,
108.5809,gk,SliderControl,Slider Control,998,438,1558.49,79272.01,None,N/A,
108.5912,gk,SliderControl,Slider Control,996,432,613.00,-91640.94,None,N/A,
108.6009,gk,SliderControl,Slider Control,994,424,848.20,24192.39,None,N/A,
108.6117,gk,SliderControl,Slider Control,992,420,413.84,-40194.69,None,N/A,
108.6209,gk,SliderControl,Slider Control,990,411,1004.25,64311.28,None,N/A,
108.6308,gk,SliderControl,Slider Control,989,408,318.43,-69059.37,None,N/A,
108.6415,gk,SliderControl,Slider Control,987,402,593.33,25789.16,None,N/A,
108.6513,gk,SliderControl,Slider Control,987,400,202.93,-39611.95,None,N/A,
108.6614,gk,SliderControl,Slider Control,987,397,299.25,9607.85,None,N/A,
108.6717,gk,SliderControl,Slider Control,987,396,97.09,-19627.63,None,N/A,
108.6811,gk,SliderControl,Slider Control,987,395,105.95,939.09,None,N/A,
108.6912,gk,SliderControl,Slider Control,987,393,197.22,9000.16,None,N/A,
108.7021,gk,SliderControl,Slider Control,987,392,91.64,-9675.45,None,N/A,
108.7112,gk,SliderControl,Slider Control,987,391,110.54,2089.64,None,N/A,
108.7211,gk,SliderControl,Slider Control,987,390,101.03,-961.15,None,N/A,
108.7307,gk,SliderControl,Slider Control,986,388,232.39,13651.93,None,N/A,
108.7417,gk,SliderControl,Slider Control,986,387,91.00,-12866.51,None,N/A,
108.7507,gk,SliderControl,Slider Control,985,386,156.69,7277.89,None,N/A,
108.7615,gk,SliderControl,Slider Control,985,385,92.53,-5936.74,None,N/A,
108.7710,gk,SliderControl,Slider Control,984,384,149.67,6047.73,None,N/A,
108.7810,gk,SliderControl,Slider Control,984,383,99.36,-4999.07,None,N/A,
108.7908,gk,SliderControl,Slider Control,984,382,102.60,332.39,None,N/A,
108.8009,gk,SliderControl,Slider Control,984,382,0.00,-10154.48,None,N/A,
108.8114,gk,SliderControl,Slider Control,984,381,95.02,9029.73,None,N/A,
108.8215,gk,SliderControl,Slider Control,985,381,99.66,461.72,None,N/A,
108.8314,gk,SliderControl,Slider Control,986,381,100.14,48.37,None,N/A,
108.8412,gk,SliderControl,Slider Control,988,381,204.11,10610.92,None,N/A,
108.8516,gk,SliderControl,Slider Control,989,380,136.96,-6503.19,None,N/A,
108.8607,gk,SliderControl,Slider Control,991,380,218.27,8872.68,None,N/A,
108.8711,gk,SliderControl,Slider Control,992,379,136.32,-7899.03,None,N/A,
108.8808,gk,SliderControl,Slider Control,994,379,207.04,7320.95,None,N/A,
108.8916,gk,SliderControl,Slider Control,994,378,92.72,-10599.73,None,N/A,
108.9014,gk,SliderControl,Slider Control,996,377,228.09,13808.72,None,N/A,
108.9112,gk,SliderControl,Slider Control,996,377,0.00,-23081.22,None,N/A,
108.9213,gk,SliderControl,Slider Control,997,376,140.73,14004.26,None,N/A,
108.9316,gk,SliderControl,Slider Control,997,375,96.65,-4260.38,None,N/A,
108.9408,gk,SliderControl,Slider Control,997,374,109.61,1420.48,None,N/A,
108.9509,gk,SliderControl,Slider Control,996,373,139.88,2994.57,None,N/A,
108.9611,gk,SliderControl,Slider Control,996,372,97.75,-4118.41,None,N/A,
108.9717,gk,SliderControl,Slider Control,995,371,133.49,3373.64,None,N/A,
108.9811,gk,SliderControl,Slider Control,995,370,106.34,-2887.19,None,N/A,
108.9915,gk,SliderControl,Slider Control,994,369,135.45,2787.41,None,N/A,
109.0015,gk,SliderControl,Slider Control,994,368,100.74,-3496.42,None,N/A,
109.0112,gk,SliderControl,Slider Control,993,368,102.99,231.84,None,N/A,
109.0212,gk,SliderControl,Slider Control,993,367,99.63,-334.66,None,N/A,
109.0310,gk,SliderControl,Slider Control,993,367,0.00,-10209.04,None,N/A,
109.0407,gk,SliderControl,Slider Control,992,366,144.68,14802.35,None,N/A,
109.0515,gk,SliderControl,Slider Control,992,366,0.00,-13384.18,None,N/A,
109.0613,gk,SliderControl,Slider Control,992,366,0.00,0.00,None,N/A,
109.0708,gk,SliderControl,Slider Control,992,366,0.00,0.00,None,N/A,
109.0812,gk,SliderControl,Slider Control,992,366,0.00,0.00,None,N/A,
109.0921,gk,SliderControl,Slider Control,992,366,0.00,0.00,None,N/A,
109.1016,gk,SliderControl,Slider Control,992,366,0.00,0.00,None,N/A,
109.1110,gk,SliderControl,Slider Control,992,366,0.00,0.00,None,N/A,
109.1214,gk,SliderControl,Slider Control,992,366,0.00,0.00,None,N/A,
109.1307,gk,SliderControl,Slider Control,992,366,0.00,0.00,None,N/A,
109.1414,gk,SliderControl,Slider Control,992,366,0.00,0.00,None,N/A,
109.1510,gk,SliderControl,Slider Control,992,366,0.00,0.00,None,N/A,
109.1613,gk,SliderControl,Slider Control,992,366,0.00,0.00,None,N/A,
109.1707,gk,SliderControl,Slider Control,992,366,0.00,0.00,None,N/A,
109.1812,gk,SliderControl,Slider Control,992,366,0.00,0.00,None,N/A,
109.1916,gk,SliderControl,Slider Control,992,366,0.00,0.00,None,N/A,
109.2012,gk,SliderControl,Slider Control,992,366,0.00,0.00,None,N/A,
109.2117,gk,SliderControl,Slider Control,992,366,0.00,0.00,None,N/A,
109.2212,gk,SliderControl,Slider Control,992,366,0.00,0.00,None,N/A,
109.2307,gk,SliderControl,Slider Control,992,366,0.00,0.00,None,N/A,
109.2415,gk,SliderControl,Slider Control,992,366,0.00,0.00,None,N/A,
109.2513,gk,SliderControl,Slider Control,992,367,102.43,10490.88,None,N/A,
109.2613,gk,SliderControl,Slider Control,992,367,0.00,-10218.39,None,N/A,
109.2713,gk,SliderControl,Slider Control,992,367,0.00,0.00,None,N/A,
109.2810,gk,SliderControl,Slider Control,992,367,0.00,0.00,None,N/A,
109.2915,gk,SliderControl,Slider Control,992,367,0.00,0.00,None,N/A,
109.3010,gk,SliderControl,Slider Control,992,367,0.00,0.00,None,N/A,
109.3115,gk,SliderControl,Slider Control,992,367,0.00,0.00,None,N/A,
109.3216,gk,SliderControl,Slider Control,992,367,0.00,0.00,None,N/A,
109.3315,gk,SliderControl,Slider Control,992,367,0.00,0.00,None,N/A,
109.3411,gk,SliderControl,Slider Control,992,367,0.00,0.00,None,N/A,
109.3508,gk,SliderControl,Slider Control,992,367,0.00,0.00,None,N/A,
109.3619,gk,SliderControl,Slider Control,992,367,0.00,0.00,None,N/A,
109.3719,gk,SliderControl,Slider Control,992,367,0.00,0.00,None,N/A,
109.3815,gk,SliderControl,Slider Control,992,367,0.00,0.00,None,N/A,
109.3914,gk,SliderControl,Slider Control,992,367,0.00,0.00,None,N/A,
109.4014,gk,SliderControl,Slider Control,992,367,0.00,0.00,None,N/A,
109.4111,gk,SliderControl,Slider Control,992,367,0.00,0.00,None,N/A,
109.4221,gk,SliderControl,Slider Control,992,367,0.00,0.00,None,N/A,
109.4308,gk,SliderControl,Slider Control,992,367,0.00,0.00,None,N/A,
109.4414,gk,SliderControl,Slider Control,992,367,0.00,0.00,None,N/A,
109.4509,gk,SliderControl,Slider Control,992,367,0.00,0.00,None,N/A,
109.4615,gk,SliderControl,Slider Control,992,367,0.00,0.00,None,N/A,
109.4711,gk,SliderControl,Slider Control,992,367,0.00,0.00,None,N/A,
109.4822,gk,SliderControl,Slider Control,992,367,0.00,0.00,None,N/A,
109.4912,gk,SliderControl,Slider Control,992,367,0.00,0.00,None,N/A,
109.5013,gk,SliderControl,Slider Control,992,367,0.00,0.00,None,N/A,
109.5109,gk,SliderControl,Slider Control,992,367,0.00,0.00,None,N/A,
109.5219,gk,SliderControl,Slider Control,992,367,0.00,0.00,None,N/A,
109.5315,gk,SliderControl,Slider Control,992,367,0.00,0.00,None,N/A,
109.5410,gk,SliderControl,Slider Control,992,367,0.00,0.00,None,N/A,
109.5515,gk,SliderControl,Slider Control,992,367,0.00,0.00,None,N/A,
109.5615,gk,SliderControl,Slider Control,992,367,0.00,0.00,None,N/A,
109.5711,gk,SliderControl,Slider Control,992,367,0.00,0.00,None,N/A,
109.5816,gk,SliderControl,Slider Control,992,367,0.00,0.00,None,N/A,
109.5911,gk,SliderControl,Slider Control,992,367,0.00,0.00,None,N/A,
109.6017,gk,SliderControl,Slider Control,992,367,0.00,0.00,None,N/A,
109.6112,gk,SliderControl,Slider Control,992,367,0.00,0.00,None,N/A,
109.6209,gk,SliderControl,Slider Control,992,367,0.00,0.00,None,N/A,
109.6316,gk,SliderControl,Slider Control,992,367,0.00,0.00,None,N/A,
109.6418,gk,SliderControl,Slider Control,992,367,0.00,0.00,None,N/A,
109.6515,gk,SliderControl,Slider Control,992,367,0.00,0.00,None,N/A,
109.6617,gk,SliderControl,Slider Control,992,367,0.00,0.00,None,N/A,
109.6717,gk,SliderControl,Slider Control,992,367,0.00,0.00,None,N/A,
109.6817,gk,SliderControl,Slider Control,992,367,0.00,0.00,None,N/A,
109.6918,gk,SliderControl,Slider Control,992,367,0.00,0.00,None,N/A,
109.7015,gk,SliderControl,Slider Control,992,367,0.00,0.00,None,N/A,
109.7112,gk,SliderControl,Slider Control,992,367,0.00,0.00,None,N/A,
109.7212,gk,SliderControl,Slider Control,992,367,0.00,0.00,None,N/A,
109.7309,gk,SliderControl,Slider Control,992,367,0.00,0.00,None,N/A,
109.7420,gk,SliderControl,Slider Control,992,367,0.00,0.00,None,N/A,
109.7517,gk,SliderControl,Slider Control,992,367,0.00,0.00,None,N/A,
109.7614,gk,SliderControl,Slider Control,992,367,0.00,0.00,None,N/A,
109.7709,gk,SliderControl,Slider Control,992,367,0.00,0.00,None,N/A,
109.7814,gk,SliderControl,Slider Control,992,367,0.00,0.00,None,N/A,
109.7913,gk,SliderControl,Slider Control,992,367,0.00,0.00,None,N/A,
109.8015,gk,SliderControl,Slider Control,992,367,0.00,0.00,None,N/A,
109.8116,gk,SliderControl,Slider Control,992,367,0.00,0.00,None,N/A,
109.8217,gk,SliderControl,Slider Control,992,367,0.00,0.00,None,N/A,
109.8314,gk,SliderControl,Slider Control,992,367,0.00,0.00,None,N/A,
109.8410,gk,SliderControl,Slider Control,992,367,0.00,0.00,None,N/A,
109.8515,gk,SliderControl,Slider Control,992,367,0.00,0.00,None,N/A,
109.8608,gk,SliderControl,Slider Control,992,367,0.00,0.00,None,N/A,
109.8711,gk,SliderControl,Slider Control,992,367,0.00,0.00,None,N/A,
109.8816,gk,SliderControl,Slider Control,992,367,0.00,0.00,None,N/A,
109.8910,gk,SliderControl,Slider Control,992,367,0.00,0.00,None,N/A,
109.9022,gk,SliderControl,Slider Control,992,367,0.00,0.00,None,N/A,
109.9108,gk,SliderControl,Slider Control,992,367,0.00,0.00,None,N/A,
109.9214,gk,SliderControl,Slider Control,992,367,0.00,0.00,None,N/A,
109.9309,gk,SliderControl,Slider Control,992,367,0.00,0.00,None,N/A,
109.9408,gk,SliderControl,Slider Control,992,367,0.00,0.00,None,N/A,
109.9514,gk,SliderControl,Slider Control,992,367,0.00,0.00,None,N/A,
109.9613,gk,SliderControl,Slider Control,992,367,0.00,0.00,None,N/A,
109.9714,gk,SliderControl,Slider Control,992,367,0.00,0.00,None,N/A,
109.9813,gk,SliderControl,Slider Control,992,367,0.00,0.00,None,N/A,
109.9912,gk,SliderControl,Slider Control,992,367,0.00,0.00,None,N/A,
110.0009,gk,SliderControl,Slider Control,992,367,0.00,0.00,None,N/A,
110.0116,gk,SliderControl,Slider Control,992,367,0.00,0.00,None,N/A,
110.0217,gk,SliderControl,Slider Control,992,367,0.00,0.00,None,N/A,
110.0313,gk,SliderControl,Slider Control,992,367,0.00,0.00,None,N/A,
110.0409,gk,SliderControl,Slider Control,992,367,0.00,0.00,None,N/A,
110.0519,gk,SliderControl,Slider Control,992,367,0.00,0.00,None,N/A,
110.0617,gk,SliderControl,Slider Control,992,367,0.00,0.00,None,N/A,
110.0712,gk,SliderControl,Slider Control,992,367,0.00,0.00,None,N/A,
110.0807,gk,SliderControl,Slider Control,992,367,0.00,0.00,None,N/A,
110.0913,gk,SliderControl,Slider Control,992,367,0.00,0.00,None,N/A,
110.1009,gk,SliderControl,Slider Control,992,367,0.00,0.00,None,N/A,
110.1114,gk,SliderControl,Slider Control,992,367,0.00,0.00,None,N/A,
110.1211,gk,SliderControl,Slider Control,992,367,0.00,0.00,None,N/A,
110.1318,gk,SliderControl,Slider Control,992,367,0.00,0.00,None,N/A,
110.1418,gk,SliderControl,Slider Control,992,367,0.00,0.00,None,N/A,
110.1518,gk,SliderControl,Slider Control,992,367,0.00,0.00,None,N/A,
110.1614,gk,SliderControl,Slider Control,992,367,0.00,0.00,None,N/A,
110.1710,gk,SliderControl,Slider Control,992,367,0.00,0.00,None,N/A,
110.1818,gk,SliderControl,Slider Control,992,367,0.00,0.00,None,N/A,
110.1914,gk,SliderControl,Slider Control,992,367,0.00,0.00,None,N/A,
110.2009,gk,SliderControl,Slider Control,992,367,0.00,0.00,None,N/A,
110.2115,gk,SliderControl,Slider Control,992,367,0.00,0.00,None,N/A,
110.2211,gk,SliderControl,Slider Control,992,367,0.00,0.00,None,N/A,
110.2317,gk,SliderControl,Slider Control,992,367,0.00,0.00,None,N/A,
110.2413,gk,SliderControl,Slider Control,992,367,0.00,0.00,None,N/A,
110.2509,gk,SliderControl,Slider Control,992,367,0.00,0.00,None,N/A,
110.2614,gk,SliderControl,Slider Control,992,367,0.00,0.00,None,N/A,
110.2711,gk,SliderControl,Slider Control,992,367,0.00,0.00,None,N/A,
110.2820,gk,SliderControl,Slider Control,992,367,0.00,0.00,None,N/A,
110.2917,gk,SliderControl,Slider Control,992,367,0.00,0.00,None,N/A,
110.3016,gk,SliderControl,Slider Control,992,367,0.00,0.00,None,N/A,
110.3117,gk,SliderControl,Slider Control,992,367,0.00,0.00,None,N/A,
110.3217,gk,SliderControl,Slider Control,992,367,0.00,0.00,None,N/A,
110.3314,gk,SliderControl,Slider Control,992,367,0.00,0.00,None,N/A,
110.3410,gk,SliderControl,Slider Control,992,367,0.00,0.00,None,N/A,
110.3515,gk,SliderControl,Slider Control,992,367,0.00,0.00,None,N/A,
110.3611,gk,SliderControl,Slider Control,992,367,0.00,0.00,None,N/A,
110.3715,gk,SliderControl,Slider Control,992,367,0.00,0.00,None,N/A,
110.3809,gk,SliderControl,Slider Control,992,367,0.00,0.00,None,N/A,
110.3915,gk,SliderControl,Slider Control,992,367,0.00,0.00,None,N/A,
110.4009,gk,SliderControl,Slider Control,992,367,0.00,0.00,None,N/A,
110.4115,gk,SliderControl,Slider Control,992,367,0.00,0.00,Left,N/A,
110.4209,gk,SliderControl,Slider Control,992,367,0.00,0.00,Left,N/A,
110.4315,gk,SliderControl,Slider Control,992,367,0.00,0.00,Left,N/A,
110.4411,gk,SliderControl,Slider Control,992,367,0.00,0.00,Left,N/A,
110.4517,gk,SliderControl,Slider Control,992,367,0.00,0.00,Left,N/A,
110.4615,gk,SliderControl,Slider Control,992,367,0.00,0.00,Left,N/A,
110.4711,gk,SliderControl,Slider Control,992,367,0.00,0.00,Left,N/A,
110.4816,gk,SliderControl,Slider Control,992,367,0.00,0.00,Left,N/A,
110.4914,gk,SliderControl,Slider Control,992,367,0.00,0.00,Left,N/A,
110.5010,gk,SliderControl,Slider Control,992,367,0.00,0.00,Left,N/A,
110.5115,gk,SliderControl,Slider Control,992,367,0.00,0.00,Left,N/A,
110.5212,gk,SliderControl,Slider Control,992,367,0.00,0.00,Left,N/A,
110.5307,gk,SliderControl,Slider Control,992,367,0.00,0.00,Left,N/A,
110.5410,gk,SliderControl,Slider Control,992,367,0.00,0.00,Left,N/A,
110.5514,gk,SliderControl,Slider Control,992,367,0.00,0.00,Left,N/A,
110.5607,gk,SliderControl,Slider Control,992,367,0.00,0.00,Left,N/A,
110.5711,gk,SliderControl,Slider Control,992,367,0.00,0.00,Left,N/A,
110.5814,gk,SliderControl,Slider Control,992,367,0.00,0.00,Left,N/A,
110.5908,gk,SliderControl,Slider Control,992,367,0.00,0.00,Left,N/A,
110.6013,gk,SliderControl,Slider Control,992,367,0.00,0.00,Left,N/A,
110.6110,gk,SliderControl,Slider Control,992,367,0.00,0.00,Left,N/A,
110.6214,gk,SliderControl,Slider Control,992,367,0.00,0.00,Left,N/A,
110.6311,gk,SliderControl,Slider Control,992,367,0.00,0.00,Left,N/A,
110.6421,gk,SliderControl,Slider Control,992,367,0.00,0.00,Left,N/A,
110.6511,gk,SliderControl,Slider Control,992,367,0.00,0.00,Left,N/A,
110.6614,gk,SliderControl,Slider Control,991,367,96.97,9402.58,Left,N/A,
110.6714,gk,SliderControl,Slider Control,991,367,0.00,-9728.01,Left,N/A,
110.6809,gk,SliderControl,Slider Control,990,367,105.21,11068.60,Left,N/A,
110.6916,gk,SliderControl,Slider Control,990,367,0.00,-9807.57,Left,N/A,
110.7007,gk,SliderControl,Slider Control,989,367,110.42,12192.58,Left,N/A,
110.7115,gk,SliderControl,Slider Control,988,367,92.40,-1664.91,Left,N/A,
110.7214,gk,SliderControl,Slider Control,988,366,100.78,844.46,Left,N/A,
110.7317,gk,SliderControl,Slider Control,987,366,97.47,-322.99,Left,N/A,
110.7417,gk,SliderControl,Slider Control,987,366,0.00,-9788.73,Left,N/A,
110.7514,gk,SliderControl,Slider Control,986,366,102.89,10586.32,Left,N/A,
110.7613,gk,SliderControl,Slider Control,986,366,0.00,-10377.82,Left,N/A,
110.7707,gk,SliderControl,Slider Control,986,366,0.00,0.00,Left,N/A,
110.7816,gk,SliderControl,Slider Control,986,366,0.00,0.00,Left,N/A,
110.7911,gk,SliderControl,Slider Control,986,366,0.00,0.00,Left,N/A,
110.8016,gk,SliderControl,Slider Control,986,366,0.00,0.00,Left,N/A,
110.8114,gk,SliderControl,Slider Control,986,366,0.00,0.00,Left,N/A,
110.8209,gk,SliderControl,Slider Control,986,366,0.00,0.00,Left,N/A,
110.8314,gk,SliderControl,Slider Control,985,366,94.77,8980.43,Left,N/A,
110.8416,gk,SliderControl,Slider Control,985,366,0.00,-9333.22,Left,N/A,
110.8507,gk,SliderControl,Slider Control,985,366,0.00,0.00,Left,N/A,
110.8616,gk,SliderControl,Slider Control,984,366,91.71,8411.25,Left,N/A,
110.8712,gk,SliderControl,Slider Control,984,366,0.00,-9579.43,Left,N/A,
110.8814,gk,SliderControl,Slider Control,983,366,97.19,9445.77,Left,N/A,
110.8911,gk,SliderControl,Slider Control,983,366,0.00,-10074.43,Left,N/A,
110.9013,gk,SliderControl,Slider Control,983,366,0.00,0.00,Left,N/A,
110.9108,gk,SliderControl,Slider Control,983,366,0.00,0.00,Left,N/A,
110.9218,gk,SliderControl,Slider Control,982,366,91.02,8285.04,Left,N/A,
110.9318,gk,SliderControl,Slider Control,982,366,0.00,-9107.22,Left,N/A,
110.9413,gk,SliderControl,Slider Control,982,366,0.00,0.00,Left,N/A,
110.9507,gk,SliderControl,Slider Control,982,366,0.00,0.00,Left,N/A,
110.9617,gk,SliderControl,Slider Control,982,366,0.00,0.00,Left,N/A,
110.9713,gk,SliderControl,Slider Control,982,366,0.00,0.00,Left,N/A,
110.9809,gk,SliderControl,Slider Control,982,366,0.00,0.00,Left,N/A,
110.9913,gk,SliderControl,Slider Control,982,366,0.00,0.00,Left,N/A,
111.0009,gk,SliderControl,Slider Control,982,366,0.00,0.00,Left,N/A,
111.0113,gk,SliderControl,Slider Control,982,366,0.00,0.00,Left,N/A,
111.0215,gk,SliderControl,Slider Control,982,366,0.00,0.00,Left,N/A,
111.0313,gk,SliderControl,Slider Control,982,366,0.00,0.00,Left,N/A,
111.0409,gk,SliderControl,Slider Control,982,366,0.00,0.00,Left,N/A,
111.0516,gk,SliderControl,Slider Control,982,366,0.00,0.00,Left,N/A,
111.0611,gk,SliderControl,Slider Control,982,366,0.00,0.00,Left,N/A,
111.0707,gk,SliderControl,Slider Control,982,366,0.00,0.00,Left,N/A,
111.0813,gk,SliderControl,Slider Control,982,366,0.00,0.00,Left,N/A,
111.0909,gk,SliderControl,Slider Control,982,366,0.00,0.00,Left,N/A,
111.1014,gk,SliderControl,Slider Control,982,366,0.00,0.00,Left,N/A,
111.1111,gk,SliderControl,Slider Control,981,366,102.67,10540.24,Left,N/A,
111.1214,gk,SliderControl,Slider Control,981,365,97.62,-492.64,Left,N/A,
111.1315,gk,SliderControl,Slider Control,980,365,98.99,135.93,Left,N/A,
111.1409,gk,SliderControl,Slider Control,980,365,0.00,-10531.75,Left,N/A,
111.1510,gk,SliderControl,Slider Control,979,365,99.10,9820.79,Left,N/A,
111.1616,gk,SliderControl,Slider Control,979,365,0.00,-9303.98,Left,N/A,
111.1710,gk,SliderControl,Slider Control,979,365,0.00,0.00,Left,N/A,
111.1814,gk,SliderControl,Slider Control,979,365,0.00,0.00,Left,N/A,
111.1911,gk,SliderControl,Slider Control,979,365,0.00,0.00,Left,N/A,
111.2006,gk,SliderControl,Slider Control,980,365,105.28,11083.05,Left,N/A,
111.2115,gk,SliderControl,Slider Control,980,365,0.00,-9670.39,Left,N/A,
111.2214,gk,SliderControl,Slider Control,981,365,100.93,10186.16,Left,N/A,
111.2314,gk,SliderControl,Slider Control,982,364,141.35,4039.97,Left,N/A,
111.2415,gk,SliderControl,Slider Control,982,364,0.00,-14087.06,Left,N/A,
111.2510,gk,SliderControl,Slider Control,984,363,234.02,24491.44,Left,N/A,
111.2609,gk,SliderControl,Slider Control,985,363,101.39,-13447.10,Left,N/A,
111.2717,gk,SliderControl,Slider Control,987,362,206.88,9759.63,Left,N/A,
111.2817,gk,SliderControl,Slider Control,988,362,100.19,-10688.93,Left,N/A,
111.2912,gk,SliderControl,Slider Control,990,362,210.31,11580.28,Left,N/A,
111.3010,gk,SliderControl,Slider Control,991,362,101.69,-11046.02,Left,N/A,
111.3116,gk,SliderControl,Slider Control,992,362,95.05,-630.64,Left,N/A,
111.3210,gk,SliderControl,Slider Control,993,362,105.74,1129.50,Left,N/A,
111.3310,gk,SliderControl,Slider Control,994,362,100.27,-548.20,Left,N/A,
111.3416,gk,SliderControl,Slider Control,994,362,0.00,-9445.98,Left,N/A,
111.3512,gk,SliderControl,Slider Control,995,362,104.61,10943.07,Left,N/A,
111.3613,gk,SliderControl,Slider Control,995,362,0.00,-10331.85,Left,N/A,
111.3710,gk,SliderControl,Slider Control,995,362,0.00,0.00,Left,N/A,
111.3813,gk,SliderControl,Slider Control,996,362,97.95,9594.59,Left,N/A,
111.3912,gk,SliderControl,Slider Control,996,362,0.00,-9849.69,Left,N/A,
111.4017,gk,SliderControl,Slider Control,997,362,95.01,9027.69,Left,N/A,
111.4117,gk,SliderControl,Slider Control,997,362,0.00,-9545.35,Left,N/A,
111.4211,gk,SliderControl,Slider Control,998,362,105.93,11220.63,Left,N/A,
111.4307,gk,SliderControl,Slider Control,998,362,0.00,-11035.84,Left,N/A,
111.4413,gk,SliderControl,Slider Control,998,362,0.00,0.00,Left,N/A,
111.4508,gk,SliderControl,Slider Control,998,362,0.00,0.00,Left,N/A,
111.4612,gk,SliderControl,Slider Control,998,362,0.00,0.00,Left,N/A,
111.4710,gk,SliderControl,Slider Control,998,362,0.00,0.00,Left,N/A,
111.4815,gk,SliderControl,Slider Control,998,362,0.00,0.00,Left,N/A,
111.4911,gk,SliderControl,Slider Control,998,362,0.00,0.00,Left,N/A,
111.5014,gk,SliderControl,Slider Control,998,362,0.00,0.00,Left,N/A,
111.5110,gk,SliderControl,Slider Control,998,362,0.00,0.00,Left,N/A,
111.5215,gk,SliderControl,Slider Control,998,362,0.00,0.00,Left,N/A,
111.5310,gk,SliderControl,Slider Control,998,362,0.00,0.00,Left,N/A,
111.5412,gk,SliderControl,Slider Control,998,362,0.00,0.00,Left,N/A,
111.5517,gk,SliderControl,Slider Control,998,362,0.00,0.00,Left,N/A,
111.5612,gk,SliderControl,Slider Control,998,362,0.00,0.00,Left,N/A,
111.5716,gk,SliderControl,Slider Control,998,362,0.00,0.00,Left,N/A,
111.5814,gk,SliderControl,Slider Control,998,362,0.00,0.00,Left,N/A,
111.5909,gk,SliderControl,Slider Control,998,362,0.00,0.00,Left,N/A,
111.6009,gk,SliderControl,Slider Control,998,362,0.00,0.00,Left,N/A,
111.6112,gk,SliderControl,Slider Control,998,362,0.00,0.00,Left,N/A,
111.6216,gk,SliderControl,Slider Control,998,362,0.00,0.00,Left,N/A,
111.6315,gk,SliderControl,Slider Control,998,362,0.00,0.00,Left,N/A,
111.6409,gk,SliderControl,Slider Control,998,362,0.00,0.00,Left,N/A,
111.6510,gk,SliderControl,Slider Control,999,362,99.62,9923.69,Left,N/A,
111.6617,gk,SliderControl,Slider Control,999,362,0.00,-9321.92,Left,N/A,
111.6716,gk,SliderControl,Slider Control,999,362,0.00,0.00,Left,N/A,
111.6812,gk,SliderControl,Slider Control,1000,362,103.53,10717.90,Left,N/A,
111.6912,gk,SliderControl,Slider Control,1000,362,0.00,-10355.45,Left,N/A,
111.7010,gk,SliderControl,Slider Control,1000,362,0.00,0.00,Left,N/A,
111.7109,gk,SliderControl,Slider Control,1001,362,100.80,10161.21,Left,N/A,
111.7217,gk,SliderControl,Slider Control,1001,362,0.00,-9335.14,Left,N/A,
111.7314,gk,SliderControl,Slider Control,1001,362,0.00,0.00,Left,N/A,
111.7414,gk,SliderControl,Slider Control,1002,362,99.66,9931.71,Left,N/A,
111.7512,gk,SliderControl,Slider Control,1003,363,144.94,4640.78,Left,N/A,
111.7612,gk,SliderControl,Slider Control,1004,363,99.97,-4495.76,Left,N/A,
111.7708,gk,SliderControl,Slider Control,1005,363,104.15,436.18,Left,N/A,
111.7816,gk,SliderControl,Slider Control,1006,363,92.56,-1073.45,Left,N/A,
111.7912,gk,SliderControl,Slider Control,1007,363,104.04,1194.22,Left,N/A,
111.8013,gk,SliderControl,Slider Control,1009,363,197.83,9277.74,Left,N/A,
111.8110,gk,SliderControl,Slider Control,1010,363,103.17,-9766.14,Left,N/A,
111.8216,gk,SliderControl,Slider Control,1013,364,298.90,18500.19,Left,N/A,
111.8316,gk,SliderControl,Slider Control,1014,364,99.80,-19869.67,Left,N/A,
111.8410,gk,SliderControl,Slider Control,1016,364,213.28,12102.12,Left,N/A,
111.8508,gk,SliderControl,Slider Control,1017,364,101.39,-11344.74,Left,N/A,
111.8614,gk,SliderControl,Slider Control,1018,364,94.74,-629.84,Left,N/A,
111.8708,gk,SliderControl,Slider Control,1019,364,106.17,1213.76,Left,N/A,
111.8814,gk,SliderControl,Slider Control,1020,364,94.39,-1112.42,Left,N/A,
111.8908,gk,SliderControl,Slider Control,1021,364,106.77,1322.47,Left,N/A,
111.9007,gk,SliderControl,Slider Control,1022,364,100.42,-638.13,Left,N/A,
111.9108,gk,SliderControl,Slider Control,1022,364,0.00,-9952.46,Left,N/A,
111.9215,gk,SliderControl,Slider Control,1022,364,0.00,0.00,Left,N/A,
111.9316,gk,SliderControl,Slider Control,1023,365,140.70,13998.95,Left,N/A,
111.9416,gk,SliderControl,Slider Control,1023,365,0.00,-14058.31,Left,N/A,
111.9511,gk,SliderControl,Slider Control,1024,365,104.95,11014.38,Left,N/A,
111.9615,gk,SliderControl,Slider Control,1024,365,0.00,-10136.55,Left,N/A,
111.9714,gk,SliderControl,Slider Control,1025,365,100.85,10170.00,Left,N/A,
111.9813,gk,SliderControl,Slider Control,1025,365,0.00,-10145.61,Left,N/A,
111.9909,gk,SliderControl,Slider Control,1026,366,147.66,15418.11,Left,N/A,
112.0016,gk,SliderControl,Slider Control,1026,366,0.00,-13772.41,Left,N/A,
112.0116,gk,SliderControl,Slider Control,1027,367,142.06,14269.80,Left,N/A,
112.0214,gk,SliderControl,Slider Control,1028,367,102.02,-4084.77,Left,N/A,
112.0308,gk,SliderControl,Slider Control,1029,367,106.22,446.22,Left,N/A,
112.0414,gk,SliderControl,Slider Control,1030,367,94.42,-1114.36,Left,N/A,
112.0510,gk,SliderControl,Slider Control,1030,367,0.00,-9892.96,Left,N/A,
112.0609,gk,SliderControl,Slider Control,1032,367,201.06,20212.48,Left,N/A,
112.0716,gk,SliderControl,Slider Control,1032,367,0.00,-18778.92,Left,N/A,
112.0813,gk,SliderControl,Slider Control,1033,368,145.22,14912.72,Left,N/A,
112.0916,gk,SliderControl,Slider Control,1034,368,97.27,-4664.38,Left,N/A,
112.1010,gk,SliderControl,Slider Control,1035,368,106.38,969.56,Left,N/A,
112.1109,gk,SliderControl,Slider Control,1036,368,101.21,-523.78,Left,N/A,
112.1215,gk,SliderControl,Slider Control,1037,368,94.73,-613.68,Left,N/A,
112.1317,gk,SliderControl,Slider Control,1038,368,97.95,315.28,Left,N/A,
112.1412,gk,SliderControl,Slider Control,1040,368,210.34,11820.24,Left,N/A,
112.1510,gk,SliderControl,Slider Control,1041,368,102.13,-11051.56,Left,N/A,
112.1611,gk,SliderControl,Slider Control,1042,368,98.92,-317.56,Left,N/A,
112.1707,gk,SliderControl,Slider Control,1043,369,146.81,4972.23,Left,N/A,
112.1817,gk,SliderControl,Slider Control,1044,369,91.18,-5072.50,Left,N/A,
112.1913,gk,SliderControl,Slider Control,1045,369,103.84,1314.26,Left,N/A,
112.2011,gk,SliderControl,Slider Control,1045,369,0.00,-10592.35,Left,N/A,
112.2116,gk,SliderControl,Slider Control,1046,369,95.41,9102.59,Left,N/A,
112.2207,gk,SliderControl,Slider Control,1046,369,0.00,-10425.11,Left,N/A,
112.2316,gk,SliderControl,Slider Control,1047,369,91.91,8447.78,Left,N/A,
112.2413,gk,SliderControl,Slider Control,1047,369,0.00,-9537.51,Left,N/A,
112.2509,gk,SliderControl,Slider Control,1047,369,0.00,0.00,Left,N/A,
112.2614,gk,SliderControl,Slider Control,1047,369,0.00,0.00,Left,N/A,
112.2709,gk,SliderControl,Slider Control,1047,369,0.00,0.00,Left,N/A,
112.2817,gk,SliderControl,Slider Control,1047,370,92.48,8552.41,Left,N/A,
112.2913,gk,SliderControl,Slider Control,1047,370,0.00,-9642.67,Left,N/A,
112.3009,gk,SliderControl,Slider Control,1047,370,0.00,0.00,Left,N/A,
112.3113,gk,SliderControl,Slider Control,1047,370,0.00,0.00,Left,N/A,
112.3208,gk,SliderControl,Slider Control,1047,370,0.00,0.00,Left,N/A,
112.3313,gk,SliderControl,Slider Control,1047,370,0.00,0.00,Left,N/A,
112.3409,gk,SliderControl,Slider Control,1047,370,0.00,0.00,Left,N/A,
112.3513,gk,SliderControl,Slider Control,1047,370,0.00,0.00,Left,N/A,
112.3607,gk,SliderControl,Slider Control,1047,370,0.00,0.00,Left,N/A,
112.3716,gk,SliderControl,Slider Control,1047,370,0.00,0.00,Left,N/A,
112.3811,gk,SliderControl,Slider Control,1047,370,0.00,0.00,Left,N/A,
112.3912,gk,SliderControl,Slider Control,1047,370,0.00,0.00,Left,N/A,
112.4014,gk,SliderControl,Slider Control,1047,370,0.00,0.00,Left,N/A,
112.4112,gk,SliderControl,Slider Control,1045,370,204.05,20817.75,Left,N/A,
112.4214,gk,SliderControl,Slider Control,1044,370,98.20,-10394.27,Left,N/A,
112.4315,gk,SliderControl,Slider Control,1042,370,196.96,9725.97,Left,N/A,
112.4416,gk,SliderControl,Slider Control,1040,370,197.93,95.66,Left,N/A,
112.4512,gk,SliderControl,Slider Control,1038,370,208.80,1134.59,Left,N/A,
112.4607,gk,SliderControl,Slider Control,1037,369,148.51,-6330.83,Left,N/A,
112.4707,gk,SliderControl,Slider Control,1035,369,200.91,5263.87,Left,N/A,
112.4817,gk,SliderControl,Slider Control,1034,369,91.03,-10002.41,Left,N/A,
112.4910,gk,SliderControl,Slider Control,1033,369,107.30,1745.93,Left,N/A,
112.5009,gk,SliderControl,Slider Control,1032,369,101.28,-610.09,Left,N/A,
112.5111,gk,SliderControl,Slider Control,1031,368,137.88,3569.12,Left,N/A,
112.5216,gk,SliderControl,Slider Control,1031,368,0.00,-13117.29,Left,N/A,
112.5307,gk,SliderControl,Slider Control,1030,367,155.61,17121.89,Left,N/A,
112.5412,gk,SliderControl,Slider Control,1029,367,95.32,-5746.83,Left,N/A,
112.5509,gk,SliderControl,Slider Control,1028,367,103.82,883.35,Left,N/A,
112.5611,gk,SliderControl,Slider Control,1027,366,138.64,3412.47,Left,N/A,
112.5708,gk,SliderControl,Slider Control,1026,366,102.92,-3675.79,Left,N/A,
112.5807,gk,SliderControl,Slider Control,1025,366,100.23,-269.21,Left,N/A,
112.5916,gk,SliderControl,Slider Control,1024,366,91.96,-760.55,Left,N/A,
112.6010,gk,SliderControl,Slider Control,1023,366,107.12,1622.88,Left,N/A,
112.6114,gk,SliderControl,Slider Control,1023,366,0.00,-10224.93,Left,N/A,
112.6216,gk,SliderControl,Slider Control,1022,366,98.64,9729.54,Left,N/A,
112.6311,gk,SliderControl,Slider Control,1022,366,0.00,-10380.36,Left,N/A,
112.6413,gk,SliderControl,Slider Control,1022,366,0.00,0.00,Left,N/A,
112.6516,gk,SliderControl,Slider Control,1021,366,96.85,9379.15,Left,N/A,
112.6609,gk,SliderControl,Slider Control,1021,366,0.00,-10436.03,Left,N/A,
112.6713,gk,SliderControl,Slider Control,1021,366,0.00,0.00,Left,N/A,
112.6807,gk,SliderControl,Slider Control,1021,366,0.00,0.00,Left,N/A,
112.6911,gk,SliderControl,Slider Control,1021,366,0.00,0.00,Left,N/A,
112.7016,gk,SliderControl,Slider Control,1021,366,0.00,0.00,Left,N/A,
112.7111,gk,SliderControl,Slider Control,1021,366,0.00,0.00,Left,N/A,
112.7216,gk,SliderControl,Slider Control,1021,366,0.00,0.00,Left,N/A,
112.7311,gk,SliderControl,Slider Control,1021,366,0.00,0.00,Left,N/A,
112.7415,gk,SliderControl,Slider Control,1021,366,0.00,0.00,Left,N/A,
112.7516,gk,SliderControl,Slider Control,1021,366,0.00,0.00,Left,N/A,
112.7613,gk,SliderControl,Slider Control,1020,366,103.01,10610.25,Left,N/A,
112.7708,gk,SliderControl,Slider Control,1020,366,0.00,-10891.92,Left,N/A,
112.7813,gk,SliderControl,Slider Control,1020,366,0.00,0.00,Left,N/A,
112.7909,gk,SliderControl,Slider Control,1020,366,0.00,0.00,Left,N/A,
112.8012,gk,SliderControl,Slider Control,1020,366,0.00,0.00,Left,N/A,
112.8107,gk,SliderControl,Slider Control,1020,366,0.00,0.00,Left,N/A,
112.8213,gk,SliderControl,Slider Control,1020,366,0.00,0.00,Left,N/A,
112.8316,gk,SliderControl,Slider Control,1020,366,0.00,0.00,Left,N/A,
112.8410,gk,SliderControl,Slider Control,1020,366,0.00,0.00,Left,N/A,
112.8514,gk,SliderControl,Slider Control,1020,366,0.00,0.00,Left,N/A,
112.8613,gk,SliderControl,Slider Control,1020,366,0.00,0.00,Left,N/A,
112.8714,gk,SliderControl,Slider Control,1020,366,0.00,0.00,Left,N/A,
112.8809,gk,SliderControl,Slider Control,1020,366,0.00,0.00,Left,N/A,
112.8908,gk,SliderControl,Slider Control,1020,366,0.00,0.00,Left,N/A,
112.9016,gk,SliderControl,Slider Control,1019,366,92.76,8605.08,Left,N/A,
112.9111,gk,SliderControl,Slider Control,1018,365,149.55,6004.64,Left,N/A,
112.9208,gk,SliderControl,Slider Control,1017,365,102.81,-4805.25,Left,N/A,
112.9317,gk,SliderControl,Slider Control,1015,364,205.12,9385.60,Left,N/A,
112.9414,gk,SliderControl,Slider Control,1014,364,102.49,-10518.65,Left,N/A,
112.9510,gk,SliderControl,Slider Control,1011,363,330.78,23879.27,Left,N/A,
112.9610,gk,SliderControl,Slider Control,1010,363,99.55,-23018.68,Left,N/A,
112.9709,gk,SliderControl,Slider Control,1009,362,143.28,4430.99,Left,N/A,
112.9816,gk,SliderControl,Slider Control,1007,362,187.94,4196.64,Left,N/A,
112.9915,gk,SliderControl,Slider Control,1006,361,142.12,-4604.65,Left,N/A,
113.0017,gk,SliderControl,Slider Control,1004,361,196.91,5393.61,Left,N/A,
113.0115,gk,SliderControl,Slider Control,1002,360,227.72,3138.32,Left,N/A,
113.0207,gk,SliderControl,Slider Control,1000,360,217.38,-1124.35,Left,N/A,
113.0307,gk,SliderControl,Slider Control,998,359,223.52,613.62,Left,N/A,
113.0406,gk,SliderControl,Slider Control,994,359,402.31,17982.91,Left,N/A,
113.0513,gk,SliderControl,Slider Control,992,358,209.11,-18067.65,Left,N/A,
113.0607,gk,SliderControl,Slider Control,986,357,645.28,46269.93,Left,N/A,
113.0709,gk,SliderControl,Slider Control,983,357,296.02,-34462.33,Left,N/A,
113.0813,gk,SliderControl,Slider Control,976,356,679.50,36851.09,Left,N/A,
113.0915,gk,SliderControl,Slider Control,972,356,390.20,-28221.50,Left,N/A,
113.1016,gk,SliderControl,Slider Control,966,356,595.43,20367.10,Left,N/A,
113.1108,gk,SliderControl,Slider Control,963,355,343.98,-27351.65,Left,N/A,
113.1209,gk,SliderControl,Slider Control,959,355,397.54,5322.55,Left,N/A,
113.1314,gk,SliderControl,Slider Control,953,354,579.18,17295.73,Left,N/A,
113.1415,gk,SliderControl,Slider Control,950,354,295.32,-27943.36,Left,N/A,
113.1512,gk,SliderControl,Slider Control,943,353,731.00,45040.68,Left,N/A,
113.1611,gk,SliderControl,Slider Control,940,353,302.36,-43201.59,Left,N/A,
113.1707,gk,SliderControl,Slider Control,933,352,741.60,46066.73,Left,N/A,
113.1811,gk,SliderControl,Slider Control,929,352,384.04,-34329.67,Left,N/A,
113.1910,gk,SliderControl,Slider Control,923,351,613.87,23193.93,Left,N/A,
113.2014,gk,SliderControl,Slider Control,920,351,289.49,-31301.35,Left,N/A,
113.2111,gk,SliderControl,Slider Control,917,350,324.38,3579.03,Left,N/A,
113.2210,gk,SliderControl,Slider Control,911,350,603.58,28087.20,Left,N/A,
113.2310,gk,SliderControl,Slider Control,908,350,300.91,-30359.19,Left,N/A,
113.2415,gk,SliderControl,Slider Control,901,350,668.46,35098.88,Left,N/A,
113.2508,gk,SliderControl,Slider Control,898,350,323.05,-37194.99,Left,N/A,
113.2612,gk,SliderControl,Slider Control,891,350,672.72,33603.79,Left,N/A,
113.2708,gk,SliderControl,Slider Control,888,350,310.84,-37495.36,Left,N/A,
113.2815,gk,SliderControl,Slider Control,881,349,664.67,33259.87,Left,N/A,
113.2916,gk,SliderControl,Slider Control,878,349,294.52,-36338.87,Left,N/A,
113.3008,gk,SliderControl,Slider Control,870,349,875.09,63505.94,Left,N/A,
113.3111,gk,SliderControl,Slider Control,867,349,292.10,-56763.36,Left,N/A,
113.3213,gk,SliderControl,Slider Control,858,348,881.78,57421.73,Left,N/A,
113.3317,gk,SliderControl,Slider Control,853,348,483.40,-38515.60,Left,N/A,
113.3410,gk,SliderControl,Slider Control,848,348,533.41,5334.65,Left,N/A,
113.3507,gk,SliderControl,Slider Control,839,347,938.99,42055.71,Left,N/A,
113.3612,gk,SliderControl,Slider Control,835,347,382.40,-53209.41,Left,N/A,
113.3709,gk,SliderControl,Slider Control,827,347,822.15,45193.12,Left,N/A,
113.3810,gk,SliderControl,Slider Control,824,347,295.27,-51857.31,Left,N/A,
113.3908,gk,SliderControl,Slider Control,818,347,617.40,33147.16,Left,N/A,
113.4013,gk,SliderControl,Slider Control,815,347,283.58,-31554.92,Left,N/A,
113.4109,gk,SliderControl,Slider Control,810,347,524.22,25229.60,Left,N/A,
113.4212,gk,SliderControl,Slider Control,808,347,193.56,-32001.37,Left,N/A,
113.4308,gk,SliderControl,Slider Control,807,348,147.39,-4811.77,Left,N/A,
113.4409,gk,SliderControl,Slider Control,804,348,296.75,14773.74,Left,N/A,
113.4514,gk,SliderControl,Slider Control,802,348,191.38,-10082.41,Left,N/A,
113.4615,gk,SliderControl,Slider Control,800,348,197.53,607.56,Left,N/A,
113.4710,gk,SliderControl,Slider Control,799,348,104.66,-9719.98,Left,N/A,
113.4816,gk,SliderControl,Slider Control,798,348,94.77,-937.70,Left,N/A,
113.4916,gk,SliderControl,Slider Control,797,348,99.90,512.30,Left,N/A,
113.5006,gk,SliderControl,Slider Control,796,349,156.91,6325.53,Left,N/A,
113.5116,gk,SliderControl,Slider Control,796,349,0.00,-14348.87,Left,N/A,
113.5208,gk,SliderControl,Slider Control,796,349,0.00,0.00,Left,N/A,
113.5316,gk,SliderControl,Slider Control,795,349,92.13,8487.54,Left,N/A,
113.5411,gk,SliderControl,Slider Control,794,349,105.71,1435.28,Left,N/A,
113.5512,gk,SliderControl,Slider Control,794,349,0.00,-10404.40,Left,N/A,
113.5609,gk,SliderControl,Slider Control,794,349,0.00,0.00,Left,N/A,
113.5709,gk,SliderControl,Slider Control,794,350,100.38,10076.27,Left,N/A,
113.5807,gk,SliderControl,Slider Control,794,350,0.00,-10226.05,Left,N/A,
113.5915,gk,SliderControl,Slider Control,795,352,206.72,19110.29,Left,N/A,
113.6014,gk,SliderControl,Slider Control,795,353,101.13,-10677.99,Left,N/A,
113.6115,gk,SliderControl,Slider Control,797,355,281.74,17991.20,Left,N/A,
113.6214,gk,SliderControl,Slider Control,798,356,142.57,-14030.16,Left,N/A,
113.6310,gk,SliderControl,Slider Control,800,358,294.13,15760.96,Left,N/A,
113.6415,gk,SliderControl,Slider Control,802,360,268.15,-2463.25,Left,N/A,
113.6512,gk,SliderControl,Slider Control,805,363,440.45,17886.71,Left,N/A,
113.6613,gk,SliderControl,Slider Control,807,364,220.45,-21689.08,Left,N/A,
113.6712,gk,SliderControl,Slider Control,808,365,143.84,-7792.04,Left,N/A,
113.6813,gk,SliderControl,Slider Control,811,367,355.81,20918.98,Left,N/A,
113.6907,gk,SliderControl,Slider Control,813,368,236.96,-12595.26,Left,N/A,
113.7009,gk,SliderControl,Slider Control,815,370,278.04,4038.96,Left,N/A,
113.7117,gk,SliderControl,Slider Control,816,371,130.39,-13613.62,Left,N/A,
113.7210,gk,SliderControl,Slider Control,818,373,306.71,19119.89,Left,N/A,
113.7314,gk,SliderControl,Slider Control,819,374,135.88,-16413.79,Left,N/A,
113.7415,gk,SliderControl,Slider Control,821,375,220.66,8366.23,Left,N/A,
113.7516,gk,SliderControl,Slider Control,822,375,98.72,-12037.89,Left,N/A,
113.7610,gk,SliderControl,Slider Control,824,376,239.99,15162.32,Left,N/A,
113.7709,gk,SliderControl,Slider Control,825,376,100.52,-14019.28,Left,N/A,
113.7809,gk,SliderControl,Slider Control,825,377,99.77,-74.43,Left,N/A,
113.7916,gk,SliderControl,Slider Control,826,377,93.66,-572.75,Left,N/A,
113.8016,gk,SliderControl,Slider Control,826,378,99.74,606.63,Left,N/A,
113.8110,gk,SliderControl,Slider Control,827,378,106.45,714.63,Left,N/A,
113.8209,gk,SliderControl,Slider Control,827,378,0.00,-10816.68,Left,N/A,
113.8316,gk,SliderControl,Slider Control,828,379,131.68,12260.90,Left,N/A,
113.8415,gk,SliderControl,Slider Control,828,379,0.00,-13359.40,Left,N/A,
113.8513,gk,SliderControl,Slider Control,829,380,144.24,14711.78,Left,N/A,
113.8612,gk,SliderControl,Slider Control,829,380,0.00,-14585.16,Left,N/A,
113.8709,gk,SliderControl,Slider Control,830,380,102.34,10472.46,Left,N/A,
113.8816,gk,SliderControl,Slider Control,830,380,0.00,-9545.95,Left,N/A,
113.8914,gk,SliderControl,Slider Control,831,380,102.38,10481.15,Left,N/A,
113.9013,gk,SliderControl,Slider Control,831,380,0.00,-10318.45,Left,N/A,
113.9111,gk,SliderControl,Slider Control,831,380,0.00,0.00,Left,N/A,
113.9208,gk,SliderControl,Slider Control,831,380,0.00,0.00,Left,N/A,
113.9313,gk,SliderControl,Slider Control,831,380,0.00,0.00,Left,N/A,
113.9410,gk,SliderControl,Slider Control,831,380,0.00,0.00,Left,N/A,
113.9516,gk,SliderControl,Slider Control,831,380,0.00,0.00,Left,N/A,
113.9611,gk,SliderControl,Slider Control,831,380,0.00,0.00,Left,N/A,
113.9717,gk,SliderControl,Slider Control,831,380,0.00,0.00,Left,N/A,
113.9812,gk,SliderControl,Slider Control,831,380,0.00,0.00,Left,N/A,
113.9908,gk,SliderControl,Slider Control,831,380,0.00,0.00,Left,N/A,
114.0012,gk,SliderControl,Slider Control,832,380,96.33,9280.32,Left,N/A,
114.0112,gk,SliderControl,Slider Control,832,380,0.00,-9661.32,Left,N/A,
114.0216,gk,SliderControl,Slider Control,832,380,0.00,0.00,Left,N/A,
114.0308,gk,SliderControl,Slider Control,833,380,108.76,11827.98,Left,N/A,
114.0415,gk,SliderControl,Slider Control,833,380,0.00,-10144.28,Left,N/A,
114.0511,gk,SliderControl,Slider Control,833,380,0.00,0.00,Left,N/A,
114.0613,gk,SliderControl,Slider Control,834,380,98.20,9642.27,Left,N/A,
114.0715,gk,SliderControl,Slider Control,835,380,98.58,38.00,Left,N/A,
114.0808,gk,SliderControl,Slider Control,836,380,106.67,863.34,Left,N/A,
114.0907,gk,SliderControl,Slider Control,837,380,101.26,-547.93,Left,N/A,
114.1016,gk,SliderControl,Slider Control,838,379,130.29,2674.07,Left,N/A,
114.1108,gk,SliderControl,Slider Control,840,379,216.85,9385.37,Left,N/A,
114.1214,gk,SliderControl,Slider Control,841,379,93.94,-11546.17,Left,N/A,
114.1312,gk,SliderControl,Slider Control,842,379,102.39,865.03,Left,N/A,
114.1417,gk,SliderControl,Slider Control,844,378,213.81,10654.46,Left,N/A,
114.1517,gk,SliderControl,Slider Control,846,378,199.74,-1405.32,Left,N/A,
114.1612,gk,SliderControl,Slider Control,848,377,234.86,3687.97,Left,N/A,
114.1716,gk,SliderControl,Slider Control,850,377,192.29,-4092.60,Left,N/A,
114.1808,gk,SliderControl,Slider Control,852,377,217.33,2720.73,Left,N/A,
114.1910,gk,SliderControl,Slider Control,853,376,138.22,-7731.43,Left,N/A,
114.2007,gk,SliderControl,Slider Control,855,376,206.18,7006.09,Left,N/A,
114.2110,gk,SliderControl,Slider Control,856,375,138.04,-6651.27,Left,N/A,
114.2209,gk,SliderControl,Slider Control,858,375,201.83,6437.37,Left,N/A,
114.2309,gk,SliderControl,Slider Control,858,374,99.72,-10182.78,Left,N/A,
114.2411,gk,SliderControl,Slider Control,860,374,195.74,9397.64,Left,N/A,
114.2507,gk,SliderControl,Slider Control,860,374,0.00,-20362.85,Left,N/A,
114.2613,gk,SliderControl,Slider Control,860,374,0.00,0.00,Left,N/A,
114.2713,gk,SliderControl,Slider Control,861,374,100.18,10036.84,Left,N/A,
114.2807,gk,SliderControl,Slider Control,861,374,0.00,-10640.99,Left,N/A,
114.2912,gk,SliderControl,Slider Control,862,374,95.27,9076.14,Left,N/A,
114.3017,gk,SliderControl,Slider Control,862,374,0.00,-9120.68,Left,N/A,
114.3116,gk,SliderControl,Slider Control,862,374,0.00,0.00,Left,N/A,
114.3215,gk,SliderControl,Slider Control,862,374,0.00,0.00,Left,N/A,
114.3310,gk,SliderControl,Slider Control,862,374,0.00,0.00,Left,N/A,
114.3415,gk,SliderControl,Slider Control,862,374,0.00,0.00,Left,N/A,
114.3513,gk,SliderControl,Slider Control,862,374,0.00,0.00,Left,N/A,
114.3608,gk,SliderControl,Slider Control,862,374,0.00,0.00,Left,N/A,
114.3713,gk,SliderControl,Slider Control,862,374,0.00,0.00,Left,N/A,
114.3817,gk,SliderControl,Slider Control,862,374,0.00,0.00,Left,N/A,
114.3912,gk,SliderControl,Slider Control,862,374,0.00,0.00,Left,N/A,
114.4013,gk,SliderControl,Slider Control,862,374,0.00,0.00,Left,N/A,
114.4067,gk,SliderControl,Slider Control,862,374,0.00,0.00,None,N/A,slider_released_missed
114.4116,gk,SliderControl,Slider Control,862,374,0.00,0.00,None,N/A,
114.4211,gk,SliderControl,Slider Control,862,374,0.00,0.00,None,N/A,
114.4317,gk,SliderControl,Slider Control,862,374,0.00,0.00,None,N/A,
114.4413,gk,SliderControl,Slider Control,862,374,0.00,0.00,None,N/A,
114.4509,gk,SliderControl,Slider Control,862,374,0.00,0.00,None,N/A,
114.4615,gk,SliderControl,Slider Control,862,374,0.00,0.00,None,N/A,
114.4711,gk,SliderControl,Slider Control,862,374,0.00,0.00,None,N/A,
114.4816,gk,SliderControl,Slider Control,862,374,0.00,0.00,None,N/A,
114.4917,gk,SliderControl,Slider Control,862,374,0.00,0.00,None,N/A,
114.5014,gk,SliderControl,Slider Control,862,374,0.00,0.00,None,N/A,
114.5109,gk,SliderControl,Slider Control,862,374,0.00,0.00,None,N/A,
114.5215,gk,SliderControl,Slider Control,862,374,0.00,0.00,None,N/A,
114.5315,gk,SliderControl,Slider Control,862,374,0.00,0.00,None,N/A,
114.5411,gk,SliderControl,Slider Control,862,374,0.00,0.00,None,N/A,
114.5517,gk,SliderControl,Slider Control,862,374,0.00,0.00,None,N/A,
114.5612,gk,SliderControl,Slider Control,862,374,0.00,0.00,None,N/A,
114.5717,gk,SliderControl,Slider Control,862,374,0.00,0.00,None,N/A,
114.5813,gk,SliderControl,Slider Control,862,374,0.00,0.00,None,N/A,
114.5908,gk,SliderControl,Slider Control,862,374,0.00,0.00,None,N/A,
114.6015,gk,SliderControl,Slider Control,862,374,0.00,0.00,None,N/A,
114.6116,gk,SliderControl,Slider Control,862,374,0.00,0.00,None,N/A,
114.6217,gk,SliderControl,Slider Control,862,374,0.00,0.00,None,N/A,
114.6318,gk,SliderControl,Slider Control,862,374,0.00,0.00,None,N/A,
114.6414,gk,SliderControl,Slider Control,862,374,0.00,0.00,None,N/A,
114.6515,gk,SliderControl,Slider Control,862,374,0.00,0.00,None,N/A,
114.6612,gk,SliderControl,Slider Control,862,374,0.00,0.00,None,N/A,
114.6707,gk,SliderControl,Slider Control,862,374,0.00,0.00,None,N/A,
114.6816,gk,SliderControl,Slider Control,862,374,0.00,0.00,None,N/A,
114.6913,gk,SliderControl,Slider Control,862,374,0.00,0.00,None,N/A,
114.7008,gk,SliderControl,Slider Control,862,374,0.00,0.00,None,N/A,
114.7114,gk,SliderControl,Slider Control,862,374,0.00,0.00,None,N/A,
114.7210,gk,SliderControl,Slider Control,862,374,0.00,0.00,None,N/A,
114.7316,gk,SliderControl,Slider Control,862,374,0.00,0.00,None,N/A,
114.7412,gk,SliderControl,Slider Control,862,374,0.00,0.00,None,N/A,
114.7508,gk,SliderControl,Slider Control,862,374,0.00,0.00,None,N/A,
114.7613,gk,SliderControl,Slider Control,862,374,0.00,0.00,None,N/A,
114.7717,gk,SliderControl,Slider Control,862,374,0.00,0.00,None,N/A,
114.7813,gk,SliderControl,Slider Control,862,374,0.00,0.00,None,N/A,
114.7917,gk,SliderControl,Slider Control,862,374,0.00,0.00,None,N/A,
114.8012,gk,SliderControl,Slider Control,862,374,0.00,0.00,None,N/A,
114.8107,gk,SliderControl,Slider Control,862,374,0.00,0.00,None,N/A,
114.8212,gk,SliderControl,Slider Control,862,373,95.10,9044.89,None,N/A,
114.8310,gk,SliderControl,Slider Control,863,372,144.42,5036.66,None,N/A,
114.8417,gk,SliderControl,Slider Control,863,369,281.04,12798.77,None,N/A,
114.8507,gk,SliderControl,Slider Control,864,368,157.22,-13765.77,None,N/A,
114.8614,gk,SliderControl,Slider Control,864,367,93.95,-5943.94,None,N/A,
114.8712,gk,SliderControl,Slider Control,864,367,0.00,-9553.54,None,N/A,
114.8812,gk,SliderControl,Slider Control,864,365,200.34,20067.92,None,N/A,
114.8915,gk,SliderControl,Slider Control,864,365,0.00,-19344.89,None,N/A,
114.9008,gk,SliderControl,Slider Control,864,364,107.53,11562.05,None,N/A,
114.9111,gk,SliderControl,Slider Control,864,364,0.00,-10429.69,None,N/A,
114.9207,gk,SliderControl,Slider Control,864,363,104.35,10889.78,None,N/A,
114.9307,gk,SliderControl,Slider Control,864,363,0.00,-10461.61,None,N/A,
114.9407,gk,SliderControl,Slider Control,865,363,99.53,9907.21,None,N/A,
114.9514,gk,SliderControl,Slider Control,865,363,0.00,-9339.18,None,N/A,
114.9614,gk,SliderControl,Slider Control,865,363,0.00,0.00,None,N/A,
114.9709,gk,SliderControl,Slider Control,866,363,104.88,11000.07,None,N/A,
114.9809,gk,SliderControl,Slider Control,866,363,0.00,-10555.07,None,N/A,
114.9915,gk,SliderControl,Slider Control,867,364,132.78,12465.94,None,N/A,
115.0008,gk,SliderControl,Slider Control,867,364,0.00,-14310.03,None,N/A,
115.0111,gk,SliderControl,Slider Control,867,365,97.40,9487.05,None,N/A,
115.0209,gk,SliderControl,Slider Control,867,365,0.00,-9905.00,None,N/A,
115.0310,gk,SliderControl,Slider Control,867,366,99.53,9905.33,None,N/A,
115.0414,gk,SliderControl,Slider Control,867,366,0.00,-9533.87,None,N/A,
115.0510,gk,SliderControl,Slider Control,867,366,0.00,0.00,None,N/A,
115.0617,gk,SliderControl,Slider Control,867,366,0.00,0.00,None,N/A,
115.0712,gk,SliderControl,Slider Control,867,366,0.00,0.00,None,N/A,
115.0812,gk,SliderControl,Slider Control,867,366,0.00,0.00,None,N/A,
115.0910,gk,SliderControl,Slider Control,867,366,0.00,0.00,None,N/A,
115.1016,gk,SliderControl,Slider Control,867,366,0.00,0.00,None,N/A,
115.1117,gk,SliderControl,Slider Control,867,366,0.00,0.00,None,N/A,
115.1213,gk,SliderControl,Slider Control,867,366,0.00,0.00,None,N/A,
115.1308,gk,SliderControl,Slider Control,867,366,0.00,0.00,None,N/A,
115.1413,gk,SliderControl,Slider Control,867,366,0.00,0.00,None,N/A,
115.1509,gk,SliderControl,Slider Control,867,366,0.00,0.00,None,N/A,
115.1613,gk,SliderControl,Slider Control,867,366,0.00,0.00,None,N/A,
115.1717,gk,SliderControl,Slider Control,867,366,0.00,0.00,None,N/A,
115.1812,gk,SliderControl,Slider Control,867,366,0.00,0.00,None,N/A,
115.1917,gk,SliderControl,Slider Control,867,366,0.00,0.00,None,N/A,
115.2012,gk,SliderControl,Slider Control,867,366,0.00,0.00,None,N/A,
115.2109,gk,SliderControl,Slider Control,867,366,0.00,0.00,None,N/A,
115.2214,gk,SliderControl,Slider Control,867,366,0.00,0.00,None,N/A,
115.2310,gk,SliderControl,Slider Control,867,366,0.00,0.00,None,N/A,
115.2415,gk,SliderControl,Slider Control,867,366,0.00,0.00,None,N/A,
115.2510,gk,SliderControl,Slider Control,867,366,0.00,0.00,None,N/A,
115.2620,gk,SliderControl,Slider Control,867,366,0.00,0.00,None,N/A,
115.2716,gk,SliderControl,Slider Control,867,366,0.00,0.00,None,N/A,
115.2812,gk,SliderControl,Slider Control,867,366,0.00,0.00,None,N/A,
115.2917,gk,SliderControl,Slider Control,867,366,0.00,0.00,None,N/A,
115.3012,gk,SliderControl,Slider Control,867,366,0.00,0.00,None,N/A,
115.3112,gk,SliderControl,Slider Control,867,366,0.00,0.00,None,N/A,
115.3212,gk,SliderControl,Slider Control,866,366,100.25,10050.76,None,N/A,
115.3320,gk,SliderControl,Slider Control,866,367,92.87,-685.67,None,N/A,
115.3415,gk,SliderControl,Slider Control,866,367,0.00,-9732.32,None,N/A,
115.3511,gk,SliderControl,Slider Control,866,367,0.00,0.00,None,N/A,
115.3610,gk,SliderControl,Slider Control,866,368,101.07,10214.65,None,N/A,
115.3710,gk,SliderControl,Slider Control,866,368,0.00,-10166.15,None,N/A,
115.3812,gk,SliderControl,Slider Control,866,369,97.74,9553.05,None,N/A,
115.3917,gk,SliderControl,Slider Control,866,369,0.00,-9332.32,None,N/A,
115.4011,gk,SliderControl,Slider Control,866,369,0.00,0.00,None,N/A,
115.4114,gk,SliderControl,Slider Control,866,369,0.00,0.00,None,N/A,
115.4207,gk,SliderControl,Slider Control,866,369,0.00,0.00,None,N/A,
115.4314,gk,SliderControl,Slider Control,866,369,0.00,0.00,None,N/A,
115.4408,gk,SliderControl,Slider Control,866,368,106.22,11282.66,None,N/A,
115.4512,gk,SliderControl,Slider Control,866,367,96.46,-941.76,None,N/A,
115.4620,gk,SliderControl,Slider Control,866,367,0.00,-8864.50,None,N/A,
115.4718,gk,SliderControl,Slider Control,866,367,0.00,0.00,None,N/A,
115.4813,gk,SliderControl,Slider Control,866,367,0.00,0.00,None,N/A,
115.4910,gk,SliderControl,Slider Control,866,367,0.00,0.00,None,N/A,
115.5020,gk,SliderControl,Slider Control,866,367,0.00,0.00,None,N/A,
115.5122,gk,SliderControl,Slider Control,866,367,0.00,0.00,None,N/A,
115.5209,gk,SliderControl,Slider Control,866,367,0.00,0.00,None,N/A,
115.5314,gk,SliderControl,Slider Control,866,367,0.00,0.00,None,N/A,
115.5410,gk,SliderControl,Slider Control,866,367,0.00,0.00,None,N/A,
115.5517,gk,SliderControl,Slider Control,866,367,0.00,0.00,None,N/A,
115.5612,gk,SliderControl,Slider Control,866,367,0.00,0.00,None,N/A,
115.5713,gk,SliderControl,Slider Control,866,367,0.00,0.00,None,N/A,
115.5809,gk,SliderControl,Slider Control,866,367,0.00,0.00,None,N/A,
115.5913,gk,SliderControl,Slider Control,866,367,0.00,0.00,None,N/A,
115.6007,gk,SliderControl,Slider Control,866,367,0.00,0.00,None,N/A,
115.6113,gk,SliderControl,Slider Control,866,367,0.00,0.00,None,N/A,
115.6208,gk,SliderControl,Slider Control,866,367,0.00,0.00,None,N/A,
115.6316,gk,SliderControl,Slider Control,866,367,0.00,0.00,None,N/A,
115.6412,gk,SliderControl,Slider Control,866,367,0.00,0.00,None,N/A,
115.6517,gk,SliderControl,Slider Control,866,367,0.00,0.00,None,N/A,
115.6613,gk,SliderControl,Slider Control,866,367,0.00,0.00,None,N/A,
115.6708,gk,SliderControl,Slider Control,866,367,0.00,0.00,Left,N/A,
115.6813,gk,SliderControl,Slider Control,866,367,0.00,0.00,Left,N/A,
115.6908,gk,SliderControl,Slider Control,866,367,0.00,0.00,Left,N/A,
115.7013,gk,SliderControl,Slider Control,866,367,0.00,0.00,Left,N/A,
115.7109,gk,SliderControl,Slider Control,866,367,0.00,0.00,Left,N/A,
115.7216,gk,SliderControl,Slider Control,866,367,0.00,0.00,Left,N/A,
115.7313,gk,SliderControl,Slider Control,866,367,0.00,0.00,Left,N/A,
115.7409,gk,SliderControl,Slider Control,866,367,0.00,0.00,Left,N/A,
115.7515,gk,SliderControl,Slider Control,866,367,0.00,0.00,Left,N/A,
115.7610,gk,SliderControl,Slider Control,866,367,0.00,0.00,Left,N/A,
115.7715,gk,SliderControl,Slider Control,866,367,0.00,0.00,Left,N/A,
115.7810,gk,SliderControl,Slider Control,866,367,0.00,0.00,Left,N/A,
115.7913,gk,SliderControl,Slider Control,866,367,0.00,0.00,Left,N/A,
115.8009,gk,SliderControl,Slider Control,866,367,0.00,0.00,Left,N/A,
115.8115,gk,SliderControl,Slider Control,866,367,0.00,0.00,Left,N/A,
115.8211,gk,SliderControl,Slider Control,866,367,0.00,0.00,Left,N/A,
115.8317,gk,SliderControl,Slider Control,866,367,0.00,0.00,Left,N/A,
115.8412,gk,SliderControl,Slider Control,866,367,0.00,0.00,Left,N/A,
115.8508,gk,SliderControl,Slider Control,866,367,0.00,0.00,Left,N/A,
115.8613,gk,SliderControl,Slider Control,866,367,0.00,0.00,Left,N/A,
115.8708,gk,SliderControl,Slider Control,866,367,0.00,0.00,Left,N/A,
115.8813,gk,SliderControl,Slider Control,866,367,0.00,0.00,Left,N/A,
115.8909,gk,SliderControl,Slider Control,866,367,0.00,0.00,Left,N/A,
115.9018,gk,SliderControl,Slider Control,866,367,0.00,0.00,Left,N/A,
115.9115,gk,SliderControl,Slider Control,866,367,0.00,0.00,Left,N/A,
115.9212,gk,SliderControl,Slider Control,867,367,103.24,10658.36,Left,N/A,
115.9307,gk,SliderControl,Slider Control,870,368,334.01,24374.82,Left,N/A,
115.9408,gk,SliderControl,Slider Control,871,368,99.26,-23301.24,Left,N/A,
115.9515,gk,SliderControl,Slider Control,873,369,209.24,10291.38,Left,N/A,
115.9608,gk,SliderControl,Slider Control,875,369,213.89,496.89,Left,N/A,
115.9707,gk,SliderControl,Slider Control,876,369,100.83,-11399.49,Left,N/A,
115.9817,gk,SliderControl,Slider Control,878,369,182.05,7392.97,Left,N/A,
115.9907,gk,SliderControl,Slider Control,879,369,110.69,-7899.29,Left,N/A,
116.0015,gk,SliderControl,Slider Control,881,369,186.38,7053.51,Left,N/A,
116.0114,gk,SliderControl,Slider Control,882,369,100.54,-8629.98,Left,N/A,
116.0209,gk,SliderControl,Slider Control,884,369,211.03,11658.23,Left,N/A,
116.0313,gk,SliderControl,Slider Control,886,369,191.52,-1868.48,Left,N/A,
116.0415,gk,SliderControl,Slider Control,888,369,197.51,592.29,Left,N/A,
116.0516,gk,SliderControl,Slider Control,890,369,197.19,-31.59,Left,N/A,
116.0608,gk,SliderControl,Slider Control,894,369,434.31,25744.75,Left,N/A,
116.0712,gk,SliderControl,Slider Control,896,369,192.35,-23270.07,Left,N/A,
116.0808,gk,SliderControl,Slider Control,901,368,531.72,35389.03,Left,N/A,
116.0911,gk,SliderControl,Slider Control,903,368,193.88,-32749.88,Left,N/A,
116.1009,gk,SliderControl,Slider Control,905,368,205.28,1170.67,Left,N/A,
116.1114,gk,SliderControl,Slider Control,908,367,300.71,9074.14,Left,N/A,
116.1212,gk,SliderControl,Slider Control,909,367,101.57,-20226.21,Left,N/A,
116.1311,gk,SliderControl,Slider Control,912,366,320.10,22120.21,Left,N/A,
116.1410,gk,SliderControl,Slider Control,913,366,101.53,-22190.56,Left,N/A,
116.1517,gk,SliderControl,Slider Control,915,365,208.92,10034.49,Left,N/A,
116.1617,gk,SliderControl,Slider Control,916,365,99.89,-10891.30,Left,N/A,
116.1716,gk,SliderControl,Slider Control,917,364,141.86,4209.44,Left,N/A,
116.1811,gk,SliderControl,Slider Control,918,364,105.79,-3815.53,Left,N/A,
116.1916,gk,SliderControl,Slider Control,918,364,0.00,-10023.96,Left,N/A,
116.2015,gk,SliderControl,Slider Control,918,364,0.00,0.00,Left,N/A,
116.2111,gk,SliderControl,Slider Control,919,364,104.04,10824.50,Left,N/A,
116.2211,gk,SliderControl,Slider Control,919,364,0.00,-10383.55,Left,N/A,
116.2314,gk,SliderControl,Slider Control,920,364,97.23,9452.78,Left,N/A,
116.2414,gk,SliderControl,Slider Control,920,364,0.00,-9702.42,Left,N/A,
116.2511,gk,SliderControl,Slider Control,920,364,0.00,0.00,Left,N/A,
116.2611,gk,SliderControl,Slider Control,920,364,0.00,0.00,Left,N/A,
116.2717,gk,SliderControl,Slider Control,920,364,0.00,0.00,Left,N/A,
116.2813,gk,SliderControl,Slider Control,920,364,0.00,0.00,Left,N/A,
116.2907,gk,SliderControl,Slider Control,920,364,0.00,0.00,Left,N/A,
116.3012,gk,SliderControl,Slider Control,920,364,0.00,0.00,Left,N/A,
116.3120,gk,SliderControl,Slider Control,920,364,0.00,0.00,Left,N/A,
116.3217,gk,SliderControl,Slider Control,920,364,0.00,0.00,Left,N/A,
116.3313,gk,SliderControl,Slider Control,920,364,0.00,0.00,Left,N/A,
116.3408,gk,SliderControl,Slider Control,920,364,0.00,0.00,Left,N/A,
116.3513,gk,SliderControl,Slider Control,920,364,0.00,0.00,Left,N/A,
116.3609,gk,SliderControl,Slider Control,920,364,0.00,0.00,Left,N/A,
116.3712,gk,SliderControl,Slider Control,920,364,0.00,0.00,Left,N/A,
116.3817,gk,SliderControl,Slider Control,920,364,0.00,0.00,Left,N/A,
116.3915,gk,SliderControl,Slider Control,920,364,0.00,0.00,Left,N/A,
116.4011,gk,SliderControl,Slider Control,920,364,0.00,0.00,Left,N/A,
116.4116,gk,SliderControl,Slider Control,920,364,0.00,0.00,Left,N/A,
116.4211,gk,SliderControl,Slider Control,920,364,0.00,0.00,Left,N/A,
116.4315,gk,SliderControl,Slider Control,920,364,0.00,0.00,Left,N/A,
116.4411,gk,SliderControl,Slider Control,920,364,0.00,0.00,Left,N/A,
116.4516,gk,SliderControl,Slider Control,920,364,0.00,0.00,Left,N/A,
116.4611,gk,SliderControl,Slider Control,920,364,0.00,0.00,Left,N/A,
116.4716,gk,SliderControl,Slider Control,920,364,0.00,0.00,Left,N/A,
116.4812,gk,SliderControl,Slider Control,920,364,0.00,0.00,Left,N/A,
116.4907,gk,SliderControl,Slider Control,920,364,0.00,0.00,Left,N/A,
116.5013,gk,SliderControl,Slider Control,920,364,0.00,0.00,Left,N/A,
116.5108,gk,SliderControl,Slider Control,920,364,0.00,0.00,Left,N/A,
116.5211,gk,SliderControl,Slider Control,920,364,0.00,0.00,Left,N/A,
116.5316,gk,SliderControl,Slider Control,920,364,0.00,0.00,Left,N/A,
116.5411,gk,SliderControl,Slider Control,920,364,0.00,0.00,Left,N/A,
116.5516,gk,SliderControl,Slider Control,920,364,0.00,0.00,Left,N/A,
116.5610,gk,SliderControl,Slider Control,920,364,0.00,0.00,Left,N/A,
116.5716,gk,SliderControl,Slider Control,920,364,0.00,0.00,Left,N/A,
116.5813,gk,SliderControl,Slider Control,920,364,0.00,0.00,Left,N/A,
116.5909,gk,SliderControl,Slider Control,920,364,0.00,0.00,Left,N/A,
116.6013,gk,SliderControl,Slider Control,920,364,0.00,0.00,Left,N/A,
116.6111,gk,SliderControl,Slider Control,920,364,0.00,0.00,Left,N/A,
116.6215,gk,SliderControl,Slider Control,920,364,0.00,0.00,Left,N/A,
116.6312,gk,SliderControl,Slider Control,920,364,0.00,0.00,Left,N/A,
116.6408,gk,SliderControl,Slider Control,920,364,0.00,0.00,Left,N/A,
116.6514,gk,SliderControl,Slider Control,919,364,94.17,8867.47,Left,N/A,
116.6616,gk,SliderControl,Slider Control,919,365,98.64,440.79,Left,N/A,
116.6713,gk,SliderControl,Slider Control,919,365,0.00,-10155.13,Left,N/A,
116.6814,gk,SliderControl,Slider Control,918,365,98.99,9799.48,Left,N/A,
116.6910,gk,SliderControl,Slider Control,918,365,0.00,-10258.28,Left,N/A,
116.7016,gk,SliderControl,Slider Control,918,365,0.00,0.00,Left,N/A,
116.7111,gk,SliderControl,Slider Control,918,365,0.00,0.00,Left,N/A,
116.7207,gk,SliderControl,Slider Control,918,365,0.00,0.00,Left,N/A,
116.7312,gk,SliderControl,Slider Control,918,365,0.00,0.00,Left,N/A,
116.7407,gk,SliderControl,Slider Control,918,365,0.00,0.00,Left,N/A,
116.7512,gk,SliderControl,Slider Control,918,365,0.00,0.00,Left,N/A,
116.7617,gk,SliderControl,Slider Control,918,365,0.00,0.00,Left,N/A,
116.7711,gk,SliderControl,Slider Control,918,365,0.00,0.00,Left,N/A,
116.7817,gk,SliderControl,Slider Control,918,365,0.00,0.00,Left,N/A,
116.7912,gk,SliderControl,Slider Control,918,365,0.00,0.00,Left,N/A,
116.8017,gk,SliderControl,Slider Control,918,365,0.00,0.00,Left,N/A,
116.8113,gk,SliderControl,Slider Control,918,365,0.00,0.00,Left,N/A,
116.8211,gk,SliderControl,Slider Control,918,365,0.00,0.00,Left,N/A,
116.8314,gk,SliderControl,Slider Control,918,365,0.00,0.00,Left,N/A,
116.8416,gk,SliderControl,Slider Control,917,365,97.87,9578.93,Left,N/A,
116.8508,gk,SliderControl,Slider Control,916,366,153.55,6045.33,Left,N/A,
116.8614,gk,SliderControl,Slider Control,916,366,0.00,-14444.80,Left,N/A,
116.8707,gk,SliderControl,Slider Control,914,367,242.43,26284.34,Left,N/A,
116.8809,gk,SliderControl,Slider Control,914,367,0.00,-23683.70,Left,N/A,
116.8911,gk,SliderControl,Slider Control,912,367,196.43,19292.67,Left,N/A,
116.9015,gk,SliderControl,Slider Control,912,367,0.00,-18955.33,Left,N/A,
116.9115,gk,SliderControl,Slider Control,911,367,99.46,9892.65,Left,N/A,
116.9209,gk,SliderControl,Slider Control,911,367,0.00,-10594.33,Left,N/A,
116.9314,gk,SliderControl,Slider Control,911,368,95.51,9121.25,Left,N/A,
116.9416,gk,SliderControl,Slider Control,910,368,97.52,196.18,Left,N/A,
116.9515,gk,SliderControl,Slider Control,910,368,0.00,-9907.37,Left,N/A,
116.9611,gk,SliderControl,Slider Control,910,368,0.00,0.00,Left,N/A,
116.9716,gk,SliderControl,Slider Control,910,368,0.00,0.00,Left,N/A,
116.9810,gk,SliderControl,Slider Control,910,368,0.00,0.00,Left,N/A,
116.9915,gk,SliderControl,Slider Control,910,368,0.00,0.00,Left,N/A,
117.0011,gk,SliderControl,Slider Control,910,368,0.00,0.00,Left,N/A,
117.0117,gk,SliderControl,Slider Control,910,368,0.00,0.00,Left,N/A,
117.0212,gk,SliderControl,Slider Control,910,368,0.00,0.00,Left,N/A,
117.0316,gk,SliderControl,Slider Control,910,368,0.00,0.00,Left,N/A,
117.0412,gk,SliderControl,Slider Control,910,368,0.00,0.00,Left,N/A,
117.0507,gk,SliderControl,Slider Control,910,368,0.00,0.00,Left,N/A,
117.0616,gk,SliderControl,Slider Control,910,368,0.00,0.00,Left,N/A,
117.0713,gk,SliderControl,Slider Control,910,368,0.00,0.00,Left,N/A,
117.0809,gk,SliderControl,Slider Control,910,368,0.00,0.00,Left,N/A,
117.0914,gk,SliderControl,Slider Control,910,368,0.00,0.00,Left,N/A,
117.1009,gk,SliderControl,Slider Control,910,368,0.00,0.00,Left,N/A,
117.1113,gk,SliderControl,Slider Control,910,368,0.00,0.00,Left,N/A,
117.1208,gk,SliderControl,Slider Control,910,368,0.00,0.00,Left,N/A,
117.1313,gk,SliderControl,Slider Control,910,368,0.00,0.00,Left,N/A,
117.1408,gk,SliderControl,Slider Control,910,368,0.00,0.00,Left,N/A,
117.1514,gk,SliderControl,Slider Control,910,368,0.00,0.00,Left,N/A,
117.1609,gk,SliderControl,Slider Control,910,368,0.00,0.00,Left,N/A,
117.1714,gk,SliderControl,Slider Control,910,368,0.00,0.00,Left,N/A,
117.1807,gk,SliderControl,Slider Control,910,368,0.00,0.00,Left,N/A,
117.1915,gk,SliderControl,Slider Control,910,368,0.00,0.00,Left,N/A,
117.2012,gk,SliderControl,Slider Control,910,368,0.00,0.00,Left,N/A,
117.2117,gk,SliderControl,Slider Control,910,368,0.00,0.00,Left,N/A,
117.2212,gk,SliderControl,Slider Control,910,368,0.00,0.00,Left,N/A,
117.2317,gk,SliderControl,Slider Control,910,368,0.00,0.00,Left,N/A,
117.2412,gk,SliderControl,Slider Control,910,368,0.00,0.00,Left,N/A,
117.2516,gk,SliderControl,Slider Control,910,368,0.00,0.00,Left,N/A,
117.2611,gk,SliderControl,Slider Control,910,368,0.00,0.00,Left,N/A,
117.2715,gk,SliderControl,Slider Control,910,368,0.00,0.00,Left,N/A,
117.2809,gk,SliderControl,Slider Control,910,368,0.00,0.00,Left,N/A,
117.2914,gk,SliderControl,Slider Control,910,368,0.00,0.00,Left,N/A,
117.3009,gk,SliderControl,Slider Control,910,368,0.00,0.00,Left,N/A,
117.3114,gk,SliderControl,Slider Control,910,368,0.00,0.00,Left,N/A,
117.3208,gk,SliderControl,Slider Control,910,368,0.00,0.00,Left,N/A,
117.3314,gk,SliderControl,Slider Control,910,368,0.00,0.00,Left,N/A,
117.3409,gk,SliderControl,Slider Control,910,368,0.00,0.00,Left,N/A,
117.3513,gk,SliderControl,Slider Control,910,368,0.00,0.00,Left,N/A,
117.3609,gk,SliderControl,Slider Control,910,368,0.00,0.00,Left,N/A,
117.3716,gk,SliderControl,Slider Control,910,368,0.00,0.00,Left,N/A,
117.3812,gk,SliderControl,Slider Control,910,368,0.00,0.00,Left,N/A,
117.3908,gk,SliderControl,Slider Control,910,368,0.00,0.00,Left,N/A,
117.4017,gk,SliderControl,Slider Control,910,368,0.00,0.00,Left,N/A,
117.4117,gk,SliderControl,Slider Control,910,368,0.00,0.00,Left,N/A,
117.4213,gk,SliderControl,Slider Control,910,368,0.00,0.00,Left,N/A,
117.4317,gk,SliderControl,Slider Control,910,368,0.00,0.00,Left,N/A,
117.4412,gk,SliderControl,Slider Control,910,368,0.00,0.00,Left,N/A,
117.4516,gk,SliderControl,Slider Control,910,368,0.00,0.00,Left,N/A,
117.4609,gk,SliderControl,Slider Control,910,368,0.00,0.00,Left,N/A,
117.4714,gk,SliderControl,Slider Control,910,368,0.00,0.00,Left,N/A,
117.4809,gk,SliderControl,Slider Control,910,368,0.00,0.00,Left,N/A,
117.4915,gk,SliderControl,Slider Control,910,368,0.00,0.00,Left,N/A,
117.5011,gk,SliderControl,Slider Control,910,368,0.00,0.00,Left,N/A,
117.5115,gk,SliderControl,Slider Control,910,368,0.00,0.00,Left,N/A,
117.5211,gk,SliderControl,Slider Control,910,368,0.00,0.00,Left,N/A,
117.5315,gk,SliderControl,Slider Control,910,368,0.00,0.00,Left,N/A,
117.5414,gk,SliderControl,Slider Control,910,368,0.00,0.00,Left,N/A,
117.5511,gk,SliderControl,Slider Control,910,368,0.00,0.00,Left,N/A,
117.5616,gk,SliderControl,Slider Control,910,368,0.00,0.00,Left,N/A,
117.5712,gk,SliderControl,Slider Control,910,368,0.00,0.00,Left,N/A,
117.5808,gk,SliderControl,Slider Control,910,368,0.00,0.00,Left,N/A,
117.5913,gk,SliderControl,Slider Control,910,368,0.00,0.00,Left,N/A,
117.6008,gk,SliderControl,Slider Control,910,368,0.00,0.00,Left,N/A,
117.6112,gk,SliderControl,Slider Control,910,368,0.00,0.00,Left,N/A,
117.6216,gk,SliderControl,Slider Control,910,368,0.00,0.00,Left,N/A,
117.6311,gk,SliderControl,Slider Control,910,368,0.00,0.00,Left,N/A,
117.6409,gk,SliderControl,Slider Control,910,368,0.00,0.00,Left,N/A,
117.6519,gk,SliderControl,Slider Control,910,368,0.00,0.00,Left,N/A,
117.6616,gk,SliderControl,Slider Control,910,368,0.00,0.00,Left,N/A,
117.6712,gk,SliderControl,Slider Control,910,368,0.00,0.00,Left,N/A,
117.6817,gk,SliderControl,Slider Control,910,368,0.00,0.00,Left,N/A,
117.6911,gk,SliderControl,Slider Control,910,368,0.00,0.00,Left,N/A,
117.7016,gk,SliderControl,Slider Control,910,368,0.00,0.00,Left,N/A,
117.7112,gk,SliderControl,Slider Control,910,368,0.00,0.00,Left,N/A,
117.7207,gk,SliderControl,Slider Control,910,368,0.00,0.00,Left,N/A,
117.7314,gk,SliderControl,Slider Control,910,368,0.00,0.00,Left,N/A,
117.7409,gk,SliderControl,Slider Control,910,368,0.00,0.00,Left,N/A,
117.7513,gk,SliderControl,Slider Control,910,368,0.00,0.00,Left,N/A,
117.7607,gk,SliderControl,Slider Control,910,368,0.00,0.00,Left,N/A,
117.7713,gk,SliderControl,Slider Control,910,368,0.00,0.00,Left,N/A,
117.7808,gk,SliderControl,Slider Control,910,368,0.00,0.00,Left,N/A,
117.7915,gk,SliderControl,Slider Control,910,368,0.00,0.00,Left,N/A,
117.8010,gk,SliderControl,Slider Control,910,368,0.00,0.00,Left,N/A,
117.8116,gk,SliderControl,Slider Control,910,368,0.00,0.00,Left,N/A,
117.8215,gk,SliderControl,Slider Control,910,368,0.00,0.00,Left,N/A,
117.8312,gk,SliderControl,Slider Control,910,368,0.00,0.00,Left,N/A,
117.8417,gk,SliderControl,Slider Control,910,368,0.00,0.00,Left,N/A,
117.8513,gk,SliderControl,Slider Control,910,368,0.00,0.00,Left,N/A,
117.8609,gk,SliderControl,Slider Control,910,368,0.00,0.00,Left,N/A,
117.8717,gk,SliderControl,Slider Control,910,368,0.00,0.00,Left,N/A,
117.8814,gk,SliderControl,Slider Control,910,368,0.00,0.00,Left,N/A,
117.8910,gk,SliderControl,Slider Control,910,368,0.00,0.00,Left,N/A,
117.9015,gk,SliderControl,Slider Control,910,368,0.00,0.00,Left,N/A,
117.9111,gk,SliderControl,Slider Control,910,368,0.00,0.00,Left,N/A,
117.9207,gk,SliderControl,Slider Control,910,368,0.00,0.00,Left,N/A,
117.9313,gk,SliderControl,Slider Control,910,368,0.00,0.00,Left,N/A,
117.9407,gk,SliderControl,Slider Control,910,368,0.00,0.00,Left,N/A,
117.9512,gk,SliderControl,Slider Control,910,368,0.00,0.00,Left,N/A,
117.9616,gk,SliderControl,Slider Control,910,368,0.00,0.00,Left,N/A,
117.9711,gk,SliderControl,Slider Control,910,368,0.00,0.00,Left,N/A,
117.9817,gk,SliderControl,Slider Control,910,368,0.00,0.00,Left,N/A,
117.9914,gk,SliderControl,Slider Control,910,368,0.00,0.00,Left,N/A,
118.0009,gk,SliderControl,Slider Control,910,368,0.00,0.00,Left,N/A,
118.0119,gk,SliderControl,Slider Control,910,368,0.00,0.00,Left,N/A,
118.0240,gk,SliderControl,Slider Control,910,368,0.00,0.00,Left,N/A,
118.0315,gk,SliderControl,Slider Control,910,368,0.00,0.00,Left,N/A,
118.0410,gk,SliderControl,Slider Control,910,368,0.00,0.00,Left,N/A,
118.0515,gk,SliderControl,Slider Control,910,368,0.00,0.00,Left,N/A,
118.0610,gk,SliderControl,Slider Control,910,368,0.00,0.00,Left,N/A,
118.0715,gk,SliderControl,Slider Control,910,368,0.00,0.00,Left,N/A,
118.0809,gk,SliderControl,Slider Control,910,368,0.00,0.00,Left,N/A,
118.0915,gk,SliderControl,Slider Control,910,368,0.00,0.00,Left,N/A,
118.1010,gk,SliderControl,Slider Control,910,368,0.00,0.00,Left,N/A,
118.1115,gk,SliderControl,Slider Control,910,368,0.00,0.00,Left,N/A,
118.1212,gk,SliderControl,Slider Control,910,368,0.00,0.00,Left,N/A,
118.1309,gk,SliderControl,Slider Control,910,368,0.00,0.00,Left,N/A,
118.1414,gk,SliderControl,Slider Control,910,368,0.00,0.00,Left,N/A,
118.1509,gk,SliderControl,Slider Control,910,368,0.00,0.00,Left,N/A,
118.1615,gk,SliderControl,Slider Control,910,368,0.00,0.00,Left,N/A,
118.1711,gk,SliderControl,Slider Control,910,368,0.00,0.00,Left,N/A,
118.1816,gk,SliderControl,Slider Control,910,368,0.00,0.00,Left,N/A,
118.1911,gk,SliderControl,Slider Control,910,368,0.00,0.00,Left,N/A,
118.2016,gk,SliderControl,Slider Control,910,368,0.00,0.00,Left,N/A,
118.2111,gk,SliderControl,Slider Control,910,368,0.00,0.00,Left,N/A,
118.2218,gk,SliderControl,Slider Control,910,368,0.00,0.00,Left,N/A,
118.2315,gk,SliderControl,Slider Control,910,368,0.00,0.00,Left,N/A,
118.2410,gk,SliderControl,Slider Control,910,368,0.00,0.00,Left,N/A,
118.2515,gk,SliderControl,Slider Control,910,368,0.00,0.00,Left,N/A,
118.2611,gk,SliderControl,Slider Control,910,368,0.00,0.00,Left,N/A,
118.2715,gk,SliderControl,Slider Control,910,368,0.00,0.00,Left,N/A,
118.2809,gk,SliderControl,Slider Control,910,368,0.00,0.00,Left,N/A,
118.2914,gk,SliderControl,Slider Control,910,368,0.00,0.00,Left,N/A,
118.3011,gk,SliderControl,Slider Control,910,368,0.00,0.00,Left,N/A,
118.3117,gk,SliderControl,Slider Control,910,368,0.00,0.00,Left,N/A,
118.3216,gk,SliderControl,Slider Control,910,368,0.00,0.00,Left,N/A,
118.3313,gk,SliderControl,Slider Control,910,368,0.00,0.00,Left,N/A,
118.3410,gk,SliderControl,Slider Control,910,368,0.00,0.00,Left,N/A,
118.3515,gk,SliderControl,Slider Control,910,368,0.00,0.00,Left,N/A,
118.3610,gk,SliderControl,Slider Control,910,368,0.00,0.00,Left,N/A,
118.3711,gk,SliderControl,Slider Control,910,368,0.00,0.00,Left,N/A,
118.3808,gk,SliderControl,Slider Control,910,368,0.00,0.00,Left,N/A,
118.3913,gk,SliderControl,Slider Control,910,368,0.00,0.00,Left,N/A,
118.4017,gk,SliderControl,Slider Control,910,368,0.00,0.00,Left,N/A,
118.4112,gk,SliderControl,Slider Control,910,368,0.00,0.00,Left,N/A,
118.4216,gk,SliderControl,Slider Control,910,368,0.00,0.00,Left,N/A,
118.4311,gk,SliderControl,Slider Control,910,368,0.00,0.00,Left,N/A,
118.4417,gk,SliderControl,Slider Control,910,368,0.00,0.00,Left,N/A,
118.4512,gk,SliderControl,Slider Control,910,368,0.00,0.00,Left,N/A,
118.4616,gk,SliderControl,Slider Control,910,368,0.00,0.00,Left,N/A,
118.4711,gk,SliderControl,Slider Control,910,368,0.00,0.00,Left,N/A,
118.4822,gk,SliderControl,Slider Control,910,368,0.00,0.00,Left,N/A,
118.4913,gk,SliderControl,Slider Control,910,368,0.00,0.00,Left,N/A,
118.5020,gk,SliderControl,Slider Control,910,368,0.00,0.00,Left,N/A,
118.5120,gk,SliderControl,Slider Control,910,368,0.00,0.00,Left,N/A,
118.5216,gk,SliderControl,Slider Control,910,368,0.00,0.00,Left,N/A,
118.5309,gk,SliderControl,Slider Control,910,368,0.00,0.00,Left,N/A,
118.5413,gk,SliderControl,Slider Control,910,368,0.00,0.00,Left,N/A,
118.5509,gk,SliderControl,Slider Control,910,368,0.00,0.00,Left,N/A,
118.5614,gk,SliderControl,Slider Control,910,368,0.00,0.00,Left,N/A,
118.5710,gk,SliderControl,Slider Control,910,368,0.00,0.00,Left,N/A,
118.5815,gk,SliderControl,Slider Control,910,368,0.00,0.00,Left,N/A,
118.5912,gk,SliderControl,Slider Control,910,368,0.00,0.00,Left,N/A,
118.6008,gk,SliderControl,Slider Control,910,368,0.00,0.00,Left,N/A,
118.6118,gk,SliderControl,Slider Control,910,368,0.00,0.00,Left,N/A,
118.6214,gk,SliderControl,Slider Control,910,368,0.00,0.00,Left,N/A,
118.6314,gk,SliderControl,Slider Control,910,368,0.00,0.00,Left,N/A,
118.6411,gk,SliderControl,Slider Control,910,368,0.00,0.00,Left,N/A,
118.6515,gk,SliderControl,Slider Control,910,368,0.00,0.00,Left,N/A,
118.6611,gk,SliderControl,Slider Control,910,368,0.00,0.00,Left,N/A,
118.6713,gk,SliderControl,Slider Control,910,368,0.00,0.00,Left,N/A,
118.6815,gk,SliderControl,Slider Control,909,368,98.02,9607.60,Left,N/A,
118.6911,gk,SliderControl,Slider Control,908,368,103.74,593.54,Left,N/A,
118.7009,gk,SliderControl,Slider Control,907,369,144.93,4220.57,Left,N/A,
118.7116,gk,SliderControl,Slider Control,905,369,185.23,3732.61,Left,N/A,
118.7211,gk,SliderControl,Slider Control,903,370,236.05,5365.04,Left,N/A,
118.7306,gk,SliderControl,Slider Control,900,370,315.47,8351.76,Left,N/A,
118.7413,gk,SliderControl,Slider Control,898,371,210.04,-9903.46,Left,N/A,
118.7516,gk,SliderControl,Slider Control,895,371,290.01,7730.49,Left,N/A,
118.7612,gk,SliderControl,Slider Control,893,372,234.08,-5854.66,Left,N/A,
118.7716,gk,SliderControl,Slider Control,889,372,383.95,14385.83,Left,N/A,
118.7810,gk,SliderControl,Slider Control,887,372,211.67,-18233.63,Left,N/A,
118.7912,gk,SliderControl,Slider Control,886,372,98.69,-11149.74,Left,N/A,
118.8009,gk,SliderControl,Slider Control,882,372,411.89,32251.78,Left,N/A,
118.8108,gk,SliderControl,Slider Control,880,372,202.39,-21200.64,Left,N/A,
118.8215,gk,SliderControl,Slider Control,876,372,372.49,15839.48,Left,N/A,
118.8317,gk,SliderControl,Slider Control,874,372,196.82,-17287.42,Left,N/A,
118.8413,gk,SliderControl,Slider Control,869,372,518.88,33421.54,Left,N/A,
118.8511,gk,SliderControl,Slider Control,866,372,306.67,-21692.73,Left,N/A,
118.8608,gk,SliderControl,Slider Control,861,372,517.13,21766.59,Left,N/A,
118.8716,gk,SliderControl,Slider Control,858,372,275.65,-22187.59,Left,N/A,
118.8810,gk,SliderControl,Slider Control,853,372,532.80,27401.73,Left,N/A,
118.8912,gk,SliderControl,Slider Control,851,372,195.83,-32994.42,Left,N/A,
118.9011,gk,SliderControl,Slider Control,848,372,302.92,10812.88,Left,N/A,
118.9109,gk,SliderControl,Slider Control,845,371,322.89,2039.81,Left,N/A,
118.9217,gk,SliderControl,Slider Control,843,371,186.60,-12716.31,Left,N/A,
118.9308,gk,SliderControl,Slider Control,840,371,329.63,15715.42,Left,N/A,
118.9413,gk,SliderControl,Slider Control,838,371,189.88,-13267.68,Left,N/A,
118.9510,gk,SliderControl,Slider Control,836,371,205.40,1593.34,Left,N/A,
118.9608,gk,SliderControl,Slider Control,834,371,203.54,-189.18,Left,N/A,
118.9713,gk,SliderControl,Slider Control,832,371,190.51,-1240.82,Left,N/A,
118.9808,gk,SliderControl,Slider Control,830,371,211.79,2253.36,Left,N/A,
118.9908,gk,SliderControl,Slider Control,828,371,199.18,-1256.03,Left,N/A,
119.0008,gk,SliderControl,Slider Control,826,370,224.37,2527.36,Left,N/A,
119.0109,gk,SliderControl,Slider Control,825,370,99.11,-12414.10,Left,N/A,
119.0216,gk,SliderControl,Slider Control,822,369,294.95,18266.37,Left,N/A,
119.0309,gk,SliderControl,Slider Control,821,369,108.10,-20198.19,Left,N/A,
119.0407,gk,SliderControl,Slider Control,818,369,304.58,19947.36,Left,N/A,
119.0512,gk,SliderControl,Slider Control,817,369,95.67,-19985.80,Left,N/A,
119.0616,gk,SliderControl,Slider Control,814,368,302.02,19708.18,Left,N/A,
119.0710,gk,SliderControl,Slider Control,813,368,106.75,-20844.91,Left,N/A,
119.0812,gk,SliderControl,Slider Control,811,368,197.01,8891.76,Left,N/A,
119.0914,gk,SliderControl,Slider Control,810,368,97.39,-9702.26,Left,N/A,
119.1009,gk,SliderControl,Slider Control,809,368,105.79,889.30,Left,N/A,
119.1115,gk,SliderControl,Slider Control,808,368,94.45,-1071.49,Left,N/A,
119.1211,gk,SliderControl,Slider Control,808,368,0.00,-9747.28,Left,N/A,
119.1312,gk,SliderControl,Slider Control,808,368,0.00,0.00,Left,N/A,
119.1414,gk,SliderControl,Slider Control,807,368,97.60,9525.51,Left,N/A,
119.1508,gk,SliderControl,Slider Control,807,368,0.00,-10450.55,Left,N/A,
119.1609,gk,SliderControl,Slider Control,806,368,99.06,9813.37,Left,N/A,
119.1713,gk,SliderControl,Slider Control,806,368,0.00,-9502.31,Left,N/A,
119.1817,gk,SliderControl,Slider Control,806,368,0.00,0.00,Left,N/A,
119.1912,gk,SliderControl,Slider Control,806,368,0.00,0.00,Left,N/A,
119.2017,gk,SliderControl,Slider Control,806,368,0.00,0.00,Left,N/A,
119.2113,gk,SliderControl,Slider Control,806,368,0.00,0.00,Left,N/A,
119.2208,gk,SliderControl,Slider Control,806,368,0.00,0.00,Left,N/A,
119.2313,gk,SliderControl,Slider Control,806,368,0.00,0.00,Left,N/A,
119.2408,gk,SliderControl,Slider Control,806,368,0.00,0.00,Left,N/A,
119.2514,gk,SliderControl,Slider Control,806,368,0.00,0.00,Left,N/A,
119.2609,gk,SliderControl,Slider Control,806,368,0.00,0.00,Left,N/A,
119.2715,gk,SliderControl,Slider Control,806,368,0.00,0.00,Left,N/A,
119.2811,gk,SliderControl,Slider Control,806,368,0.00,0.00,Left,N/A,
119.2920,gk,SliderControl,Slider Control,806,368,0.00,0.00,Left,N/A,
119.3007,gk,SliderControl,Slider Control,806,368,0.00,0.00,Left,N/A,
119.3117,gk,SliderControl,Slider Control,806,368,0.00,0.00,Left,N/A,
119.3214,gk,SliderControl,Slider Control,806,368,0.00,0.00,Left,N/A,
119.3309,gk,SliderControl,Slider Control,806,368,0.00,0.00,Left,N/A,
119.3414,gk,SliderControl,Slider Control,806,368,0.00,0.00,Left,N/A,
119.3509,gk,SliderControl,Slider Control,806,368,0.00,0.00,Left,N/A,
119.3615,gk,SliderControl,Slider Control,806,368,0.00,0.00,Left,N/A,
119.3710,gk,SliderControl,Slider Control,806,368,0.00,0.00,Left,N/A,
119.3815,gk,SliderControl,Slider Control,806,368,0.00,0.00,Left,N/A,
119.3911,gk,SliderControl,Slider Control,806,368,0.00,0.00,Left,N/A,
119.4011,gk,SliderControl,Slider Control,807,368,99.99,9997.64,Left,N/A,
119.4026,gk,SliderControl,Slider Control,807,368,99.99,0.00,None,N/A,slider_released_correct
119.4114,gk,SliderControl,Slider Control,807,368,0.00,-9691.74,None,N/A,
119.4213,gk,SliderControl,Slider Control,807,368,0.00,0.00,None,N/A,
119.4312,gk,SliderControl,Slider Control,807,368,0.00,0.00,None,N/A,
119.4408,gk,SliderControl,Slider Control,807,368,0.00,0.00,None,N/A,
119.4514,gk,SliderControl,Slider Control,807,368,0.00,0.00,None,N/A,
119.4614,gk,SliderControl,Slider Control,807,368,0.00,0.00,None,N/A,
119.4709,gk,SliderControl,Slider Control,807,368,0.00,0.00,None,N/A,
119.4814,gk,SliderControl,Slider Control,807,368,0.00,0.00,None,N/A,
119.4916,gk,SliderControl,Slider Control,807,368,0.00,0.00,None,N/A,
119.5012,gk,SliderControl,Slider Control,807,368,0.00,0.00,None,N/A,
119.5108,gk,SliderControl,Slider Control,807,368,0.00,0.00,None,N/A,
119.5213,gk,SliderControl,Slider Control,807,368,0.00,0.00,None,N/A,
119.5309,gk,SliderControl,Slider Control,807,368,0.00,0.00,None,N/A,
119.5414,gk,SliderControl,Slider Control,807,368,0.00,0.00,None,N/A,
119.5508,gk,SliderControl,Slider Control,807,368,0.00,0.00,None,N/A,
119.5618,gk,SliderControl,Slider Control,807,368,0.00,0.00,None,N/A,
119.5718,gk,SliderControl,Slider Control,807,368,0.00,0.00,None,N/A,
119.5819,gk,SliderControl,Slider Control,807,368,0.00,0.00,None,N/A,
119.5915,gk,SliderControl,Slider Control,807,368,0.00,0.00,None,N/A,
119.6015,gk,SliderControl,Slider Control,807,368,0.00,0.00,None,N/A,
119.6112,gk,SliderControl,Slider Control,807,368,0.00,0.00,None,N/A,
119.6212,gk,SliderControl,Slider Control,807,368,0.00,0.00,None,N/A,
119.6312,gk,SliderControl,Slider Control,807,368,0.00,0.00,None,N/A,
119.6408,gk,SliderControl,Slider Control,807,368,0.00,0.00,None,N/A,
119.6514,gk,SliderControl,Slider Control,807,368,0.00,0.00,None,N/A,
119.6610,gk,SliderControl,Slider Control,807,368,0.00,0.00,None,N/A,
119.6716,gk,SliderControl,Slider Control,807,368,0.00,0.00,None,N/A,
119.6811,gk,SliderControl,Slider Control,807,368,0.00,0.00,None,N/A,
119.6916,gk,SliderControl,Slider Control,807,368,0.00,0.00,None,N/A,
119.7011,gk,SliderControl,Slider Control,807,368,0.00,0.00,None,N/A,
119.7117,gk,SliderControl,Slider Control,807,368,0.00,0.00,None,N/A,
119.7211,gk,SliderControl,Slider Control,807,368,0.00,0.00,None,N/A,
119.7310,gk,SliderControl,Slider Control,807,368,0.00,0.00,None,N/A,
119.7417,gk,SliderControl,Slider Control,807,368,0.00,0.00,None,N/A,
119.7517,gk,SliderControl,Slider Control,807,368,0.00,0.00,None,N/A,
119.7613,gk,SliderControl,Slider Control,807,368,0.00,0.00,None,N/A,
119.7713,gk,SliderControl,Slider Control,807,368,0.00,0.00,None,N/A,
119.7809,gk,SliderControl,Slider Control,807,368,0.00,0.00,None,N/A,
119.7922,gk,SliderControl,Slider Control,807,368,0.00,0.00,None,N/A,
119.8008,gk,SliderControl,Slider Control,807,368,0.00,0.00,None,N/A,
119.8118,gk,SliderControl,Slider Control,807,368,0.00,0.00,None,N/A,
119.8215,gk,SliderControl,Slider Control,807,368,0.00,0.00,None,N/A,
119.8309,gk,SliderControl,Slider Control,807,368,0.00,0.00,None,N/A,
119.8415,gk,SliderControl,Slider Control,807,368,0.00,0.00,None,N/A,
119.8511,gk,SliderControl,Slider Control,807,368,0.00,0.00,None,N/A,
119.8616,gk,SliderControl,Slider Control,807,368,0.00,0.00,None,N/A,
119.8711,gk,SliderControl,Slider Control,807,368,0.00,0.00,None,N/A,
119.8809,gk,SliderControl,Slider Control,807,368,0.00,0.00,None,N/A,
119.8915,gk,SliderControl,Slider Control,807,368,0.00,0.00,None,N/A,
119.9017,gk,SliderControl,Slider Control,807,368,0.00,0.00,None,N/A,
119.9117,gk,SliderControl,Slider Control,807,368,0.00,0.00,None,N/A,
119.9218,gk,SliderControl,Slider Control,807,368,0.00,0.00,None,N/A,
119.9319,gk,SliderControl,Slider Control,807,368,0.00,0.00,None,N/A,
119.9415,gk,SliderControl,Slider Control,807,368,0.00,0.00,None,N/A,
119.9515,gk,SliderControl,Slider Control,807,368,0.00,0.00,None,N/A,
119.9616,gk,SliderControl,Slider Control,807,368,0.00,0.00,None,N/A,
119.9717,gk,SliderControl,Slider Control,807,368,0.00,0.00,None,N/A,
119.9813,gk,SliderControl,Slider Control,807,368,0.00,0.00,None,N/A,
119.9909,gk,SliderControl,Slider Control,807,368,0.00,0.00,None,N/A,
120.0013,gk,SliderControl,Slider Control,807,368,0.00,0.00,None,N/A,
120.0109,gk,SliderControl,Slider Control,807,368,0.00,0.00,None,N/A,
120.0213,gk,SliderControl,Slider Control,807,368,0.00,0.00,None,N/A,
120.0309,gk,SliderControl,Slider Control,807,368,0.00,0.00,None,N/A,
120.0416,gk,SliderControl,Slider Control,807,368,0.00,0.00,None,N/A,
120.0512,gk,SliderControl,Slider Control,807,368,0.00,0.00,None,N/A,
120.0615,gk,SliderControl,Slider Control,807,368,0.00,0.00,None,N/A,
120.0711,gk,SliderControl,Slider Control,807,368,0.00,0.00,None,N/A,
120.0811,gk,SliderControl,Slider Control,807,368,0.00,0.00,None,N/A,
120.0907,gk,SliderControl,Slider Control,807,368,0.00,0.00,None,N/A,
120.1018,gk,SliderControl,Slider Control,807,368,0.00,0.00,None,N/A,
120.1118,gk,SliderControl,Slider Control,807,368,0.00,0.00,None,N/A,
120.1218,gk,SliderControl,Slider Control,807,368,0.00,0.00,None,N/A,
120.1314,gk,SliderControl,Slider Control,807,368,0.00,0.00,None,N/A,
120.1408,gk,SliderControl,Slider Control,807,368,0.00,0.00,None,N/A,
120.1513,gk,SliderControl,Slider Control,807,368,0.00,0.00,None,N/A,
120.1609,gk,SliderControl,Slider Control,807,368,0.00,0.00,None,N/A,
120.1713,gk,SliderControl,Slider Control,807,368,0.00,0.00,None,N/A,
120.1807,gk,SliderControl,Slider Control,807,368,0.00,0.00,None,N/A,
120.1910,gk,SliderControl,Slider Control,807,368,0.00,0.00,None,N/A,
120.2016,gk,SliderControl,Slider Control,807,368,0.00,0.00,None,N/A,
120.2111,gk,SliderControl,Slider Control,807,368,0.00,0.00,None,N/A,
120.2216,gk,SliderControl,Slider Control,807,368,0.00,0.00,None,N/A,
120.2312,gk,SliderControl,Slider Control,807,368,0.00,0.00,None,N/A,
120.2417,gk,SliderControl,Slider Control,807,368,0.00,0.00,None,N/A,
120.2512,gk,SliderControl,Slider Control,807,368,0.00,0.00,None,N/A,
120.2611,gk,SliderControl,Slider Control,810,369,320.26,32434.30,None,N/A,
120.2709,gk,SliderControl,Slider Control,812,370,228.19,-9395.47,None,N/A,
120.2809,gk,SliderControl,Slider Control,816,371,410.10,18093.31,None,N/A,
120.2914,gk,SliderControl,Slider Control,824,373,784.84,35666.08,None,N/A,
120.3014,gk,SliderControl,Slider Control,828,374,414.96,-37225.66,None,N/A,
120.3108,gk,SliderControl,Slider Control,838,375,1064.05,68722.94,None,N/A,
120.3208,gk,SliderControl,Slider Control,843,376,508.38,-55400.83,None,N/A,
120.3307,gk,SliderControl,Slider Control,852,378,935.63,43359.18,None,N/A,
120.3409,gk,SliderControl,Slider Control,857,379,498.77,-42732.21,None,N/A,
120.3514,gk,SliderControl,Slider Control,869,381,1163.78,63616.01,None,N/A,
120.3614,gk,SliderControl,Slider Control,875,381,596.29,-56398.05,None,N/A,
120.3711,gk,SliderControl,Slider Control,886,382,1136.54,55590.22,None,N/A,
120.3812,gk,SliderControl,Slider Control,891,382,498.29,-63606.61,None,N/A,
120.3912,gk,SliderControl,Slider Control,902,382,1098.19,59892.00,None,N/A,
120.4007,gk,SliderControl,Slider Control,911,382,943.81,-16189.71,None,N/A,
120.4112,gk,SliderControl,Slider Control,922,380,1067.56,11816.31,None,N/A,
120.4215,gk,SliderControl,Slider Control,939,378,1661.07,57594.89,None,N/A,
120.4307,gk,SliderControl,Slider Control,948,376,1004.01,-71554.21,None,N/A,
120.4408,gk,SliderControl,Slider Control,974,372,2609.01,159182.60,None,N/A,
120.4513,gk,SliderControl,Slider Control,984,371,955.46,-157206.06,None,N/A,
120.4609,gk,SliderControl,Slider Control,999,369,1578.42,64977.00,None,N/A,
120.4714,gk,SliderControl,Slider Control,1008,368,863.79,-68168.02,None,N/A,
120.4816,gk,SliderControl,Slider Control,1024,367,1567.47,68802.81,None,N/A,
120.4914,gk,SliderControl,Slider Control,1030,367,612.08,-97462.85,None,N/A,
120.5010,gk,SliderControl,Slider Control,1040,367,1042.30,44840.87,None,N/A,
120.5110,gk,SliderControl,Slider Control,1046,367,598.94,-44257.19,None,N/A,
120.5211,gk,SliderControl,Slider Control,1053,366,697.59,9732.30,None,N/A,
120.5307,gk,SliderControl,Slider Control,1063,366,1042.17,35910.22,None,N/A,
120.5417,gk,SliderControl,Slider Control,1067,366,364.64,-61763.55,None,N/A,
120.5516,gk,SliderControl,Slider Control,1074,366,708.89,34862.02,None,N/A,
120.5611,gk,SliderControl,Slider Control,1077,366,314.31,-41340.32,None,N/A,
120.5710,gk,SliderControl,Slider Control,1084,366,711.80,40417.94,None,N/A,
120.5807,gk,SliderControl,Slider Control,1087,366,307.58,-41442.69,None,N/A,
120.5915,gk,SliderControl,Slider Control,1095,366,738.84,39829.48,None,N/A,
120.6009,gk,SliderControl,Slider Control,1099,366,428.56,-33243.47,None,N/A,
120.6109,gk,SliderControl,Slider Control,1106,367,705.26,27597.56,None,N/A,
120.6216,gk,SliderControl,Slider Control,1110,367,373.48,-30978.07,None,N/A,
120.6311,gk,SliderControl,Slider Control,1116,368,638.62,27836.68,None,N/A,
120.6413,gk,SliderControl,Slider Control,1120,368,391.74,-24178.26,None,N/A,
120.6509,gk,SliderControl,Slider Control,1123,369,330.92,-6365.09,None,N/A,
120.6616,gk,SliderControl,Slider Control,1131,370,750.94,39121.83,None,N/A,
120.6709,gk,SliderControl,Slider Control,1135,371,445.72,-32995.09,None,N/A,
120.6807,gk,SliderControl,Slider Control,1144,371,916.28,47906.39,None,N/A,
120.6916,gk,SliderControl,Slider Control,1148,372,377.28,-49320.35,None,N/A,
120.7007,gk,SliderControl,Slider Control,1155,372,772.63,43637.44,None,N/A,
120.7113,gk,SliderControl,Slider Control,1159,373,390.79,-36191.46,None,N/A,
120.7212,gk,SliderControl,Slider Control,1165,373,600.13,20938.61,None,N/A,
120.7317,gk,SliderControl,Slider Control,1168,373,286.79,-29954.20,None,N/A,
120.7413,gk,SliderControl,Slider Control,1176,373,833.15,56900.62,None,N/A,
120.7513,gk,SliderControl,Slider Control,1180,372,411.29,-42081.95,None,N/A,
120.7612,gk,SliderControl,Slider Control,1185,372,505.17,9484.65,None,N/A,
120.7709,gk,SliderControl,Slider Control,1194,371,938.08,44847.18,None,N/A,
120.7808,gk,SliderControl,Slider Control,1197,371,302.50,-64087.31,None,N/A,
120.7915,gk,SliderControl,Slider Control,1204,371,652.65,32646.94,None,N/A,
120.8011,gk,SliderControl,Slider Control,1208,371,419.25,-24463.17,None,N/A,
120.8115,gk,SliderControl,Slider Control,1213,370,490.50,6853.82,None,N/A,
120.8216,gk,SliderControl,Slider Control,1216,370,294.86,-19228.89,None,N/A,
120.8310,gk,SliderControl,Slider Control,1222,369,652.46,38356.58,None,N/A,
120.8412,gk,SliderControl,Slider Control,1226,368,403.46,-24364.99,None,N/A,
120.8513,gk,SliderControl,Slider Control,1234,368,789.46,38091.37,None,N/A,
120.8609,gk,SliderControl,Slider Control,1237,367,329.12,-47910.80,None,N/A,
120.8712,gk,SliderControl,Slider Control,1240,367,292.99,-3528.29,None,N/A,
120.8808,gk,SliderControl,Slider Control,1246,367,621.62,34047.39,None,N/A,
120.8916,gk,SliderControl,Slider Control,1248,367,184.94,-40379.93,None,N/A,
120.9016,gk,SliderControl,Slider Control,1254,367,604.18,42215.91,None,N/A,
120.9114,gk,SliderControl,Slider Control,1256,367,203.75,-40793.15,None,N/A,
120.9209,gk,SliderControl,Slider Control,1260,367,420.91,22852.34,None,N/A,
120.9319,gk,SliderControl,Slider Control,1261,367,90.50,-29901.96,None,N/A,
120.9415,gk,SliderControl,Slider Control,1264,367,314.34,23455.06,None,N/A,
120.9510,gk,SliderControl,Slider Control,1266,367,209.96,-10958.50,None,N/A,
120.9611,gk,SliderControl,Slider Control,1268,368,222.30,1227.46,None,N/A,
120.9710,gk,SliderControl,Slider Control,1270,368,201.36,-2108.23,None,N/A,
120.9808,gk,SliderControl,Slider Control,1271,368,101.92,-10135.30,None,N/A,
120.9914,gk,SliderControl,Slider Control,1274,369,297.05,18329.79,None,N/A,
121.0015,gk,SliderControl,Slider Control,1276,369,199.62,-9724.22,None,N/A,
121.0114,gk,SliderControl,Slider Control,1279,370,317.67,11858.02,None,N/A,
121.0220,gk,SliderControl,Slider Control,1281,370,189.79,-12134.84,None,N/A,
121.0307,gk,SliderControl,Slider Control,1285,370,456.14,30372.68,None,N/A,
121.0416,gk,SliderControl,Slider Control,1287,371,205.86,-23041.44,None,N/A,
121.0515,gk,SliderControl,Slider Control,1291,371,405.25,20200.27,None,N/A,
121.0612,gk,SliderControl,Slider Control,1292,371,102.65,-31061.18,None,N/A,
121.0711,gk,SliderControl,Slider Control,1296,371,402.24,30127.75,None,N/A,
121.0810,gk,SliderControl,Slider Control,1297,371,101.75,-30575.64,None,N/A,
121.0913,gk,SliderControl,Slider Control,1300,371,290.91,18343.36,None,N/A,
121.1008,gk,SliderControl,Slider Control,1301,371,104.65,-19492.20,None,N/A,
121.1110,gk,SliderControl,Slider Control,1303,371,197.17,9121.54,None,N/A,
121.1207,gk,SliderControl,Slider Control,1305,371,206.01,910.77,None,N/A,
121.1309,gk,SliderControl,Slider Control,1307,371,196.33,-950.41,None,N/A,
121.1416,gk,SliderControl,Slider Control,1309,372,209.30,1213.55,None,N/A,
121.1515,gk,SliderControl,Slider Control,1311,372,201.93,-743.60,None,N/A,
121.1613,gk,SliderControl,Slider Control,1313,372,202.52,59.73,None,N/A,
121.1712,gk,SliderControl,Slider Control,1314,372,101.21,-10253.65,None,N/A,
121.1809,gk,SliderControl,Slider Control,1316,373,230.37,13305.96,None,N/A,
121.1916,gk,SliderControl,Slider Control,1317,373,93.70,-12806.00,None,N/A,
121.2015,gk,SliderControl,Slider Control,1319,374,225.92,13358.84,None,N/A,
121.2112,gk,SliderControl,Slider Control,1320,374,102.79,-12656.84,None,N/A,
121.2217,gk,SliderControl,Slider Control,1322,375,213.91,10629.77,None,N/A,
121.2313,gk,SliderControl,Slider Control,1324,375,208.80,-533.52,None,N/A,
121.2417,gk,SliderControl,Slider Control,1326,376,214.90,586.29,None,N/A,
121.2513,gk,SliderControl,Slider Control,1330,376,415.71,20869.96,None,N/A,
121.2612,gk,SliderControl,Slider Control,1331,377,143.14,-27588.05,None,N/A,
121.2711,gk,SliderControl,Slider Control,1335,377,403.77,26309.51,None,N/A,
121.2808,gk,SliderControl,Slider Control,1336,378,146.05,-26615.57,None,N/A,
121.2908,gk,SliderControl,Slider Control,1339,378,299.81,15367.37,None,N/A,
121.3009,gk,SliderControl,Slider Control,1341,379,219.91,-7858.30,None,N/A,
121.3110,gk,SliderControl,Slider Control,1343,379,198.68,-2109.18,None,N/A,
121.3212,gk,SliderControl,Slider Control,1345,379,196.35,-228.73,None,N/A,
121.3309,gk,SliderControl,Slider Control,1346,379,103.34,-9611.54,None,N/A,
121.3411,gk,SliderControl,Slider Control,1348,379,195.43,8999.27,None,N/A,
121.3517,gk,SliderControl,Slider Control,1349,379,94.50,-9538.25,None,N/A,
121.3612,gk,SliderControl,Slider Control,1351,379,209.29,12012.39,None,N/A,
121.3712,gk,SliderControl,Slider Control,1352,379,100.17,-10930.73,None,N/A,
121.3808,gk,SliderControl,Slider Control,1354,379,208.48,11289.76,None,N/A,
121.3908,gk,SliderControl,Slider Control,1355,379,100.16,-10849.29,None,N/A,
121.4012,gk,SliderControl,Slider Control,1356,379,96.33,-368.08,None,N/A,
121.4119,gk,SliderControl,Slider Control,1357,379,93.35,-278.60,None,N/A,
121.4207,gk,SliderControl,Slider Control,1358,379,113.17,2243.03,None,N/A,
121.4309,gk,SliderControl,Slider Control,1359,379,98.28,-1463.75,None,N/A,
121.4410,gk,SliderControl,Slider Control,1360,379,99.49,120.83,None,N/A,
121.4516,gk,SliderControl,Slider Control,1361,379,94.11,-506.12,None,N/A,
121.4615,gk,SliderControl,Slider Control,1362,379,101.11,707.69,None,N/A,
121.4710,gk,SliderControl,Slider Control,1362,379,0.00,-10554.02,None,N/A,
121.4809,gk,SliderControl,Slider Control,1363,379,101.69,10339.84,None,N/A,
121.4914,gk,SliderControl,Slider Control,1363,379,0.00,-9666.55,None,N/A,
121.5009,gk,SliderControl,Slider Control,1362,378,148.68,15630.62,None,N/A,
121.5112,gk,SliderControl,Slider Control,1361,378,97.34,-4997.28,None,N/A,
121.5212,gk,SliderControl,Slider Control,1358,377,314.74,21638.28,None,N/A,
121.5307,gk,SliderControl,Slider Control,1345,375,1392.98,114191.59,None,N/A,
121.5409,gk,SliderControl,Slider Control,1339,374,595.30,-78066.16,None,N/A,
121.5509,gk,SliderControl,Slider Control,1334,373,508.07,-8691.81,None,N/A,
121.5613,gk,SliderControl,Slider Control,1328,373,580.82,7042.26,None,N/A,
121.5712,gk,SliderControl,Slider Control,1326,372,226.06,-35865.30,None,N/A,
121.5815,gk,SliderControl,Slider Control,1322,372,387.32,15615.07,None,N/A,
121.5907,gk,SliderControl,Slider Control,1320,372,216.75,-18485.58,None,N/A,
121.6014,gk,SliderControl,Slider Control,1317,372,279.51,5846.77,None,N/A,
121.6108,gk,SliderControl,Slider Control,1316,372,106.65,-18435.49,None,N/A,
121.6209,gk,SliderControl,Slider Control,1314,372,197.60,8985.30,None,N/A,
121.6314,gk,SliderControl,Slider Control,1313,372,95.32,-9749.07,None,N/A,
121.6411,gk,SliderControl,Slider Control,1312,372,103.86,886.82,None,N/A,
121.6515,gk,SliderControl,Slider Control,1311,372,95.48,-799.95,None,N/A,
121.6611,gk,SliderControl,Slider Control,1311,372,0.00,-9927.35,None,N/A,
121.6711,gk,SliderControl,Slider Control,1310,372,100.22,10044.99,None,N/A,
121.6808,gk,SliderControl,Slider Control,1310,372,0.00,-10366.01,None,N/A,
121.6917,gk,SliderControl,Slider Control,1310,372,0.00,0.00,None,N/A,
121.7016,gk,SliderControl,Slider Control,1310,372,0.00,0.00,None,N/A,
121.7111,gk,SliderControl,Slider Control,1310,372,0.00,0.00,None,N/A,
121.7216,gk,SliderControl,Slider Control,1310,372,0.00,0.00,None,N/A,
121.7308,gk,SliderControl,Slider Control,1311,371,154.70,16921.54,None,N/A,
121.7416,gk,SliderControl,Slider Control,1311,371,0.00,-14315.27,None,N/A,
121.7513,gk,SliderControl,Slider Control,1312,371,102.93,10594.63,None,N/A,
121.7613,gk,SliderControl,Slider Control,1313,371,99.87,-305.25,None,N/A,
121.7707,gk,SliderControl,Slider Control,1314,371,106.40,694.12,None,N/A,
121.7817,gk,SliderControl,Slider Control,1315,370,128.68,2027.50,None,N/A,
121.7907,gk,SliderControl,Slider Control,1316,370,111.04,-1958.79,None,N/A,
121.8011,gk,SliderControl,Slider Control,1317,370,96.00,-1443.70,None,N/A,
121.8115,gk,SliderControl,Slider Control,1318,370,96.47,45.16,None,N/A,
121.8216,gk,SliderControl,Slider Control,1319,370,98.25,174.49,None,N/A,
121.8307,gk,SliderControl,Slider Control,1319,370,0.00,-10843.72,None,N/A,
121.8412,gk,SliderControl,Slider Control,1319,370,0.00,0.00,None,N/A,
121.8510,gk,SliderControl,Slider Control,1320,370,101.57,10316.82,None,N/A,
121.8614,gk,SliderControl,Slider Control,1320,370,0.00,-9768.48,None,N/A,
121.8709,gk,SliderControl,Slider Control,1320,370,0.00,0.00,None,N/A,
121.8812,gk,SliderControl,Slider Control,1321,370,97.64,9534.38,None,N/A,
121.8915,gk,SliderControl,Slider Control,1321,370,0.00,-9415.36,None,N/A,
121.9012,gk,SliderControl,Slider Control,1322,370,103.12,10634.26,None,N/A,
121.9108,gk,SliderControl,Slider Control,1322,370,0.00,-10806.43,None,N/A,
121.9212,gk,SliderControl,Slider Control,1322,370,0.00,0.00,None,N/A,
121.9315,gk,SliderControl,Slider Control,1322,370,0.00,0.00,None,N/A,
121.9409,gk,SliderControl,Slider Control,1322,370,0.00,0.00,None,N/A,
121.9512,gk,SliderControl,Slider Control,1322,370,0.00,0.00,None,N/A,
121.9615,gk,SliderControl,Slider Control,1322,370,0.00,0.00,None,N/A,
121.9713,gk,SliderControl,Slider Control,1322,370,0.00,0.00,None,N/A,
121.9814,gk,SliderControl,Slider Control,1322,370,0.00,0.00,None,N/A,
121.9909,gk,SliderControl,Slider Control,1322,371,104.82,10986.33,None,N/A,
122.0013,gk,SliderControl,Slider Control,1322,371,0.00,-10118.27,None,N/A,
122.0115,gk,SliderControl,Slider Control,1323,371,98.24,9650.40,None,N/A,
122.0210,gk,SliderControl,Slider Control,1323,371,0.00,-10254.44,None,N/A,
122.0315,gk,SliderControl,Slider Control,1323,371,0.00,0.00,None,N/A,
122.0411,gk,SliderControl,Slider Control,1323,371,0.00,0.00,None,N/A,
122.0518,gk,SliderControl,Slider Control,1323,371,0.00,0.00,None,N/A,
122.0616,gk,SliderControl,Slider Control,1323,371,0.00,0.00,None,N/A,
122.0711,gk,SliderControl,Slider Control,1323,371,0.00,0.00,None,N/A,
122.0815,gk,SliderControl,Slider Control,1323,371,0.00,0.00,None,N/A,
122.0908,gk,SliderControl,Slider Control,1323,371,0.00,0.00,None,N/A,
122.1013,gk,SliderControl,Slider Control,1323,371,0.00,0.00,None,N/A,
122.1108,gk,SliderControl,Slider Control,1323,371,0.00,0.00,None,N/A,
122.1210,gk,SliderControl,Slider Control,1323,371,0.00,0.00,None,N/A,
122.1311,gk,SliderControl,Slider Control,1323,372,98.52,9707.16,None,N/A,
122.1417,gk,SliderControl,Slider Control,1323,372,0.00,-9345.80,None,N/A,
122.1509,gk,SliderControl,Slider Control,1323,372,0.00,0.00,None,N/A,
122.1617,gk,SliderControl,Slider Control,1323,372,0.00,0.00,None,N/A,
122.1714,gk,SliderControl,Slider Control,1323,372,0.00,0.00,None,N/A,
122.1813,gk,SliderControl,Slider Control,1323,372,0.00,0.00,None,N/A,
122.1914,gk,SliderControl,Slider Control,1323,372,0.00,0.00,None,N/A,
122.2010,gk,SliderControl,Slider Control,1323,372,0.00,0.00,None,N/A,
122.2120,gk,SliderControl,Slider Control,1323,372,0.00,0.00,None,N/A,
122.2216,gk,SliderControl,Slider Control,1323,372,0.00,0.00,None,N/A,
122.2310,gk,SliderControl,Slider Control,1323,372,0.00,0.00,None,N/A,
122.2416,gk,SliderControl,Slider Control,1323,372,0.00,0.00,None,N/A,
122.2510,gk,SliderControl,Slider Control,1323,372,0.00,0.00,None,N/A,
122.2616,gk,SliderControl,Slider Control,1323,372,0.00,0.00,None,N/A,
122.2712,gk,SliderControl,Slider Control,1323,372,0.00,0.00,None,N/A,
122.2808,gk,SliderControl,Slider Control,1323,372,0.00,0.00,None,N/A,
122.2914,gk,SliderControl,Slider Control,1323,372,0.00,0.00,None,N/A,
122.3010,gk,SliderControl,Slider Control,1323,372,0.00,0.00,None,N/A,
122.3115,gk,SliderControl,Slider Control,1323,372,0.00,0.00,None,N/A,
122.3209,gk,SliderControl,Slider Control,1323,372,0.00,0.00,None,N/A,
122.3315,gk,SliderControl,Slider Control,1323,372,0.00,0.00,None,N/A,
122.3409,gk,SliderControl,Slider Control,1323,372,0.00,0.00,None,N/A,
122.3513,gk,SliderControl,Slider Control,1323,372,0.00,0.00,None,N/A,
122.3612,gk,SliderControl,Slider Control,1323,372,0.00,0.00,None,N/A,
122.3709,gk,SliderControl,Slider Control,1323,372,0.00,0.00,None,N/A,
122.3815,gk,SliderControl,Slider Control,1323,372,0.00,0.00,None,N/A,
122.3911,gk,SliderControl,Slider Control,1323,372,0.00,0.00,None,N/A,
122.4017,gk,SliderControl,Slider Control,1323,372,0.00,0.00,None,N/A,
122.4114,gk,SliderControl,Slider Control,1323,372,0.00,0.00,None,N/A,
122.4210,gk,SliderControl,Slider Control,1323,372,0.00,0.00,None,N/A,
122.4315,gk,SliderControl,Slider Control,1323,372,0.00,0.00,None,N/A,
122.4412,gk,SliderControl,Slider Control,1323,372,0.00,0.00,None,N/A,
122.4509,gk,SliderControl,Slider Control,1323,372,0.00,0.00,None,N/A,
122.4620,gk,SliderControl,Slider Control,1323,372,0.00,0.00,None,N/A,
122.4717,gk,SliderControl,Slider Control,1323,372,0.00,0.00,None,N/A,
122.4816,gk,SliderControl,Slider Control,1323,372,0.00,0.00,None,N/A,
122.4912,gk,SliderControl,Slider Control,1323,372,0.00,0.00,None,N/A,
122.5022,gk,SliderControl,Slider Control,1323,372,0.00,0.00,None,N/A,
122.5107,gk,SliderControl,Slider Control,1323,372,0.00,0.00,None,N/A,
122.5211,gk,SliderControl,Slider Control,1323,372,0.00,0.00,None,N/A,
122.5316,gk,SliderControl,Slider Control,1323,372,0.00,0.00,None,N/A,
122.5413,gk,SliderControl,Slider Control,1323,372,0.00,0.00,None,N/A,
122.5517,gk,SliderControl,Slider Control,1323,372,0.00,0.00,None,N/A,
122.5614,gk,SliderControl,Slider Control,1319,372,410.66,42160.97,None,N/A,
122.5713,gk,SliderControl,Slider Control,1315,372,403.38,-734.82,None,N/A,
122.5808,gk,SliderControl,Slider Control,1305,372,1055.83,68888.88,None,N/A,
122.5914,gk,SliderControl,Slider Control,1299,372,565.09,-46219.14,None,N/A,
122.6014,gk,SliderControl,Slider Control,1286,371,1310.06,74851.70,None,N/A,
122.6111,gk,SliderControl,Slider Control,1280,371,620.05,-71306.47,None,N/A,
122.6213,gk,SliderControl,Slider Control,1273,371,682.67,6106.97,None,N/A,
122.6316,gk,SliderControl,Slider Control,1261,370,1172.68,47720.18,None,N/A,
122.6408,gk,SliderControl,Slider Control,1254,369,766.46,-44031.57,None,N/A,
122.6508,gk,SliderControl,Slider Control,1241,368,1306.15,54063.95,None,N/A,
122.6608,gk,SliderControl,Slider Control,1234,367,708.07,-59889.09,None,N/A,
122.6712,gk,SliderControl,Slider Control,1221,366,1253.00,52367.71,None,N/A,
122.6815,gk,SliderControl,Slider Control,1212,364,893.41,-34845.20,None,N/A,
122.6907,gk,SliderControl,Slider Control,1193,362,2072.90,127974.91,None,N/A,
122.7007,gk,SliderControl,Slider Control,1186,361,707.93,-136656.25,None,N/A,
122.7111,gk,SliderControl,Slider Control,1174,359,1170.86,44553.33,None,N/A,
122.7208,gk,SliderControl,Slider Control,1167,358,731.56,-45448.76,None,N/A,
122.7312,gk,SliderControl,Slider Control,1161,357,580.92,-14386.42,None,N/A,
122.7409,gk,SliderControl,Slider Control,1148,356,1353.14,80141.10,None,N/A,
122.7508,gk,SliderControl,Slider Control,1142,356,604.02,-75413.57,None,N/A,
122.7615,gk,SliderControl,Slider Control,1130,356,1125.08,48853.21,None,N/A,
122.7715,gk,SliderControl,Slider Control,1121,357,906.79,-21859.07,None,N/A,
122.7810,gk,SliderControl,Slider Control,1104,358,1788.12,92540.97,None,N/A,
122.7913,gk,SliderControl,Slider Control,1096,358,772.27,-98063.79,None,N/A,
122.8009,gk,SliderControl,Slider Control,1080,360,1684.84,95353.49,None,N/A,
122.8116,gk,SliderControl,Slider Control,1070,361,942.62,-69615.76,None,N/A,
122.8208,gk,SliderControl,Slider Control,1052,363,1969.46,111663.61,None,N/A,
122.8313,gk,SliderControl,Slider Control,1044,364,762.75,-114163.57,None,N/A,
122.8410,gk,SliderControl,Slider Control,1038,364,621.01,-14669.83,None,N/A,
122.8508,gk,SliderControl,Slider Control,1026,365,1230.60,62296.82,None,N/A,
122.8608,gk,SliderControl,Slider Control,1019,366,704.97,-52403.66,None,N/A,
122.8715,gk,SliderControl,Slider Control,1006,366,1217.45,47993.54,None,N/A,
122.8813,gk,SliderControl,Slider Control,1000,367,620.81,-60893.43,None,N/A,
122.8915,gk,SliderControl,Slider Control,992,368,790.82,16676.05,None,N/A,
122.9008,gk,SliderControl,Slider Control,988,368,429.88,-38790.53,None,N/A,
122.9113,gk,SliderControl,Slider Control,979,368,853.99,40242.61,None,N/A,
122.9209,gk,SliderControl,Slider Control,974,368,525.02,-34542.61,None,N/A,
122.9307,gk,SliderControl,Slider Control,964,368,1013.78,49548.91,None,N/A,
122.9409,gk,SliderControl,Slider Control,960,369,405.36,-59816.26,None,N/A,
122.9508,gk,SliderControl,Slider Control,956,369,404.46,-91.68,None,N/A,
122.9610,gk,SliderControl,Slider Control,949,370,688.72,27686.84,None,N/A,
122.9715,gk,SliderControl,Slider Control,945,370,382.04,-29290.72,None,N/A,
122.9810,gk,SliderControl,Slider Control,937,370,839.68,48033.98,None,N/A,
122.9918,gk,SliderControl,Slider Control,932,370,464.03,-34862.47,None,N/A,
123.0016,gk,SliderControl,Slider Control,925,371,723.18,26503.31,None,N/A,
123.0112,gk,SliderControl,Slider Control,921,371,414.41,-31989.14,None,N/A,
123.0207,gk,SliderControl,Slider Control,915,371,637.17,23657.02,None,N/A,
123.0310,gk,SliderControl,Slider Control,913,371,193.84,-42967.90,None,N/A,
123.0406,gk,SliderControl,Slider Control,908,371,518.80,33718.16,None,N/A,
123.0517,gk,SliderControl,Slider Control,905,370,286.09,-21053.28,None,N/A,
123.0612,gk,SliderControl,Slider Control,902,370,313.63,2879.03,None,N/A,
123.0714,gk,SliderControl,Slider Control,900,369,220.29,-9195.87,None,N/A,
123.0814,gk,SliderControl,Slider Control,899,369,99.97,-12028.19,None,N/A,
123.0908,gk,SliderControl,Slider Control,896,368,335.07,24911.32,None,N/A,
123.1007,gk,SliderControl,Slider Control,895,368,100.95,-23635.21,None,N/A,
123.1112,gk,SliderControl,Slider Control,893,368,191.79,8710.49,None,N/A,
123.1212,gk,SliderControl,Slider Control,893,368,0.00,-19187.49,None,N/A,
123.1313,gk,SliderControl,Slider Control,891,368,197.01,19407.02,None,N/A,
123.1408,gk,SliderControl,Slider Control,891,368,0.00,-20779.85,None,N/A,
123.1517,gk,SliderControl,Slider Control,890,368,92.04,8471.16,None,N/A,
123.1614,gk,SliderControl,Slider Control,890,368,0.00,-9455.02,None,N/A,
123.1709,gk,SliderControl,Slider Control,890,368,0.00,0.00,None,N/A,
123.1813,gk,SliderControl,Slider Control,889,368,95.85,9187.24,None,N/A,
123.1910,gk,SliderControl,Slider Control,889,368,0.00,-9903.30,None,N/A,
123.2015,gk,SliderControl,Slider Control,889,368,0.00,0.00,None,N/A,
123.2116,gk,SliderControl,Slider Control,890,368,99.18,9837.05,None,N/A,
123.2210,gk,SliderControl,Slider Control,891,368,106.23,748.79,None,N/A,
123.2311,gk,SliderControl,Slider Control,892,368,99.02,-713.75,None,N/A,
123.2411,gk,SliderControl,Slider Control,899,368,705.30,61086.32,None,N/A,
123.2508,gk,SliderControl,Slider Control,907,367,829.77,12810.57,None,N/A,
123.2613,gk,SliderControl,Slider Control,956,366,4651.39,362697.59,None,N/A,
123.2715,gk,SliderControl,Slider Control,981,366,2453.96,-215696.60,None,N/A,
123.2808,gk,SliderControl,Slider Control,1021,364,4307.56,199362.88,None,N/A,
123.2909,gk,SliderControl,Slider Control,1039,364,1784.22,-250121.42,None,N/A,
123.3014,gk,SliderControl,Slider Control,1078,361,3711.62,182890.14,None,N/A,
123.3115,gk,SliderControl,Slider Control,1098,359,1999.02,-170326.80,None,N/A,
123.3215,gk,SliderControl,Slider Control,1119,358,2091.01,9150.25,None,N/A,
123.3310,gk,SliderControl,Slider Control,1157,354,4035.86,205421.43,None,N/A,
123.3415,gk,SliderControl,Slider Control,1172,352,1448.69,-247675.41,None,N/A,
123.3508,gk,SliderControl,Slider Control,1193,352,2255.46,86650.29,None,N/A,
123.3612,gk,SliderControl,Slider Control,1199,351,580.08,-159771.77,None,N/A,
123.3714,gk,SliderControl,Slider Control,1210,350,1086.61,49831.15,None,N/A,
123.3809,gk,SliderControl,Slider Control,1215,350,529.14,-58995.91,None,N/A,
123.3912,gk,SliderControl,Slider Control,1223,348,794.43,25557.49,None,N/A,
123.4008,gk,SliderControl,Slider Control,1226,348,315.38,-50361.24,None,N/A,
123.4110,gk,SliderControl,Slider Control,1229,348,292.40,-2240.13,None,N/A,
123.4215,gk,SliderControl,Slider Control,1234,348,476.65,17564.03,None,N/A,
123.4313,gk,SliderControl,Slider Control,1235,349,144.87,-33986.57,None,N/A,
123.4416,gk,SliderControl,Slider Control,1238,349,291.12,14191.68,None,N/A,
123.4507,gk,SliderControl,Slider Control,1240,349,219.53,-7857.37,None,N/A,
123.4615,gk,SliderControl,Slider Control,1243,350,291.12,6589.82,None,N/A,
123.4714,gk,SliderControl,Slider Control,1244,350,101.75,-19267.96,None,N/A,
123.4812,gk,SliderControl,Slider Control,1246,351,227.24,12753.36,None,N/A,
123.4912,gk,SliderControl,Slider Control,1247,351,99.64,-12714.34,None,N/A,
123.5006,gk,SliderControl,Slider Control,1249,352,238.70,14844.44,None,N/A,
123.5114,gk,SliderControl,Slider Control,1249,352,0.00,-22169.60,None,N/A,
123.5211,gk,SliderControl,Slider Control,1251,353,231.17,23899.83,None,N/A,
123.5309,gk,SliderControl,Slider Control,1251,353,0.00,-23510.97,None,N/A,
123.5413,gk,SliderControl,Slider Control,1251,354,96.34,9281.17,None,N/A,
123.5514,gk,SliderControl,Slider Control,1253,355,220.52,12246.81,None,N/A,
123.5615,gk,SliderControl,Slider Control,1253,355,0.00,-21949.53,None,N/A,
123.5711,gk,SliderControl,Slider Control,1255,357,294.26,30613.28,None,N/A,
123.5811,gk,SliderControl,Slider Control,1255,357,0.00,-29214.03,None,N/A,
123.5916,gk,SliderControl,Slider Control,1258,359,346.04,33211.53,None,N/A,
123.6008,gk,SliderControl,Slider Control,1259,360,152.64,-20874.47,None,N/A,
123.6111,gk,SliderControl,Slider Control,1262,362,350.80,19279.37,None,N/A,
123.6214,gk,SliderControl,Slider Control,1263,363,137.56,-20741.19,None,N/A,
123.6308,gk,SliderControl,Slider Control,1266,364,337.59,21354.39,None,N/A,
123.6413,gk,SliderControl,Slider Control,1268,365,212.57,-11884.92,None,N/A,
123.6509,gk,SliderControl,Slider Control,1270,366,232.06,2022.92,None,N/A,
123.6616,gk,SliderControl,Slider Control,1274,367,384.33,14193.15,None,N/A,
123.6709,gk,SliderControl,Slider Control,1276,368,241.62,-15420.27,None,N/A,
123.6812,gk,SliderControl,Slider Control,1281,369,494.14,24471.23,None,N/A,
123.6908,gk,SliderControl,Slider Control,1284,370,329.38,-17161.06,None,N/A,
123.7008,gk,SliderControl,Slider Control,1290,371,606.90,27689.33,None,N/A,
123.7116,gk,SliderControl,Slider Control,1293,372,292.71,-29082.58,None,N/A,
123.7213,gk,SliderControl,Slider Control,1299,373,627.16,34483.66,None,N/A,
123.7312,gk,SliderControl,Slider Control,1302,373,303.12,-32741.23,None,N/A,
123.7407,gk,SliderControl,Slider Control,1306,374,435.75,14016.56,None,N/A,
123.7509,gk,SliderControl,Slider Control,1308,374,196.33,-23502.45,None,N/A,
123.7613,gk,SliderControl,Slider Control,1312,374,382.53,17806.63,None,N/A,
123.7710,gk,SliderControl,Slider Control,1313,374,103.55,-28888.03,None,N/A,
123.7811,gk,SliderControl,Slider Control,1314,374,98.55,-492.53,None,N/A,
123.7913,gk,SliderControl,Slider Control,1317,374,295.87,19460.68,None,N/A,
123.8012,gk,SliderControl,Slider Control,1318,374,100.56,-19640.84,None,N/A,
123.8115,gk,SliderControl,Slider Control,1321,373,306.85,20017.00,None,N/A,
123.8216,gk,SliderControl,Slider Control,1322,373,99.11,-20589.45,None,N/A,
123.8316,gk,SliderControl,Slider Control,1324,372,224.59,12603.13,None,N/A,
123.8411,gk,SliderControl,Slider Control,1325,372,105.37,-12562.51,None,N/A,
123.8507,gk,SliderControl,Slider Control,1327,371,231.72,13092.57,None,N/A,
123.8608,gk,SliderControl,Slider Control,1327,371,0.00,-23000.09,None,N/A,
123.8716,gk,SliderControl,Slider Control,1329,370,206.57,19082.52,None,N/A,
123.8812,gk,SliderControl,Slider Control,1329,370,0.00,-21650.89,None,N/A,
123.8914,gk,SliderControl,Slider Control,1330,370,97.17,9441.83,None,N/A,
123.9007,gk,SliderControl,Slider Control,1330,370,0.00,-10444.55,None,N/A,
123.9120,gk,SliderControl,Slider Control,1330,370,0.00,0.00,None,N/A,
123.9213,gk,SliderControl,Slider Control,1331,370,107.69,11597.10,None,N/A,
123.9312,gk,SliderControl,Slider Control,1331,370,0.00,-10922.64,None,N/A,
123.9414,gk,SliderControl,Slider Control,1331,370,0.00,0.00,None,N/A,
123.9517,gk,SliderControl,Slider Control,1331,370,0.00,0.00,None,N/A,
123.9608,gk,SliderControl,Slider Control,1330,369,154.49,16877.50,None,N/A,
123.9710,gk,SliderControl,Slider Control,1330,369,0.00,-15120.63,None,N/A,
123.9810,gk,SliderControl,Slider Control,1329,368,142.48,14355.62,None,N/A,
123.9912,gk,SliderControl,Slider Control,1329,368,0.00,-13879.52,None,N/A,
124.0013,gk,SliderControl,Slider Control,1328,368,98.98,9797.63,None,N/A,
124.0111,gk,SliderControl,Slider Control,1328,368,0.00,-10089.55,None,N/A,
124.0213,gk,SliderControl,Slider Control,1328,368,0.00,0.00,None,N/A,
124.0308,gk,SliderControl,Slider Control,1327,368,105.36,11100.88,None,N/A,
124.0416,gk,SliderControl,Slider Control,1327,368,0.00,-9758.74,None,N/A,
124.0508,gk,SliderControl,Slider Control,1326,368,108.25,11717.73,None,N/A,
124.0612,gk,SliderControl,Slider Control,1326,368,0.00,-10382.03,None,N/A,
124.0717,gk,SliderControl,Slider Control,1326,368,0.00,0.00,None,N/A,
124.0812,gk,SliderControl,Slider Control,1326,368,0.00,0.00,None,N/A,
124.0916,gk,SliderControl,Slider Control,1326,368,0.00,0.00,None,N/A,
124.1010,gk,SliderControl,Slider Control,1326,368,0.00,0.00,None,N/A,
124.1115,gk,SliderControl,Slider Control,1326,368,0.00,0.00,None,N/A,
124.1214,gk,SliderControl,Slider Control,1326,368,0.00,0.00,None,N/A,
124.1312,gk,SliderControl,Slider Control,1326,368,0.00,0.00,None,N/A,
124.1410,gk,SliderControl,Slider Control,1326,369,102.29,10462.25,None,N/A,
124.1509,gk,SliderControl,Slider Control,1327,369,101.02,-128.16,None,N/A,
124.1610,gk,SliderControl,Slider Control,1327,370,98.92,-207.16,None,N/A,
124.1711,gk,SliderControl,Slider Control,1327,370,0.00,-9805.73,None,N/A,
124.1806,gk,SliderControl,Slider Control,1328,370,104.72,10966.04,None,N/A,
124.1913,gk,SliderControl,Slider Control,1328,371,93.75,-1028.63,None,N/A,
124.2008,gk,SliderControl,Slider Control,1329,371,105.58,1249.50,None,N/A,
124.2107,gk,SliderControl,Slider Control,1329,371,0.00,-10610.71,None,N/A,
124.2216,gk,SliderControl,Slider Control,1329,371,0.00,0.00,None,N/A,
124.2312,gk,SliderControl,Slider Control,1329,371,0.00,0.00,None,N/A,
124.2408,gk,SliderControl,Slider Control,1329,371,0.00,0.00,None,N/A,
124.2517,gk,SliderControl,Slider Control,1329,371,0.00,0.00,None,N/A,
124.2614,gk,SliderControl,Slider Control,1329,371,0.00,0.00,None,N/A,
124.2712,gk,SliderControl,Slider Control,1329,371,0.00,0.00,None,N/A,
124.2813,gk,SliderControl,Slider Control,1329,371,0.00,0.00,None,N/A,
124.2909,gk,SliderControl,Slider Control,1329,371,0.00,0.00,None,N/A,
124.3021,gk,SliderControl,Slider Control,1329,371,0.00,0.00,None,N/A,
124.3108,gk,SliderControl,Slider Control,1329,371,0.00,0.00,None,N/A,
124.3213,gk,SliderControl,Slider Control,1329,371,0.00,0.00,None,N/A,
124.3308,gk,SliderControl,Slider Control,1329,371,0.00,0.00,None,N/A,
124.3411,gk,SliderControl,Slider Control,1329,371,0.00,0.00,None,N/A,
124.3516,gk,SliderControl,Slider Control,1329,371,0.00,0.00,None,N/A,
124.3612,gk,SliderControl,Slider Control,1329,371,0.00,0.00,None,N/A,
124.3712,gk,SliderControl,Slider Control,1329,371,0.00,0.00,None,N/A,
124.3809,gk,SliderControl,Slider Control,1329,371,0.00,0.00,None,N/A,
124.3917,gk,SliderControl,Slider Control,1329,371,0.00,0.00,None,N/A,
124.4014,gk,SliderControl,Slider Control,1329,371,0.00,0.00,None,N/A,
124.4114,gk,SliderControl,Slider Control,1329,371,0.00,0.00,None,N/A,
124.4210,gk,SliderControl,Slider Control,1329,371,0.00,0.00,Left,N/A,
124.4318,gk,SliderControl,Slider Control,1329,371,0.00,0.00,Left,N/A,
124.4420,gk,SliderControl,Slider Control,1329,371,0.00,0.00,Left,N/A,
124.4516,gk,SliderControl,Slider Control,1329,371,0.00,0.00,Left,N/A,
124.4614,gk,SliderControl,Slider Control,1329,371,0.00,0.00,Left,N/A,
124.4709,gk,SliderControl,Slider Control,1329,371,0.00,0.00,Left,N/A,
124.4814,gk,SliderControl,Slider Control,1329,371,0.00,0.00,Left,N/A,
124.4910,gk,SliderControl,Slider Control,1329,371,0.00,0.00,Left,N/A,
124.5014,gk,SliderControl,Slider Control,1329,371,0.00,0.00,Left,N/A,
124.5110,gk,SliderControl,Slider Control,1329,371,0.00,0.00,Left,N/A,
124.5217,gk,SliderControl,Slider Control,1329,371,0.00,0.00,Left,N/A,
124.5312,gk,SliderControl,Slider Control,1329,371,0.00,0.00,Left,N/A,
124.5416,gk,SliderControl,Slider Control,1329,371,0.00,0.00,Left,N/A,
124.5512,gk,SliderControl,Slider Control,1329,371,0.00,0.00,Left,N/A,
124.5608,gk,SliderControl,Slider Control,1329,371,0.00,0.00,Left,N/A,
124.5712,gk,SliderControl,Slider Control,1329,371,0.00,0.00,Left,N/A,
124.5807,gk,SliderControl,Slider Control,1329,371,0.00,0.00,Left,N/A,
124.5915,gk,SliderControl,Slider Control,1329,371,0.00,0.00,Left,N/A,
124.6011,gk,SliderControl,Slider Control,1326,371,310.69,32175.92,Left,N/A,
124.6111,gk,SliderControl,Slider Control,1322,370,413.16,10267.95,Left,N/A,
124.6208,gk,SliderControl,Slider Control,1313,369,932.55,53489.05,Left,N/A,
124.6316,gk,SliderControl,Slider Control,1309,368,382.41,-51024.58,Left,N/A,
124.6415,gk,SliderControl,Slider Control,1300,366,930.59,55331.20,Left,N/A,
124.6510,gk,SliderControl,Slider Control,1295,365,535.37,-41495.67,Left,N/A,
124.6607,gk,SliderControl,Slider Control,1284,362,1179.40,66619.37,Left,N/A,
124.6716,gk,SliderControl,Slider Control,1278,361,556.70,-56990.32,Left,N/A,
124.6810,gk,SliderControl,Slider Control,1268,358,1113.48,59381.80,Left,N/A,
124.6913,gk,SliderControl,Slider Control,1263,357,492.82,-59986.70,Left,N/A,
124.7016,gk,SliderControl,Slider Control,1255,356,788.87,28967.40,Left,N/A,
124.7112,gk,SliderControl,Slider Control,1251,355,426.60,-37482.16,Left,N/A,
124.7207,gk,SliderControl,Slider Control,1247,355,420.57,-634.55,Left,N/A,
124.7315,gk,SliderControl,Slider Control,1240,353,676.99,23845.42,Left,N/A,
124.7414,gk,SliderControl,Slider Control,1236,353,403.03,-27603.70,Left,N/A,
124.7510,gk,SliderControl,Slider Control,1229,352,734.06,34365.03,Left,N/A,
124.7613,gk,SliderControl,Slider Control,1226,351,307.10,-41463.74,Left,N/A,
124.7716,gk,SliderControl,Slider Control,1220,351,586.96,27377.00,Left,N/A,
124.7811,gk,SliderControl,Slider Control,1218,351,209.65,-39551.06,Left,N/A,
124.7910,gk,SliderControl,Slider Control,1214,350,417.80,21092.35,Left,N/A,
124.8014,gk,SliderControl,Slider Control,1212,350,192.06,-21677.77,Left,N/A,
124.8113,gk,SliderControl,Slider Control,1210,349,226.10,3441.65,Left,N/A,
124.8207,gk,SliderControl,Slider Control,1204,349,634.19,43134.25,Left,N/A,
124.8310,gk,SliderControl,Slider Control,1201,348,308.24,-31771.41,Left,N/A,
124.8407,gk,SliderControl,Slider Control,1192,347,927.88,63493.34,Left,N/A,
124.8515,gk,SliderControl,Slider Control,1187,347,466.43,-43047.11,Left,N/A,
124.8612,gk,SliderControl,Slider Control,1176,347,1129.43,68074.58,Left,N/A,
124.8711,gk,SliderControl,Slider Control,1168,347,809.11,-32397.33,Left,N/A,
124.8808,gk,SliderControl,Slider Control,1140,347,2897.91,216183.68,Left,N/A,
124.8917,gk,SliderControl,Slider Control,1124,348,1466.84,-130941.00,Left,N/A,
124.9011,gk,SliderControl,Slider Control,1096,351,3003.04,163822.78,Left,N/A,
124.9114,gk,SliderControl,Slider Control,1082,353,1363.44,-158073.70,Left,N/A,
124.9213,gk,SliderControl,Slider Control,1056,356,2661.42,131988.06,Left,N/A,
124.9309,gk,SliderControl,Slider Control,1043,358,1369.97,-134513.02,Left,N/A,
124.9409,gk,SliderControl,Slider Control,1031,360,1215.08,-15470.91,Left,N/A,
124.9515,gk,SliderControl,Slider Control,1012,363,1813.34,56398.75,Left,N/A,
124.9613,gk,SliderControl,Slider Control,1002,363,1016.36,-81001.74,Left,N/A,
124.9711,gk,SliderControl,Slider Control,984,363,1850.97,85824.99,Left,N/A,
124.9809,gk,SliderControl,Slider Control,975,363,914.57,-95156.19,Left,N/A,
124.9917,gk,SliderControl,Slider Control,960,362,1395.62,44659.01,Left,N/A,
125.0013,gk,SliderControl,Slider Control,954,361,632.76,-79356.87,Left,N/A,
125.0109,gk,SliderControl,Slider Control,942,361,1246.23,63710.81,Left,N/A,
125.0213,gk,SliderControl,Slider Control,937,360,491.50,-72749.85,Left,N/A,
125.0312,gk,SliderControl,Slider Control,930,359,712.46,22262.58,Left,N/A,
125.0412,gk,SliderControl,Slider Control,927,359,300.66,-41270.40,Left,N/A,
125.0514,gk,SliderControl,Slider Control,925,359,195.00,-10301.93,Left,N/A,
125.0614,gk,SliderControl,Slider Control,920,359,502.18,30852.08,Left,N/A,
125.0709,gk,SliderControl,Slider Control,918,359,210.72,-30708.23,Left,N/A,
125.0814,gk,SliderControl,Slider Control,914,359,379.45,16005.50,Left,N/A,
125.0916,gk,SliderControl,Slider Control,912,358,220.75,-15666.90,Left,N/A,
125.1011,gk,SliderControl,Slider Control,907,358,525.09,31961.06,Left,N/A,
125.1116,gk,SliderControl,Slider Control,905,358,190.00,-31833.30,Left,N/A,
125.1216,gk,SliderControl,Slider Control,902,358,299.06,10871.89,Left,N/A,
125.1311,gk,SliderControl,Slider Control,900,358,210.57,-9316.70,Left,N/A,
125.1415,gk,SliderControl,Slider Control,897,357,305.73,9200.49,Left,N/A,
125.1507,gk,SliderControl,Slider Control,895,357,216.75,-9643.46,Left,N/A,
125.1610,gk,SliderControl,Slider Control,894,357,96.97,-11615.02,Left,N/A,
125.1708,gk,SliderControl,Slider Control,890,357,409.65,32021.97,Left,N/A,
125.1810,gk,SliderControl,Slider Control,888,357,195.81,-20936.03,Left,N/A,
125.1915,gk,SliderControl,Slider Control,884,357,381.15,17660.78,Left,N/A,
125.2014,gk,SliderControl,Slider Control,881,357,302.36,-7940.93,Left,N/A,
125.2110,gk,SliderControl,Slider Control,877,357,418.18,12107.35,Left,N/A,
125.2210,gk,SliderControl,Slider Control,874,357,299.85,-11826.66,Left,N/A,
125.2316,gk,SliderControl,Slider Control,869,357,472.44,16307.40,Left,N/A,
125.2416,gk,SliderControl,Slider Control,866,357,298.56,-17304.23,Left,N/A,
125.2507,gk,SliderControl,Slider Control,860,358,668.37,40633.93,Left,N/A,
125.2611,gk,SliderControl,Slider Control,857,358,288.39,-36527.43,Left,N/A,
125.2714,gk,SliderControl,Slider Control,850,359,685.12,38439.21,Left,N/A,
125.2815,gk,SliderControl,Slider Control,847,359,298.82,-38478.30,Left,N/A,
125.2917,gk,SliderControl,Slider Control,844,359,294.85,-390.89,Left,N/A,
125.3017,gk,SliderControl,Slider Control,838,360,607.65,31248.63,Left,N/A,
125.3111,gk,SliderControl,Slider Control,835,360,317.04,-30712.09,Left,N/A,
125.3206,gk,SliderControl,Slider Control,830,362,566.96,26311.88,Left,N/A,
125.3307,gk,SliderControl,Slider Control,827,362,297.78,-26718.57,Left,N/A,
125.3407,gk,SliderControl,Slider Control,822,364,538.89,24127.85,Left,N/A,
125.3513,gk,SliderControl,Slider Control,819,364,282.78,-24140.88,Left,N/A,
125.3612,gk,SliderControl,Slider Control,814,366,542.54,26169.94,Left,N/A,
125.3709,gk,SliderControl,Slider Control,811,366,310.50,-24016.19,Left,N/A,
125.3811,gk,SliderControl,Slider Control,806,368,525.57,20990.58,Left,N/A,
125.3915,gk,SliderControl,Slider Control,803,368,288.74,-22794.41,Left,N/A,
125.4014,gk,SliderControl,Slider Control,801,369,225.59,-6370.68,Left,N/A,
125.4110,gk,SliderControl,Slider Control,796,370,531.77,31931.39,Left,N/A,
125.4209,gk,SliderControl,Slider Control,794,371,226.57,-30924.82,Left,N/A,
125.4307,gk,SliderControl,Slider Control,790,373,455.42,23305.09,Left,N/A,
125.4415,gk,SliderControl,Slider Control,788,373,185.32,-25027.64,Left,N/A,
125.4506,gk,SliderControl,Slider Control,784,375,489.57,33307.34,Left,N/A,
125.4615,gk,SliderControl,Slider Control,783,375,91.93,-36554.68,Left,N/A,
125.4710,gk,SliderControl,Slider Control,780,376,334.76,25706.43,Left,N/A,
125.4808,gk,SliderControl,Slider Control,779,377,144.60,-19443.49,Left,N/A,
125.4916,gk,SliderControl,Slider Control,776,377,276.71,12184.78,Left,N/A,
125.5017,gk,SliderControl,Slider Control,775,378,140.20,-13532.66,Left,N/A,
125.5113,gk,SliderControl,Slider Control,774,378,103.52,-3797.46,Left,N/A,
125.5209,gk,SliderControl,Slider Control,771,378,314.31,22084.85,Left,N/A,
125.5310,gk,SliderControl,Slider Control,770,378,98.70,-21281.45,Left,N/A,
125.5410,gk,SliderControl,Slider Control,767,378,300.93,20285.85,Left,N/A,
125.5514,gk,SliderControl,Slider Control,766,378,96.17,-19691.92,Left,N/A,
125.5610,gk,SliderControl,Slider Control,763,378,311.42,22344.46,Left,N/A,
125.5711,gk,SliderControl,Slider Control,762,378,98.86,-21013.57,Left,N/A,
125.5809,gk,SliderControl,Slider Control,760,378,205.08,10891.93,Left,N/A,
125.5912,gk,SliderControl,Slider Control,759,378,96.71,-10480.52,Left,N/A,
125.6009,gk,SliderControl,Slider Control,758,378,103.31,681.13,Left,N/A,
125.6117,gk,SliderControl,Slider Control,757,378,92.92,-965.21,Left,N/A,
125.6211,gk,SliderControl,Slider Control,756,378,106.42,1437.48,Left,N/A,
125.6313,gk,SliderControl,Slider Control,755,378,97.63,-858.99,Left,N/A,
125.6415,gk,SliderControl,Slider Control,755,378,0.00,-9564.00,Left,N/A,
125.6513,gk,SliderControl,Slider Control,754,377,144.49,14762.71,Left,N/A,
125.6611,gk,SliderControl,Slider Control,754,377,0.00,-14678.69,Left,N/A,
125.6715,gk,SliderControl,Slider Control,752,376,215.59,20786.74,Left,N/A,
125.6821,gk,SliderControl,Slider Control,752,376,0.00,-20459.87,Left,N/A,
125.6916,gk,SliderControl,Slider Control,750,376,208.44,21723.31,Left,N/A,
125.7013,gk,SliderControl,Slider Control,750,376,0.00,-21708.20,Left,N/A,
125.7109,gk,SliderControl,Slider Control,748,376,206.77,21377.71,Left,N/A,
125.7209,gk,SliderControl,Slider Control,748,376,0.00,-20783.94,Left,N/A,
125.7309,gk,SliderControl,Slider Control,747,376,99.65,9930.76,Left,N/A,
125.7414,gk,SliderControl,Slider Control,746,376,95.71,-377.19,Left,N/A,
125.7515,gk,SliderControl,Slider Control,745,376,98.26,250.52,Left,N/A,
125.7611,gk,SliderControl,Slider Control,744,376,104.74,679.08,Left,N/A,
125.7715,gk,SliderControl,Slider Control,743,376,95.94,-844.56,Left,N/A,
125.7809,gk,SliderControl,Slider Control,742,376,106.65,1141.59,Left,N/A,
125.7911,gk,SliderControl,Slider Control,741,376,97.42,-898.69,Left,N/A,
125.8013,gk,SliderControl,Slider Control,740,376,98.03,59.37,Left,N/A,
125.8115,gk,SliderControl,Slider Control,739,376,98.36,32.56,Left,N/A,
125.8210,gk,SliderControl,Slider Control,738,376,105.17,715.82,Left,N/A,
125.8315,gk,SliderControl,Slider Control,738,375,95.68,-907.96,Left,N/A,
125.8413,gk,SliderControl,Slider Control,737,375,101.55,596.81,Left,N/A,
125.8512,gk,SliderControl,Slider Control,737,375,0.00,-10281.46,Left,N/A,
125.8614,gk,SliderControl,Slider Control,737,375,0.00,0.00,Left,N/A,
125.8708,gk,SliderControl,Slider Control,737,375,0.00,0.00,Left,N/A,
125.8812,gk,SliderControl,Slider Control,737,375,0.00,0.00,Left,N/A,
125.8916,gk,SliderControl,Slider Control,737,375,0.00,0.00,Left,N/A,
125.9011,gk,SliderControl,Slider Control,737,375,0.00,0.00,Left,N/A,
125.9116,gk,SliderControl,Slider Control,737,375,0.00,0.00,Left,N/A,
125.9212,gk,SliderControl,Slider Control,737,375,0.00,0.00,Left,N/A,
125.9316,gk,SliderControl,Slider Control,737,375,0.00,0.00,Left,N/A,
125.9411,gk,SliderControl,Slider Control,737,375,0.00,0.00,Left,N/A,
125.9514,gk,SliderControl,Slider Control,737,375,0.00,0.00,Left,N/A,
125.9608,gk,SliderControl,Slider Control,737,375,0.00,0.00,Left,N/A,
125.9714,gk,SliderControl,Slider Control,737,375,0.00,0.00,Left,N/A,
125.9808,gk,SliderControl,Slider Control,737,375,0.00,0.00,Left,N/A,
125.9913,gk,SliderControl,Slider Control,737,375,0.00,0.00,Left,N/A,
126.0008,gk,SliderControl,Slider Control,737,375,0.00,0.00,Left,N/A,
126.0112,gk,SliderControl,Slider Control,737,375,0.00,0.00,Left,N/A,
126.0216,gk,SliderControl,Slider Control,737,375,0.00,0.00,Left,N/A,
126.0311,gk,SliderControl,Slider Control,737,375,0.00,0.00,Left,N/A,
126.0415,gk,SliderControl,Slider Control,737,375,0.00,0.00,Left,N/A,
126.0508,gk,SliderControl,Slider Control,737,375,0.00,0.00,Left,N/A,
126.0611,gk,SliderControl,Slider Control,737,375,0.00,0.00,Left,N/A,
126.0715,gk,SliderControl,Slider Control,737,375,0.00,0.00,Left,N/A,
126.0809,gk,SliderControl,Slider Control,737,375,0.00,0.00,Left,N/A,
126.0911,gk,SliderControl,Slider Control,737,375,0.00,0.00,Left,N/A,
126.1015,gk,SliderControl,Slider Control,737,375,0.00,0.00,Left,N/A,
126.1020,gk,SliderControl,Slider Control,737,375,0.00,0.00,None,N/A,slider_released_missed
126.1117,gk,SliderControl,Slider Control,737,375,0.00,0.00,None,N/A,
126.1212,gk,SliderControl,Slider Control,737,375,0.00,0.00,None,N/A,
126.1308,gk,SliderControl,Slider Control,737,375,0.00,0.00,None,N/A,
126.1418,gk,SliderControl,Slider Control,737,375,0.00,0.00,None,N/A,
126.1514,gk,SliderControl,Slider Control,737,375,0.00,0.00,None,N/A,
126.1613,gk,SliderControl,Slider Control,737,375,0.00,0.00,None,N/A,
126.1713,gk,SliderControl,Slider Control,737,375,0.00,0.00,None,N/A,
126.1813,gk,SliderControl,Slider Control,737,375,0.00,0.00,None,N/A,
126.1913,gk,SliderControl,Slider Control,737,375,0.00,0.00,None,N/A,
126.2010,gk,SliderControl,Slider Control,737,375,0.00,0.00,None,N/A,
126.2120,gk,SliderControl,Slider Control,737,375,0.00,0.00,None,N/A,
126.2221,gk,SliderControl,Slider Control,737,375,0.00,0.00,None,N/A,
126.2317,gk,SliderControl,Slider Control,737,375,0.00,0.00,None,N/A,
126.2412,gk,SliderControl,Slider Control,737,375,0.00,0.00,None,N/A,
126.2507,gk,SliderControl,Slider Control,737,375,0.00,0.00,None,N/A,
126.2612,gk,SliderControl,Slider Control,737,375,0.00,0.00,None,N/A,
126.2710,gk,SliderControl,Slider Control,737,375,0.00,0.00,None,N/A,
126.2816,gk,SliderControl,Slider Control,737,375,0.00,0.00,None,N/A,
126.2912,gk,SliderControl,Slider Control,737,375,0.00,0.00,None,N/A,
126.3017,gk,SliderControl,Slider Control,737,375,0.00,0.00,None,N/A,
126.3116,gk,SliderControl,Slider Control,737,375,0.00,0.00,None,N/A,
126.3216,gk,SliderControl,Slider Control,737,375,0.00,0.00,None,N/A,
126.3317,gk,SliderControl,Slider Control,737,375,0.00,0.00,None,N/A,
126.3415,gk,SliderControl,Slider Control,737,375,0.00,0.00,None,N/A,
126.3515,gk,SliderControl,Slider Control,737,375,0.00,0.00,None,N/A,
126.3615,gk,SliderControl,Slider Control,737,375,0.00,0.00,None,N/A,
126.3722,gk,SliderControl,Slider Control,737,375,0.00,0.00,None,N/A,
126.3808,gk,SliderControl,Slider Control,737,375,0.00,0.00,None,N/A,
126.3914,gk,SliderControl,Slider Control,737,375,0.00,0.00,None,N/A,
126.4009,gk,SliderControl,Slider Control,737,375,0.00,0.00,None,N/A,
126.4116,gk,SliderControl,Slider Control,737,375,0.00,0.00,None,N/A,
126.4211,gk,SliderControl,Slider Control,737,375,0.00,0.00,None,N/A,
126.4316,gk,SliderControl,Slider Control,737,375,0.00,0.00,None,N/A,
126.4410,gk,SliderControl,Slider Control,737,375,0.00,0.00,None,N/A,
126.4515,gk,SliderControl,Slider Control,737,375,0.00,0.00,None,N/A,
126.4611,gk,SliderControl,Slider Control,737,375,0.00,0.00,None,N/A,
126.4720,gk,SliderControl,Slider Control,737,375,0.00,0.00,None,N/A,
126.4817,gk,SliderControl,Slider Control,737,375,0.00,0.00,None,N/A,
126.4918,gk,SliderControl,Slider Control,737,375,0.00,0.00,None,N/A,
126.5015,gk,SliderControl,Slider Control,737,375,0.00,0.00,None,N/A,
126.5110,gk,SliderControl,Slider Control,737,375,0.00,0.00,None,N/A,
126.5213,gk,SliderControl,Slider Control,737,375,0.00,0.00,None,N/A,
126.5308,gk,SliderControl,Slider Control,737,375,0.00,0.00,None,N/A,
126.5413,gk,SliderControl,Slider Control,737,375,0.00,0.00,None,N/A,
126.5507,gk,SliderControl,Slider Control,737,375,0.00,0.00,None,N/A,
126.5610,gk,SliderControl,Slider Control,737,375,0.00,0.00,None,N/A,
126.5714,gk,SliderControl,Slider Control,737,375,0.00,0.00,None,N/A,
126.5808,gk,SliderControl,Slider Control,737,375,0.00,0.00,None,N/A,
126.5913,gk,SliderControl,Slider Control,738,374,134.45,12781.55,None,N/A,
126.6014,gk,SliderControl,Slider Control,739,374,99.81,-3457.08,None,N/A,
126.6106,gk,SliderControl,Slider Control,740,373,152.47,5677.25,None,N/A,
126.6210,gk,SliderControl,Slider Control,740,373,0.00,-14734.68,None,N/A,
126.6306,gk,SliderControl,Slider Control,741,372,146.50,15176.87,None,N/A,
126.6416,gk,SliderControl,Slider Control,741,372,0.00,-13385.05,None,N/A,
126.6508,gk,SliderControl,Slider Control,742,372,108.51,11774.80,None,N/A,
126.6613,gk,SliderControl,Slider Control,742,372,0.00,-10369.34,None,N/A,
126.6707,gk,SliderControl,Slider Control,742,372,0.00,0.00,None,N/A,
126.6812,gk,SliderControl,Slider Control,742,372,0.00,0.00,None,N/A,
126.6917,gk,SliderControl,Slider Control,742,372,0.00,0.00,None,N/A,
126.7013,gk,SliderControl,Slider Control,742,372,0.00,0.00,None,N/A,
126.7122,gk,SliderControl,Slider Control,742,372,0.00,0.00,None,N/A,
126.7209,gk,SliderControl,Slider Control,742,372,0.00,0.00,None,N/A,
126.7314,gk,SliderControl,Slider Control,742,372,0.00,0.00,None,N/A,
126.7409,gk,SliderControl,Slider Control,742,372,0.00,0.00,None,N/A,
126.7514,gk,SliderControl,Slider Control,742,372,0.00,0.00,None,N/A,
126.7609,gk,SliderControl,Slider Control,742,372,0.00,0.00,None,N/A,
126.7715,gk,SliderControl,Slider Control,742,372,0.00,0.00,None,N/A,
126.7811,gk,SliderControl,Slider Control,742,372,0.00,0.00,None,N/A,
126.7912,gk,SliderControl,Slider Control,743,371,140.16,13890.01,None,N/A,
126.8015,gk,SliderControl,Slider Control,743,371,0.00,-13626.31,None,N/A,
126.8112,gk,SliderControl,Slider Control,742,371,103.20,10649.44,None,N/A,
126.8221,gk,SliderControl,Slider Control,742,371,0.00,-9448.92,None,N/A,
126.8321,gk,SliderControl,Slider Control,742,371,0.00,0.00,None,N/A,
126.8421,gk,SliderControl,Slider Control,742,371,0.00,0.00,None,N/A,
126.8507,gk,SliderControl,Slider Control,742,371,0.00,0.00,None,N/A,
126.8613,gk,SliderControl,Slider Control,742,371,0.00,0.00,None,N/A,
126.8709,gk,SliderControl,Slider Control,742,371,0.00,0.00,None,N/A,
126.8815,gk,SliderControl,Slider Control,742,371,0.00,0.00,None,N/A,
126.8909,gk,SliderControl,Slider Control,742,371,0.00,0.00,None,N/A,
126.9016,gk,SliderControl,Slider Control,742,371,0.00,0.00,None,N/A,
126.9112,gk,SliderControl,Slider Control,742,371,0.00,0.00,None,N/A,
126.9216,gk,SliderControl,Slider Control,742,371,0.00,0.00,None,N/A,
126.9311,gk,SliderControl,Slider Control,742,371,0.00,0.00,None,N/A,
126.9407,gk,SliderControl,Slider Control,742,371,0.00,0.00,None,N/A,
126.9511,gk,SliderControl,Slider Control,742,371,0.00,0.00,None,N/A,
126.9615,gk,SliderControl,Slider Control,742,371,0.00,0.00,None,N/A,
126.9710,gk,SliderControl,Slider Control,742,371,0.00,0.00,None,N/A,
126.9815,gk,SliderControl,Slider Control,742,371,0.00,0.00,None,N/A,
126.9910,gk,SliderControl,Slider Control,742,371,0.00,0.00,None,N/A,
127.0015,gk,SliderControl,Slider Control,742,371,0.00,0.00,None,N/A,
127.0117,gk,SliderControl,Slider Control,742,371,0.00,0.00,Left,N/A,
127.0212,gk,SliderControl,Slider Control,742,371,0.00,0.00,Left,N/A,
127.0317,gk,SliderControl,Slider Control,742,371,0.00,0.00,Left,N/A,
127.0412,gk,SliderControl,Slider Control,742,371,0.00,0.00,Left,N/A,
127.0517,gk,SliderControl,Slider Control,742,371,0.00,0.00,Left,N/A,
127.0611,gk,SliderControl,Slider Control,742,371,0.00,0.00,Left,N/A,
127.0714,gk,SliderControl,Slider Control,742,371,0.00,0.00,Left,N/A,
127.0808,gk,SliderControl,Slider Control,742,371,0.00,0.00,Left,N/A,
127.0913,gk,SliderControl,Slider Control,742,371,0.00,0.00,Left,N/A,
127.1016,gk,SliderControl,Slider Control,742,371,0.00,0.00,Left,N/A,
127.1111,gk,SliderControl,Slider Control,742,371,0.00,0.00,Left,N/A,
127.1216,gk,SliderControl,Slider Control,742,371,0.00,0.00,Left,N/A,
127.1312,gk,SliderControl,Slider Control,742,371,0.00,0.00,Left,N/A,
127.1416,gk,SliderControl,Slider Control,742,371,0.00,0.00,Left,N/A,
127.1510,gk,SliderControl,Slider Control,742,371,0.00,0.00,Left,N/A,
127.1615,gk,SliderControl,Slider Control,742,371,0.00,0.00,Left,N/A,
127.1711,gk,SliderControl,Slider Control,742,371,0.00,0.00,Left,N/A,
127.1816,gk,SliderControl,Slider Control,742,371,0.00,0.00,Left,N/A,
127.1911,gk,SliderControl,Slider Control,742,371,0.00,0.00,Left,N/A,
127.2015,gk,SliderControl,Slider Control,741,371,96.24,9262.44,Left,N/A,
127.2109,gk,SliderControl,Slider Control,740,371,106.32,1071.17,Left,N/A,
127.2211,gk,SliderControl,Slider Control,738,371,196.84,8909.54,Left,N/A,
127.2310,gk,SliderControl,Slider Control,737,371,101.37,-9678.00,Left,N/A,
127.2409,gk,SliderControl,Slider Control,736,371,101.10,-26.43,Left,N/A,
127.2516,gk,SliderControl,Slider Control,734,371,185.87,7878.04,Left,N/A,
127.2613,gk,SliderControl,Slider Control,734,371,0.00,-19125.79,Left,N/A,
127.2709,gk,SliderControl,Slider Control,732,371,209.18,21877.42,Left,N/A,
127.2815,gk,SliderControl,Slider Control,732,371,0.00,-19816.37,Left,N/A,
127.2911,gk,SliderControl,Slider Control,732,371,0.00,0.00,Left,N/A,
127.3016,gk,SliderControl,Slider Control,731,371,95.57,9134.56,Left,N/A,
127.3111,gk,SliderControl,Slider Control,731,371,0.00,-10060.74,Left,N/A,
127.3215,gk,SliderControl,Slider Control,731,371,0.00,0.00,Left,N/A,
127.3307,gk,SliderControl,Slider Control,731,371,0.00,0.00,Left,N/A,
127.3408,gk,SliderControl,Slider Control,731,371,0.00,0.00,Left,N/A,
127.3508,gk,SliderControl,Slider Control,732,371,100.46,10092.20,Left,N/A,
127.3614,gk,SliderControl,Slider Control,734,371,187.79,8199.94,Left,N/A,
127.3714,gk,SliderControl,Slider Control,735,371,100.28,-8775.54,Left,N/A,
127.3811,gk,SliderControl,Slider Control,738,371,307.73,21279.89,Left,N/A,
127.3909,gk,SliderControl,Slider Control,740,371,204.24,-10568.92,Left,N/A,
127.4015,gk,SliderControl,Slider Control,743,371,284.78,7646.25,Left,N/A,
127.4112,gk,SliderControl,Slider Control,745,371,205.00,-8178.20,Left,N/A,
127.4212,gk,SliderControl,Slider Control,748,371,299.55,9441.34,Left,N/A,
127.4312,gk,SliderControl,Slider Control,750,371,200.74,-9917.74,Left,N/A,
127.4408,gk,SliderControl,Slider Control,753,371,312.85,11691.79,Left,N/A,
127.4510,gk,SliderControl,Slider Control,754,371,97.34,-20978.54,Left,N/A,
127.4612,gk,SliderControl,Slider Control,757,371,294.21,19307.08,Left,N/A,
127.4714,gk,SliderControl,Slider Control,759,372,219.45,-7337.17,Left,N/A,
127.4809,gk,SliderControl,Slider Control,760,372,105.44,-12021.50,Left,N/A,
127.4908,gk,SliderControl,Slider Control,763,373,319.23,21582.71,Left,N/A,
127.5017,gk,SliderControl,Slider Control,765,373,183.82,-12446.05,Left,N/A,
127.5112,gk,SliderControl,Slider Control,767,374,234.58,5325.58,Left,N/A,
127.5209,gk,SliderControl,Slider Control,768,374,103.98,-13579.84,Left,N/A,
127.5309,gk,SliderControl,Slider Control,769,374,99.82,-415.71,Left,N/A,
127.5409,gk,SliderControl,Slider Control,770,374,100.14,32.70,Left,N/A,
127.5514,gk,SliderControl,Slider Control,771,374,95.27,-464.59,Left,N/A,
127.5610,gk,SliderControl,Slider Control,772,374,103.60,863.78,Left,N/A,
127.5710,gk,SliderControl,Slider Control,773,374,99.80,-379.84,Left,N/A,
127.5813,gk,SliderControl,Slider Control,773,374,0.00,-9677.76,Left,N/A,
127.5914,gk,SliderControl,Slider Control,773,374,0.00,0.00,Left,N/A,
127.6012,gk,SliderControl,Slider Control,774,374,101.91,10386.12,Left,N/A,
127.6116,gk,SliderControl,Slider Control,774,374,0.00,-9771.88,Left,N/A,
127.6213,gk,SliderControl,Slider Control,774,374,0.00,0.00,Left,N/A,
127.6308,gk,SliderControl,Slider Control,774,374,0.00,0.00,Left,N/A,
127.6414,gk,SliderControl,Slider Control,774,374,0.00,0.00,Left,N/A,
127.6509,gk,SliderControl,Slider Control,774,374,0.00,0.00,Left,N/A,
127.6613,gk,SliderControl,Slider Control,774,374,0.00,0.00,Left,N/A,
127.6710,gk,SliderControl,Slider Control,774,374,0.00,0.00,Left,N/A,
127.6816,gk,SliderControl,Slider Control,774,374,0.00,0.00,Left,N/A,
127.6916,gk,SliderControl,Slider Control,774,374,0.00,0.00,Left,N/A,
127.7010,gk,SliderControl,Slider Control,774,374,0.00,0.00,Left,N/A,
127.7114,gk,SliderControl,Slider Control,774,374,0.00,0.00,Left,N/A,
127.7209,gk,SliderControl,Slider Control,774,374,0.00,0.00,Left,N/A,
127.7308,gk,SliderControl,Slider Control,774,374,0.00,0.00,Left,N/A,
127.7419,gk,SliderControl,Slider Control,774,374,0.00,0.00,Left,N/A,
127.7521,gk,SliderControl,Slider Control,774,374,0.00,0.00,Left,N/A,
127.7608,gk,SliderControl,Slider Control,774,374,0.00,0.00,Left,N/A,
127.7714,gk,SliderControl,Slider Control,774,374,0.00,0.00,Left,N/A,
127.7809,gk,SliderControl,Slider Control,774,374,0.00,0.00,Left,N/A,
127.7907,gk,SliderControl,Slider Control,774,374,0.00,0.00,Left,N/A,
127.7914,gk,SliderControl,Slider Control,774,374,0.00,0.00,None,N/A,slider_released_missed
127.8010,gk,SliderControl,Slider Control,774,374,0.00,0.00,None,N/A,
127.8118,gk,SliderControl,Slider Control,774,374,0.00,0.00,None,N/A,
127.8214,gk,SliderControl,Slider Control,774,374,0.00,0.00,None,N/A,
127.8311,gk,SliderControl,Slider Control,774,374,0.00,0.00,None,N/A,
127.8416,gk,SliderControl,Slider Control,774,374,0.00,0.00,None,N/A,
127.8512,gk,SliderControl,Slider Control,774,374,0.00,0.00,None,N/A,
127.8617,gk,SliderControl,Slider Control,774,374,0.00,0.00,None,N/A,
127.8712,gk,SliderControl,Slider Control,774,374,0.00,0.00,None,N/A,
127.8817,gk,SliderControl,Slider Control,774,374,0.00,0.00,None,N/A,
127.8917,gk,SliderControl,Slider Control,774,374,0.00,0.00,None,N/A,
127.9014,gk,SliderControl,Slider Control,774,374,0.00,0.00,None,N/A,
127.9109,gk,SliderControl,Slider Control,774,374,0.00,0.00,None,N/A,
127.9216,gk,SliderControl,Slider Control,774,374,0.00,0.00,None,N/A,
127.9316,gk,SliderControl,Slider Control,774,374,0.00,0.00,None,N/A,
127.9412,gk,SliderControl,Slider Control,774,374,0.00,0.00,None,N/A,
127.9521,gk,SliderControl,Slider Control,774,374,0.00,0.00,None,N/A,
127.9621,gk,SliderControl,Slider Control,774,374,0.00,0.00,None,N/A,
127.9717,gk,SliderControl,Slider Control,774,374,0.00,0.00,None,N/A,
127.9815,gk,SliderControl,Slider Control,774,374,0.00,0.00,None,N/A,
127.9911,gk,SliderControl,Slider Control,774,374,0.00,0.00,None,N/A,
128.0017,gk,SliderControl,Slider Control,774,374,0.00,0.00,None,N/A,
128.0112,gk,SliderControl,Slider Control,774,374,0.00,0.00,None,N/A,
128.0217,gk,SliderControl,Slider Control,774,374,0.00,0.00,None,N/A,
128.0313,gk,SliderControl,Slider Control,774,374,0.00,0.00,None,N/A,
128.0409,gk,SliderControl,Slider Control,774,374,0.00,0.00,None,N/A,
128.0508,gk,SliderControl,Slider Control,774,374,0.00,0.00,None,N/A,
128.0616,gk,SliderControl,Slider Control,774,374,0.00,0.00,None,N/A,
128.0716,gk,SliderControl,Slider Control,774,374,0.00,0.00,None,N/A,
128.0812,gk,SliderControl,Slider Control,774,374,0.00,0.00,None,N/A,
128.0908,gk,SliderControl,Slider Control,774,374,0.00,0.00,None,N/A,
128.1013,gk,SliderControl,Slider Control,774,374,0.00,0.00,None,N/A,
128.1109,gk,SliderControl,Slider Control,774,374,0.00,0.00,None,N/A,
128.1219,gk,SliderControl,Slider Control,774,374,0.00,0.00,None,N/A,
128.1319,gk,SliderControl,Slider Control,774,374,0.00,0.00,None,N/A,
128.1415,gk,SliderControl,Slider Control,774,374,0.00,0.00,None,N/A,
128.1510,gk,SliderControl,Slider Control,774,374,0.00,0.00,None,N/A,
128.1613,gk,SliderControl,Slider Control,774,374,0.00,0.00,None,N/A,
128.1708,gk,SliderControl,Slider Control,774,374,0.00,0.00,None,N/A,
128.1812,gk,SliderControl,Slider Control,774,374,0.00,0.00,None,N/A,
128.1916,gk,SliderControl,Slider Control,774,374,0.00,0.00,None,N/A,
128.2011,gk,SliderControl,Slider Control,774,374,0.00,0.00,None,N/A,
128.2116,gk,SliderControl,Slider Control,774,374,0.00,0.00,None,N/A,
128.2211,gk,SliderControl,Slider Control,774,374,0.00,0.00,None,N/A,
128.2317,gk,SliderControl,Slider Control,774,374,0.00,0.00,None,N/A,
128.2417,gk,SliderControl,Slider Control,774,374,0.00,0.00,None,N/A,
128.2514,gk,SliderControl,Slider Control,774,374,0.00,0.00,None,N/A,
128.2613,gk,SliderControl,Slider Control,774,374,0.00,0.00,None,N/A,
128.2710,gk,SliderControl,Slider Control,774,374,0.00,0.00,None,N/A,
128.2816,gk,SliderControl,Slider Control,774,374,0.00,0.00,None,N/A,
128.2911,gk,SliderControl,Slider Control,774,374,0.00,0.00,None,N/A,
128.3014,gk,SliderControl,Slider Control,774,374,0.00,0.00,Left,N/A,
128.3109,gk,SliderControl,Slider Control,774,374,0.00,0.00,Left,N/A,
128.3214,gk,SliderControl,Slider Control,774,374,0.00,0.00,Left,N/A,
128.3309,gk,SliderControl,Slider Control,774,374,0.00,0.00,Left,N/A,
128.3415,gk,SliderControl,Slider Control,774,374,0.00,0.00,Left,N/A,
128.3510,gk,SliderControl,Slider Control,774,374,0.00,0.00,Left,N/A,
128.3616,gk,SliderControl,Slider Control,774,374,0.00,0.00,Left,N/A,
128.3715,gk,SliderControl,Slider Control,774,374,0.00,0.00,Left,N/A,
128.3819,gk,SliderControl,Slider Control,774,374,0.00,0.00,Left,N/A,
128.3916,gk,SliderControl,Slider Control,774,374,0.00,0.00,Left,N/A,
128.4013,gk,SliderControl,Slider Control,774,374,0.00,0.00,Left,N/A,
128.4108,gk,SliderControl,Slider Control,774,374,0.00,0.00,Left,N/A,
128.4212,gk,SliderControl,Slider Control,774,374,0.00,0.00,Left,N/A,
128.4310,gk,SliderControl,Slider Control,774,374,0.00,0.00,Left,N/A,
128.4414,gk,SliderControl,Slider Control,774,374,0.00,0.00,Left,N/A,
128.4511,gk,SliderControl,Slider Control,774,374,0.00,0.00,Left,N/A,
128.4616,gk,SliderControl,Slider Control,774,374,0.00,0.00,Left,N/A,
128.4712,gk,SliderControl,Slider Control,774,374,0.00,0.00,Left,N/A,
128.4816,gk,SliderControl,Slider Control,774,374,0.00,0.00,Left,N/A,
128.4910,gk,SliderControl,Slider Control,774,374,0.00,0.00,Left,N/A,
128.5016,gk,SliderControl,Slider Control,774,374,0.00,0.00,Left,N/A,
128.5111,gk,SliderControl,Slider Control,774,374,0.00,0.00,Left,N/A,
128.5209,gk,SliderControl,Slider Control,775,374,101.92,10388.14,Left,N/A,
128.5312,gk,SliderControl,Slider Control,776,374,97.49,-431.70,Left,N/A,
128.5407,gk,SliderControl,Slider Control,779,374,314.91,22822.36,Left,N/A,
128.5517,gk,SliderControl,Slider Control,780,374,91.02,-20378.88,Left,N/A,
128.5610,gk,SliderControl,Slider Control,782,374,213.91,13144.01,Left,N/A,
128.5716,gk,SliderControl,Slider Control,782,374,0.00,-20215.33,Left,N/A,
128.5816,gk,SliderControl,Slider Control,784,374,199.36,19872.86,Left,N/A,
128.5916,gk,SliderControl,Slider Control,784,374,0.00,-19930.17,Left,N/A,
128.6008,gk,SliderControl,Slider Control,786,374,218.45,23859.69,Left,N/A,
128.6114,gk,SliderControl,Slider Control,786,374,0.00,-20610.41,Left,N/A,
128.6211,gk,SliderControl,Slider Control,788,374,207.16,21458.03,Left,N/A,
128.6309,gk,SliderControl,Slider Control,788,374,0.00,-21105.69,Left,N/A,
128.6410,gk,SliderControl,Slider Control,789,374,99.02,9804.10,Left,N/A,
128.6514,gk,SliderControl,Slider Control,790,374,95.98,-291.82,Left,N/A,
128.6615,gk,SliderControl,Slider Control,791,374,99.14,313.26,Left,N/A,
128.6710,gk,SliderControl,Slider Control,791,374,0.00,-10383.38,Left,N/A,
128.6810,gk,SliderControl,Slider Control,791,374,0.00,0.00,Left,N/A,
128.6915,gk,SliderControl,Slider Control,792,374,94.85,8996.27,Left,N/A,
128.7015,gk,SliderControl,Slider Control,792,374,0.00,-9500.96,Left,N/A,
128.7114,gk,SliderControl,Slider Control,792,374,0.00,0.00,Left,N/A,
128.7209,gk,SliderControl,Slider Control,792,374,0.00,0.00,Left,N/A,
128.7312,gk,SliderControl,Slider Control,792,374,0.00,0.00,Left,N/A,
128.7407,gk,SliderControl,Slider Control,792,374,0.00,0.00,Left,N/A,
128.7512,gk,SliderControl,Slider Control,792,374,0.00,0.00,Left,N/A,
128.7611,gk,SliderControl,Slider Control,793,374,100.85,10170.98,Left,N/A,
128.7716,gk,SliderControl,Slider Control,793,374,0.00,-9639.51,Left,N/A,
128.7811,gk,SliderControl,Slider Control,793,374,0.00,0.00,Left,N/A,
128.7916,gk,SliderControl,Slider Control,793,374,0.00,0.00,Left,N/A,
128.8011,gk,SliderControl,Slider Control,793,374,0.00,0.00,Left,N/A,
128.8116,gk,SliderControl,Slider Control,793,374,0.00,0.00,Left,N/A,
128.8211,gk,SliderControl,Slider Control,793,374,0.00,0.00,Left,N/A,
128.8316,gk,SliderControl,Slider Control,793,374,0.00,0.00,Left,N/A,
128.8415,gk,SliderControl,Slider Control,793,374,0.00,0.00,Left,N/A,
128.8518,gk,SliderControl,Slider Control,792,374,96.81,9372.66,Left,N/A,
128.8543,gk,SliderControl,Slider Control,792,374,96.81,0.00,None,N/A,slider_released_missed
128.8611,gk,SliderControl,Slider Control,792,374,0.00,-10339.44,None,N/A,
128.8717,gk,SliderControl,Slider Control,792,374,0.00,0.00,None,N/A,
128.8816,gk,SliderControl,Slider Control,792,374,0.00,0.00,None,N/A,
128.8917,gk,SliderControl,Slider Control,792,374,0.00,0.00,None,N/A,
128.9017,gk,SliderControl,Slider Control,792,374,0.00,0.00,None,N/A,
128.9114,gk,SliderControl,Slider Control,792,374,0.00,0.00,None,N/A,
128.9210,gk,SliderControl,Slider Control,792,374,0.00,0.00,None,N/A,
128.9316,gk,SliderControl,Slider Control,792,374,0.00,0.00,None,N/A,
128.9416,gk,SliderControl,Slider Control,792,374,0.00,0.00,None,N/A,
128.9513,gk,SliderControl,Slider Control,792,374,0.00,0.00,None,N/A,
128.9608,gk,SliderControl,Slider Control,792,374,0.00,0.00,None,N/A,
128.9713,gk,SliderControl,Slider Control,792,374,0.00,0.00,None,N/A,
128.9808,gk,SliderControl,Slider Control,792,374,0.00,0.00,None,N/A,
128.9914,gk,SliderControl,Slider Control,792,374,0.00,0.00,None,N/A,
129.0008,gk,SliderControl,Slider Control,792,374,0.00,0.00,None,N/A,
129.0116,gk,SliderControl,Slider Control,792,374,0.00,0.00,None,N/A,
129.0218,gk,SliderControl,Slider Control,792,374,0.00,0.00,None,N/A,
129.0318,gk,SliderControl,Slider Control,792,374,0.00,0.00,None,N/A,
129.0415,gk,SliderControl,Slider Control,792,374,0.00,0.00,None,N/A,
129.0515,gk,SliderControl,Slider Control,792,374,0.00,0.00,None,N/A,
129.0616,gk,SliderControl,Slider Control,792,374,0.00,0.00,None,N/A,
129.0717,gk,SliderControl,Slider Control,792,374,0.00,0.00,None,N/A,
129.0817,gk,SliderControl,Slider Control,792,374,0.00,0.00,None,N/A,
129.0913,gk,SliderControl,Slider Control,792,374,0.00,0.00,None,N/A,
129.1011,gk,SliderControl,Slider Control,792,374,0.00,0.00,None,N/A,
129.1117,gk,SliderControl,Slider Control,792,374,0.00,0.00,None,N/A,
129.1213,gk,SliderControl,Slider Control,792,374,0.00,0.00,None,N/A,
129.1309,gk,SliderControl,Slider Control,792,374,0.00,0.00,None,N/A,
129.1414,gk,SliderControl,Slider Control,792,374,0.00,0.00,None,N/A,
129.1509,gk,SliderControl,Slider Control,792,374,0.00,0.00,None,N/A,
129.1615,gk,SliderControl,Slider Control,792,374,0.00,0.00,None,N/A,
129.1715,gk,SliderControl,Slider Control,792,374,0.00,0.00,None,N/A,
129.1813,gk,SliderControl,Slider Control,792,374,0.00,0.00,None,N/A,
129.1909,gk,SliderControl,Slider Control,792,374,0.00,0.00,None,N/A,
129.2015,gk,SliderControl,Slider Control,792,374,0.00,0.00,None,N/A,
129.2111,gk,SliderControl,Slider Control,792,374,0.00,0.00,None,N/A,
129.2217,gk,SliderControl,Slider Control,792,374,0.00,0.00,None,N/A,
129.2314,gk,SliderControl,Slider Control,792,374,0.00,0.00,None,N/A,
129.2412,gk,SliderControl,Slider Control,792,374,0.00,0.00,None,N/A,
129.2508,gk,SliderControl,Slider Control,792,374,0.00,0.00,None,N/A,
129.2613,gk,SliderControl,Slider Control,792,374,0.00,0.00,None,N/A,
129.2717,gk,SliderControl,Slider Control,792,374,0.00,0.00,None,N/A,
129.2813,gk,SliderControl,Slider Control,792,374,0.00,0.00,None,N/A,
129.2916,gk,SliderControl,Slider Control,792,374,0.00,0.00,None,N/A,
129.3011,gk,SliderControl,Slider Control,792,374,0.00,0.00,None,N/A,
129.3117,gk,SliderControl,Slider Control,792,374,0.00,0.00,None,N/A,
129.3213,gk,SliderControl,Slider Control,792,374,0.00,0.00,None,N/A,
129.3308,gk,SliderControl,Slider Control,792,374,0.00,0.00,None,N/A,
129.3410,gk,SliderControl,Slider Control,792,374,0.00,0.00,None,N/A,
129.3514,gk,SliderControl,Slider Control,792,374,0.00,0.00,None,N/A,
129.3609,gk,SliderControl,Slider Control,792,374,0.00,0.00,None,N/A,
129.3715,gk,SliderControl,Slider Control,792,374,0.00,0.00,None,N/A,
129.3817,gk,SliderControl,Slider Control,792,374,0.00,0.00,None,N/A,
129.3914,gk,SliderControl,Slider Control,792,374,0.00,0.00,None,N/A,
129.4014,gk,SliderControl,Slider Control,792,374,0.00,0.00,None,N/A,
129.4109,gk,SliderControl,Slider Control,792,374,0.00,0.00,None,N/A,
129.4213,gk,SliderControl,Slider Control,792,374,0.00,0.00,None,N/A,
129.4308,gk,SliderControl,Slider Control,793,374,105.02,11029.28,None,N/A,
129.4408,gk,SliderControl,Slider Control,793,374,0.00,-10530.92,None,N/A,
129.4510,gk,SliderControl,Slider Control,794,374,97.71,9547.71,None,N/A,
129.4613,gk,SliderControl,Slider Control,795,374,97.57,-13.75,None,N/A,
129.4709,gk,SliderControl,Slider Control,796,373,146.32,5043.13,None,N/A,
129.4810,gk,SliderControl,Slider Control,798,373,198.16,5137.02,None,N/A,
129.4909,gk,SliderControl,Slider Control,799,372,143.39,-5553.22,None,N/A,
129.5015,gk,SliderControl,Slider Control,801,372,189.01,4310.84,None,N/A,
129.5115,gk,SliderControl,Slider Control,802,372,100.15,-8899.27,None,N/A,
129.5217,gk,SliderControl,Slider Control,804,372,195.83,9368.14,None,N/A,
129.5311,gk,SliderControl,Slider Control,805,372,106.55,-9512.44,None,N/A,
129.5408,gk,SliderControl,Slider Control,806,372,102.61,-404.11,None,N/A,
129.5516,gk,SliderControl,Slider Control,807,372,92.23,-957.23,None,N/A,
129.5613,gk,SliderControl,Slider Control,807,372,0.00,-9539.75,None,N/A,
129.5711,gk,SliderControl,Slider Control,807,372,0.00,0.00,None,N/A,
129.5813,gk,SliderControl,Slider Control,808,372,98.61,9723.60,None,N/A,
129.5912,gk,SliderControl,Slider Control,808,372,0.00,-9970.43,None,N/A,
129.6008,gk,SliderControl,Slider Control,809,372,104.16,10849.79,None,N/A,
129.6115,gk,SliderControl,Slider Control,809,372,0.00,-9714.46,None,N/A,
129.6210,gk,SliderControl,Slider Control,809,372,0.00,0.00,None,N/A,
129.6314,gk,SliderControl,Slider Control,809,372,0.00,0.00,None,N/A,
129.6409,gk,SliderControl,Slider Control,809,372,0.00,0.00,None,N/A,
129.6516,gk,SliderControl,Slider Control,809,372,0.00,0.00,None,N/A,
129.6618,gk,SliderControl,Slider Control,809,372,0.00,0.00,None,N/A,
129.6714,gk,SliderControl,Slider Control,809,372,0.00,0.00,None,N/A,
129.6812,gk,SliderControl,Slider Control,809,372,0.00,0.00,None,N/A,
129.6909,gk,SliderControl,Slider Control,809,372,0.00,0.00,None,N/A,
129.7015,gk,SliderControl,Slider Control,809,372,0.00,0.00,None,N/A,
129.7110,gk,SliderControl,Slider Control,809,372,0.00,0.00,None,N/A,
129.7207,gk,SliderControl,Slider Control,809,372,0.00,0.00,None,N/A,
129.7313,gk,SliderControl,Slider Control,809,372,0.00,0.00,None,N/A,
129.7409,gk,SliderControl,Slider Control,809,372,0.00,0.00,None,N/A,
129.7514,gk,SliderControl,Slider Control,809,372,0.00,0.00,None,N/A,
129.7608,gk,SliderControl,Slider Control,809,372,0.00,0.00,None,N/A,
129.7712,gk,SliderControl,Slider Control,809,372,0.00,0.00,None,N/A,
129.7817,gk,SliderControl,Slider Control,809,372,0.00,0.00,None,N/A,
129.7911,gk,SliderControl,Slider Control,809,372,0.00,0.00,None,N/A,
129.8016,gk,SliderControl,Slider Control,809,372,0.00,0.00,None,N/A,
129.8112,gk,SliderControl,Slider Control,809,372,0.00,0.00,None,N/A,
129.8214,gk,SliderControl,Slider Control,809,372,0.00,0.00,None,N/A,
129.8309,gk,SliderControl,Slider Control,809,372,0.00,0.00,None,N/A,
129.8414,gk,SliderControl,Slider Control,809,372,0.00,0.00,None,N/A,
129.8508,gk,SliderControl,Slider Control,809,372,0.00,0.00,None,N/A,
129.8613,gk,SliderControl,Slider Control,809,372,0.00,0.00,None,N/A,
129.8717,gk,SliderControl,Slider Control,809,372,0.00,0.00,None,N/A,
129.8813,gk,SliderControl,Slider Control,809,372,0.00,0.00,None,N/A,
129.8907,gk,SliderControl,Slider Control,809,372,0.00,0.00,None,N/A,
129.9011,gk,SliderControl,Slider Control,809,372,0.00,0.00,None,N/A,
129.9114,gk,SliderControl,Slider Control,809,372,0.00,0.00,None,N/A,
129.9209,gk,SliderControl,Slider Control,809,372,0.00,0.00,None,N/A,
129.9316,gk,SliderControl,Slider Control,809,372,0.00,0.00,None,N/A,
129.9411,gk,SliderControl,Slider Control,809,372,0.00,0.00,None,N/A,
129.9517,gk,SliderControl,Slider Control,809,372,0.00,0.00,None,N/A,
129.9613,gk,SliderControl,Slider Control,809,372,0.00,0.00,None,N/A,
129.9710,gk,SliderControl,Slider Control,809,372,0.00,0.00,None,N/A,
129.9815,gk,SliderControl,Slider Control,809,372,0.00,0.00,None,N/A,
129.9909,gk,SliderControl,Slider Control,809,372,0.00,0.00,None,N/A,
130.0015,gk,SliderControl,Slider Control,809,372,0.00,0.00,None,N/A,
130.0111,gk,SliderControl,Slider Control,809,372,0.00,0.00,None,N/A,
130.0217,gk,SliderControl,Slider Control,809,372,0.00,0.00,None,N/A,
130.0312,gk,SliderControl,Slider Control,809,372,0.00,0.00,None,N/A,
130.0416,gk,SliderControl,Slider Control,809,372,0.00,0.00,None,N/A,
130.0510,gk,SliderControl,Slider Control,809,372,0.00,0.00,None,N/A,
130.0617,gk,SliderControl,Slider Control,809,372,0.00,0.00,None,N/A,
130.0712,gk,SliderControl,Slider Control,809,372,0.00,0.00,None,N/A,
130.0807,gk,SliderControl,Slider Control,809,372,0.00,0.00,None,N/A,
130.0929,gk,SliderControl,Slider Control,809,372,0.00,0.00,Left,N/A,
130.1014,gk,SliderControl,Slider Control,809,372,0.00,0.00,Left,N/A,
130.1113,gk,SliderControl,Slider Control,809,372,0.00,0.00,Left,N/A,
130.1214,gk,SliderControl,Slider Control,809,372,0.00,0.00,Left,N/A,
130.1316,gk,SliderControl,Slider Control,809,372,0.00,0.00,Left,N/A,
130.1415,gk,SliderControl,Slider Control,809,372,0.00,0.00,Left,N/A,
130.1516,gk,SliderControl,Slider Control,809,372,0.00,0.00,Left,N/A,
130.1613,gk,SliderControl,Slider Control,809,372,0.00,0.00,Left,N/A,
130.1713,gk,SliderControl,Slider Control,809,372,0.00,0.00,Left,N/A,
130.1813,gk,SliderControl,Slider Control,809,372,0.00,0.00,Left,N/A,
130.1913,gk,SliderControl,Slider Control,809,372,0.00,0.00,Left,N/A,
130.2010,gk,SliderControl,Slider Control,809,372,0.00,0.00,Left,N/A,
130.2116,gk,SliderControl,Slider Control,809,372,0.00,0.00,Left,N/A,
130.2212,gk,SliderControl,Slider Control,809,372,0.00,0.00,Left,N/A,
130.2308,gk,SliderControl,Slider Control,809,372,0.00,0.00,Left,N/A,
130.2414,gk,SliderControl,Slider Control,809,372,0.00,0.00,Left,N/A,
130.2509,gk,SliderControl,Slider Control,809,372,0.00,0.00,Left,N/A,
130.2614,gk,SliderControl,Slider Control,809,372,0.00,0.00,Left,N/A,
130.2711,gk,SliderControl,Slider Control,809,372,0.00,0.00,None,N/A,
130.2816,gk,SliderControl,Slider Control,809,372,0.00,0.00,None,N/A,
130.2915,gk,SliderControl,Slider Control,809,372,0.00,0.00,None,N/A,
130.3019,gk,SliderControl,Slider Control,809,372,0.00,0.00,None,N/A,
130.3121,gk,SliderControl,Slider Control,809,372,0.00,0.00,None,N/A,
130.3208,gk,SliderControl,Slider Control,809,372,0.00,0.00,None,N/A,
130.3314,gk,SliderControl,Slider Control,809,372,0.00,0.00,None,N/A,
130.3414,gk,SliderControl,Slider Control,809,372,0.00,0.00,None,N/A,
130.3514,gk,SliderControl,Slider Control,809,372,0.00,0.00,None,N/A,
130.3610,gk,SliderControl,Slider Control,809,372,0.00,0.00,None,N/A,
130.3715,gk,SliderControl,Slider Control,809,372,0.00,0.00,None,N/A,
130.3810,gk,SliderControl,Slider Control,809,372,0.00,0.00,None,N/A,
130.3915,gk,SliderControl,Slider Control,809,372,0.00,0.00,None,N/A,
130.4012,gk,SliderControl,Slider Control,809,372,0.00,0.00,None,N/A,
130.4117,gk,SliderControl,Slider Control,809,372,0.00,0.00,None,N/A,
130.4213,gk,SliderControl,Slider Control,809,372,0.00,0.00,None,N/A,
130.4309,gk,SliderControl,Slider Control,809,372,0.00,0.00,None,N/A,
130.4414,gk,SliderControl,Slider Control,809,372,0.00,0.00,None,N/A,
130.4512,gk,SliderControl,Slider Control,809,372,0.00,0.00,None,N/A,
130.4607,gk,SliderControl,Slider Control,809,372,0.00,0.00,None,N/A,
130.4713,gk,SliderControl,Slider Control,809,372,0.00,0.00,None,N/A,
130.4808,gk,SliderControl,Slider Control,809,372,0.00,0.00,None,N/A,
130.4912,gk,SliderControl,Slider Control,809,372,0.00,0.00,None,N/A,
130.5015,gk,SliderControl,Slider Control,809,372,0.00,0.00,None,N/A,
130.5109,gk,SliderControl,Slider Control,809,372,0.00,0.00,None,N/A,
130.5215,gk,SliderControl,Slider Control,809,372,0.00,0.00,None,N/A,
130.5309,gk,SliderControl,Slider Control,809,372,0.00,0.00,None,N/A,
130.5415,gk,SliderControl,Slider Control,809,372,0.00,0.00,None,N/A,
130.5512,gk,SliderControl,Slider Control,809,372,0.00,0.00,None,N/A,
130.5616,gk,SliderControl,Slider Control,809,372,0.00,0.00,None,N/A,
130.5711,gk,SliderControl,Slider Control,809,372,0.00,0.00,None,N/A,
130.5817,gk,SliderControl,Slider Control,809,372,0.00,0.00,None,N/A,
130.5912,gk,SliderControl,Slider Control,809,372,0.00,0.00,None,N/A,
130.6013,gk,SliderControl,Slider Control,810,372,98.37,9677.58,None,N/A,
130.6112,gk,SliderControl,Slider Control,812,372,203.11,10637.01,None,N/A,
130.6213,gk,SliderControl,Slider Control,814,372,197.90,-515.87,None,N/A,
130.6314,gk,SliderControl,Slider Control,815,372,99.00,-9791.15,None,N/A,
130.6408,gk,SliderControl,Slider Control,817,372,212.61,12077.09,None,N/A,
130.6509,gk,SliderControl,Slider Control,819,372,197.07,-1530.63,None,N/A,
130.6611,gk,SliderControl,Slider Control,822,372,296.15,9779.92,None,N/A,
130.6714,gk,SliderControl,Slider Control,824,372,193.95,-9910.50,None,N/A,
130.6810,gk,SliderControl,Slider Control,828,372,416.72,23208.73,None,N/A,
130.6916,gk,SliderControl,Slider Control,830,372,187.65,-21492.69,None,N/A,
130.7009,gk,SliderControl,Slider Control,834,372,429.72,26005.74,None,N/A,
130.7116,gk,SliderControl,Slider Control,837,372,280.51,-13951.77,None,N/A,
130.7211,gk,SliderControl,Slider Control,843,372,637.45,37921.45,None,N/A,
130.7308,gk,SliderControl,Slider Control,846,372,308.41,-33826.26,None,N/A,
130.7409,gk,SliderControl,Slider Control,849,372,296.24,-1201.71,None,N/A,
130.7514,gk,SliderControl,Slider Control,854,373,484.54,17893.78,None,N/A,
130.7615,gk,SliderControl,Slider Control,857,373,296.69,-18578.22,None,N/A,
130.7713,gk,SliderControl,Slider Control,862,373,513.53,22270.72,None,N/A,
130.7812,gk,SliderControl,Slider Control,864,373,202.42,-31487.56,None,N/A,
130.7907,gk,SliderControl,Slider Control,868,374,430.54,23820.51,None,N/A,
130.8022,gk,SliderControl,Slider Control,870,374,173.87,-22313.80,None,N/A,
130.8109,gk,SliderControl,Slider Control,873,375,365.00,22059.77,None,N/A,
130.8213,gk,SliderControl,Slider Control,874,375,95.96,-25817.31,None,N/A,
130.8309,gk,SliderControl,Slider Control,877,375,312.60,22574.06,None,N/A,
130.8411,gk,SliderControl,Slider Control,878,375,98.60,-21100.36,None,N/A,
130.8515,gk,SliderControl,Slider Control,879,375,95.43,-301.87,None,N/A,
130.8615,gk,SliderControl,Slider Control,880,375,100.88,549.48,None,N/A,
130.8712,gk,SliderControl,Slider Control,880,375,0.00,-10305.24,None,N/A,
130.8814,gk,SliderControl,Slider Control,881,375,98.59,9719.94,None,N/A,
130.8908,gk,SliderControl,Slider Control,881,375,0.00,-10477.76,None,N/A,
130.9012,gk,SliderControl,Slider Control,881,376,95.87,9191.02,None,N/A,
130.9115,gk,SliderControl,Slider Control,882,376,97.27,136.47,None,N/A,
130.9209,gk,SliderControl,Slider Control,882,376,0.00,-10325.76,None,N/A,
130.9317,gk,SliderControl,Slider Control,882,376,0.00,0.00,None,N/A,
130.9410,gk,SliderControl,Slider Control,881,376,107.43,11541.92,None,N/A,
130.9512,gk,SliderControl,Slider Control,880,376,98.11,-914.91,None,N/A,
130.9616,gk,SliderControl,Slider Control,879,376,95.89,-213.12,None,N/A,
130.9708,gk,SliderControl,Slider Control,878,376,108.16,1327.88,None,N/A,
130.9813,gk,SliderControl,Slider Control,877,376,95.39,-1217.95,None,N/A,
130.9909,gk,SliderControl,Slider Control,875,376,207.88,11691.85,None,N/A,
131.0015,gk,SliderControl,Slider Control,874,376,94.47,-10714.00,None,N/A,
131.0107,gk,SliderControl,Slider Control,872,375,243.94,16305.59,None,N/A,
131.0213,gk,SliderControl,Slider Control,871,375,94.22,-14106.36,None,N/A,
131.0308,gk,SliderControl,Slider Control,870,375,105.48,1188.13,None,N/A,
131.0416,gk,SliderControl,Slider Control,869,375,92.26,-1219.39,None,N/A,
131.0516,gk,SliderControl,Slider Control,868,375,99.77,749.10,None,N/A,
131.0613,gk,SliderControl,Slider Control,868,375,0.00,-10314.84,None,N/A,
131.0711,gk,SliderControl,Slider Control,868,375,0.00,0.00,None,N/A,
131.0811,gk,SliderControl,Slider Control,867,375,100.43,10085.92,None,N/A,
131.0911,gk,SliderControl,Slider Control,867,375,0.00,-10051.75,None,N/A,
131.1011,gk,SliderControl,Slider Control,867,375,0.00,0.00,None,N/A,
131.1115,gk,SliderControl,Slider Control,867,374,96.41,9294.83,None,N/A,
131.1216,gk,SliderControl,Slider Control,867,374,0.00,-9481.39,None,N/A,
131.1313,gk,SliderControl,Slider Control,867,374,0.00,0.00,None,N/A,
131.1413,gk,SliderControl,Slider Control,868,373,141.79,14215.27,None,N/A,
131.1515,gk,SliderControl,Slider Control,868,373,0.00,-13882.44,None,N/A,
131.1608,gk,SliderControl,Slider Control,869,372,152.19,16378.06,None,N/A,
131.1712,gk,SliderControl,Slider Control,869,372,0.00,-14654.16,None,N/A,
131.1807,gk,SliderControl,Slider Control,870,371,148.89,15676.16,None,N/A,
131.1917,gk,SliderControl,Slider Control,870,371,0.00,-13572.99,None,N/A,
131.2009,gk,SliderControl,Slider Control,871,371,107.95,11653.28,None,N/A,
131.2114,gk,SliderControl,Slider Control,871,371,0.00,-10333.59,None,N/A,
131.2210,gk,SliderControl,Slider Control,871,371,0.00,0.00,None,N/A,
131.2315,gk,SliderControl,Slider Control,871,371,0.00,0.00,None,N/A,
131.2410,gk,SliderControl,Slider Control,871,371,0.00,0.00,None,N/A,
131.2508,gk,SliderControl,Slider Control,871,371,0.00,0.00,None,N/A,
131.2619,gk,SliderControl,Slider Control,871,371,0.00,0.00,None,N/A,
131.2719,gk,SliderControl,Slider Control,871,371,0.00,0.00,None,N/A,
131.2815,gk,SliderControl,Slider Control,871,371,0.00,0.00,None,N/A,
131.2917,gk,SliderControl,Slider Control,871,371,0.00,0.00,None,N/A,
131.3017,gk,SliderControl,Slider Control,871,371,0.00,0.00,None,N/A,
131.3114,gk,SliderControl,Slider Control,871,371,0.00,0.00,None,N/A,
131.3213,gk,SliderControl,Slider Control,871,371,0.00,0.00,None,N/A,
131.3309,gk,SliderControl,Slider Control,871,371,0.00,0.00,None,N/A,
131.3414,gk,SliderControl,Slider Control,871,371,0.00,0.00,None,N/A,
131.3508,gk,SliderControl,Slider Control,871,371,0.00,0.00,None,N/A,
131.3612,gk,SliderControl,Slider Control,871,371,0.00,0.00,None,N/A,
131.3716,gk,SliderControl,Slider Control,871,371,0.00,0.00,None,N/A,
131.3811,gk,SliderControl,Slider Control,871,371,0.00,0.00,None,N/A,
131.3916,gk,SliderControl,Slider Control,871,371,0.00,0.00,None,N/A,
131.4009,gk,SliderControl,Slider Control,871,371,0.00,0.00,Left,N/A,
131.4118,gk,SliderControl,Slider Control,871,371,0.00,0.00,Left,N/A,
131.4214,gk,SliderControl,Slider Control,871,371,0.00,0.00,Left,N/A,
131.4315,gk,SliderControl,Slider Control,871,371,0.00,0.00,Left,N/A,
131.4415,gk,SliderControl,Slider Control,871,371,0.00,0.00,Left,N/A,
131.4512,gk,SliderControl,Slider Control,871,371,0.00,0.00,Left,N/A,
131.4607,gk,SliderControl,Slider Control,871,371,0.00,0.00,Left,N/A,
131.4712,gk,SliderControl,Slider Control,871,371,0.00,0.00,Left,N/A,
131.4809,gk,SliderControl,Slider Control,871,371,0.00,0.00,Left,N/A,
131.4913,gk,SliderControl,Slider Control,871,371,0.00,0.00,Left,N/A,
131.5021,gk,SliderControl,Slider Control,871,371,0.00,0.00,Left,N/A,
131.5108,gk,SliderControl,Slider Control,871,371,0.00,0.00,Left,N/A,
131.5211,gk,SliderControl,Slider Control,871,371,0.00,0.00,Left,N/A,
131.5315,gk,SliderControl,Slider Control,871,371,0.00,0.00,Left,N/A,
131.5409,gk,SliderControl,Slider Control,871,371,0.00,0.00,Left,N/A,
131.5513,gk,SliderControl,Slider Control,871,371,0.00,0.00,Left,N/A,
131.5616,gk,SliderControl,Slider Control,871,371,0.00,0.00,Left,N/A,
131.5714,gk,SliderControl,Slider Control,871,371,0.00,0.00,Left,N/A,
131.5814,gk,SliderControl,Slider Control,868,371,299.34,29867.46,Left,N/A,
131.5913,gk,SliderControl,Slider Control,866,371,201.45,-9859.84,Left,N/A,
131.6016,gk,SliderControl,Slider Control,861,372,495.93,28640.98,Left,N/A,
131.6122,gk,SliderControl,Slider Control,859,372,188.76,-28990.29,Left,N/A,
131.6214,gk,SliderControl,Slider Control,855,372,434.50,26693.11,Left,N/A,
131.6312,gk,SliderControl,Slider Control,854,372,101.98,-33909.86,Left,N/A,
131.6407,gk,SliderControl,Slider Control,851,372,316.50,22631.15,Left,N/A,
131.6515,gk,SliderControl,Slider Control,850,372,92.19,-20678.81,Left,N/A,
131.6613,gk,SliderControl,Slider Control,848,372,203.52,11328.58,Left,N/A,
131.6714,gk,SliderControl,Slider Control,847,372,99.01,-10347.35,Left,N/A,
131.6813,gk,SliderControl,Slider Control,846,372,101.64,267.54,Left,N/A,
131.6916,gk,SliderControl,Slider Control,844,372,193.97,8954.92,Left,N/A,
131.7014,gk,SliderControl,Slider Control,843,372,101.99,-9381.43,Left,N/A,
131.7116,gk,SliderControl,Slider Control,841,372,196.95,9351.17,Left,N/A,
131.7215,gk,SliderControl,Slider Control,840,372,100.76,-9692.39,Left,N/A,
131.7315,gk,SliderControl,Slider Control,839,372,99.69,-106.24,Left,N/A,
131.7411,gk,SliderControl,Slider Control,838,372,104.82,537.71,Left,N/A,
131.7516,gk,SliderControl,Slider Control,837,372,94.42,-981.92,Left,N/A,
131.7613,gk,SliderControl,Slider Control,837,372,0.00,-9784.39,Left,N/A,
131.7712,gk,SliderControl,Slider Control,836,372,100.65,10130.99,Left,N/A,
131.7809,gk,SliderControl,Slider Control,836,372,0.00,-10447.91,Left,N/A,
131.7908,gk,SliderControl,Slider Control,836,372,0.00,0.00,Left,N/A,
131.8013,gk,SliderControl,Slider Control,835,372,95.61,9140.81,Left,N/A,
131.8114,gk,SliderControl,Slider Control,835,372,0.00,-9426.59,Left,N/A,
131.8211,gk,SliderControl,Slider Control,835,372,0.00,0.00,Left,N/A,
131.8310,gk,SliderControl,Slider Control,835,372,0.00,0.00,Left,N/A,
131.8328,gk,SliderControl,Slider Control,835,372,0.00,0.00,None,N/A,slider_released_correct
131.8415,gk,SliderControl,Slider Control,835,372,0.00,0.00,None,N/A,
131.8509,gk,SliderControl,Slider Control,835,372,0.00,0.00,None,N/A,
131.8612,gk,SliderControl,Slider Control,835,372,0.00,0.00,None,N/A,
131.8708,gk,SliderControl,Slider Control,835,372,0.00,0.00,None,N/A,
131.8812,gk,SliderControl,Slider Control,835,372,0.00,0.00,None,N/A,
131.8914,gk,SliderControl,Slider Control,835,372,0.00,0.00,None,N/A,
131.9016,gk,SliderControl,Slider Control,835,372,0.00,0.00,None,N/A,
131.9112,gk,SliderControl,Slider Control,835,372,0.00,0.00,None,N/A,
131.9214,gk,SliderControl,Slider Control,835,372,0.00,0.00,None,N/A,
131.9314,gk,SliderControl,Slider Control,835,372,0.00,0.00,None,N/A,
131.9415,gk,SliderControl,Slider Control,835,372,0.00,0.00,None,N/A,
131.9511,gk,SliderControl,Slider Control,835,372,0.00,0.00,None,N/A,
131.9615,gk,SliderControl,Slider Control,835,372,0.00,0.00,None,N/A,
131.9711,gk,SliderControl,Slider Control,835,372,0.00,0.00,None,N/A,
131.9817,gk,SliderControl,Slider Control,835,372,0.00,0.00,None,N/A,
131.9912,gk,SliderControl,Slider Control,835,372,0.00,0.00,None,N/A,
132.0007,gk,SliderControl,Slider Control,835,372,0.00,0.00,None,N/A,
132.0113,gk,SliderControl,Slider Control,835,372,0.00,0.00,None,N/A,
132.0209,gk,SliderControl,Slider Control,835,372,0.00,0.00,None,N/A,
132.0314,gk,SliderControl,Slider Control,835,372,0.00,0.00,None,N/A,
132.0414,gk,SliderControl,Slider Control,835,372,0.00,0.00,None,N/A,
132.0509,gk,SliderControl,Slider Control,835,372,0.00,0.00,None,N/A,
132.0613,gk,SliderControl,Slider Control,835,372,0.00,0.00,None,N/A,
132.0708,gk,SliderControl,Slider Control,835,372,0.00,0.00,None,N/A,
132.0813,gk,SliderControl,Slider Control,835,372,0.00,0.00,None,N/A,
132.0913,gk,SliderControl,Slider Control,835,372,0.00,0.00,None,N/A,
132.1013,gk,SliderControl,Slider Control,835,372,0.00,0.00,None,N/A,
132.1109,gk,SliderControl,Slider Control,835,372,0.00,0.00,None,N/A,
132.1220,gk,SliderControl,Slider Control,835,372,0.00,0.00,None,N/A,
132.1320,gk,SliderControl,Slider Control,835,372,0.00,0.00,None,N/A,
132.1420,gk,SliderControl,Slider Control,835,372,0.00,0.00,None,N/A,
132.1520,gk,SliderControl,Slider Control,835,372,0.00,0.00,None,N/A,
132.1617,gk,SliderControl,Slider Control,835,372,0.00,0.00,None,N/A,
132.1711,gk,SliderControl,Slider Control,835,372,0.00,0.00,None,N/A,
132.1814,gk,SliderControl,Slider Control,835,372,0.00,0.00,None,N/A,
132.1917,gk,SliderControl,Slider Control,835,372,0.00,0.00,None,N/A,
132.2012,gk,SliderControl,Slider Control,835,372,0.00,0.00,None,N/A,
132.2108,gk,SliderControl,Slider Control,835,372,0.00,0.00,None,N/A,
132.2215,gk,SliderControl,Slider Control,835,372,0.00,0.00,None,N/A,
132.2317,gk,SliderControl,Slider Control,835,372,0.00,0.00,None,N/A,
132.2417,gk,SliderControl,Slider Control,835,372,0.00,0.00,None,N/A,
132.2517,gk,SliderControl,Slider Control,835,372,0.00,0.00,None,N/A,
132.2618,gk,SliderControl,Slider Control,835,372,0.00,0.00,None,N/A,
132.2718,gk,SliderControl,Slider Control,835,372,0.00,0.00,None,N/A,
132.2817,gk,SliderControl,Slider Control,835,372,0.00,0.00,None,N/A,
132.2918,gk,SliderControl,Slider Control,835,372,0.00,0.00,None,N/A,
132.3015,gk,SliderControl,Slider Control,835,372,0.00,0.00,None,N/A,
132.3110,gk,SliderControl,Slider Control,835,372,0.00,0.00,None,N/A,
132.3216,gk,SliderControl,Slider Control,835,372,0.00,0.00,None,N/A,
132.3311,gk,SliderControl,Slider Control,835,372,0.00,0.00,None,N/A,
132.3416,gk,SliderControl,Slider Control,835,372,0.00,0.00,None,N/A,
132.3512,gk,SliderControl,Slider Control,835,372,0.00,0.00,None,N/A,
132.3612,gk,SliderControl,Slider Control,835,372,0.00,0.00,None,N/A,
132.3712,gk,SliderControl,Slider Control,835,372,0.00,0.00,None,N/A,
132.3808,gk,SliderControl,Slider Control,835,372,0.00,0.00,None,N/A,
132.3913,gk,SliderControl,Slider Control,835,372,0.00,0.00,None,N/A,
132.4010,gk,SliderControl,Slider Control,835,372,0.00,0.00,None,N/A,
132.4120,gk,SliderControl,Slider Control,835,372,0.00,0.00,None,N/A,
132.4220,gk,SliderControl,Slider Control,835,372,0.00,0.00,None,N/A,
132.4320,gk,SliderControl,Slider Control,835,372,0.00,0.00,None,N/A,
132.4421,gk,SliderControl,Slider Control,835,372,0.00,0.00,None,N/A,
132.4517,gk,SliderControl,Slider Control,835,372,0.00,0.00,None,N/A,
132.4614,gk,SliderControl,Slider Control,835,372,0.00,0.00,None,N/A,
132.4710,gk,SliderControl,Slider Control,835,372,0.00,0.00,None,N/A,
132.4817,gk,SliderControl,Slider Control,835,372,0.00,0.00,None,N/A,
132.4912,gk,SliderControl,Slider Control,835,372,0.00,0.00,None,N/A,
132.5016,gk,SliderControl,Slider Control,835,372,0.00,0.00,None,N/A,
132.5111,gk,SliderControl,Slider Control,835,372,0.00,0.00,None,N/A,
132.5216,gk,SliderControl,Slider Control,835,372,0.00,0.00,None,N/A,
132.5311,gk,SliderControl,Slider Control,835,372,0.00,0.00,None,N/A,
132.5410,gk,SliderControl,Slider Control,831,373,417.07,42189.26,None,N/A,
132.5508,gk,SliderControl,Slider Control,827,374,421.96,499.90,None,N/A,
132.5616,gk,SliderControl,Slider Control,818,377,875.79,41896.11,None,N/A,
132.5714,gk,SliderControl,Slider Control,813,378,520.21,-36276.90,None,N/A,
132.5808,gk,SliderControl,Slider Control,801,381,1313.37,84217.27,None,N/A,
132.5912,gk,SliderControl,Slider Control,796,383,521.45,-76681.98,None,N/A,
132.6015,gk,SliderControl,Slider Control,786,385,985.05,44779.85,None,N/A,
132.6116,gk,SliderControl,Slider Control,781,386,506.83,-47533.53,None,N/A,
132.6215,gk,SliderControl,Slider Control,777,387,415.77,-9182.68,None,N/A,
132.6314,gk,SliderControl,Slider Control,770,389,737.31,32564.79,None,N/A,
132.6411,gk,SliderControl,Slider Control,767,389,308.12,-44080.68,None,N/A,
132.6510,gk,SliderControl,Slider Control,760,390,711.67,40615.93,None,N/A,
132.6616,gk,SliderControl,Slider Control,756,391,390.39,-30420.05,None,N/A,
132.6710,gk,SliderControl,Slider Control,749,391,746.58,37989.53,None,N/A,
132.6809,gk,SliderControl,Slider Control,746,392,318.87,-43128.82,None,N/A,
132.6907,gk,SliderControl,Slider Control,739,392,714.97,40456.26,None,N/A,
132.7014,gk,SliderControl,Slider Control,735,392,371.34,-31900.62,None,N/A,
132.7113,gk,SliderControl,Slider Control,726,392,915.90,55417.56,None,N/A,
132.7211,gk,SliderControl,Slider Control,721,392,506.68,-41468.50,None,N/A,
132.7313,gk,SliderControl,Slider Control,715,392,588.52,8027.64,None,N/A,
132.7413,gk,SliderControl,Slider Control,706,392,906.64,32046.00,None,N/A,
132.7511,gk,SliderControl,Slider Control,702,392,408.23,-50866.27,None,N/A,
132.7615,gk,SliderControl,Slider Control,691,393,1053.43,61533.77,None,N/A,
132.7708,gk,SliderControl,Slider Control,686,393,539.63,-55452.04,None,N/A,
132.7811,gk,SliderControl,Slider Control,675,393,1073.21,52058.95,None,N/A,
132.7916,gk,SliderControl,Slider Control,670,393,475.43,-56840.52,None,N/A,
132.8006,gk,SliderControl,Slider Control,662,393,883.01,44987.80,None,N/A,
132.8113,gk,SliderControl,Slider Control,658,393,374.89,-47622.51,None,N/A,
132.8212,gk,SliderControl,Slider Control,652,392,615.08,24287.52,None,N/A,
132.8309,gk,SliderControl,Slider Control,650,392,205.83,-42118.11,None,N/A,
132.8412,gk,SliderControl,Slider Control,647,391,307.56,9894.23,None,N/A,
132.8514,gk,SliderControl,Slider Control,642,391,488.85,17724.20,None,N/A,
132.8619,gk,SliderControl,Slider Control,639,390,302.41,-17828.89,None,N/A,
132.8710,gk,SliderControl,Slider Control,634,390,547.33,26810.13,None,N/A,
132.8813,gk,SliderControl,Slider Control,631,389,308.80,-23292.80,None,N/A,
132.8916,gk,SliderControl,Slider Control,626,389,485.37,17140.83,None,N/A,
132.9008,gk,SliderControl,Slider Control,623,388,341.09,-15562.81,None,N/A,
132.9116,gk,SliderControl,Slider Control,618,388,465.90,11629.87,None,N/A,
132.9216,gk,SliderControl,Slider Control,616,387,223.76,-24230.48,None,N/A,
132.9314,gk,SliderControl,Slider Control,612,387,405.82,18470.57,None,N/A,
132.9410,gk,SliderControl,Slider Control,611,386,146.73,-26881.24,None,N/A,
132.9509,gk,SliderControl,Slider Control,609,386,203.19,5736.20,None,N/A,
132.9609,gk,SliderControl,Slider Control,606,385,315.39,11190.46,None,N/A,
132.9716,gk,SliderControl,Slider Control,604,385,187.11,-12001.62,None,N/A,
132.9809,gk,SliderControl,Slider Control,601,385,322.56,14564.47,None,N/A,
132.9912,gk,SliderControl,Slider Control,599,384,217.41,-10223.88,None,N/A,
133.0008,gk,SliderControl,Slider Control,596,384,310.67,9657.93,None,N/A,
133.0113,gk,SliderControl,Slider Control,595,383,134.91,-16766.99,None,N/A,
133.0209,gk,SliderControl,Slider Control,592,383,314.44,18817.52,None,N/A,
133.0316,gk,SliderControl,Slider Control,590,382,207.71,-9914.13,None,N/A,
133.0413,gk,SliderControl,Slider Control,587,382,311.64,10796.67,None,N/A,
133.0511,gk,SliderControl,Slider Control,586,381,144.31,-17075.15,None,N/A,
133.0608,gk,SliderControl,Slider Control,584,381,205.78,6325.11,None,N/A,
133.0715,gk,SliderControl,Slider Control,581,380,295.45,8377.16,None,N/A,
133.0814,gk,SliderControl,Slider Control,579,380,202.53,-9409.33,None,N/A,
133.0911,gk,SliderControl,Slider Control,576,379,323.16,12327.73,None,N/A,
133.1011,gk,SliderControl,Slider Control,575,379,100.89,-22425.37,None,N/A,
133.1110,gk,SliderControl,Slider Control,572,378,316.62,21599.61,None,N/A,
133.1208,gk,SliderControl,Slider Control,571,378,102.18,-21911.59,None,N/A,
133.1311,gk,SliderControl,Slider Control,568,377,306.70,19835.77,None,N/A,
133.1411,gk,SliderControl,Slider Control,567,377,100.25,-20696.48,None,N/A,
133.1506,gk,SliderControl,Slider Control,565,376,234.93,14149.62,None,N/A,
133.1607,gk,SliderControl,Slider Control,564,375,140.30,-9387.62,None,N/A,
133.1712,gk,SliderControl,Slider Control,562,374,213.78,7024.39,None,N/A,
133.1811,gk,SliderControl,Slider Control,562,374,0.00,-21546.04,None,N/A,
133.1912,gk,SliderControl,Slider Control,561,373,139.32,13724.77,None,N/A,
133.2013,gk,SliderControl,Slider Control,560,372,140.77,144.48,None,N/A,
133.2113,gk,SliderControl,Slider Control,559,371,141.83,106.68,None,N/A,
133.2212,gk,SliderControl,Slider Control,558,370,142.53,70.42,None,N/A,
133.2314,gk,SliderControl,Slider Control,557,370,98.25,-4350.76,None,N/A,
133.2414,gk,SliderControl,Slider Control,556,368,223.19,12470.99,None,N/A,
133.2508,gk,SliderControl,Slider Control,556,368,0.00,-23675.64,None,N/A,
133.2616,gk,SliderControl,Slider Control,556,366,184.87,17088.24,None,N/A,
133.2711,gk,SliderControl,Slider Control,556,365,105.68,-8368.55,None,N/A,
133.2810,gk,SliderControl,Slider Control,556,364,100.77,-494.88,None,N/A,
133.2915,gk,SliderControl,Slider Control,557,363,134.72,3234.28,None,N/A,
133.3009,gk,SliderControl,Slider Control,557,362,106.40,-3013.88,None,N/A,
133.3115,gk,SliderControl,Slider Control,558,362,94.67,-1110.36,None,N/A,
133.3208,gk,SliderControl,Slider Control,559,361,151.31,6060.12,None,N/A,
133.3316,gk,SliderControl,Slider Control,560,361,92.35,-5444.83,None,N/A,
133.3416,gk,SliderControl,Slider Control,561,361,100.91,863.70,None,N/A,
133.3511,gk,SliderControl,Slider Control,562,361,104.74,400.93,None,N/A,
133.3608,gk,SliderControl,Slider Control,562,361,0.00,-10836.20,None,N/A,
133.3713,gk,SliderControl,Slider Control,563,361,94.70,8968.67,None,N/A,
133.3812,gk,SliderControl,Slider Control,563,361,0.00,-9586.89,None,N/A,
133.3908,gk,SliderControl,Slider Control,564,361,104.34,10886.53,None,N/A,
133.4008,gk,SliderControl,Slider Control,564,361,0.00,-10398.41,None,N/A,
133.4116,gk,SliderControl,Slider Control,564,361,0.00,0.00,None,N/A,
133.4212,gk,SliderControl,Slider Control,564,361,0.00,0.00,None,N/A,
133.4309,gk,SliderControl,Slider Control,564,361,0.00,0.00,None,N/A,
133.4410,gk,SliderControl,Slider Control,564,361,0.00,0.00,None,N/A,
133.4514,gk,SliderControl,Slider Control,564,361,0.00,0.00,None,N/A,
133.4609,gk,SliderControl,Slider Control,564,361,0.00,0.00,None,N/A,
133.4715,gk,SliderControl,Slider Control,564,361,0.00,0.00,None,N/A,
133.4811,gk,SliderControl,Slider Control,564,361,0.00,0.00,None,N/A,
133.4908,gk,SliderControl,Slider Control,564,361,0.00,0.00,None,N/A,
133.5015,gk,SliderControl,Slider Control,564,361,0.00,0.00,None,N/A,
133.5115,gk,SliderControl,Slider Control,564,361,0.00,0.00,None,N/A,
133.5211,gk,SliderControl,Slider Control,564,361,0.00,0.00,None,N/A,
133.5316,gk,SliderControl,Slider Control,564,361,0.00,0.00,None,N/A,
133.5411,gk,SliderControl,Slider Control,564,361,0.00,0.00,None,N/A,
133.5517,gk,SliderControl,Slider Control,564,361,0.00,0.00,None,N/A,
133.5612,gk,SliderControl,Slider Control,564,361,0.00,0.00,None,N/A,
133.5717,gk,SliderControl,Slider Control,564,361,0.00,0.00,None,N/A,
133.5816,gk,SliderControl,Slider Control,564,361,0.00,0.00,None,N/A,
133.5913,gk,SliderControl,Slider Control,564,361,0.00,0.00,None,N/A,
133.6017,gk,SliderControl,Slider Control,564,361,0.00,0.00,None,N/A,
133.6112,gk,SliderControl,Slider Control,564,361,0.00,0.00,None,N/A,
133.6208,gk,SliderControl,Slider Control,564,361,0.00,0.00,None,N/A,
133.6312,gk,SliderControl,Slider Control,564,361,0.00,0.00,None,N/A,
133.6416,gk,SliderControl,Slider Control,564,361,0.00,0.00,None,N/A,
133.6513,gk,SliderControl,Slider Control,564,361,0.00,0.00,None,N/A,
133.6610,gk,SliderControl,Slider Control,564,361,0.00,0.00,None,N/A,
133.6719,gk,SliderControl,Slider Control,564,361,0.00,0.00,None,N/A,
133.6816,gk,SliderControl,Slider Control,564,361,0.00,0.00,None,N/A,
133.6917,gk,SliderControl,Slider Control,564,361,0.00,0.00,None,N/A,
133.7011,gk,SliderControl,Slider Control,564,362,106.64,11371.76,None,N/A,
133.7116,gk,SliderControl,Slider Control,564,362,0.00,-10167.86,None,N/A,
133.7214,gk,SliderControl,Slider Control,564,362,0.00,0.00,None,N/A,
133.7315,gk,SliderControl,Slider Control,564,363,98.73,9748.33,None,N/A,
133.7409,gk,SliderControl,Slider Control,564,364,107.09,894.93,None,N/A,
133.7511,gk,SliderControl,Slider Control,565,364,97.57,-928.58,None,N/A,
133.7611,gk,SliderControl,Slider Control,565,365,100.56,299.92,None,N/A,
133.7715,gk,SliderControl,Slider Control,565,365,0.00,-9669.27,None,N/A,
133.7815,gk,SliderControl,Slider Control,565,366,99.35,9871.10,None,N/A,
133.7912,gk,SliderControl,Slider Control,566,366,103.82,464.21,None,N/A,
133.8012,gk,SliderControl,Slider Control,566,367,99.37,-442.21,None,N/A,
133.8110,gk,SliderControl,Slider Control,566,367,0.00,-10124.30,None,N/A,
133.8215,gk,SliderControl,Slider Control,566,367,0.00,0.00,None,N/A,
133.8312,gk,SliderControl,Slider Control,566,368,102.63,10533.02,None,N/A,
133.8417,gk,SliderControl,Slider Control,566,368,0.00,-9824.35,None,N/A,
133.8511,gk,SliderControl,Slider Control,566,368,0.00,0.00,None,N/A,
133.8609,gk,SliderControl,Slider Control,567,368,101.48,10298.36,None,N/A,
133.8715,gk,SliderControl,Slider Control,567,368,0.00,-9542.67,None,N/A,
133.8814,gk,SliderControl,Slider Control,567,369,101.57,10317.32,None,N/A,
133.8915,gk,SliderControl,Slider Control,567,369,0.00,-10034.70,None,N/A,
133.9015,gk,SliderControl,Slider Control,567,369,0.00,0.00,None,N/A,
133.9109,gk,SliderControl,Slider Control,567,370,106.59,11361.36,None,N/A,
133.9213,gk,SliderControl,Slider Control,567,370,0.00,-10282.42,None,N/A,
133.9311,gk,SliderControl,Slider Control,568,370,101.79,10361.44,None,N/A,
133.9408,gk,SliderControl,Slider Control,568,370,0.00,-10518.95,None,N/A,
133.9512,gk,SliderControl,Slider Control,568,370,0.00,0.00,None,N/A,
133.9616,gk,SliderControl,Slider Control,568,370,0.00,0.00,None,N/A,
133.9718,gk,SliderControl,Slider Control,568,370,0.00,0.00,None,N/A,
133.9814,gk,SliderControl,Slider Control,568,370,0.00,0.00,None,N/A,
133.9910,gk,SliderControl,Slider Control,568,370,0.00,0.00,None,N/A,
134.0017,gk,SliderControl,Slider Control,568,370,0.00,0.00,None,N/A,
134.0119,gk,SliderControl,Slider Control,568,370,0.00,0.00,None,N/A,
134.0219,gk,SliderControl,Slider Control,568,370,0.00,0.00,None,N/A,
134.0319,gk,SliderControl,Slider Control,568,370,0.00,0.00,None,N/A,
134.0407,gk,SliderControl,Slider Control,568,370,0.00,0.00,None,N/A,
134.0516,gk,SliderControl,Slider Control,568,370,0.00,0.00,None,N/A,
134.0618,gk,SliderControl,Slider Control,568,370,0.00,0.00,None,N/A,
134.0714,gk,SliderControl,Slider Control,568,370,0.00,0.00,None,N/A,
134.0807,gk,SliderControl,Slider Control,568,370,0.00,0.00,None,N/A,
134.0911,gk,SliderControl,Slider Control,568,370,0.00,0.00,None,N/A,
134.1015,gk,SliderControl,Slider Control,568,370,0.00,0.00,None,N/A,
134.1111,gk,SliderControl,Slider Control,568,370,0.00,0.00,None,N/A,
134.1216,gk,SliderControl,Slider Control,568,370,0.00,0.00,None,N/A,
134.1308,gk,SliderControl,Slider Control,568,370,0.00,0.00,Left,N/A,
134.1414,gk,SliderControl,Slider Control,568,370,0.00,0.00,Left,N/A,
134.1509,gk,SliderControl,Slider Control,568,370,0.00,0.00,Left,N/A,
134.1614,gk,SliderControl,Slider Control,568,370,0.00,0.00,Left,N/A,
134.1710,gk,SliderControl,Slider Control,568,370,0.00,0.00,Left,N/A,
134.1816,gk,SliderControl,Slider Control,568,370,0.00,0.00,Left,N/A,
134.1916,gk,SliderControl,Slider Control,568,370,0.00,0.00,Left,N/A,
134.2013,gk,SliderControl,Slider Control,568,370,0.00,0.00,Left,N/A,
134.2110,gk,SliderControl,Slider Control,568,370,0.00,0.00,Left,N/A,
134.2215,gk,SliderControl,Slider Control,568,370,0.00,0.00,Left,N/A,
134.2309,gk,SliderControl,Slider Control,568,370,0.00,0.00,Left,N/A,
134.2414,gk,SliderControl,Slider Control,568,370,0.00,0.00,Left,N/A,
134.2511,gk,SliderControl,Slider Control,568,370,0.00,0.00,Left,N/A,
134.2616,gk,SliderControl,Slider Control,568,370,0.00,0.00,Left,N/A,
134.2711,gk,SliderControl,Slider Control,568,370,0.00,0.00,Left,N/A,
134.2815,gk,SliderControl,Slider Control,568,370,0.00,0.00,Left,N/A,
134.2909,gk,SliderControl,Slider Control,568,370,0.00,0.00,Left,N/A,
134.3015,gk,SliderControl,Slider Control,568,370,0.00,0.00,Left,N/A,
134.3111,gk,SliderControl,Slider Control,568,370,0.00,0.00,Left,N/A,
134.3214,gk,SliderControl,Slider Control,568,370,0.00,0.00,Left,N/A,
134.3309,gk,SliderControl,Slider Control,568,370,0.00,0.00,Left,N/A,
134.3417,gk,SliderControl,Slider Control,572,370,371.32,34469.08,Left,N/A,
134.3515,gk,SliderControl,Slider Control,577,370,509.50,14080.82,Left,N/A,
134.3611,gk,SliderControl,Slider Control,580,370,312.70,-20512.93,Left,N/A,
134.3712,gk,SliderControl,Slider Control,584,370,396.04,8251.54,Left,N/A,
134.3808,gk,SliderControl,Slider Control,593,371,948.93,57938.39,Left,N/A,
134.3917,gk,SliderControl,Slider Control,599,371,547.85,-36622.32,Left,N/A,
134.4010,gk,SliderControl,Slider Control,611,372,1301.13,81395.28,Left,N/A,
134.4113,gk,SliderControl,Slider Control,617,372,581.61,-69747.11,Left,N/A,
134.4207,gk,SliderControl,Slider Control,628,373,1177.59,63539.60,Left,N/A,
134.4311,gk,SliderControl,Slider Control,633,374,489.42,-66052.96,Left,N/A,
134.4408,gk,SliderControl,Slider Control,638,375,524.10,3563.88,Left,N/A,
134.4516,gk,SliderControl,Slider Control,646,376,746.17,20552.74,Left,N/A,
134.4611,gk,SliderControl,Slider Control,650,376,423.29,-34167.62,Left,N/A,
134.4707,gk,SliderControl,Slider Control,657,377,730.79,31778.98,Left,N/A,
134.4812,gk,SliderControl,Slider Control,660,377,287.22,-42467.09,Left,N/A,
134.4914,gk,SliderControl,Slider Control,666,378,598.07,30562.83,Left,N/A,
134.5015,gk,SliderControl,Slider Control,669,378,297.03,-29805.70,Left,N/A,
134.5110,gk,SliderControl,Slider Control,675,379,634.73,35239.00,Left,N/A,
134.5211,gk,SliderControl,Slider Control,679,379,396.63,-23609.21,Left,N/A,
134.5316,gk,SliderControl,Slider Control,687,380,768.01,35377.51,Left,N/A,
134.5408,gk,SliderControl,Slider Control,692,381,558.20,-22968.59,Left,N/A,
134.5509,gk,SliderControl,Slider Control,704,381,1181.44,61359.94,Left,N/A,
134.5613,gk,SliderControl,Slider Control,711,382,682.96,-48145.63,Left,N/A,
134.5709,gk,SliderControl,Slider Control,717,382,621.46,-6370.39,Left,N/A,
134.5811,gk,SliderControl,Slider Control,733,382,1571.05,93240.92,Left,N/A,
134.5916,gk,SliderControl,Slider Control,741,382,761.41,-77058.24,Left,N/A,
134.6016,gk,SliderControl,Slider Control,752,383,1104.85,34354.52,Left,N/A,
134.6110,gk,SliderControl,Slider Control,756,384,440.32,-70967.68,Left,N/A,
134.6207,gk,SliderControl,Slider Control,763,384,716.59,28281.79,Left,N/A,
134.6309,gk,SliderControl,Slider Control,766,384,294.41,-41431.47,Left,N/A,
134.6413,gk,SliderControl,Slider Control,772,385,585.84,28068.48,Left,N/A,
134.6516,gk,SliderControl,Slider Control,774,385,193.77,-37986.42,Left,N/A,
134.6607,gk,SliderControl,Slider Control,778,385,441.24,27297.90,Left,N/A,
134.6708,gk,SliderControl,Slider Control,780,385,198.20,-24085.23,Left,N/A,
134.6810,gk,SliderControl,Slider Control,783,385,293.94,9379.95,Left,N/A,
134.6913,gk,SliderControl,Slider Control,785,385,194.73,-9659.60,Left,N/A,
134.7008,gk,SliderControl,Slider Control,787,385,210.79,1693.08,Left,N/A,
134.7114,gk,SliderControl,Slider Control,790,384,296.86,8080.23,Left,N/A,
134.7209,gk,SliderControl,Slider Control,792,384,210.83,-9069.36,Left,N/A,
134.7316,gk,SliderControl,Slider Control,797,383,475.53,24685.54,Left,N/A,
134.7409,gk,SliderControl,Slider Control,800,383,324.28,-16349.00,Left,N/A,
134.7511,gk,SliderControl,Slider Control,804,382,404.50,7870.27,Left,N/A,
134.7608,gk,SliderControl,Slider Control,807,382,307.15,-9967.12,Left,N/A,
134.7717,gk,SliderControl,Slider Control,811,381,378.76,6578.84,Left,N/A,
134.7816,gk,SliderControl,Slider Control,813,381,201.76,-17856.05,Left,N/A,
134.7915,gk,SliderControl,Slider Control,816,380,318.77,11795.56,Left,N/A,
134.8011,gk,SliderControl,Slider Control,817,380,104.34,-22374.18,Left,N/A,
134.8111,gk,SliderControl,Slider Control,818,379,142.32,3822.11,Left,N/A,
134.8207,gk,SliderControl,Slider Control,820,379,206.93,6685.07,Left,N/A,
134.8311,gk,SliderControl,Slider Control,821,378,136.43,-6801.14,Left,N/A,
134.8417,gk,SliderControl,Slider Control,822,378,94.35,-3970.74,Left,N/A,
134.8509,gk,SliderControl,Slider Control,823,378,108.53,1539.53,Left,N/A,
134.8609,gk,SliderControl,Slider Control,824,378,100.26,-829.29,Left,N/A,
134.8712,gk,SliderControl,Slider Control,824,378,0.00,-9756.71,Left,N/A,
134.8813,gk,SliderControl,Slider Control,825,378,98.96,9793.93,Left,N/A,
134.8914,gk,SliderControl,Slider Control,826,377,139.46,3993.38,Left,N/A,
134.9009,gk,SliderControl,Slider Control,828,377,210.60,7491.03,Left,N/A,
134.9108,gk,SliderControl,Slider Control,829,376,142.92,-6839.65,Left,N/A,
134.9212,gk,SliderControl,Slider Control,831,376,191.61,4664.46,Left,N/A,
134.9316,gk,SliderControl,Slider Control,834,375,304.31,10846.05,Left,N/A,
134.9416,gk,SliderControl,Slider Control,835,375,100.22,-20454.36,Left,N/A,
134.9513,gk,SliderControl,Slider Control,838,375,307.92,21318.63,Left,N/A,
134.9613,gk,SliderControl,Slider Control,839,375,100.06,-20799.13,Left,N/A,
134.9708,gk,SliderControl,Slider Control,842,375,316.81,22889.80,Left,N/A,
134.9817,gk,SliderControl,Slider Control,843,375,91.89,-20667.71,Left,N/A,
134.9913,gk,SliderControl,Slider Control,845,375,207.38,11975.96,Left,N/A,
135.0015,gk,SliderControl,Slider Control,846,375,98.18,-10721.51,Left,N/A,
135.0111,gk,SliderControl,Slider Control,848,375,208.88,11561.08,Left,N/A,
135.0211,gk,SliderControl,Slider Control,849,375,100.41,-10891.46,Left,N/A,
135.0313,gk,SliderControl,Slider Control,850,375,97.61,-273.70,Left,N/A,
135.0413,gk,SliderControl,Slider Control,850,375,0.00,-9769.87,Left,N/A,
135.0509,gk,SliderControl,Slider Control,851,375,104.09,10834.18,Left,N/A,
135.0614,gk,SliderControl,Slider Control,851,375,0.00,-9904.13,Left,N/A,
135.0709,gk,SliderControl,Slider Control,852,375,105.21,11068.60,Left,N/A,
135.0815,gk,SliderControl,Slider Control,853,376,133.90,2716.67,Left,N/A,
135.0911,gk,SliderControl,Slider Control,854,376,103.76,-3127.69,Left,N/A,
135.1006,gk,SliderControl,Slider Control,855,377,148.51,4699.31,Left,N/A,
135.1111,gk,SliderControl,Slider Control,856,377,95.20,-5074.69,Left,N/A,
135.1211,gk,SliderControl,Slider Control,857,378,142.42,4754.68,Left,N/A,
135.1315,gk,SliderControl,Slider Control,857,378,0.00,-13661.55,Left,N/A,
135.1413,gk,SliderControl,Slider Control,858,378,101.84,10372.01,Left,N/A,
135.1510,gk,SliderControl,Slider Control,858,378,0.00,-10526.64,Left,N/A,
135.1609,gk,SliderControl,Slider Control,858,378,0.00,0.00,Left,N/A,
135.1708,gk,SliderControl,Slider Control,858,378,0.00,0.00,Left,N/A,
135.1807,gk,SliderControl,Slider Control,859,378,100.68,10135.86,Left,N/A,
135.1912,gk,SliderControl,Slider Control,859,378,0.00,-9599.88,Left,N/A,
135.2008,gk,SliderControl,Slider Control,859,378,0.00,0.00,Left,N/A,
135.2112,gk,SliderControl,Slider Control,859,378,0.00,0.00,Left,N/A,
135.2216,gk,SliderControl,Slider Control,859,378,0.00,0.00,Left,N/A,
135.2310,gk,SliderControl,Slider Control,859,378,0.00,0.00,Left,N/A,
135.2414,gk,SliderControl,Slider Control,859,378,0.00,0.00,Left,N/A,
135.2508,gk,SliderControl,Slider Control,859,378,0.00,0.00,Left,N/A,
135.2614,gk,SliderControl,Slider Control,859,378,0.00,0.00,Left,N/A,
135.2712,gk,SliderControl,Slider Control,859,378,0.00,0.00,Left,N/A,
135.2811,gk,SliderControl,Slider Control,859,378,0.00,0.00,Left,N/A,
135.2907,gk,SliderControl,Slider Control,859,379,103.50,10712.61,Left,N/A,
135.3011,gk,SliderControl,Slider Control,859,379,0.00,-9936.77,Left,N/A,
135.3117,gk,SliderControl,Slider Control,859,380,94.99,9023.60,Left,N/A,
135.3127,gk,SliderControl,Slider Control,859,380,94.99,0.00,None,N/A,slider_released_correct
135.3217,gk,SliderControl,Slider Control,859,380,0.00,-9510.84,None,N/A,
135.3311,gk,SliderControl,Slider Control,859,380,0.00,0.00,None,N/A,
135.3415,gk,SliderControl,Slider Control,859,380,0.00,0.00,None,N/A,
135.3510,gk,SliderControl,Slider Control,859,380,0.00,0.00,None,N/A,
135.3615,gk,SliderControl,Slider Control,859,380,0.00,0.00,None,N/A,
135.3711,gk,SliderControl,Slider Control,859,380,0.00,0.00,None,N/A,
135.3816,gk,SliderControl,Slider Control,859,380,0.00,0.00,None,N/A,
135.3912,gk,SliderControl,Slider Control,859,380,0.00,0.00,None,N/A,
135.4016,gk,SliderControl,Slider Control,859,380,0.00,0.00,None,N/A,
135.4115,gk,SliderControl,Slider Control,859,380,0.00,0.00,None,N/A,
135.4218,gk,SliderControl,Slider Control,859,380,0.00,0.00,None,N/A,
135.4316,gk,SliderControl,Slider Control,859,380,0.00,0.00,None,N/A,
135.4412,gk,SliderControl,Slider Control,859,380,0.00,0.00,None,N/A,
135.4508,gk,SliderControl,Slider Control,859,380,0.00,0.00,None,N/A,
135.4614,gk,SliderControl,Slider Control,859,380,0.00,0.00,None,N/A,
135.4715,gk,SliderControl,Slider Control,859,380,0.00,0.00,None,N/A,
135.4816,gk,SliderControl,Slider Control,859,380,0.00,0.00,None,N/A,
135.4912,gk,SliderControl,Slider Control,859,380,0.00,0.00,None,N/A,
135.5008,gk,SliderControl,Slider Control,859,380,0.00,0.00,None,N/A,
135.5114,gk,SliderControl,Slider Control,859,380,0.00,0.00,None,N/A,
135.5210,gk,SliderControl,Slider Control,859,380,0.00,0.00,None,N/A,
135.5316,gk,SliderControl,Slider Control,859,380,0.00,0.00,None,N/A,
135.5411,gk,SliderControl,Slider Control,859,380,0.00,0.00,None,N/A,
135.5516,gk,SliderControl,Slider Control,859,380,0.00,0.00,None,N/A,
135.5611,gk,SliderControl,Slider Control,859,380,0.00,0.00,None,N/A,
135.5720,gk,SliderControl,Slider Control,859,380,0.00,0.00,None,N/A,
135.5820,gk,SliderControl,Slider Control,859,380,0.00,0.00,None,N/A,
135.5920,gk,SliderControl,Slider Control,859,380,0.00,0.00,None,N/A,
135.6021,gk,SliderControl,Slider Control,859,380,0.00,0.00,None,N/A,
135.6112,gk,SliderControl,Slider Control,859,380,0.00,0.00,None,N/A,
135.6208,gk,SliderControl,Slider Control,859,380,0.00,0.00,None,N/A,
135.6316,gk,SliderControl,Slider Control,859,380,0.00,0.00,None,N/A,
135.6411,gk,SliderControl,Slider Control,859,380,0.00,0.00,None,N/A,
135.6520,gk,SliderControl,Slider Control,859,380,0.00,0.00,None,N/A,
135.6616,gk,SliderControl,Slider Control,859,380,0.00,0.00,None,N/A,
135.6712,gk,SliderControl,Slider Control,859,380,0.00,0.00,None,N/A,
135.6817,gk,SliderControl,Slider Control,859,380,0.00,0.00,None,N/A,
135.6914,gk,SliderControl,Slider Control,859,380,0.00,0.00,None,N/A,
135.7009,gk,SliderControl,Slider Control,859,380,0.00,0.00,None,N/A,
135.7115,gk,SliderControl,Slider Control,859,380,0.00,0.00,None,N/A,
135.7213,gk,SliderControl,Slider Control,859,380,0.00,0.00,None,N/A,
135.7315,gk,SliderControl,Slider Control,859,380,0.00,0.00,None,N/A,
135.7417,gk,SliderControl,Slider Control,859,380,0.00,0.00,None,N/A,
135.7515,gk,SliderControl,Slider Control,859,380,0.00,0.00,None,N/A,
135.7615,gk,SliderControl,Slider Control,859,380,0.00,0.00,None,N/A,
135.7711,gk,SliderControl,Slider Control,859,380,0.00,0.00,None,N/A,
135.7817,gk,SliderControl,Slider Control,859,380,0.00,0.00,None,N/A,
135.7912,gk,SliderControl,Slider Control,859,380,0.00,0.00,None,N/A,
135.8015,gk,SliderControl,Slider Control,859,380,0.00,0.00,None,N/A,
135.8111,gk,SliderControl,Slider Control,859,380,0.00,0.00,None,N/A,
135.8215,gk,SliderControl,Slider Control,859,380,0.00,0.00,None,N/A,
135.8309,gk,SliderControl,Slider Control,859,380,0.00,0.00,None,N/A,
135.8412,gk,SliderControl,Slider Control,865,379,589.39,57109.15,None,N/A,
135.8514,gk,SliderControl,Slider Control,873,378,793.85,20131.88,None,N/A,
135.8612,gk,SliderControl,Slider Control,881,376,841.76,4890.85,None,N/A,
135.8709,gk,SliderControl,Slider Control,893,375,1245.56,41767.86,None,N/A,
135.8808,gk,SliderControl,Slider Control,898,374,513.49,-73721.86,None,N/A,
135.8916,gk,SliderControl,Slider Control,915,372,1590.71,100105.75,None,N/A,
135.9015,gk,SliderControl,Slider Control,923,372,807.74,-79054.10,None,N/A,
135.9117,gk,SliderControl,Slider Control,934,372,1077.42,26414.36,None,N/A,
135.9211,gk,SliderControl,Slider Control,938,372,422.92,-69200.42,None,N/A,
135.9309,gk,SliderControl,Slider Control,945,373,720.45,30315.07,None,N/A,
135.9416,gk,SliderControl,Slider Control,949,374,386.09,-31310.09,None,N/A,
135.9511,gk,SliderControl,Slider Control,956,374,738.77,37221.51,None,N/A,
135.9617,gk,SliderControl,Slider Control,959,375,298.55,-41561.09,None,N/A,
135.9710,gk,SliderControl,Slider Control,963,375,430.27,14168.84,None,N/A,
135.9808,gk,SliderControl,Slider Control,969,376,622.25,19638.96,None,N/A,
135.9907,gk,SliderControl,Slider Control,972,376,301.19,-32233.52,None,N/A,
136.0014,gk,SliderControl,Slider Control,976,376,374.89,6908.15,None,N/A,
136.0112,gk,SliderControl,Slider Control,978,376,204.35,-17425.31,None,N/A,
136.0208,gk,SliderControl,Slider Control,982,377,429.35,23431.05,None,N/A,
136.0311,gk,SliderControl,Slider Control,983,377,97.21,-32288.78,None,N/A,
136.0414,gk,SliderControl,Slider Control,987,377,385.28,27745.78,None,N/A,
136.0513,gk,SliderControl,Slider Control,988,377,101.85,-28866.09,None,N/A,
136.0614,gk,SliderControl,Slider Control,992,378,408.59,30397.60,None,N/A,
136.0710,gk,SliderControl,Slider Control,993,378,104.07,-31692.25,None,N/A,
136.0811,gk,SliderControl,Slider Control,995,379,219.73,11365.08,None,N/A,
136.0915,gk,SliderControl,Slider Control,997,379,192.61,-2611.71,None,N/A,
136.1016,gk,SliderControl,Slider Control,998,379,99.39,-9265.26,None,N/A,
136.1110,gk,SliderControl,Slider Control,1000,380,236.74,14540.83,None,N/A,
136.1216,gk,SliderControl,Slider Control,1001,380,94.31,-13432.31,None,N/A,
136.1307,gk,SliderControl,Slider Control,1003,380,220.23,13865.53,None,N/A,
136.1411,gk,SliderControl,Slider Control,1003,380,0.00,-21294.59,None,N/A,
136.1513,gk,SliderControl,Slider Control,1005,380,195.39,19088.30,None,N/A,
136.1616,gk,SliderControl,Slider Control,1005,380,0.00,-18924.33,None,N/A,
136.1707,gk,SliderControl,Slider Control,1007,380,220.99,24418.57,None,N/A,
136.1810,gk,SliderControl,Slider Control,1008,379,136.85,-8142.13,None,N/A,
136.1914,gk,SliderControl,Slider Control,1009,379,95.98,-3923.01,None,N/A,
136.2014,gk,SliderControl,Slider Control,1010,378,142.20,4648.11,None,N/A,
136.2113,gk,SliderControl,Slider Control,1010,378,0.00,-14330.15,None,N/A,
136.2209,gk,SliderControl,Slider Control,1012,378,208.35,21703.89,None,N/A,
136.2317,gk,SliderControl,Slider Control,1012,378,0.00,-19297.83,None,N/A,
136.2412,gk,SliderControl,Slider Control,1013,377,149.00,15697.43,None,N/A,
136.2513,gk,SliderControl,Slider Control,1013,377,0.00,-14756.68,None,N/A,
136.2607,gk,SliderControl,Slider Control,1013,376,105.91,11216.10,None,N/A,
136.2708,gk,SliderControl,Slider Control,1013,376,0.00,-10491.31,None,N/A,
136.2807,gk,SliderControl,Slider Control,1012,375,142.76,14410.95,None,N/A,
136.2916,gk,SliderControl,Slider Control,1011,375,91.64,-4684.53,None,N/A,
136.3012,gk,SliderControl,Slider Control,1010,374,147.56,5834.74,None,N/A,
136.3108,gk,SliderControl,Slider Control,1009,374,104.47,-4501.93,None,N/A,
136.3208,gk,SliderControl,Slider Control,1009,374,0.00,-10424.97,None,N/A,
136.3316,gk,SliderControl,Slider Control,1007,373,206.48,19067.40,None,N/A,
136.3415,gk,SliderControl,Slider Control,1007,373,0.00,-20931.46,None,N/A,
136.3511,gk,SliderControl,Slider Control,1005,372,232.66,24207.93,None,N/A,
136.3616,gk,SliderControl,Slider Control,1005,372,0.00,-22128.02,None,N/A,
136.3709,gk,SliderControl,Slider Control,1003,372,216.83,23507.00,None,N/A,
136.3816,gk,SliderControl,Slider Control,1003,372,0.00,-20094.54,None,N/A,
136.3910,gk,SliderControl,Slider Control,1002,371,151.59,16249.40,None,N/A,
136.4013,gk,SliderControl,Slider Control,1002,371,0.00,-14662.12,None,N/A,
136.4112,gk,SliderControl,Slider Control,1002,371,0.00,0.00,None,N/A,
136.4207,gk,SliderControl,Slider Control,1002,371,0.00,0.00,None,N/A,
136.4316,gk,SliderControl,Slider Control,1001,371,91.20,8317.14,None,N/A,
136.4413,gk,SliderControl,Slider Control,1001,371,0.00,-9498.25,None,N/A,
136.4508,gk,SliderControl,Slider Control,1001,371,0.00,0.00,None,N/A,
136.4612,gk,SliderControl,Slider Control,1001,371,0.00,0.00,None,N/A,
136.4717,gk,SliderControl,Slider Control,1001,371,0.00,0.00,None,N/A,
136.4814,gk,SliderControl,Slider Control,1001,371,0.00,0.00,None,N/A,
136.4909,gk,SliderControl,Slider Control,1001,371,0.00,0.00,None,N/A,
136.5007,gk,SliderControl,Slider Control,1002,371,102.85,10577.49,None,N/A,
136.5112,gk,SliderControl,Slider Control,1002,372,95.21,-727.46,None,N/A,
136.5217,gk,SliderControl,Slider Control,1002,372,0.00,-9080.28,None,N/A,
136.5312,gk,SliderControl,Slider Control,1002,372,0.00,0.00,None,N/A,
136.5421,gk,SliderControl,Slider Control,1002,372,0.00,0.00,None,N/A,
136.5510,gk,SliderControl,Slider Control,1002,372,0.00,0.00,None,N/A,
136.5621,gk,SliderControl,Slider Control,1002,372,0.00,0.00,None,N/A,
136.5721,gk,SliderControl,Slider Control,1002,372,0.00,0.00,None,N/A,
136.5807,gk,SliderControl,Slider Control,1002,372,0.00,0.00,None,N/A,
136.5916,gk,SliderControl,Slider Control,1002,372,0.00,0.00,None,N/A,
136.6017,gk,SliderControl,Slider Control,1002,372,0.00,0.00,None,N/A,
136.6118,gk,SliderControl,Slider Control,1002,372,0.00,0.00,None,N/A,
136.6218,gk,SliderControl,Slider Control,1002,372,0.00,0.00,None,N/A,
136.6314,gk,SliderControl,Slider Control,1002,372,0.00,0.00,None,N/A,
136.6409,gk,SliderControl,Slider Control,1002,372,0.00,0.00,None,N/A,
136.6515,gk,SliderControl,Slider Control,1002,372,0.00,0.00,None,N/A,
136.6610,gk,SliderControl,Slider Control,1002,372,0.00,0.00,None,N/A,
136.6715,gk,SliderControl,Slider Control,1002,372,0.00,0.00,None,N/A,
136.6811,gk,SliderControl,Slider Control,1002,372,0.00,0.00,None,N/A,
136.6908,gk,SliderControl,Slider Control,1002,372,0.00,0.00,None,N/A,
136.7019,gk,SliderControl,Slider Control,1002,372,0.00,0.00,None,N/A,
136.7107,gk,SliderControl,Slider Control,1002,372,0.00,0.00,None,N/A,
136.7211,gk,SliderControl,Slider Control,1002,372,0.00,0.00,None,N/A,
136.7316,gk,SliderControl,Slider Control,1002,372,0.00,0.00,None,N/A,
136.7411,gk,SliderControl,Slider Control,1002,372,0.00,0.00,None,N/A,
136.7516,gk,SliderControl,Slider Control,1002,372,0.00,0.00,None,N/A,
136.7610,gk,SliderControl,Slider Control,1002,372,0.00,0.00,None,N/A,
136.7715,gk,SliderControl,Slider Control,1002,372,0.00,0.00,None,N/A,
136.7811,gk,SliderControl,Slider Control,1002,372,0.00,0.00,None,N/A,
136.7917,gk,SliderControl,Slider Control,1002,372,0.00,0.00,None,N/A,
136.8012,gk,SliderControl,Slider Control,1002,372,0.00,0.00,None,N/A,
136.8116,gk,SliderControl,Slider Control,1002,372,0.00,0.00,None,N/A,
136.8209,gk,SliderControl,Slider Control,1002,372,0.00,0.00,None,N/A,
136.8314,gk,SliderControl,Slider Control,1002,372,0.00,0.00,None,N/A,
136.8413,gk,SliderControl,Slider Control,1002,372,0.00,0.00,None,N/A,
136.8510,gk,SliderControl,Slider Control,1002,372,0.00,0.00,None,N/A,
136.8620,gk,SliderControl,Slider Control,1002,372,0.00,0.00,None,N/A,
136.8714,gk,SliderControl,Slider Control,1003,372,105.35,11098.09,None,N/A,
136.8815,gk,SliderControl,Slider Control,1004,372,99.35,-596.19,None,N/A,
136.8907,gk,SliderControl,Slider Control,1005,372,108.41,982.68,None,N/A,
136.9016,gk,SliderControl,Slider Control,1007,372,184.79,7056.72,None,N/A,
136.9113,gk,SliderControl,Slider Control,1007,372,0.00,-18965.29,None,N/A,
136.9211,gk,SliderControl,Slider Control,1009,372,204.11,20829.91,None,N/A,
136.9312,gk,SliderControl,Slider Control,1009,372,0.00,-20243.28,None,N/A,
136.9413,gk,SliderControl,Slider Control,1009,372,0.00,0.00,None,N/A,
136.9512,gk,SliderControl,Slider Control,1010,372,101.23,10247.72,None,N/A,
136.9610,gk,SliderControl,Slider Control,1010,372,0.00,-10342.57,None,N/A,
136.9711,gk,SliderControl,Slider Control,1011,372,98.84,9768.56,None,N/A,
136.9807,gk,SliderControl,Slider Control,1011,372,0.00,-10351.29,None,N/A,
136.9912,gk,SliderControl,Slider Control,1011,372,0.00,0.00,None,N/A,
137.0039,gk,SliderControl,Slider Control,1012,372,78.43,6150.65,None,N/A,
137.0116,gk,SliderControl,Slider Control,1012,372,0.00,-10236.59,None,N/A,
137.0212,gk,SliderControl,Slider Control,1012,372,0.00,0.00,None,N/A,
137.0308,gk,SliderControl,Slider Control,1012,372,0.00,0.00,None,N/A,
137.0420,gk,SliderControl,Slider Control,1012,372,0.00,0.00,None,N/A,
137.0513,gk,SliderControl,Slider Control,1012,372,0.00,0.00,None,N/A,
137.0612,gk,SliderControl,Slider Control,1012,372,0.00,0.00,None,N/A,
137.0716,gk,SliderControl,Slider Control,1011,372,95.72,9162.52,None,N/A,
137.0807,gk,SliderControl,Slider Control,1011,372,0.00,-10517.19,None,N/A,
137.0916,gk,SliderControl,Slider Control,1011,372,0.00,0.00,None,N/A,
137.1012,gk,SliderControl,Slider Control,1011,372,0.00,0.00,None,N/A,
137.1117,gk,SliderControl,Slider Control,1011,372,0.00,0.00,None,N/A,
137.1213,gk,SliderControl,Slider Control,1011,372,0.00,0.00,None,N/A,
137.1309,gk,SliderControl,Slider Control,1011,372,0.00,0.00,None,N/A,
137.1415,gk,SliderControl,Slider Control,1011,372,0.00,0.00,None,N/A,
137.1511,gk,SliderControl,Slider Control,1011,372,0.00,0.00,None,N/A,
137.1616,gk,SliderControl,Slider Control,1011,372,0.00,0.00,None,N/A,
137.1712,gk,SliderControl,Slider Control,1011,372,0.00,0.00,None,N/A,
137.1813,gk,SliderControl,Slider Control,1011,372,0.00,0.00,None,N/A,
137.1909,gk,SliderControl,Slider Control,1011,372,0.00,0.00,None,N/A,
137.2014,gk,SliderControl,Slider Control,1011,372,0.00,0.00,None,N/A,
137.2111,gk,SliderControl,Slider Control,1011,372,0.00,0.00,None,N/A,
137.2216,gk,SliderControl,Slider Control,1011,372,0.00,0.00,None,N/A,
137.2312,gk,SliderControl,Slider Control,1011,372,0.00,0.00,None,N/A,
137.2417,gk,SliderControl,Slider Control,1011,372,0.00,0.00,None,N/A,
137.2513,gk,SliderControl,Slider Control,1011,372,0.00,0.00,None,N/A,
137.2609,gk,SliderControl,Slider Control,1011,372,0.00,0.00,None,N/A,
137.2710,gk,SliderControl,Slider Control,1011,372,0.00,0.00,Left,N/A,
137.2810,gk,SliderControl,Slider Control,1011,372,0.00,0.00,Left,N/A,
137.2915,gk,SliderControl,Slider Control,1011,372,0.00,0.00,Left,N/A,
137.3011,gk,SliderControl,Slider Control,1011,372,0.00,0.00,Left,N/A,
137.3116,gk,SliderControl,Slider Control,1011,372,0.00,0.00,Left,N/A,
137.3213,gk,SliderControl,Slider Control,1011,372,0.00,0.00,Left,N/A,
137.3309,gk,SliderControl,Slider Control,1011,372,0.00,0.00,Left,N/A,
137.3415,gk,SliderControl,Slider Control,1011,372,0.00,0.00,Left,N/A,
137.3511,gk,SliderControl,Slider Control,1011,372,0.00,0.00,Left,N/A,
137.3616,gk,SliderControl,Slider Control,1011,372,0.00,0.00,Left,N/A,
137.3710,gk,SliderControl,Slider Control,1011,372,0.00,0.00,Left,N/A,
137.3817,gk,SliderControl,Slider Control,1011,372,0.00,0.00,Left,N/A,
137.3911,gk,SliderControl,Slider Control,1011,372,0.00,0.00,Left,N/A,
137.4014,gk,SliderControl,Slider Control,1011,372,0.00,0.00,Left,N/A,
137.4108,gk,SliderControl,Slider Control,1011,372,0.00,0.00,Left,N/A,
137.4213,gk,SliderControl,Slider Control,1011,372,0.00,0.00,Left,N/A,
137.4308,gk,SliderControl,Slider Control,1011,372,0.00,0.00,Left,N/A,
137.4410,gk,SliderControl,Slider Control,1017,371,594.67,58136.03,Left,N/A,
137.4517,gk,SliderControl,Slider Control,1020,371,281.17,-29381.89,Left,N/A,
137.4609,gk,SliderControl,Slider Control,1027,371,753.40,50826.04,Left,N/A,
137.4712,gk,SliderControl,Slider Control,1030,371,291.37,-44873.96,Left,N/A,
137.4817,gk,SliderControl,Slider Control,1038,371,766.56,45532.43,Left,N/A,
137.4913,gk,SliderControl,Slider Control,1042,371,417.03,-36440.61,Left,N/A,
137.5008,gk,SliderControl,Slider Control,1047,371,525.52,11402.85,Left,N/A,
137.5115,gk,SliderControl,Slider Control,1055,373,768.23,22610.60,Left,N/A,
137.5210,gk,SliderControl,Slider Control,1060,373,525.94,-25485.42,Left,N/A,
137.5312,gk,SliderControl,Slider Control,1069,374,889.01,35643.40,Left,N/A,
137.5414,gk,SliderControl,Slider Control,1073,374,394.02,-48758.58,Left,N/A,
137.5510,gk,SliderControl,Slider Control,1081,375,836.81,45959.37,Left,N/A,
137.5615,gk,SliderControl,Slider Control,1085,375,381.16,-43419.08,Left,N/A,
137.5710,gk,SliderControl,Slider Control,1093,375,842.02,48506.22,Left,N/A,
137.5812,gk,SliderControl,Slider Control,1097,375,392.12,-44103.53,Left,N/A,
137.5909,gk,SliderControl,Slider Control,1100,376,325.34,-6870.17,Left,N/A,
137.6007,gk,SliderControl,Slider Control,1107,376,713.25,39524.66,Left,N/A,
137.6115,gk,SliderControl,Slider Control,1110,376,278.33,-40350.41,Left,N/A,
137.6213,gk,SliderControl,Slider Control,1116,376,613.82,34320.66,Left,N/A,
137.6311,gk,SliderControl,Slider Control,1119,376,304.88,-31396.09,Left,N/A,
137.6409,gk,SliderControl,Slider Control,1124,376,513.74,21460.68,Left,N/A,
137.6508,gk,SliderControl,Slider Control,1127,376,302.72,-21293.63,Left,N/A,
137.6615,gk,SliderControl,Slider Control,1132,376,467.81,15446.22,Left,N/A,
137.6717,gk,SliderControl,Slider Control,1134,376,195.60,-26622.20,Left,N/A,
137.6809,gk,SliderControl,Slider Control,1140,376,651.78,49554.80,Left,N/A,
137.6910,gk,SliderControl,Slider Control,1143,376,297.21,-35127.08,Left,N/A,
137.7011,gk,SliderControl,Slider Control,1149,377,598.12,29589.24,Left,N/A,
137.7115,gk,SliderControl,Slider Control,1152,377,289.40,-29781.49,Left,N/A,
137.7216,gk,SliderControl,Slider Control,1155,377,298.33,888.36,Left,N/A,
137.7313,gk,SliderControl,Slider Control,1161,377,614.82,32430.90,Left,N/A,
137.7410,gk,SliderControl,Slider Control,1165,377,412.88,-20844.49,Left,N/A,
137.7512,gk,SliderControl,Slider Control,1172,377,690.01,27318.55,Left,N/A,
137.7619,gk,SliderControl,Slider Control,1175,376,293.54,-36802.93,Left,N/A,
137.7713,gk,SliderControl,Slider Control,1182,376,743.82,47847.15,Left,N/A,
137.7815,gk,SliderControl,Slider Control,1186,375,408.08,-33229.70,Left,N/A,
137.7907,gk,SliderControl,Slider Control,1195,375,968.31,60275.89,Left,N/A,
137.8007,gk,SliderControl,Slider Control,1200,374,512.85,-45809.70,Left,N/A,
137.8109,gk,SliderControl,Slider Control,1207,374,683.97,16720.30,Left,N/A,
137.8216,gk,SliderControl,Slider Control,1210,374,280.65,-37730.63,Left,N/A,
137.8312,gk,SliderControl,Slider Control,1212,374,209.36,-7462.25,Left,N/A,
137.8414,gk,SliderControl,Slider Control,1217,374,490.91,27642.14,Left,N/A,
137.8507,gk,SliderControl,Slider Control,1219,374,213.61,-29616.58,Left,N/A,
137.8615,gk,SliderControl,Slider Control,1223,374,370.38,14516.61,Left,N/A,
137.8717,gk,SliderControl,Slider Control,1225,374,196.15,-17087.84,Left,N/A,
137.8809,gk,SliderControl,Slider Control,1228,374,324.67,13908.72,Left,N/A,
137.8911,gk,SliderControl,Slider Control,1230,374,197.79,-12547.69,Left,N/A,
137.9008,gk,SliderControl,Slider Control,1233,375,323.20,12817.43,Left,N/A,
137.9116,gk,SliderControl,Slider Control,1235,375,186.45,-12748.77,Left,N/A,
137.9211,gk,SliderControl,Slider Control,1238,376,331.80,15251.79,Left,N/A,
137.9313,gk,SliderControl,Slider Control,1239,376,97.99,-22911.61,Left,N/A,
137.9413,gk,SliderControl,Slider Control,1241,377,224.49,12699.90,Left,N/A,
137.9516,gk,SliderControl,Slider Control,1243,377,193.89,-2966.61,Left,N/A,
137.9616,gk,SliderControl,Slider Control,1244,378,141.42,-5246.97,Left,N/A,
137.9710,gk,SliderControl,Slider Control,1246,378,212.97,7618.96,Left,N/A,
137.9812,gk,SliderControl,Slider Control,1247,378,97.37,-11255.76,Left,N/A,
137.9913,gk,SliderControl,Slider Control,1248,378,99.00,162.01,Left,N/A,
138.0012,gk,SliderControl,Slider Control,1249,378,101.81,286.03,Left,N/A,
138.0115,gk,SliderControl,Slider Control,1250,378,97.12,-455.44,Left,N/A,
138.0217,gk,SliderControl,Slider Control,1250,378,0.00,-9510.61,Left,N/A,
138.0310,gk,SliderControl,Slider Control,1250,378,0.00,0.00,Left,N/A,
138.0410,gk,SliderControl,Slider Control,1251,378,99.34,9868.30,Left,N/A,
138.0508,gk,SliderControl,Slider Control,1251,378,0.00,-10196.24,Left,N/A,
138.0613,gk,SliderControl,Slider Control,1251,378,0.00,0.00,Left,N/A,
138.0707,gk,SliderControl,Slider Control,1251,378,0.00,0.00,Left,N/A,
138.0811,gk,SliderControl,Slider Control,1251,378,0.00,0.00,Left,N/A,
138.0916,gk,SliderControl,Slider Control,1251,378,0.00,0.00,Left,N/A,
138.1013,gk,SliderControl,Slider Control,1251,378,0.00,0.00,Left,N/A,
138.1109,gk,SliderControl,Slider Control,1251,378,0.00,0.00,Left,N/A,
138.1213,gk,SliderControl,Slider Control,1251,378,0.00,0.00,Left,N/A,
138.1311,gk,SliderControl,Slider Control,1251,378,0.00,0.00,Left,N/A,
138.1407,gk,SliderControl,Slider Control,1251,378,0.00,0.00,Left,N/A,
138.1517,gk,SliderControl,Slider Control,1251,378,0.00,0.00,Left,N/A,
138.1614,gk,SliderControl,Slider Control,1251,378,0.00,0.00,Left,N/A,
138.1709,gk,SliderControl,Slider Control,1251,378,0.00,0.00,Left,N/A,
138.1814,gk,SliderControl,Slider Control,1251,378,0.00,0.00,Left,N/A,
138.1908,gk,SliderControl,Slider Control,1251,378,0.00,0.00,Left,N/A,
138.2009,gk,SliderControl,Slider Control,1251,379,98.73,9746.96,Left,N/A,
138.2113,gk,SliderControl,Slider Control,1251,379,0.00,-9443.75,Left,N/A,
138.2217,gk,SliderControl,Slider Control,1251,379,0.00,0.00,Left,N/A,
138.2312,gk,SliderControl,Slider Control,1251,379,0.00,0.00,Left,N/A,
138.2408,gk,SliderControl,Slider Control,1251,379,0.00,0.00,Left,N/A,
138.2512,gk,SliderControl,Slider Control,1251,379,0.00,0.00,Left,N/A,
138.2617,gk,SliderControl,Slider Control,1251,379,0.00,0.00,Left,N/A,
138.2712,gk,SliderControl,Slider Control,1251,379,0.00,0.00,Left,N/A,
138.2808,gk,SliderControl,Slider Control,1251,379,0.00,0.00,Left,N/A,
138.2912,gk,SliderControl,Slider Control,1251,379,0.00,0.00,Left,N/A,
138.2988,gk,SliderControl,Slider Control,1251,379,0.00,0.00,None,N/A,slider_released_missed
138.3007,gk,SliderControl,Slider Control,1251,379,0.00,0.00,None,N/A,
138.3112,gk,SliderControl,Slider Control,1251,379,0.00,0.00,None,N/A,
138.3217,gk,SliderControl,Slider Control,1251,379,0.00,0.00,None,N/A,
138.3316,gk,SliderControl,Slider Control,1251,379,0.00,0.00,None,N/A,
138.3414,gk,SliderControl,Slider Control,1251,379,0.00,0.00,None,N/A,
138.3510,gk,SliderControl,Slider Control,1251,379,0.00,0.00,None,N/A,
138.3620,gk,SliderControl,Slider Control,1251,379,0.00,0.00,None,N/A,
138.3720,gk,SliderControl,Slider Control,1251,379,0.00,0.00,None,N/A,
138.3816,gk,SliderControl,Slider Control,1251,379,0.00,0.00,None,N/A,
138.3912,gk,SliderControl,Slider Control,1251,379,0.00,0.00,None,N/A,
138.4008,gk,SliderControl,Slider Control,1251,379,0.00,0.00,None,N/A,
138.4113,gk,SliderControl,Slider Control,1251,379,0.00,0.00,None,N/A,
138.4209,gk,SliderControl,Slider Control,1251,379,0.00,0.00,None,N/A,
138.4314,gk,SliderControl,Slider Control,1251,379,0.00,0.00,None,N/A,
138.4414,gk,SliderControl,Slider Control,1251,379,0.00,0.00,None,N/A,
138.4517,gk,SliderControl,Slider Control,1251,379,0.00,0.00,None,N/A,
138.4624,gk,SliderControl,Slider Control,1251,379,0.00,0.00,None,N/A,
138.4715,gk,SliderControl,Slider Control,1251,379,0.00,0.00,None,N/A,
138.4812,gk,SliderControl,Slider Control,1251,379,0.00,0.00,None,N/A,
138.4911,gk,SliderControl,Slider Control,1251,379,0.00,0.00,None,N/A,
138.5012,gk,SliderControl,Slider Control,1251,379,0.00,0.00,None,N/A,
138.5113,gk,SliderControl,Slider Control,1251,379,0.00,0.00,None,N/A,
138.5209,gk,SliderControl,Slider Control,1251,379,0.00,0.00,None,N/A,
138.5320,gk,SliderControl,Slider Control,1251,379,0.00,0.00,None,N/A,
138.5416,gk,SliderControl,Slider Control,1251,379,0.00,0.00,None,N/A,
138.5512,gk,SliderControl,Slider Control,1251,379,0.00,0.00,None,N/A,
138.5609,gk,SliderControl,Slider Control,1251,379,0.00,0.00,None,N/A,
138.5714,gk,SliderControl,Slider Control,1251,379,0.00,0.00,None,N/A,
138.5810,gk,SliderControl,Slider Control,1251,379,0.00,0.00,None,N/A,
138.5916,gk,SliderControl,Slider Control,1251,379,0.00,0.00,None,N/A,
138.6012,gk,SliderControl,Slider Control,1251,379,0.00,0.00,None,N/A,
138.6112,gk,SliderControl,Slider Control,1251,379,0.00,0.00,None,N/A,
138.6215,gk,SliderControl,Slider Control,1251,379,0.00,0.00,None,N/A,
138.6311,gk,SliderControl,Slider Control,1251,379,0.00,0.00,None,N/A,
138.6417,gk,SliderControl,Slider Control,1251,379,0.00,0.00,None,N/A,
138.6517,gk,SliderControl,Slider Control,1251,379,0.00,0.00,None,N/A,
138.6618,gk,SliderControl,Slider Control,1251,379,0.00,0.00,None,N/A,
138.6714,gk,SliderControl,Slider Control,1251,379,0.00,0.00,None,N/A,
138.6816,gk,SliderControl,Slider Control,1251,379,0.00,0.00,None,N/A,
138.6917,gk,SliderControl,Slider Control,1251,379,0.00,0.00,None,N/A,
138.7014,gk,SliderControl,Slider Control,1251,379,0.00,0.00,None,N/A,
138.7111,gk,SliderControl,Slider Control,1251,379,0.00,0.00,None,N/A,
138.7217,gk,SliderControl,Slider Control,1251,379,0.00,0.00,None,N/A,
138.7313,gk,SliderControl,Slider Control,1251,379,0.00,0.00,None,N/A,
138.7408,gk,SliderControl,Slider Control,1251,379,0.00,0.00,None,N/A,
138.7512,gk,SliderControl,Slider Control,1251,379,0.00,0.00,None,N/A,
138.7615,gk,SliderControl,Slider Control,1251,379,0.00,0.00,None,N/A,
138.7709,gk,SliderControl,Slider Control,1251,379,0.00,0.00,None,N/A,
138.7813,gk,SliderControl,Slider Control,1251,379,0.00,0.00,None,N/A,
138.7917,gk,SliderControl,Slider Control,1251,379,0.00,0.00,None,N/A,
138.8012,gk,SliderControl,Slider Control,1251,379,0.00,0.00,None,N/A,
138.8112,gk,SliderControl,Slider Control,1251,379,0.00,0.00,None,N/A,
138.8208,gk,SliderControl,Slider Control,1251,379,0.00,0.00,None,N/A,
138.8317,gk,SliderControl,Slider Control,1251,379,0.00,0.00,None,N/A,
138.8409,gk,SliderControl,Slider Control,1252,378,153.63,16690.05,None,N/A,
138.8509,gk,SliderControl,Slider Control,1254,377,224.95,7174.18,None,N/A,
138.8608,gk,SliderControl,Slider Control,1255,376,142.94,-8288.63,None,N/A,
138.8709,gk,SliderControl,Slider Control,1258,375,311.42,16592.00,None,N/A,
138.8817,gk,SliderControl,Slider Control,1259,374,131.64,-16734.80,None,N/A,
138.8911,gk,SliderControl,Slider Control,1261,374,211.06,8380.97,None,N/A,
138.9015,gk,SliderControl,Slider Control,1262,373,136.50,-7196.20,None,N/A,
138.9112,gk,SliderControl,Slider Control,1263,373,103.63,-3405.92,None,N/A,
138.9215,gk,SliderControl,Slider Control,1263,372,96.81,-660.23,None,N/A,
138.9311,gk,SliderControl,Slider Control,1264,372,103.98,745.45,None,N/A,
138.9411,gk,SliderControl,Slider Control,1264,372,0.00,-10449.99,None,N/A,
138.9517,gk,SliderControl,Slider Control,1265,372,94.14,8861.90,None,N/A,
138.9612,gk,SliderControl,Slider Control,1265,372,0.00,-9925.89,None,N/A,
138.9717,gk,SliderControl,Slider Control,1266,372,95.08,9039.56,None,N/A,
138.9812,gk,SliderControl,Slider Control,1266,372,0.00,-9987.48,None,N/A,
138.9917,gk,SliderControl,Slider Control,1266,372,0.00,0.00,None,N/A,
139.0007,gk,SliderControl,Slider Control,1266,372,0.00,0.00,None,N/A,
139.0120,gk,SliderControl,Slider Control,1266,371,88.30,7796.76,None,N/A,
139.0214,gk,SliderControl,Slider Control,1265,371,106.54,1943.82,None,N/A,
139.0310,gk,SliderControl,Slider Control,1265,370,103.74,-290.61,None,N/A,
139.0413,gk,SliderControl,Slider Control,1263,370,195.08,8908.98,None,N/A,
139.0510,gk,SliderControl,Slider Control,1263,370,0.00,-20046.11,None,N/A,
139.0609,gk,SliderControl,Slider Control,1261,370,202.49,20501.37,None,N/A,
139.0710,gk,SliderControl,Slider Control,1260,370,99.28,-10246.81,None,N/A,
139.0812,gk,SliderControl,Slider Control,1258,370,195.48,9402.68,None,N/A,
139.0911,gk,SliderControl,Slider Control,1257,370,100.91,-9542.99,None,N/A,
139.1012,gk,SliderControl,Slider Control,1256,370,99.66,-125.20,None,N/A,
139.1109,gk,SliderControl,Slider Control,1254,370,205.11,10814.17,None,N/A,
139.1217,gk,SliderControl,Slider Control,1253,371,131.16,-6858.07,None,N/A,
139.1310,gk,SliderControl,Slider Control,1251,371,213.60,8804.36,None,N/A,
139.1413,gk,SliderControl,Slider Control,1250,372,137.31,-7406.83,None,N/A,
139.1510,gk,SliderControl,Slider Control,1248,372,206.29,7114.05,None,N/A,
139.1608,gk,SliderControl,Slider Control,1247,373,144.49,-6313.81,None,N/A,
139.1714,gk,SliderControl,Slider Control,1246,373,94.88,-4706.71,None,N/A,
139.1815,gk,SliderControl,Slider Control,1245,374,140.09,4477.77,None,N/A,
139.1909,gk,SliderControl,Slider Control,1244,374,106.51,-3576.04,None,N/A,
139.2016,gk,SliderControl,Slider Control,1243,375,131.13,2282.35,None,N/A,
139.2108,gk,SliderControl,Slider Control,1243,375,0.00,-14332.60,None,N/A,
139.2216,gk,SliderControl,Slider Control,1243,376,92.23,8505.84,None,N/A,
139.2313,gk,SliderControl,Slider Control,1243,376,0.00,-9569.99,None,N/A,
139.2410,gk,SliderControl,Slider Control,1243,377,102.68,10543.86,None,N/A,
139.2514,gk,SliderControl,Slider Control,1243,377,0.00,-9888.75,None,N/A,
139.2613,gk,SliderControl,Slider Control,1243,377,0.00,0.00,None,N/A,
139.2713,gk,SliderControl,Slider Control,1243,377,0.00,0.00,None,N/A,
139.2810,gk,SliderControl,Slider Control,1243,377,0.00,0.00,None,N/A,
139.2920,gk,SliderControl,Slider Control,1243,377,0.00,0.00,None,N/A,
139.3017,gk,SliderControl,Slider Control,1243,377,0.00,0.00,None,N/A,
139.3113,gk,SliderControl,Slider Control,1243,377,0.00,0.00,None,N/A,
139.3220,gk,SliderControl,Slider Control,1243,377,0.00,0.00,None,N/A,
139.3320,gk,SliderControl,Slider Control,1243,377,0.00,0.00,None,N/A,
139.3416,gk,SliderControl,Slider Control,1243,377,0.00,0.00,None,N/A,
139.3511,gk,SliderControl,Slider Control,1243,377,0.00,0.00,None,N/A,
139.3617,gk,SliderControl,Slider Control,1243,377,0.00,0.00,None,N/A,
139.3712,gk,SliderControl,Slider Control,1243,377,0.00,0.00,None,N/A,
139.3807,gk,SliderControl,Slider Control,1243,377,0.00,0.00,None,N/A,
139.3913,gk,SliderControl,Slider Control,1243,377,0.00,0.00,None,N/A,
139.4008,gk,SliderControl,Slider Control,1243,377,0.00,0.00,None,N/A,
139.4112,gk,SliderControl,Slider Control,1243,377,0.00,0.00,None,N/A,
139.4216,gk,SliderControl,Slider Control,1243,377,0.00,0.00,None,N/A,
139.4312,gk,SliderControl,Slider Control,1243,377,0.00,0.00,None,N/A,
139.4416,gk,SliderControl,Slider Control,1243,377,0.00,0.00,None,N/A,
139.4511,gk,SliderControl,Slider Control,1243,377,0.00,0.00,None,N/A,
139.4615,gk,SliderControl,Slider Control,1243,377,0.00,0.00,None,N/A,
139.4711,gk,SliderControl,Slider Control,1243,377,0.00,0.00,None,N/A,
139.4814,gk,SliderControl,Slider Control,1243,377,0.00,0.00,None,N/A,
139.4909,gk,SliderControl,Slider Control,1243,377,0.00,0.00,None,N/A,
139.5014,gk,SliderControl,Slider Control,1243,377,0.00,0.00,None,N/A,
139.5110,gk,SliderControl,Slider Control,1243,377,0.00,0.00,None,N/A,
139.5215,gk,SliderControl,Slider Control,1243,377,0.00,0.00,None,N/A,
139.5310,gk,SliderControl,Slider Control,1243,377,0.00,0.00,None,N/A,
139.5416,gk,SliderControl,Slider Control,1243,377,0.00,0.00,None,N/A,
139.5511,gk,SliderControl,Slider Control,1243,377,0.00,0.00,None,N/A,
139.5609,gk,SliderControl,Slider Control,1243,377,0.00,0.00,None,N/A,
139.5712,gk,SliderControl,Slider Control,1244,377,97.24,9455.85,None,N/A,
139.5816,gk,SliderControl,Slider Control,1245,377,96.65,-57.60,None,N/A,
139.5907,gk,SliderControl,Slider Control,1246,377,109.03,1349.72,None,N/A,
139.6015,gk,SliderControl,Slider Control,1246,377,0.00,-10123.18,None,N/A,
139.6114,gk,SliderControl,Slider Control,1247,377,100.78,10156.81,None,N/A,
139.6216,gk,SliderControl,Slider Control,1247,377,0.00,-9920.12,None,N/A,
139.6309,gk,SliderControl,Slider Control,1248,377,107.24,11501.23,None,N/A,
139.6412,gk,SliderControl,Slider Control,1248,377,0.00,-10368.89,None,N/A,
139.6508,gk,SliderControl,Slider Control,1248,377,0.00,0.00,None,N/A,
139.6611,gk,SliderControl,Slider Control,1249,377,97.22,9451.03,None,N/A,
139.6713,gk,SliderControl,Slider Control,1249,377,0.00,-9521.65,None,N/A,
139.6812,gk,SliderControl,Slider Control,1250,377,101.44,10290.39,None,N/A,
139.6912,gk,SliderControl,Slider Control,1250,377,0.00,-10062.36,None,N/A,
139.7016,gk,SliderControl,Slider Control,1250,377,0.00,0.00,None,N/A,
139.7109,gk,SliderControl,Slider Control,1251,377,107.77,11614.99,None,N/A,
139.7211,gk,SliderControl,Slider Control,1251,377,0.00,-10565.45,None,N/A,
139.7318,gk,SliderControl,Slider Control,1251,377,0.00,0.00,None,N/A,
139.7415,gk,SliderControl,Slider Control,1251,377,0.00,0.00,None,N/A,
139.7507,gk,SliderControl,Slider Control,1251,377,0.00,0.00,None,N/A,
139.7611,gk,SliderControl,Slider Control,1251,377,0.00,0.00,None,N/A,
139.7716,gk,SliderControl,Slider Control,1251,377,0.00,0.00,None,N/A,
139.7815,gk,SliderControl,Slider Control,1251,377,0.00,0.00,None,N/A,
139.7914,gk,SliderControl,Slider Control,1251,378,100.77,10154.37,None,N/A,
139.8013,gk,SliderControl,Slider Control,1251,378,0.00,-10169.28,None,N/A,
139.8108,gk,SliderControl,Slider Control,1251,379,105.42,11114.27,None,N/A,
139.8214,gk,SliderControl,Slider Control,1251,379,0.00,-9934.65,None,N/A,
139.8309,gk,SliderControl,Slider Control,1251,379,0.00,0.00,None,N/A,
139.8413,gk,SliderControl,Slider Control,1251,379,0.00,0.00,None,N/A,
139.8508,gk,SliderControl,Slider Control,1251,379,0.00,0.00,None,N/A,
139.8613,gk,SliderControl,Slider Control,1251,379,0.00,0.00,None,N/A,
139.8709,gk,SliderControl,Slider Control,1251,379,0.00,0.00,None,N/A,
139.8815,gk,SliderControl,Slider Control,1251,379,0.00,0.00,None,N/A,
139.8914,gk,SliderControl,Slider Control,1251,379,0.00,0.00,None,N/A,
139.9012,gk,SliderControl,Slider Control,1251,379,0.00,0.00,None,N/A,
139.9121,gk,SliderControl,Slider Control,1251,379,0.00,0.00,None,N/A,
139.9208,gk,SliderControl,Slider Control,1251,379,0.00,0.00,None,N/A,
139.9318,gk,SliderControl,Slider Control,1251,379,0.00,0.00,None,N/A,
139.9416,gk,SliderControl,Slider Control,1251,379,0.00,0.00,None,N/A,
139.9512,gk,SliderControl,Slider Control,1251,379,0.00,0.00,None,N/A,
139.9616,gk,SliderControl,Slider Control,1251,379,0.00,0.00,None,N/A,
139.9711,gk,SliderControl,Slider Control,1251,379,0.00,0.00,None,N/A,
139.9816,gk,SliderControl,Slider Control,1251,379,0.00,0.00,None,N/A,
139.9910,gk,SliderControl,Slider Control,1251,379,0.00,0.00,Left,N/A,
140.0015,gk,SliderControl,Slider Control,1251,379,0.00,0.00,Left,N/A,
140.0111,gk,SliderControl,Slider Control,1251,379,0.00,0.00,Left,N/A,
140.0217,gk,SliderControl,Slider Control,1251,379,0.00,0.00,Left,N/A,
140.0313,gk,SliderControl,Slider Control,1251,379,0.00,0.00,Left,N/A,
140.0412,gk,SliderControl,Slider Control,1251,379,0.00,0.00,Left,N/A,
140.0507,gk,SliderControl,Slider Control,1251,379,0.00,0.00,Left,N/A,
140.0612,gk,SliderControl,Slider Control,1251,379,0.00,0.00,Left,N/A,
140.0709,gk,SliderControl,Slider Control,1251,379,0.00,0.00,Left,N/A,
140.0820,gk,SliderControl,Slider Control,1251,379,0.00,0.00,Left,N/A,
140.0921,gk,SliderControl,Slider Control,1251,379,0.00,0.00,Left,N/A,
140.1012,gk,SliderControl,Slider Control,1251,379,0.00,0.00,Left,N/A,
140.1113,gk,SliderControl,Slider Control,1251,379,0.00,0.00,Left,N/A,
140.1213,gk,SliderControl,Slider Control,1251,379,0.00,0.00,Left,N/A,
140.1315,gk,SliderControl,Slider Control,1251,379,0.00,0.00,Left,N/A,
140.1411,gk,SliderControl,Slider Control,1251,379,0.00,0.00,Left,N/A,
140.1516,gk,SliderControl,Slider Control,1251,379,0.00,0.00,Left,N/A,
140.1609,gk,SliderControl,Slider Control,1251,379,0.00,0.00,Left,N/A,
140.1714,gk,SliderControl,Slider Control,1251,379,0.00,0.00,Left,N/A,
140.1812,gk,SliderControl,Slider Control,1251,379,0.00,0.00,Left,N/A,
140.1917,gk,SliderControl,Slider Control,1251,379,0.00,0.00,Left,N/A,
140.2014,gk,SliderControl,Slider Control,1251,379,0.00,0.00,Left,N/A,
140.2109,gk,SliderControl,Slider Control,1251,379,0.00,0.00,Left,N/A,
140.2215,gk,SliderControl,Slider Control,1251,379,0.00,0.00,Left,N/A,
140.2314,gk,SliderControl,Slider Control,1251,379,0.00,0.00,Left,N/A,
140.2411,gk,SliderControl,Slider Control,1251,379,0.00,0.00,Left,N/A,
140.2517,gk,SliderControl,Slider Control,1251,379,0.00,0.00,Left,N/A,
140.2612,gk,SliderControl,Slider Control,1251,379,0.00,0.00,Left,N/A,
140.2716,gk,SliderControl,Slider Control,1251,379,0.00,0.00,Left,N/A,
140.2812,gk,SliderControl,Slider Control,1251,379,0.00,0.00,Left,N/A,
140.2907,gk,SliderControl,Slider Control,1251,379,0.00,0.00,Left,N/A,
140.3013,gk,SliderControl,Slider Control,1251,379,0.00,0.00,Left,N/A,
140.3108,gk,SliderControl,Slider Control,1251,379,0.00,0.00,Left,N/A,
140.3214,gk,SliderControl,Slider Control,1251,379,0.00,0.00,Left,N/A,
140.3307,gk,SliderControl,Slider Control,1250,379,107.97,11656.88,Left,N/A,
140.3411,gk,SliderControl,Slider Control,1249,379,95.75,-1170.19,Left,N/A,
140.3514,gk,SliderControl,Slider Control,1248,379,97.15,136.38,Left,N/A,
140.3616,gk,SliderControl,Slider Control,1245,379,293.01,19130.46,Left,N/A,
140.3709,gk,SliderControl,Slider Control,1244,379,108.11,-19989.92,Left,N/A,
140.3812,gk,SliderControl,Slider Control,1241,379,290.47,17656.96,Left,N/A,
140.3916,gk,SliderControl,Slider Control,1239,379,193.34,-9389.68,Left,N/A,
140.4015,gk,SliderControl,Slider Control,1237,378,224.93,3177.33,Left,N/A,
140.4111,gk,SliderControl,Slider Control,1235,378,207.31,-1826.46,Left,N/A,
140.4214,gk,SliderControl,Slider Control,1233,377,217.87,1029.60,Left,N/A,
140.4322,gk,SliderControl,Slider Control,1231,377,185.02,-3039.50,Left,N/A,
140.4409,gk,SliderControl,Slider Control,1229,376,257.71,8378.81,Left,N/A,
140.4508,gk,SliderControl,Slider Control,1227,376,201.94,-5631.52,Left,N/A,
140.4609,gk,SliderControl,Slider Control,1225,375,221.97,1988.47,Left,N/A,
140.4715,gk,SliderControl,Slider Control,1224,375,94.50,-12046.16,Left,N/A,
140.4808,gk,SliderControl,Slider Control,1223,375,107.53,1401.15,Left,N/A,
140.4912,gk,SliderControl,Slider Control,1221,374,214.84,10310.45,Left,N/A,
140.5015,gk,SliderControl,Slider Control,1220,374,96.26,-11414.72,Left,N/A,
140.5107,gk,SliderControl,Slider Control,1218,374,218.70,13388.84,Left,N/A,
140.5209,gk,SliderControl,Slider Control,1218,374,0.00,-21431.44,Left,N/A,
140.5315,gk,SliderControl,Slider Control,1217,374,93.96,8828.19,Left,N/A,
140.5416,gk,SliderControl,Slider Control,1216,374,99.62,563.77,Left,N/A,
140.5516,gk,SliderControl,Slider Control,1216,374,0.00,-9923.22,Left,N/A,
140.5612,gk,SliderControl,Slider Control,1216,373,104.82,10986.87,Left,N/A,
140.5711,gk,SliderControl,Slider Control,1215,373,100.18,-464.74,Left,N/A,
140.5807,gk,SliderControl,Slider Control,1215,373,0.00,-10446.32,Left,N/A,
140.5913,gk,SliderControl,Slider Control,1215,373,0.00,0.00,Left,N/A,
140.6013,gk,SliderControl,Slider Control,1215,373,0.00,0.00,Left,N/A,
140.6109,gk,SliderControl,Slider Control,1215,373,0.00,0.00,Left,N/A,
140.6213,gk,SliderControl,Slider Control,1215,373,0.00,0.00,Left,N/A,
140.6309,gk,SliderControl,Slider Control,1215,373,0.00,0.00,Left,N/A,
140.6413,gk,SliderControl,Slider Control,1215,373,0.00,0.00,Left,N/A,
140.6508,gk,SliderControl,Slider Control,1215,373,0.00,0.00,Left,N/A,
140.6609,gk,SliderControl,Slider Control,1215,373,0.00,0.00,Left,N/A,
140.6707,gk,SliderControl,Slider Control,1215,373,0.00,0.00,Left,N/A,
140.6813,gk,SliderControl,Slider Control,1216,373,94.29,8889.81,Left,N/A,
140.6909,gk,SliderControl,Slider Control,1216,373,0.00,-9904.66,Left,N/A,
140.7013,gk,SliderControl,Slider Control,1216,373,0.00,0.00,Left,N/A,
140.7115,gk,SliderControl,Slider Control,1216,373,0.00,0.00,Left,N/A,
140.7209,gk,SliderControl,Slider Control,1216,373,0.00,0.00,Left,N/A,
140.7313,gk,SliderControl,Slider Control,1216,373,0.00,0.00,Left,N/A,
140.7408,gk,SliderControl,Slider Control,1216,373,0.00,0.00,Left,N/A,
140.7511,gk,SliderControl,Slider Control,1216,373,0.00,0.00,Left,N/A,
140.7614,gk,SliderControl,Slider Control,1217,373,97.41,9489.26,Left,N/A,
140.7716,gk,SliderControl,Slider Control,1217,373,0.00,-9509.13,Left,N/A,
140.7815,gk,SliderControl,Slider Control,1217,373,0.00,0.00,Left,N/A,
140.7913,gk,SliderControl,Slider Control,1218,373,102.55,10515.52,Left,N/A,
140.8009,gk,SliderControl,Slider Control,1219,373,103.71,120.70,Left,N/A,
140.8108,gk,SliderControl,Slider Control,1220,373,101.39,-235.12,Left,N/A,
140.8209,gk,SliderControl,Slider Control,1221,373,98.84,-251.98,Left,N/A,
140.8308,gk,SliderControl,Slider Control,1221,373,0.00,-9959.83,Left,N/A,
140.8415,gk,SliderControl,Slider Control,1223,373,186.97,17479.72,Left,N/A,
140.8517,gk,SliderControl,Slider Control,1223,373,0.00,-18327.36,Left,N/A,
140.8607,gk,SliderControl,Slider Control,1225,373,221.60,24554.23,Left,N/A,
140.8710,gk,SliderControl,Slider Control,1226,373,97.18,-12091.68,Left,N/A,
140.8813,gk,SliderControl,Slider Control,1228,373,193.90,9376.89,Left,N/A,
140.8916,gk,SliderControl,Slider Control,1229,373,97.19,-9399.48,Left,N/A,
140.9012,gk,SliderControl,Slider Control,1232,374,329.40,24188.03,Left,N/A,
140.9113,gk,SliderControl,Slider Control,1233,374,99.46,-22869.59,Left,N/A,
140.9206,gk,SliderControl,Slider Control,1236,374,320.79,23666.53,Left,N/A,
140.9307,gk,SliderControl,Slider Control,1237,374,98.95,-21951.48,Left,N/A,
140.9412,gk,SliderControl,Slider Control,1239,374,190.93,8780.10,Left,N/A,
140.9515,gk,SliderControl,Slider Control,1240,374,96.86,-9111.41,Left,N/A,
140.9613,gk,SliderControl,Slider Control,1241,374,102.22,547.80,Left,N/A,
140.9708,gk,SliderControl,Slider Control,1244,374,316.61,22625.18,Left,N/A,
140.9814,gk,SliderControl,Slider Control,1245,373,133.29,-17277.76,Left,N/A,
140.9914,gk,SliderControl,Slider Control,1247,373,200.66,6758.41,Left,N/A,
141.0008,gk,SliderControl,Slider Control,1248,373,105.59,-10037.99,Left,N/A,
141.0109,gk,SliderControl,Slider Control,1249,373,99.49,-606.32,Left,N/A,
141.0212,gk,SliderControl,Slider Control,1250,373,97.19,-224.28,Left,N/A,
141.0306,gk,SliderControl,Slider Control,1251,373,105.53,880.16,Left,N/A,
141.0416,gk,SliderControl,Slider Control,1252,373,91.10,-1314.11,Left,N/A,
141.0509,gk,SliderControl,Slider Control,1252,373,0.00,-9857.72,Left,N/A,
141.0607,gk,SliderControl,Slider Control,1253,373,101.57,10315.82,Left,N/A,
141.0709,gk,SliderControl,Slider Control,1253,373,0.00,-9957.04,Left,N/A,
141.0816,gk,SliderControl,Slider Control,1253,373,0.00,0.00,Left,N/A,
141.0915,gk,SliderControl,Slider Control,1254,373,101.28,10258.11,Left,N/A,
141.1010,gk,SliderControl,Slider Control,1254,373,0.00,-10609.61,Left,N/A,
141.1115,gk,SliderControl,Slider Control,1254,373,0.00,0.00,Left,N/A,
141.1211,gk,SliderControl,Slider Control,1255,373,104.48,10916.92,Left,N/A,
141.1315,gk,SliderControl,Slider Control,1255,373,0.00,-10006.35,Left,N/A,
141.1411,gk,SliderControl,Slider Control,1255,373,0.00,0.00,Left,N/A,
141.1516,gk,SliderControl,Slider Control,1255,373,0.00,0.00,Left,N/A,
141.1612,gk,SliderControl,Slider Control,1255,373,0.00,0.00,Left,N/A,
141.1707,gk,SliderControl,Slider Control,1255,373,0.00,0.00,Left,N/A,
141.1813,gk,SliderControl,Slider Control,1254,373,95.05,9033.82,Left,N/A,
141.1914,gk,SliderControl,Slider Control,1254,373,0.00,-9356.97,Left,N/A,
141.2013,gk,SliderControl,Slider Control,1254,373,0.00,0.00,Left,N/A,
141.2115,gk,SliderControl,Slider Control,1254,373,0.00,0.00,None,N/A,
141.2216,gk,SliderControl,Slider Control,1254,373,0.00,0.00,None,N/A,
141.2314,gk,SliderControl,Slider Control,1254,373,0.00,0.00,None,N/A,
141.2415,gk,SliderControl,Slider Control,1254,373,0.00,0.00,None,N/A,
141.2512,gk,SliderControl,Slider Control,1254,373,0.00,0.00,None,N/A,
141.2608,gk,SliderControl,Slider Control,1254,373,0.00,0.00,None,N/A,
141.2714,gk,SliderControl,Slider Control,1254,373,0.00,0.00,None,N/A,
141.2811,gk,SliderControl,Slider Control,1254,373,0.00,0.00,None,N/A,
141.2917,gk,SliderControl,Slider Control,1254,373,0.00,0.00,None,N/A,
141.3013,gk,SliderControl,Slider Control,1254,373,0.00,0.00,None,N/A,
141.3108,gk,SliderControl,Slider Control,1254,373,0.00,0.00,None,N/A,
141.3214,gk,SliderControl,Slider Control,1254,373,0.00,0.00,None,N/A,
141.3308,gk,SliderControl,Slider Control,1254,373,0.00,0.00,None,N/A,
141.3413,gk,SliderControl,Slider Control,1254,373,0.00,0.00,None,N/A,
141.3511,gk,SliderControl,Slider Control,1254,373,0.00,0.00,None,N/A,
141.3607,gk,SliderControl,Slider Control,1254,373,0.00,0.00,None,N/A,
141.3716,gk,SliderControl,Slider Control,1254,373,0.00,0.00,None,N/A,
141.3813,gk,SliderControl,Slider Control,1254,373,0.00,0.00,None,N/A,
141.3909,gk,SliderControl,Slider Control,1254,373,0.00,0.00,Left,N/A,
141.4014,gk,SliderControl,Slider Control,1254,373,0.00,0.00,Left,N/A,
141.4110,gk,SliderControl,Slider Control,1254,373,0.00,0.00,Left,N/A,
141.4219,gk,SliderControl,Slider Control,1254,373,0.00,0.00,Left,N/A,
141.4316,gk,SliderControl,Slider Control,1254,373,0.00,0.00,Left,N/A,
141.4412,gk,SliderControl,Slider Control,1254,373,0.00,0.00,Left,N/A,
141.4517,gk,SliderControl,Slider Control,1254,373,0.00,0.00,Left,N/A,
141.4612,gk,SliderControl,Slider Control,1254,373,0.00,0.00,Left,N/A,
141.4708,gk,SliderControl,Slider Control,1254,373,0.00,0.00,Left,N/A,
141.4814,gk,SliderControl,Slider Control,1254,373,0.00,0.00,Left,N/A,
141.4909,gk,SliderControl,Slider Control,1254,373,0.00,0.00,Left,N/A,
141.5015,gk,SliderControl,Slider Control,1254,373,0.00,0.00,Left,N/A,
141.5109,gk,SliderControl,Slider Control,1254,373,0.00,0.00,Left,N/A,
141.5214,gk,SliderControl,Slider Control,1254,373,0.00,0.00,Left,N/A,
141.5310,gk,SliderControl,Slider Control,1254,373,0.00,0.00,Left,N/A,
141.5415,gk,SliderControl,Slider Control,1254,373,0.00,0.00,Left,N/A,
141.5510,gk,SliderControl,Slider Control,1254,373,0.00,0.00,Left,N/A,
141.5615,gk,SliderControl,Slider Control,1254,373,0.00,0.00,Left,N/A,
141.5713,gk,SliderControl,Slider Control,1254,373,0.00,0.00,Left,N/A,
141.5811,gk,SliderControl,Slider Control,1254,373,0.00,0.00,Left,N/A,
141.5917,gk,SliderControl,Slider Control,1254,373,0.00,0.00,Left,N/A,
141.6012,gk,SliderControl,Slider Control,1254,373,0.00,0.00,Left,N/A,
141.6108,gk,SliderControl,Slider Control,1254,373,0.00,0.00,Left,N/A,
141.6213,gk,SliderControl,Slider Control,1254,373,0.00,0.00,Left,N/A,
141.6309,gk,SliderControl,Slider Control,1255,373,104.51,10921.82,Left,N/A,
141.6409,gk,SliderControl,Slider Control,1257,373,199.12,9419.21,Left,N/A,
141.6515,gk,SliderControl,Slider Control,1261,373,378.33,16949.75,Left,N/A,
141.6613,gk,SliderControl,Slider Control,1263,373,204.32,-17776.37,Left,N/A,
141.6709,gk,SliderControl,Slider Control,1267,373,416.39,22075.96,Left,N/A,
141.6810,gk,SliderControl,Slider Control,1269,373,199.03,-21630.67,Left,N/A,
141.6913,gk,SliderControl,Slider Control,1272,374,304.76,10188.74,Left,N/A,
141.7015,gk,SliderControl,Slider Control,1273,374,98.11,-20273.72,Left,N/A,
141.7116,gk,SliderControl,Slider Control,1275,374,199.51,10114.70,Left,N/A,
141.7211,gk,SliderControl,Slider Control,1276,374,104.93,-9923.80,Left,N/A,
141.7307,gk,SliderControl,Slider Control,1277,374,104.34,-61.82,Left,N/A,
141.7407,gk,SliderControl,Slider Control,1278,374,99.32,-498.17,Left,N/A,
141.7512,gk,SliderControl,Slider Control,1279,375,135.50,3466.22,Left,N/A,
141.7613,gk,SliderControl,Slider Control,1279,375,0.00,-13422.63,Left,N/A,
141.7712,gk,SliderControl,Slider Control,1280,375,100.28,10057.01,Left,N/A,
141.7816,gk,SliderControl,Slider Control,1280,375,0.00,-9646.68,Left,N/A,
141.7908,gk,SliderControl,Slider Control,1281,375,109.24,11932.33,Left,N/A,
141.8012,gk,SliderControl,Slider Control,1281,375,0.00,-10513.45,Left,N/A,
141.8120,gk,SliderControl,Slider Control,1281,375,0.00,0.00,Left,N/A,
141.8216,gk,SliderControl,Slider Control,1282,375,104.02,10819.14,Left,N/A,
141.8312,gk,SliderControl,Slider Control,1282,375,0.00,-10805.74,Left,N/A,
141.8417,gk,SliderControl,Slider Control,1282,375,0.00,0.00,Left,N/A,
141.8512,gk,SliderControl,Slider Control,1282,375,0.00,0.00,Left,N/A,
141.8616,gk,SliderControl,Slider Control,1282,375,0.00,0.00,Left,N/A,
141.8710,gk,SliderControl,Slider Control,1282,375,0.00,0.00,Left,N/A,
141.8816,gk,SliderControl,Slider Control,1282,375,0.00,0.00,Left,N/A,
141.8916,gk,SliderControl,Slider Control,1282,375,0.00,0.00,Left,N/A,
141.9012,gk,SliderControl,Slider Control,1282,375,0.00,0.00,Left,N/A,
141.9116,gk,SliderControl,Slider Control,1282,375,0.00,0.00,Left,N/A,
141.9212,gk,SliderControl,Slider Control,1282,375,0.00,0.00,Left,N/A,
141.9307,gk,SliderControl,Slider Control,1282,375,0.00,0.00,Left,N/A,
141.9415,gk,SliderControl,Slider Control,1282,376,92.76,8603.55,Left,N/A,
141.9503,gk,SliderControl,Slider Control,1282,376,92.76,0.00,None,N/A,slider_released_missed
141.9512,gk,SliderControl,Slider Control,1282,376,0.00,-9527.22,None,N/A,
141.9616,gk,SliderControl,Slider Control,1282,376,0.00,0.00,None,N/A,
141.9715,gk,SliderControl,Slider Control,1282,376,0.00,0.00,None,N/A,
141.9813,gk,SliderControl,Slider Control,1282,376,0.00,0.00,None,N/A,
141.9914,gk,SliderControl,Slider Control,1282,376,0.00,0.00,None,N/A,
142.0011,gk,SliderControl,Slider Control,1282,376,0.00,0.00,None,N/A,
142.0121,gk,SliderControl,Slider Control,1282,376,0.00,0.00,None,N/A,
142.0217,gk,SliderControl,Slider Control,1282,376,0.00,0.00,None,N/A,
142.0313,gk,SliderControl,Slider Control,1282,376,0.00,0.00,None,N/A,
142.0409,gk,SliderControl,Slider Control,1282,376,0.00,0.00,None,N/A,
142.0514,gk,SliderControl,Slider Control,1282,376,0.00,0.00,None,N/A,
142.0608,gk,SliderControl,Slider Control,1282,376,0.00,0.00,None,N/A,
142.0717,gk,SliderControl,Slider Control,1282,376,0.00,0.00,None,N/A,
142.0814,gk,SliderControl,Slider Control,1282,376,0.00,0.00,None,N/A,
142.0910,gk,SliderControl,Slider Control,1282,376,0.00,0.00,None,N/A,
142.1017,gk,SliderControl,Slider Control,1282,376,0.00,0.00,None,N/A,
142.1113,gk,SliderControl,Slider Control,1282,376,0.00,0.00,None,N/A,
142.1209,gk,SliderControl,Slider Control,1282,376,0.00,0.00,None,N/A,
142.1314,gk,SliderControl,Slider Control,1282,376,0.00,0.00,None,N/A,
142.1416,gk,SliderControl,Slider Control,1282,376,0.00,0.00,None,N/A,
142.1519,gk,SliderControl,Slider Control,1282,376,0.00,0.00,None,N/A,
142.1615,gk,SliderControl,Slider Control,1282,376,0.00,0.00,None,N/A,
142.1712,gk,SliderControl,Slider Control,1282,376,0.00,0.00,None,N/A,
142.1819,gk,SliderControl,Slider Control,1282,376,0.00,0.00,None,N/A,
142.1914,gk,SliderControl,Slider Control,1282,376,0.00,0.00,None,N/A,
142.2013,gk,SliderControl,Slider Control,1282,376,0.00,0.00,None,N/A,
142.2110,gk,SliderControl,Slider Control,1282,376,0.00,0.00,None,N/A,
142.2214,gk,SliderControl,Slider Control,1282,376,0.00,0.00,None,N/A,
142.2309,gk,SliderControl,Slider Control,1282,376,0.00,0.00,None,N/A,
142.2414,gk,SliderControl,Slider Control,1282,376,0.00,0.00,None,N/A,
142.2509,gk,SliderControl,Slider Control,1282,376,0.00,0.00,None,N/A,
142.2614,gk,SliderControl,Slider Control,1282,376,0.00,0.00,None,N/A,
142.2710,gk,SliderControl,Slider Control,1282,376,0.00,0.00,None,N/A,
142.2815,gk,SliderControl,Slider Control,1282,376,0.00,0.00,None,N/A,
142.2917,gk,SliderControl,Slider Control,1282,376,0.00,0.00,None,N/A,
142.3018,gk,SliderControl,Slider Control,1282,376,0.00,0.00,None,N/A,
142.3115,gk,SliderControl,Slider Control,1282,376,0.00,0.00,None,N/A,
142.3211,gk,SliderControl,Slider Control,1282,376,0.00,0.00,None,N/A,
142.3316,gk,SliderControl,Slider Control,1282,376,0.00,0.00,None,N/A,
142.3412,gk,SliderControl,Slider Control,1282,376,0.00,0.00,None,N/A,
142.3509,gk,SliderControl,Slider Control,1282,376,0.00,0.00,None,N/A,
142.3615,gk,SliderControl,Slider Control,1282,376,0.00,0.00,None,N/A,
142.3709,gk,SliderControl,Slider Control,1282,376,0.00,0.00,None,N/A,
142.3817,gk,SliderControl,Slider Control,1282,376,0.00,0.00,None,N/A,
142.3916,gk,SliderControl,Slider Control,1282,376,0.00,0.00,None,N/A,
142.4011,gk,SliderControl,Slider Control,1282,376,0.00,0.00,None,N/A,
142.4115,gk,SliderControl,Slider Control,1282,376,0.00,0.00,None,N/A,
142.4210,gk,SliderControl,Slider Control,1282,376,0.00,0.00,None,N/A,
142.4314,gk,SliderControl,Slider Control,1282,376,0.00,0.00,None,N/A,
142.4409,gk,SliderControl,Slider Control,1282,376,0.00,0.00,None,N/A,
142.4509,gk,SliderControl,Slider Control,1282,376,0.00,0.00,Left,N/A,
142.4618,gk,SliderControl,Slider Control,1282,376,0.00,0.00,Left,N/A,
142.4721,gk,SliderControl,Slider Control,1282,376,0.00,0.00,Left,N/A,
142.4811,gk,SliderControl,Slider Control,1282,376,0.00,0.00,Left,N/A,
142.4912,gk,SliderControl,Slider Control,1282,376,0.00,0.00,Left,N/A,
142.5009,gk,SliderControl,Slider Control,1282,376,0.00,0.00,Left,N/A,
142.5117,gk,SliderControl,Slider Control,1282,376,0.00,0.00,Left,N/A,
142.5215,gk,SliderControl,Slider Control,1282,376,0.00,0.00,Left,N/A,
142.5311,gk,SliderControl,Slider Control,1282,376,0.00,0.00,Left,N/A,
142.5421,gk,SliderControl,Slider Control,1282,376,0.00,0.00,Left,N/A,
142.5517,gk,SliderControl,Slider Control,1282,376,0.00,0.00,Left,N/A,
142.5614,gk,SliderControl,Slider Control,1282,376,0.00,0.00,Left,N/A,
142.5709,gk,SliderControl,Slider Control,1282,376,0.00,0.00,Left,N/A,
142.5813,gk,SliderControl,Slider Control,1282,376,0.00,0.00,Left,N/A,
142.5908,gk,SliderControl,Slider Control,1282,376,0.00,0.00,Left,N/A,
142.6013,gk,SliderControl,Slider Control,1282,376,0.00,0.00,Left,N/A,
142.6112,gk,SliderControl,Slider Control,1282,376,0.00,0.00,Left,N/A,
142.6209,gk,SliderControl,Slider Control,1282,376,0.00,0.00,Left,N/A,
142.6313,gk,SliderControl,Slider Control,1282,376,0.00,0.00,Left,N/A,
142.6414,gk,SliderControl,Slider Control,1282,376,0.00,0.00,Left,N/A,
142.6510,gk,SliderControl,Slider Control,1282,376,0.00,0.00,Left,N/A,
142.6615,gk,SliderControl,Slider Control,1282,376,0.00,0.00,Left,N/A,
142.6710,gk,SliderControl,Slider Control,1282,376,0.00,0.00,Left,N/A,
142.6815,gk,SliderControl,Slider Control,1282,376,0.00,0.00,Left,N/A,
142.6910,gk,SliderControl,Slider Control,1282,376,0.00,0.00,Left,N/A,
142.7015,gk,SliderControl,Slider Control,1282,376,0.00,0.00,Left,N/A,
142.7116,gk,SliderControl,Slider Control,1282,376,0.00,0.00,Left,N/A,
142.7214,gk,SliderControl,Slider Control,1282,376,0.00,0.00,Left,N/A,
142.7309,gk,SliderControl,Slider Control,1282,376,0.00,0.00,Left,N/A,
142.7414,gk,SliderControl,Slider Control,1282,376,0.00,0.00,Left,N/A,
142.7515,gk,SliderControl,Slider Control,1283,376,99.15,9830.08,Left,N/A,
142.7612,gk,SliderControl,Slider Control,1285,376,205.36,10906.22,Left,N/A,
142.7713,gk,SliderControl,Slider Control,1286,376,99.39,-10532.53,Left,N/A,
142.7812,gk,SliderControl,Slider Control,1288,376,201.74,10323.91,Left,N/A,
142.7916,gk,SliderControl,Slider Control,1289,376,96.20,-10153.10,Left,N/A,
142.8010,gk,SliderControl,Slider Control,1291,376,213.08,12451.62,Left,N/A,
142.8111,gk,SliderControl,Slider Control,1293,376,198.06,-1487.14,Left,N/A,
142.8213,gk,SliderControl,Slider Control,1294,376,98.16,-9806.13,Left,N/A,
142.8311,gk,SliderControl,Slider Control,1296,377,228.17,13266.45,Left,N/A,
142.8417,gk,SliderControl,Slider Control,1297,377,93.71,-12600.22,Left,N/A,
142.8509,gk,SliderControl,Slider Control,1299,377,218.28,13595.46,Left,N/A,
142.8607,gk,SliderControl,Slider Control,1300,377,101.80,-11857.35,Left,N/A,
142.8712,gk,SliderControl,Slider Control,1302,377,190.40,8434.75,Left,N/A,
142.8808,gk,SliderControl,Slider Control,1303,378,147.49,-4474.71,Left,N/A,
142.8907,gk,SliderControl,Slider Control,1304,378,100.77,-4708.36,Left,N/A,
142.9014,gk,SliderControl,Slider Control,1305,378,94.14,-624.11,Left,N/A,
142.9115,gk,SliderControl,Slider Control,1306,378,98.86,466.60,Left,N/A,
142.9212,gk,SliderControl,Slider Control,1306,378,0.00,-10219.49,Left,N/A,
142.9310,gk,SliderControl,Slider Control,1306,378,0.00,0.00,Left,N/A,
142.9413,gk,SliderControl,Slider Control,1307,378,97.63,9530.83,Left,N/A,
142.9516,gk,SliderControl,Slider Control,1307,378,0.00,-9491.94,Left,N/A,
142.9610,gk,SliderControl,Slider Control,1307,378,0.00,0.00,Left,N/A,
142.9715,gk,SliderControl,Slider Control,1307,378,0.00,0.00,Left,N/A,
142.9809,gk,SliderControl,Slider Control,1307,378,0.00,0.00,Left,N/A,
142.9915,gk,SliderControl,Slider Control,1307,378,0.00,0.00,Left,N/A,
143.0009,gk,SliderControl,Slider Control,1307,378,0.00,0.00,Left,N/A,
143.0113,gk,SliderControl,Slider Control,1307,378,0.00,0.00,Left,N/A,
143.0209,gk,SliderControl,Slider Control,1307,378,0.00,0.00,Left,N/A,
143.0313,gk,SliderControl,Slider Control,1307,378,0.00,0.00,Left,N/A,
143.0408,gk,SliderControl,Slider Control,1307,378,0.00,0.00,Left,N/A,
143.0509,gk,SliderControl,Slider Control,1307,378,0.00,0.00,Left,N/A,
143.0614,gk,SliderControl,Slider Control,1307,378,0.00,0.00,Left,N/A,
143.0710,gk,SliderControl,Slider Control,1307,378,0.00,0.00,Left,N/A,
143.0815,gk,SliderControl,Slider Control,1307,378,0.00,0.00,Left,N/A,
143.0911,gk,SliderControl,Slider Control,1307,378,0.00,0.00,Left,N/A,
143.1016,gk,SliderControl,Slider Control,1307,378,0.00,0.00,Left,N/A,
143.1112,gk,SliderControl,Slider Control,1307,378,0.00,0.00,Left,N/A,
143.1207,gk,SliderControl,Slider Control,1307,378,0.00,0.00,Left,N/A,
143.1307,gk,SliderControl,Slider Control,1307,378,0.00,0.00,Left,N/A,
143.1408,gk,SliderControl,Slider Control,1307,378,0.00,0.00,Left,N/A,
143.1517,gk,SliderControl,Slider Control,1306,378,91.66,8401.69,Left,N/A,
143.1616,gk,SliderControl,Slider Control,1305,378,101.02,945.08,Left,N/A,
143.1714,gk,SliderControl,Slider Control,1304,378,101.47,45.62,Left,N/A,
143.1813,gk,SliderControl,Slider Control,1302,377,227.01,12745.68,Left,N/A,
143.1912,gk,SliderControl,Slider Control,1300,377,202.83,-2452.43,Left,N/A,
143.2009,gk,SliderControl,Slider Control,1297,376,324.40,12470.61,Left,N/A,
143.2114,gk,SliderControl,Slider Control,1295,375,213.52,-10587.51,Left,N/A,
143.2214,gk,SliderControl,Slider Control,1292,374,316.87,10356.29,Left,N/A,
143.2312,gk,SliderControl,Slider Control,1290,373,226.82,-9134.47,Left,N/A,
143.2408,gk,SliderControl,Slider Control,1288,372,233.70,718.87,Left,N/A,
143.2514,gk,SliderControl,Slider Control,1287,371,133.55,-9457.40,Left,N/A,
143.2607,gk,SliderControl,Slider Control,1286,370,151.10,1875.57,Left,N/A,
143.2714,gk,SliderControl,Slider Control,1284,370,186.58,3309.72,Left,N/A,
143.2812,gk,SliderControl,Slider Control,1283,369,144.34,-4311.13,Left,N/A,
143.2914,gk,SliderControl,Slider Control,1283,369,0.00,-14211.71,Left,N/A,
143.3008,gk,SliderControl,Slider Control,1282,368,150.02,15914.15,Left,N/A,
143.3109,gk,SliderControl,Slider Control,1281,368,99.53,-5025.26,Left,N/A,
143.3214,gk,SliderControl,Slider Control,1280,367,133.98,3264.28,Left,N/A,
143.3312,gk,SliderControl,Slider Control,1279,367,101.92,-3267.72,Left,N/A,
143.3408,gk,SliderControl,Slider Control,1278,366,147.49,4752.68,Left,N/A,
143.3507,gk,SliderControl,Slider Control,1277,366,101.57,-4664.32,Left,N/A,
143.3614,gk,SliderControl,Slider Control,1276,365,131.76,2812.54,Left,N/A,
143.3710,gk,SliderControl,Slider Control,1276,365,0.00,-13712.67,Left,N/A,
143.3812,gk,SliderControl,Slider Control,1275,364,139.40,13740.90,Left,N/A,
143.3909,gk,SliderControl,Slider Control,1275,364,0.00,-14333.08,Left,N/A,
143.4009,gk,SliderControl,Slider Control,1274,364,99.87,9974.32,Left,N/A,
143.4116,gk,SliderControl,Slider Control,1274,364,0.00,-9303.94,Left,N/A,
143.4213,gk,SliderControl,Slider Control,1274,364,0.00,0.00,Left,N/A,
143.4312,gk,SliderControl,Slider Control,1274,364,0.00,0.00,Left,N/A,
143.4409,gk,SliderControl,Slider Control,1275,364,103.63,10739.62,Left,N/A,
143.4517,gk,SliderControl,Slider Control,1275,364,0.00,-9597.15,Left,N/A,
143.4610,gk,SliderControl,Slider Control,1276,364,107.14,11478.32,Left,N/A,
143.4715,gk,SliderControl,Slider Control,1277,365,134.19,2566.73,Left,N/A,
143.4809,gk,SliderControl,Slider Control,1277,365,0.00,-14327.08,Left,N/A,
143.4910,gk,SliderControl,Slider Control,1277,366,98.64,9729.09,Left,N/A,
143.5016,gk,SliderControl,Slider Control,1277,366,0.00,-9382.67,Left,N/A,
143.5114,gk,SliderControl,Slider Control,1277,366,0.00,0.00,None,N/A,
143.5211,gk,SliderControl,Slider Control,1277,366,0.00,0.00,None,N/A,
143.5317,gk,SliderControl,Slider Control,1277,366,0.00,0.00,None,N/A,
143.5413,gk,SliderControl,Slider Control,1277,366,0.00,0.00,None,N/A,
143.5508,gk,SliderControl,Slider Control,1277,366,0.00,0.00,None,N/A,
143.5614,gk,SliderControl,Slider Control,1277,366,0.00,0.00,None,N/A,
143.5710,gk,SliderControl,Slider Control,1277,366,0.00,0.00,None,N/A,
143.5814,gk,SliderControl,Slider Control,1277,366,0.00,0.00,None,N/A,
143.5909,gk,SliderControl,Slider Control,1277,366,0.00,0.00,None,N/A,
143.6014,gk,SliderControl,Slider Control,1277,366,0.00,0.00,None,N/A,
143.6108,gk,SliderControl,Slider Control,1277,366,0.00,0.00,None,N/A,
143.6215,gk,SliderControl,Slider Control,1277,366,0.00,0.00,None,N/A,
143.6309,gk,SliderControl,Slider Control,1277,366,0.00,0.00,None,N/A,
143.6415,gk,SliderControl,Slider Control,1277,366,0.00,0.00,None,N/A,
143.6509,gk,SliderControl,Slider Control,1277,366,0.00,0.00,None,N/A,
143.6615,gk,SliderControl,Slider Control,1277,366,0.00,0.00,None,N/A,
143.6713,gk,SliderControl,Slider Control,1277,366,0.00,0.00,None,N/A,
143.6816,gk,SliderControl,Slider Control,1277,366,0.00,0.00,Left,N/A,
143.6910,gk,SliderControl,Slider Control,1277,366,0.00,0.00,Left,N/A,
143.7015,gk,SliderControl,Slider Control,1277,366,0.00,0.00,Left,N/A,
143.7110,gk,SliderControl,Slider Control,1277,366,0.00,0.00,Left,N/A,
143.7216,gk,SliderControl,Slider Control,1277,366,0.00,0.00,Left,N/A,
143.7316,gk,SliderControl,Slider Control,1277,366,0.00,0.00,Left,N/A,
143.7414,gk,SliderControl,Slider Control,1277,366,0.00,0.00,Left,N/A,
143.7515,gk,SliderControl,Slider Control,1277,366,0.00,0.00,Left,N/A,
143.7616,gk,SliderControl,Slider Control,1277,366,0.00,0.00,Left,N/A,
143.7714,gk,SliderControl,Slider Control,1277,366,0.00,0.00,Left,N/A,
143.7817,gk,SliderControl,Slider Control,1277,366,0.00,0.00,Left,N/A,
143.7911,gk,SliderControl,Slider Control,1277,366,0.00,0.00,Left,N/A,
143.8017,gk,SliderControl,Slider Control,1277,366,0.00,0.00,Left,N/A,
143.8112,gk,SliderControl,Slider Control,1277,366,0.00,0.00,Left,N/A,
143.8217,gk,SliderControl,Slider Control,1277,366,0.00,0.00,Left,N/A,
143.8312,gk,SliderControl,Slider Control,1277,366,0.00,0.00,Left,N/A,
143.8416,gk,SliderControl,Slider Control,1277,366,0.00,0.00,Left,N/A,
143.8511,gk,SliderControl,Slider Control,1277,366,0.00,0.00,Left,N/A,
143.8615,gk,SliderControl,Slider Control,1277,366,0.00,0.00,Left,N/A,
143.8708,gk,SliderControl,Slider Control,1275,366,216.14,23358.24,Left,N/A,
143.8813,gk,SliderControl,Slider Control,1270,367,482.94,25268.72,Left,N/A,
143.8912,gk,SliderControl,Slider Control,1267,367,302.66,-18187.66,Left,N/A,
143.9009,gk,SliderControl,Slider Control,1262,368,527.94,23325.34,Left,N/A,
143.9109,gk,SliderControl,Slider Control,1260,368,200.17,-32804.65,Left,N/A,
143.9208,gk,SliderControl,Slider Control,1256,368,404.51,20665.28,Left,N/A,
143.9314,gk,SliderControl,Slider Control,1255,368,93.90,-29167.46,Left,N/A,
143.9408,gk,SliderControl,Slider Control,1252,368,319.63,24049.80,Left,N/A,
143.9515,gk,SliderControl,Slider Control,1250,368,186.62,-12411.23,Left,N/A,
143.9617,gk,SliderControl,Slider Control,1248,368,196.11,929.99,Left,N/A,
143.9716,gk,SliderControl,Slider Control,1247,368,101.49,-9602.54,Left,N/A,
143.9811,gk,SliderControl,Slider Control,1247,368,0.00,-10650.06,Left,N/A,
143.9910,gk,SliderControl,Slider Control,1245,368,201.20,20241.58,Left,N/A,
144.0014,gk,SliderControl,Slider Control,1245,368,0.00,-19321.21,Left,N/A,
144.0117,gk,SliderControl,Slider Control,1244,368,97.94,9592.35,Left,N/A,
144.0214,gk,SliderControl,Slider Control,1244,368,0.00,-10103.86,Left,N/A,
144.0308,gk,SliderControl,Slider Control,1243,368,105.60,11151.80,Left,N/A,
144.0410,gk,SliderControl,Slider Control,1243,368,0.00,-10338.62,Left,N/A,
144.0506,gk,SliderControl,Slider Control,1242,368,104.29,10875.70,Left,N/A,
144.0616,gk,SliderControl,Slider Control,1242,368,0.00,-9478.62,Left,N/A,
144.0715,gk,SliderControl,Slider Control,1242,368,0.00,0.00,Left,N/A,
144.0809,gk,SliderControl,Slider Control,1242,368,0.00,0.00,Left,N/A,
144.0912,gk,SliderControl,Slider Control,1242,368,0.00,0.00,Left,N/A,
144.1017,gk,SliderControl,Slider Control,1242,368,0.00,0.00,Left,N/A,
144.1112,gk,SliderControl,Slider Control,1242,368,0.00,0.00,Left,N/A,
144.1201,gk,SliderControl,Slider Control,1242,368,0.00,0.00,None,N/A,slider_released_missed
144.1217,gk,SliderControl,Slider Control,1242,368,0.00,0.00,None,N/A,
144.1313,gk,SliderControl,Slider Control,1242,368,0.00,0.00,None,N/A,
144.1408,gk,SliderControl,Slider Control,1242,368,0.00,0.00,None,N/A,
144.1514,gk,SliderControl,Slider Control,1242,368,0.00,0.00,None,N/A,
144.1609,gk,SliderControl,Slider Control,1242,368,0.00,0.00,None,N/A,
144.1713,gk,SliderControl,Slider Control,1242,368,0.00,0.00,None,N/A,
144.1809,gk,SliderControl,Slider Control,1242,368,0.00,0.00,None,N/A,
144.1915,gk,SliderControl,Slider Control,1242,368,0.00,0.00,None,N/A,
144.2011,gk,SliderControl,Slider Control,1242,368,0.00,0.00,None,N/A,
144.2118,gk,SliderControl,Slider Control,1242,368,0.00,0.00,None,N/A,
144.2219,gk,SliderControl,Slider Control,1242,368,0.00,0.00,None,N/A,
144.2320,gk,SliderControl,Slider Control,1242,368,0.00,0.00,None,N/A,
144.2420,gk,SliderControl,Slider Control,1242,368,0.00,0.00,None,N/A,
144.2521,gk,SliderControl,Slider Control,1242,368,0.00,0.00,None,N/A,
144.2616,gk,SliderControl,Slider Control,1242,368,0.00,0.00,None,N/A,
144.2712,gk,SliderControl,Slider Control,1242,368,0.00,0.00,None,N/A,
144.2808,gk,SliderControl,Slider Control,1242,368,0.00,0.00,None,N/A,
144.2918,gk,SliderControl,Slider Control,1242,368,0.00,0.00,None,N/A,
144.3018,gk,SliderControl,Slider Control,1242,368,0.00,0.00,None,N/A,
144.3115,gk,SliderControl,Slider Control,1242,368,0.00,0.00,None,N/A,
144.3211,gk,SliderControl,Slider Control,1242,368,0.00,0.00,None,N/A,
144.3317,gk,SliderControl,Slider Control,1242,368,0.00,0.00,None,N/A,
144.3414,gk,SliderControl,Slider Control,1242,368,0.00,0.00,None,N/A,
144.3510,gk,SliderControl,Slider Control,1242,368,0.00,0.00,None,N/A,
144.3611,gk,SliderControl,Slider Control,1242,368,0.00,0.00,None,N/A,
144.3717,gk,SliderControl,Slider Control,1242,368,0.00,0.00,None,N/A,
144.3814,gk,SliderControl,Slider Control,1242,368,0.00,0.00,None,N/A,
144.3909,gk,SliderControl,Slider Control,1242,368,0.00,0.00,None,N/A,
144.4015,gk,SliderControl,Slider Control,1242,368,0.00,0.00,None,N/A,
144.4114,gk,SliderControl,Slider Control,1242,368,0.00,0.00,None,N/A,
144.4210,gk,SliderControl,Slider Control,1242,368,0.00,0.00,None,N/A,
144.4321,gk,SliderControl,Slider Control,1242,368,0.00,0.00,None,N/A,
144.4417,gk,SliderControl,Slider Control,1242,368,0.00,0.00,None,N/A,
144.4515,gk,SliderControl,Slider Control,1242,368,0.00,0.00,None,N/A,
144.4611,gk,SliderControl,Slider Control,1242,368,0.00,0.00,None,N/A,
144.4715,gk,SliderControl,Slider Control,1242,368,0.00,0.00,None,N/A,
144.4810,gk,SliderControl,Slider Control,1242,368,0.00,0.00,None,N/A,
144.4914,gk,SliderControl,Slider Control,1242,368,0.00,0.00,None,N/A,
144.5008,gk,SliderControl,Slider Control,1242,368,0.00,0.00,None,N/A,
144.5114,gk,SliderControl,Slider Control,1242,368,0.00,0.00,None,N/A,
144.5213,gk,SliderControl,Slider Control,1242,368,0.00,0.00,Left,N/A,
144.5308,gk,SliderControl,Slider Control,1242,368,0.00,0.00,Left,N/A,
144.5417,gk,SliderControl,Slider Control,1242,368,0.00,0.00,Left,N/A,
144.5520,gk,SliderControl,Slider Control,1242,368,0.00,0.00,Left,N/A,
144.5615,gk,SliderControl,Slider Control,1242,368,0.00,0.00,Left,N/A,
144.5716,gk,SliderControl,Slider Control,1242,368,0.00,0.00,Left,N/A,
144.5816,gk,SliderControl,Slider Control,1242,368,0.00,0.00,Left,N/A,
144.5917,gk,SliderControl,Slider Control,1242,368,0.00,0.00,Left,N/A,
144.6012,gk,SliderControl,Slider Control,1242,368,0.00,0.00,Left,N/A,
144.6108,gk,SliderControl,Slider Control,1242,368,0.00,0.00,Left,N/A,
144.6214,gk,SliderControl,Slider Control,1242,368,0.00,0.00,Left,N/A,
144.6309,gk,SliderControl,Slider Control,1242,368,0.00,0.00,Left,N/A,
144.6414,gk,SliderControl,Slider Control,1242,368,0.00,0.00,Left,N/A,
144.6509,gk,SliderControl,Slider Control,1242,368,0.00,0.00,Left,N/A,
144.6613,gk,SliderControl,Slider Control,1242,368,0.00,0.00,Left,N/A,
144.6707,gk,SliderControl,Slider Control,1242,368,0.00,0.00,Left,N/A,
144.6812,gk,SliderControl,Slider Control,1242,368,0.00,0.00,Left,N/A,
144.6909,gk,SliderControl,Slider Control,1242,368,0.00,0.00,Left,N/A,
144.7020,gk,SliderControl,Slider Control,1242,368,0.00,0.00,Left,N/A,
144.7108,gk,SliderControl,Slider Control,1242,368,0.00,0.00,Left,N/A,
144.7214,gk,SliderControl,Slider Control,1242,368,0.00,0.00,Left,N/A,
144.7308,gk,SliderControl,Slider Control,1242,368,0.00,0.00,Left,N/A,
144.7413,gk,SliderControl,Slider Control,1242,368,0.00,0.00,Left,N/A,
144.7509,gk,SliderControl,Slider Control,1242,368,0.00,0.00,Left,N/A,
144.7615,gk,SliderControl,Slider Control,1242,368,0.00,0.00,Left,N/A,
144.7712,gk,SliderControl,Slider Control,1242,368,0.00,0.00,Left,N/A,
144.7815,gk,SliderControl,Slider Control,1242,368,0.00,0.00,Left,N/A,
144.7915,gk,SliderControl,Slider Control,1240,368,200.27,20054.51,Left,N/A,
144.8013,gk,SliderControl,Slider Control,1238,368,204.10,390.86,Left,N/A,
144.8111,gk,SliderControl,Slider Control,1236,368,202.39,-172.92,Left,N/A,
144.8215,gk,SliderControl,Slider Control,1234,368,192.45,-957.02,Left,N/A,
144.8316,gk,SliderControl,Slider Control,1232,368,197.99,549.05,Left,N/A,
144.8408,gk,SliderControl,Slider Control,1229,368,326.89,14044.69,Left,N/A,
144.8512,gk,SliderControl,Slider Control,1228,368,96.43,-22222.75,Left,N/A,
144.8607,gk,SliderControl,Slider Control,1225,368,314.97,22945.57,Left,N/A,
144.8709,gk,SliderControl,Slider Control,1223,368,196.48,-11640.99,Left,N/A,
144.8812,gk,SliderControl,Slider Control,1220,368,289.97,9036.53,Left,N/A,
144.8915,gk,SliderControl,Slider Control,1219,368,97.71,-18785.63,Left,N/A,
144.9014,gk,SliderControl,Slider Control,1217,368,201.27,10422.03,Left,N/A,
144.9110,gk,SliderControl,Slider Control,1214,368,311.81,11488.34,Left,N/A,
144.9218,gk,SliderControl,Slider Control,1212,368,186.00,-11699.78,Left,N/A,
144.9317,gk,SliderControl,Slider Control,1209,368,303.44,11878.79,Left,N/A,
144.9414,gk,SliderControl,Slider Control,1207,368,204.41,-10121.99,Left,N/A,
144.9515,gk,SliderControl,Slider Control,1204,368,299.26,9461.80,Left,N/A,
144.9610,gk,SliderControl,Slider Control,1202,368,209.86,-9380.43,Left,N/A,
144.9716,gk,SliderControl,Slider Control,1199,368,283.85,7000.83,Left,N/A,
144.9815,gk,SliderControl,Slider Control,1198,368,101.05,-18472.27,Left,N/A,
144.9911,gk,SliderControl,Slider Control,1195,368,311.10,21781.49,Left,N/A,
145.0011,gk,SliderControl,Slider Control,1194,368,100.05,-21114.94,Left,N/A,
145.0112,gk,SliderControl,Slider Control,1193,368,98.86,-117.72,Left,N/A,
145.0207,gk,SliderControl,Slider Control,1192,368,104.97,641.15,Left,N/A,
145.0311,gk,SliderControl,Slider Control,1191,368,96.25,-838.61,Left,N/A,
145.0409,gk,SliderControl,Slider Control,1190,368,102.48,637.64,Left,N/A,
145.0511,gk,SliderControl,Slider Control,1190,368,0.00,-10067.97,Left,N/A,
145.0615,gk,SliderControl,Slider Control,1190,368,0.00,0.00,Left,N/A,
145.0711,gk,SliderControl,Slider Control,1189,368,103.91,10796.63,Left,N/A,
145.0817,gk,SliderControl,Slider Control,1189,368,0.00,-9815.70,Left,N/A,
145.0912,gk,SliderControl,Slider Control,1189,368,0.00,0.00,Left,N/A,
145.1008,gk,SliderControl,Slider Control,1190,368,104.11,10839.56,Left,N/A,
145.1012,gk,SliderControl,Slider Control,1190,368,104.11,0.00,None,N/A,slider_released_correct
145.1113,gk,SliderControl,Slider Control,1190,368,0.00,-9895.14,None,N/A,
145.1208,gk,SliderControl,Slider Control,1190,368,0.00,0.00,None,N/A,
145.1314,gk,SliderControl,Slider Control,1190,368,0.00,0.00,None,N/A,
145.1409,gk,SliderControl,Slider Control,1190,368,0.00,0.00,None,N/A,
145.1514,gk,SliderControl,Slider Control,1190,368,0.00,0.00,None,N/A,
145.1609,gk,SliderControl,Slider Control,1190,368,0.00,0.00,None,N/A,
145.1715,gk,SliderControl,Slider Control,1190,368,0.00,0.00,None,N/A,
145.1811,gk,SliderControl,Slider Control,1190,368,0.00,0.00,None,N/A,
145.1915,gk,SliderControl,Slider Control,1190,368,0.00,0.00,None,N/A,
145.2015,gk,SliderControl,Slider Control,1190,368,0.00,0.00,None,N/A,
145.2116,gk,SliderControl,Slider Control,1190,368,0.00,0.00,None,N/A,
145.2216,gk,SliderControl,Slider Control,1190,368,0.00,0.00,None,N/A,
145.2319,gk,SliderControl,Slider Control,1190,368,0.00,0.00,None,N/A,
145.2415,gk,SliderControl,Slider Control,1190,368,0.00,0.00,None,N/A,
145.2511,gk,SliderControl,Slider Control,1190,368,0.00,0.00,None,N/A,
145.2620,gk,SliderControl,Slider Control,1190,368,0.00,0.00,None,N/A,
145.2716,gk,SliderControl,Slider Control,1190,368,0.00,0.00,None,N/A,
145.2811,gk,SliderControl,Slider Control,1190,368,0.00,0.00,None,N/A,
145.2916,gk,SliderControl,Slider Control,1190,368,0.00,0.00,None,N/A,
145.3012,gk,SliderControl,Slider Control,1190,368,0.00,0.00,None,N/A,
145.3108,gk,SliderControl,Slider Control,1190,368,0.00,0.00,None,N/A,
145.3213,gk,SliderControl,Slider Control,1190,368,0.00,0.00,None,N/A,
145.3314,gk,SliderControl,Slider Control,1190,368,0.00,0.00,None,N/A,
145.3416,gk,SliderControl,Slider Control,1190,368,0.00,0.00,None,N/A,
145.3512,gk,SliderControl,Slider Control,1190,368,0.00,0.00,None,N/A,
145.3618,gk,SliderControl,Slider Control,1190,368,0.00,0.00,None,N/A,
145.3714,gk,SliderControl,Slider Control,1190,368,0.00,0.00,None,N/A,
145.3810,gk,SliderControl,Slider Control,1190,368,0.00,0.00,None,N/A,
145.3913,gk,SliderControl,Slider Control,1190,368,0.00,0.00,None,N/A,
145.4014,gk,SliderControl,Slider Control,1190,368,0.00,0.00,None,N/A,
145.4114,gk,SliderControl,Slider Control,1190,368,0.00,0.00,None,N/A,
145.4211,gk,SliderControl,Slider Control,1190,368,0.00,0.00,None,N/A,
145.4322,gk,SliderControl,Slider Control,1190,368,0.00,0.00,None,N/A,
145.4408,gk,SliderControl,Slider Control,1190,368,0.00,0.00,None,N/A,
145.4519,gk,SliderControl,Slider Control,1190,368,0.00,0.00,None,N/A,
145.4616,gk,SliderControl,Slider Control,1190,368,0.00,0.00,None,N/A,
145.4712,gk,SliderControl,Slider Control,1190,368,0.00,0.00,None,N/A,
145.4817,gk,SliderControl,Slider Control,1190,368,0.00,0.00,None,N/A,
145.4913,gk,SliderControl,Slider Control,1190,368,0.00,0.00,None,N/A,
145.5013,gk,SliderControl,Slider Control,1190,368,0.00,0.00,None,N/A,
145.5114,gk,SliderControl,Slider Control,1190,368,0.00,0.00,None,N/A,
145.5210,gk,SliderControl,Slider Control,1190,368,0.00,0.00,None,N/A,
145.5319,gk,SliderControl,Slider Control,1190,368,0.00,0.00,None,N/A,
145.5419,gk,SliderControl,Slider Control,1190,368,0.00,0.00,None,N/A,
145.5520,gk,SliderControl,Slider Control,1190,368,0.00,0.00,None,N/A,
145.5616,gk,SliderControl,Slider Control,1190,368,0.00,0.00,None,N/A,
145.5722,gk,SliderControl,Slider Control,1190,368,0.00,0.00,None,N/A,
145.5809,gk,SliderControl,Slider Control,1190,368,0.00,0.00,None,N/A,
145.5914,gk,SliderControl,Slider Control,1190,368,0.00,0.00,None,N/A,
145.6010,gk,SliderControl,Slider Control,1190,368,0.00,0.00,None,N/A,
145.6116,gk,SliderControl,Slider Control,1190,368,0.00,0.00,None,N/A,
145.6212,gk,SliderControl,Slider Control,1190,368,0.00,0.00,None,N/A,
145.6310,gk,SliderControl,Slider Control,1190,368,0.00,0.00,None,N/A,
145.6416,gk,SliderControl,Slider Control,1190,368,0.00,0.00,None,N/A,
145.6514,gk,SliderControl,Slider Control,1190,368,0.00,0.00,None,N/A,
145.6611,gk,SliderControl,Slider Control,1190,368,0.00,0.00,None,N/A,
145.6717,gk,SliderControl,Slider Control,1190,368,0.00,0.00,None,N/A,
145.6811,gk,SliderControl,Slider Control,1190,368,0.00,0.00,None,N/A,
145.6916,gk,SliderControl,Slider Control,1190,368,0.00,0.00,None,N/A,
145.7014,gk,SliderControl,Slider Control,1190,368,0.00,0.00,None,N/A,
145.7113,gk,SliderControl,Slider Control,1190,368,0.00,0.00,None,N/A,
145.7210,gk,SliderControl,Slider Control,1190,368,0.00,0.00,None,N/A,
145.7311,gk,SliderControl,Slider Control,1181,369,894.96,88449.72,None,N/A,
145.7416,gk,SliderControl,Slider Control,1155,374,2529.10,156097.41,None,N/A,
145.7517,gk,SliderControl,Slider Control,1131,378,2395.25,-13176.83,None,N/A,
145.7611,gk,SliderControl,Slider Control,1081,383,5383.01,320067.75,None,N/A,
145.7708,gk,SliderControl,Slider Control,1063,386,1874.07,-360362.94,None,N/A,
145.7806,gk,SliderControl,Slider Control,1025,389,3879.16,204050.69,None,N/A,
145.7912,gk,SliderControl,Slider Control,1005,391,1892.23,-187053.24,None,N/A,
145.8014,gk,SliderControl,Slider Control,964,396,4054.97,212325.81,None,N/A,
145.8111,gk,SliderControl,Slider Control,945,398,1975.50,-215022.19,None,N/A,
145.8212,gk,SliderControl,Slider Control,928,399,1691.77,-28186.78,None,N/A,
145.8307,gk,SliderControl,Slider Control,899,401,3048.78,142325.03,None,N/A,
145.8417,gk,SliderControl,Slider Control,888,401,997.74,-186036.42,None,N/A,
145.8509,gk,SliderControl,Slider Control,870,400,1970.75,106368.07,None,N/A,
145.8613,gk,SliderControl,Slider Control,865,399,489.93,-142281.94,None,N/A,
145.8708,gk,SliderControl,Slider Control,856,398,950.57,48355.14,None,N/A,
145.8809,gk,SliderControl,Slider Control,853,398,296.79,-64678.35,None,N/A,
145.8906,gk,SliderControl,Slider Control,850,397,325.92,3002.27,None,N/A,
145.9017,gk,SliderControl,Slider Control,849,396,127.85,-17905.96,None,N/A,
145.9113,gk,SliderControl,Slider Control,848,396,104.04,-2476.93,None,N/A,
145.9212,gk,SliderControl,Slider Control,848,395,100.92,-314.80,None,N/A,
145.9308,gk,SliderControl,Slider Control,847,394,146.79,4761.47,None,N/A,
145.9414,gk,SliderControl,Slider Control,847,393,94.79,-4929.58,None,N/A,
145.9515,gk,SliderControl,Slider Control,847,392,98.63,378.76,None,N/A,
145.9611,gk,SliderControl,Slider Control,847,389,314.53,22635.23,None,N/A,
145.9716,gk,SliderControl,Slider Control,847,388,95.13,-20870.63,None,N/A,
145.9813,gk,SliderControl,Slider Control,848,385,325.05,23633.35,None,N/A,
145.9917,gk,SliderControl,Slider Control,848,384,96.55,-22061.05,None,N/A,
146.0009,gk,SliderControl,Slider Control,848,381,324.51,24658.90,None,N/A,
146.0112,gk,SliderControl,Slider Control,848,380,96.83,-22046.69,None,N/A,
146.0207,gk,SliderControl,Slider Control,847,378,235.02,14524.24,None,N/A,
146.0308,gk,SliderControl,Slider Control,846,376,222.93,-1205.75,None,N/A,
146.0417,gk,SliderControl,Slider Control,842,374,410.09,17162.62,None,N/A,
146.0514,gk,SliderControl,Slider Control,840,373,229.21,-18541.25,None,N/A,
146.0614,gk,SliderControl,Slider Control,837,372,316.86,8782.06,None,N/A,
146.0712,gk,SliderControl,Slider Control,828,370,945.49,64468.17,None,N/A,
146.0811,gk,SliderControl,Slider Control,822,370,601.94,-34466.11,None,N/A,
146.0916,gk,SliderControl,Slider Control,809,370,1247.62,61966.49,None,N/A,
146.1009,gk,SliderControl,Slider Control,803,370,641.66,-64803.32,None,N/A,
146.1107,gk,SliderControl,Slider Control,791,372,1239.79,60955.24,None,N/A,
146.1217,gk,SliderControl,Slider Control,786,372,457.14,-71556.16,None,N/A,
146.1306,gk,SliderControl,Slider Control,777,374,1027.35,63539.50,None,N/A,
146.1411,gk,SliderControl,Slider Control,773,375,395.02,-60581.55,None,N/A,
146.1511,gk,SliderControl,Slider Control,767,376,608.52,21359.08,None,N/A,
146.1613,gk,SliderControl,Slider Control,764,376,294.03,-30823.49,None,N/A,
146.1712,gk,SliderControl,Slider Control,762,377,224.35,-6991.26,None,N/A,
146.1807,gk,SliderControl,Slider Control,758,377,422.75,20968.75,None,N/A,
146.1917,gk,SliderControl,Slider Control,757,378,129.03,-26798.34,None,N/A,
146.2009,gk,SliderControl,Slider Control,755,378,215.55,9324.87,None,N/A,
146.2114,gk,SliderControl,Slider Control,754,378,95.63,-11468.05,None,N/A,
146.2211,gk,SliderControl,Slider Control,752,378,205.89,11350.90,None,N/A,
146.2320,gk,SliderControl,Slider Control,752,378,0.00,-18940.40,None,N/A,
146.2413,gk,SliderControl,Slider Control,751,378,106.70,11385.65,None,N/A,
146.2509,gk,SliderControl,Slider Control,751,378,0.00,-11214.47,None,N/A,
146.2608,gk,SliderControl,Slider Control,750,378,100.28,10056.52,None,N/A,
146.2715,gk,SliderControl,Slider Control,750,378,0.00,-9440.12,None,N/A,
146.2813,gk,SliderControl,Slider Control,749,378,101.58,10318.82,None,N/A,
146.2909,gk,SliderControl,Slider Control,749,377,103.68,217.92,None,N/A,
146.3014,gk,SliderControl,Slider Control,749,377,0.00,-9952.62,None,N/A,
146.3115,gk,SliderControl,Slider Control,749,377,0.00,0.00,None,N/A,
146.3210,gk,SliderControl,Slider Control,749,377,0.00,0.00,None,N/A,
146.3308,gk,SliderControl,Slider Control,750,376,143.95,14651.86,None,N/A,
146.3415,gk,SliderControl,Slider Control,750,376,0.00,-13435.68,None,N/A,
146.3515,gk,SliderControl,Slider Control,750,375,100.46,10091.24,None,N/A,
146.3611,gk,SliderControl,Slider Control,750,375,0.00,-10415.79,None,N/A,
146.3708,gk,SliderControl,Slider Control,750,374,103.01,10610.77,None,N/A,
146.3809,gk,SliderControl,Slider Control,750,373,99.18,-379.98,None,N/A,
146.3915,gk,SliderControl,Slider Control,749,372,133.21,3205.14,None,N/A,
146.4009,gk,SliderControl,Slider Control,749,371,106.16,-2870.88,None,N/A,
146.4112,gk,SliderControl,Slider Control,749,371,0.00,-10311.26,None,N/A,
146.4215,gk,SliderControl,Slider Control,748,370,137.09,13288.66,None,N/A,
146.4310,gk,SliderControl,Slider Control,747,369,148.92,1246.01,None,N/A,
146.4412,gk,SliderControl,Slider Control,746,369,98.71,-4956.46,None,N/A,
146.4516,gk,SliderControl,Slider Control,746,368,96.12,-248.72,None,N/A,
146.4614,gk,SliderControl,Slider Control,745,368,101.68,565.02,None,N/A,
146.4707,gk,SliderControl,Slider Control,745,367,107.30,603.39,None,N/A,
146.4806,gk,SliderControl,Slider Control,744,367,100.82,-653.43,None,N/A,
146.4914,gk,SliderControl,Slider Control,744,366,93.19,-711.13,None,N/A,
146.5016,gk,SliderControl,Slider Control,744,366,0.00,-9126.05,None,N/A,
146.5111,gk,SliderControl,Slider Control,744,366,0.00,0.00,None,N/A,
146.5216,gk,SliderControl,Slider Control,744,366,0.00,0.00,None,N/A,
146.5310,gk,SliderControl,Slider Control,744,366,0.00,0.00,None,N/A,
146.5416,gk,SliderControl,Slider Control,744,366,0.00,0.00,None,N/A,
146.5512,gk,SliderControl,Slider Control,744,366,0.00,0.00,None,N/A,
146.5616,gk,SliderControl,Slider Control,744,366,0.00,0.00,None,N/A,
146.5711,gk,SliderControl,Slider Control,744,366,0.00,0.00,None,N/A,
146.5816,gk,SliderControl,Slider Control,744,366,0.00,0.00,None,N/A,
146.5912,gk,SliderControl,Slider Control,744,366,0.00,0.00,None,N/A,
146.6017,gk,SliderControl,Slider Control,744,366,0.00,0.00,None,N/A,
146.6114,gk,SliderControl,Slider Control,744,366,0.00,0.00,None,N/A,
146.6211,gk,SliderControl,Slider Control,744,366,0.00,0.00,None,N/A,
146.6317,gk,SliderControl,Slider Control,744,366,0.00,0.00,None,N/A,
146.6412,gk,SliderControl,Slider Control,744,366,0.00,0.00,None,N/A,
146.6512,gk,SliderControl,Slider Control,744,366,0.00,0.00,None,N/A,
146.6609,gk,SliderControl,Slider Control,744,366,0.00,0.00,None,N/A,
146.6714,gk,SliderControl,Slider Control,744,366,0.00,0.00,None,N/A,
146.6808,gk,SliderControl,Slider Control,744,366,0.00,0.00,None,N/A,
146.6912,gk,SliderControl,Slider Control,744,366,0.00,0.00,None,N/A,
146.7016,gk,SliderControl,Slider Control,744,366,0.00,0.00,None,N/A,
146.7109,gk,SliderControl,Slider Control,744,366,0.00,0.00,None,N/A,
146.7214,gk,SliderControl,Slider Control,744,366,0.00,0.00,None,N/A,
146.7308,gk,SliderControl,Slider Control,744,366,0.00,0.00,Left,N/A,
146.7413,gk,SliderControl,Slider Control,744,366,0.00,0.00,Left,N/A,
146.7508,gk,SliderControl,Slider Control,744,366,0.00,0.00,Left,N/A,
146.7614,gk,SliderControl,Slider Control,744,366,0.00,0.00,Left,N/A,
146.7710,gk,SliderControl,Slider Control,744,366,0.00,0.00,Left,N/A,
146.7820,gk,SliderControl,Slider Control,744,366,0.00,0.00,Left,N/A,
146.7916,gk,SliderControl,Slider Control,744,366,0.00,0.00,Left,N/A,
146.8014,gk,SliderControl,Slider Control,744,366,0.00,0.00,Left,N/A,
146.8111,gk,SliderControl,Slider Control,744,366,0.00,0.00,Left,N/A,
146.8216,gk,SliderControl,Slider Control,744,366,0.00,0.00,Left,N/A,
146.8311,gk,SliderControl,Slider Control,744,366,0.00,0.00,Left,N/A,
146.8415,gk,SliderControl,Slider Control,744,366,0.00,0.00,Left,N/A,
146.8510,gk,SliderControl,Slider Control,744,366,0.00,0.00,Left,N/A,
146.8614,gk,SliderControl,Slider Control,744,366,0.00,0.00,Left,N/A,
146.8708,gk,SliderControl,Slider Control,744,366,0.00,0.00,Left,N/A,
146.8813,gk,SliderControl,Slider Control,744,366,0.00,0.00,Left,N/A,
146.8909,gk,SliderControl,Slider Control,744,366,0.00,0.00,Left,N/A,
146.9012,gk,SliderControl,Slider Control,746,367,216.94,21048.17,Left,N/A,
146.9115,gk,SliderControl,Slider Control,749,367,292.56,7373.71,Left,N/A,
146.9213,gk,SliderControl,Slider Control,758,368,918.41,63475.61,Left,N/A,
146.9310,gk,SliderControl,Slider Control,763,368,518.56,-41469.78,Left,N/A,
146.9410,gk,SliderControl,Slider Control,779,368,1598.74,107933.76,Left,N/A,
146.9508,gk,SliderControl,Slider Control,789,368,1016.60,-59180.56,Left,N/A,
146.9607,gk,SliderControl,Slider Control,799,368,1008.34,-832.96,Left,N/A,
146.9715,gk,SliderControl,Slider Control,824,369,2322.12,121933.06,Left,N/A,
146.9813,gk,SliderControl,Slider Control,836,369,1226.85,-111978.10,Left,N/A,
146.9911,gk,SliderControl,Slider Control,856,369,2043.36,83420.95,Left,N/A,
147.0010,gk,SliderControl,Slider Control,864,369,804.78,-124598.02,Left,N/A,
147.0108,gk,SliderControl,Slider Control,879,369,1538.78,75297.80,Left,N/A,
147.0217,gk,SliderControl,Slider Control,887,369,732.37,-73823.85,Left,N/A,
147.0315,gk,SliderControl,Slider Control,905,369,1834.07,112254.16,Left,N/A,
147.0411,gk,SliderControl,Slider Control,913,369,837.77,-104333.34,Left,N/A,
147.0509,gk,SliderControl,Slider Control,928,370,1529.18,70329.76,Left,N/A,
147.0608,gk,SliderControl,Slider Control,935,370,706.16,-83026.32,Left,N/A,
147.0710,gk,SliderControl,Slider Control,953,372,1782.52,105938.48,Left,N/A,
147.0816,gk,SliderControl,Slider Control,962,372,847.35,-88046.26,Left,N/A,
147.0913,gk,SliderControl,Slider Control,980,373,1850.88,103030.02,Left,N/A,
147.1010,gk,SliderControl,Slider Control,989,375,952.48,-92814.31,Left,N/A,
147.1108,gk,SliderControl,Slider Control,999,376,1031.02,8057.89,Left,N/A,
147.1215,gk,SliderControl,Slider Control,1016,377,1585.42,51614.32,Left,N/A,
147.1313,gk,SliderControl,Slider Control,1023,377,711.28,-88822.75,Left,N/A,
147.1412,gk,SliderControl,Slider Control,1039,377,1621.50,92244.73,Left,N/A,
147.1517,gk,SliderControl,Slider Control,1046,377,669.41,-91047.83,Left,N/A,
147.1608,gk,SliderControl,Slider Control,1061,376,1645.77,106886.71,Left,N/A,
147.1708,gk,SliderControl,Slider Control,1068,375,704.79,-93789.20,Left,N/A,
147.1808,gk,SliderControl,Slider Control,1085,373,1711.48,100654.95,Left,N/A,
147.1912,gk,SliderControl,Slider Control,1092,372,678.94,-99141.18,Left,N/A,
147.2010,gk,SliderControl,Slider Control,1100,371,826.95,15181.06,Left,N/A,
147.2111,gk,SliderControl,Slider Control,1114,369,1393.68,55850.34,Left,N/A,
147.2208,gk,SliderControl,Slider Control,1120,368,630.42,-79104.51,Left,N/A,
147.2316,gk,SliderControl,Slider Control,1132,367,1110.88,44324.32,Left,N/A,
147.2414,gk,SliderControl,Slider Control,1137,367,512.75,-61338.14,Left,N/A,
147.2516,gk,SliderControl,Slider Control,1143,367,587.23,7289.59,Left,N/A,
147.2608,gk,SliderControl,Slider Control,1146,367,325.76,-28392.31,Left,N/A,
147.2712,gk,SliderControl,Slider Control,1151,367,479.86,14789.60,Left,N/A,
147.2814,gk,SliderControl,Slider Control,1153,366,220.45,-25575.19,Left,N/A,
147.2915,gk,SliderControl,Slider Control,1159,365,597.75,37076.47,Left,N/A,
147.3011,gk,SliderControl,Slider Control,1162,365,314.53,-29693.18,Left,N/A,
147.3111,gk,SliderControl,Slider Control,1167,364,507.65,19226.53,Left,N/A,
147.3216,gk,SliderControl,Slider Control,1169,364,190.75,-30224.17,Left,N/A,
147.3315,gk,SliderControl,Slider Control,1174,363,516.78,33042.82,Left,N/A,
147.3408,gk,SliderControl,Slider Control,1175,363,107.11,-43880.19,Left,N/A,
147.3513,gk,SliderControl,Slider Control,1177,362,212.85,10064.91,Left,N/A,
147.3614,gk,SliderControl,Slider Control,1181,362,398.69,18523.07,Left,N/A,
147.3708,gk,SliderControl,Slider Control,1183,361,236.72,-17146.59,Left,N/A,
147.3812,gk,SliderControl,Slider Control,1186,361,288.55,4985.14,Left,N/A,
147.3909,gk,SliderControl,Slider Control,1188,360,230.50,-5984.34,Left,N/A,
147.4009,gk,SliderControl,Slider Control,1192,360,398.75,16771.94,Left,N/A,
147.4116,gk,SliderControl,Slider Control,1194,359,210.05,-17725.52,Left,N/A,
147.4209,gk,SliderControl,Slider Control,1198,359,428.23,23357.85,Left,N/A,
147.4313,gk,SliderControl,Slider Control,1200,359,192.36,-22686.02,Left,N/A,
147.4410,gk,SliderControl,Slider Control,1202,358,231.89,4099.35,Left,N/A,
147.4516,gk,SliderControl,Slider Control,1207,358,467.56,22038.23,Left,N/A,
147.4611,gk,SliderControl,Slider Control,1209,357,236.13,-24439.25,Left,N/A,
147.4712,gk,SliderControl,Slider Control,1215,357,592.75,35230.85,Left,N/A,
147.4809,gk,SliderControl,Slider Control,1217,356,230.98,-37370.03,Left,N/A,
147.4911,gk,SliderControl,Slider Control,1222,356,489.04,25240.31,Left,N/A,
147.5014,gk,SliderControl,Slider Control,1224,356,194.80,-28659.17,Left,N/A,
147.5115,gk,SliderControl,Slider Control,1228,355,407.20,20977.08,Left,N/A,
147.5208,gk,SliderControl,Slider Control,1229,355,107.73,-32262.09,Left,N/A,
147.5309,gk,SliderControl,Slider Control,1233,354,407.98,29710.20,Left,N/A,
147.5411,gk,SliderControl,Slider Control,1235,354,197.33,-20784.04,Left,N/A,
147.5510,gk,SliderControl,Slider Control,1237,354,200.80,348.59,Left,N/A,
147.5610,gk,SliderControl,Slider Control,1242,354,500.86,30057.20,Left,N/A,
147.5714,gk,SliderControl,Slider Control,1244,354,191.80,-29638.94,Left,N/A,
147.5809,gk,SliderControl,Slider Control,1249,354,529.36,35737.46,Left,N/A,
147.5910,gk,SliderControl,Slider Control,1251,354,198.09,-32810.44,Left,N/A,
147.6010,gk,SliderControl,Slider Control,1254,354,299.32,10100.15,Left,N/A,
147.6109,gk,SliderControl,Slider Control,1255,354,101.00,-20030.50,Left,N/A,
147.6216,gk,SliderControl,Slider Control,1258,354,280.44,16774.55,Left,N/A,
147.6311,gk,SliderControl,Slider Control,1259,354,104.80,-18407.37,Left,N/A,
147.6411,gk,SliderControl,Slider Control,1261,354,201.52,9746.00,Left,N/A,
147.6516,gk,SliderControl,Slider Control,1261,354,0.00,-19041.02,Left,N/A,
147.6608,gk,SliderControl,Slider Control,1262,354,109.08,11899.46,Left,N/A,
147.6711,gk,SliderControl,Slider Control,1263,354,96.78,-1190.74,Left,N/A,
147.6816,gk,SliderControl,Slider Control,1263,354,0.00,-9274.37,Left,N/A,
147.6911,gk,SliderControl,Slider Control,1264,354,104.70,10962.20,Left,N/A,
147.7017,gk,SliderControl,Slider Control,1264,354,0.00,-9941.05,Left,N/A,
147.7109,gk,SliderControl,Slider Control,1265,354,108.65,11805.32,Left,N/A,
147.7213,gk,SliderControl,Slider Control,1265,354,0.00,-10460.71,Left,N/A,
147.7307,gk,SliderControl,Slider Control,1265,354,0.00,0.00,Left,N/A,
147.7410,gk,SliderControl,Slider Control,1265,354,0.00,0.00,Left,N/A,
147.7514,gk,SliderControl,Slider Control,1265,354,0.00,0.00,Left,N/A,
147.7614,gk,SliderControl,Slider Control,1265,354,0.00,0.00,Left,N/A,
147.7713,gk,SliderControl,Slider Control,1265,354,0.00,0.00,Left,N/A,
147.7807,gk,SliderControl,Slider Control,1265,354,0.00,0.00,Left,N/A,
147.7919,gk,SliderControl,Slider Control,1265,354,0.00,0.00,Left,N/A,
147.8015,gk,SliderControl,Slider Control,1265,354,0.00,0.00,Left,N/A,
147.8113,gk,SliderControl,Slider Control,1265,354,0.00,0.00,Left,N/A,
147.8210,gk,SliderControl,Slider Control,1265,354,0.00,0.00,Left,N/A,
147.8307,gk,SliderControl,Slider Control,1265,354,0.00,0.00,Left,N/A,
147.8410,gk,SliderControl,Slider Control,1265,355,97.39,9483.97,Left,N/A,
147.8516,gk,SliderControl,Slider Control,1266,355,93.99,-319.16,Left,N/A,
147.8607,gk,SliderControl,Slider Control,1266,356,109.97,1757.48,Left,N/A,
147.8714,gk,SliderControl,Slider Control,1267,356,93.44,-1544.57,Left,N/A,
147.8809,gk,SliderControl,Slider Control,1268,357,149.15,5875.11,Left,N/A,
147.8915,gk,SliderControl,Slider Control,1268,357,0.00,-14114.95,Left,N/A,
147.9010,gk,SliderControl,Slider Control,1269,358,148.27,15544.78,Left,N/A,
147.9108,gk,SliderControl,Slider Control,1271,359,227.60,8074.91,Left,N/A,
147.9217,gk,SliderControl,Slider Control,1272,359,92.21,-12484.60,Left,N/A,
147.9316,gk,SliderControl,Slider Control,1273,360,142.00,4998.93,Left,N/A,
147.9411,gk,SliderControl,Slider Control,1274,360,105.59,-3844.48,Left,N/A,
147.9508,gk,SliderControl,Slider Control,1275,361,145.74,4138.00,Left,N/A,
147.9616,gk,SliderControl,Slider Control,1275,361,0.00,-13528.72,Left,N/A,
147.9712,gk,SliderControl,Slider Control,1276,362,146.70,15217.43,Left,N/A,
147.9810,gk,SliderControl,Slider Control,1276,362,0.00,-14962.11,Left,N/A,
147.9917,gk,SliderControl,Slider Control,1276,362,0.00,0.00,Left,N/A,
148.0015,gk,SliderControl,Slider Control,1277,362,101.88,10378.56,Left,N/A,
148.0110,gk,SliderControl,Slider Control,1277,362,0.00,-10717.22,Left,N/A,
148.0215,gk,SliderControl,Slider Control,1277,362,0.00,0.00,Left,N/A,
148.0310,gk,SliderControl,Slider Control,1277,362,0.00,0.00,Left,N/A,
148.0415,gk,SliderControl,Slider Control,1277,362,0.00,0.00,Left,N/A,
148.0510,gk,SliderControl,Slider Control,1277,362,0.00,0.00,Left,N/A,
148.0615,gk,SliderControl,Slider Control,1277,362,0.00,0.00,Left,N/A,
148.0711,gk,SliderControl,Slider Control,1277,362,0.00,0.00,Left,N/A,
148.0816,gk,SliderControl,Slider Control,1277,362,0.00,0.00,Left,N/A,
148.0911,gk,SliderControl,Slider Control,1277,362,0.00,0.00,Left,N/A,
148.1010,gk,SliderControl,Slider Control,1277,362,0.00,0.00,Left,N/A,
148.1119,gk,SliderControl,Slider Control,1277,362,0.00,0.00,Left,N/A,
148.1214,gk,SliderControl,Slider Control,1277,362,0.00,0.00,Left,N/A,
148.1313,gk,SliderControl,Slider Control,1278,363,143.36,14533.12,Left,N/A,
148.1409,gk,SliderControl,Slider Control,1278,363,0.00,-14850.77,Left,N/A,
148.1507,gk,SliderControl,Slider Control,1280,364,227.73,23192.51,Left,N/A,
148.1615,gk,SliderControl,Slider Control,1280,364,0.00,-21103.39,Left,N/A,
148.1716,gk,SliderControl,Slider Control,1282,365,222.87,22213.25,Left,N/A,
148.1811,gk,SliderControl,Slider Control,1282,365,0.00,-23468.60,Left,N/A,
148.1909,gk,SliderControl,Slider Control,1283,366,144.18,14698.91,Left,N/A,
148.2016,gk,SliderControl,Slider Control,1283,366,0.00,-13388.41,Left,N/A,
148.2115,gk,SliderControl,Slider Control,1284,367,143.66,14593.02,Left,N/A,
148.2209,gk,SliderControl,Slider Control,1284,367,0.00,-15279.85,Left,N/A,
148.2311,gk,SliderControl,Slider Control,1284,367,0.00,0.00,Left,N/A,
148.2416,gk,SliderControl,Slider Control,1284,367,0.00,0.00,Left,N/A,
148.2513,gk,SliderControl,Slider Control,1284,367,0.00,0.00,Left,N/A,
148.2608,gk,SliderControl,Slider Control,1284,367,0.00,0.00,Left,N/A,
148.2713,gk,SliderControl,Slider Control,1284,367,0.00,0.00,Left,N/A,
148.2810,gk,SliderControl,Slider Control,1284,367,0.00,0.00,Left,N/A,
148.2921,gk,SliderControl,Slider Control,1284,367,0.00,0.00,Left,N/A,
148.3008,gk,SliderControl,Slider Control,1284,367,0.00,0.00,Left,N/A,
148.3118,gk,SliderControl,Slider Control,1284,367,0.00,0.00,Left,N/A,
148.3216,gk,SliderControl,Slider Control,1284,367,0.00,0.00,Left,N/A,
148.3311,gk,SliderControl,Slider Control,1284,367,0.00,0.00,Left,N/A,
148.3417,gk,SliderControl,Slider Control,1284,367,0.00,0.00,Left,N/A,
148.3512,gk,SliderControl,Slider Control,1284,367,0.00,0.00,Left,N/A,
148.3615,gk,SliderControl,Slider Control,1284,367,0.00,0.00,Left,N/A,
148.3710,gk,SliderControl,Slider Control,1284,367,0.00,0.00,Left,N/A,
148.3815,gk,SliderControl,Slider Control,1284,367,0.00,0.00,Left,N/A,
148.3913,gk,SliderControl,Slider Control,1284,367,0.00,0.00,Left,N/A,
148.4009,gk,SliderControl,Slider Control,1284,367,0.00,0.00,Left,N/A,
148.4113,gk,SliderControl,Slider Control,1284,367,0.00,0.00,Left,N/A,
148.4208,gk,SliderControl,Slider Control,1284,367,0.00,0.00,Left,N/A,
148.4313,gk,SliderControl,Slider Control,1284,367,0.00,0.00,Left,N/A,
148.4409,gk,SliderControl,Slider Control,1284,367,0.00,0.00,Left,N/A,
148.4513,gk,SliderControl,Slider Control,1284,367,0.00,0.00,Left,N/A,
148.4608,gk,SliderControl,Slider Control,1284,367,0.00,0.00,Left,N/A,
148.4712,gk,SliderControl,Slider Control,1284,367,0.00,0.00,Left,N/A,
148.4816,gk,SliderControl,Slider Control,1284,367,0.00,0.00,Left,N/A,
148.4912,gk,SliderControl,Slider Control,1284,367,0.00,0.00,Left,N/A,
148.5008,gk,SliderControl,Slider Control,1284,367,0.00,0.00,Left,N/A,
148.5113,gk,SliderControl,Slider Control,1284,367,0.00,0.00,Left,N/A,
148.5211,gk,SliderControl,Slider Control,1284,367,0.00,0.00,Left,N/A,
148.5317,gk,SliderControl,Slider Control,1284,367,0.00,0.00,Left,N/A,
148.5328,gk,SliderControl,Slider Control,1284,367,0.00,0.00,None,N/A,slider_released_correct
148.5411,gk,SliderControl,Slider Control,1284,367,0.00,0.00,None,N/A,
148.5520,gk,SliderControl,Slider Control,1284,367,0.00,0.00,None,N/A,
148.5615,gk,SliderControl,Slider Control,1284,367,0.00,0.00,None,N/A,
148.5712,gk,SliderControl,Slider Control,1284,367,0.00,0.00,None,N/A,
148.5808,gk,SliderControl,Slider Control,1284,367,0.00,0.00,None,N/A,
148.5921,gk,SliderControl,Slider Control,1284,367,0.00,0.00,None,N/A,
148.6017,gk,SliderControl,Slider Control,1284,367,0.00,0.00,None,N/A,
148.6113,gk,SliderControl,Slider Control,1284,367,0.00,0.00,None,N/A,
148.6216,gk,SliderControl,Slider Control,1284,367,0.00,0.00,None,N/A,
148.6313,gk,SliderControl,Slider Control,1284,367,0.00,0.00,None,N/A,
148.6410,gk,SliderControl,Slider Control,1284,367,0.00,0.00,None,N/A,
148.6515,gk,SliderControl,Slider Control,1284,367,0.00,0.00,None,N/A,
148.6611,gk,SliderControl,Slider Control,1284,367,0.00,0.00,None,N/A,
148.6716,gk,SliderControl,Slider Control,1284,367,0.00,0.00,None,N/A,
148.6813,gk,SliderControl,Slider Control,1284,367,0.00,0.00,None,N/A,
148.6908,gk,SliderControl,Slider Control,1284,367,0.00,0.00,None,N/A,
148.7018,gk,SliderControl,Slider Control,1284,367,0.00,0.00,None,N/A,
148.7119,gk,SliderControl,Slider Control,1284,367,0.00,0.00,None,N/A,
148.7219,gk,SliderControl,Slider Control,1284,367,0.00,0.00,None,N/A,
148.7320,gk,SliderControl,Slider Control,1284,367,0.00,0.00,None,N/A,
148.7416,gk,SliderControl,Slider Control,1284,367,0.00,0.00,None,N/A,
148.7516,gk,SliderControl,Slider Control,1284,367,0.00,0.00,None,N/A,
148.7617,gk,SliderControl,Slider Control,1284,367,0.00,0.00,None,N/A,
148.7717,gk,SliderControl,Slider Control,1284,367,0.00,0.00,None,N/A,
148.7817,gk,SliderControl,Slider Control,1284,367,0.00,0.00,None,N/A,
148.7914,gk,SliderControl,Slider Control,1284,367,0.00,0.00,None,N/A,
148.8009,gk,SliderControl,Slider Control,1284,367,0.00,0.00,None,N/A,
148.8116,gk,SliderControl,Slider Control,1284,367,0.00,0.00,None,N/A,
148.8213,gk,SliderControl,Slider Control,1284,367,0.00,0.00,None,N/A,
148.8308,gk,SliderControl,Slider Control,1284,367,0.00,0.00,None,N/A,
148.8413,gk,SliderControl,Slider Control,1284,367,0.00,0.00,None,N/A,
148.8515,gk,SliderControl,Slider Control,1284,367,0.00,0.00,None,N/A,
148.8613,gk,SliderControl,Slider Control,1284,367,0.00,0.00,None,N/A,
148.8713,gk,SliderControl,Slider Control,1284,367,0.00,0.00,None,N/A,
148.8812,gk,SliderControl,Slider Control,1284,367,0.00,0.00,None,N/A,
148.8913,gk,SliderControl,Slider Control,1284,367,0.00,0.00,None,N/A,
148.9013,gk,SliderControl,Slider Control,1284,367,0.00,0.00,None,N/A,
148.9108,gk,SliderControl,Slider Control,1284,367,0.00,0.00,None,N/A,
148.9212,gk,SliderControl,Slider Control,1284,367,0.00,0.00,None,N/A,
148.9308,gk,SliderControl,Slider Control,1284,367,0.00,0.00,None,N/A,
148.9413,gk,SliderControl,Slider Control,1284,367,0.00,0.00,None,N/A,
148.9509,gk,SliderControl,Slider Control,1284,367,0.00,0.00,None,N/A,
148.9613,gk,SliderControl,Slider Control,1284,367,0.00,0.00,None,N/A,
148.9707,gk,SliderControl,Slider Control,1284,367,0.00,0.00,None,N/A,
148.9816,gk,SliderControl,Slider Control,1280,370,460.96,42497.41,None,N/A,
148.9908,gk,SliderControl,Slider Control,1274,373,724.94,28526.89,None,N/A,
149.0011,gk,SliderControl,Slider Control,1242,389,3493.10,270269.52,None,N/A,
149.0113,gk,SliderControl,Slider Control,1215,399,2822.05,-65772.09,None,N/A,
149.0217,gk,SliderControl,Slider Control,1173,410,4166.72,129049.18,None,N/A,
149.0314,gk,SliderControl,Slider Control,1156,411,1742.79,-248065.36,None,N/A,
149.0413,gk,SliderControl,Slider Control,1126,413,3046.69,132125.65,None,N/A,
149.0510,gk,SliderControl,Slider Control,1112,413,1439.12,-165248.56,None,N/A,
149.0610,gk,SliderControl,Slider Control,1096,413,1608.36,17012.93,None,N/A,
149.0715,gk,SliderControl,Slider Control,1068,412,2655.77,99282.98,None,N/A,
149.0807,gk,SliderControl,Slider Control,1055,410,1434.30,-133199.18,None,N/A,
149.0911,gk,SliderControl,Slider Control,1032,405,2261.47,79475.04,None,N/A,
149.1010,gk,SliderControl,Slider Control,1022,403,1035.76,-124488.68,None,N/A,
149.1109,gk,SliderControl,Slider Control,1007,400,1536.37,50279.88,None,N/A,
149.1213,gk,SliderControl,Slider Control,1000,398,703.18,-80477.58,None,N/A,
149.1313,gk,SliderControl,Slider Control,992,396,823.23,11984.32,None,N/A,
149.1412,gk,SliderControl,Slider Control,991,395,142.00,-68400.44,None,N/A,
149.1511,gk,SliderControl,Slider Control,988,394,320.48,18087.72,None,N/A,
149.1608,gk,SliderControl,Slider Control,987,393,146.28,-18018.09,None,N/A,
149.1716,gk,SliderControl,Slider Control,986,393,92.71,-4966.60,None,N/A,
149.1814,gk,SliderControl,Slider Control,986,393,0.00,-9420.20,None,N/A,
149.1913,gk,SliderControl,Slider Control,986,393,0.00,0.00,None,N/A,
149.2014,gk,SliderControl,Slider Control,985,392,140.28,13914.98,None,N/A,
149.2117,gk,SliderControl,Slider Control,985,392,0.00,-13605.45,None,N/A,
149.2216,gk,SliderControl,Slider Control,984,391,143.92,14645.46,None,N/A,
149.2312,gk,SliderControl,Slider Control,984,391,0.00,-14894.45,None,N/A,
149.2416,gk,SliderControl,Slider Control,983,390,136.60,13195.18,None,N/A,
149.2515,gk,SliderControl,Slider Control,982,390,100.40,-3634.94,None,N/A,
149.2615,gk,SliderControl,Slider Control,982,389,100.17,-23.06,None,N/A,
149.2713,gk,SliderControl,Slider Control,981,389,102.23,210.40,None,N/A,
149.2812,gk,SliderControl,Slider Control,980,388,142.99,4121.84,None,N/A,
149.2916,gk,SliderControl,Slider Control,980,388,0.00,-13737.93,None,N/A,
149.3012,gk,SliderControl,Slider Control,979,388,104.52,10923.99,None,N/A,
149.3115,gk,SliderControl,Slider Control,976,387,307.10,19673.11,None,N/A,
149.3207,gk,SliderControl,Slider Control,974,387,215.50,-9869.92,None,N/A,
149.3311,gk,SliderControl,Slider Control,967,387,678.34,44853.05,None,N/A,
149.3418,gk,SliderControl,Slider Control,962,387,467.52,-19713.01,None,N/A,
149.3516,gk,SliderControl,Slider Control,948,387,1422.21,96983.81,None,N/A,
149.3615,gk,SliderControl,Slider Control,940,387,809.69,-61994.00,None,N/A,
149.3716,gk,SliderControl,Slider Control,927,387,1284.26,46882.64,None,N/A,
149.3814,gk,SliderControl,Slider Control,922,387,507.94,-78865.36,None,N/A,
149.3913,gk,SliderControl,Slider Control,911,387,1111.88,61045.32,None,N/A,
149.4010,gk,SliderControl,Slider Control,906,387,517.19,-61513.25,None,N/A,
149.4109,gk,SliderControl,Slider Control,902,387,402.46,-11543.75,None,N/A,
149.4217,gk,SliderControl,Slider Control,894,387,746.48,32101.28,None,N/A,
149.4315,gk,SliderControl,Slider Control,891,386,320.12,-43161.15,None,N/A,
149.4412,gk,SliderControl,Slider Control,886,385,526.04,21244.22,None,N/A,
149.4510,gk,SliderControl,Slider Control,884,384,228.42,-30402.89,None,N/A,
149.4615,gk,SliderControl,Slider Control,880,383,394.61,15906.48,None,N/A,
149.4713,gk,SliderControl,Slider Control,879,383,102.08,-29862.52,None,N/A,
149.4814,gk,SliderControl,Slider Control,877,382,221.67,11854.68,None,N/A,
149.4909,gk,SliderControl,Slider Control,876,382,104.79,-12247.58,None,N/A,
149.5012,gk,SliderControl,Slider Control,875,381,136.71,3085.15,None,N/A,
149.5111,gk,SliderControl,Slider Control,874,380,143.89,731.18,None,N/A,
149.5216,gk,SliderControl,Slider Control,874,379,95.40,-4626.25,None,N/A,
149.5308,gk,SliderControl,Slider Control,874,378,107.98,1358.20,None,N/A,
149.5412,gk,SliderControl,Slider Control,874,378,0.00,-10362.24,None,N/A,
149.5516,gk,SliderControl,Slider Control,876,376,273.85,26514.77,None,N/A,
149.5611,gk,SliderControl,Slider Control,876,376,0.00,-28729.86,None,N/A,
149.5717,gk,SliderControl,Slider Control,879,375,299.36,28338.39,None,N/A,
149.5812,gk,SliderControl,Slider Control,880,375,105.03,-20410.11,None,N/A,
149.5912,gk,SliderControl,Slider Control,882,374,224.17,11943.64,None,N/A,
149.6013,gk,SliderControl,Slider Control,883,374,98.37,-12374.71,None,N/A,
149.6108,gk,SliderControl,Slider Control,885,374,210.69,11832.53,None,N/A,
149.6213,gk,SliderControl,Slider Control,886,374,95.16,-10993.73,None,N/A,
149.6313,gk,SliderControl,Slider Control,887,374,100.17,502.68,None,N/A,
149.6413,gk,SliderControl,Slider Control,888,374,99.80,-37.11,None,N/A,
149.6514,gk,SliderControl,Slider Control,888,374,0.00,-9892.76,None,N/A,
149.6609,gk,SliderControl,Slider Control,889,374,105.46,11122.66,None,N/A,
149.6719,gk,SliderControl,Slider Control,889,374,0.00,-9552.51,None,N/A,
149.6817,gk,SliderControl,Slider Control,889,374,0.00,0.00,None,N/A,
149.6914,gk,SliderControl,Slider Control,890,374,103.58,10727.96,None,N/A,
149.7010,gk,SliderControl,Slider Control,890,374,0.00,-10740.69,None,N/A,
149.7119,gk,SliderControl,Slider Control,890,374,0.00,0.00,None,N/A,
149.7215,gk,SliderControl,Slider Control,890,374,0.00,0.00,None,N/A,
149.7311,gk,SliderControl,Slider Control,890,374,0.00,0.00,None,N/A,
149.7416,gk,SliderControl,Slider Control,890,374,0.00,0.00,None,N/A,
149.7511,gk,SliderControl,Slider Control,890,374,0.00,0.00,None,N/A,
149.7616,gk,SliderControl,Slider Control,890,374,0.00,0.00,None,N/A,
149.7710,gk,SliderControl,Slider Control,890,374,0.00,0.00,None,N/A,
149.7817,gk,SliderControl,Slider Control,890,374,0.00,0.00,None,N/A,
149.7912,gk,SliderControl,Slider Control,890,374,0.00,0.00,None,N/A,
149.8017,gk,SliderControl,Slider Control,890,374,0.00,0.00,None,N/A,
149.8113,gk,SliderControl,Slider Control,890,374,0.00,0.00,None,N/A,
149.8209,gk,SliderControl,Slider Control,890,374,0.00,0.00,None,N/A,
149.8319,gk,SliderControl,Slider Control,890,374,0.00,0.00,None,N/A,
149.8420,gk,SliderControl,Slider Control,890,374,0.00,0.00,None,N/A,
149.8520,gk,SliderControl,Slider Control,890,374,0.00,0.00,None,N/A,
149.8621,gk,SliderControl,Slider Control,890,374,0.00,0.00,None,N/A,
149.8722,gk,SliderControl,Slider Control,890,374,0.00,0.00,None,N/A,
149.8812,gk,SliderControl,Slider Control,890,374,0.00,0.00,None,N/A,
149.8908,gk,SliderControl,Slider Control,890,374,0.00,0.00,None,N/A,
149.9012,gk,SliderControl,Slider Control,890,374,0.00,0.00,None,N/A,
149.9116,gk,SliderControl,Slider Control,890,374,0.00,0.00,None,N/A,
149.9213,gk,SliderControl,Slider Control,890,374,0.00,0.00,None,N/A,
149.9308,gk,SliderControl,Slider Control,890,374,0.00,0.00,None,N/A,
149.9415,gk,SliderControl,Slider Control,890,374,0.00,0.00,None,N/A,
149.9509,gk,SliderControl,Slider Control,890,374,0.00,0.00,None,N/A,
149.9615,gk,SliderControl,Slider Control,890,374,0.00,0.00,None,N/A,
149.9715,gk,SliderControl,Slider Control,890,374,0.00,0.00,None,N/A,
149.9816,gk,SliderControl,Slider Control,890,374,0.00,0.00,None,N/A,
149.9916,gk,SliderControl,Slider Control,890,374,0.00,0.00,None,N/A,
150.0018,gk,SliderControl,Slider Control,890,374,0.00,0.00,None,N/A,
150.0118,gk,SliderControl,Slider Control,890,374,0.00,0.00,None,N/A,
150.0219,gk,SliderControl,Slider Control,890,374,0.00,0.00,None,N/A,
150.0315,gk,SliderControl,Slider Control,890,374,0.00,0.00,None,N/A,
150.0411,gk,SliderControl,Slider Control,890,374,0.00,0.00,None,N/A,
150.0521,gk,SliderControl,Slider Control,890,374,0.00,0.00,None,N/A,
150.0608,gk,SliderControl,Slider Control,890,374,0.00,0.00,None,N/A,
150.0717,gk,SliderControl,Slider Control,890,374,0.00,0.00,None,N/A,
150.0813,gk,SliderControl,Slider Control,890,374,0.00,0.00,None,N/A,
150.0909,gk,SliderControl,Slider Control,890,374,0.00,0.00,None,N/A,
150.1013,gk,SliderControl,Slider Control,890,374,0.00,0.00,None,N/A,
150.1117,gk,SliderControl,Slider Control,890,374,0.00,0.00,None,N/A,
150.1212,gk,SliderControl,Slider Control,890,374,0.00,0.00,None,N/A,
150.1317,gk,SliderControl,Slider Control,890,374,0.00,0.00,None,N/A,
150.1413,gk,SliderControl,Slider Control,890,374,0.00,0.00,None,N/A,
150.1521,gk,SliderControl,Slider Control,890,374,0.00,0.00,None,N/A,
150.1609,gk,SliderControl,Slider Control,890,374,0.00,0.00,None,N/A,
150.1712,gk,SliderControl,Slider Control,890,374,0.00,0.00,None,N/A,
150.1815,gk,SliderControl,Slider Control,890,374,0.00,0.00,None,N/A,
150.1910,gk,SliderControl,Slider Control,890,374,0.00,0.00,None,N/A,
150.2016,gk,SliderControl,Slider Control,890,374,0.00,0.00,None,N/A,
150.2111,gk,SliderControl,Slider Control,890,374,0.00,0.00,None,N/A,
150.2214,gk,SliderControl,Slider Control,890,374,0.00,0.00,None,N/A,
150.2308,gk,SliderControl,Slider Control,890,374,0.00,0.00,None,N/A,
150.2412,gk,SliderControl,Slider Control,890,374,0.00,0.00,None,N/A,
150.2521,gk,SliderControl,Slider Control,890,374,0.00,0.00,None,N/A,
150.2617,gk,SliderControl,Slider Control,890,374,0.00,0.00,Left,N/A,
150.2712,gk,SliderControl,Slider Control,890,374,0.00,0.00,Left,N/A,
150.2817,gk,SliderControl,Slider Control,890,374,0.00,0.00,Left,N/A,
150.2914,gk,SliderControl,Slider Control,890,374,0.00,0.00,Left,N/A,
150.3014,gk,SliderControl,Slider Control,890,374,0.00,0.00,Left,N/A,
150.3112,gk,SliderControl,Slider Control,890,374,0.00,0.00,Left,N/A,
150.3218,gk,SliderControl,Slider Control,890,374,0.00,0.00,Left,N/A,
150.3314,gk,SliderControl,Slider Control,890,374,0.00,0.00,Left,N/A,
150.3407,gk,SliderControl,Slider Control,890,374,0.00,0.00,Left,N/A,
150.3513,gk,SliderControl,Slider Control,890,374,0.00,0.00,Left,N/A,
150.3608,gk,SliderControl,Slider Control,890,374,0.00,0.00,Left,N/A,
150.3713,gk,SliderControl,Slider Control,890,374,0.00,0.00,Left,N/A,
150.3807,gk,SliderControl,Slider Control,890,374,0.00,0.00,Left,N/A,
150.3911,gk,SliderControl,Slider Control,890,374,0.00,0.00,Left,N/A,
150.4017,gk,SliderControl,Slider Control,890,374,0.00,0.00,Left,N/A,
150.4110,gk,SliderControl,Slider Control,890,374,0.00,0.00,Left,N/A,
150.4215,gk,SliderControl,Slider Control,890,374,0.00,0.00,Left,N/A,
150.4309,gk,SliderControl,Slider Control,890,374,0.00,0.00,Left,N/A,
150.4413,gk,SliderControl,Slider Control,890,374,0.00,0.00,Left,N/A,
150.4508,gk,SliderControl,Slider Control,890,374,0.00,0.00,Left,N/A,
150.4616,gk,SliderControl,Slider Control,890,374,0.00,0.00,Left,N/A,
150.4715,gk,SliderControl,Slider Control,890,374,0.00,0.00,Left,N/A,
150.4810,gk,SliderControl,Slider Control,890,374,0.00,0.00,Left,N/A,
150.4915,gk,SliderControl,Slider Control,890,374,0.00,0.00,Left,N/A,
150.5011,gk,SliderControl,Slider Control,890,374,0.00,0.00,Left,N/A,
150.5111,gk,SliderControl,Slider Control,889,374,100.00,10000.97,Left,N/A,
150.5207,gk,SliderControl,Slider Control,889,374,0.00,-10390.42,Left,N/A,
150.5310,gk,SliderControl,Slider Control,885,373,402.69,39329.56,Left,N/A,
150.5416,gk,SliderControl,Slider Control,883,373,188.11,-20182.41,Left,N/A,
150.5511,gk,SliderControl,Slider Control,876,372,744.73,58623.92,Left,N/A,
150.5610,gk,SliderControl,Slider Control,872,371,413.56,-33217.49,Left,N/A,
150.5712,gk,SliderControl,Slider Control,868,370,405.90,-753.98,Left,N/A,
150.5816,gk,SliderControl,Slider Control,859,370,868.55,44647.24,Left,N/A,
150.5915,gk,SliderControl,Slider Control,856,369,318.84,-55424.89,Left,N/A,
150.6013,gk,SliderControl,Slider Control,850,369,611.83,29876.48,Left,N/A,
150.6113,gk,SliderControl,Slider Control,847,369,298.90,-31178.32,Left,N/A,
150.6211,gk,SliderControl,Slider Control,841,368,624.98,33503.96,Left,N/A,
150.6309,gk,SliderControl,Slider Control,838,368,305.66,-32534.48,Left,N/A,
150.6414,gk,SliderControl,Slider Control,833,368,476.59,16293.54,Left,N/A,
150.6514,gk,SliderControl,Slider Control,832,368,100.05,-37673.18,Left,N/A,
150.6611,gk,SliderControl,Slider Control,828,368,411.61,32060.25,Left,N/A,
150.6708,gk,SliderControl,Slider Control,827,368,103.34,-31857.34,Left,N/A,
150.6816,gk,SliderControl,Slider Control,825,368,185.12,7569.46,Left,N/A,
150.6914,gk,SliderControl,Slider Control,824,368,101.92,-8479.88,Left,N/A,
150.7014,gk,SliderControl,Slider Control,823,368,100.12,-180.73,Left,N/A,
150.7113,gk,SliderControl,Slider Control,821,368,200.86,10117.95,Left,N/A,
150.7207,gk,SliderControl,Slider Control,821,368,0.00,-21362.07,Left,N/A,
150.7316,gk,SliderControl,Slider Control,819,367,205.56,18896.44,Left,N/A,
150.7410,gk,SliderControl,Slider Control,818,367,106.35,-10550.66,Left,N/A,
150.7517,gk,SliderControl,Slider Control,814,367,375.24,25223.90,Left,N/A,
150.7615,gk,SliderControl,Slider Control,812,367,204.04,-17465.54,Left,N/A,
150.7717,gk,SliderControl,Slider Control,808,367,390.80,18247.24,Left,N/A,
150.7817,gk,SliderControl,Slider Control,806,367,200.83,-19076.22,Left,N/A,
150.7909,gk,SliderControl,Slider Control,803,368,343.71,15529.87,Left,N/A,
150.8015,gk,SliderControl,Slider Control,796,369,661.48,29726.53,Left,N/A,
150.8112,gk,SliderControl,Slider Control,793,369,309.33,-36310.39,Left,N/A,
150.8212,gk,SliderControl,Slider Control,786,370,708.20,39949.48,Left,N/A,
150.8308,gk,SliderControl,Slider Control,783,371,331.75,-39493.42,Left,N/A,
150.8416,gk,SliderControl,Slider Control,776,372,654.43,29864.01,Left,N/A,
150.8507,gk,SliderControl,Slider Control,772,372,436.74,-23768.93,Left,N/A,
150.8610,gk,SliderControl,Slider Control,765,372,683.56,24102.27,Left,N/A,
150.8712,gk,SliderControl,Slider Control,761,373,401.46,-27467.38,Left,N/A,
150.8808,gk,SliderControl,Slider Control,755,373,626.37,23480.36,Left,N/A,
150.8915,gk,SliderControl,Slider Control,752,373,280.47,-32338.51,Left,N/A,
150.9010,gk,SliderControl,Slider Control,747,373,526.08,25841.81,Left,N/A,
150.9111,gk,SliderControl,Slider Control,745,373,197.82,-32467.64,Left,N/A,
150.9209,gk,SliderControl,Slider Control,743,373,204.29,661.37,Left,N/A,
150.9315,gk,SliderControl,Slider Control,739,373,376.20,16168.63,Left,N/A,
150.9417,gk,SliderControl,Slider Control,737,372,220.19,-15362.92,Left,N/A,
150.9514,gk,SliderControl,Slider Control,733,372,411.26,19643.89,Left,N/A,
150.9616,gk,SliderControl,Slider Control,731,371,219.00,-18829.62,Left,N/A,
150.9710,gk,SliderControl,Slider Control,727,370,440.67,23691.66,Left,N/A,
150.9808,gk,SliderControl,Slider Control,725,369,227.94,-21685.01,Left,N/A,
150.9914,gk,SliderControl,Slider Control,721,368,388.16,15083.29,Left,N/A,
151.0018,gk,SliderControl,Slider Control,719,367,216.14,-16627.39,Left,N/A,
151.0110,gk,SliderControl,Slider Control,714,366,551.56,36283.30,Left,N/A,
151.0210,gk,SliderControl,Slider Control,712,365,224.42,-32833.24,Left,N/A,
151.0308,gk,SliderControl,Slider Control,710,365,204.31,-2054.26,Left,N/A,
151.0416,gk,SliderControl,Slider Control,707,364,292.13,8112.60,Left,N/A,
151.0514,gk,SliderControl,Slider Control,705,364,203.82,-8999.63,Left,N/A,
151.0612,gk,SliderControl,Slider Control,701,363,421.96,22324.36,Left,N/A,
151.0714,gk,SliderControl,Slider Control,700,363,98.03,-31754.18,Left,N/A,
151.0816,gk,SliderControl,Slider Control,696,363,392.64,28919.57,Left,N/A,
151.0911,gk,SliderControl,Slider Control,695,363,105.21,-30240.29,Left,N/A,
151.1010,gk,SliderControl,Slider Control,691,363,402.89,29983.63,Left,N/A,
151.1112,gk,SliderControl,Slider Control,690,363,98.24,-29929.20,Left,N/A,
151.1206,gk,SliderControl,Slider Control,686,363,423.11,34364.10,Left,N/A,
151.1314,gk,SliderControl,Slider Control,684,363,186.33,-22059.76,Left,N/A,
151.1411,gk,SliderControl,Slider Control,681,364,325.20,14280.75,Left,N/A,
151.1514,gk,SliderControl,Slider Control,679,364,194.32,-12716.31,Left,N/A,
151.1613,gk,SliderControl,Slider Control,678,365,143.08,-5183.70,Left,N/A,
151.1714,gk,SliderControl,Slider Control,675,365,296.10,15102.59,Left,N/A,
151.1809,gk,SliderControl,Slider Control,674,366,149.01,-15497.90,Left,N/A,
151.1917,gk,SliderControl,Slider Control,671,367,293.73,13441.69,Left,N/A,
151.2015,gk,SliderControl,Slider Control,669,367,203.23,-9195.77,Left,N/A,
151.2116,gk,SliderControl,Slider Control,667,368,220.69,1723.23,Left,N/A,
151.2211,gk,SliderControl,Slider Control,665,368,212.29,-891.37,Left,N/A,
151.2306,gk,SliderControl,Slider Control,663,369,233.50,2214.33,Left,N/A,
151.2415,gk,SliderControl,Slider Control,662,369,92.21,-13028.37,Left,N/A,
151.2511,gk,SliderControl,Slider Control,661,370,146.32,5597.74,Left,N/A,
151.2614,gk,SliderControl,Slider Control,660,370,97.50,-4759.37,Left,N/A,
151.2709,gk,SliderControl,Slider Control,660,370,0.00,-10241.90,Left,N/A,
151.2812,gk,SliderControl,Slider Control,659,371,137.21,13312.03,Left,N/A,
151.2918,gk,SliderControl,Slider Control,658,371,94.75,-4022.89,Left,N/A,
151.3010,gk,SliderControl,Slider Control,657,372,153.70,6406.41,Left,N/A,
151.3113,gk,SliderControl,Slider Control,656,372,97.27,-5488.58,Left,N/A,
151.3213,gk,SliderControl,Slider Control,654,373,222.59,12474.44,Left,N/A,
151.3313,gk,SliderControl,Slider Control,653,373,100.02,-12259.35,Left,N/A,
151.3407,gk,SliderControl,Slider Control,651,374,237.35,14576.05,Left,N/A,
151.3517,gk,SliderControl,Slider Control,650,374,91.48,-13343.70,Left,N/A,
151.3610,gk,SliderControl,Slider Control,648,374,215.03,13283.20,Left,N/A,
151.3709,gk,SliderControl,Slider Control,647,374,100.41,-11508.62,Left,N/A,
151.3814,gk,SliderControl,Slider Control,646,374,95.25,-491.11,Left,N/A,
151.3911,gk,SliderControl,Slider Control,645,374,103.20,819.63,Left,N/A,
151.4014,gk,SliderControl,Slider Control,645,374,0.00,-10060.10,Left,N/A,
151.4113,gk,SliderControl,Slider Control,644,374,100.16,10032.52,Left,N/A,
151.4209,gk,SliderControl,Slider Control,644,374,0.00,-10469.56,Left,N/A,
151.4311,gk,SliderControl,Slider Control,643,374,98.03,9609.85,Left,N/A,
151.4415,gk,SliderControl,Slider Control,643,374,0.00,-9459.29,Left,N/A,
151.4511,gk,SliderControl,Slider Control,643,374,0.00,0.00,Left,N/A,
151.4617,gk,SliderControl,Slider Control,643,374,0.00,0.00,Left,N/A,
151.4713,gk,SliderControl,Slider Control,643,374,0.00,0.00,Left,N/A,
151.4807,gk,SliderControl,Slider Control,643,374,0.00,0.00,Left,N/A,
151.4913,gk,SliderControl,Slider Control,643,374,0.00,0.00,Left,N/A,
151.5012,gk,SliderControl,Slider Control,643,374,0.00,0.00,Left,N/A,
151.5107,gk,SliderControl,Slider Control,643,374,0.00,0.00,Left,N/A,
151.5120,gk,SliderControl,Slider Control,643,374,0.00,0.00,None,N/A,slider_released_missed
151.5209,gk,SliderControl,Slider Control,643,374,0.00,0.00,None,N/A,
151.5313,gk,SliderControl,Slider Control,643,374,0.00,0.00,None,N/A,
151.5409,gk,SliderControl,Slider Control,643,374,0.00,0.00,None,N/A,
151.5514,gk,SliderControl,Slider Control,643,374,0.00,0.00,None,N/A,
151.5610,gk,SliderControl,Slider Control,643,374,0.00,0.00,None,N/A,
151.5713,gk,SliderControl,Slider Control,643,374,0.00,0.00,None,N/A,
151.5814,gk,SliderControl,Slider Control,643,374,0.00,0.00,None,N/A,
151.5918,gk,SliderControl,Slider Control,643,374,0.00,0.00,None,N/A,
151.6014,gk,SliderControl,Slider Control,643,374,0.00,0.00,None,N/A,
151.6110,gk,SliderControl,Slider Control,643,374,0.00,0.00,None,N/A,
151.6220,gk,SliderControl,Slider Control,643,374,0.00,0.00,None,N/A,
151.6308,gk,SliderControl,Slider Control,643,374,0.00,0.00,None,N/A,
151.6417,gk,SliderControl,Slider Control,643,374,0.00,0.00,None,N/A,
151.6518,gk,SliderControl,Slider Control,643,374,0.00,0.00,None,N/A,
151.6619,gk,SliderControl,Slider Control,643,374,0.00,0.00,None,N/A,
151.6720,gk,SliderControl,Slider Control,643,374,0.00,0.00,None,N/A,
151.6816,gk,SliderControl,Slider Control,643,374,0.00,0.00,None,N/A,
151.6913,gk,SliderControl,Slider Control,643,374,0.00,0.00,None,N/A,
151.7009,gk,SliderControl,Slider Control,643,374,0.00,0.00,None,N/A,
151.7115,gk,SliderControl,Slider Control,643,374,0.00,0.00,None,N/A,
151.7212,gk,SliderControl,Slider Control,643,374,0.00,0.00,None,N/A,
151.7308,gk,SliderControl,Slider Control,643,374,0.00,0.00,None,N/A,
151.7416,gk,SliderControl,Slider Control,643,374,0.00,0.00,None,N/A,
151.7513,gk,SliderControl,Slider Control,643,374,0.00,0.00,None,N/A,
151.7613,gk,SliderControl,Slider Control,643,374,0.00,0.00,None,N/A,
151.7713,gk,SliderControl,Slider Control,643,374,0.00,0.00,None,N/A,
151.7814,gk,SliderControl,Slider Control,643,374,0.00,0.00,None,N/A,
151.7914,gk,SliderControl,Slider Control,643,374,0.00,0.00,None,N/A,
151.8010,gk,SliderControl,Slider Control,643,374,0.00,0.00,None,N/A,
151.8117,gk,SliderControl,Slider Control,643,374,0.00,0.00,None,N/A,
151.8214,gk,SliderControl,Slider Control,643,374,0.00,0.00,None,N/A,
151.8309,gk,SliderControl,Slider Control,643,374,0.00,0.00,None,N/A,
151.8415,gk,SliderControl,Slider Control,643,374,0.00,0.00,None,N/A,
151.8511,gk,SliderControl,Slider Control,643,374,0.00,0.00,None,N/A,
151.8607,gk,SliderControl,Slider Control,643,374,0.00,0.00,None,N/A,
151.8713,gk,SliderControl,Slider Control,643,374,0.00,0.00,None,N/A,
151.8809,gk,SliderControl,Slider Control,643,374,0.00,0.00,None,N/A,
151.8915,gk,SliderControl,Slider Control,643,374,0.00,0.00,None,N/A,
151.9016,gk,SliderControl,Slider Control,643,374,0.00,0.00,None,N/A,
151.9119,gk,SliderControl,Slider Control,643,374,0.00,0.00,None,N/A,
151.9219,gk,SliderControl,Slider Control,643,374,0.00,0.00,None,N/A,
151.9316,gk,SliderControl,Slider Control,643,374,0.00,0.00,None,N/A,
151.9413,gk,SliderControl,Slider Control,643,374,0.00,0.00,None,N/A,
151.9509,gk,SliderControl,Slider Control,643,374,0.00,0.00,None,N/A,
151.9614,gk,SliderControl,Slider Control,643,374,0.00,0.00,None,N/A,
151.9714,gk,SliderControl,Slider Control,643,374,0.00,0.00,None,N/A,
151.9811,gk,SliderControl,Slider Control,643,374,0.00,0.00,None,N/A,
151.9921,gk,SliderControl,Slider Control,643,374,0.00,0.00,None,N/A,
152.0017,gk,SliderControl,Slider Control,643,374,0.00,0.00,None,N/A,
152.0113,gk,SliderControl,Slider Control,643,374,0.00,0.00,None,N/A,
152.0217,gk,SliderControl,Slider Control,643,374,0.00,0.00,None,N/A,
152.0312,gk,SliderControl,Slider Control,643,374,0.00,0.00,None,N/A,
152.0416,gk,SliderControl,Slider Control,643,374,0.00,0.00,None,N/A,
152.0509,gk,SliderControl,Slider Control,643,374,0.00,0.00,None,N/A,
152.0611,gk,SliderControl,Slider Control,643,374,0.00,0.00,None,N/A,
152.0715,gk,SliderControl,Slider Control,643,374,0.00,0.00,None,N/A,
152.0812,gk,SliderControl,Slider Control,643,374,0.00,0.00,None,N/A,
152.0910,gk,SliderControl,Slider Control,643,374,0.00,0.00,None,N/A,
152.1015,gk,SliderControl,Slider Control,643,374,0.00,0.00,None,N/A,
152.1109,gk,SliderControl,Slider Control,643,374,0.00,0.00,None,N/A,
152.1212,gk,SliderControl,Slider Control,643,374,0.00,0.00,None,N/A,
152.1307,gk,SliderControl,Slider Control,643,374,0.00,0.00,None,N/A,
152.1411,gk,SliderControl,Slider Control,643,374,0.00,0.00,None,N/A,
152.1516,gk,SliderControl,Slider Control,643,374,0.00,0.00,None,N/A,
152.1611,gk,SliderControl,Slider Control,643,374,0.00,0.00,None,N/A,
152.1714,gk,SliderControl,Slider Control,643,374,0.00,0.00,None,N/A,
152.1814,gk,SliderControl,Slider Control,643,374,0.00,0.00,None,N/A,
152.1908,gk,SliderControl,Slider Control,643,374,0.00,0.00,None,N/A,
152.2010,gk,SliderControl,Slider Control,642,373,137.44,13356.48,None,N/A,
152.2113,gk,SliderControl,Slider Control,642,373,0.00,-13434.93,None,N/A,
152.2213,gk,SliderControl,Slider Control,641,372,141.09,14074.97,None,N/A,
152.2309,gk,SliderControl,Slider Control,641,372,0.00,-14711.46,None,N/A,
152.2411,gk,SliderControl,Slider Control,641,371,97.47,9501.17,None,N/A,
152.2515,gk,SliderControl,Slider Control,641,371,0.00,-9395.92,None,N/A,
152.2609,gk,SliderControl,Slider Control,641,371,0.00,0.00,None,N/A,
152.2714,gk,SliderControl,Slider Control,641,371,0.00,0.00,None,N/A,
152.2808,gk,SliderControl,Slider Control,641,371,0.00,0.00,None,N/A,
152.2912,gk,SliderControl,Slider Control,641,371,0.00,0.00,None,N/A,
152.3017,gk,SliderControl,Slider Control,641,371,0.00,0.00,None,N/A,
152.3112,gk,SliderControl,Slider Control,641,371,0.00,0.00,None,N/A,
152.3212,gk,SliderControl,Slider Control,641,371,0.00,0.00,None,N/A,
152.3308,gk,SliderControl,Slider Control,641,371,0.00,0.00,None,N/A,
152.3413,gk,SliderControl,Slider Control,641,371,0.00,0.00,None,N/A,
152.3508,gk,SliderControl,Slider Control,641,371,0.00,0.00,None,N/A,
152.3613,gk,SliderControl,Slider Control,641,371,0.00,0.00,None,N/A,
152.3707,gk,SliderControl,Slider Control,641,371,0.00,0.00,None,N/A,
152.3817,gk,SliderControl,Slider Control,641,371,0.00,0.00,None,N/A,
152.3919,gk,SliderControl,Slider Control,641,371,0.00,0.00,None,N/A,
152.4015,gk,SliderControl,Slider Control,641,371,0.00,0.00,None,N/A,
152.4116,gk,SliderControl,Slider Control,641,371,0.00,0.00,None,N/A,
152.4218,gk,SliderControl,Slider Control,641,371,0.00,0.00,None,N/A,
152.4315,gk,SliderControl,Slider Control,641,371,0.00,0.00,None,N/A,
152.4412,gk,SliderControl,Slider Control,641,371,0.00,0.00,None,N/A,
152.4507,gk,SliderControl,Slider Control,641,371,0.00,0.00,None,N/A,
152.4612,gk,SliderControl,Slider Control,641,371,0.00,0.00,None,N/A,
152.4716,gk,SliderControl,Slider Control,641,371,0.00,0.00,None,N/A,
152.4812,gk,SliderControl,Slider Control,641,371,0.00,0.00,None,N/A,
152.4916,gk,SliderControl,Slider Control,641,371,0.00,0.00,None,N/A,
152.5010,gk,SliderControl,Slider Control,641,371,0.00,0.00,None,N/A,
152.5117,gk,SliderControl,Slider Control,641,371,0.00,0.00,Left,N/A,
152.5212,gk,SliderControl,Slider Control,641,371,0.00,0.00,Left,N/A,
152.5317,gk,SliderControl,Slider Control,641,371,0.00,0.00,Left,N/A,
152.5420,gk,SliderControl,Slider Control,641,371,0.00,0.00,Left,N/A,
152.5516,gk,SliderControl,Slider Control,641,371,0.00,0.00,Left,N/A,
152.5612,gk,SliderControl,Slider Control,641,371,0.00,0.00,Left,N/A,
152.5712,gk,SliderControl,Slider Control,641,371,0.00,0.00,Left,N/A,
152.5808,gk,SliderControl,Slider Control,641,371,0.00,0.00,Left,N/A,
152.5914,gk,SliderControl,Slider Control,641,371,0.00,0.00,Left,N/A,
152.6009,gk,SliderControl,Slider Control,641,371,0.00,0.00,Left,N/A,
152.6112,gk,SliderControl,Slider Control,641,371,0.00,0.00,Left,N/A,
152.6208,gk,SliderControl,Slider Control,641,371,0.00,0.00,Left,N/A,
152.6313,gk,SliderControl,Slider Control,641,371,0.00,0.00,Left,N/A,
152.6407,gk,SliderControl,Slider Control,641,371,0.00,0.00,Left,N/A,
152.6512,gk,SliderControl,Slider Control,641,371,0.00,0.00,Left,N/A,
152.6617,gk,SliderControl,Slider Control,641,371,0.00,0.00,Left,N/A,
152.6712,gk,SliderControl,Slider Control,641,371,0.00,0.00,Left,N/A,
152.6808,gk,SliderControl,Slider Control,641,371,0.00,0.00,Left,N/A,
152.6915,gk,SliderControl,Slider Control,641,371,0.00,0.00,Left,N/A,
152.7013,gk,SliderControl,Slider Control,642,370,144.95,14857.38,Left,N/A,
152.7115,gk,SliderControl,Slider Control,643,370,97.83,-4609.93,Left,N/A,
152.7213,gk,SliderControl,Slider Control,646,370,306.44,21307.96,Left,N/A,
152.7312,gk,SliderControl,Slider Control,648,370,202.46,-10525.72,Left,N/A,
152.7413,gk,SliderControl,Slider Control,650,370,197.93,-448.17,Left,N/A,
152.7508,gk,SliderControl,Slider Control,652,370,211.07,1386.44,Left,N/A,
152.7611,gk,SliderControl,Slider Control,654,370,194.04,-1652.13,Left,N/A,
152.7712,gk,SliderControl,Slider Control,655,370,98.60,-9410.08,Left,N/A,
152.7809,gk,SliderControl,Slider Control,657,370,207.33,11270.69,Left,N/A,
152.7910,gk,SliderControl,Slider Control,659,370,196.71,-1044.31,Left,N/A,
152.8007,gk,SliderControl,Slider Control,660,370,103.10,-9650.95,Left,N/A,
152.8116,gk,SliderControl,Slider Control,662,370,184.24,7473.80,Left,N/A,
152.8214,gk,SliderControl,Slider Control,663,370,101.83,-8391.43,Left,N/A,
152.8306,gk,SliderControl,Slider Control,665,370,216.13,12353.02,Left,N/A,
152.8410,gk,SliderControl,Slider Control,666,370,96.26,-11539.14,Left,N/A,
152.8509,gk,SliderControl,Slider Control,668,370,203.19,10863.83,Left,N/A,
152.8609,gk,SliderControl,Slider Control,669,370,99.50,-10317.42,Left,N/A,
152.8710,gk,SliderControl,Slider Control,671,370,197.77,9718.15,Left,N/A,
152.8816,gk,SliderControl,Slider Control,672,370,94.55,-9759.88,Left,N/A,
152.8912,gk,SliderControl,Slider Control,673,370,104.56,1046.37,Left,N/A,
152.9012,gk,SliderControl,Slider Control,674,370,99.34,-518.32,Left,N/A,
152.9119,gk,SliderControl,Slider Control,674,370,0.00,-9289.44,Left,N/A,
152.9214,gk,SliderControl,Slider Control,675,370,105.54,11137.78,Left,N/A,
152.9316,gk,SliderControl,Slider Control,675,370,0.00,-10372.31,Left,N/A,
152.9409,gk,SliderControl,Slider Control,676,370,107.54,11563.83,Left,N/A,
152.9517,gk,SliderControl,Slider Control,676,370,0.00,-9967.63,Left,N/A,
152.9615,gk,SliderControl,Slider Control,676,370,0.00,0.00,Left,N/A,
152.9710,gk,SliderControl,Slider Control,676,370,0.00,0.00,Left,N/A,
152.9809,gk,SliderControl,Slider Control,676,370,0.00,0.00,Left,N/A,
152.9908,gk,SliderControl,Slider Control,676,370,0.00,0.00,Left,N/A,
152.9946,gk,SliderControl,Slider Control,676,370,0.00,0.00,None,N/A,slider_released_missed
153.0016,gk,SliderControl,Slider Control,676,370,0.00,0.00,None,N/A,
153.0112,gk,SliderControl,Slider Control,676,370,0.00,0.00,None,N/A,
153.0213,gk,SliderControl,Slider Control,676,370,0.00,0.00,None,N/A,
153.0315,gk,SliderControl,Slider Control,676,370,0.00,0.00,None,N/A,
153.0412,gk,SliderControl,Slider Control,676,370,0.00,0.00,None,N/A,
153.0508,gk,SliderControl,Slider Control,676,370,0.00,0.00,None,N/A,
153.0613,gk,SliderControl,Slider Control,676,370,0.00,0.00,None,N/A,
153.0708,gk,SliderControl,Slider Control,676,370,0.00,0.00,None,N/A,
153.0812,gk,SliderControl,Slider Control,676,370,0.00,0.00,None,N/A,
153.0913,gk,SliderControl,Slider Control,676,370,0.00,0.00,None,N/A,
153.1009,gk,SliderControl,Slider Control,676,370,0.00,0.00,None,N/A,
153.1120,gk,SliderControl,Slider Control,676,370,0.00,0.00,None,N/A,
153.1216,gk,SliderControl,Slider Control,676,370,0.00,0.00,None,N/A,
153.1312,gk,SliderControl,Slider Control,676,370,0.00,0.00,None,N/A,
153.1409,gk,SliderControl,Slider Control,676,370,0.00,0.00,None,N/A,
153.1514,gk,SliderControl,Slider Control,676,370,0.00,0.00,None,N/A,
153.1609,gk,SliderControl,Slider Control,676,370,0.00,0.00,None,N/A,
153.1716,gk,SliderControl,Slider Control,676,370,0.00,0.00,None,N/A,
153.1812,gk,SliderControl,Slider Control,676,370,0.00,0.00,None,N/A,
153.1916,gk,SliderControl,Slider Control,676,370,0.00,0.00,None,N/A,
153.2017,gk,SliderControl,Slider Control,676,370,0.00,0.00,None,N/A,
153.2118,gk,SliderControl,Slider Control,676,370,0.00,0.00,None,N/A,
153.2214,gk,SliderControl,Slider Control,676,370,0.00,0.00,None,N/A,
153.2309,gk,SliderControl,Slider Control,676,370,0.00,0.00,None,N/A,
153.2420,gk,SliderControl,Slider Control,676,370,0.00,0.00,None,N/A,
153.2520,gk,SliderControl,Slider Control,676,370,0.00,0.00,None,N/A,
153.2635,gk,SliderControl,Slider Control,676,370,0.00,0.00,None,N/A,
153.2716,gk,SliderControl,Slider Control,676,370,0.00,0.00,None,N/A,
153.2813,gk,SliderControl,Slider Control,676,370,0.00,0.00,None,N/A,
153.2910,gk,SliderControl,Slider Control,676,370,0.00,0.00,None,N/A,
153.3016,gk,SliderControl,Slider Control,676,370,0.00,0.00,None,N/A,
153.3112,gk,SliderControl,Slider Control,676,370,0.00,0.00,None,N/A,
153.3208,gk,SliderControl,Slider Control,676,370,0.00,0.00,None,N/A,
153.3315,gk,SliderControl,Slider Control,676,370,0.00,0.00,None,N/A,
153.3416,gk,SliderControl,Slider Control,676,370,0.00,0.00,None,N/A,
153.3515,gk,SliderControl,Slider Control,676,370,0.00,0.00,None,N/A,
153.3615,gk,SliderControl,Slider Control,676,370,0.00,0.00,None,N/A,
153.3712,gk,SliderControl,Slider Control,676,370,0.00,0.00,None,N/A,
153.3810,gk,SliderControl,Slider Control,676,370,0.00,0.00,None,N/A,
153.3922,gk,SliderControl,Slider Control,676,370,0.00,0.00,None,N/A,
153.4012,gk,SliderControl,Slider Control,676,370,0.00,0.00,None,N/A,
153.4113,gk,SliderControl,Slider Control,676,370,0.00,0.00,None,N/A,
153.4214,gk,SliderControl,Slider Control,676,370,0.00,0.00,None,N/A,
153.4311,gk,SliderControl,Slider Control,676,370,0.00,0.00,None,N/A,
153.4407,gk,SliderControl,Slider Control,676,370,0.00,0.00,None,N/A,
153.4514,gk,SliderControl,Slider Control,676,370,0.00,0.00,None,N/A,
153.4609,gk,SliderControl,Slider Control,676,370,0.00,0.00,None,N/A,
153.4715,gk,SliderControl,Slider Control,676,370,0.00,0.00,None,N/A,
153.4810,gk,SliderControl,Slider Control,676,370,0.00,0.00,None,N/A,
153.4917,gk,SliderControl,Slider Control,676,370,0.00,0.00,None,N/A,
153.5018,gk,SliderControl,Slider Control,676,370,0.00,0.00,None,N/A,
153.5115,gk,SliderControl,Slider Control,676,370,0.00,0.00,None,N/A,
153.5209,gk,SliderControl,Slider Control,676,370,0.00,0.00,None,N/A,
153.5315,gk,SliderControl,Slider Control,676,370,0.00,0.00,None,N/A,
153.5413,gk,SliderControl,Slider Control,676,370,0.00,0.00,None,N/A,
153.5507,gk,SliderControl,Slider Control,676,370,0.00,0.00,None,N/A,
153.5613,gk,SliderControl,Slider Control,676,370,0.00,0.00,Left,N/A,
153.5721,gk,SliderControl,Slider Control,676,370,0.00,0.00,Left,N/A,
153.5808,gk,SliderControl,Slider Control,676,370,0.00,0.00,Left,N/A,
153.5914,gk,SliderControl,Slider Control,676,370,0.00,0.00,Left,N/A,
153.6010,gk,SliderControl,Slider Control,676,370,0.00,0.00,Left,N/A,
153.6115,gk,SliderControl,Slider Control,676,370,0.00,0.00,Left,N/A,
153.6211,gk,SliderControl,Slider Control,676,370,0.00,0.00,Left,N/A,
153.6317,gk,SliderControl,Slider Control,676,370,0.00,0.00,Left,N/A,
153.6414,gk,SliderControl,Slider Control,676,370,0.00,0.00,Left,N/A,
153.6515,gk,SliderControl,Slider Control,676,370,0.00,0.00,Left,N/A,
153.6611,gk,SliderControl,Slider Control,676,370,0.00,0.00,Left,N/A,
153.6720,gk,SliderControl,Slider Control,676,370,0.00,0.00,Left,N/A,
153.6816,gk,SliderControl,Slider Control,676,370,0.00,0.00,Left,N/A,
153.6910,gk,SliderControl,Slider Control,676,370,0.00,0.00,Left,N/A,
153.7016,gk,SliderControl,Slider Control,676,370,0.00,0.00,Left,N/A,
153.7117,gk,SliderControl,Slider Control,676,370,0.00,0.00,Left,N/A,
153.7213,gk,SliderControl,Slider Control,676,370,0.00,0.00,Left,N/A,
153.7309,gk,SliderControl,Slider Control,676,370,0.00,0.00,Left,N/A,
153.7415,gk,SliderControl,Slider Control,676,370,0.00,0.00,Left,N/A,
153.7510,gk,SliderControl,Slider Control,676,370,0.00,0.00,Left,N/A,
153.7621,gk,SliderControl,Slider Control,676,370,0.00,0.00,Left,N/A,
153.7708,gk,SliderControl,Slider Control,676,370,0.00,0.00,Left,N/A,
153.7812,gk,SliderControl,Slider Control,676,370,0.00,0.00,Left,N/A,
153.7916,gk,SliderControl,Slider Control,676,370,0.00,0.00,Left,N/A,
153.8011,gk,SliderControl,Slider Control,677,370,106.38,11315.88,Left,N/A,
153.8111,gk,SliderControl,Slider Control,678,370,99.64,-670.84,Left,N/A,
153.8216,gk,SliderControl,Slider Control,680,370,191.01,8725.39,Left,N/A,
153.8308,gk,SliderControl,Slider Control,682,370,216.30,2735.72,Left,N/A,
153.8412,gk,SliderControl,Slider Control,684,370,191.46,-2378.49,Left,N/A,
153.8514,gk,SliderControl,Slider Control,686,370,196.40,485.52,Left,N/A,
153.8607,gk,SliderControl,Slider Control,688,370,214.75,1970.53,Left,N/A,
153.8717,gk,SliderControl,Slider Control,690,370,182.32,-2956.61,Left,N/A,
153.8814,gk,SliderControl,Slider Control,692,370,205.88,2425.03,Left,N/A,
153.8907,gk,SliderControl,Slider Control,693,370,107.39,-10576.33,Left,N/A,
153.9007,gk,SliderControl,Slider Control,694,370,100.20,-720.85,Left,N/A,
153.9109,gk,SliderControl,Slider Control,695,370,98.27,-190.09,Left,N/A,
153.9208,gk,SliderControl,Slider Control,696,370,101.27,304.19,Left,N/A,
153.9308,gk,SliderControl,Slider Control,697,370,99.98,-129.12,Left,N/A,
153.9413,gk,SliderControl,Slider Control,698,370,94.79,-492.14,Left,N/A,
153.9511,gk,SliderControl,Slider Control,699,370,102.06,742.18,Left,N/A,
153.9610,gk,SliderControl,Slider Control,700,370,100.89,-117.41,Left,N/A,
153.9710,gk,SliderControl,Slider Control,701,370,100.09,-80.25,Left,N/A,
153.9813,gk,SliderControl,Slider Control,701,370,0.00,-9706.62,Left,N/A,
153.9913,gk,SliderControl,Slider Control,702,370,100.63,10125.65,Left,N/A,
154.0010,gk,SliderControl,Slider Control,702,370,0.00,-10307.90,Left,N/A,
154.0109,gk,SliderControl,Slider Control,702,370,0.00,0.00,Left,N/A,
154.0208,gk,SliderControl,Slider Control,703,370,101.17,10236.35,Left,N/A,
154.0314,gk,SliderControl,Slider Control,703,370,0.00,-9564.29,Left,N/A,
154.0408,gk,SliderControl,Slider Control,703,370,0.00,0.00,Left,N/A,
154.0513,gk,SliderControl,Slider Control,703,370,0.00,0.00,Left,N/A,
154.0610,gk,SliderControl,Slider Control,703,370,0.00,0.00,Left,N/A,
154.0715,gk,SliderControl,Slider Control,703,370,0.00,0.00,Left,N/A,
154.0810,gk,SliderControl,Slider Control,703,370,0.00,0.00,Left,N/A,
154.0913,gk,SliderControl,Slider Control,703,370,0.00,0.00,Left,N/A,
154.1010,gk,SliderControl,Slider Control,703,370,0.00,0.00,Left,N/A,
154.1115,gk,SliderControl,Slider Control,703,370,0.00,0.00,Left,N/A,
154.1209,gk,SliderControl,Slider Control,703,370,0.00,0.00,Left,N/A,
154.1281,gk,SliderControl,Slider Control,703,370,0.00,0.00,None,N/A,slider_released_correct
