Time,ParticipantID,Task,Label,X,Y,Velocity,Acceleration,ButtonState,ActiveWindow,Event
17.8158,asiya,Click,Click,1168,600,466.46,-15150.23,None,N/A,
17.8203,asiya,Click,Click,1166,599,495.21,6367.57,None,N/A,
17.8306,asiya,Click,Click,1164,599,195.05,-29273.05,None,N/A,
17.8414,asiya,Click,Click,1160,598,382.07,17329.89,None,N/A,
17.8512,asiya,Click,Click,1159,598,101.46,-28470.29,None,N/A,
17.8608,asiya,Click,Click,1156,597,332.43,24280.21,None,N/A,
17.8709,asiya,Click,Click,1155,597,98.21,-23002.73,None,N/A,
17.8806,asiya,Click,Click,1155,597,0.00,-10216.45,None,N/A,
17.8914,asiya,Click,Click,1154,597,92.50,8556.18,None,N/A,
17.9013,asiya,Click,Click,1153,597,100.41,794.22,None,N/A,
17.9108,asiya,Click,Click,1153,597,0.00,-10633.70,None,N/A,
17.9210,asiya,Click,Click,1152,597,98.18,9638.66,None,N/A,
17.9304,asiya,Click,Click,1152,596,105.72,797.99,None,N/A,
17.9414,asiya,Click,Click,1152,596,0.00,-9663.13,None,N/A,
17.9513,asiya,Click,Click,1151,596,100.22,10044.99,None,N/A,
17.9608,asiya,Click,Click,1151,596,0.00,-10561.87,None,N/A,
17.9707,asiya,Click,Click,1151,596,0.00,0.00,None,N/A,
17.9814,asiya,Click,Click,1151,596,0.00,0.00,None,N/A,
17.9908,asiya,Click,Click,1151,596,0.00,0.00,None,N/A,
18.0012,asiya,Click,Click,1151,596,0.00,0.00,None,N/A,
18.0107,asiya,Click,Click,1151,596,0.00,0.00,None,N/A,
18.0208,asiya,Click,Click,1151,596,0.00,0.00,None,N/A,
18.0312,asiya,Click,Click,1151,596,0.00,0.00,None,N/A,
18.0412,asiya,Click,Click,1151,596,0.00,0.00,None,N/A,
18.0508,asiya,Click,Click,1151,596,0.00,0.00,None,N/A,
18.0607,asiya,Click,Click,1151,596,0.00,0.00,None,N/A,
18.0712,asiya,Click,Click,1151,596,0.00,0.00,None,N/A,
18.0806,asiya,Click,Click,1151,596,0.00,0.00,None,N/A,
18.0910,asiya,Click,Click,1151,596,0.00,0.00,None,N/A,
18.1015,asiya,Click,Click,1151,596,0.00,0.00,None,N/A,
18.1110,asiya,Click,Click,1151,596,0.00,0.00,None,N/A,
18.1214,asiya,Click,Click,1151,596,0.00,0.00,None,N/A,
18.1309,asiya,Click,Click,1151,596,0.00,0.00,None,N/A,
18.1414,asiya,Click,Click,1151,596,0.00,0.00,None,N/A,
18.1510,asiya,Click,Click,1151,596,0.00,0.00,None,N/A,
18.1609,asiya,Click,Click,1151,596,0.00,0.00,None,N/A,
18.1707,asiya,Click,Click,1151,596,0.00,0.00,None,N/A,
18.1808,asiya,Click,Click,1151,597,98.83,9767.64,None,N/A,
18.1912,asiya,Click,Click,1150,597,96.05,-266.75,None,N/A,
18.2014,asiya,Click,Click,1150,598,98.89,280.15,None,N/A,
18.2107,asiya,Click,Click,1149,599,151.81,5681.49,None,N/A,
18.2213,asiya,Click,Click,1148,601,210.26,5496.10,None,N/A,
18.2309,asiya,Click,Click,1146,602,233.79,2460.00,None,N/A,
18.2411,asiya,Click,Click,1142,607,624.44,38096.97,None,N/A,
18.2508,asiya,Click,Click,1138,612,658.40,3491.28,None,N/A,
18.2605,asiya,Click,Click,1125,628,2133.74,152700.89,None,N/A,
18.2709,asiya,Click,Click,1115,639,1426.15,-67881.54,None,N/A,
18.2807,asiya,Click,Click,1099,659,2617.03,121681.80,None,N/A,
18.2907,asiya,Click,Click,1094,666,859.62,-175616.03,None,N/A,
18.3012,asiya,Click,Click,1083,677,1479.85,59001.58,None,N/A,
18.3112,asiya,Click,Click,1078,682,711.01,-77308.35,None,N/A,
18.3210,asiya,Click,Click,1066,691,1531.62,83792.00,None,N/A,
18.3312,asiya,Click,Click,1059,697,899.65,-61668.65,None,N/A,
18.3406,asiya,Click,Click,1050,703,1152.07,26884.59,None,N/A,
18.3513,asiya,Click,Click,1033,715,1940.24,73490.96,None,N/A,
18.3611,asiya,Click,Click,1026,718,777.33,-118696.45,None,N/A,
18.3709,asiya,Click,Click,1016,723,1150.17,38356.10,None,N/A,
18.3809,asiya,Click,Click,1012,725,446.41,-70249.66,None,N/A,
18.3911,asiya,Click,Click,1006,727,618.28,16801.68,None,N/A,
18.4009,asiya,Click,Click,1003,728,321.32,-30173.71,None,N/A,
18.4104,asiya,Click,Click,1000,730,381.45,6361.79,None,N/A,
18.4212,asiya,Click,Click,1000,730,0.00,-35156.51,None,N/A,
18.4308,asiya,Click,Click,1000,730,0.00,0.00,None,N/A,
18.4411,asiya,Click,Click,1000,730,0.00,0.00,None,N/A,
18.4506,asiya,Click,Click,1000,730,0.00,0.00,None,N/A,
18.4614,asiya,Click,Click,1000,730,0.00,0.00,None,N/A,
18.4708,asiya,Click,Click,1000,730,0.00,0.00,None,N/A,
18.4813,asiya,Click,Click,1000,730,0.00,0.00,None,N/A,
18.4908,asiya,Click,Click,1000,730,0.00,0.00,None,N/A,
18.5013,asiya,Click,Click,1000,730,0.00,0.00,None,N/A,
18.5107,asiya,Click,Click,1000,730,0.00,0.00,None,N/A,
18.5212,asiya,Click,Click,1000,730,0.00,0.00,None,N/A,
18.5307,asiya,Click,Click,1000,730,0.00,0.00,None,N/A,
18.5411,asiya,Click,Click,1000,730,0.00,0.00,None,N/A,
18.5506,asiya,Click,Click,1000,730,0.00,0.00,None,N/A,
18.5610,asiya,Click,Click,1000,730,0.00,0.00,None,N/A,
18.5705,asiya,Click,Click,1000,730,0.00,0.00,None,N/A,
18.5815,asiya,Click,Click,1000,730,0.00,0.00,None,N/A,
18.5910,asiya,Click,Click,1000,730,0.00,0.00,None,N/A,
18.6005,asiya,Click,Click,1000,730,0.00,0.00,None,N/A,
18.6111,asiya,Click,Click,1000,730,0.00,0.00,None,N/A,
18.6205,asiya,Click,Click,1000,730,0.00,0.00,None,N/A,
18.6310,asiya,Click,Click,1000,730,0.00,0.00,None,N/A,
18.6408,asiya,Click,Click,1000,730,0.00,0.00,None,N/A,
18.6513,asiya,Click,Click,1000,730,0.00,0.00,None,N/A,
18.6608,asiya,Click,Click,1000,730,0.00,0.00,None,N/A,
18.6712,asiya,Click,Click,1000,730,0.00,0.00,None,N/A,
18.6806,asiya,Click,Click,1000,730,0.00,0.00,None,N/A,
18.6910,asiya,Click,Click,991,732,880.72,84132.10,None,N/A,
18.7011,asiya,Click,Click,980,735,1131.41,24876.69,None,N/A,
18.7110,asiya,Click,Click,968,739,1275.92,14577.31,None,N/A,
18.7207,asiya,Click,Click,951,746,1895.89,63931.94,None,N/A,
18.7306,asiya,Click,Click,946,748,546.66,-136963.28,None,N/A,
18.7413,asiya,Click,Click,940,752,673.08,11799.78,None,N/A,
18.7512,asiya,Click,Click,937,754,364.07,-31202.30,None,N/A,
18.7609,asiya,Click,Click,932,758,663.49,31025.36,None,N/A,
18.7711,asiya,Click,Click,929,760,353.44,-30392.97,None,N/A,
18.7804,asiya,Click,Click,925,763,534.77,19394.43,None,N/A,
18.7914,asiya,Click,Click,924,764,129.03,-37019.42,None,N/A,
18.8010,asiya,Click,Click,921,767,438.28,31945.82,None,N/A,
18.8111,asiya,Click,Click,920,767,99.72,-33761.37,None,N/A,
18.8215,asiya,Click,Click,918,769,272.41,16632.21,None,N/A,
18.8305,asiya,Click,Click,918,769,0.00,-30259.00,None,N/A,
18.8408,asiya,Click,Click,917,770,137.32,13334.23,None,N/A,
18.8515,asiya,Click,Click,916,771,132.15,-483.42,None,N/A,
18.8611,asiya,Click,Click,915,772,146.54,1490.76,None,N/A,
18.8710,asiya,Click,Click,913,773,227.14,8187.44,None,N/A,
18.8806,asiya,Click,Click,912,775,232.16,521.90,None,N/A,
18.8912,asiya,Click,Click,909,777,338.25,9952.16,None,N/A,
18.9013,asiya,Click,Click,908,779,222.47,-11518.96,None,N/A,
18.9105,asiya,Click,Click,906,781,305.99,9035.48,None,N/A,
18.9209,asiya,Click,Click,905,783,216.75,-8650.22,None,N/A,
18.9305,asiya,Click,Click,904,784,146.91,-7255.71,None,N/A,
18.9413,asiya,Click,Click,902,786,260.86,10510.15,None,N/A,
18.9512,asiya,Click,Click,901,788,227.10,-3428.66,None,N/A,
18.9610,asiya,Click,Click,899,790,288.36,6244.60,None,N/A,
18.9710,asiya,Click,Click,898,792,224.07,-6441.86,None,N/A,
18.9806,asiya,Click,Click,896,796,463.66,24840.43,None,N/A,
18.9904,asiya,Click,Click,894,798,287.52,-17905.69,None,N/A,
19.0012,asiya,Click,Click,890,805,749.59,42961.41,None,N/A,
19.0114,asiya,Click,Click,888,810,527.88,-21733.09,None,N/A,
19.0205,asiya,Click,Click,884,819,1084.48,61289.03,None,N/A,
19.0315,asiya,Click,Click,883,823,375.80,-64592.97,None,N/A,
19.0407,asiya,Click,Click,881,826,390.43,1583.84,None,N/A,
19.0511,asiya,Click,Click,879,833,700.75,29869.73,None,N/A,
19.0610,asiya,Click,Click,878,836,320.08,-38530.33,None,N/A,
19.0708,asiya,Click,Click,876,841,548.27,23231.89,None,N/A,
19.0806,asiya,Click,Click,876,844,304.16,-24749.44,None,N/A,
19.0914,asiya,Click,Click,876,849,466.27,15118.09,None,N/A,
19.1008,asiya,Click,Click,876,849,0.00,-49261.64,None,N/A,
19.1112,asiya,Click,Click,876,849,0.00,0.00,None,N/A,
19.1207,asiya,Click,Click,876,849,0.00,0.00,None,N/A,
19.1312,asiya,Click,Click,876,849,0.00,0.00,None,N/A,
19.1407,asiya,Click,Click,876,849,0.00,0.00,None,N/A,
19.1512,asiya,Click,Click,876,849,0.00,0.00,None,N/A,
19.1606,asiya,Click,Click,876,849,0.00,0.00,None,N/A,
19.1711,asiya,Click,Click,876,849,0.00,0.00,None,N/A,
19.1806,asiya,Click,Click,876,849,0.00,0.00,None,N/A,
19.1910,asiya,Click,Click,876,849,0.00,0.00,None,N/A,
19.2006,asiya,Click,Click,876,849,0.00,0.00,None,N/A,
19.2112,asiya,Click,Click,876,849,0.00,0.00,None,N/A,
19.2207,asiya,Click,Click,876,849,0.00,0.00,None,N/A,
19.2312,asiya,Click,Click,876,849,0.00,0.00,None,N/A,
19.2411,asiya,Click,Click,876,849,0.00,0.00,None,N/A,
19.2507,asiya,Click,Click,876,849,0.00,0.00,None,N/A,
19.2613,asiya,Click,Click,876,849,0.00,0.00,None,N/A,
19.2708,asiya,Click,Click,876,849,0.00,0.00,None,N/A,
19.2814,asiya,Click,Click,876,849,0.00,0.00,None,N/A,
19.2915,asiya,Click,Click,876,849,0.00,0.00,None,N/A,
19.3011,asiya,Click,Click,876,849,0.00,0.00,None,N/A,
19.3106,asiya,Click,Click,876,849,0.00,0.00,None,N/A,
19.3212,asiya,Click,Click,876,849,0.00,0.00,None,N/A,
19.3308,asiya,Click,Click,876,849,0.00,0.00,None,N/A,
19.3413,asiya,Click,Click,876,849,0.00,0.00,None,N/A,
19.3508,asiya,Click,Click,876,849,0.00,0.00,None,N/A,
19.3613,asiya,Click,Click,876,849,0.00,0.00,None,N/A,
19.3709,asiya,Click,Click,876,849,0.00,0.00,None,N/A,
19.3809,asiya,Click,Click,876,849,0.00,0.00,None,N/A,
19.3915,asiya,Click,Click,876,849,0.00,0.00,None,N/A,
19.4013,asiya,Click,Click,876,849,0.00,0.00,None,N/A,
19.4113,asiya,Click,Click,876,849,0.00,0.00,None,N/A,
19.4210,asiya,Click,Click,876,849,0.00,0.00,None,N/A,
19.4308,asiya,Click,Click,876,849,0.00,0.00,None,N/A,
19.4415,asiya,Click,Click,876,849,0.00,0.00,None,N/A,
19.4510,asiya,Click,Click,876,849,0.00,0.00,None,N/A,
19.4605,asiya,Click,Click,876,849,0.00,0.00,None,N/A,
19.4708,asiya,Click,Click,876,849,0.00,0.00,None,N/A,
19.4812,asiya,Click,Click,876,849,0.00,0.00,None,N/A,
19.4907,asiya,Click,Click,876,849,0.00,0.00,None,N/A,
19.5013,asiya,Click,Click,876,849,0.00,0.00,None,N/A,
19.5107,asiya,Click,Click,876,849,0.00,0.00,None,N/A,
19.5210,asiya,Click,Click,876,849,0.00,0.00,None,N/A,
19.5305,asiya,Click,Click,876,849,0.00,0.00,None,N/A,
19.5409,asiya,Click,Click,876,849,0.00,0.00,None,N/A,
19.5506,asiya,Click,Click,876,849,0.00,0.00,None,N/A,
19.5612,asiya,Click,Click,876,849,0.00,0.00,None,N/A,
19.5707,asiya,Click,Click,876,849,0.00,0.00,None,N/A,
19.5812,asiya,Click,Click,876,849,0.00,0.00,None,N/A,
19.5907,asiya,Click,Click,876,849,0.00,0.00,None,N/A,
19.6012,asiya,Click,Click,876,849,0.00,0.00,None,N/A,
19.6106,asiya,Click,Click,876,849,0.00,0.00,None,N/A,
19.6211,asiya,Click,Click,876,849,0.00,0.00,None,N/A,
19.6306,asiya,Click,Click,876,849,0.00,0.00,None,N/A,
19.6412,asiya,Click,Click,876,849,0.00,0.00,None,N/A,
19.6507,asiya,Click,Click,876,849,0.00,0.00,None,N/A,
19.6610,asiya,Click,Click,876,847,194.87,18986.45,None,N/A,
19.6710,asiya,Click,Click,875,846,141.55,-5336.50,None,N/A,
19.6814,asiya,Click,Click,875,844,190.98,4720.63,None,N/A,
19.6905,asiya,Click,Click,874,843,155.99,-3860.37,None,N/A,
19.7015,asiya,Click,Click,874,841,182.35,2403.74,None,N/A,
19.7108,asiya,Click,Click,874,840,106.98,-8063.13,None,N/A,
19.7205,asiya,Click,Click,874,839,103.23,-386.50,None,N/A,
19.7304,asiya,Click,Click,874,838,100.49,-275.16,None,N/A,
19.7409,asiya,Click,Click,874,838,0.00,-9626.61,None,N/A,
19.7509,asiya,Click,Click,874,838,0.00,0.00,None,N/A,
19.7611,asiya,Click,Click,874,837,98.14,9632.35,None,N/A,
19.7705,asiya,Click,Click,874,837,0.00,-10424.90,None,N/A,
19.7806,asiya,Click,Click,874,836,99.13,9827.29,None,N/A,
19.7905,asiya,Click,Click,874,836,0.00,-10066.64,None,N/A,
19.8009,asiya,Click,Click,874,836,0.00,0.00,None,N/A,
19.8114,asiya,Click,Click,874,836,0.00,0.00,None,N/A,
19.8208,asiya,Click,Click,874,836,0.00,0.00,None,N/A,
19.8313,asiya,Click,Click,874,836,0.00,0.00,None,N/A,
19.8409,asiya,Click,Click,874,836,0.00,0.00,None,N/A,
19.8511,asiya,Click,Click,873,836,98.12,9626.94,None,N/A,
19.8607,asiya,Click,Click,873,836,0.00,-10146.26,None,N/A,
19.8709,asiya,Click,Click,873,836,0.00,0.00,None,N/A,
19.8806,asiya,Click,Click,873,836,0.00,0.00,None,N/A,
19.8912,asiya,Click,Click,873,836,0.00,0.00,None,N/A,
19.9006,asiya,Click,Click,873,836,0.00,0.00,None,N/A,
19.9114,asiya,Click,Click,873,836,0.00,0.00,None,N/A,
19.9208,asiya,Click,Click,873,836,0.00,0.00,None,N/A,
19.9313,asiya,Click,Click,873,836,0.00,0.00,None,N/A,
19.9409,asiya,Click,Click,873,836,0.00,0.00,None,N/A,
19.9514,asiya,Click,Click,873,836,0.00,0.00,None,N/A,
19.9609,asiya,Click,Click,873,836,0.00,0.00,None,N/A,
19.9713,asiya,Click,Click,873,836,0.00,0.00,None,N/A,
19.9807,asiya,Click,Click,873,836,0.00,0.00,None,N/A,
19.9911,asiya,Click,Click,873,836,0.00,0.00,None,N/A,
20.0006,asiya,Click,Click,873,836,0.00,0.00,None,N/A,
20.0111,asiya,Click,Click,873,836,0.00,0.00,None,N/A,
20.0205,asiya,Click,Click,873,836,0.00,0.00,None,N/A,
20.0309,asiya,Click,Click,873,836,0.00,0.00,None,N/A,
20.0414,asiya,Click,Click,873,836,0.00,0.00,None,N/A,
20.0509,asiya,Click,Click,873,836,0.00,0.00,None,N/A,
20.0614,asiya,Click,Click,873,836,0.00,0.00,None,N/A,
20.0709,asiya,Click,Click,873,836,0.00,0.00,None,N/A,
20.0814,asiya,Click,Click,873,836,0.00,0.00,None,N/A,
20.0910,asiya,Click,Click,873,836,0.00,0.00,None,N/A,
20.1005,asiya,Click,Click,873,836,0.00,0.00,None,N/A,
20.1112,asiya,Click,Click,873,836,0.00,0.00,None,N/A,
20.1206,asiya,Click,Click,873,836,0.00,0.00,None,N/A,
20.1311,asiya,Click,Click,873,836,0.00,0.00,None,N/A,
20.1407,asiya,Click,Click,873,836,0.00,0.00,None,N/A,
20.1511,asiya,Click,Click,873,836,0.00,0.00,None,N/A,
20.1606,asiya,Click,Click,873,836,0.00,0.00,None,N/A,
20.1712,asiya,Click,Click,873,836,0.00,0.00,None,N/A,
20.1807,asiya,Click,Click,873,836,0.00,0.00,None,N/A,
20.1915,asiya,Click,Click,873,836,0.00,0.00,None,N/A,
20.2014,asiya,Click,Click,873,836,0.00,0.00,None,N/A,
20.2113,asiya,Click,Click,873,836,0.00,0.00,None,N/A,
20.2209,asiya,Click,Click,873,836,0.00,0.00,None,N/A,
20.2308,asiya,Click,Click,873,836,0.00,0.00,None,N/A,
20.2417,asiya,Click,Click,873,836,0.00,0.00,None,N/A,
20.2516,asiya,Click,Click,873,836,0.00,0.00,None,N/A,
20.2613,asiya,Click,Click,873,836,0.00,0.00,None,N/A,
20.2708,asiya,Click,Click,873,836,0.00,0.00,None,N/A,
20.2813,asiya,Click,Click,873,836,0.00,0.00,None,N/A,
20.2908,asiya,Click,Click,873,836,0.00,0.00,None,N/A,
20.3014,asiya,Click,Click,873,836,0.00,0.00,None,N/A,
20.3109,asiya,Click,Click,873,836,0.00,0.00,None,N/A,
20.3214,asiya,Click,Click,873,836,0.00,0.00,None,N/A,
20.3310,asiya,Click,Click,873,836,0.00,0.00,None,N/A,
20.3410,asiya,Click,Click,873,836,0.00,0.00,None,N/A,
20.3507,asiya,Click,Click,873,836,0.00,0.00,None,N/A,
20.3617,asiya,Click,Click,873,836,0.00,0.00,None,N/A,
20.3718,asiya,Click,Click,873,836,0.00,0.00,None,N/A,
20.3814,asiya,Click,Click,873,836,0.00,0.00,None,N/A,
20.3913,asiya,Click,Click,873,836,0.00,0.00,None,N/A,
20.4010,asiya,Click,Click,873,836,0.00,0.00,None,N/A,
20.4105,asiya,Click,Click,873,836,0.00,0.00,None,N/A,
20.4211,asiya,Click,Click,873,836,0.00,0.00,None,N/A,
20.4305,asiya,Click,Click,873,836,0.00,0.00,None,N/A,
20.4410,asiya,Click,Click,873,836,0.00,0.00,None,N/A,
20.4505,asiya,Click,Click,873,836,0.00,0.00,None,N/A,
20.4612,asiya,Click,Click,873,836,0.00,0.00,None,N/A,
20.4706,asiya,Click,Click,873,836,0.00,0.00,None,N/A,
20.4811,asiya,Click,Click,873,836,0.00,0.00,None,N/A,
20.4906,asiya,Click,Click,873,836,0.00,0.00,None,N/A,
20.5012,asiya,Click,Click,873,836,0.00,0.00,None,N/A,
20.5106,asiya,Click,Click,873,836,0.00,0.00,None,N/A,
20.5212,asiya,Click,Click,873,836,0.00,0.00,None,N/A,
20.5307,asiya,Click,Click,873,836,0.00,0.00,None,N/A,
20.5412,asiya,Click,Click,873,836,0.00,0.00,None,N/A,
20.5507,asiya,Click,Click,873,836,0.00,0.00,None,N/A,
20.5616,asiya,Click,Click,873,836,0.00,0.00,None,N/A,
20.5712,asiya,Click,Click,873,836,0.00,0.00,None,N/A,
20.5807,asiya,Click,Click,873,836,0.00,0.00,None,N/A,
20.5912,asiya,Click,Click,873,836,0.00,0.00,None,N/A,
20.6007,asiya,Click,Click,873,836,0.00,0.00,None,N/A,
20.6111,asiya,Click,Click,873,836,0.00,0.00,None,N/A,
20.6215,asiya,Click,Click,873,836,0.00,0.00,None,N/A,
20.6309,asiya,Click,Click,873,836,0.00,0.00,None,N/A,
20.6405,asiya,Click,Click,873,836,0.00,0.00,None,N/A,
20.6511,asiya,Click,Click,873,836,0.00,0.00,None,N/A,
20.6606,asiya,Click,Click,873,836,0.00,0.00,None,N/A,
20.6710,asiya,Click,Click,873,836,0.00,0.00,None,N/A,
20.6808,asiya,Click,Click,873,836,0.00,0.00,None,N/A,
20.6914,asiya,Click,Click,873,836,0.00,0.00,None,N/A,
20.7009,asiya,Click,Click,873,836,0.00,0.00,None,N/A,
20.7114,asiya,Click,Click,873,836,0.00,0.00,None,N/A,
20.7207,asiya,Click,Click,873,836,0.00,0.00,None,N/A,
20.7312,asiya,Click,Click,873,836,0.00,0.00,None,N/A,
20.7409,asiya,Click,Click,873,836,0.00,0.00,None,N/A,
20.7513,asiya,Click,Click,873,836,0.00,0.00,None,N/A,
20.7607,asiya,Click,Click,873,836,0.00,0.00,None,N/A,
20.7711,asiya,Click,Click,873,836,0.00,0.00,None,N/A,
20.7806,asiya,Click,Click,873,836,0.00,0.00,None,N/A,
20.7911,asiya,Click,Click,873,836,0.00,0.00,None,N/A,
20.8006,asiya,Click,Click,873,836,0.00,0.00,None,N/A,
20.8113,asiya,Click,Click,873,836,0.00,0.00,None,N/A,
20.8207,asiya,Click,Click,873,836,0.00,0.00,None,N/A,
20.8312,asiya,Click,Click,873,836,0.00,0.00,None,N/A,
20.8407,asiya,Click,Click,873,836,0.00,0.00,None,N/A,
20.8513,asiya,Click,Click,873,836,0.00,0.00,None,N/A,
20.8607,asiya,Click,Click,873,836,0.00,0.00,None,N/A,
20.8711,asiya,Click,Click,873,836,0.00,0.00,None,N/A,
20.8806,asiya,Click,Click,873,836,0.00,0.00,None,N/A,
20.8913,asiya,Click,Click,873,836,0.00,0.00,None,N/A,
20.9007,asiya,Click,Click,873,836,0.00,0.00,None,N/A,
20.9112,asiya,Click,Click,873,836,0.00,0.00,None,N/A,
20.9205,asiya,Click,Click,873,836,0.00,0.00,None,N/A,
20.9310,asiya,Click,Click,873,836,0.00,0.00,None,N/A,
20.9405,asiya,Click,Click,873,836,0.00,0.00,None,N/A,
20.9510,asiya,Click,Click,873,836,0.00,0.00,None,N/A,
20.9613,asiya,Click,Click,873,836,0.00,0.00,None,N/A,
20.9707,asiya,Click,Click,873,836,0.00,0.00,None,N/A,
20.9812,asiya,Click,Click,873,836,0.00,0.00,None,N/A,
20.9909,asiya,Click,Click,873,836,0.00,0.00,None,N/A,
21.0014,asiya,Click,Click,873,836,0.00,0.00,None,N/A,
21.0108,asiya,Click,Click,873,836,0.00,0.00,None,N/A,
21.0214,asiya,Click,Click,873,836,0.00,0.00,None,N/A,
21.0309,asiya,Click,Click,873,836,0.00,0.00,None,N/A,
21.0415,asiya,Click,Click,873,836,0.00,0.00,None,N/A,
21.0510,asiya,Click,Click,873,836,0.00,0.00,None,N/A,
21.0614,asiya,Click,Click,873,836,0.00,0.00,None,N/A,
21.0707,asiya,Click,Click,873,836,0.00,0.00,None,N/A,
21.0812,asiya,Click,Click,873,836,0.00,0.00,None,N/A,
21.0913,asiya,Click,Click,873,836,0.00,0.00,Left,N/A,
21.1008,asiya,Click,Click,873,836,0.00,0.00,Left,N/A,
21.1113,asiya,Click,Click,873,836,0.00,0.00,Left,N/A,
21.1207,asiya,Click,Click,873,836,0.00,0.00,Left,N/A,
21.1312,asiya,Click,Click,873,836,0.00,0.00,Left,N/A,
21.1408,asiya,Click,Click,873,836,0.00,0.00,Left,N/A,
21.1513,asiya,Click,Click,873,836,0.00,0.00,Left,N/A,
21.1607,asiya,Click,Click,873,836,0.00,0.00,Left,N/A,
21.1711,asiya,Click,Click,873,836,0.00,0.00,Left,N/A,
21.1807,asiya,Click,Click,873,836,0.00,0.00,Left,N/A,
21.1916,asiya,Click,Click,873,836,0.00,0.00,Left,N/A,
21.2011,asiya,Click,Click,873,836,0.00,0.00,Left,N/A,
21.2106,asiya,Click,Click,873,836,0.00,0.00,Left,N/A,
21.2215,asiya,Click,Click,873,836,0.00,0.00,Left,N/A,
21.2312,asiya,Click,Click,873,836,0.00,0.00,Left,N/A,
21.2407,asiya,Click,Click,873,836,0.00,0.00,Left,N/A,
21.2511,asiya,Click,Click,873,836,0.00,0.00,Left,N/A,
21.2606,asiya,Click,Click,873,836,0.00,0.00,Left,N/A,
21.2668,asiya,Click,Click,873,836,0.00,0.00,None,N/A,click_target
21.2711,asiya,Click,Click,873,836,0.00,0.00,None,N/A,
21.2807,asiya,Click,Click,873,836,0.00,0.00,None,N/A,
21.2913,asiya,Click,Click,873,836,0.00,0.00,None,N/A,
21.3010,asiya,Click,Click,873,836,0.00,0.00,None,N/A,
21.3105,asiya,Click,Click,873,836,0.00,0.00,None,N/A,
21.3211,asiya,Click,Click,873,836,0.00,0.00,None,N/A,
21.3307,asiya,Click,Click,873,836,0.00,0.00,None,N/A,
21.3413,asiya,Click,Click,873,836,0.00,0.00,None,N/A,
21.3508,asiya,Click,Click,873,836,0.00,0.00,None,N/A,
21.3618,asiya,Click,Click,873,836,0.00,0.00,None,N/A,
21.3718,asiya,Click,Click,873,836,0.00,0.00,None,N/A,
21.3813,asiya,Click,Click,873,836,0.00,0.00,None,N/A,
21.3914,asiya,Click,Click,873,836,0.00,0.00,None,N/A,
21.4010,asiya,Click,Click,873,836,0.00,0.00,None,N/A,
21.4105,asiya,Click,Click,873,836,0.00,0.00,None,N/A,
21.4211,asiya,Click,Click,873,836,0.00,0.00,None,N/A,
21.4305,asiya,Click,Click,873,836,0.00,0.00,None,N/A,
21.4409,asiya,Click,Click,873,836,0.00,0.00,None,N/A,
21.4514,asiya,Click,Click,873,836,0.00,0.00,None,N/A,
21.4609,asiya,Click,Click,873,836,0.00,0.00,None,N/A,
21.4712,asiya,Click,Click,873,836,0.00,0.00,None,N/A,
21.4807,asiya,Click,Click,873,836,0.00,0.00,None,N/A,
21.4913,asiya,Click,Click,873,836,0.00,0.00,None,N/A,
21.5008,asiya,Click,Click,873,836,0.00,0.00,None,N/A,
21.5112,asiya,Click,Click,873,836,0.00,0.00,None,N/A,
21.5206,asiya,Click,Click,873,836,0.00,0.00,None,N/A,
21.5312,asiya,Click,Click,873,836,0.00,0.00,None,N/A,
21.5408,asiya,Click,Click,873,836,0.00,0.00,None,N/A,
21.5512,asiya,Click,Click,873,836,0.00,0.00,None,N/A,
21.5607,asiya,Click,Click,873,836,0.00,0.00,None,N/A,
21.5711,asiya,Click,Click,873,836,0.00,0.00,None,N/A,
21.5805,asiya,Click,Click,873,836,0.00,0.00,None,N/A,
21.5910,asiya,Click,Click,873,836,0.00,0.00,None,N/A,
21.6006,asiya,Click,Click,873,836,0.00,0.00,None,N/A,
21.6112,asiya,Click,Click,873,836,0.00,0.00,None,N/A,
21.6210,asiya,Click,Click,873,836,0.00,0.00,None,N/A,
21.6309,asiya,Click,Click,873,836,0.00,0.00,None,N/A,
21.6407,asiya,Click,Click,873,836,0.00,0.00,None,N/A,
21.6512,asiya,Click,Click,873,836,0.00,0.00,None,N/A,
21.6610,asiya,Click,Click,873,836,0.00,0.00,None,N/A,
21.6706,asiya,Click,Click,873,836,0.00,0.00,None,N/A,
21.6818,asiya,Click,Click,873,836,0.00,0.00,None,N/A,
21.6913,asiya,Click,Click,873,836,0.00,0.00,None,N/A,
21.7008,asiya,Click,Click,873,836,0.00,0.00,None,N/A,
21.7112,asiya,Click,Click,873,836,0.00,0.00,None,N/A,
21.7206,asiya,Click,Click,873,836,0.00,0.00,None,N/A,
21.7311,asiya,Click,Click,873,836,0.00,0.00,None,N/A,
21.7409,asiya,Click,Click,873,836,0.00,0.00,None,N/A,
21.7514,asiya,Click,Click,873,836,0.00,0.00,None,N/A,
21.7608,asiya,Click,Click,873,836,0.00,0.00,None,N/A,
21.7713,asiya,Click,Click,873,836,0.00,0.00,None,N/A,
21.7809,asiya,Click,Click,873,836,0.00,0.00,None,N/A,
21.7915,asiya,Click,Click,873,836,0.00,0.00,None,N/A,
21.8010,asiya,Click,Click,873,836,0.00,0.00,None,N/A,
21.8118,asiya,Click,Click,873,836,0.00,0.00,None,N/A,
21.8214,asiya,Click,Click,873,836,0.00,0.00,None,N/A,
21.8310,asiya,Click,Click,873,836,0.00,0.00,None,N/A,
21.8405,asiya,Click,Click,873,836,0.00,0.00,None,N/A,
21.8511,asiya,Click,Click,873,836,0.00,0.00,None,N/A,
21.8609,asiya,Click,Click,873,836,0.00,0.00,None,N/A,
21.8705,asiya,Click,Click,873,836,0.00,0.00,None,N/A,
21.8810,asiya,Click,Click,873,836,0.00,0.00,None,N/A,
21.8906,asiya,Click,Click,873,836,0.00,0.00,None,N/A,
21.9010,asiya,Click,Click,873,836,0.00,0.00,None,N/A,
21.9104,asiya,Click,Click,873,836,0.00,0.00,None,N/A,
21.9209,asiya,Click,Click,873,836,0.00,0.00,None,N/A,
21.9313,asiya,Click,Click,873,836,0.00,0.00,None,N/A,
21.9409,asiya,Click,Click,873,836,0.00,0.00,None,N/A,
21.9514,asiya,Click,Click,873,836,0.00,0.00,None,N/A,
21.9609,asiya,Click,Click,873,836,0.00,0.00,None,N/A,
21.9714,asiya,Click,Click,873,836,0.00,0.00,None,N/A,
21.9809,asiya,Click,Click,873,836,0.00,0.00,None,N/A,
21.9905,asiya,Click,Click,873,836,0.00,0.00,None,N/A,
22.0010,asiya,Click,Click,873,836,0.00,0.00,None,N/A,
22.0105,asiya,Click,Click,873,836,0.00,0.00,None,N/A,
22.0209,asiya,Click,Click,873,836,0.00,0.00,None,N/A,
22.0314,asiya,Click,Click,873,836,0.00,0.00,None,N/A,
22.0409,asiya,Click,Click,873,836,0.00,0.00,None,N/A,
22.0514,asiya,Click,Click,873,836,0.00,0.00,None,N/A,
22.0608,asiya,Click,Click,873,836,0.00,0.00,None,N/A,
22.0712,asiya,Click,Click,873,836,0.00,0.00,None,N/A,
22.0806,asiya,Click,Click,873,836,0.00,0.00,None,N/A,
22.0911,asiya,Click,Click,873,836,0.00,0.00,None,N/A,
22.1007,asiya,Click,Click,873,836,0.00,0.00,None,N/A,
22.1112,asiya,Click,Click,873,836,0.00,0.00,None,N/A,
22.1207,asiya,Click,Click,873,836,0.00,0.00,None,N/A,
22.1312,asiya,Click,Click,873,836,0.00,0.00,None,N/A,
22.1409,asiya,Click,Click,873,836,0.00,0.00,None,N/A,
22.1514,asiya,Click,Click,873,836,0.00,0.00,None,N/A,
22.1613,asiya,Click,Click,873,836,0.00,0.00,None,N/A,
22.1709,asiya,Click,Click,873,836,0.00,0.00,None,N/A,
22.1814,asiya,Click,Click,873,836,0.00,0.00,None,N/A,
22.1909,asiya,Click,Click,873,836,0.00,0.00,None,N/A,
22.2014,asiya,Click,Click,873,836,0.00,0.00,None,N/A,
22.2109,asiya,Click,Click,873,836,0.00,0.00,None,N/A,
22.2214,asiya,Click,Click,873,836,0.00,0.00,None,N/A,
22.2310,asiya,Click,Click,873,836,0.00,0.00,None,N/A,
22.2405,asiya,Click,Click,873,836,0.00,0.00,None,N/A,
22.2514,asiya,Click,Click,873,836,0.00,0.00,None,N/A,
22.2618,asiya,Click,Click,873,836,0.00,0.00,None,N/A,
22.2709,asiya,Click,Click,873,836,0.00,0.00,None,N/A,
22.2805,asiya,Click,Click,873,836,0.00,0.00,None,N/A,
22.2917,asiya,Click,Click,873,836,0.00,0.00,None,N/A,
22.3017,asiya,Click,Click,873,836,0.00,0.00,None,N/A,
22.3114,asiya,Click,Click,873,836,0.00,0.00,None,N/A,
22.3214,asiya,Click,Click,873,836,0.00,0.00,None,N/A,
22.3310,asiya,Click,Click,873,836,0.00,0.00,None,N/A,
22.3415,asiya,Click,Click,873,836,0.00,0.00,None,N/A,
22.3510,asiya,Click,Click,873,836,0.00,0.00,None,N/A,
22.3604,asiya,Click,Click,873,836,0.00,0.00,None,N/A,
22.3707,asiya,Click,Click,873,836,0.00,0.00,None,N/A,
22.3812,asiya,Click,Click,873,836,0.00,0.00,None,N/A,
22.3908,asiya,Click,Click,873,836,0.00,0.00,None,N/A,
22.4013,asiya,Click,Click,873,836,0.00,0.00,None,N/A,
22.4113,asiya,Click,Click,873,836,0.00,0.00,None,N/A,
22.4210,asiya,Click,Click,873,836,0.00,0.00,None,N/A,
22.4315,asiya,Click,Click,873,836,0.00,0.00,None,N/A,
22.4410,asiya,Click,Click,873,836,0.00,0.00,None,N/A,
22.4505,asiya,Click,Click,873,836,0.00,0.00,None,N/A,
22.4609,asiya,Click,Click,873,836,0.00,0.00,None,N/A,
22.4713,asiya,Click,Click,873,836,0.00,0.00,None,N/A,
22.4808,asiya,Click,Click,873,836,0.00,0.00,None,N/A,
22.4915,asiya,Click,Click,873,836,0.00,0.00,None,N/A,
22.5010,asiya,Click,Click,873,836,0.00,0.00,None,N/A,
22.5104,asiya,Click,Click,873,836,0.00,0.00,None,N/A,
22.5209,asiya,Click,Click,873,836,0.00,0.00,None,N/A,
22.5314,asiya,Click,Click,873,836,0.00,0.00,None,N/A,
22.5414,asiya,Click,Click,873,836,0.00,0.00,None,N/A,
22.5508,asiya,Click,Click,873,836,0.00,0.00,None,N/A,
22.5612,asiya,Click,Click,873,836,0.00,0.00,None,N/A,
22.5706,asiya,Click,Click,873,836,0.00,0.00,None,N/A,
22.5811,asiya,Click,Click,873,836,0.00,0.00,None,N/A,
22.5911,asiya,Click,Click,873,836,0.00,0.00,None,N/A,
22.6006,asiya,Click,Click,873,836,0.00,0.00,None,N/A,
22.6111,asiya,Click,Click,873,836,0.00,0.00,None,N/A,
22.6215,asiya,Click,Click,873,836,0.00,0.00,None,N/A,
22.6310,asiya,Click,Click,873,836,0.00,0.00,None,N/A,
22.6406,asiya,Click,Click,873,836,0.00,0.00,None,N/A,
22.6508,asiya,Click,Click,874,829,692.64,67847.18,None,N/A,
22.6608,asiya,Click,Click,875,822,707.53,1489.68,None,N/A,
22.6708,asiya,Click,Click,877,812,1019.20,31148.28,None,N/A,
22.6814,asiya,Click,Click,881,762,4738.62,351375.87,None,N/A,
22.6913,asiya,Click,Click,882,753,914.63,-386239.03,None,N/A,
22.7011,asiya,Click,Click,884,732,2138.52,124071.55,None,N/A,
22.7107,asiya,Click,Click,885,723,947.44,-124618.99,None,N/A,
22.7206,asiya,Click,Click,887,706,1721.54,77853.10,None,N/A,
22.7314,asiya,Click,Click,888,695,1027.70,-64557.01,None,N/A,
22.7411,asiya,Click,Click,889,671,2478.31,149664.17,None,N/A,
22.7512,asiya,Click,Click,889,661,989.53,-147318.81,None,N/A,
22.7605,asiya,Click,Click,890,640,2262.36,136969.82,None,N/A,
22.7707,asiya,Click,Click,891,630,988.33,-125291.75,None,N/A,
22.7807,asiya,Click,Click,891,619,1093.35,10439.02,None,N/A,
22.7913,asiya,Click,Click,891,599,1890.18,75306.92,None,N/A,
22.8012,asiya,Click,Click,891,591,803.93,-109158.38,None,N/A,
22.8107,asiya,Click,Click,889,576,1598.69,83962.53,None,N/A,
22.8209,asiya,Click,Click,888,571,502.75,-108056.78,None,N/A,
22.8312,asiya,Click,Click,886,560,1080.45,55828.51,None,N/A,
22.8413,asiya,Click,Click,885,559,140.17,-93195.15,None,N/A,
22.8509,asiya,Click,Click,885,559,0.00,-14576.36,None,N/A,
22.8605,asiya,Click,Click,885,559,0.00,0.00,None,N/A,
22.8710,asiya,Click,Click,885,559,0.00,0.00,None,N/A,
22.8814,asiya,Click,Click,885,559,0.00,0.00,None,N/A,
22.8910,asiya,Click,Click,885,559,0.00,0.00,None,N/A,
22.9006,asiya,Click,Click,885,559,0.00,0.00,None,N/A,
22.9114,asiya,Click,Click,885,559,0.00,0.00,None,N/A,
22.9210,asiya,Click,Click,885,559,0.00,0.00,None,N/A,
22.9305,asiya,Click,Click,885,559,0.00,0.00,None,N/A,
22.9411,asiya,Click,Click,885,559,0.00,0.00,None,N/A,
22.9507,asiya,Click,Click,885,559,0.00,0.00,None,N/A,
22.9612,asiya,Click,Click,885,559,0.00,0.00,None,N/A,
22.9708,asiya,Click,Click,885,559,0.00,0.00,None,N/A,
22.9812,asiya,Click,Click,885,559,0.00,0.00,None,N/A,
22.9909,asiya,Click,Click,885,559,0.00,0.00,None,N/A,
23.0014,asiya,Click,Click,885,559,0.00,0.00,None,N/A,
23.0108,asiya,Click,Click,885,559,0.00,0.00,None,N/A,
23.0212,asiya,Click,Click,885,559,0.00,0.00,None,N/A,
23.0307,asiya,Click,Click,885,559,0.00,0.00,None,N/A,
23.0413,asiya,Click,Click,885,559,0.00,0.00,None,N/A,
23.0507,asiya,Click,Click,885,559,0.00,0.00,None,N/A,
23.0613,asiya,Click,Click,885,559,0.00,0.00,None,N/A,
23.0706,asiya,Click,Click,885,559,0.00,0.00,None,N/A,
23.0812,asiya,Click,Click,885,559,0.00,0.00,None,N/A,
23.0907,asiya,Click,Click,885,559,0.00,0.00,None,N/A,
23.1005,asiya,Click,Click,891,547,1370.19,139935.47,None,N/A,
23.1105,asiya,Click,Click,910,508,4318.03,293412.61,None,N/A,
23.1206,asiya,Click,Click,921,483,2722.09,-159055.81,None,N/A,
23.1308,asiya,Click,Click,929,465,1919.08,-78234.31,None,N/A,
23.1412,asiya,Click,Click,942,444,2391.75,45773.70,None,N/A,
23.1509,asiya,Click,Click,947,434,1145.03,-127682.82,None,N/A,
23.1606,asiya,Click,Click,955,418,1849.53,72839.48,None,N/A,
23.1707,asiya,Click,Click,958,411,752.73,-108406.12,None,N/A,
23.1812,asiya,Click,Click,963,399,1237.51,46147.73,None,N/A,
23.1914,asiya,Click,Click,965,393,619.89,-60534.97,None,N/A,
23.2010,asiya,Click,Click,969,380,1423.83,84158.15,None,N/A,
23.2109,asiya,Click,Click,971,374,639.69,-79311.11,None,N/A,
23.2208,asiya,Click,Click,974,366,861.53,22369.43,None,N/A,
23.2313,asiya,Click,Click,975,363,300.13,-53282.43,None,N/A,
23.2413,asiya,Click,Click,977,357,632.44,33229.87,None,N/A,
23.2511,asiya,Click,Click,977,355,204.09,-43710.80,None,N/A,
23.2611,asiya,Click,Click,978,353,223.75,1967.04,None,N/A,
23.2707,asiya,Click,Click,979,351,233.31,997.72,None,N/A,
23.2805,asiya,Click,Click,979,350,101.60,-13381.50,None,N/A,
23.2911,asiya,Click,Click,979,348,189.32,8304.37,None,N/A,
23.3013,asiya,Click,Click,979,348,0.00,-18577.72,None,N/A,
23.3105,asiya,Click,Click,979,347,108.01,11666.49,None,N/A,
23.3205,asiya,Click,Click,979,347,0.00,-10834.23,None,N/A,
23.3310,asiya,Click,Click,979,347,0.00,0.00,None,N/A,
23.3406,asiya,Click,Click,979,347,0.00,0.00,None,N/A,
23.3509,asiya,Click,Click,979,348,97.85,9575.35,None,N/A,
23.3612,asiya,Click,Click,979,348,0.00,-9467.12,None,N/A,
23.3708,asiya,Click,Click,979,349,103.88,10791.29,None,N/A,
23.3813,asiya,Click,Click,979,351,191.56,8397.90,None,N/A,
23.3914,asiya,Click,Click,979,351,0.00,-18965.66,None,N/A,
23.4011,asiya,Click,Click,978,353,228.99,23450.31,None,N/A,
23.4107,asiya,Click,Click,978,353,0.00,-23899.62,None,N/A,
23.4205,asiya,Click,Click,977,355,228.15,23278.35,None,N/A,
23.4314,asiya,Click,Click,977,356,91.63,-12509.45,None,N/A,
23.4412,asiya,Click,Click,977,358,205.46,11692.81,None,N/A,
23.4506,asiya,Click,Click,977,358,0.00,-21835.79,None,N/A,
23.4610,asiya,Click,Click,977,358,0.00,0.00,None,N/A,
23.4705,asiya,Click,Click,977,358,0.00,0.00,None,N/A,
23.4810,asiya,Click,Click,977,358,0.00,0.00,None,N/A,
23.4906,asiya,Click,Click,977,358,0.00,0.00,None,N/A,
23.5011,asiya,Click,Click,977,358,0.00,0.00,None,N/A,
23.5105,asiya,Click,Click,977,358,0.00,0.00,None,N/A,
23.5208,asiya,Click,Click,977,358,0.00,0.00,None,N/A,
23.5305,asiya,Click,Click,977,358,0.00,0.00,None,N/A,
23.5411,asiya,Click,Click,977,358,0.00,0.00,None,N/A,
23.5506,asiya,Click,Click,977,358,0.00,0.00,None,N/A,
23.5610,asiya,Click,Click,977,358,0.00,0.00,None,N/A,
23.5714,asiya,Click,Click,977,358,0.00,0.00,None,N/A,
23.5809,asiya,Click,Click,977,358,0.00,0.00,None,N/A,
23.5905,asiya,Click,Click,977,358,0.00,0.00,None,N/A,
23.6010,asiya,Click,Click,977,358,0.00,0.00,None,N/A,
23.6106,asiya,Click,Click,977,358,0.00,0.00,None,N/A,
23.6212,asiya,Click,Click,977,358,0.00,0.00,None,N/A,
23.6306,asiya,Click,Click,977,358,0.00,0.00,None,N/A,
23.6413,asiya,Click,Click,977,358,0.00,0.00,None,N/A,
23.6510,asiya,Click,Click,977,358,0.00,0.00,None,N/A,
23.6611,asiya,Click,Click,977,358,0.00,0.00,Left,N/A,
23.6705,asiya,Click,Click,977,358,0.00,0.00,Left,N/A,
23.6811,asiya,Click,Click,977,358,0.00,0.00,Left,N/A,
23.6907,asiya,Click,Click,977,358,0.00,0.00,Left,N/A,
23.7011,asiya,Click,Click,977,358,0.00,0.00,Left,N/A,
23.7106,asiya,Click,Click,977,358,0.00,0.00,Left,N/A,
23.7210,asiya,Click,Click,977,358,0.00,0.00,Left,N/A,
23.7305,asiya,Click,Click,977,358,0.00,0.00,Left,N/A,
23.7411,asiya,Click,Click,977,358,0.00,0.00,Left,N/A,
23.7506,asiya,Click,Click,977,358,0.00,0.00,Left,N/A,
23.7611,asiya,Click,Click,977,358,0.00,0.00,Left,N/A,
23.7705,asiya,Click,Click,977,358,0.00,0.00,Left,N/A,
23.7810,asiya,Click,Click,977,358,0.00,0.00,Left,N/A,
23.7906,asiya,Click,Click,977,358,0.00,0.00,Left,N/A,
23.8011,asiya,Click,Click,977,358,0.00,0.00,Left,N/A,
23.8106,asiya,Click,Click,977,358,0.00,0.00,Left,N/A,
23.8211,asiya,Click,Click,977,358,0.00,0.00,Left,N/A,
23.8306,asiya,Click,Click,977,358,0.00,0.00,Left,N/A,
23.8338,asiya,Click,Click,977,358,0.00,0.00,None,N/A,click_target
23.8414,asiya,Click,Click,977,358,0.00,0.00,None,N/A,
23.8509,asiya,Click,Click,977,358,0.00,0.00,None,N/A,
23.8614,asiya,Click,Click,977,358,0.00,0.00,None,N/A,
23.8710,asiya,Click,Click,977,358,0.00,0.00,None,N/A,
23.8805,asiya,Click,Click,977,358,0.00,0.00,None,N/A,
23.8911,asiya,Click,Click,977,358,0.00,0.00,None,N/A,
23.9006,asiya,Click,Click,977,358,0.00,0.00,None,N/A,
23.9115,asiya,Click,Click,977,358,0.00,0.00,None,N/A,
23.9211,asiya,Click,Click,977,358,0.00,0.00,None,N/A,
23.9306,asiya,Click,Click,977,358,0.00,0.00,None,N/A,
23.9412,asiya,Click,Click,977,358,0.00,0.00,None,N/A,
23.9513,asiya,Click,Click,977,358,0.00,0.00,None,N/A,
23.9608,asiya,Click,Click,977,358,0.00,0.00,None,N/A,
23.9712,asiya,Click,Click,977,358,0.00,0.00,None,N/A,
23.9807,asiya,Click,Click,977,358,0.00,0.00,None,N/A,
23.9913,asiya,Click,Click,977,358,0.00,0.00,None,N/A,
24.0007,asiya,Click,Click,977,358,0.00,0.00,None,N/A,
24.0115,asiya,Click,Click,977,358,0.00,0.00,None,N/A,
24.0212,asiya,Click,Click,977,358,0.00,0.00,None,N/A,
24.0307,asiya,Click,Click,977,358,0.00,0.00,None,N/A,
24.0412,asiya,Click,Click,977,358,0.00,0.00,None,N/A,
24.0507,asiya,Click,Click,977,358,0.00,0.00,None,N/A,
24.0611,asiya,Click,Click,977,358,0.00,0.00,None,N/A,
24.0706,asiya,Click,Click,977,358,0.00,0.00,None,N/A,
24.0811,asiya,Click,Click,977,358,0.00,0.00,None,N/A,
24.0907,asiya,Click,Click,977,358,0.00,0.00,None,N/A,
24.1005,asiya,Click,Click,977,358,0.00,0.00,None,N/A,
24.1110,asiya,Click,Click,977,358,0.00,0.00,None,N/A,
24.1210,asiya,Click,Click,977,358,0.00,0.00,None,N/A,
24.1305,asiya,Click,Click,977,358,0.00,0.00,None,N/A,
24.1412,asiya,Click,Click,977,358,0.00,0.00,None,N/A,
24.1511,asiya,Click,Click,968,362,1001.38,101815.91,None,N/A,
24.1604,asiya,Click,Click,931,379,4371.95,361898.14,None,N/A,
24.1707,asiya,Click,Click,912,388,2038.19,-226250.84,None,N/A,
24.1806,asiya,Click,Click,900,394,1358.19,-68838.69,None,N/A,
24.1912,asiya,Click,Click,883,404,1847.27,45807.89,None,N/A,
24.2011,asiya,Click,Click,875,409,953.49,-90334.46,None,N/A,
24.2114,asiya,Click,Click,858,422,2091.38,111198.64,None,N/A,
24.2210,asiya,Click,Click,848,431,1392.71,-72325.63,None,N/A,
24.2313,asiya,Click,Click,833,447,2132.07,71876.11,None,N/A,
24.2414,asiya,Click,Click,827,454,916.36,-120833.63,None,N/A,
24.2509,asiya,Click,Click,817,466,1638.95,75816.45,None,N/A,
24.2608,asiya,Click,Click,813,472,726.92,-91937.96,None,N/A,
24.2714,asiya,Click,Click,806,483,1233.19,47883.97,None,N/A,
24.2810,asiya,Click,Click,804,487,465.98,-79940.31,None,N/A,
24.2909,asiya,Click,Click,800,493,731.29,26906.13,None,N/A,
24.3010,asiya,Click,Click,799,496,310.94,-41332.51,None,N/A,
24.3109,asiya,Click,Click,797,499,363.77,5330.24,None,N/A,
24.3213,asiya,Click,Click,795,504,518.04,14839.98,None,N/A,
24.3304,asiya,Click,Click,794,507,347.01,-18767.53,None,N/A,
24.3405,asiya,Click,Click,794,508,99.49,-24625.44,None,N/A,
24.3510,asiya,Click,Click,794,508,0.00,-9454.45,None,N/A,
24.3605,asiya,Click,Click,794,508,0.00,0.00,None,N/A,
24.3710,asiya,Click,Click,794,508,0.00,0.00,None,N/A,
24.3805,asiya,Click,Click,794,508,0.00,0.00,None,N/A,
24.3911,asiya,Click,Click,794,508,0.00,0.00,None,N/A,
24.4007,asiya,Click,Click,794,508,0.00,0.00,None,N/A,
24.4117,asiya,Click,Click,794,508,0.00,0.00,None,N/A,
24.4215,asiya,Click,Click,794,508,0.00,0.00,None,N/A,
24.4309,asiya,Click,Click,794,508,0.00,0.00,None,N/A,
24.4405,asiya,Click,Click,794,508,0.00,0.00,None,N/A,
24.4509,asiya,Click,Click,794,508,0.00,0.00,None,N/A,
24.4614,asiya,Click,Click,794,508,0.00,0.00,None,N/A,
24.4710,asiya,Click,Click,794,508,0.00,0.00,None,N/A,
24.4814,asiya,Click,Click,794,508,0.00,0.00,None,N/A,
24.4905,asiya,Click,Click,794,508,0.00,0.00,None,N/A,
24.5009,asiya,Click,Click,794,508,0.00,0.00,None,N/A,
24.5114,asiya,Click,Click,794,508,0.00,0.00,None,N/A,
24.5208,asiya,Click,Click,794,508,0.00,0.00,None,N/A,
24.5316,asiya,Click,Click,794,508,0.00,0.00,None,N/A,
24.5412,asiya,Click,Click,794,508,0.00,0.00,None,N/A,
24.5506,asiya,Click,Click,794,508,0.00,0.00,None,N/A,
24.5614,asiya,Click,Click,794,508,0.00,0.00,None,N/A,
24.5709,asiya,Click,Click,794,508,0.00,0.00,None,N/A,
24.5813,asiya,Click,Click,806,526,2067.74,197637.75,None,N/A,
24.5913,asiya,Click,Click,813,540,1567.27,-50112.11,None,N/A,
24.6009,asiya,Click,Click,824,558,2193.28,65086.93,None,N/A,
24.6108,asiya,Click,Click,827,565,774.43,-144278.99,None,N/A,
24.6205,asiya,Click,Click,835,577,1490.04,73933.70,None,N/A,
24.6307,asiya,Click,Click,838,584,742.62,-72881.41,None,N/A,
24.6409,asiya,Click,Click,844,594,1143.70,39334.34,None,N/A,
24.6511,asiya,Click,Click,846,598,440.76,-69279.27,None,N/A,
24.6609,asiya,Click,Click,848,602,453.06,1245.67,None,N/A,
24.6706,asiya,Click,Click,852,610,924.77,48770.90,None,N/A,
24.6815,asiya,Click,Click,854,614,408.69,-47162.00,None,N/A,
24.6911,asiya,Click,Click,858,621,841.58,45187.76,None,N/A,
24.7014,asiya,Click,Click,860,624,352.25,-47805.93,None,N/A,
24.7110,asiya,Click,Click,863,628,520.59,17527.52,None,N/A,
24.7208,asiya,Click,Click,864,630,226.70,-29795.69,None,N/A,
24.7308,asiya,Click,Click,867,632,360.01,13310.45,None,N/A,
24.7413,asiya,Click,Click,869,633,214.71,-13951.36,None,N/A,
24.7507,asiya,Click,Click,869,633,0.00,-22775.27,None,N/A,
24.7611,asiya,Click,Click,869,633,0.00,0.00,None,N/A,
24.7705,asiya,Click,Click,869,633,0.00,0.00,None,N/A,
24.7811,asiya,Click,Click,869,633,0.00,0.00,None,N/A,
24.7906,asiya,Click,Click,869,633,0.00,0.00,None,N/A,
24.8011,asiya,Click,Click,869,633,0.00,0.00,None,N/A,
24.8106,asiya,Click,Click,869,633,0.00,0.00,None,N/A,
24.8210,asiya,Click,Click,869,633,0.00,0.00,None,N/A,
24.8306,asiya,Click,Click,869,633,0.00,0.00,None,N/A,
24.8412,asiya,Click,Click,869,633,0.00,0.00,None,N/A,
24.8507,asiya,Click,Click,869,633,0.00,0.00,None,N/A,
24.8615,asiya,Click,Click,869,633,0.00,0.00,None,N/A,
24.8712,asiya,Click,Click,869,633,0.00,0.00,None,N/A,
24.8807,asiya,Click,Click,869,633,0.00,0.00,None,N/A,
24.8913,asiya,Click,Click,869,633,0.00,0.00,None,N/A,
24.9008,asiya,Click,Click,869,633,0.00,0.00,None,N/A,
24.9112,asiya,Click,Click,869,633,0.00,0.00,None,N/A,
24.9206,asiya,Click,Click,869,633,0.00,0.00,None,N/A,
24.9311,asiya,Click,Click,869,633,0.00,0.00,None,N/A,
24.9406,asiya,Click,Click,869,633,0.00,0.00,None,N/A,
24.9511,asiya,Click,Click,869,633,0.00,0.00,None,N/A,
24.9605,asiya,Click,Click,869,633,0.00,0.00,None,N/A,
24.9710,asiya,Click,Click,869,633,0.00,0.00,None,N/A,
24.9815,asiya,Click,Click,869,633,0.00,0.00,None,N/A,
24.9909,asiya,Click,Click,869,633,0.00,0.00,None,N/A,
25.0014,asiya,Click,Click,869,633,0.00,0.00,None,N/A,
25.0108,asiya,Click,Click,869,633,0.00,0.00,None,N/A,
25.0206,asiya,Click,Click,867,641,842.85,86147.81,None,N/A,
25.0306,asiya,Click,Click,866,644,317.93,-52774.61,None,N/A,
25.0411,asiya,Click,Click,865,650,576.37,24487.85,None,N/A,
25.0512,asiya,Click,Click,864,653,314.15,-26049.51,None,N/A,
25.0607,asiya,Click,Click,863,657,432.89,12466.43,None,N/A,
25.0707,asiya,Click,Click,863,659,199.62,-23282.76,None,N/A,
25.0804,asiya,Click,Click,861,664,554.11,36474.84,None,N/A,
25.0913,asiya,Click,Click,861,667,275.44,-25585.24,None,N/A,
25.1009,asiya,Click,Click,859,673,664.07,40806.37,None,N/A,
25.1106,asiya,Click,Click,859,676,307.62,-36550.82,None,N/A,
25.1211,asiya,Click,Click,858,679,301.81,-554.11,None,N/A,
25.1316,asiya,Click,Click,856,685,603.18,28741.07,None,N/A,
25.1415,asiya,Click,Click,856,688,303.09,-30317.76,None,N/A,
25.1512,asiya,Click,Click,854,694,652.46,36041.89,None,N/A,
25.1609,asiya,Click,Click,854,696,205.54,-45930.40,None,N/A,
25.1707,asiya,Click,Click,852,701,549.36,35074.37,None,N/A,
25.1804,asiya,Click,Click,852,703,205.47,-35329.55,None,N/A,
25.1913,asiya,Click,Click,852,706,275.71,6455.00,None,N/A,
25.2012,asiya,Click,Click,851,707,143.52,-13414.69,None,N/A,
25.2106,asiya,Click,Click,851,710,317.43,18401.46,None,N/A,
25.2209,asiya,Click,Click,850,711,137.90,-17506.04,None,N/A,
25.2306,asiya,Click,Click,850,713,206.45,7075.46,None,N/A,
25.2409,asiya,Click,Click,849,718,493.11,27722.74,None,N/A,
25.2506,asiya,Click,Click,849,721,308.56,-18982.14,None,N/A,
25.2607,asiya,Click,Click,848,725,408.37,9885.73,None,N/A,
25.2708,asiya,Click,Click,848,727,197.69,-20824.45,None,N/A,
25.2806,asiya,Click,Click,847,730,324.44,13003.39,None,N/A,
25.2914,asiya,Click,Click,847,731,92.62,-21471.02,None,N/A,
25.3011,asiya,Click,Click,847,734,309.06,22298.08,None,N/A,
25.3112,asiya,Click,Click,847,735,99.26,-20825.31,None,N/A,
25.3209,asiya,Click,Click,847,736,103.14,399.77,None,N/A,
25.3305,asiya,Click,Click,847,737,103.91,80.18,None,N/A,
25.3406,asiya,Click,Click,847,738,98.38,-543.83,None,N/A,
25.3511,asiya,Click,Click,846,740,213.30,10962.68,None,N/A,
25.3607,asiya,Click,Click,846,740,0.00,-22235.32,None,N/A,
25.3707,asiya,Click,Click,846,742,200.80,20160.26,None,N/A,
25.3805,asiya,Click,Click,846,742,0.00,-20512.81,None,N/A,
25.3905,asiya,Click,Click,846,744,198.70,19740.33,None,N/A,
25.4014,asiya,Click,Click,846,744,0.00,-18336.17,None,N/A,
25.4109,asiya,Click,Click,846,745,104.51,10922.36,None,N/A,
25.4206,asiya,Click,Click,846,745,0.00,-10820.45,None,N/A,
25.4314,asiya,Click,Click,846,745,0.00,0.00,None,N/A,
25.4410,asiya,Click,Click,846,745,0.00,0.00,None,N/A,
25.4506,asiya,Click,Click,846,745,0.00,0.00,None,N/A,
25.4614,asiya,Click,Click,846,745,0.00,0.00,None,N/A,
25.4710,asiya,Click,Click,846,745,0.00,0.00,None,N/A,
25.4806,asiya,Click,Click,846,745,0.00,0.00,None,N/A,
25.4913,asiya,Click,Click,846,745,0.00,0.00,None,N/A,
25.5008,asiya,Click,Click,846,745,0.00,0.00,None,N/A,
25.5114,asiya,Click,Click,846,745,0.00,0.00,None,N/A,
25.5209,asiya,Click,Click,846,745,0.00,0.00,None,N/A,
25.5306,asiya,Click,Click,846,745,0.00,0.00,None,N/A,
25.5412,asiya,Click,Click,846,745,0.00,0.00,None,N/A,
25.5508,asiya,Click,Click,846,745,0.00,0.00,None,N/A,
25.5612,asiya,Click,Click,846,745,0.00,0.00,None,N/A,
25.5706,asiya,Click,Click,846,745,0.00,0.00,None,N/A,
25.5811,asiya,Click,Click,846,745,0.00,0.00,None,N/A,
25.5907,asiya,Click,Click,846,745,0.00,0.00,None,N/A,
25.6014,asiya,Click,Click,846,745,0.00,0.00,None,N/A,
25.6109,asiya,Click,Click,846,745,0.00,0.00,None,N/A,
25.6214,asiya,Click,Click,846,745,0.00,0.00,None,N/A,
25.6312,asiya,Click,Click,846,745,0.00,0.00,None,N/A,
25.6409,asiya,Click,Click,846,745,0.00,0.00,None,N/A,
25.6514,asiya,Click,Click,846,745,0.00,0.00,None,N/A,
25.6609,asiya,Click,Click,846,745,0.00,0.00,None,N/A,
25.6714,asiya,Click,Click,846,745,0.00,0.00,None,N/A,
25.6810,asiya,Click,Click,846,745,0.00,0.00,None,N/A,
25.6906,asiya,Click,Click,846,745,0.00,0.00,None,N/A,
25.7010,asiya,Click,Click,846,745,0.00,0.00,None,N/A,
25.7104,asiya,Click,Click,846,745,0.00,0.00,None,N/A,
25.7208,asiya,Click,Click,846,745,0.00,0.00,None,N/A,
25.7313,asiya,Click,Click,846,745,0.00,0.00,None,N/A,
25.7412,asiya,Click,Click,846,745,0.00,0.00,None,N/A,
25.7505,asiya,Click,Click,846,745,0.00,0.00,None,N/A,
25.7611,asiya,Click,Click,846,745,0.00,0.00,None,N/A,
25.7706,asiya,Click,Click,846,745,0.00,0.00,None,N/A,
25.7811,asiya,Click,Click,846,745,0.00,0.00,None,N/A,
25.7907,asiya,Click,Click,846,745,0.00,0.00,None,N/A,
25.8012,asiya,Click,Click,846,745,0.00,0.00,None,N/A,
25.8106,asiya,Click,Click,846,745,0.00,0.00,None,N/A,
25.8211,asiya,Click,Click,846,745,0.00,0.00,None,N/A,
25.8307,asiya,Click,Click,846,745,0.00,0.00,None,N/A,
25.8407,asiya,Click,Click,846,745,0.00,0.00,None,N/A,
25.8511,asiya,Click,Click,846,745,0.00,0.00,Left,N/A,
25.8606,asiya,Click,Click,846,745,0.00,0.00,Left,N/A,
25.8710,asiya,Click,Click,846,745,0.00,0.00,Left,N/A,
25.8814,asiya,Click,Click,846,745,0.00,0.00,Left,N/A,
25.8909,asiya,Click,Click,846,745,0.00,0.00,Left,N/A,
25.9013,asiya,Click,Click,846,745,0.00,0.00,Left,N/A,
25.9108,asiya,Click,Click,846,745,0.00,0.00,Left,N/A,
25.9212,asiya,Click,Click,846,745,0.00,0.00,Left,N/A,
25.9308,asiya,Click,Click,846,745,0.00,0.00,Left,N/A,
25.9413,asiya,Click,Click,846,745,0.00,0.00,Left,N/A,
25.9508,asiya,Click,Click,846,745,0.00,0.00,Left,N/A,
25.9613,asiya,Click,Click,846,745,0.00,0.00,Left,N/A,
25.9709,asiya,Click,Click,846,745,0.00,0.00,Left,N/A,
25.9814,asiya,Click,Click,846,745,0.00,0.00,Left,N/A,
25.9910,asiya,Click,Click,846,745,0.00,0.00,Left,N/A,
26.0014,asiya,Click,Click,846,745,0.00,0.00,Left,N/A,
26.0109,asiya,Click,Click,846,745,0.00,0.00,Left,N/A,
26.0212,asiya,Click,Click,846,745,0.00,0.00,Left,N/A,
26.0229,asiya,Click,Click,846,745,0.00,0.00,None,N/A,click_target
26.0306,asiya,Click,Click,846,745,0.00,0.00,None,N/A,
26.0407,asiya,Click,Click,846,745,0.00,0.00,None,N/A,
26.0512,asiya,Click,Click,846,745,0.00,0.00,None,N/A,
26.0606,asiya,Click,Click,846,745,0.00,0.00,None,N/A,
26.0710,asiya,Click,Click,846,745,0.00,0.00,None,N/A,
26.0805,asiya,Click,Click,846,745,0.00,0.00,None,N/A,
26.0910,asiya,Click,Click,846,745,0.00,0.00,None,N/A,
26.1005,asiya,Click,Click,846,745,0.00,0.00,None,N/A,
26.1110,asiya,Click,Click,846,745,0.00,0.00,None,N/A,
26.1214,asiya,Click,Click,846,745,0.00,0.00,None,N/A,
26.1309,asiya,Click,Click,846,745,0.00,0.00,None,N/A,
26.1409,asiya,Click,Click,846,745,0.00,0.00,None,N/A,
26.1505,asiya,Click,Click,846,745,0.00,0.00,None,N/A,
26.1613,asiya,Click,Click,846,745,0.00,0.00,None,N/A,
26.1710,asiya,Click,Click,846,745,0.00,0.00,None,N/A,
26.1805,asiya,Click,Click,846,745,0.00,0.00,None,N/A,
26.1910,asiya,Click,Click,846,745,0.00,0.00,None,N/A,
26.2005,asiya,Click,Click,846,745,0.00,0.00,None,N/A,
26.2109,asiya,Click,Click,846,745,0.00,0.00,None,N/A,
26.2214,asiya,Click,Click,846,745,0.00,0.00,None,N/A,
26.2310,asiya,Click,Click,846,745,0.00,0.00,None,N/A,
26.2408,asiya,Click,Click,846,745,0.00,0.00,None,N/A,
26.2505,asiya,Click,Click,846,745,0.00,0.00,None,N/A,
26.2615,asiya,Click,Click,846,745,0.00,0.00,None,N/A,
26.2711,asiya,Click,Click,846,745,0.00,0.00,None,N/A,
26.2807,asiya,Click,Click,846,745,0.00,0.00,None,N/A,
26.2914,asiya,Click,Click,846,745,0.00,0.00,None,N/A,
26.3010,asiya,Click,Click,846,745,0.00,0.00,None,N/A,
26.3105,asiya,Click,Click,846,745,0.00,0.00,None,N/A,
26.3216,asiya,Click,Click,846,745,0.00,0.00,None,N/A,
26.3313,asiya,Click,Click,846,745,0.00,0.00,None,N/A,
26.3407,asiya,Click,Click,846,745,0.00,0.00,None,N/A,
26.3506,asiya,Click,Click,850,742,506.90,51389.78,None,N/A,
26.3610,asiya,Click,Click,869,728,2258.02,167538.13,None,N/A,
26.3705,asiya,Click,Click,955,666,11213.60,947231.12,None,N/A,
26.3810,asiya,Click,Click,972,656,1884.77,-891479.76,None,N/A,
26.3905,asiya,Click,Click,984,648,1511.75,-39100.83,None,N/A,
26.4015,asiya,Click,Click,1003,635,2099.32,53579.33,None,N/A,
26.4111,asiya,Click,Click,1010,630,890.09,-125119.71,None,N/A,
26.4208,asiya,Click,Click,1024,620,1778.08,91772.26,None,N/A,
26.4307,asiya,Click,Click,1032,615,958.04,-83276.57,None,N/A,
26.4414,asiya,Click,Click,1048,607,1669.93,66456.37,None,N/A,
26.4514,asiya,Click,Click,1057,602,1029.02,-64057.12,None,N/A,
26.4609,asiya,Click,Click,1075,593,2121.57,115177.81,None,N/A,
26.4708,asiya,Click,Click,1082,589,806.94,-131579.25,None,N/A,
26.4806,asiya,Click,Click,1096,583,1568.17,78373.12,None,N/A,
26.4905,asiya,Click,Click,1101,580,584.62,-98612.00,None,N/A,
26.5010,asiya,Click,Click,1111,576,1027.34,42229.33,None,N/A,
26.5110,asiya,Click,Click,1116,574,541.55,-48852.28,None,N/A,
26.5210,asiya,Click,Click,1120,572,446.83,-9463.96,None,N/A,
26.5305,asiya,Click,Click,1120,572,0.00,-46850.06,None,N/A,
26.5411,asiya,Click,Click,1120,572,0.00,0.00,None,N/A,
26.5506,asiya,Click,Click,1120,572,0.00,0.00,None,N/A,
26.5614,asiya,Click,Click,1120,572,0.00,0.00,None,N/A,
26.5710,asiya,Click,Click,1120,572,0.00,0.00,None,N/A,
26.5805,asiya,Click,Click,1120,572,0.00,0.00,None,N/A,
26.5905,asiya,Click,Click,1120,572,0.00,0.00,None,N/A,
26.6009,asiya,Click,Click,1120,572,0.00,0.00,None,N/A,
26.6114,asiya,Click,Click,1120,572,0.00,0.00,None,N/A,
26.6209,asiya,Click,Click,1120,572,0.00,0.00,None,N/A,
26.6315,asiya,Click,Click,1120,572,0.00,0.00,None,N/A,
26.6409,asiya,Click,Click,1120,572,0.00,0.00,None,N/A,
26.6514,asiya,Click,Click,1120,572,0.00,0.00,None,N/A,
26.6609,asiya,Click,Click,1120,572,0.00,0.00,None,N/A,
26.6714,asiya,Click,Click,1120,572,0.00,0.00,None,N/A,
26.6808,asiya,Click,Click,1120,572,0.00,0.00,None,N/A,
26.6909,asiya,Click,Click,1120,572,0.00,0.00,None,N/A,
26.7014,asiya,Click,Click,1120,572,0.00,0.00,None,N/A,
26.7108,asiya,Click,Click,1120,572,0.00,0.00,None,N/A,
26.7211,asiya,Click,Click,1120,572,0.00,0.00,None,N/A,
26.7307,asiya,Click,Click,1120,572,0.00,0.00,None,N/A,
26.7412,asiya,Click,Click,1120,572,0.00,0.00,None,N/A,
26.7507,asiya,Click,Click,1120,572,0.00,0.00,None,N/A,
26.7612,asiya,Click,Click,1120,572,0.00,0.00,None,N/A,
26.7707,asiya,Click,Click,1120,572,0.00,0.00,None,N/A,
26.7818,asiya,Click,Click,1120,572,0.00,0.00,None,N/A,
26.7906,asiya,Click,Click,1120,572,0.00,0.00,None,N/A,
26.8012,asiya,Click,Click,1120,572,0.00,0.00,None,N/A,
26.8107,asiya,Click,Click,1120,572,0.00,0.00,None,N/A,
26.8212,asiya,Click,Click,1120,572,0.00,0.00,None,N/A,
26.8307,asiya,Click,Click,1120,572,0.00,0.00,None,N/A,
26.8408,asiya,Click,Click,1120,572,0.00,0.00,None,N/A,
26.8513,asiya,Click,Click,1120,572,0.00,0.00,None,N/A,
26.8607,asiya,Click,Click,1120,572,0.00,0.00,None,N/A,
26.8710,asiya,Click,Click,1120,572,0.00,0.00,None,N/A,
26.8805,asiya,Click,Click,1120,572,0.00,0.00,None,N/A,
26.8911,asiya,Click,Click,1120,572,0.00,0.00,None,N/A,
26.9009,asiya,Click,Click,1120,572,0.00,0.00,None,N/A,
26.9113,asiya,Click,Click,1120,572,0.00,0.00,None,N/A,
26.9210,asiya,Click,Click,1120,572,0.00,0.00,None,N/A,
26.9306,asiya,Click,Click,1120,572,0.00,0.00,None,N/A,
26.9413,asiya,Click,Click,1122,564,765.40,71044.10,None,N/A,
26.9514,asiya,Click,Click,1124,554,1014.80,24816.71,None,N/A,
26.9607,asiya,Click,Click,1130,531,2557.00,165900.85,None,N/A,
26.9708,asiya,Click,Click,1131,527,405.83,-211735.21,None,N/A,
26.9808,asiya,Click,Click,1132,524,318.84,-8770.45,None,N/A,
26.9904,asiya,Click,Click,1133,521,326.63,804.54,None,N/A,
27.0015,asiya,Click,Click,1133,520,90.35,-21347.77,None,N/A,
27.0110,asiya,Click,Click,1134,518,234.82,15170.87,None,N/A,
27.0209,asiya,Click,Click,1134,517,101.59,-13534.46,None,N/A,
27.0311,asiya,Click,Click,1135,516,138.34,3594.25,None,N/A,
27.0406,asiya,Click,Click,1135,515,105.36,-3474.67,None,N/A,
27.0513,asiya,Click,Click,1135,514,93.61,-1099.88,None,N/A,
27.0609,asiya,Click,Click,1135,513,103.89,1068.04,None,N/A,
27.0707,asiya,Click,Click,1138,507,684.33,59213.15,None,N/A,
27.0807,asiya,Click,Click,1139,504,315.06,-36790.62,None,N/A,
27.0912,asiya,Click,Click,1142,495,909.90,57051.95,None,N/A,
27.1013,asiya,Click,Click,1143,492,311.53,-58947.37,None,N/A,
27.1111,asiya,Click,Click,1144,489,322.67,1136.74,None,N/A,
27.1209,asiya,Click,Click,1145,485,423.37,10340.92,None,N/A,
27.1312,asiya,Click,Click,1145,484,96.26,-31487.31,None,N/A,
27.1412,asiya,Click,Click,1146,481,317.88,22278.13,None,N/A,
27.1514,asiya,Click,Click,1146,480,98.14,-21565.58,None,N/A,
27.1611,asiya,Click,Click,1147,479,145.79,4912.56,None,N/A,
27.1709,asiya,Click,Click,1147,478,101.74,-4482.27,None,N/A,
27.1806,asiya,Click,Click,1147,477,103.39,171.13,None,N/A,
27.1908,asiya,Click,Click,1147,477,0.00,-10162.82,None,N/A,
27.2010,asiya,Click,Click,1147,476,97.62,9529.50,None,N/A,
27.2108,asiya,Click,Click,1147,476,0.00,-9913.43,None,N/A,
27.2212,asiya,Click,Click,1147,476,0.00,0.00,None,N/A,
27.2306,asiya,Click,Click,1148,476,107.17,11485.95,None,N/A,
27.2411,asiya,Click,Click,1148,476,0.00,-10154.38,None,N/A,
27.2511,asiya,Click,Click,1148,476,0.00,0.00,None,N/A,
27.2616,asiya,Click,Click,1148,475,95.89,9193.96,None,N/A,
27.2706,asiya,Click,Click,1148,475,0.00,-10588.47,None,N/A,
27.2811,asiya,Click,Click,1148,475,0.00,0.00,None,N/A,
27.2911,asiya,Click,Click,1148,475,0.00,0.00,None,N/A,
27.3013,asiya,Click,Click,1149,475,98.15,9632.80,None,N/A,
27.3108,asiya,Click,Click,1149,475,0.00,-10326.29,None,N/A,
27.3213,asiya,Click,Click,1149,475,0.00,0.00,None,N/A,
27.3308,asiya,Click,Click,1149,475,0.00,0.00,None,N/A,
27.3411,asiya,Click,Click,1149,476,96.83,9375.69,None,N/A,
27.3506,asiya,Click,Click,1149,476,0.00,-10184.74,None,N/A,
27.3612,asiya,Click,Click,1149,476,0.00,0.00,None,N/A,
27.3713,asiya,Click,Click,1149,476,0.00,0.00,None,N/A,
27.3811,asiya,Click,Click,1149,476,0.00,0.00,None,N/A,
27.3910,asiya,Click,Click,1149,476,0.00,0.00,None,N/A,
27.4006,asiya,Click,Click,1149,476,0.00,0.00,None,N/A,
27.4113,asiya,Click,Click,1149,476,0.00,0.00,None,N/A,
27.4209,asiya,Click,Click,1149,476,0.00,0.00,None,N/A,
27.4315,asiya,Click,Click,1149,476,0.00,0.00,None,N/A,
27.4409,asiya,Click,Click,1149,476,0.00,0.00,None,N/A,
27.4512,asiya,Click,Click,1149,476,0.00,0.00,None,N/A,
27.4607,asiya,Click,Click,1149,476,0.00,0.00,None,N/A,
27.4712,asiya,Click,Click,1149,476,0.00,0.00,None,N/A,
27.4808,asiya,Click,Click,1149,476,0.00,0.00,None,N/A,
27.4912,asiya,Click,Click,1149,476,0.00,0.00,None,N/A,
27.5006,asiya,Click,Click,1149,476,0.00,0.00,None,N/A,
27.5110,asiya,Click,Click,1149,476,0.00,0.00,None,N/A,
27.5214,asiya,Click,Click,1149,476,0.00,0.00,None,N/A,
27.5307,asiya,Click,Click,1149,476,0.00,0.00,Left,N/A,
27.5407,asiya,Click,Click,1149,476,0.00,0.00,Left,N/A,
27.5511,asiya,Click,Click,1149,476,0.00,0.00,Left,N/A,
27.5608,asiya,Click,Click,1149,476,0.00,0.00,Left,N/A,
27.5705,asiya,Click,Click,1149,476,0.00,0.00,Left,N/A,
27.5811,asiya,Click,Click,1149,476,0.00,0.00,Left,N/A,
27.5907,asiya,Click,Click,1149,476,0.00,0.00,Left,N/A,
27.6013,asiya,Click,Click,1149,476,0.00,0.00,Left,N/A,
27.6109,asiya,Click,Click,1149,476,0.00,0.00,Left,N/A,
27.6212,asiya,Click,Click,1149,476,0.00,0.00,Left,N/A,
27.6308,asiya,Click,Click,1149,476,0.00,0.00,Left,N/A,
27.6407,asiya,Click,Click,1149,476,0.00,0.00,Left,N/A,
27.6511,asiya,Click,Click,1149,476,0.00,0.00,Left,N/A,
27.6605,asiya,Click,Click,1149,476,0.00,0.00,Left,N/A,
27.6709,asiya,Click,Click,1149,476,0.00,0.00,Left,N/A,
27.6805,asiya,Click,Click,1149,476,0.00,0.00,Left,N/A,
27.6911,asiya,Click,Click,1149,476,0.00,0.00,Left,N/A,
27.7005,asiya,Click,Click,1149,476,0.00,0.00,Left,N/A,
27.7043,asiya,Click,Click,1149,476,0.00,0.00,None,N/A,click_target
27.7112,asiya,Click,Click,1149,476,0.00,0.00,None,N/A,
27.7207,asiya,Click,Click,1149,476,0.00,0.00,None,N/A,
27.7312,asiya,Click,Click,1149,476,0.00,0.00,None,N/A,
27.7406,asiya,Click,Click,1149,476,0.00,0.00,None,N/A,
27.7510,asiya,Click,Click,1149,476,0.00,0.00,None,N/A,
27.7605,asiya,Click,Click,1149,476,0.00,0.00,None,N/A,
27.7712,asiya,Click,Click,1149,476,0.00,0.00,None,N/A,
27.7807,asiya,Click,Click,1149,476,0.00,0.00,None,N/A,
27.7914,asiya,Click,Click,1149,476,0.00,0.00,None,N/A,
27.8009,asiya,Click,Click,1149,476,0.00,0.00,None,N/A,
27.8114,asiya,Click,Click,1149,476,0.00,0.00,None,N/A,
27.8209,asiya,Click,Click,1149,476,0.00,0.00,None,N/A,
27.8314,asiya,Click,Click,1149,476,0.00,0.00,None,N/A,
27.8409,asiya,Click,Click,1149,476,0.00,0.00,None,N/A,
27.8512,asiya,Click,Click,1149,476,0.00,0.00,None,N/A,
27.8606,asiya,Click,Click,1149,476,0.00,0.00,None,N/A,
27.8711,asiya,Click,Click,1149,476,0.00,0.00,None,N/A,
27.8806,asiya,Click,Click,1149,476,0.00,0.00,None,N/A,
27.8911,asiya,Click,Click,1149,476,0.00,0.00,None,N/A,
27.9006,asiya,Click,Click,1149,476,0.00,0.00,None,N/A,
27.9110,asiya,Click,Click,1149,476,0.00,0.00,None,N/A,
27.9214,asiya,Click,Click,1144,478,517.55,49740.43,None,N/A,
27.9312,asiya,Click,Click,1135,483,1051.76,54571.90,None,N/A,
27.9405,asiya,Click,Click,1121,489,1633.03,62320.39,None,N/A,
27.9513,asiya,Click,Click,1081,511,4236.14,241553.96,None,N/A,
27.9610,asiya,Click,Click,1066,520,1796.44,-250546.71,None,N/A,
27.9711,asiya,Click,Click,1048,530,2049.84,25225.61,None,N/A,
27.9812,asiya,Click,Click,1041,535,852.81,-118670.45,None,N/A,
27.9914,asiya,Click,Click,1027,544,1633.53,76626.46,None,N/A,
28.0005,asiya,Click,Click,1022,549,774.00,-94083.93,None,N/A,
28.0106,asiya,Click,Click,1014,556,1049.63,27215.40,None,N/A,
28.0209,asiya,Click,Click,1011,559,412.61,-61951.75,None,N/A,
28.0307,asiya,Click,Click,1006,563,652.75,24480.41,None,N/A,
28.0414,asiya,Click,Click,1005,565,209.56,-41534.93,None,N/A,
28.0505,asiya,Click,Click,1003,566,246.40,4059.36,None,N/A,
28.0611,asiya,Click,Click,1001,568,266.54,1897.52,None,N/A,
28.0712,asiya,Click,Click,1000,569,140.26,-12524.00,None,N/A,
28.0807,asiya,Click,Click,999,570,147.55,760.78,None,N/A,
28.0905,asiya,Click,Click,999,571,102.63,-4609.92,None,N/A,
28.1012,asiya,Click,Click,998,571,93.18,-880.67,None,N/A,
28.1108,asiya,Click,Click,998,572,104.25,1153.89,None,N/A,
28.1206,asiya,Click,Click,998,572,0.00,-10683.58,None,N/A,
28.1311,asiya,Click,Click,998,572,0.00,0.00,None,N/A,
28.1407,asiya,Click,Click,998,572,0.00,0.00,None,N/A,
28.1512,asiya,Click,Click,998,572,0.00,0.00,None,N/A,
28.1606,asiya,Click,Click,998,572,0.00,0.00,None,N/A,
28.1707,asiya,Click,Click,998,572,0.00,0.00,None,N/A,
28.1805,asiya,Click,Click,998,572,0.00,0.00,None,N/A,
28.1909,asiya,Click,Click,999,572,96.20,9254.79,None,N/A,
28.2012,asiya,Click,Click,999,572,0.00,-9296.37,None,N/A,
28.2114,asiya,Click,Click,999,572,0.00,0.00,None,N/A,
28.2213,asiya,Click,Click,999,572,0.00,0.00,None,N/A,
28.2305,asiya,Click,Click,1000,572,109.77,12048.78,None,N/A,
28.2410,asiya,Click,Click,1000,572,0.00,-10423.03,None,N/A,
28.2505,asiya,Click,Click,1000,572,0.00,0.00,None,N/A,
28.2609,asiya,Click,Click,1000,572,0.00,0.00,None,N/A,
28.2714,asiya,Click,Click,1000,572,0.00,0.00,None,N/A,
28.2808,asiya,Click,Click,1000,572,0.00,0.00,None,N/A,
28.2913,asiya,Click,Click,1000,572,0.00,0.00,None,N/A,
28.3007,asiya,Click,Click,1000,572,0.00,0.00,None,N/A,
28.3112,asiya,Click,Click,1000,572,0.00,0.00,None,N/A,
28.3213,asiya,Click,Click,1000,572,0.00,0.00,None,N/A,
28.3311,asiya,Click,Click,1000,572,0.00,0.00,None,N/A,
28.3410,asiya,Click,Click,1000,572,0.00,0.00,None,N/A,
28.3511,asiya,Click,Click,1000,572,0.00,0.00,None,N/A,
28.3607,asiya,Click,Click,1000,572,0.00,0.00,None,N/A,
28.3718,asiya,Click,Click,1000,572,0.00,0.00,None,N/A,
28.3813,asiya,Click,Click,1000,572,0.00,0.00,None,N/A,
28.3913,asiya,Click,Click,1000,572,0.00,0.00,None,N/A,
28.4009,asiya,Click,Click,1000,572,0.00,0.00,None,N/A,
28.4106,asiya,Click,Click,1000,572,0.00,0.00,None,N/A,
28.4210,asiya,Click,Click,1000,572,0.00,0.00,None,N/A,
28.4315,asiya,Click,Click,1000,572,0.00,0.00,None,N/A,
28.4409,asiya,Click,Click,1000,572,0.00,0.00,None,N/A,
28.4514,asiya,Click,Click,1000,572,0.00,0.00,None,N/A,
28.4608,asiya,Click,Click,1000,572,0.00,0.00,None,N/A,
28.4709,asiya,Click,Click,1000,572,0.00,0.00,None,N/A,
28.4806,asiya,Click,Click,1000,572,0.00,0.00,Left,N/A,
28.4905,asiya,Click,Click,1000,572,0.00,0.00,Left,N/A,
28.5010,asiya,Click,Click,1000,572,0.00,0.00,Left,N/A,
28.5104,asiya,Click,Click,1000,572,0.00,0.00,Left,N/A,
28.5208,asiya,Click,Click,1000,572,0.00,0.00,Left,N/A,
28.5313,asiya,Click,Click,1000,572,0.00,0.00,Left,N/A,
28.5408,asiya,Click,Click,1000,572,0.00,0.00,Left,N/A,
28.5512,asiya,Click,Click,1000,572,0.00,0.00,Left,N/A,
28.5611,asiya,Click,Click,1000,572,0.00,0.00,Left,N/A,
28.5711,asiya,Click,Click,1000,572,0.00,0.00,Left,N/A,
28.5806,asiya,Click,Click,1000,572,0.00,0.00,Left,N/A,
28.5907,asiya,Click,Click,1000,572,0.00,0.00,Left,N/A,
28.6013,asiya,Click,Click,1000,572,0.00,0.00,Left,N/A,
28.6107,asiya,Click,Click,1000,572,0.00,0.00,Left,N/A,
28.6211,asiya,Click,Click,1000,572,0.00,0.00,Left,N/A,
28.6306,asiya,Click,Click,1000,572,0.00,0.00,Left,N/A,
28.6406,asiya,Click,Click,1000,572,0.00,0.00,Left,N/A,
28.6505,asiya,Click,Click,1000,572,0.00,0.00,Left,N/A,
28.6614,asiya,Click,Click,1000,572,0.00,0.00,None,N/A,
28.6712,asiya,Click,Click,1000,572,0.00,0.00,None,N/A,
28.6808,asiya,Click,Click,1000,572,0.00,0.00,None,N/A,
28.6906,asiya,Click,Click,1000,572,0.00,0.00,None,N/A,
28.7011,asiya,Click,Click,1000,572,0.00,0.00,None,N/A,
28.7110,asiya,Click,Click,1000,572,0.00,0.00,None,N/A,
28.7206,asiya,Click,Click,1000,572,0.00,0.00,None,N/A,
28.7311,asiya,Click,Click,1000,572,0.00,0.00,None,N/A,
28.7405,asiya,Click,Click,1000,572,0.00,0.00,None,N/A,
28.7509,asiya,Click,Click,1000,572,0.00,0.00,None,N/A,
28.7613,asiya,Click,Click,1000,572,0.00,0.00,None,N/A,
28.7710,asiya,Click,Click,1000,572,0.00,0.00,None,N/A,
28.7815,asiya,Click,Click,1000,572,0.00,0.00,None,N/A,
28.7906,asiya,Click,Click,1000,572,0.00,0.00,None,N/A,
28.8011,asiya,Click,Click,1000,572,0.00,0.00,None,N/A,
28.8106,asiya,Click,Click,1000,572,0.00,0.00,None,N/A,
28.8211,asiya,Click,Click,1000,572,0.00,0.00,None,N/A,
28.8307,asiya,Click,Click,1000,572,0.00,0.00,None,N/A,
28.8410,asiya,Click,Click,1000,572,0.00,0.00,None,N/A,
28.8514,asiya,Click,Click,1000,572,0.00,0.00,None,N/A,
28.8609,asiya,Click,Click,1000,572,0.00,0.00,None,N/A,
28.8714,asiya,Click,Click,1000,572,0.00,0.00,None,N/A,
28.8809,asiya,Click,Click,1000,572,0.00,0.00,None,N/A,
28.8914,asiya,Click,Click,1000,572,0.00,0.00,None,N/A,
28.9009,asiya,Click,Click,1000,572,0.00,0.00,None,N/A,
28.9113,asiya,Click,Click,1000,572,0.00,0.00,None,N/A,
28.9207,asiya,Click,Click,1000,572,0.00,0.00,None,N/A,
28.9312,asiya,Click,Click,1000,572,0.00,0.00,None,N/A,
28.9408,asiya,Click,Click,1000,572,0.00,0.00,None,N/A,
28.9513,asiya,Click,Click,1000,572,0.00,0.00,None,N/A,
28.9607,asiya,Click,Click,1000,572,0.00,0.00,None,N/A,
28.9713,asiya,Click,Click,1000,572,0.00,0.00,None,N/A,
28.9808,asiya,Click,Click,1000,572,0.00,0.00,None,N/A,
28.9913,asiya,Click,Click,1000,572,0.00,0.00,None,N/A,
29.0014,asiya,Click,Click,1002,572,198.02,19606.36,None,N/A,
29.0114,asiya,Click,Click,1003,573,141.93,-5629.43,None,N/A,
29.0209,asiya,Click,Click,1005,573,210.59,7230.27,None,N/A,
29.0308,asiya,Click,Click,1005,574,101.08,-11069.74,None,N/A,
29.0412,asiya,Click,Click,1007,574,191.14,8606.98,None,N/A,
29.0507,asiya,Click,Click,1008,575,149.80,-4379.30,None,N/A,
29.0609,asiya,Click,Click,1011,577,353.21,19927.29,None,N/A,
29.0706,asiya,Click,Click,1013,579,292.84,-6250.52,None,N/A,
29.0808,asiya,Click,Click,1016,583,490.38,19373.60,None,N/A,
29.0913,asiya,Click,Click,1033,602,2413.37,182031.38,None,N/A,
29.1005,asiya,Click,Click,1042,612,1467.85,-103160.83,None,N/A,
29.1109,asiya,Click,Click,1055,626,1837.22,35519.88,None,N/A,
29.1206,asiya,Click,Click,1059,629,515.31,-136238.20,None,N/A,
29.1309,asiya,Click,Click,1064,634,685.71,16524.16,None,N/A,
29.1405,asiya,Click,Click,1067,636,376.94,-32279.89,None,N/A,
29.1512,asiya,Click,Click,1073,640,669.55,27168.85,None,N/A,
29.1611,asiya,Click,Click,1075,641,225.94,-44824.30,None,N/A,
29.1706,asiya,Click,Click,1078,643,382.46,16602.11,None,N/A,
29.1807,asiya,Click,Click,1079,644,139.60,-23973.35,None,N/A,
29.1906,asiya,Click,Click,1080,644,100.76,-3913.69,None,N/A,
29.2014,asiya,Click,Click,1082,645,206.89,9818.59,None,N/A,
29.2107,asiya,Click,Click,1082,645,0.00,-22261.77,None,N/A,
29.2210,asiya,Click,Click,1083,646,136.86,13245.15,None,N/A,
29.2311,asiya,Click,Click,1083,646,0.00,-13610.06,None,N/A,
29.2407,asiya,Click,Click,1084,645,147.06,15291.47,None,N/A,
29.2505,asiya,Click,Click,1084,644,102.18,-4585.24,None,N/A,
29.2606,asiya,Click,Click,1085,642,221.99,11893.69,None,N/A,
29.2713,asiya,Click,Click,1085,641,93.57,-12016.05,None,N/A,
29.2806,asiya,Click,Click,1084,637,443.79,37695.57,None,N/A,
29.2911,asiya,Click,Click,1084,637,0.00,-42244.67,None,N/A,
29.3010,asiya,Click,Click,1084,637,0.00,0.00,None,N/A,
29.3112,asiya,Click,Click,1084,637,0.00,0.00,None,N/A,
29.3212,asiya,Click,Click,1084,637,0.00,0.00,None,N/A,
29.3307,asiya,Click,Click,1084,637,0.00,0.00,None,N/A,
29.3416,asiya,Click,Click,1084,637,0.00,0.00,None,N/A,
29.3518,asiya,Click,Click,1084,637,0.00,0.00,None,N/A,
29.3614,asiya,Click,Click,1084,637,0.00,0.00,None,N/A,
29.3710,asiya,Click,Click,1084,637,0.00,0.00,None,N/A,
29.3805,asiya,Click,Click,1084,637,0.00,0.00,None,N/A,
29.3910,asiya,Click,Click,1084,637,0.00,0.00,None,N/A,
29.4014,asiya,Click,Click,1084,637,0.00,0.00,None,N/A,
29.4108,asiya,Click,Click,1084,637,0.00,0.00,None,N/A,
29.4213,asiya,Click,Click,1084,637,0.00,0.00,None,N/A,
29.4310,asiya,Click,Click,1084,637,0.00,0.00,None,N/A,
29.4405,asiya,Click,Click,1084,637,0.00,0.00,None,N/A,
29.4510,asiya,Click,Click,1084,637,0.00,0.00,None,N/A,
29.4604,asiya,Click,Click,1084,637,0.00,0.00,None,N/A,
29.4709,asiya,Click,Click,1084,637,0.00,0.00,None,N/A,
29.4814,asiya,Click,Click,1084,637,0.00,0.00,None,N/A,
29.4908,asiya,Click,Click,1084,637,0.00,0.00,None,N/A,
29.5013,asiya,Click,Click,1084,637,0.00,0.00,None,N/A,
29.5107,asiya,Click,Click,1084,637,0.00,0.00,None,N/A,
29.5213,asiya,Click,Click,1084,637,0.00,0.00,None,N/A,
29.5307,asiya,Click,Click,1084,637,0.00,0.00,None,N/A,
29.5412,asiya,Click,Click,1083,635,214.54,20583.73,None,N/A,
29.5514,asiya,Click,Click,1082,634,138.65,-7440.04,None,N/A,
29.5612,asiya,Click,Click,1081,633,144.56,604.13,None,N/A,
29.5709,asiya,Click,Click,1080,631,228.24,8540.95,None,N/A,
29.5810,asiya,Click,Click,1079,630,141.32,-8685.54,None,N/A,
29.5910,asiya,Click,Click,1078,628,223.22,8176.31,None,N/A,
29.6006,asiya,Click,Click,1077,627,147.06,-7920.27,None,N/A,
29.6110,asiya,Click,Click,1077,626,96.00,-4901.49,None,N/A,
29.6210,asiya,Click,Click,1076,626,100.22,422.96,None,N/A,
29.6305,asiya,Click,Click,1076,625,105.61,569.21,None,N/A,
29.6405,asiya,Click,Click,1075,625,99.31,-625.08,None,N/A,
29.6510,asiya,Click,Click,1075,624,95.55,-359.91,None,N/A,
29.6608,asiya,Click,Click,1075,624,0.00,-9731.46,None,N/A,
29.6708,asiya,Click,Click,1075,624,0.00,0.00,None,N/A,
29.6807,asiya,Click,Click,1075,623,101.49,10299.85,None,N/A,
29.6913,asiya,Click,Click,1075,623,0.00,-9590.24,None,N/A,
29.7011,asiya,Click,Click,1075,623,0.00,0.00,None,N/A,
29.7109,asiya,Click,Click,1075,623,0.00,0.00,None,N/A,
29.7209,asiya,Click,Click,1073,621,281.19,27955.44,None,N/A,
29.7307,asiya,Click,Click,1072,619,227.98,-5425.68,None,N/A,
29.7412,asiya,Click,Click,1070,616,343.91,11058.15,None,N/A,
29.7504,asiya,Click,Click,1069,615,153.24,-20660.51,None,N/A,
29.7608,asiya,Click,Click,1067,613,273.94,11690.14,None,N/A,
29.7710,asiya,Click,Click,1067,612,97.78,-17225.24,None,N/A,
29.7808,asiya,Click,Click,1066,611,144.25,4739.44,None,N/A,
29.7906,asiya,Click,Click,1064,609,289.89,14926.37,None,N/A,
29.8005,asiya,Click,Click,1063,608,141.81,-14848.25,None,N/A,
29.8112,asiya,Click,Click,1061,606,265.83,11656.59,None,N/A,
29.8212,asiya,Click,Click,1060,606,99.94,-16578.96,None,N/A,
29.8310,asiya,Click,Click,1059,604,228.44,13128.74,None,N/A,
29.8406,asiya,Click,Click,1058,604,103.61,-12933.98,None,N/A,
29.8511,asiya,Click,Click,1058,603,95.23,-798.14,None,N/A,
29.8613,asiya,Click,Click,1057,603,98.45,317.09,None,N/A,
29.8705,asiya,Click,Click,1057,602,107.86,1014.64,None,N/A,
29.8808,asiya,Click,Click,1057,602,0.00,-10551.40,None,N/A,
29.8907,asiya,Click,Click,1057,601,100.45,10090.27,None,N/A,
29.9006,asiya,Click,Click,1057,600,100.98,52.99,None,N/A,
29.9114,asiya,Click,Click,1057,600,0.00,-9359.77,None,N/A,
29.9210,asiya,Click,Click,1057,600,0.00,0.00,None,N/A,
29.9315,asiya,Click,Click,1057,600,0.00,0.00,None,N/A,
29.9409,asiya,Click,Click,1057,600,0.00,0.00,None,N/A,
29.9512,asiya,Click,Click,1057,600,0.00,0.00,None,N/A,
29.9607,asiya,Click,Click,1057,600,0.00,0.00,None,N/A,
29.9713,asiya,Click,Click,1057,600,0.00,0.00,None,N/A,
29.9808,asiya,Click,Click,1057,600,0.00,0.00,None,N/A,
29.9913,asiya,Click,Click,1057,600,0.00,0.00,None,N/A,
30.0009,asiya,Click,Click,1057,600,0.00,0.00,None,N/A,
30.0113,asiya,Click,Click,1057,600,0.00,0.00,None,N/A,
30.0209,asiya,Click,Click,1057,600,0.00,0.00,None,N/A,
30.0314,asiya,Click,Click,1057,600,0.00,0.00,None,N/A,
30.0409,asiya,Click,Click,1057,600,0.00,0.00,None,N/A,
30.0514,asiya,Click,Click,1057,600,0.00,0.00,None,N/A,
30.0608,asiya,Click,Click,1057,600,0.00,0.00,None,N/A,
30.0713,asiya,Click,Click,1057,600,0.00,0.00,None,N/A,
30.0804,asiya,Click,Click,1057,600,0.00,0.00,Left,N/A,
30.0906,asiya,Click,Click,1057,600,0.00,0.00,Left,N/A,
30.1011,asiya,Click,Click,1057,600,0.00,0.00,Left,N/A,
30.1105,asiya,Click,Click,1057,600,0.00,0.00,Left,N/A,
30.1209,asiya,Click,Click,1057,600,0.00,0.00,Left,N/A,
30.1314,asiya,Click,Click,1057,600,0.00,0.00,Left,N/A,
30.1412,asiya,Click,Click,1057,600,0.00,0.00,Left,N/A,
30.1509,asiya,Click,Click,1057,600,0.00,0.00,Left,N/A,
30.1614,asiya,Click,Click,1057,600,0.00,0.00,Left,N/A,
30.1713,asiya,Click,Click,1057,600,0.00,0.00,Left,N/A,
30.1807,asiya,Click,Click,1057,600,0.00,0.00,Left,N/A,
30.1913,asiya,Click,Click,1057,600,0.00,0.00,Left,N/A,
30.2009,asiya,Click,Click,1057,600,0.00,0.00,Left,N/A,
30.2114,asiya,Click,Click,1057,600,0.00,0.00,Left,N/A,
30.2211,asiya,Click,Click,1057,600,0.00,0.00,Left,N/A,
30.2307,asiya,Click,Click,1057,600,0.00,0.00,Left,N/A,
30.2408,asiya,Click,Click,1057,600,0.00,0.00,Left,N/A,
30.2514,asiya,Click,Click,1057,600,0.00,0.00,Left,N/A,
30.2579,asiya,Click,Click,1057,600,0.00,0.00,None,N/A,click_target
30.2609,asiya,Click,Click,1057,600,0.00,0.00,None,N/A,
30.2718,asiya,Click,Click,1057,600,0.00,0.00,None,N/A,
30.2814,asiya,Click,Click,1057,600,0.00,0.00,None,N/A,
30.2908,asiya,Click,Click,1057,600,0.00,0.00,None,N/A,
30.3017,asiya,Click,Click,1057,600,0.00,0.00,None,N/A,
30.3112,asiya,Click,Click,1057,600,0.00,0.00,None,N/A,
30.3208,asiya,Click,Click,1057,600,0.00,0.00,None,N/A,
30.3318,asiya,Click,Click,1057,600,0.00,0.00,None,N/A,
30.3414,asiya,Click,Click,1057,600,0.00,0.00,None,N/A,
30.3510,asiya,Click,Click,1057,600,0.00,0.00,None,N/A,
30.3605,asiya,Click,Click,1057,600,0.00,0.00,None,N/A,
30.3710,asiya,Click,Click,1057,600,0.00,0.00,None,N/A,
30.3805,asiya,Click,Click,1057,600,0.00,0.00,None,N/A,
30.3914,asiya,Click,Click,1057,600,0.00,0.00,None,N/A,
30.4012,asiya,Click,Click,1057,600,0.00,0.00,None,N/A,
30.4110,asiya,Click,Click,1057,600,0.00,0.00,None,N/A,
30.4211,asiya,Click,Click,1057,600,0.00,0.00,None,N/A,
30.4305,asiya,Click,Click,1057,600,0.00,0.00,None,N/A,
30.4410,asiya,Click,Click,1057,600,0.00,0.00,None,N/A,
30.4514,asiya,Click,Click,1057,600,0.00,0.00,None,N/A,
30.4610,asiya,Click,Click,1057,600,0.00,0.00,None,N/A,
30.4706,asiya,Click,Click,1057,600,0.00,0.00,None,N/A,
30.4811,asiya,Click,Click,1057,600,0.00,0.00,None,N/A,
30.4906,asiya,Click,Click,1057,600,0.00,0.00,None,N/A,
30.5010,asiya,Click,Click,1057,600,0.00,0.00,None,N/A,
30.5114,asiya,Click,Click,1057,600,0.00,0.00,None,N/A,
30.5211,asiya,Click,Click,1057,600,0.00,0.00,None,N/A,
30.5307,asiya,Click,Click,1057,600,0.00,0.00,None,N/A,
30.5407,asiya,Click,Click,1057,600,0.00,0.00,None,N/A,
30.5512,asiya,Click,Click,1057,600,0.00,0.00,None,N/A,
30.5607,asiya,Click,Click,1057,600,0.00,0.00,None,N/A,
30.5712,asiya,Click,Click,1057,600,0.00,0.00,None,N/A,
30.5806,asiya,Click,Click,1057,600,0.00,0.00,None,N/A,
30.5911,asiya,Click,Click,1057,600,0.00,0.00,None,N/A,
30.6006,asiya,Click,Click,1057,600,0.00,0.00,None,N/A,
30.6110,asiya,Click,Click,1057,600,0.00,0.00,None,N/A,
30.6206,asiya,Click,Click,1057,600,0.00,0.00,None,N/A,
30.6312,asiya,Click,Click,1057,600,0.00,0.00,None,N/A,
30.6406,asiya,Click,Click,1057,600,0.00,0.00,None,N/A,
30.6511,asiya,Click,Click,1057,600,0.00,0.00,None,N/A,
30.6606,asiya,Click,Click,1057,600,0.00,0.00,None,N/A,
30.6711,asiya,Click,Click,1057,600,0.00,0.00,None,N/A,
30.6807,asiya,Click,Click,1057,600,0.00,0.00,None,N/A,
30.6911,asiya,Click,Click,1057,600,0.00,0.00,None,N/A,
30.7013,asiya,Click,Click,1046,581,2141.24,208836.03,None,N/A,
30.7113,asiya,Click,Click,1040,572,1084.48,-105950.54,None,N/A,
30.7212,asiya,Click,Click,1035,563,1039.00,-4589.97,None,N/A,
30.7310,asiya,Click,Click,1027,550,1562.84,53633.07,None,N/A,
30.7407,asiya,Click,Click,1023,544,742.84,-84470.91,None,N/A,
30.7505,asiya,Click,Click,1016,532,1418.36,68967.79,None,N/A,
30.7612,asiya,Click,Click,1012,525,749.82,-62176.82,None,N/A,
30.7710,asiya,Click,Click,1004,514,1387.24,65010.72,None,N/A,
30.7809,asiya,Click,Click,999,508,788.47,-60447.39,None,N/A,
30.7905,asiya,Click,Click,991,497,1418.13,65650.87,None,N/A,
30.8006,asiya,Click,Click,988,492,578.24,-83290.21,None,N/A,
30.8111,asiya,Click,Click,982,484,955.36,36027.86,None,N/A,
30.8212,asiya,Click,Click,979,480,492.35,-45592.32,None,N/A,
30.8311,asiya,Click,Click,977,477,366.91,-12765.03,None,N/A,
30.8406,asiya,Click,Click,971,472,822.48,47975.47,None,N/A,
30.8507,asiya,Click,Click,969,469,353.58,-45982.76,None,N/A,
30.8611,asiya,Click,Click,963,460,1050.07,67615.22,None,N/A,
30.8705,asiya,Click,Click,963,460,0.00,-110847.88,None,N/A,
30.8810,asiya,Click,Click,963,460,0.00,0.00,None,N/A,
30.8905,asiya,Click,Click,963,460,0.00,0.00,None,N/A,
30.9009,asiya,Click,Click,963,460,0.00,0.00,None,N/A,
30.9114,asiya,Click,Click,963,460,0.00,0.00,None,N/A,
30.9210,asiya,Click,Click,963,460,0.00,0.00,None,N/A,
30.9306,asiya,Click,Click,963,460,0.00,0.00,None,N/A,
30.9411,asiya,Click,Click,963,460,0.00,0.00,None,N/A,
30.9506,asiya,Click,Click,963,460,0.00,0.00,None,N/A,
30.9615,asiya,Click,Click,963,460,0.00,0.00,None,N/A,
30.9712,asiya,Click,Click,963,460,0.00,0.00,None,N/A,
30.9807,asiya,Click,Click,963,460,0.00,0.00,None,N/A,
30.9912,asiya,Click,Click,963,460,0.00,0.00,None,N/A,
31.0006,asiya,Click,Click,963,460,0.00,0.00,None,N/A,
31.0110,asiya,Click,Click,963,460,0.00,0.00,None,N/A,
31.0212,asiya,Click,Click,963,460,0.00,0.00,None,N/A,
31.0306,asiya,Click,Click,963,460,0.00,0.00,None,N/A,
31.0411,asiya,Click,Click,963,460,0.00,0.00,None,N/A,
31.0506,asiya,Click,Click,963,460,0.00,0.00,None,N/A,
31.0611,asiya,Click,Click,963,460,0.00,0.00,None,N/A,
31.0706,asiya,Click,Click,963,460,0.00,0.00,None,N/A,
31.0811,asiya,Click,Click,963,460,0.00,0.00,None,N/A,
31.0906,asiya,Click,Click,963,460,0.00,0.00,None,N/A,
31.1011,asiya,Click,Click,963,460,0.00,0.00,None,N/A,
31.1106,asiya,Click,Click,963,460,0.00,0.00,None,N/A,
31.1212,asiya,Click,Click,963,460,0.00,0.00,None,N/A,
31.1306,asiya,Click,Click,963,460,0.00,0.00,None,N/A,
31.1404,asiya,Click,Click,977,439,2578.60,263450.92,None,N/A,
31.1506,asiya,Click,Click,995,409,3432.69,83800.46,None,N/A,
31.1610,asiya,Click,Click,1013,380,3286.06,-14117.16,None,N/A,
31.1711,asiya,Click,Click,1017,373,800.52,-246794.69,None,N/A,
31.1811,asiya,Click,Click,1020,367,668.30,-13172.03,None,N/A,
31.1912,asiya,Click,Click,1025,355,1287.63,61343.24,None,N/A,
31.2008,asiya,Click,Click,1028,350,609.97,-70889.27,None,N/A,
31.2113,asiya,Click,Click,1031,343,725.89,11048.91,None,N/A,
31.2211,asiya,Click,Click,1032,340,321.18,-41105.04,None,N/A,
31.2310,asiya,Click,Click,1035,334,680.72,36484.51,None,N/A,
31.2407,asiya,Click,Click,1037,331,369.80,-31889.27,None,N/A,
31.2504,asiya,Click,Click,1040,325,691.94,33227.35,None,N/A,
31.2612,asiya,Click,Click,1041,323,206.63,-44846.78,None,N/A,
31.2709,asiya,Click,Click,1044,319,518.55,32347.89,None,N/A,
31.2811,asiya,Click,Click,1045,318,137.99,-37132.72,None,N/A,
31.2909,asiya,Click,Click,1045,317,101.90,-3677.58,None,N/A,
31.3007,asiya,Click,Click,1047,316,228.82,12986.91,None,N/A,
31.3110,asiya,Click,Click,1047,315,97.10,-12789.85,None,N/A,
31.3207,asiya,Click,Click,1048,314,145.92,5036.88,None,N/A,
31.3309,asiya,Click,Click,1048,314,0.00,-14351.79,None,N/A,
31.3414,asiya,Click,Click,1049,313,134.40,12773.44,None,N/A,
31.3505,asiya,Click,Click,1049,313,0.00,-14761.97,None,N/A,
31.3614,asiya,Click,Click,1050,313,91.70,8409.41,None,N/A,
31.3709,asiya,Click,Click,1050,313,0.00,-9648.54,None,N/A,
31.3805,asiya,Click,Click,1050,313,0.00,0.00,None,N/A,
31.3910,asiya,Click,Click,1050,313,0.00,0.00,None,N/A,
31.4009,asiya,Click,Click,1050,313,0.00,0.00,None,N/A,
31.4106,asiya,Click,Click,1050,313,0.00,0.00,None,N/A,
31.4212,asiya,Click,Click,1050,313,0.00,0.00,None,N/A,
31.4310,asiya,Click,Click,1050,313,0.00,0.00,None,N/A,
31.4405,asiya,Click,Click,1050,313,0.00,0.00,None,N/A,
31.4513,asiya,Click,Click,1050,313,0.00,0.00,None,N/A,
31.4614,asiya,Click,Click,1050,314,98.51,9704.88,None,N/A,
31.4712,asiya,Click,Click,1050,315,102.26,382.89,None,N/A,
31.4813,asiya,Click,Click,1050,315,0.00,-10116.52,None,N/A,
31.4906,asiya,Click,Click,1050,318,323.54,34893.36,None,N/A,
31.5007,asiya,Click,Click,1050,321,297.47,-2585.46,None,N/A,
31.5114,asiya,Click,Click,1050,326,465.95,15700.92,None,N/A,
31.5212,asiya,Click,Click,1050,329,307.15,-16258.69,None,N/A,
31.5312,asiya,Click,Click,1051,332,314.53,733.86,None,N/A,
31.5406,asiya,Click,Click,1052,337,545.96,24779.81,None,N/A,
31.5509,asiya,Click,Click,1053,339,215.84,-31865.05,None,N/A,
31.5611,asiya,Click,Click,1054,342,311.77,9457.87,None,N/A,
31.5712,asiya,Click,Click,1054,344,197.59,-11280.11,None,N/A,
31.5812,asiya,Click,Click,1055,346,224.49,2700.35,None,N/A,
31.5908,asiya,Click,Click,1055,347,103.77,-12527.05,None,N/A,
31.6004,asiya,Click,Click,1055,349,207.87,10819.36,None,N/A,
31.6113,asiya,Click,Click,1055,349,0.00,-19134.62,None,N/A,
31.6209,asiya,Click,Click,1055,352,313.13,32683.96,None,N/A,
31.6305,asiya,Click,Click,1055,353,103.88,-21737.53,None,N/A,
31.6409,asiya,Click,Click,1055,355,192.50,8529.43,None,N/A,
31.6506,asiya,Click,Click,1055,357,205.23,1306.30,None,N/A,
31.6618,asiya,Click,Click,1055,359,179.39,-2317.84,None,N/A,
31.6713,asiya,Click,Click,1055,361,209.42,3144.12,None,N/A,
31.6811,asiya,Click,Click,1055,362,102.09,-10956.97,None,N/A,
31.6908,asiya,Click,Click,1054,364,230.69,13267.06,None,N/A,
31.7008,asiya,Click,Click,1054,364,0.00,-23016.99,None,N/A,
31.7113,asiya,Click,Click,1054,366,191.49,18333.40,None,N/A,
31.7210,asiya,Click,Click,1054,366,0.00,-19638.35,None,N/A,
31.7306,asiya,Click,Click,1054,367,104.08,10832.03,None,N/A,
31.7406,asiya,Click,Click,1054,368,100.00,-407.92,None,N/A,
31.7507,asiya,Click,Click,1054,368,0.00,-9965.33,None,N/A,
31.7612,asiya,Click,Click,1054,368,0.00,0.00,None,N/A,
31.7712,asiya,Click,Click,1054,369,99.51,9902.51,None,N/A,
31.7808,asiya,Click,Click,1054,369,0.00,-10363.27,None,N/A,
31.7914,asiya,Click,Click,1054,369,0.00,0.00,None,N/A,
31.8014,asiya,Click,Click,1054,369,0.00,0.00,None,N/A,
31.8109,asiya,Click,Click,1054,369,0.00,0.00,None,N/A,
31.8214,asiya,Click,Click,1054,369,0.00,0.00,None,N/A,
31.8309,asiya,Click,Click,1054,369,0.00,0.00,None,N/A,
31.8413,asiya,Click,Click,1054,369,0.00,0.00,None,N/A,
31.8507,asiya,Click,Click,1054,369,0.00,0.00,None,N/A,
31.8612,asiya,Click,Click,1054,369,0.00,0.00,None,N/A,
31.8708,asiya,Click,Click,1054,369,0.00,0.00,None,N/A,
31.8813,asiya,Click,Click,1054,369,0.00,0.00,None,N/A,
31.8908,asiya,Click,Click,1054,369,0.00,0.00,None,N/A,
31.9012,asiya,Click,Click,1054,369,0.00,0.00,None,N/A,
31.9107,asiya,Click,Click,1054,369,0.00,0.00,None,N/A,
31.9213,asiya,Click,Click,1054,369,0.00,0.00,None,N/A,
31.9308,asiya,Click,Click,1054,369,0.00,0.00,None,N/A,
31.9412,asiya,Click,Click,1054,369,0.00,0.00,None,N/A,
31.9506,asiya,Click,Click,1054,369,0.00,0.00,None,N/A,
31.9611,asiya,Click,Click,1054,369,0.00,0.00,None,N/A,
31.9706,asiya,Click,Click,1054,369,0.00,0.00,None,N/A,
31.9811,asiya,Click,Click,1054,369,0.00,0.00,None,N/A,
31.9906,asiya,Click,Click,1054,369,0.00,0.00,None,N/A,
32.0011,asiya,Click,Click,1054,369,0.00,0.00,None,N/A,
32.0107,asiya,Click,Click,1054,369,0.00,0.00,None,N/A,
32.0214,asiya,Click,Click,1054,369,0.00,0.00,None,N/A,
32.0309,asiya,Click,Click,1054,369,0.00,0.00,None,N/A,
32.0415,asiya,Click,Click,1054,369,0.00,0.00,Left,N/A,
32.0510,asiya,Click,Click,1054,369,0.00,0.00,Left,N/A,
32.0614,asiya,Click,Click,1054,369,0.00,0.00,Left,N/A,
32.0710,asiya,Click,Click,1054,369,0.00,0.00,Left,N/A,
32.0814,asiya,Click,Click,1054,369,0.00,0.00,Left,N/A,
32.0909,asiya,Click,Click,1054,369,0.00,0.00,Left,N/A,
32.1014,asiya,Click,Click,1054,369,0.00,0.00,Left,N/A,
32.1108,asiya,Click,Click,1054,369,0.00,0.00,Left,N/A,
32.1205,asiya,Click,Click,1054,369,0.00,0.00,Left,N/A,
32.1310,asiya,Click,Click,1054,369,0.00,0.00,Left,N/A,
32.1414,asiya,Click,Click,1054,369,0.00,0.00,Left,N/A,
32.1507,asiya,Click,Click,1054,369,0.00,0.00,Left,N/A,
32.1612,asiya,Click,Click,1054,369,0.00,0.00,Left,N/A,
32.1709,asiya,Click,Click,1054,369,0.00,0.00,Left,N/A,
32.1816,asiya,Click,Click,1054,369,0.00,0.00,Left,N/A,
32.1913,asiya,Click,Click,1054,369,0.00,0.00,Left,N/A,
32.2012,asiya,Click,Click,1054,369,0.00,0.00,Left,N/A,
32.2108,asiya,Click,Click,1054,369,0.00,0.00,Left,N/A,
32.2201,asiya,Click,Click,1054,369,0.00,0.00,None,N/A,click_target
32.2222,asiya,Click,Click,1054,369,0.00,0.00,None,N/A,
32.2310,asiya,Click,Click,1054,369,0.00,0.00,None,N/A,
32.2412,asiya,Click,Click,1054,369,0.00,0.00,None,N/A,
32.2506,asiya,Click,Click,1054,369,0.00,0.00,None,N/A,
32.2611,asiya,Click,Click,1054,369,0.00,0.00,None,N/A,
32.2706,asiya,Click,Click,1054,369,0.00,0.00,None,N/A,
32.2811,asiya,Click,Click,1054,369,0.00,0.00,None,N/A,
32.2907,asiya,Click,Click,1054,369,0.00,0.00,None,N/A,
32.3012,asiya,Click,Click,1054,369,0.00,0.00,None,N/A,
32.3108,asiya,Click,Click,1054,369,0.00,0.00,None,N/A,
32.3219,asiya,Click,Click,1054,369,0.00,0.00,None,N/A,
32.3306,asiya,Click,Click,1054,369,0.00,0.00,None,N/A,
32.3411,asiya,Click,Click,1054,369,0.00,0.00,None,N/A,
32.3511,asiya,Click,Click,1054,369,0.00,0.00,None,N/A,
32.3607,asiya,Click,Click,1054,369,0.00,0.00,None,N/A,
32.3722,asiya,Click,Click,1054,369,0.00,0.00,None,N/A,
32.3807,asiya,Click,Click,1054,369,0.00,0.00,None,N/A,
32.3913,asiya,Click,Click,1054,369,0.00,0.00,None,N/A,
32.4012,asiya,Click,Click,1054,369,0.00,0.00,None,N/A,
32.4108,asiya,Click,Click,1054,369,0.00,0.00,None,N/A,
32.4214,asiya,Click,Click,1054,369,0.00,0.00,None,N/A,
32.4309,asiya,Click,Click,1054,369,0.00,0.00,None,N/A,
32.4413,asiya,Click,Click,1054,369,0.00,0.00,None,N/A,
32.4506,asiya,Click,Click,1054,369,0.00,0.00,None,N/A,
32.4612,asiya,Click,Click,1054,369,0.00,0.00,None,N/A,
32.4707,asiya,Click,Click,1054,369,0.00,0.00,None,N/A,
32.4807,asiya,Click,Click,1054,369,0.00,0.00,None,N/A,
32.4913,asiya,Click,Click,1054,369,0.00,0.00,None,N/A,
32.5012,asiya,Click,Click,1054,369,0.00,0.00,None,N/A,
32.5106,asiya,Click,Click,1054,369,0.00,0.00,None,N/A,
32.5213,asiya,Click,Click,1091,378,3579.83,336544.13,None,N/A,
32.5311,asiya,Click,Click,1113,384,2325.20,-127930.99,None,N/A,
32.5404,asiya,Click,Click,1132,388,2077.68,-26486.71,None,N/A,
32.5505,asiya,Click,Click,1138,389,603.09,-146200.76,None,N/A,
32.5612,asiya,Click,Click,1149,393,1093.05,45755.02,None,N/A,
32.5712,asiya,Click,Click,1153,395,446.72,-64561.45,None,N/A,
32.5809,asiya,Click,Click,1156,396,325.51,-12477.21,None,N/A,
32.5906,asiya,Click,Click,1161,399,604.42,28911.55,None,N/A,
32.6008,asiya,Click,Click,1163,400,218.21,-37689.35,None,N/A,
32.6112,asiya,Click,Click,1166,403,407.21,18139.61,None,N/A,
32.6212,asiya,Click,Click,1168,404,224.28,-18347.81,None,N/A,
32.6311,asiya,Click,Click,1171,407,430.96,20995.22,None,N/A,
32.6407,asiya,Click,Click,1172,408,146.69,-29486.29,None,N/A,
32.6504,asiya,Click,Click,1173,410,230.30,8611.47,None,N/A,
32.6614,asiya,Click,Click,1174,411,128.90,-9242.22,None,N/A,
32.6709,asiya,Click,Click,1174,414,314.55,19465.16,None,N/A,
32.6805,asiya,Click,Click,1173,416,232.11,-8557.23,None,N/A,
32.6907,asiya,Click,Click,1171,420,439.79,20423.03,None,N/A,
32.7005,asiya,Click,Click,1152,448,3462.12,309230.06,None,N/A,
32.7113,asiya,Click,Click,1138,467,2181.05,-118389.05,None,N/A,
32.7210,asiya,Click,Click,1115,492,3490.18,134501.04,None,N/A,
32.7310,asiya,Click,Click,1107,501,1209.18,-229050.28,None,N/A,
32.7409,asiya,Click,Click,1094,514,1849.37,64398.64,None,N/A,
32.7509,asiya,Click,Click,1089,519,712.78,-114571.13,None,N/A,
32.7607,asiya,Click,Click,1080,525,1101.90,39638.92,None,N/A,
32.7709,asiya,Click,Click,1074,528,659.18,-43503.45,None,N/A,
32.7807,asiya,Click,Click,1063,534,1273.43,62427.25,None,N/A,
32.7906,asiya,Click,Click,1058,536,544.11,-73689.53,None,N/A,
32.8011,asiya,Click,Click,1050,538,782.58,22631.99,None,N/A,
32.8113,asiya,Click,Click,1047,539,309.38,-46295.92,None,N/A,
32.8213,asiya,Click,Click,1042,539,502.07,19348.67,None,N/A,
32.8313,asiya,Click,Click,1036,539,597.76,9533.49,None,N/A,
32.8409,asiya,Click,Click,1036,539,0.00,-62854.42,None,N/A,
32.8513,asiya,Click,Click,1036,539,0.00,0.00,None,N/A,
32.8610,asiya,Click,Click,1036,539,0.00,0.00,None,N/A,
32.8709,asiya,Click,Click,1036,539,0.00,0.00,None,N/A,
32.8806,asiya,Click,Click,1036,539,0.00,0.00,None,N/A,
32.8911,asiya,Click,Click,1036,539,0.00,0.00,None,N/A,
32.9005,asiya,Click,Click,1036,539,0.00,0.00,None,N/A,
32.9110,asiya,Click,Click,1036,539,0.00,0.00,None,N/A,
32.9205,asiya,Click,Click,1036,539,0.00,0.00,None,N/A,
32.9310,asiya,Click,Click,1036,539,0.00,0.00,None,N/A,
32.9404,asiya,Click,Click,1036,539,0.00,0.00,None,N/A,
32.9508,asiya,Click,Click,1036,539,0.00,0.00,None,N/A,
32.9613,asiya,Click,Click,1036,539,0.00,0.00,None,N/A,
32.9709,asiya,Click,Click,1036,539,0.00,0.00,None,N/A,
32.9815,asiya,Click,Click,1036,539,0.00,0.00,None,N/A,
32.9910,asiya,Click,Click,1036,539,0.00,0.00,None,N/A,
33.0005,asiya,Click,Click,1036,539,0.00,0.00,None,N/A,
33.0110,asiya,Click,Click,1036,539,0.00,0.00,None,N/A,
33.0206,asiya,Click,Click,1036,539,0.00,0.00,None,N/A,
33.0311,asiya,Click,Click,1023,553,1821.80,173722.89,None,N/A,
33.0408,asiya,Click,Click,998,577,3571.48,180315.30,None,N/A,
33.0506,asiya,Click,Click,954,620,6309.75,280837.92,None,N/A,
33.0614,asiya,Click,Click,944,632,1446.87,-450430.47,None,N/A,
33.0713,asiya,Click,Click,924,653,2912.85,147247.77,None,N/A,
33.0810,asiya,Click,Click,914,663,1461.25,-149988.06,None,N/A,
33.0906,asiya,Click,Click,898,678,2281.57,85338.43,None,N/A,
33.1006,asiya,Click,Click,892,684,845.22,-143075.12,None,N/A,
33.1113,asiya,Click,Click,882,692,1199.04,33127.28,None,N/A,
33.1212,asiya,Click,Click,878,696,573.65,-63419.26,None,N/A,
33.1308,asiya,Click,Click,871,701,897.35,33767.56,None,N/A,
33.1408,asiya,Click,Click,868,703,359.76,-53640.63,None,N/A,
33.1510,asiya,Click,Click,866,704,219.74,-13759.63,None,N/A,
33.1616,asiya,Click,Click,862,707,468.87,23361.55,None,N/A,
33.1705,asiya,Click,Click,860,709,320.46,-16814.28,None,N/A,
33.1809,asiya,Click,Click,855,711,514.55,18544.21,None,N/A,
33.1914,asiya,Click,Click,853,712,213.35,-28738.09,None,N/A,
33.2007,asiya,Click,Click,850,712,321.99,11660.78,None,N/A,
33.2113,asiya,Click,Click,850,712,0.00,-30583.66,None,N/A,
33.2207,asiya,Click,Click,850,712,0.00,0.00,None,N/A,
33.2312,asiya,Click,Click,850,712,0.00,0.00,None,N/A,
33.2407,asiya,Click,Click,850,712,0.00,0.00,None,N/A,
33.2506,asiya,Click,Click,850,712,0.00,0.00,None,N/A,
33.2612,asiya,Click,Click,850,712,0.00,0.00,None,N/A,
33.2712,asiya,Click,Click,850,712,0.00,0.00,None,N/A,
33.2812,asiya,Click,Click,850,712,0.00,0.00,None,N/A,
33.2909,asiya,Click,Click,850,712,0.00,0.00,None,N/A,
33.3014,asiya,Click,Click,850,712,0.00,0.00,None,N/A,
33.3110,asiya,Click,Click,850,712,0.00,0.00,None,N/A,
33.3209,asiya,Click,Click,850,712,0.00,0.00,None,N/A,
33.3309,asiya,Click,Click,850,712,0.00,0.00,None,N/A,
33.3410,asiya,Click,Click,850,712,0.00,0.00,None,N/A,
33.3506,asiya,Click,Click,850,712,0.00,0.00,None,N/A,
33.3611,asiya,Click,Click,850,712,0.00,0.00,None,N/A,
33.3706,asiya,Click,Click,850,712,0.00,0.00,None,N/A,
33.3809,asiya,Click,Click,850,712,0.00,0.00,None,N/A,
33.3913,asiya,Click,Click,850,712,0.00,0.00,None,N/A,
33.4007,asiya,Click,Click,850,712,0.00,0.00,None,N/A,
33.4113,asiya,Click,Click,850,712,0.00,0.00,None,N/A,
33.4209,asiya,Click,Click,850,712,0.00,0.00,None,N/A,
33.4306,asiya,Click,Click,848,718,657.54,68361.79,None,N/A,
33.4407,asiya,Click,Click,836,754,3733.50,302631.78,None,N/A,
33.4506,asiya,Click,Click,826,780,2816.50,-92714.00,None,N/A,
33.4614,asiya,Click,Click,818,805,2426.35,-36064.61,None,N/A,
33.4708,asiya,Click,Click,817,811,648.28,-189499.78,None,N/A,
33.4807,asiya,Click,Click,815,819,832.32,18576.27,None,N/A,
33.4907,asiya,Click,Click,814,822,315.28,-51549.24,None,N/A,
33.5009,asiya,Click,Click,813,824,220.51,-9345.82,None,N/A,
33.5113,asiya,Click,Click,813,827,288.39,6524.94,None,N/A,
33.5213,asiya,Click,Click,812,828,141.67,-14697.54,None,N/A,
33.5313,asiya,Click,Click,812,830,198.94,5695.88,None,N/A,
33.5406,asiya,Click,Click,812,830,0.00,-21495.32,None,N/A,
33.5514,asiya,Click,Click,812,831,92.36,8529.83,None,N/A,
33.5608,asiya,Click,Click,811,832,150.92,6250.33,None,N/A,
33.5709,asiya,Click,Click,811,834,196.92,4528.74,None,N/A,
33.5811,asiya,Click,Click,810,835,139.36,-5671.86,None,N/A,
33.5904,asiya,Click,Click,809,838,338.25,21273.98,None,N/A,
33.6006,asiya,Click,Click,809,839,98.57,-23626.00,None,N/A,
33.6112,asiya,Click,Click,807,843,420.71,30305.07,None,N/A,
33.6211,asiya,Click,Click,807,845,201.42,-22084.99,None,N/A,
33.6311,asiya,Click,Click,806,847,224.47,2314.66,None,N/A,
33.6410,asiya,Click,Click,805,849,225.75,128.74,None,N/A,
33.6510,asiya,Click,Click,805,851,200.76,-2508.30,None,N/A,
33.6613,asiya,Click,Click,804,853,215.61,1432.12,None,N/A,
33.6704,asiya,Click,Click,804,854,109.77,-11618.42,None,N/A,
33.6810,asiya,Click,Click,803,855,133.73,2265.49,None,N/A,
33.6905,asiya,Click,Click,803,855,0.00,-14049.10,None,N/A,
33.7013,asiya,Click,Click,803,856,93.11,8669.38,None,N/A,
33.7112,asiya,Click,Click,803,856,0.00,-9405.14,None,N/A,
33.7207,asiya,Click,Click,803,856,0.00,0.00,None,N/A,
33.7311,asiya,Click,Click,803,856,0.00,0.00,None,N/A,
33.7408,asiya,Click,Click,803,856,0.00,0.00,None,N/A,
33.7507,asiya,Click,Click,803,856,0.00,0.00,None,N/A,
33.7612,asiya,Click,Click,803,856,0.00,0.00,None,N/A,
33.7709,asiya,Click,Click,803,856,0.00,0.00,None,N/A,
33.7813,asiya,Click,Click,803,856,0.00,0.00,None,N/A,
33.7909,asiya,Click,Click,803,856,0.00,0.00,None,N/A,
33.8013,asiya,Click,Click,803,856,0.00,0.00,None,N/A,
33.8112,asiya,Click,Click,803,856,0.00,0.00,None,N/A,
33.8207,asiya,Click,Click,803,856,0.00,0.00,None,N/A,
33.8312,asiya,Click,Click,803,856,0.00,0.00,None,N/A,
33.8406,asiya,Click,Click,803,856,0.00,0.00,None,N/A,
33.8509,asiya,Click,Click,803,856,0.00,0.00,None,N/A,
33.8605,asiya,Click,Click,803,856,0.00,0.00,None,N/A,
33.8711,asiya,Click,Click,803,856,0.00,0.00,None,N/A,
33.8806,asiya,Click,Click,803,856,0.00,0.00,None,N/A,
33.8911,asiya,Click,Click,803,856,0.00,0.00,None,N/A,
33.9005,asiya,Click,Click,803,855,105.82,11198.56,None,N/A,
33.9107,asiya,Click,Click,803,855,0.00,-10372.14,None,N/A,
33.9213,asiya,Click,Click,804,854,133.93,12683.62,None,N/A,
33.9308,asiya,Click,Click,804,854,0.00,-14177.59,None,N/A,
33.9416,asiya,Click,Click,804,854,0.00,0.00,None,N/A,
33.9512,asiya,Click,Click,804,854,0.00,0.00,None,N/A,
33.9607,asiya,Click,Click,804,854,0.00,0.00,None,N/A,
33.9713,asiya,Click,Click,804,854,0.00,0.00,None,N/A,
33.9809,asiya,Click,Click,804,854,0.00,0.00,None,N/A,
33.9914,asiya,Click,Click,804,854,0.00,0.00,None,N/A,
34.0008,asiya,Click,Click,804,854,0.00,0.00,None,N/A,
34.0113,asiya,Click,Click,804,854,0.00,0.00,None,N/A,
34.0209,asiya,Click,Click,804,854,0.00,0.00,None,N/A,
34.0313,asiya,Click,Click,804,854,0.00,0.00,None,N/A,
34.0407,asiya,Click,Click,804,854,0.00,0.00,None,N/A,
34.0510,asiya,Click,Click,804,854,0.00,0.00,None,N/A,
34.0606,asiya,Click,Click,804,854,0.00,0.00,None,N/A,
34.0706,asiya,Click,Click,804,854,0.00,0.00,None,N/A,
34.0811,asiya,Click,Click,804,854,0.00,0.00,None,N/A,
34.0905,asiya,Click,Click,804,854,0.00,0.00,None,N/A,
34.1009,asiya,Click,Click,804,854,0.00,0.00,None,N/A,
34.1114,asiya,Click,Click,804,854,0.00,0.00,None,N/A,
34.1216,asiya,Click,Click,804,854,0.00,0.00,None,N/A,
34.1313,asiya,Click,Click,804,854,0.00,0.00,None,N/A,
34.1407,asiya,Click,Click,804,854,0.00,0.00,None,N/A,
34.1512,asiya,Click,Click,804,854,0.00,0.00,None,N/A,
34.1607,asiya,Click,Click,804,854,0.00,0.00,None,N/A,
34.1704,asiya,Click,Click,804,854,0.00,0.00,None,N/A,
34.1808,asiya,Click,Click,804,854,0.00,0.00,None,N/A,
34.1909,asiya,Click,Click,804,854,0.00,0.00,Left,N/A,
34.2013,asiya,Click,Click,804,854,0.00,0.00,Left,N/A,
34.2108,asiya,Click,Click,804,854,0.00,0.00,Left,N/A,
34.2215,asiya,Click,Click,804,854,0.00,0.00,Left,N/A,
34.2314,asiya,Click,Click,804,854,0.00,0.00,Left,N/A,
34.2411,asiya,Click,Click,804,854,0.00,0.00,Left,N/A,
34.2508,asiya,Click,Click,804,854,0.00,0.00,Left,N/A,
34.2606,asiya,Click,Click,804,854,0.00,0.00,Left,N/A,
34.2715,asiya,Click,Click,804,854,0.00,0.00,Left,N/A,
34.2812,asiya,Click,Click,804,854,0.00,0.00,Left,N/A,
34.2912,asiya,Click,Click,804,854,0.00,0.00,Left,N/A,
34.3008,asiya,Click,Click,804,854,0.00,0.00,Left,N/A,
34.3113,asiya,Click,Click,804,854,0.00,0.00,Left,N/A,
34.3209,asiya,Click,Click,804,854,0.00,0.00,Left,N/A,
34.3314,asiya,Click,Click,804,854,0.00,0.00,Left,N/A,
34.3410,asiya,Click,Click,804,854,0.00,0.00,Left,N/A,
34.3505,asiya,Click,Click,804,854,0.00,0.00,Left,N/A,
34.3611,asiya,Click,Click,804,854,0.00,0.00,Left,N/A,
34.3689,asiya,Click,Click,804,854,0.00,0.00,None,N/A,click_target
34.3719,asiya,Click,Click,804,854,0.00,0.00,None,N/A,
34.3805,asiya,Click,Click,804,854,0.00,0.00,None,N/A,
34.3910,asiya,Click,Click,804,854,0.00,0.00,None,N/A,
34.4008,asiya,Click,Click,804,854,0.00,0.00,None,N/A,
34.4114,asiya,Click,Click,804,854,0.00,0.00,None,N/A,
34.4210,asiya,Click,Click,804,854,0.00,0.00,None,N/A,
34.4307,asiya,Click,Click,804,854,0.00,0.00,None,N/A,
34.4411,asiya,Click,Click,804,854,0.00,0.00,None,N/A,
34.4506,asiya,Click,Click,804,854,0.00,0.00,None,N/A,
34.4612,asiya,Click,Click,804,854,0.00,0.00,None,N/A,
34.4707,asiya,Click,Click,804,854,0.00,0.00,None,N/A,
34.4813,asiya,Click,Click,804,854,0.00,0.00,None,N/A,
34.4908,asiya,Click,Click,804,854,0.00,0.00,None,N/A,
34.5012,asiya,Click,Click,804,854,0.00,0.00,None,N/A,
34.5107,asiya,Click,Click,804,854,0.00,0.00,None,N/A,
34.5208,asiya,Click,Click,804,854,0.00,0.00,None,N/A,
34.5314,asiya,Click,Click,804,854,0.00,0.00,None,N/A,
34.5408,asiya,Click,Click,804,854,0.00,0.00,None,N/A,
34.5513,asiya,Click,Click,804,854,0.00,0.00,None,N/A,
34.5610,asiya,Click,Click,804,854,0.00,0.00,None,N/A,
34.5706,asiya,Click,Click,804,854,0.00,0.00,None,N/A,
34.5811,asiya,Click,Click,804,854,0.00,0.00,None,N/A,
34.5909,asiya,Click,Click,804,854,0.00,0.00,None,N/A,
34.6005,asiya,Click,Click,804,854,0.00,0.00,None,N/A,
34.6112,asiya,Click,Click,804,854,0.00,0.00,None,N/A,
34.6213,asiya,Click,Click,804,854,0.00,0.00,None,N/A,
34.6306,asiya,Click,Click,804,854,0.00,0.00,None,N/A,
34.6411,asiya,Click,Click,804,854,0.00,0.00,None,N/A,
34.6506,asiya,Click,Click,804,854,0.00,0.00,None,N/A,
34.6611,asiya,Click,Click,804,854,0.00,0.00,None,N/A,
34.6706,asiya,Click,Click,804,854,0.00,0.00,None,N/A,
34.6810,asiya,Click,Click,804,854,0.00,0.00,None,N/A,
34.6905,asiya,Click,Click,804,854,0.00,0.00,None,N/A,
34.7010,asiya,Click,Click,804,854,0.00,0.00,None,N/A,
34.7106,asiya,Click,Click,804,854,0.00,0.00,None,N/A,
34.7211,asiya,Click,Click,804,854,0.00,0.00,None,N/A,
34.7306,asiya,Click,Click,804,854,0.00,0.00,None,N/A,
34.7410,asiya,Click,Click,804,854,0.00,0.00,None,N/A,
34.7514,asiya,Click,Click,804,854,0.00,0.00,None,N/A,
34.7614,asiya,Click,Click,804,854,0.00,0.00,None,N/A,
34.7710,asiya,Click,Click,804,854,0.00,0.00,None,N/A,
34.7808,asiya,Click,Click,805,849,522.11,53461.87,None,N/A,
34.7907,asiya,Click,Click,807,842,729.26,20750.58,None,N/A,
34.8005,asiya,Click,Click,814,824,1973.58,127153.82,None,N/A,
34.8113,asiya,Click,Click,824,805,1992.73,1777.76,None,N/A,
34.8211,asiya,Click,Click,828,797,910.96,-110176.66,None,N/A,
34.8307,asiya,Click,Click,832,789,932.58,2254.89,None,N/A,
34.8413,asiya,Click,Click,841,774,1644.60,66940.14,None,N/A,
34.8505,asiya,Click,Click,845,770,615.11,-111943.18,None,N/A,
34.8613,asiya,Click,Click,853,761,1120.14,46979.70,None,N/A,
34.8712,asiya,Click,Click,858,755,791.54,-33302.82,None,N/A,
34.8807,asiya,Click,Click,868,746,1405.02,64069.31,None,N/A,
34.8907,asiya,Click,Click,875,740,927.82,-48024.17,None,N/A,
34.9008,asiya,Click,Click,881,735,770.06,-15553.87,None,N/A,
34.9114,asiya,Click,Click,890,729,1025.44,24209.50,None,N/A,
34.9212,asiya,Click,Click,892,728,226.42,-80906.65,None,N/A,
34.9310,asiya,Click,Click,896,726,456.05,23417.37,None,N/A,
34.9407,asiya,Click,Click,898,725,231.09,-23249.26,None,N/A,
34.9505,asiya,Click,Click,900,725,205.47,-2631.77,None,N/A,
34.9613,asiya,Click,Click,901,724,130.80,-6906.41,None,N/A,
34.9709,asiya,Click,Click,903,724,207.20,7915.46,None,N/A,
34.9811,asiya,Click,Click,905,724,196.75,-1028.36,None,N/A,
34.9904,asiya,Click,Click,913,724,860.46,71386.73,None,N/A,
35.0005,asiya,Click,Click,917,725,407.06,-44762.46,None,N/A,
35.0119,asiya,Click,Click,924,726,619.34,18592.81,None,N/A,
35.0212,asiya,Click,Click,926,727,240.09,-40720.16,None,N/A,
35.0312,asiya,Click,Click,928,727,201.65,-3875.45,None,N/A,
35.0407,asiya,Click,Click,930,728,234.32,3423.18,None,N/A,
35.0507,asiya,Click,Click,932,729,222.82,-1145.52,None,N/A,
35.0609,asiya,Click,Click,936,733,558.26,33103.46,None,N/A,
35.0711,asiya,Click,Click,939,735,352.07,-20133.70,None,N/A,
35.0809,asiya,Click,Click,945,740,797.69,45512.25,None,N/A,
35.0908,asiya,Click,Click,948,743,427.97,-37294.54,None,N/A,
35.1004,asiya,Click,Click,955,750,1036.20,63664.50,None,N/A,
35.1112,asiya,Click,Click,958,753,390.94,-59457.74,None,N/A,
35.1207,asiya,Click,Click,965,759,972.99,61426.84,None,N/A,
35.1314,asiya,Click,Click,967,762,338.27,-59549.15,None,N/A,
35.1407,asiya,Click,Click,970,765,452.36,12164.30,None,N/A,
35.1505,asiya,Click,Click,976,770,800.39,35666.67,None,N/A,
35.1613,asiya,Click,Click,979,773,391.73,-37732.72,None,N/A,
35.1709,asiya,Click,Click,986,779,961.24,59376.67,None,N/A,
35.1807,asiya,Click,Click,989,782,433.08,-53913.15,None,N/A,
35.1912,asiya,Click,Click,995,789,879.83,42634.09,None,N/A,
35.2010,asiya,Click,Click,999,792,510.77,-37701.46,None,N/A,
35.2113,asiya,Click,Click,1006,798,895.85,37418.78,None,N/A,
35.2213,asiya,Click,Click,1009,801,423.32,-47148.28,None,N/A,
35.2310,asiya,Click,Click,1012,804,435.84,1286.63,None,N/A,
35.2405,asiya,Click,Click,1012,804,0.00,-46149.98,None,N/A,
35.2514,asiya,Click,Click,1012,804,0.00,0.00,None,N/A,
35.2610,asiya,Click,Click,1012,804,0.00,0.00,None,N/A,
35.2705,asiya,Click,Click,1012,804,0.00,0.00,None,N/A,
35.2811,asiya,Click,Click,1012,804,0.00,0.00,None,N/A,
35.2906,asiya,Click,Click,1012,804,0.00,0.00,None,N/A,
35.3010,asiya,Click,Click,1012,804,0.00,0.00,None,N/A,
35.3104,asiya,Click,Click,1012,804,0.00,0.00,None,N/A,
35.3209,asiya,Click,Click,1012,804,0.00,0.00,None,N/A,
35.3310,asiya,Click,Click,1012,804,0.00,0.00,None,N/A,
35.3412,asiya,Click,Click,1012,804,0.00,0.00,None,N/A,
35.3512,asiya,Click,Click,1012,804,0.00,0.00,None,N/A,
35.3608,asiya,Click,Click,1012,804,0.00,0.00,None,N/A,
35.3713,asiya,Click,Click,1012,804,0.00,0.00,None,N/A,
35.3809,asiya,Click,Click,1012,804,0.00,0.00,None,N/A,
35.3905,asiya,Click,Click,1012,804,0.00,0.00,None,N/A,
35.4011,asiya,Click,Click,1012,804,0.00,0.00,None,N/A,
35.4108,asiya,Click,Click,1012,804,0.00,0.00,None,N/A,
35.4217,asiya,Click,Click,1012,804,0.00,0.00,None,N/A,
35.4314,asiya,Click,Click,1012,804,0.00,0.00,None,N/A,
35.4412,asiya,Click,Click,1012,804,0.00,0.00,None,N/A,
35.4508,asiya,Click,Click,1012,804,0.00,0.00,None,N/A,
35.4606,asiya,Click,Click,1019,806,745.36,76311.40,None,N/A,
35.4708,asiya,Click,Click,1057,814,3808.93,300489.82,None,N/A,
35.4811,asiya,Click,Click,1065,816,799.35,-291734.82,None,N/A,
35.4909,asiya,Click,Click,1071,817,619.55,-18313.54,None,N/A,
35.5006,asiya,Click,Click,1079,819,855.48,24476.38,None,N/A,
35.5114,asiya,Click,Click,1085,821,585.42,-24997.74,None,N/A,
35.5212,asiya,Click,Click,1097,823,1237.08,66265.91,None,N/A,
35.5311,asiya,Click,Click,1101,824,417.00,-82941.26,None,N/A,
35.5412,asiya,Click,Click,1108,825,699.30,27918.61,None,N/A,
35.5506,asiya,Click,Click,1110,825,213.64,-51878.81,None,N/A,
35.5604,asiya,Click,Click,1113,825,304.66,9242.80,None,N/A,
35.5712,asiya,Click,Click,1115,825,186.20,-11028.19,None,N/A,
35.5807,asiya,Click,Click,1116,825,104.99,-8526.40,None,N/A,
35.5907,asiya,Click,Click,1117,825,99.73,-525.08,None,N/A,
35.6008,asiya,Click,Click,1118,825,98.78,-93.73,None,N/A,
35.6105,asiya,Click,Click,1119,825,103.24,460.36,None,N/A,
35.6210,asiya,Click,Click,1119,825,0.00,-9841.97,None,N/A,
35.6311,asiya,Click,Click,1120,825,98.71,9744.20,None,N/A,
35.6405,asiya,Click,Click,1120,825,0.00,-10550.99,None,N/A,
35.6507,asiya,Click,Click,1121,825,98.14,9631.44,None,N/A,
35.6612,asiya,Click,Click,1121,825,0.00,-9342.25,None,N/A,
35.6711,asiya,Click,Click,1121,825,0.00,0.00,None,N/A,
35.6814,asiya,Click,Click,1121,825,0.00,0.00,None,N/A,
35.6909,asiya,Click,Click,1121,825,0.00,0.00,None,N/A,
35.7013,asiya,Click,Click,1121,825,0.00,0.00,None,N/A,
35.7108,asiya,Click,Click,1121,825,0.00,0.00,None,N/A,
35.7213,asiya,Click,Click,1121,825,0.00,0.00,None,N/A,
35.7308,asiya,Click,Click,1121,825,0.00,0.00,None,N/A,
35.7414,asiya,Click,Click,1121,825,0.00,0.00,None,N/A,
35.7508,asiya,Click,Click,1120,825,106.73,11390.29,None,N/A,
35.7612,asiya,Click,Click,1120,825,0.00,-10206.54,None,N/A,
35.7709,asiya,Click,Click,1120,825,0.00,0.00,None,N/A,
35.7809,asiya,Click,Click,1120,825,0.00,0.00,None,N/A,
35.7913,asiya,Click,Click,1120,825,0.00,0.00,None,N/A,
35.8006,asiya,Click,Click,1120,825,0.00,0.00,None,N/A,
35.8112,asiya,Click,Click,1120,825,0.00,0.00,None,N/A,
35.8207,asiya,Click,Click,1120,825,0.00,0.00,None,N/A,
35.8312,asiya,Click,Click,1120,825,0.00,0.00,None,N/A,
35.8407,asiya,Click,Click,1120,825,0.00,0.00,None,N/A,
35.8511,asiya,Click,Click,1120,825,0.00,0.00,None,N/A,
35.8606,asiya,Click,Click,1120,825,0.00,0.00,None,N/A,
35.8712,asiya,Click,Click,1120,825,0.00,0.00,None,N/A,
35.8807,asiya,Click,Click,1120,825,0.00,0.00,None,N/A,
35.8912,asiya,Click,Click,1120,825,0.00,0.00,None,N/A,
35.9007,asiya,Click,Click,1120,825,0.00,0.00,None,N/A,
35.9111,asiya,Click,Click,1120,825,0.00,0.00,None,N/A,
35.9206,asiya,Click,Click,1120,825,0.00,0.00,None,N/A,
35.9311,asiya,Click,Click,1120,825,0.00,0.00,None,N/A,
35.9404,asiya,Click,Click,1120,825,0.00,0.00,None,N/A,
35.9509,asiya,Click,Click,1120,825,0.00,0.00,None,N/A,
35.9614,asiya,Click,Click,1120,825,0.00,0.00,None,N/A,
35.9713,asiya,Click,Click,1120,825,0.00,0.00,None,N/A,
35.9806,asiya,Click,Click,1120,825,0.00,0.00,None,N/A,
35.9914,asiya,Click,Click,1120,825,0.00,0.00,None,N/A,
36.0014,asiya,Click,Click,1120,825,0.00,0.00,Left,N/A,
36.0110,asiya,Click,Click,1120,825,0.00,0.00,Left,N/A,
36.0211,asiya,Click,Click,1120,825,0.00,0.00,Left,N/A,
36.0306,asiya,Click,Click,1120,825,0.00,0.00,Left,N/A,
36.0410,asiya,Click,Click,1120,825,0.00,0.00,Left,N/A,
36.0514,asiya,Click,Click,1120,825,0.00,0.00,Left,N/A,
36.0609,asiya,Click,Click,1120,825,0.00,0.00,Left,N/A,
36.0711,asiya,Click,Click,1120,825,0.00,0.00,Left,N/A,
36.0815,asiya,Click,Click,1120,825,0.00,0.00,Left,N/A,
36.0910,asiya,Click,Click,1120,825,0.00,0.00,Left,N/A,
36.1014,asiya,Click,Click,1120,825,0.00,0.00,Left,N/A,
36.1110,asiya,Click,Click,1120,825,0.00,0.00,Left,N/A,
36.1205,asiya,Click,Click,1120,825,0.00,0.00,Left,N/A,
36.1309,asiya,Click,Click,1120,825,0.00,0.00,Left,N/A,
36.1414,asiya,Click,Click,1120,825,0.00,0.00,Left,N/A,
36.1507,asiya,Click,Click,1120,825,0.00,0.00,Left,N/A,
36.1612,asiya,Click,Click,1120,825,0.00,0.00,Left,N/A,
36.1707,asiya,Click,Click,1120,825,0.00,0.00,Left,N/A,
36.1801,asiya,Click,Click,1120,825,0.00,0.00,None,N/A,click_target
