Time,ParticipantID,Task,Label,X,Y,Velocity,Acceleration,ButtonState,ActiveWindow,Event
36.1856,asiya,Drag,Drag,1120,825,0.00,0.00,None,N/A,
36.1906,asiya,Drag,Drag,1120,825,0.00,0.00,None,N/A,
36.2010,asiya,Drag,Drag,1120,825,0.00,0.00,None,N/A,
36.2106,asiya,Drag,Drag,1120,825,0.00,0.00,None,N/A,
36.2214,asiya,Drag,Drag,1120,825,0.00,0.00,None,N/A,
36.2314,asiya,Drag,Drag,1120,825,0.00,0.00,None,N/A,
36.2413,asiya,Drag,Drag,1120,825,0.00,0.00,None,N/A,
36.2509,asiya,Drag,Drag,1120,825,0.00,0.00,None,N/A,
36.2613,asiya,Drag,Drag,1120,825,0.00,0.00,None,N/A,
36.2709,asiya,Drag,Drag,1120,825,0.00,0.00,None,N/A,
36.2805,asiya,Drag,Drag,1120,825,0.00,0.00,None,N/A,
36.2911,asiya,Drag,Drag,1120,825,0.00,0.00,None,N/A,
36.3007,asiya,Drag,Drag,1120,825,0.00,0.00,None,N/A,
36.3112,asiya,Drag,Drag,1120,825,0.00,0.00,None,N/A,
36.3208,asiya,Drag,Drag,1120,825,0.00,0.00,None,N/A,
36.3314,asiya,Drag,Drag,1120,825,0.00,0.00,None,N/A,
36.3413,asiya,Drag,Drag,1120,825,0.00,0.00,None,N/A,
36.3516,asiya,Drag,Drag,1120,825,0.00,0.00,None,N/A,
36.3611,asiya,Drag,Drag,1120,825,0.00,0.00,None,N/A,
36.3711,asiya,Drag,Drag,1120,825,0.00,0.00,None,N/A,
36.3812,asiya,Drag,Drag,1120,825,0.00,0.00,None,N/A,
36.3908,asiya,Drag,Drag,1120,825,0.00,0.00,None,N/A,
36.4013,asiya,Drag,Drag,1120,825,0.00,0.00,None,N/A,
36.4109,asiya,Drag,Drag,1120,825,0.00,0.00,None,N/A,
36.4205,asiya,Drag,Drag,1120,825,0.00,0.00,None,N/A,
36.4310,asiya,Drag,Drag,1120,825,0.00,0.00,None,N/A,
36.4414,asiya,Drag,Drag,1120,825,0.00,0.00,None,N/A,
36.4510,asiya,Drag,Drag,1120,825,0.00,0.00,None,N/A,
36.4605,asiya,Drag,Drag,1120,825,0.00,0.00,None,N/A,
36.4712,asiya,Drag,Drag,1120,825,0.00,0.00,None,N/A,
36.4808,asiya,Drag,Drag,1120,825,0.00,0.00,None,N/A,
36.4913,asiya,Drag,Drag,1120,825,0.00,0.00,None,N/A,
36.5008,asiya,Drag,Drag,1120,825,0.00,0.00,None,N/A,
36.5113,asiya,Drag,Drag,1120,825,0.00,0.00,None,N/A,
36.5212,asiya,Drag,Drag,1120,825,0.00,0.00,None,N/A,
36.5309,asiya,Drag,Drag,1120,825,0.00,0.00,None,N/A,
36.5417,asiya,Drag,Drag,1120,825,0.00,0.00,None,N/A,
36.5513,asiya,Drag,Drag,1120,825,0.00,0.00,None,N/A,
36.5609,asiya,Drag,Drag,1120,825,0.00,0.00,None,N/A,
36.5714,asiya,Drag,Drag,1120,825,0.00,0.00,None,N/A,
36.5808,asiya,Drag,Drag,1120,825,0.00,0.00,None,N/A,
36.5912,asiya,Drag,Drag,1120,825,0.00,0.00,None,N/A,
36.6006,asiya,Drag,Drag,1120,825,0.00,0.00,None,N/A,
36.6111,asiya,Drag,Drag,1120,825,0.00,0.00,None,N/A,
36.6206,asiya,Drag,Drag,1120,825,0.00,0.00,None,N/A,
36.6310,asiya,Drag,Drag,1120,825,0.00,0.00,None,N/A,
36.6415,asiya,Drag,Drag,1120,825,0.00,0.00,None,N/A,
36.6510,asiya,Drag,Drag,1120,825,0.00,0.00,None,N/A,
36.6615,asiya,Drag,Drag,1120,825,0.00,0.00,None,N/A,
36.6709,asiya,Drag,Drag,1120,825,0.00,0.00,None,N/A,
36.6813,asiya,Drag,Drag,1120,825,0.00,0.00,None,N/A,
36.6908,asiya,Drag,Drag,1120,825,0.00,0.00,None,N/A,
36.7012,asiya,Drag,Drag,1120,825,0.00,0.00,None,N/A,
36.7107,asiya,Drag,Drag,1120,825,0.00,0.00,None,N/A,
36.7213,asiya,Drag,Drag,1120,825,0.00,0.00,None,N/A,
36.7308,asiya,Drag,Drag,1120,825,0.00,0.00,None,N/A,
36.7413,asiya,Drag,Drag,1120,825,0.00,0.00,None,N/A,
36.7508,asiya,Drag,Drag,1120,825,0.00,0.00,None,N/A,
36.7612,asiya,Drag,Drag,1120,825,0.00,0.00,None,N/A,
36.7708,asiya,Drag,Drag,1120,825,0.00,0.00,None,N/A,
36.7814,asiya,Drag,Drag,1120,825,0.00,0.00,None,N/A,
36.7909,asiya,Drag,Drag,1120,825,0.00,0.00,None,N/A,
36.8013,asiya,Drag,Drag,1120,825,0.00,0.00,None,N/A,
36.8108,asiya,Drag,Drag,1120,825,0.00,0.00,None,N/A,
36.8206,asiya,Drag,Drag,1120,825,0.00,0.00,None,N/A,
36.8312,asiya,Drag,Drag,1120,825,0.00,0.00,None,N/A,
36.8407,asiya,Drag,Drag,1120,825,0.00,0.00,None,N/A,
36.8510,asiya,Drag,Drag,1120,825,0.00,0.00,None,N/A,
36.8606,asiya,Drag,Drag,1120,825,0.00,0.00,None,N/A,
36.8711,asiya,Drag,Drag,1120,825,0.00,0.00,None,N/A,
36.8812,asiya,Drag,Drag,1118,823,281.70,28056.43,None,N/A,
36.8907,asiya,Drag,Drag,1115,819,524.34,25445.11,None,N/A,
36.9005,asiya,Drag,Drag,1106,808,1455.41,95344.16,None,N/A,
36.9115,asiya,Drag,Drag,1101,803,640.68,-73819.48,None,N/A,
36.9209,asiya,Drag,Drag,1092,793,1429.80,83865.45,None,N/A,
36.9312,asiya,Drag,Drag,1089,789,485.58,-91698.71,None,N/A,
36.9405,asiya,Drag,Drag,1085,785,609.09,13299.42,None,N/A,
36.9505,asiya,Drag,Drag,1083,782,360.81,-24845.63,None,N/A,
36.9613,asiya,Drag,Drag,1076,775,915.94,51362.80,None,N/A,
36.9711,asiya,Drag,Drag,1073,771,510.43,-41397.12,None,N/A,
36.9807,asiya,Drag,Drag,1068,767,667.53,16377.53,None,N/A,
36.9906,asiya,Drag,Drag,1067,765,225.41,-44568.06,None,N/A,
37.0008,asiya,Drag,Drag,1065,763,276.98,5050.24,None,N/A,
37.0108,asiya,Drag,Drag,1063,760,363.00,8659.95,None,N/A,
37.0210,asiya,Drag,Drag,1061,758,276.26,-8471.54,None,N/A,
37.0308,asiya,Drag,Drag,1055,752,866.48,60270.61,None,N/A,
37.0408,asiya,Drag,Drag,1052,750,359.19,-50536.86,None,N/A,
37.0506,asiya,Drag,Drag,1048,746,578.60,22442.11,None,N/A,
37.0606,asiya,Drag,Drag,1046,745,224.23,-35535.39,None,N/A,
37.0713,asiya,Drag,Drag,1039,740,802.87,54004.99,None,N/A,
37.0814,asiya,Drag,Drag,1034,737,576.81,-22361.81,None,N/A,
37.0906,asiya,Drag,Drag,1024,731,1270.98,75654.04,None,N/A,
37.1006,asiya,Drag,Drag,1021,729,361.19,-91139.36,None,N/A,
37.1113,asiya,Drag,Drag,1017,727,417.36,5241.99,None,N/A,
37.1213,asiya,Drag,Drag,1015,726,224.28,-19366.39,None,N/A,
37.1309,asiya,Drag,Drag,1014,725,146.64,-8049.96,None,N/A,
37.1405,asiya,Drag,Drag,1012,724,232.75,8963.27,None,N/A,
37.1505,asiya,Drag,Drag,1011,723,141.71,-9122.85,None,N/A,
37.1610,asiya,Drag,Drag,1010,723,95.21,-4427.12,None,N/A,
37.1705,asiya,Drag,Drag,1009,722,148.97,5662.75,None,N/A,
37.1806,asiya,Drag,Drag,1009,722,0.00,-14670.25,None,N/A,
37.1907,asiya,Drag,Drag,1008,721,140.99,14056.24,None,N/A,
37.2013,asiya,Drag,Drag,1008,721,0.00,-13219.77,None,N/A,
37.2108,asiya,Drag,Drag,1008,721,0.00,0.00,None,N/A,
37.2212,asiya,Drag,Drag,1008,721,0.00,0.00,None,N/A,
37.2306,asiya,Drag,Drag,1008,721,0.00,0.00,None,N/A,
37.2411,asiya,Drag,Drag,1008,721,0.00,0.00,None,N/A,
37.2506,asiya,Drag,Drag,1008,721,0.00,0.00,None,N/A,
37.2612,asiya,Drag,Drag,1008,721,0.00,0.00,None,N/A,
37.2707,asiya,Drag,Drag,1008,721,0.00,0.00,None,N/A,
37.2811,asiya,Drag,Drag,1008,721,0.00,0.00,None,N/A,
37.2906,asiya,Drag,Drag,1008,721,0.00,0.00,None,N/A,
37.3012,asiya,Drag,Drag,1008,721,0.00,0.00,None,N/A,
37.3107,asiya,Drag,Drag,1008,721,0.00,0.00,None,N/A,
37.3212,asiya,Drag,Drag,1008,721,0.00,0.00,None,N/A,
37.3310,asiya,Drag,Drag,1008,722,101.50,10302.84,None,N/A,
37.3414,asiya,Drag,Drag,1008,722,0.00,-9754.03,None,N/A,
37.3515,asiya,Drag,Drag,1008,722,0.00,0.00,None,N/A,
37.3605,asiya,Drag,Drag,1008,723,111.06,12333.74,None,N/A,
37.3710,asiya,Drag,Drag,1008,723,0.00,-10574.30,None,N/A,
37.3807,asiya,Drag,Drag,1008,724,102.83,10574.38,None,N/A,
37.3912,asiya,Drag,Drag,1008,725,94.75,-765.93,None,N/A,
37.4009,asiya,Drag,Drag,1008,725,0.00,-9822.09,None,N/A,
37.4105,asiya,Drag,Drag,1008,725,0.00,0.00,None,N/A,
37.4214,asiya,Drag,Drag,1008,725,0.00,0.00,None,N/A,
37.4308,asiya,Drag,Drag,1008,725,0.00,0.00,None,N/A,
37.4415,asiya,Drag,Drag,1008,725,0.00,0.00,None,N/A,
37.4512,asiya,Drag,Drag,1008,725,0.00,0.00,None,N/A,
37.4607,asiya,Drag,Drag,1008,725,0.00,0.00,None,N/A,
37.4713,asiya,Drag,Drag,1008,725,0.00,0.00,None,N/A,
37.4807,asiya,Drag,Drag,1008,725,0.00,0.00,None,N/A,
37.4912,asiya,Drag,Drag,1008,725,0.00,0.00,None,N/A,
37.5007,asiya,Drag,Drag,1008,725,0.00,0.00,None,N/A,
37.5111,asiya,Drag,Drag,1008,725,0.00,0.00,None,N/A,
37.5206,asiya,Drag,Drag,1008,725,0.00,0.00,None,N/A,
37.5312,asiya,Drag,Drag,1008,725,0.00,0.00,None,N/A,
37.5408,asiya,Drag,Drag,1008,725,0.00,0.00,None,N/A,
37.5513,asiya,Drag,Drag,1008,725,0.00,0.00,None,N/A,
37.5607,asiya,Drag,Drag,1008,725,0.00,0.00,None,N/A,
37.5711,asiya,Drag,Drag,1008,725,0.00,0.00,None,N/A,
37.5809,asiya,Drag,Drag,1008,725,0.00,0.00,None,N/A,
37.5914,asiya,Drag,Drag,1008,725,0.00,0.00,None,N/A,
37.6010,asiya,Drag,Drag,1008,725,0.00,0.00,None,N/A,
37.6106,asiya,Drag,Drag,1008,725,0.00,0.00,None,N/A,
37.6207,asiya,Drag,Drag,1008,725,0.00,0.00,None,N/A,
37.6312,asiya,Drag,Drag,1008,725,0.00,0.00,None,N/A,
37.6407,asiya,Drag,Drag,1008,725,0.00,0.00,None,N/A,
37.6512,asiya,Drag,Drag,1008,725,0.00,0.00,None,N/A,
37.6607,asiya,Drag,Drag,1008,725,0.00,0.00,None,N/A,
37.6713,asiya,Drag,Drag,1008,725,0.00,0.00,None,N/A,
37.6809,asiya,Drag,Drag,1008,725,0.00,0.00,None,N/A,
37.6913,asiya,Drag,Drag,1008,725,0.00,0.00,None,N/A,
37.7011,asiya,Drag,Drag,998,716,1369.09,139324.47,None,N/A,
37.7112,asiya,Drag,Drag,990,708,1123.31,-24403.26,None,N/A,
37.7211,asiya,Drag,Drag,982,701,1067.67,-5588.05,None,N/A,
37.7309,asiya,Drag,Drag,970,688,1803.32,74984.16,None,N/A,
37.7408,asiya,Drag,Drag,965,683,716.62,-110132.23,None,N/A,
37.7505,asiya,Drag,Drag,959,675,1025.53,31678.86,None,N/A,
37.7613,asiya,Drag,Drag,957,673,262.58,-70829.72,None,N/A,
37.7710,asiya,Drag,Drag,954,668,600.59,34815.36,None,N/A,
37.7811,asiya,Drag,Drag,952,665,356.96,-24120.34,None,N/A,
37.7904,asiya,Drag,Drag,949,660,627.13,29056.75,None,N/A,
37.8005,asiya,Drag,Drag,947,657,358.14,-26718.77,None,N/A,
37.8111,asiya,Drag,Drag,945,652,509.75,14351.21,None,N/A,
37.8210,asiya,Drag,Drag,944,650,224.39,-28636.03,None,N/A,
37.8310,asiya,Drag,Drag,943,648,223.31,-108.31,None,N/A,
37.8405,asiya,Drag,Drag,941,644,472.34,26302.00,None,N/A,
37.8505,asiya,Drag,Drag,940,642,223.89,-24876.29,None,N/A,
37.8607,asiya,Drag,Drag,939,638,402.50,17436.50,None,N/A,
37.8710,asiya,Drag,Drag,939,637,96.99,-29632.07,None,N/A,
37.8809,asiya,Drag,Drag,938,635,226.29,13084.74,None,N/A,
37.8906,asiya,Drag,Drag,938,634,103.32,-12705.16,None,N/A,
37.9013,asiya,Drag,Drag,938,632,186.59,7768.62,None,N/A,
37.9112,asiya,Drag,Drag,938,631,100.71,-8649.11,None,N/A,
37.9206,asiya,Drag,Drag,938,630,107.16,690.70,None,N/A,
37.9312,asiya,Drag,Drag,938,629,93.85,-1249.11,None,N/A,
37.9407,asiya,Drag,Drag,939,628,149.29,5852.75,None,N/A,
37.9505,asiya,Drag,Drag,944,626,550.18,40956.83,None,N/A,
37.9612,asiya,Drag,Drag,947,625,295.40,-23799.75,None,N/A,
37.9710,asiya,Drag,Drag,958,622,1160.23,88004.21,None,N/A,
37.9809,asiya,Drag,Drag,965,621,712.95,-45097.59,None,N/A,
37.9914,asiya,Drag,Drag,978,620,1247.65,51165.31,None,N/A,
38.0004,asiya,Drag,Drag,984,619,672.95,-63580.45,None,N/A,
38.0113,asiya,Drag,Drag,994,618,922.93,22957.17,None,N/A,
38.0210,asiya,Drag,Drag,999,617,525.64,-40955.55,None,N/A,
38.0307,asiya,Drag,Drag,1011,616,1246.17,74566.80,None,N/A,
38.0410,asiya,Drag,Drag,1019,615,783.31,-44970.53,None,N/A,
38.0505,asiya,Drag,Drag,1027,614,845.66,6540.24,None,N/A,
38.0605,asiya,Drag,Drag,1041,613,1409.11,56567.35,None,N/A,
38.0710,asiya,Drag,Drag,1047,612,576.80,-78924.16,None,N/A,
38.0809,asiya,Drag,Drag,1059,612,1218.98,65233.72,None,N/A,
38.0911,asiya,Drag,Drag,1063,611,402.41,-79696.11,None,N/A,
38.1014,asiya,Drag,Drag,1071,611,779.30,36714.20,None,N/A,
38.1112,asiya,Drag,Drag,1074,611,306.28,-48292.47,None,N/A,
38.1209,asiya,Drag,Drag,1079,611,516.26,21680.85,None,N/A,
38.1310,asiya,Drag,Drag,1080,611,98.78,-41239.48,None,N/A,
38.1414,asiya,Drag,Drag,1083,611,286.73,17963.59,None,N/A,
38.1506,asiya,Drag,Drag,1084,611,109.45,-19403.75,None,N/A,
38.1610,asiya,Drag,Drag,1086,611,191.12,7803.84,None,N/A,
38.1709,asiya,Drag,Drag,1087,610,143.04,-4862.86,None,N/A,
38.1809,asiya,Drag,Drag,1088,610,100.14,-4296.23,None,N/A,
38.1911,asiya,Drag,Drag,1089,610,97.79,-229.46,None,N/A,
38.2013,asiya,Drag,Drag,1089,610,0.00,-9607.65,None,N/A,
38.2111,asiya,Drag,Drag,1089,610,0.00,0.00,None,N/A,
38.2206,asiya,Drag,Drag,1089,610,0.00,0.00,None,N/A,
38.2311,asiya,Drag,Drag,1089,610,0.00,0.00,None,N/A,
38.2411,asiya,Drag,Drag,1089,610,0.00,0.00,None,N/A,
38.2506,asiya,Drag,Drag,1089,610,0.00,0.00,None,N/A,
38.2616,asiya,Drag,Drag,1089,610,0.00,0.00,None,N/A,
38.2712,asiya,Drag,Drag,1089,610,0.00,0.00,None,N/A,
38.2806,asiya,Drag,Drag,1089,610,0.00,0.00,None,N/A,
38.2908,asiya,Drag,Drag,1089,610,0.00,0.00,None,N/A,
38.3005,asiya,Drag,Drag,1088,610,102.51,10507.30,None,N/A,
38.3107,asiya,Drag,Drag,1088,610,0.00,-10052.55,None,N/A,
38.3213,asiya,Drag,Drag,1088,610,0.00,0.00,None,N/A,
38.3308,asiya,Drag,Drag,1088,610,0.00,0.00,None,N/A,
38.3412,asiya,Drag,Drag,1088,610,0.00,0.00,None,N/A,
38.3508,asiya,Drag,Drag,1088,610,0.00,0.00,None,N/A,
38.3613,asiya,Drag,Drag,1088,610,0.00,0.00,None,N/A,
38.3712,asiya,Drag,Drag,1088,610,0.00,0.00,None,N/A,
38.3813,asiya,Drag,Drag,1088,610,0.00,0.00,None,N/A,
38.3911,asiya,Drag,Drag,1088,610,0.00,0.00,None,N/A,
38.4008,asiya,Drag,Drag,1088,610,0.00,0.00,None,N/A,
38.4114,asiya,Drag,Drag,1088,610,0.00,0.00,None,N/A,
38.4209,asiya,Drag,Drag,1088,610,0.00,0.00,None,N/A,
38.4314,asiya,Drag,Drag,1088,610,0.00,0.00,None,N/A,
38.4409,asiya,Drag,Drag,1088,610,0.00,0.00,None,N/A,
38.4513,asiya,Drag,Drag,1088,610,0.00,0.00,None,N/A,
38.4608,asiya,Drag,Drag,1088,610,0.00,0.00,None,N/A,
38.4712,asiya,Drag,Drag,1088,610,0.00,0.00,None,N/A,
38.4805,asiya,Drag,Drag,1088,610,0.00,0.00,None,N/A,
38.4914,asiya,Drag,Drag,1112,604,2282.53,210598.74,None,N/A,
38.5014,asiya,Drag,Drag,1124,601,1239.18,-104524.27,None,N/A,
38.5111,asiya,Drag,Drag,1137,596,1423.63,18852.42,None,N/A,
38.5208,asiya,Drag,Drag,1142,595,527.64,-92715.44,None,N/A,
38.5306,asiya,Drag,Drag,1146,594,421.32,-10864.23,None,N/A,
38.5413,asiya,Drag,Drag,1152,592,592.82,16075.61,None,N/A,
38.5505,asiya,Drag,Drag,1155,591,343.26,-27089.80,None,N/A,
38.5610,asiya,Drag,Drag,1161,589,599.84,24334.19,None,N/A,
38.5718,asiya,Drag,Drag,1163,588,206.87,-36354.98,None,N/A,
38.5809,asiya,Drag,Drag,1167,586,490.71,31145.42,None,N/A,
38.5908,asiya,Drag,Drag,1168,586,101.72,-39568.93,None,N/A,
38.6004,asiya,Drag,Drag,1170,585,232.62,13617.33,None,N/A,
38.6111,asiya,Drag,Drag,1171,585,93.56,-13010.41,None,N/A,
38.6241,asiya,Drag,Drag,1172,584,108.83,1175.21,None,N/A,
38.6310,asiya,Drag,Drag,1173,584,144.03,5068.80,None,N/A,
38.6412,asiya,Drag,Drag,1173,584,0.00,-14082.89,None,N/A,
38.6513,asiya,Drag,Drag,1174,583,139.94,13846.79,None,N/A,
38.6616,asiya,Drag,Drag,1174,583,0.00,-13668.15,None,N/A,
38.6712,asiya,Drag,Drag,1174,583,0.00,0.00,None,N/A,
38.6828,asiya,Drag,Drag,1174,583,0.00,0.00,None,N/A,
38.6917,asiya,Drag,Drag,1174,583,0.00,0.00,None,N/A,
38.7028,asiya,Drag,Drag,1174,583,0.00,0.00,None,N/A,
38.7118,asiya,Drag,Drag,1174,583,0.00,0.00,None,N/A,
38.7205,asiya,Drag,Drag,1174,583,0.00,0.00,None,N/A,
38.7316,asiya,Drag,Drag,1174,583,0.00,0.00,None,N/A,
38.7434,asiya,Drag,Drag,1174,584,84.46,7132.70,None,N/A,
38.7510,asiya,Drag,Drag,1174,584,0.00,-11095.73,None,N/A,
38.7628,asiya,Drag,Drag,1174,584,0.00,0.00,None,N/A,
38.7714,asiya,Drag,Drag,1175,585,163.63,18932.97,None,N/A,
38.7810,asiya,Drag,Drag,1175,585,0.00,-17048.05,None,N/A,
38.7914,asiya,Drag,Drag,1175,586,96.06,9228.11,None,N/A,
38.8013,asiya,Drag,Drag,1177,587,226.44,13202.24,None,N/A,
38.8112,asiya,Drag,Drag,1178,588,142.57,-8454.69,None,N/A,
38.8209,asiya,Drag,Drag,1179,589,146.66,424.05,None,N/A,
38.8310,asiya,Drag,Drag,1180,590,139.19,-734.73,None,N/A,
38.8413,asiya,Drag,Drag,1181,591,138.01,-115.67,None,N/A,
38.8513,asiya,Drag,Drag,1182,592,141.40,339.14,None,N/A,
38.8609,asiya,Drag,Drag,1184,593,232.78,9512.06,None,N/A,
38.8709,asiya,Drag,Drag,1185,594,141.27,-9140.62,None,N/A,
38.8807,asiya,Drag,Drag,1185,594,0.00,-14400.29,None,N/A,
38.8914,asiya,Drag,Drag,1187,595,208.21,19387.05,None,N/A,
38.9013,asiya,Drag,Drag,1187,596,101.21,-10829.31,None,N/A,
38.9110,asiya,Drag,Drag,1188,596,103.33,218.99,None,N/A,
38.9210,asiya,Drag,Drag,1189,597,141.70,3844.97,None,N/A,
38.9307,asiya,Drag,Drag,1190,597,102.83,-3997.08,None,N/A,
38.9405,asiya,Drag,Drag,1190,598,101.64,-121.56,None,N/A,
38.9512,asiya,Drag,Drag,1193,599,295.38,18096.49,None,N/A,
38.9611,asiya,Drag,Drag,1195,600,227.62,-6897.37,None,N/A,
38.9705,asiya,Drag,Drag,1199,602,474.59,26208.31,None,N/A,
38.9811,asiya,Drag,Drag,1202,603,298.84,-16608.31,None,N/A,
38.9906,asiya,Drag,Drag,1204,604,235.78,-6649.13,None,N/A,
39.0013,asiya,Drag,Drag,1208,606,415.35,16677.47,None,N/A,
39.0113,asiya,Drag,Drag,1210,607,223.30,-19178.33,None,N/A,
39.0208,asiya,Drag,Drag,1212,608,236.67,1414.71,None,N/A,
39.0310,asiya,Drag,Drag,1213,608,98.30,-13601.78,None,N/A,
39.0414,asiya,Drag,Drag,1215,609,213.55,11006.77,None,N/A,
39.0511,asiya,Drag,Drag,1215,609,0.00,-21981.43,None,N/A,
39.0611,asiya,Drag,Drag,1216,610,142.19,14295.81,None,N/A,
39.0711,asiya,Drag,Drag,1217,610,100.16,-4209.76,None,N/A,
39.0804,asiya,Drag,Drag,1217,610,0.00,-10771.88,None,N/A,
39.0914,asiya,Drag,Drag,1217,610,0.00,0.00,None,N/A,
39.1004,asiya,Drag,Drag,1218,610,110.33,12172.06,None,N/A,
39.1112,asiya,Drag,Drag,1218,610,0.00,-10304.29,None,N/A,
39.1207,asiya,Drag,Drag,1218,610,0.00,0.00,None,N/A,
39.1310,asiya,Drag,Drag,1218,610,0.00,0.00,None,N/A,
39.1404,asiya,Drag,Drag,1218,610,0.00,0.00,None,N/A,
39.1507,asiya,Drag,Drag,1218,610,0.00,0.00,None,N/A,
39.1612,asiya,Drag,Drag,1218,610,0.00,0.00,None,N/A,
39.1710,asiya,Drag,Drag,1218,610,0.00,0.00,None,N/A,
39.1807,asiya,Drag,Drag,1218,610,0.00,0.00,None,N/A,
39.1913,asiya,Drag,Drag,1218,610,0.00,0.00,None,N/A,
39.2012,asiya,Drag,Drag,1218,610,0.00,0.00,None,N/A,
39.2108,asiya,Drag,Drag,1218,610,0.00,0.00,None,N/A,
39.2214,asiya,Drag,Drag,1218,610,0.00,0.00,None,N/A,
39.2311,asiya,Drag,Drag,1218,610,0.00,0.00,None,N/A,
39.2410,asiya,Drag,Drag,1218,610,0.00,0.00,None,N/A,
39.2511,asiya,Drag,Drag,1218,610,0.00,0.00,None,N/A,
39.2611,asiya,Drag,Drag,1218,610,0.00,0.00,None,N/A,
39.2707,asiya,Drag,Drag,1218,610,0.00,0.00,None,N/A,
39.2812,asiya,Drag,Drag,1218,610,0.00,0.00,None,N/A,
39.2907,asiya,Drag,Drag,1218,610,0.00,0.00,None,N/A,
39.3010,asiya,Drag,Drag,1218,610,0.00,0.00,None,N/A,
39.3105,asiya,Drag,Drag,1218,610,0.00,0.00,None,N/A,
39.3214,asiya,Drag,Drag,1218,610,0.00,0.00,None,N/A,
39.3314,asiya,Drag,Drag,1218,610,0.00,0.00,None,N/A,
39.3411,asiya,Drag,Drag,1218,610,0.00,0.00,None,N/A,
39.3506,asiya,Drag,Drag,1218,610,0.00,0.00,None,N/A,
39.3613,asiya,Drag,Drag,1218,610,0.00,0.00,None,N/A,
39.3709,asiya,Drag,Drag,1218,610,0.00,0.00,None,N/A,
39.3820,asiya,Drag,Drag,1218,610,0.00,0.00,None,N/A,
39.3907,asiya,Drag,Drag,1218,610,0.00,0.00,None,N/A,
39.4006,asiya,Drag,Drag,1218,610,0.00,0.00,None,N/A,
39.4112,asiya,Drag,Drag,1218,610,0.00,0.00,None,N/A,
39.4206,asiya,Drag,Drag,1218,610,0.00,0.00,None,N/A,
39.4310,asiya,Drag,Drag,1218,610,0.00,0.00,None,N/A,
39.4405,asiya,Drag,Drag,1218,610,0.00,0.00,None,N/A,
39.4510,asiya,Drag,Drag,1218,609,95.63,9145.39,None,N/A,
39.4610,asiya,Drag,Drag,1218,609,0.00,-9528.41,None,N/A,
39.4711,asiya,Drag,Drag,1217,609,98.81,9762.58,None,N/A,
39.4807,asiya,Drag,Drag,1214,608,328.83,23918.53,None,N/A,
39.4905,asiya,Drag,Drag,1211,608,305.92,-2336.31,None,N/A,
39.5013,asiya,Drag,Drag,1200,607,1022.37,66315.53,None,N/A,
39.5108,asiya,Drag,Drag,1191,606,957.42,-6866.49,None,N/A,
39.5207,asiya,Drag,Drag,1168,604,2337.10,139665.82,None,N/A,
39.5308,asiya,Drag,Drag,1160,604,788.83,-152665.07,None,N/A,
39.5404,asiya,Drag,Drag,1147,603,1364.14,60191.84,None,N/A,
39.5513,asiya,Drag,Drag,1141,603,547.34,-74511.50,None,N/A,
39.5611,asiya,Drag,Drag,1129,602,1233.60,70303.56,None,N/A,
39.5710,asiya,Drag,Drag,1124,602,504.75,-73577.73,None,N/A,
39.5810,asiya,Drag,Drag,1118,602,601.15,9657.75,None,N/A,
39.5904,asiya,Drag,Drag,1106,602,1272.06,71120.32,None,N/A,
39.6014,asiya,Drag,Drag,1101,602,456.97,-74494.13,None,N/A,
39.6108,asiya,Drag,Drag,1089,602,1277.97,87435.27,None,N/A,
39.6210,asiya,Drag,Drag,1084,603,496.98,-76119.75,None,N/A,
39.6307,asiya,Drag,Drag,1075,603,928.06,44452.10,None,N/A,
39.6406,asiya,Drag,Drag,1070,604,516.90,-41679.98,None,N/A,
39.6512,asiya,Drag,Drag,1062,604,752.09,22110.10,None,N/A,
39.6606,asiya,Drag,Drag,1058,604,426.27,-34721.62,None,N/A,
39.6704,asiya,Drag,Drag,1051,604,712.52,29136.87,None,N/A,
39.6808,asiya,Drag,Drag,1048,604,289.09,-40803.17,None,N/A,
39.6905,asiya,Drag,Drag,1046,604,206.61,-8520.50,None,N/A,
39.7013,asiya,Drag,Drag,1043,605,292.97,8000.56,None,N/A,
39.7113,asiya,Drag,Drag,1042,605,99.89,-19286.20,None,N/A,
39.7208,asiya,Drag,Drag,1040,605,209.39,11463.81,None,N/A,
39.7311,asiya,Drag,Drag,1039,605,97.38,-10907.14,None,N/A,
39.7413,asiya,Drag,Drag,1037,605,195.92,9652.98,None,N/A,
39.7511,asiya,Drag,Drag,1037,605,0.00,-19936.38,None,N/A,
39.7610,asiya,Drag,Drag,1036,605,101.18,10236.84,None,N/A,
39.7707,asiya,Drag,Drag,1036,605,0.00,-10461.95,None,N/A,
39.7805,asiya,Drag,Drag,1035,605,102.09,10421.54,None,N/A,
39.7913,asiya,Drag,Drag,1035,605,0.00,-9485.80,None,N/A,
39.8014,asiya,Drag,Drag,1035,605,0.00,0.00,None,N/A,
39.8109,asiya,Drag,Drag,1035,605,0.00,0.00,None,N/A,
39.8214,asiya,Drag,Drag,1035,605,0.00,0.00,None,N/A,
39.8309,asiya,Drag,Drag,1035,605,0.00,0.00,None,N/A,
39.8416,asiya,Drag,Drag,1035,605,0.00,0.00,None,N/A,
39.8513,asiya,Drag,Drag,1035,605,0.00,0.00,None,N/A,
39.8607,asiya,Drag,Drag,1035,605,0.00,0.00,None,N/A,
39.8706,asiya,Drag,Drag,1035,605,0.00,0.00,None,N/A,
39.8811,asiya,Drag,Drag,1035,605,0.00,0.00,None,N/A,
39.8906,asiya,Drag,Drag,1035,605,0.00,0.00,None,N/A,
39.9014,asiya,Drag,Drag,1035,604,92.50,8556.94,None,N/A,
39.9109,asiya,Drag,Drag,1034,604,105.76,1402.21,None,N/A,
39.9204,asiya,Drag,Drag,1034,604,0.00,-11056.49,None,N/A,
39.9307,asiya,Drag,Drag,1034,604,0.00,0.00,None,N/A,
39.9414,asiya,Drag,Drag,1034,604,0.00,0.00,None,N/A,
39.9509,asiya,Drag,Drag,1034,604,0.00,0.00,None,N/A,
39.9614,asiya,Drag,Drag,1034,604,0.00,0.00,None,N/A,
39.9713,asiya,Drag,Drag,1034,604,0.00,0.00,None,N/A,
39.9805,asiya,Drag,Drag,1034,604,0.00,0.00,None,N/A,
39.9910,asiya,Drag,Drag,1034,604,0.00,0.00,None,N/A,
40.0014,asiya,Drag,Drag,1034,604,0.00,0.00,None,N/A,
40.0110,asiya,Drag,Drag,1034,604,0.00,0.00,None,N/A,
40.0206,asiya,Drag,Drag,1035,603,147.05,15290.71,None,N/A,
40.0312,asiya,Drag,Drag,1035,603,0.00,-13948.02,None,N/A,
40.0408,asiya,Drag,Drag,1035,603,0.00,0.00,None,N/A,
40.0506,asiya,Drag,Drag,1035,603,0.00,0.00,None,N/A,
40.0611,asiya,Drag,Drag,1035,603,0.00,0.00,None,N/A,
40.0706,asiya,Drag,Drag,1035,603,0.00,0.00,None,N/A,
40.0809,asiya,Drag,Drag,1035,603,0.00,0.00,None,N/A,
40.0915,asiya,Drag,Drag,1035,603,0.00,0.00,None,N/A,
40.1011,asiya,Drag,Drag,1035,603,0.00,0.00,None,N/A,
40.1105,asiya,Drag,Drag,1035,603,0.00,0.00,None,N/A,
40.1212,asiya,Drag,Drag,1035,603,0.00,0.00,None,N/A,
40.1305,asiya,Drag,Drag,1035,603,0.00,0.00,None,N/A,
40.1410,asiya,Drag,Drag,1035,603,0.00,0.00,None,N/A,
40.1505,asiya,Drag,Drag,1035,603,0.00,0.00,None,N/A,
40.1610,asiya,Drag,Drag,1035,603,0.00,0.00,None,N/A,
40.1714,asiya,Drag,Drag,1035,603,0.00,0.00,None,N/A,
40.1808,asiya,Drag,Drag,1035,603,0.00,0.00,None,N/A,
40.1915,asiya,Drag,Drag,1035,603,0.00,0.00,None,N/A,
40.2014,asiya,Drag,Drag,1035,603,0.00,0.00,None,N/A,
40.2110,asiya,Drag,Drag,1035,603,0.00,0.00,None,N/A,
40.2204,asiya,Drag,Drag,1035,603,0.00,0.00,None,N/A,
40.2308,asiya,Drag,Drag,1035,603,0.00,0.00,None,N/A,
40.2413,asiya,Drag,Drag,1035,603,0.00,0.00,None,N/A,
40.2509,asiya,Drag,Drag,1035,603,0.00,0.00,None,N/A,
40.2613,asiya,Drag,Drag,1035,603,0.00,0.00,None,N/A,
40.2710,asiya,Drag,Drag,1043,603,826.50,85388.72,None,N/A,
40.2809,asiya,Drag,Drag,1056,604,1315.16,49289.95,None,N/A,
40.2906,asiya,Drag,Drag,1078,605,2269.31,98319.26,None,N/A,
40.3011,asiya,Drag,Drag,1086,605,766.45,-143983.35,None,N/A,
40.3111,asiya,Drag,Drag,1099,605,1294.66,52604.16,None,N/A,
40.3209,asiya,Drag,Drag,1103,606,420.74,-89178.49,None,N/A,
40.3313,asiya,Drag,Drag,1109,606,579.48,15331.86,None,N/A,
40.3405,asiya,Drag,Drag,1111,606,217.25,-39347.53,None,N/A,
40.3506,asiya,Drag,Drag,1115,606,397.23,17872.88,None,N/A,
40.3612,asiya,Drag,Drag,1117,606,187.16,-19657.95,None,N/A,
40.3706,asiya,Drag,Drag,1121,606,425.75,25395.16,None,N/A,
40.3809,asiya,Drag,Drag,1123,606,195.42,-22505.90,None,N/A,
40.3907,asiya,Drag,Drag,1124,606,101.96,-9529.69,None,N/A,
40.4009,asiya,Drag,Drag,1126,605,218.19,11341.98,None,N/A,
40.4113,asiya,Drag,Drag,1127,605,96.82,-11751.29,None,N/A,
40.4205,asiya,Drag,Drag,1128,605,107.69,1170.51,None,N/A,
40.4310,asiya,Drag,Drag,1129,605,95.57,-1158.88,None,N/A,
40.4413,asiya,Drag,Drag,1130,605,97.40,178.76,None,N/A,
40.4515,asiya,Drag,Drag,1131,605,98.17,75.88,None,N/A,
40.4610,asiya,Drag,Drag,1131,605,0.00,-10322.72,None,N/A,
40.4710,asiya,Drag,Drag,1132,605,99.31,9861.76,None,N/A,
40.4804,asiya,Drag,Drag,1132,605,0.00,-10611.19,None,N/A,
40.4913,asiya,Drag,Drag,1132,605,0.00,0.00,None,N/A,
40.5006,asiya,Drag,Drag,1133,604,152.51,16446.35,None,N/A,
40.5112,asiya,Drag,Drag,1136,604,281.18,12059.48,None,N/A,
40.5210,asiya,Drag,Drag,1138,603,230.33,-5237.15,None,N/A,
40.5307,asiya,Drag,Drag,1144,602,622.86,40193.63,None,N/A,
40.5406,asiya,Drag,Drag,1148,602,406.85,-21970.95,None,N/A,
40.5512,asiya,Drag,Drag,1157,601,849.14,41474.01,None,N/A,
40.5614,asiya,Drag,Drag,1161,601,392.67,-44810.20,None,N/A,
40.5710,asiya,Drag,Drag,1168,600,733.15,35302.36,None,N/A,
40.5812,asiya,Drag,Drag,1171,600,295.01,-43085.28,None,N/A,
40.5914,asiya,Drag,Drag,1176,599,501.25,20274.41,None,N/A,
40.6013,asiya,Drag,Drag,1177,599,100.40,-40246.03,None,N/A,
40.6109,asiya,Drag,Drag,1180,598,329.87,23937.33,None,N/A,
40.6210,asiya,Drag,Drag,1182,598,199.39,-13008.66,None,N/A,
40.6309,asiya,Drag,Drag,1183,598,100.42,-9938.26,None,N/A,
40.6405,asiya,Drag,Drag,1186,597,330.72,24085.65,None,N/A,
40.6513,asiya,Drag,Drag,1187,597,92.09,-21976.01,None,N/A,
40.6613,asiya,Drag,Drag,1191,596,412.30,32020.03,None,N/A,
40.6710,asiya,Drag,Drag,1193,595,232.35,-18698.77,None,N/A,
40.6807,asiya,Drag,Drag,1197,594,423.42,19621.30,None,N/A,
40.6907,asiya,Drag,Drag,1198,594,99.88,-32313.89,None,N/A,
40.7012,asiya,Drag,Drag,1201,593,300.78,19109.16,None,N/A,
40.7108,asiya,Drag,Drag,1202,593,104.18,-20482.20,None,N/A,
40.7206,asiya,Drag,Drag,1204,592,229.37,12840.61,None,N/A,
40.7308,asiya,Drag,Drag,1205,592,97.90,-12870.36,None,N/A,
40.7406,asiya,Drag,Drag,1205,591,102.26,445.64,None,N/A,
40.7513,asiya,Drag,Drag,1207,591,185.64,7740.05,None,N/A,
40.7613,asiya,Drag,Drag,1207,590,100.43,-8557.79,None,N/A,
40.7708,asiya,Drag,Drag,1208,590,105.48,532.59,None,N/A,
40.7810,asiya,Drag,Drag,1208,589,98.07,-726.65,None,N/A,
40.7912,asiya,Drag,Drag,1209,589,97.41,-64.35,None,N/A,
40.8011,asiya,Drag,Drag,1209,589,0.00,-9839.11,None,N/A,
40.8111,asiya,Drag,Drag,1210,589,100.26,10051.72,None,N/A,
40.8206,asiya,Drag,Drag,1210,589,0.00,-10619.30,None,N/A,
40.8312,asiya,Drag,Drag,1210,589,0.00,0.00,None,N/A,
40.8406,asiya,Drag,Drag,1210,589,0.00,0.00,None,N/A,
40.8509,asiya,Drag,Drag,1210,589,0.00,0.00,None,N/A,
40.8613,asiya,Drag,Drag,1210,589,0.00,0.00,None,N/A,
40.8708,asiya,Drag,Drag,1210,589,0.00,0.00,None,N/A,
40.8813,asiya,Drag,Drag,1210,589,0.00,0.00,None,N/A,
40.8907,asiya,Drag,Drag,1210,589,0.00,0.00,None,N/A,
40.9011,asiya,Drag,Drag,1210,589,0.00,0.00,None,N/A,
40.9106,asiya,Drag,Drag,1210,589,0.00,0.00,None,N/A,
40.9211,asiya,Drag,Drag,1210,589,0.00,0.00,None,N/A,
40.9315,asiya,Drag,Drag,1210,589,0.00,0.00,None,N/A,
40.9411,asiya,Drag,Drag,1210,589,0.00,0.00,None,N/A,
40.9506,asiya,Drag,Drag,1210,589,0.00,0.00,None,N/A,
40.9611,asiya,Drag,Drag,1210,589,0.00,0.00,None,N/A,
40.9705,asiya,Drag,Drag,1210,589,0.00,0.00,None,N/A,
40.9810,asiya,Drag,Drag,1210,589,0.00,0.00,None,N/A,
40.9906,asiya,Drag,Drag,1210,589,0.00,0.00,None,N/A,
41.0011,asiya,Drag,Drag,1210,589,0.00,0.00,None,N/A,
41.0106,asiya,Drag,Drag,1210,589,0.00,0.00,None,N/A,
41.0212,asiya,Drag,Drag,1210,589,0.00,0.00,None,N/A,
41.0308,asiya,Drag,Drag,1210,589,0.00,0.00,None,N/A,
41.0412,asiya,Drag,Drag,1210,589,0.00,0.00,None,N/A,
41.0511,asiya,Drag,Drag,1210,589,0.00,0.00,None,N/A,
41.0605,asiya,Drag,Drag,1210,589,0.00,0.00,None,N/A,
41.0709,asiya,Drag,Drag,1210,589,0.00,0.00,None,N/A,
41.0805,asiya,Drag,Drag,1210,589,0.00,0.00,None,N/A,
41.0912,asiya,Drag,Drag,1210,589,0.00,0.00,None,N/A,
41.1008,asiya,Drag,Drag,1210,589,0.00,0.00,None,N/A,
41.1112,asiya,Drag,Drag,1210,589,0.00,0.00,None,N/A,
41.1208,asiya,Drag,Drag,1210,589,0.00,0.00,None,N/A,
41.1283,asiya,Drag,Drag,1210,589,0.00,0.00,Left,N/A,drag_start
41.1305,asiya,Drag,Drag,1210,589,0.00,0.00,Left,N/A,
41.1408,asiya,Drag,Drag,1210,589,0.00,0.00,Left,N/A,
41.1514,asiya,Drag,Drag,1210,589,0.00,0.00,Left,N/A,
41.1609,asiya,Drag,Drag,1210,589,0.00,0.00,Left,N/A,
41.1713,asiya,Drag,Drag,1210,589,0.00,0.00,Left,N/A,
41.1806,asiya,Drag,Drag,1210,589,0.00,0.00,Left,N/A,
41.1911,asiya,Drag,Drag,1210,589,0.00,0.00,Left,N/A,
41.2006,asiya,Drag,Drag,1210,589,0.00,0.00,Left,N/A,
41.2110,asiya,Drag,Drag,1210,589,0.00,0.00,Left,N/A,
41.2214,asiya,Drag,Drag,1210,589,0.00,0.00,Left,N/A,
41.2308,asiya,Drag,Drag,1210,589,0.00,0.00,Left,N/A,
41.2413,asiya,Drag,Drag,1210,589,0.00,0.00,Left,N/A,
41.2509,asiya,Drag,Drag,1210,589,0.00,0.00,Left,N/A,
41.2619,asiya,Drag,Drag,1210,589,0.00,0.00,Left,N/A,
41.2706,asiya,Drag,Drag,1210,589,0.00,0.00,Left,N/A,
41.2812,asiya,Drag,Drag,1210,589,0.00,0.00,Left,N/A,
41.2904,asiya,Drag,Drag,1178,584,3527.83,384262.66,Left,N/A,
41.3008,asiya,Drag,Drag,1134,577,4275.52,71751.38,Left,N/A,
41.3106,asiya,Drag,Drag,1105,573,2989.47,-131329.65,Left,N/A,
41.3214,asiya,Drag,Drag,1073,569,3004.03,1356.02,Left,N/A,
41.3305,asiya,Drag,Drag,1058,567,1658.69,-147461.32,Left,N/A,
41.3410,asiya,Drag,Drag,1033,564,2403.23,71062.26,Left,N/A,
41.3509,asiya,Drag,Drag,1021,562,1229.87,-118620.33,Left,N/A,
41.3606,asiya,Drag,Drag,1001,560,2062.65,85460.28,Left,N/A,
41.3705,asiya,Drag,Drag,992,560,908.51,-116504.99,Left,N/A,
41.3804,asiya,Drag,Drag,972,558,2028.35,113007.97,Left,N/A,
41.3912,asiya,Drag,Drag,965,558,649.10,-127896.32,Left,N/A,
41.4006,asiya,Drag,Drag,954,558,1169.01,55252.74,Left,N/A,
41.4114,asiya,Drag,Drag,949,558,464.18,-65433.52,Left,N/A,
41.4206,asiya,Drag,Drag,940,558,978.38,55898.00,Left,N/A,
41.4313,asiya,Drag,Drag,937,558,278.91,-65029.14,Left,N/A,
41.4413,asiya,Drag,Drag,930,558,705.18,42942.53,Left,N/A,
41.4509,asiya,Drag,Drag,927,558,311.67,-40881.56,Left,N/A,
41.4607,asiya,Drag,Drag,924,558,304.60,-717.76,Left,N/A,
41.4704,asiya,Drag,Drag,919,558,516.49,21887.95,Left,N/A,
41.4813,asiya,Drag,Drag,917,558,183.88,-30580.38,Left,N/A,
41.4911,asiya,Drag,Drag,913,558,408.02,22862.38,Left,N/A,
41.5005,asiya,Drag,Drag,910,558,319.73,-9409.37,Left,N/A,
41.5107,asiya,Drag,Drag,906,558,392.17,7101.79,Left,N/A,
41.5205,asiya,Drag,Drag,904,557,228.58,-16722.26,Left,N/A,
41.5306,asiya,Drag,Drag,902,557,196.74,-3131.97,Left,N/A,
41.5413,asiya,Drag,Drag,900,557,186.79,-929.99,Left,N/A,
41.5511,asiya,Drag,Drag,898,557,205.02,1869.08,Left,N/A,
41.5611,asiya,Drag,Drag,897,557,100.09,-10502.48,Left,N/A,
41.5704,asiya,Drag,Drag,896,557,106.89,726.03,Left,N/A,
41.5805,asiya,Drag,Drag,895,557,99.57,-728.83,Left,N/A,
41.5912,asiya,Drag,Drag,895,556,93.14,-598.08,Left,N/A,
41.6012,asiya,Drag,Drag,894,556,100.46,734.64,Left,N/A,
41.6111,asiya,Drag,Drag,894,556,0.00,-10175.56,Left,N/A,
41.6205,asiya,Drag,Drag,894,556,0.00,0.00,Left,N/A,
41.6310,asiya,Drag,Drag,894,556,0.00,0.00,Left,N/A,
41.6405,asiya,Drag,Drag,894,556,0.00,0.00,Left,N/A,
41.6511,asiya,Drag,Drag,894,556,0.00,0.00,Left,N/A,
41.6606,asiya,Drag,Drag,894,556,0.00,0.00,Left,N/A,
41.6708,asiya,Drag,Drag,894,556,0.00,0.00,Left,N/A,
41.6809,asiya,Drag,Drag,894,557,98.53,9707.61,Left,N/A,
41.6913,asiya,Drag,Drag,894,557,0.00,-9530.75,Left,N/A,
41.7014,asiya,Drag,Drag,894,557,0.00,0.00,Left,N/A,
41.7114,asiya,Drag,Drag,894,558,99.15,9830.54,Left,N/A,
41.7207,asiya,Drag,Drag,894,558,0.00,-10735.23,Left,N/A,
41.7306,asiya,Drag,Drag,894,559,100.65,10130.51,Left,N/A,
41.7405,asiya,Drag,Drag,894,559,0.00,-10232.16,Left,N/A,
41.7510,asiya,Drag,Drag,894,559,0.00,0.00,Left,N/A,
41.7605,asiya,Drag,Drag,894,559,0.00,0.00,Left,N/A,
41.7706,asiya,Drag,Drag,895,560,139.26,13713.17,Left,N/A,
41.7806,asiya,Drag,Drag,895,560,0.00,-13888.60,Left,N/A,
41.7912,asiya,Drag,Drag,896,560,94.52,8933.14,Left,N/A,
41.8009,asiya,Drag,Drag,896,561,103.41,919.50,Left,N/A,
41.8108,asiya,Drag,Drag,897,561,100.94,-248.70,Left,N/A,
41.8208,asiya,Drag,Drag,897,561,0.00,-10048.36,Left,N/A,
41.8309,asiya,Drag,Drag,897,561,0.00,0.00,Left,N/A,
41.8415,asiya,Drag,Drag,898,562,133.96,12689.92,Left,N/A,
41.8514,asiya,Drag,Drag,898,562,0.00,-13520.48,Left,N/A,
41.8611,asiya,Drag,Drag,899,562,103.07,10623.29,Left,N/A,
41.8707,asiya,Drag,Drag,899,562,0.00,-10688.16,Left,N/A,
41.8805,asiya,Drag,Drag,900,562,102.47,10500.62,Left,N/A,
41.8913,asiya,Drag,Drag,901,562,92.08,-957.33,Left,N/A,
41.9011,asiya,Drag,Drag,902,562,101.89,1000.03,Left,N/A,
41.9110,asiya,Drag,Drag,903,562,100.94,-96.03,Left,N/A,
41.9206,asiya,Drag,Drag,904,562,105.19,447.37,Left,N/A,
41.9307,asiya,Drag,Drag,905,562,98.93,-619.09,Left,N/A,
41.9413,asiya,Drag,Drag,906,562,94.19,-446.59,Left,N/A,
41.9511,asiya,Drag,Drag,907,562,101.74,768.06,Left,N/A,
41.9611,asiya,Drag,Drag,908,562,99.94,-180.25,Left,N/A,
41.9704,asiya,Drag,Drag,909,561,151.62,5540.20,Left,N/A,
41.9810,asiya,Drag,Drag,910,561,94.44,-5399.76,Left,N/A,
41.9907,asiya,Drag,Drag,911,560,146.54,5398.92,Left,N/A,
42.0012,asiya,Drag,Drag,911,560,0.00,-13893.15,Left,N/A,
42.0110,asiya,Drag,Drag,912,559,145.29,14925.88,Left,N/A,
42.0208,asiya,Drag,Drag,912,559,0.00,-14697.99,Left,N/A,
42.0310,asiya,Drag,Drag,912,559,0.00,0.00,Left,N/A,
42.0405,asiya,Drag,Drag,912,558,105.76,11184.44,Left,N/A,
42.0511,asiya,Drag,Drag,912,558,0.00,-9978.74,Left,N/A,
42.0612,asiya,Drag,Drag,912,558,0.00,0.00,Left,N/A,
42.0711,asiya,Drag,Drag,912,558,0.00,0.00,Left,N/A,
42.0808,asiya,Drag,Drag,912,558,0.00,0.00,Left,N/A,
42.0912,asiya,Drag,Drag,912,558,0.00,0.00,Left,N/A,
42.1012,asiya,Drag,Drag,912,558,0.00,0.00,Left,N/A,
42.1106,asiya,Drag,Drag,912,558,0.00,0.00,Left,N/A,
42.1211,asiya,Drag,Drag,912,558,0.00,0.00,Left,N/A,
42.1314,asiya,Drag,Drag,912,557,96.70,9350.63,Left,N/A,
42.1409,asiya,Drag,Drag,912,557,0.00,-10173.93,Left,N/A,
42.1514,asiya,Drag,Drag,912,557,0.00,0.00,Left,N/A,
42.1609,asiya,Drag,Drag,913,557,104.50,10919.64,Left,N/A,
42.1707,asiya,Drag,Drag,913,557,0.00,-10679.38,Left,N/A,
42.1813,asiya,Drag,Drag,913,557,0.00,0.00,Left,N/A,
42.1914,asiya,Drag,Drag,913,557,0.00,0.00,Left,N/A,
42.2012,asiya,Drag,Drag,914,557,101.89,10380.57,Left,N/A,
42.2111,asiya,Drag,Drag,914,557,0.00,-10303.24,Left,N/A,
42.2206,asiya,Drag,Drag,914,557,0.00,0.00,Left,N/A,
42.2309,asiya,Drag,Drag,914,557,0.00,0.00,Left,N/A,
42.2409,asiya,Drag,Drag,914,557,0.00,0.00,Left,N/A,
42.2505,asiya,Drag,Drag,914,557,0.00,0.00,Left,N/A,
42.2611,asiya,Drag,Drag,914,557,0.00,0.00,Left,N/A,
42.2710,asiya,Drag,Drag,914,557,0.00,0.00,Left,N/A,
42.2805,asiya,Drag,Drag,914,557,0.00,0.00,Left,N/A,
42.2909,asiya,Drag,Drag,914,557,0.00,0.00,Left,N/A,
42.3014,asiya,Drag,Drag,914,557,0.00,0.00,Left,N/A,
42.3108,asiya,Drag,Drag,914,557,0.00,0.00,Left,N/A,
42.3213,asiya,Drag,Drag,914,557,0.00,0.00,Left,N/A,
42.3308,asiya,Drag,Drag,914,557,0.00,0.00,Left,N/A,
42.3412,asiya,Drag,Drag,914,557,0.00,0.00,Left,N/A,
42.3508,asiya,Drag,Drag,914,557,0.00,0.00,Left,N/A,
42.3613,asiya,Drag,Drag,914,557,0.00,0.00,Left,N/A,
42.3709,asiya,Drag,Drag,914,557,0.00,0.00,Left,N/A,
42.3814,asiya,Drag,Drag,914,557,0.00,0.00,Left,N/A,
42.3820,asiya,Drag,Drag,914,557,0.00,0.00,None,N/A,drag_end_success
42.3910,asiya,Drag,Drag,914,557,0.00,0.00,None,N/A,
42.4005,asiya,Drag,Drag,914,557,0.00,0.00,None,N/A,
42.4112,asiya,Drag,Drag,914,557,0.00,0.00,None,N/A,
42.4206,asiya,Drag,Drag,914,557,0.00,0.00,None,N/A,
42.4311,asiya,Drag,Drag,914,557,0.00,0.00,None,N/A,
42.4406,asiya,Drag,Drag,914,557,0.00,0.00,None,N/A,
42.4510,asiya,Drag,Drag,914,557,0.00,0.00,None,N/A,
42.4614,asiya,Drag,Drag,914,557,0.00,0.00,None,N/A,
42.4708,asiya,Drag,Drag,914,557,0.00,0.00,None,N/A,
42.4812,asiya,Drag,Drag,914,557,0.00,0.00,None,N/A,
42.4907,asiya,Drag,Drag,914,557,0.00,0.00,None,N/A,
42.5005,asiya,Drag,Drag,914,557,0.00,0.00,None,N/A,
42.5110,asiya,Drag,Drag,914,557,0.00,0.00,None,N/A,
42.5214,asiya,Drag,Drag,914,557,0.00,0.00,None,N/A,
42.5310,asiya,Drag,Drag,914,557,0.00,0.00,None,N/A,
42.5414,asiya,Drag,Drag,914,557,0.00,0.00,None,N/A,
42.5510,asiya,Drag,Drag,914,557,0.00,0.00,None,N/A,
42.5605,asiya,Drag,Drag,914,557,0.00,0.00,None,N/A,
42.5710,asiya,Drag,Drag,914,557,0.00,0.00,None,N/A,
42.5814,asiya,Drag,Drag,914,557,0.00,0.00,None,N/A,
42.5910,asiya,Drag,Drag,914,557,0.00,0.00,None,N/A,
42.6006,asiya,Drag,Drag,914,557,0.00,0.00,None,N/A,
42.6112,asiya,Drag,Drag,914,557,0.00,0.00,None,N/A,
42.6206,asiya,Drag,Drag,914,557,0.00,0.00,None,N/A,
42.6310,asiya,Drag,Drag,914,557,0.00,0.00,None,N/A,
42.6405,asiya,Drag,Drag,914,557,0.00,0.00,None,N/A,
42.6510,asiya,Drag,Drag,914,557,0.00,0.00,None,N/A,
42.6605,asiya,Drag,Drag,914,557,0.00,0.00,None,N/A,
42.6709,asiya,Drag,Drag,914,557,0.00,0.00,None,N/A,
42.6813,asiya,Drag,Drag,914,557,0.00,0.00,None,N/A,
42.6909,asiya,Drag,Drag,914,557,0.00,0.00,None,N/A,
42.7015,asiya,Drag,Drag,914,557,0.00,0.00,None,N/A,
42.7110,asiya,Drag,Drag,914,557,0.00,0.00,None,N/A,
42.7208,asiya,Drag,Drag,914,557,0.00,0.00,None,N/A,
42.7313,asiya,Drag,Drag,914,557,0.00,0.00,None,N/A,
42.7409,asiya,Drag,Drag,914,557,0.00,0.00,None,N/A,
42.7514,asiya,Drag,Drag,914,557,0.00,0.00,None,N/A,
42.7609,asiya,Drag,Drag,914,557,0.00,0.00,None,N/A,
42.7713,asiya,Drag,Drag,914,557,0.00,0.00,None,N/A,
42.7807,asiya,Drag,Drag,914,557,0.00,0.00,None,N/A,
42.7911,asiya,Drag,Drag,914,557,0.00,0.00,None,N/A,
42.8009,asiya,Drag,Drag,914,557,0.00,0.00,None,N/A,
42.8114,asiya,Drag,Drag,914,557,0.00,0.00,None,N/A,
42.8208,asiya,Drag,Drag,914,557,0.00,0.00,None,N/A,
42.8312,asiya,Drag,Drag,914,557,0.00,0.00,None,N/A,
42.8407,asiya,Drag,Drag,914,557,0.00,0.00,None,N/A,
42.8505,asiya,Drag,Drag,914,557,0.00,0.00,None,N/A,
42.8605,asiya,Drag,Drag,914,557,0.00,0.00,None,N/A,
42.8709,asiya,Drag,Drag,914,557,0.00,0.00,None,N/A,
42.8814,asiya,Drag,Drag,914,557,0.00,0.00,None,N/A,
42.8909,asiya,Drag,Drag,914,557,0.00,0.00,None,N/A,
42.9005,asiya,Drag,Drag,914,557,0.00,0.00,None,N/A,
42.9113,asiya,Drag,Drag,936,553,2064.08,190531.33,None,N/A,
42.9210,asiya,Drag,Drag,981,544,4739.64,276332.29,None,N/A,
42.9307,asiya,Drag,Drag,1071,521,9555.34,495365.05,None,N/A,
42.9409,asiya,Drag,Drag,1098,515,2711.12,-670875.26,None,N/A,
42.9505,asiya,Drag,Drag,1121,510,2460.24,-26222.78,None,N/A,
42.9614,asiya,Drag,Drag,1159,502,3562.81,101156.89,None,N/A,
42.9711,asiya,Drag,Drag,1175,499,1678.92,-194295.18,None,N/A,
42.9809,asiya,Drag,Drag,1201,496,2658.39,99486.19,None,N/A,
42.9906,asiya,Drag,Drag,1212,496,1132.82,-157108.33,None,N/A,
43.0013,asiya,Drag,Drag,1230,496,1692.28,52597.68,None,N/A,
43.0114,asiya,Drag,Drag,1238,496,793.91,-89152.58,None,N/A,
43.0205,asiya,Drag,Drag,1250,496,1316.20,57287.60,None,N/A,
43.0309,asiya,Drag,Drag,1254,497,393.58,-88071.23,None,N/A,
43.0405,asiya,Drag,Drag,1259,497,521.52,13345.05,None,N/A,
43.0504,asiya,Drag,Drag,1262,497,303.31,-22062.09,None,N/A,
43.0610,asiya,Drag,Drag,1266,498,388.49,8025.48,None,N/A,
43.0710,asiya,Drag,Drag,1268,498,200.55,-18845.55,None,N/A,
43.0811,asiya,Drag,Drag,1270,498,198.18,-234.27,None,N/A,
43.0908,asiya,Drag,Drag,1273,499,327.39,13376.99,None,N/A,
43.1006,asiya,Drag,Drag,1274,499,101.36,-22909.88,None,N/A,
43.1114,asiya,Drag,Drag,1276,500,207.24,9813.73,None,N/A,
43.1212,asiya,Drag,Drag,1277,500,102.09,-10735.00,None,N/A,
43.1309,asiya,Drag,Drag,1278,501,145.98,4530.02,None,N/A,
43.1405,asiya,Drag,Drag,1278,501,0.00,-15135.79,None,N/A,
43.1511,asiya,Drag,Drag,1278,502,94.99,9022.37,None,N/A,
43.1610,asiya,Drag,Drag,1278,503,101.17,625.61,None,N/A,
43.1709,asiya,Drag,Drag,1277,504,142.31,4139.47,None,N/A,
43.1808,asiya,Drag,Drag,1277,504,0.00,-14316.05,None,N/A,
43.1908,asiya,Drag,Drag,1277,505,100.13,10025.34,None,N/A,
43.2007,asiya,Drag,Drag,1276,506,142.82,4312.14,None,N/A,
43.2115,asiya,Drag,Drag,1275,507,130.86,-1107.06,None,N/A,
43.2206,asiya,Drag,Drag,1274,509,247.50,12910.22,None,N/A,
43.2315,asiya,Drag,Drag,1273,510,129.14,-10808.08,None,N/A,
43.2407,asiya,Drag,Drag,1272,512,243.41,12439.41,None,N/A,
43.2516,asiya,Drag,Drag,1271,513,129.73,-10428.59,None,N/A,
43.2613,asiya,Drag,Drag,1270,516,327.45,20473.12,None,N/A,
43.2707,asiya,Drag,Drag,1269,518,237.13,-9577.84,None,N/A,
43.2807,asiya,Drag,Drag,1269,520,199.58,-3747.05,None,N/A,
43.2908,asiya,Drag,Drag,1268,522,221.63,2185.45,None,N/A,
43.3006,asiya,Drag,Drag,1268,523,101.79,-12198.52,None,N/A,
43.3114,asiya,Drag,Drag,1268,526,278.94,16472.46,None,N/A,
43.3213,asiya,Drag,Drag,1268,527,101.27,-17992.74,None,N/A,
43.3306,asiya,Drag,Drag,1268,530,322.63,23806.40,None,N/A,
43.3407,asiya,Drag,Drag,1269,531,139.12,-18052.31,None,N/A,
43.3511,asiya,Drag,Drag,1269,533,192.58,5147.52,None,N/A,
43.3613,asiya,Drag,Drag,1269,534,98.53,-9266.35,None,N/A,
43.3704,asiya,Drag,Drag,1269,536,218.10,13038.40,None,N/A,
43.3809,asiya,Drag,Drag,1269,537,95.18,-11699.22,None,N/A,
43.3908,asiya,Drag,Drag,1270,539,227.52,13464.83,None,N/A,
43.4012,asiya,Drag,Drag,1270,539,0.00,-21744.02,None,N/A,
43.4111,asiya,Drag,Drag,1270,541,202.57,20518.20,None,N/A,
43.4212,asiya,Drag,Drag,1271,541,99.26,-10255.00,None,N/A,
43.4311,asiya,Drag,Drag,1271,542,100.18,91.92,None,N/A,
43.4411,asiya,Drag,Drag,1272,543,142.52,4266.84,None,N/A,
43.4505,asiya,Drag,Drag,1273,544,149.36,722.38,None,N/A,
43.4614,asiya,Drag,Drag,1274,546,205.30,5136.19,None,N/A,
43.4712,asiya,Drag,Drag,1275,547,144.11,-6235.29,None,N/A,
43.4809,asiya,Drag,Drag,1278,549,375.01,24016.03,None,N/A,
43.4907,asiya,Drag,Drag,1279,549,101.78,-27809.46,None,N/A,
43.5013,asiya,Drag,Drag,1282,551,340.77,22587.99,None,N/A,
43.5114,asiya,Drag,Drag,1283,552,139.95,-19873.26,None,N/A,
43.5208,asiya,Drag,Drag,1287,554,472.37,35112.62,None,N/A,
43.5311,asiya,Drag,Drag,1288,554,97.86,-36649.46,None,N/A,
43.5410,asiya,Drag,Drag,1290,555,225.46,12866.17,None,N/A,
43.5514,asiya,Drag,Drag,1292,556,213.89,-1106.66,None,N/A,
43.5614,asiya,Drag,Drag,1293,557,141.28,-7253.97,None,N/A,
43.5710,asiya,Drag,Drag,1296,557,315.14,18263.42,None,N/A,
43.5811,asiya,Drag,Drag,1297,557,98.18,-21301.29,None,N/A,
43.5910,asiya,Drag,Drag,1299,558,226.73,13033.79,None,N/A,
43.6006,asiya,Drag,Drag,1300,558,104.45,-12771.69,None,N/A,
43.6113,asiya,Drag,Drag,1302,558,186.65,7672.08,None,N/A,
43.6213,asiya,Drag,Drag,1303,558,100.42,-8659.64,None,N/A,
43.6309,asiya,Drag,Drag,1305,558,208.41,11253.61,None,N/A,
43.6409,asiya,Drag,Drag,1306,558,99.81,-10839.67,None,N/A,
43.6506,asiya,Drag,Drag,1307,558,102.70,296.70,None,N/A,
43.6605,asiya,Drag,Drag,1308,558,100.66,-205.68,None,N/A,
43.6712,asiya,Drag,Drag,1309,558,93.55,-665.17,None,N/A,
43.6810,asiya,Drag,Drag,1310,558,102.44,910.44,None,N/A,
43.6907,asiya,Drag,Drag,1311,558,102.81,37.95,None,N/A,
43.7013,asiya,Drag,Drag,1311,558,0.00,-9761.01,None,N/A,
43.7111,asiya,Drag,Drag,1311,558,0.00,0.00,None,N/A,
43.7209,asiya,Drag,Drag,1312,558,102.04,10412.93,None,N/A,
43.7309,asiya,Drag,Drag,1312,558,0.00,-10230.48,None,N/A,
43.7409,asiya,Drag,Drag,1313,558,100.11,10022.95,None,N/A,
43.7515,asiya,Drag,Drag,1313,558,0.00,-9433.67,None,N/A,
43.7609,asiya,Drag,Drag,1313,558,0.00,0.00,None,N/A,
43.7714,asiya,Drag,Drag,1313,558,0.00,0.00,None,N/A,
43.7808,asiya,Drag,Drag,1313,558,0.00,0.00,None,N/A,
43.7913,asiya,Drag,Drag,1313,558,0.00,0.00,None,N/A,
43.8013,asiya,Drag,Drag,1313,558,0.00,0.00,None,N/A,
43.8110,asiya,Drag,Drag,1313,558,0.00,0.00,None,N/A,
43.8214,asiya,Drag,Drag,1313,558,0.00,0.00,None,N/A,
43.8309,asiya,Drag,Drag,1313,558,0.00,0.00,None,N/A,
43.8414,asiya,Drag,Drag,1313,558,0.00,0.00,None,N/A,
43.8513,asiya,Drag,Drag,1313,558,0.00,0.00,None,N/A,
43.8606,asiya,Drag,Drag,1313,558,0.00,0.00,None,N/A,
43.8712,asiya,Drag,Drag,1313,558,0.00,0.00,None,N/A,
43.8806,asiya,Drag,Drag,1313,558,0.00,0.00,None,N/A,
43.8911,asiya,Drag,Drag,1313,558,0.00,0.00,None,N/A,
43.9007,asiya,Drag,Drag,1313,558,0.00,0.00,None,N/A,
43.9112,asiya,Drag,Drag,1313,558,0.00,0.00,None,N/A,
43.9207,asiya,Drag,Drag,1313,558,0.00,0.00,None,N/A,
43.9311,asiya,Drag,Drag,1313,558,0.00,0.00,None,N/A,
43.9406,asiya,Drag,Drag,1313,558,0.00,0.00,None,N/A,
43.9511,asiya,Drag,Drag,1313,558,0.00,0.00,None,N/A,
43.9607,asiya,Drag,Drag,1313,558,0.00,0.00,None,N/A,
43.9711,asiya,Drag,Drag,1313,558,0.00,0.00,None,N/A,
43.9815,asiya,Drag,Drag,1313,558,0.00,0.00,None,N/A,
43.9910,asiya,Drag,Drag,1313,558,0.00,0.00,None,N/A,
44.0005,asiya,Drag,Drag,1313,558,0.00,0.00,None,N/A,
44.0110,asiya,Drag,Drag,1313,558,0.00,0.00,None,N/A,
44.0162,asiya,Drag,Drag,1313,558,0.00,0.00,Left,N/A,drag_start
44.0210,asiya,Drag,Drag,1313,558,0.00,0.00,Left,N/A,
44.0314,asiya,Drag,Drag,1313,558,0.00,0.00,Left,N/A,
44.0409,asiya,Drag,Drag,1313,558,0.00,0.00,Left,N/A,
44.0505,asiya,Drag,Drag,1313,558,0.00,0.00,Left,N/A,
44.0610,asiya,Drag,Drag,1313,558,0.00,0.00,Left,N/A,
44.0704,asiya,Drag,Drag,1313,558,0.00,0.00,Left,N/A,
44.0808,asiya,Drag,Drag,1313,558,0.00,0.00,Left,N/A,
44.0913,asiya,Drag,Drag,1313,558,0.00,0.00,Left,N/A,
44.1008,asiya,Drag,Drag,1313,558,0.00,0.00,Left,N/A,
44.1114,asiya,Drag,Drag,1313,558,0.00,0.00,Left,N/A,
44.1209,asiya,Drag,Drag,1313,558,0.00,0.00,Left,N/A,
44.1313,asiya,Drag,Drag,1313,558,0.00,0.00,Left,N/A,
44.1408,asiya,Drag,Drag,1313,558,0.00,0.00,Left,N/A,
44.1512,asiya,Drag,Drag,1313,558,0.00,0.00,Left,N/A,
44.1607,asiya,Drag,Drag,1313,558,0.00,0.00,Left,N/A,
44.1712,asiya,Drag,Drag,1313,558,0.00,0.00,Left,N/A,
44.1806,asiya,Drag,Drag,1313,558,0.00,0.00,Left,N/A,
44.1914,asiya,Drag,Drag,1310,555,393.88,36568.07,Left,N/A,
44.2008,asiya,Drag,Drag,1298,543,1806.27,150327.99,Left,N/A,
44.2109,asiya,Drag,Drag,1290,536,1044.37,-74853.83,Left,N/A,
44.2205,asiya,Drag,Drag,1282,528,1187.22,14990.46,Left,N/A,
44.2306,asiya,Drag,Drag,1266,515,2029.00,82848.68,Left,N/A,
44.2414,asiya,Drag,Drag,1253,505,1525.42,-46836.28,Left,N/A,
44.2508,asiya,Drag,Drag,1247,501,761.87,-80670.47,Left,N/A,
44.2612,asiya,Drag,Drag,1242,497,620.19,-13723.05,Left,N/A,
44.2706,asiya,Drag,Drag,1234,492,1005.57,41077.15,Left,N/A,
44.2806,asiya,Drag,Drag,1230,489,496.99,-50551.34,Left,N/A,
44.2911,asiya,Drag,Drag,1223,485,766.13,25575.75,Left,N/A,
44.3009,asiya,Drag,Drag,1220,483,368.59,-40640.15,Left,N/A,
44.3106,asiya,Drag,Drag,1215,480,599.83,23787.62,Left,N/A,
44.3207,asiya,Drag,Drag,1213,479,222.94,-37576.58,Left,N/A,
44.3308,asiya,Drag,Drag,1211,478,221.08,-183.94,Left,N/A,
44.3412,asiya,Drag,Drag,1210,477,135.55,-8198.25,Left,N/A,
44.3511,asiya,Drag,Drag,1208,476,226.72,9243.61,Left,N/A,
44.3612,asiya,Drag,Drag,1208,476,0.00,-22289.44,Left,N/A,
44.3710,asiya,Drag,Drag,1207,475,144.71,14808.13,Left,N/A,
44.3813,asiya,Drag,Drag,1206,475,96.88,-4634.30,Left,N/A,
44.3905,asiya,Drag,Drag,1206,474,109.51,1383.88,Left,N/A,
44.4013,asiya,Drag,Drag,1206,474,0.00,-10109.52,Left,N/A,
44.4110,asiya,Drag,Drag,1206,473,103.50,10712.61,Left,N/A,
44.4208,asiya,Drag,Drag,1206,473,0.00,-10487.71,Left,N/A,
44.4309,asiya,Drag,Drag,1206,473,0.00,0.00,Left,N/A,
44.4404,asiya,Drag,Drag,1206,472,104.60,10941.98,Left,N/A,
44.4510,asiya,Drag,Drag,1206,471,94.85,-925.45,Left,N/A,
44.4609,asiya,Drag,Drag,1206,469,201.94,10813.30,Left,N/A,
44.4705,asiya,Drag,Drag,1206,467,207.02,526.19,Left,N/A,
44.4806,asiya,Drag,Drag,1206,466,99.08,-10695.09,Left,N/A,
44.4911,asiya,Drag,Drag,1206,463,285.04,17668.95,Left,N/A,
44.5011,asiya,Drag,Drag,1206,461,201.55,-8413.81,Left,N/A,
44.5110,asiya,Drag,Drag,1206,458,301.15,9997.82,Left,N/A,
44.5207,asiya,Drag,Drag,1206,456,206.15,-9792.10,Left,N/A,
44.5313,asiya,Drag,Drag,1206,453,284.04,7374.57,Left,N/A,
44.5411,asiya,Drag,Drag,1206,451,203.87,-8172.04,Left,N/A,
44.5509,asiya,Drag,Drag,1205,446,522.46,32643.46,Left,N/A,
44.5607,asiya,Drag,Drag,1205,443,305.21,-22102.12,Left,N/A,
44.5707,asiya,Drag,Drag,1205,438,501.47,19683.80,Left,N/A,
44.5805,asiya,Drag,Drag,1205,435,303.46,-20029.53,Left,N/A,
44.5915,asiya,Drag,Drag,1205,429,548.23,22364.81,Left,N/A,
44.6011,asiya,Drag,Drag,1205,426,313.12,-24539.01,Left,N/A,
44.6114,asiya,Drag,Drag,1205,423,289.69,-2262.30,Left,N/A,
44.6217,asiya,Drag,Drag,1206,416,686.28,38490.80,Left,N/A,
44.6306,asiya,Drag,Drag,1206,413,339.37,-39243.44,Left,N/A,
44.6404,asiya,Drag,Drag,1207,407,618.27,28348.13,Left,N/A,
44.6511,asiya,Drag,Drag,1207,404,280.37,-31579.07,Left,N/A,
44.6608,asiya,Drag,Drag,1207,397,722.34,45607.31,Left,N/A,
44.6707,asiya,Drag,Drag,1208,392,513.64,-21022.89,Left,N/A,
44.6808,asiya,Drag,Drag,1208,384,794.75,27927.05,Left,N/A,
44.6913,asiya,Drag,Drag,1208,381,285.02,-48427.69,Left,N/A,
44.7013,asiya,Drag,Drag,1208,377,400.23,11527.89,Left,N/A,
44.7104,asiya,Drag,Drag,1208,375,219.51,-19834.84,Left,N/A,
44.7209,asiya,Drag,Drag,1208,374,95.37,-11839.46,Left,N/A,
44.7308,asiya,Drag,Drag,1208,372,201.61,10708.35,Left,N/A,
44.7414,asiya,Drag,Drag,1208,371,95.06,-10128.24,Left,N/A,
44.7510,asiya,Drag,Drag,1208,369,208.08,11757.90,Left,N/A,
44.7611,asiya,Drag,Drag,1209,368,139.14,-6782.50,Left,N/A,
44.7710,asiya,Drag,Drag,1209,367,101.54,-3817.52,Left,N/A,
44.7807,asiya,Drag,Drag,1209,366,103.11,161.12,Left,N/A,
44.7905,asiya,Drag,Drag,1209,366,0.00,-10495.92,Left,N/A,
44.8004,asiya,Drag,Drag,1209,366,0.00,0.00,Left,N/A,
44.8113,asiya,Drag,Drag,1209,365,91.99,8462.61,Left,N/A,
44.8207,asiya,Drag,Drag,1209,365,0.00,-9783.57,Left,N/A,
44.8311,asiya,Drag,Drag,1209,365,0.00,0.00,Left,N/A,
44.8405,asiya,Drag,Drag,1209,365,0.00,0.00,Left,N/A,
44.8511,asiya,Drag,Drag,1209,365,0.00,0.00,Left,N/A,
44.8606,asiya,Drag,Drag,1209,365,0.00,0.00,Left,N/A,
44.8707,asiya,Drag,Drag,1209,366,98.53,9707.61,Left,N/A,
44.8808,asiya,Drag,Drag,1209,366,0.00,-9782.99,Left,N/A,
44.8906,asiya,Drag,Drag,1209,366,0.00,0.00,Left,N/A,
44.9014,asiya,Drag,Drag,1209,367,92.42,8541.49,Left,N/A,
44.9105,asiya,Drag,Drag,1209,367,0.00,-10186.26,Left,N/A,
44.9209,asiya,Drag,Drag,1209,368,96.04,9223.88,Left,N/A,
44.9308,asiya,Drag,Drag,1209,368,0.00,-9693.55,Left,N/A,
44.9406,asiya,Drag,Drag,1209,368,0.00,0.00,Left,N/A,
44.9514,asiya,Drag,Drag,1209,369,92.42,8541.86,Left,N/A,
44.9612,asiya,Drag,Drag,1209,369,0.00,-9403.20,Left,N/A,
44.9705,asiya,Drag,Drag,1209,370,107.24,11500.05,Left,N/A,
44.9812,asiya,Drag,Drag,1209,370,0.00,-10086.33,Left,N/A,
44.9906,asiya,Drag,Drag,1209,370,0.00,0.00,Left,N/A,
45.0005,asiya,Drag,Drag,1209,371,101.85,10373.01,Left,N/A,
45.0112,asiya,Drag,Drag,1209,372,93.08,-815.73,Left,N/A,
45.0208,asiya,Drag,Drag,1208,373,146.76,5570.82,Left,N/A,
45.0307,asiya,Drag,Drag,1208,376,304.38,15991.06,Left,N/A,
45.0413,asiya,Drag,Drag,1207,378,209.97,-8865.10,Left,N/A,
45.0513,asiya,Drag,Drag,1207,381,302.37,9313.70,Left,N/A,
45.0614,asiya,Drag,Drag,1206,383,221.66,-8001.13,Left,N/A,
45.0707,asiya,Drag,Drag,1206,384,106.95,-12267.88,Left,N/A,
45.0809,asiya,Drag,Drag,1205,387,311.31,20119.35,Left,N/A,
45.0908,asiya,Drag,Drag,1205,389,201.70,-11054.50,Left,N/A,
45.1011,asiya,Drag,Drag,1204,391,215.97,1377.59,Left,N/A,
45.1109,asiya,Drag,Drag,1204,392,101.97,-11624.21,Left,N/A,
45.1211,asiya,Drag,Drag,1203,394,220.93,11753.35,Left,N/A,
45.1305,asiya,Drag,Drag,1203,395,105.38,-12176.77,Left,N/A,
45.1407,asiya,Drag,Drag,1202,396,139.31,3341.91,Left,N/A,
45.1511,asiya,Drag,Drag,1202,397,96.42,-4134.89,Left,N/A,
45.1611,asiya,Drag,Drag,1201,398,140.46,4373.38,Left,N/A,
45.1710,asiya,Drag,Drag,1201,398,0.00,-14230.97,Left,N/A,
45.1807,asiya,Drag,Drag,1201,399,103.31,10673.06,Left,N/A,
45.1909,asiya,Drag,Drag,1201,399,0.00,-10145.77,Left,N/A,
45.2011,asiya,Drag,Drag,1201,400,97.57,9520.19,Left,N/A,
45.2113,asiya,Drag,Drag,1201,400,0.00,-9621.35,Left,N/A,
45.2212,asiya,Drag,Drag,1201,400,0.00,0.00,Left,N/A,
45.2307,asiya,Drag,Drag,1201,400,0.00,0.00,Left,N/A,
45.2412,asiya,Drag,Drag,1201,400,0.00,0.00,Left,N/A,
45.2508,asiya,Drag,Drag,1201,400,0.00,0.00,Left,N/A,
45.2616,asiya,Drag,Drag,1201,400,0.00,0.00,Left,N/A,
45.2712,asiya,Drag,Drag,1201,400,0.00,0.00,Left,N/A,
45.2810,asiya,Drag,Drag,1201,400,0.00,0.00,Left,N/A,
45.2914,asiya,Drag,Drag,1201,400,0.00,0.00,Left,N/A,
45.3009,asiya,Drag,Drag,1201,400,0.00,0.00,Left,N/A,
45.3113,asiya,Drag,Drag,1201,400,0.00,0.00,Left,N/A,
45.3210,asiya,Drag,Drag,1200,400,102.36,10477.06,Left,N/A,
45.3310,asiya,Drag,Drag,1200,400,0.00,-10298.87,Left,N/A,
45.3405,asiya,Drag,Drag,1199,399,148.83,15662.01,Left,N/A,
45.3505,asiya,Drag,Drag,1199,399,0.00,-14883.05,Left,N/A,
45.3612,asiya,Drag,Drag,1199,399,0.00,0.00,Left,N/A,
45.3707,asiya,Drag,Drag,1199,399,0.00,0.00,Left,N/A,
45.3811,asiya,Drag,Drag,1199,399,0.00,0.00,Left,N/A,
45.3906,asiya,Drag,Drag,1199,399,0.00,0.00,Left,N/A,
45.4011,asiya,Drag,Drag,1199,399,0.00,0.00,Left,N/A,
45.4105,asiya,Drag,Drag,1199,399,0.00,0.00,Left,N/A,
45.4209,asiya,Drag,Drag,1199,399,0.00,0.00,Left,N/A,
45.4309,asiya,Drag,Drag,1199,399,0.00,0.00,Left,N/A,
45.4414,asiya,Drag,Drag,1199,399,0.00,0.00,Left,N/A,
45.4509,asiya,Drag,Drag,1199,399,0.00,0.00,Left,N/A,
45.4570,asiya,Drag,Drag,1199,399,0.00,0.00,None,N/A,drag_end_success
45.4611,asiya,Drag,Drag,1199,399,0.00,0.00,None,N/A,
45.4706,asiya,Drag,Drag,1199,399,0.00,0.00,None,N/A,
45.4810,asiya,Drag,Drag,1199,399,0.00,0.00,None,N/A,
45.4907,asiya,Drag,Drag,1199,399,0.00,0.00,None,N/A,
45.5012,asiya,Drag,Drag,1199,399,0.00,0.00,None,N/A,
45.5106,asiya,Drag,Drag,1199,399,0.00,0.00,None,N/A,
45.5210,asiya,Drag,Drag,1199,399,0.00,0.00,None,N/A,
45.5314,asiya,Drag,Drag,1199,399,0.00,0.00,None,N/A,
45.5409,asiya,Drag,Drag,1199,399,0.00,0.00,None,N/A,
45.5510,asiya,Drag,Drag,1199,399,0.00,0.00,None,N/A,
45.5607,asiya,Drag,Drag,1199,399,0.00,0.00,None,N/A,
45.5711,asiya,Drag,Drag,1199,399,0.00,0.00,None,N/A,
45.5805,asiya,Drag,Drag,1199,399,0.00,0.00,None,N/A,
45.5910,asiya,Drag,Drag,1199,399,0.00,0.00,None,N/A,
45.6006,asiya,Drag,Drag,1199,399,0.00,0.00,None,N/A,
45.6110,asiya,Drag,Drag,1199,399,0.00,0.00,None,N/A,
45.6205,asiya,Drag,Drag,1199,399,0.00,0.00,None,N/A,
45.6311,asiya,Drag,Drag,1199,399,0.00,0.00,None,N/A,
45.6408,asiya,Drag,Drag,1199,399,0.00,0.00,None,N/A,
45.6508,asiya,Drag,Drag,1199,399,0.00,0.00,None,N/A,
45.6613,asiya,Drag,Drag,1199,399,0.00,0.00,None,N/A,
45.6708,asiya,Drag,Drag,1199,399,0.00,0.00,None,N/A,
45.6812,asiya,Drag,Drag,1199,399,0.00,0.00,None,N/A,
45.6906,asiya,Drag,Drag,1199,399,0.00,0.00,None,N/A,
45.7012,asiya,Drag,Drag,1199,399,0.00,0.00,None,N/A,
45.7107,asiya,Drag,Drag,1199,399,0.00,0.00,None,N/A,
45.7215,asiya,Drag,Drag,1199,399,0.00,0.00,None,N/A,
45.7313,asiya,Drag,Drag,1199,399,0.00,0.00,None,N/A,
45.7408,asiya,Drag,Drag,1199,399,0.00,0.00,None,N/A,
45.7515,asiya,Drag,Drag,1199,399,0.00,0.00,None,N/A,
45.7610,asiya,Drag,Drag,1199,399,0.00,0.00,None,N/A,
45.7715,asiya,Drag,Drag,1199,399,0.00,0.00,None,N/A,
45.7813,asiya,Drag,Drag,1199,399,0.00,0.00,None,N/A,
45.7908,asiya,Drag,Drag,1199,399,0.00,0.00,None,N/A,
45.8005,asiya,Drag,Drag,1199,399,0.00,0.00,None,N/A,
45.8110,asiya,Drag,Drag,1199,399,0.00,0.00,None,N/A,
45.8215,asiya,Drag,Drag,1199,399,0.00,0.00,None,N/A,
45.8310,asiya,Drag,Drag,1199,399,0.00,0.00,None,N/A,
45.8405,asiya,Drag,Drag,1199,399,0.00,0.00,None,N/A,
45.8510,asiya,Drag,Drag,1199,399,0.00,0.00,None,N/A,
45.8605,asiya,Drag,Drag,1199,399,0.00,0.00,None,N/A,
45.8711,asiya,Drag,Drag,1199,399,0.00,0.00,None,N/A,
45.8808,asiya,Drag,Drag,1199,399,0.00,0.00,None,N/A,
45.8913,asiya,Drag,Drag,1199,399,0.00,0.00,None,N/A,
45.9008,asiya,Drag,Drag,1199,399,0.00,0.00,None,N/A,
45.9112,asiya,Drag,Drag,1199,399,0.00,0.00,None,N/A,
45.9207,asiya,Drag,Drag,1199,399,0.00,0.00,None,N/A,
45.9311,asiya,Drag,Drag,1199,399,0.00,0.00,None,N/A,
45.9406,asiya,Drag,Drag,1199,399,0.00,0.00,None,N/A,
45.9508,asiya,Drag,Drag,1199,399,0.00,0.00,None,N/A,
45.9612,asiya,Drag,Drag,1199,399,0.00,0.00,None,N/A,
45.9707,asiya,Drag,Drag,1199,399,0.00,0.00,None,N/A,
45.9811,asiya,Drag,Drag,1199,399,0.00,0.00,None,N/A,
45.9906,asiya,Drag,Drag,1199,399,0.00,0.00,None,N/A,
46.0006,asiya,Drag,Drag,1203,408,977.13,96943.32,None,N/A,
46.0111,asiya,Drag,Drag,1208,416,897.89,-7541.91,None,N/A,
46.0212,asiya,Drag,Drag,1218,436,2216.99,130784.63,None,N/A,
46.0312,asiya,Drag,Drag,1222,444,901.20,-132575.04,None,N/A,
46.0412,asiya,Drag,Drag,1227,456,1297.19,39513.37,None,N/A,
46.0507,asiya,Drag,Drag,1228,461,536.60,-80041.17,None,N/A,
46.0605,asiya,Drag,Drag,1230,473,1244.78,72460.47,None,N/A,
46.0713,asiya,Drag,Drag,1230,481,739.52,-46705.86,None,N/A,
46.0808,asiya,Drag,Drag,1229,497,1680.70,98672.28,None,N/A,
46.0909,asiya,Drag,Drag,1228,506,895.23,-77652.94,None,N/A,
46.1009,asiya,Drag,Drag,1225,515,947.42,5211.95,None,N/A,
46.1105,asiya,Drag,Drag,1218,533,2014.06,111233.53,None,N/A,
46.1213,asiya,Drag,Drag,1214,541,832.93,-109991.82,None,N/A,
46.1311,asiya,Drag,Drag,1206,552,1377.22,55113.00,None,N/A,
46.1408,asiya,Drag,Drag,1203,556,518.92,-89077.91,None,N/A,
46.1507,asiya,Drag,Drag,1196,563,997.06,48157.44,None,N/A,
46.1608,asiya,Drag,Drag,1193,565,356.36,-63324.22,None,N/A,
46.1706,asiya,Drag,Drag,1187,570,802.10,45776.93,None,N/A,
46.1806,asiya,Drag,Drag,1184,572,357.84,-44091.50,None,N/A,
46.1906,asiya,Drag,Drag,1180,575,499.31,14127.24,None,N/A,
46.2012,asiya,Drag,Drag,1178,576,212.28,-27249.22,None,N/A,
46.2106,asiya,Drag,Drag,1176,576,212.97,73.34,None,N/A,
46.2205,asiya,Drag,Drag,1174,577,225.04,1214.32,None,N/A,
46.2310,asiya,Drag,Drag,1174,577,0.00,-21420.76,None,N/A,
46.2405,asiya,Drag,Drag,1174,577,0.00,0.00,None,N/A,
46.2515,asiya,Drag,Drag,1174,577,0.00,0.00,None,N/A,
46.2615,asiya,Drag,Drag,1174,577,0.00,0.00,None,N/A,
46.2711,asiya,Drag,Drag,1174,577,0.00,0.00,None,N/A,
46.2807,asiya,Drag,Drag,1174,577,0.00,0.00,None,N/A,
46.2913,asiya,Drag,Drag,1174,577,0.00,0.00,None,N/A,
46.3008,asiya,Drag,Drag,1174,577,0.00,0.00,None,N/A,
46.3114,asiya,Drag,Drag,1174,577,0.00,0.00,None,N/A,
46.3209,asiya,Drag,Drag,1174,577,0.00,0.00,None,N/A,
46.3314,asiya,Drag,Drag,1174,577,0.00,0.00,None,N/A,
46.3409,asiya,Drag,Drag,1174,577,0.00,0.00,None,N/A,
46.3514,asiya,Drag,Drag,1174,577,0.00,0.00,None,N/A,
46.3609,asiya,Drag,Drag,1174,577,0.00,0.00,None,N/A,
46.3714,asiya,Drag,Drag,1174,577,0.00,0.00,None,N/A,
46.3809,asiya,Drag,Drag,1174,577,0.00,0.00,None,N/A,
46.3914,asiya,Drag,Drag,1174,577,0.00,0.00,None,N/A,
46.4010,asiya,Drag,Drag,1174,577,0.00,0.00,None,N/A,
46.4105,asiya,Drag,Drag,1174,577,0.00,0.00,None,N/A,
46.4214,asiya,Drag,Drag,1169,580,535.28,49137.94,None,N/A,
46.4310,asiya,Drag,Drag,1154,592,1990.91,150864.85,None,N/A,
46.4409,asiya,Drag,Drag,1144,601,1367.53,-63364.41,None,N/A,
46.4508,asiya,Drag,Drag,1136,610,1212.86,-15578.83,None,N/A,
46.4608,asiya,Drag,Drag,1126,620,1414.59,20177.44,None,N/A,
46.4713,asiya,Drag,Drag,1124,623,342.10,-101758.60,None,N/A,
46.4813,asiya,Drag,Drag,1119,628,711.55,37177.70,None,N/A,
46.4911,asiya,Drag,Drag,1117,631,366.67,-35073.15,None,N/A,
46.5009,asiya,Drag,Drag,1113,636,656.85,29767.94,None,N/A,
46.5110,asiya,Drag,Drag,1111,638,280.05,-37308.08,None,N/A,
46.5214,asiya,Drag,Drag,1105,644,815.81,51510.49,None,N/A,
46.5314,asiya,Drag,Drag,1103,647,358.78,-45478.20,None,N/A,
46.5410,asiya,Drag,Drag,1098,654,896.68,56070.09,None,N/A,
46.5508,asiya,Drag,Drag,1096,656,289.81,-62182.06,None,N/A,
46.5606,asiya,Drag,Drag,1095,659,320.30,3088.30,None,N/A,
46.5714,asiya,Drag,Drag,1093,662,334.09,1278.35,None,N/A,
46.5806,asiya,Drag,Drag,1092,664,243.72,-9850.49,None,N/A,
46.5910,asiya,Drag,Drag,1091,666,214.61,-2793.52,None,N/A,
46.6009,asiya,Drag,Drag,1091,667,101.48,-11480.62,None,N/A,
46.6106,asiya,Drag,Drag,1091,670,308.83,21344.97,None,N/A,
46.6214,asiya,Drag,Drag,1091,671,92.27,-19982.33,None,N/A,
46.6311,asiya,Drag,Drag,1093,674,371.03,28685.32,None,N/A,
46.6412,asiya,Drag,Drag,1094,675,139.99,-22870.27,None,N/A,
46.6504,asiya,Drag,Drag,1097,678,462.51,35158.37,None,N/A,
46.6610,asiya,Drag,Drag,1100,679,299.05,-15457.91,None,N/A,
46.6712,asiya,Drag,Drag,1108,680,791.91,48412.11,None,N/A,
46.6812,asiya,Drag,Drag,1112,680,399.09,-39193.13,None,N/A,
46.6911,asiya,Drag,Drag,1116,680,404.69,566.83,None,N/A,
46.7007,asiya,Drag,Drag,1123,679,734.64,34280.01,None,N/A,
46.7115,asiya,Drag,Drag,1126,679,277.03,-42257.27,None,N/A,
46.7204,asiya,Drag,Drag,1131,678,573.97,33425.80,None,N/A,
46.7313,asiya,Drag,Drag,1133,678,184.47,-35926.34,None,N/A,
46.7410,asiya,Drag,Drag,1136,677,325.05,14449.33,None,N/A,
46.7508,asiya,Drag,Drag,1137,677,102.17,-22771.43,None,N/A,
46.7604,asiya,Drag,Drag,1140,677,312.23,21862.48,None,N/A,
46.7707,asiya,Drag,Drag,1141,677,97.26,-20908.26,None,N/A,
46.7809,asiya,Drag,Drag,1142,677,97.45,18.06,None,N/A,
46.7914,asiya,Drag,Drag,1143,677,95.34,-200.43,None,N/A,
46.8008,asiya,Drag,Drag,1145,677,212.79,12495.61,None,N/A,
46.8107,asiya,Drag,Drag,1147,677,202.72,-1020.57,None,N/A,
46.8213,asiya,Drag,Drag,1148,677,93.97,-10219.41,None,N/A,
46.8312,asiya,Drag,Drag,1152,677,403.43,31211.80,None,N/A,
46.8411,asiya,Drag,Drag,1153,677,101.00,-30546.72,None,N/A,
46.8506,asiya,Drag,Drag,1157,679,471.33,39029.48,None,N/A,
46.8609,asiya,Drag,Drag,1158,679,97.51,-36449.94,None,N/A,
46.8713,asiya,Drag,Drag,1160,681,270.95,16615.18,None,N/A,
46.8812,asiya,Drag,Drag,1161,681,101.19,-17177.83,None,N/A,
46.8911,asiya,Drag,Drag,1163,682,225.38,12517.82,None,N/A,
46.9006,asiya,Drag,Drag,1163,682,0.00,-23725.36,None,N/A,
46.9107,asiya,Drag,Drag,1164,682,99.16,9833.33,None,N/A,
46.9214,asiya,Drag,Drag,1165,684,209.93,10398.92,None,N/A,
46.9314,asiya,Drag,Drag,1166,684,99.32,-10985.58,None,N/A,
46.9411,asiya,Drag,Drag,1168,687,372.13,28157.69,None,N/A,
46.9509,asiya,Drag,Drag,1169,688,144.58,-23263.37,None,N/A,
46.9608,asiya,Drag,Drag,1172,692,504.92,36389.75,None,N/A,
46.9714,asiya,Drag,Drag,1174,694,266.46,-22465.20,None,N/A,
46.9811,asiya,Drag,Drag,1179,699,727.92,47503.71,None,N/A,
46.9907,asiya,Drag,Drag,1181,701,293.99,-45102.65,None,N/A,
47.0004,asiya,Drag,Drag,1186,704,604.14,32134.58,None,N/A,
47.0108,asiya,Drag,Drag,1188,706,271.60,-31932.19,None,N/A,
47.0205,asiya,Drag,Drag,1190,707,230.47,-4239.39,None,N/A,
47.0312,asiya,Drag,Drag,1193,710,395.84,15428.89,None,N/A,
47.0412,asiya,Drag,Drag,1195,711,224.78,-17195.72,None,N/A,
47.0509,asiya,Drag,Drag,1197,713,291.69,6900.65,None,N/A,
47.0606,asiya,Drag,Drag,1198,714,145.11,-15040.22,None,N/A,
47.0713,asiya,Drag,Drag,1200,716,264.30,11138.19,None,N/A,
47.0814,asiya,Drag,Drag,1201,717,141.00,-12293.60,None,N/A,
47.0911,asiya,Drag,Drag,1203,719,289.44,15189.78,None,N/A,
47.1011,asiya,Drag,Drag,1204,720,142.12,-14804.78,None,N/A,
47.1114,asiya,Drag,Drag,1205,721,137.45,-453.83,None,N/A,
47.1205,asiya,Drag,Drag,1206,722,154.61,1876.50,None,N/A,
47.1306,asiya,Drag,Drag,1207,723,140.09,-1438.21,None,N/A,
47.1410,asiya,Drag,Drag,1207,724,96.14,-4225.32,None,N/A,
47.1509,asiya,Drag,Drag,1208,724,101.32,524.02,None,N/A,
47.1604,asiya,Drag,Drag,1208,725,104.59,342.74,None,N/A,
47.1705,asiya,Drag,Drag,1209,725,99.14,-540.47,None,N/A,
47.1805,asiya,Drag,Drag,1209,726,100.22,107.54,None,N/A,
47.1911,asiya,Drag,Drag,1209,726,0.00,-9454.60,None,N/A,
47.2006,asiya,Drag,Drag,1209,726,0.00,0.00,None,N/A,
47.2106,asiya,Drag,Drag,1209,726,0.00,0.00,None,N/A,
47.2211,asiya,Drag,Drag,1209,726,0.00,0.00,None,N/A,
47.2306,asiya,Drag,Drag,1209,726,0.00,0.00,None,N/A,
47.2411,asiya,Drag,Drag,1209,726,0.00,0.00,None,N/A,
47.2511,asiya,Drag,Drag,1209,726,0.00,0.00,None,N/A,
47.2606,asiya,Drag,Drag,1209,726,0.00,0.00,None,N/A,
47.2711,asiya,Drag,Drag,1209,726,0.00,0.00,None,N/A,
47.2807,asiya,Drag,Drag,1209,726,0.00,0.00,None,N/A,
47.2913,asiya,Drag,Drag,1209,726,0.00,0.00,None,N/A,
47.3008,asiya,Drag,Drag,1209,726,0.00,0.00,None,N/A,
47.3110,asiya,Drag,Drag,1209,726,0.00,0.00,None,N/A,
47.3212,asiya,Drag,Drag,1209,726,0.00,0.00,None,N/A,
47.3314,asiya,Drag,Drag,1209,726,0.00,0.00,None,N/A,
47.3410,asiya,Drag,Drag,1209,726,0.00,0.00,None,N/A,
47.3510,asiya,Drag,Drag,1209,726,0.00,0.00,None,N/A,
47.3610,asiya,Drag,Drag,1209,726,0.00,0.00,None,N/A,
47.3715,asiya,Drag,Drag,1209,726,0.00,0.00,None,N/A,
47.3816,asiya,Drag,Drag,1209,726,0.00,0.00,None,N/A,
47.3912,asiya,Drag,Drag,1209,726,0.00,0.00,None,N/A,
47.4008,asiya,Drag,Drag,1209,726,0.00,0.00,None,N/A,
47.4113,asiya,Drag,Drag,1209,726,0.00,0.00,None,N/A,
47.4208,asiya,Drag,Drag,1209,726,0.00,0.00,None,N/A,
47.4313,asiya,Drag,Drag,1209,726,0.00,0.00,None,N/A,
47.4408,asiya,Drag,Drag,1209,726,0.00,0.00,None,N/A,
47.4507,asiya,Drag,Drag,1209,726,0.00,0.00,None,N/A,
47.4612,asiya,Drag,Drag,1209,726,0.00,0.00,None,N/A,
47.4689,asiya,Drag,Drag,1209,726,0.00,0.00,Left,N/A,drag_start
47.4710,asiya,Drag,Drag,1209,726,0.00,0.00,Left,N/A,
47.4814,asiya,Drag,Drag,1209,726,0.00,0.00,Left,N/A,
47.4910,asiya,Drag,Drag,1209,726,0.00,0.00,Left,N/A,
47.5007,asiya,Drag,Drag,1209,726,0.00,0.00,Left,N/A,
47.5111,asiya,Drag,Drag,1209,726,0.00,0.00,Left,N/A,
47.5206,asiya,Drag,Drag,1209,726,0.00,0.00,Left,N/A,
47.5312,asiya,Drag,Drag,1209,726,0.00,0.00,Left,N/A,
47.5407,asiya,Drag,Drag,1209,726,0.00,0.00,Left,N/A,
47.5505,asiya,Drag,Drag,1209,726,0.00,0.00,Left,N/A,
47.5608,asiya,Drag,Drag,1209,726,0.00,0.00,Left,N/A,
47.5718,asiya,Drag,Drag,1209,726,0.00,0.00,Left,N/A,
47.5813,asiya,Drag,Drag,1209,726,0.00,0.00,Left,N/A,
47.5909,asiya,Drag,Drag,1209,726,0.00,0.00,Left,N/A,
47.6007,asiya,Drag,Drag,1209,726,0.00,0.00,Left,N/A,
47.6111,asiya,Drag,Drag,1209,726,0.00,0.00,Left,N/A,
47.6206,asiya,Drag,Drag,1209,726,0.00,0.00,Left,N/A,
47.6311,asiya,Drag,Drag,1209,726,0.00,0.00,Left,N/A,
47.6409,asiya,Drag,Drag,1207,726,205.16,21044.41,Left,N/A,
47.6513,asiya,Drag,Drag,1205,726,192.33,-1233.10,Left,N/A,
47.6613,asiya,Drag,Drag,1198,728,729.65,53852.12,Left,N/A,
47.6711,asiya,Drag,Drag,1195,728,305.48,-43191.69,Left,N/A,
47.6805,asiya,Drag,Drag,1190,730,571.14,28175.46,Left,N/A,
47.6908,asiya,Drag,Drag,1187,730,291.24,-27173.06,Left,N/A,
47.7005,asiya,Drag,Drag,1180,732,750.21,47296.57,Left,N/A,
47.7104,asiya,Drag,Drag,1177,733,319.07,-43501.49,Left,N/A,
47.7210,asiya,Drag,Drag,1170,735,691.54,35380.89,Left,N/A,
47.7307,asiya,Drag,Drag,1167,737,369.57,-33002.13,Left,N/A,
47.7406,asiya,Drag,Drag,1162,739,541.98,17351.96,Left,N/A,
47.7505,asiya,Drag,Drag,1154,742,868.73,33223.58,Left,N/A,
47.7605,asiya,Drag,Drag,1149,744,538.02,-33041.04,Left,N/A,
47.7710,asiya,Drag,Drag,1142,748,768.05,21913.68,Left,N/A,
47.7808,asiya,Drag,Drag,1140,750,287.90,-48873.31,Left,N/A,
47.7905,asiya,Drag,Drag,1134,754,742.02,46728.93,Left,N/A,
47.8013,asiya,Drag,Drag,1131,756,333.85,-37794.02,Left,N/A,
47.8105,asiya,Drag,Drag,1124,761,942.77,66734.44,Left,N/A,
47.8209,asiya,Drag,Drag,1121,763,344.99,-57197.66,Left,N/A,
47.8310,asiya,Drag,Drag,1115,766,663.04,31436.29,Left,N/A,
47.8406,asiya,Drag,Drag,1113,768,294.81,-38381.45,Left,N/A,
47.8506,asiya,Drag,Drag,1111,770,282.99,-1182.80,Left,N/A,
47.8612,asiya,Drag,Drag,1105,773,633.11,33044.33,Left,N/A,
47.8712,asiya,Drag,Drag,1101,775,449.51,-18454.89,Left,N/A,
47.8806,asiya,Drag,Drag,1092,780,1084.62,66907.34,Left,N/A,
47.8915,asiya,Drag,Drag,1087,782,498.38,-54254.50,Left,N/A,
47.9012,asiya,Drag,Drag,1074,786,1393.68,91736.60,Left,N/A,
47.9110,asiya,Drag,Drag,1068,788,647.03,-76385.18,Left,N/A,
47.9208,asiya,Drag,Drag,1058,790,1043.57,40577.10,Left,N/A,
47.9308,asiya,Drag,Drag,1053,791,506.86,-53350.38,Left,N/A,
47.9408,asiya,Drag,Drag,1049,792,413.31,-9377.69,Left,N/A,
47.9513,asiya,Drag,Drag,1041,793,764.26,33268.94,Left,N/A,
47.9613,asiya,Drag,Drag,1033,795,832.46,6884.76,Left,N/A,
47.9709,asiya,Drag,Drag,1029,795,415.74,-43311.97,Left,N/A,
47.9808,asiya,Drag,Drag,1024,796,511.21,9571.01,Left,N/A,
47.9909,asiya,Drag,Drag,1014,797,1003.51,49157.24,Left,N/A,
48.0013,asiya,Drag,Drag,1009,798,488.34,-49338.06,Left,N/A,
48.0111,asiya,Drag,Drag,1002,799,724.32,24173.15,Left,N/A,
48.0209,asiya,Drag,Drag,1000,800,228.21,-50632.81,Left,N/A,
48.0307,asiya,Drag,Drag,996,800,406.01,18047.39,Left,N/A,
48.0407,asiya,Drag,Drag,995,801,141.74,-26486.64,Left,N/A,
48.0507,asiya,Drag,Drag,993,801,199.75,5794.16,Left,N/A,
48.0614,asiya,Drag,Drag,992,801,93.94,-9940.02,Left,N/A,
48.0709,asiya,Drag,Drag,991,801,104.26,1076.40,Left,N/A,
48.0809,asiya,Drag,Drag,990,802,141.68,3749.14,Left,N/A,
48.0912,asiya,Drag,Drag,990,802,0.00,-13803.22,Left,N/A,
48.1006,asiya,Drag,Drag,989,802,106.39,11318.18,Left,N/A,
48.1107,asiya,Drag,Drag,989,802,0.00,-10477.82,Left,N/A,
48.1213,asiya,Drag,Drag,988,802,94.54,8937.97,Left,N/A,
48.1312,asiya,Drag,Drag,988,802,0.00,-9530.90,Left,N/A,
48.1413,asiya,Drag,Drag,988,802,0.00,0.00,Left,N/A,
48.1512,asiya,Drag,Drag,987,802,100.91,10182.73,Left,N/A,
48.1607,asiya,Drag,Drag,985,803,235.79,14222.80,Left,N/A,
48.1709,asiya,Drag,Drag,983,803,196.13,-3889.30,Left,N/A,
48.1810,asiya,Drag,Drag,977,804,601.05,40011.84,Left,N/A,
48.1908,asiya,Drag,Drag,973,804,408.27,-19676.79,Left,N/A,
48.2013,asiya,Drag,Drag,969,804,380.84,-2611.88,Left,N/A,
48.2114,asiya,Drag,Drag,957,803,1198.73,81420.13,Left,N/A,
48.2209,asiya,Drag,Drag,951,803,625.97,-59755.15,Left,N/A,
48.2311,asiya,Drag,Drag,940,802,1086.69,45327.18,Left,N/A,
48.2410,asiya,Drag,Drag,935,802,502.99,-58718.60,Left,N/A,
48.2505,asiya,Drag,Drag,927,801,849.02,36439.87,Left,N/A,
48.2606,asiya,Drag,Drag,925,801,198.01,-64452.64,Left,N/A,
48.2715,asiya,Drag,Drag,921,800,379.81,16747.29,Left,N/A,
48.2811,asiya,Drag,Drag,920,800,103.85,-28658.16,Left,N/A,
48.2908,asiya,Drag,Drag,918,800,207.33,10726.84,Left,N/A,
48.3005,asiya,Drag,Drag,917,800,102.60,-10744.85,Left,N/A,
48.3114,asiya,Drag,Drag,916,800,92.05,-970.95,Left,N/A,
48.3213,asiya,Drag,Drag,915,800,101.35,943.23,Left,N/A,
48.3310,asiya,Drag,Drag,914,800,102.81,149.67,Left,N/A,
48.3411,asiya,Drag,Drag,914,800,0.00,-10205.74,Left,N/A,
48.3509,asiya,Drag,Drag,913,800,101.29,10259.60,Left,N/A,
48.3605,asiya,Drag,Drag,913,800,0.00,-10546.11,Left,N/A,
48.3714,asiya,Drag,Drag,913,799,91.79,8424.51,Left,N/A,
48.3811,asiya,Drag,Drag,912,799,103.00,1155.25,Left,N/A,
48.3906,asiya,Drag,Drag,912,799,0.00,-10936.88,Left,N/A,
48.4010,asiya,Drag,Drag,912,799,0.00,0.00,Left,N/A,
48.4115,asiya,Drag,Drag,912,799,0.00,0.00,Left,N/A,
48.4205,asiya,Drag,Drag,912,799,0.00,0.00,Left,N/A,
48.4312,asiya,Drag,Drag,912,798,93.27,8699.87,Left,N/A,
48.4407,asiya,Drag,Drag,912,798,0.00,-9812.04,Left,N/A,
48.4505,asiya,Drag,Drag,912,798,0.00,0.00,Left,N/A,
48.4609,asiya,Drag,Drag,912,798,0.00,0.00,Left,N/A,
48.4714,asiya,Drag,Drag,912,798,0.00,0.00,Left,N/A,
48.4809,asiya,Drag,Drag,912,798,0.00,0.00,Left,N/A,
48.4914,asiya,Drag,Drag,912,798,0.00,0.00,Left,N/A,
48.5009,asiya,Drag,Drag,912,798,0.00,0.00,Left,N/A,
48.5113,asiya,Drag,Drag,912,798,0.00,0.00,Left,N/A,
48.5208,asiya,Drag,Drag,912,798,0.00,0.00,Left,N/A,
48.5313,asiya,Drag,Drag,912,798,0.00,0.00,Left,N/A,
48.5408,asiya,Drag,Drag,912,798,0.00,0.00,Left,N/A,
48.5509,asiya,Drag,Drag,912,798,0.00,0.00,Left,N/A,
48.5613,asiya,Drag,Drag,912,798,0.00,0.00,Left,N/A,
48.5707,asiya,Drag,Drag,912,798,0.00,0.00,Left,N/A,
48.5810,asiya,Drag,Drag,912,799,96.82,9373.52,Left,N/A,
48.5911,asiya,Drag,Drag,912,799,0.00,-9573.29,Left,N/A,
48.6007,asiya,Drag,Drag,912,799,0.00,0.00,Left,N/A,
48.6111,asiya,Drag,Drag,912,799,0.00,0.00,Left,N/A,
48.6205,asiya,Drag,Drag,912,799,0.00,0.00,Left,N/A,
48.6311,asiya,Drag,Drag,912,799,0.00,0.00,Left,N/A,
48.6405,asiya,Drag,Drag,912,799,0.00,0.00,Left,N/A,
48.6512,asiya,Drag,Drag,912,799,0.00,0.00,Left,N/A,
48.6607,asiya,Drag,Drag,912,799,0.00,0.00,Left,N/A,
48.6714,asiya,Drag,Drag,912,799,0.00,0.00,Left,N/A,
48.6812,asiya,Drag,Drag,912,800,102.00,10404.82,Left,N/A,
48.6911,asiya,Drag,Drag,912,800,0.00,-10365.75,Left,N/A,
48.7009,asiya,Drag,Drag,912,800,0.00,0.00,Left,N/A,
48.7104,asiya,Drag,Drag,913,800,105.55,11140.02,Left,N/A,
48.7209,asiya,Drag,Drag,913,800,0.00,-10056.64,Left,N/A,
48.7236,asiya,Drag,Drag,913,800,0.00,0.00,None,N/A,drag_end_success
48.7310,asiya,Drag,Drag,913,800,0.00,0.00,None,N/A,
48.7407,asiya,Drag,Drag,913,800,0.00,0.00,None,N/A,
48.7514,asiya,Drag,Drag,913,800,0.00,0.00,None,N/A,
48.7609,asiya,Drag,Drag,913,800,0.00,0.00,None,N/A,
48.7714,asiya,Drag,Drag,913,800,0.00,0.00,None,N/A,
48.7810,asiya,Drag,Drag,913,800,0.00,0.00,None,N/A,
48.7906,asiya,Drag,Drag,913,800,0.00,0.00,None,N/A,
48.8014,asiya,Drag,Drag,913,800,0.00,0.00,None,N/A,
48.8109,asiya,Drag,Drag,913,800,0.00,0.00,None,N/A,
48.8214,asiya,Drag,Drag,913,800,0.00,0.00,None,N/A,
48.8309,asiya,Drag,Drag,913,800,0.00,0.00,None,N/A,
48.8414,asiya,Drag,Drag,913,800,0.00,0.00,None,N/A,
48.8508,asiya,Drag,Drag,913,800,0.00,0.00,None,N/A,
48.8613,asiya,Drag,Drag,913,800,0.00,0.00,None,N/A,
48.8707,asiya,Drag,Drag,913,800,0.00,0.00,None,N/A,
48.8812,asiya,Drag,Drag,913,800,0.00,0.00,None,N/A,
48.8907,asiya,Drag,Drag,913,800,0.00,0.00,None,N/A,
48.9007,asiya,Drag,Drag,913,800,0.00,0.00,None,N/A,
48.9111,asiya,Drag,Drag,913,800,0.00,0.00,None,N/A,
48.9210,asiya,Drag,Drag,913,800,0.00,0.00,None,N/A,
48.9307,asiya,Drag,Drag,913,800,0.00,0.00,None,N/A,
48.9412,asiya,Drag,Drag,913,800,0.00,0.00,None,N/A,
48.9506,asiya,Drag,Drag,913,800,0.00,0.00,None,N/A,
48.9611,asiya,Drag,Drag,913,800,0.00,0.00,None,N/A,
48.9705,asiya,Drag,Drag,913,800,0.00,0.00,None,N/A,
48.9810,asiya,Drag,Drag,913,800,0.00,0.00,None,N/A,
48.9905,asiya,Drag,Drag,913,800,0.00,0.00,None,N/A,
49.0009,asiya,Drag,Drag,913,800,0.00,0.00,None,N/A,
49.0113,asiya,Drag,Drag,913,800,0.00,0.00,None,N/A,
49.0209,asiya,Drag,Drag,913,800,0.00,0.00,None,N/A,
49.0314,asiya,Drag,Drag,913,800,0.00,0.00,None,N/A,
49.0410,asiya,Drag,Drag,913,800,0.00,0.00,None,N/A,
49.0514,asiya,Drag,Drag,913,800,0.00,0.00,None,N/A,
49.0608,asiya,Drag,Drag,913,800,0.00,0.00,None,N/A,
49.0714,asiya,Drag,Drag,913,800,0.00,0.00,None,N/A,
49.0812,asiya,Drag,Drag,913,800,0.00,0.00,None,N/A,
49.0907,asiya,Drag,Drag,913,800,0.00,0.00,None,N/A,
49.1011,asiya,Drag,Drag,913,800,0.00,0.00,None,N/A,
49.1106,asiya,Drag,Drag,913,800,0.00,0.00,None,N/A,
49.1212,asiya,Drag,Drag,913,800,0.00,0.00,None,N/A,
49.1307,asiya,Drag,Drag,913,800,0.00,0.00,None,N/A,
49.1413,asiya,Drag,Drag,923,790,1344.22,127769.15,None,N/A,
49.1511,asiya,Drag,Drag,1033,722,13131.89,1196975.79,None,N/A,
49.1611,asiya,Drag,Drag,1067,705,3787.95,-931109.44,None,N/A,
49.1706,asiya,Drag,Drag,1131,682,7171.43,356789.91,None,N/A,
49.1813,asiya,Drag,Drag,1162,673,3027.76,-388662.24,None,N/A,
49.1912,asiya,Drag,Drag,1217,652,5912.94,289775.67,None,N/A,
49.2007,asiya,Drag,Drag,1237,644,2279.10,-384476.58,None,N/A,
49.2108,asiya,Drag,Drag,1264,634,2861.77,57913.79,None,N/A,
49.2208,asiya,Drag,Drag,1276,629,1290.62,-155981.46,None,N/A,
49.2307,asiya,Drag,Drag,1286,625,1088.61,-20417.78,None,N/A,
49.2405,asiya,Drag,Drag,1300,618,1603.52,52749.81,None,N/A,
49.2513,asiya,Drag,Drag,1307,616,675.66,-86113.54,None,N/A,
49.2606,asiya,Drag,Drag,1317,610,1251.18,61746.29,None,N/A,
49.2709,asiya,Drag,Drag,1321,608,432.90,-79208.73,None,N/A,
49.2811,asiya,Drag,Drag,1324,605,415.45,-1708.71,None,N/A,
49.2906,asiya,Drag,Drag,1325,604,149.43,-28108.39,None,N/A,
49.3011,asiya,Drag,Drag,1327,603,211.90,5919.46,None,N/A,
49.3110,asiya,Drag,Drag,1327,602,101.03,-11200.87,None,N/A,
49.3205,asiya,Drag,Drag,1328,601,148.97,5048.84,None,N/A,
49.3311,asiya,Drag,Drag,1328,601,0.00,-14137.78,None,N/A,
49.3406,asiya,Drag,Drag,1328,601,0.00,0.00,None,N/A,
49.3510,asiya,Drag,Drag,1327,601,96.19,9253.10,None,N/A,
49.3612,asiya,Drag,Drag,1326,601,98.45,221.83,None,N/A,
49.3714,asiya,Drag,Drag,1324,601,196.31,9605.43,None,N/A,
49.3814,asiya,Drag,Drag,1322,601,200.39,408.77,None,N/A,
49.3914,asiya,Drag,Drag,1295,608,2770.90,255359.21,None,N/A,
49.4005,asiya,Drag,Drag,1247,623,5536.75,304515.12,None,N/A,
49.4110,asiya,Drag,Drag,1186,644,6156.76,59169.50,None,N/A,
49.4210,asiya,Drag,Drag,1170,651,1734.93,-439271.94,None,N/A,
49.4305,asiya,Drag,Drag,1140,663,3425.74,179266.04,None,N/A,
49.4406,asiya,Drag,Drag,1128,668,1286.84,-211724.31,None,N/A,
49.4511,asiya,Drag,Drag,1109,677,1998.01,67586.63,None,N/A,
49.4610,asiya,Drag,Drag,1099,681,1086.57,-91951.16,None,N/A,
49.4707,asiya,Drag,Drag,1089,685,1109.08,2318.51,None,N/A,
49.4806,asiya,Drag,Drag,1068,691,2203.16,110365.16,None,N/A,
49.4911,asiya,Drag,Drag,1057,695,1121.51,-103640.04,None,N/A,
49.5010,asiya,Drag,Drag,1031,706,2837.67,172499.93,None,N/A,
49.5113,asiya,Drag,Drag,1018,711,1360.98,-144291.04,None,N/A,
49.5210,asiya,Drag,Drag,997,720,2341.85,100539.93,None,N/A,
49.5307,asiya,Drag,Drag,988,724,1014.52,-136726.96,None,N/A,
49.5404,asiya,Drag,Drag,975,728,1400.38,39727.75,None,N/A,
49.5512,asiya,Drag,Drag,970,729,473.56,-86076.22,None,N/A,
49.5609,asiya,Drag,Drag,964,731,650.70,18225.24,None,N/A,
49.5708,asiya,Drag,Drag,963,731,100.89,-55472.60,None,N/A,
49.5808,asiya,Drag,Drag,962,731,100.27,-62.40,None,N/A,
49.5905,asiya,Drag,Drag,960,732,230.66,13450.47,None,N/A,
49.6012,asiya,Drag,Drag,960,732,0.00,-21604.95,None,N/A,
49.6111,asiya,Drag,Drag,959,732,101.31,10263.56,None,N/A,
49.6205,asiya,Drag,Drag,959,732,0.00,-10721.14,None,N/A,
49.6310,asiya,Drag,Drag,959,732,0.00,0.00,None,N/A,
49.6414,asiya,Drag,Drag,959,732,0.00,0.00,None,N/A,
49.6511,asiya,Drag,Drag,959,731,102.42,10489.34,None,N/A,
49.6613,asiya,Drag,Drag,959,730,98.67,-369.46,None,N/A,
49.6709,asiya,Drag,Drag,960,727,327.29,23660.55,None,N/A,
49.6807,asiya,Drag,Drag,960,724,306.37,-2135.94,None,N/A,
49.6905,asiya,Drag,Drag,960,721,304.91,-148.64,None,N/A,
49.7012,asiya,Drag,Drag,959,716,477.46,16157.35,None,N/A,
49.7112,asiya,Drag,Drag,959,713,300.80,-17712.90,None,N/A,
49.7207,asiya,Drag,Drag,958,709,434.42,14078.72,None,N/A,
49.7308,asiya,Drag,Drag,958,708,98.58,-33107.09,None,N/A,
49.7407,asiya,Drag,Drag,957,705,321.01,22579.82,None,N/A,
49.7513,asiya,Drag,Drag,957,704,94.59,-21416.91,None,N/A,
49.7612,asiya,Drag,Drag,956,702,225.81,13251.35,None,N/A,
49.7709,asiya,Drag,Drag,956,701,102.34,-12635.87,None,N/A,
49.7805,asiya,Drag,Drag,956,700,104.12,185.44,None,N/A,
49.7908,asiya,Drag,Drag,955,699,138.44,3359.82,None,N/A,
49.8011,asiya,Drag,Drag,953,698,215.42,7415.13,None,N/A,
49.8106,asiya,Drag,Drag,951,697,235.97,2169.47,None,N/A,
49.8211,asiya,Drag,Drag,948,697,286.47,4821.96,None,N/A,
49.8309,asiya,Drag,Drag,939,695,941.46,66884.92,None,N/A,
49.8406,asiya,Drag,Drag,930,695,924.58,-1734.25,None,N/A,
49.8511,asiya,Drag,Drag,907,693,2202.10,121854.70,None,N/A,
49.8605,asiya,Drag,Drag,899,693,854.00,-143909.75,None,N/A,
49.8707,asiya,Drag,Drag,891,694,785.99,-6630.28,None,N/A,
49.8807,asiya,Drag,Drag,889,694,200.27,-58651.32,None,N/A,
49.8904,asiya,Drag,Drag,886,695,325.62,12907.32,None,N/A,
49.9013,asiya,Drag,Drag,885,695,91.77,-21460.73,None,N/A,
49.9109,asiya,Drag,Drag,884,695,103.85,1254.73,None,N/A,
49.9208,asiya,Drag,Drag,883,695,101.35,-253.82,None,N/A,
49.9310,asiya,Drag,Drag,883,696,98.37,-292.98,None,N/A,
49.9414,asiya,Drag,Drag,882,696,95.50,-273.81,None,N/A,
49.9512,asiya,Drag,Drag,882,696,0.00,-9813.06,None,N/A,
49.9610,asiya,Drag,Drag,880,697,226.97,23038.98,None,N/A,
49.9711,asiya,Drag,Drag,878,697,199.28,-2759.09,None,N/A,
49.9806,asiya,Drag,Drag,875,698,330.05,13647.71,None,N/A,
49.9906,asiya,Drag,Drag,873,698,201.86,-12937.70,None,N/A,
50.0012,asiya,Drag,Drag,868,700,504.23,28311.72,None,N/A,
50.0112,asiya,Drag,Drag,865,701,317.70,-18740.02,None,N/A,
50.0205,asiya,Drag,Drag,856,703,987.12,71674.47,None,N/A,
50.0307,asiya,Drag,Drag,852,704,404.04,-57138.57,None,N/A,
50.0407,asiya,Drag,Drag,848,705,413.27,925.19,None,N/A,
50.0513,asiya,Drag,Drag,843,707,508.36,8977.00,None,N/A,
50.0609,asiya,Drag,Drag,843,707,0.00,-53004.78,None,N/A,
50.0715,asiya,Drag,Drag,843,707,0.00,0.00,None,N/A,
50.0811,asiya,Drag,Drag,843,707,0.00,0.00,None,N/A,
50.0906,asiya,Drag,Drag,843,707,0.00,0.00,None,N/A,
50.1010,asiya,Drag,Drag,843,707,0.00,0.00,None,N/A,
50.1115,asiya,Drag,Drag,843,707,0.00,0.00,None,N/A,
50.1210,asiya,Drag,Drag,843,707,0.00,0.00,None,N/A,
50.1306,asiya,Drag,Drag,843,707,0.00,0.00,None,N/A,
50.1412,asiya,Drag,Drag,843,707,0.00,0.00,None,N/A,
50.1506,asiya,Drag,Drag,843,707,0.00,0.00,None,N/A,
50.1610,asiya,Drag,Drag,843,707,0.00,0.00,None,N/A,
50.1705,asiya,Drag,Drag,843,707,0.00,0.00,None,N/A,
50.1811,asiya,Drag,Drag,843,707,0.00,0.00,None,N/A,
50.1906,asiya,Drag,Drag,843,707,0.00,0.00,None,N/A,
50.2011,asiya,Drag,Drag,843,707,0.00,0.00,None,N/A,
50.2106,asiya,Drag,Drag,843,707,0.00,0.00,None,N/A,
50.2211,asiya,Drag,Drag,843,707,0.00,0.00,None,N/A,
50.2306,asiya,Drag,Drag,843,707,0.00,0.00,None,N/A,
50.2410,asiya,Drag,Drag,843,707,0.00,0.00,None,N/A,
50.2505,asiya,Drag,Drag,843,707,0.00,0.00,None,N/A,
50.2611,asiya,Drag,Drag,843,707,0.00,0.00,None,N/A,
50.2706,asiya,Drag,Drag,843,707,0.00,0.00,None,N/A,
50.2811,asiya,Drag,Drag,843,707,0.00,0.00,None,N/A,
50.2906,asiya,Drag,Drag,834,700,1195.32,125313.48,None,N/A,
50.3013,asiya,Drag,Drag,829,696,601.25,-55783.00,None,N/A,
50.3108,asiya,Drag,Drag,820,691,1081.71,50479.70,None,N/A,
50.3212,asiya,Drag,Drag,816,688,479.22,-57745.13,None,N/A,
50.3310,asiya,Drag,Drag,809,684,821.10,34819.68,None,N/A,
50.3412,asiya,Drag,Drag,807,683,219.36,-59031.68,None,N/A,
50.3506,asiya,Drag,Drag,804,681,386.80,17963.00,None,N/A,
50.3614,asiya,Drag,Drag,803,680,130.74,-23672.09,None,N/A,
50.3711,asiya,Drag,Drag,801,679,230.67,10309.34,None,N/A,
50.3809,asiya,Drag,Drag,800,678,144.12,-8820.63,None,N/A,
50.3915,asiya,Drag,Drag,800,678,0.00,-13626.03,None,N/A,
50.4014,asiya,Drag,Drag,798,677,224.67,22573.34,None,N/A,
50.4115,asiya,Drag,Drag,798,677,0.00,-22362.81,None,N/A,
50.4209,asiya,Drag,Drag,797,676,149.70,15845.95,None,N/A,
50.4306,asiya,Drag,Drag,797,676,0.00,-15356.46,None,N/A,
50.4407,asiya,Drag,Drag,796,676,99.31,9861.76,None,N/A,
50.4512,asiya,Drag,Drag,796,676,0.00,-9485.36,None,N/A,
50.4611,asiya,Drag,Drag,795,676,100.45,10090.75,None,N/A,
50.4708,asiya,Drag,Drag,795,676,0.00,-10400.63,None,N/A,
50.4804,asiya,Drag,Drag,795,676,0.00,0.00,None,N/A,
50.4909,asiya,Drag,Drag,794,676,95.04,9033.01,None,N/A,
50.5014,asiya,Drag,Drag,794,676,0.00,-9091.72,None,N/A,
50.5107,asiya,Drag,Drag,794,676,0.00,0.00,None,N/A,
50.5212,asiya,Drag,Drag,794,676,0.00,0.00,None,N/A,
50.5307,asiya,Drag,Drag,794,676,0.00,0.00,None,N/A,
50.5412,asiya,Drag,Drag,794,676,0.00,0.00,None,N/A,
50.5509,asiya,Drag,Drag,794,676,0.00,0.00,None,N/A,
50.5615,asiya,Drag,Drag,794,676,0.00,0.00,None,N/A,
50.5710,asiya,Drag,Drag,794,676,0.00,0.00,None,N/A,
50.5809,asiya,Drag,Drag,795,676,101.12,10225.49,None,N/A,
50.5914,asiya,Drag,Drag,795,676,0.00,-9577.57,None,N/A,
50.6008,asiya,Drag,Drag,795,676,0.00,0.00,None,N/A,
50.6113,asiya,Drag,Drag,795,676,0.00,0.00,None,N/A,
50.6207,asiya,Drag,Drag,795,676,0.00,0.00,None,N/A,
50.6312,asiya,Drag,Drag,795,676,0.00,0.00,None,N/A,
50.6408,asiya,Drag,Drag,795,676,0.00,0.00,None,N/A,
50.6512,asiya,Drag,Drag,795,676,0.00,0.00,None,N/A,
50.6606,asiya,Drag,Drag,795,676,0.00,0.00,None,N/A,
50.6712,asiya,Drag,Drag,795,676,0.00,0.00,None,N/A,
50.6811,asiya,Drag,Drag,795,676,0.00,0.00,None,N/A,
50.6906,asiya,Drag,Drag,795,676,0.00,0.00,None,N/A,
50.7014,asiya,Drag,Drag,795,676,0.00,0.00,None,N/A,
50.7109,asiya,Drag,Drag,795,676,0.00,0.00,None,N/A,
50.7214,asiya,Drag,Drag,795,676,0.00,0.00,None,N/A,
50.7310,asiya,Drag,Drag,795,676,0.00,0.00,None,N/A,
50.7406,asiya,Drag,Drag,795,676,0.00,0.00,None,N/A,
50.7511,asiya,Drag,Drag,795,676,0.00,0.00,None,N/A,
50.7605,asiya,Drag,Drag,795,676,0.00,0.00,None,N/A,
50.7710,asiya,Drag,Drag,795,676,0.00,0.00,None,N/A,
50.7805,asiya,Drag,Drag,795,676,0.00,0.00,None,N/A,
50.7910,asiya,Drag,Drag,795,676,0.00,0.00,None,N/A,
50.8004,asiya,Drag,Drag,795,676,0.00,0.00,None,N/A,
50.8107,asiya,Drag,Drag,795,676,0.00,0.00,None,N/A,
50.8212,asiya,Drag,Drag,795,676,0.00,0.00,None,N/A,
50.8308,asiya,Drag,Drag,795,676,0.00,0.00,None,N/A,
50.8412,asiya,Drag,Drag,795,676,0.00,0.00,None,N/A,
50.8506,asiya,Drag,Drag,795,676,0.00,0.00,None,N/A,
50.8610,asiya,Drag,Drag,795,676,0.00,0.00,None,N/A,
50.8710,asiya,Drag,Drag,795,676,0.00,0.00,None,N/A,
50.8808,asiya,Drag,Drag,797,675,228.15,23278.35,None,N/A,
50.8906,asiya,Drag,Drag,797,675,0.00,-23202.15,None,N/A,
50.9012,asiya,Drag,Drag,799,674,211.36,19978.70,None,N/A,
50.9114,asiya,Drag,Drag,800,673,138.57,-7132.53,None,N/A,
50.9209,asiya,Drag,Drag,807,672,742.14,63347.98,None,N/A,
50.9309,asiya,Drag,Drag,820,669,1337.10,59626.73,None,N/A,
50.9404,asiya,Drag,Drag,880,662,6356.22,528127.64,None,N/A,
50.9504,asiya,Drag,Drag,895,660,1513.28,-484294.46,None,N/A,
50.9610,asiya,Drag,Drag,917,659,2081.53,53709.86,None,N/A,
50.9709,asiya,Drag,Drag,926,659,905.40,-118318.58,None,N/A,
50.9809,asiya,Drag,Drag,935,657,925.26,1993.82,None,N/A,
50.9907,asiya,Drag,Drag,955,653,2079.88,117740.62,None,N/A,
51.0005,asiya,Drag,Drag,966,651,1145.01,-95742.25,None,N/A,
51.0112,asiya,Drag,Drag,994,645,2667.79,141867.53,None,N/A,
51.0211,asiya,Drag,Drag,1008,641,1471.32,-120904.17,None,N/A,
51.0309,asiya,Drag,Drag,1034,635,2740.33,130325.91,None,N/A,
51.0409,asiya,Drag,Drag,1047,631,1358.08,-138015.35,None,N/A,
51.0513,asiya,Drag,Drag,1070,623,2336.99,93944.54,None,N/A,
51.0613,asiya,Drag,Drag,1077,619,802.76,-152763.29,None,N/A,
51.0709,asiya,Drag,Drag,1088,615,1223.84,44027.59,None,N/A,
51.0809,asiya,Drag,Drag,1093,613,538.30,-68526.29,None,N/A,
51.0906,asiya,Drag,Drag,1097,611,460.61,-8001.44,None,N/A,
51.1013,asiya,Drag,Drag,1103,609,590.86,12167.83,None,N/A,
51.1106,asiya,Drag,Drag,1106,607,387.11,-21875.36,None,N/A,
51.1213,asiya,Drag,Drag,1110,605,419.99,3087.78,None,N/A,
51.1310,asiya,Drag,Drag,1112,604,229.06,-19558.46,None,N/A,
51.1407,asiya,Drag,Drag,1115,602,371.91,14735.77,None,N/A,
51.1505,asiya,Drag,Drag,1116,601,145.40,-23288.75,None,N/A,
51.1611,asiya,Drag,Drag,1117,600,132.51,-1208.21,None,N/A,
51.1712,asiya,Drag,Drag,1118,599,140.19,761.84,None,N/A,
51.1811,asiya,Drag,Drag,1119,598,142.41,223.01,None,N/A,
51.1906,asiya,Drag,Drag,1119,598,0.00,-15047.48,None,N/A,
51.2009,asiya,Drag,Drag,1120,598,97.20,9447.96,None,N/A,
51.2113,asiya,Drag,Drag,1120,597,96.41,-76.68,None,N/A,
51.2207,asiya,Drag,Drag,1120,597,0.00,-10210.93,None,N/A,
51.2309,asiya,Drag,Drag,1120,598,98.02,9608.50,None,N/A,
51.2406,asiya,Drag,Drag,1120,598,0.00,-10133.54,None,N/A,
51.2513,asiya,Drag,Drag,1120,598,0.00,0.00,None,N/A,
51.2614,asiya,Drag,Drag,1120,599,98.90,9781.00,None,N/A,
51.2704,asiya,Drag,Drag,1120,599,0.00,-11005.02,None,N/A,
51.2814,asiya,Drag,Drag,1120,599,0.00,0.00,None,N/A,
51.2904,asiya,Drag,Drag,1120,600,110.65,12244.10,None,N/A,
51.3013,asiya,Drag,Drag,1120,600,0.00,-10177.91,None,N/A,
51.3110,asiya,Drag,Drag,1121,601,145.15,14898.13,None,N/A,
51.3205,asiya,Drag,Drag,1121,601,0.00,-15286.03,None,N/A,
51.3311,asiya,Drag,Drag,1122,601,94.37,8905.82,None,N/A,
51.3407,asiya,Drag,Drag,1128,602,632.86,56024.48,None,N/A,
51.3505,asiya,Drag,Drag,1134,602,611.06,-2219.94,None,N/A,
51.3613,asiya,Drag,Drag,1146,603,1120.44,47396.79,None,N/A,
51.3712,asiya,Drag,Drag,1150,603,404.20,-72376.29,None,N/A,
51.3809,asiya,Drag,Drag,1154,604,426.33,2287.79,None,N/A,
51.3909,asiya,Drag,Drag,1155,604,99.82,-32592.90,None,N/A,
51.4014,asiya,Drag,Drag,1158,604,284.88,17573.09,None,N/A,
51.4112,asiya,Drag,Drag,1158,604,0.00,-29178.95,None,N/A,
51.4208,asiya,Drag,Drag,1159,604,104.33,10884.36,None,N/A,
51.4309,asiya,Drag,Drag,1160,604,98.35,-588.22,None,N/A,
51.4408,asiya,Drag,Drag,1161,604,101.19,287.63,None,N/A,
51.4513,asiya,Drag,Drag,1161,604,0.00,-9685.74,None,N/A,
51.4607,asiya,Drag,Drag,1161,604,0.00,0.00,None,N/A,
51.4713,asiya,Drag,Drag,1161,604,0.00,0.00,None,N/A,
51.4811,asiya,Drag,Drag,1161,604,0.00,0.00,None,N/A,
51.4907,asiya,Drag,Drag,1161,604,0.00,0.00,None,N/A,
51.5012,asiya,Drag,Drag,1161,604,0.00,0.00,None,N/A,
51.5106,asiya,Drag,Drag,1161,604,0.00,0.00,None,N/A,
51.5211,asiya,Drag,Drag,1161,604,0.00,0.00,None,N/A,
51.5307,asiya,Drag,Drag,1161,604,0.00,0.00,None,N/A,
51.5412,asiya,Drag,Drag,1161,604,0.00,0.00,None,N/A,
51.5507,asiya,Drag,Drag,1161,604,0.00,0.00,None,N/A,
51.5611,asiya,Drag,Drag,1161,604,0.00,0.00,None,N/A,
51.5705,asiya,Drag,Drag,1161,604,0.00,0.00,None,N/A,
51.5810,asiya,Drag,Drag,1161,604,0.00,0.00,None,N/A,
51.5906,asiya,Drag,Drag,1161,604,0.00,0.00,None,N/A,
51.6010,asiya,Drag,Drag,1161,604,0.00,0.00,None,N/A,
51.6113,asiya,Drag,Drag,1161,604,0.00,0.00,None,N/A,
51.6207,asiya,Drag,Drag,1161,604,0.00,0.00,None,N/A,
51.6305,asiya,Drag,Drag,1161,604,0.00,0.00,None,N/A,
51.6410,asiya,Drag,Drag,1161,604,0.00,0.00,None,N/A,
51.6505,asiya,Drag,Drag,1161,604,0.00,0.00,None,N/A,
51.6609,asiya,Drag,Drag,1161,604,0.00,0.00,None,N/A,
51.6714,asiya,Drag,Drag,1161,604,0.00,0.00,None,N/A,
51.6810,asiya,Drag,Drag,1161,604,0.00,0.00,None,N/A,
51.6906,asiya,Drag,Drag,1161,604,0.00,0.00,None,N/A,
51.7006,asiya,Drag,Drag,1155,606,630.97,62948.16,None,N/A,
51.7105,asiya,Drag,Drag,1134,612,2224.29,162268.45,None,N/A,
51.7213,asiya,Drag,Drag,1123,614,1035.09,-110097.25,None,N/A,
51.7308,asiya,Drag,Drag,1103,618,2138.10,115626.68,None,N/A,
51.7409,asiya,Drag,Drag,1094,619,899.92,-123049.27,None,N/A,
51.7513,asiya,Drag,Drag,1081,620,1251.08,33694.72,None,N/A,
51.7605,asiya,Drag,Drag,1075,621,661.76,-64113.22,None,N/A,
51.7710,asiya,Drag,Drag,1063,624,1173.32,48524.85,None,N/A,
51.7810,asiya,Drag,Drag,1056,625,706.33,-46647.57,None,N/A,
51.7910,asiya,Drag,Drag,1050,626,608.93,-9750.74,None,N/A,
51.8004,asiya,Drag,Drag,1037,628,1399.23,84073.34,None,N/A,
51.8106,asiya,Drag,Drag,1032,629,499.67,-88150.87,None,N/A,
51.8207,asiya,Drag,Drag,1024,630,798.04,29534.82,None,N/A,
51.8311,asiya,Drag,Drag,1019,631,492.24,-29521.26,None,N/A,
51.8409,asiya,Drag,Drag,1005,633,1439.61,96438.98,None,N/A,
51.8506,asiya,Drag,Drag,994,635,1148.43,-29910.23,None,N/A,
51.8604,asiya,Drag,Drag,967,640,2825.60,172585.64,None,N/A,
51.8713,asiya,Drag,Drag,956,643,1044.04,-163135.21,None,N/A,
51.8807,asiya,Drag,Drag,939,649,1915.54,92600.34,None,N/A,
51.8909,asiya,Drag,Drag,932,652,746.63,-114596.21,None,N/A,
51.9007,asiya,Drag,Drag,925,654,742.17,-454.45,None,N/A,
51.9105,asiya,Drag,Drag,910,659,1619.20,89815.20,None,N/A,
51.9214,asiya,Drag,Drag,903,661,666.19,-87208.85,None,N/A,
51.9310,asiya,Drag,Drag,896,664,794.62,13399.64,None,N/A,
51.9409,asiya,Drag,Drag,894,665,225.86,-57448.64,None,N/A,
51.9513,asiya,Drag,Drag,893,665,95.90,-12462.83,None,N/A,
51.9606,asiya,Drag,Drag,892,666,152.50,6104.40,None,N/A,
51.9714,asiya,Drag,Drag,891,666,92.78,-5541.26,None,N/A,
51.9811,asiya,Drag,Drag,891,667,103.08,1061.59,None,N/A,
51.9907,asiya,Drag,Drag,889,668,230.98,13211.29,None,N/A,
52.0006,asiya,Drag,Drag,888,669,143.46,-8877.54,None,N/A,
52.0107,asiya,Drag,Drag,885,670,311.90,16613.16,None,N/A,
52.0211,asiya,Drag,Drag,879,673,644.68,31980.66,None,N/A,
52.0311,asiya,Drag,Drag,876,675,363.77,-28341.01,None,N/A,
52.0409,asiya,Drag,Drag,870,677,640.27,27991.60,None,N/A,
52.0507,asiya,Drag,Drag,867,679,369.92,-27737.34,None,N/A,
52.0605,asiya,Drag,Drag,862,681,550.19,18417.80,None,N/A,
52.0712,asiya,Drag,Drag,859,682,293.44,-23824.96,None,N/A,
52.0810,asiya,Drag,Drag,856,683,325.17,3263.11,None,N/A,
52.0910,asiya,Drag,Drag,854,683,199.99,-12517.83,None,N/A,
52.1014,asiya,Drag,Drag,852,684,214.49,1391.23,None,N/A,
52.1105,asiya,Drag,Drag,851,684,110.16,-11493.42,None,N/A,
52.1211,asiya,Drag,Drag,850,684,93.74,-1539.06,None,N/A,
52.1311,asiya,Drag,Drag,849,684,100.32,659.75,None,N/A,
52.1409,asiya,Drag,Drag,848,684,102.09,180.99,None,N/A,
52.1505,asiya,Drag,Drag,847,684,104.12,211.11,None,N/A,
52.1608,asiya,Drag,Drag,847,684,0.00,-10103.06,None,N/A,
52.1711,asiya,Drag,Drag,847,684,0.00,0.00,None,N/A,
52.1806,asiya,Drag,Drag,846,684,105.44,11118.19,None,N/A,
52.1907,asiya,Drag,Drag,846,684,0.00,-10447.15,None,N/A,
52.2011,asiya,Drag,Drag,846,684,0.00,0.00,None,N/A,
52.2104,asiya,Drag,Drag,845,684,107.14,11478.32,None,N/A,
52.2214,asiya,Drag,Drag,843,684,181.21,6710.99,None,N/A,
52.2308,asiya,Drag,Drag,837,682,675.92,52870.92,None,N/A,
52.2409,asiya,Drag,Drag,834,682,295.28,-37464.90,None,N/A,
52.2509,asiya,Drag,Drag,832,681,224.92,-7077.28,None,N/A,
52.2606,asiya,Drag,Drag,828,680,426.31,20822.76,None,N/A,
52.2714,asiya,Drag,Drag,826,680,184.71,-22312.55,None,N/A,
52.2811,asiya,Drag,Drag,819,680,722.75,55552.40,None,N/A,
52.2911,asiya,Drag,Drag,812,680,697.66,-2500.70,None,N/A,
52.3013,asiya,Drag,Drag,800,681,1186.51,48168.74,None,N/A,
52.3107,asiya,Drag,Drag,796,681,425.70,-80968.95,None,N/A,
52.3205,asiya,Drag,Drag,791,682,517.87,9360.70,None,N/A,
52.3311,asiya,Drag,Drag,790,682,94.45,-39991.43,None,N/A,
52.3406,asiya,Drag,Drag,787,682,314.66,23097.05,None,N/A,
52.3507,asiya,Drag,Drag,786,682,98.93,-21342.02,None,N/A,
52.3613,asiya,Drag,Drag,785,682,94.54,-414.89,None,N/A,
52.3708,asiya,Drag,Drag,784,682,104.89,1085.72,None,N/A,
52.3811,asiya,Drag,Drag,784,682,0.00,-10225.16,None,N/A,
52.3908,asiya,Drag,Drag,784,682,0.00,0.00,None,N/A,
52.4013,asiya,Drag,Drag,784,682,0.00,0.00,None,N/A,
52.4105,asiya,Drag,Drag,783,682,108.34,11738.33,None,N/A,
52.4210,asiya,Drag,Drag,783,682,0.00,-10321.29,None,N/A,
52.4307,asiya,Drag,Drag,783,682,0.00,0.00,None,N/A,
52.4412,asiya,Drag,Drag,783,682,0.00,0.00,None,N/A,
52.4506,asiya,Drag,Drag,783,682,0.00,0.00,None,N/A,
52.4610,asiya,Drag,Drag,783,682,0.00,0.00,None,N/A,
52.4706,asiya,Drag,Drag,783,682,0.00,0.00,None,N/A,
52.4812,asiya,Drag,Drag,783,682,0.00,0.00,None,N/A,
52.4907,asiya,Drag,Drag,783,682,0.00,0.00,None,N/A,
52.5011,asiya,Drag,Drag,783,682,0.00,0.00,None,N/A,
52.5105,asiya,Drag,Drag,783,682,0.00,0.00,None,N/A,
52.5210,asiya,Drag,Drag,783,682,0.00,0.00,None,N/A,
52.5305,asiya,Drag,Drag,783,682,0.00,0.00,None,N/A,
52.5410,asiya,Drag,Drag,783,682,0.00,0.00,None,N/A,
52.5507,asiya,Drag,Drag,783,681,103.34,10679.90,None,N/A,
52.5607,asiya,Drag,Drag,784,681,99.29,-402.94,None,N/A,
52.5712,asiya,Drag,Drag,784,681,0.00,-9495.23,None,N/A,
52.5807,asiya,Drag,Drag,784,681,0.00,0.00,None,N/A,
52.5912,asiya,Drag,Drag,784,681,0.00,0.00,None,N/A,
52.6007,asiya,Drag,Drag,784,681,0.00,0.00,None,N/A,
52.6111,asiya,Drag,Drag,784,681,0.00,0.00,None,N/A,
52.6206,asiya,Drag,Drag,784,681,0.00,0.00,None,N/A,
52.6312,asiya,Drag,Drag,784,681,0.00,0.00,None,N/A,
52.6407,asiya,Drag,Drag,784,681,0.00,0.00,None,N/A,
52.6515,asiya,Drag,Drag,784,681,0.00,0.00,None,N/A,
52.6612,asiya,Drag,Drag,784,681,0.00,0.00,None,N/A,
52.6707,asiya,Drag,Drag,784,681,0.00,0.00,None,N/A,
52.6813,asiya,Drag,Drag,784,681,0.00,0.00,None,N/A,
52.6907,asiya,Drag,Drag,784,681,0.00,0.00,None,N/A,
52.7012,asiya,Drag,Drag,784,681,0.00,0.00,None,N/A,
52.7107,asiya,Drag,Drag,784,681,0.00,0.00,None,N/A,
52.7213,asiya,Drag,Drag,784,681,0.00,0.00,None,N/A,
52.7309,asiya,Drag,Drag,784,681,0.00,0.00,None,N/A,
52.7414,asiya,Drag,Drag,784,681,0.00,0.00,None,N/A,
52.7509,asiya,Drag,Drag,784,681,0.00,0.00,None,N/A,
52.7613,asiya,Drag,Drag,784,681,0.00,0.00,None,N/A,
52.7675,asiya,Drag,Drag,784,681,0.00,0.00,Left,N/A,drag_start
52.7712,asiya,Drag,Drag,784,681,0.00,0.00,Left,N/A,
52.7809,asiya,Drag,Drag,784,681,0.00,0.00,Left,N/A,
52.7914,asiya,Drag,Drag,784,681,0.00,0.00,Left,N/A,
52.8009,asiya,Drag,Drag,784,681,0.00,0.00,Left,N/A,
52.8113,asiya,Drag,Drag,784,681,0.00,0.00,Left,N/A,
52.8208,asiya,Drag,Drag,784,681,0.00,0.00,Left,N/A,
52.8313,asiya,Drag,Drag,784,681,0.00,0.00,Left,N/A,
52.8409,asiya,Drag,Drag,784,681,0.00,0.00,Left,N/A,
52.8505,asiya,Drag,Drag,784,681,0.00,0.00,Left,N/A,
52.8610,asiya,Drag,Drag,784,681,0.00,0.00,Left,N/A,
52.8706,asiya,Drag,Drag,784,681,0.00,0.00,Left,N/A,
52.8811,asiya,Drag,Drag,784,681,0.00,0.00,Left,N/A,
52.8906,asiya,Drag,Drag,784,681,0.00,0.00,Left,N/A,
52.9011,asiya,Drag,Drag,784,681,0.00,0.00,Left,N/A,
52.9115,asiya,Drag,Drag,784,681,0.00,0.00,Left,N/A,
52.9210,asiya,Drag,Drag,784,681,0.00,0.00,Left,N/A,
52.9307,asiya,Drag,Drag,789,678,597.75,61276.53,Left,N/A,
52.9412,asiya,Drag,Drag,793,675,479.39,-11347.55,Left,N/A,
52.9514,asiya,Drag,Drag,803,669,1142.84,65016.37,Left,N/A,
52.9610,asiya,Drag,Drag,808,667,557.91,-60599.55,Left,N/A,
52.9713,asiya,Drag,Drag,811,665,349.34,-20208.45,Left,N/A,
52.9805,asiya,Drag,Drag,816,663,588.51,26137.75,Left,N/A,
52.9905,asiya,Drag,Drag,818,662,223.71,-36497.08,Left,N/A,
53.0011,asiya,Drag,Drag,822,660,422.69,18805.84,Left,N/A,
53.0112,asiya,Drag,Drag,826,658,442.71,1982.02,Left,N/A,
53.0215,asiya,Drag,Drag,846,650,2083.24,158659.35,Left,N/A,
53.0306,asiya,Drag,Drag,862,643,1921.17,-17828.75,Left,N/A,
53.0408,asiya,Drag,Drag,894,631,3331.50,137480.35,Left,N/A,
53.0511,asiya,Drag,Drag,906,628,1208.44,-207415.92,Left,N/A,
53.0613,asiya,Drag,Drag,928,622,2237.31,100944.68,Left,N/A,
53.0707,asiya,Drag,Drag,937,619,1002.18,-130477.64,Left,N/A,
53.0806,asiya,Drag,Drag,947,616,1061.31,6011.03,Left,N/A,
53.0914,asiya,Drag,Drag,972,608,2436.33,127625.10,Left,N/A,
53.1011,asiya,Drag,Drag,987,603,1618.14,-83734.18,Left,N/A,
53.1109,asiya,Drag,Drag,1013,595,2780.15,118758.20,Left,N/A,
53.1208,asiya,Drag,Drag,1025,591,1279.12,-151789.31,Left,N/A,
53.1307,asiya,Drag,Drag,1046,585,2201.88,93030.24,Left,N/A,
53.1407,asiya,Drag,Drag,1054,583,823.70,-137664.38,Left,N/A,
53.1505,asiya,Drag,Drag,1066,579,1293.50,48042.00,Left,N/A,
53.1614,asiya,Drag,Drag,1071,578,469.90,-75898.59,Left,N/A,
53.1710,asiya,Drag,Drag,1081,576,1060.20,61368.34,Left,N/A,
53.1807,asiya,Drag,Drag,1086,575,524.37,-55103.13,Left,N/A,
53.1906,asiya,Drag,Drag,1090,574,414.91,-11014.53,Left,N/A,
53.2013,asiya,Drag,Drag,1102,572,1144.57,68647.84,Left,N/A,
53.2113,asiya,Drag,Drag,1110,572,798.52,-34540.85,Left,N/A,
53.2211,asiya,Drag,Drag,1123,570,1344.14,55758.73,Left,N/A,
53.2310,asiya,Drag,Drag,1129,570,606.87,-74571.04,Left,N/A,
53.2404,asiya,Drag,Drag,1137,569,857.96,26719.58,Left,N/A,
53.2513,asiya,Drag,Drag,1141,569,366.99,-45045.03,Left,N/A,
53.2605,asiya,Drag,Drag,1148,569,759.50,42588.15,Left,N/A,
53.2710,asiya,Drag,Drag,1151,569,284.46,-45043.37,Left,N/A,
53.2809,asiya,Drag,Drag,1156,570,518.36,23777.75,Left,N/A,
53.2905,asiya,Drag,Drag,1158,570,207.38,-32245.18,Left,N/A,
53.3013,asiya,Drag,Drag,1160,571,206.75,-58.13,Left,N/A,
53.3110,asiya,Drag,Drag,1161,571,103.49,-10686.73,Left,N/A,
53.3210,asiya,Drag,Drag,1162,571,99.37,-408.83,Left,N/A,
53.3306,asiya,Drag,Drag,1164,572,233.46,14000.42,Left,N/A,
53.3410,asiya,Drag,Drag,1164,572,0.00,-22478.31,Left,N/A,
53.3513,asiya,Drag,Drag,1166,572,194.62,18938.91,Left,N/A,
53.3612,asiya,Drag,Drag,1166,573,101.19,-9454.39,Left,N/A,
53.3708,asiya,Drag,Drag,1169,573,312.02,21927.88,Left,N/A,
53.3807,asiya,Drag,Drag,1172,574,318.62,664.89,Left,N/A,
53.3907,asiya,Drag,Drag,1179,576,729.59,41186.76,Left,N/A,
53.4005,asiya,Drag,Drag,1183,577,421.05,-31508.33,Left,N/A,
53.4110,asiya,Drag,Drag,1190,579,691.74,25720.54,Left,N/A,
53.4210,asiya,Drag,Drag,1213,583,2338.37,164934.28,Left,N/A,
53.4309,asiya,Drag,Drag,1221,585,834.75,-152209.33,Left,N/A,
53.4409,asiya,Drag,Drag,1231,587,1019.34,18450.77,Left,N/A,
53.4506,asiya,Drag,Drag,1235,588,425.35,-61277.94,Left,N/A,
53.4611,asiya,Drag,Drag,1243,589,762.50,31886.87,Left,N/A,
53.4715,asiya,Drag,Drag,1247,590,399.45,-35173.02,Left,N/A,
53.4806,asiya,Drag,Drag,1256,591,986.44,63943.41,Left,N/A,
53.4907,asiya,Drag,Drag,1261,592,507.37,-47669.45,Left,N/A,
53.5006,asiya,Drag,Drag,1271,593,1014.23,51151.06,Left,N/A,
53.5113,asiya,Drag,Drag,1276,594,476.14,-50245.78,Left,N/A,
53.5210,asiya,Drag,Drag,1280,595,426.20,-5162.21,Left,N/A,
53.5309,asiya,Drag,Drag,1287,595,703.71,27897.71,Left,N/A,
53.5409,asiya,Drag,Drag,1290,595,299.73,-40361.45,Left,N/A,
53.5513,asiya,Drag,Drag,1294,596,398.97,9602.48,Left,N/A,
53.5605,asiya,Drag,Drag,1295,596,108.41,-31498.24,Left,N/A,
53.5711,asiya,Drag,Drag,1297,596,188.62,7564.83,Left,N/A,
53.5811,asiya,Drag,Drag,1298,596,100.24,-8859.07,Left,N/A,
53.5905,asiya,Drag,Drag,1299,596,105.92,601.91,Left,N/A,
53.6006,asiya,Drag,Drag,1299,596,0.00,-10456.58,Left,N/A,
53.6104,asiya,Drag,Drag,1300,596,102.67,10540.76,Left,N/A,
53.6209,asiya,Drag,Drag,1300,596,0.00,-9788.41,Left,N/A,
53.6310,asiya,Drag,Drag,1300,596,0.00,0.00,Left,N/A,
53.6414,asiya,Drag,Drag,1300,596,0.00,0.00,Left,N/A,
53.6508,asiya,Drag,Drag,1300,596,0.00,0.00,Left,N/A,
53.6613,asiya,Drag,Drag,1300,596,0.00,0.00,Left,N/A,
53.6708,asiya,Drag,Drag,1300,596,0.00,0.00,Left,N/A,
53.6805,asiya,Drag,Drag,1300,596,0.00,0.00,Left,N/A,
53.6910,asiya,Drag,Drag,1300,596,0.00,0.00,Left,N/A,
53.7005,asiya,Drag,Drag,1300,596,0.00,0.00,Left,N/A,
53.7109,asiya,Drag,Drag,1300,596,0.00,0.00,Left,N/A,
53.7210,asiya,Drag,Drag,1300,596,0.00,0.00,Left,N/A,
53.7312,asiya,Drag,Drag,1300,596,0.00,0.00,Left,N/A,
53.7407,asiya,Drag,Drag,1300,596,0.00,0.00,Left,N/A,
53.7505,asiya,Drag,Drag,1299,596,101.64,10331.33,Left,N/A,
53.7608,asiya,Drag,Drag,1299,596,0.00,-9891.24,Left,N/A,
53.7706,asiya,Drag,Drag,1299,596,0.00,0.00,Left,N/A,
53.7812,asiya,Drag,Drag,1298,596,94.12,8858.32,Left,N/A,
53.7905,asiya,Drag,Drag,1298,596,0.00,-10167.47,Left,N/A,
53.8014,asiya,Drag,Drag,1298,596,0.00,0.00,Left,N/A,
53.8106,asiya,Drag,Drag,1297,596,108.90,11859.94,Left,N/A,
53.8210,asiya,Drag,Drag,1297,596,0.00,-10405.58,Left,N/A,
53.8242,asiya,Drag,Drag,1297,596,0.00,0.00,None,N/A,drag_end_success
53.8312,asiya,Drag,Drag,1297,596,0.00,0.00,None,N/A,
53.8407,asiya,Drag,Drag,1297,596,0.00,0.00,None,N/A,
53.8507,asiya,Drag,Drag,1297,596,0.00,0.00,None,N/A,
53.8613,asiya,Drag,Drag,1297,596,0.00,0.00,None,N/A,
53.8709,asiya,Drag,Drag,1297,596,0.00,0.00,None,N/A,
53.8833,asiya,Drag,Drag,1297,596,0.00,0.00,None,N/A,
53.8908,asiya,Drag,Drag,1297,596,0.00,0.00,None,N/A,
53.9012,asiya,Drag,Drag,1297,596,0.00,0.00,None,N/A,
53.9108,asiya,Drag,Drag,1297,596,0.00,0.00,None,N/A,
53.9212,asiya,Drag,Drag,1297,596,0.00,0.00,None,N/A,
53.9313,asiya,Drag,Drag,1297,596,0.00,0.00,None,N/A,
53.9408,asiya,Drag,Drag,1297,596,0.00,0.00,None,N/A,
53.9513,asiya,Drag,Drag,1297,596,0.00,0.00,None,N/A,
53.9608,asiya,Drag,Drag,1297,596,0.00,0.00,None,N/A,
53.9713,asiya,Drag,Drag,1297,596,0.00,0.00,None,N/A,
53.9810,asiya,Drag,Drag,1297,596,0.00,0.00,None,N/A,
53.9905,asiya,Drag,Drag,1297,596,0.00,0.00,None,N/A,
54.0009,asiya,Drag,Drag,1297,596,0.00,0.00,None,N/A,
54.0113,asiya,Drag,Drag,1297,596,0.00,0.00,None,N/A,
54.0209,asiya,Drag,Drag,1297,596,0.00,0.00,None,N/A,
54.0311,asiya,Drag,Drag,1297,596,0.00,0.00,None,N/A,
54.0407,asiya,Drag,Drag,1297,596,0.00,0.00,None,N/A,
54.0512,asiya,Drag,Drag,1297,596,0.00,0.00,None,N/A,
54.0608,asiya,Drag,Drag,1297,596,0.00,0.00,None,N/A,
54.0713,asiya,Drag,Drag,1297,596,0.00,0.00,None,N/A,
54.0810,asiya,Drag,Drag,1297,596,0.00,0.00,None,N/A,
54.0905,asiya,Drag,Drag,1297,596,0.00,0.00,None,N/A,
54.1010,asiya,Drag,Drag,1297,596,0.00,0.00,None,N/A,
54.1105,asiya,Drag,Drag,1297,596,0.00,0.00,None,N/A,
54.1210,asiya,Drag,Drag,1297,596,0.00,0.00,None,N/A,
54.1309,asiya,Drag,Drag,1297,596,0.00,0.00,None,N/A,
54.1415,asiya,Drag,Drag,1297,596,0.00,0.00,None,N/A,
54.1509,asiya,Drag,Drag,1297,596,0.00,0.00,None,N/A,
54.1613,asiya,Drag,Drag,1297,596,0.00,0.00,None,N/A,
54.1709,asiya,Drag,Drag,1297,596,0.00,0.00,None,N/A,
54.1807,asiya,Drag,Drag,1297,596,0.00,0.00,None,N/A,
54.1913,asiya,Drag,Drag,1297,596,0.00,0.00,None,N/A,
54.2009,asiya,Drag,Drag,1297,596,0.00,0.00,None,N/A,
54.2115,asiya,Drag,Drag,1297,596,0.00,0.00,None,N/A,
54.2211,asiya,Drag,Drag,1297,596,0.00,0.00,None,N/A,
54.2310,asiya,Drag,Drag,1297,596,0.00,0.00,None,N/A,
54.2406,asiya,Drag,Drag,1297,596,0.00,0.00,None,N/A,
54.2512,asiya,Drag,Drag,1297,596,0.00,0.00,None,N/A,
54.2608,asiya,Drag,Drag,1297,596,0.00,0.00,None,N/A,
54.2714,asiya,Drag,Drag,1297,596,0.00,0.00,None,N/A,
54.2810,asiya,Drag,Drag,1297,596,0.00,0.00,None,N/A,
54.2905,asiya,Drag,Drag,1297,596,0.00,0.00,None,N/A,
54.3009,asiya,Drag,Drag,1297,596,0.00,0.00,None,N/A,
54.3114,asiya,Drag,Drag,1297,596,0.00,0.00,None,N/A,
54.3209,asiya,Drag,Drag,1297,596,0.00,0.00,None,N/A,
54.3314,asiya,Drag,Drag,1297,596,0.00,0.00,None,N/A,
54.3410,asiya,Drag,Drag,1297,596,0.00,0.00,None,N/A,
54.3507,asiya,Drag,Drag,1297,596,0.00,0.00,None,N/A,
54.3612,asiya,Drag,Drag,1297,596,0.00,0.00,None,N/A,
54.3707,asiya,Drag,Drag,1297,596,0.00,0.00,None,N/A,
54.3813,asiya,Drag,Drag,1297,596,0.00,0.00,None,N/A,
54.3908,asiya,Drag,Drag,1297,596,0.00,0.00,None,N/A,
54.4014,asiya,Drag,Drag,1297,596,0.00,0.00,None,N/A,
54.4109,asiya,Drag,Drag,1297,596,0.00,0.00,None,N/A,
54.4214,asiya,Drag,Drag,1297,596,0.00,0.00,None,N/A,
54.4312,asiya,Drag,Drag,1297,596,0.00,0.00,None,N/A,
54.4407,asiya,Drag,Drag,1297,596,0.00,0.00,None,N/A,
54.4512,asiya,Drag,Drag,1297,596,0.00,0.00,None,N/A,
54.4607,asiya,Drag,Drag,1297,596,0.00,0.00,None,N/A,
54.4714,asiya,Drag,Drag,1297,596,0.00,0.00,None,N/A,
54.4814,asiya,Drag,Drag,1297,596,0.00,0.00,None,N/A,
54.4908,asiya,Drag,Drag,1297,596,0.00,0.00,None,N/A,
54.5020,asiya,Drag,Drag,1297,596,0.00,0.00,None,N/A,
54.5107,asiya,Drag,Drag,1297,596,0.00,0.00,None,N/A,
54.5212,asiya,Drag,Drag,1297,596,0.00,0.00,None,N/A,
54.5308,asiya,Drag,Drag,1297,596,0.00,0.00,None,N/A,
54.5413,asiya,Drag,Drag,1297,596,0.00,0.00,None,N/A,
54.5511,asiya,Drag,Drag,1297,596,0.00,0.00,None,N/A,
54.5607,asiya,Drag,Drag,1297,596,0.00,0.00,None,N/A,
54.5713,asiya,Drag,Drag,1297,596,0.00,0.00,None,N/A,
54.5809,asiya,Drag,Drag,1297,596,0.00,0.00,None,N/A,
54.5912,asiya,Drag,Drag,1297,596,0.00,0.00,None,N/A,
54.6006,asiya,Drag,Drag,1297,596,0.00,0.00,None,N/A,
54.6109,asiya,Drag,Drag,1297,596,0.00,0.00,None,N/A,
54.6214,asiya,Drag,Drag,1297,596,0.00,0.00,None,N/A,
54.6314,asiya,Drag,Drag,1297,596,0.00,0.00,None,N/A,
54.6408,asiya,Drag,Drag,1297,596,0.00,0.00,None,N/A,
54.6512,asiya,Drag,Drag,1297,596,0.00,0.00,None,N/A,
54.6605,asiya,Drag,Drag,1297,596,0.00,0.00,None,N/A,
54.6711,asiya,Drag,Drag,1297,596,0.00,0.00,None,N/A,
54.6807,asiya,Drag,Drag,1297,596,0.00,0.00,None,N/A,
54.6912,asiya,Drag,Drag,1297,596,0.00,0.00,None,N/A,
54.7007,asiya,Drag,Drag,1297,596,0.00,0.00,None,N/A,
54.7112,asiya,Drag,Drag,1297,596,0.00,0.00,None,N/A,
54.7207,asiya,Drag,Drag,1297,596,0.00,0.00,None,N/A,
54.7313,asiya,Drag,Drag,1297,596,0.00,0.00,None,N/A,
54.7409,asiya,Drag,Drag,1297,596,0.00,0.00,None,N/A,
54.7513,asiya,Drag,Drag,1297,596,0.00,0.00,None,N/A,
54.7608,asiya,Drag,Drag,1297,596,0.00,0.00,None,N/A,
54.7712,asiya,Drag,Drag,1297,596,0.00,0.00,None,N/A,
54.7813,asiya,Drag,Drag,1297,596,0.00,0.00,None,N/A,
54.7907,asiya,Drag,Drag,1297,596,0.00,0.00,None,N/A,
54.8012,asiya,Drag,Drag,1297,596,0.00,0.00,None,N/A,
54.8108,asiya,Drag,Drag,1297,596,0.00,0.00,None,N/A,
54.8215,asiya,Drag,Drag,1297,596,0.00,0.00,None,N/A,
54.8313,asiya,Drag,Drag,1297,596,0.00,0.00,None,N/A,
54.8409,asiya,Drag,Drag,1297,596,0.00,0.00,None,N/A,
54.8514,asiya,Drag,Drag,1297,596,0.00,0.00,None,N/A,
54.8609,asiya,Drag,Drag,1297,596,0.00,0.00,None,N/A,
54.8713,asiya,Drag,Drag,1297,596,0.00,0.00,None,N/A,
54.8809,asiya,Drag,Drag,1297,596,0.00,0.00,None,N/A,
54.8914,asiya,Drag,Drag,1297,596,0.00,0.00,None,N/A,
54.9009,asiya,Drag,Drag,1297,596,0.00,0.00,None,N/A,
54.9112,asiya,Drag,Drag,1297,596,0.00,0.00,None,N/A,
54.9208,asiya,Drag,Drag,1297,596,0.00,0.00,None,N/A,
54.9307,asiya,Drag,Drag,1297,596,0.00,0.00,None,N/A,
54.9411,asiya,Drag,Drag,1297,596,0.00,0.00,None,N/A,
54.9505,asiya,Drag,Drag,1297,596,0.00,0.00,None,N/A,
54.9608,asiya,Drag,Drag,1297,596,0.00,0.00,None,N/A,
54.9714,asiya,Drag,Drag,1297,596,0.00,0.00,None,N/A,
54.9812,asiya,Drag,Drag,1297,596,0.00,0.00,None,N/A,
54.9909,asiya,Drag,Drag,1297,596,0.00,0.00,None,N/A,
55.0018,asiya,Drag,Drag,1297,596,0.00,0.00,None,N/A,
55.0115,asiya,Drag,Drag,1297,596,0.00,0.00,None,N/A,
55.0210,asiya,Drag,Drag,1297,596,0.00,0.00,None,N/A,
55.0306,asiya,Drag,Drag,1297,596,0.00,0.00,None,N/A,
55.0411,asiya,Drag,Drag,1297,596,0.00,0.00,None,N/A,
55.0505,asiya,Drag,Drag,1297,596,0.00,0.00,None,N/A,
55.0611,asiya,Drag,Drag,1297,596,0.00,0.00,None,N/A,
55.0706,asiya,Drag,Drag,1297,596,0.00,0.00,None,N/A,
55.0813,asiya,Drag,Drag,1297,596,0.00,0.00,None,N/A,
55.0908,asiya,Drag,Drag,1297,596,0.00,0.00,None,N/A,
55.1013,asiya,Drag,Drag,1297,596,0.00,0.00,None,N/A,
55.1108,asiya,Drag,Drag,1297,596,0.00,0.00,None,N/A,
55.1213,asiya,Drag,Drag,1297,596,0.00,0.00,None,N/A,
55.1309,asiya,Drag,Drag,1297,596,0.00,0.00,None,N/A,
55.1407,asiya,Drag,Drag,1297,596,0.00,0.00,None,N/A,
55.1515,asiya,Drag,Drag,1297,596,0.00,0.00,None,N/A,
55.1612,asiya,Drag,Drag,1297,596,0.00,0.00,None,N/A,
55.1707,asiya,Drag,Drag,1297,596,0.00,0.00,None,N/A,
55.1813,asiya,Drag,Drag,1297,596,0.00,0.00,None,N/A,
55.1908,asiya,Drag,Drag,1297,596,0.00,0.00,None,N/A,
55.2014,asiya,Drag,Drag,1297,596,0.00,0.00,None,N/A,
55.2112,asiya,Drag,Drag,1297,596,0.00,0.00,None,N/A,
55.2209,asiya,Drag,Drag,1297,596,0.00,0.00,None,N/A,
55.2314,asiya,Drag,Drag,1297,596,0.00,0.00,None,N/A,
55.2410,asiya,Drag,Drag,1297,596,0.00,0.00,None,N/A,
55.2505,asiya,Drag,Drag,1297,596,0.00,0.00,None,N/A,
55.2610,asiya,Drag,Drag,1297,596,0.00,0.00,None,N/A,
55.2705,asiya,Drag,Drag,1297,596,0.00,0.00,None,N/A,
55.2811,asiya,Drag,Drag,1297,596,0.00,0.00,None,N/A,
55.2911,asiya,Drag,Drag,1297,596,0.00,0.00,None,N/A,
55.3013,asiya,Drag,Drag,1297,596,0.00,0.00,None,N/A,
55.3115,asiya,Drag,Drag,1297,596,0.00,0.00,None,N/A,
55.3212,asiya,Drag,Drag,1297,596,0.00,0.00,None,N/A,
55.3311,asiya,Drag,Drag,1297,596,0.00,0.00,None,N/A,
55.3412,asiya,Drag,Drag,1297,596,0.00,0.00,None,N/A,
55.3512,asiya,Drag,Drag,1297,596,0.00,0.00,None,N/A,
55.3613,asiya,Drag,Drag,1297,596,0.00,0.00,None,N/A,
55.3709,asiya,Drag,Drag,1297,596,0.00,0.00,None,N/A,
55.3818,asiya,Drag,Drag,1297,596,0.00,0.00,None,N/A,
55.3918,asiya,Drag,Drag,1297,596,0.00,0.00,None,N/A,
55.4015,asiya,Drag,Drag,1297,596,0.00,0.00,None,N/A,
55.4110,asiya,Drag,Drag,1297,596,0.00,0.00,None,N/A,
55.4206,asiya,Drag,Drag,1297,596,0.00,0.00,None,N/A,
55.4312,asiya,Drag,Drag,1297,596,0.00,0.00,None,N/A,
55.4407,asiya,Drag,Drag,1297,596,0.00,0.00,None,N/A,
55.4512,asiya,Drag,Drag,1297,596,0.00,0.00,None,N/A,
55.4607,asiya,Drag,Drag,1297,596,0.00,0.00,None,N/A,
55.4712,asiya,Drag,Drag,1297,596,0.00,0.00,None,N/A,
55.4809,asiya,Drag,Drag,1297,596,0.00,0.00,None,N/A,
55.4914,asiya,Drag,Drag,1297,596,0.00,0.00,None,N/A,
55.5012,asiya,Drag,Drag,1297,596,0.00,0.00,None,N/A,
55.5108,asiya,Drag,Drag,1297,596,0.00,0.00,None,N/A,
55.5214,asiya,Drag,Drag,1297,596,0.00,0.00,None,N/A,
55.5308,asiya,Drag,Drag,1297,596,0.00,0.00,None,N/A,
55.5414,asiya,Drag,Drag,1297,596,0.00,0.00,None,N/A,
55.5509,asiya,Drag,Drag,1297,596,0.00,0.00,None,N/A,
55.5613,asiya,Drag,Drag,1297,596,0.00,0.00,None,N/A,
55.5709,asiya,Drag,Drag,1297,596,0.00,0.00,None,N/A,
55.5805,asiya,Drag,Drag,1297,596,0.00,0.00,None,N/A,
55.5910,asiya,Drag,Drag,1297,596,0.00,0.00,None,N/A,
55.6014,asiya,Drag,Drag,1297,596,0.00,0.00,None,N/A,
55.6107,asiya,Drag,Drag,1297,596,0.00,0.00,None,N/A,
55.6213,asiya,Drag,Drag,1297,596,0.00,0.00,None,N/A,
55.6312,asiya,Drag,Drag,1297,596,0.00,0.00,None,N/A,
55.6407,asiya,Drag,Drag,1297,596,0.00,0.00,None,N/A,
55.6515,asiya,Drag,Drag,1297,596,0.00,0.00,None,N/A,
55.6611,asiya,Drag,Drag,1297,596,0.00,0.00,None,N/A,
55.6707,asiya,Drag,Drag,1297,596,0.00,0.00,None,N/A,
55.6812,asiya,Drag,Drag,1297,596,0.00,0.00,None,N/A,
55.6907,asiya,Drag,Drag,1297,596,0.00,0.00,None,N/A,
55.7015,asiya,Drag,Drag,1297,596,0.00,0.00,None,N/A,
55.7110,asiya,Drag,Drag,1297,596,0.00,0.00,None,N/A,
55.7205,asiya,Drag,Drag,1297,596,0.00,0.00,None,N/A,
55.7306,asiya,Drag,Drag,1297,596,0.00,0.00,None,N/A,
55.7413,asiya,Drag,Drag,1297,596,0.00,0.00,None,N/A,
55.7507,asiya,Drag,Drag,1297,596,0.00,0.00,None,N/A,
55.7610,asiya,Drag,Drag,1297,596,0.00,0.00,None,N/A,
55.7706,asiya,Drag,Drag,1297,596,0.00,0.00,None,N/A,
55.7812,asiya,Drag,Drag,1297,596,0.00,0.00,None,N/A,
55.7907,asiya,Drag,Drag,1297,596,0.00,0.00,None,N/A,
55.8012,asiya,Drag,Drag,1297,596,0.00,0.00,None,N/A,
55.8107,asiya,Drag,Drag,1297,596,0.00,0.00,None,N/A,
55.8213,asiya,Drag,Drag,1297,596,0.00,0.00,None,N/A,
55.8308,asiya,Drag,Drag,1297,596,0.00,0.00,None,N/A,
55.8412,asiya,Drag,Drag,1297,596,0.00,0.00,None,N/A,
55.8507,asiya,Drag,Drag,1297,596,0.00,0.00,None,N/A,
55.8611,asiya,Drag,Drag,1297,596,0.00,0.00,None,N/A,
55.8707,asiya,Drag,Drag,1297,596,0.00,0.00,None,N/A,
55.8812,asiya,Drag,Drag,1297,596,0.00,0.00,None,N/A,
55.8907,asiya,Drag,Drag,1297,596,0.00,0.00,None,N/A,
55.9011,asiya,Drag,Drag,1297,596,0.00,0.00,None,N/A,
55.9115,asiya,Drag,Drag,1297,596,0.00,0.00,None,N/A,
55.9210,asiya,Drag,Drag,1297,596,0.00,0.00,None,N/A,
55.9305,asiya,Drag,Drag,1297,596,0.00,0.00,None,N/A,
55.9409,asiya,Drag,Drag,1297,596,0.00,0.00,None,N/A,
55.9513,asiya,Drag,Drag,1297,596,0.00,0.00,None,N/A,
55.9606,asiya,Drag,Drag,1297,596,0.00,0.00,None,N/A,
55.9712,asiya,Drag,Drag,1297,596,0.00,0.00,None,N/A,
55.9805,asiya,Drag,Drag,1297,596,0.00,0.00,None,N/A,
55.9909,asiya,Drag,Drag,1297,596,0.00,0.00,None,N/A,
56.0015,asiya,Drag,Drag,1297,596,0.00,0.00,None,N/A,
56.0112,asiya,Drag,Drag,1297,596,0.00,0.00,None,N/A,
56.0207,asiya,Drag,Drag,1297,596,0.00,0.00,None,N/A,
56.0309,asiya,Drag,Drag,1297,596,0.00,0.00,None,N/A,
56.0405,asiya,Drag,Drag,1297,596,0.00,0.00,None,N/A,
56.0510,asiya,Drag,Drag,1297,596,0.00,0.00,None,N/A,
56.0615,asiya,Drag,Drag,1297,596,0.00,0.00,None,N/A,
56.0710,asiya,Drag,Drag,1297,596,0.00,0.00,None,N/A,
56.0805,asiya,Drag,Drag,1297,596,0.00,0.00,None,N/A,
56.0910,asiya,Drag,Drag,1297,596,0.00,0.00,None,N/A,
56.1014,asiya,Drag,Drag,1297,596,0.00,0.00,None,N/A,
56.1105,asiya,Drag,Drag,1297,596,0.00,0.00,None,N/A,
56.1209,asiya,Drag,Drag,1297,596,0.00,0.00,None,N/A,
56.1307,asiya,Drag,Drag,1297,596,0.00,0.00,None,N/A,
56.1412,asiya,Drag,Drag,1297,596,0.00,0.00,None,N/A,
56.1508,asiya,Drag,Drag,1297,596,0.00,0.00,None,N/A,
56.1614,asiya,Drag,Drag,1297,596,0.00,0.00,None,N/A,
56.1709,asiya,Drag,Drag,1297,596,0.00,0.00,None,N/A,
56.1813,asiya,Drag,Drag,1297,596,0.00,0.00,None,N/A,
56.1908,asiya,Drag,Drag,1297,596,0.00,0.00,None,N/A,
56.2013,asiya,Drag,Drag,1297,596,0.00,0.00,None,N/A,
56.2110,asiya,Drag,Drag,1297,596,0.00,0.00,None,N/A,
56.2206,asiya,Drag,Drag,1297,596,0.00,0.00,None,N/A,
56.2311,asiya,Drag,Drag,1297,596,0.00,0.00,None,N/A,
56.2407,asiya,Drag,Drag,1297,596,0.00,0.00,None,N/A,
56.2505,asiya,Drag,Drag,1297,596,0.00,0.00,None,N/A,
56.2611,asiya,Drag,Drag,1297,596,0.00,0.00,None,N/A,
56.2707,asiya,Drag,Drag,1297,596,0.00,0.00,None,N/A,
56.2811,asiya,Drag,Drag,1297,596,0.00,0.00,None,N/A,
56.2906,asiya,Drag,Drag,1297,596,0.00,0.00,None,N/A,
56.3011,asiya,Drag,Drag,1293,591,610.84,58271.75,None,N/A,
56.3110,asiya,Drag,Drag,1284,583,1219.69,61670.48,None,N/A,
56.3208,asiya,Drag,Drag,1256,562,3548.22,236061.68,None,N/A,
56.3305,asiya,Drag,Drag,1163,525,10342.38,702046.67,None,N/A,
56.3411,asiya,Drag,Drag,1130,518,3177.02,-674818.56,None,N/A,
56.3510,asiya,Drag,Drag,1066,505,6600.10,345945.60,None,N/A,
56.3606,asiya,Drag,Drag,1041,500,2662.57,-411214.20,None,N/A,
56.3710,asiya,Drag,Drag,1000,494,3974.16,125793.83,None,N/A,
56.3811,asiya,Drag,Drag,988,493,1198.99,-276325.50,None,N/A,
56.3907,asiya,Drag,Drag,972,492,1667.78,48769.85,None,N/A,
56.4008,asiya,Drag,Drag,970,492,197.74,-145340.92,None,N/A,
56.4105,asiya,Drag,Drag,969,492,103.01,-9757.89,None,N/A,
56.4210,asiya,Drag,Drag,968,492,95.64,-704.27,None,N/A,
56.4306,asiya,Drag,Drag,968,492,0.00,-9895.98,None,N/A,
56.4412,asiya,Drag,Drag,968,492,0.00,0.00,None,N/A,
56.4508,asiya,Drag,Drag,968,492,0.00,0.00,None,N/A,
56.4605,asiya,Drag,Drag,968,492,0.00,0.00,None,N/A,
56.4710,asiya,Drag,Drag,968,492,0.00,0.00,None,N/A,
56.4806,asiya,Drag,Drag,969,493,146.58,15192.62,None,N/A,
56.4906,asiya,Drag,Drag,969,493,0.00,-14697.58,None,N/A,
56.5010,asiya,Drag,Drag,970,494,135.77,13033.79,None,N/A,
56.5109,asiya,Drag,Drag,970,494,0.00,-13786.38,None,N/A,
56.5206,asiya,Drag,Drag,971,496,229.52,23559.47,None,N/A,
56.5305,asiya,Drag,Drag,971,496,0.00,-23112.63,None,N/A,
56.5410,asiya,Drag,Drag,971,496,0.00,0.00,None,N/A,
56.5514,asiya,Drag,Drag,971,496,0.00,0.00,None,N/A,
56.5609,asiya,Drag,Drag,971,496,0.00,0.00,None,N/A,
56.5713,asiya,Drag,Drag,971,496,0.00,0.00,None,N/A,
56.5813,asiya,Drag,Drag,971,496,0.00,0.00,None,N/A,
56.5909,asiya,Drag,Drag,971,496,0.00,0.00,None,N/A,
56.6015,asiya,Drag,Drag,971,496,0.00,0.00,None,N/A,
56.6112,asiya,Drag,Drag,971,496,0.00,0.00,None,N/A,
56.6207,asiya,Drag,Drag,971,496,0.00,0.00,None,N/A,
56.6313,asiya,Drag,Drag,971,496,0.00,0.00,None,N/A,
56.6407,asiya,Drag,Drag,971,496,0.00,0.00,None,N/A,
56.6513,asiya,Drag,Drag,971,496,0.00,0.00,None,N/A,
56.6608,asiya,Drag,Drag,971,496,0.00,0.00,None,N/A,
56.6713,asiya,Drag,Drag,971,496,0.00,0.00,None,N/A,
56.6809,asiya,Drag,Drag,971,496,0.00,0.00,None,N/A,
56.6914,asiya,Drag,Drag,971,496,0.00,0.00,None,N/A,
56.7010,asiya,Drag,Drag,931,525,5146.80,536156.33,None,N/A,
56.7111,asiya,Drag,Drag,892,546,4398.51,-74306.40,None,N/A,
56.7210,asiya,Drag,Drag,856,558,3825.11,-57799.87,None,N/A,
56.7305,asiya,Drag,Drag,846,561,1094.39,-286243.28,None,N/A,
56.7414,asiya,Drag,Drag,836,563,938.35,-14357.78,None,N/A,
56.7513,asiya,Drag,Drag,834,563,202.93,-74618.51,None,N/A,
56.7608,asiya,Drag,Drag,832,563,209.43,680.63,None,N/A,
56.7706,asiya,Drag,Drag,832,563,0.00,-21446.40,None,N/A,
56.7807,asiya,Drag,Drag,832,563,0.00,0.00,None,N/A,
56.7904,asiya,Drag,Drag,831,563,102.93,10594.63,None,N/A,
56.8008,asiya,Drag,Drag,831,563,0.00,-9902.30,None,N/A,
56.8112,asiya,Drag,Drag,831,563,0.00,0.00,None,N/A,
56.8208,asiya,Drag,Drag,831,563,0.00,0.00,None,N/A,
56.8314,asiya,Drag,Drag,831,563,0.00,0.00,None,N/A,
56.8409,asiya,Drag,Drag,831,563,0.00,0.00,None,N/A,
56.8509,asiya,Drag,Drag,831,563,0.00,0.00,None,N/A,
56.8610,asiya,Drag,Drag,831,564,99.14,9827.75,None,N/A,
56.8708,asiya,Drag,Drag,831,568,409.70,31809.62,None,N/A,
56.8806,asiya,Drag,Drag,830,570,228.47,-18517.13,None,N/A,
56.8906,asiya,Drag,Drag,830,572,199.12,-2922.06,None,N/A,
56.9012,asiya,Drag,Drag,829,576,388.99,17912.40,None,N/A,
56.9113,asiya,Drag,Drag,829,578,199.04,-18903.48,None,N/A,
56.9210,asiya,Drag,Drag,829,580,206.21,740.09,None,N/A,
56.9309,asiya,Drag,Drag,829,581,100.42,-10623.90,None,N/A,
56.9414,asiya,Drag,Drag,829,583,190.96,8645.22,None,N/A,
56.9512,asiya,Drag,Drag,829,584,102.12,-9072.57,None,N/A,
56.9610,asiya,Drag,Drag,829,587,306.89,20947.43,None,N/A,
56.9709,asiya,Drag,Drag,829,590,302.95,-398.44,None,N/A,
56.9804,asiya,Drag,Drag,830,597,742.74,46194.93,None,N/A,
56.9910,asiya,Drag,Drag,830,602,470.41,-25620.86,None,N/A,
57.0018,asiya,Drag,Drag,830,611,834.02,33695.44,None,N/A,
57.0111,asiya,Drag,Drag,829,615,445.60,-41978.49,None,N/A,
57.0210,asiya,Drag,Drag,829,621,601.81,15668.39,None,N/A,
57.0304,asiya,Drag,Drag,828,623,237.85,-38713.95,None,N/A,
57.0409,asiya,Drag,Drag,828,625,190.05,-4542.15,None,N/A,
57.0512,asiya,Drag,Drag,827,627,217.49,2669.19,None,N/A,
57.0611,asiya,Drag,Drag,827,628,101.54,-11773.35,None,N/A,
57.0711,asiya,Drag,Drag,826,630,222.47,12032.08,None,N/A,
57.0807,asiya,Drag,Drag,826,631,104.46,-12327.57,None,N/A,
57.0904,asiya,Drag,Drag,825,631,103.56,-94.01,None,N/A,
57.1013,asiya,Drag,Drag,825,632,91.78,-1080.82,None,N/A,
57.1105,asiya,Drag,Drag,824,632,107.80,1726.78,None,N/A,
57.1209,asiya,Drag,Drag,823,632,96.43,-1096.41,None,N/A,
57.1308,asiya,Drag,Drag,822,632,101.19,481.87,None,N/A,
57.1404,asiya,Drag,Drag,821,632,103.62,252.05,None,N/A,
57.1511,asiya,Drag,Drag,820,631,132.56,2712.77,None,N/A,
57.1610,asiya,Drag,Drag,818,631,201.57,6955.15,None,N/A,
57.1709,asiya,Drag,Drag,818,630,101.25,-10157.57,None,N/A,
57.1806,asiya,Drag,Drag,816,630,205.24,10671.29,None,N/A,
57.1906,asiya,Drag,Drag,815,629,142.12,-6343.31,None,N/A,
57.2004,asiya,Drag,Drag,814,629,101.92,-4097.30,None,N/A,
57.2105,asiya,Drag,Drag,813,628,139.70,3732.22,None,N/A,
57.2204,asiya,Drag,Drag,812,628,100.84,-3918.50,None,N/A,
57.2307,asiya,Drag,Drag,811,627,137.70,3589.07,None,N/A,
57.2412,asiya,Drag,Drag,809,626,213.72,7265.93,None,N/A,
57.2508,asiya,Drag,Drag,808,625,146.30,-6974.68,None,N/A,
57.2612,asiya,Drag,Drag,807,624,135.98,-992.03,None,N/A,
57.2708,asiya,Drag,Drag,805,622,295.00,16585.66,None,N/A,
57.2807,asiya,Drag,Drag,804,622,101.25,-19617.85,None,N/A,
57.2914,asiya,Drag,Drag,803,620,209.54,10147.32,None,N/A,
57.3014,asiya,Drag,Drag,803,619,99.96,-10953.52,None,N/A,
57.3113,asiya,Drag,Drag,803,618,101.06,110.99,None,N/A,
57.3207,asiya,Drag,Drag,803,618,0.00,-10678.90,None,N/A,
57.3312,asiya,Drag,Drag,803,618,0.00,0.00,None,N/A,
57.3408,asiya,Drag,Drag,803,618,0.00,0.00,None,N/A,
57.3513,asiya,Drag,Drag,803,618,0.00,0.00,None,N/A,
57.3609,asiya,Drag,Drag,803,618,0.00,0.00,None,N/A,
57.3705,asiya,Drag,Drag,803,618,0.00,0.00,None,N/A,
57.3810,asiya,Drag,Drag,803,618,0.00,0.00,None,N/A,
57.3910,asiya,Drag,Drag,803,618,0.00,0.00,None,N/A,
57.4011,asiya,Drag,Drag,803,618,0.00,0.00,None,N/A,
57.4107,asiya,Drag,Drag,803,618,0.00,0.00,None,N/A,
57.4212,asiya,Drag,Drag,803,618,0.00,0.00,None,N/A,
57.4308,asiya,Drag,Drag,803,618,0.00,0.00,None,N/A,
57.4413,asiya,Drag,Drag,803,618,0.00,0.00,None,N/A,
57.4508,asiya,Drag,Drag,803,618,0.00,0.00,None,N/A,
57.4613,asiya,Drag,Drag,803,618,0.00,0.00,None,N/A,
57.4708,asiya,Drag,Drag,803,618,0.00,0.00,None,N/A,
57.4813,asiya,Drag,Drag,803,618,0.00,0.00,None,N/A,
57.4908,asiya,Drag,Drag,803,618,0.00,0.00,None,N/A,
57.4960,asiya,Drag,Drag,803,618,0.00,0.00,Left,N/A,drag_start
57.5004,asiya,Drag,Drag,803,618,0.00,0.00,Left,N/A,
57.5109,asiya,Drag,Drag,803,618,0.00,0.00,Left,N/A,
57.5214,asiya,Drag,Drag,803,618,0.00,0.00,Left,N/A,
57.5309,asiya,Drag,Drag,803,618,0.00,0.00,Left,N/A,
57.5408,asiya,Drag,Drag,803,618,0.00,0.00,Left,N/A,
57.5513,asiya,Drag,Drag,803,618,0.00,0.00,Left,N/A,
57.5611,asiya,Drag,Drag,803,618,0.00,0.00,Left,N/A,
57.5705,asiya,Drag,Drag,803,618,0.00,0.00,Left,N/A,
57.5810,asiya,Drag,Drag,803,618,0.00,0.00,Left,N/A,
57.5914,asiya,Drag,Drag,803,618,0.00,0.00,Left,N/A,
57.6009,asiya,Drag,Drag,803,618,0.00,0.00,Left,N/A,
57.6105,asiya,Drag,Drag,803,618,0.00,0.00,Left,N/A,
57.6213,asiya,Drag,Drag,803,618,0.00,0.00,Left,N/A,
57.6308,asiya,Drag,Drag,803,618,0.00,0.00,Left,N/A,
57.6408,asiya,Drag,Drag,809,595,2364.24,235156.74,Left,N/A,
57.6506,asiya,Drag,Drag,813,579,1692.71,-68922.57,Left,N/A,
57.6605,asiya,Drag,Drag,818,562,1787.52,9564.05,Left,N/A,
57.6712,asiya,Drag,Drag,819,558,386.09,-131229.62,Left,N/A,
57.6808,asiya,Drag,Drag,821,554,464.89,8192.24,Left,N/A,
57.6905,asiya,Drag,Drag,822,552,230.06,-24161.00,Left,N/A,
57.7006,asiya,Drag,Drag,823,551,139.42,-8935.34,Left,N/A,
57.7104,asiya,Drag,Drag,824,550,144.21,488.06,Left,N/A,
57.7212,asiya,Drag,Drag,824,549,92.62,-4778.08,Left,N/A,
57.7310,asiya,Drag,Drag,825,547,228.69,13915.66,Left,N/A,
57.7410,asiya,Drag,Drag,825,546,100.32,-12877.89,Left,N/A,
57.7506,asiya,Drag,Drag,826,544,232.11,13680.80,Left,N/A,
57.7608,asiya,Drag,Drag,827,543,138.84,-9157.04,Left,N/A,
57.7709,asiya,Drag,Drag,828,541,222.26,8291.22,Left,N/A,
57.7812,asiya,Drag,Drag,828,539,192.88,-2833.24,Left,N/A,
57.7907,asiya,Drag,Drag,829,536,332.44,14672.53,Left,N/A,
57.8006,asiya,Drag,Drag,829,534,202.23,-13166.76,Left,N/A,
57.8108,asiya,Drag,Drag,830,532,220.35,1786.36,Left,N/A,
57.8211,asiya,Drag,Drag,830,531,97.13,-11968.81,Left,N/A,
57.8312,asiya,Drag,Drag,831,529,221.40,12304.58,Left,N/A,
57.8414,asiya,Drag,Drag,831,528,97.97,-12092.56,Left,N/A,
57.8507,asiya,Drag,Drag,831,527,107.02,967.87,Left,N/A,
57.8607,asiya,Drag,Drag,831,526,100.45,-659.59,Left,N/A,
57.8714,asiya,Drag,Drag,831,525,93.16,-678.89,Left,N/A,
57.8814,asiya,Drag,Drag,831,525,0.00,-9321.45,Left,N/A,
57.8913,asiya,Drag,Drag,831,524,100.70,10140.72,Left,N/A,
57.9011,asiya,Drag,Drag,831,523,102.55,189.62,Left,N/A,
57.9106,asiya,Drag,Drag,831,521,210.95,11433.35,Left,N/A,
57.9208,asiya,Drag,Drag,830,518,310.51,9775.48,Left,N/A,
57.9312,asiya,Drag,Drag,830,516,192.10,-11372.86,Left,N/A,
57.9412,asiya,Drag,Drag,829,512,410.80,21790.31,Left,N/A,
57.9519,asiya,Drag,Drag,829,510,187.88,-20941.41,Left,N/A,
57.9609,asiya,Drag,Drag,829,508,220.86,3642.05,Left,N/A,
57.9713,asiya,Drag,Drag,828,506,215.22,-543.39,Left,N/A,
57.9812,asiya,Drag,Drag,828,504,201.79,-1354.78,Left,N/A,
57.9905,asiya,Drag,Drag,827,502,240.41,4152.59,Left,N/A,
58.0007,asiya,Drag,Drag,827,501,98.39,-13973.67,Left,N/A,
58.0113,asiya,Drag,Drag,827,500,94.06,-407.21,Left,N/A,
58.0206,asiya,Drag,Drag,827,499,107.44,1437.89,Left,N/A,
58.0313,asiya,Drag,Drag,827,498,93.46,-1306.63,Left,N/A,
58.0406,asiya,Drag,Drag,827,497,107.22,1475.11,Left,N/A,
58.0508,asiya,Drag,Drag,827,496,98.11,-893.55,Left,N/A,
58.0607,asiya,Drag,Drag,827,495,101.20,311.90,Left,N/A,
58.0709,asiya,Drag,Drag,827,494,98.15,-298.91,Left,N/A,
58.0812,asiya,Drag,Drag,826,493,137.95,3881.56,Left,N/A,
58.0912,asiya,Drag,Drag,826,492,99.20,-3843.48,Left,N/A,
58.1007,asiya,Drag,Drag,826,490,211.26,11836.40,Left,N/A,
58.1110,asiya,Drag,Drag,826,489,97.03,-11083.40,Left,N/A,
58.1208,asiya,Drag,Drag,826,487,203.54,10840.44,Left,N/A,
58.1313,asiya,Drag,Drag,826,486,95.65,-10319.90,Left,N/A,
58.1410,asiya,Drag,Drag,827,484,229.57,13749.97,Left,N/A,
58.1510,asiya,Drag,Drag,827,483,100.46,-12970.77,Left,N/A,
58.1607,asiya,Drag,Drag,828,481,229.30,13212.38,Left,N/A,
58.1714,asiya,Drag,Drag,828,480,94.21,-12726.98,Left,N/A,
58.1812,asiya,Drag,Drag,829,478,225.90,13304.75,Left,N/A,
58.1912,asiya,Drag,Drag,830,477,141.98,-8425.29,Left,N/A,
58.2008,asiya,Drag,Drag,831,476,147.83,611.41,Left,N/A,
58.2106,asiya,Drag,Drag,833,474,287.06,14130.53,Left,N/A,
58.2208,asiya,Drag,Drag,833,474,0.00,-28208.24,Left,N/A,
58.2313,asiya,Drag,Drag,835,472,270.60,25888.32,Left,N/A,
58.2413,asiya,Drag,Drag,835,472,0.00,-26896.30,Left,N/A,
58.2511,asiya,Drag,Drag,836,471,144.97,14861.74,Left,N/A,
58.2611,asiya,Drag,Drag,836,471,0.00,-14397.94,Left,N/A,
58.2707,asiya,Drag,Drag,837,471,104.93,11009.97,Left,N/A,
58.2805,asiya,Drag,Drag,837,471,0.00,-10650.54,Left,N/A,
58.2910,asiya,Drag,Drag,837,471,0.00,0.00,Left,N/A,
58.2982,asiya,Drag,Drag,837,471,0.00,0.00,None,N/A,drag_end_success
58.3007,asiya,Drag,Drag,837,471,0.00,0.00,None,N/A,
58.3105,asiya,Drag,Drag,837,471,0.00,0.00,None,N/A,
58.3209,asiya,Drag,Drag,837,471,0.00,0.00,None,N/A,
58.3316,asiya,Drag,Drag,837,471,0.00,0.00,None,N/A,
58.3417,asiya,Drag,Drag,837,471,0.00,0.00,None,N/A,
58.3513,asiya,Drag,Drag,837,471,0.00,0.00,None,N/A,
58.3610,asiya,Drag,Drag,837,471,0.00,0.00,None,N/A,
58.3706,asiya,Drag,Drag,837,471,0.00,0.00,None,N/A,
58.3812,asiya,Drag,Drag,837,471,0.00,0.00,None,N/A,
58.3907,asiya,Drag,Drag,837,471,0.00,0.00,None,N/A,
58.4013,asiya,Drag,Drag,837,471,0.00,0.00,None,N/A,
58.4109,asiya,Drag,Drag,837,471,0.00,0.00,None,N/A,
58.4213,asiya,Drag,Drag,837,471,0.00,0.00,None,N/A,
58.4308,asiya,Drag,Drag,837,471,0.00,0.00,None,N/A,
58.4412,asiya,Drag,Drag,837,471,0.00,0.00,None,N/A,
58.4506,asiya,Drag,Drag,837,471,0.00,0.00,None,N/A,
58.4610,asiya,Drag,Drag,837,471,0.00,0.00,None,N/A,
58.4705,asiya,Drag,Drag,837,471,0.00,0.00,None,N/A,
58.4811,asiya,Drag,Drag,837,471,0.00,0.00,None,N/A,
58.4915,asiya,Drag,Drag,837,471,0.00,0.00,None,N/A,
58.5010,asiya,Drag,Drag,837,471,0.00,0.00,None,N/A,
58.5106,asiya,Drag,Drag,837,471,0.00,0.00,None,N/A,
58.5212,asiya,Drag,Drag,837,471,0.00,0.00,None,N/A,
58.5307,asiya,Drag,Drag,837,471,0.00,0.00,None,N/A,
58.5413,asiya,Drag,Drag,837,471,0.00,0.00,None,N/A,
58.5509,asiya,Drag,Drag,837,471,0.00,0.00,None,N/A,
58.5614,asiya,Drag,Drag,837,471,0.00,0.00,None,N/A,
58.5710,asiya,Drag,Drag,837,471,0.00,0.00,None,N/A,
58.5814,asiya,Drag,Drag,837,471,0.00,0.00,None,N/A,
58.5909,asiya,Drag,Drag,837,471,0.00,0.00,None,N/A,
58.6013,asiya,Drag,Drag,837,471,0.00,0.00,None,N/A,
58.6109,asiya,Drag,Drag,837,471,0.00,0.00,None,N/A,
58.6214,asiya,Drag,Drag,837,471,0.00,0.00,None,N/A,
58.6308,asiya,Drag,Drag,837,471,0.00,0.00,None,N/A,
58.6414,asiya,Drag,Drag,837,471,0.00,0.00,None,N/A,
58.6518,asiya,Drag,Drag,837,471,0.00,0.00,None,N/A,
58.6611,asiya,Drag,Drag,837,471,0.00,0.00,None,N/A,
58.6706,asiya,Drag,Drag,905,471,7169.03,755808.60,None,N/A,
58.6808,asiya,Drag,Drag,960,470,5381.21,-174891.55,None,N/A,
58.6907,asiya,Drag,Drag,1044,466,8495.41,314599.99,None,N/A,
58.7016,asiya,Drag,Drag,1081,464,3400.04,-467545.77,None,N/A,
58.7111,asiya,Drag,Drag,1136,462,5822.07,256216.44,None,N/A,
58.7209,asiya,Drag,Drag,1154,462,1832.02,-406102.48,None,N/A,
58.7304,asiya,Drag,Drag,1176,462,2316.66,51033.47,None,N/A,
58.7408,asiya,Drag,Drag,1184,463,771.73,-147882.05,None,N/A,
58.7512,asiya,Drag,Drag,1196,465,1179.68,39558.87,None,N/A,
58.7612,asiya,Drag,Drag,1200,466,409.04,-76453.12,None,N/A,
58.7710,asiya,Drag,Drag,1208,470,916.39,51979.71,None,N/A,
58.7805,asiya,Drag,Drag,1210,472,298.14,-65168.27,None,N/A,
58.7908,asiya,Drag,Drag,1212,473,215.89,-7941.36,None,N/A,
58.8012,asiya,Drag,Drag,1216,477,545.66,31810.60,None,N/A,
58.8113,asiya,Drag,Drag,1217,478,140.67,-40284.28,None,N/A,
58.8213,asiya,Drag,Drag,1219,481,359.71,21853.44,None,N/A,
58.8307,asiya,Drag,Drag,1220,482,149.47,-22221.14,None,N/A,
58.8404,asiya,Drag,Drag,1221,484,231.08,8434.03,None,N/A,
58.8509,asiya,Drag,Drag,1221,485,95.60,-12952.08,None,N/A,
58.8609,asiya,Drag,Drag,1220,488,316.09,22040.14,None,N/A,
58.8713,asiya,Drag,Drag,1220,490,191.50,-11929.62,None,N/A,
58.8810,asiya,Drag,Drag,1218,492,291.37,10288.28,None,N/A,
58.8905,asiya,Drag,Drag,1213,499,909.43,65340.53,None,N/A,
58.9013,asiya,Drag,Drag,1207,502,619.52,-26773.90,None,N/A,
58.9111,asiya,Drag,Drag,1193,510,1651.76,105739.33,None,N/A,
58.9206,asiya,Drag,Drag,1187,512,667.52,-103880.13,None,N/A,
58.9307,asiya,Drag,Drag,1179,515,842.83,17293.54,None,N/A,
58.9410,asiya,Drag,Drag,1177,515,193.88,-62908.91,None,N/A,
58.9506,asiya,Drag,Drag,1174,516,331.20,14382.11,None,N/A,
58.9612,asiya,Drag,Drag,1173,516,94.27,-22335.20,None,N/A,
58.9709,asiya,Drag,Drag,1171,516,204.90,11333.38,None,N/A,
58.9805,asiya,Drag,Drag,1171,516,0.00,-21519.23,None,N/A,
58.9910,asiya,Drag,Drag,1170,516,95.16,9055.97,None,N/A,
59.0005,asiya,Drag,Drag,1170,516,0.00,-10002.81,None,N/A,
59.0110,asiya,Drag,Drag,1170,516,0.00,0.00,None,N/A,
59.0213,asiya,Drag,Drag,1172,517,216.82,21024.81,None,N/A,
59.0308,asiya,Drag,Drag,1175,517,315.38,10360.39,None,N/A,
59.0406,asiya,Drag,Drag,1189,520,1470.16,118574.50,None,N/A,
59.0513,asiya,Drag,Drag,1202,521,1209.19,-24202.64,None,N/A,
59.0611,asiya,Drag,Drag,1220,522,1850.79,65867.89,None,N/A,
59.0709,asiya,Drag,Drag,1224,523,418.07,-145273.54,None,N/A,
59.0804,asiya,Drag,Drag,1230,523,634.46,22881.45,None,N/A,
59.0910,asiya,Drag,Drag,1231,523,94.63,-51086.12,None,N/A,
59.1012,asiya,Drag,Drag,1234,523,294.01,19540.08,None,N/A,
59.1112,asiya,Drag,Drag,1235,523,99.93,-19394.90,None,N/A,
59.1211,asiya,Drag,Drag,1235,523,0.00,-10047.25,None,N/A,
59.1306,asiya,Drag,Drag,1237,523,210.54,22163.88,None,N/A,
59.1405,asiya,Drag,Drag,1237,523,0.00,-21402.18,None,N/A,
59.1507,asiya,Drag,Drag,1239,524,218.24,21299.68,None,N/A,
59.1612,asiya,Drag,Drag,1240,524,95.72,-11727.39,None,N/A,
59.1710,asiya,Drag,Drag,1242,525,227.84,13461.80,None,N/A,
59.1807,asiya,Drag,Drag,1243,525,103.13,-12861.09,None,N/A,
59.1908,asiya,Drag,Drag,1244,526,139.41,3576.96,None,N/A,
59.2014,asiya,Drag,Drag,1245,526,94.52,-4243.19,None,N/A,
59.2113,asiya,Drag,Drag,1246,526,100.64,615.74,None,N/A,
59.2210,asiya,Drag,Drag,1247,527,145.77,4652.09,None,N/A,
59.2313,asiya,Drag,Drag,1248,527,97.09,-4726.36,None,N/A,
59.2407,asiya,Drag,Drag,1248,527,0.00,-10392.96,None,N/A,
59.2511,asiya,Drag,Drag,1249,528,135.22,12930.00,None,N/A,
59.2611,asiya,Drag,Drag,1252,530,362.20,22800.43,None,N/A,
59.2706,asiya,Drag,Drag,1254,531,235.42,-13347.28,None,N/A,
59.2805,asiya,Drag,Drag,1259,535,642.83,40900.40,None,N/A,
59.2907,asiya,Drag,Drag,1262,537,355.09,-28337.43,None,N/A,
59.3007,asiya,Drag,Drag,1267,540,581.45,22571.11,None,N/A,
59.3108,asiya,Drag,Drag,1269,541,221.53,-35657.08,None,N/A,
59.3209,asiya,Drag,Drag,1273,543,443.06,21948.02,None,N/A,
59.3314,asiya,Drag,Drag,1274,544,134.89,-29393.60,None,N/A,
59.3409,asiya,Drag,Drag,1275,546,234.80,10491.09,None,N/A,
59.3511,asiya,Drag,Drag,1280,549,571.95,33071.57,None,N/A,
59.3614,asiya,Drag,Drag,1283,551,352.18,-21467.13,None,N/A,
59.3710,asiya,Drag,Drag,1291,557,1032.98,70325.38,None,N/A,
59.3804,asiya,Drag,Drag,1295,560,532.22,-53302.70,None,N/A,
59.3906,asiya,Drag,Drag,1302,565,841.99,30319.69,None,N/A,
59.4012,asiya,Drag,Drag,1305,567,342.00,-47425.38,None,N/A,
59.4105,asiya,Drag,Drag,1310,570,628.45,30873.48,None,N/A,
59.4212,asiya,Drag,Drag,1312,571,209.35,-39238.11,None,N/A,
59.4305,asiya,Drag,Drag,1314,573,303.98,10169.48,None,N/A,
59.4407,asiya,Drag,Drag,1315,574,137.82,-16192.51,None,N/A,
59.4512,asiya,Drag,Drag,1317,575,213.24,7192.40,None,N/A,
59.4612,asiya,Drag,Drag,1318,575,99.89,-11322.63,None,N/A,
59.4712,asiya,Drag,Drag,1319,576,141.67,4185.24,None,N/A,
59.4809,asiya,Drag,Drag,1320,576,102.63,-4006.63,None,N/A,
59.4909,asiya,Drag,Drag,1320,577,100.10,-253.52,None,N/A,
59.5014,asiya,Drag,Drag,1321,577,95.30,-457.55,None,N/A,
59.5111,asiya,Drag,Drag,1321,577,0.00,-9877.03,None,N/A,
59.5211,asiya,Drag,Drag,1321,578,99.80,9960.56,None,N/A,
59.5304,asiya,Drag,Drag,1321,578,0.00,-10669.92,None,N/A,
59.5404,asiya,Drag,Drag,1320,578,100.54,10108.66,None,N/A,
59.5510,asiya,Drag,Drag,1320,578,0.00,-9484.57,None,N/A,
59.5605,asiya,Drag,Drag,1320,578,0.00,0.00,None,N/A,
59.5710,asiya,Drag,Drag,1320,578,0.00,0.00,None,N/A,
59.5804,asiya,Drag,Drag,1320,578,0.00,0.00,None,N/A,
59.5908,asiya,Drag,Drag,1320,578,0.00,0.00,None,N/A,
59.6013,asiya,Drag,Drag,1320,578,0.00,0.00,None,N/A,
59.6109,asiya,Drag,Drag,1320,578,0.00,0.00,None,N/A,
59.6214,asiya,Drag,Drag,1320,578,0.00,0.00,None,N/A,
59.6310,asiya,Drag,Drag,1320,578,0.00,0.00,None,N/A,
59.6413,asiya,Drag,Drag,1320,578,0.00,0.00,None,N/A,
59.6508,asiya,Drag,Drag,1320,578,0.00,0.00,None,N/A,
59.6613,asiya,Drag,Drag,1320,578,0.00,0.00,None,N/A,
59.6708,asiya,Drag,Drag,1320,578,0.00,0.00,None,N/A,
59.6813,asiya,Drag,Drag,1320,578,0.00,0.00,None,N/A,
59.6908,asiya,Drag,Drag,1320,578,0.00,0.00,None,N/A,
59.7013,asiya,Drag,Drag,1320,578,0.00,0.00,None,N/A,
59.7111,asiya,Drag,Drag,1320,578,0.00,0.00,None,N/A,
59.7207,asiya,Drag,Drag,1320,578,0.00,0.00,None,N/A,
59.7311,asiya,Drag,Drag,1320,578,0.00,0.00,None,N/A,
59.7405,asiya,Drag,Drag,1320,578,0.00,0.00,None,N/A,
59.7509,asiya,Drag,Drag,1320,578,0.00,0.00,None,N/A,
59.7606,asiya,Drag,Drag,1320,578,0.00,0.00,None,N/A,
59.7711,asiya,Drag,Drag,1320,578,0.00,0.00,None,N/A,
59.7811,asiya,Drag,Drag,1320,578,0.00,0.00,None,N/A,
59.7915,asiya,Drag,Drag,1320,578,0.00,0.00,None,N/A,
59.8010,asiya,Drag,Drag,1320,578,0.00,0.00,None,N/A,
59.8105,asiya,Drag,Drag,1320,578,0.00,0.00,None,N/A,
59.8210,asiya,Drag,Drag,1320,578,0.00,0.00,None,N/A,
59.8305,asiya,Drag,Drag,1320,578,0.00,0.00,None,N/A,
59.8409,asiya,Drag,Drag,1320,578,0.00,0.00,None,N/A,
59.8513,asiya,Drag,Drag,1318,578,192.28,18485.84,None,N/A,
59.8612,asiya,Drag,Drag,1316,578,200.79,854.35,None,N/A,
59.8704,asiya,Drag,Drag,1314,578,219.26,2024.67,None,N/A,
59.8807,asiya,Drag,Drag,1313,578,97.00,-11859.08,None,N/A,
59.8904,asiya,Drag,Drag,1311,578,205.38,11129.74,None,N/A,
59.9013,asiya,Drag,Drag,1310,578,92.20,-10435.28,None,N/A,
59.9109,asiya,Drag,Drag,1308,578,207.78,12008.41,None,N/A,
59.9211,asiya,Drag,Drag,1308,578,0.00,-20387.02,None,N/A,
59.9309,asiya,Drag,Drag,1307,578,102.30,10464.29,None,N/A,
59.9414,asiya,Drag,Drag,1306,578,95.14,-680.43,None,N/A,
59.9512,asiya,Drag,Drag,1306,578,0.00,-9705.96,None,N/A,
59.9609,asiya,Drag,Drag,1305,578,102.72,10550.57,None,N/A,
59.9707,asiya,Drag,Drag,1305,578,0.00,-10438.10,None,N/A,
59.9807,asiya,Drag,Drag,1305,577,100.46,10091.24,None,N/A,
59.9905,asiya,Drag,Drag,1305,577,0.00,-10229.42,None,N/A,
60.0013,asiya,Drag,Drag,1305,577,0.00,0.00,None,N/A,
60.0108,asiya,Drag,Drag,1305,577,0.00,0.00,None,N/A,
60.0213,asiya,Drag,Drag,1305,577,0.00,0.00,None,N/A,
60.0311,asiya,Drag,Drag,1304,577,102.74,10554.71,None,N/A,
60.0407,asiya,Drag,Drag,1304,576,103.55,83.77,None,N/A,
60.0512,asiya,Drag,Drag,1304,576,0.00,-9861.94,None,N/A,
60.0608,asiya,Drag,Drag,1304,576,0.00,0.00,None,N/A,
60.0713,asiya,Drag,Drag,1304,576,0.00,0.00,None,N/A,
60.0807,asiya,Drag,Drag,1304,576,0.00,0.00,None,N/A,
60.0912,asiya,Drag,Drag,1304,576,0.00,0.00,None,N/A,
60.1006,asiya,Drag,Drag,1304,576,0.00,0.00,None,N/A,
60.1112,asiya,Drag,Drag,1304,576,0.00,0.00,None,N/A,
60.1207,asiya,Drag,Drag,1304,576,0.00,0.00,None,N/A,
60.1312,asiya,Drag,Drag,1304,576,0.00,0.00,None,N/A,
60.1406,asiya,Drag,Drag,1304,576,0.00,0.00,None,N/A,
60.1511,asiya,Drag,Drag,1304,576,0.00,0.00,None,N/A,
60.1606,asiya,Drag,Drag,1304,576,0.00,0.00,None,N/A,
60.1711,asiya,Drag,Drag,1304,576,0.00,0.00,None,N/A,
60.1805,asiya,Drag,Drag,1304,576,0.00,0.00,None,N/A,
60.1908,asiya,Drag,Drag,1304,576,0.00,0.00,None,N/A,
60.2013,asiya,Drag,Drag,1304,576,0.00,0.00,None,N/A,
60.2109,asiya,Drag,Drag,1304,576,0.00,0.00,None,N/A,
60.2214,asiya,Drag,Drag,1304,576,0.00,0.00,None,N/A,
60.2309,asiya,Drag,Drag,1304,576,0.00,0.00,None,N/A,
60.2345,asiya,Drag,Drag,1304,576,0.00,0.00,Left,N/A,drag_start
60.2412,asiya,Drag,Drag,1304,576,0.00,0.00,Left,N/A,
60.2510,asiya,Drag,Drag,1304,576,0.00,0.00,Left,N/A,
60.2609,asiya,Drag,Drag,1304,576,0.00,0.00,Left,N/A,
60.2705,asiya,Drag,Drag,1304,576,0.00,0.00,Left,N/A,
60.2811,asiya,Drag,Drag,1304,576,0.00,0.00,Left,N/A,
60.2907,asiya,Drag,Drag,1304,576,0.00,0.00,Left,N/A,
60.3013,asiya,Drag,Drag,1304,576,0.00,0.00,Left,N/A,
60.3108,asiya,Drag,Drag,1304,576,0.00,0.00,Left,N/A,
60.3212,asiya,Drag,Drag,1304,576,0.00,0.00,Left,N/A,
60.3307,asiya,Drag,Drag,1304,576,0.00,0.00,Left,N/A,
60.3416,asiya,Drag,Drag,1304,576,0.00,0.00,Left,N/A,
60.3512,asiya,Drag,Drag,1304,576,0.00,0.00,Left,N/A,
60.3613,asiya,Drag,Drag,1286,577,1792.90,178308.44,Left,N/A,
60.3708,asiya,Drag,Drag,1210,588,8098.58,665005.47,Left,N/A,
60.3812,asiya,Drag,Drag,1187,592,2229.03,-560432.20,Left,N/A,
60.3911,asiya,Drag,Drag,1156,599,3229.17,101622.85,Left,N/A,
60.4006,asiya,Drag,Drag,1144,603,1322.22,-199335.32,Left,N/A,
60.4107,asiya,Drag,Drag,1131,606,1327.08,483.11,Left,N/A,
60.4206,asiya,Drag,Drag,1108,612,2392.72,107269.96,Left,N/A,
60.4313,asiya,Drag,Drag,1098,614,957.85,-134769.98,Left,N/A,
60.4410,asiya,Drag,Drag,1076,621,2385.58,147528.65,Left,N/A,
60.4509,asiya,Drag,Drag,1063,627,1433.25,-95330.41,Left,N/A,
60.4605,asiya,Drag,Drag,1041,634,2416.17,102868.79,Left,N/A,
60.4714,asiya,Drag,Drag,1031,636,936.48,-135879.43,Left,N/A,
60.4806,asiya,Drag,Drag,1017,642,1662.65,79267.90,Left,N/A,
60.4911,asiya,Drag,Drag,1011,644,600.35,-100837.66,Left,N/A,
60.5009,asiya,Drag,Drag,1005,646,647.84,4864.43,Left,N/A,
60.5107,asiya,Drag,Drag,1003,647,226.97,-42720.28,Left,N/A,
60.5214,asiya,Drag,Drag,1002,648,132.69,-8846.11,Left,N/A,
60.5314,asiya,Drag,Drag,1000,648,199.16,6618.12,Left,N/A,
60.5413,asiya,Drag,Drag,999,649,143.35,-5656.66,Left,N/A,
60.5506,asiya,Drag,Drag,998,649,106.84,-3900.28,Left,N/A,
60.5611,asiya,Drag,Drag,998,649,0.00,-10211.23,Left,N/A,
60.5705,asiya,Drag,Drag,994,651,475.63,50585.62,Left,N/A,
60.5813,asiya,Drag,Drag,990,653,415.08,-5620.06,Left,N/A,
60.5961,asiya,Drag,Drag,972,663,1389.50,65754.35,Left,N/A,
60.6008,asiya,Drag,Drag,961,669,2644.78,264960.05,Left,N/A,
60.6110,asiya,Drag,Drag,947,677,1578.36,-104387.59,Left,N/A,
60.6212,asiya,Drag,Drag,941,680,657.39,-90253.03,Left,N/A,
60.6314,asiya,Drag,Drag,935,683,658.74,133.00,Left,N/A,
60.6410,asiya,Drag,Drag,933,684,233.09,-44370.84,Left,N/A,
60.6508,asiya,Drag,Drag,930,684,305.63,7390.16,Left,N/A,
60.6606,asiya,Drag,Drag,925,686,553.25,25439.29,Left,N/A,
60.6713,asiya,Drag,Drag,922,686,279.89,-25503.66,Left,N/A,
60.6811,asiya,Drag,Drag,916,687,617.04,34201.75,Left,N/A,
60.6914,asiya,Drag,Drag,912,688,401.95,-20968.93,Left,N/A,
60.7004,asiya,Drag,Drag,904,688,888.60,54054.52,Left,N/A,
60.7107,asiya,Drag,Drag,900,688,389.63,-48603.53,Left,N/A,
60.7209,asiya,Drag,Drag,891,688,878.10,47658.41,Left,N/A,
60.7312,asiya,Drag,Drag,886,688,487.09,-38091.69,Left,N/A,
60.7407,asiya,Drag,Drag,883,688,313.89,-18121.57,Left,N/A,
60.7509,asiya,Drag,Drag,875,688,788.61,46795.61,Left,N/A,
60.7607,asiya,Drag,Drag,872,687,322.28,-47524.96,Left,N/A,
60.7711,asiya,Drag,Drag,866,687,574.86,24200.72,Left,N/A,
60.7813,asiya,Drag,Drag,863,687,296.25,-27513.14,Left,N/A,
60.7914,asiya,Drag,Drag,858,688,502.52,20328.69,Left,N/A,
60.8009,asiya,Drag,Drag,855,688,315.64,-19662.57,Left,N/A,
60.8106,asiya,Drag,Drag,850,689,528.61,22077.88,Left,N/A,
60.8212,asiya,Drag,Drag,847,690,298.65,-21717.19,Left,N/A,
60.8306,asiya,Drag,Drag,842,691,538.55,25337.12,Left,N/A,
60.8413,asiya,Drag,Drag,838,692,386.42,-14257.44,Left,N/A,
60.8509,asiya,Drag,Drag,835,694,375.05,-1182.92,Left,N/A,
60.8607,asiya,Drag,Drag,829,696,644.41,27445.00,Left,N/A,
60.8714,asiya,Drag,Drag,826,697,295.12,-32597.46,Left,N/A,
60.8813,asiya,Drag,Drag,820,700,680.72,39129.28,Left,N/A,
60.8906,asiya,Drag,Drag,816,701,441.91,-25595.70,Left,N/A,
60.9009,asiya,Drag,Drag,810,705,699.98,25051.53,Left,N/A,
60.9107,asiya,Drag,Drag,807,707,368.69,-33876.78,Left,N/A,
60.9208,asiya,Drag,Drag,802,710,576.96,20608.31,Left,N/A,
60.9313,asiya,Drag,Drag,800,712,270.47,-29308.33,Left,N/A,
60.9405,asiya,Drag,Drag,796,714,485.09,23280.04,Left,N/A,
60.9510,asiya,Drag,Drag,795,715,134.89,-33402.70,Left,N/A,
60.9610,asiya,Drag,Drag,792,717,360.97,22633.81,Left,N/A,
60.9706,asiya,Drag,Drag,791,718,146.97,-22239.40,Left,N/A,
60.9813,asiya,Drag,Drag,789,719,207.68,5638.53,Left,N/A,
60.9911,asiya,Drag,Drag,787,721,289.75,8407.76,Left,N/A,
61.0008,asiya,Drag,Drag,785,722,231.71,-6014.35,Left,N/A,
61.0111,asiya,Drag,Drag,783,723,216.99,-1428.56,Left,N/A,
61.0205,asiya,Drag,Drag,782,724,149.40,-7140.32,Left,N/A,
61.0311,asiya,Drag,Drag,780,724,189.50,3799.47,Left,N/A,
61.0411,asiya,Drag,Drag,779,725,141.59,-4796.50,Left,N/A,
61.0506,asiya,Drag,Drag,778,725,104.49,-3877.01,Left,N/A,
61.0607,asiya,Drag,Drag,777,726,140.66,3597.63,Left,N/A,
61.0709,asiya,Drag,Drag,776,726,97.59,-4203.12,Left,N/A,
61.0806,asiya,Drag,Drag,776,726,0.00,-10066.15,Left,N/A,
61.0907,asiya,Drag,Drag,776,726,0.00,0.00,Left,N/A,
61.1013,asiya,Drag,Drag,775,726,94.24,8881.82,Left,N/A,
61.1112,asiya,Drag,Drag,775,726,0.00,-9482.45,Left,N/A,
61.1214,asiya,Drag,Drag,774,726,97.98,9600.87,Left,N/A,
61.1307,asiya,Drag,Drag,774,726,0.00,-10554.86,Left,N/A,
61.1414,asiya,Drag,Drag,774,726,0.00,0.00,Left,N/A,
61.1507,asiya,Drag,Drag,773,726,107.24,11501.23,Left,N/A,
61.1610,asiya,Drag,Drag,772,726,97.04,-990.48,Left,N/A,
61.1713,asiya,Drag,Drag,771,726,97.59,54.43,Left,N/A,
61.1807,asiya,Drag,Drag,769,726,211.45,12038.13,Left,N/A,
61.1913,asiya,Drag,Drag,767,726,190.12,-2027.79,Left,N/A,
61.2009,asiya,Drag,Drag,765,726,208.24,1885.97,Left,N/A,
61.2105,asiya,Drag,Drag,758,728,757.67,57182.31,Left,N/A,
61.2209,asiya,Drag,Drag,753,730,517.39,-23085.87,Left,N/A,
61.2314,asiya,Drag,Drag,742,734,1112.31,56536.74,Left,N/A,
61.2412,asiya,Drag,Drag,737,736,548.80,-57427.44,Left,N/A,
61.2507,asiya,Drag,Drag,729,738,870.42,33948.50,Left,N/A,
61.2608,asiya,Drag,Drag,726,739,312.27,-55117.07,Left,N/A,
61.2706,asiya,Drag,Drag,722,739,409.96,10011.81,Left,N/A,
61.2813,asiya,Drag,Drag,720,739,186.47,-20837.07,Left,N/A,
61.2905,asiya,Drag,Drag,717,739,327.44,15386.89,Left,N/A,
61.3008,asiya,Drag,Drag,716,739,96.96,-22347.49,Left,N/A,
61.3111,asiya,Drag,Drag,714,739,194.15,9434.60,Left,N/A,
61.3211,asiya,Drag,Drag,714,739,0.00,-19345.76,Left,N/A,
61.3305,asiya,Drag,Drag,713,739,106.21,11279.80,Left,N/A,
61.3406,asiya,Drag,Drag,712,739,99.31,-684.78,Left,N/A,
61.3512,asiya,Drag,Drag,711,739,94.07,-493.21,Left,N/A,
61.3612,asiya,Drag,Drag,710,739,100.61,657.86,Left,N/A,
61.3712,asiya,Drag,Drag,709,739,100.11,-50.00,Left,N/A,
61.3808,asiya,Drag,Drag,708,739,103.85,388.41,Left,N/A,
61.3914,asiya,Drag,Drag,707,739,94.48,-884.78,Left,N/A,
61.4013,asiya,Drag,Drag,706,739,100.80,636.50,Left,N/A,
61.4110,asiya,Drag,Drag,705,739,103.19,247.21,Left,N/A,
61.4209,asiya,Drag,Drag,703,739,201.40,9889.01,Left,N/A,
61.4304,asiya,Drag,Drag,702,740,148.50,-5554.34,Left,N/A,
61.4407,asiya,Drag,Drag,701,740,97.04,-4994.10,Left,N/A,
61.4510,asiya,Drag,Drag,699,741,217.64,11738.49,Left,N/A,
61.4610,asiya,Drag,Drag,697,741,199.62,-1798.17,Left,N/A,
61.4712,asiya,Drag,Drag,694,743,353.70,15114.58,Left,N/A,
61.4808,asiya,Drag,Drag,692,743,208.96,-15122.46,Left,N/A,
61.4905,asiya,Drag,Drag,689,745,372.39,16879.75,Left,N/A,
61.5011,asiya,Drag,Drag,687,745,188.45,-17331.80,Left,N/A,
61.5108,asiya,Drag,Drag,684,746,326.48,14250.55,Left,N/A,
61.5211,asiya,Drag,Drag,683,747,136.76,-18346.45,Left,N/A,
61.5306,asiya,Drag,Drag,680,747,316.59,18978.09,Left,N/A,
61.5414,asiya,Drag,Drag,679,748,130.81,-17184.07,Left,N/A,
61.5513,asiya,Drag,Drag,676,749,321.45,19379.79,Left,N/A,
61.5612,asiya,Drag,Drag,676,749,0.00,-32414.47,Left,N/A,
61.5708,asiya,Drag,Drag,675,749,103.52,10716.84,Left,N/A,
61.5805,asiya,Drag,Drag,673,750,230.69,13119.80,Left,N/A,
61.5909,asiya,Drag,Drag,672,750,96.16,-12936.43,Left,N/A,
61.6011,asiya,Drag,Drag,671,751,138.89,4196.10,Left,N/A,
61.6113,asiya,Drag,Drag,671,752,98.19,-3995.82,Left,N/A,
61.6207,asiya,Drag,Drag,670,753,149.70,5452.77,Left,N/A,
61.6307,asiya,Drag,Drag,670,754,99.98,-4971.27,Left,N/A,
61.6406,asiya,Drag,Drag,669,756,227.70,13005.99,Left,N/A,
61.6511,asiya,Drag,Drag,668,757,134.22,-8871.98,Left,N/A,
61.6612,asiya,Drag,Drag,666,761,442.93,30574.60,Left,N/A,
61.6705,asiya,Drag,Drag,665,763,241.25,-21758.98,Left,N/A,
61.6805,asiya,Drag,Drag,664,765,221.73,-1935.37,Left,N/A,
61.6913,asiya,Drag,Drag,662,771,585.86,33730.12,Left,N/A,
61.7007,asiya,Drag,Drag,662,771,0.00,-62400.53,Left,N/A,
61.7093,asiya,Drag,Drag,662,771,0.00,0.00,None,N/A,drag_end_success
