Time,ParticipantID,Task,Label,X,Y,Velocity,Acceleration,ButtonState,ActiveWindow,Event
89.1808,asiya,MenuSelection,Menu Selection,914,593,0.00,0.00,Left,N/A,
89.1918,asiya,MenuSelection,Menu Selection,914,593,0.00,0.00,Left,N/A,
89.2016,asiya,MenuSelection,Menu Selection,914,593,0.00,0.00,Left,N/A,
89.2111,asiya,MenuSelection,Menu Selection,914,593,0.00,0.00,Left,N/A,
89.2217,asiya,MenuSelection,Menu Selection,914,593,0.00,0.00,Left,N/A,
89.2313,asiya,MenuSelection,Menu Selection,914,593,0.00,0.00,Left,N/A,
89.2419,asiya,MenuSelection,Menu Selection,914,593,0.00,0.00,Left,N/A,
89.2515,asiya,MenuSelection,Menu Selection,914,593,0.00,0.00,Left,N/A,
89.2620,asiya,MenuSelection,Menu Selection,914,593,0.00,0.00,None,N/A,
89.2716,asiya,MenuSelection,Menu Selection,914,593,0.00,0.00,None,N/A,
89.2811,asiya,MenuSelection,Menu Selection,914,593,0.00,0.00,None,N/A,
89.2917,asiya,MenuSelection,Menu Selection,914,593,0.00,0.00,None,N/A,
89.3012,asiya,MenuSelection,Menu Selection,914,593,0.00,0.00,None,N/A,
89.3120,asiya,MenuSelection,Menu Selection,914,593,0.00,0.00,None,N/A,
89.3220,asiya,MenuSelection,Menu Selection,914,593,0.00,0.00,None,N/A,
89.3316,asiya,MenuSelection,Menu Selection,914,593,0.00,0.00,None,N/A,
89.3411,asiya,MenuSelection,Menu Selection,914,593,0.00,0.00,None,N/A,
89.3516,asiya,MenuSelection,Menu Selection,914,593,0.00,0.00,None,N/A,
89.3617,asiya,MenuSelection,Menu Selection,927,578,1963.88,194303.05,None,N/A,
89.3711,asiya,MenuSelection,Menu Selection,1000,510,10626.87,922776.01,None,N/A,
89.3813,asiya,MenuSelection,Menu Selection,1026,492,3101.79,-738113.64,None,N/A,
89.3911,asiya,MenuSelection,Menu Selection,1046,479,2433.65,-68166.06,None,N/A,
89.4018,asiya,MenuSelection,Menu Selection,1082,457,3929.78,139356.35,None,N/A,
89.4113,asiya,MenuSelection,Menu Selection,1097,450,1751.29,-230482.41,None,N/A,
89.4212,asiya,MenuSelection,Menu Selection,1115,441,2028.81,27977.87,None,N/A,
89.4315,asiya,MenuSelection,Menu Selection,1120,439,525.12,-146628.69,None,N/A,
89.4415,asiya,MenuSelection,Menu Selection,1127,437,725.92,20021.94,None,N/A,
89.4518,asiya,MenuSelection,Menu Selection,1129,436,216.30,-49296.42,None,N/A,
89.4611,asiya,MenuSelection,Menu Selection,1133,434,483.74,28928.36,None,N/A,
89.4714,asiya,MenuSelection,Menu Selection,1135,433,217.61,-25899.37,None,N/A,
89.4809,asiya,MenuSelection,Menu Selection,1138,433,313.05,9958.25,None,N/A,
89.4910,asiya,MenuSelection,Menu Selection,1139,432,140.57,-17143.92,None,N/A,
89.5013,asiya,MenuSelection,Menu Selection,1141,432,193.79,5157.02,None,N/A,
89.5116,asiya,MenuSelection,Menu Selection,1141,432,0.00,-18787.35,None,N/A,
89.5214,asiya,MenuSelection,Menu Selection,1142,432,102.52,10509.35,None,N/A,
89.5310,asiya,MenuSelection,Menu Selection,1142,432,0.00,-10696.54,None,N/A,
89.5415,asiya,MenuSelection,Menu Selection,1142,432,0.00,0.00,None,N/A,
89.5518,asiya,MenuSelection,Menu Selection,1141,433,136.88,13247.60,None,N/A,
89.5615,asiya,MenuSelection,Menu Selection,1140,433,102.99,-3489.64,None,N/A,
89.5712,asiya,MenuSelection,Menu Selection,1129,436,1178.73,111212.04,None,N/A,
89.5812,asiya,MenuSelection,Menu Selection,1101,442,2849.91,166320.65,None,N/A,
89.5909,asiya,MenuSelection,Menu Selection,1000,457,10509.20,788314.95,None,N/A,
89.6018,asiya,MenuSelection,Menu Selection,978,460,2047.14,-780191.13,None,N/A,
89.6113,asiya,MenuSelection,Menu Selection,941,467,3961.83,201443.79,None,N/A,
89.6213,asiya,MenuSelection,Menu Selection,928,469,1314.04,-264526.27,None,N/A,
89.6320,asiya,MenuSelection,Menu Selection,910,471,1697.51,35942.64,None,N/A,
89.6410,asiya,MenuSelection,Menu Selection,903,471,773.02,-102093.28,None,N/A,
89.6518,asiya,MenuSelection,Menu Selection,897,470,565.91,-19268.58,None,N/A,
89.6618,asiya,MenuSelection,Menu Selection,892,469,509.11,-5670.95,None,N/A,
89.6713,asiya,MenuSelection,Menu Selection,891,469,105.07,-42452.96,None,N/A,
89.6810,asiya,MenuSelection,Menu Selection,890,469,103.59,-153.49,None,N/A,
89.6917,asiya,MenuSelection,Menu Selection,890,469,0.00,-9667.62,None,N/A,
89.7015,asiya,MenuSelection,Menu Selection,889,468,144.29,14721.09,None,N/A,
89.7116,asiya,MenuSelection,Menu Selection,889,468,0.00,-14254.71,None,N/A,
89.7210,asiya,MenuSelection,Menu Selection,889,467,106.16,11270.10,None,N/A,
89.7312,asiya,MenuSelection,Menu Selection,889,467,0.00,-10408.38,None,N/A,
89.7410,asiya,MenuSelection,Menu Selection,890,467,102.56,10517.58,None,N/A,
89.7517,asiya,MenuSelection,Menu Selection,890,466,93.12,-878.80,None,N/A,
89.7615,asiya,MenuSelection,Menu Selection,890,466,0.00,-9470.75,None,N/A,
89.7712,asiya,MenuSelection,Menu Selection,892,464,292.99,30349.24,None,N/A,
89.7810,asiya,MenuSelection,Menu Selection,893,463,144.84,-15172.69,None,N/A,
89.7910,asiya,MenuSelection,Menu Selection,896,461,357.98,21161.42,None,N/A,
89.8018,asiya,MenuSelection,Menu Selection,898,459,263.48,-8802.76,None,N/A,
89.8116,asiya,MenuSelection,Menu Selection,903,455,651.83,39533.13,None,N/A,
89.8212,asiya,MenuSelection,Menu Selection,907,452,520.53,-13669.21,None,N/A,
89.8310,asiya,MenuSelection,Menu Selection,915,445,1089.54,58320.79,None,N/A,
89.8410,asiya,MenuSelection,Menu Selection,919,441,562.77,-52405.26,None,N/A,
89.8515,asiya,MenuSelection,Menu Selection,931,433,1375.64,77534.28,None,N/A,
89.8618,asiya,MenuSelection,Menu Selection,937,429,697.00,-65595.19,None,N/A,
89.8714,asiya,MenuSelection,Menu Selection,942,425,667.91,-3034.26,None,N/A,
89.8811,asiya,MenuSelection,Menu Selection,953,419,1298.28,65315.60,None,N/A,
89.8917,asiya,MenuSelection,Menu Selection,958,417,506.48,-74469.85,None,N/A,
89.9017,asiya,MenuSelection,Menu Selection,967,412,1029.15,52245.48,None,N/A,
89.9116,asiya,MenuSelection,Menu Selection,971,411,415.74,-61850.92,None,N/A,
89.9211,asiya,MenuSelection,Menu Selection,978,407,848.15,45488.78,None,N/A,
89.9315,asiya,MenuSelection,Menu Selection,981,406,306.56,-52502.68,None,N/A,
89.9417,asiya,MenuSelection,Menu Selection,985,404,434.84,12472.66,None,N/A,
89.9517,asiya,MenuSelection,Menu Selection,987,403,224.24,-21119.20,None,N/A,
89.9613,asiya,MenuSelection,Menu Selection,990,402,329.36,10948.41,None,N/A,
89.9713,asiya,MenuSelection,Menu Selection,990,402,0.00,-33115.00,None,N/A,
89.9812,asiya,MenuSelection,Menu Selection,991,402,100.20,10040.19,None,N/A,
89.9910,asiya,MenuSelection,Menu Selection,993,401,229.91,13336.68,None,N/A,
90.0016,asiya,MenuSelection,Menu Selection,993,401,0.00,-21599.63,None,N/A,
90.0118,asiya,MenuSelection,Menu Selection,994,400,139.03,13667.57,None,N/A,
90.0213,asiya,MenuSelection,Menu Selection,994,400,0.00,-14638.19,None,N/A,
90.0319,asiya,MenuSelection,Menu Selection,995,400,93.77,8792.70,None,N/A,
90.0418,asiya,MenuSelection,Menu Selection,995,400,0.00,-9556.49,None,N/A,
90.0515,asiya,MenuSelection,Menu Selection,996,400,102.83,10573.34,None,N/A,
90.0619,asiya,MenuSelection,Menu Selection,996,400,0.00,-9821.61,None,N/A,
90.0714,asiya,MenuSelection,Menu Selection,996,400,0.00,0.00,None,N/A,
90.0818,asiya,MenuSelection,Menu Selection,996,400,0.00,0.00,None,N/A,
90.0913,asiya,MenuSelection,Menu Selection,996,400,0.00,0.00,None,N/A,
90.1018,asiya,MenuSelection,Menu Selection,996,400,0.00,0.00,None,N/A,
90.1112,asiya,MenuSelection,Menu Selection,996,400,0.00,0.00,None,N/A,
90.1225,asiya,MenuSelection,Menu Selection,996,400,0.00,0.00,None,N/A,
90.1314,asiya,MenuSelection,Menu Selection,996,400,0.00,0.00,None,N/A,
90.1410,asiya,MenuSelection,Menu Selection,996,400,0.00,0.00,None,N/A,
90.1515,asiya,MenuSelection,Menu Selection,996,400,0.00,0.00,None,N/A,
90.1610,asiya,MenuSelection,Menu Selection,996,400,0.00,0.00,None,N/A,
90.1715,asiya,MenuSelection,Menu Selection,996,400,0.00,0.00,None,N/A,
90.1818,asiya,MenuSelection,Menu Selection,996,400,0.00,0.00,None,N/A,
90.1914,asiya,MenuSelection,Menu Selection,996,400,0.00,0.00,None,N/A,
90.2019,asiya,MenuSelection,Menu Selection,996,400,0.00,0.00,None,N/A,
90.2113,asiya,MenuSelection,Menu Selection,996,400,0.00,0.00,None,N/A,
90.2219,asiya,MenuSelection,Menu Selection,996,400,0.00,0.00,None,N/A,
90.2315,asiya,MenuSelection,Menu Selection,996,400,0.00,0.00,None,N/A,
90.2411,asiya,MenuSelection,Menu Selection,996,400,0.00,0.00,None,N/A,
90.2517,asiya,MenuSelection,Menu Selection,996,400,0.00,0.00,None,N/A,
90.2612,asiya,MenuSelection,Menu Selection,996,400,0.00,0.00,None,N/A,
90.2713,asiya,MenuSelection,Menu Selection,996,400,0.00,0.00,None,N/A,
90.2813,asiya,MenuSelection,Menu Selection,996,400,0.00,0.00,None,N/A,
90.2918,asiya,MenuSelection,Menu Selection,996,400,0.00,0.00,None,N/A,
90.3014,asiya,MenuSelection,Menu Selection,996,400,0.00,0.00,None,N/A,
90.3119,asiya,MenuSelection,Menu Selection,996,400,0.00,0.00,None,N/A,
90.3215,asiya,MenuSelection,Menu Selection,996,400,0.00,0.00,None,N/A,
90.3320,asiya,MenuSelection,Menu Selection,996,400,0.00,0.00,None,N/A,
90.3414,asiya,MenuSelection,Menu Selection,996,400,0.00,0.00,None,N/A,
90.3510,asiya,MenuSelection,Menu Selection,996,400,0.00,0.00,None,N/A,
90.3615,asiya,MenuSelection,Menu Selection,996,400,0.00,0.00,None,N/A,
90.3714,asiya,MenuSelection,Menu Selection,996,400,0.00,0.00,None,N/A,
90.3819,asiya,MenuSelection,Menu Selection,996,400,0.00,0.00,None,N/A,
90.3915,asiya,MenuSelection,Menu Selection,996,400,0.00,0.00,None,N/A,
90.4011,asiya,MenuSelection,Menu Selection,996,400,0.00,0.00,None,N/A,
90.4116,asiya,MenuSelection,Menu Selection,996,400,0.00,0.00,None,N/A,
90.4220,asiya,MenuSelection,Menu Selection,996,400,0.00,0.00,None,N/A,
90.4314,asiya,MenuSelection,Menu Selection,996,400,0.00,0.00,None,N/A,
90.4410,asiya,MenuSelection,Menu Selection,996,400,0.00,0.00,None,N/A,
90.4516,asiya,MenuSelection,Menu Selection,996,400,0.00,0.00,None,N/A,
90.4611,asiya,MenuSelection,Menu Selection,996,400,0.00,0.00,None,N/A,
90.4716,asiya,MenuSelection,Menu Selection,996,400,0.00,0.00,None,N/A,
90.4811,asiya,MenuSelection,Menu Selection,996,400,0.00,0.00,None,N/A,
90.4917,asiya,MenuSelection,Menu Selection,995,399,132.48,12410.88,None,N/A,
90.5017,asiya,MenuSelection,Menu Selection,994,398,141.76,929.91,None,N/A,
90.5116,asiya,MenuSelection,Menu Selection,993,395,320.64,18137.49,None,N/A,
90.5211,asiya,MenuSelection,Menu Selection,993,394,104.41,-22576.61,None,N/A,
90.5313,asiya,MenuSelection,Menu Selection,992,393,138.57,3346.65,None,N/A,
90.5413,asiya,MenuSelection,Menu Selection,992,392,100.64,-3816.94,None,N/A,
90.5513,asiya,MenuSelection,Menu Selection,991,391,141.46,4082.42,None,N/A,
90.5615,asiya,MenuSelection,Menu Selection,991,390,98.13,-4251.71,None,N/A,
90.5719,asiya,MenuSelection,Menu Selection,990,388,214.88,11219.32,None,N/A,
90.5811,asiya,MenuSelection,Menu Selection,989,387,153.37,-6670.31,None,N/A,
90.5920,asiya,MenuSelection,Menu Selection,988,385,205.09,4743.53,None,N/A,
90.6016,asiya,MenuSelection,Menu Selection,987,383,232.09,2802.45,None,N/A,
90.6114,asiya,MenuSelection,Menu Selection,987,382,102.33,-13278.32,None,N/A,
90.6211,asiya,MenuSelection,Menu Selection,986,381,145.77,4477.95,None,N/A,
90.6311,asiya,MenuSelection,Menu Selection,986,380,100.15,-4569.36,None,N/A,
90.6419,asiya,MenuSelection,Menu Selection,985,379,131.37,2900.56,None,N/A,
90.6516,asiya,MenuSelection,Menu Selection,985,378,102.47,-2961.80,None,N/A,
90.6612,asiya,MenuSelection,Menu Selection,985,377,104.13,173.23,None,N/A,
90.6709,asiya,MenuSelection,Menu Selection,985,377,0.00,-10740.39,None,N/A,
90.6812,asiya,MenuSelection,Menu Selection,985,377,0.00,0.00,None,N/A,
90.6918,asiya,MenuSelection,Menu Selection,985,376,94.46,8922.68,None,N/A,
90.7014,asiya,MenuSelection,Menu Selection,985,376,0.00,-9805.07,None,N/A,
90.7119,asiya,MenuSelection,Menu Selection,985,376,0.00,0.00,None,N/A,
90.7214,asiya,MenuSelection,Menu Selection,985,376,0.00,0.00,None,N/A,
90.7318,asiya,MenuSelection,Menu Selection,985,376,0.00,0.00,None,N/A,
90.7419,asiya,MenuSelection,Menu Selection,985,376,0.00,0.00,None,N/A,
90.7513,asiya,MenuSelection,Menu Selection,985,375,106.34,11308.99,None,N/A,
90.7615,asiya,MenuSelection,Menu Selection,984,374,138.79,3184.74,None,N/A,
90.7709,asiya,MenuSelection,Menu Selection,984,373,106.11,-3468.13,None,N/A,
90.7819,asiya,MenuSelection,Menu Selection,984,373,0.00,-9624.71,None,N/A,
90.7915,asiya,MenuSelection,Menu Selection,983,371,231.94,24058.49,None,N/A,
90.8013,asiya,MenuSelection,Menu Selection,983,371,0.00,-23758.83,None,N/A,
90.8117,asiya,MenuSelection,Menu Selection,983,370,95.87,9190.18,None,N/A,
90.8219,asiya,MenuSelection,Menu Selection,983,370,0.00,-9469.38,None,N/A,
90.8312,asiya,MenuSelection,Menu Selection,983,369,106.57,11357.32,None,N/A,
90.8416,asiya,MenuSelection,Menu Selection,983,369,0.00,-10244.08,None,N/A,
90.8515,asiya,MenuSelection,Menu Selection,983,369,0.00,0.00,None,N/A,
90.8610,asiya,MenuSelection,Menu Selection,983,369,0.00,0.00,None,N/A,
90.8714,asiya,MenuSelection,Menu Selection,983,369,0.00,0.00,None,N/A,
90.8818,asiya,MenuSelection,Menu Selection,983,369,0.00,0.00,None,N/A,
90.8912,asiya,MenuSelection,Menu Selection,983,369,0.00,0.00,None,N/A,
90.9017,asiya,MenuSelection,Menu Selection,983,369,0.00,0.00,None,N/A,
90.9112,asiya,MenuSelection,Menu Selection,983,369,0.00,0.00,None,N/A,
90.9216,asiya,MenuSelection,Menu Selection,983,369,0.00,0.00,None,N/A,
90.9317,asiya,MenuSelection,Menu Selection,983,369,0.00,0.00,None,N/A,
90.9418,asiya,MenuSelection,Menu Selection,983,368,98.80,9762.12,None,N/A,
90.9514,asiya,MenuSelection,Menu Selection,983,368,0.00,-10298.75,None,N/A,
90.9619,asiya,MenuSelection,Menu Selection,983,368,0.00,0.00,None,N/A,
90.9713,asiya,MenuSelection,Menu Selection,983,368,0.00,0.00,None,N/A,
90.9817,asiya,MenuSelection,Menu Selection,983,368,0.00,0.00,None,N/A,
90.9913,asiya,MenuSelection,Menu Selection,983,368,0.00,0.00,None,N/A,
91.0011,asiya,MenuSelection,Menu Selection,983,368,0.00,0.00,None,N/A,
91.0115,asiya,MenuSelection,Menu Selection,983,368,0.00,0.00,None,N/A,
91.0210,asiya,MenuSelection,Menu Selection,983,368,0.00,0.00,None,N/A,
91.0315,asiya,MenuSelection,Menu Selection,983,368,0.00,0.00,None,N/A,
91.0410,asiya,MenuSelection,Menu Selection,983,368,0.00,0.00,None,N/A,
91.0516,asiya,MenuSelection,Menu Selection,983,368,0.00,0.00,None,N/A,
91.0611,asiya,MenuSelection,Menu Selection,983,368,0.00,0.00,None,N/A,
91.0716,asiya,MenuSelection,Menu Selection,983,368,0.00,0.00,None,N/A,
91.0811,asiya,MenuSelection,Menu Selection,983,368,0.00,0.00,None,N/A,
91.0916,asiya,MenuSelection,Menu Selection,983,368,0.00,0.00,None,N/A,
91.1011,asiya,MenuSelection,Menu Selection,983,368,0.00,0.00,None,N/A,
91.1116,asiya,MenuSelection,Menu Selection,983,368,0.00,0.00,None,N/A,
91.1211,asiya,MenuSelection,Menu Selection,983,368,0.00,0.00,None,N/A,
91.1315,asiya,MenuSelection,Menu Selection,983,368,0.00,0.00,None,N/A,
91.1417,asiya,MenuSelection,Menu Selection,983,368,0.00,0.00,Left,N/A,
91.1518,asiya,MenuSelection,Menu Selection,983,368,0.00,0.00,Left,N/A,
91.1613,asiya,MenuSelection,Menu Selection,983,368,0.00,0.00,Left,N/A,
91.1717,asiya,MenuSelection,Menu Selection,983,368,0.00,0.00,Left,N/A,
91.1810,asiya,MenuSelection,Menu Selection,983,368,0.00,0.00,Left,N/A,
91.1915,asiya,MenuSelection,Menu Selection,983,368,0.00,0.00,Left,N/A,
91.2011,asiya,MenuSelection,Menu Selection,983,368,0.00,0.00,Left,N/A,
91.2116,asiya,MenuSelection,Menu Selection,983,368,0.00,0.00,Left,N/A,
91.2211,asiya,MenuSelection,Menu Selection,983,368,0.00,0.00,Left,N/A,
91.2321,asiya,MenuSelection,Menu Selection,983,368,0.00,0.00,Left,N/A,
91.2418,asiya,MenuSelection,Menu Selection,983,368,0.00,0.00,Left,N/A,
91.2517,asiya,MenuSelection,Menu Selection,983,368,0.00,0.00,Left,N/A,
91.2613,asiya,MenuSelection,Menu Selection,983,368,0.00,0.00,Left,N/A,
91.2719,asiya,MenuSelection,Menu Selection,983,368,0.00,0.00,Left,N/A,
91.2814,asiya,MenuSelection,Menu Selection,983,368,0.00,0.00,Left,N/A,
91.2919,asiya,MenuSelection,Menu Selection,983,368,0.00,0.00,Left,N/A,
91.3016,asiya,MenuSelection,Menu Selection,983,368,0.00,0.00,Left,N/A,
91.3112,asiya,MenuSelection,Menu Selection,983,368,0.00,0.00,Left,N/A,
91.3223,asiya,MenuSelection,Menu Selection,983,368,0.00,0.00,None,N/A,
91.3313,asiya,MenuSelection,Menu Selection,983,368,0.00,0.00,None,N/A,
91.3417,asiya,MenuSelection,Menu Selection,983,368,0.00,0.00,None,N/A,
91.3513,asiya,MenuSelection,Menu Selection,983,368,0.00,0.00,None,N/A,
91.3619,asiya,MenuSelection,Menu Selection,983,368,0.00,0.00,None,N/A,
91.3714,asiya,MenuSelection,Menu Selection,983,368,0.00,0.00,None,N/A,
91.3819,asiya,MenuSelection,Menu Selection,983,368,0.00,0.00,None,N/A,
91.3914,asiya,MenuSelection,Menu Selection,983,368,0.00,0.00,None,N/A,
91.4023,asiya,MenuSelection,Menu Selection,983,368,0.00,0.00,None,N/A,
91.4111,asiya,MenuSelection,Menu Selection,983,368,0.00,0.00,None,N/A,
91.4218,asiya,MenuSelection,Menu Selection,983,368,0.00,0.00,None,N/A,
91.4315,asiya,MenuSelection,Menu Selection,983,368,0.00,0.00,None,N/A,
91.4420,asiya,MenuSelection,Menu Selection,983,368,0.00,0.00,None,N/A,
91.4519,asiya,MenuSelection,Menu Selection,983,368,0.00,0.00,None,N/A,
91.4613,asiya,MenuSelection,Menu Selection,983,368,0.00,0.00,None,N/A,
91.4718,asiya,MenuSelection,Menu Selection,983,368,0.00,0.00,None,N/A,
91.4814,asiya,MenuSelection,Menu Selection,983,368,0.00,0.00,None,N/A,
91.4919,asiya,MenuSelection,Menu Selection,983,368,0.00,0.00,None,N/A,
91.5015,asiya,MenuSelection,Menu Selection,983,368,0.00,0.00,None,N/A,
91.5110,asiya,MenuSelection,Menu Selection,983,368,0.00,0.00,None,N/A,
91.5214,asiya,MenuSelection,Menu Selection,983,368,0.00,0.00,None,N/A,
91.5317,asiya,MenuSelection,Menu Selection,983,368,0.00,0.00,None,N/A,
91.5412,asiya,MenuSelection,Menu Selection,983,368,0.00,0.00,None,N/A,
91.5518,asiya,MenuSelection,Menu Selection,983,368,0.00,0.00,None,N/A,
91.5615,asiya,MenuSelection,Menu Selection,983,368,0.00,0.00,None,N/A,
91.5710,asiya,MenuSelection,Menu Selection,983,368,0.00,0.00,None,N/A,
91.5814,asiya,MenuSelection,Menu Selection,983,368,0.00,0.00,None,N/A,
91.5919,asiya,MenuSelection,Menu Selection,983,368,0.00,0.00,None,N/A,
91.6015,asiya,MenuSelection,Menu Selection,983,368,0.00,0.00,None,N/A,
91.6110,asiya,MenuSelection,Menu Selection,983,368,0.00,0.00,None,N/A,
91.6218,asiya,MenuSelection,Menu Selection,983,368,0.00,0.00,None,N/A,
91.6314,asiya,MenuSelection,Menu Selection,983,368,0.00,0.00,None,N/A,
91.6419,asiya,MenuSelection,Menu Selection,983,368,0.00,0.00,None,N/A,
91.6515,asiya,MenuSelection,Menu Selection,983,368,0.00,0.00,None,N/A,
91.6610,asiya,MenuSelection,Menu Selection,983,368,0.00,0.00,None,N/A,
91.6715,asiya,MenuSelection,Menu Selection,983,368,0.00,0.00,None,N/A,
91.6819,asiya,MenuSelection,Menu Selection,983,368,0.00,0.00,None,N/A,
91.6914,asiya,MenuSelection,Menu Selection,983,368,0.00,0.00,None,N/A,
91.7011,asiya,MenuSelection,Menu Selection,983,368,0.00,0.00,None,N/A,
91.7119,asiya,MenuSelection,Menu Selection,983,368,0.00,0.00,None,N/A,
91.7214,asiya,MenuSelection,Menu Selection,983,368,0.00,0.00,None,N/A,
91.7318,asiya,MenuSelection,Menu Selection,983,368,0.00,0.00,None,N/A,
91.7412,asiya,MenuSelection,Menu Selection,983,368,0.00,0.00,None,N/A,
91.7518,asiya,MenuSelection,Menu Selection,983,368,0.00,0.00,None,N/A,
91.7613,asiya,MenuSelection,Menu Selection,983,368,0.00,0.00,None,N/A,
91.7717,asiya,MenuSelection,Menu Selection,983,368,0.00,0.00,None,N/A,
91.7811,asiya,MenuSelection,Menu Selection,983,368,0.00,0.00,None,N/A,
91.7916,asiya,MenuSelection,Menu Selection,983,368,0.00,0.00,None,N/A,
91.8015,asiya,MenuSelection,Menu Selection,979,371,507.45,51501.76,None,N/A,
91.8117,asiya,MenuSelection,Menu Selection,977,373,275.63,-22591.20,None,N/A,
91.8219,asiya,MenuSelection,Menu Selection,975,375,279.31,363.34,None,N/A,
91.8319,asiya,MenuSelection,Menu Selection,973,376,222.71,-5636.63,None,N/A,
91.8415,asiya,MenuSelection,Menu Selection,971,378,295.90,7656.56,None,N/A,
91.8515,asiya,MenuSelection,Menu Selection,969,379,221.64,-7360.75,None,N/A,
91.8613,asiya,MenuSelection,Menu Selection,968,380,145.31,-7842.91,None,N/A,
91.8711,asiya,MenuSelection,Menu Selection,966,382,288.10,14544.89,None,N/A,
91.8812,asiya,MenuSelection,Menu Selection,964,383,220.33,-6678.20,None,N/A,
91.8912,asiya,MenuSelection,Menu Selection,961,385,363.67,14457.67,None,N/A,
91.9014,asiya,MenuSelection,Menu Selection,960,385,97.50,-25951.21,None,N/A,
91.9113,asiya,MenuSelection,Menu Selection,957,387,366.06,27266.60,None,N/A,
91.9215,asiya,MenuSelection,Menu Selection,956,388,138.12,-22262.06,None,N/A,
91.9312,asiya,MenuSelection,Menu Selection,953,390,373.52,24386.91,None,N/A,
91.9411,asiya,MenuSelection,Menu Selection,952,391,142.39,-23271.65,None,N/A,
91.9510,asiya,MenuSelection,Menu Selection,950,392,226.08,8460.72,None,N/A,
91.9611,asiya,MenuSelection,Menu Selection,949,393,140.18,-8513.98,None,N/A,
91.9716,asiya,MenuSelection,Menu Selection,948,394,133.81,-603.49,None,N/A,
91.9813,asiya,MenuSelection,Menu Selection,947,394,102.95,-3176.46,None,N/A,
91.9913,asiya,MenuSelection,Menu Selection,947,395,100.42,-254.45,None,N/A,
92.0010,asiya,MenuSelection,Menu Selection,945,396,229.92,13315.14,None,N/A,
92.0110,asiya,MenuSelection,Menu Selection,945,396,0.00,-23048.26,None,N/A,
92.0218,asiya,MenuSelection,Menu Selection,944,397,131.13,12158.66,None,N/A,
92.0315,asiya,MenuSelection,Menu Selection,944,398,103.05,-2893.85,None,N/A,
92.0415,asiya,MenuSelection,Menu Selection,943,398,100.25,-280.25,None,N/A,
92.0512,asiya,MenuSelection,Menu Selection,943,399,102.79,261.13,None,N/A,
92.0609,asiya,MenuSelection,Menu Selection,942,399,102.89,9.86,None,N/A,
92.0716,asiya,MenuSelection,Menu Selection,942,400,94.02,-833.93,None,N/A,
92.0815,asiya,MenuSelection,Menu Selection,942,400,0.00,-9487.71,None,N/A,
92.0910,asiya,MenuSelection,Menu Selection,942,401,105.13,11053.07,None,N/A,
92.1014,asiya,MenuSelection,Menu Selection,942,401,0.00,-10114.97,None,N/A,
92.1113,asiya,MenuSelection,Menu Selection,941,401,101.18,10238.32,None,N/A,
92.1218,asiya,MenuSelection,Menu Selection,941,402,95.10,-579.00,None,N/A,
92.1317,asiya,MenuSelection,Menu Selection,941,402,0.00,-9532.34,None,N/A,
92.1547,asiya,MenuSelection,Menu Selection,941,402,0.00,0.00,None,N/A,
92.1552,asiya,MenuSelection,Menu Selection,941,402,0.00,0.00,None,N/A,
92.1616,asiya,MenuSelection,Menu Selection,941,402,0.00,0.00,None,N/A,
92.1717,asiya,MenuSelection,Menu Selection,941,402,0.00,0.00,None,N/A,
92.1817,asiya,MenuSelection,Menu Selection,941,402,0.00,0.00,None,N/A,
92.1915,asiya,MenuSelection,Menu Selection,941,402,0.00,0.00,None,N/A,
92.2014,asiya,MenuSelection,Menu Selection,941,402,0.00,0.00,None,N/A,
92.2110,asiya,MenuSelection,Menu Selection,941,402,0.00,0.00,None,N/A,
92.2221,asiya,MenuSelection,Menu Selection,941,402,0.00,0.00,None,N/A,
92.2318,asiya,MenuSelection,Menu Selection,941,402,0.00,0.00,None,N/A,
92.2414,asiya,MenuSelection,Menu Selection,941,402,0.00,0.00,None,N/A,
92.2523,asiya,MenuSelection,Menu Selection,941,402,0.00,0.00,None,N/A,
92.2610,asiya,MenuSelection,Menu Selection,941,402,0.00,0.00,None,N/A,
92.2714,asiya,MenuSelection,Menu Selection,941,402,0.00,0.00,None,N/A,
92.2810,asiya,MenuSelection,Menu Selection,941,402,0.00,0.00,None,N/A,
92.2915,asiya,MenuSelection,Menu Selection,941,402,0.00,0.00,None,N/A,
92.3010,asiya,MenuSelection,Menu Selection,941,402,0.00,0.00,None,N/A,
92.3115,asiya,MenuSelection,Menu Selection,941,402,0.00,0.00,None,N/A,
92.3210,asiya,MenuSelection,Menu Selection,941,402,0.00,0.00,None,N/A,
92.3314,asiya,MenuSelection,Menu Selection,941,402,0.00,0.00,None,N/A,
92.3420,asiya,MenuSelection,Menu Selection,941,402,0.00,0.00,None,N/A,
92.3515,asiya,MenuSelection,Menu Selection,941,402,0.00,0.00,None,N/A,
92.3613,asiya,MenuSelection,Menu Selection,941,402,0.00,0.00,Left,N/A,
92.3721,asiya,MenuSelection,Menu Selection,941,402,0.00,0.00,Left,N/A,
92.3820,asiya,MenuSelection,Menu Selection,941,402,0.00,0.00,Left,N/A,
92.3917,asiya,MenuSelection,Menu Selection,941,402,0.00,0.00,Left,N/A,
92.4015,asiya,MenuSelection,Menu Selection,941,402,0.00,0.00,Left,N/A,
92.4111,asiya,MenuSelection,Menu Selection,941,402,0.00,0.00,Left,N/A,
92.4220,asiya,MenuSelection,Menu Selection,941,402,0.00,0.00,Left,N/A,
92.4316,asiya,MenuSelection,Menu Selection,941,402,0.00,0.00,Left,N/A,
92.4411,asiya,MenuSelection,Menu Selection,941,402,0.00,0.00,Left,N/A,
92.4517,asiya,MenuSelection,Menu Selection,941,402,0.00,0.00,Left,N/A,
92.4612,asiya,MenuSelection,Menu Selection,941,402,0.00,0.00,Left,N/A,
92.4717,asiya,MenuSelection,Menu Selection,941,402,0.00,0.00,Left,N/A,
92.4811,asiya,MenuSelection,Menu Selection,941,402,0.00,0.00,Left,N/A,
92.4916,asiya,MenuSelection,Menu Selection,941,402,0.00,0.00,Left,N/A,
92.5012,asiya,MenuSelection,Menu Selection,941,402,0.00,0.00,Left,N/A,
92.5117,asiya,MenuSelection,Menu Selection,941,402,0.00,0.00,Left,N/A,
92.5212,asiya,MenuSelection,Menu Selection,941,402,0.00,0.00,Left,N/A,
92.5317,asiya,MenuSelection,Menu Selection,941,402,0.00,0.00,Left,N/A,
92.5412,asiya,MenuSelection,Menu Selection,941,402,0.00,0.00,None,N/A,
92.5517,asiya,MenuSelection,Menu Selection,941,402,0.00,0.00,None,N/A,
92.5611,asiya,MenuSelection,Menu Selection,941,402,0.00,0.00,None,N/A,
92.5716,asiya,MenuSelection,Menu Selection,941,402,0.00,0.00,None,N/A,
92.5814,asiya,MenuSelection,Menu Selection,941,402,0.00,0.00,None,N/A,
92.5910,asiya,MenuSelection,Menu Selection,941,402,0.00,0.00,None,N/A,
92.6015,asiya,MenuSelection,Menu Selection,941,402,0.00,0.00,None,N/A,
92.6120,asiya,MenuSelection,Menu Selection,941,402,0.00,0.00,None,N/A,
92.6214,asiya,MenuSelection,Menu Selection,941,402,0.00,0.00,None,N/A,
92.6318,asiya,MenuSelection,Menu Selection,941,402,0.00,0.00,None,N/A,
92.6413,asiya,MenuSelection,Menu Selection,941,402,0.00,0.00,None,N/A,
92.6512,asiya,MenuSelection,Menu Selection,947,402,606.33,61273.15,None,N/A,
92.6619,asiya,MenuSelection,Menu Selection,955,402,748.97,13353.49,None,N/A,
92.6715,asiya,MenuSelection,Menu Selection,970,403,1561.06,84327.49,None,N/A,
92.6812,asiya,MenuSelection,Menu Selection,975,403,513.11,-107542.95,None,N/A,
92.6913,asiya,MenuSelection,Menu Selection,980,404,509.13,-398.33,None,N/A,
92.7019,asiya,MenuSelection,Menu Selection,989,404,845.15,31554.89,None,N/A,
92.7118,asiya,MenuSelection,Menu Selection,993,404,402.59,-44542.83,None,N/A,
92.7219,asiya,MenuSelection,Menu Selection,1000,405,704.25,30044.36,None,N/A,
92.7312,asiya,MenuSelection,Menu Selection,1003,405,320.62,-41000.07,None,N/A,
92.7410,asiya,MenuSelection,Menu Selection,1008,406,524.83,21019.27,None,N/A,
92.7510,asiya,MenuSelection,Menu Selection,1011,407,314.19,-20928.28,None,N/A,
92.7610,asiya,MenuSelection,Menu Selection,1015,408,413.74,9989.62,None,N/A,
92.7714,asiya,MenuSelection,Menu Selection,1018,409,303.99,-10550.17,None,N/A,
92.7812,asiya,MenuSelection,Menu Selection,1022,410,421.60,12025.42,None,N/A,
92.7918,asiya,MenuSelection,Menu Selection,1024,410,187.81,-21953.97,None,N/A,
92.8019,asiya,MenuSelection,Menu Selection,1028,411,408.54,21871.20,None,N/A,
92.8110,asiya,MenuSelection,Menu Selection,1030,411,220.03,-20739.01,None,N/A,
92.8214,asiya,MenuSelection,Menu Selection,1032,411,192.82,-2623.83,None,N/A,
92.8312,asiya,MenuSelection,Menu Selection,1035,412,322.24,13187.54,None,N/A,
92.8420,asiya,MenuSelection,Menu Selection,1036,412,92.88,-21302.67,None,N/A,
92.8516,asiya,MenuSelection,Menu Selection,1039,413,326.47,24115.75,None,N/A,
92.8615,asiya,MenuSelection,Menu Selection,1040,413,101.08,-22782.83,None,N/A,
92.8710,asiya,MenuSelection,Menu Selection,1042,414,235.76,14199.68,None,N/A,
92.8814,asiya,MenuSelection,Menu Selection,1043,414,95.88,-13411.58,None,N/A,
92.8911,asiya,MenuSelection,Menu Selection,1045,415,231.32,14010.85,None,N/A,
92.9017,asiya,MenuSelection,Menu Selection,1046,415,94.40,-12925.16,None,N/A,
92.9115,asiya,MenuSelection,Menu Selection,1046,416,101.82,755.39,None,N/A,
92.9217,asiya,MenuSelection,Menu Selection,1047,416,98.14,-361.27,None,N/A,
92.9313,asiya,MenuSelection,Menu Selection,1048,416,104.71,687.53,None,N/A,
92.9414,asiya,MenuSelection,Menu Selection,1049,416,98.81,-582.78,None,N/A,
92.9513,asiya,MenuSelection,Menu Selection,1049,416,0.00,-10002.92,None,N/A,
92.9619,asiya,MenuSelection,Menu Selection,1050,416,93.89,8815.15,None,N/A,
92.9718,asiya,MenuSelection,Menu Selection,1050,416,0.00,-9470.88,None,N/A,
92.9815,asiya,MenuSelection,Menu Selection,1051,416,103.06,10620.68,None,N/A,
92.9924,asiya,MenuSelection,Menu Selection,1051,417,91.95,-1020.93,None,N/A,
93.0017,asiya,MenuSelection,Menu Selection,1051,417,0.00,-9898.46,None,N/A,
93.0111,asiya,MenuSelection,Menu Selection,1051,417,0.00,0.00,None,N/A,
93.0216,asiya,MenuSelection,Menu Selection,1051,417,0.00,0.00,None,N/A,
93.0312,asiya,MenuSelection,Menu Selection,1051,417,0.00,0.00,None,N/A,
93.0417,asiya,MenuSelection,Menu Selection,1051,417,0.00,0.00,None,N/A,
93.0511,asiya,MenuSelection,Menu Selection,1051,417,0.00,0.00,None,N/A,
93.0617,asiya,MenuSelection,Menu Selection,1051,417,0.00,0.00,None,N/A,
93.0714,asiya,MenuSelection,Menu Selection,1051,417,0.00,0.00,None,N/A,
93.0818,asiya,MenuSelection,Menu Selection,1051,417,0.00,0.00,None,N/A,
93.0913,asiya,MenuSelection,Menu Selection,1051,417,0.00,0.00,None,N/A,
93.1017,asiya,MenuSelection,Menu Selection,1051,417,0.00,0.00,None,N/A,
93.1109,asiya,MenuSelection,Menu Selection,1051,417,0.00,0.00,None,N/A,
93.1213,asiya,MenuSelection,Menu Selection,1051,417,0.00,0.00,None,N/A,
93.1317,asiya,MenuSelection,Menu Selection,1051,417,0.00,0.00,None,N/A,
93.1411,asiya,MenuSelection,Menu Selection,1051,417,0.00,0.00,None,N/A,
93.1515,asiya,MenuSelection,Menu Selection,1051,417,0.00,0.00,None,N/A,
93.1612,asiya,MenuSelection,Menu Selection,1051,417,0.00,0.00,None,N/A,
93.1717,asiya,MenuSelection,Menu Selection,1051,417,0.00,0.00,None,N/A,
93.1812,asiya,MenuSelection,Menu Selection,1051,417,0.00,0.00,None,N/A,
93.1917,asiya,MenuSelection,Menu Selection,1051,417,0.00,0.00,None,N/A,
93.2011,asiya,MenuSelection,Menu Selection,1051,417,0.00,0.00,None,N/A,
93.2116,asiya,MenuSelection,Menu Selection,1051,417,0.00,0.00,None,N/A,
93.2210,asiya,MenuSelection,Menu Selection,1051,417,0.00,0.00,None,N/A,
93.2314,asiya,MenuSelection,Menu Selection,1051,417,0.00,0.00,None,N/A,
93.2411,asiya,MenuSelection,Menu Selection,1051,417,0.00,0.00,None,N/A,
93.2512,asiya,MenuSelection,Menu Selection,1051,417,0.00,0.00,None,N/A,
93.2611,asiya,MenuSelection,Menu Selection,1051,417,0.00,0.00,None,N/A,
93.2717,asiya,MenuSelection,Menu Selection,1051,418,95.06,9036.28,None,N/A,
93.2811,asiya,MenuSelection,Menu Selection,1051,418,0.00,-10104.87,None,N/A,
93.2917,asiya,MenuSelection,Menu Selection,1051,418,0.00,0.00,None,N/A,
93.3010,asiya,MenuSelection,Menu Selection,1050,418,107.84,11630.52,None,N/A,
93.3117,asiya,MenuSelection,Menu Selection,1049,419,132.67,2328.47,None,N/A,
93.3218,asiya,MenuSelection,Menu Selection,1049,419,0.00,-13054.99,None,N/A,
93.3313,asiya,MenuSelection,Menu Selection,1047,420,234.85,24665.93,None,N/A,
93.3419,asiya,MenuSelection,Menu Selection,1046,421,133.41,-9569.34,None,N/A,
93.3510,asiya,MenuSelection,Menu Selection,1043,422,346.91,23421.92,None,N/A,
93.3616,asiya,MenuSelection,Menu Selection,1041,423,212.25,-12782.38,None,N/A,
93.3716,asiya,MenuSelection,Menu Selection,1036,424,509.50,29701.69,None,N/A,
93.3812,asiya,MenuSelection,Menu Selection,1033,425,329.55,-18753.47,None,N/A,
93.3911,asiya,MenuSelection,Menu Selection,1030,425,302.62,-2716.14,None,N/A,
93.4017,asiya,MenuSelection,Menu Selection,1025,426,482.26,16990.39,None,N/A,
93.4117,asiya,MenuSelection,Menu Selection,1022,427,316.10,-16609.41,None,N/A,
93.4212,asiya,MenuSelection,Menu Selection,1017,427,522.86,21621.78,None,N/A,
93.4315,asiya,MenuSelection,Menu Selection,1015,428,217.11,-29686.80,None,N/A,
93.4413,asiya,MenuSelection,Menu Selection,1011,428,411.91,20060.91,None,N/A,
93.4517,asiya,MenuSelection,Menu Selection,1009,429,213.44,-18944.87,None,N/A,
93.4618,asiya,MenuSelection,Menu Selection,1006,429,297.76,8369.11,None,N/A,
93.4716,asiya,MenuSelection,Menu Selection,1005,429,102.18,-19985.05,None,N/A,
93.4812,asiya,MenuSelection,Menu Selection,1002,429,310.80,21612.14,None,N/A,
93.4918,asiya,MenuSelection,Menu Selection,1000,429,188.91,-11512.90,None,N/A,
93.5013,asiya,MenuSelection,Menu Selection,998,429,210.14,2230.42,None,N/A,
93.5116,asiya,MenuSelection,Menu Selection,994,429,389.76,17502.60,None,N/A,
93.5215,asiya,MenuSelection,Menu Selection,992,430,226.16,-16546.71,None,N/A,
93.5312,asiya,MenuSelection,Menu Selection,987,430,514.03,29594.95,None,N/A,
93.5417,asiya,MenuSelection,Menu Selection,985,430,191.21,-30863.55,None,N/A,
93.5517,asiya,MenuSelection,Menu Selection,979,430,597.86,40520.29,None,N/A,
93.5612,asiya,MenuSelection,Menu Selection,977,431,236.93,-38243.95,None,N/A,
93.5713,asiya,MenuSelection,Menu Selection,972,431,490.57,24885.86,None,N/A,
93.5814,asiya,MenuSelection,Menu Selection,971,431,99.55,-38927.50,None,N/A,
93.5910,asiya,MenuSelection,Menu Selection,968,431,310.97,21915.26,None,N/A,
93.6010,asiya,MenuSelection,Menu Selection,966,431,200.25,-11086.02,None,N/A,
93.6117,asiya,MenuSelection,Menu Selection,964,431,187.48,-1197.72,None,N/A,
93.6216,asiya,MenuSelection,Menu Selection,963,431,100.95,-8734.85,None,N/A,
93.6318,asiya,MenuSelection,Menu Selection,963,431,0.00,-9900.57,None,N/A,
93.6412,asiya,MenuSelection,Menu Selection,961,431,213.40,22768.99,None,N/A,
93.6511,asiya,MenuSelection,Menu Selection,961,431,0.00,-21392.69,None,N/A,
93.6619,asiya,MenuSelection,Menu Selection,960,431,92.87,8624.14,None,N/A,
93.6717,asiya,MenuSelection,Menu Selection,960,431,0.00,-9442.42,None,N/A,
93.6810,asiya,MenuSelection,Menu Selection,959,431,107.73,11605.44,None,N/A,
93.6918,asiya,MenuSelection,Menu Selection,959,431,0.00,-10050.86,None,N/A,
93.7012,asiya,MenuSelection,Menu Selection,959,431,0.00,0.00,None,N/A,
93.7111,asiya,MenuSelection,Menu Selection,959,431,0.00,0.00,None,N/A,
93.7232,asiya,MenuSelection,Menu Selection,959,431,0.00,0.00,None,N/A,
93.7309,asiya,MenuSelection,Menu Selection,959,431,0.00,0.00,None,N/A,
93.7414,asiya,MenuSelection,Menu Selection,959,431,0.00,0.00,None,N/A,
93.7513,asiya,MenuSelection,Menu Selection,959,431,0.00,0.00,None,N/A,
93.7619,asiya,MenuSelection,Menu Selection,959,431,0.00,0.00,None,N/A,
93.7714,asiya,MenuSelection,Menu Selection,959,431,0.00,0.00,None,N/A,
93.7817,asiya,MenuSelection,Menu Selection,959,431,0.00,0.00,None,N/A,
93.7912,asiya,MenuSelection,Menu Selection,959,431,0.00,0.00,None,N/A,
93.8017,asiya,MenuSelection,Menu Selection,959,430,95.20,9062.96,None,N/A,
93.8112,asiya,MenuSelection,Menu Selection,959,430,0.00,-10104.67,None,N/A,
93.8216,asiya,MenuSelection,Menu Selection,959,430,0.00,0.00,None,N/A,
93.8311,asiya,MenuSelection,Menu Selection,959,430,0.00,0.00,None,N/A,
93.8418,asiya,MenuSelection,Menu Selection,959,430,0.00,0.00,None,N/A,
93.8512,asiya,MenuSelection,Menu Selection,959,430,0.00,0.00,None,N/A,
93.8613,asiya,MenuSelection,Menu Selection,959,430,0.00,0.00,None,N/A,
93.8716,asiya,MenuSelection,Menu Selection,960,430,97.57,9519.75,None,N/A,
93.8814,asiya,MenuSelection,Menu Selection,960,430,0.00,-9931.44,None,N/A,
93.8910,asiya,MenuSelection,Menu Selection,961,430,104.02,10819.67,None,N/A,
93.9010,asiya,MenuSelection,Menu Selection,961,430,0.00,-10439.86,None,N/A,
93.9114,asiya,MenuSelection,Menu Selection,961,430,0.00,0.00,None,N/A,
93.9218,asiya,MenuSelection,Menu Selection,961,430,0.00,0.00,None,N/A,
93.9313,asiya,MenuSelection,Menu Selection,961,430,0.00,0.00,None,N/A,
93.9418,asiya,MenuSelection,Menu Selection,961,430,0.00,0.00,None,N/A,
93.9516,asiya,MenuSelection,Menu Selection,961,430,0.00,0.00,None,N/A,
93.9612,asiya,MenuSelection,Menu Selection,961,430,0.00,0.00,None,N/A,
93.9710,asiya,MenuSelection,Menu Selection,961,430,0.00,0.00,None,N/A,
93.9816,asiya,MenuSelection,Menu Selection,961,430,0.00,0.00,None,N/A,
93.9915,asiya,MenuSelection,Menu Selection,962,430,101.17,10234.87,None,N/A,
94.0010,asiya,MenuSelection,Menu Selection,962,430,0.00,-10562.76,None,N/A,
94.0115,asiya,MenuSelection,Menu Selection,962,430,0.00,0.00,None,N/A,
94.0210,asiya,MenuSelection,Menu Selection,962,430,0.00,0.00,None,N/A,
94.0316,asiya,MenuSelection,Menu Selection,962,430,0.00,0.00,None,N/A,
94.0410,asiya,MenuSelection,Menu Selection,962,430,0.00,0.00,None,N/A,
94.0516,asiya,MenuSelection,Menu Selection,962,430,0.00,0.00,None,N/A,
94.0611,asiya,MenuSelection,Menu Selection,962,430,0.00,0.00,None,N/A,
94.0715,asiya,MenuSelection,Menu Selection,962,430,0.00,0.00,None,N/A,
94.0810,asiya,MenuSelection,Menu Selection,962,430,0.00,0.00,None,N/A,
94.0915,asiya,MenuSelection,Menu Selection,962,430,0.00,0.00,None,N/A,
94.1011,asiya,MenuSelection,Menu Selection,962,430,0.00,0.00,None,N/A,
94.1116,asiya,MenuSelection,Menu Selection,962,430,0.00,0.00,None,N/A,
94.1210,asiya,MenuSelection,Menu Selection,962,430,0.00,0.00,None,N/A,
94.1315,asiya,MenuSelection,Menu Selection,962,430,0.00,0.00,None,N/A,
94.1420,asiya,MenuSelection,Menu Selection,962,430,0.00,0.00,None,N/A,
94.1515,asiya,MenuSelection,Menu Selection,962,430,0.00,0.00,None,N/A,
94.1618,asiya,MenuSelection,Menu Selection,962,430,0.00,0.00,None,N/A,
94.1713,asiya,MenuSelection,Menu Selection,962,430,0.00,0.00,None,N/A,
94.1821,asiya,MenuSelection,Menu Selection,962,430,0.00,0.00,None,N/A,
94.1918,asiya,MenuSelection,Menu Selection,962,430,0.00,0.00,None,N/A,
94.2013,asiya,MenuSelection,Menu Selection,962,430,0.00,0.00,None,N/A,
94.2117,asiya,MenuSelection,Menu Selection,962,430,0.00,0.00,None,N/A,
94.2211,asiya,MenuSelection,Menu Selection,962,430,0.00,0.00,None,N/A,
94.2316,asiya,MenuSelection,Menu Selection,962,430,0.00,0.00,None,N/A,
94.2411,asiya,MenuSelection,Menu Selection,962,430,0.00,0.00,None,N/A,
94.2516,asiya,MenuSelection,Menu Selection,962,430,0.00,0.00,None,N/A,
94.2611,asiya,MenuSelection,Menu Selection,962,430,0.00,0.00,None,N/A,
94.2714,asiya,MenuSelection,Menu Selection,962,430,0.00,0.00,None,N/A,
94.2820,asiya,MenuSelection,Menu Selection,962,430,0.00,0.00,None,N/A,
94.2916,asiya,MenuSelection,Menu Selection,962,430,0.00,0.00,None,N/A,
94.3011,asiya,MenuSelection,Menu Selection,962,430,0.00,0.00,None,N/A,
94.3121,asiya,MenuSelection,Menu Selection,962,430,0.00,0.00,None,N/A,
94.3220,asiya,MenuSelection,Menu Selection,962,430,0.00,0.00,None,N/A,
94.3319,asiya,MenuSelection,Menu Selection,962,430,0.00,0.00,None,N/A,
94.3415,asiya,MenuSelection,Menu Selection,962,430,0.00,0.00,None,N/A,
94.3510,asiya,MenuSelection,Menu Selection,962,430,0.00,0.00,None,N/A,
94.3615,asiya,MenuSelection,Menu Selection,962,430,0.00,0.00,None,N/A,
94.3710,asiya,MenuSelection,Menu Selection,962,430,0.00,0.00,None,N/A,
94.3815,asiya,MenuSelection,Menu Selection,962,430,0.00,0.00,None,N/A,
94.3920,asiya,MenuSelection,Menu Selection,962,430,0.00,0.00,None,N/A,
94.4015,asiya,MenuSelection,Menu Selection,962,430,0.00,0.00,None,N/A,
94.4119,asiya,MenuSelection,Menu Selection,962,430,0.00,0.00,None,N/A,
94.4214,asiya,MenuSelection,Menu Selection,962,430,0.00,0.00,None,N/A,
94.4320,asiya,MenuSelection,Menu Selection,962,430,0.00,0.00,None,N/A,
94.4417,asiya,MenuSelection,Menu Selection,962,430,0.00,0.00,None,N/A,
94.4512,asiya,MenuSelection,Menu Selection,962,430,0.00,0.00,Left,N/A,
94.4617,asiya,MenuSelection,Menu Selection,962,430,0.00,0.00,Left,N/A,
94.4712,asiya,MenuSelection,Menu Selection,962,430,0.00,0.00,Left,N/A,
94.4817,asiya,MenuSelection,Menu Selection,962,430,0.00,0.00,Left,N/A,
94.4912,asiya,MenuSelection,Menu Selection,962,430,0.00,0.00,Left,N/A,
94.5013,asiya,MenuSelection,Menu Selection,962,430,0.00,0.00,Left,N/A,
94.5117,asiya,MenuSelection,Menu Selection,962,430,0.00,0.00,Left,N/A,
94.5214,asiya,MenuSelection,Menu Selection,962,430,0.00,0.00,Left,N/A,
94.5319,asiya,MenuSelection,Menu Selection,962,430,0.00,0.00,Left,N/A,
94.5414,asiya,MenuSelection,Menu Selection,962,430,0.00,0.00,Left,N/A,
94.5519,asiya,MenuSelection,Menu Selection,962,430,0.00,0.00,Left,N/A,
94.5614,asiya,MenuSelection,Menu Selection,962,430,0.00,0.00,Left,N/A,
94.5720,asiya,MenuSelection,Menu Selection,962,430,0.00,0.00,Left,N/A,
94.5816,asiya,MenuSelection,Menu Selection,962,430,0.00,0.00,Left,N/A,
94.5918,asiya,MenuSelection,Menu Selection,962,430,0.00,0.00,Left,N/A,
94.6018,asiya,MenuSelection,Menu Selection,962,430,0.00,0.00,Left,N/A,
94.6113,asiya,MenuSelection,Menu Selection,962,430,0.00,0.00,Left,N/A,
94.6217,asiya,MenuSelection,Menu Selection,962,430,0.00,0.00,Left,N/A,
94.6311,asiya,MenuSelection,Menu Selection,962,430,0.00,0.00,None,N/A,
94.6415,asiya,MenuSelection,Menu Selection,962,430,0.00,0.00,None,N/A,
94.6510,asiya,MenuSelection,Menu Selection,962,430,0.00,0.00,None,N/A,
94.6614,asiya,MenuSelection,Menu Selection,962,430,0.00,0.00,None,N/A,
94.6718,asiya,MenuSelection,Menu Selection,962,430,0.00,0.00,None,N/A,
94.6814,asiya,MenuSelection,Menu Selection,962,430,0.00,0.00,None,N/A,
94.6919,asiya,MenuSelection,Menu Selection,962,430,0.00,0.00,None,N/A,
94.7013,asiya,MenuSelection,Menu Selection,962,430,0.00,0.00,None,N/A,
94.7118,asiya,MenuSelection,Menu Selection,962,430,0.00,0.00,None,N/A,
94.7212,asiya,MenuSelection,Menu Selection,962,430,0.00,0.00,None,N/A,
94.7318,asiya,MenuSelection,Menu Selection,962,430,0.00,0.00,None,N/A,
94.7412,asiya,MenuSelection,Menu Selection,962,430,0.00,0.00,None,N/A,
94.7511,asiya,MenuSelection,Menu Selection,962,430,0.00,0.00,None,N/A,
94.7617,asiya,MenuSelection,Menu Selection,962,430,0.00,0.00,None,N/A,
94.7712,asiya,MenuSelection,Menu Selection,962,430,0.00,0.00,None,N/A,
94.7818,asiya,MenuSelection,Menu Selection,962,430,0.00,0.00,None,N/A,
94.7913,asiya,MenuSelection,Menu Selection,962,430,0.00,0.00,None,N/A,
94.8013,asiya,MenuSelection,Menu Selection,962,430,0.00,0.00,None,N/A,
94.8118,asiya,MenuSelection,Menu Selection,962,430,0.00,0.00,None,N/A,
94.8212,asiya,MenuSelection,Menu Selection,962,430,0.00,0.00,None,N/A,
94.8316,asiya,MenuSelection,Menu Selection,962,430,0.00,0.00,None,N/A,
94.8412,asiya,MenuSelection,Menu Selection,962,430,0.00,0.00,None,N/A,
94.8513,asiya,MenuSelection,Menu Selection,962,430,0.00,0.00,None,N/A,
94.8617,asiya,MenuSelection,Menu Selection,962,430,0.00,0.00,None,N/A,
94.8712,asiya,MenuSelection,Menu Selection,962,430,0.00,0.00,None,N/A,
94.8815,asiya,MenuSelection,Menu Selection,962,430,0.00,0.00,None,N/A,
94.8910,asiya,MenuSelection,Menu Selection,962,430,0.00,0.00,None,N/A,
94.9013,asiya,MenuSelection,Menu Selection,962,430,0.00,0.00,None,N/A,
94.9117,asiya,MenuSelection,Menu Selection,962,430,0.00,0.00,None,N/A,
94.9212,asiya,MenuSelection,Menu Selection,962,430,0.00,0.00,None,N/A,
94.9311,asiya,MenuSelection,Menu Selection,963,430,101.31,10263.56,None,N/A,
94.9419,asiya,MenuSelection,Menu Selection,966,430,277.27,16263.29,None,N/A,
94.9516,asiya,MenuSelection,Menu Selection,971,431,527.77,25927.58,None,N/A,
94.9611,asiya,MenuSelection,Menu Selection,974,432,331.62,-20569.70,None,N/A,
94.9709,asiya,MenuSelection,Menu Selection,981,434,740.67,41616.58,None,N/A,
94.9810,asiya,MenuSelection,Menu Selection,984,435,314.74,-42393.01,None,N/A,
94.9910,asiya,MenuSelection,Menu Selection,990,436,605.49,28941.69,None,N/A,
95.0016,asiya,MenuSelection,Menu Selection,993,437,299.26,-28979.93,None,N/A,
95.0113,asiya,MenuSelection,Menu Selection,997,439,457.99,16255.57,None,N/A,
95.0218,asiya,MenuSelection,Menu Selection,999,440,214.77,-23360.94,None,N/A,
95.0311,asiya,MenuSelection,Menu Selection,1002,441,339.01,13319.65,None,N/A,
95.0418,asiya,MenuSelection,Menu Selection,1006,443,415.72,7129.99,None,N/A,
95.0517,asiya,MenuSelection,Menu Selection,1008,444,225.75,-19178.55,None,N/A,
95.0614,asiya,MenuSelection,Menu Selection,1012,446,465.37,24933.69,None,N/A,
95.0711,asiya,MenuSelection,Menu Selection,1014,446,205.36,-26697.43,None,N/A,
95.0819,asiya,MenuSelection,Menu Selection,1018,448,412.72,19137.10,None,N/A,
95.0916,asiya,MenuSelection,Menu Selection,1019,448,103.38,-31979.35,None,N/A,
95.1014,asiya,MenuSelection,Menu Selection,1023,450,458.71,36446.45,None,N/A,
95.1115,asiya,MenuSelection,Menu Selection,1025,451,220.93,-23493.19,None,N/A,
95.1212,asiya,MenuSelection,Menu Selection,1029,453,457.79,24246.08,None,N/A,
95.1310,asiya,MenuSelection,Menu Selection,1030,454,145.54,-32134.86,None,N/A,
95.1419,asiya,MenuSelection,Menu Selection,1034,456,410.32,24293.72,None,N/A,
95.1515,asiya,MenuSelection,Menu Selection,1035,457,147.26,-27392.67,None,N/A,
95.1615,asiya,MenuSelection,Menu Selection,1037,458,222.31,7460.88,None,N/A,
95.1710,asiya,MenuSelection,Menu Selection,1040,460,381.88,16900.74,None,N/A,
95.1813,asiya,MenuSelection,Menu Selection,1041,461,137.20,-23737.89,None,N/A,
95.1918,asiya,MenuSelection,Menu Selection,1044,464,402.20,25121.35,None,N/A,
95.2017,asiya,MenuSelection,Menu Selection,1045,465,143.07,-26215.26,None,N/A,
95.2112,asiya,MenuSelection,Menu Selection,1047,468,381.34,25200.19,None,N/A,
95.2212,asiya,MenuSelection,Menu Selection,1048,469,140.74,-23944.05,None,N/A,
95.2312,asiya,MenuSelection,Menu Selection,1050,471,284.25,14421.74,None,N/A,
95.2409,asiya,MenuSelection,Menu Selection,1050,472,102.80,-18652.95,None,N/A,
95.2515,asiya,MenuSelection,Menu Selection,1052,474,267.11,15517.10,None,N/A,
95.2614,asiya,MenuSelection,Menu Selection,1052,475,100.68,-16756.42,None,N/A,
95.2710,asiya,MenuSelection,Menu Selection,1053,475,103.68,310.64,None,N/A,
95.2814,asiya,MenuSelection,Menu Selection,1054,477,215.74,10811.78,None,N/A,
95.2919,asiya,MenuSelection,Menu Selection,1054,478,95.46,-11481.61,None,N/A,
95.3013,asiya,MenuSelection,Menu Selection,1056,480,299.52,21609.00,None,N/A,
95.3116,asiya,MenuSelection,Menu Selection,1056,482,194.62,-10207.46,None,N/A,
95.3209,asiya,MenuSelection,Menu Selection,1058,484,304.64,11849.60,None,N/A,
95.3318,asiya,MenuSelection,Menu Selection,1059,486,204.53,-9156.88,None,N/A,
95.3409,asiya,MenuSelection,Menu Selection,1060,488,245.99,4561.41,None,N/A,
95.3516,asiya,MenuSelection,Menu Selection,1061,489,132.57,-10632.39,None,N/A,
95.3613,asiya,MenuSelection,Menu Selection,1062,490,144.93,1265.68,None,N/A,
95.3710,asiya,MenuSelection,Menu Selection,1062,491,103.57,-4282.95,None,N/A,
95.3810,asiya,MenuSelection,Menu Selection,1062,492,99.99,-358.70,None,N/A,
95.3911,asiya,MenuSelection,Menu Selection,1063,492,98.70,-127.25,None,N/A,
95.4015,asiya,MenuSelection,Menu Selection,1063,493,96.01,-258.11,None,N/A,
95.4116,asiya,MenuSelection,Menu Selection,1063,494,99.94,393.01,None,N/A,
95.4210,asiya,MenuSelection,Menu Selection,1064,495,150.16,5332.88,None,N/A,
95.4311,asiya,MenuSelection,Menu Selection,1064,496,98.93,-5068.54,None,N/A,
95.4415,asiya,MenuSelection,Menu Selection,1064,497,95.67,-312.37,None,N/A,
95.4517,asiya,MenuSelection,Menu Selection,1064,498,98.55,284.45,None,N/A,
95.4610,asiya,MenuSelection,Menu Selection,1064,499,107.49,960.16,None,N/A,
95.4713,asiya,MenuSelection,Menu Selection,1064,500,97.00,-1017.25,None,N/A,
95.4819,asiya,MenuSelection,Menu Selection,1064,501,94.65,-222.50,None,N/A,
95.4910,asiya,MenuSelection,Menu Selection,1064,501,0.00,-10342.34,None,N/A,
95.5016,asiya,MenuSelection,Menu Selection,1064,503,189.63,17979.54,None,N/A,
95.5116,asiya,MenuSelection,Menu Selection,1064,503,0.00,-18951.60,None,N/A,
95.5212,asiya,MenuSelection,Menu Selection,1064,504,103.82,10778.47,None,N/A,
95.5310,asiya,MenuSelection,Menu Selection,1064,505,101.47,-238.54,None,N/A,
95.5412,asiya,MenuSelection,Menu Selection,1064,505,0.00,-10022.13,None,N/A,
95.5513,asiya,MenuSelection,Menu Selection,1064,506,99.14,9829.61,None,N/A,
95.5614,asiya,MenuSelection,Menu Selection,1064,506,0.00,-9755.59,None,N/A,
95.5712,asiya,MenuSelection,Menu Selection,1064,506,0.00,0.00,None,N/A,
95.5810,asiya,MenuSelection,Menu Selection,1064,507,102.34,10473.48,None,N/A,
95.5914,asiya,MenuSelection,Menu Selection,1064,507,0.00,-9778.02,None,N/A,
95.6010,asiya,MenuSelection,Menu Selection,1064,507,0.00,0.00,None,N/A,
95.6117,asiya,MenuSelection,Menu Selection,1064,507,0.00,0.00,None,N/A,
95.6216,asiya,MenuSelection,Menu Selection,1064,507,0.00,0.00,None,N/A,
95.6314,asiya,MenuSelection,Menu Selection,1064,507,0.00,0.00,None,N/A,
95.6419,asiya,MenuSelection,Menu Selection,1064,507,0.00,0.00,None,N/A,
95.6513,asiya,MenuSelection,Menu Selection,1064,507,0.00,0.00,None,N/A,
95.6617,asiya,MenuSelection,Menu Selection,1064,507,0.00,0.00,None,N/A,
95.6711,asiya,MenuSelection,Menu Selection,1064,507,0.00,0.00,None,N/A,
95.6815,asiya,MenuSelection,Menu Selection,1064,507,0.00,0.00,None,N/A,
95.6911,asiya,MenuSelection,Menu Selection,1064,507,0.00,0.00,None,N/A,
95.7010,asiya,MenuSelection,Menu Selection,1064,507,0.00,0.00,None,N/A,
95.7113,asiya,MenuSelection,Menu Selection,1064,506,97.26,9459.80,None,N/A,
95.7212,asiya,MenuSelection,Menu Selection,1064,506,0.00,-9803.99,None,N/A,
95.7318,asiya,MenuSelection,Menu Selection,1065,505,133.04,12516.32,None,N/A,
95.7417,asiya,MenuSelection,Menu Selection,1065,504,100.96,-3239.52,None,N/A,
95.7513,asiya,MenuSelection,Menu Selection,1065,503,104.40,359.96,None,N/A,
95.7612,asiya,MenuSelection,Menu Selection,1067,501,286.46,18437.80,None,N/A,
95.7710,asiya,MenuSelection,Menu Selection,1067,500,102.08,-18820.97,None,N/A,
95.7819,asiya,MenuSelection,Menu Selection,1068,498,204.57,9376.68,None,N/A,
95.7916,asiya,MenuSelection,Menu Selection,1068,497,103.63,-10460.48,None,N/A,
95.8011,asiya,MenuSelection,Menu Selection,1069,495,234.92,13792.22,None,N/A,
95.8116,asiya,MenuSelection,Menu Selection,1069,494,95.51,-13314.37,None,N/A,
95.8210,asiya,MenuSelection,Menu Selection,1070,493,150.04,5785.68,None,N/A,
95.8319,asiya,MenuSelection,Menu Selection,1070,492,91.47,-5357.34,None,N/A,
95.8416,asiya,MenuSelection,Menu Selection,1071,491,145.78,5597.99,None,N/A,
95.8516,asiya,MenuSelection,Menu Selection,1071,491,0.00,-14538.83,None,N/A,
95.8613,asiya,MenuSelection,Menu Selection,1071,491,0.00,0.00,None,N/A,
95.8719,asiya,MenuSelection,Menu Selection,1071,490,93.89,8815.15,None,N/A,
95.8811,asiya,MenuSelection,Menu Selection,1071,490,0.00,-10282.77,None,N/A,
95.8915,asiya,MenuSelection,Menu Selection,1071,490,0.00,0.00,None,N/A,
95.9009,asiya,MenuSelection,Menu Selection,1071,490,0.00,0.00,None,N/A,
95.9114,asiya,MenuSelection,Menu Selection,1071,490,0.00,0.00,None,N/A,
95.9213,asiya,MenuSelection,Menu Selection,1071,490,0.00,0.00,None,N/A,
95.9319,asiya,MenuSelection,Menu Selection,1071,490,0.00,0.00,None,N/A,
95.9413,asiya,MenuSelection,Menu Selection,1071,490,0.00,0.00,None,N/A,
95.9513,asiya,MenuSelection,Menu Selection,1071,490,0.00,0.00,None,N/A,
95.9619,asiya,MenuSelection,Menu Selection,1071,490,0.00,0.00,None,N/A,
95.9713,asiya,MenuSelection,Menu Selection,1071,490,0.00,0.00,None,N/A,
95.9818,asiya,MenuSelection,Menu Selection,1071,490,0.00,0.00,None,N/A,
95.9913,asiya,MenuSelection,Menu Selection,1071,490,0.00,0.00,None,N/A,
96.0012,asiya,MenuSelection,Menu Selection,1071,490,0.00,0.00,None,N/A,
96.0116,asiya,MenuSelection,Menu Selection,1071,490,0.00,0.00,None,N/A,
96.0211,asiya,MenuSelection,Menu Selection,1071,490,0.00,0.00,None,N/A,
96.0317,asiya,MenuSelection,Menu Selection,1071,490,0.00,0.00,None,N/A,
96.0413,asiya,MenuSelection,Menu Selection,1071,490,0.00,0.00,None,N/A,
96.0520,asiya,MenuSelection,Menu Selection,1071,490,0.00,0.00,None,N/A,
96.0615,asiya,MenuSelection,Menu Selection,1071,490,0.00,0.00,None,N/A,
96.0710,asiya,MenuSelection,Menu Selection,1071,490,0.00,0.00,None,N/A,
96.0815,asiya,MenuSelection,Menu Selection,1071,490,0.00,0.00,None,N/A,
96.0913,asiya,MenuSelection,Menu Selection,1071,490,0.00,0.00,None,N/A,
96.1017,asiya,MenuSelection,Menu Selection,1071,490,0.00,0.00,None,N/A,
96.1112,asiya,MenuSelection,Menu Selection,1071,490,0.00,0.00,None,N/A,
96.1216,asiya,MenuSelection,Menu Selection,1071,490,0.00,0.00,None,N/A,
96.1311,asiya,MenuSelection,Menu Selection,1071,490,0.00,0.00,None,N/A,
96.1417,asiya,MenuSelection,Menu Selection,1071,490,0.00,0.00,None,N/A,
96.1514,asiya,MenuSelection,Menu Selection,1071,490,0.00,0.00,Left,N/A,
96.1612,asiya,MenuSelection,Menu Selection,1071,490,0.00,0.00,Left,N/A,
96.1717,asiya,MenuSelection,Menu Selection,1071,490,0.00,0.00,Left,N/A,
96.1815,asiya,MenuSelection,Menu Selection,1071,490,0.00,0.00,Left,N/A,
96.1913,asiya,MenuSelection,Menu Selection,1071,490,0.00,0.00,Left,N/A,
96.2022,asiya,MenuSelection,Menu Selection,1071,490,0.00,0.00,Left,N/A,
96.2123,asiya,MenuSelection,Menu Selection,1071,490,0.00,0.00,Left,N/A,
96.2220,asiya,MenuSelection,Menu Selection,1071,490,0.00,0.00,Left,N/A,
96.2320,asiya,MenuSelection,Menu Selection,1071,490,0.00,0.00,Left,N/A,
96.2415,asiya,MenuSelection,Menu Selection,1071,490,0.00,0.00,Left,N/A,
96.2514,asiya,MenuSelection,Menu Selection,1071,490,0.00,0.00,Left,N/A,
96.2615,asiya,MenuSelection,Menu Selection,1071,490,0.00,0.00,Left,N/A,
96.2711,asiya,MenuSelection,Menu Selection,1071,490,0.00,0.00,Left,N/A,
96.2815,asiya,MenuSelection,Menu Selection,1071,490,0.00,0.00,Left,N/A,
96.2911,asiya,MenuSelection,Menu Selection,1071,490,0.00,0.00,Left,N/A,
96.3017,asiya,MenuSelection,Menu Selection,1071,490,0.00,0.00,Left,N/A,
96.3112,asiya,MenuSelection,Menu Selection,1071,490,0.00,0.00,Left,N/A,
96.3217,asiya,MenuSelection,Menu Selection,1071,490,0.00,0.00,Left,N/A,
96.3325,asiya,MenuSelection,Menu Selection,1071,490,0.00,0.00,None,N/A,menu_item_selected_correct
96.3360,asiya,MenuSelection,Menu Selection,1071,490,0.00,0.00,None,N/A,
96.3410,asiya,MenuSelection,Menu Selection,1071,490,0.00,0.00,None,N/A,
96.3510,asiya,MenuSelection,Menu Selection,1071,490,0.00,0.00,None,N/A,
96.3615,asiya,MenuSelection,Menu Selection,1071,490,0.00,0.00,None,N/A,
96.3721,asiya,MenuSelection,Menu Selection,1071,490,0.00,0.00,None,N/A,
96.3818,asiya,MenuSelection,Menu Selection,1071,490,0.00,0.00,None,N/A,
96.3913,asiya,MenuSelection,Menu Selection,1071,490,0.00,0.00,None,N/A,
96.4024,asiya,MenuSelection,Menu Selection,1071,490,0.00,0.00,None,N/A,
96.4110,asiya,MenuSelection,Menu Selection,1071,490,0.00,0.00,None,N/A,
96.4218,asiya,MenuSelection,Menu Selection,1071,490,0.00,0.00,None,N/A,
96.4314,asiya,MenuSelection,Menu Selection,1071,490,0.00,0.00,None,N/A,
96.4418,asiya,MenuSelection,Menu Selection,1071,490,0.00,0.00,None,N/A,
96.4513,asiya,MenuSelection,Menu Selection,1071,490,0.00,0.00,None,N/A,
96.4617,asiya,MenuSelection,Menu Selection,1071,490,0.00,0.00,None,N/A,
96.4713,asiya,MenuSelection,Menu Selection,1071,490,0.00,0.00,None,N/A,
96.4818,asiya,MenuSelection,Menu Selection,1071,490,0.00,0.00,None,N/A,
96.4914,asiya,MenuSelection,Menu Selection,1071,490,0.00,0.00,None,N/A,
96.5010,asiya,MenuSelection,Menu Selection,1071,490,0.00,0.00,None,N/A,
96.5115,asiya,MenuSelection,Menu Selection,1071,490,0.00,0.00,None,N/A,
96.5209,asiya,MenuSelection,Menu Selection,1071,490,0.00,0.00,None,N/A,
96.5315,asiya,MenuSelection,Menu Selection,1071,490,0.00,0.00,None,N/A,
96.5410,asiya,MenuSelection,Menu Selection,1071,490,0.00,0.00,None,N/A,
96.5517,asiya,MenuSelection,Menu Selection,1071,490,0.00,0.00,None,N/A,
96.5613,asiya,MenuSelection,Menu Selection,1071,490,0.00,0.00,None,N/A,
96.5719,asiya,MenuSelection,Menu Selection,1071,490,0.00,0.00,None,N/A,
96.5815,asiya,MenuSelection,Menu Selection,1071,490,0.00,0.00,None,N/A,
96.5911,asiya,MenuSelection,Menu Selection,1071,490,0.00,0.00,None,N/A,
96.6015,asiya,MenuSelection,Menu Selection,1071,490,0.00,0.00,None,N/A,
96.6110,asiya,MenuSelection,Menu Selection,1071,490,0.00,0.00,None,N/A,
96.6216,asiya,MenuSelection,Menu Selection,1071,490,0.00,0.00,None,N/A,
96.6316,asiya,MenuSelection,Menu Selection,1071,490,0.00,0.00,None,N/A,
96.6411,asiya,MenuSelection,Menu Selection,1071,490,0.00,0.00,None,N/A,
96.6510,asiya,MenuSelection,Menu Selection,1071,490,0.00,0.00,None,N/A,
96.6615,asiya,MenuSelection,Menu Selection,1071,490,0.00,0.00,None,N/A,
96.6714,asiya,MenuSelection,Menu Selection,1071,490,0.00,0.00,None,N/A,
96.6811,asiya,MenuSelection,Menu Selection,1071,490,0.00,0.00,None,N/A,
96.6916,asiya,MenuSelection,Menu Selection,1071,490,0.00,0.00,None,N/A,
96.7011,asiya,MenuSelection,Menu Selection,1071,490,0.00,0.00,None,N/A,
96.7115,asiya,MenuSelection,Menu Selection,1071,490,0.00,0.00,None,N/A,
96.7211,asiya,MenuSelection,Menu Selection,1071,490,0.00,0.00,None,N/A,
96.7317,asiya,MenuSelection,Menu Selection,1071,490,0.00,0.00,None,N/A,
96.7412,asiya,MenuSelection,Menu Selection,1071,490,0.00,0.00,None,N/A,
96.7517,asiya,MenuSelection,Menu Selection,1071,490,0.00,0.00,None,N/A,
96.7611,asiya,MenuSelection,Menu Selection,1071,490,0.00,0.00,None,N/A,
96.7716,asiya,MenuSelection,Menu Selection,1071,490,0.00,0.00,None,N/A,
96.7810,asiya,MenuSelection,Menu Selection,1071,490,0.00,0.00,None,N/A,
96.7915,asiya,MenuSelection,Menu Selection,1071,490,0.00,0.00,None,N/A,
96.8019,asiya,MenuSelection,Menu Selection,1071,490,0.00,0.00,None,N/A,
96.8115,asiya,MenuSelection,Menu Selection,1071,490,0.00,0.00,None,N/A,
96.8210,asiya,MenuSelection,Menu Selection,1071,490,0.00,0.00,None,N/A,
96.8309,asiya,MenuSelection,Menu Selection,1053,478,2187.90,221275.22,None,N/A,
96.8417,asiya,MenuSelection,Menu Selection,1031,464,2410.34,20560.62,None,N/A,
96.8513,asiya,MenuSelection,Menu Selection,1000,442,3973.75,163432.60,None,N/A,
96.8617,asiya,MenuSelection,Menu Selection,992,436,965.76,-290499.94,None,N/A,
96.8712,asiya,MenuSelection,Menu Selection,979,424,1856.14,93414.41,None,N/A,
96.8809,asiya,MenuSelection,Menu Selection,975,420,581.75,-131057.87,None,N/A,
96.8916,asiya,MenuSelection,Menu Selection,968,413,930.31,32756.05,None,N/A,
96.9014,asiya,MenuSelection,Menu Selection,967,411,226.39,-71268.39,None,N/A,
96.9110,asiya,MenuSelection,Menu Selection,965,409,296.33,7327.30,None,N/A,
96.9210,asiya,MenuSelection,Menu Selection,962,406,422.49,12563.44,None,N/A,
96.9310,asiya,MenuSelection,Menu Selection,961,405,141.19,-28083.73,None,N/A,
96.9410,asiya,MenuSelection,Menu Selection,960,403,223.86,8276.48,None,N/A,
96.9514,asiya,MenuSelection,Menu Selection,960,403,0.00,-21695.77,None,N/A,
96.9613,asiya,MenuSelection,Menu Selection,959,402,142.35,14329.45,None,N/A,
96.9718,asiya,MenuSelection,Menu Selection,959,401,95.54,-4472.90,None,N/A,
96.9816,asiya,MenuSelection,Menu Selection,959,401,0.00,-9752.14,None,N/A,
96.9911,asiya,MenuSelection,Menu Selection,959,401,0.00,0.00,None,N/A,
97.0016,asiya,MenuSelection,Menu Selection,959,401,0.00,0.00,None,N/A,
97.0110,asiya,MenuSelection,Menu Selection,959,401,0.00,0.00,None,N/A,
97.0216,asiya,MenuSelection,Menu Selection,959,401,0.00,0.00,None,N/A,
97.0311,asiya,MenuSelection,Menu Selection,959,401,0.00,0.00,None,N/A,
97.0420,asiya,MenuSelection,Menu Selection,959,401,0.00,0.00,None,N/A,
97.0512,asiya,MenuSelection,Menu Selection,959,401,0.00,0.00,None,N/A,
97.0613,asiya,MenuSelection,Menu Selection,959,401,0.00,0.00,None,N/A,
97.0709,asiya,MenuSelection,Menu Selection,959,402,103.74,10761.95,None,N/A,
97.0814,asiya,MenuSelection,Menu Selection,959,402,0.00,-9947.33,None,N/A,
97.0919,asiya,MenuSelection,Menu Selection,959,402,0.00,0.00,None,N/A,
97.1013,asiya,MenuSelection,Menu Selection,959,402,0.00,0.00,None,N/A,
97.1110,asiya,MenuSelection,Menu Selection,959,402,0.00,0.00,None,N/A,
97.1215,asiya,MenuSelection,Menu Selection,959,402,0.00,0.00,None,N/A,
97.1312,asiya,MenuSelection,Menu Selection,959,402,0.00,0.00,None,N/A,
97.1418,asiya,MenuSelection,Menu Selection,960,402,94.45,8921.47,None,N/A,
97.1514,asiya,MenuSelection,Menu Selection,960,402,0.00,-9854.16,None,N/A,
97.1611,asiya,MenuSelection,Menu Selection,960,402,0.00,0.00,None,N/A,
97.1720,asiya,MenuSelection,Menu Selection,960,402,0.00,0.00,None,N/A,
97.1809,asiya,MenuSelection,Menu Selection,961,400,250.25,28007.55,None,N/A,
97.1917,asiya,MenuSelection,Menu Selection,962,399,130.78,-11048.34,None,N/A,
97.2016,asiya,MenuSelection,Menu Selection,965,397,365.36,23771.01,None,N/A,
97.2113,asiya,MenuSelection,Menu Selection,966,395,230.90,-13884.91,None,N/A,
97.2210,asiya,MenuSelection,Menu Selection,969,390,604.17,38675.91,None,N/A,
97.2315,asiya,MenuSelection,Menu Selection,971,388,268.10,-31855.17,None,N/A,
97.2414,asiya,MenuSelection,Menu Selection,974,384,503.42,23693.46,None,N/A,
97.2511,asiya,MenuSelection,Menu Selection,976,382,292.97,-21798.61,None,N/A,
97.2614,asiya,MenuSelection,Menu Selection,977,380,217.65,-7331.16,None,N/A,
97.2710,asiya,MenuSelection,Menu Selection,980,378,373.95,16209.67,None,N/A,
97.2809,asiya,MenuSelection,Menu Selection,981,377,142.32,-23309.68,None,N/A,
97.2916,asiya,MenuSelection,Menu Selection,983,375,265.45,11555.46,None,N/A,
97.3011,asiya,MenuSelection,Menu Selection,984,374,148.40,-12282.14,None,N/A,
97.3117,asiya,MenuSelection,Menu Selection,985,373,133.92,-1370.70,None,N/A,
97.3212,asiya,MenuSelection,Menu Selection,986,373,105.50,-2998.88,None,N/A,
97.3311,asiya,MenuSelection,Menu Selection,987,372,142.66,3748.64,None,N/A,
97.3417,asiya,MenuSelection,Menu Selection,988,371,133.35,-878.15,None,N/A,
97.3514,asiya,MenuSelection,Menu Selection,988,371,0.00,-13688.41,None,N/A,
97.3613,asiya,MenuSelection,Menu Selection,989,370,143.00,14459.63,None,N/A,
97.3710,asiya,MenuSelection,Menu Selection,989,370,0.00,-14691.63,None,N/A,
97.3818,asiya,MenuSelection,Menu Selection,990,370,92.61,8576.60,None,N/A,
97.3919,asiya,MenuSelection,Menu Selection,990,370,0.00,-9202.64,None,N/A,
97.4013,asiya,MenuSelection,Menu Selection,990,369,106.95,11439.14,None,N/A,
97.4115,asiya,MenuSelection,Menu Selection,991,369,97.66,-907.84,None,N/A,
97.4217,asiya,MenuSelection,Menu Selection,991,368,97.93,26.57,None,N/A,
97.4317,asiya,MenuSelection,Menu Selection,991,368,0.00,-9774.98,None,N/A,
97.4418,asiya,MenuSelection,Menu Selection,991,367,99.70,9940.68,None,N/A,
97.4512,asiya,MenuSelection,Menu Selection,991,367,0.00,-10506.62,None,N/A,
97.4616,asiya,MenuSelection,Menu Selection,991,367,0.00,0.00,None,N/A,
97.4712,asiya,MenuSelection,Menu Selection,991,367,0.00,0.00,None,N/A,
97.4818,asiya,MenuSelection,Menu Selection,991,367,0.00,0.00,None,N/A,
97.4914,asiya,MenuSelection,Menu Selection,991,367,0.00,0.00,None,N/A,
97.5019,asiya,MenuSelection,Menu Selection,991,367,0.00,0.00,None,N/A,
97.5114,asiya,MenuSelection,Menu Selection,991,367,0.00,0.00,None,N/A,
97.5219,asiya,MenuSelection,Menu Selection,991,367,0.00,0.00,None,N/A,
97.5314,asiya,MenuSelection,Menu Selection,991,367,0.00,0.00,None,N/A,
97.5418,asiya,MenuSelection,Menu Selection,991,367,0.00,0.00,None,N/A,
97.5513,asiya,MenuSelection,Menu Selection,991,367,0.00,0.00,None,N/A,
97.5618,asiya,MenuSelection,Menu Selection,991,367,0.00,0.00,None,N/A,
97.5713,asiya,MenuSelection,Menu Selection,991,367,0.00,0.00,None,N/A,
97.5818,asiya,MenuSelection,Menu Selection,991,367,0.00,0.00,None,N/A,
97.5913,asiya,MenuSelection,Menu Selection,991,367,0.00,0.00,None,N/A,
97.6014,asiya,MenuSelection,Menu Selection,991,367,0.00,0.00,None,N/A,
97.6117,asiya,MenuSelection,Menu Selection,991,367,0.00,0.00,None,N/A,
97.6212,asiya,MenuSelection,Menu Selection,991,367,0.00,0.00,None,N/A,
97.6318,asiya,MenuSelection,Menu Selection,991,367,0.00,0.00,None,N/A,
97.6414,asiya,MenuSelection,Menu Selection,991,367,0.00,0.00,None,N/A,
97.6511,asiya,MenuSelection,Menu Selection,991,367,0.00,0.00,Left,N/A,
97.6616,asiya,MenuSelection,Menu Selection,991,367,0.00,0.00,Left,N/A,
97.6711,asiya,MenuSelection,Menu Selection,991,367,0.00,0.00,Left,N/A,
97.6816,asiya,MenuSelection,Menu Selection,991,367,0.00,0.00,Left,N/A,
97.6912,asiya,MenuSelection,Menu Selection,991,367,0.00,0.00,Left,N/A,
97.7017,asiya,MenuSelection,Menu Selection,991,367,0.00,0.00,Left,N/A,
97.7112,asiya,MenuSelection,Menu Selection,991,367,0.00,0.00,Left,N/A,
97.7216,asiya,MenuSelection,Menu Selection,991,367,0.00,0.00,Left,N/A,
97.7312,asiya,MenuSelection,Menu Selection,991,367,0.00,0.00,Left,N/A,
97.7417,asiya,MenuSelection,Menu Selection,991,367,0.00,0.00,Left,N/A,
97.7511,asiya,MenuSelection,Menu Selection,991,367,0.00,0.00,Left,N/A,
97.7616,asiya,MenuSelection,Menu Selection,991,367,0.00,0.00,Left,N/A,
97.7711,asiya,MenuSelection,Menu Selection,991,367,0.00,0.00,Left,N/A,
97.7810,asiya,MenuSelection,Menu Selection,991,367,0.00,0.00,Left,N/A,
97.7915,asiya,MenuSelection,Menu Selection,991,367,0.00,0.00,Left,N/A,
97.8010,asiya,MenuSelection,Menu Selection,991,367,0.00,0.00,Left,N/A,
97.8115,asiya,MenuSelection,Menu Selection,991,367,0.00,0.00,Left,N/A,
97.8219,asiya,MenuSelection,Menu Selection,991,367,0.00,0.00,Left,N/A,
97.8340,asiya,MenuSelection,Menu Selection,991,367,0.00,0.00,None,N/A,
97.8419,asiya,MenuSelection,Menu Selection,991,367,0.00,0.00,None,N/A,
97.8519,asiya,MenuSelection,Menu Selection,991,367,0.00,0.00,None,N/A,
97.8613,asiya,MenuSelection,Menu Selection,991,367,0.00,0.00,None,N/A,
97.8718,asiya,MenuSelection,Menu Selection,991,367,0.00,0.00,None,N/A,
97.8814,asiya,MenuSelection,Menu Selection,991,367,0.00,0.00,None,N/A,
97.8919,asiya,MenuSelection,Menu Selection,991,367,0.00,0.00,None,N/A,
97.9013,asiya,MenuSelection,Menu Selection,991,367,0.00,0.00,None,N/A,
97.9117,asiya,MenuSelection,Menu Selection,991,367,0.00,0.00,None,N/A,
97.9212,asiya,MenuSelection,Menu Selection,991,367,0.00,0.00,None,N/A,
97.9316,asiya,MenuSelection,Menu Selection,991,367,0.00,0.00,None,N/A,
97.9412,asiya,MenuSelection,Menu Selection,991,367,0.00,0.00,None,N/A,
97.9516,asiya,MenuSelection,Menu Selection,991,367,0.00,0.00,None,N/A,
97.9610,asiya,MenuSelection,Menu Selection,991,367,0.00,0.00,None,N/A,
97.9715,asiya,MenuSelection,Menu Selection,991,367,0.00,0.00,None,N/A,
97.9810,asiya,MenuSelection,Menu Selection,991,367,0.00,0.00,None,N/A,
97.9916,asiya,MenuSelection,Menu Selection,991,367,0.00,0.00,None,N/A,
98.0010,asiya,MenuSelection,Menu Selection,991,367,0.00,0.00,None,N/A,
98.0113,asiya,MenuSelection,Menu Selection,991,367,0.00,0.00,None,N/A,
98.0218,asiya,MenuSelection,Menu Selection,991,367,0.00,0.00,None,N/A,
98.0314,asiya,MenuSelection,Menu Selection,991,367,0.00,0.00,None,N/A,
98.0418,asiya,MenuSelection,Menu Selection,991,367,0.00,0.00,None,N/A,
98.0513,asiya,MenuSelection,Menu Selection,991,367,0.00,0.00,None,N/A,
98.0616,asiya,MenuSelection,Menu Selection,991,367,0.00,0.00,None,N/A,
98.0711,asiya,MenuSelection,Menu Selection,991,367,0.00,0.00,None,N/A,
98.0817,asiya,MenuSelection,Menu Selection,991,367,0.00,0.00,None,N/A,
98.0916,asiya,MenuSelection,Menu Selection,991,369,200.88,20176.68,None,N/A,
98.1012,asiya,MenuSelection,Menu Selection,991,373,417.42,22596.31,None,N/A,
98.1114,asiya,MenuSelection,Menu Selection,991,376,293.31,-12133.61,None,N/A,
98.1218,asiya,MenuSelection,Menu Selection,989,382,613.33,31033.69,None,N/A,
98.1319,asiya,MenuSelection,Menu Selection,988,384,220.73,-38754.71,None,N/A,
98.1412,asiya,MenuSelection,Menu Selection,986,388,479.31,27714.76,None,N/A,
98.1515,asiya,MenuSelection,Menu Selection,985,390,218.06,-25477.48,None,N/A,
98.1614,asiya,MenuSelection,Menu Selection,983,393,361.91,14438.60,None,N/A,
98.1714,asiya,MenuSelection,Menu Selection,982,395,224.75,-13786.20,None,N/A,
98.1812,asiya,MenuSelection,Menu Selection,980,397,286.92,6306.79,None,N/A,
98.1909,asiya,MenuSelection,Menu Selection,979,398,145.62,-14549.52,None,N/A,
98.2019,asiya,MenuSelection,Menu Selection,977,399,204.62,5398.90,None,N/A,
98.2119,asiya,MenuSelection,Menu Selection,976,400,141.25,-6328.87,None,N/A,
98.2215,asiya,MenuSelection,Menu Selection,975,401,146.62,557.11,None,N/A,
98.2316,asiya,MenuSelection,Menu Selection,972,402,315.58,16861.22,None,N/A,
98.2412,asiya,MenuSelection,Menu Selection,971,403,145.93,-17506.03,None,N/A,
98.2518,asiya,MenuSelection,Menu Selection,968,404,299.02,14475.31,None,N/A,
98.2617,asiya,MenuSelection,Menu Selection,967,405,142.83,-15774.45,None,N/A,
98.2712,asiya,MenuSelection,Menu Selection,965,406,235.54,9765.33,None,N/A,
98.2812,asiya,MenuSelection,Menu Selection,964,407,142.02,-9391.49,None,N/A,
98.2911,asiya,MenuSelection,Menu Selection,963,408,141.99,-3.75,None,N/A,
98.3019,asiya,MenuSelection,Menu Selection,962,408,93.04,-4554.23,None,N/A,
98.3111,asiya,MenuSelection,Menu Selection,961,409,152.68,6438.82,None,N/A,
98.3215,asiya,MenuSelection,Menu Selection,960,409,96.90,-5404.86,None,N/A,
98.3316,asiya,MenuSelection,Menu Selection,960,410,98.96,203.83,None,N/A,
98.3412,asiya,MenuSelection,Menu Selection,959,410,104.04,528.62,None,N/A,
98.3512,asiya,MenuSelection,Menu Selection,959,410,0.00,-10379.09,None,N/A,
98.3617,asiya,MenuSelection,Menu Selection,959,410,0.00,0.00,None,N/A,
98.3718,asiya,MenuSelection,Menu Selection,959,410,0.00,0.00,None,N/A,
98.3811,asiya,MenuSelection,Menu Selection,959,410,0.00,0.00,None,N/A,
98.3916,asiya,MenuSelection,Menu Selection,959,410,0.00,0.00,None,N/A,
98.4010,asiya,MenuSelection,Menu Selection,959,410,0.00,0.00,None,N/A,
98.4114,asiya,MenuSelection,Menu Selection,959,410,0.00,0.00,None,N/A,
98.4210,asiya,MenuSelection,Menu Selection,959,410,0.00,0.00,None,N/A,
98.4316,asiya,MenuSelection,Menu Selection,959,410,0.00,0.00,None,N/A,
98.4411,asiya,MenuSelection,Menu Selection,959,410,0.00,0.00,None,N/A,
98.4510,asiya,MenuSelection,Menu Selection,959,409,101.41,10283.42,None,N/A,
98.4611,asiya,MenuSelection,Menu Selection,959,409,0.00,-9977.08,None,N/A,
98.4716,asiya,MenuSelection,Menu Selection,959,409,0.00,0.00,None,N/A,
98.4815,asiya,MenuSelection,Menu Selection,959,409,0.00,0.00,None,N/A,
98.4914,asiya,MenuSelection,Menu Selection,959,408,100.58,10116.91,None,N/A,
98.5018,asiya,MenuSelection,Menu Selection,960,408,96.15,-426.52,None,N/A,
98.5117,asiya,MenuSelection,Menu Selection,960,407,100.91,480.87,None,N/A,
98.5215,asiya,MenuSelection,Menu Selection,961,407,102.08,118.83,None,N/A,
98.5313,asiya,MenuSelection,Menu Selection,961,405,205.10,10565.18,None,N/A,
98.5412,asiya,MenuSelection,Menu Selection,962,405,100.94,-10513.94,None,N/A,
98.5518,asiya,MenuSelection,Menu Selection,962,404,94.55,-604.25,None,N/A,
98.5612,asiya,MenuSelection,Menu Selection,962,404,0.00,-10026.82,None,N/A,
98.5717,asiya,MenuSelection,Menu Selection,962,404,0.00,0.00,None,N/A,
98.5812,asiya,MenuSelection,Menu Selection,962,404,0.00,0.00,None,N/A,
98.5917,asiya,MenuSelection,Menu Selection,962,404,0.00,0.00,None,N/A,
98.6012,asiya,MenuSelection,Menu Selection,962,404,0.00,0.00,None,N/A,
98.6117,asiya,MenuSelection,Menu Selection,962,404,0.00,0.00,None,N/A,
98.6212,asiya,MenuSelection,Menu Selection,962,404,0.00,0.00,None,N/A,
98.6319,asiya,MenuSelection,Menu Selection,962,404,0.00,0.00,None,N/A,
98.6414,asiya,MenuSelection,Menu Selection,962,404,0.00,0.00,None,N/A,
98.6518,asiya,MenuSelection,Menu Selection,962,404,0.00,0.00,None,N/A,
98.6612,asiya,MenuSelection,Menu Selection,962,404,0.00,0.00,None,N/A,
98.6717,asiya,MenuSelection,Menu Selection,962,404,0.00,0.00,None,N/A,
98.6812,asiya,MenuSelection,Menu Selection,962,404,0.00,0.00,None,N/A,
98.6909,asiya,MenuSelection,Menu Selection,962,404,0.00,0.00,Left,N/A,
98.7016,asiya,MenuSelection,Menu Selection,962,404,0.00,0.00,Left,N/A,
98.7110,asiya,MenuSelection,Menu Selection,962,404,0.00,0.00,Left,N/A,
98.7215,asiya,MenuSelection,Menu Selection,962,404,0.00,0.00,Left,N/A,
98.7311,asiya,MenuSelection,Menu Selection,962,404,0.00,0.00,Left,N/A,
98.7417,asiya,MenuSelection,Menu Selection,962,404,0.00,0.00,Left,N/A,
98.7511,asiya,MenuSelection,Menu Selection,962,404,0.00,0.00,Left,N/A,
98.7616,asiya,MenuSelection,Menu Selection,962,404,0.00,0.00,Left,N/A,
98.7711,asiya,MenuSelection,Menu Selection,962,404,0.00,0.00,Left,N/A,
98.7817,asiya,MenuSelection,Menu Selection,962,404,0.00,0.00,Left,N/A,
98.7911,asiya,MenuSelection,Menu Selection,962,404,0.00,0.00,Left,N/A,
98.8019,asiya,MenuSelection,Menu Selection,962,404,0.00,0.00,Left,N/A,
98.8115,asiya,MenuSelection,Menu Selection,962,404,0.00,0.00,Left,N/A,
98.8210,asiya,MenuSelection,Menu Selection,962,404,0.00,0.00,Left,N/A,
98.8315,asiya,MenuSelection,Menu Selection,962,404,0.00,0.00,Left,N/A,
98.8419,asiya,MenuSelection,Menu Selection,962,404,0.00,0.00,Left,N/A,
98.8514,asiya,MenuSelection,Menu Selection,962,404,0.00,0.00,Left,N/A,
98.8617,asiya,MenuSelection,Menu Selection,962,404,0.00,0.00,Left,N/A,
98.8712,asiya,MenuSelection,Menu Selection,962,404,0.00,0.00,Left,N/A,
98.8816,asiya,MenuSelection,Menu Selection,962,404,0.00,0.00,Left,N/A,
98.8911,asiya,MenuSelection,Menu Selection,962,404,0.00,0.00,Left,N/A,
98.9016,asiya,MenuSelection,Menu Selection,962,404,0.00,0.00,Left,N/A,
98.9120,asiya,MenuSelection,Menu Selection,962,404,0.00,0.00,Left,N/A,
98.9215,asiya,MenuSelection,Menu Selection,962,404,0.00,0.00,Left,N/A,
98.9310,asiya,MenuSelection,Menu Selection,974,404,1263.15,132963.24,Left,N/A,
98.9419,asiya,MenuSelection,Menu Selection,982,405,735.22,-48143.90,Left,N/A,
98.9516,asiya,MenuSelection,Menu Selection,996,406,1453.11,74323.41,Left,N/A,
98.9612,asiya,MenuSelection,Menu Selection,1000,407,428.21,-106441.77,Left,N/A,
98.9712,asiya,MenuSelection,Menu Selection,1008,409,827.88,40125.08,Left,N/A,
98.9812,asiya,MenuSelection,Menu Selection,1011,410,316.44,-51178.15,Left,N/A,
98.9910,asiya,MenuSelection,Menu Selection,1016,411,516.17,20218.08,Left,N/A,
99.0011,asiya,MenuSelection,Menu Selection,1018,412,223.25,-29244.75,Left,N/A,
99.0116,asiya,MenuSelection,Menu Selection,1022,413,390.38,15824.86,Left,N/A,
99.0211,asiya,MenuSelection,Menu Selection,1023,414,149.56,-25468.07,Left,N/A,
99.0313,asiya,MenuSelection,Menu Selection,1025,415,218.98,6798.66,Left,N/A,
99.0419,asiya,MenuSelection,Menu Selection,1028,416,297.93,7438.08,Left,N/A,
99.0516,asiya,MenuSelection,Menu Selection,1030,417,230.56,-6946.87,Left,N/A,
99.0613,asiya,MenuSelection,Menu Selection,1033,418,325.66,9794.41,Left,N/A,
99.0712,asiya,MenuSelection,Menu Selection,1035,418,203.25,-12440.23,Left,N/A,
99.0809,asiya,MenuSelection,Menu Selection,1038,420,370.82,17234.38,Left,N/A,
99.0910,asiya,MenuSelection,Menu Selection,1040,421,221.21,-14800.55,Left,N/A,
99.1010,asiya,MenuSelection,Menu Selection,1043,423,360.84,13973.69,Left,N/A,
99.1114,asiya,MenuSelection,Menu Selection,1045,424,215.15,-14017.99,Left,N/A,
99.1213,asiya,MenuSelection,Menu Selection,1047,426,284.79,7012.32,Left,N/A,
99.1319,asiya,MenuSelection,Menu Selection,1048,427,133.02,-14275.51,Left,N/A,
99.1419,asiya,MenuSelection,Menu Selection,1050,429,284.19,15189.48,Left,N/A,
99.1519,asiya,MenuSelection,Menu Selection,1050,429,0.00,-28358.31,Left,N/A,
99.1620,asiya,MenuSelection,Menu Selection,1051,430,140.78,14013.57,Left,N/A,
99.1710,asiya,MenuSelection,Menu Selection,1052,432,247.17,11760.98,Left,N/A,
99.1813,asiya,MenuSelection,Menu Selection,1053,433,137.55,-10662.28,Left,N/A,
99.1919,asiya,MenuSelection,Menu Selection,1053,435,188.73,4829.57,Left,N/A,
99.2017,asiya,MenuSelection,Menu Selection,1054,436,143.66,-4578.33,Left,N/A,
99.2111,asiya,MenuSelection,Menu Selection,1054,438,212.49,7312.79,Left,N/A,
99.2212,asiya,MenuSelection,Menu Selection,1055,439,140.23,-7164.73,Left,N/A,
99.2311,asiya,MenuSelection,Menu Selection,1055,441,203.16,6392.39,Left,N/A,
99.2417,asiya,MenuSelection,Menu Selection,1056,442,132.82,-6606.58,Left,N/A,
99.2516,asiya,MenuSelection,Menu Selection,1056,444,203.01,7124.97,Left,N/A,
99.2614,asiya,MenuSelection,Menu Selection,1057,445,143.49,-6038.86,Left,N/A,
99.2714,asiya,MenuSelection,Menu Selection,1057,446,100.69,-4310.06,Left,N/A,
99.2811,asiya,MenuSelection,Menu Selection,1057,448,204.61,10631.66,Left,N/A,
99.2919,asiya,MenuSelection,Menu Selection,1057,449,93.13,-10382.15,Left,N/A,
99.3014,asiya,MenuSelection,Menu Selection,1057,451,209.06,12117.60,Left,N/A,
99.3116,asiya,MenuSelection,Menu Selection,1057,452,98.13,-10885.21,Left,N/A,
99.3211,asiya,MenuSelection,Menu Selection,1057,454,211.84,12045.02,Left,N/A,
99.3310,asiya,MenuSelection,Menu Selection,1057,456,201.13,-1077.30,Left,N/A,
99.3412,asiya,MenuSelection,Menu Selection,1057,459,295.12,9245.56,Left,N/A,
99.3519,asiya,MenuSelection,Menu Selection,1057,461,185.75,-10157.36,Left,N/A,
99.3616,asiya,MenuSelection,Menu Selection,1057,465,413.28,23508.54,Left,N/A,
99.3714,asiya,MenuSelection,Menu Selection,1057,467,204.07,-21347.02,Left,N/A,
99.3814,asiya,MenuSelection,Menu Selection,1057,468,100.26,-10407.76,Left,N/A,
99.3912,asiya,MenuSelection,Menu Selection,1057,472,407.15,31238.34,Left,N/A,
99.4018,asiya,MenuSelection,Menu Selection,1057,473,94.36,-29514.39,Left,N/A,
99.4118,asiya,MenuSelection,Menu Selection,1057,475,201.14,10738.78,Left,N/A,
99.4214,asiya,MenuSelection,Menu Selection,1057,476,103.87,-10103.09,Left,N/A,
99.4309,asiya,MenuSelection,Menu Selection,1057,478,209.10,11002.27,Left,N/A,
99.4414,asiya,MenuSelection,Menu Selection,1057,479,96.11,-10859.87,Left,N/A,
99.4515,asiya,MenuSelection,Menu Selection,1057,480,98.58,242.71,Left,N/A,
99.4617,asiya,MenuSelection,Menu Selection,1057,480,0.00,-9664.05,Left,N/A,
99.4715,asiya,MenuSelection,Menu Selection,1057,480,0.00,0.00,Left,N/A,
99.4816,asiya,MenuSelection,Menu Selection,1057,480,0.00,0.00,Left,N/A,
99.4911,asiya,MenuSelection,Menu Selection,1057,480,0.00,0.00,Left,N/A,
99.5015,asiya,MenuSelection,Menu Selection,1057,480,0.00,0.00,Left,N/A,
99.5110,asiya,MenuSelection,Menu Selection,1057,480,0.00,0.00,Left,N/A,
99.5214,asiya,MenuSelection,Menu Selection,1057,480,0.00,0.00,Left,N/A,
99.5319,asiya,MenuSelection,Menu Selection,1057,480,0.00,0.00,Left,N/A,
99.5415,asiya,MenuSelection,Menu Selection,1057,480,0.00,0.00,Left,N/A,
99.5510,asiya,MenuSelection,Menu Selection,1057,480,0.00,0.00,Left,N/A,
99.5618,asiya,MenuSelection,Menu Selection,1057,480,0.00,0.00,Left,N/A,
99.5713,asiya,MenuSelection,Menu Selection,1057,480,0.00,0.00,Left,N/A,
99.5814,asiya,MenuSelection,Menu Selection,1057,480,0.00,0.00,Left,N/A,
99.5919,asiya,MenuSelection,Menu Selection,1057,480,0.00,0.00,Left,N/A,
99.6016,asiya,MenuSelection,Menu Selection,1057,480,0.00,0.00,Left,N/A,
99.6116,asiya,MenuSelection,Menu Selection,1057,480,0.00,0.00,Left,N/A,
99.6213,asiya,MenuSelection,Menu Selection,1057,479,104.04,10823.43,Left,N/A,
99.6311,asiya,MenuSelection,Menu Selection,1058,478,144.35,4115.41,Left,N/A,
99.6411,asiya,MenuSelection,Menu Selection,1058,477,99.19,-4479.60,Left,N/A,
99.6516,asiya,MenuSelection,Menu Selection,1059,475,212.87,10822.21,Left,N/A,
99.6615,asiya,MenuSelection,Menu Selection,1059,473,203.11,-991.55,Left,N/A,
99.6713,asiya,MenuSelection,Menu Selection,1060,469,421.50,22325.21,Left,N/A,
99.6810,asiya,MenuSelection,Menu Selection,1060,467,204.89,-22190.17,Left,N/A,
99.6910,asiya,MenuSelection,Menu Selection,1060,464,301.15,9663.28,Left,N/A,
99.7017,asiya,MenuSelection,Menu Selection,1060,463,93.49,-19413.49,Left,N/A,
99.7115,asiya,MenuSelection,Menu Selection,1060,460,305.80,21642.63,Left,N/A,
99.7210,asiya,MenuSelection,Menu Selection,1060,459,105.29,-21112.54,Left,N/A,
99.7310,asiya,MenuSelection,Menu Selection,1060,458,99.98,-531.71,Left,N/A,
99.7411,asiya,MenuSelection,Menu Selection,1060,457,98.89,-107.00,Left,N/A,
99.7516,asiya,MenuSelection,Menu Selection,1060,456,95.46,-328.07,Left,N/A,
99.7615,asiya,MenuSelection,Menu Selection,1060,455,100.37,492.93,Left,N/A,
99.7719,asiya,MenuSelection,Menu Selection,1060,455,0.00,-9659.63,Left,N/A,
99.7811,asiya,MenuSelection,Menu Selection,1060,455,0.00,0.00,Left,N/A,
99.7917,asiya,MenuSelection,Menu Selection,1060,454,94.23,8878.63,Left,N/A,
99.8017,asiya,MenuSelection,Menu Selection,1061,454,100.10,587.72,Left,N/A,
99.8113,asiya,MenuSelection,Menu Selection,1061,453,104.91,505.13,Left,N/A,
99.8217,asiya,MenuSelection,Menu Selection,1061,453,0.00,-10068.77,Left,N/A,
99.8311,asiya,MenuSelection,Menu Selection,1061,453,0.00,0.00,Left,N/A,
99.8416,asiya,MenuSelection,Menu Selection,1061,452,95.27,9076.97,Left,N/A,
99.8518,asiya,MenuSelection,Menu Selection,1061,452,0.00,-9366.97,Left,N/A,
99.8613,asiya,MenuSelection,Menu Selection,1061,452,0.00,0.00,Left,N/A,
99.8718,asiya,MenuSelection,Menu Selection,1061,452,0.00,0.00,Left,N/A,
99.8814,asiya,MenuSelection,Menu Selection,1061,452,0.00,0.00,Left,N/A,
99.8911,asiya,MenuSelection,Menu Selection,1061,452,0.00,0.00,Left,N/A,
99.9015,asiya,MenuSelection,Menu Selection,1061,452,0.00,0.00,Left,N/A,
99.9110,asiya,MenuSelection,Menu Selection,1061,452,0.00,0.00,Left,N/A,
99.9215,asiya,MenuSelection,Menu Selection,1061,452,0.00,0.00,Left,N/A,
99.9311,asiya,MenuSelection,Menu Selection,1061,452,0.00,0.00,Left,N/A,
99.9416,asiya,MenuSelection,Menu Selection,1061,452,0.00,0.00,Left,N/A,
99.9510,asiya,MenuSelection,Menu Selection,1061,452,0.00,0.00,Left,N/A,
99.9613,asiya,MenuSelection,Menu Selection,1061,451,97.75,9554.83,Left,N/A,
99.9661,asiya,MenuSelection,Menu Selection,1061,451,97.75,0.00,None,N/A,menu_item_selected_correct
99.9714,asiya,MenuSelection,Menu Selection,1061,451,0.00,-9641.34,None,N/A,
99.9812,asiya,MenuSelection,Menu Selection,1061,451,0.00,0.00,None,N/A,
99.9917,asiya,MenuSelection,Menu Selection,1061,451,0.00,0.00,None,N/A,
100.0011,asiya,MenuSelection,Menu Selection,1061,451,0.00,0.00,None,N/A,
100.0118,asiya,MenuSelection,Menu Selection,1061,451,0.00,0.00,None,N/A,
100.0213,asiya,MenuSelection,Menu Selection,1061,451,0.00,0.00,None,N/A,
100.0319,asiya,MenuSelection,Menu Selection,1061,451,0.00,0.00,None,N/A,
100.0414,asiya,MenuSelection,Menu Selection,1061,451,0.00,0.00,None,N/A,
100.0512,asiya,MenuSelection,Menu Selection,1061,451,0.00,0.00,None,N/A,
100.0616,asiya,MenuSelection,Menu Selection,1061,451,0.00,0.00,None,N/A,
100.0711,asiya,MenuSelection,Menu Selection,1061,451,0.00,0.00,None,N/A,
100.0817,asiya,MenuSelection,Menu Selection,1061,451,0.00,0.00,None,N/A,
100.0912,asiya,MenuSelection,Menu Selection,1061,451,0.00,0.00,None,N/A,
100.1020,asiya,MenuSelection,Menu Selection,1061,451,0.00,0.00,None,N/A,
100.1118,asiya,MenuSelection,Menu Selection,1061,451,0.00,0.00,None,N/A,
100.1213,asiya,MenuSelection,Menu Selection,1061,451,0.00,0.00,None,N/A,
100.1319,asiya,MenuSelection,Menu Selection,1061,451,0.00,0.00,None,N/A,
100.1412,asiya,MenuSelection,Menu Selection,1061,451,0.00,0.00,Left,N/A,
100.1516,asiya,MenuSelection,Menu Selection,1061,451,0.00,0.00,Left,N/A,
100.1610,asiya,MenuSelection,Menu Selection,1061,451,0.00,0.00,Left,N/A,
100.1717,asiya,MenuSelection,Menu Selection,1061,451,0.00,0.00,Left,N/A,
100.1813,asiya,MenuSelection,Menu Selection,1061,451,0.00,0.00,Left,N/A,
100.1919,asiya,MenuSelection,Menu Selection,1061,451,0.00,0.00,Left,N/A,
100.2019,asiya,MenuSelection,Menu Selection,1061,451,0.00,0.00,Left,N/A,
100.2118,asiya,MenuSelection,Menu Selection,1061,451,0.00,0.00,Left,N/A,
100.2214,asiya,MenuSelection,Menu Selection,1061,451,0.00,0.00,Left,N/A,
100.2322,asiya,MenuSelection,Menu Selection,1061,451,0.00,0.00,Left,N/A,
100.2420,asiya,MenuSelection,Menu Selection,1061,451,0.00,0.00,Left,N/A,
100.2521,asiya,MenuSelection,Menu Selection,1061,451,0.00,0.00,Left,N/A,
100.2621,asiya,MenuSelection,Menu Selection,1061,451,0.00,0.00,Left,N/A,
100.2717,asiya,MenuSelection,Menu Selection,1061,451,0.00,0.00,Left,N/A,
100.2812,asiya,MenuSelection,Menu Selection,1061,451,0.00,0.00,Left,N/A,
100.2917,asiya,MenuSelection,Menu Selection,1061,451,0.00,0.00,Left,N/A,
100.3012,asiya,MenuSelection,Menu Selection,1061,451,0.00,0.00,Left,N/A,
100.3118,asiya,MenuSelection,Menu Selection,1061,451,0.00,0.00,Left,N/A,
100.3216,asiya,MenuSelection,Menu Selection,1061,451,0.00,0.00,None,N/A,
100.3315,asiya,MenuSelection,Menu Selection,1061,451,0.00,0.00,None,N/A,
100.3412,asiya,MenuSelection,Menu Selection,1061,451,0.00,0.00,None,N/A,
100.3519,asiya,MenuSelection,Menu Selection,1061,451,0.00,0.00,None,N/A,
100.3615,asiya,MenuSelection,Menu Selection,1061,451,0.00,0.00,None,N/A,
100.3710,asiya,MenuSelection,Menu Selection,1061,451,0.00,0.00,None,N/A,
100.3815,asiya,MenuSelection,Menu Selection,1061,451,0.00,0.00,None,N/A,
100.3911,asiya,MenuSelection,Menu Selection,1061,451,0.00,0.00,None,N/A,
100.4020,asiya,MenuSelection,Menu Selection,1061,451,0.00,0.00,None,N/A,
100.4116,asiya,MenuSelection,Menu Selection,1061,451,0.00,0.00,None,N/A,
100.4212,asiya,MenuSelection,Menu Selection,1061,451,0.00,0.00,None,N/A,
100.4319,asiya,MenuSelection,Menu Selection,1061,451,0.00,0.00,None,N/A,
100.4414,asiya,MenuSelection,Menu Selection,1061,451,0.00,0.00,None,N/A,
100.4519,asiya,MenuSelection,Menu Selection,1061,451,0.00,0.00,None,N/A,
100.4612,asiya,MenuSelection,Menu Selection,1061,451,0.00,0.00,None,N/A,
100.4717,asiya,MenuSelection,Menu Selection,1061,451,0.00,0.00,None,N/A,
100.4813,asiya,MenuSelection,Menu Selection,1061,451,0.00,0.00,None,N/A,
100.4917,asiya,MenuSelection,Menu Selection,1061,451,0.00,0.00,None,N/A,
100.5012,asiya,MenuSelection,Menu Selection,1061,451,0.00,0.00,None,N/A,
100.5116,asiya,MenuSelection,Menu Selection,1061,451,0.00,0.00,None,N/A,
100.5214,asiya,MenuSelection,Menu Selection,1045,439,2026.18,205271.26,None,N/A,
100.5311,asiya,MenuSelection,Menu Selection,1038,435,833.10,-123285.48,None,N/A,
100.5411,asiya,MenuSelection,Menu Selection,1034,432,499.60,-33323.55,None,N/A,
100.5516,asiya,MenuSelection,Menu Selection,1028,428,687.77,17947.94,None,N/A,
100.5610,asiya,MenuSelection,Menu Selection,1026,427,237.07,-47784.13,None,N/A,
100.5712,asiya,MenuSelection,Menu Selection,1023,425,354.07,11489.79,None,N/A,
100.5813,asiya,MenuSelection,Menu Selection,1022,424,141.04,-21245.68,None,N/A,
100.5910,asiya,MenuSelection,Menu Selection,1019,422,370.89,23644.47,None,N/A,
100.6016,asiya,MenuSelection,Menu Selection,1017,421,209.60,-15118.83,None,N/A,
100.6115,asiya,MenuSelection,Menu Selection,1013,417,571.86,36621.35,None,N/A,
100.6210,asiya,MenuSelection,Menu Selection,1011,415,298.15,-28852.50,None,N/A,
100.6311,asiya,MenuSelection,Menu Selection,1007,410,635.28,33448.23,None,N/A,
100.6412,asiya,MenuSelection,Menu Selection,1006,408,222.13,-41042.98,None,N/A,
100.6518,asiya,MenuSelection,Menu Selection,1003,405,400.48,16834.72,None,N/A,
100.6616,asiya,MenuSelection,Menu Selection,1002,403,228.02,-17586.47,None,N/A,
100.6714,asiya,MenuSelection,Menu Selection,1002,402,101.61,-12844.07,None,N/A,
100.6811,asiya,MenuSelection,Menu Selection,1000,401,230.63,13308.08,None,N/A,
100.6918,asiya,MenuSelection,Menu Selection,1000,400,93.13,-12805.98,None,N/A,
100.7014,asiya,MenuSelection,Menu Selection,999,399,147.76,5707.28,None,N/A,
100.7117,asiya,MenuSelection,Menu Selection,998,399,97.36,-4906.82,None,N/A,
100.7210,asiya,MenuSelection,Menu Selection,998,398,107.25,1060.85,None,N/A,
100.7310,asiya,MenuSelection,Menu Selection,998,398,0.00,-10732.89,None,N/A,
100.7417,asiya,MenuSelection,Menu Selection,997,397,132.81,12471.53,None,N/A,
100.7514,asiya,MenuSelection,Menu Selection,997,397,0.00,-13629.94,None,N/A,
100.7610,asiya,MenuSelection,Menu Selection,997,396,103.63,10740.15,None,N/A,
100.7714,asiya,MenuSelection,Menu Selection,997,396,0.00,-9972.37,None,N/A,
100.7818,asiya,MenuSelection,Menu Selection,997,395,96.60,9331.69,None,N/A,
100.7918,asiya,MenuSelection,Menu Selection,997,395,0.00,-9672.76,None,N/A,
100.8018,asiya,MenuSelection,Menu Selection,996,395,100.04,10007.18,None,N/A,
100.8115,asiya,MenuSelection,Menu Selection,996,393,206.08,10926.46,None,N/A,
100.8212,asiya,MenuSelection,Menu Selection,995,392,145.15,-6253.52,None,N/A,
100.8318,asiya,MenuSelection,Menu Selection,994,390,211.61,6290.11,None,N/A,
100.8414,asiya,MenuSelection,Menu Selection,994,389,103.85,-11191.31,None,N/A,
100.8509,asiya,MenuSelection,Menu Selection,993,387,235.52,13868.49,None,N/A,
100.8615,asiya,MenuSelection,Menu Selection,993,386,94.65,-13332.83,None,N/A,
100.8714,asiya,MenuSelection,Menu Selection,992,384,226.44,13346.67,None,N/A,
100.8810,asiya,MenuSelection,Menu Selection,992,383,103.76,-12729.38,None,N/A,
100.8915,asiya,MenuSelection,Menu Selection,991,382,134.16,2883.84,None,N/A,
100.9016,asiya,MenuSelection,Menu Selection,991,381,99.80,-3429.02,None,N/A,
100.9117,asiya,MenuSelection,Menu Selection,990,381,98.80,-98.48,None,N/A,
100.9214,asiya,MenuSelection,Menu Selection,990,380,103.01,433.68,None,N/A,
100.9311,asiya,MenuSelection,Menu Selection,990,379,103.29,28.30,None,N/A,
100.9411,asiya,MenuSelection,Menu Selection,990,379,0.00,-10315.73,None,N/A,
100.9515,asiya,MenuSelection,Menu Selection,990,378,95.84,9185.98,None,N/A,
100.9611,asiya,MenuSelection,Menu Selection,990,378,0.00,-9945.25,None,N/A,
100.9711,asiya,MenuSelection,Menu Selection,990,377,100.07,10013.86,None,N/A,
100.9817,asiya,MenuSelection,Menu Selection,989,376,133.66,3174.57,None,N/A,
100.9919,asiya,MenuSelection,Menu Selection,989,375,97.84,-3504.22,None,N/A,
101.0013,asiya,MenuSelection,Menu Selection,989,374,107.36,1021.14,None,N/A,
101.0113,asiya,MenuSelection,Menu Selection,989,373,99.10,-818.42,None,N/A,
101.0219,asiya,MenuSelection,Menu Selection,989,373,0.00,-9385.90,None,N/A,
101.0318,asiya,MenuSelection,Menu Selection,989,372,100.53,10106.72,None,N/A,
101.0411,asiya,MenuSelection,Menu Selection,989,372,0.00,-10832.97,None,N/A,
101.0514,asiya,MenuSelection,Menu Selection,989,372,0.00,0.00,None,N/A,
101.0614,asiya,MenuSelection,Menu Selection,988,372,99.67,9935.01,None,N/A,
101.0719,asiya,MenuSelection,Menu Selection,988,372,0.00,-9538.34,None,N/A,
101.0817,asiya,MenuSelection,Menu Selection,988,372,0.00,0.00,None,N/A,
101.0915,asiya,MenuSelection,Menu Selection,988,372,0.00,0.00,None,N/A,
101.1013,asiya,MenuSelection,Menu Selection,987,372,101.28,10257.12,None,N/A,
101.1118,asiya,MenuSelection,Menu Selection,987,372,0.00,-9702.35,None,N/A,
101.1215,asiya,MenuSelection,Menu Selection,987,372,0.00,0.00,None,N/A,
101.1313,asiya,MenuSelection,Menu Selection,987,372,0.00,0.00,None,N/A,
101.1410,asiya,MenuSelection,Menu Selection,987,372,0.00,0.00,None,N/A,
101.1518,asiya,MenuSelection,Menu Selection,987,372,0.00,0.00,None,N/A,
101.1614,asiya,MenuSelection,Menu Selection,987,372,0.00,0.00,None,N/A,
101.1710,asiya,MenuSelection,Menu Selection,987,372,0.00,0.00,None,N/A,
101.1816,asiya,MenuSelection,Menu Selection,987,372,0.00,0.00,None,N/A,
101.1914,asiya,MenuSelection,Menu Selection,987,372,0.00,0.00,None,N/A,
101.2010,asiya,MenuSelection,Menu Selection,987,372,0.00,0.00,None,N/A,
101.2114,asiya,MenuSelection,Menu Selection,987,372,0.00,0.00,None,N/A,
101.2210,asiya,MenuSelection,Menu Selection,987,372,0.00,0.00,None,N/A,
101.2316,asiya,MenuSelection,Menu Selection,987,372,0.00,0.00,None,N/A,
101.2411,asiya,MenuSelection,Menu Selection,987,372,0.00,0.00,None,N/A,
101.2515,asiya,MenuSelection,Menu Selection,987,372,0.00,0.00,None,N/A,
101.2610,asiya,MenuSelection,Menu Selection,987,372,0.00,0.00,None,N/A,
101.2714,asiya,MenuSelection,Menu Selection,987,372,0.00,0.00,None,N/A,
101.2812,asiya,MenuSelection,Menu Selection,987,372,0.00,0.00,Left,N/A,
101.2918,asiya,MenuSelection,Menu Selection,987,372,0.00,0.00,Left,N/A,
101.3013,asiya,MenuSelection,Menu Selection,987,372,0.00,0.00,Left,N/A,
101.3122,asiya,MenuSelection,Menu Selection,987,372,0.00,0.00,Left,N/A,
101.3219,asiya,MenuSelection,Menu Selection,987,372,0.00,0.00,Left,N/A,
101.3314,asiya,MenuSelection,Menu Selection,987,372,0.00,0.00,Left,N/A,
101.3423,asiya,MenuSelection,Menu Selection,987,372,0.00,0.00,Left,N/A,
101.3514,asiya,MenuSelection,Menu Selection,987,372,0.00,0.00,Left,N/A,
101.3615,asiya,MenuSelection,Menu Selection,987,372,0.00,0.00,Left,N/A,
101.3712,asiya,MenuSelection,Menu Selection,987,372,0.00,0.00,Left,N/A,
101.3818,asiya,MenuSelection,Menu Selection,987,372,0.00,0.00,Left,N/A,
101.3915,asiya,MenuSelection,Menu Selection,987,372,0.00,0.00,Left,N/A,
101.4010,asiya,MenuSelection,Menu Selection,987,372,0.00,0.00,Left,N/A,
101.4115,asiya,MenuSelection,Menu Selection,987,372,0.00,0.00,Left,N/A,
101.4210,asiya,MenuSelection,Menu Selection,987,372,0.00,0.00,Left,N/A,
101.4315,asiya,MenuSelection,Menu Selection,987,372,0.00,0.00,Left,N/A,
101.4420,asiya,MenuSelection,Menu Selection,987,372,0.00,0.00,Left,N/A,
101.4518,asiya,MenuSelection,Menu Selection,987,372,0.00,0.00,Left,N/A,
101.4684,asiya,MenuSelection,Menu Selection,987,372,0.00,0.00,None,N/A,
101.4731,asiya,MenuSelection,Menu Selection,987,372,0.00,0.00,None,N/A,
101.4816,asiya,MenuSelection,Menu Selection,987,372,0.00,0.00,None,N/A,
101.4911,asiya,MenuSelection,Menu Selection,987,372,0.00,0.00,None,N/A,
101.5018,asiya,MenuSelection,Menu Selection,987,372,0.00,0.00,None,N/A,
101.5113,asiya,MenuSelection,Menu Selection,987,372,0.00,0.00,None,N/A,
101.5218,asiya,MenuSelection,Menu Selection,987,372,0.00,0.00,None,N/A,
101.5316,asiya,MenuSelection,Menu Selection,987,372,0.00,0.00,None,N/A,
101.5410,asiya,MenuSelection,Menu Selection,987,372,0.00,0.00,None,N/A,
101.5515,asiya,MenuSelection,Menu Selection,987,372,0.00,0.00,None,N/A,
101.5620,asiya,MenuSelection,Menu Selection,987,372,0.00,0.00,None,N/A,
101.5715,asiya,MenuSelection,Menu Selection,987,372,0.00,0.00,None,N/A,
101.5811,asiya,MenuSelection,Menu Selection,987,372,0.00,0.00,None,N/A,
101.5915,asiya,MenuSelection,Menu Selection,987,372,0.00,0.00,None,N/A,
101.6013,asiya,MenuSelection,Menu Selection,987,372,0.00,0.00,None,N/A,
101.6110,asiya,MenuSelection,Menu Selection,987,372,0.00,0.00,None,N/A,
101.6218,asiya,MenuSelection,Menu Selection,987,372,0.00,0.00,None,N/A,
101.6315,asiya,MenuSelection,Menu Selection,987,372,0.00,0.00,None,N/A,
101.6411,asiya,MenuSelection,Menu Selection,987,372,0.00,0.00,None,N/A,
101.6517,asiya,MenuSelection,Menu Selection,987,372,0.00,0.00,None,N/A,
101.6613,asiya,MenuSelection,Menu Selection,987,372,0.00,0.00,None,N/A,
101.6718,asiya,MenuSelection,Menu Selection,987,372,0.00,0.00,None,N/A,
101.6815,asiya,MenuSelection,Menu Selection,987,372,0.00,0.00,None,N/A,
101.6919,asiya,MenuSelection,Menu Selection,987,372,0.00,0.00,None,N/A,
101.7013,asiya,MenuSelection,Menu Selection,987,372,0.00,0.00,None,N/A,
101.7117,asiya,MenuSelection,Menu Selection,987,372,0.00,0.00,None,N/A,
101.7212,asiya,MenuSelection,Menu Selection,987,372,0.00,0.00,None,N/A,
101.7317,asiya,MenuSelection,Menu Selection,987,372,0.00,0.00,None,N/A,
101.7412,asiya,MenuSelection,Menu Selection,987,372,0.00,0.00,None,N/A,
101.7516,asiya,MenuSelection,Menu Selection,987,372,0.00,0.00,None,N/A,
101.7611,asiya,MenuSelection,Menu Selection,987,372,0.00,0.00,None,N/A,
101.7718,asiya,MenuSelection,Menu Selection,987,372,0.00,0.00,None,N/A,
101.7815,asiya,MenuSelection,Menu Selection,987,372,0.00,0.00,None,N/A,
101.7910,asiya,MenuSelection,Menu Selection,987,372,0.00,0.00,None,N/A,
101.8017,asiya,MenuSelection,Menu Selection,987,372,0.00,0.00,None,N/A,
101.8114,asiya,MenuSelection,Menu Selection,987,372,0.00,0.00,None,N/A,
101.8219,asiya,MenuSelection,Menu Selection,987,372,0.00,0.00,None,N/A,
101.8310,asiya,MenuSelection,Menu Selection,987,372,0.00,0.00,None,N/A,
101.8415,asiya,MenuSelection,Menu Selection,987,372,0.00,0.00,None,N/A,
101.8510,asiya,MenuSelection,Menu Selection,987,372,0.00,0.00,None,N/A,
101.8615,asiya,MenuSelection,Menu Selection,987,372,0.00,0.00,None,N/A,
101.8711,asiya,MenuSelection,Menu Selection,987,372,0.00,0.00,None,N/A,
101.8817,asiya,MenuSelection,Menu Selection,987,372,0.00,0.00,None,N/A,
101.8914,asiya,MenuSelection,Menu Selection,987,372,0.00,0.00,None,N/A,
101.9019,asiya,MenuSelection,Menu Selection,987,372,0.00,0.00,None,N/A,
101.9113,asiya,MenuSelection,Menu Selection,987,372,0.00,0.00,None,N/A,
101.9217,asiya,MenuSelection,Menu Selection,987,372,0.00,0.00,None,N/A,
101.9313,asiya,MenuSelection,Menu Selection,987,372,0.00,0.00,None,N/A,
101.9418,asiya,MenuSelection,Menu Selection,987,372,0.00,0.00,None,N/A,
101.9513,asiya,MenuSelection,Menu Selection,987,372,0.00,0.00,None,N/A,
101.9617,asiya,MenuSelection,Menu Selection,987,372,0.00,0.00,None,N/A,
101.9712,asiya,MenuSelection,Menu Selection,987,372,0.00,0.00,None,N/A,
101.9817,asiya,MenuSelection,Menu Selection,987,372,0.00,0.00,None,N/A,
101.9912,asiya,MenuSelection,Menu Selection,987,372,0.00,0.00,None,N/A,
102.0020,asiya,MenuSelection,Menu Selection,987,372,0.00,0.00,None,N/A,
102.0116,asiya,MenuSelection,Menu Selection,987,372,0.00,0.00,None,N/A,
102.0211,asiya,MenuSelection,Menu Selection,987,372,0.00,0.00,None,N/A,
102.0317,asiya,MenuSelection,Menu Selection,987,372,0.00,0.00,None,N/A,
102.0413,asiya,MenuSelection,Menu Selection,987,372,0.00,0.00,None,N/A,
102.0517,asiya,MenuSelection,Menu Selection,987,372,0.00,0.00,None,N/A,
102.0613,asiya,MenuSelection,Menu Selection,987,372,0.00,0.00,None,N/A,
102.0718,asiya,MenuSelection,Menu Selection,987,372,0.00,0.00,None,N/A,
102.0817,asiya,MenuSelection,Menu Selection,987,372,0.00,0.00,None,N/A,
102.0911,asiya,MenuSelection,Menu Selection,987,372,0.00,0.00,None,N/A,
102.1016,asiya,MenuSelection,Menu Selection,987,372,0.00,0.00,None,N/A,
102.1110,asiya,MenuSelection,Menu Selection,987,372,0.00,0.00,None,N/A,
102.1216,asiya,MenuSelection,Menu Selection,987,372,0.00,0.00,None,N/A,
102.1312,asiya,MenuSelection,Menu Selection,987,372,0.00,0.00,None,N/A,
102.1410,asiya,MenuSelection,Menu Selection,987,372,0.00,0.00,None,N/A,
102.1514,asiya,MenuSelection,Menu Selection,987,372,0.00,0.00,None,N/A,
102.1618,asiya,MenuSelection,Menu Selection,987,372,0.00,0.00,None,N/A,
102.1713,asiya,MenuSelection,Menu Selection,987,372,0.00,0.00,None,N/A,
102.1818,asiya,MenuSelection,Menu Selection,987,372,0.00,0.00,None,N/A,
102.1913,asiya,MenuSelection,Menu Selection,987,372,0.00,0.00,None,N/A,
102.2018,asiya,MenuSelection,Menu Selection,987,372,0.00,0.00,None,N/A,
102.2112,asiya,MenuSelection,Menu Selection,987,372,0.00,0.00,None,N/A,
102.2217,asiya,MenuSelection,Menu Selection,987,372,0.00,0.00,None,N/A,
102.2313,asiya,MenuSelection,Menu Selection,987,372,0.00,0.00,None,N/A,
102.2418,asiya,MenuSelection,Menu Selection,987,372,0.00,0.00,None,N/A,
102.2518,asiya,MenuSelection,Menu Selection,987,372,0.00,0.00,None,N/A,
102.2620,asiya,MenuSelection,Menu Selection,987,372,0.00,0.00,None,N/A,
102.2717,asiya,MenuSelection,Menu Selection,987,372,0.00,0.00,None,N/A,
102.2817,asiya,MenuSelection,Menu Selection,987,372,0.00,0.00,None,N/A,
102.2913,asiya,MenuSelection,Menu Selection,987,372,0.00,0.00,None,N/A,
102.3019,asiya,MenuSelection,Menu Selection,987,372,0.00,0.00,None,N/A,
102.3119,asiya,MenuSelection,Menu Selection,987,372,0.00,0.00,None,N/A,
102.3215,asiya,MenuSelection,Menu Selection,987,372,0.00,0.00,None,N/A,
102.3317,asiya,MenuSelection,Menu Selection,987,372,0.00,0.00,None,N/A,
102.3417,asiya,MenuSelection,Menu Selection,987,372,0.00,0.00,None,N/A,
102.3513,asiya,MenuSelection,Menu Selection,987,372,0.00,0.00,None,N/A,
102.3610,asiya,MenuSelection,Menu Selection,987,372,0.00,0.00,None,N/A,
102.3715,asiya,MenuSelection,Menu Selection,987,372,0.00,0.00,None,N/A,
102.3810,asiya,MenuSelection,Menu Selection,987,372,0.00,0.00,None,N/A,
102.3916,asiya,MenuSelection,Menu Selection,987,372,0.00,0.00,None,N/A,
102.4011,asiya,MenuSelection,Menu Selection,987,372,0.00,0.00,None,N/A,
102.4116,asiya,MenuSelection,Menu Selection,987,372,0.00,0.00,None,N/A,
102.4212,asiya,MenuSelection,Menu Selection,987,372,0.00,0.00,None,N/A,
102.4318,asiya,MenuSelection,Menu Selection,987,372,0.00,0.00,None,N/A,
102.4413,asiya,MenuSelection,Menu Selection,987,372,0.00,0.00,None,N/A,
102.4518,asiya,MenuSelection,Menu Selection,987,372,0.00,0.00,None,N/A,
102.4614,asiya,MenuSelection,Menu Selection,987,372,0.00,0.00,None,N/A,
102.4710,asiya,MenuSelection,Menu Selection,987,372,0.00,0.00,None,N/A,
102.4817,asiya,MenuSelection,Menu Selection,987,372,0.00,0.00,None,N/A,
102.4912,asiya,MenuSelection,Menu Selection,987,372,0.00,0.00,None,N/A,
102.5020,asiya,MenuSelection,Menu Selection,987,372,0.00,0.00,None,N/A,
102.5117,asiya,MenuSelection,Menu Selection,987,372,0.00,0.00,None,N/A,
102.5212,asiya,MenuSelection,Menu Selection,987,372,0.00,0.00,None,N/A,
102.5317,asiya,MenuSelection,Menu Selection,987,372,0.00,0.00,None,N/A,
102.5412,asiya,MenuSelection,Menu Selection,987,372,0.00,0.00,None,N/A,
102.5517,asiya,MenuSelection,Menu Selection,987,372,0.00,0.00,None,N/A,
102.5612,asiya,MenuSelection,Menu Selection,987,372,0.00,0.00,None,N/A,
102.5719,asiya,MenuSelection,Menu Selection,987,372,0.00,0.00,None,N/A,
102.5814,asiya,MenuSelection,Menu Selection,987,372,0.00,0.00,None,N/A,
102.5919,asiya,MenuSelection,Menu Selection,987,372,0.00,0.00,None,N/A,
102.6013,asiya,MenuSelection,Menu Selection,987,372,0.00,0.00,None,N/A,
102.6116,asiya,MenuSelection,Menu Selection,987,372,0.00,0.00,None,N/A,
102.6211,asiya,MenuSelection,Menu Selection,987,372,0.00,0.00,None,N/A,
102.6317,asiya,MenuSelection,Menu Selection,987,372,0.00,0.00,None,N/A,
102.6412,asiya,MenuSelection,Menu Selection,987,372,0.00,0.00,None,N/A,
102.6517,asiya,MenuSelection,Menu Selection,987,372,0.00,0.00,None,N/A,
102.6613,asiya,MenuSelection,Menu Selection,987,372,0.00,0.00,None,N/A,
102.6718,asiya,MenuSelection,Menu Selection,987,372,0.00,0.00,None,N/A,
102.6815,asiya,MenuSelection,Menu Selection,987,372,0.00,0.00,None,N/A,
102.6919,asiya,MenuSelection,Menu Selection,987,372,0.00,0.00,None,N/A,
102.7012,asiya,MenuSelection,Menu Selection,987,372,0.00,0.00,None,N/A,
102.7116,asiya,MenuSelection,Menu Selection,987,372,0.00,0.00,None,N/A,
102.7211,asiya,MenuSelection,Menu Selection,987,372,0.00,0.00,None,N/A,
102.7316,asiya,MenuSelection,Menu Selection,987,372,0.00,0.00,None,N/A,
102.7411,asiya,MenuSelection,Menu Selection,987,372,0.00,0.00,None,N/A,
102.7516,asiya,MenuSelection,Menu Selection,987,372,0.00,0.00,None,N/A,
102.7611,asiya,MenuSelection,Menu Selection,987,372,0.00,0.00,None,N/A,
102.7716,asiya,MenuSelection,Menu Selection,987,372,0.00,0.00,None,N/A,
102.7813,asiya,MenuSelection,Menu Selection,987,372,0.00,0.00,None,N/A,
102.7917,asiya,MenuSelection,Menu Selection,987,372,0.00,0.00,None,N/A,
102.8012,asiya,MenuSelection,Menu Selection,987,372,0.00,0.00,None,N/A,
102.8116,asiya,MenuSelection,Menu Selection,987,372,0.00,0.00,None,N/A,
102.8217,asiya,MenuSelection,Menu Selection,986,375,313.66,31111.90,None,N/A,
102.8314,asiya,MenuSelection,Menu Selection,985,376,145.51,-17301.42,None,N/A,
102.8413,asiya,MenuSelection,Menu Selection,983,379,364.50,22138.93,None,N/A,
102.8510,asiya,MenuSelection,Menu Selection,982,380,146.35,-22575.28,None,N/A,
102.8618,asiya,MenuSelection,Menu Selection,981,382,206.79,5590.14,None,N/A,
102.8715,asiya,MenuSelection,Menu Selection,980,383,145.19,-6324.33,None,N/A,
102.8811,asiya,MenuSelection,Menu Selection,979,384,148.07,300.53,None,N/A,
102.8916,asiya,MenuSelection,Menu Selection,978,385,134.45,-1294.45,None,N/A,
102.9010,asiya,MenuSelection,Menu Selection,978,386,105.76,-3033.85,None,N/A,
102.9118,asiya,MenuSelection,Menu Selection,976,387,207.34,9418.40,None,N/A,
102.9213,asiya,MenuSelection,Menu Selection,976,388,105.36,-10744.47,None,N/A,
102.9318,asiya,MenuSelection,Menu Selection,973,391,406.21,28805.52,None,N/A,
102.9417,asiya,MenuSelection,Menu Selection,972,392,141.65,-26499.36,None,N/A,
102.9514,asiya,MenuSelection,Menu Selection,970,394,292.44,15590.81,None,N/A,
102.9617,asiya,MenuSelection,Menu Selection,970,394,0.00,-28465.98,None,N/A,
102.9710,asiya,MenuSelection,Menu Selection,968,396,303.84,32640.45,None,N/A,
102.9812,asiya,MenuSelection,Menu Selection,968,396,0.00,-29905.29,None,N/A,
102.9919,asiya,MenuSelection,Menu Selection,967,397,131.85,12293.08,None,N/A,
103.0016,asiya,MenuSelection,Menu Selection,967,398,103.10,-2964.01,None,N/A,
103.0114,asiya,MenuSelection,Menu Selection,966,398,101.55,-157.44,None,N/A,
103.0212,asiya,MenuSelection,Menu Selection,966,399,102.40,86.06,None,N/A,
103.0311,asiya,MenuSelection,Menu Selection,965,399,101.42,-98.94,None,N/A,
103.0419,asiya,MenuSelection,Menu Selection,965,400,92.40,-833.59,None,N/A,
103.0518,asiya,MenuSelection,Menu Selection,965,400,0.00,-9278.72,None,N/A,
103.0612,asiya,MenuSelection,Menu Selection,964,401,150.27,15967.41,None,N/A,
103.0714,asiya,MenuSelection,Menu Selection,964,401,0.00,-14842.73,None,N/A,
103.0811,asiya,MenuSelection,Menu Selection,963,402,145.48,14966.17,None,N/A,
103.0911,asiya,MenuSelection,Menu Selection,963,402,0.00,-14599.50,None,N/A,
103.1016,asiya,MenuSelection,Menu Selection,963,403,94.84,8994.24,None,N/A,
103.1115,asiya,MenuSelection,Menu Selection,963,403,0.00,-9556.72,None,N/A,
103.1213,asiya,MenuSelection,Menu Selection,963,403,0.00,0.00,None,N/A,
103.1319,asiya,MenuSelection,Menu Selection,963,403,0.00,0.00,None,N/A,
103.1475,asiya,MenuSelection,Menu Selection,962,403,64.25,4128.06,None,N/A,
103.1510,asiya,MenuSelection,Menu Selection,962,403,0.00,-18344.73,None,N/A,
103.1611,asiya,MenuSelection,Menu Selection,962,403,0.00,0.00,None,N/A,
103.1715,asiya,MenuSelection,Menu Selection,962,403,0.00,0.00,None,N/A,
103.1810,asiya,MenuSelection,Menu Selection,962,403,0.00,0.00,None,N/A,
103.1915,asiya,MenuSelection,Menu Selection,962,403,0.00,0.00,None,N/A,
103.2019,asiya,MenuSelection,Menu Selection,962,403,0.00,0.00,None,N/A,
103.2117,asiya,MenuSelection,Menu Selection,962,403,0.00,0.00,None,N/A,
103.2214,asiya,MenuSelection,Menu Selection,962,403,0.00,0.00,None,N/A,
103.2310,asiya,MenuSelection,Menu Selection,962,403,0.00,0.00,None,N/A,
103.2416,asiya,MenuSelection,Menu Selection,962,403,0.00,0.00,None,N/A,
103.2512,asiya,MenuSelection,Menu Selection,962,403,0.00,0.00,None,N/A,
103.2623,asiya,MenuSelection,Menu Selection,962,403,0.00,0.00,None,N/A,
103.2719,asiya,MenuSelection,Menu Selection,962,403,0.00,0.00,None,N/A,
103.2813,asiya,MenuSelection,Menu Selection,962,403,0.00,0.00,None,N/A,
103.2917,asiya,MenuSelection,Menu Selection,962,403,0.00,0.00,None,N/A,
103.3012,asiya,MenuSelection,Menu Selection,962,403,0.00,0.00,None,N/A,
103.3121,asiya,MenuSelection,Menu Selection,962,403,0.00,0.00,None,N/A,
103.3216,asiya,MenuSelection,Menu Selection,962,403,0.00,0.00,Left,N/A,
103.3310,asiya,MenuSelection,Menu Selection,962,403,0.00,0.00,Left,N/A,
103.3415,asiya,MenuSelection,Menu Selection,962,403,0.00,0.00,Left,N/A,
103.3510,asiya,MenuSelection,Menu Selection,962,403,0.00,0.00,Left,N/A,
103.3617,asiya,MenuSelection,Menu Selection,962,403,0.00,0.00,Left,N/A,
103.3712,asiya,MenuSelection,Menu Selection,962,403,0.00,0.00,Left,N/A,
103.3823,asiya,MenuSelection,Menu Selection,962,403,0.00,0.00,Left,N/A,
103.3910,asiya,MenuSelection,Menu Selection,962,403,0.00,0.00,Left,N/A,
103.4016,asiya,MenuSelection,Menu Selection,962,403,0.00,0.00,Left,N/A,
103.4112,asiya,MenuSelection,Menu Selection,962,403,0.00,0.00,Left,N/A,
103.4218,asiya,MenuSelection,Menu Selection,962,403,0.00,0.00,Left,N/A,
103.4313,asiya,MenuSelection,Menu Selection,962,403,0.00,0.00,Left,N/A,
103.4417,asiya,MenuSelection,Menu Selection,962,403,0.00,0.00,Left,N/A,
103.4515,asiya,MenuSelection,Menu Selection,962,403,0.00,0.00,Left,N/A,
103.4612,asiya,MenuSelection,Menu Selection,962,403,0.00,0.00,Left,N/A,
103.4717,asiya,MenuSelection,Menu Selection,962,403,0.00,0.00,Left,N/A,
103.4813,asiya,MenuSelection,Menu Selection,962,403,0.00,0.00,Left,N/A,
103.4917,asiya,MenuSelection,Menu Selection,962,403,0.00,0.00,Left,N/A,
103.5011,asiya,MenuSelection,Menu Selection,962,403,0.00,0.00,Left,N/A,
103.5115,asiya,MenuSelection,Menu Selection,962,403,0.00,0.00,Left,N/A,
103.5210,asiya,MenuSelection,Menu Selection,962,403,0.00,0.00,Left,N/A,
103.5315,asiya,MenuSelection,Menu Selection,962,403,0.00,0.00,Left,N/A,
103.5411,asiya,MenuSelection,Menu Selection,962,403,0.00,0.00,Left,N/A,
103.5517,asiya,MenuSelection,Menu Selection,965,403,283.76,26839.31,Left,N/A,
103.5611,asiya,MenuSelection,Menu Selection,973,403,854.22,60911.80,Left,N/A,
103.5710,asiya,MenuSelection,Menu Selection,978,403,500.68,-35401.59,Left,N/A,
103.5811,asiya,MenuSelection,Menu Selection,984,403,598.30,9734.61,Left,N/A,
103.5911,asiya,MenuSelection,Menu Selection,987,403,299.45,-29830.52,Left,N/A,
103.6015,asiya,MenuSelection,Menu Selection,991,403,385.11,8246.80,Left,N/A,
103.6113,asiya,MenuSelection,Menu Selection,993,403,204.23,-18470.36,Left,N/A,
103.6212,asiya,MenuSelection,Menu Selection,995,403,202.41,-183.53,Left,N/A,
103.6319,asiya,MenuSelection,Menu Selection,998,403,279.37,7166.71,Left,N/A,
103.6412,asiya,MenuSelection,Menu Selection,1000,404,239.25,-4293.09,Left,N/A,
103.6514,asiya,MenuSelection,Menu Selection,1004,404,394.05,15250.42,Left,N/A,
103.6612,asiya,MenuSelection,Menu Selection,1006,405,227.63,-16941.66,Left,N/A,
103.6710,asiya,MenuSelection,Menu Selection,1010,405,406.65,18199.42,Left,N/A,
103.6819,asiya,MenuSelection,Menu Selection,1012,406,206.52,-18483.85,Left,N/A,
103.6915,asiya,MenuSelection,Menu Selection,1016,406,417.17,21969.13,Left,N/A,
103.7013,asiya,MenuSelection,Menu Selection,1017,406,101.16,-31967.86,Left,N/A,
103.7114,asiya,MenuSelection,Menu Selection,1020,407,314.94,21290.11,Left,N/A,
103.7218,asiya,MenuSelection,Menu Selection,1021,407,96.42,-21069.73,Left,N/A,
103.7317,asiya,MenuSelection,Menu Selection,1024,407,302.34,20752.83,Left,N/A,
103.7415,asiya,MenuSelection,Menu Selection,1025,408,143.99,-16122.88,Left,N/A,
103.7514,asiya,MenuSelection,Menu Selection,1027,408,201.88,5843.49,Left,N/A,
103.7610,asiya,MenuSelection,Menu Selection,1029,409,233.74,3330.46,Left,N/A,
103.7710,asiya,MenuSelection,Menu Selection,1031,409,199.94,-3378.57,Left,N/A,
103.7816,asiya,MenuSelection,Menu Selection,1033,411,266.87,6315.05,Left,N/A,
103.7917,asiya,MenuSelection,Menu Selection,1034,411,98.68,-16597.25,Left,N/A,
103.8010,asiya,MenuSelection,Menu Selection,1036,412,239.58,15097.14,Left,N/A,
103.8115,asiya,MenuSelection,Menu Selection,1036,412,0.00,-22948.92,Left,N/A,
103.8213,asiya,MenuSelection,Menu Selection,1038,413,227.83,23212.80,Left,N/A,
103.8310,asiya,MenuSelection,Menu Selection,1038,413,0.00,-23456.67,Left,N/A,
103.8417,asiya,MenuSelection,Menu Selection,1039,414,131.88,12298.00,Left,N/A,
103.8516,asiya,MenuSelection,Menu Selection,1039,414,0.00,-13383.81,Left,N/A,
103.8616,asiya,MenuSelection,Menu Selection,1039,414,0.00,0.00,Left,N/A,
103.8710,asiya,MenuSelection,Menu Selection,1040,415,150.92,16105.84,Left,N/A,
103.8810,asiya,MenuSelection,Menu Selection,1040,415,0.00,-15001.25,Left,N/A,
103.8915,asiya,MenuSelection,Menu Selection,1041,417,214.14,20507.66,Left,N/A,
103.9016,asiya,MenuSelection,Menu Selection,1041,417,0.00,-21142.46,Left,N/A,
103.9119,asiya,MenuSelection,Menu Selection,1043,419,274.37,26615.44,Left,N/A,
103.9218,asiya,MenuSelection,Menu Selection,1043,420,101.33,-17534.41,Left,N/A,
103.9319,asiya,MenuSelection,Menu Selection,1044,421,139.53,3768.20,Left,N/A,
103.9415,asiya,MenuSelection,Menu Selection,1045,422,148.26,915.44,Left,N/A,
103.9513,asiya,MenuSelection,Menu Selection,1045,423,101.16,-4764.39,Left,N/A,
103.9614,asiya,MenuSelection,Menu Selection,1046,423,99.58,-157.37,Left,N/A,
103.9719,asiya,MenuSelection,Menu Selection,1046,424,94.71,-461.08,Left,N/A,
103.9816,asiya,MenuSelection,Menu Selection,1047,424,103.56,916.68,Left,N/A,
103.9911,asiya,MenuSelection,Menu Selection,1047,424,0.00,-10889.87,Left,N/A,
104.0015,asiya,MenuSelection,Menu Selection,1047,424,0.00,0.00,Left,N/A,
104.0120,asiya,MenuSelection,Menu Selection,1047,424,0.00,0.00,Left,N/A,
104.0144,asiya,MenuSelection,Menu Selection,1047,424,0.00,0.00,None,N/A,menu_item_selected_correct
104.0211,asiya,MenuSelection,Menu Selection,1047,424,0.00,0.00,None,N/A,
104.0311,asiya,MenuSelection,Menu Selection,1047,424,0.00,0.00,None,N/A,
104.0416,asiya,MenuSelection,Menu Selection,1047,424,0.00,0.00,None,N/A,
104.0511,asiya,MenuSelection,Menu Selection,1047,424,0.00,0.00,None,N/A,
104.0615,asiya,MenuSelection,Menu Selection,1047,424,0.00,0.00,None,N/A,
104.0711,asiya,MenuSelection,Menu Selection,1047,424,0.00,0.00,None,N/A,
104.0816,asiya,MenuSelection,Menu Selection,1047,424,0.00,0.00,None,N/A,
104.0910,asiya,MenuSelection,Menu Selection,1047,424,0.00,0.00,None,N/A,
104.1015,asiya,MenuSelection,Menu Selection,1047,424,0.00,0.00,None,N/A,
104.1119,asiya,MenuSelection,Menu Selection,1047,424,0.00,0.00,None,N/A,
104.1215,asiya,MenuSelection,Menu Selection,1047,424,0.00,0.00,None,N/A,
104.1310,asiya,MenuSelection,Menu Selection,1047,424,0.00,0.00,None,N/A,
104.1414,asiya,MenuSelection,Menu Selection,1047,424,0.00,0.00,None,N/A,
104.1519,asiya,MenuSelection,Menu Selection,1047,424,0.00,0.00,None,N/A,
104.1615,asiya,MenuSelection,Menu Selection,1047,424,0.00,0.00,None,N/A,
104.1711,asiya,MenuSelection,Menu Selection,1047,424,0.00,0.00,None,N/A,
104.1810,asiya,MenuSelection,Menu Selection,1047,424,0.00,0.00,Left,N/A,
104.1916,asiya,MenuSelection,Menu Selection,1047,424,0.00,0.00,Left,N/A,
104.2015,asiya,MenuSelection,Menu Selection,1047,424,0.00,0.00,Left,N/A,
104.2116,asiya,MenuSelection,Menu Selection,1047,424,0.00,0.00,Left,N/A,
104.2211,asiya,MenuSelection,Menu Selection,1047,424,0.00,0.00,Left,N/A,
104.2319,asiya,MenuSelection,Menu Selection,1047,424,0.00,0.00,Left,N/A,
104.2420,asiya,MenuSelection,Menu Selection,1047,424,0.00,0.00,Left,N/A,
104.2516,asiya,MenuSelection,Menu Selection,1047,424,0.00,0.00,Left,N/A,
104.2609,asiya,MenuSelection,Menu Selection,1047,424,0.00,0.00,Left,N/A,
104.2715,asiya,MenuSelection,Menu Selection,1047,424,0.00,0.00,Left,N/A,
104.2810,asiya,MenuSelection,Menu Selection,1047,424,0.00,0.00,Left,N/A,
104.2915,asiya,MenuSelection,Menu Selection,1047,424,0.00,0.00,Left,N/A,
104.3010,asiya,MenuSelection,Menu Selection,1047,424,0.00,0.00,Left,N/A,
104.3115,asiya,MenuSelection,Menu Selection,1047,424,0.00,0.00,Left,N/A,
104.3211,asiya,MenuSelection,Menu Selection,1047,424,0.00,0.00,Left,N/A,
104.3318,asiya,MenuSelection,Menu Selection,1047,424,0.00,0.00,Left,N/A,
104.3419,asiya,MenuSelection,Menu Selection,1047,424,0.00,0.00,Left,N/A,
104.3519,asiya,MenuSelection,Menu Selection,1047,424,0.00,0.00,Left,N/A,
104.3613,asiya,MenuSelection,Menu Selection,1047,424,0.00,0.00,None,N/A,
104.3717,asiya,MenuSelection,Menu Selection,1047,424,0.00,0.00,None,N/A,
104.3818,asiya,MenuSelection,Menu Selection,1047,424,0.00,0.00,None,N/A,
104.3918,asiya,MenuSelection,Menu Selection,1047,424,0.00,0.00,None,N/A,
104.4018,asiya,MenuSelection,Menu Selection,1047,424,0.00,0.00,None,N/A,
104.4124,asiya,MenuSelection,Menu Selection,1047,424,0.00,0.00,None,N/A,
104.4219,asiya,MenuSelection,Menu Selection,1047,424,0.00,0.00,None,N/A,
104.4313,asiya,MenuSelection,Menu Selection,1047,424,0.00,0.00,None,N/A,
104.4417,asiya,MenuSelection,Menu Selection,1047,424,0.00,0.00,None,N/A,
104.4511,asiya,MenuSelection,Menu Selection,1047,424,0.00,0.00,None,N/A,
104.4616,asiya,MenuSelection,Menu Selection,1047,424,0.00,0.00,None,N/A,
104.4711,asiya,MenuSelection,Menu Selection,1047,424,0.00,0.00,None,N/A,
104.4819,asiya,MenuSelection,Menu Selection,1047,424,0.00,0.00,None,N/A,
104.4913,asiya,MenuSelection,Menu Selection,1047,424,0.00,0.00,None,N/A,
104.5017,asiya,MenuSelection,Menu Selection,1047,424,0.00,0.00,None,N/A,
104.5112,asiya,MenuSelection,Menu Selection,1047,424,0.00,0.00,None,N/A,
104.5217,asiya,MenuSelection,Menu Selection,1047,424,0.00,0.00,None,N/A,
104.5314,asiya,MenuSelection,Menu Selection,1047,424,0.00,0.00,None,N/A,
104.5413,asiya,MenuSelection,Menu Selection,1041,421,676.76,68274.98,None,N/A,
104.5516,asiya,MenuSelection,Menu Selection,1027,413,1567.10,86529.20,None,N/A,
104.5616,asiya,MenuSelection,Menu Selection,1022,410,583.36,-98418.18,None,N/A,
104.5714,asiya,MenuSelection,Menu Selection,1018,408,457.80,-12853.12,None,N/A,
104.5810,asiya,MenuSelection,Menu Selection,1010,404,928.08,48797.84,None,N/A,
104.5919,asiya,MenuSelection,Menu Selection,1005,401,536.09,-36039.47,None,N/A,
104.6016,asiya,MenuSelection,Menu Selection,1004,400,146.21,-40307.35,None,N/A,
104.6114,asiya,MenuSelection,Menu Selection,1001,398,365.37,22209.36,None,N/A,
104.6211,asiya,MenuSelection,Menu Selection,1000,397,146.67,-22682.16,None,N/A,
104.6309,asiya,MenuSelection,Menu Selection,999,396,144.01,-270.89,None,N/A,
104.6414,asiya,MenuSelection,Menu Selection,998,396,95.20,-4646.99,None,N/A,
104.6512,asiya,MenuSelection,Menu Selection,997,395,144.58,5047.97,None,N/A,
104.6613,asiya,MenuSelection,Menu Selection,997,395,0.00,-14243.96,None,N/A,
104.6714,asiya,MenuSelection,Menu Selection,997,394,98.81,9763.50,None,N/A,
104.6817,asiya,MenuSelection,Menu Selection,996,394,97.33,-143.95,None,N/A,
104.6918,asiya,MenuSelection,Menu Selection,996,394,0.00,-9671.59,None,N/A,
104.7014,asiya,MenuSelection,Menu Selection,996,394,0.00,0.00,None,N/A,
104.7119,asiya,MenuSelection,Menu Selection,996,394,0.00,0.00,None,N/A,
104.7215,asiya,MenuSelection,Menu Selection,996,394,0.00,0.00,None,N/A,
104.7310,asiya,MenuSelection,Menu Selection,996,394,0.00,0.00,None,N/A,
104.7415,asiya,MenuSelection,Menu Selection,996,394,0.00,0.00,None,N/A,
104.7519,asiya,MenuSelection,Menu Selection,996,394,0.00,0.00,None,N/A,
104.7614,asiya,MenuSelection,Menu Selection,996,394,0.00,0.00,None,N/A,
104.7719,asiya,MenuSelection,Menu Selection,996,394,0.00,0.00,None,N/A,
104.7816,asiya,MenuSelection,Menu Selection,996,394,0.00,0.00,None,N/A,
104.7917,asiya,MenuSelection,Menu Selection,996,394,0.00,0.00,None,N/A,
104.8015,asiya,MenuSelection,Menu Selection,996,394,0.00,0.00,None,N/A,
104.8113,asiya,MenuSelection,Menu Selection,996,393,101.93,10390.16,None,N/A,
104.8211,asiya,MenuSelection,Menu Selection,996,393,0.00,-10338.66,None,N/A,
104.8319,asiya,MenuSelection,Menu Selection,996,391,185.85,17269.69,None,N/A,
104.8410,asiya,MenuSelection,Menu Selection,996,390,109.81,-8349.80,None,N/A,
104.8519,asiya,MenuSelection,Menu Selection,996,386,366.66,23544.26,None,N/A,
104.8614,asiya,MenuSelection,Menu Selection,996,384,210.08,-16446.98,None,N/A,
104.8713,asiya,MenuSelection,Menu Selection,996,380,406.28,19927.32,None,N/A,
104.8810,asiya,MenuSelection,Menu Selection,996,379,102.88,-31212.94,None,N/A,
104.8912,asiya,MenuSelection,Menu Selection,996,377,196.09,9139.30,None,N/A,
104.9016,asiya,MenuSelection,Menu Selection,997,375,214.61,1776.99,None,N/A,
104.9115,asiya,MenuSelection,Menu Selection,997,374,101.15,-11476.17,None,N/A,
104.9209,asiya,MenuSelection,Menu Selection,997,373,106.50,569.77,None,N/A,
104.9312,asiya,MenuSelection,Menu Selection,997,372,97.31,-894.41,None,N/A,
104.9416,asiya,MenuSelection,Menu Selection,997,372,0.00,-9318.33,None,N/A,
104.9516,asiya,MenuSelection,Menu Selection,997,371,100.35,10070.97,None,N/A,
104.9612,asiya,MenuSelection,Menu Selection,997,371,0.00,-10390.17,None,N/A,
104.9710,asiya,MenuSelection,Menu Selection,997,371,0.00,0.00,None,N/A,
104.9819,asiya,MenuSelection,Menu Selection,997,371,0.00,0.00,None,N/A,
104.9911,asiya,MenuSelection,Menu Selection,997,371,0.00,0.00,None,N/A,
105.0014,asiya,MenuSelection,Menu Selection,998,371,96.70,9350.20,None,N/A,
105.0112,asiya,MenuSelection,Menu Selection,998,371,0.00,-9853.12,None,N/A,
105.0214,asiya,MenuSelection,Menu Selection,998,370,98.46,9693.49,None,N/A,
105.0319,asiya,MenuSelection,Menu Selection,999,369,134.28,3401.79,None,N/A,
105.0418,asiya,MenuSelection,Menu Selection,999,369,0.00,-13608.62,None,N/A,
105.0517,asiya,MenuSelection,Menu Selection,1000,367,225.44,22728.79,None,N/A,
105.0614,asiya,MenuSelection,Menu Selection,1000,366,102.73,-12605.90,None,N/A,
105.0719,asiya,MenuSelection,Menu Selection,1000,366,0.00,-9823.63,None,N/A,
105.0813,asiya,MenuSelection,Menu Selection,1000,366,0.00,0.00,None,N/A,
105.0916,asiya,MenuSelection,Menu Selection,1000,366,0.00,0.00,None,N/A,
105.1011,asiya,MenuSelection,Menu Selection,1000,366,0.00,0.00,None,N/A,
105.1116,asiya,MenuSelection,Menu Selection,1000,366,0.00,0.00,None,N/A,
105.1211,asiya,MenuSelection,Menu Selection,1000,366,0.00,0.00,None,N/A,
105.1318,asiya,MenuSelection,Menu Selection,1000,366,0.00,0.00,None,N/A,
105.1413,asiya,MenuSelection,Menu Selection,1000,366,0.00,0.00,None,N/A,
105.1519,asiya,MenuSelection,Menu Selection,1000,366,0.00,0.00,None,N/A,
105.1616,asiya,MenuSelection,Menu Selection,1000,366,0.00,0.00,None,N/A,
105.1713,asiya,MenuSelection,Menu Selection,1000,366,0.00,0.00,None,N/A,
105.1816,asiya,MenuSelection,Menu Selection,1000,366,0.00,0.00,None,N/A,
105.1912,asiya,MenuSelection,Menu Selection,1000,366,0.00,0.00,None,N/A,
105.2018,asiya,MenuSelection,Menu Selection,1000,366,0.00,0.00,None,N/A,
105.2113,asiya,MenuSelection,Menu Selection,1000,366,0.00,0.00,None,N/A,
105.2216,asiya,MenuSelection,Menu Selection,1000,366,0.00,0.00,None,N/A,
105.2312,asiya,MenuSelection,Menu Selection,1000,366,0.00,0.00,Left,N/A,
105.2417,asiya,MenuSelection,Menu Selection,1000,366,0.00,0.00,Left,N/A,
105.2512,asiya,MenuSelection,Menu Selection,1000,366,0.00,0.00,Left,N/A,
105.2617,asiya,MenuSelection,Menu Selection,1000,366,0.00,0.00,Left,N/A,
105.2713,asiya,MenuSelection,Menu Selection,1000,366,0.00,0.00,Left,N/A,
105.2819,asiya,MenuSelection,Menu Selection,1000,366,0.00,0.00,Left,N/A,
105.2919,asiya,MenuSelection,Menu Selection,1000,366,0.00,0.00,Left,N/A,
105.3016,asiya,MenuSelection,Menu Selection,1000,366,0.00,0.00,Left,N/A,
105.3115,asiya,MenuSelection,Menu Selection,1000,366,0.00,0.00,Left,N/A,
105.3211,asiya,MenuSelection,Menu Selection,1000,366,0.00,0.00,Left,N/A,
105.3321,asiya,MenuSelection,Menu Selection,1000,366,0.00,0.00,Left,N/A,
105.3422,asiya,MenuSelection,Menu Selection,1000,366,0.00,0.00,Left,N/A,
105.3520,asiya,MenuSelection,Menu Selection,1000,366,0.00,0.00,Left,N/A,
105.3619,asiya,MenuSelection,Menu Selection,1000,366,0.00,0.00,Left,N/A,
105.3716,asiya,MenuSelection,Menu Selection,1000,366,0.00,0.00,Left,N/A,
105.3811,asiya,MenuSelection,Menu Selection,1000,366,0.00,0.00,Left,N/A,
105.3917,asiya,MenuSelection,Menu Selection,1000,366,0.00,0.00,Left,N/A,
105.4012,asiya,MenuSelection,Menu Selection,1000,366,0.00,0.00,Left,N/A,
105.4161,asiya,MenuSelection,Menu Selection,1000,366,0.00,0.00,None,N/A,
105.4215,asiya,MenuSelection,Menu Selection,1000,366,0.00,0.00,None,N/A,
105.4312,asiya,MenuSelection,Menu Selection,1000,366,0.00,0.00,None,N/A,
105.4419,asiya,MenuSelection,Menu Selection,1000,366,0.00,0.00,None,N/A,
105.4515,asiya,MenuSelection,Menu Selection,1000,366,0.00,0.00,None,N/A,
105.4610,asiya,MenuSelection,Menu Selection,1000,366,0.00,0.00,None,N/A,
105.4715,asiya,MenuSelection,Menu Selection,1000,366,0.00,0.00,None,N/A,
105.4819,asiya,MenuSelection,Menu Selection,1000,366,0.00,0.00,None,N/A,
105.4914,asiya,MenuSelection,Menu Selection,1000,366,0.00,0.00,None,N/A,
105.5010,asiya,MenuSelection,Menu Selection,1000,366,0.00,0.00,None,N/A,
105.5115,asiya,MenuSelection,Menu Selection,1000,366,0.00,0.00,None,N/A,
105.5210,asiya,MenuSelection,Menu Selection,1000,366,0.00,0.00,None,N/A,
105.5314,asiya,MenuSelection,Menu Selection,1000,366,0.00,0.00,None,N/A,
105.5418,asiya,MenuSelection,Menu Selection,1000,366,0.00,0.00,None,N/A,
105.5513,asiya,MenuSelection,Menu Selection,1000,366,0.00,0.00,None,N/A,
105.5616,asiya,MenuSelection,Menu Selection,1000,366,0.00,0.00,None,N/A,
105.5712,asiya,MenuSelection,Menu Selection,1000,366,0.00,0.00,None,N/A,
105.5819,asiya,MenuSelection,Menu Selection,1000,366,0.00,0.00,None,N/A,
105.5913,asiya,MenuSelection,Menu Selection,1000,366,0.00,0.00,None,N/A,
105.6017,asiya,MenuSelection,Menu Selection,1000,366,0.00,0.00,None,N/A,
105.6112,asiya,MenuSelection,Menu Selection,1000,366,0.00,0.00,None,N/A,
105.6218,asiya,MenuSelection,Menu Selection,1000,366,0.00,0.00,None,N/A,
105.6312,asiya,MenuSelection,Menu Selection,1000,366,0.00,0.00,None,N/A,
105.6415,asiya,MenuSelection,Menu Selection,1000,366,0.00,0.00,None,N/A,
105.6509,asiya,MenuSelection,Menu Selection,1000,366,0.00,0.00,None,N/A,
105.6613,asiya,MenuSelection,Menu Selection,1000,366,0.00,0.00,None,N/A,
105.6711,asiya,MenuSelection,Menu Selection,1003,368,365.22,36995.08,None,N/A,
105.6817,asiya,MenuSelection,Menu Selection,1009,373,739.44,35428.89,None,N/A,
105.6916,asiya,MenuSelection,Menu Selection,1012,375,365.16,-37905.77,None,N/A,
105.7013,asiya,MenuSelection,Menu Selection,1017,379,661.35,30591.62,None,N/A,
105.7115,asiya,MenuSelection,Menu Selection,1019,380,219.12,-43335.82,None,N/A,
105.7211,asiya,MenuSelection,Menu Selection,1021,382,292.41,7576.17,None,N/A,
105.7317,asiya,MenuSelection,Menu Selection,1023,384,267.49,-2356.86,None,N/A,
105.7419,asiya,MenuSelection,Menu Selection,1024,385,138.75,-12630.48,None,N/A,
105.7514,asiya,MenuSelection,Menu Selection,1025,387,235.83,10239.26,None,N/A,
105.7615,asiya,MenuSelection,Menu Selection,1026,388,140.06,-9484.80,None,N/A,
105.7711,asiya,MenuSelection,Menu Selection,1027,389,146.57,674.72,None,N/A,
105.7819,asiya,MenuSelection,Menu Selection,1027,390,93.30,-4970.49,None,N/A,
105.7916,asiya,MenuSelection,Menu Selection,1027,392,204.99,11447.32,None,N/A,
105.8015,asiya,MenuSelection,Menu Selection,1027,393,101.58,-10503.89,None,N/A,
105.8109,asiya,MenuSelection,Menu Selection,1027,394,105.82,449.09,None,N/A,
105.8210,asiya,MenuSelection,Menu Selection,1027,395,98.82,-692.04,None,N/A,
105.8310,asiya,MenuSelection,Menu Selection,1027,396,100.55,174.37,None,N/A,
105.8418,asiya,MenuSelection,Menu Selection,1025,398,261.32,14853.95,None,N/A,
105.8514,asiya,MenuSelection,Menu Selection,1025,399,103.61,-16340.74,None,N/A,
105.8612,asiya,MenuSelection,Menu Selection,1023,400,229.00,12841.47,None,N/A,
105.8711,asiya,MenuSelection,Menu Selection,1023,401,101.21,-12933.67,None,N/A,
105.8816,asiya,MenuSelection,Menu Selection,1022,402,135.19,3248.36,None,N/A,
105.8919,asiya,MenuSelection,Menu Selection,1021,403,136.03,81.42,None,N/A,
105.9014,asiya,MenuSelection,Menu Selection,1020,404,150.06,1488.01,None,N/A,
105.9113,asiya,MenuSelection,Menu Selection,1019,405,142.36,-775.07,None,N/A,
105.9211,asiya,MenuSelection,Menu Selection,1016,407,368.79,23159.55,None,N/A,
105.9310,asiya,MenuSelection,Menu Selection,1015,408,142.68,-22811.77,None,N/A,
105.9414,asiya,MenuSelection,Menu Selection,1011,410,429.50,27545.72,None,N/A,
105.9514,asiya,MenuSelection,Menu Selection,1010,410,100.51,-33065.67,None,N/A,
105.9613,asiya,MenuSelection,Menu Selection,1008,411,225.09,12541.63,None,N/A,
105.9711,asiya,MenuSelection,Menu Selection,1005,412,322.20,9893.61,None,N/A,
105.9818,asiya,MenuSelection,Menu Selection,1003,412,186.18,-12661.86,None,N/A,
105.9915,asiya,MenuSelection,Menu Selection,1001,413,230.70,4593.07,None,N/A,
106.0017,asiya,MenuSelection,Menu Selection,999,413,196.36,-3371.36,None,N/A,
106.0116,asiya,MenuSelection,Menu Selection,997,414,226.19,3017.69,None,N/A,
106.0215,asiya,MenuSelection,Menu Selection,995,414,201.86,-2455.40,None,N/A,
106.0312,asiya,MenuSelection,Menu Selection,991,414,412.30,21690.45,None,N/A,
106.0412,asiya,MenuSelection,Menu Selection,989,414,200.19,-21230.89,None,N/A,
106.0510,asiya,MenuSelection,Menu Selection,986,414,305.00,10656.51,None,N/A,
106.0618,asiya,MenuSelection,Menu Selection,984,414,185.96,-11068.55,None,N/A,
106.0715,asiya,MenuSelection,Menu Selection,982,415,230.55,4597.06,None,N/A,
106.0813,asiya,MenuSelection,Menu Selection,981,415,102.08,-13114.12,None,N/A,
106.0912,asiya,MenuSelection,Menu Selection,980,416,142.45,4067.03,None,N/A,
106.1019,asiya,MenuSelection,Menu Selection,978,416,188.10,4292.78,None,N/A,
106.1117,asiya,MenuSelection,Menu Selection,977,417,143.29,-4540.24,None,N/A,
106.1216,asiya,MenuSelection,Menu Selection,974,419,366.60,22704.91,None,N/A,
106.1313,asiya,MenuSelection,Menu Selection,973,419,102.65,-27093.65,None,N/A,
106.1411,asiya,MenuSelection,Menu Selection,970,422,433.84,33867.19,None,N/A,
106.1512,asiya,MenuSelection,Menu Selection,969,423,140.46,-29139.23,None,N/A,
106.1609,asiya,MenuSelection,Menu Selection,966,427,513.63,38333.91,None,N/A,
106.1716,asiya,MenuSelection,Menu Selection,965,428,131.85,-35593.52,None,N/A,
106.1816,asiya,MenuSelection,Menu Selection,963,431,361.32,22996.39,None,N/A,
106.1913,asiya,MenuSelection,Menu Selection,963,432,103.17,-26633.28,None,N/A,
106.2010,asiya,MenuSelection,Menu Selection,962,433,145.50,4355.88,None,N/A,
106.2118,asiya,MenuSelection,Menu Selection,961,434,130.51,-1384.07,None,N/A,
106.2214,asiya,MenuSelection,Menu Selection,960,435,147.31,1750.50,None,N/A,
106.2316,asiya,MenuSelection,Menu Selection,960,436,98.83,-4791.23,None,N/A,
106.2449,asiya,MenuSelection,Menu Selection,959,437,105.76,517.96,None,N/A,
106.2510,asiya,MenuSelection,Menu Selection,959,438,164.06,9565.70,None,N/A,
106.2609,asiya,MenuSelection,Menu Selection,959,438,0.00,-16652.20,None,N/A,
106.2715,asiya,MenuSelection,Menu Selection,959,440,188.73,17809.24,None,N/A,
106.2815,asiya,MenuSelection,Menu Selection,959,440,0.00,-18773.51,None,N/A,
106.2911,asiya,MenuSelection,Menu Selection,959,441,104.69,10959.47,None,N/A,
106.3012,asiya,MenuSelection,Menu Selection,959,442,99.06,-557.67,None,N/A,
106.3113,asiya,MenuSelection,Menu Selection,959,443,98.78,-26.96,None,N/A,
106.3217,asiya,MenuSelection,Menu Selection,959,444,96.14,-254.47,None,N/A,
106.3314,asiya,MenuSelection,Menu Selection,959,445,103.58,770.68,None,N/A,
106.3412,asiya,MenuSelection,Menu Selection,959,446,101.48,-213.11,None,N/A,
106.3511,asiya,MenuSelection,Menu Selection,959,447,101.48,0.00,None,N/A,
106.3617,asiya,MenuSelection,Menu Selection,959,447,0.00,-9524.29,None,N/A,
106.3715,asiya,MenuSelection,Menu Selection,959,448,102.21,10447.47,None,N/A,
106.3814,asiya,MenuSelection,Menu Selection,959,449,101.38,-84.90,None,N/A,
106.3914,asiya,MenuSelection,Menu Selection,959,449,0.00,-10091.59,None,N/A,
106.4009,asiya,MenuSelection,Menu Selection,959,449,0.00,0.00,None,N/A,
106.4110,asiya,MenuSelection,Menu Selection,959,450,98.78,9757.98,None,N/A,
106.4218,asiya,MenuSelection,Menu Selection,959,451,92.84,-552.10,None,N/A,
106.4312,asiya,MenuSelection,Menu Selection,959,452,106.30,1430.72,None,N/A,
106.4415,asiya,MenuSelection,Menu Selection,959,452,0.00,-10306.88,None,N/A,
106.4518,asiya,MenuSelection,Menu Selection,959,453,96.67,9345.89,None,N/A,
106.4610,asiya,MenuSelection,Menu Selection,959,453,0.00,-10558.57,None,N/A,
106.4719,asiya,MenuSelection,Menu Selection,959,453,0.00,0.00,None,N/A,
106.4817,asiya,MenuSelection,Menu Selection,959,453,0.00,0.00,None,N/A,
106.4970,asiya,MenuSelection,Menu Selection,959,453,0.00,0.00,None,N/A,
106.5019,asiya,MenuSelection,Menu Selection,959,453,0.00,0.00,None,N/A,
106.5117,asiya,MenuSelection,Menu Selection,959,453,0.00,0.00,None,N/A,
106.5213,asiya,MenuSelection,Menu Selection,959,453,0.00,0.00,None,N/A,
106.5317,asiya,MenuSelection,Menu Selection,959,453,0.00,0.00,None,N/A,
106.5411,asiya,MenuSelection,Menu Selection,959,453,0.00,0.00,None,N/A,
106.5516,asiya,MenuSelection,Menu Selection,959,453,0.00,0.00,None,N/A,
106.5614,asiya,MenuSelection,Menu Selection,959,453,0.00,0.00,None,N/A,
106.5719,asiya,MenuSelection,Menu Selection,959,453,0.00,0.00,None,N/A,
106.5813,asiya,MenuSelection,Menu Selection,959,453,0.00,0.00,None,N/A,
106.5917,asiya,MenuSelection,Menu Selection,959,453,0.00,0.00,None,N/A,
106.6011,asiya,MenuSelection,Menu Selection,959,453,0.00,0.00,None,N/A,
106.6117,asiya,MenuSelection,Menu Selection,959,453,0.00,0.00,None,N/A,
106.6212,asiya,MenuSelection,Menu Selection,959,453,0.00,0.00,None,N/A,
106.6319,asiya,MenuSelection,Menu Selection,959,453,0.00,0.00,None,N/A,
106.6415,asiya,MenuSelection,Menu Selection,959,453,0.00,0.00,None,N/A,
106.6510,asiya,MenuSelection,Menu Selection,959,453,0.00,0.00,None,N/A,
106.6615,asiya,MenuSelection,Menu Selection,959,453,0.00,0.00,None,N/A,
106.6719,asiya,MenuSelection,Menu Selection,959,453,0.00,0.00,None,N/A,
106.6814,asiya,MenuSelection,Menu Selection,959,453,0.00,0.00,None,N/A,
106.6918,asiya,MenuSelection,Menu Selection,959,453,0.00,0.00,None,N/A,
106.7014,asiya,MenuSelection,Menu Selection,959,453,0.00,0.00,None,N/A,
106.7110,asiya,MenuSelection,Menu Selection,959,453,0.00,0.00,None,N/A,
106.7215,asiya,MenuSelection,Menu Selection,959,453,0.00,0.00,None,N/A,
106.7311,asiya,MenuSelection,Menu Selection,959,453,0.00,0.00,None,N/A,
106.7415,asiya,MenuSelection,Menu Selection,959,453,0.00,0.00,None,N/A,
106.7510,asiya,MenuSelection,Menu Selection,959,453,0.00,0.00,None,N/A,
106.7615,asiya,MenuSelection,Menu Selection,959,453,0.00,0.00,None,N/A,
106.7710,asiya,MenuSelection,Menu Selection,959,453,0.00,0.00,None,N/A,
106.7816,asiya,MenuSelection,Menu Selection,959,453,0.00,0.00,None,N/A,
106.7911,asiya,MenuSelection,Menu Selection,959,453,0.00,0.00,None,N/A,
106.8016,asiya,MenuSelection,Menu Selection,959,453,0.00,0.00,None,N/A,
106.8111,asiya,MenuSelection,Menu Selection,959,453,0.00,0.00,None,N/A,
106.8216,asiya,MenuSelection,Menu Selection,959,453,0.00,0.00,None,N/A,
106.8311,asiya,MenuSelection,Menu Selection,960,453,105.35,11098.09,None,N/A,
106.8419,asiya,MenuSelection,Menu Selection,961,453,92.84,-1161.40,None,N/A,
106.8519,asiya,MenuSelection,Menu Selection,962,453,100.01,717.80,None,N/A,
106.8614,asiya,MenuSelection,Menu Selection,964,453,209.28,11433.70,None,N/A,
106.8715,asiya,MenuSelection,Menu Selection,965,453,99.56,-10923.83,None,N/A,
106.8811,asiya,MenuSelection,Menu Selection,967,453,208.79,11402.35,None,N/A,
106.8919,asiya,MenuSelection,Menu Selection,968,453,92.68,-10760.65,None,N/A,
106.9010,asiya,MenuSelection,Menu Selection,970,454,245.72,16818.25,None,N/A,
106.9115,asiya,MenuSelection,Menu Selection,972,454,189.28,-5341.89,None,N/A,
106.9213,asiya,MenuSelection,Menu Selection,973,454,102.74,-8890.97,None,N/A,
106.9310,asiya,MenuSelection,Menu Selection,975,454,204.71,10436.78,None,N/A,
106.9416,asiya,MenuSelection,Menu Selection,977,454,188.84,-1498.06,None,N/A,
106.9515,asiya,MenuSelection,Menu Selection,980,454,303.40,11585.94,None,N/A,
106.9618,asiya,MenuSelection,Menu Selection,983,454,290.36,-1261.76,None,N/A,
106.9713,asiya,MenuSelection,Menu Selection,988,454,528.88,25228.68,None,N/A,
106.9812,asiya,MenuSelection,Menu Selection,991,454,301.97,-22839.71,None,N/A,
106.9910,asiya,MenuSelection,Menu Selection,996,454,510.82,21336.70,None,N/A,
107.0011,asiya,MenuSelection,Menu Selection,999,454,298.29,-21131.49,None,N/A,
107.0115,asiya,MenuSelection,Menu Selection,1005,454,574.75,26482.33,None,N/A,
107.0213,asiya,MenuSelection,Menu Selection,1007,454,205.28,-37922.07,None,N/A,
107.0319,asiya,MenuSelection,Menu Selection,1012,454,468.06,24599.55,None,N/A,
107.0417,asiya,MenuSelection,Menu Selection,1014,454,204.76,-26956.72,None,N/A,
107.0515,asiya,MenuSelection,Menu Selection,1017,454,305.14,10211.01,None,N/A,
107.0613,asiya,MenuSelection,Menu Selection,1021,454,410.24,10778.79,None,N/A,
107.0712,asiya,MenuSelection,Menu Selection,1024,454,303.46,-10801.34,None,N/A,
107.0819,asiya,MenuSelection,Menu Selection,1028,454,374.02,6598.27,None,N/A,
107.0912,asiya,MenuSelection,Menu Selection,1030,454,215.32,-17086.09,None,N/A,
107.1012,asiya,MenuSelection,Menu Selection,1033,454,297.60,8161.66,None,N/A,
107.1113,asiya,MenuSelection,Menu Selection,1034,454,99.34,-19694.35,None,N/A,
107.1211,asiya,MenuSelection,Menu Selection,1036,454,203.90,10660.81,None,N/A,
107.1319,asiya,MenuSelection,Menu Selection,1037,454,93.05,-10314.95,None,N/A,
107.1416,asiya,MenuSelection,Menu Selection,1038,454,103.10,1036.17,None,N/A,
107.1510,asiya,MenuSelection,Menu Selection,1039,454,105.88,294.88,None,N/A,
107.1614,asiya,MenuSelection,Menu Selection,1040,454,95.89,-958.05,None,N/A,
107.1711,asiya,MenuSelection,Menu Selection,1041,454,103.34,769.31,None,N/A,
107.1812,asiya,MenuSelection,Menu Selection,1041,454,0.00,-10202.75,None,N/A,
107.1922,asiya,MenuSelection,Menu Selection,1041,454,0.00,0.00,None,N/A,
107.2015,asiya,MenuSelection,Menu Selection,1042,454,107.28,11509.47,None,N/A,
107.2116,asiya,MenuSelection,Menu Selection,1042,454,0.00,-10724.39,None,N/A,
107.2213,asiya,MenuSelection,Menu Selection,1041,453,144.48,14759.84,None,N/A,
107.2317,asiya,MenuSelection,Menu Selection,1041,453,0.00,-13889.38,None,N/A,
107.2412,asiya,MenuSelection,Menu Selection,1041,453,0.00,0.00,None,N/A,
107.2517,asiya,MenuSelection,Menu Selection,1041,453,0.00,0.00,None,N/A,
107.2616,asiya,MenuSelection,Menu Selection,1041,453,0.00,0.00,None,N/A,
107.2713,asiya,MenuSelection,Menu Selection,1041,453,0.00,0.00,None,N/A,
107.2823,asiya,MenuSelection,Menu Selection,1041,453,0.00,0.00,None,N/A,
107.2909,asiya,MenuSelection,Menu Selection,1041,453,0.00,0.00,None,N/A,
107.3014,asiya,MenuSelection,Menu Selection,1041,453,0.00,0.00,None,N/A,
107.3118,asiya,MenuSelection,Menu Selection,1041,453,0.00,0.00,None,N/A,
107.3212,asiya,MenuSelection,Menu Selection,1041,453,0.00,0.00,None,N/A,
107.3316,asiya,MenuSelection,Menu Selection,1041,453,0.00,0.00,None,N/A,
107.3411,asiya,MenuSelection,Menu Selection,1041,453,0.00,0.00,None,N/A,
107.3515,asiya,MenuSelection,Menu Selection,1041,453,0.00,0.00,None,N/A,
107.3612,asiya,MenuSelection,Menu Selection,1041,453,0.00,0.00,None,N/A,
107.3722,asiya,MenuSelection,Menu Selection,1041,453,0.00,0.00,None,N/A,
107.3820,asiya,MenuSelection,Menu Selection,1041,453,0.00,0.00,None,N/A,
107.3913,asiya,MenuSelection,Menu Selection,1041,453,0.00,0.00,Left,N/A,
107.4018,asiya,MenuSelection,Menu Selection,1041,453,0.00,0.00,Left,N/A,
107.4118,asiya,MenuSelection,Menu Selection,1041,453,0.00,0.00,Left,N/A,
107.4214,asiya,MenuSelection,Menu Selection,1041,453,0.00,0.00,Left,N/A,
107.4318,asiya,MenuSelection,Menu Selection,1041,453,0.00,0.00,Left,N/A,
107.4412,asiya,MenuSelection,Menu Selection,1041,453,0.00,0.00,Left,N/A,
107.4517,asiya,MenuSelection,Menu Selection,1041,453,0.00,0.00,Left,N/A,
107.4613,asiya,MenuSelection,Menu Selection,1041,453,0.00,0.00,Left,N/A,
107.4718,asiya,MenuSelection,Menu Selection,1041,453,0.00,0.00,Left,N/A,
107.4812,asiya,MenuSelection,Menu Selection,1041,453,0.00,0.00,Left,N/A,
107.4916,asiya,MenuSelection,Menu Selection,1041,453,0.00,0.00,Left,N/A,
107.5011,asiya,MenuSelection,Menu Selection,1041,453,0.00,0.00,Left,N/A,
107.5116,asiya,MenuSelection,Menu Selection,1041,453,0.00,0.00,Left,N/A,
107.5211,asiya,MenuSelection,Menu Selection,1041,453,0.00,0.00,Left,N/A,
107.5316,asiya,MenuSelection,Menu Selection,1041,453,0.00,0.00,Left,N/A,
107.5410,asiya,MenuSelection,Menu Selection,1041,453,0.00,0.00,Left,N/A,
107.5516,asiya,MenuSelection,Menu Selection,1041,453,0.00,0.00,Left,N/A,
107.5612,asiya,MenuSelection,Menu Selection,1041,453,0.00,0.00,Left,N/A,
107.5645,asiya,MenuSelection,Menu Selection,1041,453,0.00,0.00,None,N/A,menu_item_selected_correct
107.5717,asiya,MenuSelection,Menu Selection,1041,453,0.00,0.00,None,N/A,
107.5810,asiya,MenuSelection,Menu Selection,1041,453,0.00,0.00,None,N/A,
107.5914,asiya,MenuSelection,Menu Selection,1041,453,0.00,0.00,None,N/A,
107.6019,asiya,MenuSelection,Menu Selection,1041,453,0.00,0.00,None,N/A,
107.6114,asiya,MenuSelection,Menu Selection,1041,453,0.00,0.00,None,N/A,
107.6219,asiya,MenuSelection,Menu Selection,1041,453,0.00,0.00,None,N/A,
107.6313,asiya,MenuSelection,Menu Selection,1041,453,0.00,0.00,None,N/A,
107.6417,asiya,MenuSelection,Menu Selection,1041,453,0.00,0.00,None,N/A,
107.6511,asiya,MenuSelection,Menu Selection,1041,453,0.00,0.00,None,N/A,
107.6616,asiya,MenuSelection,Menu Selection,1041,453,0.00,0.00,None,N/A,
107.6712,asiya,MenuSelection,Menu Selection,1041,453,0.00,0.00,None,N/A,
107.6817,asiya,MenuSelection,Menu Selection,1041,453,0.00,0.00,None,N/A,
107.6912,asiya,MenuSelection,Menu Selection,1041,453,0.00,0.00,None,N/A,
107.7016,asiya,MenuSelection,Menu Selection,1041,453,0.00,0.00,None,N/A,
107.7113,asiya,MenuSelection,Menu Selection,1041,453,0.00,0.00,None,N/A,
107.7217,asiya,MenuSelection,Menu Selection,1041,453,0.00,0.00,None,N/A,
107.7312,asiya,MenuSelection,Menu Selection,1041,453,0.00,0.00,None,N/A,
107.7416,asiya,MenuSelection,Menu Selection,1041,453,0.00,0.00,None,N/A,
107.7512,asiya,MenuSelection,Menu Selection,1041,453,0.00,0.00,None,N/A,
107.7619,asiya,MenuSelection,Menu Selection,1041,453,0.00,0.00,None,N/A,
107.7714,asiya,MenuSelection,Menu Selection,1041,453,0.00,0.00,None,N/A,
107.7819,asiya,MenuSelection,Menu Selection,1041,453,0.00,0.00,None,N/A,
107.7913,asiya,MenuSelection,Menu Selection,1041,453,0.00,0.00,None,N/A,
107.8017,asiya,MenuSelection,Menu Selection,1041,453,0.00,0.00,None,N/A,
107.8112,asiya,MenuSelection,Menu Selection,1041,453,0.00,0.00,None,N/A,
107.8218,asiya,MenuSelection,Menu Selection,1041,453,0.00,0.00,None,N/A,
107.8312,asiya,MenuSelection,Menu Selection,1041,453,0.00,0.00,None,N/A,
107.8416,asiya,MenuSelection,Menu Selection,1041,453,0.00,0.00,None,N/A,
107.8512,asiya,MenuSelection,Menu Selection,1041,453,0.00,0.00,None,N/A,
107.8618,asiya,MenuSelection,Menu Selection,1041,453,0.00,0.00,None,N/A,
107.8714,asiya,MenuSelection,Menu Selection,1041,453,0.00,0.00,None,N/A,
107.8818,asiya,MenuSelection,Menu Selection,1041,453,0.00,0.00,None,N/A,
107.8912,asiya,MenuSelection,Menu Selection,1041,453,0.00,0.00,None,N/A,
107.9017,asiya,MenuSelection,Menu Selection,1041,453,0.00,0.00,None,N/A,
107.9113,asiya,MenuSelection,Menu Selection,1041,453,0.00,0.00,None,N/A,
107.9215,asiya,MenuSelection,Menu Selection,1034,448,841.02,82224.42,None,N/A,
107.9310,asiya,MenuSelection,Menu Selection,1020,437,1873.87,108703.95,None,N/A,
107.9412,asiya,MenuSelection,Menu Selection,1016,433,554.76,-129363.42,None,N/A,
107.9516,asiya,MenuSelection,Menu Selection,1009,428,826.33,26086.33,None,N/A,
107.9610,asiya,MenuSelection,Menu Selection,1007,425,385.35,-47130.34,None,N/A,
107.9715,asiya,MenuSelection,Menu Selection,1004,422,402.82,1658.34,None,N/A,
107.9810,asiya,MenuSelection,Menu Selection,1000,415,847.00,46664.25,None,N/A,
107.9912,asiya,MenuSelection,Menu Selection,998,413,277.62,-55886.53,None,N/A,
108.0016,asiya,MenuSelection,Menu Selection,995,408,562.72,27513.21,None,N/A,
108.0117,asiya,MenuSelection,Menu Selection,993,405,356.97,-20369.97,None,N/A,
108.0209,asiya,MenuSelection,Menu Selection,991,401,484.39,13800.90,None,N/A,
108.0313,asiya,MenuSelection,Menu Selection,990,400,136.77,-33619.31,None,N/A,
108.0409,asiya,MenuSelection,Menu Selection,989,397,328.53,19922.10,None,N/A,
108.0518,asiya,MenuSelection,Menu Selection,988,396,130.11,-18255.35,None,N/A,
108.0613,asiya,MenuSelection,Menu Selection,987,394,234.70,10978.26,None,N/A,
108.0711,asiya,MenuSelection,Menu Selection,987,393,101.72,-13527.14,None,N/A,
108.0813,asiya,MenuSelection,Menu Selection,986,393,97.90,-374.23,None,N/A,
108.0918,asiya,MenuSelection,Menu Selection,986,392,95.59,-220.95,None,N/A,
108.1017,asiya,MenuSelection,Menu Selection,985,391,142.58,4738.26,None,N/A,
108.1114,asiya,MenuSelection,Menu Selection,985,391,0.00,-14786.53,None,N/A,
108.1214,asiya,MenuSelection,Menu Selection,984,390,140.89,14036.88,None,N/A,
108.1319,asiya,MenuSelection,Menu Selection,984,390,0.00,-13465.02,None,N/A,
108.1413,asiya,MenuSelection,Menu Selection,984,390,0.00,0.00,None,N/A,
108.1517,asiya,MenuSelection,Menu Selection,984,390,0.00,0.00,None,N/A,
108.1611,asiya,MenuSelection,Menu Selection,984,390,0.00,0.00,None,N/A,
108.1716,asiya,MenuSelection,Menu Selection,984,390,0.00,0.00,None,N/A,
108.1811,asiya,MenuSelection,Menu Selection,984,390,0.00,0.00,None,N/A,
108.1919,asiya,MenuSelection,Menu Selection,984,389,92.95,8639.05,None,N/A,
108.2016,asiya,MenuSelection,Menu Selection,984,389,0.00,-9542.88,None,N/A,
108.2115,asiya,MenuSelection,Menu Selection,984,389,0.00,0.00,None,N/A,
108.2215,asiya,MenuSelection,Menu Selection,985,388,142.66,14390.17,None,N/A,
108.2316,asiya,MenuSelection,Menu Selection,985,388,0.00,-14112.53,None,N/A,
108.2409,asiya,MenuSelection,Menu Selection,986,387,151.08,16140.32,None,N/A,
108.2513,asiya,MenuSelection,Menu Selection,986,387,0.00,-14634.42,None,N/A,
108.2613,asiya,MenuSelection,Menu Selection,987,386,141.05,14067.61,None,N/A,
108.2719,asiya,MenuSelection,Menu Selection,987,386,0.00,-13329.71,None,N/A,
108.2818,asiya,MenuSelection,Menu Selection,988,385,142.77,14413.04,None,N/A,
108.2914,asiya,MenuSelection,Menu Selection,988,385,0.00,-14890.42,None,N/A,
108.3014,asiya,MenuSelection,Menu Selection,989,384,140.75,14008.25,None,N/A,
108.3109,asiya,MenuSelection,Menu Selection,989,384,0.00,-14753.95,None,N/A,
108.3216,asiya,MenuSelection,Menu Selection,990,383,133.24,12552.33,None,N/A,
108.3312,asiya,MenuSelection,Menu Selection,990,382,103.38,-3086.13,None,N/A,
108.3412,asiya,MenuSelection,Menu Selection,991,382,100.53,-286.73,None,N/A,
108.3513,asiya,MenuSelection,Menu Selection,992,381,139.90,3894.91,None,N/A,
108.3615,asiya,MenuSelection,Menu Selection,992,381,0.00,-13749.13,None,N/A,
108.3713,asiya,MenuSelection,Menu Selection,993,380,144.49,14762.71,None,N/A,
108.3813,asiya,MenuSelection,Menu Selection,994,380,99.68,-4466.53,None,N/A,
108.3911,asiya,MenuSelection,Menu Selection,994,379,101.57,191.49,None,N/A,
108.4017,asiya,MenuSelection,Menu Selection,995,379,94.39,-678.04,None,N/A,
108.4118,asiya,MenuSelection,Menu Selection,996,377,222.05,12677.65,None,N/A,
108.4217,asiya,MenuSelection,Menu Selection,997,376,142.46,-8017.47,None,N/A,
108.4312,asiya,MenuSelection,Menu Selection,997,376,0.00,-15105.01,None,N/A,
108.4415,asiya,MenuSelection,Menu Selection,997,376,0.00,0.00,None,N/A,
108.4519,asiya,MenuSelection,Menu Selection,997,376,0.00,0.00,None,N/A,
108.4615,asiya,MenuSelection,Menu Selection,997,376,0.00,0.00,None,N/A,
108.4711,asiya,MenuSelection,Menu Selection,997,376,0.00,0.00,None,N/A,
108.4810,asiya,MenuSelection,Menu Selection,997,376,0.00,0.00,None,N/A,
108.4914,asiya,MenuSelection,Menu Selection,997,376,0.00,0.00,None,N/A,
108.5019,asiya,MenuSelection,Menu Selection,997,376,0.00,0.00,None,N/A,
108.5114,asiya,MenuSelection,Menu Selection,997,376,0.00,0.00,None,N/A,
108.5210,asiya,MenuSelection,Menu Selection,997,376,0.00,0.00,None,N/A,
108.5315,asiya,MenuSelection,Menu Selection,997,376,0.00,0.00,None,N/A,
108.5419,asiya,MenuSelection,Menu Selection,997,376,0.00,0.00,None,N/A,
108.5515,asiya,MenuSelection,Menu Selection,997,376,0.00,0.00,None,N/A,
108.5611,asiya,MenuSelection,Menu Selection,997,376,0.00,0.00,None,N/A,
108.5718,asiya,MenuSelection,Menu Selection,997,376,0.00,0.00,None,N/A,
108.5812,asiya,MenuSelection,Menu Selection,997,376,0.00,0.00,None,N/A,
108.5916,asiya,MenuSelection,Menu Selection,997,376,0.00,0.00,None,N/A,
108.6010,asiya,MenuSelection,Menu Selection,997,376,0.00,0.00,None,N/A,
108.6112,asiya,MenuSelection,Menu Selection,997,376,0.00,0.00,None,N/A,
108.6210,asiya,MenuSelection,Menu Selection,997,376,0.00,0.00,Left,N/A,
108.6314,asiya,MenuSelection,Menu Selection,997,376,0.00,0.00,Left,N/A,
108.6418,asiya,MenuSelection,Menu Selection,997,376,0.00,0.00,Left,N/A,
108.6513,asiya,MenuSelection,Menu Selection,997,376,0.00,0.00,Left,N/A,
108.6609,asiya,MenuSelection,Menu Selection,997,376,0.00,0.00,Left,N/A,
108.6714,asiya,MenuSelection,Menu Selection,997,376,0.00,0.00,Left,N/A,
108.6819,asiya,MenuSelection,Menu Selection,997,376,0.00,0.00,Left,N/A,
108.6912,asiya,MenuSelection,Menu Selection,997,376,0.00,0.00,Left,N/A,
108.7018,asiya,MenuSelection,Menu Selection,997,376,0.00,0.00,Left,N/A,
108.7115,asiya,MenuSelection,Menu Selection,997,376,0.00,0.00,Left,N/A,
108.7210,asiya,MenuSelection,Menu Selection,997,376,0.00,0.00,Left,N/A,
108.7316,asiya,MenuSelection,Menu Selection,997,376,0.00,0.00,Left,N/A,
108.7412,asiya,MenuSelection,Menu Selection,997,376,0.00,0.00,Left,N/A,
108.7516,asiya,MenuSelection,Menu Selection,997,376,0.00,0.00,Left,N/A,
108.7612,asiya,MenuSelection,Menu Selection,997,376,0.00,0.00,Left,N/A,
108.7717,asiya,MenuSelection,Menu Selection,997,376,0.00,0.00,Left,N/A,
108.7811,asiya,MenuSelection,Menu Selection,997,376,0.00,0.00,Left,N/A,
108.7987,asiya,MenuSelection,Menu Selection,997,376,0.00,0.00,None,N/A,
108.8030,asiya,MenuSelection,Menu Selection,997,376,0.00,0.00,None,N/A,
108.8112,asiya,MenuSelection,Menu Selection,997,376,0.00,0.00,None,N/A,
108.8217,asiya,MenuSelection,Menu Selection,997,376,0.00,0.00,None,N/A,
108.8312,asiya,MenuSelection,Menu Selection,997,376,0.00,0.00,None,N/A,
108.8417,asiya,MenuSelection,Menu Selection,997,376,0.00,0.00,None,N/A,
108.8512,asiya,MenuSelection,Menu Selection,997,376,0.00,0.00,None,N/A,
108.8617,asiya,MenuSelection,Menu Selection,997,376,0.00,0.00,None,N/A,
108.8712,asiya,MenuSelection,Menu Selection,997,376,0.00,0.00,None,N/A,
108.8817,asiya,MenuSelection,Menu Selection,997,376,0.00,0.00,None,N/A,
108.8913,asiya,MenuSelection,Menu Selection,997,376,0.00,0.00,None,N/A,
108.9018,asiya,MenuSelection,Menu Selection,997,376,0.00,0.00,None,N/A,
108.9116,asiya,MenuSelection,Menu Selection,997,376,0.00,0.00,None,N/A,
108.9211,asiya,MenuSelection,Menu Selection,997,376,0.00,0.00,None,N/A,
108.9315,asiya,MenuSelection,Menu Selection,997,376,0.00,0.00,None,N/A,
108.9418,asiya,MenuSelection,Menu Selection,998,379,306.16,29640.31,None,N/A,
108.9515,asiya,MenuSelection,Menu Selection,999,381,231.41,-7735.06,None,N/A,
108.9612,asiya,MenuSelection,Menu Selection,1001,385,459.75,23474.27,None,N/A,
108.9712,asiya,MenuSelection,Menu Selection,1002,387,224.63,-23619.98,None,N/A,
108.9817,asiya,MenuSelection,Menu Selection,1003,392,487.39,25116.48,None,N/A,
108.9917,asiya,MenuSelection,Menu Selection,1003,394,198.80,-28686.05,None,N/A,
109.0014,asiya,MenuSelection,Menu Selection,1004,398,426.11,23491.70,None,N/A,
109.0113,asiya,MenuSelection,Menu Selection,1004,399,101.21,-32882.62,None,N/A,
109.0211,asiya,MenuSelection,Menu Selection,1004,401,203.05,10338.67,None,N/A,
109.0318,asiya,MenuSelection,Menu Selection,1004,404,279.56,7129.94,None,N/A,
109.0410,asiya,MenuSelection,Menu Selection,1004,406,219.74,-6572.61,None,N/A,
109.0514,asiya,MenuSelection,Menu Selection,1004,409,286.74,6404.06,None,N/A,
109.0614,asiya,MenuSelection,Menu Selection,1004,411,201.02,-8615.71,None,N/A,
109.0711,asiya,MenuSelection,Menu Selection,1004,414,309.60,11206.36,None,N/A,
109.0810,asiya,MenuSelection,Menu Selection,1004,415,101.02,-21071.26,None,N/A,
109.0917,asiya,MenuSelection,Menu Selection,1004,417,185.97,7899.13,None,N/A,
109.1014,asiya,MenuSelection,Menu Selection,1003,418,146.21,-4110.68,None,N/A,
109.1110,asiya,MenuSelection,Menu Selection,1003,420,207.44,6351.15,None,N/A,
109.1215,asiya,MenuSelection,Menu Selection,1002,421,134.37,-6943.01,None,N/A,
109.1319,asiya,MenuSelection,Menu Selection,1000,422,215.94,7876.76,None,N/A,
109.1409,asiya,MenuSelection,Menu Selection,998,423,247.25,3462.70,None,N/A,
109.1511,asiya,MenuSelection,Menu Selection,997,424,139.37,-10631.72,None,N/A,
109.1617,asiya,MenuSelection,Menu Selection,992,425,479.03,31909.95,None,N/A,
109.1716,asiya,MenuSelection,Menu Selection,990,425,203.30,-28027.96,None,N/A,
109.1813,asiya,MenuSelection,Menu Selection,984,425,614.00,42027.89,None,N/A,
109.1913,asiya,MenuSelection,Menu Selection,981,425,300.67,-31402.52,None,N/A,
109.2009,asiya,MenuSelection,Menu Selection,975,423,660.63,37599.79,None,N/A,
109.2111,asiya,MenuSelection,Menu Selection,972,422,310.10,-34374.16,None,N/A,
109.2215,asiya,MenuSelection,Menu Selection,967,420,516.89,19848.52,None,N/A,
109.2314,asiya,MenuSelection,Menu Selection,964,418,364.73,-15392.12,None,N/A,
109.2413,asiya,MenuSelection,Menu Selection,960,415,506.07,14305.58,None,N/A,
109.2511,asiya,MenuSelection,Menu Selection,958,414,226.89,-28327.88,None,N/A,
109.2612,asiya,MenuSelection,Menu Selection,957,413,140.70,-8575.08,None,N/A,
109.2717,asiya,MenuSelection,Menu Selection,955,411,268.56,12140.90,None,N/A,
109.2814,asiya,MenuSelection,Menu Selection,954,410,146.42,-12646.07,None,N/A,
109.2911,asiya,MenuSelection,Menu Selection,952,409,230.22,8626.78,None,N/A,
109.3012,asiya,MenuSelection,Menu Selection,952,408,99.09,-12993.09,None,N/A,
109.3111,asiya,MenuSelection,Menu Selection,951,408,100.46,138.53,None,N/A,
109.3217,asiya,MenuSelection,Menu Selection,951,407,94.57,-557.79,None,N/A,
109.3315,asiya,MenuSelection,Menu Selection,950,407,101.94,751.89,None,N/A,
109.3411,asiya,MenuSelection,Menu Selection,950,406,103.89,201.98,None,N/A,
109.3514,asiya,MenuSelection,Menu Selection,950,406,0.00,-10137.98,None,N/A,
109.3610,asiya,MenuSelection,Menu Selection,950,406,0.00,0.00,None,N/A,
109.3715,asiya,MenuSelection,Menu Selection,950,406,0.00,0.00,None,N/A,
109.3810,asiya,MenuSelection,Menu Selection,950,406,0.00,0.00,None,N/A,
109.3915,asiya,MenuSelection,Menu Selection,950,406,0.00,0.00,None,N/A,
109.4010,asiya,MenuSelection,Menu Selection,950,406,0.00,0.00,None,N/A,
109.4114,asiya,MenuSelection,Menu Selection,950,406,0.00,0.00,None,N/A,
109.4219,asiya,MenuSelection,Menu Selection,950,406,0.00,0.00,None,N/A,
109.4312,asiya,MenuSelection,Menu Selection,950,406,0.00,0.00,None,N/A,
109.4416,asiya,MenuSelection,Menu Selection,950,406,0.00,0.00,None,N/A,
109.4512,asiya,MenuSelection,Menu Selection,950,406,0.00,0.00,None,N/A,
109.4614,asiya,MenuSelection,Menu Selection,950,405,98.03,9610.74,None,N/A,
109.4714,asiya,MenuSelection,Menu Selection,951,405,99.64,159.64,None,N/A,
109.4813,asiya,MenuSelection,Menu Selection,951,405,0.00,-10077.07,None,N/A,
109.4964,asiya,MenuSelection,Menu Selection,952,405,65.98,4352.99,None,N/A,
109.5010,asiya,MenuSelection,Menu Selection,952,405,0.00,-14315.27,None,N/A,
109.5111,asiya,MenuSelection,Menu Selection,953,405,99.62,9924.16,None,N/A,
109.5219,asiya,MenuSelection,Menu Selection,953,404,92.40,-666.81,None,N/A,
109.5317,asiya,MenuSelection,Menu Selection,953,404,0.00,-9440.72,None,N/A,
109.5412,asiya,MenuSelection,Menu Selection,953,404,0.00,0.00,None,N/A,
109.5516,asiya,MenuSelection,Menu Selection,953,404,0.00,0.00,None,N/A,
109.5612,asiya,MenuSelection,Menu Selection,953,404,0.00,0.00,None,N/A,
109.5716,asiya,MenuSelection,Menu Selection,953,404,0.00,0.00,None,N/A,
109.5810,asiya,MenuSelection,Menu Selection,953,404,0.00,0.00,None,N/A,
109.5914,asiya,MenuSelection,Menu Selection,953,404,0.00,0.00,None,N/A,
109.6010,asiya,MenuSelection,Menu Selection,953,404,0.00,0.00,None,N/A,
109.6116,asiya,MenuSelection,Menu Selection,953,404,0.00,0.00,None,N/A,
109.6211,asiya,MenuSelection,Menu Selection,953,404,0.00,0.00,None,N/A,
109.6315,asiya,MenuSelection,Menu Selection,953,404,0.00,0.00,None,N/A,
109.6419,asiya,MenuSelection,Menu Selection,953,404,0.00,0.00,None,N/A,
109.6514,asiya,MenuSelection,Menu Selection,953,404,0.00,0.00,None,N/A,
109.6620,asiya,MenuSelection,Menu Selection,953,404,0.00,0.00,None,N/A,
109.6715,asiya,MenuSelection,Menu Selection,953,404,0.00,0.00,None,N/A,
109.6810,asiya,MenuSelection,Menu Selection,953,404,0.00,0.00,None,N/A,
109.6915,asiya,MenuSelection,Menu Selection,953,404,0.00,0.00,None,N/A,
109.7011,asiya,MenuSelection,Menu Selection,953,404,0.00,0.00,None,N/A,
109.7117,asiya,MenuSelection,Menu Selection,953,404,0.00,0.00,None,N/A,
109.7214,asiya,MenuSelection,Menu Selection,953,404,0.00,0.00,None,N/A,
109.7318,asiya,MenuSelection,Menu Selection,953,404,0.00,0.00,None,N/A,
109.7414,asiya,MenuSelection,Menu Selection,953,404,0.00,0.00,None,N/A,
109.7519,asiya,MenuSelection,Menu Selection,953,404,0.00,0.00,None,N/A,
109.7614,asiya,MenuSelection,Menu Selection,953,404,0.00,0.00,None,N/A,
109.7719,asiya,MenuSelection,Menu Selection,953,404,0.00,0.00,None,N/A,
109.7813,asiya,MenuSelection,Menu Selection,953,404,0.00,0.00,None,N/A,
109.7918,asiya,MenuSelection,Menu Selection,953,404,0.00,0.00,None,N/A,
109.8013,asiya,MenuSelection,Menu Selection,953,404,0.00,0.00,None,N/A,
109.8110,asiya,MenuSelection,Menu Selection,953,404,0.00,0.00,None,N/A,
109.8215,asiya,MenuSelection,Menu Selection,953,404,0.00,0.00,None,N/A,
109.8310,asiya,MenuSelection,Menu Selection,953,404,0.00,0.00,None,N/A,
109.8413,asiya,MenuSelection,Menu Selection,953,404,0.00,0.00,None,N/A,
109.8518,asiya,MenuSelection,Menu Selection,966,403,1249.65,119770.52,None,N/A,
109.8616,asiya,MenuSelection,Menu Selection,974,402,821.06,-43647.00,None,N/A,
109.8714,asiya,MenuSelection,Menu Selection,982,401,818.76,-234.19,None,N/A,
109.8815,asiya,MenuSelection,Menu Selection,996,401,1391.01,56858.18,None,N/A,
109.8910,asiya,MenuSelection,Menu Selection,1000,400,435.09,-100873.81,None,N/A,
109.9018,asiya,MenuSelection,Menu Selection,1006,400,554.56,11041.86,None,N/A,
109.9115,asiya,MenuSelection,Menu Selection,1009,400,309.45,-25282.82,None,N/A,
109.9214,asiya,MenuSelection,Menu Selection,1013,400,403.13,9441.63,None,N/A,
109.9314,asiya,MenuSelection,Menu Selection,1014,400,100.67,-30449.46,None,N/A,
109.9410,asiya,MenuSelection,Menu Selection,1017,400,310.26,21675.61,None,N/A,
109.9517,asiya,MenuSelection,Menu Selection,1018,400,93.52,-20269.87,None,N/A,
109.9616,asiya,MenuSelection,Menu Selection,1021,400,304.97,21494.41,None,N/A,
109.9710,asiya,MenuSelection,Menu Selection,1022,400,105.84,-21075.96,None,N/A,
109.9814,asiya,MenuSelection,Menu Selection,1024,400,193.18,8436.22,None,N/A,
109.9909,asiya,MenuSelection,Menu Selection,1026,400,208.87,1638.14,None,N/A,
110.0020,asiya,MenuSelection,Menu Selection,1027,400,90.03,-10699.15,None,N/A,
110.0115,asiya,MenuSelection,Menu Selection,1030,399,333.21,25624.36,None,N/A,
110.0215,asiya,MenuSelection,Menu Selection,1031,399,100.78,-23424.12,None,N/A,
110.0309,asiya,MenuSelection,Menu Selection,1034,398,333.41,24526.67,None,N/A,
110.0419,asiya,MenuSelection,Menu Selection,1035,398,91.16,-22082.94,None,N/A,
110.0510,asiya,MenuSelection,Menu Selection,1037,398,219.97,14166.54,None,N/A,
110.0618,asiya,MenuSelection,Menu Selection,1037,398,0.00,-20289.47,None,N/A,
110.0714,asiya,MenuSelection,Menu Selection,1038,398,104.88,11000.62,None,N/A,
110.0814,asiya,MenuSelection,Menu Selection,1039,398,99.47,-538.62,None,N/A,
110.0915,asiya,MenuSelection,Menu Selection,1039,398,0.00,-9895.93,None,N/A,
110.1022,asiya,MenuSelection,Menu Selection,1040,397,131.65,12255.46,None,N/A,
110.1117,asiya,MenuSelection,Menu Selection,1040,397,0.00,-13828.40,None,N/A,
110.1212,asiya,MenuSelection,Menu Selection,1040,397,0.00,0.00,None,N/A,
110.1316,asiya,MenuSelection,Menu Selection,1040,397,0.00,0.00,None,N/A,
110.1411,asiya,MenuSelection,Menu Selection,1040,397,0.00,0.00,None,N/A,
110.1515,asiya,MenuSelection,Menu Selection,1040,397,0.00,0.00,None,N/A,
110.1612,asiya,MenuSelection,Menu Selection,1040,397,0.00,0.00,None,N/A,
110.1717,asiya,MenuSelection,Menu Selection,1040,397,0.00,0.00,None,N/A,
110.1812,asiya,MenuSelection,Menu Selection,1040,397,0.00,0.00,None,N/A,
110.1917,asiya,MenuSelection,Menu Selection,1040,397,0.00,0.00,None,N/A,
110.2012,asiya,MenuSelection,Menu Selection,1040,397,0.00,0.00,None,N/A,
110.2117,asiya,MenuSelection,Menu Selection,1040,397,0.00,0.00,None,N/A,
110.2211,asiya,MenuSelection,Menu Selection,1040,397,0.00,0.00,None,N/A,
110.2315,asiya,MenuSelection,Menu Selection,1040,397,0.00,0.00,None,N/A,
110.2416,asiya,MenuSelection,Menu Selection,1040,397,0.00,0.00,None,N/A,
110.2512,asiya,MenuSelection,Menu Selection,1040,397,0.00,0.00,None,N/A,
110.2616,asiya,MenuSelection,Menu Selection,1040,397,0.00,0.00,None,N/A,
110.2711,asiya,MenuSelection,Menu Selection,1040,397,0.00,0.00,None,N/A,
110.2815,asiya,MenuSelection,Menu Selection,1040,397,0.00,0.00,None,N/A,
110.2918,asiya,MenuSelection,Menu Selection,1040,397,0.00,0.00,None,N/A,
110.3014,asiya,MenuSelection,Menu Selection,1040,397,0.00,0.00,Left,N/A,
110.3122,asiya,MenuSelection,Menu Selection,1040,397,0.00,0.00,Left,N/A,
110.3218,asiya,MenuSelection,Menu Selection,1040,397,0.00,0.00,Left,N/A,
110.3313,asiya,MenuSelection,Menu Selection,1040,397,0.00,0.00,Left,N/A,
110.3419,asiya,MenuSelection,Menu Selection,1040,397,0.00,0.00,Left,N/A,
110.3514,asiya,MenuSelection,Menu Selection,1040,397,0.00,0.00,Left,N/A,
110.3619,asiya,MenuSelection,Menu Selection,1040,397,0.00,0.00,Left,N/A,
110.3713,asiya,MenuSelection,Menu Selection,1040,397,0.00,0.00,Left,N/A,
110.3818,asiya,MenuSelection,Menu Selection,1040,397,0.00,0.00,Left,N/A,
110.3917,asiya,MenuSelection,Menu Selection,1040,397,0.00,0.00,Left,N/A,
110.4014,asiya,MenuSelection,Menu Selection,1040,397,0.00,0.00,Left,N/A,
110.4120,asiya,MenuSelection,Menu Selection,1040,397,0.00,0.00,Left,N/A,
110.4216,asiya,MenuSelection,Menu Selection,1040,397,0.00,0.00,Left,N/A,
110.4311,asiya,MenuSelection,Menu Selection,1040,397,0.00,0.00,Left,N/A,
110.4414,asiya,MenuSelection,Menu Selection,1040,397,0.00,0.00,Left,N/A,
110.4519,asiya,MenuSelection,Menu Selection,1040,397,0.00,0.00,Left,N/A,
110.4610,asiya,MenuSelection,Menu Selection,1040,397,0.00,0.00,Left,N/A,
110.4717,asiya,MenuSelection,Menu Selection,1040,397,0.00,0.00,Left,N/A,
110.4734,asiya,MenuSelection,Menu Selection,1040,397,0.00,0.00,None,N/A,menu_item_selected_correct
110.4816,asiya,MenuSelection,Menu Selection,1040,397,0.00,0.00,None,N/A,
110.4916,asiya,MenuSelection,Menu Selection,1040,397,0.00,0.00,None,N/A,
110.5010,asiya,MenuSelection,Menu Selection,1040,397,0.00,0.00,None,N/A,
110.5116,asiya,MenuSelection,Menu Selection,1040,397,0.00,0.00,None,N/A,
110.5211,asiya,MenuSelection,Menu Selection,1040,397,0.00,0.00,None,N/A,
110.5315,asiya,MenuSelection,Menu Selection,1040,397,0.00,0.00,None,N/A,
110.5419,asiya,MenuSelection,Menu Selection,1040,397,0.00,0.00,None,N/A,
110.5514,asiya,MenuSelection,Menu Selection,1040,397,0.00,0.00,None,N/A,
110.5611,asiya,MenuSelection,Menu Selection,1040,397,0.00,0.00,None,N/A,
110.5716,asiya,MenuSelection,Menu Selection,1040,397,0.00,0.00,None,N/A,
110.5810,asiya,MenuSelection,Menu Selection,1040,397,0.00,0.00,None,N/A,
110.5914,asiya,MenuSelection,Menu Selection,1040,397,0.00,0.00,None,N/A,
110.6009,asiya,MenuSelection,Menu Selection,1040,397,0.00,0.00,None,N/A,
110.6115,asiya,MenuSelection,Menu Selection,1040,397,0.00,0.00,None,N/A,
110.6210,asiya,MenuSelection,Menu Selection,1040,397,0.00,0.00,None,N/A,
110.6315,asiya,MenuSelection,Menu Selection,1040,397,0.00,0.00,None,N/A,
110.6419,asiya,MenuSelection,Menu Selection,1040,397,0.00,0.00,None,N/A,
110.6514,asiya,MenuSelection,Menu Selection,1040,397,0.00,0.00,None,N/A,
110.6612,asiya,MenuSelection,Menu Selection,1040,397,0.00,0.00,None,N/A,
110.6716,asiya,MenuSelection,Menu Selection,1040,397,0.00,0.00,None,N/A,
110.6811,asiya,MenuSelection,Menu Selection,1040,397,0.00,0.00,None,N/A,
110.6915,asiya,MenuSelection,Menu Selection,1040,397,0.00,0.00,None,N/A,
110.7010,asiya,MenuSelection,Menu Selection,1040,397,0.00,0.00,None,N/A,
110.7117,asiya,MenuSelection,Menu Selection,1040,397,0.00,0.00,None,N/A,
110.7213,asiya,MenuSelection,Menu Selection,1040,397,0.00,0.00,None,N/A,
110.7318,asiya,MenuSelection,Menu Selection,1040,397,0.00,0.00,None,N/A,
110.7414,asiya,MenuSelection,Menu Selection,1040,397,0.00,0.00,None,N/A,
110.7519,asiya,MenuSelection,Menu Selection,1040,397,0.00,0.00,None,N/A,
110.7613,asiya,MenuSelection,Menu Selection,1040,397,0.00,0.00,None,N/A,
110.7719,asiya,MenuSelection,Menu Selection,1040,397,0.00,0.00,None,N/A,
110.7813,asiya,MenuSelection,Menu Selection,1040,397,0.00,0.00,None,N/A,
110.7919,asiya,MenuSelection,Menu Selection,1040,397,0.00,0.00,None,N/A,
110.8013,asiya,MenuSelection,Menu Selection,1040,397,0.00,0.00,None,N/A,
110.8118,asiya,MenuSelection,Menu Selection,1040,397,0.00,0.00,None,N/A,
110.8214,asiya,MenuSelection,Menu Selection,1040,397,0.00,0.00,None,N/A,
110.8319,asiya,MenuSelection,Menu Selection,1040,397,0.00,0.00,None,N/A,
110.8414,asiya,MenuSelection,Menu Selection,1040,397,0.00,0.00,None,N/A,
110.8519,asiya,MenuSelection,Menu Selection,1040,397,0.00,0.00,None,N/A,
110.8614,asiya,MenuSelection,Menu Selection,1040,397,0.00,0.00,None,N/A,
110.8719,asiya,MenuSelection,Menu Selection,1029,394,1084.73,103197.79,None,N/A,
110.8810,asiya,MenuSelection,Menu Selection,1004,382,3047.52,215703.52,None,N/A,
110.8913,asiya,MenuSelection,Menu Selection,997,378,786.24,-220523.05,None,N/A,
110.9010,asiya,MenuSelection,Menu Selection,994,376,371.27,-42730.54,None,N/A,
110.9110,asiya,MenuSelection,Menu Selection,989,373,585.17,21467.14,None,N/A,
110.9217,asiya,MenuSelection,Menu Selection,988,372,131.41,-42164.50,None,N/A,
110.9313,asiya,MenuSelection,Menu Selection,986,371,234.04,10741.09,None,N/A,
110.9415,asiya,MenuSelection,Menu Selection,985,371,98.44,-13348.02,None,N/A,
110.9518,asiya,MenuSelection,Menu Selection,984,370,136.52,3676.04,None,N/A,
110.9618,asiya,MenuSelection,Menu Selection,984,370,0.00,-13686.57,None,N/A,
110.9715,asiya,MenuSelection,Menu Selection,983,369,146.06,15085.07,None,N/A,
110.9813,asiya,MenuSelection,Menu Selection,983,369,0.00,-14806.52,None,N/A,
110.9909,asiya,MenuSelection,Menu Selection,983,368,104.40,10898.99,None,N/A,
111.0013,asiya,MenuSelection,Menu Selection,983,368,0.00,-10057.84,None,N/A,
111.0118,asiya,MenuSelection,Menu Selection,983,368,0.00,0.00,None,N/A,
111.0212,asiya,MenuSelection,Menu Selection,983,368,0.00,0.00,None,N/A,
111.0317,asiya,MenuSelection,Menu Selection,983,368,0.00,0.00,None,N/A,
111.0412,asiya,MenuSelection,Menu Selection,983,368,0.00,0.00,None,N/A,
111.0516,asiya,MenuSelection,Menu Selection,983,368,0.00,0.00,None,N/A,
111.0613,asiya,MenuSelection,Menu Selection,983,368,0.00,0.00,None,N/A,
111.0717,asiya,MenuSelection,Menu Selection,983,368,0.00,0.00,None,N/A,
111.0812,asiya,MenuSelection,Menu Selection,983,368,0.00,0.00,None,N/A,
111.0916,asiya,MenuSelection,Menu Selection,983,368,0.00,0.00,None,N/A,
111.1012,asiya,MenuSelection,Menu Selection,983,368,0.00,0.00,None,N/A,
111.1118,asiya,MenuSelection,Menu Selection,983,368,0.00,0.00,None,N/A,
111.1213,asiya,MenuSelection,Menu Selection,983,368,0.00,0.00,None,N/A,
111.1317,asiya,MenuSelection,Menu Selection,983,368,0.00,0.00,None,N/A,
111.1412,asiya,MenuSelection,Menu Selection,983,368,0.00,0.00,None,N/A,
111.1516,asiya,MenuSelection,Menu Selection,983,368,0.00,0.00,None,N/A,
111.1611,asiya,MenuSelection,Menu Selection,983,368,0.00,0.00,None,N/A,
111.1716,asiya,MenuSelection,Menu Selection,983,368,0.00,0.00,None,N/A,
111.1810,asiya,MenuSelection,Menu Selection,983,368,0.00,0.00,None,N/A,
111.1916,asiya,MenuSelection,Menu Selection,983,368,0.00,0.00,None,N/A,
111.2012,asiya,MenuSelection,Menu Selection,983,368,0.00,0.00,None,N/A,
111.2117,asiya,MenuSelection,Menu Selection,983,368,0.00,0.00,None,N/A,
111.2211,asiya,MenuSelection,Menu Selection,983,368,0.00,0.00,None,N/A,
111.2312,asiya,MenuSelection,Menu Selection,983,368,0.00,0.00,Left,N/A,
111.2417,asiya,MenuSelection,Menu Selection,983,368,0.00,0.00,Left,N/A,
111.2513,asiya,MenuSelection,Menu Selection,983,368,0.00,0.00,Left,N/A,
111.2622,asiya,MenuSelection,Menu Selection,983,368,0.00,0.00,Left,N/A,
111.2722,asiya,MenuSelection,Menu Selection,983,368,0.00,0.00,Left,N/A,
111.2823,asiya,MenuSelection,Menu Selection,983,368,0.00,0.00,Left,N/A,
111.2919,asiya,MenuSelection,Menu Selection,983,368,0.00,0.00,Left,N/A,
111.3013,asiya,MenuSelection,Menu Selection,983,368,0.00,0.00,Left,N/A,
111.3119,asiya,MenuSelection,Menu Selection,983,368,0.00,0.00,Left,N/A,
111.3214,asiya,MenuSelection,Menu Selection,983,368,0.00,0.00,Left,N/A,
111.3319,asiya,MenuSelection,Menu Selection,983,368,0.00,0.00,Left,N/A,
111.3414,asiya,MenuSelection,Menu Selection,983,368,0.00,0.00,Left,N/A,
111.3510,asiya,MenuSelection,Menu Selection,983,368,0.00,0.00,Left,N/A,
111.3620,asiya,MenuSelection,Menu Selection,983,368,0.00,0.00,Left,N/A,
111.3716,asiya,MenuSelection,Menu Selection,983,368,0.00,0.00,Left,N/A,
111.3815,asiya,MenuSelection,Menu Selection,983,368,0.00,0.00,Left,N/A,
111.3915,asiya,MenuSelection,Menu Selection,983,368,0.00,0.00,Left,N/A,
111.4011,asiya,MenuSelection,Menu Selection,983,368,0.00,0.00,Left,N/A,
111.4126,asiya,MenuSelection,Menu Selection,983,368,0.00,0.00,None,N/A,
111.4209,asiya,MenuSelection,Menu Selection,983,368,0.00,0.00,None,N/A,
111.4314,asiya,MenuSelection,Menu Selection,983,368,0.00,0.00,None,N/A,
111.4419,asiya,MenuSelection,Menu Selection,983,368,0.00,0.00,None,N/A,
111.4514,asiya,MenuSelection,Menu Selection,983,368,0.00,0.00,None,N/A,
111.4610,asiya,MenuSelection,Menu Selection,983,368,0.00,0.00,None,N/A,
111.4715,asiya,MenuSelection,Menu Selection,983,368,0.00,0.00,None,N/A,
111.4810,asiya,MenuSelection,Menu Selection,983,368,0.00,0.00,None,N/A,
111.4914,asiya,MenuSelection,Menu Selection,983,368,0.00,0.00,None,N/A,
111.5010,asiya,MenuSelection,Menu Selection,983,368,0.00,0.00,None,N/A,
111.5117,asiya,MenuSelection,Menu Selection,983,368,0.00,0.00,None,N/A,
111.5213,asiya,MenuSelection,Menu Selection,983,368,0.00,0.00,None,N/A,
111.5318,asiya,MenuSelection,Menu Selection,983,368,0.00,0.00,None,N/A,
111.5412,asiya,MenuSelection,Menu Selection,983,368,0.00,0.00,None,N/A,
111.5517,asiya,MenuSelection,Menu Selection,983,368,0.00,0.00,None,N/A,
111.5617,asiya,MenuSelection,Menu Selection,983,368,0.00,0.00,None,N/A,
111.5711,asiya,MenuSelection,Menu Selection,983,368,0.00,0.00,None,N/A,
111.5816,asiya,MenuSelection,Menu Selection,983,368,0.00,0.00,None,N/A,
111.5910,asiya,MenuSelection,Menu Selection,983,368,0.00,0.00,None,N/A,
111.6015,asiya,MenuSelection,Menu Selection,983,368,0.00,0.00,None,N/A,
111.6111,asiya,MenuSelection,Menu Selection,983,368,0.00,0.00,None,N/A,
111.6215,asiya,MenuSelection,Menu Selection,983,368,0.00,0.00,None,N/A,
111.6310,asiya,MenuSelection,Menu Selection,983,368,0.00,0.00,None,N/A,
111.6414,asiya,MenuSelection,Menu Selection,983,368,0.00,0.00,None,N/A,
111.6518,asiya,MenuSelection,Menu Selection,983,368,0.00,0.00,None,N/A,
111.6617,asiya,MenuSelection,Menu Selection,983,369,100.35,10070.00,None,N/A,
111.6715,asiya,MenuSelection,Menu Selection,983,371,205.17,10752.35,None,N/A,
111.6813,asiya,MenuSelection,Menu Selection,983,372,101.99,-10522.89,None,N/A,
111.6910,asiya,MenuSelection,Menu Selection,983,374,206.49,10788.49,None,N/A,
111.7019,asiya,MenuSelection,Menu Selection,983,375,91.42,-10519.57,None,N/A,
111.7115,asiya,MenuSelection,Menu Selection,983,377,207.67,12070.87,None,N/A,
111.7210,asiya,MenuSelection,Menu Selection,983,378,105.61,-10778.52,None,N/A,
111.7316,asiya,MenuSelection,Menu Selection,983,379,94.66,-1036.15,None,N/A,
111.7410,asiya,MenuSelection,Menu Selection,983,382,316.23,23354.33,None,N/A,
111.7512,asiya,MenuSelection,Menu Selection,983,383,98.70,-21470.13,None,N/A,
111.7615,asiya,MenuSelection,Menu Selection,983,386,291.59,18747.66,None,N/A,
111.7716,asiya,MenuSelection,Menu Selection,983,387,98.87,-19053.93,None,N/A,
111.7814,asiya,MenuSelection,Menu Selection,982,389,226.82,12978.88,None,N/A,
111.7916,asiya,MenuSelection,Menu Selection,982,390,98.18,-12629.91,None,N/A,
111.8009,asiya,MenuSelection,Menu Selection,982,392,214.51,12477.41,None,N/A,
111.8114,asiya,MenuSelection,Menu Selection,982,392,0.00,-20574.44,None,N/A,
111.8211,asiya,MenuSelection,Menu Selection,982,393,102.65,10537.66,None,N/A,
111.8318,asiya,MenuSelection,Menu Selection,982,394,93.63,-844.56,None,N/A,
111.8413,asiya,MenuSelection,Menu Selection,982,394,0.00,-9806.64,None,N/A,
111.8513,asiya,MenuSelection,Menu Selection,982,395,100.18,10036.84,None,N/A,
111.8615,asiya,MenuSelection,Menu Selection,982,395,0.00,-9865.99,None,N/A,
111.8712,asiya,MenuSelection,Menu Selection,982,396,102.72,10550.57,None,N/A,
111.8819,asiya,MenuSelection,Menu Selection,982,397,93.87,-830.54,None,N/A,
111.8916,asiya,MenuSelection,Menu Selection,981,398,145.78,5351.69,None,N/A,
111.9013,asiya,MenuSelection,Menu Selection,981,399,102.26,-4450.71,None,N/A,
111.9113,asiya,MenuSelection,Menu Selection,981,399,0.00,-10228.96,None,N/A,
111.9213,asiya,MenuSelection,Menu Selection,981,399,0.00,0.00,None,N/A,
111.9309,asiya,MenuSelection,Menu Selection,981,400,104.47,10913.11,None,N/A,
111.9419,asiya,MenuSelection,Menu Selection,981,400,0.00,-9517.18,None,N/A,
111.9513,asiya,MenuSelection,Menu Selection,981,401,105.79,11191.22,None,N/A,
111.9614,asiya,MenuSelection,Menu Selection,981,401,0.00,-10481.16,None,N/A,
111.9719,asiya,MenuSelection,Menu Selection,981,401,0.00,0.00,None,N/A,
111.9813,asiya,MenuSelection,Menu Selection,981,401,0.00,0.00,None,N/A,
111.9962,asiya,MenuSelection,Menu Selection,981,401,0.00,0.00,None,N/A,
112.0009,asiya,MenuSelection,Menu Selection,981,401,0.00,0.00,None,N/A,
112.0114,asiya,MenuSelection,Menu Selection,981,401,0.00,0.00,None,N/A,
112.0218,asiya,MenuSelection,Menu Selection,981,401,0.00,0.00,None,N/A,
112.0312,asiya,MenuSelection,Menu Selection,981,401,0.00,0.00,None,N/A,
112.0416,asiya,MenuSelection,Menu Selection,981,401,0.00,0.00,None,N/A,
112.0511,asiya,MenuSelection,Menu Selection,981,401,0.00,0.00,None,N/A,
112.0615,asiya,MenuSelection,Menu Selection,981,401,0.00,0.00,None,N/A,
112.0710,asiya,MenuSelection,Menu Selection,981,401,0.00,0.00,None,N/A,
112.0815,asiya,MenuSelection,Menu Selection,981,401,0.00,0.00,None,N/A,
112.0919,asiya,MenuSelection,Menu Selection,981,401,0.00,0.00,None,N/A,
112.1013,asiya,MenuSelection,Menu Selection,981,401,0.00,0.00,None,N/A,
112.1110,asiya,MenuSelection,Menu Selection,981,401,0.00,0.00,None,N/A,
112.1214,asiya,MenuSelection,Menu Selection,981,401,0.00,0.00,None,N/A,
112.1315,asiya,MenuSelection,Menu Selection,981,401,0.00,0.00,None,N/A,
112.1410,asiya,MenuSelection,Menu Selection,981,401,0.00,0.00,None,N/A,
112.1509,asiya,MenuSelection,Menu Selection,981,401,0.00,0.00,None,N/A,
112.1614,asiya,MenuSelection,Menu Selection,981,401,0.00,0.00,None,N/A,
112.1712,asiya,MenuSelection,Menu Selection,982,401,102.73,10553.16,None,N/A,
112.1810,asiya,MenuSelection,Menu Selection,982,401,0.00,-10451.78,None,N/A,
112.1916,asiya,MenuSelection,Menu Selection,983,401,94.47,8923.88,None,N/A,
112.2014,asiya,MenuSelection,Menu Selection,984,401,102.34,805.80,None,N/A,
112.2113,asiya,MenuSelection,Menu Selection,985,401,100.79,-156.16,None,N/A,
112.2218,asiya,MenuSelection,Menu Selection,987,401,189.96,8469.82,None,N/A,
112.2318,asiya,MenuSelection,Menu Selection,988,401,100.00,-8996.37,None,N/A,
112.2413,asiya,MenuSelection,Menu Selection,991,401,315.61,22683.65,None,N/A,
112.2514,asiya,MenuSelection,Menu Selection,993,401,198.99,-11603.36,None,N/A,
112.2611,asiya,MenuSelection,Menu Selection,997,401,410.81,21754.55,None,N/A,
112.2714,asiya,MenuSelection,Menu Selection,1000,401,291.51,-11592.89,None,N/A,
112.2809,asiya,MenuSelection,Menu Selection,1007,401,737.23,46942.64,None,N/A,
112.2913,asiya,MenuSelection,Menu Selection,1010,401,288.97,-43177.76,None,N/A,
112.3013,asiya,MenuSelection,Menu Selection,1013,401,297.66,862.05,None,N/A,
112.3110,asiya,MenuSelection,Menu Selection,1017,401,413.86,12023.32,None,N/A,
112.3219,asiya,MenuSelection,Menu Selection,1020,400,289.83,-11367.92,None,N/A,
112.3316,asiya,MenuSelection,Menu Selection,1021,400,103.31,-19269.57,None,N/A,
112.3414,asiya,MenuSelection,Menu Selection,1022,400,102.48,-84.85,None,N/A,
112.3512,asiya,MenuSelection,Menu Selection,1025,399,322.63,22460.08,None,N/A,
112.3619,asiya,MenuSelection,Menu Selection,1026,399,92.74,-21319.94,None,N/A,
112.3717,asiya,MenuSelection,Menu Selection,1028,399,205.01,11508.17,None,N/A,
112.3819,asiya,MenuSelection,Menu Selection,1028,399,0.00,-20043.24,None,N/A,
112.3912,asiya,MenuSelection,Menu Selection,1030,399,214.55,23016.58,None,N/A,
112.4017,asiya,MenuSelection,Menu Selection,1030,399,0.00,-20570.60,None,N/A,
112.4113,asiya,MenuSelection,Menu Selection,1031,399,104.39,10896.28,None,N/A,
112.4217,asiya,MenuSelection,Menu Selection,1031,399,0.00,-10016.78,None,N/A,
112.4318,asiya,MenuSelection,Menu Selection,1032,399,98.96,9792.54,None,N/A,
112.4415,asiya,MenuSelection,Menu Selection,1033,399,103.28,446.72,None,N/A,
112.4512,asiya,MenuSelection,Menu Selection,1034,400,145.21,4305.40,None,N/A,
112.4619,asiya,MenuSelection,Menu Selection,1036,400,187.29,3940.54,None,N/A,
112.4719,asiya,MenuSelection,Menu Selection,1037,401,141.45,-4585.43,None,N/A,
112.4815,asiya,MenuSelection,Menu Selection,1038,402,147.00,577.91,None,N/A,
112.4915,asiya,MenuSelection,Menu Selection,1039,402,100.48,-4674.98,None,N/A,
112.5014,asiya,MenuSelection,Menu Selection,1040,403,142.61,4248.93,None,N/A,
112.5111,asiya,MenuSelection,Menu Selection,1041,403,103.17,-4069.13,None,N/A,
112.5211,asiya,MenuSelection,Menu Selection,1043,405,282.97,17988.21,None,N/A,
112.5315,asiya,MenuSelection,Menu Selection,1044,406,135.51,-14129.73,None,N/A,
112.5416,asiya,MenuSelection,Menu Selection,1047,409,421.00,28329.83,None,N/A,
112.5512,asiya,MenuSelection,Menu Selection,1048,411,232.43,-19601.32,None,N/A,
112.5612,asiya,MenuSelection,Menu Selection,1050,413,283.58,5128.41,None,N/A,
112.5717,asiya,MenuSelection,Menu Selection,1052,418,510.71,21539.74,None,N/A,
112.5816,asiya,MenuSelection,Menu Selection,1053,420,227.09,-28803.41,None,N/A,
112.5915,asiya,MenuSelection,Menu Selection,1054,425,514.91,29065.05,None,N/A,
112.6012,asiya,MenuSelection,Menu Selection,1054,427,205.50,-31792.13,None,N/A,
112.6111,asiya,MenuSelection,Menu Selection,1055,430,318.48,11378.67,None,N/A,
112.6211,asiya,MenuSelection,Menu Selection,1055,432,199.90,-11852.39,None,N/A,
112.6309,asiya,MenuSelection,Menu Selection,1055,434,204.87,508.57,None,N/A,
112.6413,asiya,MenuSelection,Menu Selection,1055,435,96.10,-10452.38,None,N/A,
112.6513,asiya,MenuSelection,Menu Selection,1055,437,200.67,10491.54,None,N/A,
112.6618,asiya,MenuSelection,Menu Selection,1055,439,189.15,-1089.51,None,N/A,
112.6717,asiya,MenuSelection,Menu Selection,1056,440,142.68,-4688.34,None,N/A,
112.6817,asiya,MenuSelection,Menu Selection,1056,443,301.21,15917.53,None,N/A,
112.6919,asiya,MenuSelection,Menu Selection,1056,444,98.09,-19924.61,None,N/A,
112.7012,asiya,MenuSelection,Menu Selection,1056,446,214.43,12473.66,None,N/A,
112.7113,asiya,MenuSelection,Menu Selection,1056,448,198.99,-1536.07,None,N/A,
112.7209,asiya,MenuSelection,Menu Selection,1056,450,207.81,916.39,None,N/A,
112.7317,asiya,MenuSelection,Menu Selection,1056,451,92.36,-10663.28,None,N/A,
112.7411,asiya,MenuSelection,Menu Selection,1056,453,213.33,12902.65,None,N/A,
112.7513,asiya,MenuSelection,Menu Selection,1056,454,97.80,-11298.44,None,N/A,
112.7612,asiya,MenuSelection,Menu Selection,1056,455,101.20,343.88,None,N/A,
112.7719,asiya,MenuSelection,Menu Selection,1056,456,93.83,-691.80,None,N/A,
112.7810,asiya,MenuSelection,Menu Selection,1056,456,0.00,-10266.48,None,N/A,
112.7914,asiya,MenuSelection,Menu Selection,1056,457,96.03,9222.61,None,N/A,
112.8015,asiya,MenuSelection,Menu Selection,1056,457,0.00,-9486.52,None,N/A,
112.8113,asiya,MenuSelection,Menu Selection,1056,457,0.00,0.00,None,N/A,
112.8219,asiya,MenuSelection,Menu Selection,1056,458,94.14,8862.30,None,N/A,
112.8310,asiya,MenuSelection,Menu Selection,1056,458,0.00,-10330.73,None,N/A,
112.8415,asiya,MenuSelection,Menu Selection,1056,458,0.00,0.00,None,N/A,
112.8510,asiya,MenuSelection,Menu Selection,1056,458,0.00,0.00,None,N/A,
112.8615,asiya,MenuSelection,Menu Selection,1056,458,0.00,0.00,None,N/A,
112.8710,asiya,MenuSelection,Menu Selection,1056,458,0.00,0.00,None,N/A,
112.8814,asiya,MenuSelection,Menu Selection,1056,458,0.00,0.00,None,N/A,
112.8915,asiya,MenuSelection,Menu Selection,1056,458,0.00,0.00,None,N/A,
112.9014,asiya,MenuSelection,Menu Selection,1055,458,101.00,10201.87,None,N/A,
112.9119,asiya,MenuSelection,Menu Selection,1055,458,0.00,-9576.88,None,N/A,
112.9214,asiya,MenuSelection,Menu Selection,1055,458,0.00,0.00,None,N/A,
112.9318,asiya,MenuSelection,Menu Selection,1055,458,0.00,0.00,None,N/A,
112.9413,asiya,MenuSelection,Menu Selection,1055,458,0.00,0.00,None,N/A,
112.9519,asiya,MenuSelection,Menu Selection,1055,458,0.00,0.00,None,N/A,
112.9615,asiya,MenuSelection,Menu Selection,1055,458,0.00,0.00,None,N/A,
112.9719,asiya,MenuSelection,Menu Selection,1055,458,0.00,0.00,None,N/A,
112.9814,asiya,MenuSelection,Menu Selection,1055,458,0.00,0.00,None,N/A,
112.9919,asiya,MenuSelection,Menu Selection,1055,458,0.00,0.00,None,N/A,
113.0014,asiya,MenuSelection,Menu Selection,1055,458,0.00,0.00,None,N/A,
113.0110,asiya,MenuSelection,Menu Selection,1055,458,0.00,0.00,None,N/A,
113.0216,asiya,MenuSelection,Menu Selection,1055,458,0.00,0.00,None,N/A,
113.0311,asiya,MenuSelection,Menu Selection,1055,458,0.00,0.00,None,N/A,
113.0416,asiya,MenuSelection,Menu Selection,1055,458,0.00,0.00,None,N/A,
113.0511,asiya,MenuSelection,Menu Selection,1055,458,0.00,0.00,None,N/A,
113.0617,asiya,MenuSelection,Menu Selection,1055,458,0.00,0.00,None,N/A,
113.0711,asiya,MenuSelection,Menu Selection,1055,458,0.00,0.00,None,N/A,
113.0810,asiya,MenuSelection,Menu Selection,1055,458,0.00,0.00,Left,N/A,
113.0915,asiya,MenuSelection,Menu Selection,1055,458,0.00,0.00,Left,N/A,
113.1019,asiya,MenuSelection,Menu Selection,1055,458,0.00,0.00,Left,N/A,
113.1116,asiya,MenuSelection,Menu Selection,1055,458,0.00,0.00,Left,N/A,
113.1211,asiya,MenuSelection,Menu Selection,1055,458,0.00,0.00,Left,N/A,
113.1315,asiya,MenuSelection,Menu Selection,1055,458,0.00,0.00,Left,N/A,
113.1420,asiya,MenuSelection,Menu Selection,1055,458,0.00,0.00,Left,N/A,
113.1515,asiya,MenuSelection,Menu Selection,1055,458,0.00,0.00,Left,N/A,
113.1613,asiya,MenuSelection,Menu Selection,1055,458,0.00,0.00,Left,N/A,
113.1718,asiya,MenuSelection,Menu Selection,1055,458,0.00,0.00,Left,N/A,
113.1813,asiya,MenuSelection,Menu Selection,1055,458,0.00,0.00,Left,N/A,
113.1920,asiya,MenuSelection,Menu Selection,1055,458,0.00,0.00,Left,N/A,
113.2016,asiya,MenuSelection,Menu Selection,1055,458,0.00,0.00,Left,N/A,
113.2112,asiya,MenuSelection,Menu Selection,1055,458,0.00,0.00,Left,N/A,
113.2217,asiya,MenuSelection,Menu Selection,1055,458,0.00,0.00,Left,N/A,
113.2313,asiya,MenuSelection,Menu Selection,1055,458,0.00,0.00,Left,N/A,
113.2417,asiya,MenuSelection,Menu Selection,1055,458,0.00,0.00,Left,N/A,
113.2512,asiya,MenuSelection,Menu Selection,1055,458,0.00,0.00,Left,N/A,
113.2586,asiya,MenuSelection,Menu Selection,1055,458,0.00,0.00,None,N/A,menu_item_selected_correct
