Time,ParticipantID,Task,Label,X,Y,Velocity,Acceleration,ButtonState,ActiveWindow,Event
0.0111,asiya,Navigation,Navigation,1085,557,0.00,0.00,None,N/A,
0.0214,asiya,Navigation,Navigation,1085,557,0.00,0.00,None,N/A,
0.0309,asiya,Navigation,Navigation,1085,557,0.00,0.00,None,N/A,
0.0405,asiya,Navigation,Navigation,1085,557,0.00,0.00,None,N/A,
0.0510,asiya,Navigation,Navigation,1085,557,0.00,0.00,None,N/A,
0.0605,asiya,Navigation,Navigation,1085,557,0.00,0.00,None,N/A,
0.0711,asiya,Navigation,Navigation,1085,557,0.00,0.00,None,N/A,
0.0807,asiya,Navigation,Navigation,1085,557,0.00,0.00,None,N/A,
0.0912,asiya,Navigation,Navigation,1085,557,0.00,0.00,None,N/A,
0.1013,asiya,Navigation,Navigation,1085,557,0.00,0.00,None,N/A,
0.1108,asiya,Navigation,Navigation,1085,557,0.00,0.00,None,N/A,
0.1212,asiya,Navigation,Navigation,1085,557,0.00,0.00,None,N/A,
0.1306,asiya,Navigation,Navigation,1085,557,0.00,0.00,None,N/A,
0.1411,asiya,Navigation,Navigation,1085,557,0.00,0.00,None,N/A,
0.1505,asiya,Navigation,Navigation,1085,557,0.00,0.00,None,N/A,
0.1610,asiya,Navigation,Navigation,1085,557,0.00,0.00,None,N/A,
0.1704,asiya,Navigation,Navigation,1085,557,0.00,0.00,None,N/A,
0.1810,asiya,Navigation,Navigation,1085,557,0.00,0.00,None,N/A,
0.1906,asiya,Navigation,Navigation,1085,557,0.00,0.00,None,N/A,
0.2011,asiya,Navigation,Navigation,1085,557,0.00,0.00,None,N/A,
0.2106,asiya,Navigation,Navigation,1085,557,0.00,0.00,None,N/A,
0.2212,asiya,Navigation,Navigation,1085,557,0.00,0.00,None,N/A,
0.2311,asiya,Navigation,Navigation,1085,557,0.00,0.00,None,N/A,
0.2409,asiya,Navigation,Navigation,1085,557,0.00,0.00,None,N/A,
0.2518,asiya,Navigation,Navigation,1085,557,0.00,0.00,None,N/A,
0.2620,asiya,Navigation,Navigation,1085,557,0.00,0.00,None,N/A,
0.2706,asiya,Navigation,Navigation,1085,557,0.00,0.00,None,N/A,
0.2818,asiya,Navigation,Navigation,1085,557,0.00,0.00,None,N/A,
0.2914,asiya,Navigation,Navigation,1085,557,0.00,0.00,None,N/A,
0.3013,asiya,Navigation,Navigation,1085,557,0.00,0.00,None,N/A,
0.3113,asiya,Navigation,Navigation,1085,557,0.00,0.00,None,N/A,
0.3210,asiya,Navigation,Navigation,1085,557,0.00,0.00,None,N/A,
0.3305,asiya,Navigation,Navigation,1085,557,0.00,0.00,None,N/A,
0.3411,asiya,Navigation,Navigation,1085,557,0.00,0.00,None,N/A,
0.3510,asiya,Navigation,Navigation,1085,557,0.00,0.00,None,N/A,
0.3605,asiya,Navigation,Navigation,1085,557,0.00,0.00,None,N/A,
0.3710,asiya,Navigation,Navigation,1085,557,0.00,0.00,None,N/A,
0.3809,asiya,Navigation,Navigation,1085,557,0.00,0.00,None,N/A,
0.3905,asiya,Navigation,Navigation,1085,557,0.00,0.00,None,N/A,
0.4011,asiya,Navigation,Navigation,1085,557,0.00,0.00,None,N/A,
0.4107,asiya,Navigation,Navigation,1085,557,0.00,0.00,None,N/A,
0.4213,asiya,Navigation,Navigation,1085,557,0.00,0.00,None,N/A,
0.4308,asiya,Navigation,Navigation,1085,557,0.00,0.00,None,N/A,
0.4414,asiya,Navigation,Navigation,1085,557,0.00,0.00,None,N/A,
0.4509,asiya,Navigation,Navigation,1085,557,0.00,0.00,None,N/A,
0.4614,asiya,Navigation,Navigation,1085,557,0.00,0.00,None,N/A,
0.4709,asiya,Navigation,Navigation,1085,557,0.00,0.00,None,N/A,
0.4814,asiya,Navigation,Navigation,1085,557,0.00,0.00,None,N/A,
0.4909,asiya,Navigation,Navigation,1085,557,0.00,0.00,None,N/A,
0.5014,asiya,Navigation,Navigation,1085,557,0.00,0.00,None,N/A,
0.5108,asiya,Navigation,Navigation,1085,557,0.00,0.00,None,N/A,
0.5213,asiya,Navigation,Navigation,1085,557,0.00,0.00,None,N/A,
0.5309,asiya,Navigation,Navigation,1085,557,0.00,0.00,None,N/A,
0.5415,asiya,Navigation,Navigation,1085,557,0.00,0.00,None,N/A,
0.5512,asiya,Navigation,Navigation,1085,557,0.00,0.00,None,N/A,
0.5610,asiya,Navigation,Navigation,1085,557,0.00,0.00,None,N/A,
0.5706,asiya,Navigation,Navigation,1085,557,0.00,0.00,None,N/A,
0.5814,asiya,Navigation,Navigation,1085,557,0.00,0.00,None,N/A,
0.5909,asiya,Navigation,Navigation,1085,557,0.00,0.00,None,N/A,
0.6014,asiya,Navigation,Navigation,1085,557,0.00,0.00,None,N/A,
0.6111,asiya,Navigation,Navigation,1085,557,0.00,0.00,None,N/A,
0.6206,asiya,Navigation,Navigation,1085,557,0.00,0.00,None,N/A,
0.6313,asiya,Navigation,Navigation,1085,557,0.00,0.00,None,N/A,
0.6410,asiya,Navigation,Navigation,1085,557,0.00,0.00,None,N/A,
0.6523,asiya,Navigation,Navigation,1085,557,0.00,0.00,None,N/A,
0.6617,asiya,Navigation,Navigation,1085,557,0.00,0.00,None,N/A,
0.6713,asiya,Navigation,Navigation,1085,557,0.00,0.00,None,N/A,
0.6812,asiya,Navigation,Navigation,1085,557,0.00,0.00,None,N/A,
0.6908,asiya,Navigation,Navigation,1085,557,0.00,0.00,None,N/A,
0.7012,asiya,Navigation,Navigation,1085,557,0.00,0.00,None,N/A,
0.7107,asiya,Navigation,Navigation,1085,557,0.00,0.00,None,N/A,
0.7213,asiya,Navigation,Navigation,1085,557,0.00,0.00,None,N/A,
0.7309,asiya,Navigation,Navigation,1085,557,0.00,0.00,None,N/A,
0.7405,asiya,Navigation,Navigation,1085,557,0.00,0.00,None,N/A,
0.7511,asiya,Navigation,Navigation,1085,557,0.00,0.00,None,N/A,
0.7606,asiya,Navigation,Navigation,1085,557,0.00,0.00,None,N/A,
0.7712,asiya,Navigation,Navigation,1085,557,0.00,0.00,None,N/A,
0.7809,asiya,Navigation,Navigation,1085,557,0.00,0.00,None,N/A,
0.7914,asiya,Navigation,Navigation,1085,557,0.00,0.00,None,N/A,
0.8009,asiya,Navigation,Navigation,1085,557,0.00,0.00,None,N/A,
0.8113,asiya,Navigation,Navigation,1085,557,0.00,0.00,None,N/A,
0.8208,asiya,Navigation,Navigation,1085,557,0.00,0.00,None,N/A,
0.8314,asiya,Navigation,Navigation,1085,557,0.00,0.00,None,N/A,
0.8409,asiya,Navigation,Navigation,1085,557,0.00,0.00,None,N/A,
0.8505,asiya,Navigation,Navigation,1085,557,0.00,0.00,None,N/A,
0.8609,asiya,Navigation,Navigation,1085,557,0.00,0.00,None,N/A,
0.8714,asiya,Navigation,Navigation,1085,557,0.00,0.00,None,N/A,
0.8812,asiya,Navigation,Navigation,1085,557,0.00,0.00,None,N/A,
0.8907,asiya,Navigation,Navigation,1085,557,0.00,0.00,None,N/A,
0.9012,asiya,Navigation,Navigation,1085,557,0.00,0.00,None,N/A,
0.9106,asiya,Navigation,Navigation,1085,557,0.00,0.00,None,N/A,
0.9211,asiya,Navigation,Navigation,1085,557,0.00,0.00,None,N/A,
0.9307,asiya,Navigation,Navigation,1085,557,0.00,0.00,None,N/A,
0.9412,asiya,Navigation,Navigation,1085,557,0.00,0.00,None,N/A,
0.9507,asiya,Navigation,Navigation,1085,557,0.00,0.00,None,N/A,
0.9611,asiya,Navigation,Navigation,1085,557,0.00,0.00,None,N/A,
0.9705,asiya,Navigation,Navigation,1085,557,0.00,0.00,None,N/A,
0.9809,asiya,Navigation,Navigation,1085,557,0.00,0.00,None,N/A,
0.9913,asiya,Navigation,Navigation,1085,557,0.00,0.00,None,N/A,
1.0007,asiya,Navigation,Navigation,1085,557,0.00,0.00,None,N/A,
1.0112,asiya,Navigation,Navigation,1085,557,0.00,0.00,None,N/A,
1.0207,asiya,Navigation,Navigation,1085,557,0.00,0.00,None,N/A,
1.0314,asiya,Navigation,Navigation,1085,557,0.00,0.00,None,N/A,
1.0409,asiya,Navigation,Navigation,1085,557,0.00,0.00,None,N/A,
1.0517,asiya,Navigation,Navigation,1085,557,0.00,0.00,None,N/A,
1.0613,asiya,Navigation,Navigation,1085,557,0.00,0.00,None,N/A,
1.0707,asiya,Navigation,Navigation,1085,557,0.00,0.00,None,N/A,
1.0812,asiya,Navigation,Navigation,1085,557,0.00,0.00,None,N/A,
1.0908,asiya,Navigation,Navigation,1085,557,0.00,0.00,None,N/A,
1.1007,asiya,Navigation,Navigation,1085,557,0.00,0.00,None,N/A,
1.1131,asiya,Navigation,Navigation,1085,557,0.00,0.00,None,N/A,
1.1209,asiya,Navigation,Navigation,1085,557,0.00,0.00,None,N/A,
1.1306,asiya,Navigation,Navigation,1085,557,0.00,0.00,None,N/A,
1.1412,asiya,Navigation,Navigation,1085,557,0.00,0.00,None,N/A,
1.1509,asiya,Navigation,Navigation,1085,557,0.00,0.00,None,N/A,
1.1614,asiya,Navigation,Navigation,1085,557,0.00,0.00,None,N/A,
1.1710,asiya,Navigation,Navigation,1085,557,0.00,0.00,None,N/A,
1.1806,asiya,Navigation,Navigation,1085,557,0.00,0.00,None,N/A,
1.1912,asiya,Navigation,Navigation,1085,557,0.00,0.00,None,N/A,
1.2009,asiya,Navigation,Navigation,1085,557,0.00,0.00,None,N/A,
1.2109,asiya,Navigation,Navigation,1085,557,0.00,0.00,None,N/A,
1.2205,asiya,Navigation,Navigation,1085,557,0.00,0.00,None,N/A,
1.2311,asiya,Navigation,Navigation,1085,557,0.00,0.00,None,N/A,
1.2405,asiya,Navigation,Navigation,1085,557,0.00,0.00,None,N/A,
1.2510,asiya,Navigation,Navigation,1085,557,0.00,0.00,None,N/A,
1.2605,asiya,Navigation,Navigation,1085,557,0.00,0.00,None,N/A,
1.2710,asiya,Navigation,Navigation,1085,557,0.00,0.00,None,N/A,
1.2806,asiya,Navigation,Navigation,1085,557,0.00,0.00,None,N/A,
1.2912,asiya,Navigation,Navigation,1085,557,0.00,0.00,None,N/A,
1.3007,asiya,Navigation,Navigation,1085,557,0.00,0.00,None,N/A,
1.3112,asiya,Navigation,Navigation,1085,557,0.00,0.00,None,N/A,
1.3208,asiya,Navigation,Navigation,1085,557,0.00,0.00,None,N/A,
1.3312,asiya,Navigation,Navigation,1085,557,0.00,0.00,None,N/A,
1.3408,asiya,Navigation,Navigation,1085,557,0.00,0.00,None,N/A,
1.3515,asiya,Navigation,Navigation,1085,557,0.00,0.00,None,N/A,
1.3611,asiya,Navigation,Navigation,1085,557,0.00,0.00,None,N/A,
1.3707,asiya,Navigation,Navigation,1085,557,0.00,0.00,None,N/A,
1.3818,asiya,Navigation,Navigation,1085,557,0.00,0.00,None,N/A,
1.3914,asiya,Navigation,Navigation,1085,557,0.00,0.00,None,N/A,
1.4014,asiya,Navigation,Navigation,1085,557,0.00,0.00,None,N/A,
1.4110,asiya,Navigation,Navigation,1085,557,0.00,0.00,None,N/A,
1.4205,asiya,Navigation,Navigation,1085,557,0.00,0.00,None,N/A,
1.4311,asiya,Navigation,Navigation,1085,557,0.00,0.00,None,N/A,
1.4407,asiya,Navigation,Navigation,1085,557,0.00,0.00,None,N/A,
1.4511,asiya,Navigation,Navigation,1085,557,0.00,0.00,None,N/A,
1.4615,asiya,Navigation,Navigation,1085,557,0.00,0.00,None,N/A,
1.4710,asiya,Navigation,Navigation,1085,557,0.00,0.00,None,N/A,
1.4805,asiya,Navigation,Navigation,1085,557,0.00,0.00,None,N/A,
1.4910,asiya,Navigation,Navigation,1085,557,0.00,0.00,None,N/A,
1.5004,asiya,Navigation,Navigation,1085,557,0.00,0.00,None,N/A,
1.5109,asiya,Navigation,Navigation,1085,557,0.00,0.00,None,N/A,
1.5213,asiya,Navigation,Navigation,1085,557,0.00,0.00,None,N/A,
1.5310,asiya,Navigation,Navigation,1085,557,0.00,0.00,None,N/A,
1.5405,asiya,Navigation,Navigation,1085,557,0.00,0.00,None,N/A,
1.5510,asiya,Navigation,Navigation,1085,557,0.00,0.00,None,N/A,
1.5605,asiya,Navigation,Navigation,1085,557,0.00,0.00,None,N/A,
1.5710,asiya,Navigation,Navigation,1085,557,0.00,0.00,None,N/A,
1.5806,asiya,Navigation,Navigation,1085,557,0.00,0.00,None,N/A,
1.5912,asiya,Navigation,Navigation,1085,557,0.00,0.00,None,N/A,
1.6006,asiya,Navigation,Navigation,1085,557,0.00,0.00,None,N/A,
1.6111,asiya,Navigation,Navigation,1085,557,0.00,0.00,None,N/A,
1.6205,asiya,Navigation,Navigation,1085,557,0.00,0.00,None,N/A,
1.6312,asiya,Navigation,Navigation,1085,557,0.00,0.00,None,N/A,
1.6407,asiya,Navigation,Navigation,1085,557,0.00,0.00,None,N/A,
1.6512,asiya,Navigation,Navigation,1085,557,0.00,0.00,None,N/A,
1.6606,asiya,Navigation,Navigation,1085,557,0.00,0.00,None,N/A,
1.6712,asiya,Navigation,Navigation,1085,557,0.00,0.00,None,N/A,
1.6809,asiya,Navigation,Navigation,1085,557,0.00,0.00,None,N/A,
1.6915,asiya,Navigation,Navigation,1085,557,0.00,0.00,None,N/A,
1.7010,asiya,Navigation,Navigation,1085,557,0.00,0.00,None,N/A,
1.7113,asiya,Navigation,Navigation,1085,557,0.00,0.00,None,N/A,
1.7209,asiya,Navigation,Navigation,1085,557,0.00,0.00,None,N/A,
1.7315,asiya,Navigation,Navigation,1085,557,0.00,0.00,None,N/A,
1.7410,asiya,Navigation,Navigation,1085,557,0.00,0.00,None,N/A,
1.7505,asiya,Navigation,Navigation,1085,557,0.00,0.00,None,N/A,
1.7610,asiya,Navigation,Navigation,1085,557,0.00,0.00,None,N/A,
1.7714,asiya,Navigation,Navigation,1085,557,0.00,0.00,None,N/A,
1.7810,asiya,Navigation,Navigation,1085,557,0.00,0.00,None,N/A,
1.7905,asiya,Navigation,Navigation,1085,557,0.00,0.00,None,N/A,
1.8009,asiya,Navigation,Navigation,1085,557,0.00,0.00,None,N/A,
1.8113,asiya,Navigation,Navigation,1085,557,0.00,0.00,None,N/A,
1.8207,asiya,Navigation,Navigation,1085,557,0.00,0.00,None,N/A,
1.8313,asiya,Navigation,Navigation,1085,557,0.00,0.00,None,N/A,
1.8408,asiya,Navigation,Navigation,1085,557,0.00,0.00,None,N/A,
1.8513,asiya,Navigation,Navigation,1085,557,0.00,0.00,None,N/A,
1.8607,asiya,Navigation,Navigation,1085,557,0.00,0.00,None,N/A,
1.8712,asiya,Navigation,Navigation,1085,557,0.00,0.00,None,N/A,
1.8809,asiya,Navigation,Navigation,1085,557,0.00,0.00,None,N/A,
1.8914,asiya,Navigation,Navigation,1085,557,0.00,0.00,None,N/A,
1.9010,asiya,Navigation,Navigation,1085,557,0.00,0.00,None,N/A,
1.9114,asiya,Navigation,Navigation,1085,557,0.00,0.00,None,N/A,
1.9209,asiya,Navigation,Navigation,1085,557,0.00,0.00,None,N/A,
1.9314,asiya,Navigation,Navigation,1085,557,0.00,0.00,None,N/A,
1.9409,asiya,Navigation,Navigation,1085,557,0.00,0.00,None,N/A,
1.9514,asiya,Navigation,Navigation,1085,557,0.00,0.00,None,N/A,
1.9609,asiya,Navigation,Navigation,1085,557,0.00,0.00,None,N/A,
1.9714,asiya,Navigation,Navigation,1085,557,0.00,0.00,None,N/A,
1.9810,asiya,Navigation,Navigation,1085,557,0.00,0.00,None,N/A,
1.9906,asiya,Navigation,Navigation,1085,557,0.00,0.00,None,N/A,
2.0012,asiya,Navigation,Navigation,1085,557,0.00,0.00,None,N/A,
2.0108,asiya,Navigation,Navigation,1085,557,0.00,0.00,None,N/A,
2.0213,asiya,Navigation,Navigation,1085,557,0.00,0.00,None,N/A,
2.0308,asiya,Navigation,Navigation,1085,557,0.00,0.00,None,N/A,
2.0413,asiya,Navigation,Navigation,1085,557,0.00,0.00,None,N/A,
2.0509,asiya,Navigation,Navigation,1085,557,0.00,0.00,None,N/A,
2.0614,asiya,Navigation,Navigation,1085,557,0.00,0.00,None,N/A,
2.0710,asiya,Navigation,Navigation,1085,557,0.00,0.00,None,N/A,
2.0806,asiya,Navigation,Navigation,1085,557,0.00,0.00,None,N/A,
2.0911,asiya,Navigation,Navigation,1085,557,0.00,0.00,None,N/A,
2.1006,asiya,Navigation,Navigation,1085,557,0.00,0.00,None,N/A,
2.1111,asiya,Navigation,Navigation,1085,557,0.00,0.00,None,N/A,
2.1206,asiya,Navigation,Navigation,1085,557,0.00,0.00,None,N/A,
2.1311,asiya,Navigation,Navigation,1085,557,0.00,0.00,None,N/A,
2.1406,asiya,Navigation,Navigation,1085,557,0.00,0.00,None,N/A,
2.1511,asiya,Navigation,Navigation,1085,557,0.00,0.00,None,N/A,
2.1606,asiya,Navigation,Navigation,1085,557,0.00,0.00,None,N/A,
2.1711,asiya,Navigation,Navigation,1085,557,0.00,0.00,None,N/A,
2.1807,asiya,Navigation,Navigation,1085,557,0.00,0.00,None,N/A,
2.1914,asiya,Navigation,Navigation,1085,557,0.00,0.00,None,N/A,
2.2013,asiya,Navigation,Navigation,1085,557,0.00,0.00,None,N/A,
2.2110,asiya,Navigation,Navigation,1085,557,0.00,0.00,None,N/A,
2.2208,asiya,Navigation,Navigation,1085,557,0.00,0.00,None,N/A,
2.2316,asiya,Navigation,Navigation,1085,557,0.00,0.00,None,N/A,
2.2417,asiya,Navigation,Navigation,1085,557,0.00,0.00,None,N/A,
2.2513,asiya,Navigation,Navigation,1085,557,0.00,0.00,None,N/A,
2.2608,asiya,Navigation,Navigation,1085,557,0.00,0.00,None,N/A,
2.2714,asiya,Navigation,Navigation,1085,557,0.00,0.00,None,N/A,
2.2809,asiya,Navigation,Navigation,1085,557,0.00,0.00,None,N/A,
2.2914,asiya,Navigation,Navigation,1085,557,0.00,0.00,None,N/A,
2.3014,asiya,Navigation,Navigation,1085,557,0.00,0.00,None,N/A,
2.3116,asiya,Navigation,Navigation,1085,557,0.00,0.00,None,N/A,
2.3212,asiya,Navigation,Navigation,1085,557,0.00,0.00,None,N/A,
2.3308,asiya,Navigation,Navigation,1085,557,0.00,0.00,None,N/A,
2.3419,asiya,Navigation,Navigation,1085,557,0.00,0.00,None,N/A,
2.3504,asiya,Navigation,Navigation,1085,557,0.00,0.00,None,N/A,
2.3609,asiya,Navigation,Navigation,1085,557,0.00,0.00,None,N/A,
2.3708,asiya,Navigation,Navigation,1085,557,0.00,0.00,None,N/A,
2.3818,asiya,Navigation,Navigation,1085,557,0.00,0.00,None,N/A,
2.3920,asiya,Navigation,Navigation,1085,557,0.00,0.00,None,N/A,
2.4006,asiya,Navigation,Navigation,1085,557,0.00,0.00,None,N/A,
2.4111,asiya,Navigation,Navigation,1085,557,0.00,0.00,None,N/A,
2.4206,asiya,Navigation,Navigation,1085,557,0.00,0.00,None,N/A,
2.4311,asiya,Navigation,Navigation,1085,557,0.00,0.00,None,N/A,
2.4405,asiya,Navigation,Navigation,1085,557,0.00,0.00,None,N/A,
2.4510,asiya,Navigation,Navigation,1085,557,0.00,0.00,None,N/A,
2.4614,asiya,Navigation,Navigation,1085,557,0.00,0.00,None,N/A,
2.4709,asiya,Navigation,Navigation,1085,557,0.00,0.00,None,N/A,
2.4814,asiya,Navigation,Navigation,1085,557,0.00,0.00,None,N/A,
2.4908,asiya,Navigation,Navigation,1085,557,0.00,0.00,None,N/A,
2.5017,asiya,Navigation,Navigation,1085,557,0.00,0.00,None,N/A,
2.5113,asiya,Navigation,Navigation,1085,557,0.00,0.00,None,N/A,
2.5209,asiya,Navigation,Navigation,1085,557,0.00,0.00,None,N/A,
2.5305,asiya,Navigation,Navigation,1085,557,0.00,0.00,None,N/A,
2.5411,asiya,Navigation,Navigation,1085,557,0.00,0.00,None,N/A,
2.5505,asiya,Navigation,Navigation,1085,557,0.00,0.00,None,N/A,
2.5611,asiya,Navigation,Navigation,1085,557,0.00,0.00,None,N/A,
2.5705,asiya,Navigation,Navigation,1085,557,0.00,0.00,None,N/A,
2.5811,asiya,Navigation,Navigation,1085,557,0.00,0.00,None,N/A,
2.5906,asiya,Navigation,Navigation,1085,557,0.00,0.00,None,N/A,
2.6010,asiya,Navigation,Navigation,1085,557,0.00,0.00,None,N/A,
2.6113,asiya,Navigation,Navigation,1085,557,0.00,0.00,None,N/A,
2.6207,asiya,Navigation,Navigation,1085,557,0.00,0.00,None,N/A,
2.6311,asiya,Navigation,Navigation,1085,557,0.00,0.00,None,N/A,
2.6407,asiya,Navigation,Navigation,1085,557,0.00,0.00,None,N/A,
2.6514,asiya,Navigation,Navigation,1085,557,0.00,0.00,None,N/A,
2.6610,asiya,Navigation,Navigation,1085,557,0.00,0.00,None,N/A,
2.6705,asiya,Navigation,Navigation,1085,557,0.00,0.00,None,N/A,
2.6810,asiya,Navigation,Navigation,1085,557,0.00,0.00,None,N/A,
2.6915,asiya,Navigation,Navigation,1085,557,0.00,0.00,None,N/A,
2.7009,asiya,Navigation,Navigation,1085,557,0.00,0.00,None,N/A,
2.7113,asiya,Navigation,Navigation,1085,557,0.00,0.00,None,N/A,
2.7207,asiya,Navigation,Navigation,1085,557,0.00,0.00,None,N/A,
2.7312,asiya,Navigation,Navigation,1085,557,0.00,0.00,None,N/A,
2.7407,asiya,Navigation,Navigation,1085,557,0.00,0.00,None,N/A,
2.7511,asiya,Navigation,Navigation,1085,557,0.00,0.00,None,N/A,
2.7605,asiya,Navigation,Navigation,1085,557,0.00,0.00,None,N/A,
2.7710,asiya,Navigation,Navigation,1085,557,0.00,0.00,None,N/A,
2.7806,asiya,Navigation,Navigation,1085,557,0.00,0.00,None,N/A,
2.7911,asiya,Navigation,Navigation,1085,557,0.00,0.00,None,N/A,
2.8005,asiya,Navigation,Navigation,1085,557,0.00,0.00,None,N/A,
2.8109,asiya,Navigation,Navigation,1085,557,0.00,0.00,None,N/A,
2.8214,asiya,Navigation,Navigation,1085,557,0.00,0.00,None,N/A,
2.8311,asiya,Navigation,Navigation,1085,557,0.00,0.00,None,N/A,
2.8407,asiya,Navigation,Navigation,1085,557,0.00,0.00,None,N/A,
2.8511,asiya,Navigation,Navigation,1085,557,0.00,0.00,None,N/A,
2.8606,asiya,Navigation,Navigation,1085,557,0.00,0.00,None,N/A,
2.8711,asiya,Navigation,Navigation,1085,557,0.00,0.00,None,N/A,
2.8807,asiya,Navigation,Navigation,1085,557,0.00,0.00,None,N/A,
2.8913,asiya,Navigation,Navigation,1085,557,0.00,0.00,None,N/A,
2.9007,asiya,Navigation,Navigation,1085,557,0.00,0.00,None,N/A,
2.9110,asiya,Navigation,Navigation,1085,557,0.00,0.00,None,N/A,
2.9205,asiya,Navigation,Navigation,1085,557,0.00,0.00,None,N/A,
2.9311,asiya,Navigation,Navigation,1085,557,0.00,0.00,None,N/A,
2.9406,asiya,Navigation,Navigation,1085,557,0.00,0.00,None,N/A,
2.9510,asiya,Navigation,Navigation,1085,557,0.00,0.00,None,N/A,
2.9605,asiya,Navigation,Navigation,1085,557,0.00,0.00,None,N/A,
2.9710,asiya,Navigation,Navigation,1085,557,0.00,0.00,None,N/A,
2.9806,asiya,Navigation,Navigation,1085,557,0.00,0.00,None,N/A,
2.9911,asiya,Navigation,Navigation,1085,557,0.00,0.00,None,N/A,
3.0006,asiya,Navigation,Navigation,1085,557,0.00,0.00,None,N/A,
3.0110,asiya,Navigation,Navigation,1085,557,0.00,0.00,None,N/A,
3.0205,asiya,Navigation,Navigation,1085,557,0.00,0.00,None,N/A,
3.0311,asiya,Navigation,Navigation,1085,557,0.00,0.00,None,N/A,
3.0406,asiya,Navigation,Navigation,1085,557,0.00,0.00,None,N/A,
3.0510,asiya,Navigation,Navigation,1085,557,0.00,0.00,None,N/A,
3.0614,asiya,Navigation,Navigation,1085,557,0.00,0.00,None,N/A,
3.0709,asiya,Navigation,Navigation,1085,557,0.00,0.00,None,N/A,
3.0805,asiya,Navigation,Navigation,1085,557,0.00,0.00,None,N/A,
3.0910,asiya,Navigation,Navigation,1085,557,0.00,0.00,None,N/A,
3.1014,asiya,Navigation,Navigation,1085,557,0.00,0.00,None,N/A,
3.1106,asiya,Navigation,Navigation,1085,557,0.00,0.00,None,N/A,
3.1211,asiya,Navigation,Navigation,1085,557,0.00,0.00,None,N/A,
3.1307,asiya,Navigation,Navigation,1085,557,0.00,0.00,None,N/A,
3.1413,asiya,Navigation,Navigation,1085,557,0.00,0.00,None,N/A,
3.1508,asiya,Navigation,Navigation,1085,557,0.00,0.00,None,N/A,
3.1612,asiya,Navigation,Navigation,1085,557,0.00,0.00,None,N/A,
3.1707,asiya,Navigation,Navigation,1085,557,0.00,0.00,None,N/A,
3.1815,asiya,Navigation,Navigation,1085,557,0.00,0.00,None,N/A,
3.1912,asiya,Navigation,Navigation,1085,557,0.00,0.00,None,N/A,
3.2007,asiya,Navigation,Navigation,1085,557,0.00,0.00,None,N/A,
3.2113,asiya,Navigation,Navigation,1085,557,0.00,0.00,None,N/A,
3.2207,asiya,Navigation,Navigation,1085,557,0.00,0.00,None,N/A,
3.2313,asiya,Navigation,Navigation,1085,557,0.00,0.00,None,N/A,
3.2408,asiya,Navigation,Navigation,1085,557,0.00,0.00,None,N/A,
3.2512,asiya,Navigation,Navigation,1085,557,0.00,0.00,None,N/A,
3.2611,asiya,Navigation,Navigation,1085,557,0.00,0.00,None,N/A,
3.2708,asiya,Navigation,Navigation,1085,557,0.00,0.00,None,N/A,
3.2818,asiya,Navigation,Navigation,1085,557,0.00,0.00,None,N/A,
3.2919,asiya,Navigation,Navigation,1085,557,0.00,0.00,None,N/A,
3.3009,asiya,Navigation,Navigation,1085,557,0.00,0.00,None,N/A,
3.3109,asiya,Navigation,Navigation,1085,557,0.00,0.00,None,N/A,
3.3207,asiya,Navigation,Navigation,1085,557,0.00,0.00,None,N/A,
3.3313,asiya,Navigation,Navigation,1085,557,0.00,0.00,None,N/A,
3.3409,asiya,Navigation,Navigation,1085,557,0.00,0.00,None,N/A,
3.3506,asiya,Navigation,Navigation,1085,557,0.00,0.00,None,N/A,
3.3612,asiya,Navigation,Navigation,1085,557,0.00,0.00,None,N/A,
3.3707,asiya,Navigation,Navigation,1085,557,0.00,0.00,None,N/A,
3.3813,asiya,Navigation,Navigation,1085,557,0.00,0.00,None,N/A,
3.3908,asiya,Navigation,Navigation,1085,557,0.00,0.00,None,N/A,
3.4013,asiya,Navigation,Navigation,1085,557,0.00,0.00,None,N/A,
3.4109,asiya,Navigation,Navigation,1085,557,0.00,0.00,None,N/A,
3.4215,asiya,Navigation,Navigation,1085,557,0.00,0.00,None,N/A,
3.4311,asiya,Navigation,Navigation,1085,557,0.00,0.00,None,N/A,
3.4406,asiya,Navigation,Navigation,1085,557,0.00,0.00,None,N/A,
3.4516,asiya,Navigation,Navigation,1085,557,0.00,0.00,None,N/A,
3.4612,asiya,Navigation,Navigation,1085,557,0.00,0.00,None,N/A,
3.4707,asiya,Navigation,Navigation,1085,557,0.00,0.00,None,N/A,
3.4813,asiya,Navigation,Navigation,1085,557,0.00,0.00,None,N/A,
3.4908,asiya,Navigation,Navigation,1085,557,0.00,0.00,None,N/A,
3.5013,asiya,Navigation,Navigation,1085,557,0.00,0.00,None,N/A,
3.5108,asiya,Navigation,Navigation,1085,557,0.00,0.00,None,N/A,
3.5213,asiya,Navigation,Navigation,1085,557,0.00,0.00,None,N/A,
3.5309,asiya,Navigation,Navigation,1085,557,0.00,0.00,None,N/A,
3.5413,asiya,Navigation,Navigation,1085,557,0.00,0.00,None,N/A,
3.5508,asiya,Navigation,Navigation,1085,557,0.00,0.00,None,N/A,
3.5612,asiya,Navigation,Navigation,1085,557,0.00,0.00,None,N/A,
3.5707,asiya,Navigation,Navigation,1088,558,334.17,35313.09,None,N/A,
3.5805,asiya,Navigation,Navigation,1094,562,739.05,41494.97,None,N/A,
3.5905,asiya,Navigation,Navigation,1099,564,538.21,-20072.47,None,N/A,
3.6005,asiya,Navigation,Navigation,1108,568,986.65,44924.57,None,N/A,
3.6109,asiya,Navigation,Navigation,1113,570,514.53,-45109.16,None,N/A,
3.6205,asiya,Navigation,Navigation,1124,573,1189.76,70459.13,None,N/A,
3.6304,asiya,Navigation,Navigation,1128,574,415.43,-78018.97,None,N/A,
3.6412,asiya,Navigation,Navigation,1136,577,793.63,35129.27,None,N/A,
3.6511,asiya,Navigation,Navigation,1140,578,417.27,-38088.27,None,N/A,
3.6613,asiya,Navigation,Navigation,1144,579,403.65,-1332.97,None,N/A,
3.6706,asiya,Navigation,Navigation,1152,581,889.04,52330.47,None,N/A,
3.6806,asiya,Navigation,Navigation,1156,582,412.32,-47672.86,None,N/A,
3.6914,asiya,Navigation,Navigation,1163,584,673.01,24099.02,None,N/A,
3.7010,asiya,Navigation,Navigation,1167,585,427.22,-25467.34,None,N/A,
3.7110,asiya,Navigation,Navigation,1176,588,953.21,52849.17,None,N/A,
3.7208,asiya,Navigation,Navigation,1180,590,454.12,-50679.44,None,N/A,
3.7313,asiya,Navigation,Navigation,1191,594,1117.22,63293.75,None,N/A,
3.7414,asiya,Navigation,Navigation,1197,596,626.88,-48602.13,None,N/A,
3.7508,asiya,Navigation,Navigation,1207,600,1148.62,55641.55,None,N/A,
3.7610,asiya,Navigation,Navigation,1211,602,438.16,-69607.43,None,N/A,
3.7708,asiya,Navigation,Navigation,1215,604,456.22,1842.72,None,N/A,
3.7805,asiya,Navigation,Navigation,1222,608,830.69,38582.65,None,N/A,
3.7906,asiya,Navigation,Navigation,1225,610,356.77,-46894.08,None,N/A,
3.8010,asiya,Navigation,Navigation,1230,613,561.31,19689.63,None,N/A,
3.8105,asiya,Navigation,Navigation,1232,614,236.13,-34339.19,None,N/A,
3.8205,asiya,Navigation,Navigation,1236,617,495.80,25749.15,None,N/A,
3.8306,asiya,Navigation,Navigation,1237,618,141.23,-35409.87,None,N/A,
3.8412,asiya,Navigation,Navigation,1240,621,398.42,24151.68,None,N/A,
3.8510,asiya,Navigation,Navigation,1242,622,228.43,-17365.51,None,N/A,
3.8606,asiya,Navigation,Navigation,1244,625,374.73,15204.78,None,N/A,
3.8707,asiya,Navigation,Navigation,1245,626,140.62,-23277.64,None,N/A,
3.8805,asiya,Navigation,Navigation,1245,627,101.26,-3985.26,None,N/A,
3.8905,asiya,Navigation,Navigation,1247,630,363.11,26370.40,None,N/A,
3.9013,asiya,Navigation,Navigation,1247,631,92.55,-25041.11,None,N/A,
3.9109,asiya,Navigation,Navigation,1248,633,232.82,14603.74,None,N/A,
3.9206,asiya,Navigation,Navigation,1248,634,102.90,-13368.46,None,N/A,
3.9314,asiya,Navigation,Navigation,1249,636,207.65,9726.48,None,N/A,
3.9405,asiya,Navigation,Navigation,1250,637,155.12,-5761.67,None,N/A,
3.9509,asiya,Navigation,Navigation,1250,637,0.00,-14840.43,None,N/A,
3.9613,asiya,Navigation,Navigation,1250,637,0.00,0.00,None,N/A,
3.9709,asiya,Navigation,Navigation,1250,637,0.00,0.00,None,N/A,
3.9805,asiya,Navigation,Navigation,1250,637,0.00,0.00,None,N/A,
3.9911,asiya,Navigation,Navigation,1250,637,0.00,0.00,None,N/A,
4.0005,asiya,Navigation,Navigation,1250,637,0.00,0.00,None,N/A,
4.0108,asiya,Navigation,Navigation,1250,637,0.00,0.00,None,N/A,
4.0213,asiya,Navigation,Navigation,1250,637,0.00,0.00,None,N/A,
4.0310,asiya,Navigation,Navigation,1250,637,0.00,0.00,None,N/A,
4.0405,asiya,Navigation,Navigation,1250,637,0.00,0.00,None,N/A,
4.0510,asiya,Navigation,Navigation,1250,637,0.00,0.00,None,N/A,
4.0605,asiya,Navigation,Navigation,1250,637,0.00,0.00,None,N/A,
4.0710,asiya,Navigation,Navigation,1250,637,0.00,0.00,None,N/A,
4.0806,asiya,Navigation,Navigation,1250,637,0.00,0.00,None,N/A,
4.0911,asiya,Navigation,Navigation,1250,637,0.00,0.00,None,N/A,
4.1006,asiya,Navigation,Navigation,1250,637,0.00,0.00,None,N/A,
4.1109,asiya,Navigation,Navigation,1250,637,0.00,0.00,None,N/A,
4.1214,asiya,Navigation,Navigation,1250,637,0.00,0.00,None,N/A,
4.1310,asiya,Navigation,Navigation,1250,637,0.00,0.00,None,N/A,
4.1405,asiya,Navigation,Navigation,1250,637,0.00,0.00,None,N/A,
4.1510,asiya,Navigation,Navigation,1250,637,0.00,0.00,None,N/A,
4.1605,asiya,Navigation,Navigation,1250,637,0.00,0.00,None,N/A,
4.1709,asiya,Navigation,Navigation,1250,637,0.00,0.00,None,N/A,
4.1814,asiya,Navigation,Navigation,1250,637,0.00,0.00,None,N/A,
4.1909,asiya,Navigation,Navigation,1250,637,0.00,0.00,None,N/A,
4.2013,asiya,Navigation,Navigation,1250,637,0.00,0.00,None,N/A,
4.2106,asiya,Navigation,Navigation,1253,641,539.85,58287.42,None,N/A,
4.2205,asiya,Navigation,Navigation,1255,643,283.95,-25690.13,None,N/A,
4.2305,asiya,Navigation,Navigation,1257,645,284.49,54.79,None,N/A,
4.2412,asiya,Navigation,Navigation,1261,649,525.49,22387.94,None,N/A,
4.2513,asiya,Navigation,Navigation,1263,651,279.87,-24304.25,None,N/A,
4.2609,asiya,Navigation,Navigation,1266,655,522.58,25366.86,None,N/A,
4.2706,asiya,Navigation,Navigation,1267,657,230.95,-30120.26,None,N/A,
4.2813,asiya,Navigation,Navigation,1270,662,544.94,29344.29,None,N/A,
4.2908,asiya,Navigation,Navigation,1272,665,376.80,-17571.40,None,N/A,
4.3009,asiya,Navigation,Navigation,1275,670,579.48,20142.03,None,N/A,
4.3105,asiya,Navigation,Navigation,1277,672,296.43,-29664.29,None,N/A,
4.3205,asiya,Navigation,Navigation,1280,677,581.86,28482.31,None,N/A,
4.3310,asiya,Navigation,Navigation,1281,679,211.73,-35047.10,None,N/A,
4.3409,asiya,Navigation,Navigation,1284,683,505.23,29656.82,None,N/A,
4.3505,asiya,Navigation,Navigation,1285,685,234.80,-28396.58,None,N/A,
4.3610,asiya,Navigation,Navigation,1286,687,211.96,-2165.05,None,N/A,
4.3713,asiya,Navigation,Navigation,1288,690,350.53,13470.94,None,N/A,
4.3805,asiya,Navigation,Navigation,1288,691,108.23,-26223.64,None,N/A,
4.3913,asiya,Navigation,Navigation,1289,693,206.99,9141.66,None,N/A,
4.4011,asiya,Navigation,Navigation,1290,694,144.49,-6385.17,None,N/A,
4.4106,asiya,Navigation,Navigation,1290,695,105.16,-4136.04,None,N/A,
4.4205,asiya,Navigation,Navigation,1291,696,143.45,3884.33,None,N/A,
4.4311,asiya,Navigation,Navigation,1291,697,94.26,-4637.02,None,N/A,
4.4413,asiya,Navigation,Navigation,1292,697,98.13,379.78,None,N/A,
4.4506,asiya,Navigation,Navigation,1292,698,107.67,1027.72,None,N/A,
4.4608,asiya,Navigation,Navigation,1292,699,98.12,-937.02,None,N/A,
4.4706,asiya,Navigation,Navigation,1292,699,0.00,-10004.89,None,N/A,
4.4805,asiya,Navigation,Navigation,1292,701,202.37,20476.65,None,N/A,
4.4911,asiya,Navigation,Navigation,1292,701,0.00,-19007.05,None,N/A,
4.5012,asiya,Navigation,Navigation,1292,703,198.25,19651.79,None,N/A,
4.5110,asiya,Navigation,Navigation,1292,704,102.13,-9816.85,None,N/A,
4.5207,asiya,Navigation,Navigation,1292,705,102.63,50.78,None,N/A,
4.5263,asiya,Navigation,Navigation,1292,706,102.63,0.00,None,N/A,target_reached
4.5310,asiya,Navigation,Navigation,1292,706,97.77,-475.03,None,N/A,
4.5411,asiya,Navigation,Navigation,1292,707,98.31,53.62,None,N/A,
4.5509,asiya,Navigation,Navigation,1292,708,101.94,369.51,None,N/A,
4.5604,asiya,Navigation,Navigation,1292,708,0.00,-10766.66,None,N/A,
4.5706,asiya,Navigation,Navigation,1292,709,97.66,9537.49,None,N/A,
4.5805,asiya,Navigation,Navigation,1292,710,101.62,402.51,None,N/A,
4.5913,asiya,Navigation,Navigation,1292,711,92.39,-853.05,None,N/A,
4.6011,asiya,Navigation,Navigation,1292,712,102.08,988.96,None,N/A,
4.6107,asiya,Navigation,Navigation,1292,713,104.06,206.61,None,N/A,
4.6206,asiya,Navigation,Navigation,1292,714,101.13,-296.14,None,N/A,
4.6313,asiya,Navigation,Navigation,1292,715,93.56,-708.37,None,N/A,
4.6407,asiya,Navigation,Navigation,1292,716,105.72,1284.91,None,N/A,
4.6508,asiya,Navigation,Navigation,1292,717,99.10,-655.49,None,N/A,
4.6607,asiya,Navigation,Navigation,1292,717,0.00,-10047.25,None,N/A,
4.6705,asiya,Navigation,Navigation,1292,718,102.46,10498.06,None,N/A,
4.6813,asiya,Navigation,Navigation,1292,718,0.00,-9438.59,None,N/A,
4.6910,asiya,Navigation,Navigation,1292,719,102.82,10571.79,None,N/A,
4.7007,asiya,Navigation,Navigation,1292,719,0.00,-10667.24,None,N/A,
4.7110,asiya,Navigation,Navigation,1292,719,0.00,0.00,None,N/A,
4.7207,asiya,Navigation,Navigation,1292,720,102.56,10519.12,None,N/A,
4.7312,asiya,Navigation,Navigation,1292,720,0.00,-9766.15,None,N/A,
4.7407,asiya,Navigation,Navigation,1292,720,0.00,0.00,None,N/A,
4.7511,asiya,Navigation,Navigation,1292,720,0.00,0.00,None,N/A,
4.7606,asiya,Navigation,Navigation,1292,720,0.00,0.00,None,N/A,
4.7711,asiya,Navigation,Navigation,1292,720,0.00,0.00,None,N/A,
4.7810,asiya,Navigation,Navigation,1292,720,0.00,0.00,None,N/A,
4.7914,asiya,Navigation,Navigation,1292,720,0.00,0.00,None,N/A,
4.8009,asiya,Navigation,Navigation,1292,720,0.00,0.00,None,N/A,
4.8113,asiya,Navigation,Navigation,1292,720,0.00,0.00,None,N/A,
4.8208,asiya,Navigation,Navigation,1292,720,0.00,0.00,None,N/A,
4.8313,asiya,Navigation,Navigation,1292,720,0.00,0.00,None,N/A,
4.8407,asiya,Navigation,Navigation,1292,720,0.00,0.00,None,N/A,
4.8512,asiya,Navigation,Navigation,1292,720,0.00,0.00,None,N/A,
4.8607,asiya,Navigation,Navigation,1292,720,0.00,0.00,None,N/A,
4.8712,asiya,Navigation,Navigation,1292,720,0.00,0.00,None,N/A,
4.8807,asiya,Navigation,Navigation,1292,720,0.00,0.00,None,N/A,
4.8912,asiya,Navigation,Navigation,1292,720,0.00,0.00,None,N/A,
4.9007,asiya,Navigation,Navigation,1292,720,0.00,0.00,None,N/A,
4.9112,asiya,Navigation,Navigation,1292,720,0.00,0.00,None,N/A,
4.9208,asiya,Navigation,Navigation,1292,720,0.00,0.00,None,N/A,
4.9307,asiya,Navigation,Navigation,1292,720,0.00,0.00,None,N/A,
4.9412,asiya,Navigation,Navigation,1292,720,0.00,0.00,None,N/A,
4.9508,asiya,Navigation,Navigation,1292,720,0.00,0.00,None,N/A,
4.9612,asiya,Navigation,Navigation,1292,720,0.00,0.00,None,N/A,
4.9706,asiya,Navigation,Navigation,1292,720,0.00,0.00,None,N/A,
4.9813,asiya,Navigation,Navigation,1292,720,0.00,0.00,None,N/A,
4.9907,asiya,Navigation,Navigation,1292,720,0.00,0.00,None,N/A,
5.0007,asiya,Navigation,Navigation,1292,720,0.00,0.00,None,N/A,
5.0108,asiya,Navigation,Navigation,1291,720,99.13,9825.90,None,N/A,
5.0205,asiya,Navigation,Navigation,1290,720,103.18,418.15,None,N/A,
5.0312,asiya,Navigation,Navigation,1290,720,0.00,-9655.33,None,N/A,
5.0410,asiya,Navigation,Navigation,1288,721,228.14,23276.08,None,N/A,
5.0509,asiya,Navigation,Navigation,1287,721,101.00,-12840.91,None,N/A,
5.0609,asiya,Navigation,Navigation,1286,722,140.77,3958.79,None,N/A,
5.0706,asiya,Navigation,Navigation,1283,722,309.12,17346.25,None,N/A,
5.0805,asiya,Navigation,Navigation,1282,723,143.12,-16799.14,None,N/A,
5.0906,asiya,Navigation,Navigation,1279,724,313.59,16904.21,None,N/A,
5.1008,asiya,Navigation,Navigation,1278,724,97.59,-21079.28,None,N/A,
5.1108,asiya,Navigation,Navigation,1275,726,363.03,26726.40,None,N/A,
5.1207,asiya,Navigation,Navigation,1274,726,100.71,-26418.08,None,N/A,
5.1313,asiya,Navigation,Navigation,1272,728,267.77,15815.89,None,N/A,
5.1414,asiya,Navigation,Navigation,1271,728,98.65,-16684.02,None,N/A,
5.1508,asiya,Navigation,Navigation,1269,730,300.33,21414.19,None,N/A,
5.1611,asiya,Navigation,Navigation,1268,731,137.28,-15827.36,None,N/A,
5.1713,asiya,Navigation,Navigation,1267,732,138.28,98.26,None,N/A,
5.1813,asiya,Navigation,Navigation,1266,734,224.36,8636.89,None,N/A,
5.1851,asiya,Navigation,Navigation,1265,735,224.36,0.00,None,N/A,target_reached
5.1915,asiya,Navigation,Navigation,1265,735,139.00,-8389.89,None,N/A,
5.2010,asiya,Navigation,Navigation,1264,738,333.51,20514.60,None,N/A,
5.2109,asiya,Navigation,Navigation,1263,739,142.39,-19243.36,None,N/A,
5.2210,asiya,Navigation,Navigation,1262,742,313.85,17016.95,None,N/A,
5.2305,asiya,Navigation,Navigation,1262,743,105.47,-21977.89,None,N/A,
5.2411,asiya,Navigation,Navigation,1262,745,187.55,7696.48,None,N/A,
5.2510,asiya,Navigation,Navigation,1262,747,202.98,1565.89,None,N/A,
5.2606,asiya,Navigation,Navigation,1262,749,208.28,552.11,None,N/A,
5.2710,asiya,Navigation,Navigation,1262,751,191.16,-1635.90,None,N/A,
5.2806,asiya,Navigation,Navigation,1262,752,104.89,-9049.08,None,N/A,
5.2913,asiya,Navigation,Navigation,1262,754,187.03,7680.73,None,N/A,
5.3012,asiya,Navigation,Navigation,1262,755,100.69,-8693.48,None,N/A,
5.3113,asiya,Navigation,Navigation,1262,756,98.85,-181.78,None,N/A,
5.3213,asiya,Navigation,Navigation,1262,757,100.21,136.55,None,N/A,
5.3313,asiya,Navigation,Navigation,1262,758,100.42,20.72,None,N/A,
5.3415,asiya,Navigation,Navigation,1262,758,0.00,-9787.10,None,N/A,
5.3514,asiya,Navigation,Navigation,1262,759,101.00,10201.37,None,N/A,
5.3612,asiya,Navigation,Navigation,1262,759,0.00,-10339.06,None,N/A,
5.3708,asiya,Navigation,Navigation,1262,759,0.00,0.00,None,N/A,
5.3817,asiya,Navigation,Navigation,1262,759,0.00,0.00,None,N/A,
5.3913,asiya,Navigation,Navigation,1261,759,104.62,10946.35,None,N/A,
5.4008,asiya,Navigation,Navigation,1261,759,0.00,-10980.59,None,N/A,
5.4110,asiya,Navigation,Navigation,1261,760,98.01,9606.25,None,N/A,
5.4207,asiya,Navigation,Navigation,1261,760,0.00,-10079.94,None,N/A,
5.4315,asiya,Navigation,Navigation,1261,760,0.00,0.00,None,N/A,
5.4411,asiya,Navigation,Navigation,1261,760,0.00,0.00,None,N/A,
5.4505,asiya,Navigation,Navigation,1261,760,0.00,0.00,None,N/A,
5.4607,asiya,Navigation,Navigation,1261,760,0.00,0.00,None,N/A,
5.4715,asiya,Navigation,Navigation,1261,760,0.00,0.00,None,N/A,
5.4813,asiya,Navigation,Navigation,1261,760,0.00,0.00,None,N/A,
5.4907,asiya,Navigation,Navigation,1261,760,0.00,0.00,None,N/A,
5.5013,asiya,Navigation,Navigation,1261,760,0.00,0.00,None,N/A,
5.5108,asiya,Navigation,Navigation,1261,760,0.00,0.00,None,N/A,
5.5206,asiya,Navigation,Navigation,1261,760,0.00,0.00,None,N/A,
5.5310,asiya,Navigation,Navigation,1260,760,95.67,9152.90,None,N/A,
5.5413,asiya,Navigation,Navigation,1260,759,97.95,222.76,None,N/A,
5.5508,asiya,Navigation,Navigation,1260,759,0.00,-10233.71,None,N/A,
5.5611,asiya,Navigation,Navigation,1260,759,0.00,0.00,None,N/A,
5.5707,asiya,Navigation,Navigation,1259,758,147.19,15319.56,None,N/A,
5.5805,asiya,Navigation,Navigation,1259,757,101.71,-4625.73,None,N/A,
5.5912,asiya,Navigation,Navigation,1255,752,600.34,46749.41,None,N/A,
5.6015,asiya,Navigation,Navigation,1251,747,621.87,2091.22,None,N/A,
5.6106,asiya,Navigation,Navigation,1229,713,4459.23,422541.84,None,N/A,
5.6211,asiya,Navigation,Navigation,1209,679,3729.02,-69029.48,None,N/A,
5.6306,asiya,Navigation,Navigation,1194,654,3097.99,-67053.35,None,N/A,
5.6405,asiya,Navigation,Navigation,1175,619,3993.70,89823.73,None,N/A,
5.6512,asiya,Navigation,Navigation,1164,602,1893.14,-196393.05,None,N/A,
5.6610,asiya,Navigation,Navigation,1142,571,3879.57,202732.39,None,N/A,
5.6708,asiya,Navigation,Navigation,1131,556,1900.30,-202203.82,None,N/A,
5.6805,asiya,Navigation,Navigation,1111,527,3648.12,181001.22,None,N/A,
5.6914,asiya,Navigation,Navigation,1100,514,1556.61,-191179.29,None,N/A,
5.7009,asiya,Navigation,Navigation,1081,492,3077.10,160951.80,None,N/A,
5.7109,asiya,Navigation,Navigation,1075,484,1000.02,-207712.17,None,N/A,
5.7207,asiya,Navigation,Navigation,1072,479,591.31,-41447.13,None,N/A,
5.7305,asiya,Navigation,Navigation,1069,474,598.96,785.44,None,N/A,
5.7409,asiya,Navigation,Navigation,1068,473,135.27,-44351.06,None,N/A,
5.7506,asiya,Navigation,Navigation,1068,472,102.76,-3339.95,None,N/A,
5.7610,asiya,Navigation,Navigation,1068,472,0.00,-9960.31,None,N/A,
5.7713,asiya,Navigation,Navigation,1068,472,0.00,0.00,None,N/A,
5.7805,asiya,Navigation,Navigation,1068,471,109.18,11921.15,None,N/A,
5.7912,asiya,Navigation,Navigation,1068,471,0.00,-10171.72,None,N/A,
5.8008,asiya,Navigation,Navigation,1068,471,0.00,0.00,None,N/A,
5.8106,asiya,Navigation,Navigation,1069,471,101.51,10304.34,None,N/A,
5.8214,asiya,Navigation,Navigation,1069,471,0.00,-9398.58,None,N/A,
5.8309,asiya,Navigation,Navigation,1070,471,105.28,11083.05,None,N/A,
5.8410,asiya,Navigation,Navigation,1070,471,0.00,-10495.84,None,N/A,
5.8507,asiya,Navigation,Navigation,1071,471,102.90,10589.43,None,N/A,
5.8606,asiya,Navigation,Navigation,1071,471,0.00,-10323.74,None,N/A,
5.8711,asiya,Navigation,Navigation,1072,471,96.10,9234.87,None,N/A,
5.8814,asiya,Navigation,Navigation,1073,472,136.50,3900.07,None,N/A,
5.8907,asiya,Navigation,Navigation,1074,472,107.26,-3136.90,None,N/A,
5.9009,asiya,Navigation,Navigation,1076,473,220.98,11238.36,None,N/A,
5.9124,asiya,Navigation,Navigation,1081,474,441.63,19110.90,None,N/A,
5.9207,asiya,Navigation,Navigation,1086,476,647.51,24754.54,None,N/A,
5.9306,asiya,Navigation,Navigation,1091,477,518.49,-13118.79,None,N/A,
5.9412,asiya,Navigation,Navigation,1098,480,713.31,18247.25,None,N/A,
5.9508,asiya,Navigation,Navigation,1101,480,314.11,-41797.87,None,N/A,
5.9609,asiya,Navigation,Navigation,1104,481,312.60,-149.37,None,N/A,
5.9706,asiya,Navigation,Navigation,1106,482,230.00,-8496.32,None,N/A,
5.9805,asiya,Navigation,Navigation,1107,482,100.96,-13027.42,None,N/A,
5.9914,asiya,Navigation,Navigation,1109,482,183.86,7620.40,None,N/A,
6.0012,asiya,Navigation,Navigation,1109,482,0.00,-18773.67,None,N/A,
6.0109,asiya,Navigation,Navigation,1111,481,231.35,23935.21,None,N/A,
6.0208,asiya,Navigation,Navigation,1113,481,201.16,-3036.40,None,N/A,
6.0306,asiya,Navigation,Navigation,1115,479,288.27,8878.90,None,N/A,
6.0405,asiya,Navigation,Navigation,1117,479,202.24,-8699.77,None,N/A,
6.0509,asiya,Navigation,Navigation,1119,477,271.43,6640.51,None,N/A,
6.0612,asiya,Navigation,Navigation,1120,477,97.72,-16975.07,None,N/A,
6.0705,asiya,Navigation,Navigation,1121,475,239.52,15189.91,None,N/A,
6.0805,asiya,Navigation,Navigation,1122,475,100.01,-13952.65,None,N/A,
6.0910,asiya,Navigation,Navigation,1123,473,213.58,10847.14,None,N/A,
6.1011,asiya,Navigation,Navigation,1124,473,98.51,-11335.14,None,N/A,
6.1111,asiya,Navigation,Navigation,1124,472,99.68,116.21,None,N/A,
6.1209,asiya,Navigation,Navigation,1125,470,229.53,13328.98,None,N/A,
6.1305,asiya,Navigation,Navigation,1125,468,207.41,-2293.97,None,N/A,
6.1413,asiya,Navigation,Navigation,1126,464,383.10,16324.64,None,N/A,
6.1510,asiya,Navigation,Navigation,1126,462,206.19,-18238.64,None,N/A,
6.1607,asiya,Navigation,Navigation,1125,457,525.22,32860.98,None,N/A,
6.1708,asiya,Navigation,Navigation,1124,454,314.68,-20950.82,None,N/A,
6.1812,asiya,Navigation,Navigation,1123,450,395.97,7807.21,None,N/A,
6.1914,asiya,Navigation,Navigation,1122,448,218.28,-17345.66,None,N/A,
6.2007,asiya,Navigation,Navigation,1120,444,481.49,28338.97,None,N/A,
6.2109,asiya,Navigation,Navigation,1118,442,277.34,-20018.02,None,N/A,
6.2207,asiya,Navigation,Navigation,1115,440,366.22,9027.76,None,N/A,
6.2314,asiya,Navigation,Navigation,1110,437,546.89,16944.61,None,N/A,
6.2413,asiya,Navigation,Navigation,1107,436,319.50,-22974.11,None,N/A,
6.2505,asiya,Navigation,Navigation,1100,435,768.15,48738.27,None,N/A,
6.2609,asiya,Navigation,Navigation,1095,435,479.69,-27674.16,None,N/A,
6.2705,asiya,Navigation,Navigation,1084,438,1189.08,73981.86,None,N/A,
6.2812,asiya,Navigation,Navigation,1078,441,628.84,-52517.98,None,N/A,
6.2907,asiya,Navigation,Navigation,1069,446,1078.93,47166.68,None,N/A,
6.3007,asiya,Navigation,Navigation,1065,448,446.87,-63157.34,None,N/A,
6.3110,asiya,Navigation,Navigation,1059,454,822.58,36422.11,None,N/A,
6.3213,asiya,Navigation,Navigation,1056,456,351.68,-45931.25,None,N/A,
6.3305,asiya,Navigation,Navigation,1054,459,392.13,4398.43,None,N/A,
6.3405,asiya,Navigation,Navigation,1050,466,809.72,41940.39,None,N/A,
6.3514,asiya,Navigation,Navigation,1048,470,408.47,-36648.91,None,N/A,
6.3609,asiya,Navigation,Navigation,1045,484,1500.99,114533.41,None,N/A,
6.3706,asiya,Navigation,Navigation,1046,496,1248.91,-26144.91,None,N/A,
6.3811,asiya,Navigation,Navigation,1057,518,2337.89,103505.20,None,N/A,
6.3913,asiya,Navigation,Navigation,1070,531,1805.29,-52297.89,None,N/A,
6.4011,asiya,Navigation,Navigation,1103,551,3925.49,215686.32,None,N/A,
6.4111,asiya,Navigation,Navigation,1114,555,1172.62,-275793.23,None,N/A,
6.4205,asiya,Navigation,Navigation,1127,558,1420.21,26354.98,None,N/A,
6.4305,asiya,Navigation,Navigation,1129,558,199.10,-121562.74,None,N/A,
6.4411,asiya,Navigation,Navigation,1132,558,283.34,7956.08,None,N/A,
6.4509,asiya,Navigation,Navigation,1132,557,102.25,-18516.82,None,N/A,
6.4609,asiya,Navigation,Navigation,1133,555,222.67,11990.87,None,N/A,
6.4711,asiya,Navigation,Navigation,1130,525,2978.75,272297.16,None,N/A,
6.4805,asiya,Navigation,Navigation,1110,478,5402.42,256344.81,None,N/A,
6.4913,asiya,Navigation,Navigation,1057,420,7284.26,174470.06,None,N/A,
6.5015,asiya,Navigation,Navigation,1034,405,2685.84,-449783.31,None,N/A,
6.5109,asiya,Navigation,Navigation,989,382,5396.06,289381.20,None,N/A,
6.5209,asiya,Navigation,Navigation,976,377,1395.30,-400783.28,None,N/A,
6.5313,asiya,Navigation,Navigation,971,375,515.51,-84220.46,None,N/A,
6.5415,asiya,Navigation,Navigation,971,375,0.00,-50860.95,None,N/A,
6.5509,asiya,Navigation,Navigation,972,376,150.13,15938.33,None,N/A,
6.5610,asiya,Navigation,Navigation,974,377,220.66,6959.10,None,N/A,
6.5708,asiya,Navigation,Navigation,981,381,820.27,61005.64,None,N/A,
6.5814,asiya,Navigation,Navigation,1115,446,14157.46,1267825.14,None,N/A,
6.5905,asiya,Navigation,Navigation,1212,492,11720.18,-266084.53,None,N/A,
6.6010,asiya,Navigation,Navigation,1341,553,13587.33,177788.00,None,N/A,
6.6110,asiya,Navigation,Navigation,1362,563,2337.65,-1130630.03,None,N/A,
6.6210,asiya,Navigation,Navigation,1370,567,894.73,-144340.35,None,N/A,
6.6305,asiya,Navigation,Navigation,1369,567,105.43,-83213.43,None,N/A,
6.6413,asiya,Navigation,Navigation,1365,564,463.27,33156.37,None,N/A,
6.6510,asiya,Navigation,Navigation,1352,554,1674.42,123646.53,None,N/A,
6.6606,asiya,Navigation,Navigation,1187,456,20067.91,1923408.58,None,N/A,
6.6707,asiya,Navigation,Navigation,1042,381,16108.62,-390685.73,None,N/A,
6.6806,asiya,Navigation,Navigation,927,324,12984.33,-316060.81,None,N/A,
6.6905,asiya,Navigation,Navigation,849,284,8875.25,-416036.95,None,N/A,
6.7013,asiya,Navigation,Navigation,845,282,413.06,-781594.62,None,N/A,
6.7109,asiya,Navigation,Navigation,850,285,609.38,20516.66,None,N/A,
6.7209,asiya,Navigation,Navigation,860,288,1042.37,43229.82,None,N/A,
6.7312,asiya,Navigation,Navigation,953,321,9552.26,823749.76,None,N/A,
6.7407,asiya,Navigation,Navigation,1102,370,16546.22,737796.48,None,N/A,
6.7509,asiya,Navigation,Navigation,1454,495,36552.72,1957756.46,None,N/A,
6.7614,asiya,Navigation,Navigation,1533,526,8088.07,-2712840.45,None,N/A,
6.7723,asiya,Navigation,Navigation,1561,537,2772.96,-489927.63,None,N/A,
6.7811,asiya,Navigation,Navigation,1561,536,113.58,-302054.29,None,N/A,
6.7907,asiya,Navigation,Navigation,1558,534,374.33,27070.45,None,N/A,
6.8013,asiya,Navigation,Navigation,1524,513,3785.85,323191.38,None,N/A,
6.8108,asiya,Navigation,Navigation,1224,364,35007.14,3262940.18,None,N/A,
6.8211,asiya,Navigation,Navigation,1018,278,21756.66,-1291426.48,None,N/A,
6.8306,asiya,Navigation,Navigation,861,223,17533.45,-445117.12,None,N/A,
6.8411,asiya,Navigation,Navigation,797,209,6210.49,-1073385.74,None,N/A,
6.8507,asiya,Navigation,Navigation,799,214,564.31,-591659.99,None,N/A,
6.8610,asiya,Navigation,Navigation,803,218,550.92,-1303.71,None,N/A,
6.8709,asiya,Navigation,Navigation,810,224,931.06,38388.73,None,N/A,
6.8828,asiya,Navigation,Navigation,861,256,5026.98,341983.97,None,N/A,
6.8905,asiya,Navigation,Navigation,911,280,7266.75,293460.65,None,N/A,
6.9008,asiya,Navigation,Navigation,973,311,6688.32,-55811.36,None,N/A,
6.9108,asiya,Navigation,Navigation,979,314,670.18,-601240.87,None,N/A,
6.9209,asiya,Navigation,Navigation,980,313,140.52,-52628.68,None,N/A,
6.9305,asiya,Navigation,Navigation,977,309,518.52,39199.99,None,N/A,
6.9406,asiya,Navigation,Navigation,974,306,422.25,-9581.17,None,N/A,
6.9511,asiya,Navigation,Navigation,923,275,5671.19,498769.01,None,N/A,
6.9610,asiya,Navigation,Navigation,868,246,6294.10,63056.32,None,N/A,
6.9709,asiya,Navigation,Navigation,794,215,8070.82,178728.51,None,N/A,
6.9808,asiya,Navigation,Navigation,788,213,639.82,-751757.29,None,N/A,
6.9913,asiya,Navigation,Navigation,788,216,285.90,-33728.91,None,N/A,
7.0009,asiya,Navigation,Navigation,789,217,147.71,-14433.18,None,N/A,
7.0114,asiya,Navigation,Navigation,793,222,608.28,43751.98,None,N/A,
7.0210,asiya,Navigation,Navigation,795,225,376.16,-24216.30,None,N/A,
7.0308,asiya,Navigation,Navigation,797,227,287.54,-9009.29,None,N/A,
7.0408,asiya,Navigation,Navigation,800,230,428.00,14169.69,None,N/A,
7.0513,asiya,Navigation,Navigation,800,231,94.60,-31539.70,None,N/A,
7.0608,asiya,Navigation,Navigation,799,231,105.29,1125.72,None,N/A,
7.0709,asiya,Navigation,Navigation,798,230,140.66,3518.21,None,N/A,
7.0807,asiya,Navigation,Navigation,794,227,508.80,37460.72,None,N/A,
7.0906,asiya,Navigation,Navigation,793,226,142.63,-36929.79,None,N/A,
7.1011,asiya,Navigation,Navigation,793,226,0.00,-13594.26,None,N/A,
7.1110,asiya,Navigation,Navigation,801,229,862.07,86980.36,None,N/A,
7.1206,asiya,Navigation,Navigation,1040,341,27601.72,2796306.24,None,N/A,
7.1305,asiya,Navigation,Navigation,1209,428,19201.56,-848575.13,None,N/A,
7.1405,asiya,Navigation,Navigation,1300,476,10312.69,-890990.59,None,N/A,
7.1511,asiya,Navigation,Navigation,1344,500,4695.51,-526249.38,None,N/A,
7.1609,asiya,Navigation,Navigation,1346,502,290.59,-452555.36,None,N/A,
7.1710,asiya,Navigation,Navigation,1343,501,313.12,2230.46,None,N/A,
7.1805,asiya,Navigation,Navigation,1340,499,378.84,6905.39,None,N/A,
7.1913,asiya,Navigation,Navigation,1324,491,1660.69,119001.43,None,N/A,
7.2013,asiya,Navigation,Navigation,1300,480,2628.61,96371.53,None,N/A,
7.2106,asiya,Navigation,Navigation,1268,466,3738.98,118861.58,None,N/A,
7.2209,asiya,Navigation,Navigation,1265,466,291.93,-335428.92,None,N/A,
7.2306,asiya,Navigation,Navigation,1265,467,102.85,-19446.48,None,N/A,
7.2407,asiya,Navigation,Navigation,1266,467,99.13,-368.45,None,N/A,
7.2509,asiya,Navigation,Navigation,1277,470,1123.96,101026.00,None,N/A,
7.2608,asiya,Navigation,Navigation,1319,481,4366.33,326079.91,None,N/A,
7.2709,asiya,Navigation,Navigation,1360,493,4238.36,-12697.08,None,N/A,
7.2808,asiya,Navigation,Navigation,1387,501,2839.66,-141043.70,None,N/A,
7.2904,asiya,Navigation,Navigation,1388,500,147.02,-279928.71,None,N/A,
7.3010,asiya,Navigation,Navigation,1387,498,211.02,6039.95,None,N/A,
7.3109,asiya,Navigation,Navigation,1384,494,504.89,29673.64,None,N/A,
7.3208,asiya,Navigation,Navigation,1309,434,9747.86,938075.08,None,N/A,
7.3310,asiya,Navigation,Navigation,1231,380,9322.37,-41811.44,None,N/A,
7.3410,asiya,Navigation,Navigation,1053,273,20738.34,1139940.92,None,N/A,
7.3512,asiya,Navigation,Navigation,985,244,7263.89,-1323992.41,None,N/A,
7.3607,asiya,Navigation,Navigation,930,223,6194.32,-112536.13,None,N/A,
7.3713,asiya,Navigation,Navigation,926,221,419.08,-541189.53,None,N/A,
7.3807,asiya,Navigation,Navigation,927,222,150.29,-28564.03,None,N/A,
7.3912,asiya,Navigation,Navigation,928,223,134.64,-1489.44,None,N/A,
7.4008,asiya,Navigation,Navigation,929,224,148.43,1447.39,None,N/A,
7.4113,asiya,Navigation,Navigation,932,225,300.41,14437.12,None,N/A,
7.4208,asiya,Navigation,Navigation,934,226,235.00,-6873.67,None,N/A,
7.4307,asiya,Navigation,Navigation,942,231,956.49,73149.68,None,N/A,
7.4412,asiya,Navigation,Navigation,948,235,683.27,-25888.26,None,N/A,
7.4507,asiya,Navigation,Navigation,955,240,904.28,23232.82,None,N/A,
7.4612,asiya,Navigation,Navigation,956,242,213.27,-65906.56,None,N/A,
7.4707,asiya,Navigation,Navigation,958,244,297.40,8846.02,None,N/A,
7.4806,asiya,Navigation,Navigation,959,245,143.48,-15616.06,None,N/A,
7.4911,asiya,Navigation,Navigation,959,247,191.14,4554.39,None,N/A,
7.5005,asiya,Navigation,Navigation,959,247,0.00,-20265.05,None,N/A,
7.5110,asiya,Navigation,Navigation,959,248,95.20,9062.55,None,N/A,
7.5212,asiya,Navigation,Navigation,958,250,218.71,12080.09,None,N/A,
7.5305,asiya,Navigation,Navigation,958,251,107.37,-11954.10,None,N/A,
7.5405,asiya,Navigation,Navigation,957,252,142.24,3506.60,None,N/A,
7.5510,asiya,Navigation,Navigation,957,253,94.97,-4488.94,None,N/A,
7.5610,asiya,Navigation,Navigation,956,255,224.23,12962.74,None,N/A,
7.5705,asiya,Navigation,Navigation,956,255,0.00,-23527.19,None,N/A,
7.5812,asiya,Navigation,Navigation,956,257,186.76,17440.05,None,N/A,
7.5905,asiya,Navigation,Navigation,956,259,214.25,2944.22,None,N/A,
7.6009,asiya,Navigation,Navigation,958,262,349.34,13089.76,None,N/A,
7.6109,asiya,Navigation,Navigation,959,264,222.94,-12602.65,None,N/A,
7.6210,asiya,Navigation,Navigation,963,269,632.13,40395.75,None,N/A,
7.6304,asiya,Navigation,Navigation,966,271,383.90,-26429.97,None,N/A,
7.6408,asiya,Navigation,Navigation,968,273,273.74,-10662.02,None,N/A,
7.6511,asiya,Navigation,Navigation,972,276,483.74,20317.02,None,N/A,
7.6609,asiya,Navigation,Navigation,973,277,143.59,-34535.78,None,N/A,
7.6707,asiya,Navigation,Navigation,976,279,368.56,22997.07,None,N/A,
7.6804,asiya,Navigation,Navigation,977,280,145.45,-22946.49,None,N/A,
7.6906,asiya,Navigation,Navigation,979,282,278.62,13118.16,None,N/A,
7.7011,asiya,Navigation,Navigation,982,284,344.25,6266.06,None,N/A,
7.7108,asiya,Navigation,Navigation,991,289,1058.95,73510.61,None,N/A,
7.7208,asiya,Navigation,Navigation,995,292,497.95,-55870.14,None,N/A,
7.7305,asiya,Navigation,Navigation,999,294,463.72,-3548.93,None,N/A,
7.7406,asiya,Navigation,Navigation,1010,300,1240.84,76957.77,None,N/A,
7.7511,asiya,Navigation,Navigation,1015,302,512.77,-69325.98,None,N/A,
7.7609,asiya,Navigation,Navigation,1022,305,775.01,26686.69,None,N/A,
7.7707,asiya,Navigation,Navigation,1024,307,287.86,-49579.28,None,N/A,
7.7814,asiya,Navigation,Navigation,1028,308,386.82,9284.19,None,N/A,
7.7905,asiya,Navigation,Navigation,1029,309,155.90,-25456.08,None,N/A,
7.8009,asiya,Navigation,Navigation,1031,310,214.20,5585.45,None,N/A,
7.8110,asiya,Navigation,Navigation,1032,310,98.72,-11400.67,None,N/A,
7.8206,asiya,Navigation,Navigation,1033,311,147.80,5129.35,None,N/A,
7.8314,asiya,Navigation,Navigation,1034,311,92.62,-5110.65,None,N/A,
7.8409,asiya,Navigation,Navigation,1034,311,0.00,-9791.21,None,N/A,
7.8508,asiya,Navigation,Navigation,1034,311,0.00,0.00,None,N/A,
7.8611,asiya,Navigation,Navigation,1035,311,97.30,9468.14,None,N/A,
7.8714,asiya,Navigation,Navigation,1035,311,0.00,-9439.89,None,N/A,
7.8806,asiya,Navigation,Navigation,1036,311,108.62,11797.98,None,N/A,
7.8911,asiya,Navigation,Navigation,1036,312,95.68,-1238.18,None,N/A,
7.9011,asiya,Navigation,Navigation,1037,312,100.21,454.00,None,N/A,
7.9109,asiya,Navigation,Navigation,1037,314,203.70,10540.05,None,N/A,
7.9206,asiya,Navigation,Navigation,1038,314,102.90,-10371.90,None,N/A,
7.9313,asiya,Navigation,Navigation,1040,317,335.61,21661.19,None,N/A,
7.9408,asiya,Navigation,Navigation,1041,318,149.69,-19679.51,None,N/A,
7.9507,asiya,Navigation,Navigation,1043,321,362.32,21366.65,None,N/A,
7.9612,asiya,Navigation,Navigation,1044,323,214.32,-14185.04,None,N/A,
7.9707,asiya,Navigation,Navigation,1045,325,233.50,2002.57,None,N/A,
7.9805,asiya,Navigation,Navigation,1047,330,552.01,32648.61,None,N/A,
7.9915,asiya,Navigation,Navigation,1048,332,203.80,-31736.43,None,N/A,
8.0009,asiya,Navigation,Navigation,1050,338,669.34,49268.03,None,N/A,
8.0110,asiya,Navigation,Navigation,1051,341,315.22,-35298.72,None,N/A,
8.0206,asiya,Navigation,Navigation,1054,347,693.66,39132.42,None,N/A,
8.0305,asiya,Navigation,Navigation,1055,349,226.20,-47288.26,None,N/A,
8.0412,asiya,Navigation,Navigation,1058,355,625.10,37170.72,None,N/A,
8.0511,asiya,Navigation,Navigation,1059,358,321.24,-30867.30,None,N/A,
8.0606,asiya,Navigation,Navigation,1062,364,705.12,40349.67,None,N/A,
8.0712,asiya,Navigation,Navigation,1064,367,340.32,-34432.29,None,N/A,
8.0805,asiya,Navigation,Navigation,1065,370,340.90,63.02,None,N/A,
8.0913,asiya,Navigation,Navigation,1068,374,461.07,11081.53,None,N/A,
8.1011,asiya,Navigation,Navigation,1069,376,227.54,-23764.25,None,N/A,
8.1108,asiya,Navigation,Navigation,1071,379,372.61,14992.12,None,N/A,
8.1210,asiya,Navigation,Navigation,1072,380,138.98,-22959.72,None,N/A,
8.1313,asiya,Navigation,Navigation,1074,382,274.68,13178.86,None,N/A,
8.1414,asiya,Navigation,Navigation,1074,383,98.97,-17390.59,None,N/A,
8.1507,asiya,Navigation,Navigation,1075,384,151.75,5662.67,None,N/A,
8.1613,asiya,Navigation,Navigation,1075,385,94.22,-5420.35,None,N/A,
8.1705,asiya,Navigation,Navigation,1077,387,307.08,23109.82,None,N/A,
8.1814,asiya,Navigation,Navigation,1078,388,130.83,-16304.74,None,N/A,
8.1906,asiya,Navigation,Navigation,1081,390,388.00,27674.78,None,N/A,
8.2013,asiya,Navigation,Navigation,1086,394,602.17,20140.63,None,N/A,
8.2111,asiya,Navigation,Navigation,1088,395,227.09,-38091.86,None,N/A,
8.2206,asiya,Navigation,Navigation,1091,398,445.69,22963.59,None,N/A,
8.2310,asiya,Navigation,Navigation,1093,399,216.07,-22187.72,None,N/A,
8.2413,asiya,Navigation,Navigation,1095,400,216.48,39.59,None,N/A,
8.2511,asiya,Navigation,Navigation,1096,401,145.22,-7317.35,None,N/A,
8.2608,asiya,Navigation,Navigation,1098,401,205.64,6212.88,None,N/A,
8.2707,asiya,Navigation,Navigation,1099,402,142.40,-6368.15,None,N/A,
8.2814,asiya,Navigation,Navigation,1100,402,93.72,-4562.36,None,N/A,
8.2913,asiya,Navigation,Navigation,1100,403,100.84,717.93,None,N/A,
8.3008,asiya,Navigation,Navigation,1100,403,0.00,-10659.84,None,N/A,
8.3105,asiya,Navigation,Navigation,1101,403,102.25,10455.11,None,N/A,
8.3208,asiya,Navigation,Navigation,1102,404,137.75,3457.40,None,N/A,
8.3304,asiya,Navigation,Navigation,1106,406,465.15,34052.84,None,N/A,
8.3407,asiya,Navigation,Navigation,1110,408,434.18,-3006.29,None,N/A,
8.3506,asiya,Navigation,Navigation,1120,414,1179.69,75414.20,None,N/A,
8.3612,asiya,Navigation,Navigation,1126,417,634.13,-51572.29,None,N/A,
8.3707,asiya,Navigation,Navigation,1137,424,1370.67,77429.61,None,N/A,
8.3813,asiya,Navigation,Navigation,1140,426,339.36,-97068.05,None,N/A,
8.3914,asiya,Navigation,Navigation,1145,429,579.50,23866.70,None,N/A,
8.4012,asiya,Navigation,Navigation,1146,430,143.47,-44235.80,None,N/A,
8.4110,asiya,Navigation,Navigation,1148,431,228.86,8738.65,None,N/A,
8.4207,asiya,Navigation,Navigation,1149,432,145.62,-8570.77,None,N/A,
8.4305,asiya,Navigation,Navigation,1150,433,144.67,-97.36,None,N/A,
8.4413,asiya,Navigation,Navigation,1151,433,92.21,-4836.88,None,N/A,
8.4515,asiya,Navigation,Navigation,1151,434,98.54,622.90,None,N/A,
8.4607,asiya,Navigation,Navigation,1152,434,108.80,1117.20,None,N/A,
8.4714,asiya,Navigation,Navigation,1152,435,93.41,-1437.82,None,N/A,
8.4811,asiya,Navigation,Navigation,1152,435,0.00,-9664.28,None,N/A,
8.4913,asiya,Navigation,Navigation,1152,435,0.00,0.00,None,N/A,
8.5009,asiya,Navigation,Navigation,1152,435,0.00,0.00,None,N/A,
8.5112,asiya,Navigation,Navigation,1152,435,0.00,0.00,None,N/A,
8.5205,asiya,Navigation,Navigation,1152,435,0.00,0.00,None,N/A,
8.5306,asiya,Navigation,Navigation,1153,436,140.75,14007.59,None,N/A,
8.5409,asiya,Navigation,Navigation,1153,436,0.00,-13622.61,None,N/A,
8.5508,asiya,Navigation,Navigation,1153,436,0.00,0.00,None,N/A,
8.5608,asiya,Navigation,Navigation,1153,436,0.00,0.00,None,N/A,
8.5706,asiya,Navigation,Navigation,1154,437,143.96,14654.00,None,N/A,
8.5811,asiya,Navigation,Navigation,1154,437,0.00,-13686.72,None,N/A,
8.5907,asiya,Navigation,Navigation,1154,437,0.00,0.00,None,N/A,
8.6011,asiya,Navigation,Navigation,1154,437,0.00,0.00,None,N/A,
8.6106,asiya,Navigation,Navigation,1154,437,0.00,0.00,None,N/A,
8.6211,asiya,Navigation,Navigation,1154,437,0.00,0.00,None,N/A,
8.6312,asiya,Navigation,Navigation,1154,437,0.00,0.00,None,N/A,
8.6407,asiya,Navigation,Navigation,1154,437,0.00,0.00,None,N/A,
8.6511,asiya,Navigation,Navigation,1154,437,0.00,0.00,None,N/A,
8.6607,asiya,Navigation,Navigation,1154,437,0.00,0.00,None,N/A,
8.6710,asiya,Navigation,Navigation,1153,438,137.30,13329.91,None,N/A,
8.6813,asiya,Navigation,Navigation,1153,438,0.00,-13347.83,None,N/A,
8.6912,asiya,Navigation,Navigation,1153,438,0.00,0.00,None,N/A,
8.6992,asiya,Navigation,Navigation,1152,440,0.00,0.00,None,N/A,target_reached
8.7019,asiya,Navigation,Navigation,1152,440,208.36,19415.48,None,N/A,
8.7111,asiya,Navigation,Navigation,1152,441,108.75,-10832.67,None,N/A,
8.7207,asiya,Navigation,Navigation,1151,443,232.87,12926.36,None,N/A,
8.7305,asiya,Navigation,Navigation,1151,444,102.50,-13363.15,None,N/A,
8.7413,asiya,Navigation,Navigation,1150,447,292.19,17528.12,None,N/A,
8.7512,asiya,Navigation,Navigation,1150,448,101.27,-19334.43,None,N/A,
8.7608,asiya,Navigation,Navigation,1149,451,327.25,23386.64,None,N/A,
8.7707,asiya,Navigation,Navigation,1149,452,101.42,-22903.59,None,N/A,
8.7805,asiya,Navigation,Navigation,1148,454,227.27,12791.47,None,N/A,
8.7914,asiya,Navigation,Navigation,1147,457,292.31,6012.05,None,N/A,
8.8012,asiya,Navigation,Navigation,1147,459,203.87,-9015.15,None,N/A,
8.8109,asiya,Navigation,Navigation,1146,461,228.64,2533.29,None,N/A,
8.8208,asiya,Navigation,Navigation,1146,462,101.34,-12901.08,None,N/A,
8.8312,asiya,Navigation,Navigation,1145,464,214.54,10861.11,None,N/A,
8.8406,asiya,Navigation,Navigation,1145,465,106.92,-11507.05,None,N/A,
8.8509,asiya,Navigation,Navigation,1144,467,216.96,10677.32,None,N/A,
8.8608,asiya,Navigation,Navigation,1144,467,0.00,-21933.44,None,N/A,
8.8705,asiya,Navigation,Navigation,1143,468,145.06,14878.46,None,N/A,
8.8806,asiya,Navigation,Navigation,1143,469,99.58,-4528.41,None,N/A,
8.8907,asiya,Navigation,Navigation,1142,469,98.36,-120.13,None,N/A,
8.9011,asiya,Navigation,Navigation,1142,470,96.94,-137.31,None,N/A,
8.9111,asiya,Navigation,Navigation,1141,470,99.35,238.62,None,N/A,
8.9209,asiya,Navigation,Navigation,1141,471,101.83,252.98,None,N/A,
8.9304,asiya,Navigation,Navigation,1141,471,0.00,-10760.85,None,N/A,
8.9408,asiya,Navigation,Navigation,1141,471,0.00,0.00,None,N/A,
8.9513,asiya,Navigation,Navigation,1141,471,0.00,0.00,None,N/A,
8.9613,asiya,Navigation,Navigation,1141,471,0.00,0.00,None,N/A,
8.9708,asiya,Navigation,Navigation,1141,471,0.00,0.00,None,N/A,
8.9807,asiya,Navigation,Navigation,1141,471,0.00,0.00,None,N/A,
8.9912,asiya,Navigation,Navigation,1141,471,0.00,0.00,None,N/A,
9.0006,asiya,Navigation,Navigation,1141,471,0.00,0.00,None,N/A,
9.0109,asiya,Navigation,Navigation,1141,471,0.00,0.00,None,N/A,
9.0214,asiya,Navigation,Navigation,1141,471,0.00,0.00,None,N/A,
9.0308,asiya,Navigation,Navigation,1141,471,0.00,0.00,None,N/A,
9.0414,asiya,Navigation,Navigation,1141,471,0.00,0.00,None,N/A,
9.0509,asiya,Navigation,Navigation,1141,471,0.00,0.00,None,N/A,
9.0614,asiya,Navigation,Navigation,1141,471,0.00,0.00,None,N/A,
9.0711,asiya,Navigation,Navigation,1141,470,102.82,10571.27,None,N/A,
9.0804,asiya,Navigation,Navigation,1141,470,0.00,-10990.20,None,N/A,
9.0910,asiya,Navigation,Navigation,1141,470,0.00,0.00,None,N/A,
9.1010,asiya,Navigation,Navigation,1141,469,100.74,10148.03,None,N/A,
9.1107,asiya,Navigation,Navigation,1140,469,102.94,226.77,None,N/A,
9.1209,asiya,Navigation,Navigation,1137,467,353.11,24500.92,None,N/A,
9.1306,asiya,Navigation,Navigation,1126,460,1349.16,103067.60,None,N/A,
9.1414,asiya,Navigation,Navigation,962,382,16809.79,1431081.23,None,N/A,
9.1513,asiya,Navigation,Navigation,914,363,5199.68,-1169404.34,None,N/A,
9.1613,asiya,Navigation,Navigation,847,340,7054.53,184718.04,None,N/A,
9.1710,asiya,Navigation,Navigation,817,333,3182.02,-400001.68,None,N/A,
9.1812,asiya,Navigation,Navigation,776,327,4086.00,89140.24,None,N/A,
9.1913,asiya,Navigation,Navigation,768,326,797.25,-325215.31,None,N/A,
9.2013,asiya,Navigation,Navigation,764,327,410.08,-38508.01,None,N/A,
9.2110,asiya,Navigation,Navigation,765,329,230.61,-18509.36,None,N/A,
9.2206,asiya,Navigation,Navigation,770,342,1448.33,126624.11,None,N/A,
9.2306,asiya,Navigation,Navigation,790,373,3716.02,228419.37,None,N/A,
9.2405,asiya,Navigation,Navigation,838,425,7113.87,341568.94,None,N/A,
9.2513,asiya,Navigation,Navigation,1065,604,26871.20,1836497.01,None,N/A,
9.2610,asiya,Navigation,Navigation,1234,720,21001.28,-601403.14,None,N/A,
9.2706,asiya,Navigation,Navigation,1539,914,37824.45,1760384.72,None,N/A,
9.2812,asiya,Navigation,Navigation,1633,962,9964.72,-2630265.57,None,N/A,
9.2923,asiya,Navigation,Navigation,1706,996,7257.68,-243970.96,None,N/A,
9.3014,asiya,Navigation,Navigation,1714,999,940.58,-695428.72,None,N/A,
9.3111,asiya,Navigation,Navigation,1715,995,421.68,-53069.32,None,N/A,
9.3211,asiya,Navigation,Navigation,1713,993,282.67,-13892.38,None,N/A,
9.3325,asiya,Navigation,Navigation,1693,968,2809.92,221809.08,None,N/A,
9.3406,asiya,Navigation,Navigation,1649,920,8050.03,647820.51,None,N/A,
9.3516,asiya,Navigation,Navigation,1452,763,22900.96,1350095.09,None,N/A,
9.3618,asiya,Navigation,Navigation,1354,700,11407.46,-1125391.00,None,N/A,
9.3705,asiya,Navigation,Navigation,1279,658,9876.71,-175882.89,None,N/A,
9.3809,asiya,Navigation,Navigation,1182,616,10220.81,33272.46,None,N/A,
9.3908,asiya,Navigation,Navigation,1162,610,2110.35,-819704.12,None,N/A,
9.4005,asiya,Navigation,Navigation,1151,609,1134.65,-100230.47,None,N/A,
9.4112,asiya,Navigation,Navigation,1150,610,132.46,-93867.44,None,N/A,
9.4215,asiya,Navigation,Navigation,1151,611,137.51,491.16,None,N/A,
9.4312,asiya,Navigation,Navigation,1151,612,103.02,-3553.10,None,N/A,
9.4414,asiya,Navigation,Navigation,1152,612,97.92,-499.73,None,N/A,
9.4512,asiya,Navigation,Navigation,1151,613,143.97,4688.01,None,N/A,
9.4610,asiya,Navigation,Navigation,1130,609,2189.92,209587.05,None,N/A,
9.4712,asiya,Navigation,Navigation,1069,589,6272.79,398956.89,None,N/A,
9.4806,asiya,Navigation,Navigation,1021,571,5431.23,-89160.69,None,N/A,
9.4914,asiya,Navigation,Navigation,970,553,5038.13,-36619.34,None,N/A,
9.5012,asiya,Navigation,Navigation,960,550,1066.43,-405691.34,None,N/A,
9.5110,asiya,Navigation,Navigation,956,551,420.09,-65853.86,None,N/A,
9.5209,asiya,Navigation,Navigation,956,552,101.30,-32294.70,None,N/A,
9.5314,asiya,Navigation,Navigation,960,555,476.00,35670.69,None,N/A,
9.5405,asiya,Navigation,Navigation,973,564,1721.29,135566.94,None,N/A,
9.5510,asiya,Navigation,Navigation,1077,632,11836.82,963606.58,None,N/A,
9.5610,asiya,Navigation,Navigation,1122,659,5256.89,-659125.04,None,N/A,
9.5708,asiya,Navigation,Navigation,1150,676,3343.18,-195314.61,None,N/A,
9.5806,asiya,Navigation,Navigation,1152,677,228.29,-318017.53,None,N/A,
9.5912,asiya,Navigation,Navigation,1149,676,300.09,6812.94,None,N/A,
9.6010,asiya,Navigation,Navigation,1146,674,365.75,6661.21,None,N/A,
9.6114,asiya,Navigation,Navigation,1133,667,1416.96,100882.63,None,N/A,
9.6213,asiya,Navigation,Navigation,1019,615,12742.95,1151851.44,None,N/A,
9.6307,asiya,Navigation,Navigation,956,590,7174.05,-589438.44,None,N/A,
9.6404,asiya,Navigation,Navigation,904,573,5632.38,-158718.79,None,N/A,
9.6511,asiya,Navigation,Navigation,899,572,478.98,-484086.61,None,N/A,
9.6610,asiya,Navigation,Navigation,899,575,303.10,-17769.50,None,N/A,
9.6709,asiya,Navigation,Navigation,901,579,452.04,15055.01,None,N/A,
9.6813,asiya,Navigation,Navigation,929,603,3530.50,294713.53,None,N/A,
9.6908,asiya,Navigation,Navigation,952,617,2825.57,-73974.96,None,N/A,
9.7011,asiya,Navigation,Navigation,968,626,1783.37,-101245.47,None,N/A,
9.7111,asiya,Navigation,Navigation,969,627,141.20,-163963.22,None,N/A,
9.7208,asiya,Navigation,Navigation,969,627,0.00,-14563.33,None,N/A,
9.7314,asiya,Navigation,Navigation,957,618,1424.44,135268.17,None,N/A,
9.7406,asiya,Navigation,Navigation,900,582,7338.09,643681.84,None,N/A,
9.7512,asiya,Navigation,Navigation,691,459,22825.53,1457722.73,None,N/A,
9.7610,asiya,Navigation,Navigation,594,416,10813.02,-1224193.39,None,N/A,
9.7706,asiya,Navigation,Navigation,475,377,13053.42,233533.72,None,N/A,
9.7814,asiya,Navigation,Navigation,455,373,1885.38,-1032356.31,None,N/A,
9.7911,asiya,Navigation,Navigation,447,379,1028.24,-88134.79,None,N/A,
9.8007,asiya,Navigation,Navigation,453,387,1040.72,1298.41,None,N/A,
9.8114,asiya,Navigation,Navigation,497,420,5148.80,384575.74,None,N/A,
9.8208,asiya,Navigation,Navigation,548,452,6441.12,138254.16,None,N/A,
9.8309,asiya,Navigation,Navigation,606,486,6671.56,22867.86,None,N/A,
9.8404,asiya,Navigation,Navigation,680,530,8988.40,241885.90,None,N/A,
9.8509,asiya,Navigation,Navigation,691,537,1251.22,-742492.08,None,N/A,
9.8608,asiya,Navigation,Navigation,695,540,500.90,-75166.78,None,N/A,
9.8711,asiya,Navigation,Navigation,694,540,97.73,-39400.91,None,N/A,
9.8810,asiya,Navigation,Navigation,678,529,1958.60,187712.07,None,N/A,
9.8907,asiya,Navigation,Navigation,641,509,4310.57,241047.98,None,N/A,
9.9012,asiya,Navigation,Navigation,534,461,11241.67,664407.13,None,N/A,
9.9112,asiya,Navigation,Navigation,491,448,4483.03,-674482.18,None,N/A,
9.9211,asiya,Navigation,Navigation,450,442,4168.32,-31657.97,None,N/A,
9.9308,asiya,Navigation,Navigation,444,442,618.40,-365878.88,None,N/A,
9.9414,asiya,Navigation,Navigation,442,444,267.26,-33179.64,None,N/A,
9.9505,asiya,Navigation,Navigation,443,446,244.91,-2447.86,None,N/A,
9.9616,asiya,Navigation,Navigation,451,456,1154.88,82061.01,None,N/A,
9.9713,asiya,Navigation,Navigation,463,466,1615.75,47672.00,None,N/A,
9.9808,asiya,Navigation,Navigation,483,479,2521.16,95695.03,None,N/A,
9.9916,asiya,Navigation,Navigation,512,492,2934.64,38180.67,None,N/A,
10.0005,asiya,Navigation,Navigation,524,496,1412.33,-169972.38,None,N/A,
10.0112,asiya,Navigation,Navigation,539,500,1460.16,4499.08,None,N/A,
10.0209,asiya,Navigation,Navigation,544,501,523.35,-96152.45,None,N/A,
10.0305,asiya,Navigation,Navigation,551,500,736.34,22178.87,None,N/A,
10.0408,asiya,Navigation,Navigation,553,499,217.17,-50422.42,None,N/A,
10.0506,asiya,Navigation,Navigation,555,499,204.95,-1252.34,None,N/A,
10.0611,asiya,Navigation,Navigation,558,498,300.21,9043.40,None,N/A,
10.0710,asiya,Navigation,Navigation,559,498,101.57,-20175.74,None,N/A,
10.0804,asiya,Navigation,Navigation,561,498,212.48,11782.73,None,N/A,
10.0914,asiya,Navigation,Navigation,561,498,0.00,-19224.60,None,N/A,
10.1012,asiya,Navigation,Navigation,563,498,204.45,20900.02,None,N/A,
10.1110,asiya,Navigation,Navigation,563,498,0.00,-20978.76,None,N/A,
10.1211,asiya,Navigation,Navigation,564,498,98.93,9787.00,None,N/A,
10.1305,asiya,Navigation,Navigation,564,498,0.00,-10514.91,None,N/A,
10.1412,asiya,Navigation,Navigation,565,498,93.42,8726.63,None,N/A,
10.1515,asiya,Navigation,Navigation,566,498,97.09,357.16,None,N/A,
10.1615,asiya,Navigation,Navigation,568,499,223.13,12576.36,None,N/A,
10.1709,asiya,Navigation,Navigation,570,500,238.65,1656.03,None,N/A,
10.1813,asiya,Navigation,Navigation,578,505,905.28,63970.34,None,N/A,
10.1914,asiya,Navigation,Navigation,583,508,576.43,-32509.32,None,N/A,
10.2013,asiya,Navigation,Navigation,591,513,950.63,37706.69,None,N/A,
10.2111,asiya,Navigation,Navigation,607,524,1991.21,106714.80,None,N/A,
10.2210,asiya,Navigation,Navigation,613,528,724.25,-127248.29,None,N/A,
10.2307,asiya,Navigation,Navigation,621,533,978.07,26315.06,None,N/A,
10.2405,asiya,Navigation,Navigation,624,535,367.52,-62234.98,None,N/A,
10.2513,asiya,Navigation,Navigation,629,539,593.60,20958.01,None,N/A,
10.2610,asiya,Navigation,Navigation,631,540,228.78,-37325.46,None,N/A,
10.2707,asiya,Navigation,Navigation,633,543,372.15,14798.59,None,N/A,
10.2807,asiya,Navigation,Navigation,634,544,141.52,-23079.27,None,N/A,
10.2905,asiya,Navigation,Navigation,635,545,144.42,296.28,None,N/A,
10.3012,asiya,Navigation,Navigation,636,548,296.33,14235.47,None,N/A,
10.3111,asiya,Navigation,Navigation,636,551,302.65,637.15,None,N/A,
10.3209,asiya,Navigation,Navigation,636,553,203.74,-10075.78,None,N/A,
10.3306,asiya,Navigation,Navigation,635,555,230.27,2732.23,None,N/A,
10.3405,asiya,Navigation,Navigation,631,561,730.00,50589.66,None,N/A,
10.3511,asiya,Navigation,Navigation,631,561,0.00,-69266.62,None,N/A,
10.3606,asiya,Navigation,Navigation,631,561,0.00,0.00,None,N/A,
10.3709,asiya,Navigation,Navigation,631,561,0.00,0.00,None,N/A,
10.3818,asiya,Navigation,Navigation,631,561,0.00,0.00,None,N/A,
10.3913,asiya,Navigation,Navigation,631,561,0.00,0.00,None,N/A,
10.4008,asiya,Navigation,Navigation,631,561,0.00,0.00,None,N/A,
10.4113,asiya,Navigation,Navigation,631,561,0.00,0.00,None,N/A,
10.4208,asiya,Navigation,Navigation,631,561,0.00,0.00,None,N/A,
10.4305,asiya,Navigation,Navigation,631,561,0.00,0.00,None,N/A,
10.4415,asiya,Navigation,Navigation,631,561,0.00,0.00,None,N/A,
10.4509,asiya,Navigation,Navigation,631,561,0.00,0.00,None,N/A,
10.4607,asiya,Navigation,Navigation,631,561,0.00,0.00,None,N/A,
10.4712,asiya,Navigation,Navigation,631,561,0.00,0.00,None,N/A,
10.4808,asiya,Navigation,Navigation,631,561,0.00,0.00,None,N/A,
10.4914,asiya,Navigation,Navigation,631,561,0.00,0.00,None,N/A,
10.5010,asiya,Navigation,Navigation,631,561,0.00,0.00,None,N/A,
10.5105,asiya,Navigation,Navigation,631,561,0.00,0.00,None,N/A,
10.5211,asiya,Navigation,Navigation,631,561,0.00,0.00,None,N/A,
10.5305,asiya,Navigation,Navigation,631,561,0.00,0.00,None,N/A,
10.5409,asiya,Navigation,Navigation,631,561,0.00,0.00,None,N/A,
10.5513,asiya,Navigation,Navigation,631,561,0.00,0.00,None,N/A,
10.5608,asiya,Navigation,Navigation,631,561,0.00,0.00,None,N/A,
10.5713,asiya,Navigation,Navigation,631,561,0.00,0.00,None,N/A,
10.5809,asiya,Navigation,Navigation,631,561,0.00,0.00,None,N/A,
10.5913,asiya,Navigation,Navigation,631,561,0.00,0.00,None,N/A,
10.6013,asiya,Navigation,Navigation,629,564,362.24,36393.19,None,N/A,
10.6111,asiya,Navigation,Navigation,627,567,366.53,436.44,None,N/A,
10.6206,asiya,Navigation,Navigation,623,574,845.96,50305.54,None,N/A,
10.6306,asiya,Navigation,Navigation,621,578,447.33,-39873.36,None,N/A,
10.6407,asiya,Navigation,Navigation,619,582,446.56,-76.57,None,N/A,
10.6512,asiya,Navigation,Navigation,617,588,597.26,14230.42,None,N/A,
10.6612,asiya,Navigation,Navigation,616,591,318.70,-28073.36,None,N/A,
10.6711,asiya,Navigation,Navigation,614,596,543.79,22730.21,None,N/A,
10.6806,asiya,Navigation,Navigation,613,598,234.07,-32421.69,None,N/A,
10.6913,asiya,Navigation,Navigation,612,602,384.26,13996.96,None,N/A,
10.7010,asiya,Navigation,Navigation,612,604,206.28,-18356.78,None,N/A,
10.7109,asiya,Navigation,Navigation,611,608,418.11,21481.81,None,N/A,
10.7210,asiya,Navigation,Navigation,611,610,198.23,-21793.65,None,N/A,
10.7306,asiya,Navigation,Navigation,612,614,428.25,23891.32,None,N/A,
10.7413,asiya,Navigation,Navigation,612,616,187.02,-22557.35,None,N/A,
10.7509,asiya,Navigation,Navigation,613,620,429.97,25336.20,None,N/A,
10.7610,asiya,Navigation,Navigation,614,623,312.04,-11637.26,None,N/A,
10.7708,asiya,Navigation,Navigation,614,626,307.12,-503.88,None,N/A,
10.7807,asiya,Navigation,Navigation,616,631,545.84,24197.46,None,N/A,
10.7907,asiya,Navigation,Navigation,617,634,315.66,-22976.96,None,N/A,
10.8013,asiya,Navigation,Navigation,619,638,423.23,10179.62,None,N/A,
10.8110,asiya,Navigation,Navigation,620,640,228.72,-19895.62,None,N/A,
10.8212,asiya,Navigation,Navigation,621,644,403.63,17122.65,None,N/A,
10.8308,asiya,Navigation,Navigation,622,646,235.11,-17719.03,None,N/A,
10.8413,asiya,Navigation,Navigation,623,648,211.65,-2220.28,None,N/A,
10.8512,asiya,Navigation,Navigation,623,649,101.28,-11178.51,None,N/A,
10.8605,asiya,Navigation,Navigation,624,650,152.85,5574.57,None,N/A,
10.8709,asiya,Navigation,Navigation,624,652,192.18,3779.24,None,N/A,
10.8808,asiya,Navigation,Navigation,625,653,142.49,-5006.77,None,N/A,
10.8914,asiya,Navigation,Navigation,625,654,94.01,-4557.90,None,N/A,
10.9012,asiya,Navigation,Navigation,626,654,102.41,860.01,None,N/A,
10.9108,asiya,Navigation,Navigation,626,655,104.25,191.83,None,N/A,
10.9207,asiya,Navigation,Navigation,626,655,0.00,-10473.22,None,N/A,
10.9311,asiya,Navigation,Navigation,626,656,96.87,9384.35,None,N/A,
10.9407,asiya,Navigation,Navigation,626,656,0.00,-10011.68,None,N/A,
10.9511,asiya,Navigation,Navigation,626,657,96.54,9319.23,None,N/A,
10.9608,asiya,Navigation,Navigation,626,657,0.00,-9931.62,None,N/A,
10.9704,asiya,Navigation,Navigation,626,657,0.00,0.00,None,N/A,
10.9807,asiya,Navigation,Navigation,626,658,97.61,9527.72,None,N/A,
10.9906,asiya,Navigation,Navigation,626,658,0.00,-9894.54,None,N/A,
11.0011,asiya,Navigation,Navigation,625,658,94.94,9013.80,None,N/A,
11.0111,asiya,Navigation,Navigation,625,658,0.00,-9498.19,None,N/A,
11.0209,asiya,Navigation,Navigation,624,660,227.66,23177.88,None,N/A,
11.0306,asiya,Navigation,Navigation,623,660,102.82,-12835.58,None,N/A,
11.0405,asiya,Navigation,Navigation,622,662,226.99,12605.12,None,N/A,
11.0513,asiya,Navigation,Navigation,621,662,92.62,-12445.47,None,N/A,
11.0598,asiya,Navigation,Navigation,619,664,92.62,0.00,None,N/A,target_reached
11.0614,asiya,Navigation,Navigation,619,664,280.29,18597.24,None,N/A,
11.0710,asiya,Navigation,Navigation,618,664,104.24,-18351.47,None,N/A,
11.0812,asiya,Navigation,Navigation,616,666,275.32,16653.06,None,N/A,
11.0905,asiya,Navigation,Navigation,615,666,108.00,-18070.80,None,N/A,
11.1012,asiya,Navigation,Navigation,613,667,207.87,9283.43,None,N/A,
11.1110,asiya,Navigation,Navigation,612,667,102.31,-10799.54,None,N/A,
11.1207,asiya,Navigation,Navigation,612,667,0.00,-10585.87,None,N/A,
11.1314,asiya,Navigation,Navigation,611,668,131.96,12313.87,None,N/A,
11.1406,asiya,Navigation,Navigation,611,668,0.00,-14362.73,None,N/A,
11.1512,asiya,Navigation,Navigation,610,668,94.50,8929.51,None,N/A,
11.1611,asiya,Navigation,Navigation,610,668,0.00,-9566.63,None,N/A,
11.1706,asiya,Navigation,Navigation,610,668,0.00,0.00,None,N/A,
11.1811,asiya,Navigation,Navigation,610,668,0.00,0.00,None,N/A,
11.1906,asiya,Navigation,Navigation,610,668,0.00,0.00,None,N/A,
11.2011,asiya,Navigation,Navigation,610,668,0.00,0.00,None,N/A,
11.2106,asiya,Navigation,Navigation,610,668,0.00,0.00,None,N/A,
11.2211,asiya,Navigation,Navigation,610,668,0.00,0.00,None,N/A,
11.2309,asiya,Navigation,Navigation,610,668,0.00,0.00,None,N/A,
11.2407,asiya,Navigation,Navigation,610,669,102.03,10410.39,None,N/A,
11.2511,asiya,Navigation,Navigation,610,669,0.00,-9790.23,None,N/A,
11.2609,asiya,Navigation,Navigation,610,669,0.00,0.00,None,N/A,
11.2709,asiya,Navigation,Navigation,610,670,99.54,9909.09,None,N/A,
11.2810,asiya,Navigation,Navigation,610,670,0.00,-9935.26,None,N/A,
11.2913,asiya,Navigation,Navigation,610,670,0.00,0.00,None,N/A,
11.3009,asiya,Navigation,Navigation,610,671,104.12,10840.63,None,N/A,
11.3109,asiya,Navigation,Navigation,610,671,0.00,-10431.00,None,N/A,
11.3205,asiya,Navigation,Navigation,610,672,103.63,10739.09,None,N/A,
11.3310,asiya,Navigation,Navigation,610,672,0.00,-9867.96,None,N/A,
11.3417,asiya,Navigation,Navigation,610,672,0.00,0.00,None,N/A,
11.3513,asiya,Navigation,Navigation,610,672,0.00,0.00,None,N/A,
11.3610,asiya,Navigation,Navigation,610,672,0.00,0.00,None,N/A,
11.3706,asiya,Navigation,Navigation,610,672,0.00,0.00,None,N/A,
11.3814,asiya,Navigation,Navigation,611,672,92.69,8591.39,None,N/A,
11.3911,asiya,Navigation,Navigation,612,670,230.95,14280.48,None,N/A,
11.4013,asiya,Navigation,Navigation,613,668,219.58,-1116.66,None,N/A,
11.4111,asiya,Navigation,Navigation,617,659,1000.83,79388.97,None,N/A,
11.4210,asiya,Navigation,Navigation,622,651,958.53,-4297.68,None,N/A,
11.4314,asiya,Navigation,Navigation,631,637,1597.31,61305.55,None,N/A,
11.4407,asiya,Navigation,Navigation,637,629,1073.29,-56242.36,None,N/A,
11.4510,asiya,Navigation,Navigation,655,614,2278.43,117189.76,None,N/A,
11.4610,asiya,Navigation,Navigation,669,605,1662.11,-61549.85,None,N/A,
11.4709,asiya,Navigation,Navigation,690,595,2349.81,69475.19,None,N/A,
11.4806,asiya,Navigation,Navigation,734,583,4700.57,242285.44,None,N/A,
11.4907,asiya,Navigation,Navigation,754,579,2018.77,-265440.08,None,N/A,
11.5012,asiya,Navigation,Navigation,797,576,4122.43,201190.53,None,N/A,
11.5110,asiya,Navigation,Navigation,820,576,2325.00,-181697.11,None,N/A,
11.5213,asiya,Navigation,Navigation,864,577,4306.47,193885.39,None,N/A,
11.5306,asiya,Navigation,Navigation,881,578,1821.68,-265805.44,None,N/A,
11.5404,asiya,Navigation,Navigation,903,580,2250.61,43698.61,None,N/A,
11.5513,asiya,Navigation,Navigation,907,580,369.37,-173718.56,None,N/A,
11.5607,asiya,Navigation,Navigation,909,579,237.34,-14014.00,None,N/A,
11.5710,asiya,Navigation,Navigation,909,578,96.92,-13609.55,None,N/A,
11.5805,asiya,Navigation,Navigation,909,578,0.00,-10245.78,None,N/A,
11.5905,asiya,Navigation,Navigation,907,575,360.76,36096.88,None,N/A,
11.6013,asiya,Navigation,Navigation,896,567,1256.00,82668.68,None,N/A,
11.6110,asiya,Navigation,Navigation,799,498,12186.20,1118952.04,None,N/A,
11.6209,asiya,Navigation,Navigation,767,481,3680.13,-863892.59,None,N/A,
11.6306,asiya,Navigation,Navigation,721,462,5109.49,146742.73,None,N/A,
11.6409,asiya,Navigation,Navigation,704,457,1727.16,-329673.65,None,N/A,
11.6511,asiya,Navigation,Navigation,689,452,1556.61,-16790.75,None,N/A,
11.6610,asiya,Navigation,Navigation,687,452,200.51,-135956.69,None,N/A,
11.6707,asiya,Navigation,Navigation,688,453,146.72,-5580.88,None,N/A,
11.6805,asiya,Navigation,Navigation,688,454,101.87,-4568.88,None,N/A,
11.6907,asiya,Navigation,Navigation,689,454,97.81,-396.83,None,N/A,
11.7012,asiya,Navigation,Navigation,698,460,1034.65,89612.00,None,N/A,
11.7112,asiya,Navigation,Navigation,750,485,5745.51,469106.70,None,N/A,
11.7211,asiya,Navigation,Navigation,871,535,13175.31,747686.57,None,N/A,
11.7306,asiya,Navigation,Navigation,914,549,4799.92,-888979.95,None,N/A,
11.7406,asiya,Navigation,Navigation,946,558,3324.95,-147531.86,None,N/A,
11.7514,asiya,Navigation,Navigation,951,559,471.39,-263802.28,None,N/A,
11.7609,asiya,Navigation,Navigation,952,558,149.09,-33977.23,None,N/A,
11.7709,asiya,Navigation,Navigation,952,557,99.48,-4934.92,None,N/A,
11.7804,asiya,Navigation,Navigation,952,555,210.70,11716.74,None,N/A,
11.7908,asiya,Navigation,Navigation,951,553,215.13,426.05,None,N/A,
11.8011,asiya,Navigation,Navigation,943,540,1488.26,124128.45,None,N/A,
11.8110,asiya,Navigation,Navigation,937,530,1172.73,-31729.20,None,N/A,
11.8211,asiya,Navigation,Navigation,934,525,578.07,-58953.91,None,N/A,
11.8308,asiya,Navigation,Navigation,932,520,553.10,-2563.96,None,N/A,
11.8408,asiya,Navigation,Navigation,933,519,141.43,-41170.00,None,N/A,
11.8512,asiya,Navigation,Navigation,946,517,1273.49,109607.21,None,N/A,
11.8612,asiya,Navigation,Navigation,1010,529,6497.13,521208.97,None,N/A,
11.8712,asiya,Navigation,Navigation,1262,617,26548.03,1994251.69,None,N/A,
11.8807,asiya,Navigation,Navigation,1374,660,12693.78,-1465879.97,None,N/A,
11.8908,asiya,Navigation,Navigation,1471,696,10254.34,-241771.40,None,N/A,
11.9013,asiya,Navigation,Navigation,1481,698,964.83,-878871.91,None,N/A,
11.9110,asiya,Navigation,Navigation,1481,695,311.36,-67820.94,None,N/A,
11.9215,asiya,Navigation,Navigation,1476,690,674.96,34706.48,None,N/A,
11.9310,asiya,Navigation,Navigation,1463,677,1927.35,131293.55,None,N/A,
11.9410,asiya,Navigation,Navigation,1349,578,15067.08,1311222.99,None,N/A,
11.9507,asiya,Navigation,Navigation,1239,498,13968.83,-112791.01,None,N/A,
11.9610,asiya,Navigation,Navigation,1066,389,19861.74,572410.07,None,N/A,
11.9709,asiya,Navigation,Navigation,1028,368,4405.31,-1568303.72,None,N/A,
11.9806,asiya,Navigation,Navigation,1011,361,1901.31,-258957.83,None,N/A,
11.9907,asiya,Navigation,Navigation,1012,361,98.75,-177994.52,None,N/A,
12.0012,asiya,Navigation,Navigation,1016,364,476.85,36060.37,None,N/A,
12.0111,asiya,Navigation,Navigation,1019,366,363.68,-11415.60,None,N/A,
12.0208,asiya,Navigation,Navigation,1060,382,4517.90,426444.37,None,N/A,
12.0307,asiya,Navigation,Navigation,1103,401,4757.79,24277.60,None,N/A,
12.0412,asiya,Navigation,Navigation,1178,430,7650.97,275280.00,None,N/A,
12.0513,asiya,Navigation,Navigation,1190,434,1257.83,-635736.97,None,N/A,
12.0611,asiya,Navigation,Navigation,1194,434,406.59,-86527.16,None,N/A,
12.0710,asiya,Navigation,Navigation,1195,431,318.64,-8862.03,None,N/A,
12.0807,asiya,Navigation,Navigation,1194,430,146.96,-17840.80,None,N/A,
12.0905,asiya,Navigation,Navigation,1187,420,1246.27,112237.64,None,N/A,
12.1012,asiya,Navigation,Navigation,1164,396,3083.81,170467.89,None,N/A,
12.1109,asiya,Navigation,Navigation,1079,322,11707.27,895814.70,None,N/A,
12.1205,asiya,Navigation,Navigation,1049,301,3796.19,-820105.04,None,N/A,
12.1305,asiya,Navigation,Navigation,1024,283,3091.57,-70713.70,None,N/A,
12.1405,asiya,Navigation,Navigation,1022,282,224.06,-287333.46,None,N/A,
12.1509,asiya,Navigation,Navigation,1022,282,0.00,-21383.92,None,N/A,
12.1611,asiya,Navigation,Navigation,1023,282,98.60,9722.68,None,N/A,
12.1711,asiya,Navigation,Navigation,1025,282,198.81,9961.08,None,N/A,
12.1806,asiya,Navigation,Navigation,1034,284,978.13,82681.29,None,N/A,
12.1908,asiya,Navigation,Navigation,1057,290,2323.19,131462.47,None,N/A,
12.2012,asiya,Navigation,Navigation,1138,312,8031.55,546222.61,None,N/A,
12.2112,asiya,Navigation,Navigation,1157,317,1968.12,-607400.88,None,N/A,
12.2208,asiya,Navigation,Navigation,1177,319,2099.11,13680.39,None,N/A,
12.2307,asiya,Navigation,Navigation,1181,318,415.76,-169743.49,None,N/A,
12.2405,asiya,Navigation,Navigation,1184,318,305.99,-11196.24,None,N/A,
12.2514,asiya,Navigation,Navigation,1184,317,92.24,-19715.70,None,N/A,
12.2613,asiya,Navigation,Navigation,1185,317,100.49,829.14,None,N/A,
12.2710,asiya,Navigation,Navigation,1185,316,103.55,317.26,None,N/A,
12.2807,asiya,Navigation,Navigation,1185,316,0.00,-10703.37,None,N/A,
12.2914,asiya,Navigation,Navigation,1185,316,0.00,0.00,None,N/A,
12.3009,asiya,Navigation,Navigation,1185,316,0.00,0.00,None,N/A,
12.3114,asiya,Navigation,Navigation,1185,316,0.00,0.00,None,N/A,
12.3209,asiya,Navigation,Navigation,1185,316,0.00,0.00,None,N/A,
12.3313,asiya,Navigation,Navigation,1185,316,0.00,0.00,None,N/A,
12.3407,asiya,Navigation,Navigation,1185,316,0.00,0.00,None,N/A,
12.3506,asiya,Navigation,Navigation,1185,316,0.00,0.00,None,N/A,
12.3605,asiya,Navigation,Navigation,1185,316,0.00,0.00,None,N/A,
12.3707,asiya,Navigation,Navigation,1186,317,138.48,13560.57,None,N/A,
12.3807,asiya,Navigation,Navigation,1188,318,223.20,8456.64,None,N/A,
12.3908,asiya,Navigation,Navigation,1191,319,312.86,8869.82,None,N/A,
12.4013,asiya,Navigation,Navigation,1203,322,1178.25,82433.69,None,N/A,
12.4111,asiya,Navigation,Navigation,1212,324,945.12,-23898.73,None,N/A,
12.4212,asiya,Navigation,Navigation,1227,327,1515.26,56475.16,None,N/A,
12.4310,asiya,Navigation,Navigation,1232,328,520.86,-101576.24,None,N/A,
12.4414,asiya,Navigation,Navigation,1240,329,771.11,23935.68,None,N/A,
12.4514,asiya,Navigation,Navigation,1243,329,302.13,-47231.28,None,N/A,
12.4610,asiya,Navigation,Navigation,1249,328,628.44,33713.11,None,N/A,
12.4706,asiya,Navigation,Navigation,1252,328,312.15,-32910.42,None,N/A,
12.4804,asiya,Navigation,Navigation,1256,328,408.75,9871.96,None,N/A,
12.4909,asiya,Navigation,Navigation,1258,328,191.03,-20795.67,None,N/A,
12.5013,asiya,Navigation,Navigation,1262,328,384.96,18663.66,None,N/A,
12.5114,asiya,Navigation,Navigation,1265,328,297.67,-8661.27,None,N/A,
12.5211,asiya,Navigation,Navigation,1268,328,308.78,1144.32,None,N/A,
12.5306,asiya,Navigation,Navigation,1276,331,901.72,62577.54,None,N/A,
12.5409,asiya,Navigation,Navigation,1281,333,520.97,-36834.48,None,N/A,
12.5513,asiya,Navigation,Navigation,1307,348,2888.78,227877.31,None,N/A,
12.5561,asiya,Navigation,Navigation,1319,356,2888.78,0.00,None,N/A,target_reached
12.5607,asiya,Navigation,Navigation,1319,356,1530.99,-144136.70,None,N/A,
12.5711,asiya,Navigation,Navigation,1330,364,1311.25,-21184.17,None,N/A,
12.5807,asiya,Navigation,Navigation,1333,366,374.78,-97342.10,None,N/A,
12.5904,asiya,Navigation,Navigation,1337,369,515.63,14524.63,None,N/A,
12.6013,asiya,Navigation,Navigation,1338,370,130.25,-35493.04,None,N/A,
12.6106,asiya,Navigation,Navigation,1339,371,151.44,2269.41,None,N/A,
12.6213,asiya,Navigation,Navigation,1340,372,131.67,-1840.47,None,N/A,
12.6306,asiya,Navigation,Navigation,1340,372,0.00,-14203.64,None,N/A,
12.6405,asiya,Navigation,Navigation,1340,373,100.95,10191.56,None,N/A,
12.6510,asiya,Navigation,Navigation,1340,373,0.00,-9658.28,None,N/A,
12.6609,asiya,Navigation,Navigation,1340,373,0.00,0.00,None,N/A,
12.6708,asiya,Navigation,Navigation,1340,373,0.00,0.00,None,N/A,
12.6806,asiya,Navigation,Navigation,1339,374,143.38,14537.33,None,N/A,
12.6905,asiya,Navigation,Navigation,1339,374,0.00,-14496.68,None,N/A,
12.7006,asiya,Navigation,Navigation,1338,374,99.48,9895.46,None,N/A,
12.7111,asiya,Navigation,Navigation,1337,374,94.96,-428.80,None,N/A,
12.7207,asiya,Navigation,Navigation,1336,374,103.71,907.03,None,N/A,
12.7306,asiya,Navigation,Navigation,1335,374,101.34,-239.47,None,N/A,
12.7407,asiya,Navigation,Navigation,1334,374,98.76,-255.00,None,N/A,
12.7514,asiya,Navigation,Navigation,1332,374,187.53,8324.00,None,N/A,
12.7612,asiya,Navigation,Navigation,1331,373,144.00,-4432.85,None,N/A,
12.7711,asiya,Navigation,Navigation,1329,373,203.12,6004.75,None,N/A,
12.7808,asiya,Navigation,Navigation,1328,373,102.77,-10313.37,None,N/A,
12.7905,asiya,Navigation,Navigation,1326,373,206.41,10696.69,None,N/A,
12.8011,asiya,Navigation,Navigation,1326,373,0.00,-19389.86,None,N/A,
12.8113,asiya,Navigation,Navigation,1324,373,197.20,19443.54,None,N/A,
12.8208,asiya,Navigation,Navigation,1324,373,0.00,-20701.00,None,N/A,
12.8304,asiya,Navigation,Navigation,1322,373,208.80,21799.07,None,N/A,
12.8405,asiya,Navigation,Navigation,1321,372,139.46,-6837.85,None,N/A,
12.8515,asiya,Navigation,Navigation,1319,372,181.55,3820.66,None,N/A,
12.8612,asiya,Navigation,Navigation,1318,372,103.40,-8080.86,None,N/A,
12.8710,asiya,Navigation,Navigation,1316,372,204.93,10402.29,None,N/A,
12.8806,asiya,Navigation,Navigation,1313,372,310.77,10964.97,None,N/A,
12.8908,asiya,Navigation,Navigation,1311,372,196.34,-11233.96,None,N/A,
12.9012,asiya,Navigation,Navigation,1307,372,382.97,17868.68,None,N/A,
12.9114,asiya,Navigation,Navigation,1305,372,196.40,-18321.30,None,N/A,
12.9212,asiya,Navigation,Navigation,1301,372,410.12,21912.41,None,N/A,
12.9307,asiya,Navigation,Navigation,1298,372,314.98,-9988.97,None,N/A,
12.9404,asiya,Navigation,Navigation,1292,373,625.67,31957.22,None,N/A,
12.9513,asiya,Navigation,Navigation,1289,373,275.02,-32145.23,None,N/A,
12.9608,asiya,Navigation,Navigation,1281,375,874.41,63557.40,None,N/A,
12.9712,asiya,Navigation,Navigation,1277,376,394.22,-45911.66,None,N/A,
12.9820,asiya,Navigation,Navigation,1273,377,383.35,-1010.72,None,N/A,
12.9905,asiya,Navigation,Navigation,1265,379,964.61,67994.20,None,N/A,
13.0018,asiya,Navigation,Navigation,1260,381,479.72,-43195.01,None,N/A,
13.0111,asiya,Navigation,Navigation,1251,384,1019.07,57937.16,None,N/A,
13.0209,asiya,Navigation,Navigation,1245,386,644.08,-38188.34,None,N/A,
13.0307,asiya,Navigation,Navigation,1226,392,2028.57,140955.91,None,N/A,
13.0407,asiya,Navigation,Navigation,1216,396,1075.37,-95172.65,None,N/A,
13.0513,asiya,Navigation,Navigation,1201,402,1533.37,43470.22,None,N/A,
13.0614,asiya,Navigation,Navigation,1195,405,658.27,-85872.41,None,N/A,
13.0707,asiya,Navigation,Navigation,1186,409,1062.26,43573.04,None,N/A,
13.0809,asiya,Navigation,Navigation,1182,411,438.79,-61172.59,None,N/A,
13.0907,asiya,Navigation,Navigation,1179,412,321.63,-11916.62,None,N/A,
13.1004,asiya,Navigation,Navigation,1172,416,831.44,52576.02,None,N/A,
13.1113,asiya,Navigation,Navigation,1169,417,291.92,-49805.26,None,N/A,
13.1211,asiya,Navigation,Navigation,1163,421,730.78,44474.25,None,N/A,
13.1309,asiya,Navigation,Navigation,1160,423,368.39,-37026.56,None,N/A,
13.1405,asiya,Navigation,Navigation,1154,426,701.08,34768.95,None,N/A,
13.1511,asiya,Navigation,Navigation,1151,428,340.14,-34049.86,None,N/A,
13.1610,asiya,Navigation,Navigation,1147,430,450.38,11101.92,None,N/A,
13.1711,asiya,Navigation,Navigation,1145,432,280.99,-16828.32,None,N/A,
13.1805,asiya,Navigation,Navigation,1141,434,474.40,20517.78,None,N/A,
13.1907,asiya,Navigation,Navigation,1139,435,218.83,-25011.49,None,N/A,
13.2006,asiya,Navigation,Navigation,1137,436,227.44,875.47,None,N/A,
13.2113,asiya,Navigation,Navigation,1134,438,336.89,10226.47,None,N/A,
13.2214,asiya,Navigation,Navigation,1132,438,198.15,-13745.10,None,N/A,
13.2308,asiya,Navigation,Navigation,1128,439,436.13,25173.05,None,N/A,
13.2407,asiya,Navigation,Navigation,1126,439,202.06,-23648.46,None,N/A,
13.2505,asiya,Navigation,Navigation,1122,439,406.96,20845.88,None,N/A,
13.2609,asiya,Navigation,Navigation,1120,438,216.51,-18440.29,None,N/A,
13.2710,asiya,Navigation,Navigation,1117,438,296.87,7952.46,None,N/A,
13.2809,asiya,Navigation,Navigation,1116,437,142.87,-15557.90,None,N/A,
13.2907,asiya,Navigation,Navigation,1114,437,202.92,6093.42,None,N/A,
13.3010,asiya,Navigation,Navigation,1113,436,138.02,-6334.03,None,N/A,
13.3111,asiya,Navigation,Navigation,1112,436,98.43,-3897.19,None,N/A,
13.3211,asiya,Navigation,Navigation,1112,435,100.62,220.23,None,N/A,
13.3306,asiya,Navigation,Navigation,1112,435,0.00,-10509.95,None,N/A,
13.3406,asiya,Navigation,Navigation,1111,435,100.22,10044.99,None,N/A,
13.3512,asiya,Navigation,Navigation,1111,435,0.00,-9448.28,None,N/A,
13.3607,asiya,Navigation,Navigation,1110,434,149.32,15766.27,None,N/A,
13.3711,asiya,Navigation,Navigation,1109,434,96.59,-5093.44,None,N/A,
13.3806,asiya,Navigation,Navigation,1067,416,4804.04,494911.41,None,N/A,
13.3911,asiya,Navigation,Navigation,971,387,9552.47,452305.58,None,N/A,
13.4004,asiya,Navigation,Navigation,867,363,11422.24,200096.43,None,N/A,
13.4105,asiya,Navigation,Navigation,836,357,3141.13,-823810.38,None,N/A,
13.4208,asiya,Navigation,Navigation,795,355,3981.02,81454.00,None,N/A,
13.4306,asiya,Navigation,Navigation,785,356,1021.40,-300795.22,None,N/A,
13.4407,asiya,Navigation,Navigation,779,358,624.31,-39197.61,None,N/A,
13.4512,asiya,Navigation,Navigation,777,360,271.09,-33854.59,None,N/A,
13.4612,asiya,Navigation,Navigation,777,362,199.70,-7127.61,None,N/A,
13.4705,asiya,Navigation,Navigation,785,371,1300.06,118799.24,None,N/A,
13.4807,asiya,Navigation,Navigation,803,390,2553.99,122361.45,None,N/A,
13.4906,asiya,Navigation,Navigation,872,441,8685.83,620732.88,None,N/A,
13.5006,asiya,Navigation,Navigation,904,460,3723.78,-496501.43,None,N/A,
13.5102,asiya,Navigation,Navigation,953,489,3723.78,0.00,None,N/A,target_reached
13.5116,asiya,Navigation,Navigation,953,489,5172.91,131654.11,None,N/A,
13.5212,asiya,Navigation,Navigation,967,498,1737.40,-358633.88,None,N/A,
13.5304,asiya,Navigation,Navigation,976,505,1228.89,-54807.70,None,N/A,
13.5405,asiya,Navigation,Navigation,977,506,140.31,-108001.32,None,N/A,
13.5512,asiya,Navigation,Navigation,976,506,93.58,-4372.81,None,N/A,
13.5609,asiya,Navigation,Navigation,976,506,0.00,-9635.42,None,N/A,
13.5710,asiya,Navigation,Navigation,974,505,220.70,21782.55,None,N/A,
13.5809,asiya,Navigation,Navigation,934,489,4382.85,423433.95,None,N/A,
13.5909,asiya,Navigation,Navigation,856,458,8380.67,399173.27,None,N/A,
13.6007,asiya,Navigation,Navigation,707,402,16246.08,802771.86,None,N/A,
13.6112,asiya,Navigation,Navigation,659,386,4809.99,-1087180.80,None,N/A,
13.6210,asiya,Navigation,Navigation,605,370,5781.33,99708.91,None,N/A,
13.6307,asiya,Navigation,Navigation,592,368,1351.71,-455227.05,None,N/A,
13.6404,asiya,Navigation,Navigation,585,367,725.99,-64243.25,None,N/A,
13.6512,asiya,Navigation,Navigation,585,367,0.00,-67146.56,None,N/A,
13.6607,asiya,Navigation,Navigation,587,368,236.03,24914.86,None,N/A,
13.6713,asiya,Navigation,Navigation,591,370,422.20,17575.47,None,N/A,
13.6810,asiya,Navigation,Navigation,646,390,6047.88,581363.91,None,N/A,
13.6906,asiya,Navigation,Navigation,697,407,5605.90,-46089.52,None,N/A,
13.7013,asiya,Navigation,Navigation,746,423,4804.98,-74659.39,None,N/A,
13.7112,asiya,Navigation,Navigation,832,445,8991.64,424075.52,None,N/A,
13.7209,asiya,Navigation,Navigation,868,453,3790.95,-534612.69,None,N/A,
13.7307,asiya,Navigation,Navigation,934,463,6818.06,309183.37,None,N/A,
13.7407,asiya,Navigation,Navigation,959,466,2518.96,-430084.59,None,N/A,
13.7504,asiya,Navigation,Navigation,995,470,3723.08,123767.70,None,N/A,
13.7613,asiya,Navigation,Navigation,1005,470,916.39,-257202.06,None,N/A,
13.7707,asiya,Navigation,Navigation,1017,469,1287.14,39630.28,None,N/A,
13.7809,asiya,Navigation,Navigation,1018,469,98.05,-116590.82,None,N/A,
13.7914,asiya,Navigation,Navigation,1019,468,134.78,3500.77,None,N/A,
13.8007,asiya,Navigation,Navigation,1019,468,0.00,-14373.36,None,N/A,
13.8110,asiya,Navigation,Navigation,1019,468,0.00,0.00,None,N/A,
13.8212,asiya,Navigation,Navigation,1019,467,97.99,9602.21,None,N/A,
13.8307,asiya,Navigation,Navigation,1019,466,105.49,791.14,None,N/A,
13.8405,asiya,Navigation,Navigation,1017,464,289.46,18827.58,None,N/A,
13.8514,asiya,Navigation,Navigation,1015,463,204.63,-7763.03,None,N/A,
13.8610,asiya,Navigation,Navigation,1010,458,741.71,56336.81,None,N/A,
13.8712,asiya,Navigation,Navigation,1006,455,487.90,-24767.12,None,N/A,
13.8805,asiya,Navigation,Navigation,999,450,927.81,47446.90,None,N/A,
13.8906,asiya,Navigation,Navigation,997,448,279.96,-64124.88,None,N/A,
13.9012,asiya,Navigation,Navigation,994,446,338.23,5465.85,None,N/A,
13.9114,asiya,Navigation,Navigation,993,445,139.18,-19589.38,None,N/A,
13.9210,asiya,Navigation,Navigation,992,444,147.66,885.28,None,N/A,
13.9307,asiya,Navigation,Navigation,992,443,102.57,-4625.37,None,N/A,
13.9411,asiya,Navigation,Navigation,993,443,96.79,-558.81,None,N/A,
13.9511,asiya,Navigation,Navigation,1026,448,3319.70,320556.01,None,N/A,
13.9612,asiya,Navigation,Navigation,1070,460,4503.80,116932.01,None,N/A,
13.9712,asiya,Navigation,Navigation,1112,474,4447.66,-5639.60,None,N/A,
13.9808,asiya,Navigation,Navigation,1124,480,1400.44,-318076.76,None,N/A,
13.9904,asiya,Navigation,Navigation,1148,489,2653.48,129717.51,None,N/A,
14.0014,asiya,Navigation,Navigation,1158,493,978.09,-152147.90,None,N/A,
14.0110,asiya,Navigation,Navigation,1168,498,1168.72,19927.35,None,N/A,
14.0207,asiya,Navigation,Navigation,1170,499,230.37,-96672.61,None,N/A,
14.0309,asiya,Navigation,Navigation,1171,500,139.26,-8971.69,None,N/A,
14.0413,asiya,Navigation,Navigation,1172,501,135.79,-332.45,None,N/A,
14.0507,asiya,Navigation,Navigation,1172,501,0.00,-14444.93,None,N/A,
14.0611,asiya,Navigation,Navigation,1171,501,96.22,9258.19,None,N/A,
14.0711,asiya,Navigation,Navigation,1170,501,99.77,354.66,None,N/A,
14.0805,asiya,Navigation,Navigation,1150,493,2284.00,231597.32,None,N/A,
14.0908,asiya,Navigation,Navigation,1071,460,8307.05,584401.52,None,N/A,
14.1014,asiya,Navigation,Navigation,936,400,13969.31,535411.18,None,N/A,
14.1111,asiya,Navigation,Navigation,889,382,5190.81,-905394.40,None,N/A,
14.1207,asiya,Navigation,Navigation,801,347,9834.87,482275.03,None,N/A,
14.1308,asiya,Navigation,Navigation,768,335,3488.29,-630479.92,None,N/A,
14.1409,asiya,Navigation,Navigation,747,328,2186.28,-128594.56,None,N/A,
14.1512,asiya,Navigation,Navigation,726,322,2129.61,-5526.50,None,N/A,
14.1612,asiya,Navigation,Navigation,723,322,300.44,-183187.07,None,N/A,
14.1712,asiya,Navigation,Navigation,723,322,0.00,-30091.82,None,N/A,
14.1807,asiya,Navigation,Navigation,723,322,0.00,0.00,None,N/A,
14.1905,asiya,Navigation,Navigation,727,324,460.07,47329.52,None,N/A,
14.2013,asiya,Navigation,Navigation,735,328,822.14,33280.59,None,N/A,
14.2110,asiya,Navigation,Navigation,843,372,12083.69,1166885.84,None,N/A,
14.2211,asiya,Navigation,Navigation,915,402,7722.31,-431793.93,None,N/A,
14.2304,asiya,Navigation,Navigation,1052,462,16038.85,891851.16,None,N/A,
14.2413,asiya,Navigation,Navigation,1113,486,6042.57,-921461.74,None,N/A,
14.2511,asiya,Navigation,Navigation,1237,536,13561.54,762662.47,None,N/A,
14.2612,asiya,Navigation,Navigation,1287,556,5354.78,-816045.91,None,N/A,
14.2713,asiya,Navigation,Navigation,1330,573,4588.85,-76014.08,None,N/A,
14.2809,asiya,Navigation,Navigation,1397,601,7539.45,306352.78,None,N/A,
14.2907,asiya,Navigation,Navigation,1421,611,2635.50,-497091.19,None,N/A,
14.3013,asiya,Navigation,Navigation,1450,623,2980.51,32763.66,None,N/A,
14.3109,asiya,Navigation,Navigation,1459,626,989.77,-207695.09,None,N/A,
14.3215,asiya,Navigation,Navigation,1465,627,573.63,-39243.47,None,N/A,
14.3310,asiya,Navigation,Navigation,1465,627,0.00,-60208.61,None,N/A,
14.3405,asiya,Navigation,Navigation,1465,627,0.00,0.00,None,N/A,
14.3511,asiya,Navigation,Navigation,1464,626,133.81,12660.74,None,N/A,
14.3606,asiya,Navigation,Navigation,1463,625,149.11,1613.37,None,N/A,
14.3712,asiya,Navigation,Navigation,1442,612,2316.19,203228.48,None,N/A,
14.3809,asiya,Navigation,Navigation,1365,567,9233.56,716171.30,None,N/A,
14.3913,asiya,Navigation,Navigation,1181,478,19522.50,982737.57,None,N/A,
14.4006,asiya,Navigation,Navigation,1096,439,10120.79,-1017458.03,None,N/A,
14.4107,asiya,Navigation,Navigation,934,365,17623.98,742477.81,None,N/A,
14.4213,asiya,Navigation,Navigation,850,325,8754.42,-834585.75,None,N/A,
14.4307,asiya,Navigation,Navigation,704,263,16837.41,858009.34,None,N/A,
14.4405,asiya,Navigation,Navigation,655,245,5339.96,-1176132.47,None,N/A,
14.4511,asiya,Navigation,Navigation,606,226,4964.99,-35424.84,None,N/A,
14.4608,asiya,Navigation,Navigation,596,222,1115.33,-398653.18,None,N/A,
14.4705,asiya,Navigation,Navigation,590,220,649.36,-47841.94,None,N/A,
14.4810,asiya,Navigation,Navigation,590,220,0.00,-61939.96,None,N/A,
14.4914,asiya,Navigation,Navigation,591,221,135.10,12907.04,None,N/A,
14.5009,asiya,Navigation,Navigation,593,222,236.48,10721.86,None,N/A,
14.5117,asiya,Navigation,Navigation,594,223,130.66,-9777.28,None,N/A,
14.5208,asiya,Navigation,Navigation,616,232,2632.21,277016.21,None,N/A,
14.5308,asiya,Navigation,Navigation,664,253,5233.66,259867.22,None,N/A,
14.5405,asiya,Navigation,Navigation,760,297,10854.29,577710.49,None,N/A,
14.5505,asiya,Navigation,Navigation,801,316,4501.25,-632830.34,None,N/A,
14.5613,asiya,Navigation,Navigation,874,349,7467.68,276515.81,None,N/A,
14.5712,asiya,Navigation,Navigation,907,363,3599.02,-388412.84,None,N/A,
14.5806,asiya,Navigation,Navigation,960,388,6251.28,282932.83,None,N/A,
14.5906,asiya,Navigation,Navigation,978,399,2101.99,-413450.62,None,N/A,
14.6007,asiya,Navigation,Navigation,993,406,1642.34,-45605.31,None,N/A,
14.6111,asiya,Navigation,Navigation,1011,415,1929.83,27568.78,None,N/A,
14.6212,asiya,Navigation,Navigation,1014,417,358.79,-156335.77,None,N/A,
14.6310,asiya,Navigation,Navigation,1016,419,287.14,-7274.02,None,N/A,
14.6405,asiya,Navigation,Navigation,1016,419,0.00,-30341.92,None,N/A,
14.6513,asiya,Navigation,Navigation,1016,419,0.00,0.00,None,N/A,
14.6612,asiya,Navigation,Navigation,1015,419,101.20,10241.29,None,N/A,
14.6709,asiya,Navigation,Navigation,1012,418,326.25,23217.73,None,N/A,
14.6811,asiya,Navigation,Navigation,1004,415,834.45,49633.17,None,N/A,
14.6904,asiya,Navigation,Navigation,867,359,15993.07,1638023.71,None,N/A,
14.7006,asiya,Navigation,Navigation,804,330,6781.03,-900697.70,None,N/A,
14.7110,asiya,Navigation,Navigation,703,285,10675.85,376051.62,None,N/A,
14.7205,asiya,Navigation,Navigation,666,272,4096.87,-687277.97,None,N/A,
14.7308,asiya,Navigation,Navigation,639,262,2815.93,-125277.98,None,N/A,
14.7405,asiya,Navigation,Navigation,615,255,2568.47,-25424.02,None,N/A,
14.7515,asiya,Navigation,Navigation,613,255,182.17,-217361.13,None,N/A,
14.7608,asiya,Navigation,Navigation,613,256,107.52,-8027.03,None,N/A,
14.7707,asiya,Navigation,Navigation,614,256,100.46,-708.84,None,N/A,
14.7807,asiya,Navigation,Navigation,619,260,644.82,54818.75,None,N/A,
14.7908,asiya,Navigation,Navigation,643,273,2682.84,200320.89,None,N/A,
14.8022,asiya,Navigation,Navigation,775,341,13091.06,917628.01,None,N/A,
14.8111,asiya,Navigation,Navigation,859,381,10425.26,-298713.85,None,N/A,
14.8207,asiya,Navigation,Navigation,1012,452,17588.85,747010.15,None,N/A,
14.8306,asiya,Navigation,Navigation,1076,488,7376.45,-1025888.34,None,N/A,
14.8408,asiya,Navigation,Navigation,1135,519,6535.66,-82448.82,None,N/A,
14.8507,asiya,Navigation,Navigation,1210,558,8586.68,208335.95,None,N/A,
14.8612,asiya,Navigation,Navigation,1231,568,2211.78,-606200.74,None,N/A,
14.8712,asiya,Navigation,Navigation,1254,576,2439.58,22821.95,None,N/A,
14.8807,asiya,Navigation,Navigation,1258,577,431.93,-210317.91,None,N/A,
14.8906,asiya,Navigation,Navigation,1259,577,101.11,-33448.28,None,N/A,
14.9011,asiya,Navigation,Navigation,1259,577,0.00,-9630.11,None,N/A,
14.9108,asiya,Navigation,Navigation,1259,577,0.00,0.00,None,N/A,
14.9210,asiya,Navigation,Navigation,1259,577,0.00,0.00,None,N/A,
14.9304,asiya,Navigation,Navigation,1257,577,211.07,22275.55,None,N/A,
14.9406,asiya,Navigation,Navigation,1256,576,139.08,-7079.77,None,N/A,
14.9512,asiya,Navigation,Navigation,1248,574,778.81,60419.32,None,N/A,
14.9612,asiya,Navigation,Navigation,1248,574,0.00,-77712.84,None,N/A,
14.9708,asiya,Navigation,Navigation,1248,574,0.00,0.00,None,N/A,
14.9813,asiya,Navigation,Navigation,1248,574,0.00,0.00,None,N/A,
14.9909,asiya,Navigation,Navigation,1248,574,0.00,0.00,None,N/A,
15.0014,asiya,Navigation,Navigation,1248,574,0.00,0.00,None,N/A,
15.0109,asiya,Navigation,Navigation,1248,574,0.00,0.00,None,N/A,
15.0205,asiya,Navigation,Navigation,1248,574,0.00,0.00,None,N/A,
15.0309,asiya,Navigation,Navigation,1248,574,0.00,0.00,None,N/A,
15.0413,asiya,Navigation,Navigation,1248,574,0.00,0.00,None,N/A,
15.0508,asiya,Navigation,Navigation,1248,574,0.00,0.00,None,N/A,
15.0669,asiya,Navigation,Navigation,1248,574,0.00,0.00,None,N/A,
15.0714,asiya,Navigation,Navigation,1248,574,0.00,0.00,None,N/A,
15.0809,asiya,Navigation,Navigation,1248,574,0.00,0.00,None,N/A,
15.0913,asiya,Navigation,Navigation,1248,574,0.00,0.00,None,N/A,
15.1009,asiya,Navigation,Navigation,1248,574,0.00,0.00,None,N/A,
15.1105,asiya,Navigation,Navigation,1248,574,0.00,0.00,None,N/A,
15.1210,asiya,Navigation,Navigation,1248,574,0.00,0.00,None,N/A,
15.1309,asiya,Navigation,Navigation,1248,574,0.00,0.00,None,N/A,
15.1405,asiya,Navigation,Navigation,1248,574,0.00,0.00,None,N/A,
15.1510,asiya,Navigation,Navigation,1248,574,0.00,0.00,None,N/A,
15.1614,asiya,Navigation,Navigation,1248,574,0.00,0.00,None,N/A,
15.1708,asiya,Navigation,Navigation,1248,574,0.00,0.00,None,N/A,
15.1812,asiya,Navigation,Navigation,1248,574,0.00,0.00,None,N/A,
15.1906,asiya,Navigation,Navigation,1248,574,0.00,0.00,None,N/A,
15.2011,asiya,Navigation,Navigation,1248,574,0.00,0.00,None,N/A,
15.2106,asiya,Navigation,Navigation,1248,574,0.00,0.00,None,N/A,
15.2212,asiya,Navigation,Navigation,1248,574,0.00,0.00,None,N/A,
15.2307,asiya,Navigation,Navigation,1248,574,0.00,0.00,None,N/A,
15.2418,asiya,Navigation,Navigation,1248,574,0.00,0.00,None,N/A,
15.2514,asiya,Navigation,Navigation,1248,574,0.00,0.00,None,N/A,
15.2610,asiya,Navigation,Navigation,1248,574,0.00,0.00,None,N/A,
15.2705,asiya,Navigation,Navigation,1248,574,0.00,0.00,None,N/A,
15.2811,asiya,Navigation,Navigation,1248,574,0.00,0.00,None,N/A,
15.2905,asiya,Navigation,Navigation,1248,574,0.00,0.00,None,N/A,
15.3010,asiya,Navigation,Navigation,1248,574,0.00,0.00,None,N/A,
15.3105,asiya,Navigation,Navigation,1248,574,0.00,0.00,None,N/A,
15.3215,asiya,Navigation,Navigation,1248,574,0.00,0.00,None,N/A,
15.3311,asiya,Navigation,Navigation,1248,574,0.00,0.00,None,N/A,
15.3407,asiya,Navigation,Navigation,1248,574,0.00,0.00,None,N/A,
15.3512,asiya,Navigation,Navigation,1248,574,0.00,0.00,None,N/A,
15.3606,asiya,Navigation,Navigation,1248,574,0.00,0.00,None,N/A,
15.3710,asiya,Navigation,Navigation,1248,574,0.00,0.00,None,N/A,
15.3814,asiya,Navigation,Navigation,1248,574,0.00,0.00,None,N/A,
15.3907,asiya,Navigation,Navigation,1248,574,0.00,0.00,None,N/A,
15.4011,asiya,Navigation,Navigation,1248,574,0.00,0.00,None,N/A,
15.4106,asiya,Navigation,Navigation,1248,574,0.00,0.00,None,N/A,
15.4210,asiya,Navigation,Navigation,1248,574,0.00,0.00,None,N/A,
15.4305,asiya,Navigation,Navigation,1248,574,0.00,0.00,None,N/A,
15.4412,asiya,Navigation,Navigation,1248,574,0.00,0.00,None,N/A,
15.4507,asiya,Navigation,Navigation,1248,574,0.00,0.00,None,N/A,
15.4605,asiya,Navigation,Navigation,1248,574,0.00,0.00,None,N/A,
15.4711,asiya,Navigation,Navigation,1248,574,0.00,0.00,None,N/A,
15.4805,asiya,Navigation,Navigation,1248,574,0.00,0.00,None,N/A,
15.4909,asiya,Navigation,Navigation,1248,574,0.00,0.00,None,N/A,
15.5014,asiya,Navigation,Navigation,1252,576,427.84,40931.16,None,N/A,
15.5111,asiya,Navigation,Navigation,1256,578,458.90,3186.74,None,N/A,
15.5210,asiya,Navigation,Navigation,1269,583,1412.95,96782.91,None,N/A,
15.5277,asiya,Navigation,Navigation,1274,586,1412.95,0.00,None,N/A,target_reached
15.5314,asiya,Navigation,Navigation,1274,586,561.05,-81969.42,None,N/A,
15.5407,asiya,Navigation,Navigation,1280,588,675.82,12263.22,None,N/A,
15.5516,asiya,Navigation,Navigation,1291,593,1115.95,40649.98,None,N/A,
15.5612,asiya,Navigation,Navigation,1296,595,560.03,-57813.37,None,N/A,
15.5710,asiya,Navigation,Navigation,1304,598,869.66,31516.51,None,N/A,
15.5808,asiya,Navigation,Navigation,1308,599,421.78,-45816.83,None,N/A,
15.5905,asiya,Navigation,Navigation,1313,600,527.03,10878.03,None,N/A,
15.6013,asiya,Navigation,Navigation,1315,600,184.47,-31595.97,None,N/A,
15.6109,asiya,Navigation,Navigation,1318,601,328.04,14892.92,None,N/A,
15.6212,asiya,Navigation,Navigation,1319,601,97.87,-22526.18,None,N/A,
15.6304,asiya,Navigation,Navigation,1321,602,241.45,15504.48,None,N/A,
15.6406,asiya,Navigation,Navigation,1322,602,98.10,-14063.05,None,N/A,
15.6513,asiya,Navigation,Navigation,1323,602,93.27,-450.89,None,N/A,
15.6610,asiya,Navigation,Navigation,1323,602,0.00,-9654.93,None,N/A,
15.6711,asiya,Navigation,Navigation,1324,602,99.43,9885.62,None,N/A,
15.6814,asiya,Navigation,Navigation,1324,602,0.00,-9643.53,None,N/A,
15.6908,asiya,Navigation,Navigation,1324,602,0.00,0.00,None,N/A,
15.7014,asiya,Navigation,Navigation,1324,602,0.00,0.00,None,N/A,
15.7112,asiya,Navigation,Navigation,1324,601,102.16,10437.29,None,N/A,
15.7209,asiya,Navigation,Navigation,1324,600,103.11,98.16,None,N/A,
15.7307,asiya,Navigation,Navigation,1323,599,144.30,4202.48,None,N/A,
15.7404,asiya,Navigation,Navigation,1320,596,434.93,29794.36,None,N/A,
15.7512,asiya,Navigation,Navigation,1318,594,262.09,-16016.26,None,N/A,
15.7609,asiya,Navigation,Navigation,1312,589,808.99,56648.67,None,N/A,
15.7712,asiya,Navigation,Navigation,1307,585,623.75,-18045.41,None,N/A,
15.7810,asiya,Navigation,Navigation,1302,580,718.53,9631.94,None,N/A,
15.7905,asiya,Navigation,Navigation,1289,571,1663.85,99476.81,None,N/A,
15.8005,asiya,Navigation,Navigation,1284,568,584.14,-108164.58,None,N/A,
15.8109,asiya,Navigation,Navigation,1274,563,1069.75,46464.38,None,N/A,
15.8206,asiya,Navigation,Navigation,1269,560,600.80,-48319.32,None,N/A,
15.8306,asiya,Navigation,Navigation,1261,556,897.04,29710.13,None,N/A,
15.8405,asiya,Navigation,Navigation,1258,554,362.75,-53754.08,None,N/A,
15.8505,asiya,Navigation,Navigation,1251,552,732.92,37266.68,None,N/A,
15.8611,asiya,Navigation,Navigation,1249,551,209.71,-49069.83,None,N/A,
15.8708,asiya,Navigation,Navigation,1244,549,558.73,36211.00,None,N/A,
15.8807,asiya,Navigation,Navigation,1242,549,202.18,-36043.06,None,N/A,
15.8909,asiya,Navigation,Navigation,1240,549,196.22,-585.06,None,N/A,
15.9013,asiya,Navigation,Navigation,1237,548,303.13,10248.02,None,N/A,
15.9111,asiya,Navigation,Navigation,1236,548,101.58,-20472.65,None,N/A,
15.9210,asiya,Navigation,Navigation,1233,547,322.03,22450.26,None,N/A,
15.9308,asiya,Navigation,Navigation,1232,547,101.24,-22353.42,None,N/A,
15.9405,asiya,Navigation,Navigation,1230,548,230.32,13294.76,None,N/A,
15.9505,asiya,Navigation,Navigation,1229,548,100.44,-13044.82,None,N/A,
15.9613,asiya,Navigation,Navigation,1227,549,207.37,9916.78,None,N/A,
15.9711,asiya,Navigation,Navigation,1226,550,143.91,-6457.79,None,N/A,
15.9805,asiya,Navigation,Navigation,1225,552,238.20,10043.95,None,N/A,
15.9907,asiya,Navigation,Navigation,1225,553,97.98,-13738.39,None,N/A,
16.0012,asiya,Navigation,Navigation,1224,555,213.99,11101.38,None,N/A,
16.0111,asiya,Navigation,Navigation,1224,556,101.05,-11412.09,None,N/A,
16.0211,asiya,Navigation,Navigation,1224,557,99.94,-110.93,None,N/A,
16.0306,asiya,Navigation,Navigation,1223,559,234.06,14039.75,None,N/A,
16.0406,asiya,Navigation,Navigation,1223,560,99.79,-13399.16,None,N/A,
16.0514,asiya,Navigation,Navigation,1223,562,185.73,7980.97,None,N/A,
16.0611,asiya,Navigation,Navigation,1223,563,103.22,-8516.48,None,N/A,
16.0709,asiya,Navigation,Navigation,1222,565,228.75,12841.57,None,N/A,
16.0806,asiya,Navigation,Navigation,1222,566,102.47,-12939.91,None,N/A,
16.0904,asiya,Navigation,Navigation,1221,569,322.78,22488.32,None,N/A,
16.1014,asiya,Navigation,Navigation,1220,570,129.38,-17693.95,None,N/A,
16.1108,asiya,Navigation,Navigation,1219,574,436.90,32586.33,None,N/A,
16.1211,asiya,Navigation,Navigation,1218,575,136.54,-28999.90,None,N/A,
16.1307,asiya,Navigation,Navigation,1218,577,209.18,7596.76,None,N/A,
16.1406,asiya,Navigation,Navigation,1217,580,320.84,11329.30,None,N/A,
16.1513,asiya,Navigation,Navigation,1216,582,207.41,-10521.36,None,N/A,
16.1611,asiya,Navigation,Navigation,1216,584,204.30,-318.25,None,N/A,
16.1710,asiya,Navigation,Navigation,1215,585,143.60,-6163.39,None,N/A,
16.1813,asiya,Navigation,Navigation,1215,587,194.76,4982.13,None,N/A,
16.1906,asiya,Navigation,Navigation,1214,588,152.08,-4589.30,None,N/A,
16.2012,asiya,Navigation,Navigation,1213,590,209.05,5325.78,None,N/A,
16.2105,asiya,Navigation,Navigation,1212,591,152.59,-6091.43,None,N/A,
16.2209,asiya,Navigation,Navigation,1212,593,192.42,3831.80,None,N/A,
16.2314,asiya,Navigation,Navigation,1211,593,95.61,-9256.14,None,N/A,
16.2408,asiya,Navigation,Navigation,1211,594,105.99,1099.32,None,N/A,
16.2512,asiya,Navigation,Navigation,1211,595,96.53,-913.25,None,N/A,
16.2613,asiya,Navigation,Navigation,1210,595,98.82,226.76,None,N/A,
16.2707,asiya,Navigation,Navigation,1210,596,106.11,773.23,None,N/A,
16.2805,asiya,Navigation,Navigation,1209,596,102.45,-374.66,None,N/A,
16.2912,asiya,Navigation,Navigation,1209,597,93.56,-831.38,None,N/A,
16.3006,asiya,Navigation,Navigation,1209,597,0.00,-9872.64,None,N/A,
16.3107,asiya,Navigation,Navigation,1209,597,0.00,0.00,None,N/A,
16.3211,asiya,Navigation,Navigation,1209,597,0.00,0.00,None,N/A,
16.3306,asiya,Navigation,Navigation,1208,598,149.03,15705.32,None,N/A,
16.3409,asiya,Navigation,Navigation,1208,598,0.00,-14384.38,None,N/A,
16.3505,asiya,Navigation,Navigation,1208,598,0.00,0.00,None,N/A,
16.3610,asiya,Navigation,Navigation,1208,598,0.00,0.00,None,N/A,
16.3705,asiya,Navigation,Navigation,1208,598,0.00,0.00,None,N/A,
16.3812,asiya,Navigation,Navigation,1208,598,0.00,0.00,None,N/A,
16.3906,asiya,Navigation,Navigation,1208,598,0.00,0.00,None,N/A,
16.4012,asiya,Navigation,Navigation,1208,598,0.00,0.00,None,N/A,
16.4107,asiya,Navigation,Navigation,1208,598,0.00,0.00,None,N/A,
16.4211,asiya,Navigation,Navigation,1208,598,0.00,0.00,None,N/A,
16.4308,asiya,Navigation,Navigation,1208,598,0.00,0.00,None,N/A,
16.4413,asiya,Navigation,Navigation,1208,598,0.00,0.00,None,N/A,
16.4512,asiya,Navigation,Navigation,1207,598,100.87,10173.92,None,N/A,
16.4606,asiya,Navigation,Navigation,1207,598,0.00,-10693.92,None,N/A,
16.4711,asiya,Navigation,Navigation,1207,598,0.00,0.00,None,N/A,
16.4804,asiya,Navigation,Navigation,1207,598,0.00,0.00,None,N/A,
16.4908,asiya,Navigation,Navigation,1207,598,0.00,0.00,None,N/A,
16.5016,asiya,Navigation,Navigation,1207,598,0.00,0.00,None,N/A,
16.5110,asiya,Navigation,Navigation,1207,598,0.00,0.00,None,N/A,
16.5214,asiya,Navigation,Navigation,1207,598,0.00,0.00,None,N/A,
16.5314,asiya,Navigation,Navigation,1207,598,0.00,0.00,None,N/A,
16.5410,asiya,Navigation,Navigation,1207,598,0.00,0.00,None,N/A,
16.5505,asiya,Navigation,Navigation,1207,598,0.00,0.00,None,N/A,
16.5612,asiya,Navigation,Navigation,1207,598,0.00,0.00,None,N/A,
16.5707,asiya,Navigation,Navigation,1207,598,0.00,0.00,None,N/A,
16.5811,asiya,Navigation,Navigation,1207,598,0.00,0.00,None,N/A,
16.5906,asiya,Navigation,Navigation,1207,598,0.00,0.00,None,N/A,
16.6012,asiya,Navigation,Navigation,1207,598,0.00,0.00,None,N/A,
16.6106,asiya,Navigation,Navigation,1207,598,0.00,0.00,None,N/A,
16.6211,asiya,Navigation,Navigation,1207,598,0.00,0.00,None,N/A,
16.6305,asiya,Navigation,Navigation,1207,598,0.00,0.00,None,N/A,
16.6409,asiya,Navigation,Navigation,1207,598,0.00,0.00,None,N/A,
16.6514,asiya,Navigation,Navigation,1207,598,0.00,0.00,None,N/A,
16.6609,asiya,Navigation,Navigation,1207,598,0.00,0.00,None,N/A,
16.6708,asiya,Navigation,Navigation,1207,598,0.00,0.00,None,N/A,
16.6812,asiya,Navigation,Navigation,1207,598,0.00,0.00,None,N/A,
16.6906,asiya,Navigation,Navigation,1207,598,0.00,0.00,None,N/A,
16.7009,asiya,Navigation,Navigation,1207,598,0.00,0.00,None,N/A,
16.7109,asiya,Navigation,Navigation,1207,598,0.00,0.00,None,N/A,
16.7209,asiya,Navigation,Navigation,1207,598,0.00,0.00,None,N/A,
16.7305,asiya,Navigation,Navigation,1206,597,147.27,15336.30,None,N/A,
16.7409,asiya,Navigation,Navigation,1206,597,0.00,-14126.61,None,N/A,
16.7514,asiya,Navigation,Navigation,1206,597,0.00,0.00,None,N/A,
16.7609,asiya,Navigation,Navigation,1206,597,0.00,0.00,None,N/A,
16.7713,asiya,Navigation,Navigation,1206,597,0.00,0.00,None,N/A,
16.7808,asiya,Navigation,Navigation,1206,597,0.00,0.00,None,N/A,
16.7914,asiya,Navigation,Navigation,1206,597,0.00,0.00,None,N/A,
16.8008,asiya,Navigation,Navigation,1206,597,0.00,0.00,None,N/A,
16.8114,asiya,Navigation,Navigation,1206,597,0.00,0.00,None,N/A,
16.8209,asiya,Navigation,Navigation,1206,597,0.00,0.00,None,N/A,
16.8306,asiya,Navigation,Navigation,1206,597,0.00,0.00,None,N/A,
16.8410,asiya,Navigation,Navigation,1206,597,0.00,0.00,None,N/A,
16.8505,asiya,Navigation,Navigation,1206,597,0.00,0.00,None,N/A,
16.8610,asiya,Navigation,Navigation,1206,597,0.00,0.00,None,N/A,
16.8705,asiya,Navigation,Navigation,1206,597,0.00,0.00,None,N/A,
16.8813,asiya,Navigation,Navigation,1206,597,0.00,0.00,None,N/A,
16.8910,asiya,Navigation,Navigation,1206,597,0.00,0.00,None,N/A,
16.9005,asiya,Navigation,Navigation,1206,597,0.00,0.00,None,N/A,
16.9110,asiya,Navigation,Navigation,1206,597,0.00,0.00,None,N/A,
16.9205,asiya,Navigation,Navigation,1206,597,0.00,0.00,None,N/A,
16.9310,asiya,Navigation,Navigation,1206,597,0.00,0.00,None,N/A,
16.9414,asiya,Navigation,Navigation,1206,597,0.00,0.00,None,N/A,
16.9510,asiya,Navigation,Navigation,1206,597,0.00,0.00,None,N/A,
16.9605,asiya,Navigation,Navigation,1206,597,0.00,0.00,None,N/A,
16.9709,asiya,Navigation,Navigation,1206,597,0.00,0.00,None,N/A,
16.9814,asiya,Navigation,Navigation,1206,597,0.00,0.00,None,N/A,
16.9913,asiya,Navigation,Navigation,1206,597,0.00,0.00,None,N/A,
17.0008,asiya,Navigation,Navigation,1206,597,0.00,0.00,None,N/A,
17.0113,asiya,Navigation,Navigation,1206,597,0.00,0.00,None,N/A,
17.0208,asiya,Navigation,Navigation,1206,597,0.00,0.00,None,N/A,
17.0312,asiya,Navigation,Navigation,1206,597,0.00,0.00,None,N/A,
17.0409,asiya,Navigation,Navigation,1206,597,0.00,0.00,None,N/A,
17.0514,asiya,Navigation,Navigation,1206,597,0.00,0.00,None,N/A,
17.0608,asiya,Navigation,Navigation,1206,597,0.00,0.00,None,N/A,
17.0712,asiya,Navigation,Navigation,1206,597,0.00,0.00,None,N/A,
17.0807,asiya,Navigation,Navigation,1206,597,0.00,0.00,None,N/A,
17.0911,asiya,Navigation,Navigation,1206,597,0.00,0.00,None,N/A,
17.1006,asiya,Navigation,Navigation,1206,597,0.00,0.00,None,N/A,
17.1111,asiya,Navigation,Navigation,1206,597,0.00,0.00,None,N/A,
17.1205,asiya,Navigation,Navigation,1206,597,0.00,0.00,None,N/A,
17.1310,asiya,Navigation,Navigation,1206,597,0.00,0.00,None,N/A,
17.1405,asiya,Navigation,Navigation,1206,597,0.00,0.00,None,N/A,
17.1511,asiya,Navigation,Navigation,1206,597,0.00,0.00,None,N/A,
17.1606,asiya,Navigation,Navigation,1206,597,0.00,0.00,None,N/A,
17.1711,asiya,Navigation,Navigation,1206,597,0.00,0.00,None,N/A,
17.1806,asiya,Navigation,Navigation,1206,597,0.00,0.00,None,N/A,
17.1916,asiya,Navigation,Navigation,1206,597,0.00,0.00,None,N/A,
17.2012,asiya,Navigation,Navigation,1206,597,0.00,0.00,None,N/A,
17.2107,asiya,Navigation,Navigation,1206,597,0.00,0.00,None,N/A,
17.2216,asiya,Navigation,Navigation,1206,597,0.00,0.00,None,N/A,
17.2314,asiya,Navigation,Navigation,1206,597,0.00,0.00,None,N/A,
17.2411,asiya,Navigation,Navigation,1206,597,0.00,0.00,None,N/A,
17.2507,asiya,Navigation,Navigation,1206,597,0.00,0.00,None,N/A,
17.2613,asiya,Navigation,Navigation,1206,597,0.00,0.00,None,N/A,
17.2708,asiya,Navigation,Navigation,1206,597,0.00,0.00,None,N/A,
17.2813,asiya,Navigation,Navigation,1206,597,0.00,0.00,None,N/A,
17.2908,asiya,Navigation,Navigation,1206,597,0.00,0.00,None,N/A,
17.3015,asiya,Navigation,Navigation,1206,597,0.00,0.00,None,N/A,
17.3114,asiya,Navigation,Navigation,1206,597,0.00,0.00,None,N/A,
17.3211,asiya,Navigation,Navigation,1206,597,0.00,0.00,None,N/A,
17.3310,asiya,Navigation,Navigation,1206,597,0.00,0.00,None,N/A,
17.3410,asiya,Navigation,Navigation,1206,597,0.00,0.00,None,N/A,
17.3506,asiya,Navigation,Navigation,1206,597,0.00,0.00,None,N/A,
17.3612,asiya,Navigation,Navigation,1206,597,0.00,0.00,None,N/A,
17.3708,asiya,Navigation,Navigation,1206,597,0.00,0.00,None,N/A,
17.3813,asiya,Navigation,Navigation,1206,597,0.00,0.00,None,N/A,
17.3911,asiya,Navigation,Navigation,1206,597,0.00,0.00,None,N/A,
17.4008,asiya,Navigation,Navigation,1206,597,0.00,0.00,None,N/A,
17.4113,asiya,Navigation,Navigation,1206,597,0.00,0.00,None,N/A,
17.4209,asiya,Navigation,Navigation,1206,597,0.00,0.00,None,N/A,
17.4304,asiya,Navigation,Navigation,1206,597,0.00,0.00,None,N/A,
17.4408,asiya,Navigation,Navigation,1206,597,0.00,0.00,None,N/A,
17.4513,asiya,Navigation,Navigation,1206,597,0.00,0.00,None,N/A,
17.4613,asiya,Navigation,Navigation,1206,597,0.00,0.00,None,N/A,
17.4707,asiya,Navigation,Navigation,1206,597,0.00,0.00,None,N/A,
17.4812,asiya,Navigation,Navigation,1206,597,0.00,0.00,None,N/A,
17.4907,asiya,Navigation,Navigation,1206,597,0.00,0.00,None,N/A,
17.5012,asiya,Navigation,Navigation,1206,597,0.00,0.00,None,N/A,
17.5109,asiya,Navigation,Navigation,1206,597,0.00,0.00,None,N/A,
17.5214,asiya,Navigation,Navigation,1206,597,0.00,0.00,None,N/A,
17.5308,asiya,Navigation,Navigation,1206,597,0.00,0.00,None,N/A,
17.5412,asiya,Navigation,Navigation,1206,597,0.00,0.00,None,N/A,
17.5508,asiya,Navigation,Navigation,1206,597,0.00,0.00,None,N/A,
17.5613,asiya,Navigation,Navigation,1206,597,0.00,0.00,None,N/A,
17.5707,asiya,Navigation,Navigation,1206,597,0.00,0.00,None,N/A,
17.5812,asiya,Navigation,Navigation,1206,597,0.00,0.00,None,N/A,
17.5907,asiya,Navigation,Navigation,1206,597,0.00,0.00,None,N/A,
17.6012,asiya,Navigation,Navigation,1206,597,0.00,0.00,None,N/A,
17.6107,asiya,Navigation,Navigation,1206,597,0.00,0.00,None,N/A,
17.6213,asiya,Navigation,Navigation,1206,597,0.00,0.00,None,N/A,
17.6309,asiya,Navigation,Navigation,1206,597,0.00,0.00,None,N/A,
17.6413,asiya,Navigation,Navigation,1206,597,0.00,0.00,None,N/A,
17.6508,asiya,Navigation,Navigation,1206,597,0.00,0.00,None,N/A,
17.6613,asiya,Navigation,Navigation,1206,597,0.00,0.00,None,N/A,
17.6707,asiya,Navigation,Navigation,1206,597,0.00,0.00,None,N/A,
17.6813,asiya,Navigation,Navigation,1206,597,0.00,0.00,None,N/A,
17.6910,asiya,Navigation,Navigation,1206,597,0.00,0.00,None,N/A,
17.7015,asiya,Navigation,Navigation,1206,597,0.00,0.00,None,N/A,
17.7109,asiya,Navigation,Navigation,1204,598,237.37,25198.16,None,N/A,
17.7213,asiya,Navigation,Navigation,1203,598,96.53,-13595.12,None,N/A,
17.7314,asiya,Navigation,Navigation,1199,600,441.62,34078.40,None,N/A,
17.7405,asiya,Navigation,Navigation,1197,600,218.54,-24376.30,None,N/A,
17.7511,asiya,Navigation,Navigation,1193,601,390.07,16227.93,None,N/A,
17.7610,asiya,Navigation,Navigation,1191,602,226.39,-16572.27,None,N/A,
17.7709,asiya,Navigation,Navigation,1189,602,202.73,-2397.86,None,N/A,
17.7806,asiya,Navigation,Navigation,1185,602,408.49,21013.07,None,N/A,
17.7905,asiya,Navigation,Navigation,1182,602,303.90,-10595.38,None,N/A,
17.8007,asiya,Navigation,Navigation,1175,601,696.12,38612.80,None,N/A,
17.8060,asiya,Navigation,Navigation,1172,601,696.12,0.00,None,N/A,target_reached
