Time,ParticipantID,Task,Label,X,Y,Velocity,Acceleration,ButtonState,ActiveWindow,Event
61.7129,asiya,PrecisionSelection,Precision Selection,662,771,0.00,0.00,None,N/A,
61.7211,asiya,PrecisionSelection,Precision Selection,662,771,0.00,0.00,None,N/A,
61.7305,asiya,PrecisionSelection,Precision Selection,662,771,0.00,0.00,None,N/A,
61.7408,asiya,PrecisionSelection,Precision Selection,662,771,0.00,0.00,None,N/A,
61.7513,asiya,PrecisionSelection,Precision Selection,662,771,0.00,0.00,None,N/A,
61.7608,asiya,PrecisionSelection,Precision Selection,662,771,0.00,0.00,None,N/A,
61.7712,asiya,PrecisionSelection,Precision Selection,662,771,0.00,0.00,None,N/A,
61.7806,asiya,PrecisionSelection,Precision Selection,662,771,0.00,0.00,None,N/A,
61.7911,asiya,PrecisionSelection,Precision Selection,662,771,0.00,0.00,None,N/A,
61.8006,asiya,PrecisionSelection,Precision Selection,662,771,0.00,0.00,None,N/A,
61.8111,asiya,PrecisionSelection,Precision Selection,662,771,0.00,0.00,None,N/A,
61.8206,asiya,PrecisionSelection,Precision Selection,662,771,0.00,0.00,None,N/A,
61.8311,asiya,PrecisionSelection,Precision Selection,662,771,0.00,0.00,None,N/A,
61.8415,asiya,PrecisionSelection,Precision Selection,662,771,0.00,0.00,None,N/A,
61.8509,asiya,PrecisionSelection,Precision Selection,662,771,0.00,0.00,None,N/A,
61.8613,asiya,PrecisionSelection,Precision Selection,662,771,0.00,0.00,None,N/A,
61.8709,asiya,PrecisionSelection,Precision Selection,662,771,0.00,0.00,None,N/A,
61.8813,asiya,PrecisionSelection,Precision Selection,662,771,0.00,0.00,None,N/A,
61.8909,asiya,PrecisionSelection,Precision Selection,662,771,0.00,0.00,None,N/A,
61.9014,asiya,PrecisionSelection,Precision Selection,662,771,0.00,0.00,None,N/A,
61.9109,asiya,PrecisionSelection,Precision Selection,662,771,0.00,0.00,None,N/A,
61.9213,asiya,PrecisionSelection,Precision Selection,662,771,0.00,0.00,None,N/A,
61.9308,asiya,PrecisionSelection,Precision Selection,662,771,0.00,0.00,None,N/A,
61.9412,asiya,PrecisionSelection,Precision Selection,662,771,0.00,0.00,None,N/A,
61.9507,asiya,PrecisionSelection,Precision Selection,662,771,0.00,0.00,None,N/A,
61.9613,asiya,PrecisionSelection,Precision Selection,662,771,0.00,0.00,None,N/A,
61.9707,asiya,PrecisionSelection,Precision Selection,662,771,0.00,0.00,None,N/A,
61.9811,asiya,PrecisionSelection,Precision Selection,662,771,0.00,0.00,None,N/A,
61.9905,asiya,PrecisionSelection,Precision Selection,662,771,0.00,0.00,None,N/A,
62.0010,asiya,PrecisionSelection,Precision Selection,662,771,0.00,0.00,None,N/A,
62.0109,asiya,PrecisionSelection,Precision Selection,662,771,0.00,0.00,None,N/A,
62.0214,asiya,PrecisionSelection,Precision Selection,662,771,0.00,0.00,None,N/A,
62.0309,asiya,PrecisionSelection,Precision Selection,662,771,0.00,0.00,None,N/A,
62.0413,asiya,PrecisionSelection,Precision Selection,662,771,0.00,0.00,None,N/A,
62.0508,asiya,PrecisionSelection,Precision Selection,662,771,0.00,0.00,None,N/A,
62.0614,asiya,PrecisionSelection,Precision Selection,662,771,0.00,0.00,None,N/A,
62.0710,asiya,PrecisionSelection,Precision Selection,662,771,0.00,0.00,None,N/A,
62.0805,asiya,PrecisionSelection,Precision Selection,662,771,0.00,0.00,None,N/A,
62.0908,asiya,PrecisionSelection,Precision Selection,662,771,0.00,0.00,None,N/A,
62.1014,asiya,PrecisionSelection,Precision Selection,662,771,0.00,0.00,None,N/A,
62.1110,asiya,PrecisionSelection,Precision Selection,662,771,0.00,0.00,None,N/A,
62.1210,asiya,PrecisionSelection,Precision Selection,671,764,1133.45,112675.96,None,N/A,
62.1309,asiya,PrecisionSelection,Precision Selection,702,742,3848.85,274936.27,None,N/A,
62.1411,asiya,PrecisionSelection,Precision Selection,758,708,6403.85,249748.26,None,N/A,
62.1512,asiya,PrecisionSelection,Precision Selection,815,682,6244.74,-15859.96,None,N/A,
62.1605,asiya,PrecisionSelection,Precision Selection,834,674,2213.94,-432875.41,None,N/A,
62.1705,asiya,PrecisionSelection,Precision Selection,869,665,3606.21,138932.29,None,N/A,
62.1815,asiya,PrecisionSelection,Precision Selection,884,664,1362.33,-203342.79,None,N/A,
62.1910,asiya,PrecisionSelection,Precision Selection,911,664,2846.45,156462.46,None,N/A,
62.2008,asiya,PrecisionSelection,Precision Selection,924,668,1390.21,-148843.19,None,N/A,
62.2106,asiya,PrecisionSelection,Precision Selection,944,676,2207.49,83754.60,None,N/A,
62.2213,asiya,PrecisionSelection,Precision Selection,952,681,876.21,-123646.78,None,N/A,
62.2309,asiya,PrecisionSelection,Precision Selection,962,691,1471.54,61946.12,None,N/A,
62.2410,asiya,PrecisionSelection,Precision Selection,965,695,495.52,-96728.04,None,N/A,
62.2509,asiya,PrecisionSelection,Precision Selection,967,698,366.48,-13116.37,None,N/A,
62.2605,asiya,PrecisionSelection,Precision Selection,970,704,694.40,33944.15,None,N/A,
62.2714,asiya,PrecisionSelection,Precision Selection,971,706,206.02,-44996.81,None,N/A,
62.2807,asiya,PrecisionSelection,Precision Selection,971,713,751.47,58556.30,None,N/A,
62.2910,asiya,PrecisionSelection,Precision Selection,971,718,483.19,-25926.42,None,N/A,
62.3007,asiya,PrecisionSelection,Precision Selection,967,733,1607.85,116481.62,None,N/A,
62.3112,asiya,PrecisionSelection,Precision Selection,964,741,810.06,-75638.77,None,N/A,
62.3205,asiya,PrecisionSelection,Precision Selection,957,753,1506.95,75593.31,None,N/A,
62.3305,asiya,PrecisionSelection,Precision Selection,952,758,701.62,-79907.85,None,N/A,
62.3411,asiya,PrecisionSelection,Precision Selection,942,768,1344.77,61156.67,None,N/A,
62.3512,asiya,PrecisionSelection,Precision Selection,937,772,629.55,-70319.77,None,N/A,
62.3608,asiya,PrecisionSelection,Precision Selection,931,775,701.63,7539.46,None,N/A,
62.3706,asiya,PrecisionSelection,Precision Selection,918,780,1421.75,73506.99,None,N/A,
62.3810,asiya,PrecisionSelection,Precision Selection,912,782,604.69,-78119.42,None,N/A,
62.3914,asiya,PrecisionSelection,Precision Selection,898,784,1365.48,73457.29,None,N/A,
62.4011,asiya,PrecisionSelection,Precision Selection,891,784,722.62,-66363.25,None,N/A,
62.4105,asiya,PrecisionSelection,Precision Selection,881,783,1069.88,36968.18,None,N/A,
62.4213,asiya,PrecisionSelection,Precision Selection,878,783,276.82,-73177.54,None,N/A,
62.4309,asiya,PrecisionSelection,Precision Selection,873,783,523.58,25840.40,None,N/A,
62.4411,asiya,PrecisionSelection,Precision Selection,871,783,195.74,-32085.78,None,N/A,
62.4508,asiya,PrecisionSelection,Precision Selection,869,783,205.75,1029.77,None,N/A,
62.4608,asiya,PrecisionSelection,Precision Selection,868,783,99.99,-10574.87,None,N/A,
62.4713,asiya,PrecisionSelection,Precision Selection,867,782,134.91,3330.80,None,N/A,
62.4809,asiya,PrecisionSelection,Precision Selection,867,782,0.00,-14020.69,None,N/A,
62.4905,asiya,PrecisionSelection,Precision Selection,867,782,0.00,0.00,None,N/A,
62.5018,asiya,PrecisionSelection,Precision Selection,867,782,0.00,0.00,None,N/A,
62.5107,asiya,PrecisionSelection,Precision Selection,867,782,0.00,0.00,None,N/A,
62.5212,asiya,PrecisionSelection,Precision Selection,867,782,0.00,0.00,None,N/A,
62.5310,asiya,PrecisionSelection,Precision Selection,867,783,101.54,10309.83,None,N/A,
62.5409,asiya,PrecisionSelection,Precision Selection,868,784,143.08,4202.91,None,N/A,
62.5508,asiya,PrecisionSelection,Precision Selection,869,785,142.23,-85.57,None,N/A,
62.5604,asiya,PrecisionSelection,Precision Selection,873,789,590.10,46719.33,None,N/A,
62.5707,asiya,PrecisionSelection,Precision Selection,877,792,487.03,-10039.20,None,N/A,
62.5807,asiya,PrecisionSelection,Precision Selection,884,798,915.95,42612.62,None,N/A,
62.5911,asiya,PrecisionSelection,Precision Selection,887,800,348.71,-54860.36,None,N/A,
62.6009,asiya,PrecisionSelection,Precision Selection,891,802,454.46,10746.88,None,N/A,
62.6105,asiya,PrecisionSelection,Precision Selection,897,804,658.58,21255.41,None,N/A,
62.6209,asiya,PrecisionSelection,Precision Selection,900,805,304.94,-34102.03,None,N/A,
62.6310,asiya,PrecisionSelection,Precision Selection,906,807,625.15,31651.80,None,N/A,
62.6412,asiya,PrecisionSelection,Precision Selection,909,807,293.48,-32446.43,None,N/A,
62.6511,asiya,PrecisionSelection,Precision Selection,917,808,820.17,53579.85,None,N/A,
62.6607,asiya,PrecisionSelection,Precision Selection,921,808,415.77,-42034.22,None,N/A,
62.6713,asiya,PrecisionSelection,Precision Selection,929,808,756.33,32196.36,None,N/A,
62.6812,asiya,PrecisionSelection,Precision Selection,932,808,301.33,-45701.35,None,N/A,
62.6907,asiya,PrecisionSelection,Precision Selection,938,808,634.12,35172.09,None,N/A,
62.7006,asiya,PrecisionSelection,Precision Selection,940,808,201.43,-43578.32,None,N/A,
62.7106,asiya,PrecisionSelection,Precision Selection,942,807,223.58,2215.12,None,N/A,
62.7205,asiya,PrecisionSelection,Precision Selection,944,807,201.60,-2215.99,None,N/A,
62.7313,asiya,PrecisionSelection,Precision Selection,945,806,131.26,-6528.22,None,N/A,
62.7407,asiya,PrecisionSelection,Precision Selection,945,806,0.00,-13904.04,None,N/A,
62.7512,asiya,PrecisionSelection,Precision Selection,945,806,0.00,0.00,None,N/A,
62.7605,asiya,PrecisionSelection,Precision Selection,945,806,0.00,0.00,None,N/A,
62.7709,asiya,PrecisionSelection,Precision Selection,945,806,0.00,0.00,None,N/A,
62.7813,asiya,PrecisionSelection,Precision Selection,945,806,0.00,0.00,None,N/A,
62.7907,asiya,PrecisionSelection,Precision Selection,945,806,0.00,0.00,None,N/A,
62.8014,asiya,PrecisionSelection,Precision Selection,945,806,0.00,0.00,None,N/A,
62.8110,asiya,PrecisionSelection,Precision Selection,945,806,0.00,0.00,None,N/A,
62.8206,asiya,PrecisionSelection,Precision Selection,945,806,0.00,0.00,None,N/A,
62.8310,asiya,PrecisionSelection,Precision Selection,945,806,0.00,0.00,None,N/A,
62.8413,asiya,PrecisionSelection,Precision Selection,945,806,0.00,0.00,None,N/A,
62.8509,asiya,PrecisionSelection,Precision Selection,945,806,0.00,0.00,None,N/A,
62.8614,asiya,PrecisionSelection,Precision Selection,945,806,0.00,0.00,None,N/A,
62.8710,asiya,PrecisionSelection,Precision Selection,945,806,0.00,0.00,None,N/A,
62.8818,asiya,PrecisionSelection,Precision Selection,945,806,0.00,0.00,None,N/A,
62.8914,asiya,PrecisionSelection,Precision Selection,945,806,0.00,0.00,None,N/A,
62.9009,asiya,PrecisionSelection,Precision Selection,945,806,0.00,0.00,None,N/A,
62.9105,asiya,PrecisionSelection,Precision Selection,945,806,0.00,0.00,None,N/A,
62.9210,asiya,PrecisionSelection,Precision Selection,945,806,0.00,0.00,None,N/A,
62.9310,asiya,PrecisionSelection,Precision Selection,943,808,282.29,28174.06,None,N/A,
62.9410,asiya,PrecisionSelection,Precision Selection,942,810,223.31,-5889.97,None,N/A,
62.9510,asiya,PrecisionSelection,Precision Selection,940,812,283.57,6041.46,None,N/A,
62.9605,asiya,PrecisionSelection,Precision Selection,937,816,528.73,25924.25,None,N/A,
62.9715,asiya,PrecisionSelection,Precision Selection,935,818,256.20,-24685.80,None,N/A,
62.9809,asiya,PrecisionSelection,Precision Selection,932,822,532.34,29400.15,None,N/A,
62.9912,asiya,PrecisionSelection,Precision Selection,931,823,137.28,-38349.86,None,N/A,
63.0004,asiya,PrecisionSelection,Precision Selection,928,826,461.32,35233.60,None,N/A,
63.0105,asiya,PrecisionSelection,Precision Selection,927,827,139.34,-31724.28,None,N/A,
63.0214,asiya,PrecisionSelection,Precision Selection,926,829,206.53,6206.30,None,N/A,
63.0309,asiya,PrecisionSelection,Precision Selection,925,830,147.85,-6134.95,None,N/A,
63.0407,asiya,PrecisionSelection,Precision Selection,923,832,288.01,14271.06,None,N/A,
63.0508,asiya,PrecisionSelection,Precision Selection,922,834,222.10,-6546.40,None,N/A,
63.0608,asiya,PrecisionSelection,Precision Selection,921,835,141.76,-8053.19,None,N/A,
63.0710,asiya,PrecisionSelection,Precision Selection,919,838,352.53,20608.06,None,N/A,
63.0811,asiya,PrecisionSelection,Precision Selection,918,839,140.23,-21051.26,None,N/A,
63.0909,asiya,PrecisionSelection,Precision Selection,916,841,288.32,15095.57,None,N/A,
63.1006,asiya,PrecisionSelection,Precision Selection,916,842,102.69,-19062.58,None,N/A,
63.1104,asiya,PrecisionSelection,Precision Selection,914,844,289.28,19083.21,None,N/A,
63.1214,asiya,PrecisionSelection,Precision Selection,914,845,91.04,-18047.36,None,N/A,
63.1305,asiya,PrecisionSelection,Precision Selection,913,846,155.02,7013.25,None,N/A,
63.1410,asiya,PrecisionSelection,Precision Selection,912,847,135.39,-1878.79,None,N/A,
63.1504,asiya,PrecisionSelection,Precision Selection,912,847,0.00,-14365.24,None,N/A,
63.1613,asiya,PrecisionSelection,Precision Selection,912,847,0.00,0.00,None,N/A,
63.1714,asiya,PrecisionSelection,Precision Selection,911,847,98.76,9754.30,None,N/A,
63.1808,asiya,PrecisionSelection,Precision Selection,911,847,0.00,-10476.36,None,N/A,
63.1912,asiya,PrecisionSelection,Precision Selection,911,847,0.00,0.00,None,N/A,
63.2007,asiya,PrecisionSelection,Precision Selection,911,847,0.00,0.00,None,N/A,
63.2112,asiya,PrecisionSelection,Precision Selection,911,847,0.00,0.00,None,N/A,
63.2209,asiya,PrecisionSelection,Precision Selection,911,847,0.00,0.00,None,N/A,
63.2314,asiya,PrecisionSelection,Precision Selection,911,847,0.00,0.00,None,N/A,
63.2407,asiya,PrecisionSelection,Precision Selection,911,847,0.00,0.00,None,N/A,
63.2512,asiya,PrecisionSelection,Precision Selection,911,847,0.00,0.00,None,N/A,
63.2607,asiya,PrecisionSelection,Precision Selection,911,847,0.00,0.00,None,N/A,
63.2711,asiya,PrecisionSelection,Precision Selection,911,847,0.00,0.00,None,N/A,
63.2806,asiya,PrecisionSelection,Precision Selection,911,847,0.00,0.00,None,N/A,
63.2912,asiya,PrecisionSelection,Precision Selection,911,847,0.00,0.00,None,N/A,
63.3005,asiya,PrecisionSelection,Precision Selection,911,847,0.00,0.00,None,N/A,
63.3112,asiya,PrecisionSelection,Precision Selection,912,847,93.71,8782.48,None,N/A,
63.3213,asiya,PrecisionSelection,Precision Selection,912,846,98.78,499.86,None,N/A,
63.3312,asiya,PrecisionSelection,Precision Selection,913,845,143.85,4584.35,None,N/A,
63.3407,asiya,PrecisionSelection,Precision Selection,913,845,0.00,-15084.12,None,N/A,
63.3507,asiya,PrecisionSelection,Precision Selection,914,843,224.55,22550.65,None,N/A,
63.3613,asiya,PrecisionSelection,Precision Selection,915,842,133.25,-8602.98,None,N/A,
63.3712,asiya,PrecisionSelection,Precision Selection,916,840,224.89,9217.40,None,N/A,
63.3812,asiya,PrecisionSelection,Precision Selection,917,840,100.25,-12495.51,None,N/A,
63.3906,asiya,PrecisionSelection,Precision Selection,918,838,238.60,14762.20,None,N/A,
63.4014,asiya,PrecisionSelection,Precision Selection,919,838,92.58,-13517.94,None,N/A,
63.4108,asiya,PrecisionSelection,Precision Selection,919,837,106.55,1489.56,None,N/A,
63.4207,asiya,PrecisionSelection,Precision Selection,920,836,142.62,3636.92,None,N/A,
63.4313,asiya,PrecisionSelection,Precision Selection,920,836,0.00,-13476.58,None,N/A,
63.4409,asiya,PrecisionSelection,Precision Selection,921,835,146.12,15098.46,None,N/A,
63.4506,asiya,PrecisionSelection,Precision Selection,921,835,0.00,-15173.59,None,N/A,
63.4611,asiya,PrecisionSelection,Precision Selection,922,835,94.76,8979.62,None,N/A,
63.4705,asiya,PrecisionSelection,Precision Selection,922,835,0.00,-10069.31,None,N/A,
63.4810,asiya,PrecisionSelection,Precision Selection,922,835,0.00,0.00,None,N/A,
63.4905,asiya,PrecisionSelection,Precision Selection,922,835,0.00,0.00,None,N/A,
63.5011,asiya,PrecisionSelection,Precision Selection,922,835,0.00,0.00,None,N/A,
63.5107,asiya,PrecisionSelection,Precision Selection,922,835,0.00,0.00,None,N/A,
63.5210,asiya,PrecisionSelection,Precision Selection,922,835,0.00,0.00,None,N/A,
63.5305,asiya,PrecisionSelection,Precision Selection,922,835,0.00,0.00,None,N/A,
63.5412,asiya,PrecisionSelection,Precision Selection,922,835,0.00,0.00,None,N/A,
63.5506,asiya,PrecisionSelection,Precision Selection,922,835,0.00,0.00,None,N/A,
63.5612,asiya,PrecisionSelection,Precision Selection,922,835,0.00,0.00,None,N/A,
63.5709,asiya,PrecisionSelection,Precision Selection,922,835,0.00,0.00,None,N/A,
63.5813,asiya,PrecisionSelection,Precision Selection,922,835,0.00,0.00,None,N/A,
63.5908,asiya,PrecisionSelection,Precision Selection,922,835,0.00,0.00,None,N/A,
63.6014,asiya,PrecisionSelection,Precision Selection,922,835,0.00,0.00,None,N/A,
63.6110,asiya,PrecisionSelection,Precision Selection,922,835,0.00,0.00,None,N/A,
63.6205,asiya,PrecisionSelection,Precision Selection,922,835,0.00,0.00,None,N/A,
63.6313,asiya,PrecisionSelection,Precision Selection,922,835,0.00,0.00,None,N/A,
63.6410,asiya,PrecisionSelection,Precision Selection,922,835,0.00,0.00,None,N/A,
63.6514,asiya,PrecisionSelection,Precision Selection,922,835,0.00,0.00,None,N/A,
63.6611,asiya,PrecisionSelection,Precision Selection,922,835,0.00,0.00,None,N/A,
63.6705,asiya,PrecisionSelection,Precision Selection,922,835,0.00,0.00,None,N/A,
63.6811,asiya,PrecisionSelection,Precision Selection,922,835,0.00,0.00,None,N/A,
63.6906,asiya,PrecisionSelection,Precision Selection,922,835,0.00,0.00,None,N/A,
63.7011,asiya,PrecisionSelection,Precision Selection,922,835,0.00,0.00,None,N/A,
63.7106,asiya,PrecisionSelection,Precision Selection,922,835,0.00,0.00,None,N/A,
63.7211,asiya,PrecisionSelection,Precision Selection,922,835,0.00,0.00,None,N/A,
63.7305,asiya,PrecisionSelection,Precision Selection,922,835,0.00,0.00,None,N/A,
63.7408,asiya,PrecisionSelection,Precision Selection,922,835,0.00,0.00,None,N/A,
63.7515,asiya,PrecisionSelection,Precision Selection,922,835,0.00,0.00,None,N/A,
63.7611,asiya,PrecisionSelection,Precision Selection,922,835,0.00,0.00,None,N/A,
63.7706,asiya,PrecisionSelection,Precision Selection,922,835,0.00,0.00,None,N/A,
63.7812,asiya,PrecisionSelection,Precision Selection,922,835,0.00,0.00,None,N/A,
63.7907,asiya,PrecisionSelection,Precision Selection,922,835,0.00,0.00,None,N/A,
63.8013,asiya,PrecisionSelection,Precision Selection,922,835,0.00,0.00,Left,N/A,
63.8109,asiya,PrecisionSelection,Precision Selection,922,835,0.00,0.00,Left,N/A,
63.8214,asiya,PrecisionSelection,Precision Selection,922,835,0.00,0.00,Left,N/A,
63.8308,asiya,PrecisionSelection,Precision Selection,922,835,0.00,0.00,Left,N/A,
63.8411,asiya,PrecisionSelection,Precision Selection,922,835,0.00,0.00,Left,N/A,
63.8506,asiya,PrecisionSelection,Precision Selection,922,835,0.00,0.00,Left,N/A,
63.8612,asiya,PrecisionSelection,Precision Selection,922,835,0.00,0.00,Left,N/A,
63.8706,asiya,PrecisionSelection,Precision Selection,922,835,0.00,0.00,Left,N/A,
63.8812,asiya,PrecisionSelection,Precision Selection,922,835,0.00,0.00,Left,N/A,
63.8906,asiya,PrecisionSelection,Precision Selection,922,835,0.00,0.00,Left,N/A,
63.9011,asiya,PrecisionSelection,Precision Selection,922,835,0.00,0.00,Left,N/A,
63.9107,asiya,PrecisionSelection,Precision Selection,922,835,0.00,0.00,Left,N/A,
63.9215,asiya,PrecisionSelection,Precision Selection,922,835,0.00,0.00,Left,N/A,
63.9311,asiya,PrecisionSelection,Precision Selection,922,835,0.00,0.00,Left,N/A,
63.9405,asiya,PrecisionSelection,Precision Selection,922,835,0.00,0.00,Left,N/A,
63.9510,asiya,PrecisionSelection,Precision Selection,922,835,0.00,0.00,Left,N/A,
63.9606,asiya,PrecisionSelection,Precision Selection,922,835,0.00,0.00,Left,N/A,
63.9712,asiya,PrecisionSelection,Precision Selection,922,835,0.00,0.00,Left,N/A,
63.9760,asiya,PrecisionSelection,Precision Selection,922,835,0.00,0.00,None,N/A,precision_click
63.9808,asiya,PrecisionSelection,Precision Selection,922,835,0.00,0.00,None,N/A,
63.9913,asiya,PrecisionSelection,Precision Selection,922,835,0.00,0.00,None,N/A,
64.0007,asiya,PrecisionSelection,Precision Selection,922,835,0.00,0.00,None,N/A,
64.0113,asiya,PrecisionSelection,Precision Selection,922,835,0.00,0.00,None,N/A,
64.0209,asiya,PrecisionSelection,Precision Selection,922,835,0.00,0.00,None,N/A,
64.0313,asiya,PrecisionSelection,Precision Selection,922,835,0.00,0.00,None,N/A,
64.0406,asiya,PrecisionSelection,Precision Selection,922,835,0.00,0.00,None,N/A,
64.0512,asiya,PrecisionSelection,Precision Selection,922,835,0.00,0.00,None,N/A,
64.0610,asiya,PrecisionSelection,Precision Selection,922,835,0.00,0.00,None,N/A,
64.0714,asiya,PrecisionSelection,Precision Selection,922,835,0.00,0.00,None,N/A,
64.0812,asiya,PrecisionSelection,Precision Selection,922,835,0.00,0.00,None,N/A,
64.0909,asiya,PrecisionSelection,Precision Selection,922,835,0.00,0.00,None,N/A,
64.1014,asiya,PrecisionSelection,Precision Selection,922,835,0.00,0.00,None,N/A,
64.1109,asiya,PrecisionSelection,Precision Selection,922,835,0.00,0.00,None,N/A,
64.1214,asiya,PrecisionSelection,Precision Selection,922,835,0.00,0.00,None,N/A,
64.1308,asiya,PrecisionSelection,Precision Selection,922,835,0.00,0.00,None,N/A,
64.1412,asiya,PrecisionSelection,Precision Selection,922,835,0.00,0.00,None,N/A,
64.1507,asiya,PrecisionSelection,Precision Selection,922,835,0.00,0.00,None,N/A,
64.1614,asiya,PrecisionSelection,Precision Selection,922,835,0.00,0.00,None,N/A,
64.1709,asiya,PrecisionSelection,Precision Selection,922,835,0.00,0.00,None,N/A,
64.1814,asiya,PrecisionSelection,Precision Selection,922,835,0.00,0.00,None,N/A,
64.1908,asiya,PrecisionSelection,Precision Selection,922,835,0.00,0.00,None,N/A,
64.2013,asiya,PrecisionSelection,Precision Selection,922,835,0.00,0.00,None,N/A,
64.2109,asiya,PrecisionSelection,Precision Selection,922,835,0.00,0.00,None,N/A,
64.2214,asiya,PrecisionSelection,Precision Selection,922,835,0.00,0.00,None,N/A,
64.2310,asiya,PrecisionSelection,Precision Selection,922,835,0.00,0.00,None,N/A,
64.2411,asiya,PrecisionSelection,Precision Selection,922,835,0.00,0.00,None,N/A,
64.2509,asiya,PrecisionSelection,Precision Selection,922,835,0.00,0.00,None,N/A,
64.2615,asiya,PrecisionSelection,Precision Selection,922,835,0.00,0.00,None,N/A,
64.2715,asiya,PrecisionSelection,Precision Selection,922,835,0.00,0.00,None,N/A,
64.2810,asiya,PrecisionSelection,Precision Selection,922,835,0.00,0.00,None,N/A,
64.2905,asiya,PrecisionSelection,Precision Selection,922,835,0.00,0.00,None,N/A,
64.3010,asiya,PrecisionSelection,Precision Selection,922,835,0.00,0.00,None,N/A,
64.3104,asiya,PrecisionSelection,Precision Selection,922,835,0.00,0.00,None,N/A,
64.3208,asiya,PrecisionSelection,Precision Selection,922,835,0.00,0.00,None,N/A,
64.3314,asiya,PrecisionSelection,Precision Selection,914,806,2841.98,268483.30,None,N/A,
64.3410,asiya,PrecisionSelection,Precision Selection,904,769,3989.51,119446.56,None,N/A,
64.3507,asiya,PrecisionSelection,Precision Selection,894,702,6925.64,300175.70,None,N/A,
64.3609,asiya,PrecisionSelection,Precision Selection,892,625,7605.95,67177.64,None,N/A,
64.3714,asiya,PrecisionSelection,Precision Selection,893,599,2471.63,-487722.10,None,N/A,
64.3809,asiya,PrecisionSelection,Precision Selection,898,566,3503.65,108333.69,None,N/A,
64.3912,asiya,PrecisionSelection,Precision Selection,901,558,835.61,-260937.04,None,N/A,
64.4014,asiya,PrecisionSelection,Precision Selection,904,551,746.01,-8776.83,None,N/A,
64.4116,asiya,PrecisionSelection,Precision Selection,905,550,137.51,-59168.66,None,N/A,
64.4211,asiya,PrecisionSelection,Precision Selection,906,549,149.94,1317.99,None,N/A,
64.4309,asiya,PrecisionSelection,Precision Selection,906,549,0.00,-15280.42,None,N/A,
64.4412,asiya,PrecisionSelection,Precision Selection,907,549,97.17,9441.40,None,N/A,
64.4505,asiya,PrecisionSelection,Precision Selection,907,549,0.00,-10423.20,None,N/A,
64.4606,asiya,PrecisionSelection,Precision Selection,907,550,99.26,9852.42,None,N/A,
64.4705,asiya,PrecisionSelection,Precision Selection,907,551,100.65,139.52,None,N/A,
64.4812,asiya,PrecisionSelection,Precision Selection,908,552,132.77,3015.95,None,N/A,
64.4909,asiya,PrecisionSelection,Precision Selection,908,553,102.28,-3118.53,None,N/A,
64.5014,asiya,PrecisionSelection,Precision Selection,908,553,0.00,-9765.84,None,N/A,
64.5110,asiya,PrecisionSelection,Precision Selection,908,553,0.00,0.00,None,N/A,
64.5205,asiya,PrecisionSelection,Precision Selection,908,553,0.00,0.00,None,N/A,
64.5310,asiya,PrecisionSelection,Precision Selection,908,553,0.00,0.00,None,N/A,
64.5405,asiya,PrecisionSelection,Precision Selection,908,553,0.00,0.00,None,N/A,
64.5511,asiya,PrecisionSelection,Precision Selection,908,553,0.00,0.00,None,N/A,
64.5612,asiya,PrecisionSelection,Precision Selection,908,553,0.00,0.00,None,N/A,
64.5707,asiya,PrecisionSelection,Precision Selection,908,553,0.00,0.00,None,N/A,
64.5812,asiya,PrecisionSelection,Precision Selection,908,553,0.00,0.00,None,N/A,
64.5910,asiya,PrecisionSelection,Precision Selection,908,553,0.00,0.00,None,N/A,
64.6006,asiya,PrecisionSelection,Precision Selection,908,553,0.00,0.00,None,N/A,
64.6112,asiya,PrecisionSelection,Precision Selection,908,553,0.00,0.00,None,N/A,
64.6207,asiya,PrecisionSelection,Precision Selection,908,553,0.00,0.00,None,N/A,
64.6313,asiya,PrecisionSelection,Precision Selection,907,543,951.78,90138.09,None,N/A,
64.6408,asiya,PrecisionSelection,Precision Selection,907,445,10284.01,979315.20,None,N/A,
64.6514,asiya,PrecisionSelection,Precision Selection,908,408,3515.05,-642826.51,None,N/A,
64.6613,asiya,PrecisionSelection,Precision Selection,912,360,4824.46,131153.67,None,N/A,
64.6705,asiya,PrecisionSelection,Precision Selection,915,341,2098.45,-297389.61,None,N/A,
64.6808,asiya,PrecisionSelection,Precision Selection,918,315,2554.11,44466.33,None,N/A,
64.6909,asiya,PrecisionSelection,Precision Selection,919,309,598.26,-192364.73,None,N/A,
64.7008,asiya,PrecisionSelection,Precision Selection,919,307,203.22,-40140.13,None,N/A,
64.7113,asiya,PrecisionSelection,Precision Selection,920,305,212.36,867.99,None,N/A,
64.7214,asiya,PrecisionSelection,Precision Selection,921,304,139.59,-7182.43,None,N/A,
64.7312,asiya,PrecisionSelection,Precision Selection,921,304,0.00,-14229.85,None,N/A,
64.7410,asiya,PrecisionSelection,Precision Selection,921,305,102.41,10487.81,None,N/A,
64.7507,asiya,PrecisionSelection,Precision Selection,920,307,229.38,13025.16,None,N/A,
64.7605,asiya,PrecisionSelection,Precision Selection,920,308,102.07,-12994.78,None,N/A,
64.7713,asiya,PrecisionSelection,Precision Selection,919,311,293.79,17810.94,None,N/A,
64.7808,asiya,PrecisionSelection,Precision Selection,919,311,0.00,-30874.38,None,N/A,
64.7914,asiya,PrecisionSelection,Precision Selection,919,311,0.00,0.00,None,N/A,
64.8008,asiya,PrecisionSelection,Precision Selection,919,311,0.00,0.00,None,N/A,
64.8110,asiya,PrecisionSelection,Precision Selection,919,311,0.00,0.00,None,N/A,
64.8214,asiya,PrecisionSelection,Precision Selection,919,311,0.00,0.00,None,N/A,
64.8310,asiya,PrecisionSelection,Precision Selection,919,311,0.00,0.00,None,N/A,
64.8405,asiya,PrecisionSelection,Precision Selection,919,311,0.00,0.00,None,N/A,
64.8510,asiya,PrecisionSelection,Precision Selection,919,311,0.00,0.00,None,N/A,
64.8611,asiya,PrecisionSelection,Precision Selection,919,311,0.00,0.00,None,N/A,
64.8705,asiya,PrecisionSelection,Precision Selection,919,311,0.00,0.00,None,N/A,
64.8812,asiya,PrecisionSelection,Precision Selection,919,311,0.00,0.00,None,N/A,
64.8907,asiya,PrecisionSelection,Precision Selection,919,311,0.00,0.00,None,N/A,
64.9012,asiya,PrecisionSelection,Precision Selection,919,311,0.00,0.00,None,N/A,
64.9107,asiya,PrecisionSelection,Precision Selection,919,311,0.00,0.00,None,N/A,
64.9211,asiya,PrecisionSelection,Precision Selection,919,314,289.24,27887.05,None,N/A,
64.9311,asiya,PrecisionSelection,Precision Selection,919,319,500.02,21079.22,None,N/A,
64.9414,asiya,PrecisionSelection,Precision Selection,918,328,874.70,36191.00,None,N/A,
64.9508,asiya,PrecisionSelection,Precision Selection,918,332,424.95,-47779.89,None,N/A,
64.9605,asiya,PrecisionSelection,Precision Selection,918,336,415.63,-969.18,None,N/A,
64.9713,asiya,PrecisionSelection,Precision Selection,919,340,380.17,-3269.33,None,N/A,
64.9811,asiya,PrecisionSelection,Precision Selection,919,342,205.08,-17953.73,None,N/A,
64.9908,asiya,PrecisionSelection,Precision Selection,919,345,306.81,10403.96,None,N/A,
65.0007,asiya,PrecisionSelection,Precision Selection,919,346,101.82,-20872.21,None,N/A,
65.0114,asiya,PrecisionSelection,Precision Selection,919,348,187.16,7985.77,None,N/A,
65.0212,asiya,PrecisionSelection,Precision Selection,919,348,0.00,-18925.18,None,N/A,
65.0306,asiya,PrecisionSelection,Precision Selection,919,350,213.40,22768.99,None,N/A,
65.0407,asiya,PrecisionSelection,Precision Selection,919,350,0.00,-21133.07,None,N/A,
65.0508,asiya,PrecisionSelection,Precision Selection,920,351,139.97,13853.97,None,N/A,
65.0614,asiya,PrecisionSelection,Precision Selection,920,352,94.33,-4305.71,None,N/A,
65.0713,asiya,PrecisionSelection,Precision Selection,920,352,0.00,-9503.31,None,N/A,
65.0811,asiya,PrecisionSelection,Precision Selection,922,354,290.89,29916.20,None,N/A,
65.0909,asiya,PrecisionSelection,Precision Selection,923,355,143.23,-14954.63,None,N/A,
65.1007,asiya,PrecisionSelection,Precision Selection,925,356,228.61,8729.33,None,N/A,
65.1110,asiya,PrecisionSelection,Precision Selection,926,356,97.78,-12792.56,None,N/A,
65.1213,asiya,PrecisionSelection,Precision Selection,927,358,216.28,11462.56,None,N/A,
65.1311,asiya,PrecisionSelection,Precision Selection,928,358,102.15,-11658.86,None,N/A,
65.1407,asiya,PrecisionSelection,Precision Selection,929,359,147.14,4681.31,None,N/A,
65.1514,asiya,PrecisionSelection,Precision Selection,929,359,0.00,-13704.09,None,N/A,
65.1606,asiya,PrecisionSelection,Precision Selection,929,360,109.05,11892.65,None,N/A,
65.1714,asiya,PrecisionSelection,Precision Selection,930,360,92.69,-1516.43,None,N/A,
65.1810,asiya,PrecisionSelection,Precision Selection,930,360,0.00,-9593.26,None,N/A,
65.1913,asiya,PrecisionSelection,Precision Selection,931,360,97.82,9569.54,None,N/A,
65.2005,asiya,PrecisionSelection,Precision Selection,931,360,0.00,-10635.97,None,N/A,
65.2112,asiya,PrecisionSelection,Precision Selection,932,360,92.85,8620.70,None,N/A,
65.2217,asiya,PrecisionSelection,Precision Selection,932,360,0.00,-8884.03,None,N/A,
65.2314,asiya,PrecisionSelection,Precision Selection,932,360,0.00,0.00,None,N/A,
65.2408,asiya,PrecisionSelection,Precision Selection,932,360,0.00,0.00,None,N/A,
65.2513,asiya,PrecisionSelection,Precision Selection,932,360,0.00,0.00,None,N/A,
65.2608,asiya,PrecisionSelection,Precision Selection,932,360,0.00,0.00,None,N/A,
65.2713,asiya,PrecisionSelection,Precision Selection,932,360,0.00,0.00,None,N/A,
65.2808,asiya,PrecisionSelection,Precision Selection,932,360,0.00,0.00,None,N/A,
65.2911,asiya,PrecisionSelection,Precision Selection,932,360,0.00,0.00,None,N/A,
65.3007,asiya,PrecisionSelection,Precision Selection,932,360,0.00,0.00,None,N/A,
65.3111,asiya,PrecisionSelection,Precision Selection,932,360,0.00,0.00,None,N/A,
65.3207,asiya,PrecisionSelection,Precision Selection,932,360,0.00,0.00,None,N/A,
65.3312,asiya,PrecisionSelection,Precision Selection,932,360,0.00,0.00,None,N/A,
65.3410,asiya,PrecisionSelection,Precision Selection,932,360,0.00,0.00,None,N/A,
65.3506,asiya,PrecisionSelection,Precision Selection,932,360,0.00,0.00,None,N/A,
65.3619,asiya,PrecisionSelection,Precision Selection,932,360,0.00,0.00,None,N/A,
65.3705,asiya,PrecisionSelection,Precision Selection,932,360,0.00,0.00,None,N/A,
65.3809,asiya,PrecisionSelection,Precision Selection,932,360,0.00,0.00,None,N/A,
65.3913,asiya,PrecisionSelection,Precision Selection,932,360,0.00,0.00,None,N/A,
65.4009,asiya,PrecisionSelection,Precision Selection,932,360,0.00,0.00,None,N/A,
65.4105,asiya,PrecisionSelection,Precision Selection,932,360,0.00,0.00,None,N/A,
65.4210,asiya,PrecisionSelection,Precision Selection,932,360,0.00,0.00,None,N/A,
65.4305,asiya,PrecisionSelection,Precision Selection,932,360,0.00,0.00,None,N/A,
65.4409,asiya,PrecisionSelection,Precision Selection,932,360,0.00,0.00,None,N/A,
65.4514,asiya,PrecisionSelection,Precision Selection,932,360,0.00,0.00,None,N/A,
65.4609,asiya,PrecisionSelection,Precision Selection,932,360,0.00,0.00,None,N/A,
65.4711,asiya,PrecisionSelection,Precision Selection,932,360,0.00,0.00,Left,N/A,
65.4805,asiya,PrecisionSelection,Precision Selection,932,360,0.00,0.00,Left,N/A,
65.4908,asiya,PrecisionSelection,Precision Selection,932,360,0.00,0.00,Left,N/A,
65.5013,asiya,PrecisionSelection,Precision Selection,932,360,0.00,0.00,Left,N/A,
65.5111,asiya,PrecisionSelection,Precision Selection,932,360,0.00,0.00,Left,N/A,
65.5215,asiya,PrecisionSelection,Precision Selection,932,360,0.00,0.00,Left,N/A,
65.5311,asiya,PrecisionSelection,Precision Selection,932,360,0.00,0.00,Left,N/A,
65.5406,asiya,PrecisionSelection,Precision Selection,932,360,0.00,0.00,Left,N/A,
65.5512,asiya,PrecisionSelection,Precision Selection,932,360,0.00,0.00,Left,N/A,
65.5614,asiya,PrecisionSelection,Precision Selection,932,360,0.00,0.00,Left,N/A,
65.5709,asiya,PrecisionSelection,Precision Selection,932,360,0.00,0.00,Left,N/A,
65.5814,asiya,PrecisionSelection,Precision Selection,932,360,0.00,0.00,Left,N/A,
65.5910,asiya,PrecisionSelection,Precision Selection,932,360,0.00,0.00,Left,N/A,
65.6071,asiya,PrecisionSelection,Precision Selection,932,360,0.00,0.00,Left,N/A,
65.6106,asiya,PrecisionSelection,Precision Selection,932,360,0.00,0.00,Left,N/A,
65.6209,asiya,PrecisionSelection,Precision Selection,932,360,0.00,0.00,Left,N/A,
65.6313,asiya,PrecisionSelection,Precision Selection,932,360,0.00,0.00,Left,N/A,
65.6407,asiya,PrecisionSelection,Precision Selection,932,360,0.00,0.00,Left,N/A,
65.6435,asiya,PrecisionSelection,Precision Selection,932,360,0.00,0.00,None,N/A,precision_click
65.6511,asiya,PrecisionSelection,Precision Selection,932,360,0.00,0.00,None,N/A,
65.6606,asiya,PrecisionSelection,Precision Selection,932,360,0.00,0.00,None,N/A,
65.6711,asiya,PrecisionSelection,Precision Selection,932,360,0.00,0.00,None,N/A,
65.6807,asiya,PrecisionSelection,Precision Selection,932,360,0.00,0.00,None,N/A,
65.6911,asiya,PrecisionSelection,Precision Selection,932,360,0.00,0.00,None,N/A,
65.7006,asiya,PrecisionSelection,Precision Selection,932,360,0.00,0.00,None,N/A,
65.7107,asiya,PrecisionSelection,Precision Selection,932,360,0.00,0.00,None,N/A,
65.7212,asiya,PrecisionSelection,Precision Selection,932,360,0.00,0.00,None,N/A,
65.7307,asiya,PrecisionSelection,Precision Selection,932,360,0.00,0.00,None,N/A,
65.7411,asiya,PrecisionSelection,Precision Selection,932,360,0.00,0.00,None,N/A,
65.7507,asiya,PrecisionSelection,Precision Selection,932,360,0.00,0.00,None,N/A,
65.7612,asiya,PrecisionSelection,Precision Selection,932,360,0.00,0.00,None,N/A,
65.7708,asiya,PrecisionSelection,Precision Selection,932,360,0.00,0.00,None,N/A,
65.7813,asiya,PrecisionSelection,Precision Selection,932,360,0.00,0.00,None,N/A,
65.7909,asiya,PrecisionSelection,Precision Selection,932,360,0.00,0.00,None,N/A,
65.8014,asiya,PrecisionSelection,Precision Selection,932,360,0.00,0.00,None,N/A,
65.8109,asiya,PrecisionSelection,Precision Selection,932,360,0.00,0.00,None,N/A,
65.8214,asiya,PrecisionSelection,Precision Selection,932,360,0.00,0.00,None,N/A,
65.8308,asiya,PrecisionSelection,Precision Selection,932,360,0.00,0.00,None,N/A,
65.8405,asiya,PrecisionSelection,Precision Selection,932,360,0.00,0.00,None,N/A,
65.8511,asiya,PrecisionSelection,Precision Selection,932,360,0.00,0.00,None,N/A,
65.8612,asiya,PrecisionSelection,Precision Selection,932,360,0.00,0.00,None,N/A,
65.8706,asiya,PrecisionSelection,Precision Selection,932,360,0.00,0.00,None,N/A,
65.8811,asiya,PrecisionSelection,Precision Selection,932,360,0.00,0.00,None,N/A,
65.8906,asiya,PrecisionSelection,Precision Selection,932,360,0.00,0.00,None,N/A,
65.9011,asiya,PrecisionSelection,Precision Selection,932,360,0.00,0.00,None,N/A,
65.9113,asiya,PrecisionSelection,Precision Selection,932,360,0.00,0.00,None,N/A,
65.9207,asiya,PrecisionSelection,Precision Selection,932,360,0.00,0.00,None,N/A,
65.9311,asiya,PrecisionSelection,Precision Selection,932,360,0.00,0.00,None,N/A,
65.9406,asiya,PrecisionSelection,Precision Selection,932,360,0.00,0.00,None,N/A,
65.9511,asiya,PrecisionSelection,Precision Selection,932,360,0.00,0.00,None,N/A,
65.9611,asiya,PrecisionSelection,Precision Selection,932,360,0.00,0.00,None,N/A,
65.9706,asiya,PrecisionSelection,Precision Selection,932,360,0.00,0.00,None,N/A,
65.9811,asiya,PrecisionSelection,Precision Selection,932,360,0.00,0.00,None,N/A,
65.9915,asiya,PrecisionSelection,Precision Selection,932,360,0.00,0.00,None,N/A,
66.0010,asiya,PrecisionSelection,Precision Selection,932,360,0.00,0.00,None,N/A,
66.0114,asiya,PrecisionSelection,Precision Selection,932,360,0.00,0.00,None,N/A,
66.0212,asiya,PrecisionSelection,Precision Selection,912,377,2675.73,272755.91,None,N/A,
66.0312,asiya,PrecisionSelection,Precision Selection,896,390,2061.90,-61393.17,None,N/A,
66.0409,asiya,PrecisionSelection,Precision Selection,873,409,3101.07,108019.67,None,N/A,
66.0508,asiya,PrecisionSelection,Precision Selection,866,415,925.40,-218379.57,None,N/A,
66.0604,asiya,PrecisionSelection,Precision Selection,853,428,1920.63,103970.35,None,N/A,
66.0705,asiya,PrecisionSelection,Precision Selection,848,435,848.42,-105748.59,None,N/A,
66.0809,asiya,PrecisionSelection,Precision Selection,839,447,1445.22,57499.83,None,N/A,
66.0910,asiya,PrecisionSelection,Precision Selection,835,453,716.31,-72405.32,None,N/A,
66.1008,asiya,PrecisionSelection,Precision Selection,831,459,731.95,1587.11,None,N/A,
66.1105,asiya,PrecisionSelection,Precision Selection,824,472,1523.71,81708.82,None,N/A,
66.1215,asiya,PrecisionSelection,Precision Selection,821,479,696.04,-75644.61,None,N/A,
66.1308,asiya,PrecisionSelection,Precision Selection,814,492,1581.29,94808.87,None,N/A,
66.1410,asiya,PrecisionSelection,Precision Selection,811,496,489.29,-106861.35,None,N/A,
66.1508,asiya,PrecisionSelection,Precision Selection,808,503,776.25,29249.33,None,N/A,
66.1605,asiya,PrecisionSelection,Precision Selection,806,506,371.56,-41704.63,None,N/A,
66.1713,asiya,PrecisionSelection,Precision Selection,804,511,500.65,12001.98,None,N/A,
66.1812,asiya,PrecisionSelection,Precision Selection,803,513,226.08,-27761.03,None,N/A,
66.1911,asiya,PrecisionSelection,Precision Selection,802,516,319.34,9418.49,None,N/A,
66.2008,asiya,PrecisionSelection,Precision Selection,802,518,205.81,-11683.02,None,N/A,
66.2111,asiya,PrecisionSelection,Precision Selection,801,519,137.55,-6639.05,None,N/A,
66.2214,asiya,PrecisionSelection,Precision Selection,802,520,137.58,2.48,None,N/A,
66.2310,asiya,PrecisionSelection,Precision Selection,802,520,0.00,-14262.36,None,N/A,
66.2408,asiya,PrecisionSelection,Precision Selection,803,518,227.62,23170.00,None,N/A,
66.2513,asiya,PrecisionSelection,Precision Selection,804,517,135.79,-8817.14,None,N/A,
66.2610,asiya,PrecisionSelection,Precision Selection,804,517,0.00,-13904.05,None,N/A,
66.2715,asiya,PrecisionSelection,Precision Selection,804,517,0.00,0.00,None,N/A,
66.2810,asiya,PrecisionSelection,Precision Selection,804,517,0.00,0.00,None,N/A,
66.2905,asiya,PrecisionSelection,Precision Selection,804,517,0.00,0.00,None,N/A,
66.3012,asiya,PrecisionSelection,Precision Selection,804,517,0.00,0.00,None,N/A,
66.3112,asiya,PrecisionSelection,Precision Selection,804,517,0.00,0.00,None,N/A,
66.3209,asiya,PrecisionSelection,Precision Selection,804,517,0.00,0.00,None,N/A,
66.3305,asiya,PrecisionSelection,Precision Selection,804,517,0.00,0.00,None,N/A,
66.3411,asiya,PrecisionSelection,Precision Selection,804,517,0.00,0.00,None,N/A,
66.3507,asiya,PrecisionSelection,Precision Selection,804,517,0.00,0.00,None,N/A,
66.3613,asiya,PrecisionSelection,Precision Selection,804,517,0.00,0.00,None,N/A,
66.3709,asiya,PrecisionSelection,Precision Selection,804,517,0.00,0.00,None,N/A,
66.3807,asiya,PrecisionSelection,Precision Selection,803,523,618.39,62867.38,None,N/A,
66.3908,asiya,PrecisionSelection,Precision Selection,796,545,2281.05,164276.81,None,N/A,
66.4013,asiya,PrecisionSelection,Precision Selection,793,558,1280.15,-96038.14,None,N/A,
66.4113,asiya,PrecisionSelection,Precision Selection,787,576,1894.43,61333.73,None,N/A,
66.4205,asiya,PrecisionSelection,Precision Selection,785,584,898.23,-108512.71,None,N/A,
66.4307,asiya,PrecisionSelection,Precision Selection,781,596,1238.80,33354.67,None,N/A,
66.4409,asiya,PrecisionSelection,Precision Selection,780,600,401.17,-81499.84,None,N/A,
66.4508,asiya,PrecisionSelection,Precision Selection,779,604,416.64,1563.63,None,N/A,
66.4614,asiya,PrecisionSelection,Precision Selection,778,610,576.42,15141.10,None,N/A,
66.4705,asiya,PrecisionSelection,Precision Selection,777,613,347.70,-25148.54,None,N/A,
66.4810,asiya,PrecisionSelection,Precision Selection,776,619,580.57,22226.11,None,N/A,
66.4911,asiya,PrecisionSelection,Precision Selection,776,622,297.22,-28072.01,None,N/A,
66.5011,asiya,PrecisionSelection,Precision Selection,775,629,702.35,40241.20,None,N/A,
66.5106,asiya,PrecisionSelection,Precision Selection,775,632,318.14,-40744.46,None,N/A,
66.5214,asiya,PrecisionSelection,Precision Selection,774,639,653.57,31002.56,None,N/A,
66.5305,asiya,PrecisionSelection,Precision Selection,774,643,440.34,-23473.34,None,N/A,
66.5406,asiya,PrecisionSelection,Precision Selection,773,650,695.37,25080.10,None,N/A,
66.5508,asiya,PrecisionSelection,Precision Selection,773,653,294.99,-39369.42,None,N/A,
66.5605,asiya,PrecisionSelection,Precision Selection,773,656,308.56,1395.82,None,N/A,
66.5704,asiya,PrecisionSelection,Precision Selection,772,660,415.62,10791.66,None,N/A,
66.5812,asiya,PrecisionSelection,Precision Selection,772,661,93.15,-30037.39,None,N/A,
66.5911,asiya,PrecisionSelection,Precision Selection,772,663,201.65,10939.72,None,N/A,
66.6006,asiya,PrecisionSelection,Precision Selection,772,664,105.33,-10145.27,None,N/A,
66.6114,asiya,PrecisionSelection,Precision Selection,772,666,185.39,7421.01,None,N/A,
66.6212,asiya,PrecisionSelection,Precision Selection,772,666,0.00,-18805.52,None,N/A,
66.6307,asiya,PrecisionSelection,Precision Selection,772,667,105.76,11186.14,None,N/A,
66.6407,asiya,PrecisionSelection,Precision Selection,772,667,0.00,-10546.04,None,N/A,
66.6505,asiya,PrecisionSelection,Precision Selection,772,668,101.81,10365.46,None,N/A,
66.6612,asiya,PrecisionSelection,Precision Selection,772,668,0.00,-9529.70,None,N/A,
66.6711,asiya,PrecisionSelection,Precision Selection,772,669,101.11,10223.03,None,N/A,
66.6809,asiya,PrecisionSelection,Precision Selection,772,669,0.00,-10373.82,None,N/A,
66.6909,asiya,PrecisionSelection,Precision Selection,772,669,0.00,0.00,None,N/A,
66.7014,asiya,PrecisionSelection,Precision Selection,772,669,0.00,0.00,None,N/A,
66.7113,asiya,PrecisionSelection,Precision Selection,772,669,0.00,0.00,None,N/A,
66.7211,asiya,PrecisionSelection,Precision Selection,771,670,144.62,14790.08,None,N/A,
66.7311,asiya,PrecisionSelection,Precision Selection,770,671,141.57,-306.13,None,N/A,
66.7408,asiya,PrecisionSelection,Precision Selection,769,672,145.46,400.65,None,N/A,
66.7507,asiya,PrecisionSelection,Precision Selection,768,674,227.25,8311.79,None,N/A,
66.7613,asiya,PrecisionSelection,Precision Selection,766,676,266.46,3693.97,None,N/A,
66.7706,asiya,PrecisionSelection,Precision Selection,764,678,305.10,4168.43,None,N/A,
66.7813,asiya,PrecisionSelection,Precision Selection,762,681,335.85,2864.39,None,N/A,
66.7910,asiya,PrecisionSelection,Precision Selection,761,682,145.37,-19580.21,None,N/A,
66.8008,asiya,PrecisionSelection,Precision Selection,758,684,367.56,22649.96,None,N/A,
66.8105,asiya,PrecisionSelection,Precision Selection,757,685,146.08,-22877.40,None,N/A,
66.8214,asiya,PrecisionSelection,Precision Selection,756,686,129.76,-1497.25,None,N/A,
66.8311,asiya,PrecisionSelection,Precision Selection,755,688,231.26,10496.98,None,N/A,
66.8410,asiya,PrecisionSelection,Precision Selection,754,688,101.11,-13159.58,None,N/A,
66.8510,asiya,PrecisionSelection,Precision Selection,753,689,140.57,3922.31,None,N/A,
66.8613,asiya,PrecisionSelection,Precision Selection,753,689,0.00,-13620.91,None,N/A,
66.8707,asiya,PrecisionSelection,Precision Selection,752,690,151.01,16125.53,None,N/A,
66.8812,asiya,PrecisionSelection,Precision Selection,752,691,95.21,-5312.91,None,N/A,
66.8906,asiya,PrecisionSelection,Precision Selection,751,692,150.63,5901.97,None,N/A,
66.9005,asiya,PrecisionSelection,Precision Selection,751,692,0.00,-15267.15,None,N/A,
66.9105,asiya,PrecisionSelection,Precision Selection,751,692,0.00,0.00,None,N/A,
66.9214,asiya,PrecisionSelection,Precision Selection,750,692,91.10,8299.09,None,N/A,
66.9310,asiya,PrecisionSelection,Precision Selection,750,692,0.00,-9485.58,None,N/A,
66.9410,asiya,PrecisionSelection,Precision Selection,750,691,100.05,10009.56,None,N/A,
66.9505,asiya,PrecisionSelection,Precision Selection,750,691,0.00,-10551.97,None,N/A,
66.9612,asiya,PrecisionSelection,Precision Selection,750,691,0.00,0.00,None,N/A,
66.9706,asiya,PrecisionSelection,Precision Selection,750,691,0.00,0.00,None,N/A,
66.9815,asiya,PrecisionSelection,Precision Selection,750,691,0.00,0.00,None,N/A,
66.9913,asiya,PrecisionSelection,Precision Selection,750,691,0.00,0.00,None,N/A,
67.0008,asiya,PrecisionSelection,Precision Selection,750,691,0.00,0.00,None,N/A,
67.0106,asiya,PrecisionSelection,Precision Selection,750,691,0.00,0.00,None,N/A,
67.0210,asiya,PrecisionSelection,Precision Selection,750,691,0.00,0.00,None,N/A,
67.0305,asiya,PrecisionSelection,Precision Selection,750,691,0.00,0.00,None,N/A,
67.0409,asiya,PrecisionSelection,Precision Selection,750,691,0.00,0.00,None,N/A,
67.0514,asiya,PrecisionSelection,Precision Selection,750,691,0.00,0.00,None,N/A,
67.0609,asiya,PrecisionSelection,Precision Selection,750,691,0.00,0.00,None,N/A,
67.0713,asiya,PrecisionSelection,Precision Selection,750,691,0.00,0.00,None,N/A,
67.0808,asiya,PrecisionSelection,Precision Selection,750,691,0.00,0.00,None,N/A,
67.0911,asiya,PrecisionSelection,Precision Selection,750,691,0.00,0.00,None,N/A,
67.1006,asiya,PrecisionSelection,Precision Selection,750,691,0.00,0.00,None,N/A,
67.1109,asiya,PrecisionSelection,Precision Selection,750,691,0.00,0.00,None,N/A,
67.1210,asiya,PrecisionSelection,Precision Selection,750,691,0.00,0.00,Left,N/A,
67.1308,asiya,PrecisionSelection,Precision Selection,750,691,0.00,0.00,Left,N/A,
67.1411,asiya,PrecisionSelection,Precision Selection,750,691,0.00,0.00,Left,N/A,
67.1506,asiya,PrecisionSelection,Precision Selection,750,691,0.00,0.00,Left,N/A,
67.1614,asiya,PrecisionSelection,Precision Selection,750,691,0.00,0.00,Left,N/A,
67.1710,asiya,PrecisionSelection,Precision Selection,750,691,0.00,0.00,Left,N/A,
67.1804,asiya,PrecisionSelection,Precision Selection,750,691,0.00,0.00,Left,N/A,
67.1908,asiya,PrecisionSelection,Precision Selection,750,691,0.00,0.00,Left,N/A,
67.2014,asiya,PrecisionSelection,Precision Selection,750,691,0.00,0.00,Left,N/A,
67.2110,asiya,PrecisionSelection,Precision Selection,750,691,0.00,0.00,Left,N/A,
67.2206,asiya,PrecisionSelection,Precision Selection,750,691,0.00,0.00,Left,N/A,
67.2310,asiya,PrecisionSelection,Precision Selection,750,691,0.00,0.00,Left,N/A,
67.2405,asiya,PrecisionSelection,Precision Selection,750,691,0.00,0.00,Left,N/A,
67.2510,asiya,PrecisionSelection,Precision Selection,750,691,0.00,0.00,Left,N/A,
67.2609,asiya,PrecisionSelection,Precision Selection,750,691,0.00,0.00,Left,N/A,
67.2707,asiya,PrecisionSelection,Precision Selection,750,691,0.00,0.00,Left,N/A,
67.2812,asiya,PrecisionSelection,Precision Selection,750,691,0.00,0.00,Left,N/A,
67.2907,asiya,PrecisionSelection,Precision Selection,750,691,0.00,0.00,Left,N/A,
67.3013,asiya,PrecisionSelection,Precision Selection,750,691,0.00,0.00,None,N/A,
67.3109,asiya,PrecisionSelection,Precision Selection,750,691,0.00,0.00,None,N/A,
67.3214,asiya,PrecisionSelection,Precision Selection,750,691,0.00,0.00,None,N/A,
67.3309,asiya,PrecisionSelection,Precision Selection,750,691,0.00,0.00,None,N/A,
67.3405,asiya,PrecisionSelection,Precision Selection,750,691,0.00,0.00,None,N/A,
67.3509,asiya,PrecisionSelection,Precision Selection,750,691,0.00,0.00,None,N/A,
67.3615,asiya,PrecisionSelection,Precision Selection,750,691,0.00,0.00,None,N/A,
67.3711,asiya,PrecisionSelection,Precision Selection,750,691,0.00,0.00,None,N/A,
67.3807,asiya,PrecisionSelection,Precision Selection,750,691,0.00,0.00,None,N/A,
67.3911,asiya,PrecisionSelection,Precision Selection,750,691,0.00,0.00,None,N/A,
67.4005,asiya,PrecisionSelection,Precision Selection,750,691,0.00,0.00,None,N/A,
67.4111,asiya,PrecisionSelection,Precision Selection,750,691,0.00,0.00,None,N/A,
67.4206,asiya,PrecisionSelection,Precision Selection,750,691,0.00,0.00,None,N/A,
67.4313,asiya,PrecisionSelection,Precision Selection,750,691,0.00,0.00,None,N/A,
67.4410,asiya,PrecisionSelection,Precision Selection,750,691,0.00,0.00,None,N/A,
67.4505,asiya,PrecisionSelection,Precision Selection,750,691,0.00,0.00,None,N/A,
67.4614,asiya,PrecisionSelection,Precision Selection,750,691,0.00,0.00,None,N/A,
67.4709,asiya,PrecisionSelection,Precision Selection,750,691,0.00,0.00,None,N/A,
67.4814,asiya,PrecisionSelection,Precision Selection,750,691,0.00,0.00,None,N/A,
67.4910,asiya,PrecisionSelection,Precision Selection,750,691,0.00,0.00,None,N/A,
67.5014,asiya,PrecisionSelection,Precision Selection,750,691,0.00,0.00,None,N/A,
67.5109,asiya,PrecisionSelection,Precision Selection,750,691,0.00,0.00,None,N/A,
67.5213,asiya,PrecisionSelection,Precision Selection,750,691,0.00,0.00,None,N/A,
67.5309,asiya,PrecisionSelection,Precision Selection,750,691,0.00,0.00,None,N/A,
67.5405,asiya,PrecisionSelection,Precision Selection,750,691,0.00,0.00,None,N/A,
67.5510,asiya,PrecisionSelection,Precision Selection,750,691,0.00,0.00,None,N/A,
67.5610,asiya,PrecisionSelection,Precision Selection,750,691,0.00,0.00,None,N/A,
67.5705,asiya,PrecisionSelection,Precision Selection,750,691,0.00,0.00,None,N/A,
67.5810,asiya,PrecisionSelection,Precision Selection,750,691,0.00,0.00,None,N/A,
67.5909,asiya,PrecisionSelection,Precision Selection,750,691,0.00,0.00,None,N/A,
67.6014,asiya,PrecisionSelection,Precision Selection,750,691,0.00,0.00,None,N/A,
67.6108,asiya,PrecisionSelection,Precision Selection,750,691,0.00,0.00,None,N/A,
67.6214,asiya,PrecisionSelection,Precision Selection,751,692,133.89,12676.74,None,N/A,
67.6312,asiya,PrecisionSelection,Precision Selection,751,692,0.00,-13689.03,None,N/A,
67.6413,asiya,PrecisionSelection,Precision Selection,753,692,196.60,19326.14,None,N/A,
67.6506,asiya,PrecisionSelection,Precision Selection,753,692,0.00,-21155.18,None,N/A,
67.6614,asiya,PrecisionSelection,Precision Selection,755,692,186.54,17398.19,None,N/A,
67.6712,asiya,PrecisionSelection,Precision Selection,756,692,102.04,-8622.14,None,N/A,
67.6811,asiya,PrecisionSelection,Precision Selection,758,692,200.80,9915.33,None,N/A,
67.6908,asiya,PrecisionSelection,Precision Selection,758,692,0.00,-20739.61,None,N/A,
67.7006,asiya,PrecisionSelection,Precision Selection,759,693,144.43,14749.78,None,N/A,
67.7107,asiya,PrecisionSelection,Precision Selection,760,693,98.99,-4497.99,None,N/A,
67.7210,asiya,PrecisionSelection,Precision Selection,760,693,0.00,-9568.66,None,N/A,
67.7310,asiya,PrecisionSelection,Precision Selection,761,694,141.20,14098.43,None,N/A,
67.7410,asiya,PrecisionSelection,Precision Selection,761,694,0.00,-14161.81,None,N/A,
67.7506,asiya,PrecisionSelection,Precision Selection,761,694,0.00,0.00,None,N/A,
67.7610,asiya,PrecisionSelection,Precision Selection,761,694,0.00,0.00,None,N/A,
67.7705,asiya,PrecisionSelection,Precision Selection,761,694,0.00,0.00,None,N/A,
67.7811,asiya,PrecisionSelection,Precision Selection,761,694,0.00,0.00,None,N/A,
67.7908,asiya,PrecisionSelection,Precision Selection,761,694,0.00,0.00,None,N/A,
67.8013,asiya,PrecisionSelection,Precision Selection,761,694,0.00,0.00,None,N/A,
67.8107,asiya,PrecisionSelection,Precision Selection,761,694,0.00,0.00,None,N/A,
67.8211,asiya,PrecisionSelection,Precision Selection,761,694,0.00,0.00,None,N/A,
67.8305,asiya,PrecisionSelection,Precision Selection,761,694,0.00,0.00,None,N/A,
67.8409,asiya,PrecisionSelection,Precision Selection,761,694,0.00,0.00,None,N/A,
67.8514,asiya,PrecisionSelection,Precision Selection,761,694,0.00,0.00,None,N/A,
67.8608,asiya,PrecisionSelection,Precision Selection,761,694,0.00,0.00,None,N/A,
67.8712,asiya,PrecisionSelection,Precision Selection,761,694,0.00,0.00,None,N/A,
67.8808,asiya,PrecisionSelection,Precision Selection,761,694,0.00,0.00,None,N/A,
67.8913,asiya,PrecisionSelection,Precision Selection,761,694,0.00,0.00,None,N/A,
67.9009,asiya,PrecisionSelection,Precision Selection,761,694,0.00,0.00,None,N/A,
67.9113,asiya,PrecisionSelection,Precision Selection,761,694,0.00,0.00,None,N/A,
67.9209,asiya,PrecisionSelection,Precision Selection,761,694,0.00,0.00,None,N/A,
67.9307,asiya,PrecisionSelection,Precision Selection,761,694,0.00,0.00,Left,N/A,
67.9412,asiya,PrecisionSelection,Precision Selection,761,694,0.00,0.00,Left,N/A,
67.9507,asiya,PrecisionSelection,Precision Selection,761,694,0.00,0.00,Left,N/A,
67.9604,asiya,PrecisionSelection,Precision Selection,761,694,0.00,0.00,Left,N/A,
67.9707,asiya,PrecisionSelection,Precision Selection,761,694,0.00,0.00,Left,N/A,
67.9813,asiya,PrecisionSelection,Precision Selection,761,694,0.00,0.00,Left,N/A,
67.9907,asiya,PrecisionSelection,Precision Selection,761,694,0.00,0.00,Left,N/A,
68.0012,asiya,PrecisionSelection,Precision Selection,761,694,0.00,0.00,Left,N/A,
68.0106,asiya,PrecisionSelection,Precision Selection,761,694,0.00,0.00,Left,N/A,
68.0211,asiya,PrecisionSelection,Precision Selection,761,694,0.00,0.00,Left,N/A,
68.0305,asiya,PrecisionSelection,Precision Selection,761,694,0.00,0.00,Left,N/A,
68.0410,asiya,PrecisionSelection,Precision Selection,761,694,0.00,0.00,Left,N/A,
68.0506,asiya,PrecisionSelection,Precision Selection,761,694,0.00,0.00,Left,N/A,
68.0611,asiya,PrecisionSelection,Precision Selection,761,694,0.00,0.00,Left,N/A,
68.0705,asiya,PrecisionSelection,Precision Selection,761,694,0.00,0.00,Left,N/A,
68.0815,asiya,PrecisionSelection,Precision Selection,761,694,0.00,0.00,Left,N/A,
68.0912,asiya,PrecisionSelection,Precision Selection,761,694,0.00,0.00,Left,N/A,
68.1011,asiya,PrecisionSelection,Precision Selection,761,694,0.00,0.00,None,N/A,precision_click
68.1044,asiya,PrecisionSelection,Precision Selection,761,694,0.00,0.00,None,N/A,
68.1109,asiya,PrecisionSelection,Precision Selection,761,694,0.00,0.00,None,N/A,
68.1213,asiya,PrecisionSelection,Precision Selection,761,694,0.00,0.00,None,N/A,
68.1308,asiya,PrecisionSelection,Precision Selection,761,694,0.00,0.00,None,N/A,
68.1412,asiya,PrecisionSelection,Precision Selection,761,694,0.00,0.00,None,N/A,
68.1507,asiya,PrecisionSelection,Precision Selection,761,694,0.00,0.00,None,N/A,
68.1612,asiya,PrecisionSelection,Precision Selection,761,694,0.00,0.00,None,N/A,
68.1706,asiya,PrecisionSelection,Precision Selection,761,694,0.00,0.00,None,N/A,
68.1810,asiya,PrecisionSelection,Precision Selection,761,694,0.00,0.00,None,N/A,
68.1914,asiya,PrecisionSelection,Precision Selection,761,694,0.00,0.00,None,N/A,
68.2010,asiya,PrecisionSelection,Precision Selection,761,694,0.00,0.00,None,N/A,
68.2105,asiya,PrecisionSelection,Precision Selection,761,694,0.00,0.00,None,N/A,
68.2211,asiya,PrecisionSelection,Precision Selection,761,694,0.00,0.00,None,N/A,
68.2307,asiya,PrecisionSelection,Precision Selection,761,694,0.00,0.00,None,N/A,
68.2413,asiya,PrecisionSelection,Precision Selection,761,694,0.00,0.00,None,N/A,
68.2509,asiya,PrecisionSelection,Precision Selection,761,694,0.00,0.00,None,N/A,
68.2605,asiya,PrecisionSelection,Precision Selection,761,694,0.00,0.00,None,N/A,
68.2709,asiya,PrecisionSelection,Precision Selection,761,694,0.00,0.00,None,N/A,
68.2805,asiya,PrecisionSelection,Precision Selection,761,694,0.00,0.00,None,N/A,
68.2911,asiya,PrecisionSelection,Precision Selection,761,694,0.00,0.00,None,N/A,
68.3007,asiya,PrecisionSelection,Precision Selection,761,694,0.00,0.00,None,N/A,
68.3116,asiya,PrecisionSelection,Precision Selection,761,694,0.00,0.00,None,N/A,
68.3212,asiya,PrecisionSelection,Precision Selection,761,694,0.00,0.00,None,N/A,
68.3308,asiya,PrecisionSelection,Precision Selection,761,694,0.00,0.00,None,N/A,
68.3413,asiya,PrecisionSelection,Precision Selection,761,694,0.00,0.00,None,N/A,
68.3507,asiya,PrecisionSelection,Precision Selection,761,694,0.00,0.00,None,N/A,
68.3613,asiya,PrecisionSelection,Precision Selection,761,694,0.00,0.00,None,N/A,
68.3708,asiya,PrecisionSelection,Precision Selection,761,694,0.00,0.00,None,N/A,
68.3813,asiya,PrecisionSelection,Precision Selection,761,694,0.00,0.00,None,N/A,
68.3909,asiya,PrecisionSelection,Precision Selection,761,694,0.00,0.00,None,N/A,
68.4014,asiya,PrecisionSelection,Precision Selection,761,694,0.00,0.00,None,N/A,
68.4110,asiya,PrecisionSelection,Precision Selection,761,694,0.00,0.00,None,N/A,
68.4205,asiya,PrecisionSelection,Precision Selection,761,694,0.00,0.00,None,N/A,
68.4310,asiya,PrecisionSelection,Precision Selection,761,694,0.00,0.00,None,N/A,
68.4414,asiya,PrecisionSelection,Precision Selection,761,694,0.00,0.00,None,N/A,
68.4509,asiya,PrecisionSelection,Precision Selection,761,694,0.00,0.00,None,N/A,
68.4610,asiya,PrecisionSelection,Precision Selection,767,687,911.80,90176.37,None,N/A,
68.4712,asiya,PrecisionSelection,Precision Selection,801,654,4666.94,369869.85,None,N/A,
68.4808,asiya,PrecisionSelection,Precision Selection,818,640,2278.26,-247109.62,None,N/A,
68.4907,asiya,PrecisionSelection,Precision Selection,845,622,3287.48,102242.95,None,N/A,
68.5012,asiya,PrecisionSelection,Precision Selection,859,616,1451.32,-174956.50,None,N/A,
68.5113,asiya,PrecisionSelection,Precision Selection,886,609,2766.25,130407.88,None,N/A,
68.5205,asiya,PrecisionSelection,Precision Selection,903,608,1842.26,-99958.19,None,N/A,
68.5310,asiya,PrecisionSelection,Precision Selection,941,608,3620.13,169371.48,None,N/A,
68.5409,asiya,PrecisionSelection,Precision Selection,959,609,1817.51,-181735.51,None,N/A,
68.5507,asiya,PrecisionSelection,Precision Selection,996,614,3835.50,207305.64,None,N/A,
68.5613,asiya,PrecisionSelection,Precision Selection,1013,617,1620.88,-207942.49,None,N/A,
68.5714,asiya,PrecisionSelection,Precision Selection,1025,620,1224.41,-39246.14,None,N/A,
68.5810,asiya,PrecisionSelection,Precision Selection,1044,625,2053.30,86627.21,None,N/A,
68.5909,asiya,PrecisionSelection,Precision Selection,1048,626,416.24,-165266.19,None,N/A,
68.6010,asiya,PrecisionSelection,Precision Selection,1052,626,396.92,-1917.64,None,N/A,
68.6112,asiya,PrecisionSelection,Precision Selection,1052,626,0.00,-38693.40,None,N/A,
68.6211,asiya,PrecisionSelection,Precision Selection,1053,626,101.61,10325.32,None,N/A,
68.6305,asiya,PrecisionSelection,Precision Selection,1053,626,0.00,-10731.42,None,N/A,
68.6406,asiya,PrecisionSelection,Precision Selection,1053,625,99.84,9968.15,None,N/A,
68.6508,asiya,PrecisionSelection,Precision Selection,1051,624,217.40,11430.01,None,N/A,
68.6610,asiya,PrecisionSelection,Precision Selection,1051,624,0.00,-21318.92,None,N/A,
68.6705,asiya,PrecisionSelection,Precision Selection,1051,624,0.00,0.00,None,N/A,
68.6809,asiya,PrecisionSelection,Precision Selection,1051,624,0.00,0.00,None,N/A,
68.6913,asiya,PrecisionSelection,Precision Selection,1051,624,0.00,0.00,None,N/A,
68.7009,asiya,PrecisionSelection,Precision Selection,1051,624,0.00,0.00,None,N/A,
68.7115,asiya,PrecisionSelection,Precision Selection,1051,624,0.00,0.00,None,N/A,
68.7211,asiya,PrecisionSelection,Precision Selection,1051,624,0.00,0.00,None,N/A,
68.7305,asiya,PrecisionSelection,Precision Selection,1051,624,0.00,0.00,None,N/A,
68.7411,asiya,PrecisionSelection,Precision Selection,1051,624,0.00,0.00,None,N/A,
68.7506,asiya,PrecisionSelection,Precision Selection,1051,624,0.00,0.00,None,N/A,
68.7610,asiya,PrecisionSelection,Precision Selection,1051,624,0.00,0.00,None,N/A,
68.7705,asiya,PrecisionSelection,Precision Selection,1051,624,0.00,0.00,None,N/A,
68.7810,asiya,PrecisionSelection,Precision Selection,1051,624,0.00,0.00,None,N/A,
68.7906,asiya,PrecisionSelection,Precision Selection,1051,624,0.00,0.00,None,N/A,
68.8012,asiya,PrecisionSelection,Precision Selection,1051,624,0.00,0.00,None,N/A,
68.8105,asiya,PrecisionSelection,Precision Selection,1059,624,862.45,92977.24,None,N/A,
68.8212,asiya,PrecisionSelection,Precision Selection,1125,625,6149.35,492533.71,None,N/A,
68.8310,asiya,PrecisionSelection,Precision Selection,1156,626,3160.54,-304558.98,None,N/A,
68.8409,asiya,PrecisionSelection,Precision Selection,1184,626,2833.72,-33076.14,None,N/A,
68.8506,asiya,PrecisionSelection,Precision Selection,1192,626,824.11,-207016.90,None,N/A,
68.8613,asiya,PrecisionSelection,Precision Selection,1202,626,940.36,10932.14,None,N/A,
68.8708,asiya,PrecisionSelection,Precision Selection,1206,626,417.49,-54573.61,None,N/A,
68.8808,asiya,PrecisionSelection,Precision Selection,1213,626,705.91,29085.33,None,N/A,
68.8908,asiya,PrecisionSelection,Precision Selection,1217,626,397.50,-30648.09,None,N/A,
68.9007,asiya,PrecisionSelection,Precision Selection,1222,626,506.46,11037.01,None,N/A,
68.9114,asiya,PrecisionSelection,Precision Selection,1225,626,280.30,-21130.95,None,N/A,
68.9214,asiya,PrecisionSelection,Precision Selection,1227,627,223.36,-5687.88,None,N/A,
68.9309,asiya,PrecisionSelection,Precision Selection,1230,627,314.85,9601.99,None,N/A,
68.9410,asiya,PrecisionSelection,Precision Selection,1231,628,140.25,-17315.32,None,N/A,
68.9508,asiya,PrecisionSelection,Precision Selection,1233,628,204.40,6555.11,None,N/A,
68.9613,asiya,PrecisionSelection,Precision Selection,1234,629,134.48,-6648.28,None,N/A,
68.9712,asiya,PrecisionSelection,Precision Selection,1236,630,227.28,9432.28,None,N/A,
68.9806,asiya,PrecisionSelection,Precision Selection,1237,630,106.11,-12857.41,None,N/A,
68.9905,asiya,PrecisionSelection,Precision Selection,1239,631,226.55,12202.95,None,N/A,
69.0010,asiya,PrecisionSelection,Precision Selection,1240,632,133.94,-8771.08,None,N/A,
69.0113,asiya,PrecisionSelection,Precision Selection,1241,632,97.24,-3568.87,None,N/A,
69.0214,asiya,PrecisionSelection,Precision Selection,1242,633,140.44,4289.53,None,N/A,
69.0308,asiya,PrecisionSelection,Precision Selection,1242,633,0.00,-14855.51,None,N/A,
69.0408,asiya,PrecisionSelection,Precision Selection,1243,634,141.87,14232.28,None,N/A,
69.0506,asiya,PrecisionSelection,Precision Selection,1243,635,101.90,-4072.78,None,N/A,
69.0613,asiya,PrecisionSelection,Precision Selection,1242,637,208.21,9898.96,None,N/A,
69.0714,asiya,PrecisionSelection,Precision Selection,1241,638,141.02,-6700.34,None,N/A,
69.0814,asiya,PrecisionSelection,Precision Selection,1239,641,360.21,21898.53,None,N/A,
69.0909,asiya,PrecisionSelection,Precision Selection,1237,643,297.91,-6562.27,None,N/A,
69.1005,asiya,PrecisionSelection,Precision Selection,1233,646,522.00,23395.86,None,N/A,
69.1112,asiya,PrecisionSelection,Precision Selection,1232,648,207.51,-29185.39,None,N/A,
69.1209,asiya,PrecisionSelection,Precision Selection,1228,650,459.98,25967.79,None,N/A,
69.1311,asiya,PrecisionSelection,Precision Selection,1226,651,220.55,-23615.60,None,N/A,
69.1409,asiya,PrecisionSelection,Precision Selection,1225,652,144.22,-7783.70,None,N/A,
69.1507,asiya,PrecisionSelection,Precision Selection,1222,654,367.78,22804.06,None,N/A,
69.1605,asiya,PrecisionSelection,Precision Selection,1221,654,101.67,-27055.12,None,N/A,
69.1711,asiya,PrecisionSelection,Precision Selection,1220,655,133.46,2999.93,None,N/A,
69.1812,asiya,PrecisionSelection,Precision Selection,1219,655,99.11,-3404.05,None,N/A,
69.1912,asiya,PrecisionSelection,Precision Selection,1218,656,142.36,4353.76,None,N/A,
69.2009,asiya,PrecisionSelection,Precision Selection,1218,656,0.00,-14614.23,None,N/A,
69.2113,asiya,PrecisionSelection,Precision Selection,1217,656,96.56,9324.38,None,N/A,
69.2212,asiya,PrecisionSelection,Precision Selection,1217,656,0.00,-9730.06,None,N/A,
69.2307,asiya,PrecisionSelection,Precision Selection,1217,656,0.00,0.00,None,N/A,
69.2412,asiya,PrecisionSelection,Precision Selection,1217,656,0.00,0.00,None,N/A,
69.2507,asiya,PrecisionSelection,Precision Selection,1217,656,0.00,0.00,None,N/A,
69.2612,asiya,PrecisionSelection,Precision Selection,1217,656,0.00,0.00,None,N/A,
69.2712,asiya,PrecisionSelection,Precision Selection,1217,656,0.00,0.00,None,N/A,
69.2805,asiya,PrecisionSelection,Precision Selection,1216,655,152.54,16453.97,None,N/A,
69.2910,asiya,PrecisionSelection,Precision Selection,1216,655,0.00,-14463.94,None,N/A,
69.3005,asiya,PrecisionSelection,Precision Selection,1216,655,0.00,0.00,None,N/A,
69.3110,asiya,PrecisionSelection,Precision Selection,1216,655,0.00,0.00,None,N/A,
69.3205,asiya,PrecisionSelection,Precision Selection,1216,655,0.00,0.00,None,N/A,
69.3310,asiya,PrecisionSelection,Precision Selection,1216,655,0.00,0.00,None,N/A,
69.3412,asiya,PrecisionSelection,Precision Selection,1216,655,0.00,0.00,None,N/A,
69.3513,asiya,PrecisionSelection,Precision Selection,1216,655,0.00,0.00,None,N/A,
69.3613,asiya,PrecisionSelection,Precision Selection,1216,655,0.00,0.00,None,N/A,
69.3709,asiya,PrecisionSelection,Precision Selection,1216,655,0.00,0.00,None,N/A,
69.3814,asiya,PrecisionSelection,Precision Selection,1216,655,0.00,0.00,None,N/A,
69.3911,asiya,PrecisionSelection,Precision Selection,1216,655,0.00,0.00,None,N/A,
69.4005,asiya,PrecisionSelection,Precision Selection,1216,655,0.00,0.00,None,N/A,
69.4112,asiya,PrecisionSelection,Precision Selection,1216,655,0.00,0.00,None,N/A,
69.4207,asiya,PrecisionSelection,Precision Selection,1216,655,0.00,0.00,None,N/A,
69.4312,asiya,PrecisionSelection,Precision Selection,1216,655,0.00,0.00,None,N/A,
69.4407,asiya,PrecisionSelection,Precision Selection,1216,655,0.00,0.00,None,N/A,
69.4512,asiya,PrecisionSelection,Precision Selection,1216,655,0.00,0.00,None,N/A,
69.4606,asiya,PrecisionSelection,Precision Selection,1216,655,0.00,0.00,None,N/A,
69.4710,asiya,PrecisionSelection,Precision Selection,1216,655,0.00,0.00,None,N/A,
69.4804,asiya,PrecisionSelection,Precision Selection,1216,655,0.00,0.00,None,N/A,
69.4908,asiya,PrecisionSelection,Precision Selection,1216,655,0.00,0.00,None,N/A,
69.5013,asiya,PrecisionSelection,Precision Selection,1216,655,0.00,0.00,None,N/A,
69.5107,asiya,PrecisionSelection,Precision Selection,1216,655,0.00,0.00,None,N/A,
69.5211,asiya,PrecisionSelection,Precision Selection,1219,654,304.15,29252.81,None,N/A,
69.5309,asiya,PrecisionSelection,Precision Selection,1221,654,203.18,-10257.11,None,N/A,
69.5406,asiya,PrecisionSelection,Precision Selection,1223,653,231.75,2960.91,None,N/A,
69.5506,asiya,PrecisionSelection,Precision Selection,1224,653,100.29,-13184.25,None,N/A,
69.5606,asiya,PrecisionSelection,Precision Selection,1226,653,198.54,9753.67,None,N/A,
69.5712,asiya,PrecisionSelection,Precision Selection,1226,652,95.06,-9837.02,None,N/A,
69.5804,asiya,PrecisionSelection,Precision Selection,1227,652,107.57,1346.23,None,N/A,
69.5906,asiya,PrecisionSelection,Precision Selection,1227,652,0.00,-10648.23,None,N/A,
69.6012,asiya,PrecisionSelection,Precision Selection,1227,652,0.00,0.00,None,N/A,
69.6114,asiya,PrecisionSelection,Precision Selection,1227,651,98.10,9623.34,None,N/A,
69.6212,asiya,PrecisionSelection,Precision Selection,1227,651,0.00,-9980.24,None,N/A,
69.6307,asiya,PrecisionSelection,Precision Selection,1227,651,0.00,0.00,None,N/A,
69.6412,asiya,PrecisionSelection,Precision Selection,1227,651,0.00,0.00,None,N/A,
69.6508,asiya,PrecisionSelection,Precision Selection,1227,651,0.00,0.00,None,N/A,
69.6614,asiya,PrecisionSelection,Precision Selection,1227,651,0.00,0.00,None,N/A,
69.6712,asiya,PrecisionSelection,Precision Selection,1227,651,0.00,0.00,None,N/A,
69.6809,asiya,PrecisionSelection,Precision Selection,1227,651,0.00,0.00,None,N/A,
69.6914,asiya,PrecisionSelection,Precision Selection,1227,651,0.00,0.00,None,N/A,
69.7010,asiya,PrecisionSelection,Precision Selection,1227,651,0.00,0.00,None,N/A,
69.7115,asiya,PrecisionSelection,Precision Selection,1227,651,0.00,0.00,None,N/A,
69.7210,asiya,PrecisionSelection,Precision Selection,1227,651,0.00,0.00,None,N/A,
69.7314,asiya,PrecisionSelection,Precision Selection,1227,651,0.00,0.00,None,N/A,
69.7410,asiya,PrecisionSelection,Precision Selection,1227,651,0.00,0.00,None,N/A,
69.7515,asiya,PrecisionSelection,Precision Selection,1227,651,0.00,0.00,None,N/A,
69.7610,asiya,PrecisionSelection,Precision Selection,1227,651,0.00,0.00,None,N/A,
69.7714,asiya,PrecisionSelection,Precision Selection,1227,651,0.00,0.00,None,N/A,
69.7808,asiya,PrecisionSelection,Precision Selection,1227,651,0.00,0.00,None,N/A,
69.7914,asiya,PrecisionSelection,Precision Selection,1227,651,0.00,0.00,None,N/A,
69.8008,asiya,PrecisionSelection,Precision Selection,1227,651,0.00,0.00,None,N/A,
69.8112,asiya,PrecisionSelection,Precision Selection,1227,651,0.00,0.00,None,N/A,
69.8209,asiya,PrecisionSelection,Precision Selection,1227,651,0.00,0.00,Left,N/A,
69.8306,asiya,PrecisionSelection,Precision Selection,1227,651,0.00,0.00,Left,N/A,
69.8411,asiya,PrecisionSelection,Precision Selection,1227,651,0.00,0.00,Left,N/A,
69.8506,asiya,PrecisionSelection,Precision Selection,1227,651,0.00,0.00,Left,N/A,
69.8613,asiya,PrecisionSelection,Precision Selection,1227,651,0.00,0.00,Left,N/A,
69.8709,asiya,PrecisionSelection,Precision Selection,1227,651,0.00,0.00,Left,N/A,
69.8814,asiya,PrecisionSelection,Precision Selection,1227,651,0.00,0.00,Left,N/A,
69.8911,asiya,PrecisionSelection,Precision Selection,1227,651,0.00,0.00,Left,N/A,
69.9006,asiya,PrecisionSelection,Precision Selection,1227,651,0.00,0.00,Left,N/A,
69.9111,asiya,PrecisionSelection,Precision Selection,1227,651,0.00,0.00,Left,N/A,
69.9207,asiya,PrecisionSelection,Precision Selection,1227,651,0.00,0.00,Left,N/A,
69.9313,asiya,PrecisionSelection,Precision Selection,1227,651,0.00,0.00,Left,N/A,
69.9409,asiya,PrecisionSelection,Precision Selection,1227,651,0.00,0.00,Left,N/A,
69.9514,asiya,PrecisionSelection,Precision Selection,1227,651,0.00,0.00,Left,N/A,
69.9615,asiya,PrecisionSelection,Precision Selection,1227,651,0.00,0.00,Left,N/A,
69.9711,asiya,PrecisionSelection,Precision Selection,1227,651,0.00,0.00,Left,N/A,
69.9806,asiya,PrecisionSelection,Precision Selection,1227,651,0.00,0.00,Left,N/A,
69.9907,asiya,PrecisionSelection,Precision Selection,1227,651,0.00,0.00,Left,N/A,
69.9946,asiya,PrecisionSelection,Precision Selection,1227,651,0.00,0.00,None,N/A,precision_click
70.0007,asiya,PrecisionSelection,Precision Selection,1227,651,0.00,0.00,None,N/A,
70.0113,asiya,PrecisionSelection,Precision Selection,1227,651,0.00,0.00,None,N/A,
70.0207,asiya,PrecisionSelection,Precision Selection,1227,651,0.00,0.00,None,N/A,
70.0312,asiya,PrecisionSelection,Precision Selection,1227,651,0.00,0.00,None,N/A,
70.0408,asiya,PrecisionSelection,Precision Selection,1227,651,0.00,0.00,None,N/A,
70.0513,asiya,PrecisionSelection,Precision Selection,1227,651,0.00,0.00,None,N/A,
70.0608,asiya,PrecisionSelection,Precision Selection,1227,651,0.00,0.00,None,N/A,
70.0713,asiya,PrecisionSelection,Precision Selection,1227,651,0.00,0.00,None,N/A,
70.0807,asiya,PrecisionSelection,Precision Selection,1227,651,0.00,0.00,None,N/A,
70.0913,asiya,PrecisionSelection,Precision Selection,1227,651,0.00,0.00,None,N/A,
70.1008,asiya,PrecisionSelection,Precision Selection,1227,651,0.00,0.00,None,N/A,
70.1113,asiya,PrecisionSelection,Precision Selection,1227,651,0.00,0.00,None,N/A,
70.1207,asiya,PrecisionSelection,Precision Selection,1227,651,0.00,0.00,None,N/A,
70.1312,asiya,PrecisionSelection,Precision Selection,1227,651,0.00,0.00,None,N/A,
70.1407,asiya,PrecisionSelection,Precision Selection,1227,651,0.00,0.00,None,N/A,
70.1513,asiya,PrecisionSelection,Precision Selection,1227,651,0.00,0.00,None,N/A,
70.1607,asiya,PrecisionSelection,Precision Selection,1227,651,0.00,0.00,None,N/A,
70.1711,asiya,PrecisionSelection,Precision Selection,1227,651,0.00,0.00,None,N/A,
70.1806,asiya,PrecisionSelection,Precision Selection,1227,651,0.00,0.00,None,N/A,
70.1915,asiya,PrecisionSelection,Precision Selection,1227,651,0.00,0.00,None,N/A,
70.2011,asiya,PrecisionSelection,Precision Selection,1227,651,0.00,0.00,None,N/A,
70.2109,asiya,PrecisionSelection,Precision Selection,1227,651,0.00,0.00,None,N/A,
70.2220,asiya,PrecisionSelection,Precision Selection,1227,651,0.00,0.00,None,N/A,
70.2306,asiya,PrecisionSelection,Precision Selection,1227,651,0.00,0.00,None,N/A,
70.2411,asiya,PrecisionSelection,Precision Selection,1227,651,0.00,0.00,None,N/A,
70.2506,asiya,PrecisionSelection,Precision Selection,1227,651,0.00,0.00,None,N/A,
70.2611,asiya,PrecisionSelection,Precision Selection,1227,651,0.00,0.00,None,N/A,
70.2706,asiya,PrecisionSelection,Precision Selection,1227,651,0.00,0.00,None,N/A,
70.2811,asiya,PrecisionSelection,Precision Selection,1227,651,0.00,0.00,None,N/A,
70.2907,asiya,PrecisionSelection,Precision Selection,1227,651,0.00,0.00,None,N/A,
70.3014,asiya,PrecisionSelection,Precision Selection,1227,651,0.00,0.00,None,N/A,
70.3112,asiya,PrecisionSelection,Precision Selection,1227,651,0.00,0.00,None,N/A,
70.3207,asiya,PrecisionSelection,Precision Selection,1227,651,0.00,0.00,None,N/A,
70.3313,asiya,PrecisionSelection,Precision Selection,1227,651,0.00,0.00,None,N/A,
70.3408,asiya,PrecisionSelection,Precision Selection,1227,651,0.00,0.00,None,N/A,
70.3512,asiya,PrecisionSelection,Precision Selection,1227,651,0.00,0.00,None,N/A,
70.3607,asiya,PrecisionSelection,Precision Selection,1227,651,0.00,0.00,None,N/A,
70.3704,asiya,PrecisionSelection,Precision Selection,1220,641,1258.59,129769.43,None,N/A,
70.3808,asiya,PrecisionSelection,Precision Selection,1201,613,3251.68,191528.81,None,N/A,
70.3904,asiya,PrecisionSelection,Precision Selection,1157,525,10298.86,737677.35,None,N/A,
70.4009,asiya,PrecisionSelection,Precision Selection,1148,501,2444.04,-748965.49,None,N/A,
70.4110,asiya,PrecisionSelection,Precision Selection,1135,460,4248.90,178292.22,None,N/A,
70.4210,asiya,PrecisionSelection,Precision Selection,1130,442,1861.01,-237875.40,None,N/A,
70.4310,asiya,PrecisionSelection,Precision Selection,1127,429,1341.01,-52266.99,None,N/A,
70.4407,asiya,PrecisionSelection,Precision Selection,1125,418,1145.62,-20020.90,None,N/A,
70.4505,asiya,PrecisionSelection,Precision Selection,1125,417,102.42,-106844.75,None,N/A,
70.4613,asiya,PrecisionSelection,Precision Selection,1125,416,92.77,-895.08,None,N/A,
70.4711,asiya,PrecisionSelection,Precision Selection,1125,416,0.00,-9401.13,None,N/A,
70.4809,asiya,PrecisionSelection,Precision Selection,1126,416,102.34,10472.46,None,N/A,
70.4907,asiya,PrecisionSelection,Precision Selection,1126,417,102.02,-32.50,None,N/A,
70.5013,asiya,PrecisionSelection,Precision Selection,1126,417,0.00,-9617.19,None,N/A,
70.5112,asiya,PrecisionSelection,Precision Selection,1126,418,101.36,10272.99,None,N/A,
70.5212,asiya,PrecisionSelection,Precision Selection,1125,419,140.86,3935.25,None,N/A,
70.5308,asiya,PrecisionSelection,Precision Selection,1125,419,0.00,-14745.96,None,N/A,
70.5413,asiya,PrecisionSelection,Precision Selection,1125,419,0.00,0.00,None,N/A,
70.5508,asiya,PrecisionSelection,Precision Selection,1125,419,0.00,0.00,None,N/A,
70.5613,asiya,PrecisionSelection,Precision Selection,1125,419,0.00,0.00,None,N/A,
70.5708,asiya,PrecisionSelection,Precision Selection,1125,419,0.00,0.00,None,N/A,
70.5812,asiya,PrecisionSelection,Precision Selection,1125,419,0.00,0.00,None,N/A,
70.5908,asiya,PrecisionSelection,Precision Selection,1125,419,0.00,0.00,None,N/A,
70.6013,asiya,PrecisionSelection,Precision Selection,1125,419,0.00,0.00,None,N/A,
70.6107,asiya,PrecisionSelection,Precision Selection,1125,419,0.00,0.00,None,N/A,
70.6211,asiya,PrecisionSelection,Precision Selection,1125,419,0.00,0.00,None,N/A,
70.6306,asiya,PrecisionSelection,Precision Selection,1125,419,0.00,0.00,None,N/A,
70.6411,asiya,PrecisionSelection,Precision Selection,1125,419,0.00,0.00,None,N/A,
70.6507,asiya,PrecisionSelection,Precision Selection,1125,419,0.00,0.00,None,N/A,
70.6611,asiya,PrecisionSelection,Precision Selection,1125,419,0.00,0.00,None,N/A,
70.6705,asiya,PrecisionSelection,Precision Selection,1125,419,0.00,0.00,None,N/A,
70.6810,asiya,PrecisionSelection,Precision Selection,1125,419,0.00,0.00,None,N/A,
70.6909,asiya,PrecisionSelection,Precision Selection,1129,417,454.04,46098.03,None,N/A,
70.7006,asiya,PrecisionSelection,Precision Selection,1138,411,1113.22,67841.15,None,N/A,
70.7113,asiya,PrecisionSelection,Precision Selection,1142,407,525.98,-54602.58,None,N/A,
70.7209,asiya,PrecisionSelection,Precision Selection,1150,400,1106.57,60438.14,None,N/A,
70.7308,asiya,PrecisionSelection,Precision Selection,1154,397,506.71,-60791.29,None,N/A,
70.7404,asiya,PrecisionSelection,Precision Selection,1159,390,896.75,40660.35,None,N/A,
70.7514,asiya,PrecisionSelection,Precision Selection,1162,387,383.99,-46408.64,None,N/A,
70.7609,asiya,PrecisionSelection,Precision Selection,1166,380,853.65,49728.20,None,N/A,
70.7710,asiya,PrecisionSelection,Precision Selection,1168,375,534.06,-31694.31,None,N/A,
70.7809,asiya,PrecisionSelection,Precision Selection,1170,370,542.49,848.94,None,N/A,
70.7906,asiya,PrecisionSelection,Precision Selection,1173,361,976.58,44685.38,None,N/A,
70.8008,asiya,PrecisionSelection,Precision Selection,1174,357,406.49,-56203.85,None,N/A,
70.8109,asiya,PrecisionSelection,Precision Selection,1176,351,621.68,21152.79,None,N/A,
70.8213,asiya,PrecisionSelection,Precision Selection,1177,349,215.07,-39108.66,None,N/A,
70.8314,asiya,PrecisionSelection,Precision Selection,1178,346,313.58,9768.76,None,N/A,
70.8406,asiya,PrecisionSelection,Precision Selection,1178,345,108.83,-22282.82,None,N/A,
70.8514,asiya,PrecisionSelection,Precision Selection,1179,343,206.69,9045.25,None,N/A,
70.8613,asiya,PrecisionSelection,Precision Selection,1179,342,101.54,-10676.43,None,N/A,
70.8708,asiya,PrecisionSelection,Precision Selection,1180,341,148.45,4924.76,None,N/A,
70.8806,asiya,PrecisionSelection,Precision Selection,1180,341,0.00,-15172.09,None,N/A,
70.8914,asiya,PrecisionSelection,Precision Selection,1180,341,0.00,0.00,None,N/A,
70.9009,asiya,PrecisionSelection,Precision Selection,1180,341,0.00,0.00,None,N/A,
70.9110,asiya,PrecisionSelection,Precision Selection,1180,341,0.00,0.00,None,N/A,
70.9210,asiya,PrecisionSelection,Precision Selection,1179,343,224.50,22538.78,None,N/A,
70.9308,asiya,PrecisionSelection,Precision Selection,1178,345,227.15,269.54,None,N/A,
70.9405,asiya,PrecisionSelection,Precision Selection,1177,348,327.40,10379.05,None,N/A,
70.9514,asiya,PrecisionSelection,Precision Selection,1176,350,205.08,-11218.50,None,N/A,
70.9609,asiya,PrecisionSelection,Precision Selection,1175,352,234.45,3079.96,None,N/A,
70.9712,asiya,PrecisionSelection,Precision Selection,1174,353,138.43,-9398.87,None,N/A,
70.9808,asiya,PrecisionSelection,Precision Selection,1173,355,231.91,9694.09,None,N/A,
70.9906,asiya,PrecisionSelection,Precision Selection,1172,355,101.68,-13241.26,None,N/A,
71.0012,asiya,PrecisionSelection,Precision Selection,1171,356,133.39,2991.17,None,N/A,
71.0111,asiya,PrecisionSelection,Precision Selection,1170,357,143.40,1014.92,None,N/A,
71.0205,asiya,PrecisionSelection,Precision Selection,1170,357,0.00,-15285.87,None,N/A,
71.0307,asiya,PrecisionSelection,Precision Selection,1170,357,0.00,0.00,None,N/A,
71.0406,asiya,PrecisionSelection,Precision Selection,1169,357,100.41,10082.06,None,N/A,
71.0513,asiya,PrecisionSelection,Precision Selection,1169,357,0.00,-9413.44,None,N/A,
71.0612,asiya,PrecisionSelection,Precision Selection,1168,357,101.26,10254.15,None,N/A,
71.0708,asiya,PrecisionSelection,Precision Selection,1168,356,103.53,234.98,None,N/A,
71.0806,asiya,PrecisionSelection,Precision Selection,1168,356,0.00,-10582.34,None,N/A,
71.0913,asiya,PrecisionSelection,Precision Selection,1168,355,93.18,8682.48,None,N/A,
71.1013,asiya,PrecisionSelection,Precision Selection,1168,355,0.00,-9338.92,None,N/A,
71.1108,asiya,PrecisionSelection,Precision Selection,1169,354,148.83,15662.01,None,N/A,
71.1210,asiya,PrecisionSelection,Precision Selection,1169,353,98.17,-4973.21,None,N/A,
71.1306,asiya,PrecisionSelection,Precision Selection,1169,353,0.00,-10196.75,None,N/A,
71.1414,asiya,PrecisionSelection,Precision Selection,1170,352,131.61,12247.85,None,N/A,
71.1515,asiya,PrecisionSelection,Precision Selection,1170,351,99.28,-3209.96,None,N/A,
71.1612,asiya,PrecisionSelection,Precision Selection,1171,350,145.66,4777.69,None,N/A,
71.1713,asiya,PrecisionSelection,Precision Selection,1171,350,0.00,-14434.05,None,N/A,
71.1807,asiya,PrecisionSelection,Precision Selection,1173,349,236.41,24994.05,None,N/A,
71.1907,asiya,PrecisionSelection,Precision Selection,1173,349,0.00,-23622.73,None,N/A,
71.2014,asiya,PrecisionSelection,Precision Selection,1174,348,133.01,12509.59,None,N/A,
71.2106,asiya,PrecisionSelection,Precision Selection,1174,348,0.00,-14336.53,None,N/A,
71.2207,asiya,PrecisionSelection,Precision Selection,1175,347,140.05,13869.03,None,N/A,
71.2306,asiya,PrecisionSelection,Precision Selection,1175,347,0.00,-14237.10,None,N/A,
71.2412,asiya,PrecisionSelection,Precision Selection,1176,347,94.43,8916.65,None,N/A,
71.2512,asiya,PrecisionSelection,Precision Selection,1176,347,0.00,-9438.99,None,N/A,
71.2616,asiya,PrecisionSelection,Precision Selection,1176,347,0.00,0.00,None,N/A,
71.2713,asiya,PrecisionSelection,Precision Selection,1176,347,0.00,0.00,None,N/A,
71.2808,asiya,PrecisionSelection,Precision Selection,1176,347,0.00,0.00,None,N/A,
71.2912,asiya,PrecisionSelection,Precision Selection,1176,347,0.00,0.00,None,N/A,
71.3008,asiya,PrecisionSelection,Precision Selection,1176,347,0.00,0.00,None,N/A,
71.3111,asiya,PrecisionSelection,Precision Selection,1176,347,0.00,0.00,None,N/A,
71.3208,asiya,PrecisionSelection,Precision Selection,1176,347,0.00,0.00,None,N/A,
71.3313,asiya,PrecisionSelection,Precision Selection,1176,347,0.00,0.00,None,N/A,
71.3413,asiya,PrecisionSelection,Precision Selection,1176,347,0.00,0.00,None,N/A,
71.3514,asiya,PrecisionSelection,Precision Selection,1176,347,0.00,0.00,None,N/A,
71.3611,asiya,PrecisionSelection,Precision Selection,1176,347,0.00,0.00,None,N/A,
71.3706,asiya,PrecisionSelection,Precision Selection,1176,347,0.00,0.00,None,N/A,
71.3811,asiya,PrecisionSelection,Precision Selection,1176,347,0.00,0.00,None,N/A,
71.3907,asiya,PrecisionSelection,Precision Selection,1176,347,0.00,0.00,None,N/A,
71.4011,asiya,PrecisionSelection,Precision Selection,1176,347,0.00,0.00,None,N/A,
71.4110,asiya,PrecisionSelection,Precision Selection,1176,347,0.00,0.00,None,N/A,
71.4206,asiya,PrecisionSelection,Precision Selection,1176,347,0.00,0.00,None,N/A,
71.4311,asiya,PrecisionSelection,Precision Selection,1176,347,0.00,0.00,None,N/A,
71.4407,asiya,PrecisionSelection,Precision Selection,1176,347,0.00,0.00,None,N/A,
71.4512,asiya,PrecisionSelection,Precision Selection,1176,347,0.00,0.00,None,N/A,
71.4607,asiya,PrecisionSelection,Precision Selection,1176,347,0.00,0.00,None,N/A,
71.4711,asiya,PrecisionSelection,Precision Selection,1176,347,0.00,0.00,None,N/A,
71.4807,asiya,PrecisionSelection,Precision Selection,1176,347,0.00,0.00,None,N/A,
71.4914,asiya,PrecisionSelection,Precision Selection,1176,347,0.00,0.00,Left,N/A,
71.5009,asiya,PrecisionSelection,Precision Selection,1176,347,0.00,0.00,Left,N/A,
71.5113,asiya,PrecisionSelection,Precision Selection,1176,347,0.00,0.00,Left,N/A,
71.5207,asiya,PrecisionSelection,Precision Selection,1176,347,0.00,0.00,Left,N/A,
71.5312,asiya,PrecisionSelection,Precision Selection,1176,347,0.00,0.00,Left,N/A,
71.5408,asiya,PrecisionSelection,Precision Selection,1176,347,0.00,0.00,Left,N/A,
71.5513,asiya,PrecisionSelection,Precision Selection,1176,347,0.00,0.00,Left,N/A,
71.5607,asiya,PrecisionSelection,Precision Selection,1176,347,0.00,0.00,Left,N/A,
71.5711,asiya,PrecisionSelection,Precision Selection,1176,347,0.00,0.00,Left,N/A,
71.5806,asiya,PrecisionSelection,Precision Selection,1176,347,0.00,0.00,Left,N/A,
71.5914,asiya,PrecisionSelection,Precision Selection,1176,347,0.00,0.00,Left,N/A,
71.6011,asiya,PrecisionSelection,Precision Selection,1176,347,0.00,0.00,Left,N/A,
71.6106,asiya,PrecisionSelection,Precision Selection,1176,347,0.00,0.00,Left,N/A,
71.6210,asiya,PrecisionSelection,Precision Selection,1176,347,0.00,0.00,Left,N/A,
71.6305,asiya,PrecisionSelection,Precision Selection,1176,347,0.00,0.00,Left,N/A,
71.6411,asiya,PrecisionSelection,Precision Selection,1176,347,0.00,0.00,Left,N/A,
71.6507,asiya,PrecisionSelection,Precision Selection,1176,347,0.00,0.00,Left,N/A,
71.6612,asiya,PrecisionSelection,Precision Selection,1176,347,0.00,0.00,Left,N/A,
71.6688,asiya,PrecisionSelection,Precision Selection,1176,347,0.00,0.00,None,N/A,precision_click
71.6708,asiya,PrecisionSelection,Precision Selection,1176,347,0.00,0.00,None,N/A,
71.6811,asiya,PrecisionSelection,Precision Selection,1176,347,0.00,0.00,None,N/A,
71.6911,asiya,PrecisionSelection,Precision Selection,1176,347,0.00,0.00,None,N/A,
71.7006,asiya,PrecisionSelection,Precision Selection,1176,347,0.00,0.00,None,N/A,
71.7111,asiya,PrecisionSelection,Precision Selection,1176,347,0.00,0.00,None,N/A,
71.7206,asiya,PrecisionSelection,Precision Selection,1176,347,0.00,0.00,None,N/A,
71.7311,asiya,PrecisionSelection,Precision Selection,1176,347,0.00,0.00,None,N/A,
71.7406,asiya,PrecisionSelection,Precision Selection,1176,347,0.00,0.00,None,N/A,
71.7511,asiya,PrecisionSelection,Precision Selection,1176,347,0.00,0.00,None,N/A,
71.7607,asiya,PrecisionSelection,Precision Selection,1176,347,0.00,0.00,None,N/A,
71.7712,asiya,PrecisionSelection,Precision Selection,1176,347,0.00,0.00,None,N/A,
71.7807,asiya,PrecisionSelection,Precision Selection,1176,347,0.00,0.00,None,N/A,
71.7912,asiya,PrecisionSelection,Precision Selection,1176,347,0.00,0.00,None,N/A,
71.8007,asiya,PrecisionSelection,Precision Selection,1176,347,0.00,0.00,None,N/A,
71.8112,asiya,PrecisionSelection,Precision Selection,1176,347,0.00,0.00,None,N/A,
71.8209,asiya,PrecisionSelection,Precision Selection,1176,347,0.00,0.00,None,N/A,
71.8313,asiya,PrecisionSelection,Precision Selection,1176,347,0.00,0.00,None,N/A,
71.8410,asiya,PrecisionSelection,Precision Selection,1176,347,0.00,0.00,None,N/A,
71.8514,asiya,PrecisionSelection,Precision Selection,1176,347,0.00,0.00,None,N/A,
71.8609,asiya,PrecisionSelection,Precision Selection,1176,347,0.00,0.00,None,N/A,
71.8713,asiya,PrecisionSelection,Precision Selection,1176,347,0.00,0.00,None,N/A,
71.8808,asiya,PrecisionSelection,Precision Selection,1176,347,0.00,0.00,None,N/A,
71.8912,asiya,PrecisionSelection,Precision Selection,1176,347,0.00,0.00,None,N/A,
71.9007,asiya,PrecisionSelection,Precision Selection,1176,347,0.00,0.00,None,N/A,
71.9115,asiya,PrecisionSelection,Precision Selection,1176,347,0.00,0.00,None,N/A,
71.9212,asiya,PrecisionSelection,Precision Selection,1176,347,0.00,0.00,None,N/A,
71.9308,asiya,PrecisionSelection,Precision Selection,1176,347,0.00,0.00,None,N/A,
71.9414,asiya,PrecisionSelection,Precision Selection,1176,347,0.00,0.00,None,N/A,
71.9509,asiya,PrecisionSelection,Precision Selection,1176,347,0.00,0.00,None,N/A,
71.9614,asiya,PrecisionSelection,Precision Selection,1176,347,0.00,0.00,None,N/A,
71.9708,asiya,PrecisionSelection,Precision Selection,1176,347,0.00,0.00,None,N/A,
71.9813,asiya,PrecisionSelection,Precision Selection,1176,347,0.00,0.00,None,N/A,
71.9908,asiya,PrecisionSelection,Precision Selection,1176,347,0.00,0.00,None,N/A,
72.0013,asiya,PrecisionSelection,Precision Selection,1176,347,0.00,0.00,None,N/A,
72.0105,asiya,PrecisionSelection,Precision Selection,1161,357,1965.07,214197.27,None,N/A,
72.0213,asiya,PrecisionSelection,Precision Selection,1117,394,5328.89,311805.40,None,N/A,
72.0305,asiya,PrecisionSelection,Precision Selection,1047,461,10445.27,551534.14,None,N/A,
72.0405,asiya,PrecisionSelection,Precision Selection,1023,487,3531.46,-690032.18,None,N/A,
72.0513,asiya,PrecisionSelection,Precision Selection,976,549,7248.84,346354.32,None,N/A,
72.0611,asiya,PrecisionSelection,Precision Selection,956,579,3689.11,-364222.98,None,N/A,
72.0712,asiya,PrecisionSelection,Precision Selection,940,607,3176.96,-50453.86,None,N/A,
72.0807,asiya,PrecisionSelection,Precision Selection,915,650,5235.70,216709.23,None,N/A,
72.0907,asiya,PrecisionSelection,Precision Selection,904,667,2032.41,-321525.81,None,N/A,
72.1006,asiya,PrecisionSelection,Precision Selection,891,690,2667.35,64103.76,None,N/A,
72.1111,asiya,PrecisionSelection,Precision Selection,887,697,766.62,-180735.12,None,N/A,
72.1209,asiya,PrecisionSelection,Precision Selection,884,704,773.04,651.98,None,N/A,
72.1309,asiya,PrecisionSelection,Precision Selection,883,705,142.44,-63514.52,None,N/A,
72.1413,asiya,PrecisionSelection,Precision Selection,882,706,135.89,-629.32,None,N/A,
72.1507,asiya,PrecisionSelection,Precision Selection,882,706,0.00,-14430.30,None,N/A,
72.1611,asiya,PrecisionSelection,Precision Selection,882,706,0.00,0.00,None,N/A,
72.1705,asiya,PrecisionSelection,Precision Selection,882,706,0.00,0.00,None,N/A,
72.1810,asiya,PrecisionSelection,Precision Selection,882,706,0.00,0.00,None,N/A,
72.1906,asiya,PrecisionSelection,Precision Selection,882,706,0.00,0.00,None,N/A,
72.2011,asiya,PrecisionSelection,Precision Selection,882,706,0.00,0.00,None,N/A,
72.2108,asiya,PrecisionSelection,Precision Selection,882,706,0.00,0.00,None,N/A,
72.2216,asiya,PrecisionSelection,Precision Selection,882,706,0.00,0.00,None,N/A,
72.2312,asiya,PrecisionSelection,Precision Selection,882,706,0.00,0.00,None,N/A,
72.2410,asiya,PrecisionSelection,Precision Selection,882,706,0.00,0.00,None,N/A,
72.2506,asiya,PrecisionSelection,Precision Selection,882,706,0.00,0.00,None,N/A,
72.2616,asiya,PrecisionSelection,Precision Selection,882,706,0.00,0.00,None,N/A,
72.2713,asiya,PrecisionSelection,Precision Selection,882,706,0.00,0.00,None,N/A,
72.2809,asiya,PrecisionSelection,Precision Selection,882,706,0.00,0.00,None,N/A,
72.2908,asiya,PrecisionSelection,Precision Selection,882,706,0.00,0.00,None,N/A,
72.3004,asiya,PrecisionSelection,Precision Selection,882,706,0.00,0.00,None,N/A,
72.3109,asiya,PrecisionSelection,Precision Selection,882,706,0.00,0.00,None,N/A,
72.3214,asiya,PrecisionSelection,Precision Selection,882,706,0.00,0.00,None,N/A,
72.3310,asiya,PrecisionSelection,Precision Selection,882,706,0.00,0.00,None,N/A,
72.3411,asiya,PrecisionSelection,Precision Selection,876,712,840.31,83218.08,None,N/A,
72.3505,asiya,PrecisionSelection,Precision Selection,866,722,1502.21,70308.62,None,N/A,
72.3609,asiya,PrecisionSelection,Precision Selection,844,744,2983.93,142106.85,None,N/A,
72.3711,asiya,PrecisionSelection,Precision Selection,834,755,1459.91,-149664.92,None,N/A,
72.3804,asiya,PrecisionSelection,Precision Selection,820,771,2276.08,87376.72,None,N/A,
72.3911,asiya,PrecisionSelection,Precision Selection,815,777,731.23,-144635.78,None,N/A,
72.4011,asiya,PrecisionSelection,Precision Selection,807,788,1359.53,62801.44,None,N/A,
72.4107,asiya,PrecisionSelection,Precision Selection,805,791,376.40,-102634.35,None,N/A,
72.4213,asiya,PrecisionSelection,Precision Selection,803,794,341.27,-3325.31,None,N/A,
72.4308,asiya,PrecisionSelection,Precision Selection,802,797,329.98,-1178.27,None,N/A,
72.4407,asiya,PrecisionSelection,Precision Selection,801,799,227.87,-10405.60,None,N/A,
72.4512,asiya,PrecisionSelection,Precision Selection,801,800,94.70,-12611.41,None,N/A,
72.4613,asiya,PrecisionSelection,Precision Selection,800,801,140.84,4595.02,None,N/A,
72.4707,asiya,PrecisionSelection,Precision Selection,800,802,105.81,-3706.78,None,N/A,
72.4807,asiya,PrecisionSelection,Precision Selection,800,802,0.00,-10601.21,None,N/A,
72.4912,asiya,PrecisionSelection,Precision Selection,800,803,95.55,9129.15,None,N/A,
72.5012,asiya,PrecisionSelection,Precision Selection,800,803,0.00,-9557.86,None,N/A,
72.5108,asiya,PrecisionSelection,Precision Selection,800,805,207.69,21567.61,None,N/A,
72.5209,asiya,PrecisionSelection,Precision Selection,800,805,0.00,-20573.82,None,N/A,
72.5309,asiya,PrecisionSelection,Precision Selection,800,806,100.19,10037.80,None,N/A,
72.5413,asiya,PrecisionSelection,Precision Selection,800,807,96.25,-378.87,None,N/A,
72.5511,asiya,PrecisionSelection,Precision Selection,800,807,0.00,-9786.26,None,N/A,
72.5605,asiya,PrecisionSelection,Precision Selection,800,808,106.61,11365.98,None,N/A,
72.5709,asiya,PrecisionSelection,Precision Selection,800,808,0.00,-10196.11,None,N/A,
72.5815,asiya,PrecisionSelection,Precision Selection,800,808,0.00,0.00,None,N/A,
72.5911,asiya,PrecisionSelection,Precision Selection,800,808,0.00,0.00,None,N/A,
72.6006,asiya,PrecisionSelection,Precision Selection,800,808,0.00,0.00,None,N/A,
72.6114,asiya,PrecisionSelection,Precision Selection,800,808,0.00,0.00,None,N/A,
72.6210,asiya,PrecisionSelection,Precision Selection,800,808,0.00,0.00,None,N/A,
72.6305,asiya,PrecisionSelection,Precision Selection,800,808,0.00,0.00,None,N/A,
72.6411,asiya,PrecisionSelection,Precision Selection,800,808,0.00,0.00,None,N/A,
72.6506,asiya,PrecisionSelection,Precision Selection,800,808,0.00,0.00,None,N/A,
72.6611,asiya,PrecisionSelection,Precision Selection,800,808,0.00,0.00,None,N/A,
72.6705,asiya,PrecisionSelection,Precision Selection,800,808,0.00,0.00,None,N/A,
72.6807,asiya,PrecisionSelection,Precision Selection,800,808,0.00,0.00,None,N/A,
72.6905,asiya,PrecisionSelection,Precision Selection,799,809,143.85,14631.26,None,N/A,
72.7005,asiya,PrecisionSelection,Precision Selection,797,810,224.00,8029.78,None,N/A,
72.7111,asiya,PrecisionSelection,Precision Selection,794,812,339.88,10923.75,None,N/A,
72.7210,asiya,PrecisionSelection,Precision Selection,792,812,202.20,-13919.85,None,N/A,
72.7306,asiya,PrecisionSelection,Precision Selection,789,814,375.78,18090.70,None,N/A,
72.7406,asiya,PrecisionSelection,Precision Selection,787,814,200.82,-17567.47,None,N/A,
72.7511,asiya,PrecisionSelection,Precision Selection,785,815,212.50,1110.23,None,N/A,
72.7612,asiya,PrecisionSelection,Precision Selection,784,816,139.43,-7204.24,None,N/A,
72.7713,asiya,PrecisionSelection,Precision Selection,783,816,99.75,-3958.08,None,N/A,
72.7807,asiya,PrecisionSelection,Precision Selection,781,816,210.97,11731.22,None,N/A,
72.7906,asiya,PrecisionSelection,Precision Selection,780,817,143.19,-6862.47,None,N/A,
72.8005,asiya,PrecisionSelection,Precision Selection,779,817,101.05,-4257.71,None,N/A,
72.8111,asiya,PrecisionSelection,Precision Selection,778,818,134.00,3121.44,None,N/A,
72.8209,asiya,PrecisionSelection,Precision Selection,777,819,143.86,1003.33,None,N/A,
72.8314,asiya,PrecisionSelection,Precision Selection,776,819,95.41,-4622.75,None,N/A,
72.8412,asiya,PrecisionSelection,Precision Selection,775,821,227.33,13412.00,None,N/A,
72.8513,asiya,PrecisionSelection,Precision Selection,774,821,98.87,-12700.85,None,N/A,
72.8613,asiya,PrecisionSelection,Precision Selection,773,823,224.69,12643.79,None,N/A,
72.8709,asiya,PrecisionSelection,Precision Selection,772,823,103.52,-12544.02,None,N/A,
72.8810,asiya,PrecisionSelection,Precision Selection,772,824,99.45,-405.43,None,N/A,
72.8905,asiya,PrecisionSelection,Precision Selection,770,825,235.49,14327.98,None,N/A,
72.9015,asiya,PrecisionSelection,Precision Selection,770,825,0.00,-21417.91,None,N/A,
72.9110,asiya,PrecisionSelection,Precision Selection,770,825,0.00,0.00,None,N/A,
72.9213,asiya,PrecisionSelection,Precision Selection,770,825,0.00,0.00,None,N/A,
72.9307,asiya,PrecisionSelection,Precision Selection,770,825,0.00,0.00,None,N/A,
72.9413,asiya,PrecisionSelection,Precision Selection,770,825,0.00,0.00,None,N/A,
72.9509,asiya,PrecisionSelection,Precision Selection,770,825,0.00,0.00,None,N/A,
72.9613,asiya,PrecisionSelection,Precision Selection,770,825,0.00,0.00,None,N/A,
72.9707,asiya,PrecisionSelection,Precision Selection,770,825,0.00,0.00,None,N/A,
72.9812,asiya,PrecisionSelection,Precision Selection,770,825,0.00,0.00,None,N/A,
72.9913,asiya,PrecisionSelection,Precision Selection,770,825,0.00,0.00,None,N/A,
73.0007,asiya,PrecisionSelection,Precision Selection,770,825,0.00,0.00,None,N/A,
73.0111,asiya,PrecisionSelection,Precision Selection,770,825,0.00,0.00,None,N/A,
73.0214,asiya,PrecisionSelection,Precision Selection,770,825,0.00,0.00,None,N/A,
73.0310,asiya,PrecisionSelection,Precision Selection,770,825,0.00,0.00,None,N/A,
73.0406,asiya,PrecisionSelection,Precision Selection,770,825,0.00,0.00,None,N/A,
73.0511,asiya,PrecisionSelection,Precision Selection,770,825,0.00,0.00,None,N/A,
73.0605,asiya,PrecisionSelection,Precision Selection,770,825,0.00,0.00,None,N/A,
73.0709,asiya,PrecisionSelection,Precision Selection,770,825,0.00,0.00,None,N/A,
73.0814,asiya,PrecisionSelection,Precision Selection,770,825,0.00,0.00,None,N/A,
73.0909,asiya,PrecisionSelection,Precision Selection,770,825,0.00,0.00,None,N/A,
73.1013,asiya,PrecisionSelection,Precision Selection,770,825,0.00,0.00,None,N/A,
73.1107,asiya,PrecisionSelection,Precision Selection,770,825,0.00,0.00,None,N/A,
73.1211,asiya,PrecisionSelection,Precision Selection,770,825,0.00,0.00,None,N/A,
73.1306,asiya,PrecisionSelection,Precision Selection,770,825,0.00,0.00,None,N/A,
73.1411,asiya,PrecisionSelection,Precision Selection,770,825,0.00,0.00,None,N/A,
73.1507,asiya,PrecisionSelection,Precision Selection,770,825,0.00,0.00,None,N/A,
73.1611,asiya,PrecisionSelection,Precision Selection,770,825,0.00,0.00,None,N/A,
73.1715,asiya,PrecisionSelection,Precision Selection,770,825,0.00,0.00,None,N/A,
73.1807,asiya,PrecisionSelection,Precision Selection,771,825,107.80,11619.77,None,N/A,
73.1918,asiya,PrecisionSelection,Precision Selection,773,825,181.01,6625.99,None,N/A,
73.2005,asiya,PrecisionSelection,Precision Selection,774,825,115.22,-7580.09,None,N/A,
73.2109,asiya,PrecisionSelection,Precision Selection,776,825,192.43,7429.51,None,N/A,
73.2209,asiya,PrecisionSelection,Precision Selection,776,825,0.00,-19179.00,None,N/A,
73.2310,asiya,PrecisionSelection,Precision Selection,777,825,98.94,9788.85,None,N/A,
73.2412,asiya,PrecisionSelection,Precision Selection,778,825,97.77,-114.10,None,N/A,
73.2512,asiya,PrecisionSelection,Precision Selection,778,825,0.00,-9832.49,None,N/A,
73.2609,asiya,PrecisionSelection,Precision Selection,779,825,103.05,10620.16,None,N/A,
73.2711,asiya,PrecisionSelection,Precision Selection,779,825,0.00,-10063.57,None,N/A,
73.2807,asiya,PrecisionSelection,Precision Selection,780,825,104.21,10860.57,None,N/A,
73.2912,asiya,PrecisionSelection,Precision Selection,780,825,0.00,-9955.49,None,N/A,
73.3006,asiya,PrecisionSelection,Precision Selection,780,825,0.00,0.00,None,N/A,
73.3111,asiya,PrecisionSelection,Precision Selection,780,825,0.00,0.00,None,N/A,
73.3208,asiya,PrecisionSelection,Precision Selection,780,825,0.00,0.00,None,N/A,
73.3309,asiya,PrecisionSelection,Precision Selection,780,825,0.00,0.00,None,N/A,
73.3407,asiya,PrecisionSelection,Precision Selection,780,825,0.00,0.00,None,N/A,
73.3512,asiya,PrecisionSelection,Precision Selection,781,825,95.83,9182.62,None,N/A,
73.3614,asiya,PrecisionSelection,Precision Selection,782,824,138.00,4115.74,None,N/A,
73.3712,asiya,PrecisionSelection,Precision Selection,783,824,101.64,-3696.04,None,N/A,
73.3808,asiya,PrecisionSelection,Precision Selection,784,823,147.34,4761.04,None,N/A,
73.3913,asiya,PrecisionSelection,Precision Selection,785,823,95.47,-4951.91,None,N/A,
73.4013,asiya,PrecisionSelection,Precision Selection,786,822,140.92,4528.95,None,N/A,
73.4110,asiya,PrecisionSelection,Precision Selection,787,822,104.06,-3835.29,None,N/A,
73.4210,asiya,PrecisionSelection,Precision Selection,787,821,99.94,-411.86,None,N/A,
73.4308,asiya,PrecisionSelection,Precision Selection,788,821,101.77,186.33,None,N/A,
73.4413,asiya,PrecisionSelection,Precision Selection,788,821,0.00,-9691.01,None,N/A,
73.4512,asiya,PrecisionSelection,Precision Selection,789,821,101.31,10264.55,None,N/A,
73.4609,asiya,PrecisionSelection,Precision Selection,789,821,0.00,-10360.15,None,N/A,
73.4714,asiya,PrecisionSelection,Precision Selection,789,821,0.00,0.00,None,N/A,
73.4808,asiya,PrecisionSelection,Precision Selection,789,821,0.00,0.00,None,N/A,
73.4913,asiya,PrecisionSelection,Precision Selection,789,821,0.00,0.00,None,N/A,
73.5008,asiya,PrecisionSelection,Precision Selection,789,821,0.00,0.00,None,N/A,
73.5113,asiya,PrecisionSelection,Precision Selection,789,821,0.00,0.00,None,N/A,
73.5209,asiya,PrecisionSelection,Precision Selection,789,821,0.00,0.00,None,N/A,
73.5314,asiya,PrecisionSelection,Precision Selection,789,821,0.00,0.00,None,N/A,
73.5410,asiya,PrecisionSelection,Precision Selection,789,821,0.00,0.00,None,N/A,
73.5505,asiya,PrecisionSelection,Precision Selection,789,821,0.00,0.00,None,N/A,
73.5609,asiya,PrecisionSelection,Precision Selection,789,821,0.00,0.00,None,N/A,
73.5714,asiya,PrecisionSelection,Precision Selection,789,821,0.00,0.00,None,N/A,
73.5809,asiya,PrecisionSelection,Precision Selection,789,821,0.00,0.00,None,N/A,
73.5905,asiya,PrecisionSelection,Precision Selection,789,821,0.00,0.00,None,N/A,
73.6011,asiya,PrecisionSelection,Precision Selection,789,821,0.00,0.00,None,N/A,
73.6105,asiya,PrecisionSelection,Precision Selection,789,821,0.00,0.00,None,N/A,
73.6210,asiya,PrecisionSelection,Precision Selection,789,821,0.00,0.00,None,N/A,
73.6305,asiya,PrecisionSelection,Precision Selection,789,821,0.00,0.00,None,N/A,
73.6410,asiya,PrecisionSelection,Precision Selection,789,821,0.00,0.00,None,N/A,
73.6505,asiya,PrecisionSelection,Precision Selection,789,821,0.00,0.00,None,N/A,
73.6606,asiya,PrecisionSelection,Precision Selection,789,821,0.00,0.00,Left,N/A,
73.6711,asiya,PrecisionSelection,Precision Selection,789,821,0.00,0.00,Left,N/A,
73.6806,asiya,PrecisionSelection,Precision Selection,789,821,0.00,0.00,Left,N/A,
73.6911,asiya,PrecisionSelection,Precision Selection,789,821,0.00,0.00,Left,N/A,
73.7007,asiya,PrecisionSelection,Precision Selection,789,821,0.00,0.00,Left,N/A,
73.7113,asiya,PrecisionSelection,Precision Selection,789,821,0.00,0.00,Left,N/A,
73.7209,asiya,PrecisionSelection,Precision Selection,789,821,0.00,0.00,Left,N/A,
73.7315,asiya,PrecisionSelection,Precision Selection,789,821,0.00,0.00,Left,N/A,
73.7411,asiya,PrecisionSelection,Precision Selection,789,821,0.00,0.00,Left,N/A,
73.7506,asiya,PrecisionSelection,Precision Selection,789,821,0.00,0.00,Left,N/A,
73.7610,asiya,PrecisionSelection,Precision Selection,789,821,0.00,0.00,Left,N/A,
73.7705,asiya,PrecisionSelection,Precision Selection,789,821,0.00,0.00,Left,N/A,
73.7810,asiya,PrecisionSelection,Precision Selection,789,821,0.00,0.00,Left,N/A,
73.7905,asiya,PrecisionSelection,Precision Selection,789,821,0.00,0.00,Left,N/A,
73.8010,asiya,PrecisionSelection,Precision Selection,789,821,0.00,0.00,Left,N/A,
73.8104,asiya,PrecisionSelection,Precision Selection,789,821,0.00,0.00,Left,N/A,
73.8209,asiya,PrecisionSelection,Precision Selection,789,821,0.00,0.00,Left,N/A,
73.8314,asiya,PrecisionSelection,Precision Selection,789,821,0.00,0.00,Left,N/A,
73.8373,asiya,PrecisionSelection,Precision Selection,789,821,0.00,0.00,None,N/A,precision_click
73.8410,asiya,PrecisionSelection,Precision Selection,789,821,0.00,0.00,None,N/A,
73.8505,asiya,PrecisionSelection,Precision Selection,789,821,0.00,0.00,None,N/A,
73.8610,asiya,PrecisionSelection,Precision Selection,789,821,0.00,0.00,None,N/A,
73.8714,asiya,PrecisionSelection,Precision Selection,789,821,0.00,0.00,None,N/A,
73.8810,asiya,PrecisionSelection,Precision Selection,789,821,0.00,0.00,None,N/A,
73.8911,asiya,PrecisionSelection,Precision Selection,789,821,0.00,0.00,None,N/A,
73.9005,asiya,PrecisionSelection,Precision Selection,789,821,0.00,0.00,None,N/A,
73.9109,asiya,PrecisionSelection,Precision Selection,789,821,0.00,0.00,None,N/A,
73.9213,asiya,PrecisionSelection,Precision Selection,789,821,0.00,0.00,None,N/A,
73.9307,asiya,PrecisionSelection,Precision Selection,789,821,0.00,0.00,None,N/A,
73.9406,asiya,PrecisionSelection,Precision Selection,789,821,0.00,0.00,None,N/A,
73.9511,asiya,PrecisionSelection,Precision Selection,789,821,0.00,0.00,None,N/A,
73.9606,asiya,PrecisionSelection,Precision Selection,789,821,0.00,0.00,None,N/A,
73.9711,asiya,PrecisionSelection,Precision Selection,789,821,0.00,0.00,None,N/A,
73.9806,asiya,PrecisionSelection,Precision Selection,789,821,0.00,0.00,None,N/A,
73.9905,asiya,PrecisionSelection,Precision Selection,789,821,0.00,0.00,None,N/A,
74.0010,asiya,PrecisionSelection,Precision Selection,789,821,0.00,0.00,None,N/A,
74.0108,asiya,PrecisionSelection,Precision Selection,789,821,0.00,0.00,None,N/A,
74.0214,asiya,PrecisionSelection,Precision Selection,789,821,0.00,0.00,None,N/A,
74.0309,asiya,PrecisionSelection,Precision Selection,789,821,0.00,0.00,None,N/A,
74.0409,asiya,PrecisionSelection,Precision Selection,789,821,0.00,0.00,None,N/A,
74.0513,asiya,PrecisionSelection,Precision Selection,789,821,0.00,0.00,None,N/A,
74.0607,asiya,PrecisionSelection,Precision Selection,795,810,1343.31,144014.21,None,N/A,
74.0709,asiya,PrecisionSelection,Precision Selection,867,698,13077.09,1152441.52,None,N/A,
74.0807,asiya,PrecisionSelection,Precision Selection,899,655,5444.55,-775288.08,None,N/A,
74.0913,asiya,PrecisionSelection,Precision Selection,958,589,8353.40,274479.05,None,N/A,
74.1005,asiya,PrecisionSelection,Precision Selection,986,562,4239.35,-448382.80,None,N/A,
74.1108,asiya,PrecisionSelection,Precision Selection,1034,527,5744.16,145506.10,None,N/A,
74.1209,asiya,PrecisionSelection,Precision Selection,1052,518,1993.88,-371564.58,None,N/A,
74.1305,asiya,PrecisionSelection,Precision Selection,1083,507,3415.01,147541.46,None,N/A,
74.1404,asiya,PrecisionSelection,Precision Selection,1096,505,1330.62,-210867.74,None,N/A,
74.1510,asiya,PrecisionSelection,Precision Selection,1122,510,2502.03,110698.76,None,N/A,
74.1611,asiya,PrecisionSelection,Precision Selection,1134,514,1251.13,-123727.14,None,N/A,
74.1711,asiya,PrecisionSelection,Precision Selection,1147,520,1434.18,18335.21,None,N/A,
74.1805,asiya,PrecisionSelection,Precision Selection,1172,536,3151.66,182366.48,None,N/A,
74.1910,asiya,PrecisionSelection,Precision Selection,1182,546,1354.32,-172122.28,None,N/A,
74.2012,asiya,PrecisionSelection,Precision Selection,1196,562,2070.26,69715.62,None,N/A,
74.2117,asiya,PrecisionSelection,Precision Selection,1201,568,744.61,-126384.13,None,N/A,
74.2207,asiya,PrecisionSelection,Precision Selection,1208,578,1358.04,68246.22,None,N/A,
74.2313,asiya,PrecisionSelection,Precision Selection,1209,580,212.03,-108667.75,None,N/A,
74.2413,asiya,PrecisionSelection,Precision Selection,1209,583,298.51,8605.35,None,N/A,
74.2512,asiya,PrecisionSelection,Precision Selection,1209,584,100.87,-19936.53,None,N/A,
74.2607,asiya,PrecisionSelection,Precision Selection,1206,586,378.50,29143.58,None,N/A,
74.2704,asiya,PrecisionSelection,Precision Selection,1204,586,206.03,-17766.55,None,N/A,
74.2809,asiya,PrecisionSelection,Precision Selection,1204,586,0.00,-19684.31,None,N/A,
74.2915,asiya,PrecisionSelection,Precision Selection,1204,586,0.00,0.00,None,N/A,
74.3015,asiya,PrecisionSelection,Precision Selection,1204,586,0.00,0.00,None,N/A,
74.3115,asiya,PrecisionSelection,Precision Selection,1204,586,0.00,0.00,None,N/A,
74.3216,asiya,PrecisionSelection,Precision Selection,1204,586,0.00,0.00,None,N/A,
74.3312,asiya,PrecisionSelection,Precision Selection,1204,586,0.00,0.00,None,N/A,
74.3412,asiya,PrecisionSelection,Precision Selection,1204,586,0.00,0.00,None,N/A,
74.3508,asiya,PrecisionSelection,Precision Selection,1204,586,0.00,0.00,None,N/A,
74.3614,asiya,PrecisionSelection,Precision Selection,1204,586,0.00,0.00,None,N/A,
74.3710,asiya,PrecisionSelection,Precision Selection,1204,586,0.00,0.00,None,N/A,
74.3805,asiya,PrecisionSelection,Precision Selection,1204,586,0.00,0.00,None,N/A,
74.3911,asiya,PrecisionSelection,Precision Selection,1204,586,0.00,0.00,None,N/A,
74.4005,asiya,PrecisionSelection,Precision Selection,1204,586,0.00,0.00,None,N/A,
74.4110,asiya,PrecisionSelection,Precision Selection,1204,586,0.00,0.00,None,N/A,
74.4206,asiya,PrecisionSelection,Precision Selection,1204,586,0.00,0.00,None,N/A,
74.4311,asiya,PrecisionSelection,Precision Selection,1204,586,0.00,0.00,None,N/A,
74.4414,asiya,PrecisionSelection,Precision Selection,1211,592,891.81,86264.22,None,N/A,
74.4509,asiya,PrecisionSelection,Precision Selection,1241,614,3935.66,322013.10,None,N/A,
74.4614,asiya,PrecisionSelection,Precision Selection,1331,672,10155.00,589869.24,None,N/A,
74.4709,asiya,PrecisionSelection,Precision Selection,1352,682,2443.57,-810141.15,None,N/A,
74.4808,asiya,PrecisionSelection,Precision Selection,1379,695,3048.12,61493.24,None,N/A,
74.4914,asiya,PrecisionSelection,Precision Selection,1388,699,930.28,-200041.96,None,N/A,
74.5010,asiya,PrecisionSelection,Precision Selection,1398,703,1120.97,19847.06,None,N/A,
74.5108,asiya,PrecisionSelection,Precision Selection,1401,704,320.13,-81072.13,None,N/A,
74.5212,asiya,PrecisionSelection,Precision Selection,1402,704,96.52,-21582.75,None,N/A,
74.5306,asiya,PrecisionSelection,Precision Selection,1404,705,238.97,15223.19,None,N/A,
74.5405,asiya,PrecisionSelection,Precision Selection,1405,705,100.92,-13931.79,None,N/A,
74.5505,asiya,PrecisionSelection,Precision Selection,1404,704,140.77,3966.53,None,N/A,
74.5609,asiya,PrecisionSelection,Precision Selection,1404,704,0.00,-13506.74,None,N/A,
74.5714,asiya,PrecisionSelection,Precision Selection,1404,704,0.00,0.00,None,N/A,
74.5809,asiya,PrecisionSelection,Precision Selection,1404,704,0.00,0.00,None,N/A,
74.5905,asiya,PrecisionSelection,Precision Selection,1404,704,0.00,0.00,None,N/A,
74.6009,asiya,PrecisionSelection,Precision Selection,1404,704,0.00,0.00,None,N/A,
74.6115,asiya,PrecisionSelection,Precision Selection,1404,704,0.00,0.00,None,N/A,
74.6212,asiya,PrecisionSelection,Precision Selection,1404,704,0.00,0.00,None,N/A,
74.6311,asiya,PrecisionSelection,Precision Selection,1404,704,0.00,0.00,None,N/A,
74.6406,asiya,PrecisionSelection,Precision Selection,1404,704,0.00,0.00,None,N/A,
74.6511,asiya,PrecisionSelection,Precision Selection,1404,704,0.00,0.00,None,N/A,
74.6610,asiya,PrecisionSelection,Precision Selection,1404,704,0.00,0.00,None,N/A,
74.6706,asiya,PrecisionSelection,Precision Selection,1404,704,0.00,0.00,None,N/A,
74.6811,asiya,PrecisionSelection,Precision Selection,1404,704,0.00,0.00,None,N/A,
74.6909,asiya,PrecisionSelection,Precision Selection,1404,704,0.00,0.00,None,N/A,
74.7005,asiya,PrecisionSelection,Precision Selection,1404,704,0.00,0.00,None,N/A,
74.7110,asiya,PrecisionSelection,Precision Selection,1404,704,0.00,0.00,None,N/A,
74.7205,asiya,PrecisionSelection,Precision Selection,1400,703,433.04,45481.72,None,N/A,
74.7311,asiya,PrecisionSelection,Precision Selection,1396,701,420.22,-1204.59,None,N/A,
74.7404,asiya,PrecisionSelection,Precision Selection,1392,699,481.36,6580.06,None,N/A,
74.7514,asiya,PrecisionSelection,Precision Selection,1385,696,696.62,19690.45,None,N/A,
74.7609,asiya,PrecisionSelection,Precision Selection,1381,694,467.90,-23930.29,None,N/A,
74.7709,asiya,PrecisionSelection,Precision Selection,1377,692,448.73,-1922.83,None,N/A,
74.7809,asiya,PrecisionSelection,Precision Selection,1375,691,224.53,-22512.89,None,N/A,
74.7911,asiya,PrecisionSelection,Precision Selection,1373,690,218.14,-623.08,None,N/A,
74.8014,asiya,PrecisionSelection,Precision Selection,1372,690,96.91,-11748.45,None,N/A,
74.8107,asiya,PrecisionSelection,Precision Selection,1371,689,152.77,6033.98,None,N/A,
74.8209,asiya,PrecisionSelection,Precision Selection,1370,689,98.21,-5358.00,None,N/A,
74.8314,asiya,PrecisionSelection,Precision Selection,1369,689,94.52,-348.54,None,N/A,
74.8412,asiya,PrecisionSelection,Precision Selection,1369,689,0.00,-9726.97,None,N/A,
74.8509,asiya,PrecisionSelection,Precision Selection,1368,689,103.07,10623.81,None,N/A,
74.8608,asiya,PrecisionSelection,Precision Selection,1368,689,0.00,-10339.24,None,N/A,
74.8714,asiya,PrecisionSelection,Precision Selection,1367,689,94.98,9020.33,None,N/A,
74.8809,asiya,PrecisionSelection,Precision Selection,1366,689,104.81,1030.51,None,N/A,
74.8905,asiya,PrecisionSelection,Precision Selection,1365,689,104.50,-32.20,None,N/A,
74.9011,asiya,PrecisionSelection,Precision Selection,1363,689,188.64,7936.62,None,N/A,
74.9109,asiya,PrecisionSelection,Precision Selection,1362,689,101.89,-8839.37,None,N/A,
74.9205,asiya,PrecisionSelection,Precision Selection,1361,689,103.93,212.27,None,N/A,
74.9305,asiya,PrecisionSelection,Precision Selection,1360,689,99.75,-416.92,None,N/A,
74.9411,asiya,PrecisionSelection,Precision Selection,1359,689,94.80,-469.54,None,N/A,
74.9506,asiya,PrecisionSelection,Precision Selection,1358,689,105.30,1106.23,None,N/A,
74.9609,asiya,PrecisionSelection,Precision Selection,1357,689,96.90,-813.83,None,N/A,
74.9706,asiya,PrecisionSelection,Precision Selection,1357,689,0.00,-9994.48,None,N/A,
74.9815,asiya,PrecisionSelection,Precision Selection,1357,689,0.00,0.00,None,N/A,
74.9912,asiya,PrecisionSelection,Precision Selection,1356,689,102.20,10445.43,None,N/A,
75.0010,asiya,PrecisionSelection,Precision Selection,1356,689,0.00,-10488.88,None,N/A,
75.0110,asiya,PrecisionSelection,Precision Selection,1355,689,99.93,9985.25,None,N/A,
75.0214,asiya,PrecisionSelection,Precision Selection,1355,689,0.00,-9568.54,None,N/A,
75.0305,asiya,PrecisionSelection,Precision Selection,1355,689,0.00,0.00,None,N/A,
75.0412,asiya,PrecisionSelection,Precision Selection,1355,689,0.00,0.00,None,N/A,
75.0509,asiya,PrecisionSelection,Precision Selection,1355,690,103.13,10635.31,None,N/A,
75.0610,asiya,PrecisionSelection,Precision Selection,1355,690,0.00,-10200.66,None,N/A,
75.0704,asiya,PrecisionSelection,Precision Selection,1355,690,0.00,0.00,None,N/A,
75.0810,asiya,PrecisionSelection,Precision Selection,1355,690,0.00,0.00,None,N/A,
75.0905,asiya,PrecisionSelection,Precision Selection,1355,690,0.00,0.00,None,N/A,
75.1009,asiya,PrecisionSelection,Precision Selection,1355,690,0.00,0.00,None,N/A,
75.1118,asiya,PrecisionSelection,Precision Selection,1355,690,0.00,0.00,None,N/A,
75.1207,asiya,PrecisionSelection,Precision Selection,1355,690,0.00,0.00,None,N/A,
75.1312,asiya,PrecisionSelection,Precision Selection,1355,690,0.00,0.00,None,N/A,
75.1411,asiya,PrecisionSelection,Precision Selection,1355,690,0.00,0.00,None,N/A,
75.1505,asiya,PrecisionSelection,Precision Selection,1355,690,0.00,0.00,None,N/A,
75.1614,asiya,PrecisionSelection,Precision Selection,1355,690,0.00,0.00,None,N/A,
75.1711,asiya,PrecisionSelection,Precision Selection,1355,690,0.00,0.00,None,N/A,
75.1806,asiya,PrecisionSelection,Precision Selection,1355,690,0.00,0.00,None,N/A,
75.1911,asiya,PrecisionSelection,Precision Selection,1355,690,0.00,0.00,None,N/A,
75.2007,asiya,PrecisionSelection,Precision Selection,1355,690,0.00,0.00,None,N/A,
75.2111,asiya,PrecisionSelection,Precision Selection,1355,690,0.00,0.00,None,N/A,
75.2206,asiya,PrecisionSelection,Precision Selection,1355,690,0.00,0.00,None,N/A,
75.2311,asiya,PrecisionSelection,Precision Selection,1355,690,0.00,0.00,None,N/A,
75.2408,asiya,PrecisionSelection,Precision Selection,1355,690,0.00,0.00,None,N/A,
75.2514,asiya,PrecisionSelection,Precision Selection,1355,690,0.00,0.00,None,N/A,
75.2614,asiya,PrecisionSelection,Precision Selection,1355,690,0.00,0.00,None,N/A,
75.2704,asiya,PrecisionSelection,Precision Selection,1355,690,0.00,0.00,None,N/A,
75.2808,asiya,PrecisionSelection,Precision Selection,1355,690,0.00,0.00,Left,N/A,
75.2913,asiya,PrecisionSelection,Precision Selection,1355,690,0.00,0.00,Left,N/A,
75.3011,asiya,PrecisionSelection,Precision Selection,1355,690,0.00,0.00,Left,N/A,
75.3111,asiya,PrecisionSelection,Precision Selection,1355,690,0.00,0.00,Left,N/A,
75.3207,asiya,PrecisionSelection,Precision Selection,1355,690,0.00,0.00,Left,N/A,
75.3311,asiya,PrecisionSelection,Precision Selection,1355,690,0.00,0.00,Left,N/A,
75.3407,asiya,PrecisionSelection,Precision Selection,1355,690,0.00,0.00,Left,N/A,
75.3512,asiya,PrecisionSelection,Precision Selection,1355,690,0.00,0.00,Left,N/A,
75.3609,asiya,PrecisionSelection,Precision Selection,1355,690,0.00,0.00,Left,N/A,
75.3714,asiya,PrecisionSelection,Precision Selection,1355,690,0.00,0.00,Left,N/A,
75.3809,asiya,PrecisionSelection,Precision Selection,1355,690,0.00,0.00,Left,N/A,
75.3905,asiya,PrecisionSelection,Precision Selection,1355,690,0.00,0.00,Left,N/A,
75.4012,asiya,PrecisionSelection,Precision Selection,1355,690,0.00,0.00,Left,N/A,
75.4112,asiya,PrecisionSelection,Precision Selection,1355,690,0.00,0.00,Left,N/A,
75.4209,asiya,PrecisionSelection,Precision Selection,1355,690,0.00,0.00,Left,N/A,
75.4313,asiya,PrecisionSelection,Precision Selection,1355,690,0.00,0.00,Left,N/A,
75.4408,asiya,PrecisionSelection,Precision Selection,1355,690,0.00,0.00,Left,N/A,
75.4505,asiya,PrecisionSelection,Precision Selection,1355,690,0.00,0.00,None,N/A,precision_click
75.4528,asiya,PrecisionSelection,Precision Selection,1355,690,0.00,0.00,None,N/A,
75.4614,asiya,PrecisionSelection,Precision Selection,1355,690,0.00,0.00,None,N/A,
75.4709,asiya,PrecisionSelection,Precision Selection,1355,690,0.00,0.00,None,N/A,
75.4814,asiya,PrecisionSelection,Precision Selection,1355,690,0.00,0.00,None,N/A,
75.4910,asiya,PrecisionSelection,Precision Selection,1355,690,0.00,0.00,None,N/A,
75.5014,asiya,PrecisionSelection,Precision Selection,1355,690,0.00,0.00,None,N/A,
75.5108,asiya,PrecisionSelection,Precision Selection,1355,690,0.00,0.00,None,N/A,
75.5213,asiya,PrecisionSelection,Precision Selection,1355,690,0.00,0.00,None,N/A,
75.5308,asiya,PrecisionSelection,Precision Selection,1355,690,0.00,0.00,None,N/A,
75.5414,asiya,PrecisionSelection,Precision Selection,1355,690,0.00,0.00,None,N/A,
75.5509,asiya,PrecisionSelection,Precision Selection,1355,690,0.00,0.00,None,N/A,
75.5614,asiya,PrecisionSelection,Precision Selection,1355,690,0.00,0.00,None,N/A,
75.5710,asiya,PrecisionSelection,Precision Selection,1355,690,0.00,0.00,None,N/A,
75.5806,asiya,PrecisionSelection,Precision Selection,1355,690,0.00,0.00,None,N/A,
75.5912,asiya,PrecisionSelection,Precision Selection,1355,690,0.00,0.00,None,N/A,
75.6006,asiya,PrecisionSelection,Precision Selection,1355,690,0.00,0.00,None,N/A,
75.6111,asiya,PrecisionSelection,Precision Selection,1355,690,0.00,0.00,None,N/A,
75.6261,asiya,PrecisionSelection,Precision Selection,1355,690,0.00,0.00,None,N/A,
75.6305,asiya,PrecisionSelection,Precision Selection,1355,690,0.00,0.00,None,N/A,
75.6412,asiya,PrecisionSelection,Precision Selection,1355,690,0.00,0.00,None,N/A,
75.6507,asiya,PrecisionSelection,Precision Selection,1355,690,0.00,0.00,None,N/A,
75.6616,asiya,PrecisionSelection,Precision Selection,1355,690,0.00,0.00,None,N/A,
75.6713,asiya,PrecisionSelection,Precision Selection,1355,690,0.00,0.00,None,N/A,
75.6808,asiya,PrecisionSelection,Precision Selection,1355,690,0.00,0.00,None,N/A,
75.6907,asiya,PrecisionSelection,Precision Selection,1355,690,0.00,0.00,None,N/A,
75.7011,asiya,PrecisionSelection,Precision Selection,1355,690,0.00,0.00,None,N/A,
75.7105,asiya,PrecisionSelection,Precision Selection,1355,690,0.00,0.00,None,N/A,
75.7208,asiya,PrecisionSelection,Precision Selection,1355,690,0.00,0.00,None,N/A,
75.7314,asiya,PrecisionSelection,Precision Selection,1355,690,0.00,0.00,None,N/A,
75.7405,asiya,PrecisionSelection,Precision Selection,1355,690,0.00,0.00,None,N/A,
75.7508,asiya,PrecisionSelection,Precision Selection,1355,690,0.00,0.00,None,N/A,
75.7613,asiya,PrecisionSelection,Precision Selection,1355,690,0.00,0.00,None,N/A,
75.7707,asiya,PrecisionSelection,Precision Selection,1355,690,0.00,0.00,None,N/A,
75.7812,asiya,PrecisionSelection,Precision Selection,1355,690,0.00,0.00,None,N/A,
75.7912,asiya,PrecisionSelection,Precision Selection,1355,690,0.00,0.00,None,N/A,
75.8005,asiya,PrecisionSelection,Precision Selection,1355,690,0.00,0.00,None,N/A,
75.8110,asiya,PrecisionSelection,Precision Selection,1355,690,0.00,0.00,None,N/A,
75.8214,asiya,PrecisionSelection,Precision Selection,1355,690,0.00,0.00,None,N/A,
75.8309,asiya,PrecisionSelection,Precision Selection,1355,690,0.00,0.00,None,N/A,
75.8406,asiya,PrecisionSelection,Precision Selection,1355,690,0.00,0.00,None,N/A,
75.8511,asiya,PrecisionSelection,Precision Selection,1355,690,0.00,0.00,None,N/A,
75.8605,asiya,PrecisionSelection,Precision Selection,1355,690,0.00,0.00,None,N/A,
75.8709,asiya,PrecisionSelection,Precision Selection,1355,690,0.00,0.00,None,N/A,
75.8814,asiya,PrecisionSelection,Precision Selection,1355,690,0.00,0.00,None,N/A,
75.8911,asiya,PrecisionSelection,Precision Selection,1355,690,0.00,0.00,None,N/A,
75.9006,asiya,PrecisionSelection,Precision Selection,1355,690,0.00,0.00,None,N/A,
75.9115,asiya,PrecisionSelection,Precision Selection,1355,690,0.00,0.00,None,N/A,
75.9212,asiya,PrecisionSelection,Precision Selection,1355,690,0.00,0.00,None,N/A,
75.9307,asiya,PrecisionSelection,Precision Selection,1355,690,0.00,0.00,None,N/A,
75.9413,asiya,PrecisionSelection,Precision Selection,1355,690,0.00,0.00,None,N/A,
75.9507,asiya,PrecisionSelection,Precision Selection,1355,690,0.00,0.00,None,N/A,
75.9611,asiya,PrecisionSelection,Precision Selection,1355,690,0.00,0.00,None,N/A,
75.9706,asiya,PrecisionSelection,Precision Selection,1355,690,0.00,0.00,None,N/A,
75.9811,asiya,PrecisionSelection,Precision Selection,1355,690,0.00,0.00,None,N/A,
75.9906,asiya,PrecisionSelection,Precision Selection,1355,690,0.00,0.00,None,N/A,
76.0011,asiya,PrecisionSelection,Precision Selection,1355,690,0.00,0.00,None,N/A,
76.0106,asiya,PrecisionSelection,Precision Selection,1355,690,0.00,0.00,None,N/A,
76.0209,asiya,PrecisionSelection,Precision Selection,1355,690,0.00,0.00,None,N/A,
76.0314,asiya,PrecisionSelection,Precision Selection,1355,690,0.00,0.00,None,N/A,
76.0409,asiya,PrecisionSelection,Precision Selection,1355,690,0.00,0.00,None,N/A,
76.0513,asiya,PrecisionSelection,Precision Selection,1355,690,0.00,0.00,None,N/A,
76.0609,asiya,PrecisionSelection,Precision Selection,1355,690,0.00,0.00,None,N/A,
76.0712,asiya,PrecisionSelection,Precision Selection,1355,690,0.00,0.00,None,N/A,
76.0808,asiya,PrecisionSelection,Precision Selection,1355,690,0.00,0.00,None,N/A,
76.0908,asiya,PrecisionSelection,Precision Selection,1355,690,0.00,0.00,None,N/A,
76.1012,asiya,PrecisionSelection,Precision Selection,1355,690,0.00,0.00,None,N/A,
76.1112,asiya,PrecisionSelection,Precision Selection,1342,689,1303.75,130365.65,None,N/A,
76.1204,asiya,PrecisionSelection,Precision Selection,1247,673,10378.88,977701.35,None,N/A,
76.1315,asiya,PrecisionSelection,Precision Selection,1217,671,2731.93,-694821.58,None,N/A,
76.1410,asiya,PrecisionSelection,Precision Selection,1178,670,4081.10,141135.74,None,N/A,
76.1512,asiya,PrecisionSelection,Precision Selection,1160,669,1769.04,-226879.07,None,N/A,
76.1607,asiya,PrecisionSelection,Precision Selection,1142,668,1892.14,12921.21,None,N/A,
76.1707,asiya,PrecisionSelection,Precision Selection,1111,665,3134.36,125014.80,None,N/A,
76.1805,asiya,PrecisionSelection,Precision Selection,1099,663,1240.84,-193132.70,None,N/A,
76.1908,asiya,PrecisionSelection,Precision Selection,1080,657,1921.92,65695.88,None,N/A,
76.2011,asiya,PrecisionSelection,Precision Selection,1074,655,613.78,-126951.78,None,N/A,
76.2107,asiya,PrecisionSelection,Precision Selection,1065,653,963.78,36586.84,None,N/A,
76.2208,asiya,PrecisionSelection,Precision Selection,1063,652,221.28,-73475.83,None,N/A,
76.2314,asiya,PrecisionSelection,Precision Selection,1060,652,282.95,5816.56,None,N/A,
76.2407,asiya,PrecisionSelection,Precision Selection,1059,652,107.54,-18862.89,None,N/A,
76.2512,asiya,PrecisionSelection,Precision Selection,1056,652,287.02,17171.75,None,N/A,
76.2608,asiya,PrecisionSelection,Precision Selection,1055,652,103.38,-18984.33,None,N/A,
76.2710,asiya,PrecisionSelection,Precision Selection,1055,652,0.00,-10130.21,None,N/A,
76.2813,asiya,PrecisionSelection,Precision Selection,1053,652,194.56,18927.49,None,N/A,
76.2914,asiya,PrecisionSelection,Precision Selection,1052,652,98.96,-9460.92,None,N/A,
76.3009,asiya,PrecisionSelection,Precision Selection,1051,652,105.81,724.58,None,N/A,
76.3106,asiya,PrecisionSelection,Precision Selection,1050,652,103.00,-289.32,None,N/A,
76.3214,asiya,PrecisionSelection,Precision Selection,1050,652,0.00,-9546.93,None,N/A,
76.3309,asiya,PrecisionSelection,Precision Selection,1050,652,0.00,0.00,None,N/A,
76.3413,asiya,PrecisionSelection,Precision Selection,1050,652,0.00,0.00,None,N/A,
76.3510,asiya,PrecisionSelection,Precision Selection,1050,652,0.00,0.00,None,N/A,
76.3614,asiya,PrecisionSelection,Precision Selection,1050,652,0.00,0.00,None,N/A,
76.3709,asiya,PrecisionSelection,Precision Selection,1050,652,0.00,0.00,None,N/A,
76.3815,asiya,PrecisionSelection,Precision Selection,1050,652,0.00,0.00,None,N/A,
76.3910,asiya,PrecisionSelection,Precision Selection,1050,652,0.00,0.00,None,N/A,
76.4012,asiya,PrecisionSelection,Precision Selection,1050,652,0.00,0.00,None,N/A,
76.4111,asiya,PrecisionSelection,Precision Selection,1050,652,0.00,0.00,None,N/A,
76.4205,asiya,PrecisionSelection,Precision Selection,1050,652,0.00,0.00,None,N/A,
76.4314,asiya,PrecisionSelection,Precision Selection,1047,652,274.30,25079.96,None,N/A,
76.4413,asiya,PrecisionSelection,Precision Selection,1045,650,285.31,1110.23,None,N/A,
76.4511,asiya,PrecisionSelection,Precision Selection,1035,646,1107.67,84575.44,None,N/A,
76.4607,asiya,PrecisionSelection,Precision Selection,1030,643,605.62,-52144.22,None,N/A,
76.4706,asiya,PrecisionSelection,Precision Selection,1021,638,1034.22,43054.40,None,N/A,
76.4805,asiya,PrecisionSelection,Precision Selection,1018,637,320.04,-72279.82,None,N/A,
76.4908,asiya,PrecisionSelection,Precision Selection,1014,635,435.31,11219.83,None,N/A,
76.5012,asiya,PrecisionSelection,Precision Selection,1013,635,95.84,-32535.11,None,N/A,
76.5108,asiya,PrecisionSelection,Precision Selection,1012,634,148.23,5490.81,None,N/A,
76.5206,asiya,PrecisionSelection,Precision Selection,1010,634,203.33,5602.02,None,N/A,
76.5314,asiya,PrecisionSelection,Precision Selection,1006,633,381.81,16527.21,None,N/A,
76.5404,asiya,PrecisionSelection,Precision Selection,1004,632,247.53,-14864.50,None,N/A,
76.5514,asiya,PrecisionSelection,Precision Selection,1001,632,274.59,2476.81,None,N/A,
76.5606,asiya,PrecisionSelection,Precision Selection,995,631,655.76,41092.74,None,N/A,
76.5707,asiya,PrecisionSelection,Precision Selection,992,630,315.51,-33947.69,None,N/A,
76.5805,asiya,PrecisionSelection,Precision Selection,988,630,407.92,9423.24,None,N/A,
76.5912,asiya,PrecisionSelection,Precision Selection,986,629,209.22,-18591.30,None,N/A,
76.6008,asiya,PrecisionSelection,Precision Selection,984,629,207.85,-141.49,None,N/A,
76.6107,asiya,PrecisionSelection,Precision Selection,983,629,100.90,-10791.73,None,N/A,
76.6208,asiya,PrecisionSelection,Precision Selection,982,629,98.92,-196.06,None,N/A,
76.6305,asiya,PrecisionSelection,Precision Selection,980,629,206.36,11086.43,None,N/A,
76.6412,asiya,PrecisionSelection,Precision Selection,980,629,0.00,-19207.43,None,N/A,
76.6510,asiya,PrecisionSelection,Precision Selection,979,629,102.93,10594.11,None,N/A,
76.6607,asiya,PrecisionSelection,Precision Selection,979,629,0.00,-10564.56,None,N/A,
76.6709,asiya,PrecisionSelection,Precision Selection,978,629,98.11,9625.14,None,N/A,
76.6814,asiya,PrecisionSelection,Precision Selection,978,629,0.00,-9342.37,None,N/A,
76.6911,asiya,PrecisionSelection,Precision Selection,979,629,103.53,10718.43,None,N/A,
76.7005,asiya,PrecisionSelection,Precision Selection,979,629,0.00,-10904.14,None,N/A,
76.7110,asiya,PrecisionSelection,Precision Selection,979,629,0.00,0.00,None,N/A,
76.7214,asiya,PrecisionSelection,Precision Selection,979,629,0.00,0.00,None,N/A,
76.7305,asiya,PrecisionSelection,Precision Selection,979,629,0.00,0.00,None,N/A,
76.7413,asiya,PrecisionSelection,Precision Selection,979,629,0.00,0.00,None,N/A,
76.7507,asiya,PrecisionSelection,Precision Selection,979,629,0.00,0.00,None,N/A,
76.7612,asiya,PrecisionSelection,Precision Selection,979,629,0.00,0.00,None,N/A,
76.7708,asiya,PrecisionSelection,Precision Selection,979,629,0.00,0.00,None,N/A,
76.7813,asiya,PrecisionSelection,Precision Selection,979,629,0.00,0.00,None,N/A,
76.7909,asiya,PrecisionSelection,Precision Selection,979,629,0.00,0.00,None,N/A,
76.8013,asiya,PrecisionSelection,Precision Selection,979,629,0.00,0.00,None,N/A,
76.8106,asiya,PrecisionSelection,Precision Selection,979,629,0.00,0.00,None,N/A,
76.8210,asiya,PrecisionSelection,Precision Selection,979,629,0.00,0.00,None,N/A,
76.8305,asiya,PrecisionSelection,Precision Selection,979,629,0.00,0.00,None,N/A,
76.8410,asiya,PrecisionSelection,Precision Selection,979,629,0.00,0.00,None,N/A,
76.8505,asiya,PrecisionSelection,Precision Selection,979,629,0.00,0.00,None,N/A,
76.8610,asiya,PrecisionSelection,Precision Selection,979,629,0.00,0.00,None,N/A,
76.8705,asiya,PrecisionSelection,Precision Selection,979,629,0.00,0.00,None,N/A,
76.8811,asiya,PrecisionSelection,Precision Selection,979,629,0.00,0.00,None,N/A,
76.8911,asiya,PrecisionSelection,Precision Selection,973,627,630.41,62837.51,None,N/A,
76.9014,asiya,PrecisionSelection,Precision Selection,971,626,217.17,-40134.73,None,N/A,
76.9107,asiya,PrecisionSelection,Precision Selection,967,624,482.82,28679.69,None,N/A,
76.9206,asiya,PrecisionSelection,Precision Selection,965,623,225.69,-25952.39,None,N/A,
76.9305,asiya,PrecisionSelection,Precision Selection,962,622,319.00,9413.40,None,N/A,
76.9413,asiya,PrecisionSelection,Precision Selection,961,621,131.31,-17427.30,None,N/A,
76.9507,asiya,PrecisionSelection,Precision Selection,960,621,106.36,-2653.10,None,N/A,
76.9606,asiya,PrecisionSelection,Precision Selection,959,620,141.91,3567.28,None,N/A,
76.9710,asiya,PrecisionSelection,Precision Selection,958,619,135.94,-574.27,None,N/A,
76.9810,asiya,PrecisionSelection,Precision Selection,957,618,142.03,611.60,None,N/A,
76.9915,asiya,PrecisionSelection,Precision Selection,956,617,134.36,-728.92,None,N/A,
77.0010,asiya,PrecisionSelection,Precision Selection,955,616,149.27,1574.56,None,N/A,
77.0105,asiya,PrecisionSelection,Precision Selection,955,616,0.00,-15742.48,None,N/A,
77.0204,asiya,PrecisionSelection,Precision Selection,954,615,142.11,14280.74,None,N/A,
77.0315,asiya,PrecisionSelection,Precision Selection,954,615,0.00,-12799.03,None,N/A,
77.0410,asiya,PrecisionSelection,Precision Selection,954,615,0.00,0.00,None,N/A,
77.0510,asiya,PrecisionSelection,Precision Selection,954,615,0.00,0.00,None,N/A,
77.0605,asiya,PrecisionSelection,Precision Selection,954,615,0.00,0.00,None,N/A,
77.0711,asiya,PrecisionSelection,Precision Selection,954,615,0.00,0.00,None,N/A,
77.0806,asiya,PrecisionSelection,Precision Selection,954,615,0.00,0.00,None,N/A,
77.0912,asiya,PrecisionSelection,Precision Selection,954,615,0.00,0.00,None,N/A,
77.1007,asiya,PrecisionSelection,Precision Selection,954,615,0.00,0.00,None,N/A,
77.1112,asiya,PrecisionSelection,Precision Selection,954,615,0.00,0.00,None,N/A,
77.1206,asiya,PrecisionSelection,Precision Selection,954,615,0.00,0.00,None,N/A,
77.1311,asiya,PrecisionSelection,Precision Selection,954,615,0.00,0.00,None,N/A,
77.1412,asiya,PrecisionSelection,Precision Selection,954,615,0.00,0.00,None,N/A,
77.1505,asiya,PrecisionSelection,Precision Selection,954,615,0.00,0.00,None,N/A,
77.1609,asiya,PrecisionSelection,Precision Selection,954,615,0.00,0.00,None,N/A,
77.1713,asiya,PrecisionSelection,Precision Selection,954,615,0.00,0.00,None,N/A,
77.1808,asiya,PrecisionSelection,Precision Selection,954,615,0.00,0.00,None,N/A,
77.1913,asiya,PrecisionSelection,Precision Selection,954,615,0.00,0.00,None,N/A,
77.2006,asiya,PrecisionSelection,Precision Selection,954,615,0.00,0.00,None,N/A,
77.2111,asiya,PrecisionSelection,Precision Selection,954,615,0.00,0.00,None,N/A,
77.2206,asiya,PrecisionSelection,Precision Selection,954,615,0.00,0.00,None,N/A,
77.2314,asiya,PrecisionSelection,Precision Selection,954,615,0.00,0.00,None,N/A,
77.2410,asiya,PrecisionSelection,Precision Selection,954,615,0.00,0.00,None,N/A,
77.2511,asiya,PrecisionSelection,Precision Selection,954,615,0.00,0.00,Left,N/A,
77.2605,asiya,PrecisionSelection,Precision Selection,954,615,0.00,0.00,Left,N/A,
77.2708,asiya,PrecisionSelection,Precision Selection,954,615,0.00,0.00,Left,N/A,
77.2814,asiya,PrecisionSelection,Precision Selection,954,615,0.00,0.00,Left,N/A,
77.2910,asiya,PrecisionSelection,Precision Selection,954,615,0.00,0.00,Left,N/A,
77.3005,asiya,PrecisionSelection,Precision Selection,954,615,0.00,0.00,Left,N/A,
77.3110,asiya,PrecisionSelection,Precision Selection,954,615,0.00,0.00,Left,N/A,
77.3207,asiya,PrecisionSelection,Precision Selection,954,615,0.00,0.00,Left,N/A,
77.3313,asiya,PrecisionSelection,Precision Selection,954,615,0.00,0.00,Left,N/A,
77.3414,asiya,PrecisionSelection,Precision Selection,954,615,0.00,0.00,Left,N/A,
77.3517,asiya,PrecisionSelection,Precision Selection,954,615,0.00,0.00,Left,N/A,
77.3614,asiya,PrecisionSelection,Precision Selection,954,615,0.00,0.00,Left,N/A,
77.3715,asiya,PrecisionSelection,Precision Selection,954,615,0.00,0.00,Left,N/A,
77.3811,asiya,PrecisionSelection,Precision Selection,954,615,0.00,0.00,Left,N/A,
77.3907,asiya,PrecisionSelection,Precision Selection,954,615,0.00,0.00,Left,N/A,
77.4018,asiya,PrecisionSelection,Precision Selection,954,615,0.00,0.00,Left,N/A,
77.4114,asiya,PrecisionSelection,Precision Selection,954,615,0.00,0.00,Left,N/A,
77.4210,asiya,PrecisionSelection,Precision Selection,954,615,0.00,0.00,Left,N/A,
77.4265,asiya,PrecisionSelection,Precision Selection,954,615,0.00,0.00,None,N/A,precision_click
