Time,ParticipantID,Task,Label,X,Y,Velocity,Acceleration,ButtonState,ActiveWindow,Event
163.9687,asiya,Scroll,Scroll,818,363,0.00,-5952.49,None,N/A,
163.9716,asiya,Scroll,Scroll,818,363,0.00,0.00,None,N/A,
163.9811,asiya,Scroll,Scroll,818,363,0.00,0.00,None,N/A,
163.9916,asiya,Scroll,Scroll,818,363,0.00,0.00,None,N/A,
164.0010,asiya,Scroll,Scroll,818,363,0.00,0.00,None,N/A,
164.0114,asiya,Scroll,Scroll,818,363,0.00,0.00,None,N/A,
164.0219,asiya,Scroll,Scroll,818,363,0.00,0.00,None,N/A,
164.0313,asiya,Scroll,Scroll,818,363,0.00,0.00,None,N/A,
164.0416,asiya,Scroll,Scroll,818,363,0.00,0.00,None,N/A,
164.0511,asiya,Scroll,Scroll,818,363,0.00,0.00,None,N/A,
164.0617,asiya,Scroll,Scroll,818,363,0.00,0.00,None,N/A,
164.0712,asiya,Scroll,Scroll,818,363,0.00,0.00,None,N/A,
164.0819,asiya,Scroll,Scroll,818,363,0.00,0.00,None,N/A,
164.0915,asiya,Scroll,Scroll,818,363,0.00,0.00,None,N/A,
164.1010,asiya,Scroll,Scroll,818,363,0.00,0.00,None,N/A,
164.1116,asiya,Scroll,Scroll,818,363,0.00,0.00,None,N/A,
164.1210,asiya,Scroll,Scroll,818,363,0.00,0.00,None,N/A,
164.1315,asiya,Scroll,Scroll,818,363,0.00,0.00,None,N/A,
164.1411,asiya,Scroll,Scroll,818,363,0.00,0.00,None,N/A,
164.1517,asiya,Scroll,Scroll,818,363,0.00,0.00,None,N/A,
164.1612,asiya,Scroll,Scroll,818,363,0.00,0.00,None,N/A,
164.1716,asiya,Scroll,Scroll,818,363,0.00,0.00,None,N/A,
164.1810,asiya,Scroll,Scroll,818,363,0.00,0.00,None,N/A,
164.1913,asiya,Scroll,Scroll,818,363,0.00,0.00,None,N/A,
164.2068,asiya,Scroll,Scroll,818,363,0.00,0.00,None,N/A,
164.2112,asiya,Scroll,Scroll,818,363,0.00,0.00,None,N/A,
164.2217,asiya,Scroll,Scroll,818,363,0.00,0.00,None,N/A,
164.2314,asiya,Scroll,Scroll,818,363,0.00,0.00,None,N/A,
164.2418,asiya,Scroll,Scroll,818,363,0.00,0.00,None,N/A,
164.2514,asiya,Scroll,Scroll,818,363,0.00,0.00,None,N/A,
164.2622,asiya,Scroll,Scroll,818,363,0.00,0.00,None,N/A,
164.2722,asiya,Scroll,Scroll,818,363,0.00,0.00,None,N/A,
164.2818,asiya,Scroll,Scroll,818,363,0.00,0.00,None,N/A,
164.2918,asiya,Scroll,Scroll,818,363,0.00,0.00,None,N/A,
164.3018,asiya,Scroll,Scroll,818,363,0.00,0.00,None,N/A,
164.3119,asiya,Scroll,Scroll,818,363,0.00,0.00,None,N/A,
164.3219,asiya,Scroll,Scroll,818,363,0.00,0.00,None,N/A,
164.3315,asiya,Scroll,Scroll,818,363,0.00,0.00,None,N/A,
164.3410,asiya,Scroll,Scroll,818,363,0.00,0.00,None,N/A,
164.3515,asiya,Scroll,Scroll,818,363,0.00,0.00,None,N/A,
164.3610,asiya,Scroll,Scroll,818,363,0.00,0.00,None,N/A,
164.3715,asiya,Scroll,Scroll,818,363,0.00,0.00,None,N/A,
164.3814,asiya,Scroll,Scroll,818,363,0.00,0.00,None,N/A,
164.3913,asiya,Scroll,Scroll,818,363,0.00,0.00,None,N/A,
164.4023,asiya,Scroll,Scroll,818,363,0.00,0.00,None,N/A,
164.4114,asiya,Scroll,Scroll,818,363,0.00,0.00,None,N/A,
164.4211,asiya,Scroll,Scroll,818,363,0.00,0.00,None,N/A,
164.4316,asiya,Scroll,Scroll,818,363,0.00,0.00,None,N/A,
164.4411,asiya,Scroll,Scroll,818,363,0.00,0.00,None,N/A,
164.4517,asiya,Scroll,Scroll,818,363,0.00,0.00,None,N/A,
164.4613,asiya,Scroll,Scroll,818,363,0.00,0.00,None,N/A,
164.4717,asiya,Scroll,Scroll,818,363,0.00,0.00,None,N/A,
164.4813,asiya,Scroll,Scroll,818,363,0.00,0.00,None,N/A,
164.4917,asiya,Scroll,Scroll,818,363,0.00,0.00,None,N/A,
164.5013,asiya,Scroll,Scroll,818,363,0.00,0.00,None,N/A,
164.5118,asiya,Scroll,Scroll,818,363,0.00,0.00,None,N/A,
164.5213,asiya,Scroll,Scroll,818,363,0.00,0.00,None,N/A,
164.5317,asiya,Scroll,Scroll,818,363,0.00,0.00,None,N/A,
164.5412,asiya,Scroll,Scroll,818,363,0.00,0.00,None,N/A,
164.5518,asiya,Scroll,Scroll,818,363,0.00,0.00,None,N/A,
164.5615,asiya,Scroll,Scroll,818,363,0.00,0.00,None,N/A,
164.5717,asiya,Scroll,Scroll,818,363,0.00,0.00,None,N/A,
164.5812,asiya,Scroll,Scroll,818,363,0.00,0.00,None,N/A,
164.5919,asiya,Scroll,Scroll,818,363,0.00,0.00,None,N/A,
164.6014,asiya,Scroll,Scroll,818,363,0.00,0.00,None,N/A,
164.6109,asiya,Scroll,Scroll,818,363,0.00,0.00,None,N/A,
164.6214,asiya,Scroll,Scroll,818,363,0.00,0.00,None,N/A,
164.6319,asiya,Scroll,Scroll,818,363,0.00,0.00,None,N/A,
164.6414,asiya,Scroll,Scroll,818,363,0.00,0.00,None,N/A,
164.6510,asiya,Scroll,Scroll,818,363,0.00,0.00,None,N/A,
164.6618,asiya,Scroll,Scroll,818,363,0.00,0.00,None,N/A,
164.6714,asiya,Scroll,Scroll,818,363,0.00,0.00,None,N/A,
164.6810,asiya,Scroll,Scroll,818,363,0.00,0.00,None,N/A,
164.6916,asiya,Scroll,Scroll,818,363,0.00,0.00,None,N/A,
164.7026,asiya,Scroll,Scroll,818,363,0.00,0.00,None,N/A,
164.7117,asiya,Scroll,Scroll,818,363,0.00,0.00,None,N/A,
164.7221,asiya,Scroll,Scroll,818,363,0.00,0.00,None,N/A,
164.7318,asiya,Scroll,Scroll,818,363,0.00,0.00,None,N/A,
164.7413,asiya,Scroll,Scroll,818,363,0.00,0.00,None,N/A,
164.7518,asiya,Scroll,Scroll,818,363,0.00,0.00,None,N/A,
164.7612,asiya,Scroll,Scroll,818,363,0.00,0.00,None,N/A,
164.7717,asiya,Scroll,Scroll,818,363,0.00,0.00,None,N/A,
164.7813,asiya,Scroll,Scroll,818,363,0.00,0.00,None,N/A,
164.7913,asiya,Scroll,Scroll,818,363,0.00,0.00,None,N/A,
164.8018,asiya,Scroll,Scroll,818,363,0.00,0.00,None,N/A,
164.8112,asiya,Scroll,Scroll,818,363,0.00,0.00,None,N/A,
164.8218,asiya,Scroll,Scroll,818,363,0.00,0.00,None,N/A,
164.8313,asiya,Scroll,Scroll,818,363,0.00,0.00,None,N/A,
164.8418,asiya,Scroll,Scroll,818,363,0.00,0.00,None,N/A,
164.8513,asiya,Scroll,Scroll,818,363,0.00,0.00,None,N/A,
164.8616,asiya,Scroll,Scroll,821,364,306.42,29691.01,None,N/A,
164.8716,asiya,Scroll,Scroll,825,365,412.50,10612.93,None,N/A,
164.8815,asiya,Scroll,Scroll,831,367,636.74,22575.74,None,N/A,
164.8911,asiya,Scroll,Scroll,843,374,1451.18,85074.85,None,N/A,
164.9010,asiya,Scroll,Scroll,849,378,732.57,-73002.76,None,N/A,
164.9118,asiya,Scroll,Scroll,863,389,1637.30,83199.69,None,N/A,
164.9217,asiya,Scroll,Scroll,868,393,647.55,-100094.40,None,N/A,
164.9312,asiya,Scroll,Scroll,878,401,1353.63,74632.40,None,N/A,
164.9412,asiya,Scroll,Scroll,882,405,567.20,-78853.35,None,N/A,
164.9510,asiya,Scroll,Scroll,889,411,939.72,37970.09,None,N/A,
164.9611,asiya,Scroll,Scroll,892,414,417.63,-51392.93,None,N/A,
164.9713,asiya,Scroll,Scroll,899,420,902.93,47527.55,None,N/A,
164.9813,asiya,Scroll,Scroll,901,422,285.32,-62301.33,None,N/A,
164.9913,asiya,Scroll,Scroll,903,424,281.43,-387.24,None,N/A,
165.0011,asiya,Scroll,Scroll,907,427,511.33,23510.63,None,N/A,
165.0119,asiya,Scroll,Scroll,908,429,206.56,-28153.08,None,N/A,
165.0216,asiya,Scroll,Scroll,910,431,291.61,8768.89,None,N/A,
165.0312,asiya,Scroll,Scroll,911,432,147.07,-15031.33,None,N/A,
165.0411,asiya,Scroll,Scroll,913,434,287.21,14230.25,None,N/A,
165.0519,asiya,Scroll,Scroll,914,435,130.58,-14462.51,None,N/A,
165.0616,asiya,Scroll,Scroll,915,437,230.22,10257.62,None,N/A,
165.0717,asiya,Scroll,Scroll,916,438,139.85,-8936.11,None,N/A,
165.0813,asiya,Scroll,Scroll,916,440,208.23,7118.78,None,N/A,
165.0911,asiya,Scroll,Scroll,917,440,102.42,-10836.69,None,N/A,
165.1015,asiya,Scroll,Scroll,917,441,96.14,-604.15,None,N/A,
165.1115,asiya,Scroll,Scroll,918,442,141.43,4529.92,None,N/A,
165.1214,asiya,Scroll,Scroll,918,442,0.00,-14303.11,None,N/A,
165.1312,asiya,Scroll,Scroll,919,443,144.54,14772.07,None,N/A,
165.1420,asiya,Scroll,Scroll,919,443,0.00,-13370.18,None,N/A,
165.1513,asiya,Scroll,Scroll,920,443,107.04,11456.66,None,N/A,
165.1615,asiya,Scroll,Scroll,920,443,0.00,-10548.66,None,N/A,
165.1710,asiya,Scroll,Scroll,920,443,0.00,0.00,None,N/A,
165.1814,asiya,Scroll,Scroll,920,443,0.00,0.00,None,N/A,
165.1910,asiya,Scroll,Scroll,920,443,0.00,0.00,None,N/A,
165.2015,asiya,Scroll,Scroll,920,443,0.00,0.00,None,N/A,
165.2114,asiya,Scroll,Scroll,920,443,0.00,0.00,None,N/A,
165.2213,asiya,Scroll,Scroll,920,443,0.00,0.00,None,N/A,
165.2318,asiya,Scroll,Scroll,920,443,0.00,0.00,None,N/A,
165.2413,asiya,Scroll,Scroll,920,443,0.00,0.00,None,N/A,
165.2519,asiya,Scroll,Scroll,920,442,94.06,8846.80,None,N/A,
165.2618,asiya,Scroll,Scroll,920,442,0.00,-9484.67,None,N/A,
165.2714,asiya,Scroll,Scroll,920,442,0.00,0.00,None,N/A,
165.2810,asiya,Scroll,Scroll,920,442,0.00,0.00,None,N/A,
165.2914,asiya,Scroll,Scroll,920,442,0.00,0.00,None,N/A,
165.3016,asiya,Scroll,Scroll,920,442,0.00,0.00,None,N/A,
165.3111,asiya,Scroll,Scroll,920,442,0.00,0.00,None,N/A,
165.3216,asiya,Scroll,Scroll,920,442,0.00,0.00,None,N/A,
165.3312,asiya,Scroll,Scroll,920,442,0.00,0.00,None,N/A,
165.3417,asiya,Scroll,Scroll,920,442,0.00,0.00,None,N/A,
165.3512,asiya,Scroll,Scroll,920,442,0.00,0.00,None,N/A,
165.3618,asiya,Scroll,Scroll,920,442,0.00,0.00,None,N/A,
165.3712,asiya,Scroll,Scroll,920,442,0.00,0.00,None,N/A,
165.3814,asiya,Scroll,Scroll,920,442,0.00,0.00,None,N/A,
165.3911,asiya,Scroll,Scroll,921,441,145.80,15030.99,None,N/A,
165.4016,asiya,Scroll,Scroll,921,441,0.00,-13935.89,None,N/A,
165.4111,asiya,Scroll,Scroll,921,441,0.00,0.00,None,N/A,
165.4217,asiya,Scroll,Scroll,921,441,0.00,0.00,None,N/A,
165.4311,asiya,Scroll,Scroll,921,441,0.00,0.00,None,N/A,
165.4415,asiya,Scroll,Scroll,921,441,0.00,0.00,None,N/A,
165.4510,asiya,Scroll,Scroll,921,441,0.00,0.00,None,N/A,
165.4615,asiya,Scroll,Scroll,921,441,0.00,0.00,None,N/A,
165.4719,asiya,Scroll,Scroll,921,441,0.00,0.00,None,N/A,
165.4813,asiya,Scroll,Scroll,921,441,0.00,0.00,None,N/A,
165.4918,asiya,Scroll,Scroll,921,441,0.00,0.00,None,N/A,
165.5013,asiya,Scroll,Scroll,921,441,0.00,0.00,None,N/A,
165.5118,asiya,Scroll,Scroll,921,441,0.00,0.00,None,N/A,
165.5212,asiya,Scroll,Scroll,921,441,0.00,0.00,None,N/A,
165.5316,asiya,Scroll,Scroll,921,441,0.00,0.00,None,N/A,
165.5413,asiya,Scroll,Scroll,921,441,0.00,0.00,None,N/A,
165.5518,asiya,Scroll,Scroll,921,441,0.00,0.00,None,N/A,
165.5612,asiya,Scroll,Scroll,921,441,0.00,0.00,None,N/A,
165.5716,asiya,Scroll,Scroll,921,441,0.00,0.00,None,N/A,
165.5812,asiya,Scroll,Scroll,921,441,0.00,0.00,None,N/A,
165.5913,asiya,Scroll,Scroll,921,441,0.00,0.00,None,N/A,
165.6018,asiya,Scroll,Scroll,921,441,0.00,0.00,None,N/A,
165.6111,asiya,Scroll,Scroll,921,441,0.00,0.00,None,N/A,
165.6213,asiya,Scroll,Scroll,921,442,97.48,9502.94,None,N/A,
165.6312,asiya,Scroll,Scroll,920,442,101.11,366.62,None,N/A,
165.6419,asiya,Scroll,Scroll,920,443,93.53,-708.78,None,N/A,
165.6514,asiya,Scroll,Scroll,920,443,0.00,-9797.88,None,N/A,
165.6614,asiya,Scroll,Scroll,919,444,141.66,14190.16,None,N/A,
165.6719,asiya,Scroll,Scroll,919,444,0.00,-13486.71,None,N/A,
165.6810,asiya,Scroll,Scroll,918,445,155.38,17070.80,None,N/A,
165.6914,asiya,Scroll,Scroll,918,446,96.22,-5692.11,None,N/A,
165.7012,asiya,Scroll,Scroll,917,446,102.28,620.11,None,N/A,
165.7113,asiya,Scroll,Scroll,917,447,98.59,-363.39,None,N/A,
165.7211,asiya,Scroll,Scroll,916,448,145.14,4776.67,None,N/A,
165.7312,asiya,Scroll,Scroll,916,449,98.49,-4594.58,None,N/A,
165.7417,asiya,Scroll,Scroll,915,450,134.60,3437.12,None,N/A,
165.7518,asiya,Scroll,Scroll,914,451,140.49,584.91,None,N/A,
165.7612,asiya,Scroll,Scroll,912,452,237.05,10236.33,None,N/A,
165.7713,asiya,Scroll,Scroll,911,454,222.32,-1464.28,None,N/A,
165.7817,asiya,Scroll,Scroll,906,459,682.16,44361.55,None,N/A,
165.7917,asiya,Scroll,Scroll,902,463,562.81,-11873.85,None,N/A,
165.8014,asiya,Scroll,Scroll,888,474,1845.44,132943.95,None,N/A,
165.8111,asiya,Scroll,Scroll,875,484,1686.69,-16325.33,None,N/A,
165.8213,asiya,Scroll,Scroll,857,497,2172.81,47570.42,None,N/A,
165.8318,asiya,Scroll,Scroll,823,520,3908.62,165282.81,None,N/A,
165.8418,asiya,Scroll,Scroll,807,531,1934.27,-196685.02,None,N/A,
165.8517,asiya,Scroll,Scroll,786,548,2745.05,82373.98,None,N/A,
165.8612,asiya,Scroll,Scroll,777,556,1261.90,-155426.64,None,N/A,
165.8710,asiya,Scroll,Scroll,764,569,1874.23,62423.89,None,N/A,
165.8819,asiya,Scroll,Scroll,759,574,650.07,-112541.54,None,N/A,
165.8915,asiya,Scroll,Scroll,751,582,1182.01,55575.37,None,N/A,
165.9016,asiya,Scroll,Scroll,750,584,220.98,-94975.50,None,N/A,
165.9109,asiya,Scroll,Scroll,747,588,538.19,34142.93,None,N/A,
165.9212,asiya,Scroll,Scroll,747,589,96.64,-42672.09,None,N/A,
165.9315,asiya,Scroll,Scroll,746,590,137.49,3971.70,None,N/A,
165.9416,asiya,Scroll,Scroll,745,591,140.54,303.03,None,N/A,
165.9513,asiya,Scroll,Scroll,745,591,0.00,-14506.77,None,N/A,
165.9612,asiya,Scroll,Scroll,745,591,0.00,0.00,None,N/A,
165.9717,asiya,Scroll,Scroll,745,591,0.00,0.00,None,N/A,
165.9814,asiya,Scroll,Scroll,746,591,103.15,10639.49,None,N/A,
165.9916,asiya,Scroll,Scroll,746,590,97.86,-517.85,None,N/A,
166.0012,asiya,Scroll,Scroll,746,590,0.00,-10187.09,None,N/A,
166.0117,asiya,Scroll,Scroll,746,590,0.00,0.00,None,N/A,
166.0211,asiya,Scroll,Scroll,746,590,0.00,0.00,None,N/A,
166.0316,asiya,Scroll,Scroll,746,590,0.00,0.00,None,N/A,
166.0412,asiya,Scroll,Scroll,746,590,0.00,0.00,None,N/A,
166.0517,asiya,Scroll,Scroll,746,590,0.00,0.00,None,N/A,
166.0616,asiya,Scroll,Scroll,746,590,0.00,0.00,None,N/A,
166.0713,asiya,Scroll,Scroll,746,590,0.00,0.00,None,N/A,
166.0818,asiya,Scroll,Scroll,746,590,0.00,0.00,None,N/A,
166.0914,asiya,Scroll,Scroll,746,590,0.00,0.00,None,N/A,
166.1019,asiya,Scroll,Scroll,746,590,0.00,0.00,None,N/A,
166.1113,asiya,Scroll,Scroll,746,590,0.00,0.00,None,N/A,
166.1217,asiya,Scroll,Scroll,746,590,0.00,0.00,None,N/A,
166.1312,asiya,Scroll,Scroll,746,590,0.00,0.00,None,N/A,
166.1417,asiya,Scroll,Scroll,746,590,0.00,0.00,None,N/A,
166.1512,asiya,Scroll,Scroll,746,590,0.00,0.00,None,N/A,
166.1616,asiya,Scroll,Scroll,746,590,0.00,0.00,None,N/A,
166.1711,asiya,Scroll,Scroll,746,590,0.00,0.00,None,N/A,
166.1816,asiya,Scroll,Scroll,746,590,0.00,0.00,None,N/A,
166.1914,asiya,Scroll,Scroll,746,590,0.00,0.00,None,N/A,
166.2010,asiya,Scroll,Scroll,746,590,0.00,0.00,None,N/A,
166.2115,asiya,Scroll,Scroll,746,590,0.00,0.00,None,N/A,
166.2219,asiya,Scroll,Scroll,737,600,1299.63,125545.01,None,N/A,
166.2316,asiya,Scroll,Scroll,724,615,2032.98,75109.72,None,N/A,
166.2412,asiya,Scroll,Scroll,698,642,3904.06,194881.57,None,N/A,
166.2518,asiya,Scroll,Scroll,691,649,937.05,-280845.67,None,N/A,
166.2619,asiya,Scroll,Scroll,681,658,1332.25,39134.54,None,N/A,
166.2710,asiya,Scroll,Scroll,678,661,465.76,-95123.61,None,N/A,
166.2814,asiya,Scroll,Scroll,675,664,410.00,-5388.58,None,N/A,
166.2911,asiya,Scroll,Scroll,674,666,230.10,-18512.59,None,N/A,
166.3011,asiya,Scroll,Scroll,673,667,141.23,-8875.37,None,N/A,
166.3116,asiya,Scroll,Scroll,672,668,135.02,-592.09,None,N/A,
166.3219,asiya,Scroll,Scroll,672,668,0.00,-13018.30,None,N/A,
166.3314,asiya,Scroll,Scroll,671,669,148.94,15684.82,None,N/A,
166.3413,asiya,Scroll,Scroll,671,669,0.00,-15153.66,None,N/A,
166.3510,asiya,Scroll,Scroll,670,670,145.12,14892.30,None,N/A,
166.3623,asiya,Scroll,Scroll,670,670,0.00,-12825.93,None,N/A,
166.3710,asiya,Scroll,Scroll,669,672,256.48,29418.88,None,N/A,
166.3814,asiya,Scroll,Scroll,668,673,136.06,-11585.64,None,N/A,
166.3911,asiya,Scroll,Scroll,666,676,372.79,24477.45,None,N/A,
166.4016,asiya,Scroll,Scroll,665,677,135.26,-22718.48,None,N/A,
166.4111,asiya,Scroll,Scroll,664,678,148.79,1423.56,None,N/A,
166.4218,asiya,Scroll,Scroll,662,680,264.52,10822.82,None,N/A,
166.4317,asiya,Scroll,Scroll,662,681,100.28,-16469.43,None,N/A,
166.4413,asiya,Scroll,Scroll,660,683,294.28,20184.63,None,N/A,
166.4511,asiya,Scroll,Scroll,660,684,102.15,-19625.84,None,N/A,
166.4619,asiya,Scroll,Scroll,658,685,207.70,9804.49,None,N/A,
166.4713,asiya,Scroll,Scroll,658,686,106.96,-10775.30,None,N/A,
166.4811,asiya,Scroll,Scroll,657,686,101.10,-592.41,None,N/A,
166.4913,asiya,Scroll,Scroll,657,687,98.43,-262.70,None,N/A,
166.5009,asiya,Scroll,Scroll,656,687,104.38,621.58,None,N/A,
166.5115,asiya,Scroll,Scroll,656,687,0.00,-9797.53,None,N/A,
166.5210,asiya,Scroll,Scroll,655,687,105.99,11233.11,None,N/A,
166.5312,asiya,Scroll,Scroll,655,687,0.00,-10382.54,None,N/A,
166.5414,asiya,Scroll,Scroll,655,687,0.00,0.00,None,N/A,
166.5511,asiya,Scroll,Scroll,654,687,103.85,10784.87,None,N/A,
166.5616,asiya,Scroll,Scroll,654,687,0.00,-9822.07,None,N/A,
166.5715,asiya,Scroll,Scroll,653,687,101.09,10219.08,None,N/A,
166.5820,asiya,Scroll,Scroll,653,687,0.00,-9683.68,None,N/A,
166.5912,asiya,Scroll,Scroll,653,687,0.00,0.00,None,N/A,
166.6015,asiya,Scroll,Scroll,653,686,96.99,9406.93,None,N/A,
166.6115,asiya,Scroll,Scroll,653,686,0.00,-9740.28,None,N/A,
166.6216,asiya,Scroll,Scroll,653,686,0.00,0.00,None,N/A,
166.6313,asiya,Scroll,Scroll,653,685,103.66,10745.46,None,N/A,
166.6412,asiya,Scroll,Scroll,653,684,101.03,-265.88,None,N/A,
166.6518,asiya,Scroll,Scroll,653,680,376.69,25960.44,None,N/A,
166.6617,asiya,Scroll,Scroll,654,676,413.83,3727.29,None,N/A,
166.6717,asiya,Scroll,Scroll,654,672,400.99,-1287.69,None,N/A,
166.6815,asiya,Scroll,Scroll,654,663,922.91,53520.57,None,N/A,
166.6913,asiya,Scroll,Scroll,654,660,304.16,-62732.98,None,N/A,
166.7011,asiya,Scroll,Scroll,654,655,510.28,21035.61,None,N/A,
166.7118,asiya,Scroll,Scroll,654,654,93.95,-39113.60,None,N/A,
166.7215,asiya,Scroll,Scroll,654,651,309.32,22206.66,None,N/A,
166.7315,asiya,Scroll,Scroll,654,650,99.57,-20884.54,None,N/A,
166.7418,asiya,Scroll,Scroll,654,649,97.30,-220.25,None,N/A,
166.7518,asiya,Scroll,Scroll,654,648,99.51,220.09,None,N/A,
166.7613,asiya,Scroll,Scroll,653,647,149.41,5271.71,None,N/A,
166.7713,asiya,Scroll,Scroll,653,647,0.00,-14894.66,None,N/A,
166.7811,asiya,Scroll,Scroll,653,647,0.00,0.00,None,N/A,
166.7910,asiya,Scroll,Scroll,653,647,0.00,0.00,None,N/A,
166.8010,asiya,Scroll,Scroll,652,647,100.29,10058.45,None,N/A,
166.8115,asiya,Scroll,Scroll,652,647,0.00,-9548.17,None,N/A,
166.8215,asiya,Scroll,Scroll,652,647,0.00,0.00,None,N/A,
166.8312,asiya,Scroll,Scroll,650,647,205.28,21070.17,None,N/A,
166.8411,asiya,Scroll,Scroll,649,648,142.61,-6319.70,None,N/A,
166.8509,asiya,Scroll,Scroll,647,648,205.95,6522.47,None,N/A,
166.8616,asiya,Scroll,Scroll,646,649,131.22,-6934.10,None,N/A,
166.8712,asiya,Scroll,Scroll,643,650,332.08,21092.73,None,N/A,
166.8813,asiya,Scroll,Scroll,641,651,220.04,-11024.92,None,N/A,
166.8911,asiya,Scroll,Scroll,639,652,227.38,745.91,None,N/A,
166.9019,asiya,Scroll,Scroll,636,654,334.62,9952.49,None,N/A,
166.9116,asiya,Scroll,Scroll,634,655,230.73,-10720.14,None,N/A,
166.9214,asiya,Scroll,Scroll,631,656,323.04,9429.88,None,N/A,
166.9316,asiya,Scroll,Scroll,629,657,219.34,-10171.52,None,N/A,
166.9409,asiya,Scroll,Scroll,623,659,678.39,49238.61,None,N/A,
166.9519,asiya,Scroll,Scroll,620,660,288.51,-35570.63,None,N/A,
166.9614,asiya,Scroll,Scroll,614,662,665.79,39716.93,None,N/A,
166.9717,asiya,Scroll,Scroll,611,663,306.90,-34830.45,None,N/A,
166.9810,asiya,Scroll,Scroll,606,664,550.12,26239.79,None,N/A,
166.9910,asiya,Scroll,Scroll,604,665,223.29,-32636.38,None,N/A,
167.0010,asiya,Scroll,Scroll,601,666,314.11,9020.72,None,N/A,
167.0115,asiya,Scroll,Scroll,596,666,479.34,15840.15,None,N/A,
167.0216,asiya,Scroll,Scroll,594,667,220.12,-25517.55,None,N/A,
167.0311,asiya,Scroll,Scroll,591,667,315.31,10005.61,None,N/A,
167.0411,asiya,Scroll,Scroll,589,668,225.40,-9063.37,None,N/A,
167.0519,asiya,Scroll,Scroll,586,668,277.61,4831.07,None,N/A,
167.0616,asiya,Scroll,Scroll,585,668,103.24,-18002.00,None,N/A,
167.0715,asiya,Scroll,Scroll,583,668,201.09,9838.64,None,N/A,
167.0819,asiya,Scroll,Scroll,583,668,0.00,-19332.69,None,N/A,
167.0917,asiya,Scroll,Scroll,581,668,203.61,20727.90,None,N/A,
167.1017,asiya,Scroll,Scroll,581,668,0.00,-20359.26,None,N/A,
167.1114,asiya,Scroll,Scroll,581,668,0.00,0.00,None,N/A,
167.1212,asiya,Scroll,Scroll,580,668,101.59,10321.32,None,N/A,
167.1310,asiya,Scroll,Scroll,580,668,0.00,-10468.13,None,N/A,
167.1411,asiya,Scroll,Scroll,579,668,98.23,9649.95,None,N/A,
167.1515,asiya,Scroll,Scroll,579,668,0.00,-9450.09,None,N/A,
167.1613,asiya,Scroll,Scroll,579,668,0.00,0.00,None,N/A,
167.1718,asiya,Scroll,Scroll,579,667,94.84,8993.83,None,N/A,
167.1812,asiya,Scroll,Scroll,579,667,0.00,-10146.68,None,N/A,
167.1911,asiya,Scroll,Scroll,579,666,100.46,10091.72,None,N/A,
167.2014,asiya,Scroll,Scroll,579,666,0.00,-9732.51,None,N/A,
167.2114,asiya,Scroll,Scroll,579,666,0.00,0.00,None,N/A,
167.2209,asiya,Scroll,Scroll,579,665,105.17,11060.28,None,N/A,
167.2313,asiya,Scroll,Scroll,579,665,0.00,-10026.27,None,N/A,
167.2411,asiya,Scroll,Scroll,579,664,102.25,10454.09,None,N/A,
167.2516,asiya,Scroll,Scroll,579,664,0.00,-9802.23,None,N/A,
167.2610,asiya,Scroll,Scroll,579,664,0.00,0.00,None,N/A,
167.2717,asiya,Scroll,Scroll,579,664,0.00,0.00,None,N/A,
167.2811,asiya,Scroll,Scroll,579,664,0.00,0.00,None,N/A,
167.2910,asiya,Scroll,Scroll,580,663,143.20,14499.46,None,N/A,
167.3018,asiya,Scroll,Scroll,580,663,0.00,-13169.56,None,N/A,
167.3117,asiya,Scroll,Scroll,580,663,0.00,0.00,None,N/A,
167.3214,asiya,Scroll,Scroll,581,663,103.23,10656.26,None,N/A,
167.3311,asiya,Scroll,Scroll,581,663,0.00,-10598.35,None,N/A,
167.3417,asiya,Scroll,Scroll,581,663,0.00,0.00,None,N/A,
167.3514,asiya,Scroll,Scroll,582,662,145.70,15011.06,None,N/A,
167.3617,asiya,Scroll,Scroll,582,662,0.00,-14093.33,None,N/A,
167.3711,asiya,Scroll,Scroll,582,662,0.00,0.00,None,N/A,
167.3817,asiya,Scroll,Scroll,583,661,133.47,12597.00,None,N/A,
167.3917,asiya,Scroll,Scroll,583,661,0.00,-13367.64,None,N/A,
167.4014,asiya,Scroll,Scroll,583,661,0.00,0.00,None,N/A,
167.4119,asiya,Scroll,Scroll,583,661,0.00,0.00,None,N/A,
167.4215,asiya,Scroll,Scroll,583,661,0.00,0.00,None,N/A,
167.4310,asiya,Scroll,Scroll,583,661,0.00,0.00,None,N/A,
167.4419,asiya,Scroll,Scroll,583,661,0.00,0.00,None,N/A,
167.4513,asiya,Scroll,Scroll,583,661,0.00,0.00,None,N/A,
167.4617,asiya,Scroll,Scroll,583,661,0.00,0.00,None,N/A,
167.4710,asiya,Scroll,Scroll,583,661,0.00,0.00,None,N/A,
167.4817,asiya,Scroll,Scroll,584,660,131.69,12263.08,None,N/A,
167.4916,asiya,Scroll,Scroll,584,660,0.00,-13385.85,None,N/A,
167.5011,asiya,Scroll,Scroll,584,660,0.00,0.00,None,N/A,
167.5113,asiya,Scroll,Scroll,584,660,0.00,0.00,None,N/A,
167.5219,asiya,Scroll,Scroll,584,660,0.00,0.00,None,N/A,
167.5319,asiya,Scroll,Scroll,584,660,0.00,0.00,None,N/A,
167.5414,asiya,Scroll,Scroll,584,660,0.00,0.00,None,N/A,
167.5513,asiya,Scroll,Scroll,584,660,0.00,0.00,None,N/A,
167.5617,asiya,Scroll,Scroll,584,660,0.00,0.00,None,N/A,
167.5710,asiya,Scroll,Scroll,584,660,0.00,0.00,None,N/A,
167.5818,asiya,Scroll,Scroll,584,659,92.38,8533.21,None,N/A,
167.5913,asiya,Scroll,Scroll,584,659,0.00,-9683.84,None,N/A,
167.6018,asiya,Scroll,Scroll,584,659,0.00,0.00,None,N/A,
167.6113,asiya,Scroll,Scroll,584,659,0.00,0.00,None,N/A,
167.6219,asiya,Scroll,Scroll,584,659,0.00,0.00,None,N/A,
167.6313,asiya,Scroll,Scroll,584,659,0.00,0.00,None,N/A,
167.6410,asiya,Scroll,Scroll,584,659,0.00,0.00,None,N/A,
167.6514,asiya,Scroll,Scroll,584,659,0.00,0.00,None,N/A,
167.6619,asiya,Scroll,Scroll,584,659,0.00,0.00,None,N/A,
167.6713,asiya,Scroll,Scroll,584,659,0.00,0.00,None,N/A,
167.6815,asiya,Scroll,Scroll,584,660,98.00,9604.01,None,N/A,
167.6912,asiya,Scroll,Scroll,584,660,0.00,-10094.85,None,N/A,
167.7017,asiya,Scroll,Scroll,584,660,0.00,0.00,None,N/A,
167.7111,asiya,Scroll,Scroll,584,660,0.00,0.00,None,N/A,
167.7215,asiya,Scroll,Scroll,584,660,0.00,0.00,None,N/A,
167.7310,asiya,Scroll,Scroll,584,660,0.00,0.00,None,N/A,
167.7418,asiya,Scroll,Scroll,584,660,0.00,0.00,None,N/A,
167.7513,asiya,Scroll,Scroll,584,660,0.00,0.00,None,N/A,
167.7618,asiya,Scroll,Scroll,584,660,0.00,0.00,None,N/A,
167.7713,asiya,Scroll,Scroll,584,660,0.00,0.00,None,N/A,
167.7818,asiya,Scroll,Scroll,584,660,0.00,0.00,None,N/A,
167.7914,asiya,Scroll,Scroll,584,660,0.00,0.00,None,N/A,
167.8020,asiya,Scroll,Scroll,584,660,0.00,0.00,None,N/A,
167.8114,asiya,Scroll,Scroll,584,660,0.00,0.00,None,N/A,
167.8219,asiya,Scroll,Scroll,584,660,0.00,0.00,None,N/A,
167.8315,asiya,Scroll,Scroll,584,660,0.00,0.00,None,N/A,
167.8410,asiya,Scroll,Scroll,584,660,0.00,0.00,None,N/A,
167.8515,asiya,Scroll,Scroll,584,660,0.00,0.00,None,N/A,
167.8609,asiya,Scroll,Scroll,584,660,0.00,0.00,None,N/A,
167.8714,asiya,Scroll,Scroll,584,660,0.00,0.00,None,N/A,
167.8819,asiya,Scroll,Scroll,584,660,0.00,0.00,None,N/A,
167.8914,asiya,Scroll,Scroll,584,660,0.00,0.00,None,N/A,
167.9019,asiya,Scroll,Scroll,584,660,0.00,0.00,None,N/A,
167.9113,asiya,Scroll,Scroll,584,660,0.00,0.00,None,N/A,
167.9216,asiya,Scroll,Scroll,584,660,0.00,0.00,None,N/A,
167.9319,asiya,Scroll,Scroll,584,660,0.00,0.00,None,N/A,
167.9415,asiya,Scroll,Scroll,584,660,0.00,0.00,None,N/A,
167.9510,asiya,Scroll,Scroll,584,660,0.00,0.00,None,N/A,
167.9614,asiya,Scroll,Scroll,584,660,0.00,0.00,None,N/A,
167.9719,asiya,Scroll,Scroll,584,660,0.00,0.00,None,N/A,
167.9814,asiya,Scroll,Scroll,584,660,0.00,0.00,None,N/A,
167.9911,asiya,Scroll,Scroll,584,660,0.00,0.00,None,N/A,
168.0016,asiya,Scroll,Scroll,584,660,0.00,0.00,None,N/A,
168.0117,asiya,Scroll,Scroll,584,660,0.00,0.00,Left,N/A,
168.0212,asiya,Scroll,Scroll,584,660,0.00,0.00,Left,N/A,
168.0316,asiya,Scroll,Scroll,584,660,0.00,0.00,Left,N/A,
168.0412,asiya,Scroll,Scroll,584,660,0.00,0.00,Left,N/A,
168.0517,asiya,Scroll,Scroll,584,660,0.00,0.00,Left,N/A,
168.0612,asiya,Scroll,Scroll,584,660,0.00,0.00,Left,N/A,
168.0719,asiya,Scroll,Scroll,584,660,0.00,0.00,Left,N/A,
168.0815,asiya,Scroll,Scroll,584,660,0.00,0.00,Left,N/A,
168.0911,asiya,Scroll,Scroll,584,660,0.00,0.00,Left,N/A,
168.1016,asiya,Scroll,Scroll,584,660,0.00,0.00,Left,N/A,
168.1111,asiya,Scroll,Scroll,584,660,0.00,0.00,Left,N/A,
168.1215,asiya,Scroll,Scroll,584,660,0.00,0.00,Left,N/A,
168.1310,asiya,Scroll,Scroll,584,660,0.00,0.00,Left,N/A,
168.1416,asiya,Scroll,Scroll,584,660,0.00,0.00,Left,N/A,
168.1511,asiya,Scroll,Scroll,584,660,0.00,0.00,Left,N/A,
168.1615,asiya,Scroll,Scroll,584,660,0.00,0.00,Left,N/A,
168.1710,asiya,Scroll,Scroll,584,660,0.00,0.00,Left,N/A,
168.1815,asiya,Scroll,Scroll,584,660,0.00,0.00,Left,N/A,
168.1833,asiya,Scroll,Scroll,584,660,0.00,0.00,None,N/A,scroll_item_selected_correct
168.1911,asiya,Scroll,Scroll,584,660,0.00,0.00,None,N/A,
168.2017,asiya,Scroll,Scroll,584,660,0.00,0.00,None,N/A,
168.2112,asiya,Scroll,Scroll,584,660,0.00,0.00,None,N/A,
168.2218,asiya,Scroll,Scroll,584,660,0.00,0.00,None,N/A,
168.2314,asiya,Scroll,Scroll,584,660,0.00,0.00,None,N/A,
168.2413,asiya,Scroll,Scroll,584,660,0.00,0.00,None,N/A,
168.2522,asiya,Scroll,Scroll,584,660,0.00,0.00,None,N/A,
168.2618,asiya,Scroll,Scroll,584,660,0.00,0.00,None,N/A,
168.2717,asiya,Scroll,Scroll,584,660,0.00,0.00,None,N/A,
168.2813,asiya,Scroll,Scroll,584,660,0.00,0.00,None,N/A,
168.2923,asiya,Scroll,Scroll,584,660,0.00,0.00,None,N/A,
168.3019,asiya,Scroll,Scroll,584,660,0.00,0.00,None,N/A,
168.3115,asiya,Scroll,Scroll,584,660,0.00,0.00,None,N/A,
168.3211,asiya,Scroll,Scroll,584,660,0.00,0.00,None,N/A,
168.3316,asiya,Scroll,Scroll,584,660,0.00,0.00,None,N/A,
168.3411,asiya,Scroll,Scroll,584,660,0.00,0.00,None,N/A,
168.3516,asiya,Scroll,Scroll,584,660,0.00,0.00,None,N/A,
168.3612,asiya,Scroll,Scroll,584,660,0.00,0.00,None,N/A,
168.3718,asiya,Scroll,Scroll,584,660,0.00,0.00,None,N/A,
168.3813,asiya,Scroll,Scroll,584,660,0.00,0.00,None,N/A,
168.3914,asiya,Scroll,Scroll,584,660,0.00,0.00,None,N/A,
168.4015,asiya,Scroll,Scroll,584,660,0.00,0.00,None,N/A,
168.4116,asiya,Scroll,Scroll,584,660,0.00,0.00,None,N/A,
168.4212,asiya,Scroll,Scroll,584,660,0.00,0.00,None,N/A,
168.4316,asiya,Scroll,Scroll,584,660,0.00,0.00,None,N/A,
168.4412,asiya,Scroll,Scroll,584,660,0.00,0.00,None,N/A,
168.4517,asiya,Scroll,Scroll,584,660,0.00,0.00,None,N/A,
168.4612,asiya,Scroll,Scroll,584,660,0.00,0.00,None,N/A,
168.4716,asiya,Scroll,Scroll,584,660,0.00,0.00,None,N/A,
168.4811,asiya,Scroll,Scroll,584,660,0.00,0.00,None,N/A,
168.4916,asiya,Scroll,Scroll,584,660,0.00,0.00,None,N/A,
168.5011,asiya,Scroll,Scroll,584,660,0.00,0.00,None,N/A,
168.5115,asiya,Scroll,Scroll,584,660,0.00,0.00,None,N/A,
168.5214,asiya,Scroll,Scroll,584,660,0.00,0.00,None,N/A,
168.5319,asiya,Scroll,Scroll,584,660,0.00,0.00,None,N/A,
168.5414,asiya,Scroll,Scroll,584,660,0.00,0.00,None,N/A,
168.5510,asiya,Scroll,Scroll,584,660,0.00,0.00,None,N/A,
168.5615,asiya,Scroll,Scroll,584,660,0.00,0.00,None,N/A,
168.5711,asiya,Scroll,Scroll,584,660,0.00,0.00,None,N/A,
168.5817,asiya,Scroll,Scroll,584,660,0.00,0.00,None,N/A,
168.5913,asiya,Scroll,Scroll,584,660,0.00,0.00,None,N/A,
168.6010,asiya,Scroll,Scroll,584,660,0.00,0.00,None,N/A,
168.6114,asiya,Scroll,Scroll,584,660,0.00,0.00,None,N/A,
168.6218,asiya,Scroll,Scroll,584,660,0.00,0.00,None,N/A,
168.6314,asiya,Scroll,Scroll,584,660,0.00,0.00,None,N/A,
168.6419,asiya,Scroll,Scroll,584,660,0.00,0.00,None,N/A,
168.6515,asiya,Scroll,Scroll,584,660,0.00,0.00,None,N/A,
168.6610,asiya,Scroll,Scroll,584,660,0.00,0.00,None,N/A,
168.6714,asiya,Scroll,Scroll,584,660,0.00,0.00,None,N/A,
168.6818,asiya,Scroll,Scroll,584,660,0.00,0.00,None,N/A,
168.6914,asiya,Scroll,Scroll,584,660,0.00,0.00,None,N/A,
168.7010,asiya,Scroll,Scroll,584,660,0.00,0.00,None,N/A,
168.7114,asiya,Scroll,Scroll,584,660,0.00,0.00,None,N/A,
168.7218,asiya,Scroll,Scroll,584,660,0.00,0.00,None,N/A,
168.7313,asiya,Scroll,Scroll,584,660,0.00,0.00,None,N/A,
168.7410,asiya,Scroll,Scroll,584,660,0.00,0.00,None,N/A,
168.7515,asiya,Scroll,Scroll,584,660,0.00,0.00,None,N/A,
168.7609,asiya,Scroll,Scroll,584,660,0.00,0.00,None,N/A,
168.7714,asiya,Scroll,Scroll,584,660,0.00,0.00,None,N/A,
168.7819,asiya,Scroll,Scroll,584,660,0.00,0.00,None,N/A,
168.7915,asiya,Scroll,Scroll,584,660,0.00,0.00,None,N/A,
168.8010,asiya,Scroll,Scroll,584,660,0.00,0.00,None,N/A,
168.8115,asiya,Scroll,Scroll,584,660,0.00,0.00,None,N/A,
168.8219,asiya,Scroll,Scroll,584,660,0.00,0.00,None,N/A,
168.8313,asiya,Scroll,Scroll,584,660,0.00,0.00,None,N/A,
168.8419,asiya,Scroll,Scroll,584,660,0.00,0.00,None,N/A,
168.8513,asiya,Scroll,Scroll,584,660,0.00,0.00,None,N/A,
168.8618,asiya,Scroll,Scroll,584,660,0.00,0.00,None,N/A,
168.8713,asiya,Scroll,Scroll,584,660,0.00,0.00,None,N/A,
168.8818,asiya,Scroll,Scroll,584,660,0.00,0.00,None,N/A,
168.8913,asiya,Scroll,Scroll,584,660,0.00,0.00,None,N/A,
168.9018,asiya,Scroll,Scroll,584,660,0.00,0.00,None,N/A,
168.9115,asiya,Scroll,Scroll,584,660,0.00,0.00,None,N/A,
168.9211,asiya,Scroll,Scroll,584,660,0.00,0.00,None,N/A,
168.9316,asiya,Scroll,Scroll,584,660,0.00,0.00,None,N/A,
168.9412,asiya,Scroll,Scroll,584,660,0.00,0.00,None,N/A,
168.9519,asiya,Scroll,Scroll,584,660,0.00,0.00,None,N/A,
168.9613,asiya,Scroll,Scroll,584,660,0.00,0.00,None,N/A,
168.9717,asiya,Scroll,Scroll,584,660,0.00,0.00,None,N/A,
168.9812,asiya,Scroll,Scroll,584,660,0.00,0.00,None,N/A,
168.9917,asiya,Scroll,Scroll,584,660,0.00,0.00,None,N/A,
169.0012,asiya,Scroll,Scroll,584,660,0.00,0.00,None,N/A,
169.0116,asiya,Scroll,Scroll,584,660,0.00,0.00,None,N/A,
169.0210,asiya,Scroll,Scroll,584,660,0.00,0.00,None,N/A,
169.0315,asiya,Scroll,Scroll,584,660,0.00,0.00,None,N/A,
169.0410,asiya,Scroll,Scroll,584,660,0.00,0.00,None,N/A,
169.0515,asiya,Scroll,Scroll,584,660,0.00,0.00,None,N/A,
169.0610,asiya,Scroll,Scroll,584,660,0.00,0.00,None,N/A,
169.0715,asiya,Scroll,Scroll,584,660,0.00,0.00,None,N/A,
169.0810,asiya,Scroll,Scroll,584,660,0.00,0.00,None,N/A,
169.0918,asiya,Scroll,Scroll,584,660,0.00,0.00,None,N/A,
169.1013,asiya,Scroll,Scroll,584,660,0.00,0.00,None,N/A,
169.1123,asiya,Scroll,Scroll,584,660,0.00,0.00,None,N/A,
169.1219,asiya,Scroll,Scroll,584,660,0.00,0.00,None,N/A,
169.1314,asiya,Scroll,Scroll,584,660,0.00,0.00,None,N/A,
169.1410,asiya,Scroll,Scroll,584,660,0.00,0.00,None,N/A,
169.1515,asiya,Scroll,Scroll,584,660,0.00,0.00,None,N/A,
169.1610,asiya,Scroll,Scroll,584,660,0.00,0.00,None,N/A,
169.1714,asiya,Scroll,Scroll,584,660,0.00,0.00,None,N/A,
169.1820,asiya,Scroll,Scroll,584,660,0.00,0.00,None,N/A,
169.1915,asiya,Scroll,Scroll,584,660,0.00,0.00,None,N/A,
169.2012,asiya,Scroll,Scroll,584,660,0.00,0.00,None,N/A,
169.2121,asiya,Scroll,Scroll,584,660,0.00,0.00,None,N/A,
169.2220,asiya,Scroll,Scroll,584,660,0.00,0.00,None,N/A,
169.2316,asiya,Scroll,Scroll,584,660,0.00,0.00,None,N/A,
169.2416,asiya,Scroll,Scroll,584,660,0.00,0.00,None,N/A,
169.2515,asiya,Scroll,Scroll,584,660,0.00,0.00,None,N/A,
169.2611,asiya,Scroll,Scroll,584,660,0.00,0.00,None,N/A,
169.2720,asiya,Scroll,Scroll,584,660,0.00,0.00,None,N/A,
169.2816,asiya,Scroll,Scroll,584,660,0.00,0.00,None,N/A,
169.2910,asiya,Scroll,Scroll,584,660,0.00,0.00,None,N/A,
169.3014,asiya,Scroll,Scroll,584,660,0.00,0.00,None,N/A,
169.3118,asiya,Scroll,Scroll,584,660,0.00,0.00,None,N/A,
169.3213,asiya,Scroll,Scroll,584,660,0.00,0.00,None,N/A,
169.3317,asiya,Scroll,Scroll,584,660,0.00,0.00,None,N/A,
169.3412,asiya,Scroll,Scroll,584,660,0.00,0.00,None,N/A,
169.3521,asiya,Scroll,Scroll,584,660,0.00,0.00,None,N/A,
169.3610,asiya,Scroll,Scroll,584,660,0.00,0.00,None,N/A,
169.3713,asiya,Scroll,Scroll,584,660,0.00,0.00,None,N/A,
169.3814,asiya,Scroll,Scroll,586,661,221.05,21852.43,None,N/A,
169.3913,asiya,Scroll,Scroll,590,663,455.16,23826.51,None,N/A,
169.4017,asiya,Scroll,Scroll,593,665,346.60,-10435.70,None,N/A,
169.4111,asiya,Scroll,Scroll,600,669,852.46,53487.86,None,N/A,
169.4211,asiya,Scroll,Scroll,603,671,360.80,-49200.02,None,N/A,
169.4315,asiya,Scroll,Scroll,608,676,677.44,30334.69,None,N/A,
169.4416,asiya,Scroll,Scroll,611,678,360.42,-31689.88,None,N/A,
169.4513,asiya,Scroll,Scroll,615,682,577.96,22226.76,None,N/A,
169.4612,asiya,Scroll,Scroll,617,684,286.99,-29524.02,None,N/A,
169.4719,asiya,Scroll,Scroll,621,687,467.02,16815.54,None,N/A,
169.4817,asiya,Scroll,Scroll,622,689,227.64,-24369.74,None,N/A,
169.4913,asiya,Scroll,Scroll,625,691,378.21,15794.51,None,N/A,
169.5017,asiya,Scroll,Scroll,626,692,135.83,-23279.50,None,N/A,
169.5112,asiya,Scroll,Scroll,627,694,235.29,10466.46,None,N/A,
169.5219,asiya,Scroll,Scroll,630,696,336.05,9391.49,None,N/A,
169.5317,asiya,Scroll,Scroll,632,697,227.18,-11061.31,None,N/A,
169.5413,asiya,Scroll,Scroll,635,700,442.53,22461.60,None,N/A,
169.5513,asiya,Scroll,Scroll,636,701,142.48,-30229.15,None,N/A,
169.5619,asiya,Scroll,Scroll,639,704,398.66,24071.95,None,N/A,
169.5710,asiya,Scroll,Scroll,641,706,312.32,-9533.41,None,N/A,
169.5816,asiya,Scroll,Scroll,643,709,338.92,2499.70,None,N/A,
169.5917,asiya,Scroll,Scroll,644,710,139.90,-19687.41,None,N/A,
169.6010,asiya,Scroll,Scroll,646,712,303.58,17568.29,None,N/A,
169.6112,asiya,Scroll,Scroll,647,713,138.83,-16173.07,None,N/A,
169.6211,asiya,Scroll,Scroll,648,714,142.62,382.07,None,N/A,
169.6318,asiya,Scroll,Scroll,649,717,297.40,14556.96,None,N/A,
169.6415,asiya,Scroll,Scroll,650,719,229.43,-6974.47,None,N/A,
169.6514,asiya,Scroll,Scroll,652,724,543.79,31744.74,None,N/A,
169.6610,asiya,Scroll,Scroll,653,726,231.84,-32343.90,None,N/A,
169.6718,asiya,Scroll,Scroll,655,731,501.52,25115.72,None,N/A,
169.6817,asiya,Scroll,Scroll,656,734,319.70,-18381.95,None,N/A,
169.6912,asiya,Scroll,Scroll,658,739,564.49,25660.37,None,N/A,
169.7013,asiya,Scroll,Scroll,659,741,221.31,-33965.79,None,N/A,
169.7119,asiya,Scroll,Scroll,661,744,341.46,11379.09,None,N/A,
169.7218,asiya,Scroll,Scroll,662,746,226.20,-11660.34,None,N/A,
169.7314,asiya,Scroll,Scroll,663,749,328.44,10618.73,None,N/A,
169.7413,asiya,Scroll,Scroll,664,750,142.96,-18749.34,None,N/A,
169.7512,asiya,Scroll,Scroll,664,752,201.46,5892.88,None,N/A,
169.7610,asiya,Scroll,Scroll,665,754,228.62,2776.41,None,N/A,
169.7712,asiya,Scroll,Scroll,665,755,97.87,-12796.12,None,N/A,
169.7816,asiya,Scroll,Scroll,665,757,192.90,9165.56,None,N/A,
169.7914,asiya,Scroll,Scroll,665,758,102.19,-9269.54,None,N/A,
169.8018,asiya,Scroll,Scroll,665,758,0.00,-9754.41,None,N/A,
169.8113,asiya,Scroll,Scroll,665,758,0.00,0.00,None,N/A,
169.8218,asiya,Scroll,Scroll,665,758,0.00,0.00,None,N/A,
169.8315,asiya,Scroll,Scroll,665,758,0.00,0.00,None,N/A,
169.8411,asiya,Scroll,Scroll,665,758,0.00,0.00,None,N/A,
169.8516,asiya,Scroll,Scroll,665,758,0.00,0.00,None,N/A,
169.8611,asiya,Scroll,Scroll,665,758,0.00,0.00,None,N/A,
169.8716,asiya,Scroll,Scroll,665,758,0.00,0.00,None,N/A,
169.8811,asiya,Scroll,Scroll,665,758,0.00,0.00,None,N/A,
169.8917,asiya,Scroll,Scroll,665,758,0.00,0.00,None,N/A,
169.9012,asiya,Scroll,Scroll,665,758,0.00,0.00,None,N/A,
169.9120,asiya,Scroll,Scroll,665,758,0.00,0.00,None,N/A,
169.9216,asiya,Scroll,Scroll,665,758,0.00,0.00,None,N/A,
169.9311,asiya,Scroll,Scroll,665,758,0.00,0.00,None,N/A,
169.9410,asiya,Scroll,Scroll,665,758,0.00,0.00,None,N/A,
169.9514,asiya,Scroll,Scroll,665,758,0.00,0.00,None,N/A,
169.9610,asiya,Scroll,Scroll,665,758,0.00,0.00,None,N/A,
169.9715,asiya,Scroll,Scroll,665,758,0.00,0.00,None,N/A,
169.9810,asiya,Scroll,Scroll,665,758,0.00,0.00,None,N/A,
169.9915,asiya,Scroll,Scroll,665,758,0.00,0.00,None,N/A,
170.0011,asiya,Scroll,Scroll,665,758,0.00,0.00,None,N/A,
170.0116,asiya,Scroll,Scroll,665,758,0.00,0.00,None,N/A,
170.0211,asiya,Scroll,Scroll,665,758,0.00,0.00,None,N/A,
170.0315,asiya,Scroll,Scroll,665,758,0.00,0.00,None,N/A,
170.0411,asiya,Scroll,Scroll,665,758,0.00,0.00,None,N/A,
170.0515,asiya,Scroll,Scroll,665,758,0.00,0.00,None,N/A,
170.0610,asiya,Scroll,Scroll,665,758,0.00,0.00,None,N/A,
170.0715,asiya,Scroll,Scroll,665,758,0.00,0.00,None,N/A,
170.0820,asiya,Scroll,Scroll,665,758,0.00,0.00,None,N/A,
170.0914,asiya,Scroll,Scroll,665,758,0.00,0.00,None,N/A,
170.1010,asiya,Scroll,Scroll,665,758,0.00,0.00,None,N/A,
170.1114,asiya,Scroll,Scroll,665,758,0.00,0.00,None,N/A,
170.1219,asiya,Scroll,Scroll,665,758,0.00,0.00,None,N/A,
170.1315,asiya,Scroll,Scroll,665,758,0.00,0.00,None,N/A,
170.1411,asiya,Scroll,Scroll,665,758,0.00,0.00,None,N/A,
170.1515,asiya,Scroll,Scroll,665,758,0.00,0.00,None,N/A,
170.1610,asiya,Scroll,Scroll,665,758,0.00,0.00,None,N/A,
170.1720,asiya,Scroll,Scroll,665,758,0.00,0.00,None,N/A,
170.1816,asiya,Scroll,Scroll,665,758,0.00,0.00,None,N/A,
170.1911,asiya,Scroll,Scroll,665,758,0.00,0.00,None,N/A,
170.2015,asiya,Scroll,Scroll,665,758,0.00,0.00,None,N/A,
170.2110,asiya,Scroll,Scroll,665,758,0.00,0.00,None,N/A,
170.2213,asiya,Scroll,Scroll,665,758,0.00,0.00,None,N/A,
170.2324,asiya,Scroll,Scroll,665,758,0.00,0.00,None,N/A,
170.2416,asiya,Scroll,Scroll,665,758,0.00,0.00,None,N/A,
170.2514,asiya,Scroll,Scroll,665,758,0.00,0.00,None,N/A,
170.2611,asiya,Scroll,Scroll,665,758,0.00,0.00,None,N/A,
170.2717,asiya,Scroll,Scroll,665,758,0.00,0.00,None,N/A,
170.2819,asiya,Scroll,Scroll,665,758,0.00,0.00,None,N/A,
170.2912,asiya,Scroll,Scroll,665,758,0.00,0.00,None,N/A,
170.3014,asiya,Scroll,Scroll,665,758,0.00,0.00,None,N/A,
170.3113,asiya,Scroll,Scroll,665,758,0.00,0.00,None,N/A,
170.3214,asiya,Scroll,Scroll,665,758,0.00,0.00,None,N/A,
170.3319,asiya,Scroll,Scroll,665,758,0.00,0.00,None,N/A,
170.3409,asiya,Scroll,Scroll,665,758,0.00,0.00,None,N/A,
170.3516,asiya,Scroll,Scroll,665,758,0.00,0.00,None,N/A,
170.3613,asiya,Scroll,Scroll,665,758,0.00,0.00,None,N/A,
170.3720,asiya,Scroll,Scroll,665,758,0.00,0.00,None,N/A,
170.3817,asiya,Scroll,Scroll,665,758,0.00,0.00,None,N/A,
170.3912,asiya,Scroll,Scroll,665,758,0.00,0.00,None,N/A,
170.4016,asiya,Scroll,Scroll,665,758,0.00,0.00,None,N/A,
170.4111,asiya,Scroll,Scroll,665,758,0.00,0.00,None,N/A,
170.4211,asiya,Scroll,Scroll,665,758,0.00,0.00,None,N/A,
170.4317,asiya,Scroll,Scroll,665,758,0.00,0.00,None,N/A,
170.4414,asiya,Scroll,Scroll,665,758,0.00,0.00,None,N/A,
170.4513,asiya,Scroll,Scroll,665,758,0.00,0.00,None,N/A,
170.4618,asiya,Scroll,Scroll,665,758,0.00,0.00,None,N/A,
170.4715,asiya,Scroll,Scroll,665,758,0.00,0.00,None,N/A,
170.4819,asiya,Scroll,Scroll,665,758,0.00,0.00,None,N/A,
170.4910,asiya,Scroll,Scroll,665,758,0.00,0.00,None,N/A,
170.5013,asiya,Scroll,Scroll,665,758,0.00,0.00,None,N/A,
170.5121,asiya,Scroll,Scroll,665,758,0.00,0.00,None,N/A,
170.5217,asiya,Scroll,Scroll,665,758,0.00,0.00,None,N/A,
170.5312,asiya,Scroll,Scroll,665,758,0.00,0.00,None,N/A,
170.5418,asiya,Scroll,Scroll,665,758,0.00,0.00,None,N/A,
170.5513,asiya,Scroll,Scroll,665,758,0.00,0.00,None,N/A,
170.5621,asiya,Scroll,Scroll,665,758,0.00,0.00,None,N/A,
170.5717,asiya,Scroll,Scroll,665,758,0.00,0.00,None,N/A,
170.5812,asiya,Scroll,Scroll,665,758,0.00,0.00,None,N/A,
170.5917,asiya,Scroll,Scroll,665,758,0.00,0.00,None,N/A,
170.6012,asiya,Scroll,Scroll,665,758,0.00,0.00,None,N/A,
170.6117,asiya,Scroll,Scroll,665,758,0.00,0.00,None,N/A,
170.6210,asiya,Scroll,Scroll,665,758,0.00,0.00,None,N/A,
170.6315,asiya,Scroll,Scroll,665,758,0.00,0.00,None,N/A,
170.6413,asiya,Scroll,Scroll,665,758,0.00,0.00,None,N/A,
170.6518,asiya,Scroll,Scroll,665,758,0.00,0.00,None,N/A,
170.6613,asiya,Scroll,Scroll,665,758,0.00,0.00,None,N/A,
170.6718,asiya,Scroll,Scroll,665,758,0.00,0.00,None,N/A,
170.6813,asiya,Scroll,Scroll,665,758,0.00,0.00,None,N/A,
170.6913,asiya,Scroll,Scroll,665,758,0.00,0.00,None,N/A,
170.7017,asiya,Scroll,Scroll,665,758,0.00,0.00,None,N/A,
170.7129,asiya,Scroll,Scroll,665,758,0.00,0.00,None,N/A,
170.7212,asiya,Scroll,Scroll,665,758,0.00,0.00,None,N/A,
170.7333,asiya,Scroll,Scroll,665,758,0.00,0.00,None,N/A,
170.7414,asiya,Scroll,Scroll,665,758,0.00,0.00,None,N/A,
170.7529,asiya,Scroll,Scroll,665,758,0.00,0.00,None,N/A,
170.7619,asiya,Scroll,Scroll,665,758,0.00,0.00,None,N/A,
170.7715,asiya,Scroll,Scroll,665,758,0.00,0.00,None,N/A,
170.7816,asiya,Scroll,Scroll,665,758,0.00,0.00,None,N/A,
170.7919,asiya,Scroll,Scroll,665,758,0.00,0.00,None,N/A,
170.8011,asiya,Scroll,Scroll,665,758,0.00,0.00,None,N/A,
170.8118,asiya,Scroll,Scroll,665,758,0.00,0.00,None,N/A,
170.8215,asiya,Scroll,Scroll,665,758,0.00,0.00,None,N/A,
170.8315,asiya,Scroll,Scroll,665,758,0.00,0.00,None,N/A,
170.8410,asiya,Scroll,Scroll,665,758,0.00,0.00,None,N/A,
170.8511,asiya,Scroll,Scroll,665,758,0.00,0.00,None,N/A,
170.8617,asiya,Scroll,Scroll,665,758,0.00,0.00,None,N/A,
170.8716,asiya,Scroll,Scroll,665,758,0.00,0.00,None,N/A,
170.8811,asiya,Scroll,Scroll,665,758,0.00,0.00,None,N/A,
170.8913,asiya,Scroll,Scroll,665,758,0.00,0.00,None,N/A,
170.9017,asiya,Scroll,Scroll,665,758,0.00,0.00,None,N/A,
170.9115,asiya,Scroll,Scroll,665,758,0.00,0.00,None,N/A,
170.9219,asiya,Scroll,Scroll,665,758,0.00,0.00,None,N/A,
170.9314,asiya,Scroll,Scroll,665,758,0.00,0.00,None,N/A,
170.9420,asiya,Scroll,Scroll,665,758,0.00,0.00,None,N/A,
170.9519,asiya,Scroll,Scroll,665,758,0.00,0.00,None,N/A,
170.9613,asiya,Scroll,Scroll,665,758,0.00,0.00,None,N/A,
170.9715,asiya,Scroll,Scroll,665,758,0.00,0.00,None,N/A,
170.9810,asiya,Scroll,Scroll,665,758,0.00,0.00,None,N/A,
170.9915,asiya,Scroll,Scroll,665,758,0.00,0.00,None,N/A,
171.0010,asiya,Scroll,Scroll,665,758,0.00,0.00,None,N/A,
171.0110,asiya,Scroll,Scroll,665,758,0.00,0.00,None,N/A,
171.0215,asiya,Scroll,Scroll,665,758,0.00,0.00,None,N/A,
171.0311,asiya,Scroll,Scroll,665,758,0.00,0.00,None,N/A,
171.0416,asiya,Scroll,Scroll,665,758,0.00,0.00,None,N/A,
171.0511,asiya,Scroll,Scroll,665,758,0.00,0.00,None,N/A,
171.0615,asiya,Scroll,Scroll,665,758,0.00,0.00,None,N/A,
171.0719,asiya,Scroll,Scroll,665,758,0.00,0.00,None,N/A,
171.0814,asiya,Scroll,Scroll,665,758,0.00,0.00,None,N/A,
171.0919,asiya,Scroll,Scroll,665,758,0.00,0.00,None,N/A,
171.1013,asiya,Scroll,Scroll,665,758,0.00,0.00,None,N/A,
171.1118,asiya,Scroll,Scroll,665,758,0.00,0.00,None,N/A,
171.1211,asiya,Scroll,Scroll,665,758,0.00,0.00,None,N/A,
171.1316,asiya,Scroll,Scroll,665,758,0.00,0.00,None,N/A,
171.1416,asiya,Scroll,Scroll,665,758,0.00,0.00,None,N/A,
171.1510,asiya,Scroll,Scroll,665,758,0.00,0.00,None,N/A,
171.1614,asiya,Scroll,Scroll,665,758,0.00,0.00,None,N/A,
171.1718,asiya,Scroll,Scroll,665,758,0.00,0.00,None,N/A,
171.1818,asiya,Scroll,Scroll,660,753,701.04,69502.57,None,N/A,
171.1916,asiya,Scroll,Scroll,653,748,885.16,18945.13,None,N/A,
171.2014,asiya,Scroll,Scroll,641,738,1586.14,71179.45,None,N/A,
171.2117,asiya,Scroll,Scroll,637,734,548.79,-100637.14,None,N/A,
171.2213,asiya,Scroll,Scroll,632,727,898.20,36483.00,None,N/A,
171.2314,asiya,Scroll,Scroll,630,725,279.91,-61188.48,None,N/A,
171.2409,asiya,Scroll,Scroll,627,720,613.11,35034.10,None,N/A,
171.2513,asiya,Scroll,Scroll,626,717,304.08,-29715.45,None,N/A,
171.2619,asiya,Scroll,Scroll,623,712,549.36,23108.64,None,N/A,
171.2710,asiya,Scroll,Scroll,622,710,246.36,-33382.64,None,N/A,
171.2814,asiya,Scroll,Scroll,619,704,643.31,38066.83,None,N/A,
171.2910,asiya,Scroll,Scroll,618,702,233.27,-42775.30,None,N/A,
171.3012,asiya,Scroll,Scroll,617,700,220.23,-1284.46,None,N/A,
171.3110,asiya,Scroll,Scroll,616,697,321.16,10250.76,None,N/A,
171.3213,asiya,Scroll,Scroll,615,696,137.71,-17863.64,None,N/A,
171.3315,asiya,Scroll,Scroll,614,694,218.40,7880.66,None,N/A,
171.3419,asiya,Scroll,Scroll,614,693,96.61,-11766.06,None,N/A,
171.3512,asiya,Scroll,Scroll,613,691,240.11,15408.56,None,N/A,
171.3616,asiya,Scroll,Scroll,613,691,0.00,-23162.31,None,N/A,
171.3714,asiya,Scroll,Scroll,613,690,101.17,10235.36,None,N/A,
171.3811,asiya,Scroll,Scroll,613,690,0.00,-10494.57,None,N/A,
171.3913,asiya,Scroll,Scroll,613,689,98.22,9646.34,None,N/A,
171.4011,asiya,Scroll,Scroll,613,689,0.00,-10011.34,None,N/A,
171.4113,asiya,Scroll,Scroll,613,688,97.88,9580.71,None,N/A,
171.4215,asiya,Scroll,Scroll,613,688,0.00,-9542.86,None,N/A,
171.4313,asiya,Scroll,Scroll,613,688,0.00,0.00,None,N/A,
171.4410,asiya,Scroll,Scroll,613,687,102.69,10544.89,None,N/A,
171.4511,asiya,Scroll,Scroll,613,687,0.00,-10196.64,None,N/A,
171.4619,asiya,Scroll,Scroll,612,685,208.35,19412.89,None,N/A,
171.4710,asiya,Scroll,Scroll,612,683,219.14,1183.01,None,N/A,
171.4816,asiya,Scroll,Scroll,611,679,386.63,15705.39,None,N/A,
171.4914,asiya,Scroll,Scroll,610,676,324.85,-6346.56,None,N/A,
171.5009,asiya,Scroll,Scroll,610,673,314.09,-1126.76,None,N/A,
171.5119,asiya,Scroll,Scroll,609,671,204.05,-10041.40,None,N/A,
171.5213,asiya,Scroll,Scroll,609,669,212.82,933.36,None,N/A,
171.5312,asiya,Scroll,Scroll,609,668,101.33,-11297.02,None,N/A,
171.5414,asiya,Scroll,Scroll,609,667,97.48,-376.02,None,N/A,
171.5511,asiya,Scroll,Scroll,609,666,103.60,634.02,None,N/A,
171.5610,asiya,Scroll,Scroll,609,665,100.54,-306.87,None,N/A,
171.5715,asiya,Scroll,Scroll,609,665,0.00,-9571.99,None,N/A,
171.5815,asiya,Scroll,Scroll,609,664,100.46,10092.69,None,N/A,
171.5909,asiya,Scroll,Scroll,609,664,0.00,-10612.24,None,N/A,
171.6012,asiya,Scroll,Scroll,609,663,97.20,9448.40,None,N/A,
171.6118,asiya,Scroll,Scroll,610,663,94.17,-285.86,None,N/A,
171.6217,asiya,Scroll,Scroll,610,662,101.01,691.09,None,N/A,
171.6314,asiya,Scroll,Scroll,612,661,230.50,13348.01,None,N/A,
171.6413,asiya,Scroll,Scroll,613,661,101.39,-13090.30,None,N/A,
171.6512,asiya,Scroll,Scroll,614,660,143.51,4273.56,None,N/A,
171.6617,asiya,Scroll,Scroll,616,660,189.79,4392.41,None,N/A,
171.6710,asiya,Scroll,Scroll,617,659,152.85,-3992.41,None,N/A,
171.6814,asiya,Scroll,Scroll,620,659,288.14,12994.20,None,N/A,
171.6913,asiya,Scroll,Scroll,621,658,142.51,-14675.39,None,N/A,
171.7011,asiya,Scroll,Scroll,624,658,305.70,16629.52,None,N/A,
171.7116,asiya,Scroll,Scroll,626,658,189.73,-11001.58,None,N/A,
171.7217,asiya,Scroll,Scroll,629,658,296.96,10614.04,None,N/A,
171.7315,asiya,Scroll,Scroll,631,658,204.92,-9430.28,None,N/A,
171.7419,asiya,Scroll,Scroll,634,659,304.00,9525.45,None,N/A,
171.7513,asiya,Scroll,Scroll,635,659,106.49,-21033.13,None,N/A,
171.7610,asiya,Scroll,Scroll,636,660,145.57,4021.80,None,N/A,
171.7716,asiya,Scroll,Scroll,639,660,282.04,12830.37,None,N/A,
171.7815,asiya,Scroll,Scroll,640,661,143.07,-14058.96,None,N/A,
171.7912,asiya,Scroll,Scroll,642,662,231.05,9091.66,None,N/A,
171.8011,asiya,Scroll,Scroll,643,662,100.69,-13126.56,None,N/A,
171.8118,asiya,Scroll,Scroll,645,664,264.79,15362.80,None,N/A,
171.8218,asiya,Scroll,Scroll,646,665,141.99,-12329.69,None,N/A,
171.8315,asiya,Scroll,Scroll,649,668,436.20,30248.95,None,N/A,
171.8412,asiya,Scroll,Scroll,650,670,231.68,-21190.81,None,N/A,
171.8509,asiya,Scroll,Scroll,652,673,370.66,14287.29,None,N/A,
171.8616,asiya,Scroll,Scroll,653,675,208.06,-15129.13,None,N/A,
171.8714,asiya,Scroll,Scroll,655,679,458.66,25701.88,None,N/A,
171.8819,asiya,Scroll,Scroll,655,681,190.42,-25539.48,None,N/A,
171.8914,asiya,Scroll,Scroll,656,683,236.28,4846.11,None,N/A,
171.9010,asiya,Scroll,Scroll,657,685,232.78,-365.07,None,N/A,
171.9118,asiya,Scroll,Scroll,657,687,184.59,-4447.11,None,N/A,
171.9215,asiya,Scroll,Scroll,658,689,230.18,4692.29,None,N/A,
171.9313,asiya,Scroll,Scroll,658,691,204.36,-2637.79,None,N/A,
171.9418,asiya,Scroll,Scroll,658,693,189.73,-1388.19,None,N/A,
171.9510,asiya,Scroll,Scroll,658,695,217.18,2980.48,None,N/A,
171.9618,asiya,Scroll,Scroll,657,697,208.06,-848.50,None,N/A,
171.9716,asiya,Scroll,Scroll,657,698,102.20,-10818.47,None,N/A,
171.9812,asiya,Scroll,Scroll,655,701,374.34,28255.78,None,N/A,
171.9912,asiya,Scroll,Scroll,654,702,141.42,-23292.13,None,N/A,
172.0010,asiya,Scroll,Scroll,652,703,227.39,8742.81,None,N/A,
172.0114,asiya,Scroll,Scroll,645,705,702.41,45830.80,None,N/A,
172.0216,asiya,Scroll,Scroll,641,705,390.77,-30444.55,None,N/A,
172.0311,asiya,Scroll,Scroll,630,706,1164.71,81611.02,None,N/A,
172.0413,asiya,Scroll,Scroll,623,705,693.45,-46216.03,None,N/A,
172.0519,asiya,Scroll,Scroll,610,702,1267.47,54532.92,None,N/A,
172.0616,asiya,Scroll,Scroll,603,700,750.41,-53297.27,None,N/A,
172.0715,asiya,Scroll,Scroll,592,695,1219.00,47273.77,None,N/A,
172.0813,asiya,Scroll,Scroll,588,692,509.77,-72309.03,None,N/A,
172.0919,asiya,Scroll,Scroll,582,687,737.96,21559.96,None,N/A,
172.1011,asiya,Scroll,Scroll,579,686,342.58,-42832.23,None,N/A,
172.1114,asiya,Scroll,Scroll,576,683,410.53,6575.56,None,N/A,
172.1214,asiya,Scroll,Scroll,575,682,141.93,-26956.43,None,N/A,
172.1314,asiya,Scroll,Scroll,575,681,99.39,-4227.69,None,N/A,
172.1409,asiya,Scroll,Scroll,573,679,298.04,20932.93,None,N/A,
172.1513,asiya,Scroll,Scroll,573,677,193.23,-10126.35,None,N/A,
172.1615,asiya,Scroll,Scroll,572,674,309.56,11387.93,None,N/A,
172.1715,asiya,Scroll,Scroll,572,672,199.35,-10985.35,None,N/A,
172.1813,asiya,Scroll,Scroll,572,668,411.08,21758.37,None,N/A,
172.1911,asiya,Scroll,Scroll,572,666,203.59,-21120.96,None,N/A,
172.2009,asiya,Scroll,Scroll,573,664,228.14,2505.44,None,N/A,
172.2117,asiya,Scroll,Scroll,573,663,92.21,-12534.46,None,N/A,
172.2217,asiya,Scroll,Scroll,574,662,142.13,5016.43,None,N/A,
172.2312,asiya,Scroll,Scroll,574,662,0.00,-14923.17,None,N/A,
172.2421,asiya,Scroll,Scroll,574,662,0.00,0.00,None,N/A,
172.2521,asiya,Scroll,Scroll,574,662,0.00,0.00,None,N/A,
172.2622,asiya,Scroll,Scroll,574,662,0.00,0.00,None,N/A,
172.2719,asiya,Scroll,Scroll,574,662,0.00,0.00,None,N/A,
172.2815,asiya,Scroll,Scroll,574,662,0.00,0.00,None,N/A,
172.2910,asiya,Scroll,Scroll,574,662,0.00,0.00,None,N/A,
172.3020,asiya,Scroll,Scroll,574,662,0.00,0.00,None,N/A,
172.3116,asiya,Scroll,Scroll,574,662,0.00,0.00,None,N/A,
172.3211,asiya,Scroll,Scroll,574,662,0.00,0.00,None,N/A,
172.3316,asiya,Scroll,Scroll,574,662,0.00,0.00,None,N/A,
172.3410,asiya,Scroll,Scroll,574,662,0.00,0.00,None,N/A,
172.3514,asiya,Scroll,Scroll,574,662,0.00,0.00,None,N/A,
172.3618,asiya,Scroll,Scroll,574,662,0.00,0.00,None,N/A,
172.3714,asiya,Scroll,Scroll,574,662,0.00,0.00,None,N/A,
172.3810,asiya,Scroll,Scroll,574,662,0.00,0.00,None,N/A,
172.3914,asiya,Scroll,Scroll,574,662,0.00,0.00,None,N/A,
172.4018,asiya,Scroll,Scroll,573,655,679.33,65264.52,None,N/A,
172.4120,asiya,Scroll,Scroll,572,648,692.93,1332.95,None,N/A,
172.4213,asiya,Scroll,Scroll,571,637,1191.55,53790.33,None,N/A,
172.4310,asiya,Scroll,Scroll,570,632,524.47,-68614.23,None,N/A,
172.4418,asiya,Scroll,Scroll,570,627,464.46,-5574.05,None,N/A,
172.4519,asiya,Scroll,Scroll,570,625,196.86,-26340.20,None,N/A,
172.4611,asiya,Scroll,Scroll,570,621,435.52,25986.28,None,N/A,
172.4713,asiya,Scroll,Scroll,570,620,98.07,-33093.17,None,N/A,
172.4811,asiya,Scroll,Scroll,570,616,411.12,32174.84,None,N/A,
172.4910,asiya,Scroll,Scroll,570,615,100.66,-31249.46,None,N/A,
172.5018,asiya,Scroll,Scroll,570,614,92.33,-768.27,None,N/A,
172.5112,asiya,Scroll,Scroll,570,611,320.25,24329.81,None,N/A,
172.5213,asiya,Scroll,Scroll,570,610,98.66,-21861.91,None,N/A,
172.5312,asiya,Scroll,Scroll,570,609,101.34,272.02,None,N/A,
172.5410,asiya,Scroll,Scroll,570,608,101.95,61.52,None,N/A,
172.5518,asiya,Scroll,Scroll,570,607,92.83,-846.57,None,N/A,
172.5616,asiya,Scroll,Scroll,570,606,102.01,936.90,None,N/A,
172.5709,asiya,Scroll,Scroll,570,606,0.00,-10928.64,None,N/A,
172.5812,asiya,Scroll,Scroll,570,605,97.05,9419.56,None,N/A,
172.5913,asiya,Scroll,Scroll,570,605,0.00,-9597.00,None,N/A,
172.6016,asiya,Scroll,Scroll,570,604,96.94,9396.93,None,N/A,
172.6115,asiya,Scroll,Scroll,570,604,0.00,-9871.96,None,N/A,
172.6212,asiya,Scroll,Scroll,570,603,102.93,10594.11,None,N/A,
172.6311,asiya,Scroll,Scroll,571,602,143.03,4056.43,None,N/A,
172.6417,asiya,Scroll,Scroll,571,600,188.09,4236.70,None,N/A,
172.6517,asiya,Scroll,Scroll,572,599,140.78,-4709.06,None,N/A,
172.6613,asiya,Scroll,Scroll,572,596,314.82,18264.47,None,N/A,
172.6713,asiya,Scroll,Scroll,573,595,141.45,-17340.87,None,N/A,
172.6810,asiya,Scroll,Scroll,573,592,307.56,17030.17,None,N/A,
172.6910,asiya,Scroll,Scroll,574,591,141.29,-16611.66,None,N/A,
172.7013,asiya,Scroll,Scroll,574,589,194.07,5120.98,None,N/A,
172.7114,asiya,Scroll,Scroll,575,588,140.91,-5296.57,None,N/A,
172.7214,asiya,Scroll,Scroll,575,587,100.03,-4089.24,None,N/A,
172.7316,asiya,Scroll,Scroll,576,585,218.99,11650.50,None,N/A,
172.7418,asiya,Scroll,Scroll,576,584,97.44,-11844.03,None,N/A,
172.7516,asiya,Scroll,Scroll,577,582,230.06,13644.08,None,N/A,
172.7613,asiya,Scroll,Scroll,578,581,145.11,-8716.32,None,N/A,
172.7711,asiya,Scroll,Scroll,579,578,323.33,18221.97,None,N/A,
172.7811,asiya,Scroll,Scroll,580,576,223.75,-9964.10,None,N/A,
172.7915,asiya,Scroll,Scroll,582,570,605.93,36615.37,None,N/A,
172.8020,asiya,Scroll,Scroll,583,567,303.12,-29026.06,None,N/A,
172.8111,asiya,Scroll,Scroll,584,562,559.43,28120.06,None,N/A,
172.8212,asiya,Scroll,Scroll,585,559,311.26,-24426.63,None,N/A,
172.8311,asiya,Scroll,Scroll,586,557,227.36,-8531.29,None,N/A,
172.8416,asiya,Scroll,Scroll,587,554,300.64,6967.55,None,N/A,
172.8515,asiya,Scroll,Scroll,588,552,224.83,-7623.02,None,N/A,
172.8611,asiya,Scroll,Scroll,588,550,208.42,-1710.21,None,N/A,
172.8712,asiya,Scroll,Scroll,589,549,140.87,-6728.41,None,N/A,
172.8818,asiya,Scroll,Scroll,590,546,298.02,14809.70,None,N/A,
172.8916,asiya,Scroll,Scroll,591,544,227.13,-7200.25,None,N/A,
172.9014,asiya,Scroll,Scroll,593,540,456.18,23363.37,None,N/A,
172.9114,asiya,Scroll,Scroll,594,538,224.86,-23261.24,None,N/A,
172.9209,asiya,Scroll,Scroll,596,534,467.77,25407.08,None,N/A,
172.9319,asiya,Scroll,Scroll,596,532,181.83,-25996.13,None,N/A,
172.9413,asiya,Scroll,Scroll,598,530,300.54,12613.87,None,N/A,
172.9516,asiya,Scroll,Scroll,598,529,97.68,-19815.35,None,N/A,
172.9611,asiya,Scroll,Scroll,598,529,0.00,-10302.06,None,N/A,
172.9709,asiya,Scroll,Scroll,598,529,0.00,0.00,None,N/A,
172.9817,asiya,Scroll,Scroll,598,529,0.00,0.00,None,N/A,
172.9913,asiya,Scroll,Scroll,598,529,0.00,0.00,None,N/A,
173.0018,asiya,Scroll,Scroll,598,529,0.00,0.00,None,N/A,
173.0112,asiya,Scroll,Scroll,598,529,0.00,0.00,None,N/A,
173.0215,asiya,Scroll,Scroll,598,529,0.00,0.00,None,N/A,
173.0310,asiya,Scroll,Scroll,598,529,0.00,0.00,None,N/A,
173.0416,asiya,Scroll,Scroll,598,529,0.00,0.00,None,N/A,
173.0511,asiya,Scroll,Scroll,598,529,0.00,0.00,None,N/A,
173.0615,asiya,Scroll,Scroll,598,529,0.00,0.00,None,N/A,
173.0719,asiya,Scroll,Scroll,598,529,0.00,0.00,None,N/A,
173.0814,asiya,Scroll,Scroll,598,529,0.00,0.00,None,N/A,
173.0913,asiya,Scroll,Scroll,598,529,0.00,0.00,None,N/A,
173.1018,asiya,Scroll,Scroll,598,529,0.00,0.00,None,N/A,
173.1112,asiya,Scroll,Scroll,598,529,0.00,0.00,None,N/A,
173.1217,asiya,Scroll,Scroll,598,529,0.00,0.00,None,N/A,
173.1312,asiya,Scroll,Scroll,598,529,0.00,0.00,None,N/A,
173.1416,asiya,Scroll,Scroll,598,529,0.00,0.00,None,N/A,
173.1510,asiya,Scroll,Scroll,598,529,0.00,0.00,None,N/A,
173.1614,asiya,Scroll,Scroll,598,529,0.00,0.00,None,N/A,
173.1710,asiya,Scroll,Scroll,598,529,0.00,0.00,None,N/A,
173.1814,asiya,Scroll,Scroll,595,518,1094.54,105072.15,None,N/A,
173.1917,asiya,Scroll,Scroll,594,513,498.31,-58267.00,None,N/A,
173.2015,asiya,Scroll,Scroll,594,510,305.37,-19638.93,None,N/A,
173.2116,asiya,Scroll,Scroll,593,506,409.40,10329.50,None,N/A,
173.2211,asiya,Scroll,Scroll,593,505,105.05,-31972.59,None,N/A,
173.2319,asiya,Scroll,Scroll,593,503,185.65,7481.00,None,N/A,
173.2415,asiya,Scroll,Scroll,593,502,103.54,-8501.33,None,N/A,
173.2513,asiya,Scroll,Scroll,593,500,204.08,10258.98,None,N/A,
173.2614,asiya,Scroll,Scroll,593,499,98.87,-10401.86,None,N/A,
173.2718,asiya,Scroll,Scroll,593,498,96.18,-258.20,None,N/A,
173.2814,asiya,Scroll,Scroll,593,497,104.43,860.75,None,N/A,
173.2913,asiya,Scroll,Scroll,593,496,101.59,-287.81,None,N/A,
173.3013,asiya,Scroll,Scroll,593,495,99.33,-224.88,None,N/A,
173.3111,asiya,Scroll,Scroll,593,494,102.13,286.05,None,N/A,
173.3215,asiya,Scroll,Scroll,593,492,192.97,8764.03,None,N/A,
173.3320,asiya,Scroll,Scroll,593,490,190.93,-194.13,None,N/A,
173.3412,asiya,Scroll,Scroll,593,488,217.32,2866.78,None,N/A,
173.3514,asiya,Scroll,Scroll,594,486,219.19,183.82,None,N/A,
173.3619,asiya,Scroll,Scroll,594,484,189.54,-2810.13,None,N/A,
173.3719,asiya,Scroll,Scroll,594,483,100.40,-8949.51,None,N/A,
173.3816,asiya,Scroll,Scroll,594,482,103.24,292.63,None,N/A,
173.3915,asiya,Scroll,Scroll,594,481,100.07,-317.20,None,N/A,
173.4010,asiya,Scroll,Scroll,594,480,105.26,546.94,None,N/A,
173.4119,asiya,Scroll,Scroll,594,480,0.00,-9736.35,None,N/A,
173.4216,asiya,Scroll,Scroll,594,479,102.56,10518.09,None,N/A,
173.4314,asiya,Scroll,Scroll,594,479,0.00,-10430.36,None,N/A,
173.4413,asiya,Scroll,Scroll,594,479,0.00,0.00,None,N/A,
173.4513,asiya,Scroll,Scroll,594,478,100.30,10059.41,None,N/A,
173.4617,asiya,Scroll,Scroll,594,478,0.00,-9644.29,None,N/A,
173.4718,asiya,Scroll,Scroll,594,477,98.33,9668.96,None,N/A,
173.4815,asiya,Scroll,Scroll,594,477,0.00,-10134.15,None,N/A,
173.4912,asiya,Scroll,Scroll,595,476,145.72,15015.48,None,N/A,
173.5012,asiya,Scroll,Scroll,595,476,0.00,-14579.93,None,N/A,
173.5119,asiya,Scroll,Scroll,596,475,132.65,12441.98,None,N/A,
173.5219,asiya,Scroll,Scroll,596,474,100.35,-3241.19,None,N/A,
173.5314,asiya,Scroll,Scroll,596,473,104.85,472.43,None,N/A,
173.5413,asiya,Scroll,Scroll,596,472,101.53,-337.11,None,N/A,
173.5511,asiya,Scroll,Scroll,596,472,0.00,-10351.43,None,N/A,
173.5617,asiya,Scroll,Scroll,597,470,209.99,19720.98,None,N/A,
173.5717,asiya,Scroll,Scroll,597,470,0.00,-21072.26,None,N/A,
173.5813,asiya,Scroll,Scroll,597,470,0.00,0.00,None,N/A,
173.5914,asiya,Scroll,Scroll,597,469,98.85,9771.32,None,N/A,
173.6010,asiya,Scroll,Scroll,597,469,0.00,-10327.22,None,N/A,
173.6114,asiya,Scroll,Scroll,597,469,0.00,0.00,None,N/A,
173.6218,asiya,Scroll,Scroll,597,469,0.00,0.00,None,N/A,
173.6312,asiya,Scroll,Scroll,597,469,0.00,0.00,None,N/A,
173.6410,asiya,Scroll,Scroll,597,469,0.00,0.00,None,N/A,
173.6514,asiya,Scroll,Scroll,597,469,0.00,0.00,None,N/A,
173.6611,asiya,Scroll,Scroll,597,469,0.00,0.00,None,N/A,
173.6717,asiya,Scroll,Scroll,597,469,0.00,0.00,None,N/A,
173.6813,asiya,Scroll,Scroll,597,469,0.00,0.00,None,N/A,
173.6910,asiya,Scroll,Scroll,597,469,0.00,0.00,None,N/A,
173.7013,asiya,Scroll,Scroll,597,470,96.97,9403.89,None,N/A,
173.7111,asiya,Scroll,Scroll,597,470,0.00,-9879.45,None,N/A,
173.7217,asiya,Scroll,Scroll,597,471,94.46,8922.28,None,N/A,
173.7318,asiya,Scroll,Scroll,597,471,0.00,-9391.16,None,N/A,
173.7413,asiya,Scroll,Scroll,597,471,0.00,0.00,None,N/A,
173.7511,asiya,Scroll,Scroll,597,471,0.00,0.00,None,N/A,
173.7616,asiya,Scroll,Scroll,597,471,0.00,0.00,None,N/A,
173.7712,asiya,Scroll,Scroll,597,471,0.00,0.00,None,N/A,
173.7816,asiya,Scroll,Scroll,597,471,0.00,0.00,None,N/A,
173.7910,asiya,Scroll,Scroll,597,471,0.00,0.00,None,N/A,
173.8014,asiya,Scroll,Scroll,597,471,0.00,0.00,None,N/A,
173.8117,asiya,Scroll,Scroll,597,471,0.00,0.00,None,N/A,
173.8215,asiya,Scroll,Scroll,597,471,0.00,0.00,None,N/A,
173.8310,asiya,Scroll,Scroll,597,471,0.00,0.00,None,N/A,
173.8410,asiya,Scroll,Scroll,597,471,0.00,0.00,None,N/A,
173.8514,asiya,Scroll,Scroll,597,471,0.00,0.00,None,N/A,
173.8628,asiya,Scroll,Scroll,597,471,0.00,0.00,None,N/A,
173.8715,asiya,Scroll,Scroll,597,471,0.00,0.00,None,N/A,
173.8833,asiya,Scroll,Scroll,597,471,0.00,0.00,None,N/A,
173.8911,asiya,Scroll,Scroll,597,471,0.00,0.00,None,N/A,
173.9016,asiya,Scroll,Scroll,597,471,0.00,0.00,None,N/A,
173.9116,asiya,Scroll,Scroll,597,471,0.00,0.00,None,N/A,
173.9213,asiya,Scroll,Scroll,597,471,0.00,0.00,None,N/A,
173.9318,asiya,Scroll,Scroll,597,471,0.00,0.00,None,N/A,
173.9412,asiya,Scroll,Scroll,597,471,0.00,0.00,None,N/A,
173.9517,asiya,Scroll,Scroll,597,471,0.00,0.00,None,N/A,
173.9612,asiya,Scroll,Scroll,597,471,0.00,0.00,None,N/A,
173.9717,asiya,Scroll,Scroll,597,471,0.00,0.00,None,N/A,
173.9816,asiya,Scroll,Scroll,597,471,0.00,0.00,None,N/A,
173.9918,asiya,Scroll,Scroll,597,471,0.00,0.00,Left,N/A,
174.0013,asiya,Scroll,Scroll,597,471,0.00,0.00,Left,N/A,
174.0111,asiya,Scroll,Scroll,597,471,0.00,0.00,Left,N/A,
174.0216,asiya,Scroll,Scroll,597,471,0.00,0.00,Left,N/A,
174.0312,asiya,Scroll,Scroll,597,471,0.00,0.00,Left,N/A,
174.0416,asiya,Scroll,Scroll,597,471,0.00,0.00,Left,N/A,
174.0511,asiya,Scroll,Scroll,597,471,0.00,0.00,Left,N/A,
174.0616,asiya,Scroll,Scroll,597,471,0.00,0.00,Left,N/A,
174.0711,asiya,Scroll,Scroll,597,471,0.00,0.00,Left,N/A,
174.0816,asiya,Scroll,Scroll,597,471,0.00,0.00,Left,N/A,
174.0910,asiya,Scroll,Scroll,597,471,0.00,0.00,Left,N/A,
174.1014,asiya,Scroll,Scroll,597,471,0.00,0.00,Left,N/A,
174.1119,asiya,Scroll,Scroll,597,471,0.00,0.00,Left,N/A,
174.1214,asiya,Scroll,Scroll,597,471,0.00,0.00,Left,N/A,
174.1320,asiya,Scroll,Scroll,597,471,0.00,0.00,Left,N/A,
174.1414,asiya,Scroll,Scroll,597,471,0.00,0.00,Left,N/A,
174.1518,asiya,Scroll,Scroll,597,471,0.00,0.00,Left,N/A,
174.1613,asiya,Scroll,Scroll,597,471,0.00,0.00,Left,N/A,
174.1650,asiya,Scroll,Scroll,597,471,0.00,0.00,None,N/A,scroll_item_selected_correct
174.1710,asiya,Scroll,Scroll,597,471,0.00,0.00,None,N/A,
174.1815,asiya,Scroll,Scroll,597,471,0.00,0.00,None,N/A,
174.1910,asiya,Scroll,Scroll,597,471,0.00,0.00,None,N/A,
174.2015,asiya,Scroll,Scroll,597,471,0.00,0.00,None,N/A,
174.2111,asiya,Scroll,Scroll,597,471,0.00,0.00,None,N/A,
174.2210,asiya,Scroll,Scroll,597,471,0.00,0.00,None,N/A,
174.2316,asiya,Scroll,Scroll,597,471,0.00,0.00,None,N/A,
174.2411,asiya,Scroll,Scroll,597,471,0.00,0.00,None,N/A,
174.2516,asiya,Scroll,Scroll,597,471,0.00,0.00,None,N/A,
174.2614,asiya,Scroll,Scroll,597,471,0.00,0.00,None,N/A,
174.2710,asiya,Scroll,Scroll,597,471,0.00,0.00,None,N/A,
174.2816,asiya,Scroll,Scroll,597,471,0.00,0.00,None,N/A,
174.2911,asiya,Scroll,Scroll,597,471,0.00,0.00,None,N/A,
174.3018,asiya,Scroll,Scroll,597,471,0.00,0.00,None,N/A,
174.3114,asiya,Scroll,Scroll,597,471,0.00,0.00,None,N/A,
174.3219,asiya,Scroll,Scroll,597,471,0.00,0.00,None,N/A,
174.3314,asiya,Scroll,Scroll,597,471,0.00,0.00,None,N/A,
174.3410,asiya,Scroll,Scroll,597,471,0.00,0.00,None,N/A,
174.3514,asiya,Scroll,Scroll,597,471,0.00,0.00,None,N/A,
174.3610,asiya,Scroll,Scroll,597,471,0.00,0.00,None,N/A,
174.3717,asiya,Scroll,Scroll,597,471,0.00,0.00,None,N/A,
174.3813,asiya,Scroll,Scroll,597,471,0.00,0.00,None,N/A,
174.3910,asiya,Scroll,Scroll,597,471,0.00,0.00,None,N/A,
174.4016,asiya,Scroll,Scroll,597,471,0.00,0.00,None,N/A,
174.4112,asiya,Scroll,Scroll,597,471,0.00,0.00,None,N/A,
174.4217,asiya,Scroll,Scroll,597,471,0.00,0.00,None,N/A,
174.4312,asiya,Scroll,Scroll,597,471,0.00,0.00,None,N/A,
174.4411,asiya,Scroll,Scroll,597,471,0.00,0.00,None,N/A,
174.4516,asiya,Scroll,Scroll,597,471,0.00,0.00,None,N/A,
174.4612,asiya,Scroll,Scroll,597,471,0.00,0.00,None,N/A,
174.4720,asiya,Scroll,Scroll,597,471,0.00,0.00,None,N/A,
174.4816,asiya,Scroll,Scroll,597,471,0.00,0.00,None,N/A,
174.4915,asiya,Scroll,Scroll,597,471,0.00,0.00,None,N/A,
174.5019,asiya,Scroll,Scroll,597,471,0.00,0.00,None,N/A,
174.5115,asiya,Scroll,Scroll,597,471,0.00,0.00,None,N/A,
174.5211,asiya,Scroll,Scroll,597,471,0.00,0.00,None,N/A,
174.5316,asiya,Scroll,Scroll,597,471,0.00,0.00,None,N/A,
174.5411,asiya,Scroll,Scroll,597,471,0.00,0.00,None,N/A,
174.5515,asiya,Scroll,Scroll,597,471,0.00,0.00,None,N/A,
174.5610,asiya,Scroll,Scroll,597,471,0.00,0.00,None,N/A,
174.5715,asiya,Scroll,Scroll,597,471,0.00,0.00,None,N/A,
174.5810,asiya,Scroll,Scroll,597,471,0.00,0.00,None,N/A,
174.5910,asiya,Scroll,Scroll,597,471,0.00,0.00,None,N/A,
174.6014,asiya,Scroll,Scroll,597,471,0.00,0.00,None,N/A,
174.6119,asiya,Scroll,Scroll,597,471,0.00,0.00,None,N/A,
174.6216,asiya,Scroll,Scroll,597,471,0.00,0.00,None,N/A,
174.6311,asiya,Scroll,Scroll,597,471,0.00,0.00,None,N/A,
174.6418,asiya,Scroll,Scroll,597,471,0.00,0.00,None,N/A,
174.6514,asiya,Scroll,Scroll,597,471,0.00,0.00,None,N/A,
174.6619,asiya,Scroll,Scroll,597,471,0.00,0.00,None,N/A,
174.6714,asiya,Scroll,Scroll,597,471,0.00,0.00,None,N/A,
174.6819,asiya,Scroll,Scroll,597,471,0.00,0.00,None,N/A,
174.6914,asiya,Scroll,Scroll,597,471,0.00,0.00,None,N/A,
174.7018,asiya,Scroll,Scroll,597,471,0.00,0.00,None,N/A,
174.7112,asiya,Scroll,Scroll,597,471,0.00,0.00,None,N/A,
174.7217,asiya,Scroll,Scroll,597,471,0.00,0.00,None,N/A,
174.7312,asiya,Scroll,Scroll,597,471,0.00,0.00,None,N/A,
174.7416,asiya,Scroll,Scroll,597,471,0.00,0.00,None,N/A,
174.7510,asiya,Scroll,Scroll,597,471,0.00,0.00,None,N/A,
174.7615,asiya,Scroll,Scroll,597,471,0.00,0.00,None,N/A,
174.7711,asiya,Scroll,Scroll,597,471,0.00,0.00,None,N/A,
174.7815,asiya,Scroll,Scroll,597,471,0.00,0.00,None,N/A,
174.7911,asiya,Scroll,Scroll,597,471,0.00,0.00,None,N/A,
174.8015,asiya,Scroll,Scroll,597,471,0.00,0.00,None,N/A,
174.8110,asiya,Scroll,Scroll,597,471,0.00,0.00,None,N/A,
174.8216,asiya,Scroll,Scroll,597,471,0.00,0.00,None,N/A,
174.8312,asiya,Scroll,Scroll,597,471,0.00,0.00,None,N/A,
174.8417,asiya,Scroll,Scroll,597,471,0.00,0.00,None,N/A,
174.8512,asiya,Scroll,Scroll,597,471,0.00,0.00,None,N/A,
174.8618,asiya,Scroll,Scroll,597,471,0.00,0.00,None,N/A,
174.8714,asiya,Scroll,Scroll,597,471,0.00,0.00,None,N/A,
174.8810,asiya,Scroll,Scroll,597,471,0.00,0.00,None,N/A,
174.8912,asiya,Scroll,Scroll,597,471,0.00,0.00,None,N/A,
174.9015,asiya,Scroll,Scroll,597,471,0.00,0.00,None,N/A,
174.9110,asiya,Scroll,Scroll,597,471,0.00,0.00,None,N/A,
174.9214,asiya,Scroll,Scroll,597,471,0.00,0.00,None,N/A,
174.9319,asiya,Scroll,Scroll,597,471,0.00,0.00,None,N/A,
174.9414,asiya,Scroll,Scroll,597,471,0.00,0.00,None,N/A,
174.9518,asiya,Scroll,Scroll,597,471,0.00,0.00,None,N/A,
174.9612,asiya,Scroll,Scroll,597,471,0.00,0.00,None,N/A,
174.9711,asiya,Scroll,Scroll,597,471,0.00,0.00,None,N/A,
174.9816,asiya,Scroll,Scroll,597,471,0.00,0.00,None,N/A,
174.9910,asiya,Scroll,Scroll,597,471,0.00,0.00,None,N/A,
175.0015,asiya,Scroll,Scroll,597,471,0.00,0.00,None,N/A,
175.0119,asiya,Scroll,Scroll,597,471,0.00,0.00,None,N/A,
175.0216,asiya,Scroll,Scroll,597,471,0.00,0.00,None,N/A,
175.0311,asiya,Scroll,Scroll,597,471,0.00,0.00,None,N/A,
175.0410,asiya,Scroll,Scroll,597,471,0.00,0.00,None,N/A,
175.0514,asiya,Scroll,Scroll,597,471,0.00,0.00,None,N/A,
175.0619,asiya,Scroll,Scroll,597,471,0.00,0.00,None,N/A,
175.0714,asiya,Scroll,Scroll,597,471,0.00,0.00,None,N/A,
175.0819,asiya,Scroll,Scroll,597,471,0.00,0.00,None,N/A,
175.0914,asiya,Scroll,Scroll,597,471,0.00,0.00,None,N/A,
175.1020,asiya,Scroll,Scroll,597,471,0.00,0.00,None,N/A,
175.1116,asiya,Scroll,Scroll,597,471,0.00,0.00,None,N/A,
175.1212,asiya,Scroll,Scroll,597,471,0.00,0.00,None,N/A,
175.1318,asiya,Scroll,Scroll,597,471,0.00,0.00,None,N/A,
175.1413,asiya,Scroll,Scroll,597,471,0.00,0.00,None,N/A,
175.1518,asiya,Scroll,Scroll,597,471,0.00,0.00,None,N/A,
175.1612,asiya,Scroll,Scroll,597,471,0.00,0.00,None,N/A,
175.1718,asiya,Scroll,Scroll,597,471,0.00,0.00,None,N/A,
175.1816,asiya,Scroll,Scroll,597,471,0.00,0.00,None,N/A,
175.1912,asiya,Scroll,Scroll,597,471,0.00,0.00,None,N/A,
175.2017,asiya,Scroll,Scroll,597,471,0.00,0.00,None,N/A,
175.2113,asiya,Scroll,Scroll,597,471,0.00,0.00,None,N/A,
175.2210,asiya,Scroll,Scroll,597,471,0.00,0.00,None,N/A,
175.2316,asiya,Scroll,Scroll,597,471,0.00,0.00,None,N/A,
175.2413,asiya,Scroll,Scroll,597,471,0.00,0.00,None,N/A,
175.2512,asiya,Scroll,Scroll,597,471,0.00,0.00,None,N/A,
175.2619,asiya,Scroll,Scroll,597,471,0.00,0.00,None,N/A,
175.2717,asiya,Scroll,Scroll,597,471,0.00,0.00,None,N/A,
175.2812,asiya,Scroll,Scroll,597,471,0.00,0.00,None,N/A,
175.2917,asiya,Scroll,Scroll,597,471,0.00,0.00,None,N/A,
175.3012,asiya,Scroll,Scroll,597,471,0.00,0.00,None,N/A,
175.3117,asiya,Scroll,Scroll,597,471,0.00,0.00,None,N/A,
175.3216,asiya,Scroll,Scroll,597,471,0.00,0.00,None,N/A,
175.3318,asiya,Scroll,Scroll,597,471,0.00,0.00,None,N/A,
175.3414,asiya,Scroll,Scroll,597,471,0.00,0.00,None,N/A,
175.3519,asiya,Scroll,Scroll,597,471,0.00,0.00,None,N/A,
175.3614,asiya,Scroll,Scroll,597,471,0.00,0.00,None,N/A,
175.3718,asiya,Scroll,Scroll,597,471,0.00,0.00,None,N/A,
175.3814,asiya,Scroll,Scroll,597,471,0.00,0.00,None,N/A,
175.3919,asiya,Scroll,Scroll,597,471,0.00,0.00,None,N/A,
175.4015,asiya,Scroll,Scroll,597,471,0.00,0.00,None,N/A,
175.4115,asiya,Scroll,Scroll,597,471,0.00,0.00,None,N/A,
175.4213,asiya,Scroll,Scroll,597,471,0.00,0.00,None,N/A,
175.4317,asiya,Scroll,Scroll,597,471,0.00,0.00,None,N/A,
175.4412,asiya,Scroll,Scroll,597,471,0.00,0.00,None,N/A,
175.4516,asiya,Scroll,Scroll,597,471,0.00,0.00,None,N/A,
175.4611,asiya,Scroll,Scroll,597,471,0.00,0.00,None,N/A,
175.4714,asiya,Scroll,Scroll,597,471,0.00,0.00,None,N/A,
175.4819,asiya,Scroll,Scroll,597,471,0.00,0.00,None,N/A,
175.4914,asiya,Scroll,Scroll,597,471,0.00,0.00,None,N/A,
175.5019,asiya,Scroll,Scroll,597,471,0.00,0.00,None,N/A,
175.5114,asiya,Scroll,Scroll,597,471,0.00,0.00,None,N/A,
175.5211,asiya,Scroll,Scroll,597,471,0.00,0.00,None,N/A,
175.5317,asiya,Scroll,Scroll,597,471,0.00,0.00,None,N/A,
175.5411,asiya,Scroll,Scroll,597,471,0.00,0.00,None,N/A,
175.5515,asiya,Scroll,Scroll,597,471,0.00,0.00,None,N/A,
175.5610,asiya,Scroll,Scroll,597,471,0.00,0.00,None,N/A,
175.5713,asiya,Scroll,Scroll,597,471,0.00,0.00,None,N/A,
175.5819,asiya,Scroll,Scroll,597,471,0.00,0.00,None,N/A,
175.5916,asiya,Scroll,Scroll,597,471,0.00,0.00,None,N/A,
175.6012,asiya,Scroll,Scroll,597,471,0.00,0.00,None,N/A,
175.6118,asiya,Scroll,Scroll,597,471,0.00,0.00,None,N/A,
175.6213,asiya,Scroll,Scroll,597,471,0.00,0.00,None,N/A,
175.6317,asiya,Scroll,Scroll,597,471,0.00,0.00,None,N/A,
175.6412,asiya,Scroll,Scroll,597,471,0.00,0.00,None,N/A,
175.6517,asiya,Scroll,Scroll,597,471,0.00,0.00,None,N/A,
175.6611,asiya,Scroll,Scroll,597,471,0.00,0.00,None,N/A,
175.6716,asiya,Scroll,Scroll,597,471,0.00,0.00,None,N/A,
175.6811,asiya,Scroll,Scroll,597,471,0.00,0.00,None,N/A,
175.6915,asiya,Scroll,Scroll,597,471,0.00,0.00,None,N/A,
175.7019,asiya,Scroll,Scroll,597,471,0.00,0.00,None,N/A,
175.7113,asiya,Scroll,Scroll,597,471,0.00,0.00,None,N/A,
175.7218,asiya,Scroll,Scroll,597,471,0.00,0.00,None,N/A,
175.7313,asiya,Scroll,Scroll,597,471,0.00,0.00,None,N/A,
175.7412,asiya,Scroll,Scroll,597,471,0.00,0.00,None,N/A,
175.7517,asiya,Scroll,Scroll,597,471,0.00,0.00,None,N/A,
175.7612,asiya,Scroll,Scroll,597,471,0.00,0.00,None,N/A,
175.7718,asiya,Scroll,Scroll,597,471,0.00,0.00,None,N/A,
175.7811,asiya,Scroll,Scroll,598,474,339.10,36362.63,None,N/A,
175.7910,asiya,Scroll,Scroll,601,479,589.63,25334.17,None,N/A,
175.8011,asiya,Scroll,Scroll,603,485,623.35,3322.76,None,N/A,
175.8116,asiya,Scroll,Scroll,608,496,1152.47,50467.70,None,N/A,
175.8218,asiya,Scroll,Scroll,610,501,531.17,-61282.67,None,N/A,
175.8315,asiya,Scroll,Scroll,613,511,1067.32,54810.12,None,N/A,
175.8411,asiya,Scroll,Scroll,615,516,563.21,-52722.10,None,N/A,
175.8511,asiya,Scroll,Scroll,619,525,988.35,42663.52,None,N/A,
175.8617,asiya,Scroll,Scroll,621,528,339.59,-61104.03,None,N/A,
175.8713,asiya,Scroll,Scroll,624,536,886.55,56753.86,None,N/A,
175.8814,asiya,Scroll,Scroll,626,539,357.60,-52461.39,None,N/A,
175.8919,asiya,Scroll,Scroll,629,544,555.34,18833.53,None,N/A,
175.9019,asiya,Scroll,Scroll,630,547,316.69,-23900.30,None,N/A,
175.9115,asiya,Scroll,Scroll,632,550,377.16,6326.14,None,N/A,
175.9216,asiya,Scroll,Scroll,633,552,220.13,-15459.18,None,N/A,
175.9314,asiya,Scroll,Scroll,634,553,144.57,-7724.57,None,N/A,
175.9409,asiya,Scroll,Scroll,634,553,0.00,-15134.50,None,N/A,
175.9513,asiya,Scroll,Scroll,634,553,0.00,0.00,None,N/A,
175.9618,asiya,Scroll,Scroll,634,553,0.00,0.00,None,N/A,
175.9714,asiya,Scroll,Scroll,634,553,0.00,0.00,None,N/A,
175.9819,asiya,Scroll,Scroll,634,553,0.00,0.00,None,N/A,
175.9914,asiya,Scroll,Scroll,634,553,0.00,0.00,None,N/A,
176.0018,asiya,Scroll,Scroll,634,553,0.00,0.00,None,N/A,
176.0112,asiya,Scroll,Scroll,634,553,0.00,0.00,None,N/A,
176.0217,asiya,Scroll,Scroll,634,553,0.00,0.00,None,N/A,
176.0317,asiya,Scroll,Scroll,634,553,0.00,0.00,None,N/A,
176.0411,asiya,Scroll,Scroll,634,553,0.00,0.00,None,N/A,
176.0515,asiya,Scroll,Scroll,634,553,0.00,0.00,None,N/A,
176.0610,asiya,Scroll,Scroll,634,553,0.00,0.00,None,N/A,
176.0714,asiya,Scroll,Scroll,634,553,0.00,0.00,None,N/A,
176.0819,asiya,Scroll,Scroll,634,553,0.00,0.00,None,N/A,
176.0913,asiya,Scroll,Scroll,634,553,0.00,0.00,None,N/A,
176.1017,asiya,Scroll,Scroll,634,553,0.00,0.00,None,N/A,
176.1112,asiya,Scroll,Scroll,634,553,0.00,0.00,None,N/A,
176.1216,asiya,Scroll,Scroll,634,553,0.00,0.00,None,N/A,
176.1329,asiya,Scroll,Scroll,634,553,0.00,0.00,None,N/A,
176.1412,asiya,Scroll,Scroll,634,553,0.00,0.00,None,N/A,
176.1520,asiya,Scroll,Scroll,634,553,0.00,0.00,None,N/A,
176.1612,asiya,Scroll,Scroll,634,553,0.00,0.00,None,N/A,
176.1725,asiya,Scroll,Scroll,634,553,0.00,0.00,None,N/A,
176.1817,asiya,Scroll,Scroll,634,553,0.00,0.00,None,N/A,
176.1914,asiya,Scroll,Scroll,634,553,0.00,0.00,None,N/A,
176.2013,asiya,Scroll,Scroll,634,553,0.00,0.00,None,N/A,
176.2119,asiya,Scroll,Scroll,634,553,0.00,0.00,None,N/A,
176.2209,asiya,Scroll,Scroll,634,553,0.00,0.00,None,N/A,
176.2314,asiya,Scroll,Scroll,634,553,0.00,0.00,None,N/A,
176.2419,asiya,Scroll,Scroll,634,553,0.00,0.00,None,N/A,
176.2515,asiya,Scroll,Scroll,634,553,0.00,0.00,None,N/A,
176.2610,asiya,Scroll,Scroll,634,553,0.00,0.00,None,N/A,
176.2716,asiya,Scroll,Scroll,634,553,0.00,0.00,None,N/A,
176.2813,asiya,Scroll,Scroll,634,553,0.00,0.00,None,N/A,
176.2918,asiya,Scroll,Scroll,634,553,0.00,0.00,None,N/A,
176.3014,asiya,Scroll,Scroll,634,553,0.00,0.00,None,N/A,
176.3110,asiya,Scroll,Scroll,634,553,0.00,0.00,None,N/A,
176.3215,asiya,Scroll,Scroll,634,553,0.00,0.00,None,N/A,
176.3311,asiya,Scroll,Scroll,634,553,0.00,0.00,None,N/A,
176.3416,asiya,Scroll,Scroll,634,553,0.00,0.00,None,N/A,
176.3511,asiya,Scroll,Scroll,634,553,0.00,0.00,None,N/A,
176.3618,asiya,Scroll,Scroll,634,553,0.00,0.00,None,N/A,
176.3713,asiya,Scroll,Scroll,634,553,0.00,0.00,None,N/A,
176.3811,asiya,Scroll,Scroll,634,553,0.00,0.00,None,N/A,
176.3916,asiya,Scroll,Scroll,634,553,0.00,0.00,None,N/A,
176.4016,asiya,Scroll,Scroll,634,553,0.00,0.00,None,N/A,
176.4112,asiya,Scroll,Scroll,634,553,0.00,0.00,None,N/A,
176.4218,asiya,Scroll,Scroll,634,553,0.00,0.00,None,N/A,
176.4312,asiya,Scroll,Scroll,634,553,0.00,0.00,None,N/A,
176.4417,asiya,Scroll,Scroll,634,553,0.00,0.00,None,N/A,
176.4513,asiya,Scroll,Scroll,634,553,0.00,0.00,None,N/A,
176.4618,asiya,Scroll,Scroll,634,553,0.00,0.00,None,N/A,
176.4714,asiya,Scroll,Scroll,634,553,0.00,0.00,None,N/A,
176.4819,asiya,Scroll,Scroll,634,553,0.00,0.00,None,N/A,
176.4914,asiya,Scroll,Scroll,634,553,0.00,0.00,None,N/A,
176.5019,asiya,Scroll,Scroll,634,553,0.00,0.00,None,N/A,
176.5114,asiya,Scroll,Scroll,634,553,0.00,0.00,None,N/A,
176.5219,asiya,Scroll,Scroll,634,553,0.00,0.00,None,N/A,
176.5314,asiya,Scroll,Scroll,634,553,0.00,0.00,None,N/A,
176.5410,asiya,Scroll,Scroll,634,553,0.00,0.00,None,N/A,
176.5514,asiya,Scroll,Scroll,634,553,0.00,0.00,None,N/A,
176.5619,asiya,Scroll,Scroll,634,553,0.00,0.00,None,N/A,
176.5716,asiya,Scroll,Scroll,634,553,0.00,0.00,None,N/A,
176.5811,asiya,Scroll,Scroll,634,553,0.00,0.00,None,N/A,
176.5915,asiya,Scroll,Scroll,634,553,0.00,0.00,None,N/A,
176.6011,asiya,Scroll,Scroll,634,553,0.00,0.00,None,N/A,
176.6111,asiya,Scroll,Scroll,634,559,603.02,60605.47,None,N/A,
176.6212,asiya,Scroll,Scroll,635,570,1093.20,48514.85,None,N/A,
176.6312,asiya,Scroll,Scroll,635,584,1401.20,30826.95,None,N/A,
176.6418,asiya,Scroll,Scroll,635,619,3295.63,178381.10,None,N/A,
176.6517,asiya,Scroll,Scroll,635,631,1204.08,-209866.17,None,N/A,
176.6618,asiya,Scroll,Scroll,635,644,1289.58,8481.53,None,N/A,
176.6712,asiya,Scroll,Scroll,635,649,535.18,-80747.73,None,N/A,
176.6810,asiya,Scroll,Scroll,635,658,915.14,38635.73,None,N/A,
176.6916,asiya,Scroll,Scroll,635,663,470.25,-41842.22,None,N/A,
176.7014,asiya,Scroll,Scroll,636,670,720.93,25558.12,None,N/A,
176.7112,asiya,Scroll,Scroll,636,674,408.27,-31912.00,None,N/A,
176.7218,asiya,Scroll,Scroll,636,681,660.92,23854.32,None,N/A,
176.7310,asiya,Scroll,Scroll,636,684,327.74,-36399.00,None,N/A,
176.7415,asiya,Scroll,Scroll,636,688,380.83,5054.91,None,N/A,
176.7515,asiya,Scroll,Scroll,636,689,100.08,-28097.12,None,N/A,
176.7613,asiya,Scroll,Scroll,636,691,203.89,10583.13,None,N/A,
176.7715,asiya,Scroll,Scroll,636,693,196.74,-702.80,None,N/A,
176.7811,asiya,Scroll,Scroll,635,693,103.69,-9648.90,None,N/A,
176.7915,asiya,Scroll,Scroll,634,694,136.24,3135.83,None,N/A,
176.8019,asiya,Scroll,Scroll,634,694,0.00,-13075.10,None,N/A,
176.8114,asiya,Scroll,Scroll,634,694,0.00,0.00,None,N/A,
176.8219,asiya,Scroll,Scroll,634,694,0.00,0.00,None,N/A,
176.8314,asiya,Scroll,Scroll,634,694,0.00,0.00,None,N/A,
176.8418,asiya,Scroll,Scroll,634,694,0.00,0.00,None,N/A,
176.8513,asiya,Scroll,Scroll,634,694,0.00,0.00,None,N/A,
176.8618,asiya,Scroll,Scroll,634,694,0.00,0.00,None,N/A,
176.8716,asiya,Scroll,Scroll,634,694,0.00,0.00,None,N/A,
176.8811,asiya,Scroll,Scroll,634,694,0.00,0.00,None,N/A,
176.8916,asiya,Scroll,Scroll,634,694,0.00,0.00,None,N/A,
176.9010,asiya,Scroll,Scroll,634,694,0.00,0.00,None,N/A,
176.9115,asiya,Scroll,Scroll,634,694,0.00,0.00,None,N/A,
176.9212,asiya,Scroll,Scroll,634,694,0.00,0.00,None,N/A,
176.9317,asiya,Scroll,Scroll,634,694,0.00,0.00,None,N/A,
176.9414,asiya,Scroll,Scroll,633,689,523.14,53671.31,None,N/A,
176.9515,asiya,Scroll,Scroll,633,687,198.09,-32194.30,None,N/A,
176.9609,asiya,Scroll,Scroll,632,684,337.95,14946.61,None,N/A,
176.9710,asiya,Scroll,Scroll,632,683,99.52,-23728.41,None,N/A,
176.9814,asiya,Scroll,Scroll,631,681,213.24,10845.01,None,N/A,
176.9914,asiya,Scroll,Scroll,631,680,100.19,-11326.56,None,N/A,
177.0015,asiya,Scroll,Scroll,631,680,0.00,-9983.43,None,N/A,
177.0114,asiya,Scroll,Scroll,631,679,100.68,10135.86,None,N/A,
177.0220,asiya,Scroll,Scroll,631,679,0.00,-9479.41,None,N/A,
177.0317,asiya,Scroll,Scroll,631,678,102.98,10604.00,None,N/A,
177.0413,asiya,Scroll,Scroll,631,678,0.00,-10763.08,None,N/A,
177.0513,asiya,Scroll,Scroll,630,677,140.59,13975.73,None,N/A,
177.0619,asiya,Scroll,Scroll,630,677,0.00,-13277.73,None,N/A,
177.0718,asiya,Scroll,Scroll,629,676,143.14,14488.26,None,N/A,
177.0816,asiya,Scroll,Scroll,629,676,0.00,-14559.59,None,N/A,
177.0912,asiya,Scroll,Scroll,629,675,105.13,11052.51,None,N/A,
177.1014,asiya,Scroll,Scroll,628,674,138.49,3266.69,None,N/A,
177.1113,asiya,Scroll,Scroll,628,673,100.40,-3824.49,None,N/A,
177.1211,asiya,Scroll,Scroll,627,671,227.88,12991.71,None,N/A,
177.1318,asiya,Scroll,Scroll,627,670,93.39,-12559.66,None,N/A,
177.1414,asiya,Scroll,Scroll,626,669,148.64,5807.89,None,N/A,
177.1515,asiya,Scroll,Scroll,626,668,98.53,-4937.65,None,N/A,
177.1615,asiya,Scroll,Scroll,625,667,141.59,4310.54,None,N/A,
177.1718,asiya,Scroll,Scroll,625,667,0.00,-13769.35,None,N/A,
177.1815,asiya,Scroll,Scroll,625,667,0.00,0.00,None,N/A,
177.1916,asiya,Scroll,Scroll,625,666,99.76,9951.56,None,N/A,
177.2012,asiya,Scroll,Scroll,625,666,0.00,-10338.59,None,N/A,
177.2111,asiya,Scroll,Scroll,625,665,100.95,10190.57,None,N/A,
177.2218,asiya,Scroll,Scroll,625,664,93.23,-719.62,None,N/A,
177.2317,asiya,Scroll,Scroll,625,663,101.20,807.06,None,N/A,
177.2417,asiya,Scroll,Scroll,625,662,99.98,-122.76,None,N/A,
177.2513,asiya,Scroll,Scroll,625,660,209.83,11524.56,None,N/A,
177.2611,asiya,Scroll,Scroll,625,659,101.81,-10997.02,None,N/A,
177.2717,asiya,Scroll,Scroll,625,655,377.38,25999.15,None,N/A,
177.2816,asiya,Scroll,Scroll,625,654,101.30,-27966.46,None,N/A,
177.2917,asiya,Scroll,Scroll,625,651,296.34,19266.42,None,N/A,
177.3014,asiya,Scroll,Scroll,625,649,206.59,-9270.74,None,N/A,
177.3109,asiya,Scroll,Scroll,625,647,208.56,205.68,None,N/A,
177.3214,asiya,Scroll,Scroll,625,647,0.00,-20005.86,None,N/A,
177.3315,asiya,Scroll,Scroll,625,645,198.26,19653.65,None,N/A,
177.3412,asiya,Scroll,Scroll,625,645,0.00,-20390.51,None,N/A,
177.3514,asiya,Scroll,Scroll,625,645,0.00,0.00,None,N/A,
177.3613,asiya,Scroll,Scroll,625,644,100.53,10106.72,None,N/A,
177.3717,asiya,Scroll,Scroll,625,644,0.00,-9711.48,None,N/A,
177.3817,asiya,Scroll,Scroll,625,643,100.19,10038.28,None,N/A,
177.3911,asiya,Scroll,Scroll,625,643,0.00,-10586.53,None,N/A,
177.4016,asiya,Scroll,Scroll,625,643,0.00,0.00,None,N/A,
177.4111,asiya,Scroll,Scroll,625,643,0.00,0.00,None,N/A,
177.4216,asiya,Scroll,Scroll,625,643,0.00,0.00,None,N/A,
177.4311,asiya,Scroll,Scroll,625,643,0.00,0.00,None,N/A,
177.4416,asiya,Scroll,Scroll,625,643,0.00,0.00,None,N/A,
177.4510,asiya,Scroll,Scroll,625,643,0.00,0.00,None,N/A,
177.4615,asiya,Scroll,Scroll,625,643,0.00,0.00,None,N/A,
177.4716,asiya,Scroll,Scroll,625,643,0.00,0.00,None,N/A,
177.4814,asiya,Scroll,Scroll,625,643,0.00,0.00,None,N/A,
177.4909,asiya,Scroll,Scroll,625,643,0.00,0.00,None,N/A,
177.5013,asiya,Scroll,Scroll,625,643,0.00,0.00,None,N/A,
177.5120,asiya,Scroll,Scroll,625,643,0.00,0.00,None,N/A,
177.5215,asiya,Scroll,Scroll,625,643,0.00,0.00,None,N/A,
177.5311,asiya,Scroll,Scroll,625,643,0.00,0.00,None,N/A,
177.5417,asiya,Scroll,Scroll,625,643,0.00,0.00,None,N/A,
177.5512,asiya,Scroll,Scroll,625,643,0.00,0.00,None,N/A,
177.5617,asiya,Scroll,Scroll,625,643,0.00,0.00,None,N/A,
177.5714,asiya,Scroll,Scroll,625,643,0.00,0.00,None,N/A,
177.5819,asiya,Scroll,Scroll,625,643,0.00,0.00,None,N/A,
177.5914,asiya,Scroll,Scroll,625,643,0.00,0.00,None,N/A,
177.6019,asiya,Scroll,Scroll,625,643,0.00,0.00,None,N/A,
177.6114,asiya,Scroll,Scroll,625,643,0.00,0.00,None,N/A,
177.6213,asiya,Scroll,Scroll,625,643,0.00,0.00,None,N/A,
177.6318,asiya,Scroll,Scroll,625,643,0.00,0.00,None,N/A,
177.6412,asiya,Scroll,Scroll,625,643,0.00,0.00,None,N/A,
177.6519,asiya,Scroll,Scroll,625,643,0.00,0.00,None,N/A,
177.6616,asiya,Scroll,Scroll,625,643,0.00,0.00,None,N/A,
177.6711,asiya,Scroll,Scroll,625,643,0.00,0.00,None,N/A,
177.6813,asiya,Scroll,Scroll,625,643,0.00,0.00,None,N/A,
177.6914,asiya,Scroll,Scroll,625,643,0.00,0.00,Left,N/A,
177.7019,asiya,Scroll,Scroll,625,643,0.00,0.00,Left,N/A,
177.7114,asiya,Scroll,Scroll,625,643,0.00,0.00,Left,N/A,
177.7210,asiya,Scroll,Scroll,625,643,0.00,0.00,Left,N/A,
177.7316,asiya,Scroll,Scroll,625,643,0.00,0.00,Left,N/A,
177.7415,asiya,Scroll,Scroll,625,643,0.00,0.00,Left,N/A,
177.7511,asiya,Scroll,Scroll,625,643,0.00,0.00,Left,N/A,
177.7616,asiya,Scroll,Scroll,625,643,0.00,0.00,Left,N/A,
177.7713,asiya,Scroll,Scroll,625,643,0.00,0.00,Left,N/A,
177.7818,asiya,Scroll,Scroll,625,643,0.00,0.00,Left,N/A,
177.7912,asiya,Scroll,Scroll,625,643,0.00,0.00,Left,N/A,
177.8017,asiya,Scroll,Scroll,625,643,0.00,0.00,Left,N/A,
177.8112,asiya,Scroll,Scroll,625,643,0.00,0.00,Left,N/A,
177.8219,asiya,Scroll,Scroll,625,643,0.00,0.00,Left,N/A,
177.8314,asiya,Scroll,Scroll,625,643,0.00,0.00,Left,N/A,
177.8423,asiya,Scroll,Scroll,625,643,0.00,0.00,Left,N/A,
177.8510,asiya,Scroll,Scroll,625,643,0.00,0.00,Left,N/A,
177.8613,asiya,Scroll,Scroll,625,643,0.00,0.00,Left,N/A,
177.8624,asiya,Scroll,Scroll,625,643,0.00,0.00,None,N/A,scroll_item_selected_correct
177.8719,asiya,Scroll,Scroll,625,643,0.00,0.00,None,N/A,
177.8813,asiya,Scroll,Scroll,625,643,0.00,0.00,None,N/A,
177.8918,asiya,Scroll,Scroll,625,643,0.00,0.00,None,N/A,
177.9011,asiya,Scroll,Scroll,625,643,0.00,0.00,None,N/A,
177.9116,asiya,Scroll,Scroll,625,643,0.00,0.00,None,N/A,
177.9213,asiya,Scroll,Scroll,625,643,0.00,0.00,None,N/A,
177.9318,asiya,Scroll,Scroll,625,643,0.00,0.00,None,N/A,
177.9412,asiya,Scroll,Scroll,625,643,0.00,0.00,None,N/A,
177.9516,asiya,Scroll,Scroll,625,643,0.00,0.00,None,N/A,
177.9610,asiya,Scroll,Scroll,625,643,0.00,0.00,None,N/A,
177.9717,asiya,Scroll,Scroll,625,643,0.00,0.00,None,N/A,
177.9813,asiya,Scroll,Scroll,625,643,0.00,0.00,None,N/A,
177.9918,asiya,Scroll,Scroll,625,643,0.00,0.00,None,N/A,
178.0012,asiya,Scroll,Scroll,625,643,0.00,0.00,None,N/A,
178.0117,asiya,Scroll,Scroll,625,643,0.00,0.00,None,N/A,
178.0210,asiya,Scroll,Scroll,625,643,0.00,0.00,None,N/A,
178.0315,asiya,Scroll,Scroll,625,643,0.00,0.00,None,N/A,
178.0411,asiya,Scroll,Scroll,625,643,0.00,0.00,None,N/A,
178.0517,asiya,Scroll,Scroll,625,643,0.00,0.00,None,N/A,
178.0613,asiya,Scroll,Scroll,625,643,0.00,0.00,None,N/A,
178.0710,asiya,Scroll,Scroll,625,643,0.00,0.00,None,N/A,
178.0814,asiya,Scroll,Scroll,625,643,0.00,0.00,None,N/A,
178.0919,asiya,Scroll,Scroll,625,643,0.00,0.00,None,N/A,
178.1012,asiya,Scroll,Scroll,625,643,0.00,0.00,None,N/A,
178.1117,asiya,Scroll,Scroll,625,643,0.00,0.00,None,N/A,
178.1213,asiya,Scroll,Scroll,625,643,0.00,0.00,None,N/A,
178.1310,asiya,Scroll,Scroll,625,643,0.00,0.00,None,N/A,
178.1415,asiya,Scroll,Scroll,625,643,0.00,0.00,None,N/A,
178.1510,asiya,Scroll,Scroll,625,643,0.00,0.00,None,N/A,
178.1615,asiya,Scroll,Scroll,625,643,0.00,0.00,None,N/A,
178.1711,asiya,Scroll,Scroll,625,643,0.00,0.00,None,N/A,
178.1816,asiya,Scroll,Scroll,625,643,0.00,0.00,None,N/A,
178.1911,asiya,Scroll,Scroll,625,643,0.00,0.00,None,N/A,
178.2020,asiya,Scroll,Scroll,625,643,0.00,0.00,None,N/A,
178.2116,asiya,Scroll,Scroll,625,643,0.00,0.00,None,N/A,
178.2211,asiya,Scroll,Scroll,625,643,0.00,0.00,None,N/A,
178.2320,asiya,Scroll,Scroll,625,643,0.00,0.00,None,N/A,
178.2416,asiya,Scroll,Scroll,625,643,0.00,0.00,None,N/A,
178.2512,asiya,Scroll,Scroll,625,643,0.00,0.00,None,N/A,
178.2616,asiya,Scroll,Scroll,625,643,0.00,0.00,None,N/A,
178.2712,asiya,Scroll,Scroll,625,643,0.00,0.00,None,N/A,
178.2819,asiya,Scroll,Scroll,625,643,0.00,0.00,None,N/A,
178.2914,asiya,Scroll,Scroll,625,643,0.00,0.00,None,N/A,
178.3015,asiya,Scroll,Scroll,625,643,0.00,0.00,Left,N/A,
178.3110,asiya,Scroll,Scroll,625,643,0.00,0.00,Left,N/A,
178.3219,asiya,Scroll,Scroll,625,643,0.00,0.00,Left,N/A,
178.3314,asiya,Scroll,Scroll,625,643,0.00,0.00,Left,N/A,
178.3410,asiya,Scroll,Scroll,625,643,0.00,0.00,Left,N/A,
178.3514,asiya,Scroll,Scroll,625,643,0.00,0.00,Left,N/A,
178.3611,asiya,Scroll,Scroll,625,643,0.00,0.00,Left,N/A,
178.3717,asiya,Scroll,Scroll,625,643,0.00,0.00,Left,N/A,
178.3813,asiya,Scroll,Scroll,625,643,0.00,0.00,Left,N/A,
178.3919,asiya,Scroll,Scroll,625,643,0.00,0.00,Left,N/A,
178.4014,asiya,Scroll,Scroll,625,643,0.00,0.00,Left,N/A,
178.4119,asiya,Scroll,Scroll,625,643,0.00,0.00,Left,N/A,
178.4216,asiya,Scroll,Scroll,625,643,0.00,0.00,Left,N/A,
178.4311,asiya,Scroll,Scroll,625,643,0.00,0.00,Left,N/A,
178.4415,asiya,Scroll,Scroll,625,643,0.00,0.00,Left,N/A,
178.4519,asiya,Scroll,Scroll,625,643,0.00,0.00,Left,N/A,
178.4616,asiya,Scroll,Scroll,625,643,0.00,0.00,Left,N/A,
178.4712,asiya,Scroll,Scroll,625,643,0.00,0.00,Left,N/A,
178.4793,asiya,Scroll,Scroll,625,643,0.00,0.00,None,N/A,scroll_item_selected_wrong
178.4810,asiya,Scroll,Scroll,625,643,0.00,0.00,None,N/A,
178.4916,asiya,Scroll,Scroll,625,643,0.00,0.00,None,N/A,
178.5013,asiya,Scroll,Scroll,625,643,0.00,0.00,None,N/A,
178.5118,asiya,Scroll,Scroll,625,643,0.00,0.00,None,N/A,
178.5214,asiya,Scroll,Scroll,625,643,0.00,0.00,None,N/A,
178.5319,asiya,Scroll,Scroll,625,643,0.00,0.00,None,N/A,
178.5414,asiya,Scroll,Scroll,625,643,0.00,0.00,None,N/A,
178.5520,asiya,Scroll,Scroll,625,643,0.00,0.00,None,N/A,
178.5616,asiya,Scroll,Scroll,625,643,0.00,0.00,None,N/A,
178.5711,asiya,Scroll,Scroll,625,643,0.00,0.00,None,N/A,
178.5816,asiya,Scroll,Scroll,625,643,0.00,0.00,None,N/A,
178.5910,asiya,Scroll,Scroll,625,643,0.00,0.00,None,N/A,
178.6015,asiya,Scroll,Scroll,625,643,0.00,0.00,None,N/A,
178.6111,asiya,Scroll,Scroll,625,643,0.00,0.00,None,N/A,
178.6216,asiya,Scroll,Scroll,625,643,0.00,0.00,None,N/A,
178.6312,asiya,Scroll,Scroll,625,643,0.00,0.00,None,N/A,
178.6416,asiya,Scroll,Scroll,625,643,0.00,0.00,None,N/A,
178.6512,asiya,Scroll,Scroll,625,643,0.00,0.00,None,N/A,
178.6617,asiya,Scroll,Scroll,625,643,0.00,0.00,None,N/A,
178.6713,asiya,Scroll,Scroll,625,643,0.00,0.00,None,N/A,
178.6817,asiya,Scroll,Scroll,625,643,0.00,0.00,None,N/A,
178.6915,asiya,Scroll,Scroll,625,643,0.00,0.00,None,N/A,
178.7012,asiya,Scroll,Scroll,625,643,0.00,0.00,None,N/A,
178.7116,asiya,Scroll,Scroll,625,643,0.00,0.00,None,N/A,
178.7212,asiya,Scroll,Scroll,625,643,0.00,0.00,None,N/A,
178.7316,asiya,Scroll,Scroll,625,643,0.00,0.00,None,N/A,
178.7411,asiya,Scroll,Scroll,625,643,0.00,0.00,None,N/A,
178.7517,asiya,Scroll,Scroll,625,643,0.00,0.00,None,N/A,
178.7612,asiya,Scroll,Scroll,625,643,0.00,0.00,None,N/A,
178.7711,asiya,Scroll,Scroll,625,643,0.00,0.00,None,N/A,
178.7816,asiya,Scroll,Scroll,625,643,0.00,0.00,None,N/A,
178.7912,asiya,Scroll,Scroll,625,643,0.00,0.00,None,N/A,
178.8010,asiya,Scroll,Scroll,625,643,0.00,0.00,None,N/A,
178.8115,asiya,Scroll,Scroll,625,643,0.00,0.00,None,N/A,
178.8210,asiya,Scroll,Scroll,625,643,0.00,0.00,None,N/A,
178.8316,asiya,Scroll,Scroll,625,643,0.00,0.00,None,N/A,
178.8410,asiya,Scroll,Scroll,625,643,0.00,0.00,None,N/A,
178.8513,asiya,Scroll,Scroll,625,643,0.00,0.00,None,N/A,
178.8618,asiya,Scroll,Scroll,625,643,0.00,0.00,None,N/A,
178.8713,asiya,Scroll,Scroll,625,643,0.00,0.00,None,N/A,
178.8819,asiya,Scroll,Scroll,625,643,0.00,0.00,None,N/A,
178.8914,asiya,Scroll,Scroll,625,643,0.00,0.00,None,N/A,
178.9018,asiya,Scroll,Scroll,625,643,0.00,0.00,None,N/A,
178.9113,asiya,Scroll,Scroll,625,643,0.00,0.00,None,N/A,
178.9212,asiya,Scroll,Scroll,626,636,717.20,72742.93,None,N/A,
178.9319,asiya,Scroll,Scroll,631,596,3761.63,284090.21,None,N/A,
178.9415,asiya,Scroll,Scroll,632,582,1453.65,-239033.55,None,N/A,
178.9514,asiya,Scroll,Scroll,634,568,1436.89,-1702.35,None,N/A,
178.9612,asiya,Scroll,Scroll,635,564,418.78,-103409.01,None,N/A,
178.9719,asiya,Scroll,Scroll,637,559,506.13,8209.48,None,N/A,
178.9813,asiya,Scroll,Scroll,638,557,238.37,-28543.67,None,N/A,
178.9913,asiya,Scroll,Scroll,639,550,700.79,45829.59,None,N/A,
179.0019,asiya,Scroll,Scroll,639,550,0.00,-66475.19,None,N/A,
179.0114,asiya,Scroll,Scroll,639,550,0.00,0.00,None,N/A,
179.0211,asiya,Scroll,Scroll,639,550,0.00,0.00,None,N/A,
179.0316,asiya,Scroll,Scroll,639,550,0.00,0.00,None,N/A,
179.0411,asiya,Scroll,Scroll,639,550,0.00,0.00,None,N/A,
179.0516,asiya,Scroll,Scroll,639,550,0.00,0.00,None,N/A,
179.0611,asiya,Scroll,Scroll,639,550,0.00,0.00,None,N/A,
179.0716,asiya,Scroll,Scroll,639,550,0.00,0.00,None,N/A,
179.0811,asiya,Scroll,Scroll,639,550,0.00,0.00,None,N/A,
179.0916,asiya,Scroll,Scroll,639,550,0.00,0.00,None,N/A,
179.1010,asiya,Scroll,Scroll,639,550,0.00,0.00,None,N/A,
179.1116,asiya,Scroll,Scroll,639,550,0.00,0.00,None,N/A,
179.1212,asiya,Scroll,Scroll,639,550,0.00,0.00,None,N/A,
179.1317,asiya,Scroll,Scroll,639,550,0.00,0.00,None,N/A,
179.1413,asiya,Scroll,Scroll,639,550,0.00,0.00,None,N/A,
179.1517,asiya,Scroll,Scroll,639,550,0.00,0.00,None,N/A,
179.1616,asiya,Scroll,Scroll,639,550,0.00,0.00,None,N/A,
179.1710,asiya,Scroll,Scroll,639,550,0.00,0.00,None,N/A,
179.1810,asiya,Scroll,Scroll,639,550,0.00,0.00,None,N/A,
179.1915,asiya,Scroll,Scroll,639,550,0.00,0.00,None,N/A,
179.2017,asiya,Scroll,Scroll,639,550,0.00,0.00,None,N/A,
179.2111,asiya,Scroll,Scroll,639,550,0.00,0.00,None,N/A,
179.2210,asiya,Scroll,Scroll,639,550,0.00,0.00,None,N/A,
179.2317,asiya,Scroll,Scroll,639,550,0.00,0.00,None,N/A,
179.2417,asiya,Scroll,Scroll,639,550,0.00,0.00,None,N/A,
179.2512,asiya,Scroll,Scroll,639,550,0.00,0.00,None,N/A,
179.2610,asiya,Scroll,Scroll,639,550,0.00,0.00,None,N/A,
179.2715,asiya,Scroll,Scroll,639,550,0.00,0.00,None,N/A,
179.2811,asiya,Scroll,Scroll,639,550,0.00,0.00,None,N/A,
179.2916,asiya,Scroll,Scroll,639,550,0.00,0.00,None,N/A,
179.3011,asiya,Scroll,Scroll,639,550,0.00,0.00,None,N/A,
179.3117,asiya,Scroll,Scroll,639,550,0.00,0.00,None,N/A,
179.3212,asiya,Scroll,Scroll,639,550,0.00,0.00,None,N/A,
179.3321,asiya,Scroll,Scroll,639,550,0.00,0.00,None,N/A,
179.3422,asiya,Scroll,Scroll,639,550,0.00,0.00,None,N/A,
179.3519,asiya,Scroll,Scroll,639,550,0.00,0.00,None,N/A,
179.3614,asiya,Scroll,Scroll,639,550,0.00,0.00,None,N/A,
179.3710,asiya,Scroll,Scroll,639,550,0.00,0.00,None,N/A,
179.3815,asiya,Scroll,Scroll,639,550,0.00,0.00,None,N/A,
179.3910,asiya,Scroll,Scroll,639,550,0.00,0.00,None,N/A,
179.4014,asiya,Scroll,Scroll,639,550,0.00,0.00,None,N/A,
179.4110,asiya,Scroll,Scroll,639,550,0.00,0.00,None,N/A,
179.4216,asiya,Scroll,Scroll,639,550,0.00,0.00,None,N/A,
179.4310,asiya,Scroll,Scroll,639,550,0.00,0.00,None,N/A,
179.4415,asiya,Scroll,Scroll,639,550,0.00,0.00,None,N/A,
179.4518,asiya,Scroll,Scroll,639,550,0.00,0.00,None,N/A,
179.4613,asiya,Scroll,Scroll,639,550,0.00,0.00,None,N/A,
179.4719,asiya,Scroll,Scroll,639,550,0.00,0.00,None,N/A,
179.4814,asiya,Scroll,Scroll,639,550,0.00,0.00,None,N/A,
179.4919,asiya,Scroll,Scroll,639,550,0.00,0.00,None,N/A,
179.5013,asiya,Scroll,Scroll,639,550,0.00,0.00,None,N/A,
179.5118,asiya,Scroll,Scroll,639,550,0.00,0.00,None,N/A,
179.5213,asiya,Scroll,Scroll,639,550,0.00,0.00,None,N/A,
179.5317,asiya,Scroll,Scroll,639,550,0.00,0.00,None,N/A,
179.5411,asiya,Scroll,Scroll,639,550,0.00,0.00,None,N/A,
179.5515,asiya,Scroll,Scroll,639,550,0.00,0.00,None,N/A,
179.5614,asiya,Scroll,Scroll,639,550,0.00,0.00,None,N/A,
179.5711,asiya,Scroll,Scroll,639,550,0.00,0.00,None,N/A,
179.5816,asiya,Scroll,Scroll,639,550,0.00,0.00,None,N/A,
179.5910,asiya,Scroll,Scroll,639,550,0.00,0.00,None,N/A,
179.6015,asiya,Scroll,Scroll,639,550,0.00,0.00,None,N/A,
179.6110,asiya,Scroll,Scroll,639,550,0.00,0.00,None,N/A,
179.6215,asiya,Scroll,Scroll,639,550,0.00,0.00,None,N/A,
179.6311,asiya,Scroll,Scroll,639,550,0.00,0.00,None,N/A,
179.6416,asiya,Scroll,Scroll,639,550,0.00,0.00,None,N/A,
179.6511,asiya,Scroll,Scroll,639,550,0.00,0.00,None,N/A,
179.6616,asiya,Scroll,Scroll,639,550,0.00,0.00,None,N/A,
179.6718,asiya,Scroll,Scroll,639,550,0.00,0.00,None,N/A,
179.6813,asiya,Scroll,Scroll,639,550,0.00,0.00,None,N/A,
179.6917,asiya,Scroll,Scroll,639,550,0.00,0.00,None,N/A,
179.7011,asiya,Scroll,Scroll,639,550,0.00,0.00,None,N/A,
179.7116,asiya,Scroll,Scroll,639,550,0.00,0.00,None,N/A,
179.7211,asiya,Scroll,Scroll,639,550,0.00,0.00,None,N/A,
179.7317,asiya,Scroll,Scroll,639,550,0.00,0.00,None,N/A,
179.7412,asiya,Scroll,Scroll,639,550,0.00,0.00,None,N/A,
179.7516,asiya,Scroll,Scroll,639,550,0.00,0.00,None,N/A,
179.7612,asiya,Scroll,Scroll,639,550,0.00,0.00,None,N/A,
179.7718,asiya,Scroll,Scroll,639,550,0.00,0.00,None,N/A,
179.7813,asiya,Scroll,Scroll,639,550,0.00,0.00,None,N/A,
179.7918,asiya,Scroll,Scroll,639,550,0.00,0.00,None,N/A,
179.8013,asiya,Scroll,Scroll,639,550,0.00,0.00,None,N/A,
179.8118,asiya,Scroll,Scroll,639,550,0.00,0.00,None,N/A,
179.8216,asiya,Scroll,Scroll,639,550,0.00,0.00,None,N/A,
179.8310,asiya,Scroll,Scroll,639,550,0.00,0.00,None,N/A,
179.8415,asiya,Scroll,Scroll,639,550,0.00,0.00,None,N/A,
179.8520,asiya,Scroll,Scroll,639,550,0.00,0.00,None,N/A,
179.8615,asiya,Scroll,Scroll,639,550,0.00,0.00,None,N/A,
179.8717,asiya,Scroll,Scroll,639,550,0.00,0.00,None,N/A,
179.8813,asiya,Scroll,Scroll,639,550,0.00,0.00,None,N/A,
179.8910,asiya,Scroll,Scroll,639,550,0.00,0.00,None,N/A,
179.9016,asiya,Scroll,Scroll,639,550,0.00,0.00,None,N/A,
179.9111,asiya,Scroll,Scroll,639,550,0.00,0.00,None,N/A,
179.9217,asiya,Scroll,Scroll,639,550,0.00,0.00,None,N/A,
179.9312,asiya,Scroll,Scroll,639,550,0.00,0.00,None,N/A,
179.9416,asiya,Scroll,Scroll,639,550,0.00,0.00,None,N/A,
179.9511,asiya,Scroll,Scroll,639,550,0.00,0.00,None,N/A,
179.9616,asiya,Scroll,Scroll,639,550,0.00,0.00,None,N/A,
179.9718,asiya,Scroll,Scroll,639,550,0.00,0.00,Left,N/A,
179.9813,asiya,Scroll,Scroll,639,550,0.00,0.00,Left,N/A,
179.9920,asiya,Scroll,Scroll,639,550,0.00,0.00,Left,N/A,
180.0016,asiya,Scroll,Scroll,639,550,0.00,0.00,Left,N/A,
180.0111,asiya,Scroll,Scroll,639,550,0.00,0.00,Left,N/A,
180.0210,asiya,Scroll,Scroll,639,550,0.00,0.00,Left,N/A,
180.0315,asiya,Scroll,Scroll,639,550,0.00,0.00,Left,N/A,
180.0419,asiya,Scroll,Scroll,639,550,0.00,0.00,Left,N/A,
180.0512,asiya,Scroll,Scroll,639,550,0.00,0.00,Left,N/A,
180.0617,asiya,Scroll,Scroll,639,550,0.00,0.00,Left,N/A,
180.0714,asiya,Scroll,Scroll,639,550,0.00,0.00,Left,N/A,
180.0819,asiya,Scroll,Scroll,639,550,0.00,0.00,Left,N/A,
180.0913,asiya,Scroll,Scroll,639,550,0.00,0.00,Left,N/A,
180.1018,asiya,Scroll,Scroll,639,550,0.00,0.00,Left,N/A,
180.1026,asiya,Scroll,Scroll,639,550,0.00,0.00,None,N/A,scroll_item_selected_wrong
180.1110,asiya,Scroll,Scroll,639,550,0.00,0.00,Left,N/A,
180.1216,asiya,Scroll,Scroll,639,550,0.00,0.00,Left,N/A,
180.1311,asiya,Scroll,Scroll,639,550,0.00,0.00,Left,N/A,
180.1415,asiya,Scroll,Scroll,639,550,0.00,0.00,Left,N/A,
180.1519,asiya,Scroll,Scroll,639,550,0.00,0.00,Left,N/A,
180.1614,asiya,Scroll,Scroll,639,550,0.00,0.00,Left,N/A,
180.1710,asiya,Scroll,Scroll,639,550,0.00,0.00,Left,N/A,
180.1815,asiya,Scroll,Scroll,639,550,0.00,0.00,Left,N/A,
180.1912,asiya,Scroll,Scroll,639,550,0.00,0.00,Left,N/A,
180.2018,asiya,Scroll,Scroll,639,550,0.00,0.00,Left,N/A,
180.2115,asiya,Scroll,Scroll,639,550,0.00,0.00,Left,N/A,
180.2212,asiya,Scroll,Scroll,639,550,0.00,0.00,Left,N/A,
180.2320,asiya,Scroll,Scroll,639,550,0.00,0.00,Left,N/A,
180.2417,asiya,Scroll,Scroll,639,550,0.00,0.00,Left,N/A,
180.2516,asiya,Scroll,Scroll,639,550,0.00,0.00,Left,N/A,
180.2612,asiya,Scroll,Scroll,639,550,0.00,0.00,Left,N/A,
180.2722,asiya,Scroll,Scroll,639,550,0.00,0.00,Left,N/A,
180.2818,asiya,Scroll,Scroll,639,550,0.00,0.00,Left,N/A,
180.2917,asiya,Scroll,Scroll,639,550,0.00,0.00,None,N/A,
180.3013,asiya,Scroll,Scroll,639,550,0.00,0.00,None,N/A,
180.3119,asiya,Scroll,Scroll,639,550,0.00,0.00,None,N/A,
180.3215,asiya,Scroll,Scroll,639,550,0.00,0.00,None,N/A,
180.3310,asiya,Scroll,Scroll,639,550,0.00,0.00,None,N/A,
180.3415,asiya,Scroll,Scroll,639,550,0.00,0.00,None,N/A,
180.3511,asiya,Scroll,Scroll,639,550,0.00,0.00,None,N/A,
180.3617,asiya,Scroll,Scroll,639,550,0.00,0.00,None,N/A,
180.3713,asiya,Scroll,Scroll,639,550,0.00,0.00,None,N/A,
180.3823,asiya,Scroll,Scroll,639,550,0.00,0.00,None,N/A,
180.3916,asiya,Scroll,Scroll,639,550,0.00,0.00,None,N/A,
180.4016,asiya,Scroll,Scroll,639,550,0.00,0.00,None,N/A,
180.4112,asiya,Scroll,Scroll,639,550,0.00,0.00,None,N/A,
180.4219,asiya,Scroll,Scroll,639,550,0.00,0.00,None,N/A,
180.4313,asiya,Scroll,Scroll,639,550,0.00,0.00,None,N/A,
180.4421,asiya,Scroll,Scroll,639,550,0.00,0.00,None,N/A,
180.4511,asiya,Scroll,Scroll,639,550,0.00,0.00,None,N/A,
180.4616,asiya,Scroll,Scroll,639,550,0.00,0.00,None,N/A,
180.4712,asiya,Scroll,Scroll,639,550,0.00,0.00,None,N/A,
180.4816,asiya,Scroll,Scroll,639,550,0.00,0.00,None,N/A,
180.4910,asiya,Scroll,Scroll,639,550,0.00,0.00,None,N/A,
180.5014,asiya,Scroll,Scroll,639,550,0.00,0.00,None,N/A,
180.5119,asiya,Scroll,Scroll,639,550,0.00,0.00,None,N/A,
180.5215,asiya,Scroll,Scroll,639,550,0.00,0.00,None,N/A,
180.5319,asiya,Scroll,Scroll,639,550,0.00,0.00,None,N/A,
180.5418,asiya,Scroll,Scroll,639,550,0.00,0.00,None,N/A,
180.5515,asiya,Scroll,Scroll,639,550,0.00,0.00,None,N/A,
180.5611,asiya,Scroll,Scroll,639,550,0.00,0.00,None,N/A,
180.5717,asiya,Scroll,Scroll,639,550,0.00,0.00,None,N/A,
180.5813,asiya,Scroll,Scroll,639,550,0.00,0.00,None,N/A,
180.5917,asiya,Scroll,Scroll,639,550,0.00,0.00,None,N/A,
180.6012,asiya,Scroll,Scroll,639,550,0.00,0.00,None,N/A,
180.6118,asiya,Scroll,Scroll,639,550,0.00,0.00,None,N/A,
180.6214,asiya,Scroll,Scroll,639,550,0.00,0.00,None,N/A,
180.6319,asiya,Scroll,Scroll,639,550,0.00,0.00,None,N/A,
180.6413,asiya,Scroll,Scroll,639,550,0.00,0.00,None,N/A,
180.6517,asiya,Scroll,Scroll,639,550,0.00,0.00,None,N/A,
180.6612,asiya,Scroll,Scroll,639,550,0.00,0.00,None,N/A,
180.6717,asiya,Scroll,Scroll,639,550,0.00,0.00,None,N/A,
180.6812,asiya,Scroll,Scroll,639,550,0.00,0.00,None,N/A,
180.6919,asiya,Scroll,Scroll,639,550,0.00,0.00,None,N/A,
180.7011,asiya,Scroll,Scroll,639,550,0.00,0.00,None,N/A,
180.7116,asiya,Scroll,Scroll,639,550,0.00,0.00,None,N/A,
180.7211,asiya,Scroll,Scroll,639,550,0.00,0.00,None,N/A,
180.7316,asiya,Scroll,Scroll,639,550,0.00,0.00,None,N/A,
180.7414,asiya,Scroll,Scroll,639,550,0.00,0.00,None,N/A,
180.7511,asiya,Scroll,Scroll,639,550,0.00,0.00,None,N/A,
180.7617,asiya,Scroll,Scroll,639,550,0.00,0.00,None,N/A,
180.7717,asiya,Scroll,Scroll,639,550,0.00,0.00,None,N/A,
180.7812,asiya,Scroll,Scroll,639,550,0.00,0.00,None,N/A,
180.7916,asiya,Scroll,Scroll,639,550,0.00,0.00,None,N/A,
180.8010,asiya,Scroll,Scroll,639,550,0.00,0.00,None,N/A,
180.8116,asiya,Scroll,Scroll,639,550,0.00,0.00,None,N/A,
180.8216,asiya,Scroll,Scroll,639,550,0.00,0.00,None,N/A,
180.8311,asiya,Scroll,Scroll,639,550,0.00,0.00,None,N/A,
180.8415,asiya,Scroll,Scroll,639,550,0.00,0.00,None,N/A,
180.8518,asiya,Scroll,Scroll,639,550,0.00,0.00,None,N/A,
180.8614,asiya,Scroll,Scroll,639,550,0.00,0.00,None,N/A,
180.8710,asiya,Scroll,Scroll,639,550,0.00,0.00,None,N/A,
180.8815,asiya,Scroll,Scroll,639,550,0.00,0.00,None,N/A,
180.8910,asiya,Scroll,Scroll,639,550,0.00,0.00,None,N/A,
180.9015,asiya,Scroll,Scroll,639,550,0.00,0.00,None,N/A,
180.9111,asiya,Scroll,Scroll,639,550,0.00,0.00,None,N/A,
180.9218,asiya,Scroll,Scroll,639,550,0.00,0.00,None,N/A,
180.9313,asiya,Scroll,Scroll,639,550,0.00,0.00,None,N/A,
180.9417,asiya,Scroll,Scroll,639,550,0.00,0.00,None,N/A,
180.9511,asiya,Scroll,Scroll,639,550,0.00,0.00,None,N/A,
180.9616,asiya,Scroll,Scroll,639,550,0.00,0.00,None,N/A,
180.9719,asiya,Scroll,Scroll,639,548,194.25,18867.05,None,N/A,
180.9817,asiya,Scroll,Scroll,639,543,508.77,32003.48,None,N/A,
180.9915,asiya,Scroll,Scroll,640,540,324.60,-18904.57,None,N/A,
181.0010,asiya,Scroll,Scroll,640,534,625.98,31443.47,None,N/A,
181.0111,asiya,Scroll,Scroll,641,531,313.90,-30978.71,None,N/A,
181.0215,asiya,Scroll,Scroll,642,525,582.86,25772.15,None,N/A,
181.0311,asiya,Scroll,Scroll,643,522,331.75,-26343.70,None,N/A,
181.0415,asiya,Scroll,Scroll,643,518,384.03,5019.86,None,N/A,
181.0512,asiya,Scroll,Scroll,645,509,948.39,58053.65,None,N/A,
181.0610,asiya,Scroll,Scroll,646,504,521.03,-43668.41,None,N/A,
181.0717,asiya,Scroll,Scroll,649,493,1065.28,50849.28,None,N/A,
181.0814,asiya,Scroll,Scroll,651,488,553.85,-52598.96,None,N/A,
181.0913,asiya,Scroll,Scroll,653,481,737.13,18558.17,None,N/A,
181.1013,asiya,Scroll,Scroll,654,479,222.69,-51233.86,None,N/A,
181.1109,asiya,Scroll,Scroll,655,476,331.27,11374.67,None,N/A,
181.1218,asiya,Scroll,Scroll,655,475,91.88,-21995.18,None,N/A,
181.1313,asiya,Scroll,Scroll,656,473,235.32,15094.93,None,N/A,
181.1412,asiya,Scroll,Scroll,656,472,100.81,-13559.70,None,N/A,
181.1514,asiya,Scroll,Scroll,656,471,98.25,-251.98,None,N/A,
181.1619,asiya,Scroll,Scroll,657,468,301.86,19435.24,None,N/A,
181.1718,asiya,Scroll,Scroll,658,467,141.95,-16050.41,None,N/A,
181.1816,asiya,Scroll,Scroll,659,465,228.75,8879.35,None,N/A,
181.1915,asiya,Scroll,Scroll,659,464,101.37,-12912.58,None,N/A,
181.2013,asiya,Scroll,Scroll,660,463,143.43,4265.29,None,N/A,
181.2110,asiya,Scroll,Scroll,660,462,102.90,-4170.58,None,N/A,
181.2215,asiya,Scroll,Scroll,661,462,95.71,-687.90,None,N/A,
181.2316,asiya,Scroll,Scroll,661,461,99.17,342.90,None,N/A,
181.2409,asiya,Scroll,Scroll,661,461,0.00,-10574.57,None,N/A,
181.2517,asiya,Scroll,Scroll,661,461,0.00,0.00,None,N/A,
181.2613,asiya,Scroll,Scroll,661,461,0.00,0.00,None,N/A,
181.2717,asiya,Scroll,Scroll,661,461,0.00,0.00,None,N/A,
181.2813,asiya,Scroll,Scroll,661,461,0.00,0.00,None,N/A,
181.2918,asiya,Scroll,Scroll,661,461,0.00,0.00,None,N/A,
181.3010,asiya,Scroll,Scroll,661,461,0.00,0.00,None,N/A,
181.3114,asiya,Scroll,Scroll,661,461,0.00,0.00,None,N/A,
181.3219,asiya,Scroll,Scroll,661,461,0.00,0.00,None,N/A,
181.3318,asiya,Scroll,Scroll,661,461,0.00,0.00,None,N/A,
181.3410,asiya,Scroll,Scroll,661,462,109.25,11935.44,None,N/A,
181.3519,asiya,Scroll,Scroll,661,462,0.00,-9967.92,None,N/A,
181.3615,asiya,Scroll,Scroll,661,462,0.00,0.00,None,N/A,
181.3710,asiya,Scroll,Scroll,661,462,0.00,0.00,None,N/A,
181.3819,asiya,Scroll,Scroll,661,462,0.00,0.00,None,N/A,
181.3915,asiya,Scroll,Scroll,661,462,0.00,0.00,None,N/A,
181.4024,asiya,Scroll,Scroll,661,462,0.00,0.00,None,N/A,
181.4111,asiya,Scroll,Scroll,661,462,0.00,0.00,None,N/A,
181.4216,asiya,Scroll,Scroll,661,462,0.00,0.00,None,N/A,
181.4311,asiya,Scroll,Scroll,661,462,0.00,0.00,None,N/A,
181.4415,asiya,Scroll,Scroll,661,462,0.00,0.00,None,N/A,
181.4518,asiya,Scroll,Scroll,661,462,0.00,0.00,None,N/A,
181.4613,asiya,Scroll,Scroll,661,462,0.00,0.00,None,N/A,
181.4719,asiya,Scroll,Scroll,661,462,0.00,0.00,None,N/A,
181.4813,asiya,Scroll,Scroll,661,462,0.00,0.00,None,N/A,
181.4921,asiya,Scroll,Scroll,661,462,0.00,0.00,None,N/A,
181.5017,asiya,Scroll,Scroll,661,462,0.00,0.00,None,N/A,
181.5113,asiya,Scroll,Scroll,661,462,0.00,0.00,None,N/A,
181.5217,asiya,Scroll,Scroll,661,462,0.00,0.00,None,N/A,
181.5313,asiya,Scroll,Scroll,661,462,0.00,0.00,None,N/A,
181.5418,asiya,Scroll,Scroll,661,462,0.00,0.00,None,N/A,
181.5513,asiya,Scroll,Scroll,661,462,0.00,0.00,None,N/A,
181.5619,asiya,Scroll,Scroll,661,462,0.00,0.00,None,N/A,
181.5718,asiya,Scroll,Scroll,661,462,0.00,0.00,None,N/A,
181.5813,asiya,Scroll,Scroll,661,462,0.00,0.00,None,N/A,
181.5918,asiya,Scroll,Scroll,661,462,0.00,0.00,None,N/A,
181.6013,asiya,Scroll,Scroll,661,462,0.00,0.00,None,N/A,
181.6118,asiya,Scroll,Scroll,661,462,0.00,0.00,None,N/A,
181.6212,asiya,Scroll,Scroll,661,462,0.00,0.00,None,N/A,
181.6316,asiya,Scroll,Scroll,661,462,0.00,0.00,None,N/A,
181.6410,asiya,Scroll,Scroll,661,462,0.00,0.00,None,N/A,
181.6514,asiya,Scroll,Scroll,661,462,0.00,0.00,None,N/A,
181.6610,asiya,Scroll,Scroll,661,462,0.00,0.00,None,N/A,
181.6715,asiya,Scroll,Scroll,661,462,0.00,0.00,None,N/A,
181.6810,asiya,Scroll,Scroll,661,462,0.00,0.00,None,N/A,
181.6915,asiya,Scroll,Scroll,661,462,0.00,0.00,None,N/A,
181.7019,asiya,Scroll,Scroll,661,462,0.00,0.00,None,N/A,
181.7117,asiya,Scroll,Scroll,660,466,421.02,42992.15,None,N/A,
181.7216,asiya,Scroll,Scroll,660,476,1018.55,60861.68,None,N/A,
181.7314,asiya,Scroll,Scroll,659,481,515.74,-50857.09,None,N/A,
181.7411,asiya,Scroll,Scroll,659,485,412.54,-10643.78,None,N/A,
181.7513,asiya,Scroll,Scroll,658,490,502.60,8877.49,None,N/A,
181.7614,asiya,Scroll,Scroll,658,493,296.31,-20375.87,None,N/A,
181.7714,asiya,Scroll,Scroll,658,497,400.04,10374.30,None,N/A,
181.7811,asiya,Scroll,Scroll,658,499,206.23,-19984.54,None,N/A,
181.7910,asiya,Scroll,Scroll,657,502,320.93,11640.58,None,N/A,
181.8010,asiya,Scroll,Scroll,657,503,99.60,-22044.70,None,N/A,
181.8117,asiya,Scroll,Scroll,657,505,186.12,8051.64,None,N/A,
181.8215,asiya,Scroll,Scroll,657,506,102.03,-8579.62,None,N/A,
181.8311,asiya,Scroll,Scroll,657,508,209.24,11216.61,None,N/A,
181.8411,asiya,Scroll,Scroll,657,509,100.28,-10926.91,None,N/A,
181.8512,asiya,Scroll,Scroll,657,509,0.00,-9911.95,None,N/A,
181.8618,asiya,Scroll,Scroll,656,510,132.88,12484.94,None,N/A,
181.8714,asiya,Scroll,Scroll,656,511,104.20,-2987.89,None,N/A,
181.8812,asiya,Scroll,Scroll,655,512,145.19,4208.48,None,N/A,
181.8919,asiya,Scroll,Scroll,655,512,0.00,-13582.33,None,N/A,
181.9016,asiya,Scroll,Scroll,655,513,103.04,10617.03,None,N/A,
181.9115,asiya,Scroll,Scroll,655,513,0.00,-10409.38,None,N/A,
181.9215,asiya,Scroll,Scroll,655,514,99.66,9931.23,None,N/A,
181.9319,asiya,Scroll,Scroll,655,514,0.00,-9582.00,None,N/A,
181.9409,asiya,Scroll,Scroll,655,513,110.82,12281.01,None,N/A,
181.9516,asiya,Scroll,Scroll,655,513,0.00,-10352.84,None,N/A,
181.9616,asiya,Scroll,Scroll,655,513,0.00,0.00,None,N/A,
181.9714,asiya,Scroll,Scroll,655,512,102.84,10576.46,None,N/A,
181.9812,asiya,Scroll,Scroll,655,511,101.35,-151.12,None,N/A,
181.9910,asiya,Scroll,Scroll,655,509,204.88,10605.53,None,N/A,
182.0019,asiya,Scroll,Scroll,655,508,91.69,-10378.32,None,N/A,
182.0116,asiya,Scroll,Scroll,655,505,309.19,22415.77,None,N/A,
182.0214,asiya,Scroll,Scroll,655,504,102.11,-21144.02,None,N/A,
182.0311,asiya,Scroll,Scroll,656,501,324.63,22842.91,None,N/A,
182.0410,asiya,Scroll,Scroll,656,499,202.55,-12363.21,None,N/A,
182.0517,asiya,Scroll,Scroll,657,497,209.59,659.45,None,N/A,
182.0612,asiya,Scroll,Scroll,657,496,104.44,-10981.41,None,N/A,
182.0710,asiya,Scroll,Scroll,657,494,204.86,10285.28,None,N/A,
182.0811,asiya,Scroll,Scroll,657,494,0.00,-20279.07,None,N/A,
182.0914,asiya,Scroll,Scroll,657,493,97.23,9453.22,None,N/A,
182.1018,asiya,Scroll,Scroll,657,492,96.32,-87.32,None,N/A,
182.1114,asiya,Scroll,Scroll,657,492,0.00,-9973.34,None,N/A,
182.1212,asiya,Scroll,Scroll,657,491,102.30,10465.82,None,N/A,
182.1311,asiya,Scroll,Scroll,657,491,0.00,-10344.96,None,N/A,
182.1415,asiya,Scroll,Scroll,657,491,0.00,0.00,None,N/A,
182.1510,asiya,Scroll,Scroll,657,491,0.00,0.00,None,N/A,
182.1615,asiya,Scroll,Scroll,657,491,0.00,0.00,None,N/A,
182.1719,asiya,Scroll,Scroll,657,491,0.00,0.00,None,N/A,
182.1814,asiya,Scroll,Scroll,657,491,0.00,0.00,None,N/A,
182.1917,asiya,Scroll,Scroll,657,491,0.00,0.00,None,N/A,
182.2012,asiya,Scroll,Scroll,657,491,0.00,0.00,None,N/A,
182.2114,asiya,Scroll,Scroll,657,492,97.81,9566.87,None,N/A,
182.2219,asiya,Scroll,Scroll,657,492,0.00,-9311.08,None,N/A,
182.2313,asiya,Scroll,Scroll,657,492,0.00,0.00,None,N/A,
182.2410,asiya,Scroll,Scroll,657,491,102.95,10598.27,None,N/A,
182.2517,asiya,Scroll,Scroll,657,491,0.00,-9646.03,None,N/A,
182.2614,asiya,Scroll,Scroll,657,491,0.00,0.00,None,N/A,
182.2717,asiya,Scroll,Scroll,657,490,96.82,9373.95,None,N/A,
182.2819,asiya,Scroll,Scroll,657,490,0.00,-9478.54,None,N/A,
182.2910,asiya,Scroll,Scroll,657,489,109.87,12070.88,None,N/A,
182.3015,asiya,Scroll,Scroll,657,489,0.00,-10469.33,None,N/A,
182.3112,asiya,Scroll,Scroll,658,488,146.06,15085.07,None,N/A,
182.3210,asiya,Scroll,Scroll,658,488,0.00,-14876.64,None,N/A,
182.3319,asiya,Scroll,Scroll,658,487,92.19,8499.86,None,N/A,
182.3417,asiya,Scroll,Scroll,658,487,0.00,-9407.43,None,N/A,
182.3516,asiya,Scroll,Scroll,658,487,0.00,0.00,None,N/A,
182.3613,asiya,Scroll,Scroll,658,486,103.02,10613.90,None,N/A,
182.3718,asiya,Scroll,Scroll,658,486,0.00,-9819.19,None,N/A,
182.3815,asiya,Scroll,Scroll,658,486,0.00,0.00,None,N/A,
182.3912,asiya,Scroll,Scroll,658,486,0.00,0.00,None,N/A,
182.4013,asiya,Scroll,Scroll,658,486,0.00,0.00,None,N/A,
182.4118,asiya,Scroll,Scroll,658,486,0.00,0.00,None,N/A,
182.4212,asiya,Scroll,Scroll,658,485,105.94,11223.46,None,N/A,
182.4316,asiya,Scroll,Scroll,658,485,0.00,-10188.20,None,N/A,
182.4417,asiya,Scroll,Scroll,658,485,0.00,0.00,None,N/A,
182.4512,asiya,Scroll,Scroll,658,485,0.00,0.00,None,N/A,
182.4617,asiya,Scroll,Scroll,658,485,0.00,0.00,None,N/A,
182.4712,asiya,Scroll,Scroll,658,485,0.00,0.00,None,N/A,
182.4816,asiya,Scroll,Scroll,658,485,0.00,0.00,None,N/A,
182.4915,asiya,Scroll,Scroll,658,485,0.00,0.00,None,N/A,
182.5013,asiya,Scroll,Scroll,658,485,0.00,0.00,None,N/A,
182.5112,asiya,Scroll,Scroll,658,485,0.00,0.00,None,N/A,
182.5217,asiya,Scroll,Scroll,658,485,0.00,0.00,None,N/A,
182.5312,asiya,Scroll,Scroll,658,485,0.00,0.00,None,N/A,
182.5416,asiya,Scroll,Scroll,658,485,0.00,0.00,None,N/A,
182.5511,asiya,Scroll,Scroll,658,485,0.00,0.00,None,N/A,
182.5617,asiya,Scroll,Scroll,658,485,0.00,0.00,None,N/A,
182.5716,asiya,Scroll,Scroll,658,485,0.00,0.00,None,N/A,
182.5820,asiya,Scroll,Scroll,658,485,0.00,0.00,None,N/A,
182.5916,asiya,Scroll,Scroll,658,485,0.00,0.00,None,N/A,
182.6012,asiya,Scroll,Scroll,658,485,0.00,0.00,None,N/A,
182.6117,asiya,Scroll,Scroll,658,485,0.00,0.00,None,N/A,
182.6210,asiya,Scroll,Scroll,658,485,0.00,0.00,None,N/A,
182.6313,asiya,Scroll,Scroll,658,485,0.00,0.00,None,N/A,
182.6417,asiya,Scroll,Scroll,658,485,0.00,0.00,None,N/A,
182.6512,asiya,Scroll,Scroll,658,485,0.00,0.00,None,N/A,
182.6617,asiya,Scroll,Scroll,658,485,0.00,0.00,None,N/A,
182.6711,asiya,Scroll,Scroll,658,485,0.00,0.00,None,N/A,
182.6816,asiya,Scroll,Scroll,658,485,0.00,0.00,Left,N/A,
182.6911,asiya,Scroll,Scroll,658,485,0.00,0.00,Left,N/A,
182.7016,asiya,Scroll,Scroll,658,485,0.00,0.00,Left,N/A,
182.7111,asiya,Scroll,Scroll,658,485,0.00,0.00,Left,N/A,
182.7217,asiya,Scroll,Scroll,658,485,0.00,0.00,Left,N/A,
182.7311,asiya,Scroll,Scroll,658,485,0.00,0.00,Left,N/A,
182.7416,asiya,Scroll,Scroll,658,485,0.00,0.00,Left,N/A,
182.7511,asiya,Scroll,Scroll,658,485,0.00,0.00,Left,N/A,
182.7616,asiya,Scroll,Scroll,658,485,0.00,0.00,Left,N/A,
182.7714,asiya,Scroll,Scroll,658,485,0.00,0.00,Left,N/A,
182.7811,asiya,Scroll,Scroll,658,485,0.00,0.00,Left,N/A,
182.7917,asiya,Scroll,Scroll,658,485,0.00,0.00,Left,N/A,
182.8012,asiya,Scroll,Scroll,658,485,0.00,0.00,Left,N/A,
182.8118,asiya,Scroll,Scroll,658,485,0.00,0.00,Left,N/A,
182.8217,asiya,Scroll,Scroll,658,485,0.00,0.00,Left,N/A,
182.8312,asiya,Scroll,Scroll,658,485,0.00,0.00,Left,N/A,
182.8400,asiya,Scroll,Scroll,658,485,0.00,0.00,None,N/A,scroll_item_selected_correct
182.8440,asiya,Scroll,Scroll,658,485,0.00,0.00,None,N/A,
182.8515,asiya,Scroll,Scroll,658,485,0.00,0.00,Left,N/A,
182.8619,asiya,Scroll,Scroll,658,485,0.00,0.00,Left,N/A,
182.8713,asiya,Scroll,Scroll,658,485,0.00,0.00,Left,N/A,
182.8817,asiya,Scroll,Scroll,658,485,0.00,0.00,Left,N/A,
182.8912,asiya,Scroll,Scroll,658,485,0.00,0.00,Left,N/A,
182.9019,asiya,Scroll,Scroll,658,485,0.00,0.00,Left,N/A,
182.9114,asiya,Scroll,Scroll,658,485,0.00,0.00,Left,N/A,
182.9211,asiya,Scroll,Scroll,658,485,0.00,0.00,Left,N/A,
182.9315,asiya,Scroll,Scroll,658,485,0.00,0.00,Left,N/A,
182.9410,asiya,Scroll,Scroll,658,485,0.00,0.00,Left,N/A,
182.9517,asiya,Scroll,Scroll,658,485,0.00,0.00,Left,N/A,
182.9612,asiya,Scroll,Scroll,658,485,0.00,0.00,Left,N/A,
182.9719,asiya,Scroll,Scroll,658,485,0.00,0.00,Left,N/A,
182.9813,asiya,Scroll,Scroll,658,485,0.00,0.00,Left,N/A,
182.9918,asiya,Scroll,Scroll,658,485,0.00,0.00,Left,N/A,
183.0014,asiya,Scroll,Scroll,658,485,0.00,0.00,Left,N/A,
183.0119,asiya,Scroll,Scroll,658,485,0.00,0.00,Left,N/A,
183.0216,asiya,Scroll,Scroll,658,485,0.00,0.00,None,N/A,
183.0311,asiya,Scroll,Scroll,658,485,0.00,0.00,None,N/A,
183.0415,asiya,Scroll,Scroll,658,485,0.00,0.00,None,N/A,
183.0511,asiya,Scroll,Scroll,658,485,0.00,0.00,None,N/A,
183.0616,asiya,Scroll,Scroll,658,485,0.00,0.00,None,N/A,
183.0711,asiya,Scroll,Scroll,658,485,0.00,0.00,None,N/A,
183.0816,asiya,Scroll,Scroll,658,485,0.00,0.00,None,N/A,
183.0912,asiya,Scroll,Scroll,658,485,0.00,0.00,None,N/A,
183.1016,asiya,Scroll,Scroll,658,485,0.00,0.00,None,N/A,
183.1111,asiya,Scroll,Scroll,658,485,0.00,0.00,None,N/A,
183.1216,asiya,Scroll,Scroll,658,485,0.00,0.00,None,N/A,
183.1311,asiya,Scroll,Scroll,658,485,0.00,0.00,None,N/A,
183.1416,asiya,Scroll,Scroll,658,485,0.00,0.00,None,N/A,
183.1512,asiya,Scroll,Scroll,658,485,0.00,0.00,None,N/A,
183.1617,asiya,Scroll,Scroll,658,485,0.00,0.00,None,N/A,
183.1711,asiya,Scroll,Scroll,658,485,0.00,0.00,None,N/A,
183.1815,asiya,Scroll,Scroll,658,485,0.00,0.00,None,N/A,
183.1911,asiya,Scroll,Scroll,658,485,0.00,0.00,None,N/A,
183.2016,asiya,Scroll,Scroll,658,485,0.00,0.00,None,N/A,
183.2112,asiya,Scroll,Scroll,658,485,0.00,0.00,None,N/A,
183.2217,asiya,Scroll,Scroll,658,485,0.00,0.00,None,N/A,
183.2312,asiya,Scroll,Scroll,658,485,0.00,0.00,None,N/A,
183.2419,asiya,Scroll,Scroll,658,485,0.00,0.00,None,N/A,
183.2516,asiya,Scroll,Scroll,658,485,0.00,0.00,None,N/A,
183.2612,asiya,Scroll,Scroll,658,485,0.00,0.00,None,N/A,
183.2722,asiya,Scroll,Scroll,658,485,0.00,0.00,None,N/A,
183.2818,asiya,Scroll,Scroll,658,485,0.00,0.00,None,N/A,
183.2913,asiya,Scroll,Scroll,658,485,0.00,0.00,None,N/A,
183.3013,asiya,Scroll,Scroll,658,485,0.00,0.00,None,N/A,
183.3119,asiya,Scroll,Scroll,658,485,0.00,0.00,None,N/A,
183.3219,asiya,Scroll,Scroll,658,485,0.00,0.00,None,N/A,
183.3320,asiya,Scroll,Scroll,658,485,0.00,0.00,None,N/A,
183.3416,asiya,Scroll,Scroll,658,485,0.00,0.00,None,N/A,
183.3510,asiya,Scroll,Scroll,658,485,0.00,0.00,None,N/A,
183.3616,asiya,Scroll,Scroll,658,485,0.00,0.00,None,N/A,
183.3711,asiya,Scroll,Scroll,658,485,0.00,0.00,None,N/A,
183.3816,asiya,Scroll,Scroll,658,485,0.00,0.00,None,N/A,
183.3911,asiya,Scroll,Scroll,658,485,0.00,0.00,None,N/A,
183.4019,asiya,Scroll,Scroll,658,485,0.00,0.00,None,N/A,
183.4116,asiya,Scroll,Scroll,658,485,0.00,0.00,None,N/A,
183.4218,asiya,Scroll,Scroll,658,485,0.00,0.00,None,N/A,
183.4313,asiya,Scroll,Scroll,658,485,0.00,0.00,None,N/A,
183.4419,asiya,Scroll,Scroll,658,485,0.00,0.00,None,N/A,
183.4514,asiya,Scroll,Scroll,658,485,0.00,0.00,None,N/A,
183.4610,asiya,Scroll,Scroll,658,485,0.00,0.00,None,N/A,
183.4715,asiya,Scroll,Scroll,658,485,0.00,0.00,None,N/A,
183.4810,asiya,Scroll,Scroll,658,485,0.00,0.00,None,N/A,
183.4916,asiya,Scroll,Scroll,658,485,0.00,0.00,None,N/A,
183.5011,asiya,Scroll,Scroll,658,485,0.00,0.00,None,N/A,
183.5116,asiya,Scroll,Scroll,658,485,0.00,0.00,None,N/A,
183.5211,asiya,Scroll,Scroll,658,485,0.00,0.00,None,N/A,
183.5314,asiya,Scroll,Scroll,658,485,0.00,0.00,None,N/A,
183.5419,asiya,Scroll,Scroll,658,485,0.00,0.00,None,N/A,
183.5515,asiya,Scroll,Scroll,658,485,0.00,0.00,None,N/A,
183.5611,asiya,Scroll,Scroll,658,485,0.00,0.00,None,N/A,
183.5710,asiya,Scroll,Scroll,658,485,0.00,0.00,None,N/A,
183.5814,asiya,Scroll,Scroll,658,485,0.00,0.00,None,N/A,
183.5918,asiya,Scroll,Scroll,658,485,0.00,0.00,None,N/A,
183.6013,asiya,Scroll,Scroll,658,485,0.00,0.00,None,N/A,
183.6119,asiya,Scroll,Scroll,658,485,0.00,0.00,None,N/A,
183.6213,asiya,Scroll,Scroll,658,485,0.00,0.00,None,N/A,
183.6317,asiya,Scroll,Scroll,658,485,0.00,0.00,None,N/A,
183.6412,asiya,Scroll,Scroll,658,485,0.00,0.00,None,N/A,
183.6517,asiya,Scroll,Scroll,658,485,0.00,0.00,None,N/A,
183.6612,asiya,Scroll,Scroll,658,485,0.00,0.00,None,N/A,
183.6716,asiya,Scroll,Scroll,658,485,0.00,0.00,None,N/A,
183.6819,asiya,Scroll,Scroll,658,485,0.00,0.00,None,N/A,
183.6914,asiya,Scroll,Scroll,658,485,0.00,0.00,None,N/A,
183.7010,asiya,Scroll,Scroll,658,485,0.00,0.00,None,N/A,
183.7116,asiya,Scroll,Scroll,658,485,0.00,0.00,None,N/A,
183.7217,asiya,Scroll,Scroll,658,485,0.00,0.00,None,N/A,
183.7312,asiya,Scroll,Scroll,658,485,0.00,0.00,None,N/A,
183.7418,asiya,Scroll,Scroll,658,485,0.00,0.00,None,N/A,
183.7513,asiya,Scroll,Scroll,658,485,0.00,0.00,None,N/A,
183.7619,asiya,Scroll,Scroll,658,485,0.00,0.00,None,N/A,
183.7718,asiya,Scroll,Scroll,658,485,0.00,0.00,None,N/A,
183.7814,asiya,Scroll,Scroll,658,485,0.00,0.00,None,N/A,
183.7919,asiya,Scroll,Scroll,658,485,0.00,0.00,None,N/A,
183.8015,asiya,Scroll,Scroll,658,485,0.00,0.00,None,N/A,
183.8120,asiya,Scroll,Scroll,658,485,0.00,0.00,None,N/A,
183.8215,asiya,Scroll,Scroll,658,485,0.00,0.00,None,N/A,
183.8319,asiya,Scroll,Scroll,658,485,0.00,0.00,None,N/A,
183.8413,asiya,Scroll,Scroll,658,485,0.00,0.00,None,N/A,
183.8519,asiya,Scroll,Scroll,658,485,0.00,0.00,None,N/A,
183.8619,asiya,Scroll,Scroll,658,485,0.00,0.00,None,N/A,
183.8717,asiya,Scroll,Scroll,658,485,0.00,0.00,None,N/A,
183.8811,asiya,Scroll,Scroll,658,485,0.00,0.00,None,N/A,
183.8915,asiya,Scroll,Scroll,658,485,0.00,0.00,None,N/A,
183.9012,asiya,Scroll,Scroll,658,485,0.00,0.00,None,N/A,
183.9117,asiya,Scroll,Scroll,658,485,0.00,0.00,None,N/A,
183.9211,asiya,Scroll,Scroll,658,485,0.00,0.00,None,N/A,
183.9315,asiya,Scroll,Scroll,658,485,0.00,0.00,None,N/A,
183.9410,asiya,Scroll,Scroll,658,485,0.00,0.00,None,N/A,
183.9514,asiya,Scroll,Scroll,658,485,0.00,0.00,None,N/A,
183.9619,asiya,Scroll,Scroll,658,485,0.00,0.00,None,N/A,
183.9713,asiya,Scroll,Scroll,658,485,0.00,0.00,None,N/A,
183.9816,asiya,Scroll,Scroll,658,485,0.00,0.00,None,N/A,
183.9911,asiya,Scroll,Scroll,658,485,0.00,0.00,None,N/A,
184.0017,asiya,Scroll,Scroll,658,485,0.00,0.00,None,N/A,
184.0112,asiya,Scroll,Scroll,658,485,0.00,0.00,None,N/A,
184.0218,asiya,Scroll,Scroll,658,485,0.00,0.00,None,N/A,
184.0312,asiya,Scroll,Scroll,658,485,0.00,0.00,None,N/A,
184.0416,asiya,Scroll,Scroll,658,485,0.00,0.00,None,N/A,
184.0510,asiya,Scroll,Scroll,658,485,0.00,0.00,None,N/A,
184.0615,asiya,Scroll,Scroll,658,485,0.00,0.00,None,N/A,
184.0713,asiya,Scroll,Scroll,658,485,0.00,0.00,None,N/A,
184.0834,asiya,Scroll,Scroll,658,485,0.00,0.00,None,N/A,
184.0911,asiya,Scroll,Scroll,658,485,0.00,0.00,None,N/A,
184.1021,asiya,Scroll,Scroll,658,485,0.00,0.00,None,N/A,
184.1116,asiya,Scroll,Scroll,658,485,0.00,0.00,None,N/A,
184.1226,asiya,Scroll,Scroll,658,485,0.00,0.00,None,N/A,
184.1315,asiya,Scroll,Scroll,658,485,0.00,0.00,None,N/A,
184.1434,asiya,Scroll,Scroll,658,485,0.00,0.00,None,N/A,
184.1512,asiya,Scroll,Scroll,658,485,0.00,0.00,None,N/A,
184.1611,asiya,Scroll,Scroll,658,485,0.00,0.00,None,N/A,
184.1716,asiya,Scroll,Scroll,658,485,0.00,0.00,None,N/A,
184.1813,asiya,Scroll,Scroll,658,485,0.00,0.00,None,N/A,
184.1918,asiya,Scroll,Scroll,658,485,0.00,0.00,None,N/A,
184.2012,asiya,Scroll,Scroll,658,485,0.00,0.00,None,N/A,
184.2110,asiya,Scroll,Scroll,658,485,0.00,0.00,None,N/A,
184.2218,asiya,Scroll,Scroll,658,485,0.00,0.00,None,N/A,
184.2316,asiya,Scroll,Scroll,658,485,0.00,0.00,None,N/A,
184.2410,asiya,Scroll,Scroll,658,485,0.00,0.00,None,N/A,
184.2510,asiya,Scroll,Scroll,658,485,0.00,0.00,None,N/A,
184.2614,asiya,Scroll,Scroll,658,485,0.00,0.00,None,N/A,
184.2717,asiya,Scroll,Scroll,658,485,0.00,0.00,None,N/A,
184.2817,asiya,Scroll,Scroll,658,485,0.00,0.00,None,N/A,
184.2911,asiya,Scroll,Scroll,658,485,0.00,0.00,None,N/A,
184.3015,asiya,Scroll,Scroll,658,485,0.00,0.00,None,N/A,
184.3112,asiya,Scroll,Scroll,658,485,0.00,0.00,None,N/A,
184.3217,asiya,Scroll,Scroll,658,485,0.00,0.00,None,N/A,
184.3312,asiya,Scroll,Scroll,658,485,0.00,0.00,None,N/A,
184.3417,asiya,Scroll,Scroll,658,485,0.00,0.00,None,N/A,
184.3516,asiya,Scroll,Scroll,658,485,0.00,0.00,None,N/A,
184.3613,asiya,Scroll,Scroll,658,485,0.00,0.00,None,N/A,
184.3710,asiya,Scroll,Scroll,658,485,0.00,0.00,None,N/A,
184.3820,asiya,Scroll,Scroll,658,485,0.00,0.00,None,N/A,
184.3917,asiya,Scroll,Scroll,658,485,0.00,0.00,None,N/A,
184.4017,asiya,Scroll,Scroll,658,485,0.00,0.00,None,N/A,
184.4113,asiya,Scroll,Scroll,658,485,0.00,0.00,None,N/A,
184.4215,asiya,Scroll,Scroll,658,485,0.00,0.00,None,N/A,
184.4310,asiya,Scroll,Scroll,658,485,0.00,0.00,None,N/A,
184.4415,asiya,Scroll,Scroll,658,485,0.00,0.00,None,N/A,
184.4512,asiya,Scroll,Scroll,658,485,0.00,0.00,None,N/A,
184.4617,asiya,Scroll,Scroll,658,485,0.00,0.00,None,N/A,
184.4711,asiya,Scroll,Scroll,658,485,0.00,0.00,None,N/A,
184.4816,asiya,Scroll,Scroll,658,485,0.00,0.00,None,N/A,
184.4911,asiya,Scroll,Scroll,658,485,0.00,0.00,None,N/A,
184.5016,asiya,Scroll,Scroll,658,485,0.00,0.00,None,N/A,
184.5111,asiya,Scroll,Scroll,658,485,0.00,0.00,None,N/A,
184.5213,asiya,Scroll,Scroll,658,485,0.00,0.00,None,N/A,
184.5318,asiya,Scroll,Scroll,658,485,0.00,0.00,None,N/A,
184.5413,asiya,Scroll,Scroll,658,485,0.00,0.00,None,N/A,
184.5518,asiya,Scroll,Scroll,658,485,0.00,0.00,None,N/A,
184.5614,asiya,Scroll,Scroll,658,485,0.00,0.00,None,N/A,
184.5718,asiya,Scroll,Scroll,658,485,0.00,0.00,None,N/A,
184.5813,asiya,Scroll,Scroll,658,485,0.00,0.00,None,N/A,
184.5918,asiya,Scroll,Scroll,657,489,395.91,38017.10,None,N/A,
184.6016,asiya,Scroll,Scroll,657,500,1112.60,72489.64,None,N/A,
184.6114,asiya,Scroll,Scroll,658,548,4911.35,388602.94,None,N/A,
184.6212,asiya,Scroll,Scroll,659,565,1732.85,-323433.10,None,N/A,
184.6319,asiya,Scroll,Scroll,659,591,2432.29,65432.65,None,N/A,
184.6419,asiya,Scroll,Scroll,659,602,1106.73,-133367.40,None,N/A,
184.6515,asiya,Scroll,Scroll,659,623,2170.80,109995.14,None,N/A,
184.6613,asiya,Scroll,Scroll,659,632,920.09,-127863.48,None,N/A,
184.6709,asiya,Scroll,Scroll,659,647,1574.91,68751.86,None,N/A,
184.6812,asiya,Scroll,Scroll,660,652,490.41,-104304.58,None,N/A,
184.6918,asiya,Scroll,Scroll,660,659,664.63,16541.83,None,N/A,
184.7015,asiya,Scroll,Scroll,660,661,205.45,-47169.12,None,N/A,
184.7114,asiya,Scroll,Scroll,660,664,303.36,9900.45,None,N/A,
184.7210,asiya,Scroll,Scroll,660,668,416.49,11780.32,None,N/A,
184.7310,asiya,Scroll,Scroll,659,670,224.46,-19276.64,None,N/A,
184.7415,asiya,Scroll,Scroll,659,673,284.82,5729.88,None,N/A,
184.7515,asiya,Scroll,Scroll,659,674,99.76,-18461.44,None,N/A,
184.7616,asiya,Scroll,Scroll,659,676,198.33,9774.62,None,N/A,
184.7715,asiya,Scroll,Scroll,659,677,101.04,-9830.28,None,N/A,
184.7818,asiya,Scroll,Scroll,659,678,97.25,-368.63,None,N/A,
184.7918,asiya,Scroll,Scroll,659,679,99.59,232.95,None,N/A,
184.8010,asiya,Scroll,Scroll,659,679,0.00,-10886.60,None,N/A,
184.8118,asiya,Scroll,Scroll,659,680,92.79,8610.03,None,N/A,
184.8210,asiya,Scroll,Scroll,659,680,0.00,-10033.01,None,N/A,
184.8316,asiya,Scroll,Scroll,659,680,0.00,0.00,None,N/A,
184.8416,asiya,Scroll,Scroll,659,681,100.72,10143.65,None,N/A,
184.8513,asiya,Scroll,Scroll,659,681,0.00,-10343.08,None,N/A,
184.8613,asiya,Scroll,Scroll,659,682,100.44,10087.85,None,N/A,
184.8718,asiya,Scroll,Scroll,658,682,94.53,-558.50,None,N/A,
184.8812,asiya,Scroll,Scroll,658,683,107.02,1336.59,None,N/A,
184.8914,asiya,Scroll,Scroll,657,685,218.46,10887.70,None,N/A,
184.9014,asiya,Scroll,Scroll,657,687,200.49,-1801.27,None,N/A,
184.9110,asiya,Scroll,Scroll,655,691,463.65,27283.22,None,N/A,
184.9219,asiya,Scroll,Scroll,653,694,332.28,-12106.89,None,N/A,
184.9316,asiya,Scroll,Scroll,649,702,919.37,60346.52,None,N/A,
184.9411,asiya,Scroll,Scroll,647,707,566.77,-37110.10,None,N/A,
184.9515,asiya,Scroll,Scroll,645,712,521.53,-4381.39,None,N/A,
184.9617,asiya,Scroll,Scroll,640,721,1005.03,47197.31,None,N/A,
184.9710,asiya,Scroll,Scroll,638,726,577.11,-45858.38,None,N/A,
184.9817,asiya,Scroll,Scroll,634,732,674.67,9127.73,None,N/A,
184.9917,asiya,Scroll,Scroll,632,734,283.10,-39192.82,None,N/A,
185.0018,asiya,Scroll,Scroll,631,736,222.17,-6053.69,None,N/A,
185.0113,asiya,Scroll,Scroll,631,736,0.00,-23224.38,None,N/A,
185.0218,asiya,Scroll,Scroll,631,736,0.00,0.00,None,N/A,
185.0312,asiya,Scroll,Scroll,631,736,0.00,0.00,None,N/A,
185.0417,asiya,Scroll,Scroll,631,736,0.00,0.00,None,N/A,
185.0512,asiya,Scroll,Scroll,631,736,0.00,0.00,None,N/A,
185.0618,asiya,Scroll,Scroll,631,736,0.00,0.00,None,N/A,
185.0713,asiya,Scroll,Scroll,631,736,0.00,0.00,None,N/A,
185.0817,asiya,Scroll,Scroll,631,736,0.00,0.00,None,N/A,
185.0912,asiya,Scroll,Scroll,631,736,0.00,0.00,None,N/A,
185.1016,asiya,Scroll,Scroll,631,736,0.00,0.00,None,N/A,
185.1112,asiya,Scroll,Scroll,631,736,0.00,0.00,None,N/A,
185.1219,asiya,Scroll,Scroll,631,736,0.00,0.00,None,N/A,
185.1314,asiya,Scroll,Scroll,631,736,0.00,0.00,None,N/A,
185.1418,asiya,Scroll,Scroll,631,736,0.00,0.00,None,N/A,
185.1513,asiya,Scroll,Scroll,631,736,0.00,0.00,None,N/A,
185.1618,asiya,Scroll,Scroll,631,736,0.00,0.00,None,N/A,
185.1714,asiya,Scroll,Scroll,631,736,0.00,0.00,None,N/A,
185.1817,asiya,Scroll,Scroll,631,736,0.00,0.00,None,N/A,
185.1912,asiya,Scroll,Scroll,631,736,0.00,0.00,None,N/A,
185.2019,asiya,Scroll,Scroll,631,736,0.00,0.00,None,N/A,
185.2115,asiya,Scroll,Scroll,631,736,0.00,0.00,None,N/A,
185.2211,asiya,Scroll,Scroll,631,736,0.00,0.00,None,N/A,
185.2315,asiya,Scroll,Scroll,631,736,0.00,0.00,None,N/A,
185.2414,asiya,Scroll,Scroll,631,740,405.65,41137.67,None,N/A,
185.2514,asiya,Scroll,Scroll,632,745,506.43,10008.94,None,N/A,
185.2609,asiya,Scroll,Scroll,633,754,952.57,46932.31,None,N/A,
185.2715,asiya,Scroll,Scroll,634,757,298.42,-61731.62,None,N/A,
185.2814,asiya,Scroll,Scroll,635,764,715.98,42280.68,None,N/A,
185.2915,asiya,Scroll,Scroll,635,767,296.82,-41472.21,None,N/A,
185.3013,asiya,Scroll,Scroll,635,770,304.83,813.19,None,N/A,
185.3113,asiya,Scroll,Scroll,635,774,399.94,9510.37,None,N/A,
185.3218,asiya,Scroll,Scroll,635,776,190.44,-19948.91,None,N/A,
185.3317,asiya,Scroll,Scroll,635,778,203.35,1312.41,None,N/A,
185.3414,asiya,Scroll,Scroll,635,780,206.59,334.16,None,N/A,
185.3512,asiya,Scroll,Scroll,635,783,306.48,10205.46,None,N/A,
185.3610,asiya,Scroll,Scroll,635,785,202.66,-10520.13,None,N/A,
185.3709,asiya,Scroll,Scroll,634,788,320.96,12006.38,None,N/A,
185.3817,asiya,Scroll,Scroll,634,790,184.53,-12587.52,None,N/A,
185.3915,asiya,Scroll,Scroll,634,793,306.00,12389.83,None,N/A,
185.4013,asiya,Scroll,Scroll,633,794,144.04,-16495.64,None,N/A,
185.4111,asiya,Scroll,Scroll,633,796,205.29,6286.98,None,N/A,
185.4217,asiya,Scroll,Scroll,632,798,210.38,479.25,None,N/A,
185.4317,asiya,Scroll,Scroll,632,799,99.78,-11036.20,None,N/A,
185.4417,asiya,Scroll,Scroll,632,801,201.01,10173.24,None,N/A,
185.4513,asiya,Scroll,Scroll,631,802,147.39,-5588.06,None,N/A,
185.4613,asiya,Scroll,Scroll,631,805,300.18,15288.22,None,N/A,
185.4717,asiya,Scroll,Scroll,630,806,135.34,-15775.13,None,N/A,
185.4815,asiya,Scroll,Scroll,630,809,305.50,17327.65,None,N/A,
185.4914,asiya,Scroll,Scroll,629,810,143.06,-16432.15,None,N/A,
185.5009,asiya,Scroll,Scroll,629,813,316.97,18375.53,None,N/A,
185.5119,asiya,Scroll,Scroll,628,814,128.24,-17114.30,None,N/A,
185.5214,asiya,Scroll,Scroll,628,816,209.77,8551.63,None,N/A,
185.5316,asiya,Scroll,Scroll,627,817,139.15,-6949.07,None,N/A,
185.5412,asiya,Scroll,Scroll,627,818,104.23,-3638.93,None,N/A,
185.5511,asiya,Scroll,Scroll,627,820,201.35,9776.95,None,N/A,
185.5619,asiya,Scroll,Scroll,627,820,0.00,-18647.75,None,N/A,
185.5714,asiya,Scroll,Scroll,627,821,105.28,11084.72,None,N/A,
185.5818,asiya,Scroll,Scroll,627,822,96.04,-888.09,None,N/A,
185.5910,asiya,Scroll,Scroll,627,822,0.00,-10536.41,None,N/A,
185.6014,asiya,Scroll,Scroll,627,822,0.00,0.00,None,N/A,
185.6119,asiya,Scroll,Scroll,627,822,0.00,0.00,None,N/A,
185.6215,asiya,Scroll,Scroll,627,822,0.00,0.00,None,N/A,
185.6314,asiya,Scroll,Scroll,627,821,100.14,10027.73,None,N/A,
185.6412,asiya,Scroll,Scroll,627,821,0.00,-10311.84,None,N/A,
185.6513,asiya,Scroll,Scroll,627,820,98.61,9723.14,None,N/A,
185.6611,asiya,Scroll,Scroll,627,819,102.20,367.61,None,N/A,
185.6716,asiya,Scroll,Scroll,627,818,95.17,-669.38,None,N/A,
185.6813,asiya,Scroll,Scroll,627,817,103.33,843.34,None,N/A,
185.6914,asiya,Scroll,Scroll,627,816,99.07,-421.95,None,N/A,
185.7017,asiya,Scroll,Scroll,627,815,96.54,-244.36,None,N/A,
185.7117,asiya,Scroll,Scroll,627,815,0.00,-9673.68,None,N/A,
185.7213,asiya,Scroll,Scroll,627,814,104.25,10868.13,None,N/A,
185.7316,asiya,Scroll,Scroll,627,814,0.00,-10146.13,None,N/A,
185.7409,asiya,Scroll,Scroll,627,813,106.66,11376.39,None,N/A,
185.7510,asiya,Scroll,Scroll,628,813,99.21,-738.69,None,N/A,
185.7615,asiya,Scroll,Scroll,628,812,95.08,-392.85,None,N/A,
185.7710,asiya,Scroll,Scroll,628,812,0.00,-9994.17,None,N/A,
185.7816,asiya,Scroll,Scroll,628,812,0.00,0.00,None,N/A,
185.7911,asiya,Scroll,Scroll,628,812,0.00,0.00,None,N/A,
185.8017,asiya,Scroll,Scroll,628,812,0.00,0.00,None,N/A,
185.8113,asiya,Scroll,Scroll,628,812,0.00,0.00,None,N/A,
185.8217,asiya,Scroll,Scroll,628,812,0.00,0.00,None,N/A,
185.8313,asiya,Scroll,Scroll,628,812,0.00,0.00,None,N/A,
185.8410,asiya,Scroll,Scroll,628,812,0.00,0.00,None,N/A,
185.8518,asiya,Scroll,Scroll,628,812,0.00,0.00,None,N/A,
185.8614,asiya,Scroll,Scroll,628,812,0.00,0.00,None,N/A,
185.8719,asiya,Scroll,Scroll,628,812,0.00,0.00,None,N/A,
185.8814,asiya,Scroll,Scroll,628,812,0.00,0.00,None,N/A,
185.8910,asiya,Scroll,Scroll,628,812,0.00,0.00,None,N/A,
185.9015,asiya,Scroll,Scroll,628,812,0.00,0.00,None,N/A,
185.9117,asiya,Scroll,Scroll,628,812,0.00,0.00,None,N/A,
185.9217,asiya,Scroll,Scroll,629,812,100.52,10104.79,None,N/A,
185.9315,asiya,Scroll,Scroll,629,812,0.00,-10303.32,None,N/A,
185.9410,asiya,Scroll,Scroll,629,812,0.00,0.00,None,N/A,
185.9516,asiya,Scroll,Scroll,629,812,0.00,0.00,None,N/A,
185.9611,asiya,Scroll,Scroll,629,812,0.00,0.00,None,N/A,
185.9715,asiya,Scroll,Scroll,629,812,0.00,0.00,None,N/A,
185.9818,asiya,Scroll,Scroll,629,812,0.00,0.00,None,N/A,
185.9913,asiya,Scroll,Scroll,629,812,0.00,0.00,None,N/A,
186.0019,asiya,Scroll,Scroll,629,812,0.00,0.00,None,N/A,
186.0114,asiya,Scroll,Scroll,629,812,0.00,0.00,None,N/A,
186.0218,asiya,Scroll,Scroll,629,812,0.00,0.00,None,N/A,
186.0312,asiya,Scroll,Scroll,629,812,0.00,0.00,None,N/A,
186.0417,asiya,Scroll,Scroll,629,812,0.00,0.00,None,N/A,
186.0515,asiya,Scroll,Scroll,629,812,0.00,0.00,None,N/A,
186.0610,asiya,Scroll,Scroll,629,812,0.00,0.00,None,N/A,
186.0715,asiya,Scroll,Scroll,629,812,0.00,0.00,None,N/A,
186.0818,asiya,Scroll,Scroll,629,812,0.00,0.00,None,N/A,
186.0911,asiya,Scroll,Scroll,629,812,0.00,0.00,None,N/A,
186.1018,asiya,Scroll,Scroll,629,812,0.00,0.00,Left,N/A,
186.1113,asiya,Scroll,Scroll,629,812,0.00,0.00,Left,N/A,
186.1218,asiya,Scroll,Scroll,629,812,0.00,0.00,Left,N/A,
186.1312,asiya,Scroll,Scroll,629,812,0.00,0.00,Left,N/A,
186.1417,asiya,Scroll,Scroll,629,812,0.00,0.00,Left,N/A,
186.1512,asiya,Scroll,Scroll,629,812,0.00,0.00,Left,N/A,
186.1618,asiya,Scroll,Scroll,629,812,0.00,0.00,Left,N/A,
186.1712,asiya,Scroll,Scroll,629,812,0.00,0.00,Left,N/A,
186.1817,asiya,Scroll,Scroll,629,812,0.00,0.00,Left,N/A,
186.1913,asiya,Scroll,Scroll,629,812,0.00,0.00,Left,N/A,
186.2018,asiya,Scroll,Scroll,629,812,0.00,0.00,Left,N/A,
186.2111,asiya,Scroll,Scroll,629,812,0.00,0.00,Left,N/A,
186.2216,asiya,Scroll,Scroll,629,812,0.00,0.00,Left,N/A,
186.2311,asiya,Scroll,Scroll,629,812,0.00,0.00,Left,N/A,
186.2416,asiya,Scroll,Scroll,629,812,0.00,0.00,Left,N/A,
186.2431,asiya,Scroll,Scroll,629,812,0.00,0.00,None,N/A,scroll_item_selected_correct
