Time,ParticipantID,Task,Label,X,Y,Velocity,Acceleration,ButtonState,ActiveWindow,Event
113.2657,asiya,SliderControl,Slider Control,1055,458,0.00,0.00,None,N/A,
113.2714,asiya,SliderControl,Slider Control,1055,458,0.00,0.00,None,N/A,
113.2819,asiya,SliderControl,Slider Control,1055,458,0.00,0.00,None,N/A,
113.2914,asiya,SliderControl,Slider Control,1055,458,0.00,0.00,None,N/A,
113.3019,asiya,SliderControl,Slider Control,1055,458,0.00,0.00,None,N/A,
113.3118,asiya,SliderControl,Slider Control,1055,458,0.00,0.00,None,N/A,
113.3218,asiya,SliderControl,Slider Control,1055,458,0.00,0.00,None,N/A,
113.3319,asiya,SliderControl,Slider Control,1055,458,0.00,0.00,None,N/A,
113.3415,asiya,SliderControl,Slider Control,1055,458,0.00,0.00,None,N/A,
113.3510,asiya,SliderControl,Slider Control,1055,458,0.00,0.00,None,N/A,
113.3619,asiya,SliderControl,Slider Control,1055,458,0.00,0.00,None,N/A,
113.3716,asiya,SliderControl,Slider Control,1055,458,0.00,0.00,None,N/A,
113.3809,asiya,SliderControl,Slider Control,1055,458,0.00,0.00,None,N/A,
113.3913,asiya,SliderControl,Slider Control,1055,458,0.00,0.00,None,N/A,
113.4019,asiya,SliderControl,Slider Control,1055,458,0.00,0.00,None,N/A,
113.4114,asiya,SliderControl,Slider Control,1055,458,0.00,0.00,None,N/A,
113.4220,asiya,SliderControl,Slider Control,1055,458,0.00,0.00,None,N/A,
113.4315,asiya,SliderControl,Slider Control,1055,458,0.00,0.00,None,N/A,
113.4411,asiya,SliderControl,Slider Control,1055,458,0.00,0.00,None,N/A,
113.4516,asiya,SliderControl,Slider Control,1055,458,0.00,0.00,None,N/A,
113.4612,asiya,SliderControl,Slider Control,1055,458,0.00,0.00,None,N/A,
113.4717,asiya,SliderControl,Slider Control,1055,458,0.00,0.00,None,N/A,
113.4812,asiya,SliderControl,Slider Control,1055,458,0.00,0.00,None,N/A,
113.4917,asiya,SliderControl,Slider Control,1055,458,0.00,0.00,None,N/A,
113.5013,asiya,SliderControl,Slider Control,1055,458,0.00,0.00,None,N/A,
113.5112,asiya,SliderControl,Slider Control,1055,458,0.00,0.00,None,N/A,
113.5218,asiya,SliderControl,Slider Control,1055,458,0.00,0.00,None,N/A,
113.5313,asiya,SliderControl,Slider Control,1055,458,0.00,0.00,None,N/A,
113.5419,asiya,SliderControl,Slider Control,1055,458,0.00,0.00,None,N/A,
113.5515,asiya,SliderControl,Slider Control,1055,458,0.00,0.00,None,N/A,
113.5611,asiya,SliderControl,Slider Control,1055,458,0.00,0.00,None,N/A,
113.5717,asiya,SliderControl,Slider Control,1055,458,0.00,0.00,None,N/A,
113.5812,asiya,SliderControl,Slider Control,1055,458,0.00,0.00,None,N/A,
113.5918,asiya,SliderControl,Slider Control,1055,458,0.00,0.00,None,N/A,
113.6015,asiya,SliderControl,Slider Control,1055,458,0.00,0.00,None,N/A,
113.6123,asiya,SliderControl,Slider Control,1055,458,0.00,0.00,None,N/A,
113.6210,asiya,SliderControl,Slider Control,1055,458,0.00,0.00,None,N/A,
113.6318,asiya,SliderControl,Slider Control,1055,458,0.00,0.00,None,N/A,
113.6414,asiya,SliderControl,Slider Control,1055,458,0.00,0.00,None,N/A,
113.6519,asiya,SliderControl,Slider Control,1055,458,0.00,0.00,None,N/A,
113.6615,asiya,SliderControl,Slider Control,1055,458,0.00,0.00,None,N/A,
113.6710,asiya,SliderControl,Slider Control,1055,458,0.00,0.00,None,N/A,
113.6815,asiya,SliderControl,Slider Control,1055,458,0.00,0.00,None,N/A,
113.6912,asiya,SliderControl,Slider Control,1055,458,0.00,0.00,None,N/A,
113.7016,asiya,SliderControl,Slider Control,1055,458,0.00,0.00,None,N/A,
113.7110,asiya,SliderControl,Slider Control,1055,458,0.00,0.00,None,N/A,
113.7214,asiya,SliderControl,Slider Control,1055,458,0.00,0.00,None,N/A,
113.7319,asiya,SliderControl,Slider Control,1055,458,0.00,0.00,None,N/A,
113.7414,asiya,SliderControl,Slider Control,1055,458,0.00,0.00,None,N/A,
113.7519,asiya,SliderControl,Slider Control,1055,458,0.00,0.00,None,N/A,
113.7616,asiya,SliderControl,Slider Control,1055,458,0.00,0.00,None,N/A,
113.7711,asiya,SliderControl,Slider Control,1055,458,0.00,0.00,None,N/A,
113.7816,asiya,SliderControl,Slider Control,1055,458,0.00,0.00,None,N/A,
113.7912,asiya,SliderControl,Slider Control,1055,458,0.00,0.00,None,N/A,
113.8017,asiya,SliderControl,Slider Control,1055,458,0.00,0.00,None,N/A,
113.8118,asiya,SliderControl,Slider Control,1055,458,0.00,0.00,None,N/A,
113.8216,asiya,SliderControl,Slider Control,1055,458,0.00,0.00,None,N/A,
113.8311,asiya,SliderControl,Slider Control,1055,458,0.00,0.00,None,N/A,
113.8416,asiya,SliderControl,Slider Control,1055,458,0.00,0.00,None,N/A,
113.8511,asiya,SliderControl,Slider Control,1055,458,0.00,0.00,None,N/A,
113.8617,asiya,SliderControl,Slider Control,1055,458,0.00,0.00,None,N/A,
113.8713,asiya,SliderControl,Slider Control,1055,458,0.00,0.00,None,N/A,
113.8818,asiya,SliderControl,Slider Control,1055,458,0.00,0.00,None,N/A,
113.8916,asiya,SliderControl,Slider Control,1055,458,0.00,0.00,None,N/A,
113.9013,asiya,SliderControl,Slider Control,1055,458,0.00,0.00,None,N/A,
113.9115,asiya,SliderControl,Slider Control,1055,458,0.00,0.00,None,N/A,
113.9212,asiya,SliderControl,Slider Control,1055,458,0.00,0.00,None,N/A,
113.9317,asiya,SliderControl,Slider Control,1055,458,0.00,0.00,None,N/A,
113.9414,asiya,SliderControl,Slider Control,1055,458,0.00,0.00,None,N/A,
113.9518,asiya,SliderControl,Slider Control,1055,458,0.00,0.00,None,N/A,
113.9613,asiya,SliderControl,Slider Control,1055,458,0.00,0.00,None,N/A,
113.9719,asiya,SliderControl,Slider Control,1055,458,0.00,0.00,None,N/A,
113.9814,asiya,SliderControl,Slider Control,1055,458,0.00,0.00,None,N/A,
113.9918,asiya,SliderControl,Slider Control,1055,458,0.00,0.00,None,N/A,
114.0013,asiya,SliderControl,Slider Control,1055,458,0.00,0.00,None,N/A,
114.0118,asiya,SliderControl,Slider Control,1055,458,0.00,0.00,None,N/A,
114.0213,asiya,SliderControl,Slider Control,1055,458,0.00,0.00,None,N/A,
114.0318,asiya,SliderControl,Slider Control,1055,458,0.00,0.00,None,N/A,
114.0413,asiya,SliderControl,Slider Control,1055,458,0.00,0.00,None,N/A,
114.0518,asiya,SliderControl,Slider Control,1055,458,0.00,0.00,None,N/A,
114.0613,asiya,SliderControl,Slider Control,1055,458,0.00,0.00,None,N/A,
114.0712,asiya,SliderControl,Slider Control,1055,458,0.00,0.00,None,N/A,
114.0817,asiya,SliderControl,Slider Control,1055,458,0.00,0.00,None,N/A,
114.0912,asiya,SliderControl,Slider Control,1055,458,0.00,0.00,None,N/A,
114.1018,asiya,SliderControl,Slider Control,1055,458,0.00,0.00,None,N/A,
114.1114,asiya,SliderControl,Slider Control,1055,458,0.00,0.00,None,N/A,
114.1210,asiya,SliderControl,Slider Control,1055,458,0.00,0.00,None,N/A,
114.1315,asiya,SliderControl,Slider Control,1055,458,0.00,0.00,None,N/A,
114.1411,asiya,SliderControl,Slider Control,1055,458,0.00,0.00,None,N/A,
114.1516,asiya,SliderControl,Slider Control,1055,458,0.00,0.00,None,N/A,
114.1611,asiya,SliderControl,Slider Control,1055,458,0.00,0.00,None,N/A,
114.1716,asiya,SliderControl,Slider Control,1055,458,0.00,0.00,None,N/A,
114.1811,asiya,SliderControl,Slider Control,1055,458,0.00,0.00,None,N/A,
114.1915,asiya,SliderControl,Slider Control,1055,458,0.00,0.00,None,N/A,
114.2010,asiya,SliderControl,Slider Control,1055,458,0.00,0.00,None,N/A,
114.2114,asiya,SliderControl,Slider Control,1055,458,0.00,0.00,None,N/A,
114.2219,asiya,SliderControl,Slider Control,1055,458,0.00,0.00,None,N/A,
114.2315,asiya,SliderControl,Slider Control,1055,458,0.00,0.00,None,N/A,
114.2412,asiya,SliderControl,Slider Control,1055,458,0.00,0.00,None,N/A,
114.2518,asiya,SliderControl,Slider Control,1055,458,0.00,0.00,None,N/A,
114.2613,asiya,SliderControl,Slider Control,1055,458,0.00,0.00,None,N/A,
114.2719,asiya,SliderControl,Slider Control,1055,458,0.00,0.00,None,N/A,
114.2814,asiya,SliderControl,Slider Control,1055,458,0.00,0.00,None,N/A,
114.2912,asiya,SliderControl,Slider Control,1055,458,0.00,0.00,None,N/A,
114.3017,asiya,SliderControl,Slider Control,1055,458,0.00,0.00,None,N/A,
114.3112,asiya,SliderControl,Slider Control,1055,458,0.00,0.00,None,N/A,
114.3209,asiya,SliderControl,Slider Control,1046,452,1114.15,114761.76,None,N/A,
114.3310,asiya,SliderControl,Slider Control,1030,443,1830.26,71396.18,None,N/A,
114.3416,asiya,SliderControl,Slider Control,1011,431,2121.00,27441.38,None,N/A,
114.3513,asiya,SliderControl,Slider Control,1008,430,323.43,-183851.52,None,N/A,
114.3613,asiya,SliderControl,Slider Control,1003,427,583.25,25988.68,None,N/A,
114.3710,asiya,SliderControl,Slider Control,1000,426,325.90,-26521.96,None,N/A,
114.3817,asiya,SliderControl,Slider Control,995,423,547.01,20742.38,None,N/A,
114.3915,asiya,SliderControl,Slider Control,993,422,226.90,-32482.21,None,N/A,
114.4012,asiya,SliderControl,Slider Control,989,420,462.82,24415.18,None,N/A,
114.4112,asiya,SliderControl,Slider Control,987,419,224.54,-23927.14,None,N/A,
114.4212,asiya,SliderControl,Slider Control,985,418,221.97,-255.34,None,N/A,
114.4316,asiya,SliderControl,Slider Control,981,416,430.84,20122.16,None,N/A,
114.4410,asiya,SliderControl,Slider Control,980,415,150.77,-29858.55,None,N/A,
114.4512,asiya,SliderControl,Slider Control,976,413,438.93,28281.46,None,N/A,
114.4614,asiya,SliderControl,Slider Control,973,412,309.37,-12674.72,None,N/A,
114.4718,asiya,SliderControl,Slider Control,965,408,862.45,53331.33,None,N/A,
114.4816,asiya,SliderControl,Slider Control,957,406,843.61,-1927.85,None,N/A,
114.4913,asiya,SliderControl,Slider Control,933,399,2558.00,175416.78,None,N/A,
114.5012,asiya,SliderControl,Slider Control,917,394,1706.08,-86705.24,None,N/A,
114.5118,asiya,SliderControl,Slider Control,874,387,4097.44,224909.46,None,N/A,
114.5210,asiya,SliderControl,Slider Control,855,384,2090.89,-218111.87,None,N/A,
114.5318,asiya,SliderControl,Slider Control,822,380,3074.36,90956.31,None,N/A,
114.5410,asiya,SliderControl,Slider Control,808,378,1542.93,-167081.08,None,N/A,
114.5513,asiya,SliderControl,Slider Control,796,377,1167.88,-36375.12,None,N/A,
114.5613,asiya,SliderControl,Slider Control,777,374,1923.86,75610.89,None,N/A,
114.5720,asiya,SliderControl,Slider Control,767,374,931.41,-92437.88,None,N/A,
114.5816,asiya,SliderControl,Slider Control,763,374,419.33,-53682.02,None,N/A,
114.5915,asiya,SliderControl,Slider Control,760,374,302.93,-11753.07,None,N/A,
114.6014,asiya,SliderControl,Slider Control,757,374,301.01,-192.69,None,N/A,
114.6109,asiya,SliderControl,Slider Control,756,374,105.07,-20587.44,None,N/A,
114.6215,asiya,SliderControl,Slider Control,755,374,94.56,-993.97,None,N/A,
114.6316,asiya,SliderControl,Slider Control,754,374,98.71,409.63,None,N/A,
114.6410,asiya,SliderControl,Slider Control,754,374,0.00,-10530.65,None,N/A,
114.6515,asiya,SliderControl,Slider Control,754,374,0.00,0.00,None,N/A,
114.6610,asiya,SliderControl,Slider Control,754,374,0.00,0.00,None,N/A,
114.6717,asiya,SliderControl,Slider Control,754,374,0.00,0.00,None,N/A,
114.6815,asiya,SliderControl,Slider Control,754,374,0.00,0.00,None,N/A,
114.6912,asiya,SliderControl,Slider Control,754,374,0.00,0.00,None,N/A,
114.7017,asiya,SliderControl,Slider Control,754,374,0.00,0.00,None,N/A,
114.7119,asiya,SliderControl,Slider Control,754,374,0.00,0.00,None,N/A,
114.7213,asiya,SliderControl,Slider Control,754,374,0.00,0.00,None,N/A,
114.7319,asiya,SliderControl,Slider Control,754,374,0.00,0.00,None,N/A,
114.7414,asiya,SliderControl,Slider Control,754,374,0.00,0.00,None,N/A,
114.7519,asiya,SliderControl,Slider Control,754,374,0.00,0.00,None,N/A,
114.7614,asiya,SliderControl,Slider Control,754,374,0.00,0.00,None,N/A,
114.7719,asiya,SliderControl,Slider Control,754,374,0.00,0.00,None,N/A,
114.7814,asiya,SliderControl,Slider Control,754,374,0.00,0.00,None,N/A,
114.7910,asiya,SliderControl,Slider Control,754,374,0.00,0.00,None,N/A,
114.8016,asiya,SliderControl,Slider Control,754,374,0.00,0.00,None,N/A,
114.8114,asiya,SliderControl,Slider Control,754,374,0.00,0.00,None,N/A,
114.8219,asiya,SliderControl,Slider Control,754,374,0.00,0.00,None,N/A,
114.8313,asiya,SliderControl,Slider Control,754,374,0.00,0.00,None,N/A,
114.8416,asiya,SliderControl,Slider Control,754,374,0.00,0.00,None,N/A,
114.8511,asiya,SliderControl,Slider Control,754,374,0.00,0.00,None,N/A,
114.8616,asiya,SliderControl,Slider Control,754,374,0.00,0.00,None,N/A,
114.8710,asiya,SliderControl,Slider Control,754,374,0.00,0.00,None,N/A,
114.8814,asiya,SliderControl,Slider Control,754,374,0.00,0.00,None,N/A,
114.8919,asiya,SliderControl,Slider Control,754,374,0.00,0.00,None,N/A,
114.9012,asiya,SliderControl,Slider Control,740,370,1571.58,169630.72,None,N/A,
114.9119,asiya,SliderControl,Slider Control,686,358,5176.30,337311.40,None,N/A,
114.9211,asiya,SliderControl,Slider Control,675,356,1207.89,-428734.23,None,N/A,
114.9313,asiya,SliderControl,Slider Control,664,355,1084.14,-12145.79,None,N/A,
114.9416,asiya,SliderControl,Slider Control,662,356,217.92,-84420.17,None,N/A,
114.9511,asiya,SliderControl,Slider Control,657,356,522.43,31817.28,None,N/A,
114.9611,asiya,SliderControl,Slider Control,655,356,201.53,-32336.00,None,N/A,
114.9716,asiya,SliderControl,Slider Control,650,356,472.74,25641.51,None,N/A,
114.9817,asiya,SliderControl,Slider Control,647,357,314.96,-15714.41,None,N/A,
114.9911,asiya,SliderControl,Slider Control,640,357,745.24,45808.55,None,N/A,
115.0012,asiya,SliderControl,Slider Control,637,357,295.29,-44288.37,None,N/A,
115.0115,asiya,SliderControl,Slider Control,633,357,388.02,8995.26,None,N/A,
115.0218,asiya,SliderControl,Slider Control,632,357,97.14,-28256.07,None,N/A,
115.0315,asiya,SliderControl,Slider Control,631,357,103.80,691.20,None,N/A,
115.0416,asiya,SliderControl,Slider Control,628,357,297.04,19133.45,None,N/A,
115.0513,asiya,SliderControl,Slider Control,627,357,103.14,-19999.11,None,N/A,
115.0617,asiya,SliderControl,Slider Control,625,357,191.46,8455.15,None,N/A,
115.0719,asiya,SliderControl,Slider Control,623,357,196.19,463.41,None,N/A,
115.0816,asiya,SliderControl,Slider Control,621,357,206.16,1027.80,None,N/A,
115.0915,asiya,SliderControl,Slider Control,620,357,101.47,-10622.80,None,N/A,
115.1014,asiya,SliderControl,Slider Control,618,358,225.86,12563.66,None,N/A,
115.1117,asiya,SliderControl,Slider Control,617,358,96.73,-12490.46,None,N/A,
115.1214,asiya,SliderControl,Slider Control,615,359,230.00,13708.43,None,N/A,
115.1316,asiya,SliderControl,Slider Control,614,359,98.55,-12954.35,None,N/A,
115.1413,asiya,SliderControl,Slider Control,612,360,228.97,13354.89,None,N/A,
115.1517,asiya,SliderControl,Slider Control,608,362,431.07,19480.40,None,N/A,
115.1619,asiya,SliderControl,Slider Control,605,363,310.72,-11824.97,None,N/A,
115.1716,asiya,SliderControl,Slider Control,597,367,921.13,62863.53,None,N/A,
115.1813,asiya,SliderControl,Slider Control,593,368,425.31,-51145.59,None,N/A,
115.1911,asiya,SliderControl,Slider Control,584,371,965.18,54926.29,None,N/A,
115.2012,asiya,SliderControl,Slider Control,580,373,445.19,-51764.02,None,N/A,
115.2110,asiya,SliderControl,Slider Control,573,374,720.86,28103.05,None,N/A,
115.2212,asiya,SliderControl,Slider Control,569,375,402.25,-31083.24,None,N/A,
115.2316,asiya,SliderControl,Slider Control,565,375,386.71,-1502.02,None,N/A,
115.2412,asiya,SliderControl,Slider Control,563,375,208.19,-18583.49,None,N/A,
115.2511,asiya,SliderControl,Slider Control,562,375,100.88,-10825.46,None,N/A,
115.2616,asiya,SliderControl,Slider Control,560,375,190.08,8476.92,None,N/A,
115.2719,asiya,SliderControl,Slider Control,559,375,96.80,-9029.08,None,N/A,
115.2813,asiya,SliderControl,Slider Control,557,375,214.28,12587.47,None,N/A,
115.2918,asiya,SliderControl,Slider Control,556,375,95.26,-11338.26,None,N/A,
115.3011,asiya,SliderControl,Slider Control,555,375,107.30,1292.27,None,N/A,
115.3113,asiya,SliderControl,Slider Control,554,374,138.09,3006.29,None,N/A,
115.3214,asiya,SliderControl,Slider Control,553,374,99.19,-3858.38,None,N/A,
115.3319,asiya,SliderControl,Slider Control,552,373,134.60,3370.32,None,N/A,
115.3410,asiya,SliderControl,Slider Control,551,373,110.37,-2674.68,None,N/A,
115.3515,asiya,SliderControl,Slider Control,551,373,0.00,-10453.10,None,N/A,
115.3617,asiya,SliderControl,Slider Control,551,373,0.00,0.00,None,N/A,
115.3711,asiya,SliderControl,Slider Control,550,373,106.42,11324.49,None,N/A,
115.3816,asiya,SliderControl,Slider Control,550,373,0.00,-10159.64,None,N/A,
115.3911,asiya,SliderControl,Slider Control,550,373,0.00,0.00,None,N/A,
115.4017,asiya,SliderControl,Slider Control,550,373,0.00,0.00,None,N/A,
115.4117,asiya,SliderControl,Slider Control,550,373,0.00,0.00,None,N/A,
115.4212,asiya,SliderControl,Slider Control,550,373,0.00,0.00,None,N/A,
115.4316,asiya,SliderControl,Slider Control,550,373,0.00,0.00,None,N/A,
115.4410,asiya,SliderControl,Slider Control,550,373,0.00,0.00,None,N/A,
115.4519,asiya,SliderControl,Slider Control,550,372,91.60,8391.42,None,N/A,
115.4615,asiya,SliderControl,Slider Control,550,372,0.00,-9555.52,None,N/A,
115.4713,asiya,SliderControl,Slider Control,551,372,102.30,10465.82,None,N/A,
115.4817,asiya,SliderControl,Slider Control,551,372,0.00,-9774.00,None,N/A,
115.4911,asiya,SliderControl,Slider Control,551,372,0.00,0.00,None,N/A,
115.5019,asiya,SliderControl,Slider Control,552,371,130.46,12034.36,None,N/A,
115.5115,asiya,SliderControl,Slider Control,552,371,0.00,-13599.22,None,N/A,
115.5211,asiya,SliderControl,Slider Control,552,371,0.00,0.00,None,N/A,
115.5317,asiya,SliderControl,Slider Control,552,371,0.00,0.00,None,N/A,
115.5415,asiya,SliderControl,Slider Control,552,371,0.00,0.00,None,N/A,
115.5519,asiya,SliderControl,Slider Control,552,371,0.00,0.00,None,N/A,
115.5618,asiya,SliderControl,Slider Control,553,371,100.31,10062.30,None,N/A,
115.5713,asiya,SliderControl,Slider Control,553,371,0.00,-10649.09,None,N/A,
115.5813,asiya,SliderControl,Slider Control,553,371,0.00,0.00,None,N/A,
115.5909,asiya,SliderControl,Slider Control,553,371,0.00,0.00,None,N/A,
115.6017,asiya,SliderControl,Slider Control,554,370,131.24,12179.65,None,N/A,
115.6114,asiya,SliderControl,Slider Control,554,370,0.00,-13558.41,None,N/A,
115.6216,asiya,SliderControl,Slider Control,554,370,0.00,0.00,None,N/A,
115.6310,asiya,SliderControl,Slider Control,555,370,106.64,11372.92,None,N/A,
115.6410,asiya,SliderControl,Slider Control,555,370,0.00,-10718.58,None,N/A,
115.6511,asiya,SliderControl,Slider Control,556,370,98.52,9705.79,None,N/A,
115.6614,asiya,SliderControl,Slider Control,556,370,0.00,-9559.39,None,N/A,
115.6714,asiya,SliderControl,Slider Control,557,370,99.79,9958.19,None,N/A,
115.6816,asiya,SliderControl,Slider Control,557,370,0.00,-9857.34,None,N/A,
115.6911,asiya,SliderControl,Slider Control,557,370,0.00,0.00,None,N/A,
115.7015,asiya,SliderControl,Slider Control,557,370,0.00,0.00,None,N/A,
115.7110,asiya,SliderControl,Slider Control,557,370,0.00,0.00,None,N/A,
115.7213,asiya,SliderControl,Slider Control,557,370,0.00,0.00,None,N/A,
115.7318,asiya,SliderControl,Slider Control,557,370,0.00,0.00,None,N/A,
115.7413,asiya,SliderControl,Slider Control,557,370,0.00,0.00,None,N/A,
115.7519,asiya,SliderControl,Slider Control,557,370,0.00,0.00,None,N/A,
115.7616,asiya,SliderControl,Slider Control,557,370,0.00,0.00,None,N/A,
115.7711,asiya,SliderControl,Slider Control,557,370,0.00,0.00,None,N/A,
115.7816,asiya,SliderControl,Slider Control,557,370,0.00,0.00,None,N/A,
115.7912,asiya,SliderControl,Slider Control,557,370,0.00,0.00,None,N/A,
115.8018,asiya,SliderControl,Slider Control,557,370,0.00,0.00,None,N/A,
115.8113,asiya,SliderControl,Slider Control,557,370,0.00,0.00,None,N/A,
115.8217,asiya,SliderControl,Slider Control,557,370,0.00,0.00,None,N/A,
115.8316,asiya,SliderControl,Slider Control,557,370,0.00,0.00,None,N/A,
115.8419,asiya,SliderControl,Slider Control,557,370,0.00,0.00,None,N/A,
115.8513,asiya,SliderControl,Slider Control,557,370,0.00,0.00,None,N/A,
115.8619,asiya,SliderControl,Slider Control,557,370,0.00,0.00,None,N/A,
115.8712,asiya,SliderControl,Slider Control,557,370,0.00,0.00,None,N/A,
115.8817,asiya,SliderControl,Slider Control,557,370,0.00,0.00,None,N/A,
115.8912,asiya,SliderControl,Slider Control,557,370,0.00,0.00,None,N/A,
115.9018,asiya,SliderControl,Slider Control,557,370,0.00,0.00,None,N/A,
115.9116,asiya,SliderControl,Slider Control,557,370,0.00,0.00,None,N/A,
115.9217,asiya,SliderControl,Slider Control,557,370,0.00,0.00,None,N/A,
115.9312,asiya,SliderControl,Slider Control,557,370,0.00,0.00,None,N/A,
115.9419,asiya,SliderControl,Slider Control,557,370,0.00,0.00,None,N/A,
115.9514,asiya,SliderControl,Slider Control,557,370,0.00,0.00,None,N/A,
115.9618,asiya,SliderControl,Slider Control,557,370,0.00,0.00,None,N/A,
115.9712,asiya,SliderControl,Slider Control,557,370,0.00,0.00,None,N/A,
115.9818,asiya,SliderControl,Slider Control,557,370,0.00,0.00,None,N/A,
115.9913,asiya,SliderControl,Slider Control,557,370,0.00,0.00,None,N/A,
116.0017,asiya,SliderControl,Slider Control,557,370,0.00,0.00,None,N/A,
116.0113,asiya,SliderControl,Slider Control,557,370,0.00,0.00,None,N/A,
116.0211,asiya,SliderControl,Slider Control,557,370,0.00,0.00,None,N/A,
116.0315,asiya,SliderControl,Slider Control,557,370,0.00,0.00,None,N/A,
116.0419,asiya,SliderControl,Slider Control,557,370,0.00,0.00,None,N/A,
116.0518,asiya,SliderControl,Slider Control,556,371,141.80,14217.99,None,N/A,
116.0612,asiya,SliderControl,Slider Control,556,371,0.00,-15217.69,None,N/A,
116.0712,asiya,SliderControl,Slider Control,556,371,0.00,0.00,None,N/A,
116.0822,asiya,SliderControl,Slider Control,556,371,0.00,0.00,None,N/A,
116.0918,asiya,SliderControl,Slider Control,556,371,0.00,0.00,None,N/A,
116.1017,asiya,SliderControl,Slider Control,555,372,143.41,14542.96,None,N/A,
116.1111,asiya,SliderControl,Slider Control,555,372,0.00,-15173.97,None,N/A,
116.1216,asiya,SliderControl,Slider Control,555,372,0.00,0.00,None,N/A,
116.1310,asiya,SliderControl,Slider Control,555,372,0.00,0.00,None,N/A,
116.1415,asiya,SliderControl,Slider Control,555,372,0.00,0.00,None,N/A,
116.1510,asiya,SliderControl,Slider Control,555,372,0.00,0.00,None,N/A,
116.1615,asiya,SliderControl,Slider Control,555,372,0.00,0.00,None,N/A,
116.1710,asiya,SliderControl,Slider Control,555,372,0.00,0.00,None,N/A,
116.1814,asiya,SliderControl,Slider Control,555,372,0.00,0.00,None,N/A,
116.1919,asiya,SliderControl,Slider Control,555,372,0.00,0.00,None,N/A,
116.2016,asiya,SliderControl,Slider Control,555,371,103.95,10805.73,None,N/A,
116.2114,asiya,SliderControl,Slider Control,555,371,0.00,-10617.84,None,N/A,
116.2213,asiya,SliderControl,Slider Control,555,371,0.00,0.00,None,N/A,
116.2319,asiya,SliderControl,Slider Control,555,371,0.00,0.00,None,N/A,
116.2414,asiya,SliderControl,Slider Control,555,371,0.00,0.00,None,N/A,
116.2510,asiya,SliderControl,Slider Control,555,371,0.00,0.00,None,N/A,
116.2616,asiya,SliderControl,Slider Control,555,371,0.00,0.00,None,N/A,
116.2711,asiya,SliderControl,Slider Control,555,371,0.00,0.00,None,N/A,
116.2816,asiya,SliderControl,Slider Control,555,371,0.00,0.00,None,N/A,
116.2912,asiya,SliderControl,Slider Control,555,371,0.00,0.00,None,N/A,
116.3020,asiya,SliderControl,Slider Control,555,371,0.00,0.00,None,N/A,
116.3119,asiya,SliderControl,Slider Control,555,371,0.00,0.00,None,N/A,
116.3217,asiya,SliderControl,Slider Control,555,371,0.00,0.00,None,N/A,
116.3314,asiya,SliderControl,Slider Control,555,371,0.00,0.00,None,N/A,
116.3416,asiya,SliderControl,Slider Control,555,371,0.00,0.00,None,N/A,
116.3512,asiya,SliderControl,Slider Control,555,371,0.00,0.00,None,N/A,
116.3617,asiya,SliderControl,Slider Control,555,371,0.00,0.00,None,N/A,
116.3712,asiya,SliderControl,Slider Control,555,371,0.00,0.00,None,N/A,
116.3817,asiya,SliderControl,Slider Control,555,371,0.00,0.00,None,N/A,
116.3913,asiya,SliderControl,Slider Control,555,371,0.00,0.00,None,N/A,
116.4018,asiya,SliderControl,Slider Control,555,371,0.00,0.00,None,N/A,
116.4116,asiya,SliderControl,Slider Control,555,371,0.00,0.00,Left,N/A,
116.4211,asiya,SliderControl,Slider Control,555,371,0.00,0.00,Left,N/A,
116.4316,asiya,SliderControl,Slider Control,555,371,0.00,0.00,Left,N/A,
116.4411,asiya,SliderControl,Slider Control,555,371,0.00,0.00,Left,N/A,
116.4518,asiya,SliderControl,Slider Control,555,371,0.00,0.00,Left,N/A,
116.4614,asiya,SliderControl,Slider Control,555,371,0.00,0.00,Left,N/A,
116.4711,asiya,SliderControl,Slider Control,555,371,0.00,0.00,Left,N/A,
116.4816,asiya,SliderControl,Slider Control,555,371,0.00,0.00,Left,N/A,
116.4911,asiya,SliderControl,Slider Control,555,371,0.00,0.00,Left,N/A,
116.5018,asiya,SliderControl,Slider Control,555,371,0.00,0.00,Left,N/A,
116.5117,asiya,SliderControl,Slider Control,555,371,0.00,0.00,Left,N/A,
116.5210,asiya,SliderControl,Slider Control,563,372,870.08,93898.61,Left,N/A,
116.5312,asiya,SliderControl,Slider Control,592,374,2848.42,193854.94,Left,N/A,
116.5412,asiya,SliderControl,Slider Control,690,371,9822.87,698744.92,Left,N/A,
116.5511,asiya,SliderControl,Slider Control,718,370,2819.60,-704780.04,Left,N/A,
116.5619,asiya,SliderControl,Slider Control,769,368,4723.09,176145.48,Left,N/A,
116.5713,asiya,SliderControl,Slider Control,795,368,2759.69,-208398.75,Left,N/A,
116.5813,asiya,SliderControl,Slider Control,821,368,2593.63,-16565.00,Left,N/A,
116.5910,asiya,SliderControl,Slider Control,876,370,5692.42,320508.77,Left,N/A,
116.6010,asiya,SliderControl,Slider Control,901,371,2511.64,-319304.13,Left,N/A,
116.6117,asiya,SliderControl,Slider Control,950,374,4571.42,191805.79,Left,N/A,
116.6219,asiya,SliderControl,Slider Control,972,375,2161.56,-236530.72,Left,N/A,
116.6311,asiya,SliderControl,Slider Control,1006,377,3686.72,165091.44,Left,N/A,
116.6410,asiya,SliderControl,Slider Control,1020,377,1413.07,-229487.34,Left,N/A,
116.6515,asiya,SliderControl,Slider Control,1042,378,2115.67,67496.26,Left,N/A,
116.6615,asiya,SliderControl,Slider Control,1051,379,897.64,-120740.23,Left,N/A,
116.6717,asiya,SliderControl,Slider Control,1068,381,1677.45,76419.55,Left,N/A,
116.6818,asiya,SliderControl,Slider Control,1075,382,702.14,-96845.90,Left,N/A,
116.6912,asiya,SliderControl,Slider Control,1082,382,743.37,4378.88,Left,N/A,
116.7012,asiya,SliderControl,Slider Control,1096,385,1440.58,70148.86,Left,N/A,
116.7117,asiya,SliderControl,Slider Control,1103,387,694.02,-71169.95,Left,N/A,
116.7209,asiya,SliderControl,Slider Control,1115,389,1311.89,66628.37,Left,N/A,
116.7313,asiya,SliderControl,Slider Control,1123,391,792.94,-49901.22,Left,N/A,
116.7418,asiya,SliderControl,Slider Control,1133,393,975.74,17490.86,Left,N/A,
116.7513,asiya,SliderControl,Slider Control,1136,394,331.16,-67501.92,Left,N/A,
116.7611,asiya,SliderControl,Slider Control,1143,395,724.57,40313.18,Left,N/A,
116.7711,asiya,SliderControl,Slider Control,1147,396,411.99,-31234.04,Left,N/A,
116.7811,asiya,SliderControl,Slider Control,1154,398,728.48,31669.80,Left,N/A,
116.7911,asiya,SliderControl,Slider Control,1158,399,412.28,-31617.68,Left,N/A,
116.8015,asiya,SliderControl,Slider Control,1161,400,302.66,-10491.70,Left,N/A,
116.8113,asiya,SliderControl,Slider Control,1168,401,726.28,43509.80,Left,N/A,
116.8213,asiya,SliderControl,Slider Control,1171,402,315.72,-40989.57,Left,N/A,
116.8317,asiya,SliderControl,Slider Control,1175,402,383.80,6533.07,Left,N/A,
116.8416,asiya,SliderControl,Slider Control,1176,403,143.38,-24375.62,Left,N/A,
116.8513,asiya,SliderControl,Slider Control,1178,403,206.27,6485.16,Left,N/A,
116.8612,asiya,SliderControl,Slider Control,1179,403,100.84,-10631.12,Left,N/A,
116.8713,asiya,SliderControl,Slider Control,1181,403,198.57,9702.09,Left,N/A,
116.8818,asiya,SliderControl,Slider Control,1182,403,94.92,-9838.01,Left,N/A,
116.8912,asiya,SliderControl,Slider Control,1183,403,105.90,1162.75,Left,N/A,
116.9014,asiya,SliderControl,Slider Control,1184,403,98.11,-763.82,Left,N/A,
116.9112,asiya,SliderControl,Slider Control,1185,403,102.25,423.33,Left,N/A,
116.9210,asiya,SliderControl,Slider Control,1188,403,307.34,21009.92,Left,N/A,
116.9312,asiya,SliderControl,Slider Control,1190,403,196.19,-10902.66,Left,N/A,
116.9415,asiya,SliderControl,Slider Control,1192,402,215.81,1893.00,Left,N/A,
116.9514,asiya,SliderControl,Slider Control,1194,402,203.11,-1289.05,Left,N/A,
116.9619,asiya,SliderControl,Slider Control,1196,402,190.57,-1195.44,Left,N/A,
116.9717,asiya,SliderControl,Slider Control,1197,402,101.47,-9040.81,Left,N/A,
116.9817,asiya,SliderControl,Slider Control,1198,402,100.00,-146.84,Left,N/A,
116.9915,asiya,SliderControl,Slider Control,1199,402,102.28,233.71,Left,N/A,
117.0012,asiya,SliderControl,Slider Control,1200,401,145.73,4477.08,Left,N/A,
117.0119,asiya,SliderControl,Slider Control,1200,401,0.00,-13696.53,Left,N/A,
117.0215,asiya,SliderControl,Slider Control,1200,401,0.00,0.00,Left,N/A,
117.0316,asiya,SliderControl,Slider Control,1201,401,98.99,9798.55,Left,N/A,
117.0414,asiya,SliderControl,Slider Control,1201,401,0.00,-10104.26,Left,N/A,
117.0510,asiya,SliderControl,Slider Control,1202,401,104.26,10870.84,Left,N/A,
117.0620,asiya,SliderControl,Slider Control,1202,401,0.00,-9532.69,Left,N/A,
117.0715,asiya,SliderControl,Slider Control,1202,401,0.00,0.00,Left,N/A,
117.0811,asiya,SliderControl,Slider Control,1202,401,0.00,0.00,Left,N/A,
117.0916,asiya,SliderControl,Slider Control,1202,401,0.00,0.00,Left,N/A,
117.1011,asiya,SliderControl,Slider Control,1202,401,0.00,0.00,Left,N/A,
117.1116,asiya,SliderControl,Slider Control,1202,401,0.00,0.00,Left,N/A,
117.1210,asiya,SliderControl,Slider Control,1202,401,0.00,0.00,Left,N/A,
117.1316,asiya,SliderControl,Slider Control,1202,401,0.00,0.00,Left,N/A,
117.1416,asiya,SliderControl,Slider Control,1201,401,100.27,10054.60,Left,N/A,
117.1511,asiya,SliderControl,Slider Control,1201,401,0.00,-10456.84,Left,N/A,
117.1619,asiya,SliderControl,Slider Control,1201,401,0.00,0.00,Left,N/A,
117.1712,asiya,SliderControl,Slider Control,1201,401,0.00,0.00,Left,N/A,
117.1817,asiya,SliderControl,Slider Control,1201,401,0.00,0.00,Left,N/A,
117.1916,asiya,SliderControl,Slider Control,1200,401,101.12,10224.51,Left,N/A,
117.2012,asiya,SliderControl,Slider Control,1200,401,0.00,-10563.46,Left,N/A,
117.2116,asiya,SliderControl,Slider Control,1200,401,0.00,0.00,Left,N/A,
117.2218,asiya,SliderControl,Slider Control,1200,401,0.00,0.00,Left,N/A,
117.2315,asiya,SliderControl,Slider Control,1200,401,0.00,0.00,Left,N/A,
117.2410,asiya,SliderControl,Slider Control,1200,401,0.00,0.00,Left,N/A,
117.2515,asiya,SliderControl,Slider Control,1200,401,0.00,0.00,Left,N/A,
117.2614,asiya,SliderControl,Slider Control,1199,401,101.99,10401.28,Left,N/A,
117.2712,asiya,SliderControl,Slider Control,1199,401,0.00,-10362.73,Left,N/A,
117.2818,asiya,SliderControl,Slider Control,1199,401,0.00,0.00,Left,N/A,
117.2913,asiya,SliderControl,Slider Control,1199,401,0.00,0.00,Left,N/A,
117.3018,asiya,SliderControl,Slider Control,1199,401,0.00,0.00,Left,N/A,
117.3110,asiya,SliderControl,Slider Control,1199,401,0.00,0.00,Left,N/A,
117.3219,asiya,SliderControl,Slider Control,1199,401,0.00,0.00,Left,N/A,
117.3316,asiya,SliderControl,Slider Control,1199,401,0.00,0.00,Left,N/A,
117.3413,asiya,SliderControl,Slider Control,1199,401,0.00,0.00,Left,N/A,
117.3517,asiya,SliderControl,Slider Control,1199,401,0.00,0.00,Left,N/A,
117.3614,asiya,SliderControl,Slider Control,1199,401,0.00,0.00,Left,N/A,
117.3719,asiya,SliderControl,Slider Control,1199,401,0.00,0.00,Left,N/A,
117.3813,asiya,SliderControl,Slider Control,1199,401,0.00,0.00,Left,N/A,
117.3914,asiya,SliderControl,Slider Control,1199,401,0.00,0.00,Left,N/A,
117.4010,asiya,SliderControl,Slider Control,1199,401,0.00,0.00,Left,N/A,
117.4114,asiya,SliderControl,Slider Control,1198,401,95.89,9195.64,Left,N/A,
117.4216,asiya,SliderControl,Slider Control,1198,401,0.00,-9453.49,Left,N/A,
117.4310,asiya,SliderControl,Slider Control,1198,401,0.00,0.00,Left,N/A,
117.4411,asiya,SliderControl,Slider Control,1198,401,0.00,0.00,Left,N/A,
117.4510,asiya,SliderControl,Slider Control,1198,401,0.00,0.00,Left,N/A,
117.4616,asiya,SliderControl,Slider Control,1197,401,94.19,8871.85,Left,N/A,
117.4719,asiya,SliderControl,Slider Control,1197,401,0.00,-9166.21,Left,N/A,
117.4817,asiya,SliderControl,Slider Control,1196,401,101.84,10371.00,Left,N/A,
117.4912,asiya,SliderControl,Slider Control,1196,401,0.00,-10662.24,Left,N/A,
117.5011,asiya,SliderControl,Slider Control,1196,401,0.00,0.00,Left,N/A,
117.5118,asiya,SliderControl,Slider Control,1195,401,93.23,8692.13,Left,N/A,
117.5217,asiya,SliderControl,Slider Control,1195,401,0.00,-9425.87,Left,N/A,
117.5320,asiya,SliderControl,Slider Control,1190,402,497.68,48575.26,Left,N/A,
117.5418,asiya,SliderControl,Slider Control,1185,403,519.26,2197.72,Left,N/A,
117.5518,asiya,SliderControl,Slider Control,1171,405,1418.31,90164.67,Left,N/A,
117.5610,asiya,SliderControl,Slider Control,1165,406,655.74,-82206.99,Left,N/A,
117.5712,asiya,SliderControl,Slider Control,1155,408,1001.66,33975.70,Left,N/A,
117.5816,asiya,SliderControl,Slider Control,1151,409,398.79,-58309.61,Left,N/A,
117.5910,asiya,SliderControl,Slider Control,1142,410,960.45,59571.99,Left,N/A,
117.6015,asiya,SliderControl,Slider Control,1137,410,477.04,-46121.28,Left,N/A,
117.6116,asiya,SliderControl,Slider Control,1118,411,1874.08,137607.94,Left,N/A,
117.6209,asiya,SliderControl,Slider Control,1101,410,1824.62,-5299.82,Left,N/A,
117.6318,asiya,SliderControl,Slider Control,1074,410,2482.71,60512.87,Left,N/A,
117.6415,asiya,SliderControl,Slider Control,1024,411,5148.05,274370.88,Left,N/A,
117.6519,asiya,SliderControl,Slider Control,1012,412,1161.33,-384490.97,Left,N/A,
117.6611,asiya,SliderControl,Slider Control,998,414,1531.93,40145.44,Left,N/A,
117.6715,asiya,SliderControl,Slider Control,993,415,490.60,-100191.62,Left,N/A,
117.6814,asiya,SliderControl,Slider Control,988,416,517.15,2692.74,Left,N/A,
117.6913,asiya,SliderControl,Slider Control,987,416,100.88,-41993.68,Left,N/A,
117.7009,asiya,SliderControl,Slider Control,986,417,147.63,4880.25,Left,N/A,
117.7118,asiya,SliderControl,Slider Control,985,417,91.33,-5141.87,Left,N/A,
117.7213,asiya,SliderControl,Slider Control,985,418,105.45,1488.26,Left,N/A,
117.7315,asiya,SliderControl,Slider Control,984,418,98.09,-721.55,Left,N/A,
117.7412,asiya,SliderControl,Slider Control,984,418,0.00,-10081.28,Left,N/A,
117.7514,asiya,SliderControl,Slider Control,983,419,139.21,13704.16,Left,N/A,
117.7621,asiya,SliderControl,Slider Control,982,419,93.69,-4265.28,Left,N/A,
117.7717,asiya,SliderControl,Slider Control,980,419,207.51,11809.70,Left,N/A,
117.7815,asiya,SliderControl,Slider Control,979,420,144.33,-6447.83,Left,N/A,
117.7912,asiya,SliderControl,Slider Control,977,420,206.71,6447.37,Left,N/A,
117.8019,asiya,SliderControl,Slider Control,976,421,131.62,-6988.67,Left,N/A,
117.8116,asiya,SliderControl,Slider Control,974,421,206.38,7714.36,Left,N/A,
117.8216,asiya,SliderControl,Slider Control,973,421,99.99,-10638.12,Left,N/A,
117.8312,asiya,SliderControl,Slider Control,973,421,0.00,-10457.08,Left,N/A,
117.8414,asiya,SliderControl,Slider Control,971,421,195.31,19072.31,Left,N/A,
117.8518,asiya,SliderControl,Slider Control,970,421,96.27,-9534.24,Left,N/A,
117.8617,asiya,SliderControl,Slider Control,970,422,101.01,478.67,Left,N/A,
117.8716,asiya,SliderControl,Slider Control,970,422,0.00,-10222.79,Left,N/A,
117.8810,asiya,SliderControl,Slider Control,969,422,106.17,11272.95,Left,N/A,
117.8911,asiya,SliderControl,Slider Control,969,422,0.00,-10508.69,Left,N/A,
117.9011,asiya,SliderControl,Slider Control,969,423,99.88,9975.74,Left,N/A,
117.9116,asiya,SliderControl,Slider Control,969,423,0.00,-9557.22,Left,N/A,
117.9214,asiya,SliderControl,Slider Control,969,423,0.00,0.00,Left,N/A,
117.9315,asiya,SliderControl,Slider Control,969,424,99.16,9832.87,Left,N/A,
117.9419,asiya,SliderControl,Slider Control,969,424,0.00,-9513.70,Left,N/A,
117.9517,asiya,SliderControl,Slider Control,969,424,0.00,0.00,Left,N/A,
117.9612,asiya,SliderControl,Slider Control,969,424,0.00,0.00,Left,N/A,
117.9718,asiya,SliderControl,Slider Control,969,425,94.64,8956.13,Left,N/A,
117.9812,asiya,SliderControl,Slider Control,969,425,0.00,-9989.32,Left,N/A,
117.9919,asiya,SliderControl,Slider Control,969,425,0.00,0.00,Left,N/A,
118.0017,asiya,SliderControl,Slider Control,969,425,0.00,0.00,Left,N/A,
118.0113,asiya,SliderControl,Slider Control,969,425,0.00,0.00,Left,N/A,
118.0217,asiya,SliderControl,Slider Control,970,425,96.19,9252.67,Left,N/A,
118.0312,asiya,SliderControl,Slider Control,970,425,0.00,-10198.01,Left,N/A,
118.0416,asiya,SliderControl,Slider Control,970,425,0.00,0.00,Left,N/A,
118.0509,asiya,SliderControl,Slider Control,970,426,107.50,11557.31,Left,N/A,
118.0615,asiya,SliderControl,Slider Control,970,426,0.00,-10168.88,Left,N/A,
118.0712,asiya,SliderControl,Slider Control,970,426,0.00,0.00,Left,N/A,
118.0817,asiya,SliderControl,Slider Control,970,426,0.00,0.00,Left,N/A,
118.0914,asiya,SliderControl,Slider Control,971,426,102.63,10533.54,Left,N/A,
118.1010,asiya,SliderControl,Slider Control,971,426,0.00,-10762.66,Left,N/A,
118.1115,asiya,SliderControl,Slider Control,971,426,0.00,0.00,Left,N/A,
118.1211,asiya,SliderControl,Slider Control,971,426,0.00,0.00,Left,N/A,
118.1316,asiya,SliderControl,Slider Control,971,426,0.00,0.00,Left,N/A,
118.1415,asiya,SliderControl,Slider Control,971,426,0.00,0.00,Left,N/A,
118.1516,asiya,SliderControl,Slider Control,971,426,0.00,0.00,Left,N/A,
118.1614,asiya,SliderControl,Slider Control,971,426,0.00,0.00,Left,N/A,
118.1716,asiya,SliderControl,Slider Control,972,426,97.83,9569.99,Left,N/A,
118.1809,asiya,SliderControl,Slider Control,972,426,0.00,-10505.23,Left,N/A,
118.1913,asiya,SliderControl,Slider Control,972,426,0.00,0.00,Left,N/A,
118.2015,asiya,SliderControl,Slider Control,972,426,0.00,0.00,Left,N/A,
118.2110,asiya,SliderControl,Slider Control,972,426,0.00,0.00,Left,N/A,
118.2218,asiya,SliderControl,Slider Control,973,426,93.08,8663.61,Left,N/A,
118.2315,asiya,SliderControl,Slider Control,973,426,0.00,-9581.30,Left,N/A,
118.2411,asiya,SliderControl,Slider Control,974,426,103.84,10783.27,Left,N/A,
118.2517,asiya,SliderControl,Slider Control,974,426,0.00,-9812.27,Left,N/A,
118.2619,asiya,SliderControl,Slider Control,974,426,0.00,0.00,Left,N/A,
118.2713,asiya,SliderControl,Slider Control,975,427,150.33,15979.55,Left,N/A,
118.2813,asiya,SliderControl,Slider Control,975,427,0.00,-15061.54,Left,N/A,
118.2918,asiya,SliderControl,Slider Control,976,427,95.04,9031.78,Left,N/A,
118.3019,asiya,SliderControl,Slider Control,976,427,0.00,-9387.86,Left,N/A,
118.3110,asiya,SliderControl,Slider Control,977,427,110.12,12125.45,Left,N/A,
118.3214,asiya,SliderControl,Slider Control,977,427,0.00,-10545.43,Left,N/A,
118.3314,asiya,SliderControl,Slider Control,977,428,100.73,10147.06,Left,N/A,
118.3410,asiya,SliderControl,Slider Control,978,428,103.75,313.34,Left,N/A,
118.3518,asiya,SliderControl,Slider Control,978,428,0.00,-9650.29,Left,N/A,
118.3611,asiya,SliderControl,Slider Control,979,428,107.35,11523.61,Left,N/A,
118.3716,asiya,SliderControl,Slider Control,979,428,0.00,-10198.89,Left,N/A,
118.3811,asiya,SliderControl,Slider Control,979,428,0.00,0.00,Left,N/A,
118.3920,asiya,SliderControl,Slider Control,979,428,0.00,0.00,Left,N/A,
118.4017,asiya,SliderControl,Slider Control,979,428,0.00,0.00,Left,N/A,
118.4114,asiya,SliderControl,Slider Control,979,428,0.00,0.00,Left,N/A,
118.4211,asiya,SliderControl,Slider Control,980,428,103.37,10684.64,Left,N/A,
118.4316,asiya,SliderControl,Slider Control,980,428,0.00,-9865.98,Left,N/A,
118.4411,asiya,SliderControl,Slider Control,980,428,0.00,0.00,Left,N/A,
118.4516,asiya,SliderControl,Slider Control,980,428,0.00,0.00,Left,N/A,
118.4614,asiya,SliderControl,Slider Control,980,428,0.00,0.00,Left,N/A,
118.4712,asiya,SliderControl,Slider Control,980,428,0.00,0.00,Left,N/A,
118.4817,asiya,SliderControl,Slider Control,980,428,0.00,0.00,Left,N/A,
118.4914,asiya,SliderControl,Slider Control,980,428,0.00,0.00,Left,N/A,
118.5016,asiya,SliderControl,Slider Control,980,428,0.00,0.00,Left,N/A,
118.5111,asiya,SliderControl,Slider Control,980,428,0.00,0.00,Left,N/A,
118.5216,asiya,SliderControl,Slider Control,981,428,95.85,9186.40,Left,N/A,
118.5311,asiya,SliderControl,Slider Control,981,428,0.00,-10089.50,Left,N/A,
118.5417,asiya,SliderControl,Slider Control,981,428,0.00,0.00,Left,N/A,
118.5512,asiya,SliderControl,Slider Control,981,428,0.00,0.00,Left,N/A,
118.5617,asiya,SliderControl,Slider Control,981,428,0.00,0.00,Left,N/A,
118.5714,asiya,SliderControl,Slider Control,981,428,0.00,0.00,Left,N/A,
118.5819,asiya,SliderControl,Slider Control,981,428,0.00,0.00,Left,N/A,
118.5917,asiya,SliderControl,Slider Control,981,428,0.00,0.00,Left,N/A,
118.6015,asiya,SliderControl,Slider Control,981,428,0.00,0.00,Left,N/A,
118.6110,asiya,SliderControl,Slider Control,981,428,0.00,0.00,Left,N/A,
118.6214,asiya,SliderControl,Slider Control,981,428,0.00,0.00,Left,N/A,
118.6310,asiya,SliderControl,Slider Control,981,428,0.00,0.00,Left,N/A,
118.6416,asiya,SliderControl,Slider Control,981,428,0.00,0.00,Left,N/A,
118.6511,asiya,SliderControl,Slider Control,981,428,0.00,0.00,Left,N/A,
118.6616,asiya,SliderControl,Slider Control,981,428,0.00,0.00,Left,N/A,
118.6711,asiya,SliderControl,Slider Control,981,428,0.00,0.00,Left,N/A,
118.6815,asiya,SliderControl,Slider Control,981,428,0.00,0.00,Left,N/A,
118.6919,asiya,SliderControl,Slider Control,981,428,0.00,0.00,Left,N/A,
118.7014,asiya,SliderControl,Slider Control,981,428,0.00,0.00,Left,N/A,
118.7110,asiya,SliderControl,Slider Control,981,428,0.00,0.00,Left,N/A,
118.7214,asiya,SliderControl,Slider Control,981,428,0.00,0.00,Left,N/A,
118.7319,asiya,SliderControl,Slider Control,981,428,0.00,0.00,Left,N/A,
118.7417,asiya,SliderControl,Slider Control,981,428,0.00,0.00,Left,N/A,
118.7513,asiya,SliderControl,Slider Control,981,428,0.00,0.00,Left,N/A,
118.7619,asiya,SliderControl,Slider Control,981,428,0.00,0.00,Left,N/A,
118.7714,asiya,SliderControl,Slider Control,981,428,0.00,0.00,Left,N/A,
118.7812,asiya,SliderControl,Slider Control,981,428,0.00,0.00,Left,N/A,
118.7918,asiya,SliderControl,Slider Control,981,428,0.00,0.00,Left,N/A,
118.8013,asiya,SliderControl,Slider Control,981,428,0.00,0.00,Left,N/A,
118.8119,asiya,SliderControl,Slider Control,981,428,0.00,0.00,Left,N/A,
118.8213,asiya,SliderControl,Slider Control,981,428,0.00,0.00,Left,N/A,
118.8318,asiya,SliderControl,Slider Control,981,428,0.00,0.00,Left,N/A,
118.8416,asiya,SliderControl,Slider Control,981,428,0.00,0.00,Left,N/A,
118.8511,asiya,SliderControl,Slider Control,981,428,0.00,0.00,Left,N/A,
118.8617,asiya,SliderControl,Slider Control,981,428,0.00,0.00,Left,N/A,
118.8712,asiya,SliderControl,Slider Control,981,428,0.00,0.00,Left,N/A,
118.8817,asiya,SliderControl,Slider Control,981,428,0.00,0.00,Left,N/A,
118.8913,asiya,SliderControl,Slider Control,981,428,0.00,0.00,Left,N/A,
118.9018,asiya,SliderControl,Slider Control,981,428,0.00,0.00,Left,N/A,
118.9112,asiya,SliderControl,Slider Control,981,428,0.00,0.00,Left,N/A,
118.9214,asiya,SliderControl,Slider Control,980,427,137.51,13370.73,Left,N/A,
118.9319,asiya,SliderControl,Slider Control,980,426,95.21,-4027.50,Left,N/A,
118.9415,asiya,SliderControl,Slider Control,980,426,0.00,-9968.60,Left,N/A,
118.9496,asiya,SliderControl,Slider Control,980,426,0.00,0.00,None,N/A,slider_released_correct
118.9525,asiya,SliderControl,Slider Control,980,426,0.00,0.00,None,N/A,
118.9611,asiya,SliderControl,Slider Control,980,426,0.00,0.00,None,N/A,
118.9715,asiya,SliderControl,Slider Control,980,426,0.00,0.00,None,N/A,
118.9810,asiya,SliderControl,Slider Control,980,426,0.00,0.00,None,N/A,
118.9915,asiya,SliderControl,Slider Control,980,426,0.00,0.00,None,N/A,
119.0010,asiya,SliderControl,Slider Control,980,426,0.00,0.00,None,N/A,
119.0114,asiya,SliderControl,Slider Control,980,426,0.00,0.00,None,N/A,
119.0210,asiya,SliderControl,Slider Control,980,426,0.00,0.00,None,N/A,
119.0315,asiya,SliderControl,Slider Control,980,426,0.00,0.00,None,N/A,
119.0410,asiya,SliderControl,Slider Control,980,426,0.00,0.00,None,N/A,
119.0515,asiya,SliderControl,Slider Control,980,426,0.00,0.00,None,N/A,
119.0609,asiya,SliderControl,Slider Control,980,426,0.00,0.00,None,N/A,
119.0714,asiya,SliderControl,Slider Control,980,426,0.00,0.00,None,N/A,
119.0819,asiya,SliderControl,Slider Control,980,426,0.00,0.00,None,N/A,
119.0912,asiya,SliderControl,Slider Control,980,426,0.00,0.00,None,N/A,
119.1017,asiya,SliderControl,Slider Control,980,426,0.00,0.00,None,N/A,
119.1112,asiya,SliderControl,Slider Control,980,426,0.00,0.00,None,N/A,
119.1216,asiya,SliderControl,Slider Control,980,426,0.00,0.00,None,N/A,
119.1311,asiya,SliderControl,Slider Control,980,426,0.00,0.00,None,N/A,
119.1417,asiya,SliderControl,Slider Control,980,426,0.00,0.00,None,N/A,
119.1511,asiya,SliderControl,Slider Control,980,426,0.00,0.00,None,N/A,
119.1615,asiya,SliderControl,Slider Control,980,426,0.00,0.00,None,N/A,
119.1711,asiya,SliderControl,Slider Control,980,426,0.00,0.00,None,N/A,
119.1818,asiya,SliderControl,Slider Control,980,426,0.00,0.00,None,N/A,
119.1914,asiya,SliderControl,Slider Control,980,426,0.00,0.00,None,N/A,
119.2010,asiya,SliderControl,Slider Control,980,426,0.00,0.00,None,N/A,
119.2118,asiya,SliderControl,Slider Control,980,426,0.00,0.00,None,N/A,
119.2218,asiya,SliderControl,Slider Control,980,426,0.00,0.00,None,N/A,
119.2314,asiya,SliderControl,Slider Control,980,426,0.00,0.00,None,N/A,
119.2419,asiya,SliderControl,Slider Control,980,426,0.00,0.00,None,N/A,
119.2520,asiya,SliderControl,Slider Control,980,426,0.00,0.00,None,N/A,
119.2620,asiya,SliderControl,Slider Control,980,426,0.00,0.00,None,N/A,
119.2720,asiya,SliderControl,Slider Control,980,426,0.00,0.00,None,N/A,
119.2816,asiya,SliderControl,Slider Control,980,426,0.00,0.00,None,N/A,
119.2911,asiya,SliderControl,Slider Control,980,426,0.00,0.00,None,N/A,
119.3017,asiya,SliderControl,Slider Control,980,426,0.00,0.00,None,N/A,
119.3112,asiya,SliderControl,Slider Control,980,426,0.00,0.00,None,N/A,
119.3217,asiya,SliderControl,Slider Control,980,426,0.00,0.00,None,N/A,
119.3314,asiya,SliderControl,Slider Control,980,426,0.00,0.00,None,N/A,
119.3410,asiya,SliderControl,Slider Control,980,426,0.00,0.00,None,N/A,
119.3522,asiya,SliderControl,Slider Control,980,426,0.00,0.00,None,N/A,
119.3619,asiya,SliderControl,Slider Control,980,426,0.00,0.00,None,N/A,
119.3718,asiya,SliderControl,Slider Control,980,426,0.00,0.00,None,N/A,
119.3814,asiya,SliderControl,Slider Control,980,426,0.00,0.00,None,N/A,
119.3911,asiya,SliderControl,Slider Control,980,426,0.00,0.00,None,N/A,
119.4016,asiya,SliderControl,Slider Control,980,426,0.00,0.00,None,N/A,
119.4116,asiya,SliderControl,Slider Control,980,426,0.00,0.00,None,N/A,
119.4212,asiya,SliderControl,Slider Control,980,426,0.00,0.00,None,N/A,
119.4317,asiya,SliderControl,Slider Control,980,426,0.00,0.00,None,N/A,
119.4412,asiya,SliderControl,Slider Control,980,426,0.00,0.00,None,N/A,
119.4517,asiya,SliderControl,Slider Control,980,426,0.00,0.00,None,N/A,
119.4612,asiya,SliderControl,Slider Control,980,426,0.00,0.00,None,N/A,
119.4715,asiya,SliderControl,Slider Control,980,426,0.00,0.00,None,N/A,
119.4811,asiya,SliderControl,Slider Control,980,426,0.00,0.00,None,N/A,
119.4916,asiya,SliderControl,Slider Control,980,426,0.00,0.00,None,N/A,
119.5011,asiya,SliderControl,Slider Control,980,426,0.00,0.00,None,N/A,
119.5116,asiya,SliderControl,Slider Control,980,426,0.00,0.00,None,N/A,
119.5211,asiya,SliderControl,Slider Control,980,426,0.00,0.00,None,N/A,
119.5316,asiya,SliderControl,Slider Control,980,426,0.00,0.00,None,N/A,
119.5413,asiya,SliderControl,Slider Control,980,426,0.00,0.00,None,N/A,
119.5518,asiya,SliderControl,Slider Control,980,426,0.00,0.00,None,N/A,
119.5613,asiya,SliderControl,Slider Control,980,426,0.00,0.00,None,N/A,
119.5717,asiya,SliderControl,Slider Control,980,426,0.00,0.00,None,N/A,
119.5813,asiya,SliderControl,Slider Control,980,426,0.00,0.00,None,N/A,
119.5919,asiya,SliderControl,Slider Control,980,426,0.00,0.00,None,N/A,
119.6014,asiya,SliderControl,Slider Control,980,426,0.00,0.00,None,N/A,
119.6110,asiya,SliderControl,Slider Control,980,426,0.00,0.00,None,N/A,
119.6214,asiya,SliderControl,Slider Control,980,426,0.00,0.00,None,N/A,
119.6319,asiya,SliderControl,Slider Control,980,426,0.00,0.00,None,N/A,
119.6414,asiya,SliderControl,Slider Control,980,426,0.00,0.00,None,N/A,
119.6519,asiya,SliderControl,Slider Control,980,426,0.00,0.00,None,N/A,
119.6614,asiya,SliderControl,Slider Control,980,426,0.00,0.00,None,N/A,
119.6718,asiya,SliderControl,Slider Control,980,426,0.00,0.00,None,N/A,
119.6813,asiya,SliderControl,Slider Control,980,426,0.00,0.00,None,N/A,
119.6918,asiya,SliderControl,Slider Control,980,426,0.00,0.00,None,N/A,
119.7014,asiya,SliderControl,Slider Control,980,426,0.00,0.00,None,N/A,
119.7111,asiya,SliderControl,Slider Control,967,420,1464.00,149694.36,None,N/A,
119.7219,asiya,SliderControl,Slider Control,958,416,915.64,-50980.59,None,N/A,
119.7314,asiya,SliderControl,Slider Control,935,405,2675.70,184716.86,None,N/A,
119.7414,asiya,SliderControl,Slider Control,925,402,1049.59,-163476.32,None,N/A,
119.7512,asiya,SliderControl,Slider Control,916,399,966.87,-8430.06,None,N/A,
119.7619,asiya,SliderControl,Slider Control,902,395,1361.50,36900.68,None,N/A,
119.7713,asiya,SliderControl,Slider Control,896,393,674.37,-73266.57,None,N/A,
119.7818,asiya,SliderControl,Slider Control,880,389,1569.54,85190.38,None,N/A,
119.7915,asiya,SliderControl,Slider Control,870,387,1044.76,-53761.78,None,N/A,
119.8013,asiya,SliderControl,Slider Control,857,384,1366.35,32934.77,None,N/A,
119.8119,asiya,SliderControl,Slider Control,851,383,573.75,-74761.45,None,N/A,
119.8219,asiya,SliderControl,Slider Control,843,381,827.52,25466.46,None,N/A,
119.8317,asiya,SliderControl,Slider Control,840,380,321.21,-51429.14,None,N/A,
119.8411,asiya,SliderControl,Slider Control,834,379,650.58,35226.50,None,N/A,
119.8514,asiya,SliderControl,Slider Control,832,379,193.10,-44169.69,None,N/A,
119.8614,asiya,SliderControl,Slider Control,827,378,509.20,31565.86,None,N/A,
119.8709,asiya,SliderControl,Slider Control,824,377,332.66,-18571.10,None,N/A,
119.8819,asiya,SliderControl,Slider Control,822,376,204.80,-11710.66,None,N/A,
119.8916,asiya,SliderControl,Slider Control,816,374,646.89,45218.05,None,N/A,
119.9012,asiya,SliderControl,Slider Control,813,373,330.62,-33066.64,None,N/A,
119.9119,asiya,SliderControl,Slider Control,808,371,505.10,16365.01,None,N/A,
119.9219,asiya,SliderControl,Slider Control,805,371,300.01,-20509.67,None,N/A,
119.9315,asiya,SliderControl,Slider Control,801,369,463.59,16957.91,None,N/A,
119.9414,asiya,SliderControl,Slider Control,799,369,201.73,-26413.01,None,N/A,
119.9515,asiya,SliderControl,Slider Control,795,368,408.39,20468.89,None,N/A,
119.9618,asiya,SliderControl,Slider Control,794,368,96.83,-30168.15,None,N/A,
119.9712,asiya,SliderControl,Slider Control,793,368,106.81,1065.55,None,N/A,
119.9814,asiya,SliderControl,Slider Control,791,368,195.15,8620.37,None,N/A,
119.9915,asiya,SliderControl,Slider Control,790,368,99.44,-9517.62,None,N/A,
120.0014,asiya,SliderControl,Slider Control,787,368,302.73,20514.17,None,N/A,
120.0110,asiya,SliderControl,Slider Control,785,368,209.33,-9775.38,None,N/A,
120.0218,asiya,SliderControl,Slider Control,778,368,645.43,40210.55,None,N/A,
120.0317,asiya,SliderControl,Slider Control,773,369,515.98,-13099.70,None,N/A,
120.0411,asiya,SliderControl,Slider Control,762,370,1169.48,69191.71,None,N/A,
120.0513,asiya,SliderControl,Slider Control,756,371,601.21,-56166.40,None,N/A,
120.0617,asiya,SliderControl,Slider Control,746,373,979.30,36306.73,None,N/A,
120.0719,asiya,SliderControl,Slider Control,742,374,404.14,-56375.81,None,N/A,
120.0814,asiya,SliderControl,Slider Control,733,375,951.95,57589.25,None,N/A,
120.0913,asiya,SliderControl,Slider Control,729,375,402.97,-55305.93,None,N/A,
120.1013,asiya,SliderControl,Slider Control,724,376,509.20,10608.26,None,N/A,
120.1117,asiya,SliderControl,Slider Control,714,376,963.39,43756.14,None,N/A,
120.1210,asiya,SliderControl,Slider Control,709,377,550.88,-44565.93,None,N/A,
120.1312,asiya,SliderControl,Slider Control,701,377,782.21,22618.43,None,N/A,
120.1414,asiya,SliderControl,Slider Control,696,377,491.54,-28575.15,None,N/A,
120.1511,asiya,SliderControl,Slider Control,688,377,817.68,33335.25,None,N/A,
120.1618,asiya,SliderControl,Slider Control,684,377,374.84,-41498.85,None,N/A,
120.1717,asiya,SliderControl,Slider Control,677,377,707.80,33666.28,None,N/A,
120.1814,asiya,SliderControl,Slider Control,675,377,205.39,-51594.94,None,N/A,
120.1914,asiya,SliderControl,Slider Control,671,377,402.11,19775.53,None,N/A,
120.2011,asiya,SliderControl,Slider Control,669,377,205.66,-20200.89,None,N/A,
120.2110,asiya,SliderControl,Slider Control,668,377,101.19,-10571.70,None,N/A,
120.2217,asiya,SliderControl,Slider Control,666,377,187.12,8039.83,None,N/A,
120.2316,asiya,SliderControl,Slider Control,665,377,101.25,-8694.76,None,N/A,
120.2414,asiya,SliderControl,Slider Control,663,377,204.00,10480.67,None,N/A,
120.2511,asiya,SliderControl,Slider Control,662,377,103.18,-10402.94,None,N/A,
120.2612,asiya,SliderControl,Slider Control,661,377,98.60,-451.05,None,N/A,
120.2718,asiya,SliderControl,Slider Control,661,376,94.20,-414.89,None,N/A,
120.2812,asiya,SliderControl,Slider Control,661,376,0.00,-10012.68,None,N/A,
120.2913,asiya,SliderControl,Slider Control,660,376,98.92,9785.15,None,N/A,
120.3009,asiya,SliderControl,Slider Control,660,375,104.76,612.17,None,N/A,
120.3113,asiya,SliderControl,Slider Control,659,375,95.66,-870.64,None,N/A,
120.3214,asiya,SliderControl,Slider Control,659,375,0.00,-9483.69,None,N/A,
120.3310,asiya,SliderControl,Slider Control,659,375,0.00,0.00,None,N/A,
120.3410,asiya,SliderControl,Slider Control,659,375,0.00,0.00,None,N/A,
120.3519,asiya,SliderControl,Slider Control,659,375,0.00,0.00,None,N/A,
120.3614,asiya,SliderControl,Slider Control,658,374,149.69,15845.15,None,N/A,
120.3715,asiya,SliderControl,Slider Control,658,374,0.00,-14769.45,None,N/A,
120.3814,asiya,SliderControl,Slider Control,658,373,100.63,10125.65,None,N/A,
120.3911,asiya,SliderControl,Slider Control,656,373,207.16,11035.07,None,N/A,
120.4016,asiya,SliderControl,Slider Control,656,372,95.49,-10663.59,None,N/A,
120.4116,asiya,SliderControl,Slider Control,654,372,199.54,10380.66,None,N/A,
120.4217,asiya,SliderControl,Slider Control,654,371,99.22,-9953.63,None,N/A,
120.4312,asiya,SliderControl,Slider Control,652,370,234.18,14134.27,None,N/A,
120.4410,asiya,SliderControl,Slider Control,652,370,0.00,-23948.06,None,N/A,
120.4512,asiya,SliderControl,Slider Control,651,370,98.44,9689.85,None,N/A,
120.4616,asiya,SliderControl,Slider Control,650,369,135.74,3581.03,None,N/A,
120.4719,asiya,SliderControl,Slider Control,649,369,96.97,-3760.17,None,N/A,
120.4811,asiya,SliderControl,Slider Control,649,368,108.40,1238.96,None,N/A,
120.4913,asiya,SliderControl,Slider Control,648,368,98.04,-1015.46,None,N/A,
120.5014,asiya,SliderControl,Slider Control,648,367,99.57,152.01,None,N/A,
120.5119,asiya,SliderControl,Slider Control,647,367,94.55,-474.48,None,N/A,
120.5216,asiya,SliderControl,Slider Control,647,367,0.00,-9789.18,None,N/A,
120.5311,asiya,SliderControl,Slider Control,647,367,0.00,0.00,None,N/A,
120.5413,asiya,SliderControl,Slider Control,647,366,98.04,9611.19,None,N/A,
120.5513,asiya,SliderControl,Slider Control,647,366,0.00,-9799.94,None,N/A,
120.5617,asiya,SliderControl,Slider Control,647,366,0.00,0.00,None,N/A,
120.5711,asiya,SliderControl,Slider Control,647,366,0.00,0.00,None,N/A,
120.5815,asiya,SliderControl,Slider Control,647,366,0.00,0.00,None,N/A,
120.5919,asiya,SliderControl,Slider Control,647,366,0.00,0.00,None,N/A,
120.6014,asiya,SliderControl,Slider Control,647,366,0.00,0.00,None,N/A,
120.6115,asiya,SliderControl,Slider Control,647,366,0.00,0.00,None,N/A,
120.6220,asiya,SliderControl,Slider Control,647,366,0.00,0.00,None,N/A,
120.6315,asiya,SliderControl,Slider Control,647,366,0.00,0.00,None,N/A,
120.6410,asiya,SliderControl,Slider Control,647,366,0.00,0.00,None,N/A,
120.6514,asiya,SliderControl,Slider Control,647,366,0.00,0.00,None,N/A,
120.6619,asiya,SliderControl,Slider Control,647,366,0.00,0.00,None,N/A,
120.6714,asiya,SliderControl,Slider Control,647,366,0.00,0.00,None,N/A,
120.6819,asiya,SliderControl,Slider Control,647,366,0.00,0.00,None,N/A,
120.6915,asiya,SliderControl,Slider Control,647,366,0.00,0.00,None,N/A,
120.7019,asiya,SliderControl,Slider Control,647,366,0.00,0.00,None,N/A,
120.7113,asiya,SliderControl,Slider Control,647,366,0.00,0.00,None,N/A,
120.7217,asiya,SliderControl,Slider Control,647,366,0.00,0.00,None,N/A,
120.7312,asiya,SliderControl,Slider Control,647,366,0.00,0.00,None,N/A,
120.7417,asiya,SliderControl,Slider Control,647,366,0.00,0.00,None,N/A,
120.7511,asiya,SliderControl,Slider Control,647,366,0.00,0.00,None,N/A,
120.7616,asiya,SliderControl,Slider Control,647,366,0.00,0.00,None,N/A,
120.7711,asiya,SliderControl,Slider Control,647,366,0.00,0.00,None,N/A,
120.7817,asiya,SliderControl,Slider Control,647,366,0.00,0.00,None,N/A,
120.7919,asiya,SliderControl,Slider Control,647,366,0.00,0.00,None,N/A,
120.8014,asiya,SliderControl,Slider Control,647,366,0.00,0.00,None,N/A,
120.8119,asiya,SliderControl,Slider Control,647,366,0.00,0.00,None,N/A,
120.8216,asiya,SliderControl,Slider Control,647,366,0.00,0.00,None,N/A,
120.8311,asiya,SliderControl,Slider Control,647,366,0.00,0.00,None,N/A,
120.8416,asiya,SliderControl,Slider Control,647,366,0.00,0.00,None,N/A,
120.8513,asiya,SliderControl,Slider Control,647,366,0.00,0.00,None,N/A,
120.8617,asiya,SliderControl,Slider Control,647,366,0.00,0.00,None,N/A,
120.8711,asiya,SliderControl,Slider Control,647,366,0.00,0.00,None,N/A,
120.8815,asiya,SliderControl,Slider Control,647,366,0.00,0.00,None,N/A,
120.8911,asiya,SliderControl,Slider Control,647,366,0.00,0.00,None,N/A,
120.9018,asiya,SliderControl,Slider Control,647,366,0.00,0.00,Left,N/A,
120.9112,asiya,SliderControl,Slider Control,647,366,0.00,0.00,Left,N/A,
120.9216,asiya,SliderControl,Slider Control,647,366,0.00,0.00,Left,N/A,
120.9313,asiya,SliderControl,Slider Control,647,366,0.00,0.00,Left,N/A,
120.9410,asiya,SliderControl,Slider Control,647,366,0.00,0.00,Left,N/A,
120.9515,asiya,SliderControl,Slider Control,647,366,0.00,0.00,Left,N/A,
120.9610,asiya,SliderControl,Slider Control,647,366,0.00,0.00,Left,N/A,
120.9714,asiya,SliderControl,Slider Control,647,366,0.00,0.00,Left,N/A,
120.9819,asiya,SliderControl,Slider Control,647,366,0.00,0.00,Left,N/A,
120.9915,asiya,SliderControl,Slider Control,647,366,0.00,0.00,Left,N/A,
121.0010,asiya,SliderControl,Slider Control,647,366,0.00,0.00,Left,N/A,
121.0114,asiya,SliderControl,Slider Control,647,366,0.00,0.00,Left,N/A,
121.0217,asiya,SliderControl,Slider Control,647,366,0.00,0.00,Left,N/A,
121.0312,asiya,SliderControl,Slider Control,647,366,0.00,0.00,Left,N/A,
121.0417,asiya,SliderControl,Slider Control,647,366,0.00,0.00,Left,N/A,
121.0511,asiya,SliderControl,Slider Control,647,366,0.00,0.00,Left,N/A,
121.0615,asiya,SliderControl,Slider Control,647,366,0.00,0.00,Left,N/A,
121.0716,asiya,SliderControl,Slider Control,639,368,814.66,80481.51,Left,N/A,
121.0814,asiya,SliderControl,Slider Control,633,369,622.49,-19665.49,Left,N/A,
121.0914,asiya,SliderControl,Slider Control,625,370,804.04,18105.43,Left,N/A,
121.1019,asiya,SliderControl,Slider Control,622,371,301.36,-47904.85,Left,N/A,
121.1115,asiya,SliderControl,Slider Control,619,371,313.31,1247.97,Left,N/A,
121.1217,asiya,SliderControl,Slider Control,617,372,217.86,-9300.01,Left,N/A,
121.1310,asiya,SliderControl,Slider Control,615,372,216.68,-127.97,Left,N/A,
121.1417,asiya,SliderControl,Slider Control,615,372,0.00,-20185.79,Left,N/A,
121.1513,asiya,SliderControl,Slider Control,614,372,104.64,10949.08,Left,N/A,
121.1618,asiya,SliderControl,Slider Control,613,372,95.28,-892.02,Left,N/A,
121.1713,asiya,SliderControl,Slider Control,613,372,0.00,-9970.15,Left,N/A,
121.1810,asiya,SliderControl,Slider Control,613,372,0.00,0.00,Left,N/A,
121.1913,asiya,SliderControl,Slider Control,614,372,96.81,9372.66,Left,N/A,
121.2015,asiya,SliderControl,Slider Control,614,372,0.00,-9496.06,Left,N/A,
121.2068,asiya,SliderControl,Slider Control,614,372,0.00,0.00,None,N/A,slider_released_missed
121.2116,asiya,SliderControl,Slider Control,614,372,0.00,0.00,None,N/A,
121.2211,asiya,SliderControl,Slider Control,614,372,0.00,0.00,None,N/A,
121.2316,asiya,SliderControl,Slider Control,614,372,0.00,0.00,None,N/A,
121.2411,asiya,SliderControl,Slider Control,614,372,0.00,0.00,None,N/A,
121.2516,asiya,SliderControl,Slider Control,614,372,0.00,0.00,None,N/A,
121.2615,asiya,SliderControl,Slider Control,614,372,0.00,0.00,None,N/A,
121.2715,asiya,SliderControl,Slider Control,614,372,0.00,0.00,None,N/A,
121.2811,asiya,SliderControl,Slider Control,614,372,0.00,0.00,None,N/A,
121.2919,asiya,SliderControl,Slider Control,614,372,0.00,0.00,None,N/A,
121.3016,asiya,SliderControl,Slider Control,614,372,0.00,0.00,None,N/A,
121.3116,asiya,SliderControl,Slider Control,614,372,0.00,0.00,None,N/A,
121.3216,asiya,SliderControl,Slider Control,614,372,0.00,0.00,None,N/A,
121.3312,asiya,SliderControl,Slider Control,614,372,0.00,0.00,None,N/A,
121.3418,asiya,SliderControl,Slider Control,614,372,0.00,0.00,None,N/A,
121.3518,asiya,SliderControl,Slider Control,614,372,0.00,0.00,None,N/A,
121.3615,asiya,SliderControl,Slider Control,614,372,0.00,0.00,None,N/A,
121.3710,asiya,SliderControl,Slider Control,614,372,0.00,0.00,None,N/A,
121.3815,asiya,SliderControl,Slider Control,614,372,0.00,0.00,None,N/A,
121.3910,asiya,SliderControl,Slider Control,614,372,0.00,0.00,None,N/A,
121.4016,asiya,SliderControl,Slider Control,614,372,0.00,0.00,None,N/A,
121.4116,asiya,SliderControl,Slider Control,614,372,0.00,0.00,None,N/A,
121.4213,asiya,SliderControl,Slider Control,614,372,0.00,0.00,None,N/A,
121.4317,asiya,SliderControl,Slider Control,614,372,0.00,0.00,None,N/A,
121.4413,asiya,SliderControl,Slider Control,614,372,0.00,0.00,None,N/A,
121.4518,asiya,SliderControl,Slider Control,614,372,0.00,0.00,None,N/A,
121.4615,asiya,SliderControl,Slider Control,614,372,0.00,0.00,None,N/A,
121.4712,asiya,SliderControl,Slider Control,614,372,0.00,0.00,None,N/A,
121.4817,asiya,SliderControl,Slider Control,614,372,0.00,0.00,None,N/A,
121.4917,asiya,SliderControl,Slider Control,614,372,0.00,0.00,None,N/A,
121.5012,asiya,SliderControl,Slider Control,614,372,0.00,0.00,None,N/A,
121.5117,asiya,SliderControl,Slider Control,614,372,0.00,0.00,None,N/A,
121.5212,asiya,SliderControl,Slider Control,614,372,0.00,0.00,None,N/A,
121.5318,asiya,SliderControl,Slider Control,614,372,0.00,0.00,None,N/A,
121.5413,asiya,SliderControl,Slider Control,614,372,0.00,0.00,None,N/A,
121.5519,asiya,SliderControl,Slider Control,614,372,0.00,0.00,None,N/A,
121.5612,asiya,SliderControl,Slider Control,614,372,0.00,0.00,None,N/A,
121.5715,asiya,SliderControl,Slider Control,614,372,0.00,0.00,None,N/A,
121.5810,asiya,SliderControl,Slider Control,614,372,0.00,0.00,None,N/A,
121.5916,asiya,SliderControl,Slider Control,614,372,0.00,0.00,None,N/A,
121.6011,asiya,SliderControl,Slider Control,614,372,0.00,0.00,None,N/A,
121.6119,asiya,SliderControl,Slider Control,614,372,0.00,0.00,None,N/A,
121.6215,asiya,SliderControl,Slider Control,614,372,0.00,0.00,None,N/A,
121.6311,asiya,SliderControl,Slider Control,614,372,0.00,0.00,None,N/A,
121.6416,asiya,SliderControl,Slider Control,614,372,0.00,0.00,None,N/A,
121.6511,asiya,SliderControl,Slider Control,614,372,0.00,0.00,None,N/A,
121.6615,asiya,SliderControl,Slider Control,614,372,0.00,0.00,None,N/A,
121.6710,asiya,SliderControl,Slider Control,614,372,0.00,0.00,None,N/A,
121.6815,asiya,SliderControl,Slider Control,614,372,0.00,0.00,None,N/A,
121.6913,asiya,SliderControl,Slider Control,614,372,0.00,0.00,None,N/A,
121.7017,asiya,SliderControl,Slider Control,614,372,0.00,0.00,None,N/A,
121.7111,asiya,SliderControl,Slider Control,614,372,0.00,0.00,None,N/A,
121.7215,asiya,SliderControl,Slider Control,614,372,0.00,0.00,None,N/A,
121.7311,asiya,SliderControl,Slider Control,614,372,0.00,0.00,None,N/A,
121.7416,asiya,SliderControl,Slider Control,614,372,0.00,0.00,None,N/A,
121.7511,asiya,SliderControl,Slider Control,614,372,0.00,0.00,None,N/A,
121.7619,asiya,SliderControl,Slider Control,614,372,0.00,0.00,None,N/A,
121.7715,asiya,SliderControl,Slider Control,614,372,0.00,0.00,None,N/A,
121.7811,asiya,SliderControl,Slider Control,614,372,0.00,0.00,None,N/A,
121.7919,asiya,SliderControl,Slider Control,614,372,0.00,0.00,None,N/A,
121.8014,asiya,SliderControl,Slider Control,614,372,0.00,0.00,None,N/A,
121.8119,asiya,SliderControl,Slider Control,614,372,0.00,0.00,None,N/A,
121.8213,asiya,SliderControl,Slider Control,614,372,0.00,0.00,None,N/A,
121.8318,asiya,SliderControl,Slider Control,614,372,0.00,0.00,None,N/A,
121.8416,asiya,SliderControl,Slider Control,614,372,0.00,0.00,None,N/A,
121.8511,asiya,SliderControl,Slider Control,614,372,0.00,0.00,None,N/A,
121.8616,asiya,SliderControl,Slider Control,614,372,0.00,0.00,None,N/A,
121.8710,asiya,SliderControl,Slider Control,614,372,0.00,0.00,None,N/A,
121.8815,asiya,SliderControl,Slider Control,614,372,0.00,0.00,None,N/A,
121.8910,asiya,SliderControl,Slider Control,614,372,0.00,0.00,None,N/A,
121.9016,asiya,SliderControl,Slider Control,614,372,0.00,0.00,None,N/A,
121.9116,asiya,SliderControl,Slider Control,614,372,0.00,0.00,None,N/A,
121.9211,asiya,SliderControl,Slider Control,614,372,0.00,0.00,None,N/A,
121.9316,asiya,SliderControl,Slider Control,614,372,0.00,0.00,None,N/A,
121.9412,asiya,SliderControl,Slider Control,614,372,0.00,0.00,None,N/A,
121.9516,asiya,SliderControl,Slider Control,614,372,0.00,0.00,None,N/A,
121.9610,asiya,SliderControl,Slider Control,614,372,0.00,0.00,None,N/A,
121.9714,asiya,SliderControl,Slider Control,614,372,0.00,0.00,None,N/A,
121.9819,asiya,SliderControl,Slider Control,614,372,0.00,0.00,None,N/A,
121.9914,asiya,SliderControl,Slider Control,614,372,0.00,0.00,None,N/A,
122.0019,asiya,SliderControl,Slider Control,614,372,0.00,0.00,None,N/A,
122.0114,asiya,SliderControl,Slider Control,614,372,0.00,0.00,None,N/A,
122.0217,asiya,SliderControl,Slider Control,614,372,0.00,0.00,None,N/A,
122.0312,asiya,SliderControl,Slider Control,614,372,0.00,0.00,None,N/A,
122.0417,asiya,SliderControl,Slider Control,614,372,0.00,0.00,None,N/A,
122.0512,asiya,SliderControl,Slider Control,614,372,0.00,0.00,None,N/A,
122.0619,asiya,SliderControl,Slider Control,614,372,0.00,0.00,None,N/A,
122.0717,asiya,SliderControl,Slider Control,614,372,0.00,0.00,None,N/A,
122.0818,asiya,SliderControl,Slider Control,615,372,98.67,9735.95,None,N/A,
122.0912,asiya,SliderControl,Slider Control,616,372,107.38,935.62,None,N/A,
122.1018,asiya,SliderControl,Slider Control,617,371,133.54,2469.67,None,N/A,
122.1113,asiya,SliderControl,Slider Control,618,371,104.93,-3001.80,None,N/A,
122.1219,asiya,SliderControl,Slider Control,620,371,188.59,7889.00,None,N/A,
122.1317,asiya,SliderControl,Slider Control,622,371,202.83,1443.77,None,N/A,
122.1413,asiya,SliderControl,Slider Control,625,371,313.12,11512.07,None,N/A,
122.1516,asiya,SliderControl,Slider Control,627,371,195.13,-11512.17,None,N/A,
122.1612,asiya,SliderControl,Slider Control,629,371,206.84,1211.14,None,N/A,
122.1711,asiya,SliderControl,Slider Control,630,371,101.91,-10693.44,None,N/A,
122.1814,asiya,SliderControl,Slider Control,631,371,96.54,-518.62,None,N/A,
122.1915,asiya,SliderControl,Slider Control,632,371,99.10,253.64,None,N/A,
122.2011,asiya,SliderControl,Slider Control,633,371,104.55,569.76,None,N/A,
122.2112,asiya,SliderControl,Slider Control,634,371,99.18,-532.59,None,N/A,
122.2218,asiya,SliderControl,Slider Control,634,371,0.00,-9319.60,None,N/A,
122.2311,asiya,SliderControl,Slider Control,635,371,107.76,11612.00,None,N/A,
122.2413,asiya,SliderControl,Slider Control,635,371,0.00,-10526.20,None,N/A,
122.2512,asiya,SliderControl,Slider Control,635,371,0.00,0.00,None,N/A,
122.2615,asiya,SliderControl,Slider Control,636,371,96.38,9289.70,None,N/A,
122.2713,asiya,SliderControl,Slider Control,636,371,0.00,-9863.13,None,N/A,
122.2818,asiya,SliderControl,Slider Control,636,371,0.00,0.00,None,N/A,
122.2915,asiya,SliderControl,Slider Control,636,370,102.97,10602.96,None,N/A,
122.3015,asiya,SliderControl,Slider Control,636,370,0.00,-10352.36,None,N/A,
122.3112,asiya,SliderControl,Slider Control,636,370,0.00,0.00,None,N/A,
122.3217,asiya,SliderControl,Slider Control,636,370,0.00,0.00,None,N/A,
122.3313,asiya,SliderControl,Slider Control,636,370,0.00,0.00,None,N/A,
122.3417,asiya,SliderControl,Slider Control,636,370,0.00,0.00,None,N/A,
122.3512,asiya,SliderControl,Slider Control,636,370,0.00,0.00,None,N/A,
122.3618,asiya,SliderControl,Slider Control,636,370,0.00,0.00,None,N/A,
122.3713,asiya,SliderControl,Slider Control,636,370,0.00,0.00,None,N/A,
122.3812,asiya,SliderControl,Slider Control,636,370,0.00,0.00,None,N/A,
122.3921,asiya,SliderControl,Slider Control,636,370,0.00,0.00,None,N/A,
122.4010,asiya,SliderControl,Slider Control,636,370,0.00,0.00,None,N/A,
122.4117,asiya,SliderControl,Slider Control,636,370,0.00,0.00,None,N/A,
122.4213,asiya,SliderControl,Slider Control,636,370,0.00,0.00,None,N/A,
122.4318,asiya,SliderControl,Slider Control,636,370,0.00,0.00,None,N/A,
122.4415,asiya,SliderControl,Slider Control,636,370,0.00,0.00,None,N/A,
122.4510,asiya,SliderControl,Slider Control,636,370,0.00,0.00,None,N/A,
122.4618,asiya,SliderControl,Slider Control,636,370,0.00,0.00,Left,N/A,
122.4713,asiya,SliderControl,Slider Control,636,370,0.00,0.00,Left,N/A,
122.4818,asiya,SliderControl,Slider Control,636,370,0.00,0.00,Left,N/A,
122.4912,asiya,SliderControl,Slider Control,636,370,0.00,0.00,Left,N/A,
122.5016,asiya,SliderControl,Slider Control,636,370,0.00,0.00,Left,N/A,
122.5111,asiya,SliderControl,Slider Control,636,370,0.00,0.00,Left,N/A,
122.5216,asiya,SliderControl,Slider Control,636,370,0.00,0.00,Left,N/A,
122.5311,asiya,SliderControl,Slider Control,636,370,0.00,0.00,Left,N/A,
122.5419,asiya,SliderControl,Slider Control,636,370,0.00,0.00,Left,N/A,
122.5516,asiya,SliderControl,Slider Control,636,370,0.00,0.00,Left,N/A,
122.5614,asiya,SliderControl,Slider Control,636,370,0.00,0.00,Left,N/A,
122.5711,asiya,SliderControl,Slider Control,636,370,0.00,0.00,Left,N/A,
122.5817,asiya,SliderControl,Slider Control,647,371,1041.61,98226.52,Left,N/A,
122.5916,asiya,SliderControl,Slider Control,652,372,513.91,-53184.60,Left,N/A,
122.6014,asiya,SliderControl,Slider Control,661,373,923.19,41726.18,Left,N/A,
122.6110,asiya,SliderControl,Slider Control,664,373,313.84,-63746.64,Left,N/A,
122.6217,asiya,SliderControl,Slider Control,668,374,383.91,6523.93,Left,N/A,
122.6317,asiya,SliderControl,Slider Control,670,374,201.52,-18377.47,Left,N/A,
122.6412,asiya,SliderControl,Slider Control,672,374,209.35,819.70,Left,N/A,
122.6512,asiya,SliderControl,Slider Control,673,374,99.84,-10933.84,Left,N/A,
122.6619,asiya,SliderControl,Slider Control,675,374,187.62,8235.39,Left,N/A,
122.6719,asiya,SliderControl,Slider Control,676,374,100.14,-8760.47,Left,N/A,
122.6812,asiya,SliderControl,Slider Control,676,374,0.00,-10713.18,Left,N/A,
122.6918,asiya,SliderControl,Slider Control,676,374,0.00,0.00,None,N/A,
122.7013,asiya,SliderControl,Slider Control,676,374,0.00,0.00,None,N/A,
122.7121,asiya,SliderControl,Slider Control,676,374,0.00,0.00,None,N/A,
122.7217,asiya,SliderControl,Slider Control,676,374,0.00,0.00,None,N/A,
122.7312,asiya,SliderControl,Slider Control,676,374,0.00,0.00,None,N/A,
122.7418,asiya,SliderControl,Slider Control,676,374,0.00,0.00,None,N/A,
122.7512,asiya,SliderControl,Slider Control,676,374,0.00,0.00,None,N/A,
122.7617,asiya,SliderControl,Slider Control,676,374,0.00,0.00,None,N/A,
122.7712,asiya,SliderControl,Slider Control,676,374,0.00,0.00,None,N/A,
122.7816,asiya,SliderControl,Slider Control,676,374,0.00,0.00,None,N/A,
122.7912,asiya,SliderControl,Slider Control,676,374,0.00,0.00,None,N/A,
122.8019,asiya,SliderControl,Slider Control,676,374,0.00,0.00,None,N/A,
122.8113,asiya,SliderControl,Slider Control,676,374,0.00,0.00,None,N/A,
122.8217,asiya,SliderControl,Slider Control,676,374,0.00,0.00,None,N/A,
122.8312,asiya,SliderControl,Slider Control,676,374,0.00,0.00,None,N/A,
122.8417,asiya,SliderControl,Slider Control,676,374,0.00,0.00,None,N/A,
122.8511,asiya,SliderControl,Slider Control,676,374,0.00,0.00,None,N/A,
122.8617,asiya,SliderControl,Slider Control,676,374,0.00,0.00,None,N/A,
122.8711,asiya,SliderControl,Slider Control,676,374,0.00,0.00,None,N/A,
122.8816,asiya,SliderControl,Slider Control,676,374,0.00,0.00,None,N/A,
122.8912,asiya,SliderControl,Slider Control,676,374,0.00,0.00,None,N/A,
122.9017,asiya,SliderControl,Slider Control,676,374,0.00,0.00,None,N/A,
122.9116,asiya,SliderControl,Slider Control,676,374,0.00,0.00,None,N/A,
122.9212,asiya,SliderControl,Slider Control,676,374,0.00,0.00,None,N/A,
122.9316,asiya,SliderControl,Slider Control,676,374,0.00,0.00,None,N/A,
122.9412,asiya,SliderControl,Slider Control,676,374,0.00,0.00,None,N/A,
122.9516,asiya,SliderControl,Slider Control,676,374,0.00,0.00,None,N/A,
122.9611,asiya,SliderControl,Slider Control,676,374,0.00,0.00,None,N/A,
122.9716,asiya,SliderControl,Slider Control,676,374,0.00,0.00,None,N/A,
122.9811,asiya,SliderControl,Slider Control,676,374,0.00,0.00,None,N/A,
122.9916,asiya,SliderControl,Slider Control,676,374,0.00,0.00,None,N/A,
123.0012,asiya,SliderControl,Slider Control,676,374,0.00,0.00,None,N/A,
123.0117,asiya,SliderControl,Slider Control,676,374,0.00,0.00,None,N/A,
123.0213,asiya,SliderControl,Slider Control,676,374,0.00,0.00,None,N/A,
123.0319,asiya,SliderControl,Slider Control,676,374,0.00,0.00,None,N/A,
123.0413,asiya,SliderControl,Slider Control,676,374,0.00,0.00,None,N/A,
123.0517,asiya,SliderControl,Slider Control,676,374,0.00,0.00,None,N/A,
123.0611,asiya,SliderControl,Slider Control,676,374,0.00,0.00,None,N/A,
123.0715,asiya,SliderControl,Slider Control,676,374,0.00,0.00,None,N/A,
123.0819,asiya,SliderControl,Slider Control,676,374,0.00,0.00,None,N/A,
123.0915,asiya,SliderControl,Slider Control,676,374,0.00,0.00,None,N/A,
123.1019,asiya,SliderControl,Slider Control,676,374,0.00,0.00,None,N/A,
123.1114,asiya,SliderControl,Slider Control,676,374,0.00,0.00,None,N/A,
123.1210,asiya,SliderControl,Slider Control,676,374,0.00,0.00,None,N/A,
123.1316,asiya,SliderControl,Slider Control,676,374,0.00,0.00,None,N/A,
123.1410,asiya,SliderControl,Slider Control,676,374,0.00,0.00,None,N/A,
123.1514,asiya,SliderControl,Slider Control,676,374,0.00,0.00,None,N/A,
123.1618,asiya,SliderControl,Slider Control,676,374,0.00,0.00,None,N/A,
123.1712,asiya,SliderControl,Slider Control,676,374,0.00,0.00,None,N/A,
123.1817,asiya,SliderControl,Slider Control,676,374,0.00,0.00,None,N/A,
123.1913,asiya,SliderControl,Slider Control,676,374,0.00,0.00,None,N/A,
123.2021,asiya,SliderControl,Slider Control,676,374,0.00,0.00,None,N/A,
123.2119,asiya,SliderControl,Slider Control,676,374,0.00,0.00,None,N/A,
123.2214,asiya,SliderControl,Slider Control,676,374,0.00,0.00,None,N/A,
123.2319,asiya,SliderControl,Slider Control,676,374,0.00,0.00,None,N/A,
123.2414,asiya,SliderControl,Slider Control,676,374,0.00,0.00,None,N/A,
123.2519,asiya,SliderControl,Slider Control,676,374,0.00,0.00,None,N/A,
123.2613,asiya,SliderControl,Slider Control,676,374,0.00,0.00,None,N/A,
123.2717,asiya,SliderControl,Slider Control,676,374,0.00,0.00,None,N/A,
123.2810,asiya,SliderControl,Slider Control,676,374,0.00,0.00,Left,N/A,
123.2919,asiya,SliderControl,Slider Control,676,374,0.00,0.00,Left,N/A,
123.3013,asiya,SliderControl,Slider Control,676,374,0.00,0.00,Left,N/A,
123.3118,asiya,SliderControl,Slider Control,676,374,0.00,0.00,Left,N/A,
123.3213,asiya,SliderControl,Slider Control,676,374,0.00,0.00,Left,N/A,
123.3319,asiya,SliderControl,Slider Control,676,374,0.00,0.00,Left,N/A,
123.3419,asiya,SliderControl,Slider Control,676,374,0.00,0.00,Left,N/A,
123.3521,asiya,SliderControl,Slider Control,676,374,0.00,0.00,Left,N/A,
123.3618,asiya,SliderControl,Slider Control,676,374,0.00,0.00,Left,N/A,
123.3716,asiya,SliderControl,Slider Control,676,374,0.00,0.00,Left,N/A,
123.3811,asiya,SliderControl,Slider Control,676,374,0.00,0.00,Left,N/A,
123.3922,asiya,SliderControl,Slider Control,676,374,0.00,0.00,Left,N/A,
123.4018,asiya,SliderControl,Slider Control,676,374,0.00,0.00,Left,N/A,
123.4118,asiya,SliderControl,Slider Control,676,374,0.00,0.00,Left,N/A,
123.4214,asiya,SliderControl,Slider Control,676,374,0.00,0.00,Left,N/A,
123.4320,asiya,SliderControl,Slider Control,676,374,0.00,0.00,Left,N/A,
123.4416,asiya,SliderControl,Slider Control,676,374,0.00,0.00,Left,N/A,
123.4512,asiya,SliderControl,Slider Control,676,374,0.00,0.00,Left,N/A,
123.4617,asiya,SliderControl,Slider Control,676,374,0.00,0.00,None,N/A,
123.4712,asiya,SliderControl,Slider Control,676,374,0.00,0.00,None,N/A,
123.4817,asiya,SliderControl,Slider Control,676,374,0.00,0.00,None,N/A,
123.4915,asiya,SliderControl,Slider Control,676,374,0.00,0.00,None,N/A,
123.5018,asiya,SliderControl,Slider Control,676,374,0.00,0.00,None,N/A,
123.5112,asiya,SliderControl,Slider Control,676,374,0.00,0.00,None,N/A,
123.5216,asiya,SliderControl,Slider Control,676,374,0.00,0.00,None,N/A,
123.5311,asiya,SliderControl,Slider Control,676,374,0.00,0.00,None,N/A,
123.5417,asiya,SliderControl,Slider Control,676,374,0.00,0.00,None,N/A,
123.5513,asiya,SliderControl,Slider Control,676,374,0.00,0.00,None,N/A,
123.5619,asiya,SliderControl,Slider Control,676,374,0.00,0.00,None,N/A,
123.5716,asiya,SliderControl,Slider Control,676,374,0.00,0.00,None,N/A,
123.5811,asiya,SliderControl,Slider Control,676,374,0.00,0.00,None,N/A,
123.5916,asiya,SliderControl,Slider Control,676,374,0.00,0.00,None,N/A,
123.6011,asiya,SliderControl,Slider Control,676,374,0.00,0.00,None,N/A,
123.6115,asiya,SliderControl,Slider Control,676,374,0.00,0.00,None,N/A,
123.6219,asiya,SliderControl,Slider Control,676,374,0.00,0.00,None,N/A,
123.6314,asiya,SliderControl,Slider Control,676,374,0.00,0.00,None,N/A,
123.6416,asiya,SliderControl,Slider Control,676,374,0.00,0.00,None,N/A,
123.6510,asiya,SliderControl,Slider Control,676,374,0.00,0.00,None,N/A,
123.6615,asiya,SliderControl,Slider Control,676,374,0.00,0.00,None,N/A,
123.6711,asiya,SliderControl,Slider Control,676,374,0.00,0.00,None,N/A,
123.6812,asiya,SliderControl,Slider Control,680,374,393.74,38757.59,None,N/A,
123.6916,asiya,SliderControl,Slider Control,693,372,1263.74,83590.58,None,N/A,
123.7011,asiya,SliderControl,Slider Control,700,371,751.45,-54441.99,None,N/A,
123.7109,asiya,SliderControl,Slider Control,713,368,1359.61,61976.46,None,N/A,
123.7217,asiya,SliderControl,Slider Control,718,367,471.95,-82159.44,None,N/A,
123.7311,asiya,SliderControl,Slider Control,726,365,877.76,43195.62,None,N/A,
123.7419,asiya,SliderControl,Slider Control,730,364,381.87,-45927.68,None,N/A,
123.7515,asiya,SliderControl,Slider Control,735,364,518.11,14116.96,None,N/A,
123.7610,asiya,SliderControl,Slider Control,737,363,236.29,-29780.43,None,N/A,
123.7714,asiya,SliderControl,Slider Control,739,363,192.24,-4233.87,None,N/A,
123.7819,asiya,SliderControl,Slider Control,742,363,285.52,8877.85,None,N/A,
123.7919,asiya,SliderControl,Slider Control,743,363,99.76,-18531.71,None,N/A,
123.8017,asiya,SliderControl,Slider Control,746,363,306.61,21140.30,None,N/A,
123.8114,asiya,SliderControl,Slider Control,747,363,103.56,-21027.77,None,N/A,
123.8218,asiya,SliderControl,Slider Control,747,363,0.00,-9950.16,None,N/A,
123.8313,asiya,SliderControl,Slider Control,747,363,0.00,0.00,None,N/A,
123.8419,asiya,SliderControl,Slider Control,747,363,0.00,0.00,None,N/A,
123.8513,asiya,SliderControl,Slider Control,747,363,0.00,0.00,None,N/A,
123.8617,asiya,SliderControl,Slider Control,747,363,0.00,0.00,None,N/A,
123.8712,asiya,SliderControl,Slider Control,747,363,0.00,0.00,None,N/A,
123.8818,asiya,SliderControl,Slider Control,747,363,0.00,0.00,None,N/A,
123.8912,asiya,SliderControl,Slider Control,747,363,0.00,0.00,None,N/A,
123.9016,asiya,SliderControl,Slider Control,747,363,0.00,0.00,None,N/A,
123.9110,asiya,SliderControl,Slider Control,747,363,0.00,0.00,None,N/A,
123.9213,asiya,SliderControl,Slider Control,747,363,0.00,0.00,None,N/A,
123.9319,asiya,SliderControl,Slider Control,747,363,0.00,0.00,None,N/A,
123.9417,asiya,SliderControl,Slider Control,747,363,0.00,0.00,None,N/A,
123.9511,asiya,SliderControl,Slider Control,747,363,0.00,0.00,None,N/A,
123.9615,asiya,SliderControl,Slider Control,747,363,0.00,0.00,None,N/A,
123.9719,asiya,SliderControl,Slider Control,747,363,0.00,0.00,None,N/A,
123.9814,asiya,SliderControl,Slider Control,747,363,0.00,0.00,None,N/A,
123.9919,asiya,SliderControl,Slider Control,747,363,0.00,0.00,None,N/A,
124.0012,asiya,SliderControl,Slider Control,747,363,0.00,0.00,None,N/A,
124.0113,asiya,SliderControl,Slider Control,747,363,0.00,0.00,Left,N/A,
124.0219,asiya,SliderControl,Slider Control,747,363,0.00,0.00,Left,N/A,
124.0314,asiya,SliderControl,Slider Control,747,363,0.00,0.00,Left,N/A,
124.0416,asiya,SliderControl,Slider Control,747,363,0.00,0.00,Left,N/A,
124.0510,asiya,SliderControl,Slider Control,747,363,0.00,0.00,Left,N/A,
124.0615,asiya,SliderControl,Slider Control,747,363,0.00,0.00,Left,N/A,
124.0710,asiya,SliderControl,Slider Control,747,363,0.00,0.00,Left,N/A,
124.0815,asiya,SliderControl,Slider Control,747,363,0.00,0.00,Left,N/A,
124.0914,asiya,SliderControl,Slider Control,747,363,0.00,0.00,Left,N/A,
124.1018,asiya,SliderControl,Slider Control,747,363,0.00,0.00,Left,N/A,
124.1112,asiya,SliderControl,Slider Control,747,363,0.00,0.00,Left,N/A,
124.1216,asiya,SliderControl,Slider Control,747,363,0.00,0.00,Left,N/A,
124.1311,asiya,SliderControl,Slider Control,747,363,0.00,0.00,Left,N/A,
124.1414,asiya,SliderControl,Slider Control,747,363,0.00,0.00,Left,N/A,
124.1517,asiya,SliderControl,Slider Control,747,363,0.00,0.00,Left,N/A,
124.1612,asiya,SliderControl,Slider Control,747,363,0.00,0.00,Left,N/A,
124.1718,asiya,SliderControl,Slider Control,747,363,0.00,0.00,Left,N/A,
124.1813,asiya,SliderControl,Slider Control,747,363,0.00,0.00,Left,N/A,
124.1918,asiya,SliderControl,Slider Control,747,363,0.00,0.00,None,N/A,
124.2015,asiya,SliderControl,Slider Control,747,363,0.00,0.00,None,N/A,
124.2113,asiya,SliderControl,Slider Control,747,363,0.00,0.00,None,N/A,
124.2210,asiya,SliderControl,Slider Control,747,363,0.00,0.00,None,N/A,
124.2314,asiya,SliderControl,Slider Control,747,363,0.00,0.00,None,N/A,
124.2419,asiya,SliderControl,Slider Control,747,363,0.00,0.00,None,N/A,
124.2514,asiya,SliderControl,Slider Control,747,363,0.00,0.00,None,N/A,
124.2610,asiya,SliderControl,Slider Control,747,363,0.00,0.00,None,N/A,
124.2714,asiya,SliderControl,Slider Control,747,363,0.00,0.00,None,N/A,
124.2819,asiya,SliderControl,Slider Control,747,363,0.00,0.00,None,N/A,
124.2920,asiya,SliderControl,Slider Control,747,363,0.00,0.00,None,N/A,
124.3021,asiya,SliderControl,Slider Control,747,363,0.00,0.00,None,N/A,
124.3119,asiya,SliderControl,Slider Control,747,363,0.00,0.00,None,N/A,
124.3214,asiya,SliderControl,Slider Control,747,363,0.00,0.00,None,N/A,
124.3310,asiya,SliderControl,Slider Control,747,363,0.00,0.00,None,N/A,
124.3421,asiya,SliderControl,Slider Control,747,363,0.00,0.00,None,N/A,
124.3516,asiya,SliderControl,Slider Control,747,363,0.00,0.00,None,N/A,
124.3614,asiya,SliderControl,Slider Control,747,363,0.00,0.00,None,N/A,
124.3712,asiya,SliderControl,Slider Control,747,363,0.00,0.00,None,N/A,
124.3816,asiya,SliderControl,Slider Control,747,363,0.00,0.00,None,N/A,
124.3914,asiya,SliderControl,Slider Control,747,363,0.00,0.00,None,N/A,
124.4019,asiya,SliderControl,Slider Control,747,363,0.00,0.00,None,N/A,
124.4116,asiya,SliderControl,Slider Control,747,363,0.00,0.00,None,N/A,
124.4212,asiya,SliderControl,Slider Control,747,363,0.00,0.00,None,N/A,
124.4316,asiya,SliderControl,Slider Control,747,363,0.00,0.00,None,N/A,
124.4410,asiya,SliderControl,Slider Control,747,363,0.00,0.00,None,N/A,
124.4512,asiya,SliderControl,Slider Control,743,365,440.20,43330.27,None,N/A,
124.4611,asiya,SliderControl,Slider Control,737,366,613.17,17436.39,None,N/A,
124.4714,asiya,SliderControl,Slider Control,730,368,708.12,9235.55,None,N/A,
124.4813,asiya,SliderControl,Slider Control,716,370,1426.60,72476.25,None,N/A,
124.4915,asiya,SliderControl,Slider Control,710,371,594.68,-81332.04,None,N/A,
124.5013,asiya,SliderControl,Slider Control,699,371,1121.17,53662.55,None,N/A,
124.5111,asiya,SliderControl,Slider Control,694,371,513.67,-62411.06,None,N/A,
124.5211,asiya,SliderControl,Slider Control,684,370,1004.08,48996.75,None,N/A,
124.5319,asiya,SliderControl,Slider Control,678,369,562.39,-40836.88,None,N/A,
124.5409,asiya,SliderControl,Slider Control,668,367,1134.07,63573.00,None,N/A,
124.5510,asiya,SliderControl,Slider Control,663,365,530.31,-59455.83,None,N/A,
124.5611,asiya,SliderControl,Slider Control,656,363,726.04,19519.67,None,N/A,
124.5710,asiya,SliderControl,Slider Control,653,362,319.37,-41070.79,None,N/A,
124.5815,asiya,SliderControl,Slider Control,649,361,392.83,6999.39,None,N/A,
124.5913,asiya,SliderControl,Slider Control,648,361,101.91,-29648.11,None,N/A,
124.6016,asiya,SliderControl,Slider Control,646,361,194.31,8976.42,None,N/A,
124.6119,asiya,SliderControl,Slider Control,644,360,216.70,2170.63,None,N/A,
124.6218,asiya,SliderControl,Slider Control,644,360,0.00,-21867.01,None,N/A,
124.6318,asiya,SliderControl,Slider Control,642,359,224.65,22570.10,None,N/A,
124.6414,asiya,SliderControl,Slider Control,642,359,0.00,-23325.49,None,N/A,
124.6511,asiya,SliderControl,Slider Control,641,359,103.10,10629.04,None,N/A,
124.6618,asiya,SliderControl,Slider Control,641,359,0.00,-9605.73,None,N/A,
124.6717,asiya,SliderControl,Slider Control,640,359,101.34,10269.02,None,N/A,
124.6815,asiya,SliderControl,Slider Control,640,359,0.00,-10378.85,None,N/A,
124.6909,asiya,SliderControl,Slider Control,640,359,0.00,0.00,None,N/A,
124.7013,asiya,SliderControl,Slider Control,640,359,0.00,0.00,None,N/A,
124.7117,asiya,SliderControl,Slider Control,640,359,0.00,0.00,None,N/A,
124.7211,asiya,SliderControl,Slider Control,640,359,0.00,0.00,None,N/A,
124.7317,asiya,SliderControl,Slider Control,640,359,0.00,0.00,None,N/A,
124.7412,asiya,SliderControl,Slider Control,640,359,0.00,0.00,None,N/A,
124.7516,asiya,SliderControl,Slider Control,640,359,0.00,0.00,None,N/A,
124.7619,asiya,SliderControl,Slider Control,640,359,0.00,0.00,None,N/A,
124.7717,asiya,SliderControl,Slider Control,640,359,0.00,0.00,None,N/A,
124.7818,asiya,SliderControl,Slider Control,639,359,99.04,9808.73,None,N/A,
124.7915,asiya,SliderControl,Slider Control,639,360,103.42,453.08,None,N/A,
124.8010,asiya,SliderControl,Slider Control,637,361,234.46,13739.53,None,N/A,
124.8119,asiya,SliderControl,Slider Control,636,362,129.68,-9607.87,None,N/A,
124.8212,asiya,SliderControl,Slider Control,631,364,581.45,48779.25,None,N/A,
124.8313,asiya,SliderControl,Slider Control,628,365,313.49,-26564.01,None,N/A,
124.8414,asiya,SliderControl,Slider Control,625,367,354.57,4039.60,None,N/A,
124.8512,asiya,SliderControl,Slider Control,620,369,551.25,20133.37,None,N/A,
124.8611,asiya,SliderControl,Slider Control,618,370,226.46,-32893.82,None,N/A,
124.8718,asiya,SliderControl,Slider Control,614,372,418.43,17961.50,None,N/A,
124.8820,asiya,SliderControl,Slider Control,613,373,138.88,-27453.08,None,N/A,
124.8916,asiya,SliderControl,Slider Control,610,374,328.05,19623.37,None,N/A,
124.9015,asiya,SliderControl,Slider Control,609,374,100.50,-22868.79,None,N/A,
124.9119,asiya,SliderControl,Slider Control,608,375,136.04,3418.52,None,N/A,
124.9218,asiya,SliderControl,Slider Control,607,375,101.19,-3526.57,None,N/A,
124.9312,asiya,SliderControl,Slider Control,606,375,106.22,534.03,None,N/A,
124.9411,asiya,SliderControl,Slider Control,606,375,0.00,-10767.80,None,N/A,
124.9519,asiya,SliderControl,Slider Control,605,375,92.37,8532.46,None,N/A,
124.9618,asiya,SliderControl,Slider Control,605,375,0.00,-9347.46,None,N/A,
124.9716,asiya,SliderControl,Slider Control,605,375,0.00,0.00,None,N/A,
124.9812,asiya,SliderControl,Slider Control,605,375,0.00,0.00,None,N/A,
124.9919,asiya,SliderControl,Slider Control,605,375,0.00,0.00,None,N/A,
125.0013,asiya,SliderControl,Slider Control,605,375,0.00,0.00,None,N/A,
125.0119,asiya,SliderControl,Slider Control,605,375,0.00,0.00,None,N/A,
125.0215,asiya,SliderControl,Slider Control,605,375,0.00,0.00,None,N/A,
125.0310,asiya,SliderControl,Slider Control,605,375,0.00,0.00,None,N/A,
125.0409,asiya,SliderControl,Slider Control,605,375,0.00,0.00,None,N/A,
125.0511,asiya,SliderControl,Slider Control,605,375,0.00,0.00,None,N/A,
125.0617,asiya,SliderControl,Slider Control,606,375,94.36,8903.42,None,N/A,
125.0715,asiya,SliderControl,Slider Control,606,375,0.00,-9634.73,None,N/A,
125.0818,asiya,SliderControl,Slider Control,607,374,137.55,13379.41,None,N/A,
125.0911,asiya,SliderControl,Slider Control,608,374,107.26,-3249.20,None,N/A,
125.1013,asiya,SliderControl,Slider Control,609,373,139.50,3179.40,None,N/A,
125.1117,asiya,SliderControl,Slider Control,612,373,286.25,14002.58,None,N/A,
125.1217,asiya,SliderControl,Slider Control,613,373,100.31,-18651.37,None,N/A,
125.1314,asiya,SliderControl,Slider Control,616,373,308.06,21334.15,None,N/A,
125.1413,asiya,SliderControl,Slider Control,617,373,101.25,-20939.55,None,N/A,
125.1509,asiya,SliderControl,Slider Control,619,373,208.59,11196.11,None,N/A,
125.1616,asiya,SliderControl,Slider Control,619,373,0.00,-19510.44,None,N/A,
125.1713,asiya,SliderControl,Slider Control,621,373,207.24,21475.00,None,N/A,
125.1812,asiya,SliderControl,Slider Control,621,373,0.00,-20758.06,None,N/A,
125.1914,asiya,SliderControl,Slider Control,622,373,98.86,9772.70,None,N/A,
125.2011,asiya,SliderControl,Slider Control,623,372,144.91,4719.52,None,N/A,
125.2110,asiya,SliderControl,Slider Control,624,372,101.45,-4409.54,None,N/A,
125.2210,asiya,SliderControl,Slider Control,625,371,141.01,3944.34,None,N/A,
125.2311,asiya,SliderControl,Slider Control,626,371,98.67,-4177.57,None,N/A,
125.2415,asiya,SliderControl,Slider Control,627,370,136.94,3706.11,None,N/A,
125.2512,asiya,SliderControl,Slider Control,628,370,102.85,-3506.05,None,N/A,
125.2610,asiya,SliderControl,Slider Control,628,370,0.00,-10506.65,None,N/A,
125.2715,asiya,SliderControl,Slider Control,628,370,0.00,0.00,None,N/A,
125.2811,asiya,SliderControl,Slider Control,629,370,104.18,10853.56,None,N/A,
125.2909,asiya,SliderControl,Slider Control,629,370,0.00,-10600.53,None,N/A,
125.3014,asiya,SliderControl,Slider Control,629,370,0.00,0.00,None,N/A,
125.3118,asiya,SliderControl,Slider Control,629,370,0.00,0.00,None,N/A,
125.3212,asiya,SliderControl,Slider Control,629,370,0.00,0.00,None,N/A,
125.3317,asiya,SliderControl,Slider Control,629,370,0.00,0.00,None,N/A,
125.3412,asiya,SliderControl,Slider Control,629,370,0.00,0.00,None,N/A,
125.3515,asiya,SliderControl,Slider Control,629,370,0.00,0.00,None,N/A,
125.3616,asiya,SliderControl,Slider Control,629,370,0.00,0.00,None,N/A,
125.3711,asiya,SliderControl,Slider Control,629,370,0.00,0.00,None,N/A,
125.3816,asiya,SliderControl,Slider Control,629,370,0.00,0.00,None,N/A,
125.3911,asiya,SliderControl,Slider Control,629,370,0.00,0.00,None,N/A,
125.4018,asiya,SliderControl,Slider Control,629,370,0.00,0.00,None,N/A,
125.4114,asiya,SliderControl,Slider Control,629,370,0.00,0.00,None,N/A,
125.4210,asiya,SliderControl,Slider Control,629,370,0.00,0.00,None,N/A,
125.4315,asiya,SliderControl,Slider Control,629,370,0.00,0.00,None,N/A,
125.4413,asiya,SliderControl,Slider Control,629,370,0.00,0.00,None,N/A,
125.4519,asiya,SliderControl,Slider Control,629,370,0.00,0.00,None,N/A,
125.4614,asiya,SliderControl,Slider Control,629,370,0.00,0.00,None,N/A,
125.4719,asiya,SliderControl,Slider Control,629,370,0.00,0.00,None,N/A,
125.4814,asiya,SliderControl,Slider Control,629,370,0.00,0.00,None,N/A,
125.4923,asiya,SliderControl,Slider Control,629,370,0.00,0.00,None,N/A,
125.5011,asiya,SliderControl,Slider Control,629,370,0.00,0.00,None,N/A,
125.5115,asiya,SliderControl,Slider Control,629,370,0.00,0.00,None,N/A,
125.5219,asiya,SliderControl,Slider Control,629,370,0.00,0.00,None,N/A,
125.5314,asiya,SliderControl,Slider Control,629,370,0.00,0.00,None,N/A,
125.5419,asiya,SliderControl,Slider Control,629,370,0.00,0.00,None,N/A,
125.5513,asiya,SliderControl,Slider Control,629,370,0.00,0.00,None,N/A,
125.5620,asiya,SliderControl,Slider Control,629,370,0.00,0.00,None,N/A,
125.5716,asiya,SliderControl,Slider Control,629,370,0.00,0.00,None,N/A,
125.5812,asiya,SliderControl,Slider Control,629,370,0.00,0.00,None,N/A,
125.5916,asiya,SliderControl,Slider Control,629,370,0.00,0.00,None,N/A,
125.6020,asiya,SliderControl,Slider Control,629,370,0.00,0.00,None,N/A,
125.6114,asiya,SliderControl,Slider Control,629,370,0.00,0.00,None,N/A,
125.6210,asiya,SliderControl,Slider Control,629,370,0.00,0.00,None,N/A,
125.6314,asiya,SliderControl,Slider Control,629,370,0.00,0.00,None,N/A,
125.6420,asiya,SliderControl,Slider Control,629,370,0.00,0.00,None,N/A,
125.6514,asiya,SliderControl,Slider Control,629,370,0.00,0.00,None,N/A,
125.6619,asiya,SliderControl,Slider Control,629,370,0.00,0.00,None,N/A,
125.6715,asiya,SliderControl,Slider Control,629,370,0.00,0.00,None,N/A,
125.6811,asiya,SliderControl,Slider Control,629,370,0.00,0.00,None,N/A,
125.6915,asiya,SliderControl,Slider Control,629,370,0.00,0.00,None,N/A,
125.7020,asiya,SliderControl,Slider Control,629,370,0.00,0.00,None,N/A,
125.7113,asiya,SliderControl,Slider Control,629,370,0.00,0.00,None,N/A,
125.7212,asiya,SliderControl,Slider Control,629,370,0.00,0.00,None,N/A,
125.7310,asiya,SliderControl,Slider Control,629,370,0.00,0.00,None,N/A,
125.7417,asiya,SliderControl,Slider Control,630,370,93.73,8785.62,None,N/A,
125.7517,asiya,SliderControl,Slider Control,630,370,0.00,-9319.85,None,N/A,
125.7613,asiya,SliderControl,Slider Control,631,370,104.61,10943.62,None,N/A,
125.7719,asiya,SliderControl,Slider Control,631,370,0.00,-9851.45,None,N/A,
125.7814,asiya,SliderControl,Slider Control,631,370,0.00,0.00,None,N/A,
125.7919,asiya,SliderControl,Slider Control,631,370,0.00,0.00,None,N/A,
125.8013,asiya,SliderControl,Slider Control,631,370,0.00,0.00,None,N/A,
125.8117,asiya,SliderControl,Slider Control,631,370,0.00,0.00,None,N/A,
125.8213,asiya,SliderControl,Slider Control,631,370,0.00,0.00,None,N/A,
125.8317,asiya,SliderControl,Slider Control,631,370,0.00,0.00,None,N/A,
125.8412,asiya,SliderControl,Slider Control,631,370,0.00,0.00,None,N/A,
125.8519,asiya,SliderControl,Slider Control,631,370,0.00,0.00,None,N/A,
125.8613,asiya,SliderControl,Slider Control,631,370,0.00,0.00,None,N/A,
125.8717,asiya,SliderControl,Slider Control,631,370,0.00,0.00,None,N/A,
125.8811,asiya,SliderControl,Slider Control,631,370,0.00,0.00,None,N/A,
125.8919,asiya,SliderControl,Slider Control,631,370,0.00,0.00,None,N/A,
125.9014,asiya,SliderControl,Slider Control,631,370,0.00,0.00,None,N/A,
125.9119,asiya,SliderControl,Slider Control,631,370,0.00,0.00,None,N/A,
125.9214,asiya,SliderControl,Slider Control,631,370,0.00,0.00,None,N/A,
125.9320,asiya,SliderControl,Slider Control,631,370,0.00,0.00,None,N/A,
125.9416,asiya,SliderControl,Slider Control,631,370,0.00,0.00,None,N/A,
125.9510,asiya,SliderControl,Slider Control,631,370,0.00,0.00,None,N/A,
125.9615,asiya,SliderControl,Slider Control,631,370,0.00,0.00,None,N/A,
125.9710,asiya,SliderControl,Slider Control,631,370,0.00,0.00,None,N/A,
125.9815,asiya,SliderControl,Slider Control,631,370,0.00,0.00,None,N/A,
125.9909,asiya,SliderControl,Slider Control,631,370,0.00,0.00,None,N/A,
126.0013,asiya,SliderControl,Slider Control,631,370,0.00,0.00,None,N/A,
126.0117,asiya,SliderControl,Slider Control,631,370,0.00,0.00,None,N/A,
126.0212,asiya,SliderControl,Slider Control,631,370,0.00,0.00,None,N/A,
126.0317,asiya,SliderControl,Slider Control,631,370,0.00,0.00,None,N/A,
126.0412,asiya,SliderControl,Slider Control,631,370,0.00,0.00,None,N/A,
126.0516,asiya,SliderControl,Slider Control,630,370,96.15,9245.04,None,N/A,
126.0613,asiya,SliderControl,Slider Control,630,370,0.00,-9816.87,None,N/A,
126.0710,asiya,SliderControl,Slider Control,630,370,0.00,0.00,None,N/A,
126.0811,asiya,SliderControl,Slider Control,629,370,99.08,9816.15,None,N/A,
126.0915,asiya,SliderControl,Slider Control,629,370,0.00,-9525.66,None,N/A,
126.1015,asiya,SliderControl,Slider Control,628,370,99.40,9879.53,None,N/A,
126.1109,asiya,SliderControl,Slider Control,628,370,0.00,-10534.07,None,N/A,
126.1215,asiya,SliderControl,Slider Control,628,370,0.00,0.00,None,N/A,
126.1310,asiya,SliderControl,Slider Control,628,370,0.00,0.00,None,N/A,
126.1416,asiya,SliderControl,Slider Control,628,370,0.00,0.00,None,N/A,
126.1510,asiya,SliderControl,Slider Control,628,370,0.00,0.00,None,N/A,
126.1618,asiya,SliderControl,Slider Control,628,370,0.00,0.00,None,N/A,
126.1714,asiya,SliderControl,Slider Control,628,370,0.00,0.00,None,N/A,
126.1818,asiya,SliderControl,Slider Control,628,370,0.00,0.00,None,N/A,
126.1913,asiya,SliderControl,Slider Control,628,370,0.00,0.00,None,N/A,
126.2017,asiya,SliderControl,Slider Control,628,370,0.00,0.00,None,N/A,
126.2112,asiya,SliderControl,Slider Control,628,370,0.00,0.00,None,N/A,
126.2217,asiya,SliderControl,Slider Control,628,370,0.00,0.00,None,N/A,
126.2312,asiya,SliderControl,Slider Control,628,370,0.00,0.00,None,N/A,
126.2417,asiya,SliderControl,Slider Control,628,370,0.00,0.00,None,N/A,
126.2512,asiya,SliderControl,Slider Control,628,370,0.00,0.00,None,N/A,
126.2618,asiya,SliderControl,Slider Control,628,370,0.00,0.00,None,N/A,
126.2713,asiya,SliderControl,Slider Control,628,370,0.00,0.00,None,N/A,
126.2822,asiya,SliderControl,Slider Control,628,370,0.00,0.00,None,N/A,
126.2919,asiya,SliderControl,Slider Control,628,370,0.00,0.00,None,N/A,
126.3018,asiya,SliderControl,Slider Control,628,370,0.00,0.00,None,N/A,
126.3115,asiya,SliderControl,Slider Control,628,370,0.00,0.00,None,N/A,
126.3215,asiya,SliderControl,Slider Control,628,370,0.00,0.00,None,N/A,
126.3310,asiya,SliderControl,Slider Control,629,369,147.78,15443.47,None,N/A,
126.3414,asiya,SliderControl,Slider Control,629,369,0.00,-14193.74,None,N/A,
126.3513,asiya,SliderControl,Slider Control,629,369,0.00,0.00,None,N/A,
126.3617,asiya,SliderControl,Slider Control,629,369,0.00,0.00,None,N/A,
126.3712,asiya,SliderControl,Slider Control,629,369,0.00,0.00,None,N/A,
126.3820,asiya,SliderControl,Slider Control,629,369,0.00,0.00,None,N/A,
126.3922,asiya,SliderControl,Slider Control,629,369,0.00,0.00,None,N/A,
126.4019,asiya,SliderControl,Slider Control,629,369,0.00,0.00,None,N/A,
126.4118,asiya,SliderControl,Slider Control,629,369,0.00,0.00,None,N/A,
126.4214,asiya,SliderControl,Slider Control,629,369,0.00,0.00,None,N/A,
126.4319,asiya,SliderControl,Slider Control,629,369,0.00,0.00,None,N/A,
126.4414,asiya,SliderControl,Slider Control,629,369,0.00,0.00,None,N/A,
126.4518,asiya,SliderControl,Slider Control,629,369,0.00,0.00,None,N/A,
126.4613,asiya,SliderControl,Slider Control,629,369,0.00,0.00,None,N/A,
126.4717,asiya,SliderControl,Slider Control,629,369,0.00,0.00,None,N/A,
126.4812,asiya,SliderControl,Slider Control,629,369,0.00,0.00,None,N/A,
126.4916,asiya,SliderControl,Slider Control,629,369,0.00,0.00,None,N/A,
126.5019,asiya,SliderControl,Slider Control,629,369,0.00,0.00,None,N/A,
126.5113,asiya,SliderControl,Slider Control,629,369,0.00,0.00,None,N/A,
126.5218,asiya,SliderControl,Slider Control,629,369,0.00,0.00,None,N/A,
126.5313,asiya,SliderControl,Slider Control,629,369,0.00,0.00,None,N/A,
126.5419,asiya,SliderControl,Slider Control,629,369,0.00,0.00,None,N/A,
126.5516,asiya,SliderControl,Slider Control,629,369,0.00,0.00,None,N/A,
126.5610,asiya,SliderControl,Slider Control,629,369,0.00,0.00,None,N/A,
126.5715,asiya,SliderControl,Slider Control,629,369,0.00,0.00,None,N/A,
126.5810,asiya,SliderControl,Slider Control,629,369,0.00,0.00,None,N/A,
126.5912,asiya,SliderControl,Slider Control,629,369,0.00,0.00,None,N/A,
126.6012,asiya,SliderControl,Slider Control,629,369,0.00,0.00,Left,N/A,
126.6116,asiya,SliderControl,Slider Control,629,369,0.00,0.00,Left,N/A,
126.6213,asiya,SliderControl,Slider Control,629,369,0.00,0.00,Left,N/A,
126.6318,asiya,SliderControl,Slider Control,629,369,0.00,0.00,Left,N/A,
126.6413,asiya,SliderControl,Slider Control,629,369,0.00,0.00,Left,N/A,
126.6518,asiya,SliderControl,Slider Control,629,369,0.00,0.00,Left,N/A,
126.6613,asiya,SliderControl,Slider Control,629,369,0.00,0.00,Left,N/A,
126.6717,asiya,SliderControl,Slider Control,629,369,0.00,0.00,Left,N/A,
126.6813,asiya,SliderControl,Slider Control,629,369,0.00,0.00,Left,N/A,
126.6918,asiya,SliderControl,Slider Control,629,369,0.00,0.00,Left,N/A,
126.7013,asiya,SliderControl,Slider Control,629,369,0.00,0.00,Left,N/A,
126.7118,asiya,SliderControl,Slider Control,629,369,0.00,0.00,Left,N/A,
126.7214,asiya,SliderControl,Slider Control,629,369,0.00,0.00,Left,N/A,
126.7318,asiya,SliderControl,Slider Control,629,369,0.00,0.00,Left,N/A,
126.7431,asiya,SliderControl,Slider Control,629,369,0.00,0.00,Left,N/A,
126.7513,asiya,SliderControl,Slider Control,632,370,381.98,46140.82,Left,N/A,
126.7612,asiya,SliderControl,Slider Control,636,370,406.41,2482.50,Left,N/A,
126.7718,asiya,SliderControl,Slider Control,650,372,1332.80,87306.03,Left,N/A,
126.7816,asiya,SliderControl,Slider Control,659,372,918.35,-42290.42,Left,N/A,
126.7914,asiya,SliderControl,Slider Control,678,373,1950.53,105816.86,Left,N/A,
126.8018,asiya,SliderControl,Slider Control,686,373,764.01,-113314.09,Left,N/A,
126.8111,asiya,SliderControl,Slider Control,699,373,1404.33,69171.24,Left,N/A,
126.8218,asiya,SliderControl,Slider Control,706,373,653.11,-70090.04,Left,N/A,
126.8311,asiya,SliderControl,Slider Control,720,373,1503.26,91284.56,Left,N/A,
126.8415,asiya,SliderControl,Slider Control,725,373,480.82,-98321.89,Left,N/A,
126.8514,asiya,SliderControl,Slider Control,729,373,406.50,-7552.65,Left,N/A,
126.8609,asiya,SliderControl,Slider Control,737,373,833.73,44524.46,Left,N/A,
126.8719,asiya,SliderControl,Slider Control,740,373,273.50,-51074.60,Left,N/A,
126.8818,asiya,SliderControl,Slider Control,744,373,404.41,13234.89,Left,N/A,
126.8913,asiya,SliderControl,Slider Control,746,373,209.76,-20414.53,Left,N/A,
126.9012,asiya,SliderControl,Slider Control,749,373,305.85,9795.93,Left,N/A,
126.9112,asiya,SliderControl,Slider Control,750,373,99.23,-20502.37,Left,N/A,
126.9214,asiya,SliderControl,Slider Control,751,373,97.88,-132.13,Left,N/A,
126.9315,asiya,SliderControl,Slider Control,752,373,99.13,123.82,Left,N/A,
126.9411,asiya,SliderControl,Slider Control,753,373,104.87,602.20,Left,N/A,
126.9514,asiya,SliderControl,Slider Control,754,373,97.08,-756.35,Left,N/A,
126.9617,asiya,SliderControl,Slider Control,754,373,0.00,-9409.33,Left,N/A,
126.9716,asiya,SliderControl,Slider Control,754,373,0.00,0.00,Left,N/A,
126.9817,asiya,SliderControl,Slider Control,755,373,98.46,9693.49,Left,N/A,
126.9912,asiya,SliderControl,Slider Control,755,373,0.00,-10413.89,Left,N/A,
127.0015,asiya,SliderControl,Slider Control,755,373,0.00,0.00,Left,N/A,
127.0111,asiya,SliderControl,Slider Control,755,373,0.00,0.00,Left,N/A,
127.0216,asiya,SliderControl,Slider Control,755,373,0.00,0.00,Left,N/A,
127.0318,asiya,SliderControl,Slider Control,755,372,97.64,9533.49,Left,N/A,
127.0413,asiya,SliderControl,Slider Control,755,372,0.00,-10309.39,Left,N/A,
127.0514,asiya,SliderControl,Slider Control,755,372,0.00,0.00,None,N/A,
127.0619,asiya,SliderControl,Slider Control,755,372,0.00,0.00,None,N/A,
127.0715,asiya,SliderControl,Slider Control,755,372,0.00,0.00,None,N/A,
127.0810,asiya,SliderControl,Slider Control,755,372,0.00,0.00,None,N/A,
127.0916,asiya,SliderControl,Slider Control,755,372,0.00,0.00,None,N/A,
127.1010,asiya,SliderControl,Slider Control,755,372,0.00,0.00,None,N/A,
127.1114,asiya,SliderControl,Slider Control,755,372,0.00,0.00,None,N/A,
127.1210,asiya,SliderControl,Slider Control,755,372,0.00,0.00,None,N/A,
127.1315,asiya,SliderControl,Slider Control,755,372,0.00,0.00,None,N/A,
127.1409,asiya,SliderControl,Slider Control,755,372,0.00,0.00,None,N/A,
127.1513,asiya,SliderControl,Slider Control,755,372,0.00,0.00,None,N/A,
127.1620,asiya,SliderControl,Slider Control,755,372,0.00,0.00,None,N/A,
127.1715,asiya,SliderControl,Slider Control,755,372,0.00,0.00,None,N/A,
127.1820,asiya,SliderControl,Slider Control,755,372,0.00,0.00,None,N/A,
127.1914,asiya,SliderControl,Slider Control,755,372,0.00,0.00,None,N/A,
127.2018,asiya,SliderControl,Slider Control,755,372,0.00,0.00,None,N/A,
127.2112,asiya,SliderControl,Slider Control,755,372,0.00,0.00,None,N/A,
127.2217,asiya,SliderControl,Slider Control,755,372,0.00,0.00,None,N/A,
127.2313,asiya,SliderControl,Slider Control,755,372,0.00,0.00,None,N/A,
127.2420,asiya,SliderControl,Slider Control,755,372,0.00,0.00,None,N/A,
127.2517,asiya,SliderControl,Slider Control,755,372,0.00,0.00,None,N/A,
127.2611,asiya,SliderControl,Slider Control,755,372,0.00,0.00,None,N/A,
127.2716,asiya,SliderControl,Slider Control,755,372,0.00,0.00,None,N/A,
127.2810,asiya,SliderControl,Slider Control,755,372,0.00,0.00,None,N/A,
127.2909,asiya,SliderControl,Slider Control,751,372,406.18,41245.31,None,N/A,
127.3011,asiya,SliderControl,Slider Control,746,372,486.44,7808.76,None,N/A,
127.3111,asiya,SliderControl,Slider Control,742,372,401.90,-8494.62,None,N/A,
127.3213,asiya,SliderControl,Slider Control,736,372,590.03,18500.21,None,N/A,
127.3317,asiya,SliderControl,Slider Control,734,372,191.72,-38181.45,None,N/A,
127.3415,asiya,SliderControl,Slider Control,732,372,204.72,1330.37,None,N/A,
127.3512,asiya,SliderControl,Slider Control,731,372,102.73,-10476.93,None,N/A,
127.3616,asiya,SliderControl,Slider Control,729,372,192.53,8645.22,None,N/A,
127.3717,asiya,SliderControl,Slider Control,728,372,98.70,-9261.18,None,N/A,
127.3815,asiya,SliderControl,Slider Control,727,372,102.50,389.42,None,N/A,
127.3912,asiya,SliderControl,Slider Control,726,372,102.39,-12.04,None,N/A,
127.4011,asiya,SliderControl,Slider Control,723,371,322.18,22393.41,None,N/A,
127.4114,asiya,SliderControl,Slider Control,721,371,194.07,-12431.32,None,N/A,
127.4212,asiya,SliderControl,Slider Control,717,370,418.50,22779.62,None,N/A,
127.4319,asiya,SliderControl,Slider Control,716,370,93.19,-30314.46,None,N/A,
127.4413,asiya,SliderControl,Slider Control,714,370,213.31,12812.64,None,N/A,
127.4511,asiya,SliderControl,Slider Control,712,369,229.55,1666.73,None,N/A,
127.4618,asiya,SliderControl,Slider Control,711,369,92.87,-12693.36,None,N/A,
127.4717,asiya,SliderControl,Slider Control,709,369,203.19,11208.00,None,N/A,
127.4818,asiya,SliderControl,Slider Control,708,369,99.04,-10314.79,None,N/A,
127.4918,asiya,SliderControl,Slider Control,706,369,198.72,9903.74,None,N/A,
127.5011,asiya,SliderControl,Slider Control,706,369,0.00,-21523.51,None,N/A,
127.5109,asiya,SliderControl,Slider Control,705,368,144.17,14698.20,None,N/A,
127.5213,asiya,SliderControl,Slider Control,705,368,0.00,-13808.13,None,N/A,
127.5311,asiya,SliderControl,Slider Control,704,368,101.85,10373.01,None,N/A,
127.5419,asiya,SliderControl,Slider Control,704,368,0.00,-9502.85,None,N/A,
127.5514,asiya,SliderControl,Slider Control,704,368,0.00,0.00,None,N/A,
127.5619,asiya,SliderControl,Slider Control,704,368,0.00,0.00,None,N/A,
127.5715,asiya,SliderControl,Slider Control,704,368,0.00,0.00,None,N/A,
127.5811,asiya,SliderControl,Slider Control,704,368,0.00,0.00,None,N/A,
127.5915,asiya,SliderControl,Slider Control,704,368,0.00,0.00,None,N/A,
127.6010,asiya,SliderControl,Slider Control,704,368,0.00,0.00,None,N/A,
127.6115,asiya,SliderControl,Slider Control,704,368,0.00,0.00,None,N/A,
127.6210,asiya,SliderControl,Slider Control,704,368,0.00,0.00,None,N/A,
127.6314,asiya,SliderControl,Slider Control,704,368,0.00,0.00,None,N/A,
127.6419,asiya,SliderControl,Slider Control,704,368,0.00,0.00,None,N/A,
127.6514,asiya,SliderControl,Slider Control,704,368,0.00,0.00,None,N/A,
127.6619,asiya,SliderControl,Slider Control,704,368,0.00,0.00,None,N/A,
127.6714,asiya,SliderControl,Slider Control,704,368,0.00,0.00,None,N/A,
127.6810,asiya,SliderControl,Slider Control,704,368,0.00,0.00,None,N/A,
127.6915,asiya,SliderControl,Slider Control,703,368,95.58,9134.98,None,N/A,
127.7014,asiya,SliderControl,Slider Control,702,369,143.51,4864.37,None,N/A,
127.7116,asiya,SliderControl,Slider Control,699,369,292.25,14488.86,None,N/A,
127.7217,asiya,SliderControl,Slider Control,697,369,199.20,-9267.44,None,N/A,
127.7316,asiya,SliderControl,Slider Control,695,369,201.42,223.50,None,N/A,
127.7411,asiya,SliderControl,Slider Control,694,369,105.32,-10120.93,None,N/A,
127.7518,asiya,SliderControl,Slider Control,692,369,187.34,7683.22,None,N/A,
127.7612,asiya,SliderControl,Slider Control,691,369,105.72,-8629.15,None,N/A,
127.7711,asiya,SliderControl,Slider Control,690,369,101.73,-405.85,None,N/A,
127.7811,asiya,SliderControl,Slider Control,690,369,0.00,-10116.27,None,N/A,
127.7917,asiya,SliderControl,Slider Control,689,369,94.37,8905.82,None,N/A,
127.8017,asiya,SliderControl,Slider Control,689,369,0.00,-9476.61,None,N/A,
127.8114,asiya,SliderControl,Slider Control,689,369,0.00,0.00,None,N/A,
127.8219,asiya,SliderControl,Slider Control,689,369,0.00,0.00,None,N/A,
127.8314,asiya,SliderControl,Slider Control,689,369,0.00,0.00,None,N/A,
127.8419,asiya,SliderControl,Slider Control,689,369,0.00,0.00,None,N/A,
127.8515,asiya,SliderControl,Slider Control,689,369,0.00,0.00,None,N/A,
127.8610,asiya,SliderControl,Slider Control,689,369,0.00,0.00,None,N/A,
127.8714,asiya,SliderControl,Slider Control,689,369,0.00,0.00,None,N/A,
127.8819,asiya,SliderControl,Slider Control,689,369,0.00,0.00,None,N/A,
127.8913,asiya,SliderControl,Slider Control,689,369,0.00,0.00,None,N/A,
127.9014,asiya,SliderControl,Slider Control,689,369,0.00,0.00,None,N/A,
127.9116,asiya,SliderControl,Slider Control,689,369,0.00,0.00,None,N/A,
127.9213,asiya,SliderControl,Slider Control,689,369,0.00,0.00,None,N/A,
127.9311,asiya,SliderControl,Slider Control,690,369,102.78,10564.02,None,N/A,
127.9419,asiya,SliderControl,Slider Control,690,369,0.00,-9527.21,None,N/A,
127.9517,asiya,SliderControl,Slider Control,692,369,202.46,20495.43,None,N/A,
127.9613,asiya,SliderControl,Slider Control,692,369,0.00,-21228.62,None,N/A,
127.9717,asiya,SliderControl,Slider Control,694,369,191.90,18412.33,None,N/A,
127.9813,asiya,SliderControl,Slider Control,695,369,104.62,-9130.89,None,N/A,
127.9919,asiya,SliderControl,Slider Control,696,369,93.87,-1009.72,None,N/A,
128.0018,asiya,SliderControl,Slider Control,697,369,101.39,762.39,None,N/A,
128.0112,asiya,SliderControl,Slider Control,698,369,106.10,500.46,None,N/A,
128.0213,asiya,SliderControl,Slider Control,699,369,98.51,-748.02,None,N/A,
128.0311,asiya,SliderControl,Slider Control,700,369,102.07,362.85,None,N/A,
128.0416,asiya,SliderControl,Slider Control,700,369,0.00,-9772.77,None,N/A,
128.0510,asiya,SliderControl,Slider Control,701,369,106.16,11270.67,None,N/A,
128.0612,asiya,SliderControl,Slider Control,701,369,0.00,-10462.44,None,N/A,
128.0711,asiya,SliderControl,Slider Control,701,369,0.00,0.00,None,N/A,
128.0812,asiya,SliderControl,Slider Control,702,369,99.09,9819.40,None,N/A,
128.0918,asiya,SliderControl,Slider Control,702,369,0.00,-9354.62,None,N/A,
128.1013,asiya,SliderControl,Slider Control,702,369,0.00,0.00,None,N/A,
128.1118,asiya,SliderControl,Slider Control,702,369,0.00,0.00,None,N/A,
128.1213,asiya,SliderControl,Slider Control,702,369,0.00,0.00,None,N/A,
128.1320,asiya,SliderControl,Slider Control,702,369,0.00,0.00,None,N/A,
128.1414,asiya,SliderControl,Slider Control,702,369,0.00,0.00,None,N/A,
128.1519,asiya,SliderControl,Slider Control,702,369,0.00,0.00,None,N/A,
128.1613,asiya,SliderControl,Slider Control,702,369,0.00,0.00,None,N/A,
128.1711,asiya,SliderControl,Slider Control,702,369,0.00,0.00,None,N/A,
128.1816,asiya,SliderControl,Slider Control,702,369,0.00,0.00,None,N/A,
128.1915,asiya,SliderControl,Slider Control,702,369,0.00,0.00,None,N/A,
128.2014,asiya,SliderControl,Slider Control,702,369,0.00,0.00,None,N/A,
128.2110,asiya,SliderControl,Slider Control,702,369,0.00,0.00,None,N/A,
128.2220,asiya,SliderControl,Slider Control,702,369,0.00,0.00,None,N/A,
128.2316,asiya,SliderControl,Slider Control,702,369,0.00,0.00,None,N/A,
128.2411,asiya,SliderControl,Slider Control,702,369,0.00,0.00,None,N/A,
128.2516,asiya,SliderControl,Slider Control,702,369,0.00,0.00,None,N/A,
128.2611,asiya,SliderControl,Slider Control,702,369,0.00,0.00,None,N/A,
128.2716,asiya,SliderControl,Slider Control,702,369,0.00,0.00,None,N/A,
128.2812,asiya,SliderControl,Slider Control,702,369,0.00,0.00,None,N/A,
128.2921,asiya,SliderControl,Slider Control,702,369,0.00,0.00,None,N/A,
128.3018,asiya,SliderControl,Slider Control,702,369,0.00,0.00,None,N/A,
128.3113,asiya,SliderControl,Slider Control,702,369,0.00,0.00,None,N/A,
128.3218,asiya,SliderControl,Slider Control,702,369,0.00,0.00,None,N/A,
128.3318,asiya,SliderControl,Slider Control,702,369,0.00,0.00,None,N/A,
128.3415,asiya,SliderControl,Slider Control,702,369,0.00,0.00,None,N/A,
128.3510,asiya,SliderControl,Slider Control,702,369,0.00,0.00,None,N/A,
128.3613,asiya,SliderControl,Slider Control,702,369,0.00,0.00,None,N/A,
128.3710,asiya,SliderControl,Slider Control,702,369,0.00,0.00,Left,N/A,
128.3815,asiya,SliderControl,Slider Control,702,369,0.00,0.00,Left,N/A,
128.3916,asiya,SliderControl,Slider Control,702,369,0.00,0.00,Left,N/A,
128.4012,asiya,SliderControl,Slider Control,702,369,0.00,0.00,Left,N/A,
128.4120,asiya,SliderControl,Slider Control,702,369,0.00,0.00,Left,N/A,
128.4215,asiya,SliderControl,Slider Control,702,369,0.00,0.00,Left,N/A,
128.4311,asiya,SliderControl,Slider Control,702,369,0.00,0.00,Left,N/A,
128.4415,asiya,SliderControl,Slider Control,702,369,0.00,0.00,Left,N/A,
128.4520,asiya,SliderControl,Slider Control,702,369,0.00,0.00,Left,N/A,
128.4615,asiya,SliderControl,Slider Control,702,369,0.00,0.00,Left,N/A,
128.4711,asiya,SliderControl,Slider Control,702,369,0.00,0.00,Left,N/A,
128.4815,asiya,SliderControl,Slider Control,702,369,0.00,0.00,Left,N/A,
128.4910,asiya,SliderControl,Slider Control,702,369,0.00,0.00,Left,N/A,
128.5019,asiya,SliderControl,Slider Control,710,370,741.78,68248.71,Left,N/A,
128.5118,asiya,SliderControl,Slider Control,723,370,1312.96,57687.47,Left,N/A,
128.5210,asiya,SliderControl,Slider Control,729,370,649.11,-71818.70,Left,N/A,
128.5313,asiya,SliderControl,Slider Control,736,370,679.46,2946.33,Left,N/A,
128.5411,asiya,SliderControl,Slider Control,747,370,1121.44,45060.13,Left,N/A,
128.5519,asiya,SliderControl,Slider Control,753,370,557.86,-52400.20,Left,N/A,
128.5617,asiya,SliderControl,Slider Control,763,369,1023.88,47478.03,Left,N/A,
128.5710,asiya,SliderControl,Slider Control,768,369,534.27,-52317.13,Left,N/A,
128.5809,asiya,SliderControl,Slider Control,776,369,808.58,27725.59,Left,N/A,
128.5919,asiya,SliderControl,Slider Control,781,369,453.87,-32198.40,Left,N/A,
128.6012,asiya,SliderControl,Slider Control,788,369,756.80,32751.34,Left,N/A,
128.6112,asiya,SliderControl,Slider Control,792,368,412.01,-34454.11,Left,N/A,
128.6211,asiya,SliderControl,Slider Control,795,368,301.89,-11081.27,Left,N/A,
128.6311,asiya,SliderControl,Slider Control,800,367,513.98,21379.47,Left,N/A,
128.6419,asiya,SliderControl,Slider Control,803,367,277.47,-21875.04,Left,N/A,
128.6514,asiya,SliderControl,Slider Control,808,366,537.20,27362.36,Left,N/A,
128.6612,asiya,SliderControl,Slider Control,811,366,304.69,-23614.16,Left,N/A,
128.6719,asiya,SliderControl,Slider Control,815,365,384.85,7482.36,Left,N/A,
128.6813,asiya,SliderControl,Slider Control,818,365,321.15,-6819.08,Left,N/A,
128.6915,asiya,SliderControl,Slider Control,822,364,404.59,8188.39,Left,N/A,
128.7018,asiya,SliderControl,Slider Control,824,364,193.65,-20424.66,Left,N/A,
128.7110,asiya,SliderControl,Slider Control,829,364,543.91,38101.71,Left,N/A,
128.7210,asiya,SliderControl,Slider Control,831,364,199.55,-34358.69,Left,N/A,
128.7315,asiya,SliderControl,Slider Control,836,363,485.88,27283.30,Left,N/A,
128.7415,asiya,SliderControl,Slider Control,838,363,199.07,-28547.10,Left,N/A,
128.7518,asiya,SliderControl,Slider Control,841,363,293.79,9276.05,Left,N/A,
128.7618,asiya,SliderControl,Slider Control,845,362,411.66,11769.08,Left,N/A,
128.7710,asiya,SliderControl,Slider Control,847,362,215.67,-21134.95,Left,N/A,
128.7812,asiya,SliderControl,Slider Control,852,361,499.53,27808.69,Left,N/A,
128.7918,asiya,SliderControl,Slider Control,855,361,285.70,-20363.75,Left,N/A,
128.8016,asiya,SliderControl,Slider Control,861,361,611.56,33214.72,Left,N/A,
128.8111,asiya,SliderControl,Slider Control,864,361,313.00,-31150.09,Left,N/A,
128.8209,asiya,SliderControl,Slider Control,870,361,614.10,30817.61,Left,N/A,
128.8317,asiya,SliderControl,Slider Control,872,361,184.71,-39656.83,Left,N/A,
128.8411,asiya,SliderControl,Slider Control,876,361,425.39,25594.58,Left,N/A,
128.8514,asiya,SliderControl,Slider Control,877,361,97.66,-32004.67,Left,N/A,
128.8613,asiya,SliderControl,Slider Control,878,361,101.39,378.65,Left,N/A,
128.8711,asiya,SliderControl,Slider Control,881,361,305.23,20738.55,Left,N/A,
128.8817,asiya,SliderControl,Slider Control,882,361,94.21,-19879.20,Left,N/A,
128.8916,asiya,SliderControl,Slider Control,884,361,201.81,10857.74,Left,N/A,
128.9015,asiya,SliderControl,Slider Control,885,361,100.72,-10181.72,Left,N/A,
128.9112,asiya,SliderControl,Slider Control,888,362,325.83,23194.46,Left,N/A,
128.9210,asiya,SliderControl,Slider Control,889,362,102.35,-22872.86,Left,N/A,
128.9317,asiya,SliderControl,Slider Control,891,362,186.88,7898.53,Left,N/A,
128.9418,asiya,SliderControl,Slider Control,892,362,98.65,-8703.75,Left,N/A,
128.9510,asiya,SliderControl,Slider Control,894,362,218.39,13074.17,Left,N/A,
128.9611,asiya,SliderControl,Slider Control,895,361,140.67,-7730.06,Left,N/A,
128.9710,asiya,SliderControl,Slider Control,895,361,0.00,-14082.82,Left,N/A,
128.9718,asiya,SliderControl,Slider Control,895,361,0.00,0.00,None,N/A,slider_released_missed
128.9813,asiya,SliderControl,Slider Control,895,361,0.00,0.00,None,N/A,
128.9919,asiya,SliderControl,Slider Control,895,361,0.00,0.00,None,N/A,
129.0014,asiya,SliderControl,Slider Control,895,361,0.00,0.00,None,N/A,
129.0119,asiya,SliderControl,Slider Control,895,361,0.00,0.00,None,N/A,
129.0216,asiya,SliderControl,Slider Control,895,361,0.00,0.00,None,N/A,
129.0311,asiya,SliderControl,Slider Control,895,361,0.00,0.00,None,N/A,
129.0416,asiya,SliderControl,Slider Control,895,361,0.00,0.00,None,N/A,
129.0510,asiya,SliderControl,Slider Control,895,361,0.00,0.00,None,N/A,
129.0615,asiya,SliderControl,Slider Control,895,361,0.00,0.00,None,N/A,
129.0711,asiya,SliderControl,Slider Control,895,361,0.00,0.00,None,N/A,
129.0817,asiya,SliderControl,Slider Control,895,361,0.00,0.00,None,N/A,
129.0917,asiya,SliderControl,Slider Control,895,361,0.00,0.00,None,N/A,
129.1014,asiya,SliderControl,Slider Control,895,361,0.00,0.00,None,N/A,
129.1119,asiya,SliderControl,Slider Control,895,361,0.00,0.00,None,N/A,
129.1214,asiya,SliderControl,Slider Control,895,361,0.00,0.00,None,N/A,
129.1318,asiya,SliderControl,Slider Control,895,361,0.00,0.00,None,N/A,
129.1416,asiya,SliderControl,Slider Control,895,361,0.00,0.00,None,N/A,
129.1512,asiya,SliderControl,Slider Control,895,361,0.00,0.00,None,N/A,
129.1617,asiya,SliderControl,Slider Control,895,361,0.00,0.00,None,N/A,
129.1719,asiya,SliderControl,Slider Control,895,361,0.00,0.00,None,N/A,
129.1814,asiya,SliderControl,Slider Control,895,361,0.00,0.00,None,N/A,
129.1910,asiya,SliderControl,Slider Control,895,361,0.00,0.00,None,N/A,
129.2015,asiya,SliderControl,Slider Control,895,361,0.00,0.00,None,N/A,
129.2110,asiya,SliderControl,Slider Control,895,361,0.00,0.00,None,N/A,
129.2215,asiya,SliderControl,Slider Control,895,361,0.00,0.00,None,N/A,
129.2311,asiya,SliderControl,Slider Control,895,361,0.00,0.00,None,N/A,
129.2419,asiya,SliderControl,Slider Control,895,361,0.00,0.00,None,N/A,
129.2518,asiya,SliderControl,Slider Control,895,361,0.00,0.00,None,N/A,
129.2614,asiya,SliderControl,Slider Control,895,361,0.00,0.00,None,N/A,
129.2714,asiya,SliderControl,Slider Control,895,361,0.00,0.00,None,N/A,
129.2814,asiya,SliderControl,Slider Control,895,361,0.00,0.00,None,N/A,
129.2912,asiya,SliderControl,Slider Control,895,361,0.00,0.00,None,N/A,
129.3018,asiya,SliderControl,Slider Control,895,361,0.00,0.00,None,N/A,
129.3113,asiya,SliderControl,Slider Control,895,361,0.00,0.00,None,N/A,
129.3223,asiya,SliderControl,Slider Control,895,361,0.00,0.00,None,N/A,
129.3315,asiya,SliderControl,Slider Control,895,361,0.00,0.00,None,N/A,
129.3411,asiya,SliderControl,Slider Control,895,361,0.00,0.00,None,N/A,
129.3516,asiya,SliderControl,Slider Control,895,361,0.00,0.00,None,N/A,
129.3611,asiya,SliderControl,Slider Control,895,361,0.00,0.00,None,N/A,
129.3716,asiya,SliderControl,Slider Control,895,361,0.00,0.00,None,N/A,
129.3811,asiya,SliderControl,Slider Control,895,361,0.00,0.00,None,N/A,
129.3916,asiya,SliderControl,Slider Control,895,361,0.00,0.00,None,N/A,
129.4017,asiya,SliderControl,Slider Control,895,361,0.00,0.00,None,N/A,
129.4113,asiya,SliderControl,Slider Control,895,361,0.00,0.00,None,N/A,
129.4219,asiya,SliderControl,Slider Control,895,361,0.00,0.00,None,N/A,
129.4314,asiya,SliderControl,Slider Control,895,361,0.00,0.00,None,N/A,
129.4410,asiya,SliderControl,Slider Control,895,361,0.00,0.00,None,N/A,
129.4516,asiya,SliderControl,Slider Control,895,361,0.00,0.00,None,N/A,
129.4611,asiya,SliderControl,Slider Control,895,361,0.00,0.00,None,N/A,
129.4717,asiya,SliderControl,Slider Control,895,361,0.00,0.00,None,N/A,
129.4812,asiya,SliderControl,Slider Control,895,361,0.00,0.00,None,N/A,
129.4920,asiya,SliderControl,Slider Control,895,361,0.00,0.00,None,N/A,
129.5016,asiya,SliderControl,Slider Control,895,361,0.00,0.00,None,N/A,
129.5111,asiya,SliderControl,Slider Control,895,361,0.00,0.00,None,N/A,
129.5211,asiya,SliderControl,Slider Control,895,361,0.00,0.00,None,N/A,
129.5316,asiya,SliderControl,Slider Control,895,361,0.00,0.00,None,N/A,
129.5411,asiya,SliderControl,Slider Control,895,361,0.00,0.00,None,N/A,
129.5516,asiya,SliderControl,Slider Control,895,361,0.00,0.00,None,N/A,
129.5612,asiya,SliderControl,Slider Control,895,361,0.00,0.00,None,N/A,
129.5710,asiya,SliderControl,Slider Control,895,361,0.00,0.00,None,N/A,
129.5815,asiya,SliderControl,Slider Control,895,361,0.00,0.00,None,N/A,
129.5922,asiya,SliderControl,Slider Control,895,361,0.00,0.00,None,N/A,
129.6018,asiya,SliderControl,Slider Control,895,361,0.00,0.00,None,N/A,
129.6112,asiya,SliderControl,Slider Control,895,361,0.00,0.00,None,N/A,
129.6218,asiya,SliderControl,Slider Control,895,361,0.00,0.00,None,N/A,
129.6313,asiya,SliderControl,Slider Control,895,361,0.00,0.00,None,N/A,
129.6417,asiya,SliderControl,Slider Control,895,361,0.00,0.00,None,N/A,
129.6513,asiya,SliderControl,Slider Control,895,361,0.00,0.00,None,N/A,
129.6617,asiya,SliderControl,Slider Control,895,361,0.00,0.00,None,N/A,
129.6713,asiya,SliderControl,Slider Control,895,361,0.00,0.00,None,N/A,
129.6818,asiya,SliderControl,Slider Control,895,361,0.00,0.00,None,N/A,
129.6912,asiya,SliderControl,Slider Control,895,361,0.00,0.00,None,N/A,
129.7017,asiya,SliderControl,Slider Control,895,361,0.00,0.00,None,N/A,
129.7113,asiya,SliderControl,Slider Control,895,361,0.00,0.00,None,N/A,
129.7219,asiya,SliderControl,Slider Control,895,361,0.00,0.00,None,N/A,
129.7315,asiya,SliderControl,Slider Control,895,361,0.00,0.00,None,N/A,
129.7424,asiya,SliderControl,Slider Control,895,361,0.00,0.00,None,N/A,
129.7511,asiya,SliderControl,Slider Control,895,361,0.00,0.00,None,N/A,
129.7616,asiya,SliderControl,Slider Control,895,361,0.00,0.00,None,N/A,
129.7712,asiya,SliderControl,Slider Control,895,361,0.00,0.00,None,N/A,
129.7818,asiya,SliderControl,Slider Control,895,361,0.00,0.00,None,N/A,
129.7913,asiya,SliderControl,Slider Control,895,361,0.00,0.00,None,N/A,
129.8018,asiya,SliderControl,Slider Control,898,365,475.10,45144.57,None,N/A,
129.8119,asiya,SliderControl,Slider Control,904,370,768.10,28814.40,None,N/A,
129.8219,asiya,SliderControl,Slider Control,919,383,1993.64,123091.85,None,N/A,
129.8314,asiya,SliderControl,Slider Control,924,388,744.00,-131484.61,None,N/A,
129.8419,asiya,SliderControl,Slider Control,929,391,557.76,-17814.94,None,N/A,
129.8518,asiya,SliderControl,Slider Control,935,398,931.59,37774.10,None,N/A,
129.8615,asiya,SliderControl,Slider Control,937,400,289.79,-65757.37,None,N/A,
129.8711,asiya,SliderControl,Slider Control,943,406,886.31,62308.01,None,N/A,
129.8812,asiya,SliderControl,Slider Control,945,409,356.45,-52382.93,None,N/A,
129.8918,asiya,SliderControl,Slider Control,951,416,871.54,48693.03,None,N/A,
129.9018,asiya,SliderControl,Slider Control,954,418,358.67,-51019.51,None,N/A,
129.9114,asiya,SliderControl,Slider Control,958,423,666.83,32092.04,None,N/A,
129.9213,asiya,SliderControl,Slider Control,960,425,285.83,-38502.50,None,N/A,
129.9313,asiya,SliderControl,Slider Control,962,426,225.10,-6113.41,None,N/A,
129.9419,asiya,SliderControl,Slider Control,965,429,398.84,16332.60,None,N/A,
129.9512,asiya,SliderControl,Slider Control,967,431,303.17,-10254.39,None,N/A,
129.9616,asiya,SliderControl,Slider Control,969,433,274.28,-2801.14,None,N/A,
129.9714,asiya,SliderControl,Slider Control,970,434,143.66,-13269.04,None,N/A,
129.9811,asiya,SliderControl,Slider Control,971,435,146.25,267.77,None,N/A,
129.9911,asiya,SliderControl,Slider Control,972,436,141.06,-517.28,None,N/A,
130.0017,asiya,SliderControl,Slider Control,973,437,133.58,-706.68,None,N/A,
130.0118,asiya,SliderControl,Slider Control,973,437,0.00,-13251.57,None,N/A,
130.0212,asiya,SliderControl,Slider Control,974,438,150.55,16027.45,None,N/A,
130.0319,asiya,SliderControl,Slider Control,974,438,0.00,-14022.28,None,N/A,
130.0419,asiya,SliderControl,Slider Control,974,439,99.97,9993.82,None,N/A,
130.0513,asiya,SliderControl,Slider Control,974,439,0.00,-10624.63,None,N/A,
130.0618,asiya,SliderControl,Slider Control,974,439,0.00,0.00,None,N/A,
130.0717,asiya,SliderControl,Slider Control,974,439,0.00,0.00,None,N/A,
130.0811,asiya,SliderControl,Slider Control,974,439,0.00,0.00,None,N/A,
130.0916,asiya,SliderControl,Slider Control,974,439,0.00,0.00,None,N/A,
130.1011,asiya,SliderControl,Slider Control,974,439,0.00,0.00,None,N/A,
130.1115,asiya,SliderControl,Slider Control,974,439,0.00,0.00,None,N/A,
130.1216,asiya,SliderControl,Slider Control,974,439,0.00,0.00,None,N/A,
130.1312,asiya,SliderControl,Slider Control,974,439,0.00,0.00,None,N/A,
130.1416,asiya,SliderControl,Slider Control,974,439,0.00,0.00,None,N/A,
130.1520,asiya,SliderControl,Slider Control,974,439,0.00,0.00,None,N/A,
130.1616,asiya,SliderControl,Slider Control,974,439,0.00,0.00,None,N/A,
130.1717,asiya,SliderControl,Slider Control,974,439,0.00,0.00,None,N/A,
130.1811,asiya,SliderControl,Slider Control,974,439,0.00,0.00,None,N/A,
130.1916,asiya,SliderControl,Slider Control,974,439,0.00,0.00,None,N/A,
130.2015,asiya,SliderControl,Slider Control,974,439,0.00,0.00,None,N/A,
130.2112,asiya,SliderControl,Slider Control,974,439,0.00,0.00,None,N/A,
130.2217,asiya,SliderControl,Slider Control,974,439,0.00,0.00,None,N/A,
130.2316,asiya,SliderControl,Slider Control,974,439,0.00,0.00,None,N/A,
130.2415,asiya,SliderControl,Slider Control,974,439,0.00,0.00,None,N/A,
130.2514,asiya,SliderControl,Slider Control,974,439,0.00,0.00,None,N/A,
130.2610,asiya,SliderControl,Slider Control,974,439,0.00,0.00,None,N/A,
130.2719,asiya,SliderControl,Slider Control,974,439,0.00,0.00,None,N/A,
130.2821,asiya,SliderControl,Slider Control,974,439,0.00,0.00,None,N/A,
130.2921,asiya,SliderControl,Slider Control,974,439,0.00,0.00,None,N/A,
130.3017,asiya,SliderControl,Slider Control,974,439,0.00,0.00,None,N/A,
130.3112,asiya,SliderControl,Slider Control,974,439,0.00,0.00,None,N/A,
130.3217,asiya,SliderControl,Slider Control,974,439,0.00,0.00,None,N/A,
130.3313,asiya,SliderControl,Slider Control,974,439,0.00,0.00,None,N/A,
130.3418,asiya,SliderControl,Slider Control,974,439,0.00,0.00,None,N/A,
130.3514,asiya,SliderControl,Slider Control,974,439,0.00,0.00,None,N/A,
130.3610,asiya,SliderControl,Slider Control,974,439,0.00,0.00,None,N/A,
130.3716,asiya,SliderControl,Slider Control,974,439,0.00,0.00,None,N/A,
130.3811,asiya,SliderControl,Slider Control,974,439,0.00,0.00,None,N/A,
130.3916,asiya,SliderControl,Slider Control,974,439,0.00,0.00,None,N/A,
130.4012,asiya,SliderControl,Slider Control,974,439,0.00,0.00,None,N/A,
130.4117,asiya,SliderControl,Slider Control,974,439,0.00,0.00,None,N/A,
130.4212,asiya,SliderControl,Slider Control,974,439,0.00,0.00,None,N/A,
130.4318,asiya,SliderControl,Slider Control,974,439,0.00,0.00,None,N/A,
130.4415,asiya,SliderControl,Slider Control,974,439,0.00,0.00,None,N/A,
130.4517,asiya,SliderControl,Slider Control,971,437,351.17,34202.89,None,N/A,
130.4612,asiya,SliderControl,Slider Control,961,431,1228.09,92346.45,None,N/A,
130.4710,asiya,SliderControl,Slider Control,956,427,651.13,-58670.62,None,N/A,
130.4819,asiya,SliderControl,Slider Control,947,421,996.51,31819.25,None,N/A,
130.4911,asiya,SliderControl,Slider Control,944,418,462.61,-58216.12,None,N/A,
130.5012,asiya,SliderControl,Slider Control,938,412,839.58,37299.21,None,N/A,
130.5110,asiya,SliderControl,Slider Control,935,410,367.32,-48112.09,None,N/A,
130.5211,asiya,SliderControl,Slider Control,933,408,279.40,-8684.68,None,N/A,
130.5311,asiya,SliderControl,Slider Control,929,404,567.76,28941.40,None,N/A,
130.5416,asiya,SliderControl,Slider Control,927,403,212.16,-33739.35,None,N/A,
130.5514,asiya,SliderControl,Slider Control,925,400,368.79,16020.04,None,N/A,
130.5612,asiya,SliderControl,Slider Control,924,399,143.67,-22869.58,None,N/A,
130.5719,asiya,SliderControl,Slider Control,922,397,266.14,11523.88,None,N/A,
130.5817,asiya,SliderControl,Slider Control,922,397,0.00,-27148.23,None,N/A,
130.5914,asiya,SliderControl,Slider Control,921,395,231.09,23883.34,None,N/A,
130.6014,asiya,SliderControl,Slider Control,920,395,99.94,-13107.55,None,N/A,
130.6112,asiya,SliderControl,Slider Control,920,394,101.80,189.90,None,N/A,
130.6211,asiya,SliderControl,Slider Control,919,394,100.60,-121.34,None,N/A,
130.6315,asiya,SliderControl,Slider Control,919,392,191.77,8742.14,None,N/A,
130.6416,asiya,SliderControl,Slider Control,918,391,140.39,-5100.31,None,N/A,
130.6516,asiya,SliderControl,Slider Control,917,390,141.12,72.32,None,N/A,
130.6611,asiya,SliderControl,Slider Control,916,388,235.99,10012.65,None,N/A,
130.6710,asiya,SliderControl,Slider Control,916,387,101.28,-13643.43,None,N/A,
130.6818,asiya,SliderControl,Slider Control,914,383,414.48,29028.52,None,N/A,
130.6915,asiya,SliderControl,Slider Control,914,381,206.60,-21474.47,None,N/A,
130.7013,asiya,SliderControl,Slider Control,912,378,368.09,16485.70,None,N/A,
130.7111,asiya,SliderControl,Slider Control,912,377,101.34,-27031.32,None,N/A,
130.7217,asiya,SliderControl,Slider Control,910,375,267.52,15718.48,None,N/A,
130.7312,asiya,SliderControl,Slider Control,909,374,149.23,-12482.29,None,N/A,
130.7413,asiya,SliderControl,Slider Control,906,372,357.30,20618.87,None,N/A,
130.7513,asiya,SliderControl,Slider Control,904,371,223.61,-13369.44,None,N/A,
130.7612,asiya,SliderControl,Slider Control,903,371,100.25,-12366.45,None,N/A,
130.7719,asiya,SliderControl,Slider Control,899,369,418.78,29827.87,None,N/A,
130.7818,asiya,SliderControl,Slider Control,898,369,101.61,-32228.24,None,N/A,
130.7915,asiya,SliderControl,Slider Control,896,367,290.43,19387.31,None,N/A,
130.8018,asiya,SliderControl,Slider Control,894,367,194.05,-9350.55,None,N/A,
130.8117,asiya,SliderControl,Slider Control,892,366,225.51,3172.31,None,N/A,
130.8216,asiya,SliderControl,Slider Control,892,366,0.00,-22741.37,None,N/A,
130.8317,asiya,SliderControl,Slider Control,890,365,222.60,22159.50,None,N/A,
130.8413,asiya,SliderControl,Slider Control,890,365,0.00,-23096.34,None,N/A,
130.8511,asiya,SliderControl,Slider Control,889,365,102.14,10432.71,None,N/A,
130.8611,asiya,SliderControl,Slider Control,889,365,0.00,-10274.09,None,N/A,
130.8713,asiya,SliderControl,Slider Control,889,365,0.00,0.00,None,N/A,
130.8818,asiya,SliderControl,Slider Control,889,365,0.00,0.00,None,N/A,
130.8917,asiya,SliderControl,Slider Control,888,365,100.34,10069.04,None,N/A,
130.9012,asiya,SliderControl,Slider Control,888,365,0.00,-10617.99,None,N/A,
130.9117,asiya,SliderControl,Slider Control,888,365,0.00,0.00,None,N/A,
130.9213,asiya,SliderControl,Slider Control,888,365,0.00,0.00,None,N/A,
130.9317,asiya,SliderControl,Slider Control,888,365,0.00,0.00,None,N/A,
130.9412,asiya,SliderControl,Slider Control,888,365,0.00,0.00,None,N/A,
130.9517,asiya,SliderControl,Slider Control,888,365,0.00,0.00,None,N/A,
130.9613,asiya,SliderControl,Slider Control,888,365,0.00,0.00,None,N/A,
130.9718,asiya,SliderControl,Slider Control,888,365,0.00,0.00,None,N/A,
130.9813,asiya,SliderControl,Slider Control,888,365,0.00,0.00,None,N/A,
130.9917,asiya,SliderControl,Slider Control,888,365,0.00,0.00,None,N/A,
131.0012,asiya,SliderControl,Slider Control,888,365,0.00,0.00,None,N/A,
131.0118,asiya,SliderControl,Slider Control,888,365,0.00,0.00,None,N/A,
131.0219,asiya,SliderControl,Slider Control,888,365,0.00,0.00,None,N/A,
131.0314,asiya,SliderControl,Slider Control,888,365,0.00,0.00,None,N/A,
131.0422,asiya,SliderControl,Slider Control,888,365,0.00,0.00,None,N/A,
131.0512,asiya,SliderControl,Slider Control,889,365,111.58,12450.17,None,N/A,
131.0610,asiya,SliderControl,Slider Control,889,366,101.99,-978.19,None,N/A,
131.0715,asiya,SliderControl,Slider Control,889,366,0.00,-9655.85,None,N/A,
131.0819,asiya,SliderControl,Slider Control,890,367,136.57,13187.89,None,N/A,
131.0909,asiya,SliderControl,Slider Control,891,368,157.28,2303.54,None,N/A,
131.1013,asiya,SliderControl,Slider Control,892,369,135.65,-2074.80,None,N/A,
131.1111,asiya,SliderControl,Slider Control,893,370,144.98,956.82,None,N/A,
131.1217,asiya,SliderControl,Slider Control,894,371,133.38,-1094.28,None,N/A,
131.1317,asiya,SliderControl,Slider Control,895,371,99.57,-3366.20,None,N/A,
131.1412,asiya,SliderControl,Slider Control,896,372,149.11,5223.73,None,N/A,
131.1511,asiya,SliderControl,Slider Control,896,372,0.00,-15031.56,None,N/A,
131.1609,asiya,SliderControl,Slider Control,897,373,144.14,14691.05,None,N/A,
131.1715,asiya,SliderControl,Slider Control,897,373,0.00,-13607.47,None,N/A,
131.1815,asiya,SliderControl,Slider Control,898,374,142.02,14262.97,None,N/A,
131.1912,asiya,SliderControl,Slider Control,898,374,0.00,-14565.33,None,N/A,
131.2017,asiya,SliderControl,Slider Control,898,374,0.00,0.00,None,N/A,
131.2112,asiya,SliderControl,Slider Control,898,374,0.00,0.00,None,N/A,
131.2217,asiya,SliderControl,Slider Control,898,374,0.00,0.00,None,N/A,
131.2312,asiya,SliderControl,Slider Control,898,374,0.00,0.00,None,N/A,
131.2415,asiya,SliderControl,Slider Control,898,374,0.00,0.00,None,N/A,
131.2517,asiya,SliderControl,Slider Control,898,374,0.00,0.00,None,N/A,
131.2613,asiya,SliderControl,Slider Control,898,374,0.00,0.00,None,N/A,
131.2719,asiya,SliderControl,Slider Control,898,374,0.00,0.00,None,N/A,
131.2815,asiya,SliderControl,Slider Control,898,374,0.00,0.00,None,N/A,
131.2910,asiya,SliderControl,Slider Control,898,374,0.00,0.00,None,N/A,
131.3015,asiya,SliderControl,Slider Control,898,374,0.00,0.00,None,N/A,
131.3110,asiya,SliderControl,Slider Control,898,374,0.00,0.00,None,N/A,
131.3218,asiya,SliderControl,Slider Control,898,374,0.00,0.00,None,N/A,
131.3314,asiya,SliderControl,Slider Control,898,374,0.00,0.00,None,N/A,
131.3415,asiya,SliderControl,Slider Control,898,374,0.00,0.00,None,N/A,
131.3513,asiya,SliderControl,Slider Control,898,374,0.00,0.00,None,N/A,
131.3611,asiya,SliderControl,Slider Control,898,374,0.00,0.00,None,N/A,
131.3715,asiya,SliderControl,Slider Control,898,374,0.00,0.00,None,N/A,
131.3811,asiya,SliderControl,Slider Control,898,374,0.00,0.00,None,N/A,
131.3921,asiya,SliderControl,Slider Control,898,374,0.00,0.00,None,N/A,
131.4018,asiya,SliderControl,Slider Control,898,374,0.00,0.00,None,N/A,
131.4112,asiya,SliderControl,Slider Control,898,374,0.00,0.00,None,N/A,
131.4217,asiya,SliderControl,Slider Control,898,374,0.00,0.00,None,N/A,
131.4312,asiya,SliderControl,Slider Control,898,374,0.00,0.00,None,N/A,
131.4417,asiya,SliderControl,Slider Control,898,374,0.00,0.00,None,N/A,
131.4512,asiya,SliderControl,Slider Control,898,374,0.00,0.00,None,N/A,
131.4617,asiya,SliderControl,Slider Control,898,374,0.00,0.00,None,N/A,
131.4717,asiya,SliderControl,Slider Control,898,374,0.00,0.00,Left,N/A,
131.4812,asiya,SliderControl,Slider Control,898,374,0.00,0.00,Left,N/A,
131.4919,asiya,SliderControl,Slider Control,898,374,0.00,0.00,Left,N/A,
131.5013,asiya,SliderControl,Slider Control,898,374,0.00,0.00,Left,N/A,
131.5118,asiya,SliderControl,Slider Control,898,374,0.00,0.00,Left,N/A,
131.5213,asiya,SliderControl,Slider Control,898,374,0.00,0.00,Left,N/A,
131.5318,asiya,SliderControl,Slider Control,898,374,0.00,0.00,Left,N/A,
131.5414,asiya,SliderControl,Slider Control,898,374,0.00,0.00,Left,N/A,
131.5519,asiya,SliderControl,Slider Control,898,374,0.00,0.00,Left,N/A,
131.5614,asiya,SliderControl,Slider Control,898,374,0.00,0.00,Left,N/A,
131.5714,asiya,SliderControl,Slider Control,898,374,0.00,0.00,Left,N/A,
131.5819,asiya,SliderControl,Slider Control,898,374,0.00,0.00,Left,N/A,
131.5914,asiya,SliderControl,Slider Control,898,374,0.00,0.00,Left,N/A,
131.6010,asiya,SliderControl,Slider Control,894,374,413.02,42646.03,Left,N/A,
131.6113,asiya,SliderControl,Slider Control,888,374,586.77,16991.59,Left,N/A,
131.6214,asiya,SliderControl,Slider Control,878,374,983.26,38986.01,Left,N/A,
131.6319,asiya,SliderControl,Slider Control,873,374,475.54,-48288.53,Left,N/A,
131.6411,asiya,SliderControl,Slider Control,865,374,877.93,44158.05,Left,N/A,
131.6513,asiya,SliderControl,Slider Control,860,374,487.74,-38062.05,Left,N/A,
131.6611,asiya,SliderControl,Slider Control,852,374,813.28,33094.44,Left,N/A,
131.6715,asiya,SliderControl,Slider Control,848,375,398.07,-40087.21,Left,N/A,
131.6815,asiya,SliderControl,Slider Control,838,375,1005.20,61029.41,Left,N/A,
131.6914,asiya,SliderControl,Slider Control,833,376,510.88,-49526.98,Left,N/A,
131.7016,asiya,SliderControl,Slider Control,826,376,686.87,17268.83,Left,N/A,
131.7117,asiya,SliderControl,Slider Control,823,376,297.95,-38625.85,Left,N/A,
131.7212,asiya,SliderControl,Slider Control,821,376,209.51,-9264.20,Left,N/A,
131.7319,asiya,SliderControl,Slider Control,817,376,374.88,15497.90,Left,N/A,
131.7419,asiya,SliderControl,Slider Control,814,376,298.99,-7563.23,Left,N/A,
131.7510,asiya,SliderControl,Slider Control,807,376,772.35,52228.80,Left,N/A,
131.7611,asiya,SliderControl,Slider Control,802,377,503.31,-26556.02,Left,N/A,
131.7717,asiya,SliderControl,Slider Control,791,377,1037.75,50419.19,Left,N/A,
131.7815,asiya,SliderControl,Slider Control,786,377,512.36,-53837.81,Left,N/A,
131.7910,asiya,SliderControl,Slider Control,779,377,736.88,23634.20,Left,N/A,
131.8018,asiya,SliderControl,Slider Control,777,377,185.82,-51198.51,Left,N/A,
131.8122,asiya,SliderControl,Slider Control,773,377,383.75,18989.18,Left,N/A,
131.8219,asiya,SliderControl,Slider Control,772,377,103.32,-28973.82,Left,N/A,
131.8322,asiya,SliderControl,Slider Control,769,377,288.95,17879.46,Left,N/A,
131.8414,asiya,SliderControl,Slider Control,768,377,109.76,-19667.79,Left,N/A,
131.8512,asiya,SliderControl,Slider Control,765,378,320.37,21336.70,Left,N/A,
131.8616,asiya,SliderControl,Slider Control,763,378,192.52,-12306.69,Left,N/A,
131.8721,asiya,SliderControl,Slider Control,757,379,582.58,37358.47,Left,N/A,
131.8825,asiya,SliderControl,Slider Control,753,379,381.42,-19181.60,Left,N/A,
131.8917,asiya,SliderControl,Slider Control,749,380,450.15,7504.05,Left,N/A,
131.9011,asiya,SliderControl,Slider Control,742,380,746.28,31570.36,Left,N/A,
131.9115,asiya,SliderControl,Slider Control,739,380,288.76,-44037.66,Left,N/A,
131.9221,asiya,SliderControl,Slider Control,734,380,469.37,16954.98,Left,N/A,
131.9312,asiya,SliderControl,Slider Control,732,380,219.71,-27426.60,Left,N/A,
131.9418,asiya,SliderControl,Slider Control,729,380,284.49,6143.42,Left,N/A,
131.9528,asiya,SliderControl,Slider Control,728,380,90.89,-17596.93,Left,N/A,
131.9615,asiya,SliderControl,Slider Control,727,380,115.01,2773.38,Left,N/A,
131.9710,asiya,SliderControl,Slider Control,723,380,419.21,31881.30,Left,N/A,
131.9812,asiya,SliderControl,Slider Control,720,380,294.21,-12258.60,Left,N/A,
131.9913,asiya,SliderControl,Slider Control,716,380,398.01,10327.74,Left,N/A,
132.0018,asiya,SliderControl,Slider Control,714,379,212.72,-17626.67,Left,N/A,
132.0119,asiya,SliderControl,Slider Control,710,379,394.89,17984.17,Left,N/A,
132.0217,asiya,SliderControl,Slider Control,708,378,229.02,-16988.25,Left,N/A,
132.0309,asiya,SliderControl,Slider Control,705,378,325.43,10457.24,Left,N/A,
132.0419,asiya,SliderControl,Slider Control,704,377,128.45,-17890.83,Left,N/A,
132.0514,asiya,SliderControl,Slider Control,702,377,210.91,8696.25,Left,N/A,
132.0615,asiya,SliderControl,Slider Control,701,377,98.50,-11072.59,Left,N/A,
132.0719,asiya,SliderControl,Slider Control,700,377,96.41,-201.47,Left,N/A,
132.0818,asiya,SliderControl,Slider Control,699,377,100.73,435.46,Left,N/A,
132.0909,asiya,SliderControl,Slider Control,698,377,109.75,989.96,Left,N/A,
132.1015,asiya,SliderControl,Slider Control,698,377,0.00,-10398.13,Left,N/A,
132.1114,asiya,SliderControl,Slider Control,697,377,100.75,10150.47,Left,N/A,
132.1210,asiya,SliderControl,Slider Control,697,377,0.00,-10568.32,Left,N/A,
132.1312,asiya,SliderControl,Slider Control,697,377,0.00,0.00,Left,N/A,
132.1416,asiya,SliderControl,Slider Control,696,377,95.77,9172.14,Left,N/A,
132.1516,asiya,SliderControl,Slider Control,696,377,0.00,-9611.05,Left,N/A,
132.1614,asiya,SliderControl,Slider Control,694,377,204.12,20831.93,Left,N/A,
132.1713,asiya,SliderControl,Slider Control,693,377,100.31,-10412.90,Left,N/A,
132.1810,asiya,SliderControl,Slider Control,692,377,103.63,344.40,Left,N/A,
132.1919,asiya,SliderControl,Slider Control,690,377,183.35,7308.31,Left,N/A,
132.2019,asiya,SliderControl,Slider Control,689,377,100.12,-8332.99,Left,N/A,
132.2113,asiya,SliderControl,Slider Control,687,377,211.57,11789.47,Left,N/A,
132.2218,asiya,SliderControl,Slider Control,685,377,190.42,-2013.28,Left,N/A,
132.2310,asiya,SliderControl,Slider Control,682,377,329.14,15218.90,Left,N/A,
132.2418,asiya,SliderControl,Slider Control,681,377,91.85,-21795.03,Left,N/A,
132.2510,asiya,SliderControl,Slider Control,678,377,329.46,26093.41,Left,N/A,
132.2614,asiya,SliderControl,Slider Control,677,377,95.48,-22339.91,Left,N/A,
132.2709,asiya,SliderControl,Slider Control,676,377,105.74,1084.42,Left,N/A,
132.2811,asiya,SliderControl,Slider Control,675,377,97.54,-799.39,Left,N/A,
132.2910,asiya,SliderControl,Slider Control,674,377,101.22,372.91,Left,N/A,
132.3010,asiya,SliderControl,Slider Control,673,377,99.68,-153.71,Left,N/A,
132.3113,asiya,SliderControl,Slider Control,673,377,0.00,-9740.81,Left,N/A,
132.3210,asiya,SliderControl,Slider Control,673,377,0.00,0.00,Left,N/A,
132.3314,asiya,SliderControl,Slider Control,672,377,95.83,9183.46,Left,N/A,
132.3410,asiya,SliderControl,Slider Control,672,377,0.00,-10068.93,Left,N/A,
132.3514,asiya,SliderControl,Slider Control,672,377,0.00,0.00,Left,N/A,
132.3619,asiya,SliderControl,Slider Control,672,377,0.00,0.00,Left,N/A,
132.3711,asiya,SliderControl,Slider Control,672,377,0.00,0.00,Left,N/A,
132.3819,asiya,SliderControl,Slider Control,672,377,0.00,0.00,Left,N/A,
132.3913,asiya,SliderControl,Slider Control,672,377,0.00,0.00,Left,N/A,
132.4014,asiya,SliderControl,Slider Control,672,378,99.76,9952.98,Left,N/A,
132.4117,asiya,SliderControl,Slider Control,673,378,96.59,-306.26,Left,N/A,
132.4210,asiya,SliderControl,Slider Control,673,378,0.00,-10358.84,Left,N/A,
132.4318,asiya,SliderControl,Slider Control,674,379,131.00,12134.50,Left,N/A,
132.4415,asiya,SliderControl,Slider Control,674,379,0.00,-13516.28,Left,N/A,
132.4514,asiya,SliderControl,Slider Control,674,379,0.00,0.00,Left,N/A,
132.4562,asiya,SliderControl,Slider Control,674,379,0.00,0.00,None,N/A,slider_released_correct
132.4610,asiya,SliderControl,Slider Control,674,379,0.00,0.00,None,N/A,
132.4711,asiya,SliderControl,Slider Control,674,379,0.00,0.00,None,N/A,
132.4817,asiya,SliderControl,Slider Control,674,379,0.00,0.00,None,N/A,
132.4911,asiya,SliderControl,Slider Control,674,379,0.00,0.00,None,N/A,
132.5016,asiya,SliderControl,Slider Control,674,379,0.00,0.00,None,N/A,
132.5111,asiya,SliderControl,Slider Control,674,379,0.00,0.00,None,N/A,
132.5214,asiya,SliderControl,Slider Control,674,379,0.00,0.00,None,N/A,
132.5318,asiya,SliderControl,Slider Control,674,379,0.00,0.00,None,N/A,
132.5413,asiya,SliderControl,Slider Control,674,379,0.00,0.00,None,N/A,
132.5510,asiya,SliderControl,Slider Control,674,379,0.00,0.00,None,N/A,
132.5615,asiya,SliderControl,Slider Control,674,379,0.00,0.00,None,N/A,
132.5711,asiya,SliderControl,Slider Control,674,379,0.00,0.00,None,N/A,
132.5815,asiya,SliderControl,Slider Control,674,379,0.00,0.00,None,N/A,
132.5919,asiya,SliderControl,Slider Control,674,379,0.00,0.00,None,N/A,
132.6014,asiya,SliderControl,Slider Control,674,379,0.00,0.00,None,N/A,
132.6110,asiya,SliderControl,Slider Control,674,379,0.00,0.00,None,N/A,
132.6216,asiya,SliderControl,Slider Control,674,379,0.00,0.00,None,N/A,
132.6311,asiya,SliderControl,Slider Control,674,379,0.00,0.00,None,N/A,
132.6419,asiya,SliderControl,Slider Control,674,379,0.00,0.00,None,N/A,
132.6515,asiya,SliderControl,Slider Control,674,379,0.00,0.00,None,N/A,
132.6611,asiya,SliderControl,Slider Control,674,379,0.00,0.00,None,N/A,
132.6711,asiya,SliderControl,Slider Control,674,379,0.00,0.00,None,N/A,
132.6816,asiya,SliderControl,Slider Control,674,379,0.00,0.00,None,N/A,
132.6911,asiya,SliderControl,Slider Control,674,379,0.00,0.00,None,N/A,
132.7016,asiya,SliderControl,Slider Control,674,379,0.00,0.00,None,N/A,
132.7110,asiya,SliderControl,Slider Control,674,379,0.00,0.00,None,N/A,
132.7215,asiya,SliderControl,Slider Control,674,379,0.00,0.00,None,N/A,
132.7310,asiya,SliderControl,Slider Control,674,379,0.00,0.00,None,N/A,
132.7415,asiya,SliderControl,Slider Control,674,379,0.00,0.00,None,N/A,
132.7520,asiya,SliderControl,Slider Control,674,379,0.00,0.00,None,N/A,
132.7615,asiya,SliderControl,Slider Control,674,379,0.00,0.00,None,N/A,
132.7711,asiya,SliderControl,Slider Control,674,379,0.00,0.00,None,N/A,
132.7814,asiya,SliderControl,Slider Control,674,379,0.00,0.00,None,N/A,
132.7918,asiya,SliderControl,Slider Control,674,379,0.00,0.00,None,N/A,
132.8013,asiya,SliderControl,Slider Control,674,379,0.00,0.00,None,N/A,
132.8119,asiya,SliderControl,Slider Control,674,379,0.00,0.00,None,N/A,
132.8218,asiya,SliderControl,Slider Control,674,379,0.00,0.00,None,N/A,
132.8313,asiya,SliderControl,Slider Control,674,379,0.00,0.00,None,N/A,
132.8417,asiya,SliderControl,Slider Control,674,379,0.00,0.00,None,N/A,
132.8511,asiya,SliderControl,Slider Control,674,379,0.00,0.00,None,N/A,
132.8616,asiya,SliderControl,Slider Control,674,379,0.00,0.00,None,N/A,
132.8711,asiya,SliderControl,Slider Control,674,379,0.00,0.00,None,N/A,
132.8814,asiya,SliderControl,Slider Control,674,379,0.00,0.00,None,N/A,
132.8918,asiya,SliderControl,Slider Control,674,379,0.00,0.00,None,N/A,
132.9014,asiya,SliderControl,Slider Control,674,379,0.00,0.00,None,N/A,
132.9119,asiya,SliderControl,Slider Control,674,379,0.00,0.00,None,N/A,
132.9217,asiya,SliderControl,Slider Control,674,379,0.00,0.00,None,N/A,
132.9316,asiya,SliderControl,Slider Control,674,379,0.00,0.00,None,N/A,
132.9415,asiya,SliderControl,Slider Control,674,379,0.00,0.00,None,N/A,
132.9512,asiya,SliderControl,Slider Control,674,379,0.00,0.00,None,N/A,
132.9617,asiya,SliderControl,Slider Control,674,379,0.00,0.00,None,N/A,
132.9713,asiya,SliderControl,Slider Control,674,379,0.00,0.00,None,N/A,
132.9820,asiya,SliderControl,Slider Control,674,379,0.00,0.00,None,N/A,
132.9914,asiya,SliderControl,Slider Control,674,379,0.00,0.00,None,N/A,
133.0019,asiya,SliderControl,Slider Control,674,379,0.00,0.00,None,N/A,
133.0115,asiya,SliderControl,Slider Control,674,379,0.00,0.00,None,N/A,
133.0213,asiya,SliderControl,Slider Control,674,379,0.00,0.00,None,N/A,
133.0317,asiya,SliderControl,Slider Control,674,379,0.00,0.00,None,N/A,
133.0413,asiya,SliderControl,Slider Control,674,379,0.00,0.00,None,N/A,
133.0517,asiya,SliderControl,Slider Control,674,379,0.00,0.00,None,N/A,
133.0612,asiya,SliderControl,Slider Control,674,379,0.00,0.00,None,N/A,
133.0717,asiya,SliderControl,Slider Control,674,379,0.00,0.00,None,N/A,
133.0812,asiya,SliderControl,Slider Control,674,379,0.00,0.00,None,N/A,
133.0916,asiya,SliderControl,Slider Control,674,379,0.00,0.00,None,N/A,
133.1011,asiya,SliderControl,Slider Control,674,379,0.00,0.00,None,N/A,
133.1116,asiya,SliderControl,Slider Control,674,379,0.00,0.00,None,N/A,
133.1211,asiya,SliderControl,Slider Control,674,379,0.00,0.00,None,N/A,
133.1316,asiya,SliderControl,Slider Control,674,379,0.00,0.00,None,N/A,
133.1420,asiya,SliderControl,Slider Control,680,374,749.78,71978.16,None,N/A,
133.1512,asiya,SliderControl,Slider Control,683,372,389.52,-38919.92,None,N/A,
133.1611,asiya,SliderControl,Slider Control,687,370,453.16,6448.05,None,N/A,
133.1716,asiya,SliderControl,Slider Control,692,367,555.32,9729.56,None,N/A,
133.1811,asiya,SliderControl,Slider Control,694,366,235.60,-33686.66,None,N/A,
133.1913,asiya,SliderControl,Slider Control,698,365,402.98,16359.50,None,N/A,
133.2013,asiya,SliderControl,Slider Control,699,364,142.12,-26214.72,None,N/A,
133.2119,asiya,SliderControl,Slider Control,702,364,282.56,13227.79,None,N/A,
133.2216,asiya,SliderControl,Slider Control,703,363,145.10,-14103.45,None,N/A,
133.2316,asiya,SliderControl,Slider Control,706,363,301.86,15773.96,None,N/A,
133.2417,asiya,SliderControl,Slider Control,707,362,139.51,-16015.93,None,N/A,
133.2513,asiya,SliderControl,Slider Control,708,362,104.06,-3688.55,None,N/A,
133.2615,asiya,SliderControl,Slider Control,711,362,295.89,18919.89,None,N/A,
133.2718,asiya,SliderControl,Slider Control,712,362,96.59,-19250.10,None,N/A,
133.2815,asiya,SliderControl,Slider Control,715,362,308.24,21746.12,None,N/A,
133.2917,asiya,SliderControl,Slider Control,716,362,98.39,-20646.83,None,N/A,
133.3015,asiya,SliderControl,Slider Control,719,362,304.87,20983.38,None,N/A,
133.3110,asiya,SliderControl,Slider Control,721,362,211.83,-9854.47,None,N/A,
133.3216,asiya,SliderControl,Slider Control,725,361,387.37,16492.94,None,N/A,
133.3316,asiya,SliderControl,Slider Control,726,361,100.32,-28797.86,None,N/A,
133.3411,asiya,SliderControl,Slider Control,729,361,316.96,22888.05,None,N/A,
133.3519,asiya,SliderControl,Slider Control,730,361,92.27,-20731.65,None,N/A,
133.3616,asiya,SliderControl,Slider Control,733,361,309.06,22333.27,None,N/A,
133.3716,asiya,SliderControl,Slider Control,734,361,99.93,-20898.09,None,N/A,
133.3816,asiya,SliderControl,Slider Control,736,361,200.33,10057.15,None,N/A,
133.3914,asiya,SliderControl,Slider Control,738,361,203.63,335.70,None,N/A,
133.4018,asiya,SliderControl,Slider Control,740,361,193.07,-1019.76,None,N/A,
133.4110,asiya,SliderControl,Slider Control,742,361,215.88,2462.16,None,N/A,
133.4216,asiya,SliderControl,Slider Control,743,361,94.54,-11471.25,None,N/A,
133.4314,asiya,SliderControl,Slider Control,745,361,203.53,11091.40,None,N/A,
133.4413,asiya,SliderControl,Slider Control,746,361,101.98,-10355.86,None,N/A,
133.4510,asiya,SliderControl,Slider Control,748,361,206.26,10753.48,None,N/A,
133.4619,asiya,SliderControl,Slider Control,749,362,129.20,-7039.57,None,N/A,
133.4712,asiya,SliderControl,Slider Control,750,362,107.64,-2320.64,None,N/A,
133.4815,asiya,SliderControl,Slider Control,751,362,96.51,-1074.85,None,N/A,
133.4911,asiya,SliderControl,Slider Control,751,362,0.00,-10118.28,None,N/A,
133.5019,asiya,SliderControl,Slider Control,751,362,0.00,0.00,None,N/A,
133.5119,asiya,SliderControl,Slider Control,749,363,224.30,22499.98,None,N/A,
133.5217,asiya,SliderControl,Slider Control,746,363,306.18,8355.92,None,N/A,
133.5310,asiya,SliderControl,Slider Control,742,363,431.79,13559.78,None,N/A,
133.5411,asiya,SliderControl,Slider Control,728,363,1383.18,93996.39,None,N/A,
133.5511,asiya,SliderControl,Slider Control,723,362,511.43,-87436.27,None,N/A,
133.5613,asiya,SliderControl,Slider Control,714,362,877.80,35733.05,None,N/A,
133.5716,asiya,SliderControl,Slider Control,710,362,387.04,-47485.66,None,N/A,
133.5812,asiya,SliderControl,Slider Control,704,362,626.83,25050.27,None,N/A,
133.5911,asiya,SliderControl,Slider Control,702,362,201.90,-42895.95,None,N/A,
133.6012,asiya,SliderControl,Slider Control,700,362,197.71,-413.50,None,N/A,
133.6119,asiya,SliderControl,Slider Control,695,362,469.51,25521.92,None,N/A,
133.6217,asiya,SliderControl,Slider Control,693,361,227.65,-24623.14,None,N/A,
133.6314,asiya,SliderControl,Slider Control,688,361,517.34,29974.02,None,N/A,
133.6412,asiya,SliderControl,Slider Control,686,360,226.90,-29472.07,None,N/A,
133.6519,asiya,SliderControl,Slider Control,683,360,281.19,5089.01,None,N/A,
133.6619,asiya,SliderControl,Slider Control,682,359,141.21,-13977.58,None,N/A,
133.6714,asiya,SliderControl,Slider Control,680,359,211.67,7457.65,None,N/A,
133.6816,asiya,SliderControl,Slider Control,679,359,97.70,-11135.16,None,N/A,
133.6913,asiya,SliderControl,Slider Control,677,359,206.90,11296.28,None,N/A,
133.7017,asiya,SliderControl,Slider Control,677,359,0.00,-19789.87,None,N/A,
133.7116,asiya,SliderControl,Slider Control,676,359,100.78,10156.81,None,N/A,
133.7214,asiya,SliderControl,Slider Control,676,359,0.00,-10356.89,None,N/A,
133.7312,asiya,SliderControl,Slider Control,676,359,0.00,0.00,None,N/A,
133.7419,asiya,SliderControl,Slider Control,675,359,93.09,8665.15,None,N/A,
133.7518,asiya,SliderControl,Slider Control,675,359,0.00,-9434.42,None,N/A,
133.7614,asiya,SliderControl,Slider Control,675,359,0.00,0.00,None,N/A,
133.7714,asiya,SliderControl,Slider Control,675,359,0.00,0.00,None,N/A,
133.7818,asiya,SliderControl,Slider Control,675,359,0.00,0.00,None,N/A,
133.7913,asiya,SliderControl,Slider Control,675,359,0.00,0.00,None,N/A,
133.8017,asiya,SliderControl,Slider Control,675,359,0.00,0.00,None,N/A,
133.8113,asiya,SliderControl,Slider Control,675,359,0.00,0.00,None,N/A,
133.8210,asiya,SliderControl,Slider Control,675,359,0.00,0.00,None,N/A,
133.8315,asiya,SliderControl,Slider Control,675,360,95.48,9116.27,None,N/A,
133.8410,asiya,SliderControl,Slider Control,675,360,0.00,-10026.76,None,N/A,
133.8517,asiya,SliderControl,Slider Control,675,360,0.00,0.00,None,N/A,
133.8618,asiya,SliderControl,Slider Control,675,361,98.81,9763.50,None,N/A,
133.8712,asiya,SliderControl,Slider Control,675,361,0.00,-10594.09,None,N/A,
133.8812,asiya,SliderControl,Slider Control,675,361,0.00,0.00,None,N/A,
133.8910,asiya,SliderControl,Slider Control,676,362,144.39,14741.16,None,N/A,
133.9010,asiya,SliderControl,Slider Control,677,362,99.84,-4447.25,None,N/A,
133.9111,asiya,SliderControl,Slider Control,678,363,140.17,3997.65,None,N/A,
133.9210,asiya,SliderControl,Slider Control,679,364,142.88,272.89,None,N/A,
133.9310,asiya,SliderControl,Slider Control,680,365,140.76,-210.58,None,N/A,
133.9411,asiya,SliderControl,Slider Control,680,366,98.74,-4149.19,None,N/A,
133.9511,asiya,SliderControl,Slider Control,681,366,99.94,119.91,None,N/A,
133.9618,asiya,SliderControl,Slider Control,681,367,94.18,-542.12,None,N/A,
133.9715,asiya,SliderControl,Slider Control,682,367,102.60,863.17,None,N/A,
133.9814,asiya,SliderControl,Slider Control,682,368,101.17,-143.97,None,N/A,
133.9914,asiya,SliderControl,Slider Control,683,368,100.32,-85.45,None,N/A,
134.0017,asiya,SliderControl,Slider Control,683,368,0.00,-9737.01,None,N/A,
134.0110,asiya,SliderControl,Slider Control,683,368,0.00,0.00,None,N/A,
134.0210,asiya,SliderControl,Slider Control,684,369,141.08,14073.63,None,N/A,
134.0317,asiya,SliderControl,Slider Control,685,369,93.28,-4458.48,None,N/A,
134.0411,asiya,SliderControl,Slider Control,686,370,151.47,6232.39,None,N/A,
134.0519,asiya,SliderControl,Slider Control,687,370,92.27,-5462.44,None,N/A,
134.0616,asiya,SliderControl,Slider Control,688,371,146.36,5597.88,None,N/A,
134.0713,asiya,SliderControl,Slider Control,689,371,102.24,-4511.09,None,N/A,
134.0811,asiya,SliderControl,Slider Control,689,371,0.00,-10514.84,None,N/A,
134.0910,asiya,SliderControl,Slider Control,691,372,225.04,22649.24,None,N/A,
134.1019,asiya,SliderControl,Slider Control,691,372,0.00,-20673.42,None,N/A,
134.1118,asiya,SliderControl,Slider Control,692,372,101.22,10246.23,None,N/A,
134.1212,asiya,SliderControl,Slider Control,692,372,0.00,-10693.74,None,N/A,
134.1309,asiya,SliderControl,Slider Control,692,372,0.00,0.00,None,N/A,
134.1412,asiya,SliderControl,Slider Control,693,372,97.28,9462.43,None,N/A,
134.1515,asiya,SliderControl,Slider Control,693,372,0.00,-9462.43,None,N/A,
134.1619,asiya,SliderControl,Slider Control,693,372,0.00,0.00,None,N/A,
134.1713,asiya,SliderControl,Slider Control,693,372,0.00,0.00,None,N/A,
134.1813,asiya,SliderControl,Slider Control,693,373,99.59,9917.56,None,N/A,
134.1917,asiya,SliderControl,Slider Control,693,373,0.00,-9548.26,None,N/A,
134.2013,asiya,SliderControl,Slider Control,693,373,0.00,0.00,None,N/A,
134.2117,asiya,SliderControl,Slider Control,693,373,0.00,0.00,None,N/A,
134.2214,asiya,SliderControl,Slider Control,693,373,0.00,0.00,None,N/A,
134.2322,asiya,SliderControl,Slider Control,693,373,0.00,0.00,None,N/A,
134.2419,asiya,SliderControl,Slider Control,693,373,0.00,0.00,None,N/A,
134.2518,asiya,SliderControl,Slider Control,693,373,0.00,0.00,None,N/A,
134.2614,asiya,SliderControl,Slider Control,693,373,0.00,0.00,None,N/A,
134.2717,asiya,SliderControl,Slider Control,693,373,0.00,0.00,None,N/A,
134.2811,asiya,SliderControl,Slider Control,693,373,0.00,0.00,None,N/A,
134.2915,asiya,SliderControl,Slider Control,693,373,0.00,0.00,None,N/A,
134.3018,asiya,SliderControl,Slider Control,693,373,0.00,0.00,None,N/A,
134.3113,asiya,SliderControl,Slider Control,693,373,0.00,0.00,None,N/A,
134.3218,asiya,SliderControl,Slider Control,693,373,0.00,0.00,None,N/A,
134.3311,asiya,SliderControl,Slider Control,693,373,0.00,0.00,None,N/A,
134.3419,asiya,SliderControl,Slider Control,693,373,0.00,0.00,None,N/A,
134.3517,asiya,SliderControl,Slider Control,692,373,101.96,10396.23,None,N/A,
134.3614,asiya,SliderControl,Slider Control,692,373,0.00,-10569.14,None,N/A,
134.3717,asiya,SliderControl,Slider Control,691,372,136.81,13234.77,None,N/A,
134.3811,asiya,SliderControl,Slider Control,690,372,105.87,-3275.45,None,N/A,
134.3909,asiya,SliderControl,Slider Control,689,372,102.64,-332.11,None,N/A,
134.4017,asiya,SliderControl,Slider Control,689,372,0.00,-9463.07,None,N/A,
134.4111,asiya,SliderControl,Slider Control,688,372,106.45,11330.82,None,N/A,
134.4210,asiya,SliderControl,Slider Control,688,372,0.00,-10807.23,None,N/A,
134.4310,asiya,SliderControl,Slider Control,688,372,0.00,0.00,None,N/A,
134.4416,asiya,SliderControl,Slider Control,687,372,94.29,8890.61,None,N/A,
134.4516,asiya,SliderControl,Slider Control,687,372,0.00,-9421.60,None,N/A,
134.4611,asiya,SliderControl,Slider Control,687,372,0.00,0.00,None,N/A,
134.4709,asiya,SliderControl,Slider Control,687,372,0.00,0.00,None,N/A,
134.4813,asiya,SliderControl,Slider Control,687,372,0.00,0.00,None,N/A,
134.4920,asiya,SliderControl,Slider Control,687,372,0.00,0.00,None,N/A,
134.5016,asiya,SliderControl,Slider Control,687,372,0.00,0.00,None,N/A,
134.5112,asiya,SliderControl,Slider Control,687,372,0.00,0.00,None,N/A,
134.5214,asiya,SliderControl,Slider Control,687,372,0.00,0.00,None,N/A,
134.5318,asiya,SliderControl,Slider Control,687,372,0.00,0.00,None,N/A,
134.5412,asiya,SliderControl,Slider Control,687,372,0.00,0.00,None,N/A,
134.5515,asiya,SliderControl,Slider Control,687,372,0.00,0.00,None,N/A,
134.5610,asiya,SliderControl,Slider Control,687,372,0.00,0.00,None,N/A,
134.5717,asiya,SliderControl,Slider Control,687,372,0.00,0.00,None,N/A,
134.5812,asiya,SliderControl,Slider Control,687,372,0.00,0.00,None,N/A,
134.5917,asiya,SliderControl,Slider Control,687,372,0.00,0.00,None,N/A,
134.6013,asiya,SliderControl,Slider Control,687,372,0.00,0.00,None,N/A,
134.6118,asiya,SliderControl,Slider Control,687,372,0.00,0.00,None,N/A,
134.6221,asiya,SliderControl,Slider Control,687,372,0.00,0.00,None,N/A,
134.6317,asiya,SliderControl,Slider Control,687,372,0.00,0.00,None,N/A,
134.6411,asiya,SliderControl,Slider Control,687,372,0.00,0.00,None,N/A,
134.6517,asiya,SliderControl,Slider Control,687,372,0.00,0.00,None,N/A,
134.6612,asiya,SliderControl,Slider Control,687,372,0.00,0.00,None,N/A,
134.6717,asiya,SliderControl,Slider Control,687,372,0.00,0.00,None,N/A,
134.6812,asiya,SliderControl,Slider Control,687,372,0.00,0.00,None,N/A,
134.6917,asiya,SliderControl,Slider Control,687,372,0.00,0.00,None,N/A,
134.7014,asiya,SliderControl,Slider Control,687,372,0.00,0.00,None,N/A,
134.7119,asiya,SliderControl,Slider Control,687,372,0.00,0.00,None,N/A,
134.7214,asiya,SliderControl,Slider Control,687,372,0.00,0.00,None,N/A,
134.7318,asiya,SliderControl,Slider Control,687,372,0.00,0.00,None,N/A,
134.7410,asiya,SliderControl,Slider Control,687,372,0.00,0.00,Left,N/A,
134.7515,asiya,SliderControl,Slider Control,687,372,0.00,0.00,Left,N/A,
134.7612,asiya,SliderControl,Slider Control,687,372,0.00,0.00,Left,N/A,
134.7713,asiya,SliderControl,Slider Control,687,372,0.00,0.00,Left,N/A,
134.7817,asiya,SliderControl,Slider Control,687,372,0.00,0.00,Left,N/A,
134.7912,asiya,SliderControl,Slider Control,687,372,0.00,0.00,Left,N/A,
134.8016,asiya,SliderControl,Slider Control,687,372,0.00,0.00,Left,N/A,
134.8111,asiya,SliderControl,Slider Control,687,372,0.00,0.00,Left,N/A,
134.8217,asiya,SliderControl,Slider Control,687,372,0.00,0.00,Left,N/A,
134.8312,asiya,SliderControl,Slider Control,687,372,0.00,0.00,Left,N/A,
134.8416,asiya,SliderControl,Slider Control,687,372,0.00,0.00,Left,N/A,
134.8513,asiya,SliderControl,Slider Control,687,372,0.00,0.00,Left,N/A,
134.8617,asiya,SliderControl,Slider Control,692,372,483.01,46660.59,Left,N/A,
134.8709,asiya,SliderControl,Slider Control,740,367,5236.88,515863.61,Left,N/A,
134.8815,asiya,SliderControl,Slider Control,771,365,2935.14,-217481.14,Left,N/A,
134.8913,asiya,SliderControl,Slider Control,810,363,3964.20,104462.82,Left,N/A,
134.9018,asiya,SliderControl,Slider Control,826,362,1529.81,-232306.42,Left,N/A,
134.9117,asiya,SliderControl,Slider Control,842,361,1619.49,9059.93,Left,N/A,
134.9215,asiya,SliderControl,Slider Control,873,360,3176.98,159533.41,Left,N/A,
134.9315,asiya,SliderControl,Slider Control,887,361,1401.60,-177289.31,Left,N/A,
134.9410,asiya,SliderControl,Slider Control,912,362,2630.38,129182.66,Left,N/A,
134.9519,asiya,SliderControl,Slider Control,920,363,742.35,-173844.16,Left,N/A,
134.9611,asiya,SliderControl,Slider Control,929,364,980.81,25828.61,Left,N/A,
134.9711,asiya,SliderControl,Slider Control,932,365,315.90,-66422.11,Left,N/A,
134.9809,asiya,SliderControl,Slider Control,936,365,406.91,9258.29,Left,N/A,
134.9918,asiya,SliderControl,Slider Control,938,365,184.37,-20514.71,Left,N/A,
135.0013,asiya,SliderControl,Slider Control,941,366,332.15,15522.29,Left,N/A,
135.0117,asiya,SliderControl,Slider Control,944,366,287.52,-4277.35,Left,N/A,
135.0212,asiya,SliderControl,Slider Control,946,367,237.38,-5323.05,Left,N/A,
135.0313,asiya,SliderControl,Slider Control,952,367,590.35,34728.29,Left,N/A,
135.0418,asiya,SliderControl,Slider Control,955,368,302.89,-27533.10,Left,N/A,
135.0514,asiya,SliderControl,Slider Control,962,368,725.44,43791.15,Left,N/A,
135.0615,asiya,SliderControl,Slider Control,965,369,313.56,-40840.80,Left,N/A,
135.0710,asiya,SliderControl,Slider Control,969,369,421.78,11411.59,Left,N/A,
135.0813,asiya,SliderControl,Slider Control,970,369,96.65,-31423.91,Left,N/A,
135.0917,asiya,SliderControl,Slider Control,973,369,289.75,18650.05,Left,N/A,
135.1010,asiya,SliderControl,Slider Control,974,369,107.71,-19607.11,Left,N/A,
135.1111,asiya,SliderControl,Slider Control,976,369,197.40,8852.41,Left,N/A,
135.1219,asiya,SliderControl,Slider Control,977,369,93.03,-9709.35,Left,N/A,
135.1316,asiya,SliderControl,Slider Control,978,369,102.56,976.83,Left,N/A,
135.1414,asiya,SliderControl,Slider Control,979,369,101.91,-66.03,Left,N/A,
135.1513,asiya,SliderControl,Slider Control,979,369,0.00,-10324.66,Left,N/A,
135.1615,asiya,SliderControl,Slider Control,981,369,196.44,19294.48,Left,N/A,
135.1713,asiya,SliderControl,Slider Control,982,369,101.40,-9637.13,Left,N/A,
135.1819,asiya,SliderControl,Slider Control,989,369,664.30,53419.46,Left,N/A,
135.1910,asiya,SliderControl,Slider Control,992,369,327.19,-36766.50,Left,N/A,
135.2012,asiya,SliderControl,Slider Control,1001,369,885.06,54860.67,Left,N/A,
135.2112,asiya,SliderControl,Slider Control,1005,369,399.52,-48495.92,Left,N/A,
135.2210,asiya,SliderControl,Slider Control,1012,369,719.14,32834.78,Left,N/A,
135.2312,asiya,SliderControl,Slider Control,1014,369,195.24,-51142.36,Left,N/A,
135.2414,asiya,SliderControl,Slider Control,1019,369,489.52,28811.33,Left,N/A,
135.2515,asiya,SliderControl,Slider Control,1022,369,296.30,-19083.73,Left,N/A,
135.2618,asiya,SliderControl,Slider Control,1028,370,594.79,29187.46,Left,N/A,
135.2715,asiya,SliderControl,Slider Control,1032,370,411.48,-18857.26,Left,N/A,
135.2820,asiya,SliderControl,Slider Control,1036,370,381.93,-2821.02,Left,N/A,
135.2915,asiya,SliderControl,Slider Control,1046,370,1043.98,69116.70,Left,N/A,
135.3017,asiya,SliderControl,Slider Control,1051,370,490.61,-54297.99,Left,N/A,
135.3113,asiya,SliderControl,Slider Control,1060,371,947.77,47848.68,Left,N/A,
135.3211,asiya,SliderControl,Slider Control,1064,371,408.70,-55079.80,Left,N/A,
135.3317,asiya,SliderControl,Slider Control,1069,372,479.44,6651.16,Left,N/A,
135.3411,asiya,SliderControl,Slider Control,1071,372,213.47,-28388.32,Left,N/A,
135.3510,asiya,SliderControl,Slider Control,1075,373,414.81,20256.28,Left,N/A,
135.3613,asiya,SliderControl,Slider Control,1076,373,97.32,-30897.47,Left,N/A,
135.3716,asiya,SliderControl,Slider Control,1077,374,137.33,3885.52,Left,N/A,
135.3811,asiya,SliderControl,Slider Control,1079,374,210.28,7670.51,Left,N/A,
135.3916,asiya,SliderControl,Slider Control,1080,375,134.05,-7225.89,Left,N/A,
135.4014,asiya,SliderControl,Slider Control,1082,375,205.45,7334.70,Left,N/A,
135.4111,asiya,SliderControl,Slider Control,1082,375,0.00,-21114.07,Left,N/A,
135.4217,asiya,SliderControl,Slider Control,1084,375,189.37,17930.86,Left,N/A,
135.4310,asiya,SliderControl,Slider Control,1085,375,107.35,-8805.03,Left,N/A,
135.4417,asiya,SliderControl,Slider Control,1087,375,186.80,7420.50,Left,N/A,
135.4514,asiya,SliderControl,Slider Control,1088,375,103.07,-8630.02,Left,N/A,
135.4609,asiya,SliderControl,Slider Control,1089,375,105.04,207.15,Left,N/A,
135.4719,asiya,SliderControl,Slider Control,1090,375,91.00,-1277.58,Left,N/A,
135.4815,asiya,SliderControl,Slider Control,1093,375,312.68,23104.90,Left,N/A,
135.4918,asiya,SliderControl,Slider Control,1095,375,193.43,-11533.26,Left,N/A,
135.5014,asiya,SliderControl,Slider Control,1097,375,208.57,1578.35,Left,N/A,
135.5112,asiya,SliderControl,Slider Control,1102,374,520.41,31827.11,Left,N/A,
135.5213,asiya,SliderControl,Slider Control,1105,374,298.39,-22082.95,Left,N/A,
135.5316,asiya,SliderControl,Slider Control,1109,374,385.89,8440.77,Left,N/A,
135.5415,asiya,SliderControl,Slider Control,1110,374,101.97,-28950.46,Left,N/A,
135.5513,asiya,SliderControl,Slider Control,1113,374,304.67,20586.03,Left,N/A,
135.5612,asiya,SliderControl,Slider Control,1114,374,100.63,-20533.01,Left,N/A,
135.5717,asiya,SliderControl,Slider Control,1116,374,191.59,8713.28,Left,N/A,
135.5812,asiya,SliderControl,Slider Control,1117,374,105.08,-9090.48,Left,N/A,
135.5912,asiya,SliderControl,Slider Control,1120,374,299.65,19433.98,Left,N/A,
135.6013,asiya,SliderControl,Slider Control,1122,374,198.60,-10034.35,Left,N/A,
135.6112,asiya,SliderControl,Slider Control,1125,374,303.66,10633.81,Left,N/A,
135.6217,asiya,SliderControl,Slider Control,1128,374,283.43,-1910.85,Left,N/A,
135.6317,asiya,SliderControl,Slider Control,1130,374,200.87,-8292.17,Left,N/A,
135.6415,asiya,SliderControl,Slider Control,1132,374,203.54,271.81,Left,N/A,
135.6513,asiya,SliderControl,Slider Control,1133,374,102.10,-10356.80,Left,N/A,
135.6611,asiya,SliderControl,Slider Control,1134,374,102.75,67.59,Left,N/A,
135.6711,asiya,SliderControl,Slider Control,1134,374,0.00,-10195.17,Left,N/A,
135.6734,asiya,SliderControl,Slider Control,1134,374,0.00,0.00,None,N/A,slider_released_correct
135.6813,asiya,SliderControl,Slider Control,1134,374,0.00,0.00,None,N/A,
135.6919,asiya,SliderControl,Slider Control,1134,374,0.00,0.00,None,N/A,
135.7013,asiya,SliderControl,Slider Control,1134,374,0.00,0.00,None,N/A,
135.7119,asiya,SliderControl,Slider Control,1134,374,0.00,0.00,None,N/A,
135.7213,asiya,SliderControl,Slider Control,1134,374,0.00,0.00,None,N/A,
135.7316,asiya,SliderControl,Slider Control,1134,374,0.00,0.00,None,N/A,
135.7411,asiya,SliderControl,Slider Control,1134,374,0.00,0.00,None,N/A,
135.7515,asiya,SliderControl,Slider Control,1134,374,0.00,0.00,None,N/A,
135.7611,asiya,SliderControl,Slider Control,1134,374,0.00,0.00,None,N/A,
135.7717,asiya,SliderControl,Slider Control,1134,374,0.00,0.00,None,N/A,
135.7813,asiya,SliderControl,Slider Control,1134,374,0.00,0.00,None,N/A,
135.7917,asiya,SliderControl,Slider Control,1134,374,0.00,0.00,None,N/A,
135.8013,asiya,SliderControl,Slider Control,1134,374,0.00,0.00,None,N/A,
135.8118,asiya,SliderControl,Slider Control,1134,374,0.00,0.00,None,N/A,
135.8212,asiya,SliderControl,Slider Control,1134,374,0.00,0.00,None,N/A,
135.8316,asiya,SliderControl,Slider Control,1134,374,0.00,0.00,None,N/A,
135.8411,asiya,SliderControl,Slider Control,1134,374,0.00,0.00,None,N/A,
135.8518,asiya,SliderControl,Slider Control,1134,374,0.00,0.00,None,N/A,
135.8612,asiya,SliderControl,Slider Control,1134,374,0.00,0.00,None,N/A,
135.8716,asiya,SliderControl,Slider Control,1134,374,0.00,0.00,None,N/A,
135.8811,asiya,SliderControl,Slider Control,1134,374,0.00,0.00,None,N/A,
135.8915,asiya,SliderControl,Slider Control,1134,374,0.00,0.00,None,N/A,
135.9010,asiya,SliderControl,Slider Control,1134,374,0.00,0.00,None,N/A,
135.9115,asiya,SliderControl,Slider Control,1134,374,0.00,0.00,None,N/A,
135.9219,asiya,SliderControl,Slider Control,1134,374,0.00,0.00,None,N/A,
135.9313,asiya,SliderControl,Slider Control,1134,374,0.00,0.00,None,N/A,
135.9419,asiya,SliderControl,Slider Control,1134,374,0.00,0.00,None,N/A,
135.9514,asiya,SliderControl,Slider Control,1134,374,0.00,0.00,None,N/A,
135.9610,asiya,SliderControl,Slider Control,1134,374,0.00,0.00,None,N/A,
135.9719,asiya,SliderControl,Slider Control,1134,374,0.00,0.00,None,N/A,
135.9816,asiya,SliderControl,Slider Control,1134,374,0.00,0.00,None,N/A,
135.9910,asiya,SliderControl,Slider Control,1134,374,0.00,0.00,None,N/A,
136.0017,asiya,SliderControl,Slider Control,1134,374,0.00,0.00,None,N/A,
136.0112,asiya,SliderControl,Slider Control,1134,374,0.00,0.00,None,N/A,
136.0218,asiya,SliderControl,Slider Control,1134,374,0.00,0.00,None,N/A,
136.0313,asiya,SliderControl,Slider Control,1134,374,0.00,0.00,None,N/A,
136.0417,asiya,SliderControl,Slider Control,1134,374,0.00,0.00,None,N/A,
136.0512,asiya,SliderControl,Slider Control,1134,374,0.00,0.00,None,N/A,
136.0618,asiya,SliderControl,Slider Control,1134,374,0.00,0.00,None,N/A,
136.0712,asiya,SliderControl,Slider Control,1134,374,0.00,0.00,None,N/A,
136.0816,asiya,SliderControl,Slider Control,1134,374,0.00,0.00,None,N/A,
136.0911,asiya,SliderControl,Slider Control,1134,374,0.00,0.00,None,N/A,
136.1017,asiya,SliderControl,Slider Control,1134,374,0.00,0.00,None,N/A,
136.1113,asiya,SliderControl,Slider Control,1134,374,0.00,0.00,None,N/A,
136.1218,asiya,SliderControl,Slider Control,1134,374,0.00,0.00,None,N/A,
136.1311,asiya,SliderControl,Slider Control,1134,374,0.00,0.00,None,N/A,
136.1416,asiya,SliderControl,Slider Control,1125,374,854.49,81127.83,None,N/A,
136.1511,asiya,SliderControl,Slider Control,1117,374,845.24,-976.90,None,N/A,
136.1610,asiya,SliderControl,Slider Control,1101,375,1621.64,78537.06,None,N/A,
136.1717,asiya,SliderControl,Slider Control,1095,376,566.74,-98286.92,None,N/A,
136.1812,asiya,SliderControl,Slider Control,1088,377,742.18,18414.00,None,N/A,
136.1914,asiya,SliderControl,Slider Control,1085,377,294.21,-43932.12,None,N/A,
136.2012,asiya,SliderControl,Slider Control,1082,377,307.20,1330.55,None,N/A,
136.2110,asiya,SliderControl,Slider Control,1076,377,613.94,31385.95,None,N/A,
136.2219,asiya,SliderControl,Slider Control,1071,377,458.99,-14223.93,None,N/A,
136.2319,asiya,SliderControl,Slider Control,1059,376,1202.21,74202.34,None,N/A,
136.2413,asiya,SliderControl,Slider Control,1053,376,639.23,-59979.12,None,N/A,
136.2510,asiya,SliderControl,Slider Control,1037,376,1651.34,104458.90,None,N/A,
136.2615,asiya,SliderControl,Slider Control,1028,376,850.41,-75680.02,None,N/A,
136.2717,asiya,SliderControl,Slider Control,1013,376,1473.93,61268.11,None,N/A,
136.2816,asiya,SliderControl,Slider Control,1007,376,608.50,-87768.78,None,N/A,
136.2911,asiya,SliderControl,Slider Control,997,377,1052.23,46458.29,None,N/A,
136.3013,asiya,SliderControl,Slider Control,993,377,394.77,-64885.95,None,N/A,
136.3117,asiya,SliderControl,Slider Control,986,377,668.17,26097.28,None,N/A,
136.3217,asiya,SliderControl,Slider Control,983,377,300.83,-36835.84,None,N/A,
136.3320,asiya,SliderControl,Slider Control,980,377,290.87,-966.18,None,N/A,
136.3413,asiya,SliderControl,Slider Control,976,377,431.63,15190.07,None,N/A,
136.3513,asiya,SliderControl,Slider Control,974,377,200.48,-23171.01,None,N/A,
136.3619,asiya,SliderControl,Slider Control,972,377,188.05,-1169.23,None,N/A,
136.3716,asiya,SliderControl,Slider Control,971,377,102.61,-8766.68,None,N/A,
136.3814,asiya,SliderControl,Slider Control,969,377,205.33,10544.88,None,N/A,
136.3919,asiya,SliderControl,Slider Control,968,377,95.53,-10488.86,None,N/A,
136.4009,asiya,SliderControl,Slider Control,965,377,330.57,25899.38,None,N/A,
136.4115,asiya,SliderControl,Slider Control,964,377,94.68,-22333.94,None,N/A,
136.4213,asiya,SliderControl,Slider Control,959,377,511.34,42610.94,None,N/A,
136.4314,asiya,SliderControl,Slider Control,957,376,219.86,-28659.40,None,N/A,
136.4412,asiya,SliderControl,Slider Control,954,376,307.41,8971.36,None,N/A,
136.4510,asiya,SliderControl,Slider Control,948,375,618.20,31585.44,None,N/A,
136.4619,asiya,SliderControl,Slider Control,946,375,184.45,-40001.75,None,N/A,
136.4710,asiya,SliderControl,Slider Control,940,375,660.31,52370.06,None,N/A,
136.4816,asiya,SliderControl,Slider Control,937,375,281.89,-35557.76,None,N/A,
136.4911,asiya,SliderControl,Slider Control,931,375,631.70,36830.04,None,N/A,
136.5011,asiya,SliderControl,Slider Control,928,375,301.39,-33184.49,None,N/A,
136.5110,asiya,SliderControl,Slider Control,921,376,709.75,40987.78,None,N/A,
136.5217,asiya,SliderControl,Slider Control,917,376,374.30,-31389.48,None,N/A,
136.5312,asiya,SliderControl,Slider Control,910,377,743.65,38843.71,None,N/A,
136.5413,asiya,SliderControl,Slider Control,906,377,398.55,-34384.84,None,N/A,
136.5513,asiya,SliderControl,Slider Control,903,377,299.78,-9869.50,None,N/A,
136.5617,asiya,SliderControl,Slider Control,896,376,674.17,35695.64,None,N/A,
136.5716,asiya,SliderControl,Slider Control,894,376,202.28,-47727.42,None,N/A,
136.5814,asiya,SliderControl,Slider Control,889,375,523.85,33037.05,None,N/A,
136.5910,asiya,SliderControl,Slider Control,887,375,207.08,-32798.72,None,N/A,
136.6012,asiya,SliderControl,Slider Control,884,374,310.69,10180.16,None,N/A,
136.6117,asiya,SliderControl,Slider Control,882,374,190.66,-11442.94,None,N/A,
136.6213,asiya,SliderControl,Slider Control,880,373,232.89,4397.84,None,N/A,
136.6318,asiya,SliderControl,Slider Control,879,373,94.84,-13092.39,None,N/A,
136.6410,asiya,SliderControl,Slider Control,877,372,245.32,16508.37,None,N/A,
136.6519,asiya,SliderControl,Slider Control,876,372,91.37,-14065.92,None,N/A,
136.6613,asiya,SliderControl,Slider Control,875,372,106.12,1565.18,None,N/A,
136.6715,asiya,SliderControl,Slider Control,874,371,138.93,3224.15,None,N/A,
136.6812,asiya,SliderControl,Slider Control,874,371,0.00,-14321.93,None,N/A,
136.6911,asiya,SliderControl,Slider Control,873,371,101.38,10277.46,None,N/A,
136.7017,asiya,SliderControl,Slider Control,873,371,0.00,-9508.05,None,N/A,
136.7117,asiya,SliderControl,Slider Control,873,371,0.00,0.00,None,N/A,
136.7215,asiya,SliderControl,Slider Control,872,371,102.57,10519.63,None,N/A,
136.7311,asiya,SliderControl,Slider Control,872,371,0.00,-10710.30,None,N/A,
136.7411,asiya,SliderControl,Slider Control,871,371,100.16,10031.56,None,N/A,
136.7514,asiya,SliderControl,Slider Control,871,371,0.00,-9646.42,None,N/A,
136.7617,asiya,SliderControl,Slider Control,871,370,97.15,9437.90,None,N/A,
136.7711,asiya,SliderControl,Slider Control,870,370,106.33,975.95,None,N/A,
136.7815,asiya,SliderControl,Slider Control,869,369,136.43,2903.46,None,N/A,
136.7918,asiya,SliderControl,Slider Control,868,369,97.23,-3811.11,None,N/A,
136.8018,asiya,SliderControl,Slider Control,867,368,140.70,4324.66,None,N/A,
136.8120,asiya,SliderControl,Slider Control,866,368,98.52,-4155.38,None,N/A,
136.8213,asiya,SliderControl,Slider Control,864,367,240.34,15243.33,None,N/A,
136.8315,asiya,SliderControl,Slider Control,863,367,98.14,-13955.51,None,N/A,
136.8418,asiya,SliderControl,Slider Control,861,367,193.22,9185.34,None,N/A,
136.8519,asiya,SliderControl,Slider Control,860,366,140.19,-5256.85,None,N/A,
136.8619,asiya,SliderControl,Slider Control,858,366,199.89,5966.36,None,N/A,
136.8714,asiya,SliderControl,Slider Control,857,365,149.28,-5342.05,None,N/A,
136.8810,asiya,SliderControl,Slider Control,855,365,208.98,6238.95,None,N/A,
136.8919,asiya,SliderControl,Slider Control,855,365,0.00,-19102.17,None,N/A,
136.9010,asiya,SliderControl,Slider Control,854,365,109.71,12036.17,None,N/A,
136.9115,asiya,SliderControl,Slider Control,854,365,0.00,-10494.08,None,N/A,
136.9215,asiya,SliderControl,Slider Control,853,365,99.55,9910.50,None,N/A,
136.9311,asiya,SliderControl,Slider Control,853,365,0.00,-10399.73,None,N/A,
136.9415,asiya,SliderControl,Slider Control,853,365,0.00,0.00,None,N/A,
136.9513,asiya,SliderControl,Slider Control,853,365,0.00,0.00,None,N/A,
136.9619,asiya,SliderControl,Slider Control,853,365,0.00,0.00,None,N/A,
136.9714,asiya,SliderControl,Slider Control,853,365,0.00,0.00,None,N/A,
136.9813,asiya,SliderControl,Slider Control,853,365,0.00,0.00,None,N/A,
136.9917,asiya,SliderControl,Slider Control,853,365,0.00,0.00,None,N/A,
137.0011,asiya,SliderControl,Slider Control,853,365,0.00,0.00,None,N/A,
137.0116,asiya,SliderControl,Slider Control,853,365,0.00,0.00,None,N/A,
137.0210,asiya,SliderControl,Slider Control,853,365,0.00,0.00,None,N/A,
137.0314,asiya,SliderControl,Slider Control,853,365,0.00,0.00,None,N/A,
137.0419,asiya,SliderControl,Slider Control,853,365,0.00,0.00,None,N/A,
137.0515,asiya,SliderControl,Slider Control,853,365,0.00,0.00,None,N/A,
137.0612,asiya,SliderControl,Slider Control,853,365,0.00,0.00,None,N/A,
137.0717,asiya,SliderControl,Slider Control,853,365,0.00,0.00,None,N/A,
137.0811,asiya,SliderControl,Slider Control,853,365,0.00,0.00,None,N/A,
137.0916,asiya,SliderControl,Slider Control,853,365,0.00,0.00,None,N/A,
137.1012,asiya,SliderControl,Slider Control,853,365,0.00,0.00,None,N/A,
137.1117,asiya,SliderControl,Slider Control,853,365,0.00,0.00,None,N/A,
137.1211,asiya,SliderControl,Slider Control,853,365,0.00,0.00,None,N/A,
137.1316,asiya,SliderControl,Slider Control,853,365,0.00,0.00,None,N/A,
137.1411,asiya,SliderControl,Slider Control,853,365,0.00,0.00,None,N/A,
137.1518,asiya,SliderControl,Slider Control,854,365,93.77,8793.09,None,N/A,
137.1616,asiya,SliderControl,Slider Control,855,365,101.65,800.91,None,N/A,
137.1712,asiya,SliderControl,Slider Control,857,366,232.62,13624.76,None,N/A,
137.1810,asiya,SliderControl,Slider Control,858,366,101.90,-13320.16,None,N/A,
137.1918,asiya,SliderControl,Slider Control,859,367,131.68,2773.63,None,N/A,
137.2018,asiya,SliderControl,Slider Control,860,367,99.95,-3171.34,None,N/A,
137.2115,asiya,SliderControl,Slider Control,861,367,103.18,333.14,None,N/A,
137.2216,asiya,SliderControl,Slider Control,861,367,0.00,-10200.64,None,N/A,
137.2312,asiya,SliderControl,Slider Control,861,367,0.00,0.00,None,N/A,
137.2418,asiya,SliderControl,Slider Control,862,368,132.31,12377.68,None,N/A,
137.2516,asiya,SliderControl,Slider Control,862,368,0.00,-13567.60,None,N/A,
137.2619,asiya,SliderControl,Slider Control,863,368,97.30,9468.14,None,N/A,
137.2713,asiya,SliderControl,Slider Control,863,368,0.00,-10282.27,None,N/A,
137.2818,asiya,SliderControl,Slider Control,863,368,0.00,0.00,None,N/A,
137.2913,asiya,SliderControl,Slider Control,863,368,0.00,0.00,None,N/A,
137.3017,asiya,SliderControl,Slider Control,863,368,0.00,0.00,None,N/A,
137.3117,asiya,SliderControl,Slider Control,863,368,0.00,0.00,None,N/A,
137.3214,asiya,SliderControl,Slider Control,863,368,0.00,0.00,None,N/A,
137.3319,asiya,SliderControl,Slider Control,863,368,0.00,0.00,None,N/A,
137.3417,asiya,SliderControl,Slider Control,863,368,0.00,0.00,None,N/A,
137.3512,asiya,SliderControl,Slider Control,863,368,0.00,0.00,None,N/A,
137.3614,asiya,SliderControl,Slider Control,863,368,0.00,0.00,None,N/A,
137.3717,asiya,SliderControl,Slider Control,863,368,0.00,0.00,None,N/A,
137.3810,asiya,SliderControl,Slider Control,863,368,0.00,0.00,None,N/A,
137.3911,asiya,SliderControl,Slider Control,863,369,98.44,9690.31,None,N/A,
137.4019,asiya,SliderControl,Slider Control,863,369,0.00,-9167.27,None,N/A,
137.4115,asiya,SliderControl,Slider Control,864,369,104.02,10820.75,None,N/A,
137.4211,asiya,SliderControl,Slider Control,864,369,0.00,-10843.07,None,N/A,
137.4318,asiya,SliderControl,Slider Control,865,369,93.25,8696.00,None,N/A,
137.4413,asiya,SliderControl,Slider Control,865,369,0.00,-9852.36,None,N/A,
137.4519,asiya,SliderControl,Slider Control,865,369,0.00,0.00,None,N/A,
137.4614,asiya,SliderControl,Slider Control,865,369,0.00,0.00,None,N/A,
137.4724,asiya,SliderControl,Slider Control,865,369,0.00,0.00,None,N/A,
137.4811,asiya,SliderControl,Slider Control,865,369,0.00,0.00,None,N/A,
137.4915,asiya,SliderControl,Slider Control,865,369,0.00,0.00,None,N/A,
137.5011,asiya,SliderControl,Slider Control,865,369,0.00,0.00,None,N/A,
137.5116,asiya,SliderControl,Slider Control,865,369,0.00,0.00,None,N/A,
137.5210,asiya,SliderControl,Slider Control,865,369,0.00,0.00,None,N/A,
137.5314,asiya,SliderControl,Slider Control,865,369,0.00,0.00,None,N/A,
137.5411,asiya,SliderControl,Slider Control,865,369,0.00,0.00,None,N/A,
137.5518,asiya,SliderControl,Slider Control,865,369,0.00,0.00,None,N/A,
137.5615,asiya,SliderControl,Slider Control,865,369,0.00,0.00,None,N/A,
137.5710,asiya,SliderControl,Slider Control,865,369,0.00,0.00,None,N/A,
137.5813,asiya,SliderControl,Slider Control,865,369,0.00,0.00,None,N/A,
137.5918,asiya,SliderControl,Slider Control,865,369,0.00,0.00,None,N/A,
137.6013,asiya,SliderControl,Slider Control,865,369,0.00,0.00,None,N/A,
137.6118,asiya,SliderControl,Slider Control,865,369,0.00,0.00,None,N/A,
137.6215,asiya,SliderControl,Slider Control,865,369,0.00,0.00,Left,N/A,
137.6319,asiya,SliderControl,Slider Control,865,369,0.00,0.00,Left,N/A,
137.6414,asiya,SliderControl,Slider Control,865,369,0.00,0.00,Left,N/A,
137.6511,asiya,SliderControl,Slider Control,865,369,0.00,0.00,Left,N/A,
137.6616,asiya,SliderControl,Slider Control,865,369,0.00,0.00,Left,N/A,
137.6710,asiya,SliderControl,Slider Control,865,369,0.00,0.00,Left,N/A,
137.6814,asiya,SliderControl,Slider Control,865,369,0.00,0.00,Left,N/A,
137.6919,asiya,SliderControl,Slider Control,865,369,0.00,0.00,Left,N/A,
137.7014,asiya,SliderControl,Slider Control,865,369,0.00,0.00,Left,N/A,
137.7110,asiya,SliderControl,Slider Control,865,369,0.00,0.00,Left,N/A,
137.7215,asiya,SliderControl,Slider Control,865,369,0.00,0.00,Left,N/A,
137.7310,asiya,SliderControl,Slider Control,865,369,0.00,0.00,Left,N/A,
137.7420,asiya,SliderControl,Slider Control,881,370,1458.88,132761.75,Left,N/A,
137.7518,asiya,SliderControl,Slider Control,901,371,2027.54,57577.14,Left,N/A,
137.7611,asiya,SliderControl,Slider Control,945,372,4729.98,290436.45,Left,N/A,
137.7717,asiya,SliderControl,Slider Control,959,372,1330.02,-323000.88,Left,N/A,
137.7812,asiya,SliderControl,Slider Control,981,371,2307.17,102370.05,Left,N/A,
137.7923,asiya,SliderControl,Slider Control,991,371,901.73,-126732.95,Left,N/A,
137.8018,asiya,SliderControl,Slider Control,1011,371,2106.58,126905.54,Left,N/A,
137.8119,asiya,SliderControl,Slider Control,1020,371,895.90,-120516.35,Left,N/A,
137.8212,asiya,SliderControl,Slider Control,1036,371,1708.78,86814.38,Left,N/A,
137.8314,asiya,SliderControl,Slider Control,1043,371,686.64,-100263.14,Left,N/A,
137.8410,asiya,SliderControl,Slider Control,1050,371,726.68,4156.60,Left,N/A,
137.8515,asiya,SliderControl,Slider Control,1062,372,1156.88,41331.30,Left,N/A,
137.8618,asiya,SliderControl,Slider Control,1071,372,865.96,-27992.39,Left,N/A,
137.8711,asiya,SliderControl,Slider Control,1076,373,551.36,-34017.25,Left,N/A,
137.8810,asiya,SliderControl,Slider Control,1081,373,504.34,-4743.05,Left,N/A,
137.8910,asiya,SliderControl,Slider Control,1092,374,1103.98,59934.36,Left,N/A,
137.9017,asiya,SliderControl,Slider Control,1096,374,372.86,-68151.78,Left,N/A,
137.9115,asiya,SliderControl,Slider Control,1104,374,815.68,45149.16,Left,N/A,
137.9212,asiya,SliderControl,Slider Control,1107,375,328.56,-50611.07,Left,N/A,
137.9318,asiya,SliderControl,Slider Control,1113,375,563.49,22063.04,Left,N/A,
137.9417,asiya,SliderControl,Slider Control,1116,375,302.52,-26315.69,Left,N/A,
137.9510,asiya,SliderControl,Slider Control,1120,375,430.34,13750.93,Left,N/A,
137.9610,asiya,SliderControl,Slider Control,1122,376,224.03,-20669.96,Left,N/A,
137.9711,asiya,SliderControl,Slider Control,1123,376,99.56,-12392.69,Left,N/A,
137.9810,asiya,SliderControl,Slider Control,1126,376,302.31,20431.69,Left,N/A,
137.9910,asiya,SliderControl,Slider Control,1127,376,100.15,-20246.29,Left,N/A,
138.0015,asiya,SliderControl,Slider Control,1130,376,285.64,17662.18,Left,N/A,
138.0113,asiya,SliderControl,Slider Control,1133,376,305.85,2059.82,Left,N/A,
138.0214,asiya,SliderControl,Slider Control,1139,376,590.58,28026.22,Left,N/A,
138.0311,asiya,SliderControl,Slider Control,1142,376,309.84,-28994.90,Left,N/A,
138.0416,asiya,SliderControl,Slider Control,1149,376,670.80,34589.89,Left,N/A,
138.0517,asiya,SliderControl,Slider Control,1152,377,311.06,-35385.84,Left,N/A,
138.0610,asiya,SliderControl,Slider Control,1157,377,540.14,24747.34,Left,N/A,
138.0710,asiya,SliderControl,Slider Control,1159,377,198.87,-33934.08,Left,N/A,
138.0813,asiya,SliderControl,Slider Control,1163,378,400.94,19649.40,Left,N/A,
138.0916,asiya,SliderControl,Slider Control,1165,378,195.05,-20079.01,Left,N/A,
138.1011,asiya,SliderControl,Slider Control,1167,379,235.71,4285.38,Left,N/A,
138.1114,asiya,SliderControl,Slider Control,1170,379,289.91,5237.94,Left,N/A,
138.1210,asiya,SliderControl,Slider Control,1171,379,104.11,-19343.14,Left,N/A,
138.1317,asiya,SliderControl,Slider Control,1174,379,280.55,16500.38,Left,N/A,
138.1416,asiya,SliderControl,Slider Control,1175,380,143.03,-13908.35,Left,N/A,
138.1516,asiya,SliderControl,Slider Control,1176,380,99.71,-4319.06,Left,N/A,
138.1614,asiya,SliderControl,Slider Control,1177,380,102.72,308.51,Left,N/A,
138.1718,asiya,SliderControl,Slider Control,1178,380,95.33,-704.54,Left,N/A,
138.1816,asiya,SliderControl,Slider Control,1178,380,0.00,-9731.83,Left,N/A,
138.1914,asiya,SliderControl,Slider Control,1179,380,102.71,10548.50,Left,N/A,
138.2016,asiya,SliderControl,Slider Control,1179,380,0.00,-10083.56,Left,N/A,
138.2114,asiya,SliderControl,Slider Control,1179,380,0.00,0.00,Left,N/A,
138.2215,asiya,SliderControl,Slider Control,1180,380,99.05,9810.12,Left,N/A,
138.2311,asiya,SliderControl,Slider Control,1180,380,0.00,-10363.19,Left,N/A,
138.2415,asiya,SliderControl,Slider Control,1179,380,95.96,9208.27,Left,N/A,
138.2520,asiya,SliderControl,Slider Control,1179,379,95.83,-12.19,Left,N/A,
138.2613,asiya,SliderControl,Slider Control,1177,379,213.52,12564.51,Left,N/A,
138.2711,asiya,SliderControl,Slider Control,1176,379,102.44,-11379.12,Left,N/A,
138.2805,asiya,SliderControl,Slider Control,1175,379,102.44,0.00,None,N/A,slider_released_missed
138.2812,asiya,SliderControl,Slider Control,1175,379,99.06,-334.32,None,N/A,
138.2916,asiya,SliderControl,Slider Control,1175,379,0.00,-9478.46,None,N/A,
138.3012,asiya,SliderControl,Slider Control,1175,379,0.00,0.00,None,N/A,
138.3117,asiya,SliderControl,Slider Control,1175,379,0.00,0.00,None,N/A,
138.3213,asiya,SliderControl,Slider Control,1175,379,0.00,0.00,None,N/A,
138.3318,asiya,SliderControl,Slider Control,1175,379,0.00,0.00,None,N/A,
138.3412,asiya,SliderControl,Slider Control,1175,379,0.00,0.00,None,N/A,
138.3526,asiya,SliderControl,Slider Control,1175,379,0.00,0.00,None,N/A,
138.3612,asiya,SliderControl,Slider Control,1175,379,0.00,0.00,None,N/A,
138.3721,asiya,SliderControl,Slider Control,1175,379,0.00,0.00,None,N/A,
138.3822,asiya,SliderControl,Slider Control,1175,379,0.00,0.00,None,N/A,
138.3918,asiya,SliderControl,Slider Control,1175,379,0.00,0.00,None,N/A,
138.4013,asiya,SliderControl,Slider Control,1175,379,0.00,0.00,None,N/A,
138.4119,asiya,SliderControl,Slider Control,1175,379,0.00,0.00,None,N/A,
138.4213,asiya,SliderControl,Slider Control,1175,379,0.00,0.00,None,N/A,
138.4317,asiya,SliderControl,Slider Control,1175,379,0.00,0.00,None,N/A,
138.4412,asiya,SliderControl,Slider Control,1175,379,0.00,0.00,None,N/A,
138.4519,asiya,SliderControl,Slider Control,1175,379,0.00,0.00,None,N/A,
138.4614,asiya,SliderControl,Slider Control,1175,379,0.00,0.00,None,N/A,
138.4718,asiya,SliderControl,Slider Control,1175,379,0.00,0.00,None,N/A,
138.4812,asiya,SliderControl,Slider Control,1175,379,0.00,0.00,None,N/A,
138.4916,asiya,SliderControl,Slider Control,1175,379,0.00,0.00,None,N/A,
138.5013,asiya,SliderControl,Slider Control,1175,379,0.00,0.00,None,N/A,
138.5119,asiya,SliderControl,Slider Control,1175,379,0.00,0.00,None,N/A,
138.5215,asiya,SliderControl,Slider Control,1175,379,0.00,0.00,None,N/A,
138.5311,asiya,SliderControl,Slider Control,1175,379,0.00,0.00,None,N/A,
138.5425,asiya,SliderControl,Slider Control,1175,379,0.00,0.00,None,N/A,
138.5513,asiya,SliderControl,Slider Control,1175,379,0.00,0.00,None,N/A,
138.5619,asiya,SliderControl,Slider Control,1175,379,0.00,0.00,None,N/A,
138.5713,asiya,SliderControl,Slider Control,1175,379,0.00,0.00,None,N/A,
138.5818,asiya,SliderControl,Slider Control,1175,379,0.00,0.00,None,N/A,
138.5913,asiya,SliderControl,Slider Control,1175,379,0.00,0.00,None,N/A,
138.6020,asiya,SliderControl,Slider Control,1175,379,0.00,0.00,None,N/A,
138.6114,asiya,SliderControl,Slider Control,1175,379,0.00,0.00,None,N/A,
138.6220,asiya,SliderControl,Slider Control,1175,379,0.00,0.00,None,N/A,
138.6316,asiya,SliderControl,Slider Control,1175,379,0.00,0.00,None,N/A,
138.6410,asiya,SliderControl,Slider Control,1175,379,0.00,0.00,None,N/A,
138.6516,asiya,SliderControl,Slider Control,1175,379,0.00,0.00,None,N/A,
138.6610,asiya,SliderControl,Slider Control,1175,379,0.00,0.00,None,N/A,
138.6716,asiya,SliderControl,Slider Control,1175,379,0.00,0.00,None,N/A,
138.6810,asiya,SliderControl,Slider Control,1175,379,0.00,0.00,None,N/A,
138.6915,asiya,SliderControl,Slider Control,1175,379,0.00,0.00,None,N/A,
138.7011,asiya,SliderControl,Slider Control,1175,379,0.00,0.00,None,N/A,
138.7116,asiya,SliderControl,Slider Control,1175,379,0.00,0.00,None,N/A,
138.7215,asiya,SliderControl,Slider Control,1175,379,0.00,0.00,None,N/A,
138.7311,asiya,SliderControl,Slider Control,1175,379,0.00,0.00,None,N/A,
138.7416,asiya,SliderControl,Slider Control,1175,379,0.00,0.00,None,N/A,
138.7512,asiya,SliderControl,Slider Control,1175,379,0.00,0.00,None,N/A,
138.7616,asiya,SliderControl,Slider Control,1175,379,0.00,0.00,None,N/A,
138.7711,asiya,SliderControl,Slider Control,1175,379,0.00,0.00,None,N/A,
138.7815,asiya,SliderControl,Slider Control,1175,379,0.00,0.00,None,N/A,
138.7920,asiya,SliderControl,Slider Control,1175,379,0.00,0.00,None,N/A,
138.8016,asiya,SliderControl,Slider Control,1175,379,0.00,0.00,None,N/A,
138.8112,asiya,SliderControl,Slider Control,1175,379,0.00,0.00,None,N/A,
138.8216,asiya,SliderControl,Slider Control,1175,379,0.00,0.00,None,N/A,
138.8310,asiya,SliderControl,Slider Control,1175,379,0.00,0.00,None,N/A,
138.8415,asiya,SliderControl,Slider Control,1175,379,0.00,0.00,None,N/A,
138.8511,asiya,SliderControl,Slider Control,1175,379,0.00,0.00,None,N/A,
138.8616,asiya,SliderControl,Slider Control,1175,379,0.00,0.00,None,N/A,
138.8710,asiya,SliderControl,Slider Control,1175,379,0.00,0.00,None,N/A,
138.8814,asiya,SliderControl,Slider Control,1175,379,0.00,0.00,None,N/A,
138.8919,asiya,SliderControl,Slider Control,1175,379,0.00,0.00,None,N/A,
138.9014,asiya,SliderControl,Slider Control,1175,379,0.00,0.00,None,N/A,
138.9119,asiya,SliderControl,Slider Control,1175,379,0.00,0.00,None,N/A,
138.9214,asiya,SliderControl,Slider Control,1175,379,0.00,0.00,None,N/A,
138.9318,asiya,SliderControl,Slider Control,1175,379,0.00,0.00,None,N/A,
138.9413,asiya,SliderControl,Slider Control,1175,379,0.00,0.00,None,N/A,
138.9517,asiya,SliderControl,Slider Control,1175,379,0.00,0.00,None,N/A,
138.9612,asiya,SliderControl,Slider Control,1175,379,0.00,0.00,None,N/A,
138.9717,asiya,SliderControl,Slider Control,1175,379,0.00,0.00,None,N/A,
138.9814,asiya,SliderControl,Slider Control,1175,379,0.00,0.00,None,N/A,
138.9910,asiya,SliderControl,Slider Control,1175,379,0.00,0.00,None,N/A,
139.0015,asiya,SliderControl,Slider Control,1175,379,0.00,0.00,None,N/A,
139.0110,asiya,SliderControl,Slider Control,1175,379,0.00,0.00,None,N/A,
139.0215,asiya,SliderControl,Slider Control,1175,379,0.00,0.00,None,N/A,
139.0320,asiya,SliderControl,Slider Control,1175,379,0.00,0.00,None,N/A,
139.0414,asiya,SliderControl,Slider Control,1175,379,0.00,0.00,None,N/A,
139.0510,asiya,SliderControl,Slider Control,1175,379,0.00,0.00,None,N/A,
139.0615,asiya,SliderControl,Slider Control,1175,379,0.00,0.00,None,N/A,
139.0709,asiya,SliderControl,Slider Control,1175,379,0.00,0.00,None,N/A,
139.0813,asiya,SliderControl,Slider Control,1175,379,0.00,0.00,None,N/A,
139.0918,asiya,SliderControl,Slider Control,1175,379,0.00,0.00,None,N/A,
139.1014,asiya,SliderControl,Slider Control,1175,379,0.00,0.00,None,N/A,
139.1119,asiya,SliderControl,Slider Control,1175,379,0.00,0.00,None,N/A,
139.1213,asiya,SliderControl,Slider Control,1175,379,0.00,0.00,None,N/A,
139.1316,asiya,SliderControl,Slider Control,1175,379,0.00,0.00,None,N/A,
139.1411,asiya,SliderControl,Slider Control,1175,379,0.00,0.00,None,N/A,
139.1518,asiya,SliderControl,Slider Control,1175,379,0.00,0.00,None,N/A,
139.1614,asiya,SliderControl,Slider Control,1175,379,0.00,0.00,None,N/A,
139.1719,asiya,SliderControl,Slider Control,1175,379,0.00,0.00,None,N/A,
139.1814,asiya,SliderControl,Slider Control,1175,379,0.00,0.00,None,N/A,
139.1919,asiya,SliderControl,Slider Control,1175,379,0.00,0.00,None,N/A,
139.2014,asiya,SliderControl,Slider Control,1175,379,0.00,0.00,None,N/A,
139.2109,asiya,SliderControl,Slider Control,1175,379,0.00,0.00,None,N/A,
139.2214,asiya,SliderControl,Slider Control,1175,379,0.00,0.00,None,N/A,
139.2319,asiya,SliderControl,Slider Control,1175,379,0.00,0.00,None,N/A,
139.2413,asiya,SliderControl,Slider Control,1175,379,0.00,0.00,None,N/A,
139.2518,asiya,SliderControl,Slider Control,1175,379,0.00,0.00,None,N/A,
139.2613,asiya,SliderControl,Slider Control,1175,379,0.00,0.00,None,N/A,
139.2717,asiya,SliderControl,Slider Control,1175,379,0.00,0.00,None,N/A,
139.2813,asiya,SliderControl,Slider Control,1175,379,0.00,0.00,None,N/A,
139.2919,asiya,SliderControl,Slider Control,1175,379,0.00,0.00,None,N/A,
139.3070,asiya,SliderControl,Slider Control,1175,378,66.25,4388.82,None,N/A,
139.3116,asiya,SliderControl,Slider Control,1175,378,0.00,-14382.99,None,N/A,
139.3214,asiya,SliderControl,Slider Control,1175,378,0.00,0.00,None,N/A,
139.3317,asiya,SliderControl,Slider Control,1175,378,0.00,0.00,None,N/A,
139.3412,asiya,SliderControl,Slider Control,1175,378,0.00,0.00,None,N/A,
139.3519,asiya,SliderControl,Slider Control,1175,378,0.00,0.00,None,N/A,
139.3618,asiya,SliderControl,Slider Control,1175,378,0.00,0.00,None,N/A,
139.3715,asiya,SliderControl,Slider Control,1175,378,0.00,0.00,None,N/A,
139.3810,asiya,SliderControl,Slider Control,1175,378,0.00,0.00,None,N/A,
139.3911,asiya,SliderControl,Slider Control,1175,378,0.00,0.00,None,N/A,
139.4016,asiya,SliderControl,Slider Control,1175,378,0.00,0.00,None,N/A,
139.4111,asiya,SliderControl,Slider Control,1175,378,0.00,0.00,None,N/A,
139.4212,asiya,SliderControl,Slider Control,1175,378,0.00,0.00,None,N/A,
139.4317,asiya,SliderControl,Slider Control,1175,377,95.19,9060.50,None,N/A,
139.4415,asiya,SliderControl,Slider Control,1175,377,0.00,-9715.09,None,N/A,
139.4519,asiya,SliderControl,Slider Control,1175,376,96.20,9254.79,None,N/A,
139.4615,asiya,SliderControl,Slider Control,1176,376,103.74,782.27,None,N/A,
139.4713,asiya,SliderControl,Slider Control,1176,376,0.00,-10588.32,None,N/A,
139.4809,asiya,SliderControl,Slider Control,1177,375,147.89,15465.81,None,N/A,
139.4917,asiya,SliderControl,Slider Control,1177,375,0.00,-13639.93,None,N/A,
139.5013,asiya,SliderControl,Slider Control,1177,374,104.94,11012.18,None,N/A,
139.5117,asiya,SliderControl,Slider Control,1177,374,0.00,-10078.90,None,N/A,
139.5215,asiya,SliderControl,Slider Control,1177,374,0.00,0.00,None,N/A,
139.5313,asiya,SliderControl,Slider Control,1177,373,102.31,10466.84,None,N/A,
139.5417,asiya,SliderControl,Slider Control,1177,373,0.00,-9771.80,None,N/A,
139.5515,asiya,SliderControl,Slider Control,1177,373,0.00,0.00,None,N/A,
139.5611,asiya,SliderControl,Slider Control,1177,373,0.00,0.00,None,N/A,
139.5716,asiya,SliderControl,Slider Control,1177,373,0.00,0.00,None,N/A,
139.5811,asiya,SliderControl,Slider Control,1177,373,0.00,0.00,None,N/A,
139.5916,asiya,SliderControl,Slider Control,1177,373,0.00,0.00,None,N/A,
139.6012,asiya,SliderControl,Slider Control,1177,373,0.00,0.00,None,N/A,
139.6117,asiya,SliderControl,Slider Control,1177,373,0.00,0.00,None,N/A,
139.6212,asiya,SliderControl,Slider Control,1177,373,0.00,0.00,None,N/A,
139.6314,asiya,SliderControl,Slider Control,1177,373,0.00,0.00,None,N/A,
139.6414,asiya,SliderControl,Slider Control,1176,373,99.86,9972.42,None,N/A,
139.6517,asiya,SliderControl,Slider Control,1176,372,97.14,-264.01,None,N/A,
139.6618,asiya,SliderControl,Slider Control,1175,372,99.32,216.14,None,N/A,
139.6718,asiya,SliderControl,Slider Control,1175,371,100.16,83.61,None,N/A,
139.6809,asiya,SliderControl,Slider Control,1174,371,109.05,970.04,None,N/A,
139.6917,asiya,SliderControl,Slider Control,1174,371,0.00,-10141.04,None,N/A,
139.7017,asiya,SliderControl,Slider Control,1173,371,99.81,9962.45,None,N/A,
139.7118,asiya,SliderControl,Slider Control,1173,371,0.00,-9863.40,None,N/A,
139.7209,asiya,SliderControl,Slider Control,1172,371,109.85,12067.09,None,N/A,
139.7310,asiya,SliderControl,Slider Control,1172,371,0.00,-10946.93,None,N/A,
139.7417,asiya,SliderControl,Slider Control,1172,371,0.00,0.00,None,N/A,
139.7517,asiya,SliderControl,Slider Control,1171,371,99.84,9968.62,None,N/A,
139.7612,asiya,SliderControl,Slider Control,1171,371,0.00,-10537.00,None,N/A,
139.7712,asiya,SliderControl,Slider Control,1171,371,0.00,0.00,None,N/A,
139.7811,asiya,SliderControl,Slider Control,1171,371,0.00,0.00,None,N/A,
139.7916,asiya,SliderControl,Slider Control,1170,371,96.14,9243.77,None,N/A,
139.8015,asiya,SliderControl,Slider Control,1170,371,0.00,-9680.47,None,N/A,
139.8113,asiya,SliderControl,Slider Control,1170,371,0.00,0.00,None,N/A,
139.8214,asiya,SliderControl,Slider Control,1169,371,99.13,9827.29,None,N/A,
139.8319,asiya,SliderControl,Slider Control,1169,371,0.00,-9433.32,None,N/A,
139.8419,asiya,SliderControl,Slider Control,1168,371,99.88,9976.69,None,N/A,
139.8512,asiya,SliderControl,Slider Control,1168,371,0.00,-10702.84,None,N/A,
139.8615,asiya,SliderControl,Slider Control,1168,371,0.00,0.00,None,N/A,
139.8709,asiya,SliderControl,Slider Control,1168,371,0.00,0.00,None,N/A,
139.8814,asiya,SliderControl,Slider Control,1168,371,0.00,0.00,None,N/A,
139.8920,asiya,SliderControl,Slider Control,1168,371,0.00,0.00,None,N/A,
139.9019,asiya,SliderControl,Slider Control,1168,371,0.00,0.00,None,N/A,
139.9113,asiya,SliderControl,Slider Control,1168,371,0.00,0.00,None,N/A,
139.9218,asiya,SliderControl,Slider Control,1168,371,0.00,0.00,None,N/A,
139.9312,asiya,SliderControl,Slider Control,1168,371,0.00,0.00,None,N/A,
139.9418,asiya,SliderControl,Slider Control,1168,371,0.00,0.00,None,N/A,
139.9513,asiya,SliderControl,Slider Control,1168,371,0.00,0.00,None,N/A,
139.9619,asiya,SliderControl,Slider Control,1168,371,0.00,0.00,None,N/A,
139.9713,asiya,SliderControl,Slider Control,1168,371,0.00,0.00,None,N/A,
139.9817,asiya,SliderControl,Slider Control,1168,371,0.00,0.00,None,N/A,
139.9913,asiya,SliderControl,Slider Control,1168,371,0.00,0.00,None,N/A,
140.0019,asiya,SliderControl,Slider Control,1168,371,0.00,0.00,None,N/A,
140.0116,asiya,SliderControl,Slider Control,1168,371,0.00,0.00,None,N/A,
140.0211,asiya,SliderControl,Slider Control,1168,371,0.00,0.00,None,N/A,
140.0319,asiya,SliderControl,Slider Control,1168,370,93.00,8648.63,None,N/A,
140.0414,asiya,SliderControl,Slider Control,1167,370,104.58,1210.69,None,N/A,
140.0511,asiya,SliderControl,Slider Control,1167,370,0.00,-10788.05,None,N/A,
140.0616,asiya,SliderControl,Slider Control,1167,370,0.00,0.00,None,N/A,
140.0711,asiya,SliderControl,Slider Control,1167,370,0.00,0.00,None,N/A,
140.0816,asiya,SliderControl,Slider Control,1167,370,0.00,0.00,None,N/A,
140.0911,asiya,SliderControl,Slider Control,1167,370,0.00,0.00,None,N/A,
140.1014,asiya,SliderControl,Slider Control,1167,370,0.00,0.00,None,N/A,
140.1111,asiya,SliderControl,Slider Control,1167,370,0.00,0.00,None,N/A,
140.1216,asiya,SliderControl,Slider Control,1167,370,0.00,0.00,None,N/A,
140.1310,asiya,SliderControl,Slider Control,1167,370,0.00,0.00,None,N/A,
140.1415,asiya,SliderControl,Slider Control,1167,370,0.00,0.00,None,N/A,
140.1513,asiya,SliderControl,Slider Control,1167,370,0.00,0.00,None,N/A,
140.1618,asiya,SliderControl,Slider Control,1167,370,0.00,0.00,None,N/A,
140.1712,asiya,SliderControl,Slider Control,1167,370,0.00,0.00,None,N/A,
140.1817,asiya,SliderControl,Slider Control,1167,370,0.00,0.00,None,N/A,
140.1913,asiya,SliderControl,Slider Control,1167,370,0.00,0.00,None,N/A,
140.2018,asiya,SliderControl,Slider Control,1167,370,0.00,0.00,None,N/A,
140.2112,asiya,SliderControl,Slider Control,1167,370,0.00,0.00,None,N/A,
140.2216,asiya,SliderControl,Slider Control,1167,370,0.00,0.00,None,N/A,
140.2313,asiya,SliderControl,Slider Control,1167,370,0.00,0.00,Left,N/A,
140.2417,asiya,SliderControl,Slider Control,1167,370,0.00,0.00,Left,N/A,
140.2513,asiya,SliderControl,Slider Control,1167,370,0.00,0.00,Left,N/A,
140.2619,asiya,SliderControl,Slider Control,1167,370,0.00,0.00,Left,N/A,
140.2715,asiya,SliderControl,Slider Control,1167,370,0.00,0.00,Left,N/A,
140.2811,asiya,SliderControl,Slider Control,1167,370,0.00,0.00,Left,N/A,
140.2916,asiya,SliderControl,Slider Control,1167,370,0.00,0.00,Left,N/A,
140.3011,asiya,SliderControl,Slider Control,1167,370,0.00,0.00,Left,N/A,
140.3116,asiya,SliderControl,Slider Control,1167,370,0.00,0.00,Left,N/A,
140.3211,asiya,SliderControl,Slider Control,1167,370,0.00,0.00,Left,N/A,
140.3316,asiya,SliderControl,Slider Control,1167,370,0.00,0.00,Left,N/A,
140.3411,asiya,SliderControl,Slider Control,1167,370,0.00,0.00,Left,N/A,
140.3517,asiya,SliderControl,Slider Control,1167,370,0.00,0.00,Left,N/A,
140.3610,asiya,SliderControl,Slider Control,1167,370,0.00,0.00,Left,N/A,
140.3714,asiya,SliderControl,Slider Control,1167,370,0.00,0.00,Left,N/A,
140.3819,asiya,SliderControl,Slider Control,1167,370,0.00,0.00,Left,N/A,
140.3914,asiya,SliderControl,Slider Control,1167,370,0.00,0.00,Left,N/A,
140.4019,asiya,SliderControl,Slider Control,1167,370,0.00,0.00,Left,N/A,
140.4114,asiya,SliderControl,Slider Control,1167,370,0.00,0.00,Left,N/A,
140.4218,asiya,SliderControl,Slider Control,1168,370,96.14,9242.92,Left,N/A,
140.4319,asiya,SliderControl,Slider Control,1169,370,99.70,354.98,Left,N/A,
140.4415,asiya,SliderControl,Slider Control,1172,370,310.84,21875.99,Left,N/A,
140.4514,asiya,SliderControl,Slider Control,1173,370,101.49,-21246.76,Left,N/A,
140.4613,asiya,SliderControl,Slider Control,1174,370,101.14,-35.64,Left,N/A,
140.4709,asiya,SliderControl,Slider Control,1175,370,103.22,214.79,Left,N/A,
140.4812,asiya,SliderControl,Slider Control,1176,370,97.12,-592.21,Left,N/A,
140.4915,asiya,SliderControl,Slider Control,1177,370,97.46,32.99,Left,N/A,
140.5015,asiya,SliderControl,Slider Control,1177,370,0.00,-9782.66,Left,N/A,
140.5111,asiya,SliderControl,Slider Control,1178,370,103.76,10765.14,Left,N/A,
140.5218,asiya,SliderControl,Slider Control,1178,370,0.00,-9706.71,Left,N/A,
140.5317,asiya,SliderControl,Slider Control,1179,370,100.80,10160.72,Left,N/A,
140.5416,asiya,SliderControl,Slider Control,1179,370,0.00,-10219.91,Left,N/A,
140.5512,asiya,SliderControl,Slider Control,1179,370,0.00,0.00,Left,N/A,
140.5616,asiya,SliderControl,Slider Control,1179,370,0.00,0.00,Left,N/A,
140.5711,asiya,SliderControl,Slider Control,1179,370,0.00,0.00,Left,N/A,
140.5817,asiya,SliderControl,Slider Control,1179,370,0.00,0.00,Left,N/A,
140.5914,asiya,SliderControl,Slider Control,1179,370,0.00,0.00,Left,N/A,
140.6019,asiya,SliderControl,Slider Control,1179,370,0.00,0.00,Left,N/A,
140.6115,asiya,SliderControl,Slider Control,1179,370,0.00,0.00,Left,N/A,
140.6216,asiya,SliderControl,Slider Control,1179,370,0.00,0.00,Left,N/A,
140.6317,asiya,SliderControl,Slider Control,1179,370,0.00,0.00,Left,N/A,
140.6414,asiya,SliderControl,Slider Control,1180,370,103.31,10672.01,Left,N/A,
140.6514,asiya,SliderControl,Slider Control,1181,370,99.42,-386.35,Left,N/A,
140.6619,asiya,SliderControl,Slider Control,1182,370,95.26,-395.81,Left,N/A,
140.6718,asiya,SliderControl,Slider Control,1182,370,0.00,-9674.77,Left,N/A,
140.6811,asiya,SliderControl,Slider Control,1183,370,107.59,11575.69,Left,N/A,
140.6915,asiya,SliderControl,Slider Control,1183,370,0.00,-10275.45,Left,N/A,
140.7015,asiya,SliderControl,Slider Control,1184,370,99.96,9991.44,Left,N/A,
140.7112,asiya,SliderControl,Slider Control,1184,370,0.00,-10387.78,Left,N/A,
140.7219,asiya,SliderControl,Slider Control,1184,370,0.00,0.00,Left,N/A,
140.7314,asiya,SliderControl,Slider Control,1184,370,0.00,0.00,Left,N/A,
140.7419,asiya,SliderControl,Slider Control,1184,370,0.00,0.00,Left,N/A,
140.7512,asiya,SliderControl,Slider Control,1184,370,0.00,0.00,Left,N/A,
140.7616,asiya,SliderControl,Slider Control,1184,370,0.00,0.00,Left,N/A,
140.7711,asiya,SliderControl,Slider Control,1185,370,105.78,11188.96,Left,N/A,
140.7816,asiya,SliderControl,Slider Control,1185,370,0.00,-10044.48,Left,N/A,
140.7914,asiya,SliderControl,Slider Control,1186,370,102.33,10471.44,Left,N/A,
140.8011,asiya,SliderControl,Slider Control,1186,370,0.00,-10475.78,Left,N/A,
140.8111,asiya,SliderControl,Slider Control,1186,370,0.00,0.00,Left,N/A,
140.8220,asiya,SliderControl,Slider Control,1187,370,92.03,8470.04,Left,N/A,
140.8317,asiya,SliderControl,Slider Control,1187,370,0.00,-9395.95,Left,N/A,
140.8419,asiya,SliderControl,Slider Control,1188,370,98.03,9609.85,Left,N/A,
140.8512,asiya,SliderControl,Slider Control,1188,370,0.00,-10635.18,Left,N/A,
140.8612,asiya,SliderControl,Slider Control,1189,370,99.40,9880.46,Left,N/A,
140.8717,asiya,SliderControl,Slider Control,1189,370,0.00,-9466.76,Left,N/A,
140.8819,asiya,SliderControl,Slider Control,1191,370,197.30,19464.58,Left,N/A,
140.8914,asiya,SliderControl,Slider Control,1191,370,0.00,-20776.16,Left,N/A,
140.9011,asiya,SliderControl,Slider Control,1193,370,205.94,21205.91,Left,N/A,
140.9111,asiya,SliderControl,Slider Control,1193,370,0.00,-20598.57,Left,N/A,
140.9215,asiya,SliderControl,Slider Control,1195,370,191.17,18272.45,Left,N/A,
140.9315,asiya,SliderControl,Slider Control,1195,370,0.00,-19132.25,Left,N/A,
140.9418,asiya,SliderControl,Slider Control,1196,370,96.90,9389.55,Left,N/A,
140.9510,asiya,SliderControl,Slider Control,1196,370,0.00,-10577.70,Left,N/A,
140.9611,asiya,SliderControl,Slider Control,1197,370,99.46,9892.18,Left,N/A,
140.9718,asiya,SliderControl,Slider Control,1197,369,93.07,-594.29,Left,N/A,
140.9819,asiya,SliderControl,Slider Control,1198,369,99.05,591.72,Left,N/A,
140.9914,asiya,SliderControl,Slider Control,1199,369,104.91,614.95,Left,N/A,
141.0013,asiya,SliderControl,Slider Control,1200,369,101.50,-346.07,Left,N/A,
141.0110,asiya,SliderControl,Slider Control,1201,369,103.09,164.35,Left,N/A,
141.0218,asiya,SliderControl,Slider Control,1202,369,92.65,-967.97,Left,N/A,
141.0314,asiya,SliderControl,Slider Control,1204,369,206.96,11829.55,Left,N/A,
141.0415,asiya,SliderControl,Slider Control,1205,369,99.05,-10688.71,Left,N/A,
141.0515,asiya,SliderControl,Slider Control,1206,369,100.17,112.31,Left,N/A,
141.0616,asiya,SliderControl,Slider Control,1208,369,198.60,9774.17,Left,N/A,
141.0716,asiya,SliderControl,Slider Control,1208,369,0.00,-19770.32,Left,N/A,
141.0817,asiya,SliderControl,Slider Control,1210,369,198.30,19662.01,Left,N/A,
141.0915,asiya,SliderControl,Slider Control,1210,369,0.00,-20337.00,Left,N/A,
141.1009,asiya,SliderControl,Slider Control,1211,369,105.65,11161.35,Left,N/A,
141.1118,asiya,SliderControl,Slider Control,1212,369,92.42,-1222.29,Left,N/A,
141.1219,asiya,SliderControl,Slider Control,1213,369,98.46,594.26,Left,N/A,
141.1315,asiya,SliderControl,Slider Control,1213,369,0.00,-10285.74,Left,N/A,
141.1413,asiya,SliderControl,Slider Control,1215,369,204.15,20839.03,Left,N/A,
141.1510,asiya,SliderControl,Slider Control,1215,369,0.00,-21076.00,Left,N/A,
141.1612,asiya,SliderControl,Slider Control,1216,369,97.86,9576.24,Left,N/A,
141.1716,asiya,SliderControl,Slider Control,1217,369,96.03,-175.15,Left,N/A,
141.1818,asiya,SliderControl,Slider Control,1218,369,98.39,231.62,Left,N/A,
141.1918,asiya,SliderControl,Slider Control,1219,369,99.62,122.92,Left,N/A,
141.2011,asiya,SliderControl,Slider Control,1219,369,0.00,-10657.45,Left,N/A,
141.2118,asiya,SliderControl,Slider Control,1220,369,93.58,8757.42,Left,N/A,
141.2217,asiya,SliderControl,Slider Control,1220,369,0.00,-9466.68,Left,N/A,
141.2310,asiya,SliderControl,Slider Control,1221,369,108.13,11692.37,Left,N/A,
141.2417,asiya,SliderControl,Slider Control,1221,369,0.00,-10047.53,Left,N/A,
141.2510,asiya,SliderControl,Slider Control,1222,369,108.29,11726.21,Left,N/A,
141.2618,asiya,SliderControl,Slider Control,1222,369,0.00,-9987.49,Left,N/A,
141.2714,asiya,SliderControl,Slider Control,1222,369,0.00,0.00,Left,N/A,
141.2821,asiya,SliderControl,Slider Control,1222,369,0.00,0.00,Left,N/A,
141.2917,asiya,SliderControl,Slider Control,1222,369,0.00,0.00,Left,N/A,
141.3011,asiya,SliderControl,Slider Control,1222,369,0.00,0.00,Left,N/A,
141.3121,asiya,SliderControl,Slider Control,1222,369,0.00,0.00,Left,N/A,
141.3217,asiya,SliderControl,Slider Control,1222,369,0.00,0.00,Left,N/A,
141.3310,asiya,SliderControl,Slider Control,1222,369,0.00,0.00,Left,N/A,
141.3419,asiya,SliderControl,Slider Control,1222,369,0.00,0.00,Left,N/A,
141.3511,asiya,SliderControl,Slider Control,1222,369,0.00,0.00,Left,N/A,
141.3611,asiya,SliderControl,Slider Control,1223,369,99.41,9881.40,Left,N/A,
141.3718,asiya,SliderControl,Slider Control,1224,369,93.88,-519.03,Left,N/A,
141.3818,asiya,SliderControl,Slider Control,1227,369,301.21,20817.66,Left,N/A,
141.3918,asiya,SliderControl,Slider Control,1229,369,200.02,-10120.44,Left,N/A,
141.4011,asiya,SliderControl,Slider Control,1232,369,319.94,12789.12,Left,N/A,
141.4119,asiya,SliderControl,Slider Control,1237,369,465.95,13606.81,Left,N/A,
141.4218,asiya,SliderControl,Slider Control,1239,369,201.40,-26640.35,Left,N/A,
141.4316,asiya,SliderControl,Slider Control,1242,369,306.38,10720.64,Left,N/A,
141.4413,asiya,SliderControl,Slider Control,1243,369,102.59,-20906.31,Left,N/A,
141.4510,asiya,SliderControl,Slider Control,1245,369,206.60,10744.56,Left,N/A,
141.4611,asiya,SliderControl,Slider Control,1246,369,99.27,-10654.73,Left,N/A,
141.4717,asiya,SliderControl,Slider Control,1247,369,94.49,-452.18,Left,N/A,
141.4816,asiya,SliderControl,Slider Control,1248,369,100.34,587.42,Left,N/A,
141.4910,asiya,SliderControl,Slider Control,1248,369,0.00,-10747.08,Left,N/A,
141.5011,asiya,SliderControl,Slider Control,1249,369,98.63,9727.71,Left,N/A,
141.5115,asiya,SliderControl,Slider Control,1249,369,0.00,-9474.83,Left,N/A,
141.5215,asiya,SliderControl,Slider Control,1249,369,0.00,0.00,Left,N/A,
141.5310,asiya,SliderControl,Slider Control,1250,369,105.12,11050.85,Left,N/A,
141.5411,asiya,SliderControl,Slider Control,1250,369,0.00,-10396.80,Left,N/A,
141.5516,asiya,SliderControl,Slider Control,1250,369,0.00,0.00,Left,N/A,
141.5612,asiya,SliderControl,Slider Control,1250,369,0.00,0.00,Left,N/A,
141.5717,asiya,SliderControl,Slider Control,1250,369,0.00,0.00,Left,N/A,
141.5813,asiya,SliderControl,Slider Control,1250,369,0.00,0.00,Left,N/A,
141.5918,asiya,SliderControl,Slider Control,1250,369,0.00,0.00,Left,N/A,
141.6014,asiya,SliderControl,Slider Control,1250,369,0.00,0.00,Left,N/A,
141.6119,asiya,SliderControl,Slider Control,1250,369,0.00,0.00,Left,N/A,
141.6214,asiya,SliderControl,Slider Control,1250,369,0.00,0.00,Left,N/A,
141.6318,asiya,SliderControl,Slider Control,1250,369,0.00,0.00,Left,N/A,
141.6414,asiya,SliderControl,Slider Control,1250,369,0.00,0.00,Left,N/A,
141.6487,asiya,SliderControl,Slider Control,1250,369,0.00,0.00,None,N/A,slider_released_correct
141.6510,asiya,SliderControl,Slider Control,1250,369,0.00,0.00,None,N/A,
141.6611,asiya,SliderControl,Slider Control,1250,369,0.00,0.00,None,N/A,
141.6715,asiya,SliderControl,Slider Control,1250,369,0.00,0.00,None,N/A,
141.6819,asiya,SliderControl,Slider Control,1250,369,0.00,0.00,None,N/A,
141.6915,asiya,SliderControl,Slider Control,1250,369,0.00,0.00,None,N/A,
141.7011,asiya,SliderControl,Slider Control,1250,369,0.00,0.00,None,N/A,
141.7114,asiya,SliderControl,Slider Control,1250,369,0.00,0.00,None,N/A,
141.7220,asiya,SliderControl,Slider Control,1250,369,0.00,0.00,None,N/A,
141.7316,asiya,SliderControl,Slider Control,1250,369,0.00,0.00,None,N/A,
141.7412,asiya,SliderControl,Slider Control,1250,369,0.00,0.00,None,N/A,
141.7518,asiya,SliderControl,Slider Control,1250,369,0.00,0.00,None,N/A,
141.7613,asiya,SliderControl,Slider Control,1250,369,0.00,0.00,None,N/A,
141.7721,asiya,SliderControl,Slider Control,1250,369,0.00,0.00,None,N/A,
141.7818,asiya,SliderControl,Slider Control,1250,369,0.00,0.00,None,N/A,
141.7913,asiya,SliderControl,Slider Control,1250,369,0.00,0.00,None,N/A,
141.8013,asiya,SliderControl,Slider Control,1250,369,0.00,0.00,None,N/A,
141.8117,asiya,SliderControl,Slider Control,1250,369,0.00,0.00,None,N/A,
141.8211,asiya,SliderControl,Slider Control,1250,369,0.00,0.00,None,N/A,
141.8315,asiya,SliderControl,Slider Control,1250,369,0.00,0.00,None,N/A,
141.8420,asiya,SliderControl,Slider Control,1250,369,0.00,0.00,None,N/A,
141.8515,asiya,SliderControl,Slider Control,1250,369,0.00,0.00,None,N/A,
141.8611,asiya,SliderControl,Slider Control,1250,369,0.00,0.00,None,N/A,
141.8720,asiya,SliderControl,Slider Control,1250,369,0.00,0.00,None,N/A,
141.8817,asiya,SliderControl,Slider Control,1250,369,0.00,0.00,None,N/A,
141.8913,asiya,SliderControl,Slider Control,1250,369,0.00,0.00,None,N/A,
141.9019,asiya,SliderControl,Slider Control,1250,369,0.00,0.00,None,N/A,
141.9113,asiya,SliderControl,Slider Control,1250,369,0.00,0.00,None,N/A,
141.9221,asiya,SliderControl,Slider Control,1250,369,0.00,0.00,None,N/A,
141.9318,asiya,SliderControl,Slider Control,1250,369,0.00,0.00,None,N/A,
141.9413,asiya,SliderControl,Slider Control,1250,369,0.00,0.00,None,N/A,
141.9511,asiya,SliderControl,Slider Control,1250,369,0.00,0.00,None,N/A,
141.9616,asiya,SliderControl,Slider Control,1250,369,0.00,0.00,None,N/A,
141.9711,asiya,SliderControl,Slider Control,1250,369,0.00,0.00,None,N/A,
141.9816,asiya,SliderControl,Slider Control,1250,369,0.00,0.00,None,N/A,
141.9912,asiya,SliderControl,Slider Control,1250,369,0.00,0.00,None,N/A,
142.0011,asiya,SliderControl,Slider Control,1250,369,0.00,0.00,None,N/A,
142.0114,asiya,SliderControl,Slider Control,1250,369,0.00,0.00,None,N/A,
142.0219,asiya,SliderControl,Slider Control,1250,369,0.00,0.00,None,N/A,
142.0316,asiya,SliderControl,Slider Control,1250,369,0.00,0.00,None,N/A,
142.0411,asiya,SliderControl,Slider Control,1250,369,0.00,0.00,None,N/A,
142.0516,asiya,SliderControl,Slider Control,1250,369,0.00,0.00,None,N/A,
142.0612,asiya,SliderControl,Slider Control,1250,369,0.00,0.00,None,N/A,
142.0719,asiya,SliderControl,Slider Control,1250,369,0.00,0.00,None,N/A,
142.0816,asiya,SliderControl,Slider Control,1250,369,0.00,0.00,None,N/A,
142.0911,asiya,SliderControl,Slider Control,1250,369,0.00,0.00,None,N/A,
142.1017,asiya,SliderControl,Slider Control,1250,369,0.00,0.00,None,N/A,
142.1113,asiya,SliderControl,Slider Control,1250,369,0.00,0.00,None,N/A,
142.1221,asiya,SliderControl,Slider Control,1250,369,0.00,0.00,None,N/A,
142.1317,asiya,SliderControl,Slider Control,1250,369,0.00,0.00,None,N/A,
142.1413,asiya,SliderControl,Slider Control,1250,369,0.00,0.00,None,N/A,
142.1514,asiya,SliderControl,Slider Control,1250,369,0.00,0.00,None,N/A,
142.1617,asiya,SliderControl,Slider Control,1250,369,0.00,0.00,None,N/A,
142.1711,asiya,SliderControl,Slider Control,1250,369,0.00,0.00,None,N/A,
142.1819,asiya,SliderControl,Slider Control,1250,369,0.00,0.00,None,N/A,
142.1909,asiya,SliderControl,Slider Control,1192,351,6754.95,751360.34,None,N/A,
142.2019,asiya,SliderControl,Slider Control,1149,340,4034.91,-247272.12,None,N/A,
142.2115,asiya,SliderControl,Slider Control,1107,333,4426.59,40718.81,None,N/A,
142.2216,asiya,SliderControl,Slider Control,1091,331,1599.03,-280402.48,None,N/A,
142.2315,asiya,SliderControl,Slider Control,1077,331,1407.35,-19269.01,None,N/A,
142.2412,asiya,SliderControl,Slider Control,1051,333,2710.23,135411.81,None,N/A,
142.2511,asiya,SliderControl,Slider Control,1039,334,1207.44,-150688.53,None,N/A,
142.2617,asiya,SliderControl,Slider Control,1021,337,1728.17,49314.38,None,N/A,
142.2716,asiya,SliderControl,Slider Control,1014,338,715.91,-102486.31,None,N/A,
142.2811,asiya,SliderControl,Slider Control,1005,339,944.94,23899.42,None,N/A,
142.2917,asiya,SliderControl,Slider Control,1004,339,94.54,-80397.73,None,N/A,
142.3019,asiya,SliderControl,Slider Control,1002,340,219.61,12282.88,None,N/A,
142.3115,asiya,SliderControl,Slider Control,1002,340,0.00,-22822.61,None,N/A,
142.3215,asiya,SliderControl,Slider Control,1001,340,99.91,9982.87,None,N/A,
142.3311,asiya,SliderControl,Slider Control,1001,340,0.00,-10422.84,None,N/A,
142.3410,asiya,SliderControl,Slider Control,1001,340,0.00,0.00,None,N/A,
142.3516,asiya,SliderControl,Slider Control,1000,341,132.47,12409.21,None,N/A,
142.3615,asiya,SliderControl,Slider Control,1000,341,0.00,-13423.40,None,N/A,
142.3713,asiya,SliderControl,Slider Control,1000,341,0.00,0.00,None,N/A,
142.3823,asiya,SliderControl,Slider Control,1000,341,0.00,0.00,None,N/A,
142.3919,asiya,SliderControl,Slider Control,1000,341,0.00,0.00,None,N/A,
142.4014,asiya,SliderControl,Slider Control,1000,341,0.00,0.00,None,N/A,
142.4114,asiya,SliderControl,Slider Control,1000,342,99.93,9986.21,None,N/A,
142.4218,asiya,SliderControl,Slider Control,1000,343,96.11,-367.31,None,N/A,
142.4310,asiya,SliderControl,Slider Control,1000,345,218.48,13367.11,None,N/A,
142.4410,asiya,SliderControl,Slider Control,1000,347,199.15,-1924.80,None,N/A,
142.4510,asiya,SliderControl,Slider Control,1000,349,199.99,84.51,None,N/A,
142.4619,asiya,SliderControl,Slider Control,1000,353,368.28,15493.97,None,N/A,
142.4715,asiya,SliderControl,Slider Control,999,356,327.54,-4219.07,None,N/A,
142.4813,asiya,SliderControl,Slider Control,999,360,409.95,8445.65,None,N/A,
142.4913,asiya,SliderControl,Slider Control,998,362,222.81,-18647.34,None,N/A,
142.5010,asiya,SliderControl,Slider Control,997,365,328.14,10929.10,None,N/A,
142.5118,asiya,SliderControl,Slider Control,996,367,206.93,-11216.51,None,N/A,
142.5213,asiya,SliderControl,Slider Control,992,370,522.72,33013.78,None,N/A,
142.5312,asiya,SliderControl,Slider Control,989,372,363.25,-16066.24,None,N/A,
142.5409,asiya,SliderControl,Slider Control,980,375,985.19,64586.69,None,N/A,
142.5519,asiya,SliderControl,Slider Control,974,376,551.43,-39321.94,None,N/A,
142.5614,asiya,SliderControl,Slider Control,960,378,1491.56,99155.16,None,N/A,
142.5717,asiya,SliderControl,Slider Control,955,379,495.66,-96808.74,None,N/A,
142.5815,asiya,SliderControl,Slider Control,945,380,1020.29,53261.49,None,N/A,
142.5912,asiya,SliderControl,Slider Control,942,380,309.79,-73368.07,None,N/A,
142.6019,asiya,SliderControl,Slider Control,938,380,375.11,6125.98,None,N/A,
142.6110,asiya,SliderControl,Slider Control,932,380,660.71,31449.85,None,N/A,
142.6216,asiya,SliderControl,Slider Control,930,380,187.97,-44430.20,None,N/A,
142.6314,asiya,SliderControl,Slider Control,925,379,519.80,33828.16,None,N/A,
142.6411,asiya,SliderControl,Slider Control,923,379,206.97,-32373.83,None,N/A,
142.6516,asiya,SliderControl,Slider Control,920,379,285.73,7500.92,None,N/A,
142.6619,asiya,SliderControl,Slider Control,919,379,97.02,-18308.77,None,N/A,
142.6711,asiya,SliderControl,Slider Control,917,378,242.22,15728.29,None,N/A,
142.6813,asiya,SliderControl,Slider Control,916,378,98.40,-14151.87,None,N/A,
142.6919,asiya,SliderControl,Slider Control,915,378,94.08,-406.75,None,N/A,
142.7017,asiya,SliderControl,Slider Control,914,377,144.01,5084.32,None,N/A,
142.7115,asiya,SliderControl,Slider Control,914,377,0.00,-14691.42,None,N/A,
142.7217,asiya,SliderControl,Slider Control,913,377,98.34,9669.87,None,N/A,
142.7313,asiya,SliderControl,Slider Control,913,376,103.99,588.22,None,N/A,
142.7410,asiya,SliderControl,Slider Control,912,376,103.42,-58.87,None,N/A,
142.7511,asiya,SliderControl,Slider Control,912,376,0.00,-10229.35,None,N/A,
142.7613,asiya,SliderControl,Slider Control,911,375,138.28,13520.13,None,N/A,
142.7713,asiya,SliderControl,Slider Control,911,374,99.84,-3837.60,None,N/A,
142.7819,asiya,SliderControl,Slider Control,910,374,94.47,-507.28,None,N/A,
142.7911,asiya,SliderControl,Slider Control,910,373,108.80,1559.48,None,N/A,
142.8013,asiya,SliderControl,Slider Control,910,373,0.00,-10699.07,None,N/A,
142.8117,asiya,SliderControl,Slider Control,910,372,95.73,9164.19,None,N/A,
142.8214,asiya,SliderControl,Slider Control,910,372,0.00,-9855.18,None,N/A,
142.8313,asiya,SliderControl,Slider Control,910,371,101.83,10368.48,None,N/A,
142.8419,asiya,SliderControl,Slider Control,910,371,0.00,-9562.46,None,N/A,
142.8517,asiya,SliderControl,Slider Control,910,369,204.14,20835.99,None,N/A,
142.8616,asiya,SliderControl,Slider Control,910,368,100.74,-10416.24,None,N/A,
142.8713,asiya,SliderControl,Slider Control,910,366,206.83,10970.80,None,N/A,
142.8811,asiya,SliderControl,Slider Control,910,366,0.00,-21194.39,None,N/A,
142.8909,asiya,SliderControl,Slider Control,910,364,203.45,20696.75,None,N/A,
142.9016,asiya,SliderControl,Slider Control,910,364,0.00,-19067.94,None,N/A,
142.9111,asiya,SliderControl,Slider Control,910,362,209.26,21894.89,None,N/A,
142.9213,asiya,SliderControl,Slider Control,910,362,0.00,-20453.97,None,N/A,
142.9314,asiya,SliderControl,Slider Control,910,362,0.00,0.00,None,N/A,
142.9419,asiya,SliderControl,Slider Control,910,361,95.46,9111.71,None,N/A,
142.9515,asiya,SliderControl,Slider Control,910,361,0.00,-9934.70,None,N/A,
142.9610,asiya,SliderControl,Slider Control,910,361,0.00,0.00,None,N/A,
142.9715,asiya,SliderControl,Slider Control,910,361,0.00,0.00,None,N/A,
142.9811,asiya,SliderControl,Slider Control,910,361,0.00,0.00,None,N/A,
142.9916,asiya,SliderControl,Slider Control,910,361,0.00,0.00,None,N/A,
143.0010,asiya,SliderControl,Slider Control,910,361,0.00,0.00,None,N/A,
143.0113,asiya,SliderControl,Slider Control,910,361,0.00,0.00,None,N/A,
143.0219,asiya,SliderControl,Slider Control,910,361,0.00,0.00,None,N/A,
143.0314,asiya,SliderControl,Slider Control,910,361,0.00,0.00,None,N/A,
143.0410,asiya,SliderControl,Slider Control,910,361,0.00,0.00,None,N/A,
143.0516,asiya,SliderControl,Slider Control,910,361,0.00,0.00,None,N/A,
143.0610,asiya,SliderControl,Slider Control,910,361,0.00,0.00,None,N/A,
143.0714,asiya,SliderControl,Slider Control,910,361,0.00,0.00,None,N/A,
143.0817,asiya,SliderControl,Slider Control,910,361,0.00,0.00,None,N/A,
143.0913,asiya,SliderControl,Slider Control,910,361,0.00,0.00,None,N/A,
143.1017,asiya,SliderControl,Slider Control,910,361,0.00,0.00,None,N/A,
143.1111,asiya,SliderControl,Slider Control,910,361,0.00,0.00,None,N/A,
143.1216,asiya,SliderControl,Slider Control,910,361,0.00,0.00,None,N/A,
143.1312,asiya,SliderControl,Slider Control,910,361,0.00,0.00,None,N/A,
143.1417,asiya,SliderControl,Slider Control,910,361,0.00,0.00,None,N/A,
143.1516,asiya,SliderControl,Slider Control,910,361,0.00,0.00,None,N/A,
143.1612,asiya,SliderControl,Slider Control,910,361,0.00,0.00,None,N/A,
143.1718,asiya,SliderControl,Slider Control,910,361,0.00,0.00,None,N/A,
143.1814,asiya,SliderControl,Slider Control,910,361,0.00,0.00,None,N/A,
143.1910,asiya,SliderControl,Slider Control,910,361,0.00,0.00,None,N/A,
143.2014,asiya,SliderControl,Slider Control,910,361,0.00,0.00,None,N/A,
143.2119,asiya,SliderControl,Slider Control,910,361,0.00,0.00,None,N/A,
143.2215,asiya,SliderControl,Slider Control,910,361,0.00,0.00,None,N/A,
143.2319,asiya,SliderControl,Slider Control,910,361,0.00,0.00,None,N/A,
143.2414,asiya,SliderControl,Slider Control,910,361,0.00,0.00,None,N/A,
143.2518,asiya,SliderControl,Slider Control,910,361,0.00,0.00,None,N/A,
143.2611,asiya,SliderControl,Slider Control,910,361,0.00,0.00,None,N/A,
143.2715,asiya,SliderControl,Slider Control,910,361,0.00,0.00,None,N/A,
143.2819,asiya,SliderControl,Slider Control,910,361,0.00,0.00,None,N/A,
143.2913,asiya,SliderControl,Slider Control,910,361,0.00,0.00,None,N/A,
143.3023,asiya,SliderControl,Slider Control,910,361,0.00,0.00,None,N/A,
143.3123,asiya,SliderControl,Slider Control,910,361,0.00,0.00,None,N/A,
143.3209,asiya,SliderControl,Slider Control,910,361,0.00,0.00,None,N/A,
143.3313,asiya,SliderControl,Slider Control,910,361,0.00,0.00,None,N/A,
143.3423,asiya,SliderControl,Slider Control,910,361,0.00,0.00,None,N/A,
143.3510,asiya,SliderControl,Slider Control,910,362,114.03,13003.17,None,N/A,
143.3614,asiya,SliderControl,Slider Control,910,362,0.00,-11007.91,None,N/A,
143.3710,asiya,SliderControl,Slider Control,910,362,0.00,0.00,None,N/A,
143.3812,asiya,SliderControl,Slider Control,911,363,138.66,13594.82,None,N/A,
143.3915,asiya,SliderControl,Slider Control,911,363,0.00,-13423.50,None,N/A,
143.4015,asiya,SliderControl,Slider Control,911,364,100.30,10059.41,None,N/A,
143.4114,asiya,SliderControl,Slider Control,911,364,0.00,-10151.66,None,N/A,
143.4216,asiya,SliderControl,Slider Control,911,364,0.00,0.00,None,N/A,
143.4312,asiya,SliderControl,Slider Control,911,365,104.21,10860.03,None,N/A,
143.4417,asiya,SliderControl,Slider Control,911,365,0.00,-9909.20,None,N/A,
143.4512,asiya,SliderControl,Slider Control,911,365,0.00,0.00,None,N/A,
143.4618,asiya,SliderControl,Slider Control,911,365,0.00,0.00,None,N/A,
143.4710,asiya,SliderControl,Slider Control,911,365,0.00,0.00,None,N/A,
143.4818,asiya,SliderControl,Slider Control,911,365,0.00,0.00,None,N/A,
143.4913,asiya,SliderControl,Slider Control,911,365,0.00,0.00,None,N/A,
143.5012,asiya,SliderControl,Slider Control,911,365,0.00,0.00,None,N/A,
143.5117,asiya,SliderControl,Slider Control,911,365,0.00,0.00,None,N/A,
143.5211,asiya,SliderControl,Slider Control,911,365,0.00,0.00,None,N/A,
143.5312,asiya,SliderControl,Slider Control,911,366,99.70,9939.73,None,N/A,
143.5418,asiya,SliderControl,Slider Control,911,366,0.00,-9379.25,None,N/A,
143.5515,asiya,SliderControl,Slider Control,911,366,0.00,0.00,None,N/A,
143.5616,asiya,SliderControl,Slider Control,911,367,99.14,9827.75,None,N/A,
143.5719,asiya,SliderControl,Slider Control,911,368,97.05,-202.79,None,N/A,
143.5811,asiya,SliderControl,Slider Control,911,369,108.65,1260.77,None,N/A,
143.5919,asiya,SliderControl,Slider Control,911,370,92.75,-1474.74,None,N/A,
143.6016,asiya,SliderControl,Slider Control,911,371,102.75,1027.15,None,N/A,
143.6113,asiya,SliderControl,Slider Control,910,371,103.22,48.54,None,N/A,
143.6218,asiya,SliderControl,Slider Control,910,371,0.00,-9853.00,None,N/A,
143.6312,asiya,SliderControl,Slider Control,910,372,106.03,11241.63,None,N/A,
143.6417,asiya,SliderControl,Slider Control,910,372,0.00,-10097.58,None,N/A,
143.6516,asiya,SliderControl,Slider Control,910,372,0.00,0.00,None,N/A,
143.6612,asiya,SliderControl,Slider Control,910,372,0.00,0.00,None,N/A,
143.6717,asiya,SliderControl,Slider Control,910,372,0.00,0.00,None,N/A,
143.6813,asiya,SliderControl,Slider Control,910,372,0.00,0.00,None,N/A,
143.6918,asiya,SliderControl,Slider Control,910,372,0.00,0.00,None,N/A,
143.7012,asiya,SliderControl,Slider Control,910,372,0.00,0.00,None,N/A,
143.7114,asiya,SliderControl,Slider Control,910,372,0.00,0.00,None,N/A,
143.7218,asiya,SliderControl,Slider Control,910,371,95.91,9199.01,None,N/A,
143.7311,asiya,SliderControl,Slider Control,910,370,107.37,1230.64,None,N/A,
143.7416,asiya,SliderControl,Slider Control,910,370,0.00,-10214.20,None,N/A,
143.7511,asiya,SliderControl,Slider Control,910,370,0.00,0.00,None,N/A,
143.7615,asiya,SliderControl,Slider Control,910,370,0.00,0.00,None,N/A,
143.7710,asiya,SliderControl,Slider Control,910,370,0.00,0.00,None,N/A,
143.7815,asiya,SliderControl,Slider Control,910,370,0.00,0.00,None,N/A,
143.7911,asiya,SliderControl,Slider Control,910,370,0.00,0.00,None,N/A,
143.8016,asiya,SliderControl,Slider Control,910,370,0.00,0.00,None,N/A,
143.8110,asiya,SliderControl,Slider Control,910,370,0.00,0.00,None,N/A,
143.8216,asiya,SliderControl,Slider Control,910,370,0.00,0.00,None,N/A,
143.8313,asiya,SliderControl,Slider Control,910,370,0.00,0.00,None,N/A,
143.8419,asiya,SliderControl,Slider Control,910,370,0.00,0.00,None,N/A,
143.8513,asiya,SliderControl,Slider Control,910,370,0.00,0.00,None,N/A,
143.8617,asiya,SliderControl,Slider Control,910,370,0.00,0.00,None,N/A,
143.8713,asiya,SliderControl,Slider Control,910,370,0.00,0.00,None,N/A,
143.8818,asiya,SliderControl,Slider Control,910,370,0.00,0.00,None,N/A,
143.8914,asiya,SliderControl,Slider Control,910,370,0.00,0.00,None,N/A,
143.9009,asiya,SliderControl,Slider Control,910,370,0.00,0.00,None,N/A,
143.9114,asiya,SliderControl,Slider Control,910,370,0.00,0.00,None,N/A,
143.9218,asiya,SliderControl,Slider Control,910,370,0.00,0.00,None,N/A,
143.9312,asiya,SliderControl,Slider Control,910,370,0.00,0.00,None,N/A,
143.9418,asiya,SliderControl,Slider Control,910,370,0.00,0.00,None,N/A,
143.9515,asiya,SliderControl,Slider Control,910,370,0.00,0.00,None,N/A,
143.9619,asiya,SliderControl,Slider Control,910,370,0.00,0.00,None,N/A,
143.9713,asiya,SliderControl,Slider Control,910,370,0.00,0.00,None,N/A,
143.9816,asiya,SliderControl,Slider Control,910,370,0.00,0.00,None,N/A,
143.9911,asiya,SliderControl,Slider Control,910,370,0.00,0.00,None,N/A,
144.0016,asiya,SliderControl,Slider Control,910,370,0.00,0.00,None,N/A,
144.0119,asiya,SliderControl,Slider Control,910,370,0.00,0.00,None,N/A,
144.0214,asiya,SliderControl,Slider Control,910,370,0.00,0.00,None,N/A,
144.0319,asiya,SliderControl,Slider Control,910,370,0.00,0.00,None,N/A,
144.0416,asiya,SliderControl,Slider Control,910,370,0.00,0.00,None,N/A,
144.0512,asiya,SliderControl,Slider Control,910,370,0.00,0.00,None,N/A,
144.0617,asiya,SliderControl,Slider Control,910,370,0.00,0.00,None,N/A,
144.0712,asiya,SliderControl,Slider Control,910,370,0.00,0.00,None,N/A,
144.0816,asiya,SliderControl,Slider Control,910,370,0.00,0.00,None,N/A,
144.0912,asiya,SliderControl,Slider Control,910,370,0.00,0.00,None,N/A,
144.1016,asiya,SliderControl,Slider Control,910,370,0.00,0.00,None,N/A,
144.1110,asiya,SliderControl,Slider Control,910,370,0.00,0.00,None,N/A,
144.1217,asiya,SliderControl,Slider Control,910,370,0.00,0.00,None,N/A,
144.1314,asiya,SliderControl,Slider Control,910,370,0.00,0.00,None,N/A,
144.1411,asiya,SliderControl,Slider Control,910,370,0.00,0.00,None,N/A,
144.1517,asiya,SliderControl,Slider Control,910,370,0.00,0.00,None,N/A,
144.1613,asiya,SliderControl,Slider Control,910,370,0.00,0.00,None,N/A,
144.1718,asiya,SliderControl,Slider Control,910,370,0.00,0.00,None,N/A,
144.1816,asiya,SliderControl,Slider Control,910,370,0.00,0.00,None,N/A,
144.1912,asiya,SliderControl,Slider Control,910,370,0.00,0.00,None,N/A,
144.2021,asiya,SliderControl,Slider Control,910,370,0.00,0.00,None,N/A,
144.2117,asiya,SliderControl,Slider Control,910,370,0.00,0.00,None,N/A,
144.2211,asiya,SliderControl,Slider Control,910,370,0.00,0.00,None,N/A,
144.2315,asiya,SliderControl,Slider Control,910,370,0.00,0.00,None,N/A,
144.2410,asiya,SliderControl,Slider Control,910,370,0.00,0.00,None,N/A,
144.2514,asiya,SliderControl,Slider Control,910,370,0.00,0.00,None,N/A,
144.2619,asiya,SliderControl,Slider Control,910,370,0.00,0.00,None,N/A,
144.2716,asiya,SliderControl,Slider Control,910,370,0.00,0.00,None,N/A,
144.2815,asiya,SliderControl,Slider Control,910,370,0.00,0.00,None,N/A,
144.2911,asiya,SliderControl,Slider Control,910,370,0.00,0.00,None,N/A,
144.3016,asiya,SliderControl,Slider Control,910,370,0.00,0.00,Left,N/A,
144.3111,asiya,SliderControl,Slider Control,910,370,0.00,0.00,Left,N/A,
144.3217,asiya,SliderControl,Slider Control,910,370,0.00,0.00,Left,N/A,
144.3316,asiya,SliderControl,Slider Control,910,370,0.00,0.00,Left,N/A,
144.3412,asiya,SliderControl,Slider Control,910,370,0.00,0.00,Left,N/A,
144.3519,asiya,SliderControl,Slider Control,910,370,0.00,0.00,Left,N/A,
144.3613,asiya,SliderControl,Slider Control,910,370,0.00,0.00,Left,N/A,
144.3717,asiya,SliderControl,Slider Control,910,370,0.00,0.00,Left,N/A,
144.3811,asiya,SliderControl,Slider Control,910,370,0.00,0.00,Left,N/A,
144.3916,asiya,SliderControl,Slider Control,910,370,0.00,0.00,Left,N/A,
144.4011,asiya,SliderControl,Slider Control,910,370,0.00,0.00,Left,N/A,
144.4117,asiya,SliderControl,Slider Control,910,370,0.00,0.00,Left,N/A,
144.4212,asiya,SliderControl,Slider Control,910,370,0.00,0.00,Left,N/A,
144.4313,asiya,SliderControl,Slider Control,896,371,1385.34,136734.23,Left,N/A,
144.4410,asiya,SliderControl,Slider Control,810,378,8912.55,777506.49,Left,N/A,
144.4518,asiya,SliderControl,Slider Control,792,381,1697.13,-671049.71,Left,N/A,
144.4611,asiya,SliderControl,Slider Control,782,382,1079.00,-66365.20,Left,N/A,
144.4713,asiya,SliderControl,Slider Control,764,384,1775.06,68222.20,Left,N/A,
144.4813,asiya,SliderControl,Slider Control,756,385,805.42,-96867.46,Left,N/A,
144.4911,asiya,SliderControl,Slider Control,743,386,1322.51,52449.15,Left,N/A,
144.5015,asiya,SliderControl,Slider Control,737,387,584.78,-70923.25,Left,N/A,
144.5115,asiya,SliderControl,Slider Control,725,388,1207.07,62378.60,Left,N/A,
144.5213,asiya,SliderControl,Slider Control,719,389,620.48,-59835.58,Left,N/A,
144.5310,asiya,SliderControl,Slider Control,708,390,1138.44,53385.46,Left,N/A,
144.5410,asiya,SliderControl,Slider Control,703,390,500.50,-63857.65,Left,N/A,
144.5512,asiya,SliderControl,Slider Control,695,391,791.19,28527.02,Left,N/A,
144.5615,asiya,SliderControl,Slider Control,691,391,388.48,-39111.42,Left,N/A,
144.5713,asiya,SliderControl,Slider Control,688,391,304.85,-8498.17,Left,N/A,
144.5819,asiya,SliderControl,Slider Control,682,391,568.31,24954.42,Left,N/A,
144.5910,asiya,SliderControl,Slider Control,680,391,218.68,-38228.05,Left,N/A,
144.6012,asiya,SliderControl,Slider Control,677,391,294.20,7406.38,Left,N/A,
144.6115,asiya,SliderControl,Slider Control,676,391,97.96,-19223.73,Left,N/A,
144.6217,asiya,SliderControl,Slider Control,674,390,218.10,11718.06,Left,N/A,
144.6319,asiya,SliderControl,Slider Control,673,390,97.73,-11763.85,Left,N/A,
144.6411,asiya,SliderControl,Slider Control,672,390,108.60,1180.70,Left,N/A,
144.6512,asiya,SliderControl,Slider Control,672,390,0.00,-10769.81,Left,N/A,
144.6609,asiya,SliderControl,Slider Control,671,389,146.34,15143.94,Left,N/A,
144.6709,asiya,SliderControl,Slider Control,671,389,0.00,-14564.68,Left,N/A,
144.6819,asiya,SliderControl,Slider Control,671,389,0.00,0.00,Left,N/A,
144.6913,asiya,SliderControl,Slider Control,671,389,0.00,0.00,Left,N/A,
144.7017,asiya,SliderControl,Slider Control,671,389,0.00,0.00,Left,N/A,
144.7110,asiya,SliderControl,Slider Control,671,389,0.00,0.00,Left,N/A,
144.7215,asiya,SliderControl,Slider Control,671,389,0.00,0.00,Left,N/A,
144.7316,asiya,SliderControl,Slider Control,671,389,0.00,0.00,Left,N/A,
144.7419,asiya,SliderControl,Slider Control,671,389,0.00,0.00,Left,N/A,
144.7514,asiya,SliderControl,Slider Control,672,389,106.07,11250.73,Left,N/A,
144.7612,asiya,SliderControl,Slider Control,672,389,0.00,-10764.54,Left,N/A,
144.7716,asiya,SliderControl,Slider Control,672,389,0.00,0.00,Left,N/A,
144.7811,asiya,SliderControl,Slider Control,672,389,0.00,0.00,Left,N/A,
144.7916,asiya,SliderControl,Slider Control,672,389,0.00,0.00,Left,N/A,
144.8010,asiya,SliderControl,Slider Control,672,389,0.00,0.00,Left,N/A,
144.8115,asiya,SliderControl,Slider Control,672,389,0.00,0.00,Left,N/A,
144.8210,asiya,SliderControl,Slider Control,671,389,105.09,11043.10,Left,N/A,
144.8316,asiya,SliderControl,Slider Control,671,389,0.00,-9876.16,Left,N/A,
144.8415,asiya,SliderControl,Slider Control,671,389,0.00,0.00,Left,N/A,
144.8514,asiya,SliderControl,Slider Control,670,389,100.20,10040.67,Left,N/A,
144.8611,asiya,SliderControl,Slider Control,669,389,103.41,331.33,Left,N/A,
144.8710,asiya,SliderControl,Slider Control,668,389,101.31,-212.80,Left,N/A,
144.8818,asiya,SliderControl,Slider Control,665,389,277.02,16224.80,Left,N/A,
144.8916,asiya,SliderControl,Slider Control,664,389,101.96,-17848.88,Left,N/A,
144.9012,asiya,SliderControl,Slider Control,662,389,209.59,11278.80,Left,N/A,
144.9115,asiya,SliderControl,Slider Control,661,389,96.46,-10912.51,Left,N/A,
144.9209,asiya,SliderControl,Slider Control,660,390,150.13,5697.75,Left,N/A,
144.9316,asiya,SliderControl,Slider Control,659,390,93.93,-5279.12,Left,N/A,
144.9415,asiya,SliderControl,Slider Control,658,391,141.94,4818.19,Left,N/A,
144.9510,asiya,SliderControl,Slider Control,657,391,105.40,-3851.57,Left,N/A,
144.9615,asiya,SliderControl,Slider Control,657,392,95.16,-973.73,Left,N/A,
144.9718,asiya,SliderControl,Slider Control,656,392,97.08,186.25,Left,N/A,
144.9819,asiya,SliderControl,Slider Control,656,393,99.42,232.20,Left,N/A,
144.9919,asiya,SliderControl,Slider Control,656,393,0.00,-9991.50,Left,N/A,
145.0013,asiya,SliderControl,Slider Control,656,394,105.42,11113.16,Left,N/A,
145.0110,asiya,SliderControl,Slider Control,657,395,146.96,4316.94,Left,N/A,
145.0215,asiya,SliderControl,Slider Control,657,395,0.00,-13959.90,Left,N/A,
145.0311,asiya,SliderControl,Slider Control,657,395,0.00,0.00,Left,N/A,
145.0318,asiya,SliderControl,Slider Control,657,395,0.00,0.00,None,N/A,slider_released_missed
145.0415,asiya,SliderControl,Slider Control,657,395,0.00,0.00,None,N/A,
145.0519,asiya,SliderControl,Slider Control,657,395,0.00,0.00,None,N/A,
145.0613,asiya,SliderControl,Slider Control,657,395,0.00,0.00,None,N/A,
145.0717,asiya,SliderControl,Slider Control,657,395,0.00,0.00,None,N/A,
145.0812,asiya,SliderControl,Slider Control,657,395,0.00,0.00,None,N/A,
145.0917,asiya,SliderControl,Slider Control,657,395,0.00,0.00,None,N/A,
145.1012,asiya,SliderControl,Slider Control,657,395,0.00,0.00,None,N/A,
145.1117,asiya,SliderControl,Slider Control,657,395,0.00,0.00,None,N/A,
145.1213,asiya,SliderControl,Slider Control,657,395,0.00,0.00,None,N/A,
145.1319,asiya,SliderControl,Slider Control,657,395,0.00,0.00,None,N/A,
145.1414,asiya,SliderControl,Slider Control,657,395,0.00,0.00,None,N/A,
145.1519,asiya,SliderControl,Slider Control,657,395,0.00,0.00,None,N/A,
145.1614,asiya,SliderControl,Slider Control,657,395,0.00,0.00,None,N/A,
145.1719,asiya,SliderControl,Slider Control,657,395,0.00,0.00,None,N/A,
145.1814,asiya,SliderControl,Slider Control,657,395,0.00,0.00,None,N/A,
145.1920,asiya,SliderControl,Slider Control,657,395,0.00,0.00,None,N/A,
145.2015,asiya,SliderControl,Slider Control,657,395,0.00,0.00,None,N/A,
145.2115,asiya,SliderControl,Slider Control,657,395,0.00,0.00,None,N/A,
145.2214,asiya,SliderControl,Slider Control,657,395,0.00,0.00,None,N/A,
145.2316,asiya,SliderControl,Slider Control,657,395,0.00,0.00,None,N/A,
145.2412,asiya,SliderControl,Slider Control,657,395,0.00,0.00,None,N/A,
145.2521,asiya,SliderControl,Slider Control,657,395,0.00,0.00,None,N/A,
145.2622,asiya,SliderControl,Slider Control,657,395,0.00,0.00,None,N/A,
145.2724,asiya,SliderControl,Slider Control,657,395,0.00,0.00,None,N/A,
145.2814,asiya,SliderControl,Slider Control,657,395,0.00,0.00,None,N/A,
145.2910,asiya,SliderControl,Slider Control,657,395,0.00,0.00,None,N/A,
145.3020,asiya,SliderControl,Slider Control,657,395,0.00,0.00,None,N/A,
145.3116,asiya,SliderControl,Slider Control,657,395,0.00,0.00,None,N/A,
145.3210,asiya,SliderControl,Slider Control,657,395,0.00,0.00,None,N/A,
145.3315,asiya,SliderControl,Slider Control,657,395,0.00,0.00,None,N/A,
145.3410,asiya,SliderControl,Slider Control,657,395,0.00,0.00,None,N/A,
145.3515,asiya,SliderControl,Slider Control,657,395,0.00,0.00,None,N/A,
145.3611,asiya,SliderControl,Slider Control,657,395,0.00,0.00,None,N/A,
145.3717,asiya,SliderControl,Slider Control,657,395,0.00,0.00,None,N/A,
145.3818,asiya,SliderControl,Slider Control,657,395,0.00,0.00,None,N/A,
145.3916,asiya,SliderControl,Slider Control,657,395,0.00,0.00,None,N/A,
145.4012,asiya,SliderControl,Slider Control,657,395,0.00,0.00,None,N/A,
145.4117,asiya,SliderControl,Slider Control,657,395,0.00,0.00,None,N/A,
145.4212,asiya,SliderControl,Slider Control,657,395,0.00,0.00,None,N/A,
145.4317,asiya,SliderControl,Slider Control,657,395,0.00,0.00,None,N/A,
145.4412,asiya,SliderControl,Slider Control,657,395,0.00,0.00,None,N/A,
145.4516,asiya,SliderControl,Slider Control,657,395,0.00,0.00,None,N/A,
145.4611,asiya,SliderControl,Slider Control,657,395,0.00,0.00,None,N/A,
145.4715,asiya,SliderControl,Slider Control,657,395,0.00,0.00,None,N/A,
145.4810,asiya,SliderControl,Slider Control,657,395,0.00,0.00,None,N/A,
145.4916,asiya,SliderControl,Slider Control,657,395,0.00,0.00,None,N/A,
145.5010,asiya,SliderControl,Slider Control,657,395,0.00,0.00,None,N/A,
145.5113,asiya,SliderControl,Slider Control,657,395,0.00,0.00,None,N/A,
145.5217,asiya,SliderControl,Slider Control,657,395,0.00,0.00,None,N/A,
145.5313,asiya,SliderControl,Slider Control,657,395,0.00,0.00,None,N/A,
145.5419,asiya,SliderControl,Slider Control,657,395,0.00,0.00,None,N/A,
145.5516,asiya,SliderControl,Slider Control,657,395,0.00,0.00,None,N/A,
145.5612,asiya,SliderControl,Slider Control,657,395,0.00,0.00,None,N/A,
145.5717,asiya,SliderControl,Slider Control,657,395,0.00,0.00,None,N/A,
145.5813,asiya,SliderControl,Slider Control,657,395,0.00,0.00,None,N/A,
145.5918,asiya,SliderControl,Slider Control,657,395,0.00,0.00,None,N/A,
145.6013,asiya,SliderControl,Slider Control,657,395,0.00,0.00,None,N/A,
145.6117,asiya,SliderControl,Slider Control,657,395,0.00,0.00,None,N/A,
145.6212,asiya,SliderControl,Slider Control,657,395,0.00,0.00,None,N/A,
145.6316,asiya,SliderControl,Slider Control,657,395,0.00,0.00,None,N/A,
145.6411,asiya,SliderControl,Slider Control,657,395,0.00,0.00,None,N/A,
145.6516,asiya,SliderControl,Slider Control,657,395,0.00,0.00,None,N/A,
145.6613,asiya,SliderControl,Slider Control,657,395,0.00,0.00,None,N/A,
145.6718,asiya,SliderControl,Slider Control,657,395,0.00,0.00,None,N/A,
145.6813,asiya,SliderControl,Slider Control,657,395,0.00,0.00,None,N/A,
145.6918,asiya,SliderControl,Slider Control,657,395,0.00,0.00,None,N/A,
145.7012,asiya,SliderControl,Slider Control,657,395,0.00,0.00,None,N/A,
145.7115,asiya,SliderControl,Slider Control,657,395,0.00,0.00,None,N/A,
145.7209,asiya,SliderControl,Slider Control,657,395,0.00,0.00,None,N/A,
145.7316,asiya,SliderControl,Slider Control,657,395,0.00,0.00,None,N/A,
145.7411,asiya,SliderControl,Slider Control,657,395,0.00,0.00,None,N/A,
145.7516,asiya,SliderControl,Slider Control,657,395,0.00,0.00,None,N/A,
145.7610,asiya,SliderControl,Slider Control,657,395,0.00,0.00,None,N/A,
145.7714,asiya,SliderControl,Slider Control,657,395,0.00,0.00,None,N/A,
145.7810,asiya,SliderControl,Slider Control,657,395,0.00,0.00,None,N/A,
145.7914,asiya,SliderControl,Slider Control,656,391,398.87,38587.43,None,N/A,
145.8010,asiya,SliderControl,Slider Control,654,385,659.21,27134.36,None,N/A,
145.8111,asiya,SliderControl,Slider Control,653,382,310.23,-34235.70,None,N/A,
145.8218,asiya,SliderControl,Slider Control,653,377,467.43,14695.50,None,N/A,
145.8315,asiya,SliderControl,Slider Control,652,375,232.72,-24427.12,None,N/A,
145.8414,asiya,SliderControl,Slider Control,652,371,404.09,17311.79,None,N/A,
145.8510,asiya,SliderControl,Slider Control,652,370,103.73,-31156.77,None,N/A,
145.8610,asiya,SliderControl,Slider Control,652,368,199.50,9552.00,None,N/A,
145.8717,asiya,SliderControl,Slider Control,652,366,186.49,-1212.55,None,N/A,
145.8817,asiya,SliderControl,Slider Control,652,365,100.20,-8646.54,None,N/A,
145.8911,asiya,SliderControl,Slider Control,652,363,212.69,11962.77,None,N/A,
145.9020,asiya,SliderControl,Slider Control,652,363,0.00,-19550.64,None,N/A,
145.9118,asiya,SliderControl,Slider Control,652,361,204.70,20951.05,None,N/A,
145.9214,asiya,SliderControl,Slider Control,652,361,0.00,-21293.48,None,N/A,
145.9314,asiya,SliderControl,Slider Control,652,360,100.35,10070.48,None,N/A,
145.9413,asiya,SliderControl,Slider Control,653,360,100.92,57.76,None,N/A,
145.9516,asiya,SliderControl,Slider Control,653,360,0.00,-9755.62,None,N/A,
145.9610,asiya,SliderControl,Slider Control,653,359,106.95,11437.39,None,N/A,
145.9714,asiya,SliderControl,Slider Control,654,359,96.12,-1040.36,None,N/A,
145.9814,asiya,SliderControl,Slider Control,654,358,99.86,373.19,None,N/A,
145.9913,asiya,SliderControl,Slider Control,654,358,0.00,-10090.14,None,N/A,
146.0018,asiya,SliderControl,Slider Control,655,357,134.38,12768.23,None,N/A,
146.0110,asiya,SliderControl,Slider Control,655,356,108.12,-2838.83,None,N/A,
146.0214,asiya,SliderControl,Slider Control,657,356,192.38,8104.57,None,N/A,
146.0314,asiya,SliderControl,Slider Control,657,355,100.20,-9236.19,None,N/A,
146.0413,asiya,SliderControl,Slider Control,659,355,201.45,10198.91,None,N/A,
146.0510,asiya,SliderControl,Slider Control,659,354,103.59,-10137.38,None,N/A,
146.0615,asiya,SliderControl,Slider Control,660,354,95.12,-805.80,None,N/A,
146.0717,asiya,SliderControl,Slider Control,661,354,98.00,282.50,None,N/A,
146.0809,asiya,SliderControl,Slider Control,661,354,0.00,-10681.10,None,N/A,
146.0911,asiya,SliderControl,Slider Control,662,354,97.82,9568.21,None,N/A,
146.1016,asiya,SliderControl,Slider Control,662,354,0.00,-9314.70,None,N/A,
146.1117,asiya,SliderControl,Slider Control,663,355,140.23,13904.46,None,N/A,
146.1214,asiya,SliderControl,Slider Control,663,355,0.00,-14392.72,None,N/A,
146.1316,asiya,SliderControl,Slider Control,664,356,139.90,13838.95,None,N/A,
146.1411,asiya,SliderControl,Slider Control,664,356,0.00,-14712.32,None,N/A,
146.1520,asiya,SliderControl,Slider Control,665,357,129.63,11882.83,None,N/A,
146.1617,asiya,SliderControl,Slider Control,665,357,0.00,-13288.42,None,N/A,
146.1709,asiya,SliderControl,Slider Control,666,358,153.55,16671.91,None,N/A,
146.1817,asiya,SliderControl,Slider Control,666,358,0.00,-14233.78,None,N/A,
146.1909,asiya,SliderControl,Slider Control,667,359,154.00,16770.75,None,N/A,
146.2012,asiya,SliderControl,Slider Control,667,359,0.00,-14918.52,None,N/A,
146.2116,asiya,SliderControl,Slider Control,667,359,0.00,0.00,None,N/A,
146.2214,asiya,SliderControl,Slider Control,667,359,0.00,0.00,None,N/A,
146.2315,asiya,SliderControl,Slider Control,668,359,99.44,9887.96,None,N/A,
146.2418,asiya,SliderControl,Slider Control,668,359,0.00,-9631.31,None,N/A,
146.2511,asiya,SliderControl,Slider Control,669,359,107.20,11492.41,None,N/A,
146.2615,asiya,SliderControl,Slider Control,669,360,96.36,-1044.53,None,N/A,
146.2719,asiya,SliderControl,Slider Control,669,360,0.00,-9273.93,None,N/A,
146.2810,asiya,SliderControl,Slider Control,670,360,110.45,12200.29,None,N/A,
146.2915,asiya,SliderControl,Slider Control,670,360,0.00,-10487.65,None,N/A,
146.3010,asiya,SliderControl,Slider Control,671,360,105.02,11028.18,None,N/A,
146.3114,asiya,SliderControl,Slider Control,671,360,0.00,-10056.98,None,N/A,
146.3219,asiya,SliderControl,Slider Control,671,360,0.00,0.00,None,N/A,
146.3315,asiya,SliderControl,Slider Control,671,360,0.00,0.00,None,N/A,
146.3410,asiya,SliderControl,Slider Control,671,360,0.00,0.00,None,N/A,
146.3516,asiya,SliderControl,Slider Control,671,360,0.00,0.00,None,N/A,
146.3612,asiya,SliderControl,Slider Control,671,360,0.00,0.00,None,N/A,
146.3718,asiya,SliderControl,Slider Control,671,360,0.00,0.00,None,N/A,
146.3813,asiya,SliderControl,Slider Control,671,360,0.00,0.00,None,N/A,
146.3919,asiya,SliderControl,Slider Control,671,360,0.00,0.00,None,N/A,
146.4019,asiya,SliderControl,Slider Control,670,359,141.83,14224.11,None,N/A,
146.4117,asiya,SliderControl,Slider Control,670,358,101.85,-4071.85,None,N/A,
146.4217,asiya,SliderControl,Slider Control,669,358,99.57,-227.50,None,N/A,
146.4309,asiya,SliderControl,Slider Control,669,356,218.85,13052.81,None,N/A,
146.4419,asiya,SliderControl,Slider Control,668,355,128.43,-8211.60,None,N/A,
146.4514,asiya,SliderControl,Slider Control,668,354,105.14,-2448.96,None,N/A,
146.4616,asiya,SliderControl,Slider Control,668,353,98.25,-676.34,None,N/A,
146.4712,asiya,SliderControl,Slider Control,668,353,0.00,-10216.71,None,N/A,
146.4812,asiya,SliderControl,Slider Control,668,352,100.10,10020.08,None,N/A,
146.4920,asiya,SliderControl,Slider Control,668,352,0.00,-9300.27,None,N/A,
146.5015,asiya,SliderControl,Slider Control,668,352,0.00,0.00,None,N/A,
146.5110,asiya,SliderControl,Slider Control,668,351,105.59,11149.56,None,N/A,
146.5213,asiya,SliderControl,Slider Control,668,351,0.00,-10202.32,None,N/A,
146.5319,asiya,SliderControl,Slider Control,668,351,0.00,0.00,None,N/A,
146.5414,asiya,SliderControl,Slider Control,668,351,0.00,0.00,None,N/A,
146.5518,asiya,SliderControl,Slider Control,668,351,0.00,0.00,None,N/A,
146.5614,asiya,SliderControl,Slider Control,668,351,0.00,0.00,None,N/A,
146.5718,asiya,SliderControl,Slider Control,668,351,0.00,0.00,None,N/A,
146.5813,asiya,SliderControl,Slider Control,668,351,0.00,0.00,None,N/A,
146.5918,asiya,SliderControl,Slider Control,668,351,0.00,0.00,None,N/A,
146.6015,asiya,SliderControl,Slider Control,668,351,0.00,0.00,None,N/A,
146.6116,asiya,SliderControl,Slider Control,668,352,99.72,9944.93,None,N/A,
146.6215,asiya,SliderControl,Slider Control,668,353,100.86,114.15,None,N/A,
146.6310,asiya,SliderControl,Slider Control,668,355,209.80,11428.91,None,N/A,
146.6410,asiya,SliderControl,Slider Control,668,356,99.93,-10979.78,None,N/A,
146.6516,asiya,SliderControl,Slider Control,667,359,297.85,18641.44,None,N/A,
146.6619,asiya,SliderControl,Slider Control,667,361,195.68,-9996.51,None,N/A,
146.6714,asiya,SliderControl,Slider Control,666,364,331.06,14173.33,None,N/A,
146.6811,asiya,SliderControl,Slider Control,665,365,146.11,-19108.10,None,N/A,
146.6918,asiya,SliderControl,Slider Control,664,368,296.34,14078.06,None,N/A,
146.7016,asiya,SliderControl,Slider Control,663,369,143.95,-15511.41,None,N/A,
146.7118,asiya,SliderControl,Slider Control,662,370,139.18,-469.38,None,N/A,
146.7211,asiya,SliderControl,Slider Control,661,372,239.38,10726.95,None,N/A,
146.7312,asiya,SliderControl,Slider Control,660,373,140.23,-9831.74,None,N/A,
146.7413,asiya,SliderControl,Slider Control,659,375,221.30,8023.75,None,N/A,
146.7516,asiya,SliderControl,Slider Control,659,376,96.63,-12047.10,None,N/A,
146.7614,asiya,SliderControl,Slider Control,658,377,144.42,4880.47,None,N/A,
146.7710,asiya,SliderControl,Slider Control,658,377,0.00,-15034.59,None,N/A,
146.7819,asiya,SliderControl,Slider Control,657,378,130.03,11955.88,None,N/A,
146.7916,asiya,SliderControl,Slider Control,657,378,0.00,-13411.15,None,N/A,
146.8014,asiya,SliderControl,Slider Control,657,379,102.31,10466.84,None,N/A,
146.8112,asiya,SliderControl,Slider Control,657,379,0.00,-10371.47,None,N/A,
146.8219,asiya,SliderControl,Slider Control,657,379,0.00,0.00,None,N/A,
146.8316,asiya,SliderControl,Slider Control,657,379,0.00,0.00,None,N/A,
146.8411,asiya,SliderControl,Slider Control,657,379,0.00,0.00,None,N/A,
146.8515,asiya,SliderControl,Slider Control,657,379,0.00,0.00,None,N/A,
146.8619,asiya,SliderControl,Slider Control,657,379,0.00,0.00,None,N/A,
146.8714,asiya,SliderControl,Slider Control,657,379,0.00,0.00,None,N/A,
146.8819,asiya,SliderControl,Slider Control,657,379,0.00,0.00,None,N/A,
146.8914,asiya,SliderControl,Slider Control,657,379,0.00,0.00,None,N/A,
146.9019,asiya,SliderControl,Slider Control,657,379,0.00,0.00,None,N/A,
146.9114,asiya,SliderControl,Slider Control,657,379,0.00,0.00,None,N/A,
146.9218,asiya,SliderControl,Slider Control,657,379,0.00,0.00,None,N/A,
146.9314,asiya,SliderControl,Slider Control,657,379,0.00,0.00,None,N/A,
146.9415,asiya,SliderControl,Slider Control,657,378,99.01,9802.25,None,N/A,
146.9515,asiya,SliderControl,Slider Control,657,378,0.00,-9876.15,None,N/A,
146.9614,asiya,SliderControl,Slider Control,657,377,100.91,10182.73,None,N/A,
146.9712,asiya,SliderControl,Slider Control,657,376,101.82,92.79,None,N/A,
146.9819,asiya,SliderControl,Slider Control,658,375,132.14,2832.96,None,N/A,
146.9913,asiya,SliderControl,Slider Control,658,374,106.39,-2739.38,None,N/A,
147.0012,asiya,SliderControl,Slider Control,659,372,226.63,12185.93,None,N/A,
147.0116,asiya,SliderControl,Slider Control,659,371,96.22,-12547.71,None,N/A,
147.0213,asiya,SliderControl,Slider Control,660,370,145.64,5090.25,None,N/A,
147.0310,asiya,SliderControl,Slider Control,660,369,103.05,-4389.06,None,N/A,
147.0416,asiya,SliderControl,Slider Control,661,368,133.15,2833.41,None,N/A,
147.0513,asiya,SliderControl,Slider Control,661,368,0.00,-13803.60,None,N/A,
147.0612,asiya,SliderControl,Slider Control,661,368,0.00,0.00,None,N/A,
147.0718,asiya,SliderControl,Slider Control,661,367,93.74,8787.59,None,N/A,
147.0818,asiya,SliderControl,Slider Control,661,367,0.00,-9372.66,None,N/A,
147.0918,asiya,SliderControl,Slider Control,661,367,0.00,0.00,None,N/A,
147.1012,asiya,SliderControl,Slider Control,661,367,0.00,0.00,None,N/A,
147.1116,asiya,SliderControl,Slider Control,661,367,0.00,0.00,None,N/A,
147.1211,asiya,SliderControl,Slider Control,661,367,0.00,0.00,None,N/A,
147.1317,asiya,SliderControl,Slider Control,661,367,0.00,0.00,None,N/A,
147.1412,asiya,SliderControl,Slider Control,661,367,0.00,0.00,None,N/A,
147.1517,asiya,SliderControl,Slider Control,661,367,0.00,0.00,None,N/A,
147.1613,asiya,SliderControl,Slider Control,662,367,103.52,10717.37,None,N/A,
147.1712,asiya,SliderControl,Slider Control,662,367,0.00,-10553.52,None,N/A,
147.1818,asiya,SliderControl,Slider Control,662,367,0.00,0.00,None,N/A,
147.1913,asiya,SliderControl,Slider Control,662,367,0.00,0.00,None,N/A,
147.2019,asiya,SliderControl,Slider Control,662,367,0.00,0.00,None,N/A,
147.2117,asiya,SliderControl,Slider Control,662,367,0.00,0.00,None,N/A,
147.2213,asiya,SliderControl,Slider Control,662,367,0.00,0.00,None,N/A,
147.2321,asiya,SliderControl,Slider Control,662,367,0.00,0.00,None,N/A,
147.2418,asiya,SliderControl,Slider Control,662,367,0.00,0.00,None,N/A,
147.2513,asiya,SliderControl,Slider Control,662,367,0.00,0.00,None,N/A,
147.2618,asiya,SliderControl,Slider Control,662,367,0.00,0.00,None,N/A,
147.2714,asiya,SliderControl,Slider Control,662,367,0.00,0.00,None,N/A,
147.2819,asiya,SliderControl,Slider Control,662,367,0.00,0.00,None,N/A,
147.2914,asiya,SliderControl,Slider Control,662,367,0.00,0.00,None,N/A,
147.3016,asiya,SliderControl,Slider Control,662,367,0.00,0.00,None,N/A,
147.3112,asiya,SliderControl,Slider Control,662,367,0.00,0.00,None,N/A,
147.3219,asiya,SliderControl,Slider Control,662,367,0.00,0.00,None,N/A,
147.3315,asiya,SliderControl,Slider Control,662,367,0.00,0.00,None,N/A,
147.3410,asiya,SliderControl,Slider Control,662,367,0.00,0.00,None,N/A,
147.3515,asiya,SliderControl,Slider Control,662,367,0.00,0.00,None,N/A,
147.3619,asiya,SliderControl,Slider Control,662,367,0.00,0.00,None,N/A,
147.3714,asiya,SliderControl,Slider Control,662,367,0.00,0.00,None,N/A,
147.3819,asiya,SliderControl,Slider Control,662,367,0.00,0.00,None,N/A,
147.3914,asiya,SliderControl,Slider Control,662,367,0.00,0.00,None,N/A,
147.4019,asiya,SliderControl,Slider Control,662,367,0.00,0.00,None,N/A,
147.4113,asiya,SliderControl,Slider Control,662,367,0.00,0.00,Left,N/A,
147.4218,asiya,SliderControl,Slider Control,662,367,0.00,0.00,Left,N/A,
147.4314,asiya,SliderControl,Slider Control,662,367,0.00,0.00,Left,N/A,
147.4418,asiya,SliderControl,Slider Control,662,367,0.00,0.00,Left,N/A,
147.4512,asiya,SliderControl,Slider Control,662,367,0.00,0.00,Left,N/A,
147.4615,asiya,SliderControl,Slider Control,662,367,0.00,0.00,Left,N/A,
147.4710,asiya,SliderControl,Slider Control,662,367,0.00,0.00,Left,N/A,
147.4816,asiya,SliderControl,Slider Control,662,367,0.00,0.00,Left,N/A,
147.4911,asiya,SliderControl,Slider Control,662,367,0.00,0.00,Left,N/A,
147.5016,asiya,SliderControl,Slider Control,662,367,0.00,0.00,Left,N/A,
147.5110,asiya,SliderControl,Slider Control,662,367,0.00,0.00,Left,N/A,
147.5216,asiya,SliderControl,Slider Control,662,367,0.00,0.00,Left,N/A,
147.5312,asiya,SliderControl,Slider Control,662,367,0.00,0.00,Left,N/A,
147.5417,asiya,SliderControl,Slider Control,662,367,0.00,0.00,Left,N/A,
147.5512,asiya,SliderControl,Slider Control,662,367,0.00,0.00,Left,N/A,
147.5615,asiya,SliderControl,Slider Control,665,367,291.81,28384.65,Left,N/A,
147.5712,asiya,SliderControl,Slider Control,675,368,1032.26,76053.76,Left,N/A,
147.5819,asiya,SliderControl,Slider Control,680,368,468.85,-52830.66,Left,N/A,
147.5919,asiya,SliderControl,Slider Control,689,369,907.40,43945.45,Left,N/A,
147.6017,asiya,SliderControl,Slider Control,693,369,409.41,-50970.51,Left,N/A,
147.6110,asiya,SliderControl,Slider Control,702,369,964.58,59500.20,Left,N/A,
147.6209,asiya,SliderControl,Slider Control,706,369,401.35,-56512.81,Left,N/A,
147.6312,asiya,SliderControl,Slider Control,715,369,880.11,46817.76,Left,N/A,
147.6417,asiya,SliderControl,Slider Control,718,369,285.10,-56545.70,Left,N/A,
147.6513,asiya,SliderControl,Slider Control,720,369,207.68,-8039.35,Left,N/A,
147.6612,asiya,SliderControl,Slider Control,725,369,508.52,30597.25,Left,N/A,
147.6719,asiya,SliderControl,Slider Control,726,369,92.95,-38628.45,Left,N/A,
147.6817,asiya,SliderControl,Slider Control,729,369,306.43,21805.19,Left,N/A,
147.6917,asiya,SliderControl,Slider Control,730,369,100.14,-20658.18,Left,N/A,
147.7013,asiya,SliderControl,Slider Control,732,369,208.04,11222.67,Left,N/A,
147.7112,asiya,SliderControl,Slider Control,732,369,0.00,-20985.17,Left,N/A,
147.7218,asiya,SliderControl,Slider Control,734,369,189.28,17913.06,Left,N/A,
147.7316,asiya,SliderControl,Slider Control,734,369,0.00,-19277.11,Left,N/A,
147.7411,asiya,SliderControl,Slider Control,734,369,0.00,0.00,Left,N/A,
147.7512,asiya,SliderControl,Slider Control,735,369,99.68,9935.48,Left,N/A,
147.7617,asiya,SliderControl,Slider Control,735,369,0.00,-9486.62,Left,N/A,
147.7719,asiya,SliderControl,Slider Control,735,369,0.00,0.00,Left,N/A,
147.7756,asiya,SliderControl,Slider Control,735,369,0.00,0.00,None,N/A,slider_released_missed
147.7813,asiya,SliderControl,Slider Control,735,369,0.00,0.00,None,N/A,
147.7917,asiya,SliderControl,Slider Control,735,369,0.00,0.00,None,N/A,
147.8011,asiya,SliderControl,Slider Control,735,369,0.00,0.00,None,N/A,
147.8115,asiya,SliderControl,Slider Control,735,369,0.00,0.00,None,N/A,
147.8210,asiya,SliderControl,Slider Control,735,369,0.00,0.00,None,N/A,
147.8315,asiya,SliderControl,Slider Control,735,369,0.00,0.00,None,N/A,
147.8410,asiya,SliderControl,Slider Control,735,369,0.00,0.00,None,N/A,
147.8515,asiya,SliderControl,Slider Control,735,369,0.00,0.00,None,N/A,
147.8611,asiya,SliderControl,Slider Control,735,369,0.00,0.00,None,N/A,
147.8716,asiya,SliderControl,Slider Control,735,369,0.00,0.00,None,N/A,
147.8812,asiya,SliderControl,Slider Control,735,369,0.00,0.00,None,N/A,
147.8916,asiya,SliderControl,Slider Control,735,369,0.00,0.00,None,N/A,
147.9011,asiya,SliderControl,Slider Control,735,369,0.00,0.00,None,N/A,
147.9115,asiya,SliderControl,Slider Control,735,369,0.00,0.00,None,N/A,
147.9210,asiya,SliderControl,Slider Control,735,369,0.00,0.00,None,N/A,
147.9318,asiya,SliderControl,Slider Control,735,369,0.00,0.00,None,N/A,
147.9413,asiya,SliderControl,Slider Control,735,369,0.00,0.00,None,N/A,
147.9519,asiya,SliderControl,Slider Control,735,369,0.00,0.00,None,N/A,
147.9615,asiya,SliderControl,Slider Control,735,369,0.00,0.00,None,N/A,
147.9709,asiya,SliderControl,Slider Control,735,369,0.00,0.00,None,N/A,
147.9814,asiya,SliderControl,Slider Control,735,369,0.00,0.00,None,N/A,
147.9919,asiya,SliderControl,Slider Control,735,369,0.00,0.00,None,N/A,
148.0013,asiya,SliderControl,Slider Control,735,369,0.00,0.00,None,N/A,
148.0117,asiya,SliderControl,Slider Control,735,369,0.00,0.00,None,N/A,
148.0213,asiya,SliderControl,Slider Control,735,369,0.00,0.00,None,N/A,
148.0319,asiya,SliderControl,Slider Control,735,369,0.00,0.00,None,N/A,
148.0414,asiya,SliderControl,Slider Control,735,369,0.00,0.00,None,N/A,
148.0510,asiya,SliderControl,Slider Control,735,369,0.00,0.00,None,N/A,
148.0613,asiya,SliderControl,Slider Control,735,369,0.00,0.00,None,N/A,
148.0718,asiya,SliderControl,Slider Control,735,369,0.00,0.00,None,N/A,
148.0814,asiya,SliderControl,Slider Control,735,369,0.00,0.00,None,N/A,
148.0919,asiya,SliderControl,Slider Control,735,369,0.00,0.00,None,N/A,
148.1015,asiya,SliderControl,Slider Control,735,369,0.00,0.00,None,N/A,
148.1110,asiya,SliderControl,Slider Control,735,369,0.00,0.00,None,N/A,
148.1216,asiya,SliderControl,Slider Control,735,369,0.00,0.00,None,N/A,
148.1312,asiya,SliderControl,Slider Control,735,369,0.00,0.00,None,N/A,
148.1417,asiya,SliderControl,Slider Control,735,369,0.00,0.00,None,N/A,
148.1512,asiya,SliderControl,Slider Control,735,369,0.00,0.00,None,N/A,
148.1616,asiya,SliderControl,Slider Control,735,369,0.00,0.00,None,N/A,
148.1710,asiya,SliderControl,Slider Control,735,369,0.00,0.00,None,N/A,
148.1816,asiya,SliderControl,Slider Control,735,369,0.00,0.00,None,N/A,
148.1912,asiya,SliderControl,Slider Control,735,369,0.00,0.00,None,N/A,
148.2016,asiya,SliderControl,Slider Control,735,369,0.00,0.00,None,N/A,
148.2119,asiya,SliderControl,Slider Control,735,369,0.00,0.00,None,N/A,
148.2214,asiya,SliderControl,Slider Control,735,369,0.00,0.00,None,N/A,
148.2319,asiya,SliderControl,Slider Control,735,369,0.00,0.00,None,N/A,
148.2414,asiya,SliderControl,Slider Control,735,369,0.00,0.00,None,N/A,
148.2519,asiya,SliderControl,Slider Control,735,369,0.00,0.00,None,N/A,
148.2619,asiya,SliderControl,Slider Control,735,369,0.00,0.00,None,N/A,
148.2716,asiya,SliderControl,Slider Control,735,369,0.00,0.00,None,N/A,
148.2811,asiya,SliderControl,Slider Control,735,369,0.00,0.00,None,N/A,
148.2916,asiya,SliderControl,Slider Control,735,369,0.00,0.00,None,N/A,
148.3012,asiya,SliderControl,Slider Control,735,369,0.00,0.00,None,N/A,
148.3116,asiya,SliderControl,Slider Control,735,369,0.00,0.00,None,N/A,
148.3212,asiya,SliderControl,Slider Control,735,369,0.00,0.00,None,N/A,
148.3315,asiya,SliderControl,Slider Control,734,369,96.55,9321.81,None,N/A,
148.3411,asiya,SliderControl,Slider Control,734,369,0.00,-10058.32,None,N/A,
148.3520,asiya,SliderControl,Slider Control,734,369,0.00,0.00,None,N/A,
148.3616,asiya,SliderControl,Slider Control,734,369,0.00,0.00,None,N/A,
148.3713,asiya,SliderControl,Slider Control,734,369,0.00,0.00,None,N/A,
148.3818,asiya,SliderControl,Slider Control,734,369,0.00,0.00,None,N/A,
148.3913,asiya,SliderControl,Slider Control,734,369,0.00,0.00,None,N/A,
148.4019,asiya,SliderControl,Slider Control,734,369,0.00,0.00,None,N/A,
148.4114,asiya,SliderControl,Slider Control,734,369,0.00,0.00,None,N/A,
148.4210,asiya,SliderControl,Slider Control,734,369,0.00,0.00,None,N/A,
148.4316,asiya,SliderControl,Slider Control,734,369,0.00,0.00,None,N/A,
148.4412,asiya,SliderControl,Slider Control,734,369,0.00,0.00,None,N/A,
148.4517,asiya,SliderControl,Slider Control,734,369,0.00,0.00,None,N/A,
148.4611,asiya,SliderControl,Slider Control,734,369,0.00,0.00,None,N/A,
148.4716,asiya,SliderControl,Slider Control,734,369,0.00,0.00,None,N/A,
148.4812,asiya,SliderControl,Slider Control,734,369,0.00,0.00,None,N/A,
148.4917,asiya,SliderControl,Slider Control,734,369,0.00,0.00,None,N/A,
148.5015,asiya,SliderControl,Slider Control,734,369,0.00,0.00,None,N/A,
148.5112,asiya,SliderControl,Slider Control,734,369,0.00,0.00,None,N/A,
148.5216,asiya,SliderControl,Slider Control,734,369,0.00,0.00,None,N/A,
148.5312,asiya,SliderControl,Slider Control,734,369,0.00,0.00,None,N/A,
148.5417,asiya,SliderControl,Slider Control,734,369,0.00,0.00,None,N/A,
148.5512,asiya,SliderControl,Slider Control,734,369,0.00,0.00,None,N/A,
148.5616,asiya,SliderControl,Slider Control,734,369,0.00,0.00,None,N/A,
148.5710,asiya,SliderControl,Slider Control,734,369,0.00,0.00,None,N/A,
148.5814,asiya,SliderControl,Slider Control,734,369,0.00,0.00,None,N/A,
148.5919,asiya,SliderControl,Slider Control,734,369,0.00,0.00,None,N/A,
148.6019,asiya,SliderControl,Slider Control,734,369,0.00,0.00,None,N/A,
148.6120,asiya,SliderControl,Slider Control,733,368,139.95,13850.05,None,N/A,
148.6215,asiya,SliderControl,Slider Control,731,368,210.86,7475.57,None,N/A,
148.6315,asiya,SliderControl,Slider Control,730,368,100.11,-11087.09,None,N/A,
148.6410,asiya,SliderControl,Slider Control,729,368,105.36,553.52,None,N/A,
148.6510,asiya,SliderControl,Slider Control,728,368,99.80,-554.98,None,N/A,
148.6618,asiya,SliderControl,Slider Control,727,368,92.37,-686.44,None,N/A,
148.6718,asiya,SliderControl,Slider Control,726,368,99.77,738.61,None,N/A,
148.6811,asiya,SliderControl,Slider Control,726,367,108.05,893.94,None,N/A,
148.6914,asiya,SliderControl,Slider Control,725,367,97.58,-1021.59,None,N/A,
148.7014,asiya,SliderControl,Slider Control,725,367,0.00,-9676.63,None,N/A,
148.7118,asiya,SliderControl,Slider Control,724,367,96.13,9240.80,None,N/A,
148.7214,asiya,SliderControl,Slider Control,724,367,0.00,-10088.69,None,N/A,
148.7311,asiya,SliderControl,Slider Control,724,367,0.00,0.00,None,N/A,
148.7416,asiya,SliderControl,Slider Control,723,367,94.96,9016.65,None,N/A,
148.7512,asiya,SliderControl,Slider Control,723,367,0.00,-9914.73,None,N/A,
148.7618,asiya,SliderControl,Slider Control,723,367,0.00,0.00,None,N/A,
148.7713,asiya,SliderControl,Slider Control,723,367,0.00,0.00,None,N/A,
148.7810,asiya,SliderControl,Slider Control,723,367,0.00,0.00,None,N/A,
148.7914,asiya,SliderControl,Slider Control,723,367,0.00,0.00,None,N/A,
148.8019,asiya,SliderControl,Slider Control,723,367,0.00,0.00,None,N/A,
148.8114,asiya,SliderControl,Slider Control,723,367,0.00,0.00,None,N/A,
148.8215,asiya,SliderControl,Slider Control,724,367,99.22,9844.50,None,N/A,
148.8312,asiya,SliderControl,Slider Control,724,367,0.00,-10145.95,None,N/A,
148.8415,asiya,SliderControl,Slider Control,724,367,0.00,0.00,None,N/A,
148.8510,asiya,SliderControl,Slider Control,725,367,105.14,11054.18,None,N/A,
148.8615,asiya,SliderControl,Slider Control,725,367,0.00,-10006.22,None,N/A,
148.8720,asiya,SliderControl,Slider Control,725,367,0.00,0.00,None,N/A,
148.8809,asiya,SliderControl,Slider Control,726,367,111.32,12392.74,None,N/A,
148.8915,asiya,SliderControl,Slider Control,726,367,0.00,-10509.38,None,N/A,
148.9016,asiya,SliderControl,Slider Control,727,367,99.25,9851.02,None,N/A,
148.9117,asiya,SliderControl,Slider Control,728,367,98.92,-32.88,None,N/A,
148.9213,asiya,SliderControl,Slider Control,729,367,104.49,582.22,None,N/A,
148.9312,asiya,SliderControl,Slider Control,730,367,100.52,-398.77,None,N/A,
148.9412,asiya,SliderControl,Slider Control,730,367,0.00,-10108.90,None,N/A,
148.9519,asiya,SliderControl,Slider Control,733,368,296.41,27783.82,None,N/A,
148.9619,asiya,SliderControl,Slider Control,734,368,99.69,-19611.34,None,N/A,
148.9713,asiya,SliderControl,Slider Control,737,369,335.29,24979.24,None,N/A,
148.9813,asiya,SliderControl,Slider Control,738,369,100.13,-23546.62,None,N/A,
148.9911,asiya,SliderControl,Slider Control,740,370,228.24,13075.72,None,N/A,
149.0019,asiya,SliderControl,Slider Control,741,370,92.72,-12565.32,None,N/A,
149.0109,asiya,SliderControl,Slider Control,742,371,156.86,7113.84,None,N/A,
149.0214,asiya,SliderControl,Slider Control,743,371,95.43,-5862.24,None,N/A,
149.0310,asiya,SliderControl,Slider Control,744,372,147.65,5451.90,None,N/A,
149.0419,asiya,SliderControl,Slider Control,744,372,0.00,-13514.10,None,N/A,
149.0518,asiya,SliderControl,Slider Control,745,372,100.35,10069.52,None,N/A,
149.0614,asiya,SliderControl,Slider Control,745,372,0.00,-10526.09,None,N/A,
149.0712,asiya,SliderControl,Slider Control,745,372,0.00,0.00,None,N/A,
149.0810,asiya,SliderControl,Slider Control,746,372,102.58,10521.69,None,N/A,
149.0915,asiya,SliderControl,Slider Control,746,372,0.00,-9802.06,None,N/A,
149.1011,asiya,SliderControl,Slider Control,746,372,0.00,0.00,None,N/A,
149.1117,asiya,SliderControl,Slider Control,746,372,0.00,0.00,None,N/A,
149.1212,asiya,SliderControl,Slider Control,746,372,0.00,0.00,None,N/A,
149.1317,asiya,SliderControl,Slider Control,746,372,0.00,0.00,None,N/A,
149.1412,asiya,SliderControl,Slider Control,746,372,0.00,0.00,None,N/A,
149.1516,asiya,SliderControl,Slider Control,746,372,0.00,0.00,None,N/A,
149.1610,asiya,SliderControl,Slider Control,746,372,0.00,0.00,None,N/A,
149.1716,asiya,SliderControl,Slider Control,746,372,0.00,0.00,None,N/A,
149.1811,asiya,SliderControl,Slider Control,746,372,0.00,0.00,None,N/A,
149.1918,asiya,SliderControl,Slider Control,746,372,0.00,0.00,None,N/A,
149.2013,asiya,SliderControl,Slider Control,746,372,0.00,0.00,None,N/A,
149.2119,asiya,SliderControl,Slider Control,746,372,0.00,0.00,None,N/A,
149.2215,asiya,SliderControl,Slider Control,746,372,0.00,0.00,None,N/A,
149.2314,asiya,SliderControl,Slider Control,746,372,0.00,0.00,None,N/A,
149.2410,asiya,SliderControl,Slider Control,746,372,0.00,0.00,None,N/A,
149.2516,asiya,SliderControl,Slider Control,746,372,0.00,0.00,None,N/A,
149.2611,asiya,SliderControl,Slider Control,746,372,0.00,0.00,None,N/A,
149.2716,asiya,SliderControl,Slider Control,746,372,0.00,0.00,None,N/A,
149.2811,asiya,SliderControl,Slider Control,746,372,0.00,0.00,None,N/A,
149.2916,asiya,SliderControl,Slider Control,746,372,0.00,0.00,None,N/A,
149.3011,asiya,SliderControl,Slider Control,746,372,0.00,0.00,None,N/A,
149.3117,asiya,SliderControl,Slider Control,746,372,0.00,0.00,None,N/A,
149.3211,asiya,SliderControl,Slider Control,746,372,0.00,0.00,None,N/A,
149.3315,asiya,SliderControl,Slider Control,746,372,0.00,0.00,None,N/A,
149.3419,asiya,SliderControl,Slider Control,746,372,0.00,0.00,None,N/A,
149.3514,asiya,SliderControl,Slider Control,746,372,0.00,0.00,None,N/A,
149.3617,asiya,SliderControl,Slider Control,746,372,0.00,0.00,None,N/A,
149.3712,asiya,SliderControl,Slider Control,746,372,0.00,0.00,None,N/A,
149.3816,asiya,SliderControl,Slider Control,746,372,0.00,0.00,None,N/A,
149.3909,asiya,SliderControl,Slider Control,746,372,0.00,0.00,None,N/A,
149.4014,asiya,SliderControl,Slider Control,746,372,0.00,0.00,None,N/A,
149.4110,asiya,SliderControl,Slider Control,746,372,0.00,0.00,None,N/A,
149.4215,asiya,SliderControl,Slider Control,746,372,0.00,0.00,None,N/A,
149.4319,asiya,SliderControl,Slider Control,746,372,0.00,0.00,None,N/A,
149.4417,asiya,SliderControl,Slider Control,746,372,0.00,0.00,None,N/A,
149.4513,asiya,SliderControl,Slider Control,745,372,104.44,10907.14,None,N/A,
149.4617,asiya,SliderControl,Slider Control,745,372,0.00,-9980.90,None,N/A,
149.4711,asiya,SliderControl,Slider Control,744,372,106.45,11331.97,None,N/A,
149.4816,asiya,SliderControl,Slider Control,744,372,0.00,-10128.41,None,N/A,
149.4911,asiya,SliderControl,Slider Control,744,372,0.00,0.00,None,N/A,
149.5015,asiya,SliderControl,Slider Control,744,372,0.00,0.00,None,N/A,
149.5119,asiya,SliderControl,Slider Control,744,372,0.00,0.00,None,N/A,
149.5213,asiya,SliderControl,Slider Control,744,372,0.00,0.00,None,N/A,
149.5310,asiya,SliderControl,Slider Control,744,372,0.00,0.00,None,N/A,
149.5415,asiya,SliderControl,Slider Control,744,372,0.00,0.00,None,N/A,
149.5510,asiya,SliderControl,Slider Control,744,372,0.00,0.00,None,N/A,
149.5616,asiya,SliderControl,Slider Control,744,372,0.00,0.00,None,N/A,
149.5711,asiya,SliderControl,Slider Control,744,372,0.00,0.00,None,N/A,
149.5815,asiya,SliderControl,Slider Control,744,372,0.00,0.00,None,N/A,
149.5910,asiya,SliderControl,Slider Control,744,372,0.00,0.00,None,N/A,
149.6014,asiya,SliderControl,Slider Control,744,372,0.00,0.00,None,N/A,
149.6117,asiya,SliderControl,Slider Control,744,372,0.00,0.00,None,N/A,
149.6212,asiya,SliderControl,Slider Control,744,372,0.00,0.00,None,N/A,
149.6310,asiya,SliderControl,Slider Control,744,372,0.00,0.00,None,N/A,
149.6415,asiya,SliderControl,Slider Control,744,372,0.00,0.00,None,N/A,
149.6509,asiya,SliderControl,Slider Control,744,372,0.00,0.00,None,N/A,
149.6614,asiya,SliderControl,Slider Control,744,372,0.00,0.00,None,N/A,
149.6719,asiya,SliderControl,Slider Control,744,372,0.00,0.00,None,N/A,
149.6819,asiya,SliderControl,Slider Control,743,372,99.85,9971.00,None,N/A,
149.6917,asiya,SliderControl,Slider Control,743,372,0.00,-10239.14,None,N/A,
149.7015,asiya,SliderControl,Slider Control,743,372,0.00,0.00,None,N/A,
149.7111,asiya,SliderControl,Slider Control,743,372,0.00,0.00,None,N/A,
149.7210,asiya,SliderControl,Slider Control,742,372,100.06,10012.91,None,N/A,
149.7317,asiya,SliderControl,Slider Control,742,372,0.00,-9374.39,None,N/A,
149.7412,asiya,SliderControl,Slider Control,742,372,0.00,0.00,None,N/A,
149.7514,asiya,SliderControl,Slider Control,742,372,0.00,0.00,None,N/A,
149.7611,asiya,SliderControl,Slider Control,742,372,0.00,0.00,None,N/A,
149.7714,asiya,SliderControl,Slider Control,741,372,96.49,9309.80,None,N/A,
149.7817,asiya,SliderControl,Slider Control,741,372,0.00,-9407.84,None,N/A,
149.7915,asiya,SliderControl,Slider Control,741,372,0.00,0.00,None,N/A,
149.8012,asiya,SliderControl,Slider Control,740,372,104.08,10833.64,None,N/A,
149.8115,asiya,SliderControl,Slider Control,740,372,0.00,-10106.33,None,N/A,
149.8219,asiya,SliderControl,Slider Control,739,372,95.57,9133.73,None,N/A,
149.8317,asiya,SliderControl,Slider Control,739,372,0.00,-9777.35,None,N/A,
149.8414,asiya,SliderControl,Slider Control,739,372,0.00,0.00,None,N/A,
149.8520,asiya,SliderControl,Slider Control,739,372,0.00,0.00,None,N/A,
149.8612,asiya,SliderControl,Slider Control,739,372,0.00,0.00,None,N/A,
149.8719,asiya,SliderControl,Slider Control,738,373,131.66,12256.55,None,N/A,
149.8818,asiya,SliderControl,Slider Control,738,373,0.00,-13416.09,None,N/A,
149.8912,asiya,SliderControl,Slider Control,738,373,0.00,0.00,None,N/A,
149.9017,asiya,SliderControl,Slider Control,738,373,0.00,0.00,None,N/A,
149.9111,asiya,SliderControl,Slider Control,738,373,0.00,0.00,None,N/A,
149.9220,asiya,SliderControl,Slider Control,738,373,0.00,0.00,None,N/A,
149.9316,asiya,SliderControl,Slider Control,738,373,0.00,0.00,None,N/A,
149.9410,asiya,SliderControl,Slider Control,738,373,0.00,0.00,None,N/A,
149.9513,asiya,SliderControl,Slider Control,738,373,0.00,0.00,None,N/A,
149.9619,asiya,SliderControl,Slider Control,738,373,0.00,0.00,None,N/A,
149.9714,asiya,SliderControl,Slider Control,738,373,0.00,0.00,None,N/A,
149.9817,asiya,SliderControl,Slider Control,738,373,0.00,0.00,None,N/A,
149.9912,asiya,SliderControl,Slider Control,738,373,0.00,0.00,None,N/A,
150.0016,asiya,SliderControl,Slider Control,738,373,0.00,0.00,None,N/A,
150.0111,asiya,SliderControl,Slider Control,738,373,0.00,0.00,None,N/A,
150.0216,asiya,SliderControl,Slider Control,738,373,0.00,0.00,None,N/A,
150.0318,asiya,SliderControl,Slider Control,738,373,0.00,0.00,None,N/A,
150.0413,asiya,SliderControl,Slider Control,738,373,0.00,0.00,None,N/A,
150.0511,asiya,SliderControl,Slider Control,738,373,0.00,0.00,None,N/A,
150.0616,asiya,SliderControl,Slider Control,738,373,0.00,0.00,None,N/A,
150.0711,asiya,SliderControl,Slider Control,738,373,0.00,0.00,None,N/A,
150.0817,asiya,SliderControl,Slider Control,738,373,0.00,0.00,None,N/A,
150.0912,asiya,SliderControl,Slider Control,738,373,0.00,0.00,None,N/A,
150.1017,asiya,SliderControl,Slider Control,738,373,0.00,0.00,None,N/A,
150.1113,asiya,SliderControl,Slider Control,738,373,0.00,0.00,None,N/A,
150.1217,asiya,SliderControl,Slider Control,738,373,0.00,0.00,None,N/A,
150.1314,asiya,SliderControl,Slider Control,738,373,0.00,0.00,None,N/A,
150.1419,asiya,SliderControl,Slider Control,738,373,0.00,0.00,None,N/A,
150.1514,asiya,SliderControl,Slider Control,738,373,0.00,0.00,None,N/A,
150.1618,asiya,SliderControl,Slider Control,738,373,0.00,0.00,None,N/A,
150.1713,asiya,SliderControl,Slider Control,738,373,0.00,0.00,None,N/A,
150.1818,asiya,SliderControl,Slider Control,738,373,0.00,0.00,None,N/A,
150.1914,asiya,SliderControl,Slider Control,738,373,0.00,0.00,None,N/A,
150.2019,asiya,SliderControl,Slider Control,738,373,0.00,0.00,None,N/A,
150.2114,asiya,SliderControl,Slider Control,738,373,0.00,0.00,None,N/A,
150.2218,asiya,SliderControl,Slider Control,738,373,0.00,0.00,None,N/A,
150.2313,asiya,SliderControl,Slider Control,738,373,0.00,0.00,None,N/A,
150.2418,asiya,SliderControl,Slider Control,738,373,0.00,0.00,None,N/A,
150.2512,asiya,SliderControl,Slider Control,738,373,0.00,0.00,None,N/A,
150.2622,asiya,SliderControl,Slider Control,738,373,0.00,0.00,None,N/A,
150.2717,asiya,SliderControl,Slider Control,738,373,0.00,0.00,None,N/A,
150.2813,asiya,SliderControl,Slider Control,738,373,0.00,0.00,None,N/A,
150.2917,asiya,SliderControl,Slider Control,738,373,0.00,0.00,None,N/A,
150.3012,asiya,SliderControl,Slider Control,738,373,0.00,0.00,None,N/A,
150.3117,asiya,SliderControl,Slider Control,738,373,0.00,0.00,None,N/A,
150.3211,asiya,SliderControl,Slider Control,738,373,0.00,0.00,None,N/A,
150.3316,asiya,SliderControl,Slider Control,738,373,0.00,0.00,None,N/A,
150.3411,asiya,SliderControl,Slider Control,738,373,0.00,0.00,None,N/A,
150.3515,asiya,SliderControl,Slider Control,738,373,0.00,0.00,None,N/A,
150.3613,asiya,SliderControl,Slider Control,738,373,0.00,0.00,None,N/A,
150.3712,asiya,SliderControl,Slider Control,737,373,101.35,10272.00,None,N/A,
150.3816,asiya,SliderControl,Slider Control,736,372,135.85,3314.44,None,N/A,
150.3916,asiya,SliderControl,Slider Control,734,372,198.91,6271.82,None,N/A,
150.4013,asiya,SliderControl,Slider Control,732,371,229.97,3193.62,None,N/A,
150.4109,asiya,SliderControl,Slider Control,729,371,312.34,8576.06,None,N/A,
150.4217,asiya,SliderControl,Slider Control,727,371,186.14,-11745.38,None,N/A,
150.4316,asiya,SliderControl,Slider Control,724,371,303.38,11855.78,None,N/A,
150.4416,asiya,SliderControl,Slider Control,723,371,99.58,-20294.70,None,N/A,
150.4509,asiya,SliderControl,Slider Control,721,371,215.72,12526.88,None,N/A,
150.4619,asiya,SliderControl,Slider Control,721,371,0.00,-19624.95,None,N/A,
150.4715,asiya,SliderControl,Slider Control,720,371,103.82,10779.54,None,N/A,
150.4813,asiya,SliderControl,Slider Control,720,371,0.00,-10614.53,None,N/A,
150.4914,asiya,SliderControl,Slider Control,719,371,99.12,9825.43,None,N/A,
150.5012,asiya,SliderControl,Slider Control,719,371,0.00,-10148.74,None,N/A,
150.5115,asiya,SliderControl,Slider Control,719,371,0.00,0.00,None,N/A,
150.5210,asiya,SliderControl,Slider Control,720,371,105.64,11160.79,None,N/A,
150.5314,asiya,SliderControl,Slider Control,720,371,0.00,-10125.12,None,N/A,
150.5413,asiya,SliderControl,Slider Control,721,371,100.62,10123.70,None,N/A,
150.5519,asiya,SliderControl,Slider Control,721,371,0.00,-9501.88,None,N/A,
150.5617,asiya,SliderControl,Slider Control,721,371,0.00,0.00,None,N/A,
150.5715,asiya,SliderControl,Slider Control,721,371,0.00,0.00,None,N/A,
150.5810,asiya,SliderControl,Slider Control,722,371,105.12,11050.85,None,N/A,
150.5917,asiya,SliderControl,Slider Control,722,371,0.00,-9879.63,None,N/A,
150.6011,asiya,SliderControl,Slider Control,722,371,0.00,0.00,None,N/A,
150.6117,asiya,SliderControl,Slider Control,722,371,0.00,0.00,None,N/A,
150.6218,asiya,SliderControl,Slider Control,723,371,99.68,9936.90,None,N/A,
150.6313,asiya,SliderControl,Slider Control,723,371,0.00,-10428.12,None,N/A,
150.6413,asiya,SliderControl,Slider Control,723,371,0.00,0.00,None,N/A,
150.6519,asiya,SliderControl,Slider Control,724,371,94.47,8924.69,None,N/A,
150.6618,asiya,SliderControl,Slider Control,724,371,0.00,-9519.92,None,N/A,
150.6715,asiya,SliderControl,Slider Control,725,371,103.31,10673.06,None,N/A,
150.6813,asiya,SliderControl,Slider Control,725,371,0.00,-10496.23,None,N/A,
150.6910,asiya,SliderControl,Slider Control,726,371,102.87,10582.16,None,N/A,
150.7019,asiya,SliderControl,Slider Control,726,371,0.00,-9488.20,None,N/A,
150.7120,asiya,SliderControl,Slider Control,727,371,99.26,9853.36,None,N/A,
150.7215,asiya,SliderControl,Slider Control,727,371,0.00,-10446.46,None,N/A,
150.7314,asiya,SliderControl,Slider Control,727,371,0.00,0.00,None,N/A,
150.7415,asiya,SliderControl,Slider Control,728,371,99.10,9821.72,None,N/A,
150.7511,asiya,SliderControl,Slider Control,728,370,103.69,475.30,None,N/A,
150.7618,asiya,SliderControl,Slider Control,729,370,93.34,-966.14,None,N/A,
150.7710,asiya,SliderControl,Slider Control,729,370,0.00,-10134.24,None,N/A,
150.7813,asiya,SliderControl,Slider Control,730,370,96.98,9404.76,None,N/A,
150.7911,asiya,SliderControl,Slider Control,730,370,0.00,-9923.53,None,N/A,
150.8012,asiya,SliderControl,Slider Control,730,369,99.44,9888.90,None,N/A,
150.8119,asiya,SliderControl,Slider Control,731,369,93.42,-562.61,None,N/A,
150.8213,asiya,SliderControl,Slider Control,731,369,0.00,-9925.38,None,N/A,
150.8315,asiya,SliderControl,Slider Control,732,369,98.25,9653.12,None,N/A,
150.8410,asiya,SliderControl,Slider Control,732,369,0.00,-10289.68,None,N/A,
150.8511,asiya,SliderControl,Slider Control,732,368,99.60,9919.45,None,N/A,
150.8616,asiya,SliderControl,Slider Control,732,368,0.00,-9453.64,None,N/A,
150.8711,asiya,SliderControl,Slider Control,732,368,0.00,0.00,None,N/A,
150.8813,asiya,SliderControl,Slider Control,732,368,0.00,0.00,None,N/A,
150.8919,asiya,SliderControl,Slider Control,732,368,0.00,0.00,None,N/A,
150.9014,asiya,SliderControl,Slider Control,732,368,0.00,0.00,None,N/A,
150.9119,asiya,SliderControl,Slider Control,732,368,0.00,0.00,None,N/A,
150.9214,asiya,SliderControl,Slider Control,732,368,0.00,0.00,None,N/A,
150.9311,asiya,SliderControl,Slider Control,732,368,0.00,0.00,None,N/A,
150.9415,asiya,SliderControl,Slider Control,732,368,0.00,0.00,None,N/A,
150.9512,asiya,SliderControl,Slider Control,732,368,0.00,0.00,None,N/A,
150.9617,asiya,SliderControl,Slider Control,732,368,0.00,0.00,None,N/A,
150.9712,asiya,SliderControl,Slider Control,732,368,0.00,0.00,None,N/A,
150.9819,asiya,SliderControl,Slider Control,732,368,0.00,0.00,None,N/A,
150.9914,asiya,SliderControl,Slider Control,732,368,0.00,0.00,None,N/A,
151.0018,asiya,SliderControl,Slider Control,732,368,0.00,0.00,None,N/A,
151.0111,asiya,SliderControl,Slider Control,732,368,0.00,0.00,None,N/A,
151.0216,asiya,SliderControl,Slider Control,732,368,0.00,0.00,None,N/A,
151.0312,asiya,SliderControl,Slider Control,732,368,0.00,0.00,None,N/A,
151.0418,asiya,SliderControl,Slider Control,732,368,0.00,0.00,None,N/A,
151.0513,asiya,SliderControl,Slider Control,732,368,0.00,0.00,None,N/A,
151.0618,asiya,SliderControl,Slider Control,732,368,0.00,0.00,None,N/A,
151.0712,asiya,SliderControl,Slider Control,732,368,0.00,0.00,None,N/A,
151.0817,asiya,SliderControl,Slider Control,732,368,0.00,0.00,None,N/A,
151.0912,asiya,SliderControl,Slider Control,732,368,0.00,0.00,None,N/A,
151.1016,asiya,SliderControl,Slider Control,732,368,0.00,0.00,None,N/A,
151.1111,asiya,SliderControl,Slider Control,732,368,0.00,0.00,None,N/A,
151.1215,asiya,SliderControl,Slider Control,732,368,0.00,0.00,None,N/A,
151.1311,asiya,SliderControl,Slider Control,732,368,0.00,0.00,None,N/A,
151.1415,asiya,SliderControl,Slider Control,732,368,0.00,0.00,None,N/A,
151.1509,asiya,SliderControl,Slider Control,732,368,0.00,0.00,None,N/A,
151.1616,asiya,SliderControl,Slider Control,732,368,0.00,0.00,Left,N/A,
151.1712,asiya,SliderControl,Slider Control,732,368,0.00,0.00,Left,N/A,
151.1818,asiya,SliderControl,Slider Control,732,368,0.00,0.00,Left,N/A,
151.1914,asiya,SliderControl,Slider Control,732,368,0.00,0.00,Left,N/A,
151.2022,asiya,SliderControl,Slider Control,732,368,0.00,0.00,Left,N/A,
151.2120,asiya,SliderControl,Slider Control,732,368,0.00,0.00,Left,N/A,
151.2216,asiya,SliderControl,Slider Control,732,368,0.00,0.00,Left,N/A,
151.2314,asiya,SliderControl,Slider Control,732,368,0.00,0.00,Left,N/A,
151.2418,asiya,SliderControl,Slider Control,732,368,0.00,0.00,Left,N/A,
151.2512,asiya,SliderControl,Slider Control,732,368,0.00,0.00,Left,N/A,
151.2615,asiya,SliderControl,Slider Control,732,368,0.00,0.00,Left,N/A,
151.2720,asiya,SliderControl,Slider Control,732,368,0.00,0.00,Left,N/A,
151.2815,asiya,SliderControl,Slider Control,732,368,0.00,0.00,Left,N/A,
151.2911,asiya,SliderControl,Slider Control,732,368,0.00,0.00,Left,N/A,
151.3015,asiya,SliderControl,Slider Control,732,368,0.00,0.00,Left,N/A,
151.3119,asiya,SliderControl,Slider Control,732,368,0.00,0.00,Left,N/A,
151.3213,asiya,SliderControl,Slider Control,732,368,0.00,0.00,Left,N/A,
151.3319,asiya,SliderControl,Slider Control,732,368,0.00,0.00,Left,N/A,
151.3413,asiya,SliderControl,Slider Control,730,368,212.98,22681.20,Left,N/A,
151.3519,asiya,SliderControl,Slider Control,719,368,1037.14,77706.53,Left,N/A,
151.3616,asiya,SliderControl,Slider Control,713,368,617.29,-43195.15,Left,N/A,
151.3712,asiya,SliderControl,Slider Control,707,368,626.36,946.30,Left,N/A,
151.3816,asiya,SliderControl,Slider Control,705,368,192.95,-41812.83,Left,N/A,
151.3918,asiya,SliderControl,Slider Control,702,368,294.14,9921.22,Left,N/A,
151.4016,asiya,SliderControl,Slider Control,701,368,101.45,-19548.06,Left,N/A,
151.4112,asiya,SliderControl,Slider Control,699,368,209.89,11380.09,Left,N/A,
151.4216,asiya,SliderControl,Slider Control,699,368,0.00,-20071.03,Left,N/A,
151.4311,asiya,SliderControl,Slider Control,698,368,105.56,11143.94,Left,N/A,
151.4419,asiya,SliderControl,Slider Control,697,368,92.34,-1221.44,Left,N/A,
151.4517,asiya,SliderControl,Slider Control,696,368,102.49,1040.62,Left,N/A,
151.4613,asiya,SliderControl,Slider Control,696,368,0.00,-10704.31,Left,N/A,
151.4716,asiya,SliderControl,Slider Control,695,368,97.20,9448.40,Left,N/A,
151.4819,asiya,SliderControl,Slider Control,695,368,0.00,-9425.03,Left,N/A,
151.4919,asiya,SliderControl,Slider Control,695,368,0.00,0.00,Left,N/A,
151.5016,asiya,SliderControl,Slider Control,694,369,145.04,14875.55,Left,N/A,
151.5112,asiya,SliderControl,Slider Control,694,369,0.00,-15054.46,Left,N/A,
151.5212,asiya,SliderControl,Slider Control,693,369,100.15,10030.61,Left,N/A,
151.5319,asiya,SliderControl,Slider Control,693,369,0.00,-9368.66,Left,N/A,
151.5416,asiya,SliderControl,Slider Control,690,369,310.92,32223.64,Left,N/A,
151.5519,asiya,SliderControl,Slider Control,688,369,194.05,-11339.42,Left,N/A,
151.5613,asiya,SliderControl,Slider Control,687,370,150.49,-4634.75,Left,N/A,
151.5711,asiya,SliderControl,Slider Control,684,370,305.24,15745.11,Left,N/A,
151.5811,asiya,SliderControl,Slider Control,682,371,224.05,-8135.08,Left,N/A,
151.5919,asiya,SliderControl,Slider Control,680,371,185.36,-3585.60,Left,N/A,
151.6019,asiya,SliderControl,Slider Control,679,371,100.11,-8534.69,Left,N/A,
151.6114,asiya,SliderControl,Slider Control,678,371,104.54,462.70,Left,N/A,
151.6213,asiya,SliderControl,Slider Control,677,371,101.43,-315.37,Left,N/A,
151.6318,asiya,SliderControl,Slider Control,676,371,95.13,-598.97,Left,N/A,
151.6412,asiya,SliderControl,Slider Control,676,371,0.00,-10136.32,Left,N/A,
151.6513,asiya,SliderControl,Slider Control,676,371,0.00,0.00,Left,N/A,
151.6615,asiya,SliderControl,Slider Control,675,371,98.41,9685.30,Left,N/A,
151.6713,asiya,SliderControl,Slider Control,675,371,0.00,-10046.19,Left,N/A,
151.6822,asiya,SliderControl,Slider Control,675,371,0.00,0.00,Left,N/A,
151.6919,asiya,SliderControl,Slider Control,675,371,0.00,0.00,Left,N/A,
151.7014,asiya,SliderControl,Slider Control,675,371,0.00,0.00,Left,N/A,
151.7113,asiya,SliderControl,Slider Control,675,371,0.00,0.00,Left,N/A,
151.7210,asiya,SliderControl,Slider Control,675,371,0.00,0.00,Left,N/A,
151.7315,asiya,SliderControl,Slider Control,675,371,0.00,0.00,Left,N/A,
151.7409,asiya,SliderControl,Slider Control,675,372,106.42,11325.07,Left,N/A,
151.7514,asiya,SliderControl,Slider Control,675,372,0.00,-10135.68,Left,N/A,
151.7618,asiya,SliderControl,Slider Control,676,372,96.36,9284.58,Left,N/A,
151.7712,asiya,SliderControl,Slider Control,676,373,105.47,961.73,Left,N/A,
151.7748,asiya,SliderControl,Slider Control,676,373,105.47,0.00,None,N/A,slider_released_missed
151.7815,asiya,SliderControl,Slider Control,676,373,0.00,-10272.43,None,N/A,
151.7919,asiya,SliderControl,Slider Control,676,373,0.00,0.00,None,N/A,
151.8014,asiya,SliderControl,Slider Control,676,373,0.00,0.00,None,N/A,
151.8118,asiya,SliderControl,Slider Control,676,373,0.00,0.00,None,N/A,
151.8214,asiya,SliderControl,Slider Control,676,373,0.00,0.00,None,N/A,
151.8310,asiya,SliderControl,Slider Control,676,373,0.00,0.00,None,N/A,
151.8414,asiya,SliderControl,Slider Control,676,373,0.00,0.00,None,N/A,
151.8522,asiya,SliderControl,Slider Control,676,373,0.00,0.00,None,N/A,
151.8619,asiya,SliderControl,Slider Control,676,373,0.00,0.00,None,N/A,
151.8713,asiya,SliderControl,Slider Control,676,373,0.00,0.00,None,N/A,
151.8815,asiya,SliderControl,Slider Control,676,373,0.00,0.00,None,N/A,
151.8918,asiya,SliderControl,Slider Control,676,373,0.00,0.00,None,N/A,
151.9012,asiya,SliderControl,Slider Control,676,373,0.00,0.00,None,N/A,
151.9115,asiya,SliderControl,Slider Control,676,373,0.00,0.00,None,N/A,
151.9210,asiya,SliderControl,Slider Control,676,373,0.00,0.00,None,N/A,
151.9315,asiya,SliderControl,Slider Control,676,373,0.00,0.00,None,N/A,
151.9410,asiya,SliderControl,Slider Control,676,373,0.00,0.00,None,N/A,
151.9515,asiya,SliderControl,Slider Control,676,373,0.00,0.00,None,N/A,
151.9619,asiya,SliderControl,Slider Control,676,373,0.00,0.00,None,N/A,
151.9714,asiya,SliderControl,Slider Control,676,373,0.00,0.00,None,N/A,
151.9811,asiya,SliderControl,Slider Control,676,373,0.00,0.00,None,N/A,
151.9917,asiya,SliderControl,Slider Control,676,373,0.00,0.00,None,N/A,
152.0015,asiya,SliderControl,Slider Control,676,373,0.00,0.00,None,N/A,
152.0112,asiya,SliderControl,Slider Control,676,373,0.00,0.00,None,N/A,
152.0216,asiya,SliderControl,Slider Control,676,373,0.00,0.00,None,N/A,
152.0311,asiya,SliderControl,Slider Control,676,373,0.00,0.00,None,N/A,
152.0415,asiya,SliderControl,Slider Control,676,373,0.00,0.00,None,N/A,
152.0510,asiya,SliderControl,Slider Control,676,373,0.00,0.00,None,N/A,
152.0614,asiya,SliderControl,Slider Control,676,373,0.00,0.00,None,N/A,
152.0718,asiya,SliderControl,Slider Control,676,373,0.00,0.00,None,N/A,
152.0814,asiya,SliderControl,Slider Control,676,373,0.00,0.00,None,N/A,
152.0920,asiya,SliderControl,Slider Control,676,373,0.00,0.00,None,N/A,
152.1016,asiya,SliderControl,Slider Control,676,373,0.00,0.00,None,N/A,
152.1110,asiya,SliderControl,Slider Control,676,373,0.00,0.00,None,N/A,
152.1215,asiya,SliderControl,Slider Control,676,373,0.00,0.00,None,N/A,
152.1312,asiya,SliderControl,Slider Control,676,373,0.00,0.00,None,N/A,
152.1416,asiya,SliderControl,Slider Control,676,373,0.00,0.00,None,N/A,
152.1510,asiya,SliderControl,Slider Control,676,373,0.00,0.00,None,N/A,
152.1614,asiya,SliderControl,Slider Control,676,373,0.00,0.00,None,N/A,
152.1719,asiya,SliderControl,Slider Control,676,373,0.00,0.00,None,N/A,
152.1815,asiya,SliderControl,Slider Control,676,373,0.00,0.00,None,N/A,
152.1910,asiya,SliderControl,Slider Control,676,373,0.00,0.00,None,N/A,
152.2016,asiya,SliderControl,Slider Control,676,373,0.00,0.00,None,N/A,
152.2110,asiya,SliderControl,Slider Control,676,373,0.00,0.00,None,N/A,
152.2214,asiya,SliderControl,Slider Control,676,373,0.00,0.00,None,N/A,
152.2319,asiya,SliderControl,Slider Control,676,373,0.00,0.00,None,N/A,
152.2414,asiya,SliderControl,Slider Control,676,373,0.00,0.00,None,N/A,
152.2519,asiya,SliderControl,Slider Control,676,373,0.00,0.00,None,N/A,
152.2623,asiya,SliderControl,Slider Control,676,373,0.00,0.00,None,N/A,
152.2710,asiya,SliderControl,Slider Control,676,373,0.00,0.00,None,N/A,
152.2820,asiya,SliderControl,Slider Control,676,373,0.00,0.00,None,N/A,
152.2922,asiya,SliderControl,Slider Control,676,373,0.00,0.00,None,N/A,
152.3021,asiya,SliderControl,Slider Control,676,373,0.00,0.00,None,N/A,
152.3118,asiya,SliderControl,Slider Control,676,373,0.00,0.00,None,N/A,
152.3213,asiya,SliderControl,Slider Control,676,373,0.00,0.00,None,N/A,
152.3323,asiya,SliderControl,Slider Control,676,373,0.00,0.00,None,N/A,
152.3409,asiya,SliderControl,Slider Control,676,373,0.00,0.00,None,N/A,
152.3514,asiya,SliderControl,Slider Control,676,373,0.00,0.00,None,N/A,
152.3610,asiya,SliderControl,Slider Control,676,373,0.00,0.00,None,N/A,
152.3715,asiya,SliderControl,Slider Control,676,373,0.00,0.00,None,N/A,
152.3810,asiya,SliderControl,Slider Control,676,373,0.00,0.00,None,N/A,
152.3916,asiya,SliderControl,Slider Control,676,373,0.00,0.00,None,N/A,
152.4015,asiya,SliderControl,Slider Control,676,373,0.00,0.00,None,N/A,
152.4111,asiya,SliderControl,Slider Control,676,373,0.00,0.00,None,N/A,
152.4216,asiya,SliderControl,Slider Control,676,373,0.00,0.00,None,N/A,
152.4316,asiya,SliderControl,Slider Control,676,373,0.00,0.00,None,N/A,
152.4411,asiya,SliderControl,Slider Control,676,373,0.00,0.00,None,N/A,
152.4518,asiya,SliderControl,Slider Control,676,373,0.00,0.00,None,N/A,
152.4616,asiya,SliderControl,Slider Control,676,373,0.00,0.00,None,N/A,
152.4711,asiya,SliderControl,Slider Control,676,373,0.00,0.00,None,N/A,
152.4817,asiya,SliderControl,Slider Control,676,373,0.00,0.00,None,N/A,
152.4911,asiya,SliderControl,Slider Control,676,373,0.00,0.00,None,N/A,
152.5017,asiya,SliderControl,Slider Control,676,373,0.00,0.00,None,N/A,
152.5114,asiya,SliderControl,Slider Control,676,373,0.00,0.00,None,N/A,
152.5219,asiya,SliderControl,Slider Control,676,373,0.00,0.00,None,N/A,
152.5309,asiya,SliderControl,Slider Control,676,373,0.00,0.00,None,N/A,
152.5413,asiya,SliderControl,Slider Control,676,373,0.00,0.00,None,N/A,
152.5518,asiya,SliderControl,Slider Control,676,373,0.00,0.00,None,N/A,
152.5614,asiya,SliderControl,Slider Control,676,373,0.00,0.00,None,N/A,
152.5719,asiya,SliderControl,Slider Control,676,373,0.00,0.00,None,N/A,
152.5815,asiya,SliderControl,Slider Control,676,373,0.00,0.00,None,N/A,
152.5919,asiya,SliderControl,Slider Control,676,373,0.00,0.00,None,N/A,
152.6013,asiya,SliderControl,Slider Control,676,373,0.00,0.00,None,N/A,
152.6117,asiya,SliderControl,Slider Control,676,373,0.00,0.00,None,N/A,
152.6212,asiya,SliderControl,Slider Control,676,373,0.00,0.00,None,N/A,
152.6315,asiya,SliderControl,Slider Control,676,373,0.00,0.00,None,N/A,
152.6419,asiya,SliderControl,Slider Control,676,373,0.00,0.00,None,N/A,
152.6514,asiya,SliderControl,Slider Control,676,373,0.00,0.00,None,N/A,
152.6610,asiya,SliderControl,Slider Control,676,373,0.00,0.00,None,N/A,
152.6716,asiya,SliderControl,Slider Control,676,373,0.00,0.00,None,N/A,
152.6819,asiya,SliderControl,Slider Control,676,373,0.00,0.00,Left,N/A,
152.6914,asiya,SliderControl,Slider Control,676,373,0.00,0.00,Left,N/A,
152.7018,asiya,SliderControl,Slider Control,676,373,0.00,0.00,Left,N/A,
152.7111,asiya,SliderControl,Slider Control,676,373,0.00,0.00,Left,N/A,
152.7217,asiya,SliderControl,Slider Control,676,373,0.00,0.00,Left,N/A,
152.7311,asiya,SliderControl,Slider Control,676,373,0.00,0.00,Left,N/A,
152.7415,asiya,SliderControl,Slider Control,676,373,0.00,0.00,Left,N/A,
152.7521,asiya,SliderControl,Slider Control,676,373,0.00,0.00,Left,N/A,
152.7612,asiya,SliderControl,Slider Control,676,373,0.00,0.00,Left,N/A,
152.7717,asiya,SliderControl,Slider Control,676,373,0.00,0.00,Left,N/A,
152.7816,asiya,SliderControl,Slider Control,676,373,0.00,0.00,Left,N/A,
152.7911,asiya,SliderControl,Slider Control,676,373,0.00,0.00,Left,N/A,
152.8016,asiya,SliderControl,Slider Control,676,373,0.00,0.00,Left,N/A,
152.8117,asiya,SliderControl,Slider Control,679,372,311.67,30716.93,Left,N/A,
152.8211,asiya,SliderControl,Slider Control,683,372,426.33,12220.71,Left,N/A,
152.8312,asiya,SliderControl,Slider Control,692,372,888.48,45623.42,Left,N/A,
152.8417,asiya,SliderControl,Slider Control,696,372,381.06,-48339.04,Left,N/A,
152.8513,asiya,SliderControl,Slider Control,700,372,419.15,3991.29,Left,N/A,
152.8611,asiya,SliderControl,Slider Control,705,372,510.24,9296.24,Left,N/A,
152.8716,asiya,SliderControl,Slider Control,708,372,285.69,-21384.24,Left,N/A,
152.8812,asiya,SliderControl,Slider Control,710,372,208.27,-8061.90,Left,N/A,
152.8913,asiya,SliderControl,Slider Control,711,372,98.18,-10808.96,Left,N/A,
152.9019,asiya,SliderControl,Slider Control,713,372,189.06,8591.20,Left,N/A,
152.9116,asiya,SliderControl,Slider Control,713,372,0.00,-19607.71,Left,N/A,
152.9210,asiya,SliderControl,Slider Control,715,372,211.88,22445.79,Left,N/A,
152.9312,asiya,SliderControl,Slider Control,715,372,0.00,-20820.81,Left,N/A,
152.9419,asiya,SliderControl,Slider Control,715,372,0.00,0.00,Left,N/A,
152.9510,asiya,SliderControl,Slider Control,716,372,110.54,12219.59,Left,N/A,
152.9614,asiya,SliderControl,Slider Control,716,372,0.00,-10579.53,Left,N/A,
152.9719,asiya,SliderControl,Slider Control,716,372,0.00,0.00,Left,N/A,
152.9814,asiya,SliderControl,Slider Control,716,372,0.00,0.00,Left,N/A,
152.9918,asiya,SliderControl,Slider Control,716,372,0.00,0.00,Left,N/A,
153.0013,asiya,SliderControl,Slider Control,716,372,0.00,0.00,Left,N/A,
153.0117,asiya,SliderControl,Slider Control,716,372,0.00,0.00,Left,N/A,
153.0212,asiya,SliderControl,Slider Control,716,372,0.00,0.00,Left,N/A,
153.0311,asiya,SliderControl,Slider Control,716,372,0.00,0.00,Left,N/A,
153.0415,asiya,SliderControl,Slider Control,716,372,0.00,0.00,Left,N/A,
153.0510,asiya,SliderControl,Slider Control,716,372,0.00,0.00,Left,N/A,
153.0614,asiya,SliderControl,Slider Control,716,372,0.00,0.00,Left,N/A,
153.0713,asiya,SliderControl,Slider Control,715,372,101.59,10320.32,Left,N/A,
153.0810,asiya,SliderControl,Slider Control,715,372,0.00,-10426.13,Left,N/A,
153.0910,asiya,SliderControl,Slider Control,715,372,0.00,0.00,Left,N/A,
153.1016,asiya,SliderControl,Slider Control,714,372,94.75,8977.18,Left,N/A,
153.1110,asiya,SliderControl,Slider Control,714,372,0.00,-10015.17,Left,N/A,
153.1213,asiya,SliderControl,Slider Control,714,372,0.00,0.00,Left,N/A,
153.1313,asiya,SliderControl,Slider Control,713,372,100.07,10014.82,Left,N/A,
153.1418,asiya,SliderControl,Slider Control,713,372,0.00,-9563.70,Left,N/A,
153.1517,asiya,SliderControl,Slider Control,713,372,0.00,0.00,Left,N/A,
153.1613,asiya,SliderControl,Slider Control,712,372,103.68,10750.24,Left,N/A,
153.1714,asiya,SliderControl,Slider Control,711,372,99.13,-451.12,Left,N/A,
153.1811,asiya,SliderControl,Slider Control,708,373,327.88,23718.27,Left,N/A,
153.1912,asiya,SliderControl,Slider Control,705,373,295.90,-3154.54,Left,N/A,
153.2013,asiya,SliderControl,Slider Control,694,374,1093.10,78893.80,Left,N/A,
153.2110,asiya,SliderControl,Slider Control,688,375,625.36,-48087.19,Left,N/A,
153.2215,asiya,SliderControl,Slider Control,682,375,571.65,-5117.41,Left,N/A,
153.2315,asiya,SliderControl,Slider Control,675,376,707.41,13581.77,Left,N/A,
153.2417,asiya,SliderControl,Slider Control,672,377,310.67,-38976.90,Left,N/A,
153.2519,asiya,SliderControl,Slider Control,668,377,392.20,7993.95,Left,N/A,
153.2618,asiya,SliderControl,Slider Control,667,377,100.93,-29398.32,Left,N/A,
153.2713,asiya,SliderControl,Slider Control,664,377,316.40,22724.76,Left,N/A,
153.2815,asiya,SliderControl,Slider Control,663,377,98.10,-21415.62,Left,N/A,
153.2917,asiya,SliderControl,Slider Control,662,377,97.91,-18.61,Left,N/A,
153.3012,asiya,SliderControl,Slider Control,661,377,105.14,759.71,Left,N/A,
153.3112,asiya,SliderControl,Slider Control,660,377,99.84,-528.75,Left,N/A,
153.3214,asiya,SliderControl,Slider Control,659,377,98.34,-147.57,Left,N/A,
153.3314,asiya,SliderControl,Slider Control,658,377,100.02,167.71,Left,N/A,
153.3419,asiya,SliderControl,Slider Control,658,377,0.00,-9518.11,Left,N/A,
153.3517,asiya,SliderControl,Slider Control,658,377,0.00,0.00,Left,N/A,
153.3615,asiya,SliderControl,Slider Control,656,377,204.21,20851.21,Left,N/A,
153.3717,asiya,SliderControl,Slider Control,655,377,97.92,-10408.08,Left,N/A,
153.3811,asiya,SliderControl,Slider Control,651,377,425.52,34849.20,Left,N/A,
153.3911,asiya,SliderControl,Slider Control,650,377,100.22,-32600.54,Left,N/A,
153.4011,asiya,SliderControl,Slider Control,648,377,200.29,10021.98,Left,N/A,
153.4118,asiya,SliderControl,Slider Control,647,377,93.19,-9980.85,Left,N/A,
153.4212,asiya,SliderControl,Slider Control,645,377,213.52,12846.17,Left,N/A,
153.4311,asiya,SliderControl,Slider Control,644,377,101.11,-11365.94,Left,N/A,
153.4417,asiya,SliderControl,Slider Control,643,377,94.47,-627.97,Left,N/A,
153.4514,asiya,SliderControl,Slider Control,643,377,0.00,-9669.81,Left,N/A,
153.4618,asiya,SliderControl,Slider Control,643,377,0.00,0.00,Left,N/A,
153.4710,asiya,SliderControl,Slider Control,642,377,109.56,12003.50,Left,N/A,
153.4809,asiya,SliderControl,Slider Control,642,377,0.00,-10987.76,Left,N/A,
153.4911,asiya,SliderControl,Slider Control,642,377,0.00,0.00,Left,N/A,
153.5018,asiya,SliderControl,Slider Control,641,377,93.14,8674.39,Left,N/A,
153.5114,asiya,SliderControl,Slider Control,641,377,0.00,-9702.51,Left,N/A,
153.5222,asiya,SliderControl,Slider Control,641,377,0.00,0.00,Left,N/A,
153.5312,asiya,SliderControl,Slider Control,641,377,0.00,0.00,Left,N/A,
153.5415,asiya,SliderControl,Slider Control,641,377,0.00,0.00,Left,N/A,
153.5510,asiya,SliderControl,Slider Control,641,377,0.00,0.00,Left,N/A,
153.5616,asiya,SliderControl,Slider Control,641,377,0.00,0.00,Left,N/A,
153.5711,asiya,SliderControl,Slider Control,641,377,0.00,0.00,Left,N/A,
153.5819,asiya,SliderControl,Slider Control,641,377,0.00,0.00,Left,N/A,
153.5913,asiya,SliderControl,Slider Control,641,377,0.00,0.00,Left,N/A,
153.6019,asiya,SliderControl,Slider Control,641,377,0.00,0.00,Left,N/A,
153.6115,asiya,SliderControl,Slider Control,641,377,0.00,0.00,Left,N/A,
153.6211,asiya,SliderControl,Slider Control,641,377,0.00,0.00,Left,N/A,
153.6317,asiya,SliderControl,Slider Control,641,377,0.00,0.00,Left,N/A,
153.6416,asiya,SliderControl,Slider Control,641,377,0.00,0.00,Left,N/A,
153.6512,asiya,SliderControl,Slider Control,641,377,0.00,0.00,Left,N/A,
153.6610,asiya,SliderControl,Slider Control,642,377,102.07,10417.99,Left,N/A,
153.6717,asiya,SliderControl,Slider Control,642,377,0.00,-9520.67,Left,N/A,
153.6810,asiya,SliderControl,Slider Control,643,377,107.20,11491.82,Left,N/A,
153.6920,asiya,SliderControl,Slider Control,643,377,0.00,-9811.02,Left,N/A,
153.6953,asiya,SliderControl,Slider Control,643,377,0.00,0.00,None,N/A,slider_released_missed
153.7012,asiya,SliderControl,Slider Control,643,377,0.00,0.00,None,N/A,
153.7116,asiya,SliderControl,Slider Control,643,377,0.00,0.00,None,N/A,
153.7211,asiya,SliderControl,Slider Control,643,377,0.00,0.00,None,N/A,
153.7311,asiya,SliderControl,Slider Control,643,377,0.00,0.00,None,N/A,
153.7415,asiya,SliderControl,Slider Control,643,377,0.00,0.00,None,N/A,
153.7510,asiya,SliderControl,Slider Control,643,377,0.00,0.00,None,N/A,
153.7615,asiya,SliderControl,Slider Control,643,377,0.00,0.00,None,N/A,
153.7724,asiya,SliderControl,Slider Control,643,377,0.00,0.00,None,N/A,
153.7819,asiya,SliderControl,Slider Control,643,377,0.00,0.00,None,N/A,
153.7912,asiya,SliderControl,Slider Control,643,377,0.00,0.00,None,N/A,
153.8017,asiya,SliderControl,Slider Control,643,377,0.00,0.00,None,N/A,
153.8112,asiya,SliderControl,Slider Control,643,377,0.00,0.00,None,N/A,
153.8217,asiya,SliderControl,Slider Control,643,377,0.00,0.00,None,N/A,
153.8312,asiya,SliderControl,Slider Control,643,377,0.00,0.00,None,N/A,
153.8415,asiya,SliderControl,Slider Control,643,377,0.00,0.00,None,N/A,
153.8512,asiya,SliderControl,Slider Control,643,377,0.00,0.00,None,N/A,
153.8616,asiya,SliderControl,Slider Control,643,377,0.00,0.00,None,N/A,
153.8711,asiya,SliderControl,Slider Control,643,377,0.00,0.00,None,N/A,
153.8816,asiya,SliderControl,Slider Control,643,377,0.00,0.00,None,N/A,
153.8911,asiya,SliderControl,Slider Control,643,377,0.00,0.00,None,N/A,
153.9016,asiya,SliderControl,Slider Control,643,377,0.00,0.00,None,N/A,
153.9111,asiya,SliderControl,Slider Control,643,377,0.00,0.00,None,N/A,
153.9215,asiya,SliderControl,Slider Control,643,377,0.00,0.00,None,N/A,
153.9310,asiya,SliderControl,Slider Control,643,377,0.00,0.00,None,N/A,
153.9414,asiya,SliderControl,Slider Control,643,377,0.00,0.00,None,N/A,
153.9518,asiya,SliderControl,Slider Control,643,377,0.00,0.00,None,N/A,
153.9614,asiya,SliderControl,Slider Control,643,377,0.00,0.00,None,N/A,
153.9718,asiya,SliderControl,Slider Control,643,377,0.00,0.00,None,N/A,
153.9817,asiya,SliderControl,Slider Control,643,377,0.00,0.00,None,N/A,
153.9911,asiya,SliderControl,Slider Control,643,377,0.00,0.00,None,N/A,
154.0016,asiya,SliderControl,Slider Control,643,377,0.00,0.00,None,N/A,
154.0113,asiya,SliderControl,Slider Control,643,377,0.00,0.00,None,N/A,
154.0218,asiya,SliderControl,Slider Control,643,377,0.00,0.00,None,N/A,
154.0313,asiya,SliderControl,Slider Control,643,377,0.00,0.00,None,N/A,
154.0418,asiya,SliderControl,Slider Control,643,377,0.00,0.00,None,N/A,
154.0513,asiya,SliderControl,Slider Control,643,377,0.00,0.00,None,N/A,
154.0618,asiya,SliderControl,Slider Control,643,377,0.00,0.00,None,N/A,
154.0713,asiya,SliderControl,Slider Control,643,377,0.00,0.00,None,N/A,
154.0815,asiya,SliderControl,Slider Control,643,377,0.00,0.00,Left,N/A,
154.0910,asiya,SliderControl,Slider Control,643,377,0.00,0.00,Left,N/A,
154.1014,asiya,SliderControl,Slider Control,643,377,0.00,0.00,Left,N/A,
154.1119,asiya,SliderControl,Slider Control,643,377,0.00,0.00,Left,N/A,
154.1214,asiya,SliderControl,Slider Control,643,377,0.00,0.00,Left,N/A,
154.1319,asiya,SliderControl,Slider Control,643,377,0.00,0.00,Left,N/A,
154.1413,asiya,SliderControl,Slider Control,643,377,0.00,0.00,Left,N/A,
154.1517,asiya,SliderControl,Slider Control,643,377,0.00,0.00,Left,N/A,
154.1619,asiya,SliderControl,Slider Control,643,377,0.00,0.00,Left,N/A,
154.1714,asiya,SliderControl,Slider Control,643,377,0.00,0.00,Left,N/A,
154.1875,asiya,SliderControl,Slider Control,643,377,0.00,0.00,Left,N/A,
154.1909,asiya,SliderControl,Slider Control,643,377,0.00,0.00,Left,N/A,
154.2017,asiya,SliderControl,Slider Control,643,377,0.00,0.00,Left,N/A,
154.2113,asiya,SliderControl,Slider Control,643,377,0.00,0.00,Left,N/A,
154.2218,asiya,SliderControl,Slider Control,643,377,0.00,0.00,Left,N/A,
154.2313,asiya,SliderControl,Slider Control,643,377,0.00,0.00,Left,N/A,
154.2422,asiya,SliderControl,Slider Control,643,377,0.00,0.00,Left,N/A,
154.2519,asiya,SliderControl,Slider Control,643,377,0.00,0.00,Left,N/A,
154.2594,asiya,SliderControl,Slider Control,643,377,0.00,0.00,None,N/A,slider_released_missed
154.2611,asiya,SliderControl,Slider Control,643,377,0.00,0.00,None,N/A,
154.2717,asiya,SliderControl,Slider Control,643,377,0.00,0.00,None,N/A,
154.2811,asiya,SliderControl,Slider Control,643,377,0.00,0.00,None,N/A,
154.2917,asiya,SliderControl,Slider Control,643,377,0.00,0.00,None,N/A,
154.3012,asiya,SliderControl,Slider Control,643,377,0.00,0.00,None,N/A,
154.3117,asiya,SliderControl,Slider Control,643,377,0.00,0.00,None,N/A,
154.3212,asiya,SliderControl,Slider Control,643,377,0.00,0.00,None,N/A,
154.3317,asiya,SliderControl,Slider Control,643,377,0.00,0.00,None,N/A,
154.3412,asiya,SliderControl,Slider Control,643,377,0.00,0.00,None,N/A,
154.3517,asiya,SliderControl,Slider Control,643,377,0.00,0.00,None,N/A,
154.3612,asiya,SliderControl,Slider Control,643,377,0.00,0.00,None,N/A,
154.3718,asiya,SliderControl,Slider Control,643,377,0.00,0.00,None,N/A,
154.3814,asiya,SliderControl,Slider Control,643,377,0.00,0.00,None,N/A,
154.3919,asiya,SliderControl,Slider Control,643,377,0.00,0.00,None,N/A,
154.4015,asiya,SliderControl,Slider Control,643,377,0.00,0.00,None,N/A,
154.4112,asiya,SliderControl,Slider Control,643,377,0.00,0.00,None,N/A,
154.4217,asiya,SliderControl,Slider Control,643,377,0.00,0.00,None,N/A,
154.4312,asiya,SliderControl,Slider Control,643,377,0.00,0.00,None,N/A,
154.4416,asiya,SliderControl,Slider Control,643,377,0.00,0.00,None,N/A,
154.4510,asiya,SliderControl,Slider Control,643,377,0.00,0.00,None,N/A,
154.4620,asiya,SliderControl,Slider Control,643,377,0.00,0.00,None,N/A,
154.4716,asiya,SliderControl,Slider Control,643,377,0.00,0.00,None,N/A,
154.4814,asiya,SliderControl,Slider Control,643,376,102.01,10405.84,None,N/A,
154.4909,asiya,SliderControl,Slider Control,643,376,0.00,-10727.80,None,N/A,
154.5011,asiya,SliderControl,Slider Control,643,375,98.08,9619.29,None,N/A,
154.5115,asiya,SliderControl,Slider Control,643,375,0.00,-9484.88,None,N/A,
154.5217,asiya,SliderControl,Slider Control,643,374,97.60,9526.39,None,N/A,
154.5314,asiya,SliderControl,Slider Control,643,374,0.00,-10123.34,None,N/A,
154.5411,asiya,SliderControl,Slider Control,643,374,0.00,0.00,None,N/A,
154.5515,asiya,SliderControl,Slider Control,643,374,0.00,0.00,None,N/A,
154.5613,asiya,SliderControl,Slider Control,643,374,0.00,0.00,None,N/A,
154.5719,asiya,SliderControl,Slider Control,643,374,0.00,0.00,None,N/A,
154.5813,asiya,SliderControl,Slider Control,643,374,0.00,0.00,None,N/A,
154.5917,asiya,SliderControl,Slider Control,643,374,0.00,0.00,None,N/A,
154.6012,asiya,SliderControl,Slider Control,643,374,0.00,0.00,None,N/A,
154.6117,asiya,SliderControl,Slider Control,643,374,0.00,0.00,None,N/A,
154.6212,asiya,SliderControl,Slider Control,643,374,0.00,0.00,None,N/A,
154.6313,asiya,SliderControl,Slider Control,643,374,0.00,0.00,None,N/A,
154.6418,asiya,SliderControl,Slider Control,643,374,0.00,0.00,None,N/A,
154.6510,asiya,SliderControl,Slider Control,643,373,108.50,11772.97,None,N/A,
154.6617,asiya,SliderControl,Slider Control,643,373,0.00,-10079.20,None,N/A,
154.6718,asiya,SliderControl,Slider Control,643,372,99.20,9840.31,None,N/A,
154.6814,asiya,SliderControl,Slider Control,643,371,103.88,486.73,None,N/A,
154.6912,asiya,SliderControl,Slider Control,643,369,204.36,10266.05,None,N/A,
154.7012,asiya,SliderControl,Slider Control,644,368,142.30,-6243.95,None,N/A,
154.7116,asiya,SliderControl,Slider Control,644,366,190.91,4639.78,None,N/A,
154.7215,asiya,SliderControl,Slider Control,644,365,101.25,-9078.09,None,N/A,
154.7310,asiya,SliderControl,Slider Control,644,364,105.33,429.03,None,N/A,
154.7411,asiya,SliderControl,Slider Control,644,363,99.63,-567.57,None,N/A,
154.7515,asiya,SliderControl,Slider Control,644,363,0.00,-9490.51,None,N/A,
154.7615,asiya,SliderControl,Slider Control,644,363,0.00,0.00,None,N/A,
154.7716,asiya,SliderControl,Slider Control,644,362,99.55,9910.97,None,N/A,
154.7811,asiya,SliderControl,Slider Control,644,362,0.00,-10501.99,None,N/A,
154.7910,asiya,SliderControl,Slider Control,644,362,0.00,0.00,None,N/A,
154.8015,asiya,SliderControl,Slider Control,644,362,0.00,0.00,None,N/A,
154.8120,asiya,SliderControl,Slider Control,644,362,0.00,0.00,None,N/A,
154.8214,asiya,SliderControl,Slider Control,644,362,0.00,0.00,None,N/A,
154.8319,asiya,SliderControl,Slider Control,644,362,0.00,0.00,None,N/A,
154.8419,asiya,SliderControl,Slider Control,644,362,0.00,0.00,None,N/A,
154.8518,asiya,SliderControl,Slider Control,644,361,100.30,10059.41,None,N/A,
154.8614,asiya,SliderControl,Slider Control,644,361,0.00,-10481.23,None,N/A,
154.8719,asiya,SliderControl,Slider Control,644,361,0.00,0.00,None,N/A,
154.8813,asiya,SliderControl,Slider Control,644,361,0.00,0.00,None,N/A,
154.8917,asiya,SliderControl,Slider Control,644,361,0.00,0.00,None,N/A,
154.9012,asiya,SliderControl,Slider Control,644,361,0.00,0.00,None,N/A,
154.9116,asiya,SliderControl,Slider Control,644,361,0.00,0.00,None,N/A,
154.9211,asiya,SliderControl,Slider Control,644,361,0.00,0.00,None,N/A,
154.9318,asiya,SliderControl,Slider Control,644,361,0.00,0.00,None,N/A,
154.9413,asiya,SliderControl,Slider Control,644,361,0.00,0.00,None,N/A,
154.9517,asiya,SliderControl,Slider Control,644,361,0.00,0.00,None,N/A,
154.9611,asiya,SliderControl,Slider Control,644,361,0.00,0.00,None,N/A,
154.9716,asiya,SliderControl,Slider Control,644,361,0.00,0.00,None,N/A,
154.9812,asiya,SliderControl,Slider Control,644,361,0.00,0.00,None,N/A,
154.9916,asiya,SliderControl,Slider Control,644,361,0.00,0.00,None,N/A,
155.0011,asiya,SliderControl,Slider Control,644,361,0.00,0.00,None,N/A,
155.0115,asiya,SliderControl,Slider Control,644,361,0.00,0.00,None,N/A,
155.0211,asiya,SliderControl,Slider Control,644,361,0.00,0.00,None,N/A,
155.0316,asiya,SliderControl,Slider Control,644,361,0.00,0.00,None,N/A,
155.0412,asiya,SliderControl,Slider Control,644,361,0.00,0.00,None,N/A,
155.0518,asiya,SliderControl,Slider Control,644,361,0.00,0.00,None,N/A,
155.0618,asiya,SliderControl,Slider Control,644,361,0.00,0.00,None,N/A,
155.0713,asiya,SliderControl,Slider Control,644,361,0.00,0.00,None,N/A,
155.0818,asiya,SliderControl,Slider Control,644,361,0.00,0.00,None,N/A,
155.0911,asiya,SliderControl,Slider Control,644,361,0.00,0.00,None,N/A,
155.1016,asiya,SliderControl,Slider Control,644,361,0.00,0.00,None,N/A,
155.1111,asiya,SliderControl,Slider Control,644,361,0.00,0.00,None,N/A,
155.1217,asiya,SliderControl,Slider Control,644,361,0.00,0.00,None,N/A,
155.1310,asiya,SliderControl,Slider Control,644,362,107.64,11585.80,None,N/A,
155.1418,asiya,SliderControl,Slider Control,644,362,0.00,-9968.07,None,N/A,
155.1519,asiya,SliderControl,Slider Control,644,362,0.00,0.00,None,N/A,
155.1615,asiya,SliderControl,Slider Control,644,363,104.63,10946.90,None,N/A,
155.1713,asiya,SliderControl,Slider Control,644,363,0.00,-10613.82,None,N/A,
155.1818,asiya,SliderControl,Slider Control,644,363,0.00,0.00,None,N/A,
155.1919,asiya,SliderControl,Slider Control,644,364,99.08,9816.61,None,N/A,
155.2014,asiya,SliderControl,Slider Control,644,364,0.00,-10460.56,None,N/A,
155.2111,asiya,SliderControl,Slider Control,644,364,0.00,0.00,None,N/A,
155.2213,asiya,SliderControl,Slider Control,644,365,97.71,9547.26,None,N/A,
155.2319,asiya,SliderControl,Slider Control,644,365,0.00,-9271.66,None,N/A,
155.2413,asiya,SliderControl,Slider Control,644,365,0.00,0.00,None,N/A,
155.2515,asiya,SliderControl,Slider Control,644,365,0.00,0.00,None,N/A,
155.2619,asiya,SliderControl,Slider Control,644,365,0.00,0.00,None,N/A,
155.2713,asiya,SliderControl,Slider Control,644,365,0.00,0.00,None,N/A,
155.2817,asiya,SliderControl,Slider Control,644,365,0.00,0.00,None,N/A,
155.2911,asiya,SliderControl,Slider Control,644,366,106.85,11416.42,None,N/A,
155.3014,asiya,SliderControl,Slider Control,644,366,0.00,-10402.05,None,N/A,
155.3112,asiya,SliderControl,Slider Control,644,366,0.00,0.00,None,N/A,
155.3210,asiya,SliderControl,Slider Control,644,367,101.79,10360.93,None,N/A,
155.3319,asiya,SliderControl,Slider Control,644,367,0.00,-9287.81,None,N/A,
155.3410,asiya,SliderControl,Slider Control,644,368,109.87,12072.15,None,N/A,
155.3513,asiya,SliderControl,Slider Control,644,368,0.00,-10730.23,None,N/A,
155.3614,asiya,SliderControl,Slider Control,644,368,0.00,0.00,None,N/A,
155.3719,asiya,SliderControl,Slider Control,643,369,134.24,12742.24,None,N/A,
155.3819,asiya,SliderControl,Slider Control,643,369,0.00,-13490.54,None,N/A,
155.3916,asiya,SliderControl,Slider Control,643,369,0.00,0.00,None,N/A,
155.4011,asiya,SliderControl,Slider Control,643,369,0.00,0.00,None,N/A,
155.4119,asiya,SliderControl,Slider Control,643,369,0.00,0.00,None,N/A,
155.4214,asiya,SliderControl,Slider Control,643,369,0.00,0.00,None,N/A,
155.4318,asiya,SliderControl,Slider Control,643,369,0.00,0.00,None,N/A,
155.4419,asiya,SliderControl,Slider Control,643,369,0.00,0.00,None,N/A,
155.4513,asiya,SliderControl,Slider Control,642,369,106.16,11270.10,None,N/A,
155.4619,asiya,SliderControl,Slider Control,642,369,0.00,-10041.28,None,N/A,
155.4714,asiya,SliderControl,Slider Control,642,369,0.00,0.00,None,N/A,
155.4819,asiya,SliderControl,Slider Control,642,369,0.00,0.00,None,N/A,
155.4913,asiya,SliderControl,Slider Control,642,369,0.00,0.00,None,N/A,
155.5019,asiya,SliderControl,Slider Control,642,369,0.00,0.00,None,N/A,
155.5115,asiya,SliderControl,Slider Control,642,369,0.00,0.00,None,N/A,
155.5210,asiya,SliderControl,Slider Control,642,369,0.00,0.00,None,N/A,
155.5315,asiya,SliderControl,Slider Control,642,369,0.00,0.00,None,N/A,
155.5420,asiya,SliderControl,Slider Control,642,369,0.00,0.00,None,N/A,
155.5516,asiya,SliderControl,Slider Control,642,369,0.00,0.00,None,N/A,
155.5613,asiya,SliderControl,Slider Control,642,369,0.00,0.00,None,N/A,
155.5718,asiya,SliderControl,Slider Control,642,369,0.00,0.00,None,N/A,
155.5812,asiya,SliderControl,Slider Control,642,369,0.00,0.00,None,N/A,
155.5916,asiya,SliderControl,Slider Control,642,369,0.00,0.00,None,N/A,
155.6011,asiya,SliderControl,Slider Control,642,369,0.00,0.00,None,N/A,
155.6115,asiya,SliderControl,Slider Control,642,369,0.00,0.00,None,N/A,
155.6210,asiya,SliderControl,Slider Control,642,369,0.00,0.00,None,N/A,
155.6317,asiya,SliderControl,Slider Control,642,369,0.00,0.00,Left,N/A,
155.6413,asiya,SliderControl,Slider Control,642,369,0.00,0.00,Left,N/A,
155.6517,asiya,SliderControl,Slider Control,642,369,0.00,0.00,Left,N/A,
155.6613,asiya,SliderControl,Slider Control,642,369,0.00,0.00,Left,N/A,
155.6718,asiya,SliderControl,Slider Control,642,369,0.00,0.00,Left,N/A,
155.6813,asiya,SliderControl,Slider Control,642,369,0.00,0.00,Left,N/A,
155.6919,asiya,SliderControl,Slider Control,642,369,0.00,0.00,Left,N/A,
155.7013,asiya,SliderControl,Slider Control,642,369,0.00,0.00,Left,N/A,
155.7111,asiya,SliderControl,Slider Control,642,369,0.00,0.00,Left,N/A,
155.7217,asiya,SliderControl,Slider Control,642,369,0.00,0.00,Left,N/A,
155.7311,asiya,SliderControl,Slider Control,642,369,0.00,0.00,Left,N/A,
155.7414,asiya,SliderControl,Slider Control,642,369,0.00,0.00,Left,N/A,
155.7519,asiya,SliderControl,Slider Control,642,369,0.00,0.00,Left,N/A,
155.7615,asiya,SliderControl,Slider Control,642,369,0.00,0.00,Left,N/A,
155.7711,asiya,SliderControl,Slider Control,642,369,0.00,0.00,Left,N/A,
155.7817,asiya,SliderControl,Slider Control,645,369,282.35,26573.77,Left,N/A,
155.7912,asiya,SliderControl,Slider Control,649,370,432.88,15804.01,Left,N/A,
155.8010,asiya,SliderControl,Slider Control,656,372,741.73,31467.69,Left,N/A,
155.8111,asiya,SliderControl,Slider Control,659,372,298.80,-44116.12,Left,N/A,
155.8216,asiya,SliderControl,Slider Control,664,373,485.84,17822.20,Left,N/A,
155.8316,asiya,SliderControl,Slider Control,666,373,198.45,-28516.77,Left,N/A,
155.8416,asiya,SliderControl,Slider Control,669,374,317.45,11945.22,Left,N/A,
155.8512,asiya,SliderControl,Slider Control,674,374,518.06,20785.72,Left,N/A,
155.8611,asiya,SliderControl,Slider Control,677,375,320.47,-20023.96,Left,N/A,
155.8719,asiya,SliderControl,Slider Control,682,375,461.63,13033.22,Left,N/A,
155.8816,asiya,SliderControl,Slider Control,685,375,311.73,-15576.50,Left,N/A,
155.8914,asiya,SliderControl,Slider Control,689,375,406.38,9615.59,Left,N/A,
155.9012,asiya,SliderControl,Slider Control,690,375,101.83,-31011.51,Left,N/A,
155.9118,asiya,SliderControl,Slider Control,693,375,284.09,17259.58,Left,N/A,
155.9213,asiya,SliderControl,Slider Control,693,375,0.00,-29990.68,Left,N/A,
155.9244,asiya,SliderControl,Slider Control,693,375,0.00,0.00,None,N/A,slider_released_correct
155.9317,asiya,SliderControl,Slider Control,693,375,0.00,0.00,None,N/A,
155.9411,asiya,SliderControl,Slider Control,693,375,0.00,0.00,None,N/A,
155.9516,asiya,SliderControl,Slider Control,693,375,0.00,0.00,None,N/A,
155.9612,asiya,SliderControl,Slider Control,693,375,0.00,0.00,None,N/A,
155.9716,asiya,SliderControl,Slider Control,693,375,0.00,0.00,None,N/A,
155.9811,asiya,SliderControl,Slider Control,693,375,0.00,0.00,None,N/A,
155.9915,asiya,SliderControl,Slider Control,693,375,0.00,0.00,None,N/A,
156.0010,asiya,SliderControl,Slider Control,693,375,0.00,0.00,None,N/A,
156.0114,asiya,SliderControl,Slider Control,693,375,0.00,0.00,None,N/A,
156.0210,asiya,SliderControl,Slider Control,693,375,0.00,0.00,None,N/A,
156.0317,asiya,SliderControl,Slider Control,693,375,0.00,0.00,None,N/A,
156.0413,asiya,SliderControl,Slider Control,693,375,0.00,0.00,None,N/A,
156.0518,asiya,SliderControl,Slider Control,693,375,0.00,0.00,None,N/A,
156.0613,asiya,SliderControl,Slider Control,693,375,0.00,0.00,None,N/A,
156.0718,asiya,SliderControl,Slider Control,693,375,0.00,0.00,None,N/A,
156.0813,asiya,SliderControl,Slider Control,693,375,0.00,0.00,None,N/A,
156.0911,asiya,SliderControl,Slider Control,693,375,0.00,0.00,None,N/A,
156.1016,asiya,SliderControl,Slider Control,693,375,0.00,0.00,None,N/A,
156.1112,asiya,SliderControl,Slider Control,693,375,0.00,0.00,None,N/A,
156.1217,asiya,SliderControl,Slider Control,693,375,0.00,0.00,None,N/A,
156.1312,asiya,SliderControl,Slider Control,693,375,0.00,0.00,None,N/A,
156.1415,asiya,SliderControl,Slider Control,693,375,0.00,0.00,None,N/A,
156.1513,asiya,SliderControl,Slider Control,693,375,0.00,0.00,None,N/A,
156.1610,asiya,SliderControl,Slider Control,693,375,0.00,0.00,None,N/A,
156.1715,asiya,SliderControl,Slider Control,693,375,0.00,0.00,None,N/A,
156.1819,asiya,SliderControl,Slider Control,693,375,0.00,0.00,None,N/A,
156.1912,asiya,SliderControl,Slider Control,693,375,0.00,0.00,None,N/A,
156.2017,asiya,SliderControl,Slider Control,693,375,0.00,0.00,None,N/A,
156.2113,asiya,SliderControl,Slider Control,693,375,0.00,0.00,None,N/A,
156.2218,asiya,SliderControl,Slider Control,693,375,0.00,0.00,None,N/A,
156.2314,asiya,SliderControl,Slider Control,693,375,0.00,0.00,None,N/A,
156.2413,asiya,SliderControl,Slider Control,693,375,0.00,0.00,None,N/A,
156.2512,asiya,SliderControl,Slider Control,693,375,0.00,0.00,None,N/A,
156.2619,asiya,SliderControl,Slider Control,693,375,0.00,0.00,None,N/A,
156.2715,asiya,SliderControl,Slider Control,693,375,0.00,0.00,None,N/A,
156.2811,asiya,SliderControl,Slider Control,693,375,0.00,0.00,None,N/A,
156.2921,asiya,SliderControl,Slider Control,693,375,0.00,0.00,None,N/A,
156.3021,asiya,SliderControl,Slider Control,693,375,0.00,0.00,None,N/A,
156.3121,asiya,SliderControl,Slider Control,693,375,0.00,0.00,None,N/A,
156.3221,asiya,SliderControl,Slider Control,693,375,0.00,0.00,None,N/A,
156.3328,asiya,SliderControl,Slider Control,693,375,0.00,0.00,None,N/A,
156.3414,asiya,SliderControl,Slider Control,693,375,0.00,0.00,None,N/A,
156.3510,asiya,SliderControl,Slider Control,693,375,0.00,0.00,None,N/A,
156.3616,asiya,SliderControl,Slider Control,693,375,0.00,0.00,None,N/A,
156.3712,asiya,SliderControl,Slider Control,693,375,0.00,0.00,None,N/A,
156.3817,asiya,SliderControl,Slider Control,693,375,0.00,0.00,None,N/A,
156.3912,asiya,SliderControl,Slider Control,693,375,0.00,0.00,None,N/A,
156.4018,asiya,SliderControl,Slider Control,693,375,0.00,0.00,None,N/A,
156.4115,asiya,SliderControl,Slider Control,693,375,0.00,0.00,None,N/A,
156.4211,asiya,SliderControl,Slider Control,693,375,0.00,0.00,None,N/A,
156.4316,asiya,SliderControl,Slider Control,693,375,0.00,0.00,None,N/A,
156.4410,asiya,SliderControl,Slider Control,693,375,0.00,0.00,None,N/A,
156.4515,asiya,SliderControl,Slider Control,693,375,0.00,0.00,None,N/A,
156.4616,asiya,SliderControl,Slider Control,725,372,3176.70,313979.35,None,N/A,
156.4715,asiya,SliderControl,Slider Control,767,369,4253.60,108787.94,None,N/A,
156.4817,asiya,SliderControl,Slider Control,816,361,4881.44,61728.07,None,N/A,
156.4916,asiya,SliderControl,Slider Control,832,358,1648.92,-327428.68,None,N/A,
156.5018,asiya,SliderControl,Slider Control,864,352,3182.17,149860.19,None,N/A,
156.5117,asiya,SliderControl,Slider Control,879,350,1538.14,-167104.82,None,N/A,
156.5212,asiya,SliderControl,Slider Control,905,344,2805.59,133265.46,None,N/A,
156.5310,asiya,SliderControl,Slider Control,919,342,1433.14,-139082.24,None,N/A,
156.5414,asiya,SliderControl,Slider Control,931,341,1165.21,-25926.65,None,N/A,
156.5510,asiya,SliderControl,Slider Control,953,340,2282.49,115797.06,None,N/A,
156.5617,asiya,SliderControl,Slider Control,963,339,939.53,-125548.85,None,N/A,
156.5711,asiya,SliderControl,Slider Control,982,342,2059.77,119957.05,None,N/A,
156.5811,asiya,SliderControl,Slider Control,988,344,626.69,-142001.22,None,N/A,
156.5909,asiya,SliderControl,Slider Control,997,347,968.87,34946.71,None,N/A,
156.6016,asiya,SliderControl,Slider Control,1002,349,503.59,-43510.66,None,N/A,
156.6115,asiya,SliderControl,Slider Control,1008,351,644.28,14332.54,None,N/A,
156.6215,asiya,SliderControl,Slider Control,1010,352,222.07,-41931.37,None,N/A,
156.6314,asiya,SliderControl,Slider Control,1013,354,366.69,14708.31,None,N/A,
156.6410,asiya,SliderControl,Slider Control,1014,354,103.83,-27292.59,None,N/A,
156.6516,asiya,SliderControl,Slider Control,1014,354,0.00,-9807.50,None,N/A,
156.6615,asiya,SliderControl,Slider Control,1014,354,0.00,0.00,None,N/A,
156.6720,asiya,SliderControl,Slider Control,1014,354,0.00,0.00,None,N/A,
156.6815,asiya,SliderControl,Slider Control,1014,354,0.00,0.00,None,N/A,
156.6911,asiya,SliderControl,Slider Control,1014,354,0.00,0.00,None,N/A,
156.7015,asiya,SliderControl,Slider Control,1014,354,0.00,0.00,None,N/A,
156.7110,asiya,SliderControl,Slider Control,1014,354,0.00,0.00,None,N/A,
156.7216,asiya,SliderControl,Slider Control,1014,354,0.00,0.00,None,N/A,
156.7310,asiya,SliderControl,Slider Control,1014,354,0.00,0.00,None,N/A,
156.7414,asiya,SliderControl,Slider Control,1014,354,0.00,0.00,None,N/A,
156.7519,asiya,SliderControl,Slider Control,1014,354,0.00,0.00,None,N/A,
156.7614,asiya,SliderControl,Slider Control,1014,354,0.00,0.00,None,N/A,
156.7710,asiya,SliderControl,Slider Control,1014,354,0.00,0.00,None,N/A,
156.7814,asiya,SliderControl,Slider Control,1014,354,0.00,0.00,None,N/A,
156.7918,asiya,SliderControl,Slider Control,1014,354,0.00,0.00,None,N/A,
156.8012,asiya,SliderControl,Slider Control,1014,354,0.00,0.00,None,N/A,
156.8117,asiya,SliderControl,Slider Control,1014,354,0.00,0.00,None,N/A,
156.8213,asiya,SliderControl,Slider Control,1014,354,0.00,0.00,None,N/A,
156.8317,asiya,SliderControl,Slider Control,1014,354,0.00,0.00,None,N/A,
156.8413,asiya,SliderControl,Slider Control,1028,356,1476.52,154158.07,None,N/A,
156.8509,asiya,SliderControl,Slider Control,1084,359,5830.02,452581.84,None,N/A,
156.8615,asiya,SliderControl,Slider Control,1105,358,1985.55,-363082.70,None,N/A,
156.8710,asiya,SliderControl,Slider Control,1127,355,2338.10,37124.04,None,N/A,
156.8818,asiya,SliderControl,Slider Control,1136,353,852.47,-137365.61,None,N/A,
156.8910,asiya,SliderControl,Slider Control,1145,352,986.42,14591.59,None,N/A,
156.9016,asiya,SliderControl,Slider Control,1157,350,1145.36,14964.37,None,N/A,
156.9114,asiya,SliderControl,Slider Control,1162,349,517.75,-63727.32,None,N/A,
156.9214,asiya,SliderControl,Slider Control,1169,349,705.94,18978.61,None,N/A,
156.9310,asiya,SliderControl,Slider Control,1171,349,207.76,-51750.72,None,N/A,
156.9419,asiya,SliderControl,Slider Control,1175,349,367.68,14700.05,None,N/A,
156.9517,asiya,SliderControl,Slider Control,1176,349,101.63,-27038.75,None,N/A,
156.9613,asiya,SliderControl,Slider Control,1180,349,417.75,33014.51,None,N/A,
156.9714,asiya,SliderControl,Slider Control,1181,349,98.41,-31426.51,None,N/A,
156.9817,asiya,SliderControl,Slider Control,1183,349,195.38,9472.73,None,N/A,
156.9919,asiya,SliderControl,Slider Control,1184,350,138.78,-5553.96,None,N/A,
157.0013,asiya,SliderControl,Slider Control,1186,350,212.05,7768.43,None,N/A,
157.0113,asiya,SliderControl,Slider Control,1187,351,140.78,-7094.97,None,N/A,
157.0211,asiya,SliderControl,Slider Control,1188,351,101.99,-3956.44,None,N/A,
157.0319,asiya,SliderControl,Slider Control,1188,352,93.27,-813.27,None,N/A,
157.0410,asiya,SliderControl,Slider Control,1189,352,109.06,1721.93,None,N/A,
157.0514,asiya,SliderControl,Slider Control,1189,353,96.10,-1245.24,None,N/A,
157.0611,asiya,SliderControl,Slider Control,1189,353,0.00,-9923.07,None,N/A,
157.0715,asiya,SliderControl,Slider Control,1189,354,96.82,9374.82,None,N/A,
157.0810,asiya,SliderControl,Slider Control,1189,355,105.25,887.43,None,N/A,
157.0916,asiya,SliderControl,Slider Control,1188,357,209.58,9777.56,None,N/A,
157.1014,asiya,SliderControl,Slider Control,1187,358,145.00,-6620.86,None,N/A,
157.1109,asiya,SliderControl,Slider Control,1186,362,434.50,30507.79,None,N/A,
157.1211,asiya,SliderControl,Slider Control,1186,363,97.71,-32908.38,None,N/A,
157.1315,asiya,SliderControl,Slider Control,1185,365,215.16,11300.84,None,N/A,
157.1417,asiya,SliderControl,Slider Control,1185,366,98.00,-11481.47,None,N/A,
157.1514,asiya,SliderControl,Slider Control,1184,367,145.41,4874.72,None,N/A,
157.1610,asiya,SliderControl,Slider Control,1184,368,104.13,-4298.39,None,N/A,
157.1712,asiya,SliderControl,Slider Control,1183,369,139.54,3493.43,None,N/A,
157.1815,asiya,SliderControl,Slider Control,1183,370,96.72,-4141.16,None,N/A,
157.1916,asiya,SliderControl,Slider Control,1183,370,0.00,-9629.64,None,N/A,
157.2019,asiya,SliderControl,Slider Control,1184,372,215.56,20781.01,None,N/A,
157.2114,asiya,SliderControl,Slider Control,1185,372,106.00,-11613.77,None,N/A,
157.2209,asiya,SliderControl,Slider Control,1187,374,296.00,19883.16,None,N/A,
157.2317,asiya,SliderControl,Slider Control,1189,374,184.82,-10274.06,None,N/A,
157.2412,asiya,SliderControl,Slider Control,1192,375,333.83,15731.46,None,N/A,
157.2513,asiya,SliderControl,Slider Control,1193,376,140.64,-19212.78,None,N/A,
157.2613,asiya,SliderControl,Slider Control,1195,376,199.97,5931.96,None,N/A,
157.2710,asiya,SliderControl,Slider Control,1197,377,229.94,3082.25,None,N/A,
157.2815,asiya,SliderControl,Slider Control,1198,377,95.22,-12828.44,None,N/A,
157.2916,asiya,SliderControl,Slider Control,1200,378,222.19,12616.23,None,N/A,
157.3014,asiya,SliderControl,Slider Control,1201,378,101.84,-12256.14,None,N/A,
157.3110,asiya,SliderControl,Slider Control,1204,379,328.03,23463.33,None,N/A,
157.3209,asiya,SliderControl,Slider Control,1205,379,100.72,-22894.09,None,N/A,
157.3318,asiya,SliderControl,Slider Control,1208,379,275.69,16079.13,None,N/A,
157.3417,asiya,SliderControl,Slider Control,1209,379,101.03,-17645.69,None,N/A,
157.3514,asiya,SliderControl,Slider Control,1211,379,207.39,11029.27,None,N/A,
157.3613,asiya,SliderControl,Slider Control,1212,379,100.26,-10741.10,None,N/A,
157.3711,asiya,SliderControl,Slider Control,1213,379,102.26,204.21,None,N/A,
157.3811,asiya,SliderControl,Slider Control,1215,379,200.19,9801.99,None,N/A,
157.3916,asiya,SliderControl,Slider Control,1215,379,0.00,-19068.48,None,N/A,
157.4014,asiya,SliderControl,Slider Control,1217,379,204.08,20823.82,None,N/A,
157.4123,asiya,SliderControl,Slider Control,1217,379,0.00,-18770.30,None,N/A,
157.4210,asiya,SliderControl,Slider Control,1218,379,115.16,13260.76,None,N/A,
157.4318,asiya,SliderControl,Slider Control,1218,379,0.00,-10607.38,None,N/A,
157.4414,asiya,SliderControl,Slider Control,1219,379,104.93,11011.08,None,N/A,
157.4510,asiya,SliderControl,Slider Control,1219,379,0.00,-10925.52,None,N/A,
157.4617,asiya,SliderControl,Slider Control,1219,379,0.00,0.00,None,N/A,
157.4711,asiya,SliderControl,Slider Control,1219,379,0.00,0.00,None,N/A,
157.4816,asiya,SliderControl,Slider Control,1219,379,0.00,0.00,None,N/A,
157.4910,asiya,SliderControl,Slider Control,1219,378,105.62,11155.73,None,N/A,
157.5010,asiya,SliderControl,Slider Control,1219,378,0.00,-10579.99,None,N/A,
157.5110,asiya,SliderControl,Slider Control,1220,377,141.92,14241.13,None,N/A,
157.5219,asiya,SliderControl,Slider Control,1220,376,91.74,-4603.06,None,N/A,
157.5317,asiya,SliderControl,Slider Control,1220,374,202.78,11257.50,None,N/A,
157.5418,asiya,SliderControl,Slider Control,1220,372,198.69,-406.04,None,N/A,
157.5512,asiya,SliderControl,Slider Control,1220,370,212.13,1425.52,None,N/A,
157.5610,asiya,SliderControl,Slider Control,1219,369,145.47,-6856.71,None,N/A,
157.5711,asiya,SliderControl,Slider Control,1219,367,198.24,5230.91,None,N/A,
157.5816,asiya,SliderControl,Slider Control,1218,366,134.50,-6062.32,None,N/A,
157.5909,asiya,SliderControl,Slider Control,1217,365,151.21,1787.23,None,N/A,
157.6010,asiya,SliderControl,Slider Control,1216,364,139.83,-1125.40,None,N/A,
157.6114,asiya,SliderControl,Slider Control,1215,363,136.97,-277.08,None,N/A,
157.6210,asiya,SliderControl,Slider Control,1213,362,232.68,9958.89,None,N/A,
157.6316,asiya,SliderControl,Slider Control,1212,361,133.29,-9367.28,None,N/A,
157.6413,asiya,SliderControl,Slider Control,1210,360,229.39,9858.29,None,N/A,
157.6512,asiya,SliderControl,Slider Control,1209,359,142.53,-8754.03,None,N/A,
157.6617,asiya,SliderControl,Slider Control,1208,359,95.81,-4475.81,None,N/A,
157.6718,asiya,SliderControl,Slider Control,1207,358,140.13,4391.71,None,N/A,
157.6813,asiya,SliderControl,Slider Control,1206,358,104.94,-3692.93,None,N/A,
157.6914,asiya,SliderControl,Slider Control,1206,358,0.00,-10397.24,None,N/A,
157.7010,asiya,SliderControl,Slider Control,1205,357,147.54,15392.81,None,N/A,
157.7116,asiya,SliderControl,Slider Control,1205,357,0.00,-13884.30,None,N/A,
157.7214,asiya,SliderControl,Slider Control,1204,357,102.05,10413.43,None,N/A,
157.7311,asiya,SliderControl,Slider Control,1204,357,0.00,-10504.42,None,N/A,
157.7416,asiya,SliderControl,Slider Control,1204,357,0.00,0.00,None,N/A,
157.7511,asiya,SliderControl,Slider Control,1204,357,0.00,0.00,None,N/A,
157.7618,asiya,SliderControl,Slider Control,1204,357,0.00,0.00,None,N/A,
157.7716,asiya,SliderControl,Slider Control,1204,357,0.00,0.00,None,N/A,
157.7811,asiya,SliderControl,Slider Control,1204,357,0.00,0.00,None,N/A,
157.7914,asiya,SliderControl,Slider Control,1204,357,0.00,0.00,None,N/A,
157.8019,asiya,SliderControl,Slider Control,1204,357,0.00,0.00,None,N/A,
157.8115,asiya,SliderControl,Slider Control,1204,357,0.00,0.00,None,N/A,
157.8220,asiya,SliderControl,Slider Control,1204,357,0.00,0.00,None,N/A,
157.8314,asiya,SliderControl,Slider Control,1204,357,0.00,0.00,None,N/A,
157.8411,asiya,SliderControl,Slider Control,1204,357,0.00,0.00,None,N/A,
157.8516,asiya,SliderControl,Slider Control,1204,357,0.00,0.00,None,N/A,
157.8611,asiya,SliderControl,Slider Control,1204,357,0.00,0.00,None,N/A,
157.8715,asiya,SliderControl,Slider Control,1204,357,0.00,0.00,None,N/A,
157.8812,asiya,SliderControl,Slider Control,1204,358,103.12,10634.26,None,N/A,
157.8913,asiya,SliderControl,Slider Control,1204,358,0.00,-10214.13,None,N/A,
157.9016,asiya,SliderControl,Slider Control,1205,359,137.11,13293.57,None,N/A,
157.9119,asiya,SliderControl,Slider Control,1205,360,97.27,-3875.75,None,N/A,
157.9213,asiya,SliderControl,Slider Control,1206,361,149.53,5526.37,None,N/A,
157.9311,asiya,SliderControl,Slider Control,1206,362,101.99,-4848.87,None,N/A,
157.9409,asiya,SliderControl,Slider Control,1207,363,144.84,4389.17,None,N/A,
157.9516,asiya,SliderControl,Slider Control,1207,363,0.00,-13578.27,None,N/A,
157.9614,asiya,SliderControl,Slider Control,1207,364,101.64,10330.83,None,N/A,
157.9714,asiya,SliderControl,Slider Control,1207,364,0.00,-10187.39,None,N/A,
157.9812,asiya,SliderControl,Slider Control,1208,364,101.23,10248.21,None,N/A,
157.9918,asiya,SliderControl,Slider Control,1208,365,94.39,-645.79,None,N/A,
158.0013,asiya,SliderControl,Slider Control,1208,365,0.00,-9991.38,None,N/A,
158.0119,asiya,SliderControl,Slider Control,1208,365,0.00,0.00,None,N/A,
158.0213,asiya,SliderControl,Slider Control,1208,365,0.00,0.00,None,N/A,
158.0317,asiya,SliderControl,Slider Control,1208,365,0.00,0.00,None,N/A,
158.0410,asiya,SliderControl,Slider Control,1208,365,0.00,0.00,None,N/A,
158.0517,asiya,SliderControl,Slider Control,1208,365,0.00,0.00,None,N/A,
158.0612,asiya,SliderControl,Slider Control,1208,365,0.00,0.00,None,N/A,
158.0710,asiya,SliderControl,Slider Control,1208,365,0.00,0.00,None,N/A,
158.0816,asiya,SliderControl,Slider Control,1208,365,0.00,0.00,None,N/A,
158.0912,asiya,SliderControl,Slider Control,1208,365,0.00,0.00,None,N/A,
158.1017,asiya,SliderControl,Slider Control,1208,365,0.00,0.00,None,N/A,
158.1112,asiya,SliderControl,Slider Control,1208,365,0.00,0.00,None,N/A,
158.1218,asiya,SliderControl,Slider Control,1208,365,0.00,0.00,None,N/A,
158.1312,asiya,SliderControl,Slider Control,1208,365,0.00,0.00,None,N/A,
158.1417,asiya,SliderControl,Slider Control,1208,365,0.00,0.00,None,N/A,
158.1512,asiya,SliderControl,Slider Control,1208,365,0.00,0.00,None,N/A,
158.1619,asiya,SliderControl,Slider Control,1208,365,0.00,0.00,None,N/A,
158.1714,asiya,SliderControl,Slider Control,1208,365,0.00,0.00,None,N/A,
158.1819,asiya,SliderControl,Slider Control,1208,365,0.00,0.00,None,N/A,
158.1911,asiya,SliderControl,Slider Control,1207,365,108.93,11865.49,None,N/A,
158.2018,asiya,SliderControl,Slider Control,1207,365,0.00,-10170.53,None,N/A,
158.2116,asiya,SliderControl,Slider Control,1207,365,0.00,0.00,None,N/A,
158.2216,asiya,SliderControl,Slider Control,1207,365,0.00,0.00,None,N/A,
158.2317,asiya,SliderControl,Slider Control,1207,365,0.00,0.00,None,N/A,
158.2418,asiya,SliderControl,Slider Control,1207,365,0.00,0.00,None,N/A,
158.2513,asiya,SliderControl,Slider Control,1207,365,0.00,0.00,None,N/A,
158.2619,asiya,SliderControl,Slider Control,1207,365,0.00,0.00,None,N/A,
158.2714,asiya,SliderControl,Slider Control,1207,365,0.00,0.00,None,N/A,
158.2818,asiya,SliderControl,Slider Control,1207,365,0.00,0.00,None,N/A,
158.2913,asiya,SliderControl,Slider Control,1207,365,0.00,0.00,None,N/A,
158.3017,asiya,SliderControl,Slider Control,1207,365,0.00,0.00,None,N/A,
158.3113,asiya,SliderControl,Slider Control,1207,365,0.00,0.00,None,N/A,
158.3219,asiya,SliderControl,Slider Control,1207,365,0.00,0.00,None,N/A,
158.3314,asiya,SliderControl,Slider Control,1207,365,0.00,0.00,None,N/A,
158.3410,asiya,SliderControl,Slider Control,1207,365,0.00,0.00,None,N/A,
158.3515,asiya,SliderControl,Slider Control,1207,365,0.00,0.00,None,N/A,
158.3612,asiya,SliderControl,Slider Control,1207,365,0.00,0.00,None,N/A,
158.3716,asiya,SliderControl,Slider Control,1207,365,0.00,0.00,None,N/A,
158.3811,asiya,SliderControl,Slider Control,1207,365,0.00,0.00,None,N/A,
158.3919,asiya,SliderControl,Slider Control,1207,365,0.00,0.00,Left,N/A,
158.4013,asiya,SliderControl,Slider Control,1207,365,0.00,0.00,Left,N/A,
158.4119,asiya,SliderControl,Slider Control,1207,365,0.00,0.00,Left,N/A,
158.4214,asiya,SliderControl,Slider Control,1207,365,0.00,0.00,Left,N/A,
158.4312,asiya,SliderControl,Slider Control,1207,365,0.00,0.00,Left,N/A,
158.4419,asiya,SliderControl,Slider Control,1207,365,0.00,0.00,Left,N/A,
158.4515,asiya,SliderControl,Slider Control,1207,365,0.00,0.00,Left,N/A,
158.4611,asiya,SliderControl,Slider Control,1207,365,0.00,0.00,Left,N/A,
158.4715,asiya,SliderControl,Slider Control,1207,365,0.00,0.00,Left,N/A,
158.4810,asiya,SliderControl,Slider Control,1207,365,0.00,0.00,Left,N/A,
158.4913,asiya,SliderControl,Slider Control,1207,365,0.00,0.00,Left,N/A,
158.5019,asiya,SliderControl,Slider Control,1207,365,0.00,0.00,Left,N/A,
158.5114,asiya,SliderControl,Slider Control,1207,365,0.00,0.00,Left,N/A,
158.5210,asiya,SliderControl,Slider Control,1207,365,0.00,0.00,Left,N/A,
158.5315,asiya,SliderControl,Slider Control,1207,365,0.00,0.00,Left,N/A,
158.5420,asiya,SliderControl,Slider Control,1207,365,0.00,0.00,Left,N/A,
158.5513,asiya,SliderControl,Slider Control,1174,370,3573.77,382658.10,Left,N/A,
158.5616,asiya,SliderControl,Slider Control,1151,373,2258.58,-128065.75,Left,N/A,
158.5715,asiya,SliderControl,Slider Control,1122,378,2957.95,70297.53,Left,N/A,
158.5813,asiya,SliderControl,Slider Control,1113,379,926.86,-207892.15,Left,N/A,
158.5913,asiya,SliderControl,Slider Control,1105,381,825.63,-10136.17,Left,N/A,
158.6014,asiya,SliderControl,Slider Control,1087,383,1784.82,94529.26,Left,N/A,
158.6117,asiya,SliderControl,Slider Control,1077,384,978.85,-78501.15,Left,N/A,
158.6214,asiya,SliderControl,Slider Control,1056,384,2163.29,122013.12,Left,N/A,
158.6311,asiya,SliderControl,Slider Control,1044,385,1241.61,-95034.25,Left,N/A,
158.6409,asiya,SliderControl,Slider Control,1020,386,2440.37,121786.87,Left,N/A,
158.6518,asiya,SliderControl,Slider Control,1010,386,923.49,-140082.23,Left,N/A,
158.6611,asiya,SliderControl,Slider Control,992,387,1923.14,106638.82,Left,N/A,
158.6717,asiya,SliderControl,Slider Control,984,388,764.52,-109868.28,Left,N/A,
158.6811,asiya,SliderControl,Slider Control,977,388,746.22,-1950.75,Left,N/A,
158.6911,asiya,SliderControl,Slider Control,968,388,898.54,15207.51,Left,N/A,
158.7016,asiya,SliderControl,Slider Control,965,388,285.55,-58347.20,Left,N/A,
158.7114,asiya,SliderControl,Slider Control,960,388,507.97,22596.11,Left,N/A,
158.7210,asiya,SliderControl,Slider Control,958,388,208.50,-31219.72,Left,N/A,
158.7319,asiya,SliderControl,Slider Control,952,388,552.83,31725.59,Left,N/A,
158.7416,asiya,SliderControl,Slider Control,950,388,206.27,-35742.27,Left,N/A,
158.7513,asiya,SliderControl,Slider Control,945,388,513.50,31553.19,Left,N/A,
158.7615,asiya,SliderControl,Slider Control,943,388,195.26,-31070.26,Left,N/A,
158.7710,asiya,SliderControl,Slider Control,940,388,316.60,12805.17,Left,N/A,
158.7816,asiya,SliderControl,Slider Control,939,388,94.62,-21003.08,Left,N/A,
158.7915,asiya,SliderControl,Slider Control,937,388,202.83,10975.21,Left,N/A,
158.8013,asiya,SliderControl,Slider Control,936,388,101.14,-10285.33,Left,N/A,
158.8112,asiya,SliderControl,Slider Control,935,388,101.75,62.91,Left,N/A,
158.8215,asiya,SliderControl,Slider Control,934,388,96.98,-462.96,Left,N/A,
158.8315,asiya,SliderControl,Slider Control,934,388,0.00,-9640.58,Left,N/A,
158.8413,asiya,SliderControl,Slider Control,934,388,0.00,0.00,Left,N/A,
158.8514,asiya,SliderControl,Slider Control,933,388,99.35,9870.17,Left,N/A,
158.8614,asiya,SliderControl,Slider Control,933,388,0.00,-9957.91,Left,N/A,
158.8716,asiya,SliderControl,Slider Control,933,388,0.00,0.00,Left,N/A,
158.8809,asiya,SliderControl,Slider Control,932,388,108.39,11747.43,Left,N/A,
158.8914,asiya,SliderControl,Slider Control,932,388,0.00,-10281.39,Left,N/A,
158.9011,asiya,SliderControl,Slider Control,931,388,102.92,10591.51,Left,N/A,
158.9119,asiya,SliderControl,Slider Control,931,388,0.00,-9543.81,Left,N/A,
158.9211,asiya,SliderControl,Slider Control,930,388,108.49,11769.92,Left,N/A,
158.9316,asiya,SliderControl,Slider Control,926,388,380.98,25953.38,Left,N/A,
158.9417,asiya,SliderControl,Slider Control,923,388,296.53,-8347.39,Left,N/A,
158.9514,asiya,SliderControl,Slider Control,916,388,723.42,44117.87,Left,N/A,
158.9614,asiya,SliderControl,Slider Control,912,389,411.61,-31128.23,Left,N/A,
158.9710,asiya,SliderControl,Slider Control,905,389,735.42,34018.87,Left,N/A,
158.9811,asiya,SliderControl,Slider Control,902,390,312.78,-41803.19,Left,N/A,
158.9915,asiya,SliderControl,Slider Control,898,390,384.57,6901.71,Left,N/A,
159.0013,asiya,SliderControl,Slider Control,897,390,101.97,-28816.52,Left,N/A,
159.0110,asiya,SliderControl,Slider Control,893,390,413.11,32133.80,Left,N/A,
159.0210,asiya,SliderControl,Slider Control,891,390,200.02,-21311.14,Left,N/A,
159.0314,asiya,SliderControl,Slider Control,885,391,583.19,36736.88,Left,N/A,
159.0414,asiya,SliderControl,Slider Control,881,391,398.51,-18399.60,Left,N/A,
159.0517,asiya,SliderControl,Slider Control,874,393,708.21,30127.17,Left,N/A,
159.0615,asiya,SliderControl,Slider Control,870,393,409.61,-30576.94,Left,N/A,
159.0719,asiya,SliderControl,Slider Control,866,394,393.40,-1546.47,Left,N/A,
159.0818,asiya,SliderControl,Slider Control,858,395,821.62,43640.00,Left,N/A,
159.0916,asiya,SliderControl,Slider Control,854,396,417.88,-40919.72,Left,N/A,
159.1013,asiya,SliderControl,Slider Control,848,397,627.38,21607.66,Left,N/A,
159.1114,asiya,SliderControl,Slider Control,845,397,296.47,-32701.39,Left,N/A,
159.1210,asiya,SliderControl,Slider Control,838,398,737.73,46037.35,Left,N/A,
159.1317,asiya,SliderControl,Slider Control,835,398,280.84,-42771.17,Left,N/A,
159.1412,asiya,SliderControl,Slider Control,828,398,741.23,48750.36,Left,N/A,
159.1512,asiya,SliderControl,Slider Control,824,399,409.99,-32937.51,Left,N/A,
159.1615,asiya,SliderControl,Slider Control,821,399,292.61,-11449.54,Left,N/A,
159.1719,asiya,SliderControl,Slider Control,816,399,480.06,17998.19,Left,N/A,
159.1810,asiya,SliderControl,Slider Control,814,399,218.66,-28579.07,Left,N/A,
159.1915,asiya,SliderControl,Slider Control,810,399,383.53,15808.56,Left,N/A,
159.2012,asiya,SliderControl,Slider Control,809,399,102.30,-28770.03,Left,N/A,
159.2111,asiya,SliderControl,Slider Control,807,399,202.12,10087.88,Left,N/A,
159.2218,asiya,SliderControl,Slider Control,806,399,93.50,-10155.95,Left,N/A,
159.2315,asiya,SliderControl,Slider Control,804,398,231.92,14356.68,Left,N/A,
159.2417,asiya,SliderControl,Slider Control,804,398,0.00,-22595.42,Left,N/A,
159.2509,asiya,SliderControl,Slider Control,803,398,108.83,11843.33,Left,N/A,
159.2614,asiya,SliderControl,Slider Control,803,398,0.00,-10365.47,Left,N/A,
159.2716,asiya,SliderControl,Slider Control,802,398,97.92,9587.43,Left,N/A,
159.2819,asiya,SliderControl,Slider Control,802,398,0.00,-9574.91,Left,N/A,
159.2913,asiya,SliderControl,Slider Control,802,398,0.00,0.00,Left,N/A,
159.3018,asiya,SliderControl,Slider Control,801,398,95.43,9106.32,Left,N/A,
159.3121,asiya,SliderControl,Slider Control,801,398,0.00,-9251.77,Left,N/A,
159.3219,asiya,SliderControl,Slider Control,800,398,102.29,10462.25,Left,N/A,
159.3313,asiya,SliderControl,Slider Control,800,398,0.00,-10842.47,Left,N/A,
159.3414,asiya,SliderControl,Slider Control,800,398,0.00,0.00,Left,N/A,
159.3510,asiya,SliderControl,Slider Control,799,398,103.61,10735.38,Left,N/A,
159.3617,asiya,SliderControl,Slider Control,797,398,186.79,7768.61,Left,N/A,
159.3713,asiya,SliderControl,Slider Control,795,398,208.91,2309.92,Left,N/A,
159.3811,asiya,SliderControl,Slider Control,792,398,304.53,9706.94,Left,N/A,
159.3914,asiya,SliderControl,Slider Control,790,398,194.57,-10697.63,Left,N/A,
159.4013,asiya,SliderControl,Slider Control,789,398,101.06,-9449.91,Left,N/A,
159.4114,asiya,SliderControl,Slider Control,787,398,198.79,9713.14,Left,N/A,
159.4218,asiya,SliderControl,Slider Control,786,398,95.45,-9863.51,Left,N/A,
159.4314,asiya,SliderControl,Slider Control,784,398,209.37,11926.42,Left,N/A,
159.4414,asiya,SliderControl,Slider Control,783,398,99.88,-10936.39,Left,N/A,
159.4513,asiya,SliderControl,Slider Control,782,398,101.13,125.91,Left,N/A,
159.4617,asiya,SliderControl,Slider Control,782,398,0.00,-9708.26,Left,N/A,
159.4714,asiya,SliderControl,Slider Control,782,398,0.00,0.00,Left,N/A,
159.4818,asiya,SliderControl,Slider Control,782,398,0.00,0.00,Left,N/A,
159.4910,asiya,SliderControl,Slider Control,782,398,0.00,0.00,Left,N/A,
159.5019,asiya,SliderControl,Slider Control,782,398,0.00,0.00,Left,N/A,
159.5115,asiya,SliderControl,Slider Control,782,398,0.00,0.00,Left,N/A,
159.5215,asiya,SliderControl,Slider Control,782,398,0.00,0.00,Left,N/A,
159.5315,asiya,SliderControl,Slider Control,782,399,100.04,10008.61,Left,N/A,
159.5415,asiya,SliderControl,Slider Control,783,399,99.83,-21.39,Left,N/A,
159.5519,asiya,SliderControl,Slider Control,783,399,0.00,-9635.53,Left,N/A,
159.5618,asiya,SliderControl,Slider Control,784,400,142.94,14448.49,Left,N/A,
159.5715,asiya,SliderControl,Slider Control,784,400,0.00,-14743.02,Left,N/A,
159.5811,asiya,SliderControl,Slider Control,785,400,103.88,10791.82,Left,N/A,
159.5915,asiya,SliderControl,Slider Control,785,400,0.00,-9971.85,Left,N/A,
159.6021,asiya,SliderControl,Slider Control,785,400,0.00,0.00,Left,N/A,
159.6117,asiya,SliderControl,Slider Control,785,400,0.00,0.00,Left,N/A,
159.6211,asiya,SliderControl,Slider Control,785,400,0.00,0.00,Left,N/A,
159.6312,asiya,SliderControl,Slider Control,786,400,98.77,9754.76,Left,N/A,
159.6414,asiya,SliderControl,Slider Control,786,400,0.00,-9712.00,Left,N/A,
159.6519,asiya,SliderControl,Slider Control,786,400,0.00,0.00,Left,N/A,
159.6556,asiya,SliderControl,Slider Control,786,400,0.00,0.00,None,N/A,slider_released_missed
159.6616,asiya,SliderControl,Slider Control,786,400,0.00,0.00,None,N/A,
159.6711,asiya,SliderControl,Slider Control,786,400,0.00,0.00,None,N/A,
159.6819,asiya,SliderControl,Slider Control,786,400,0.00,0.00,None,N/A,
159.6915,asiya,SliderControl,Slider Control,786,400,0.00,0.00,None,N/A,
159.7011,asiya,SliderControl,Slider Control,786,400,0.00,0.00,None,N/A,
159.7119,asiya,SliderControl,Slider Control,786,400,0.00,0.00,None,N/A,
159.7215,asiya,SliderControl,Slider Control,786,400,0.00,0.00,None,N/A,
159.7319,asiya,SliderControl,Slider Control,786,400,0.00,0.00,None,N/A,
159.7413,asiya,SliderControl,Slider Control,786,400,0.00,0.00,None,N/A,
159.7519,asiya,SliderControl,Slider Control,786,400,0.00,0.00,None,N/A,
159.7614,asiya,SliderControl,Slider Control,786,400,0.00,0.00,None,N/A,
159.7719,asiya,SliderControl,Slider Control,786,400,0.00,0.00,None,N/A,
159.7813,asiya,SliderControl,Slider Control,786,400,0.00,0.00,None,N/A,
159.7917,asiya,SliderControl,Slider Control,786,400,0.00,0.00,None,N/A,
159.8012,asiya,SliderControl,Slider Control,786,400,0.00,0.00,None,N/A,
159.8118,asiya,SliderControl,Slider Control,786,400,0.00,0.00,None,N/A,
159.8213,asiya,SliderControl,Slider Control,786,400,0.00,0.00,None,N/A,
159.8321,asiya,SliderControl,Slider Control,786,400,0.00,0.00,None,N/A,
159.8418,asiya,SliderControl,Slider Control,786,400,0.00,0.00,None,N/A,
159.8514,asiya,SliderControl,Slider Control,786,400,0.00,0.00,None,N/A,
159.8610,asiya,SliderControl,Slider Control,786,400,0.00,0.00,None,N/A,
159.8715,asiya,SliderControl,Slider Control,786,400,0.00,0.00,None,N/A,
159.8819,asiya,SliderControl,Slider Control,786,400,0.00,0.00,None,N/A,
159.8912,asiya,SliderControl,Slider Control,786,400,0.00,0.00,None,N/A,
159.9017,asiya,SliderControl,Slider Control,786,400,0.00,0.00,None,N/A,
159.9112,asiya,SliderControl,Slider Control,786,400,0.00,0.00,None,N/A,
159.9217,asiya,SliderControl,Slider Control,786,400,0.00,0.00,None,N/A,
159.9320,asiya,SliderControl,Slider Control,786,400,0.00,0.00,None,N/A,
159.9416,asiya,SliderControl,Slider Control,786,400,0.00,0.00,None,N/A,
159.9511,asiya,SliderControl,Slider Control,786,400,0.00,0.00,None,N/A,
159.9616,asiya,SliderControl,Slider Control,786,400,0.00,0.00,None,N/A,
159.9711,asiya,SliderControl,Slider Control,786,400,0.00,0.00,None,N/A,
159.9816,asiya,SliderControl,Slider Control,786,400,0.00,0.00,None,N/A,
159.9910,asiya,SliderControl,Slider Control,786,400,0.00,0.00,None,N/A,
160.0015,asiya,SliderControl,Slider Control,786,400,0.00,0.00,None,N/A,
160.0110,asiya,SliderControl,Slider Control,786,400,0.00,0.00,None,N/A,
160.0214,asiya,SliderControl,Slider Control,786,400,0.00,0.00,None,N/A,
160.0319,asiya,SliderControl,Slider Control,786,400,0.00,0.00,None,N/A,
160.0413,asiya,SliderControl,Slider Control,786,400,0.00,0.00,None,N/A,
160.0518,asiya,SliderControl,Slider Control,786,400,0.00,0.00,None,N/A,
160.0614,asiya,SliderControl,Slider Control,786,400,0.00,0.00,None,N/A,
160.0718,asiya,SliderControl,Slider Control,786,400,0.00,0.00,None,N/A,
160.0813,asiya,SliderControl,Slider Control,786,400,0.00,0.00,None,N/A,
160.0918,asiya,SliderControl,Slider Control,786,400,0.00,0.00,None,N/A,
160.1012,asiya,SliderControl,Slider Control,786,400,0.00,0.00,None,N/A,
160.1118,asiya,SliderControl,Slider Control,786,400,0.00,0.00,None,N/A,
160.1213,asiya,SliderControl,Slider Control,786,400,0.00,0.00,None,N/A,
160.1318,asiya,SliderControl,Slider Control,786,400,0.00,0.00,None,N/A,
160.1412,asiya,SliderControl,Slider Control,786,400,0.00,0.00,None,N/A,
160.1518,asiya,SliderControl,Slider Control,786,400,0.00,0.00,None,N/A,
160.1612,asiya,SliderControl,Slider Control,786,400,0.00,0.00,None,N/A,
160.1712,asiya,SliderControl,Slider Control,788,399,223.76,22391.68,None,N/A,
160.1819,asiya,SliderControl,Slider Control,789,398,132.10,-8561.96,None,N/A,
160.1916,asiya,SliderControl,Slider Control,791,396,291.26,16389.34,None,N/A,
160.2011,asiya,SliderControl,Slider Control,792,395,148.59,-14990.13,None,N/A,
160.2112,asiya,SliderControl,Slider Control,793,393,221.61,7236.95,None,N/A,
160.2213,asiya,SliderControl,Slider Control,794,392,140.56,-8055.47,None,N/A,
160.2310,asiya,SliderControl,Slider Control,795,391,145.16,472.09,None,N/A,
160.2419,asiya,SliderControl,Slider Control,796,388,291.20,13447.84,None,N/A,
160.2518,asiya,SliderControl,Slider Control,796,386,201.96,-9011.13,None,N/A,
160.2610,asiya,SliderControl,Slider Control,796,383,324.59,13268.33,None,N/A,
160.2713,asiya,SliderControl,Slider Control,796,382,97.48,-22138.94,None,N/A,
160.2819,asiya,SliderControl,Slider Control,795,378,388.96,27497.42,None,N/A,
160.2921,asiya,SliderControl,Slider Control,795,377,98.19,-28550.81,None,N/A,
160.3016,asiya,SliderControl,Slider Control,794,374,332.04,24553.74,None,N/A,
160.3113,asiya,SliderControl,Slider Control,793,373,145.16,-19181.82,None,N/A,
160.3209,asiya,SliderControl,Slider Control,791,370,374.99,23902.03,None,N/A,
160.3315,asiya,SliderControl,Slider Control,790,369,133.57,-22801.13,None,N/A,
160.3414,asiya,SliderControl,Slider Control,788,367,286.19,15442.21,None,N/A,
160.3515,asiya,SliderControl,Slider Control,787,366,140.72,-14474.50,None,N/A,
160.3615,asiya,SliderControl,Slider Control,787,365,99.97,-4073.72,None,N/A,
160.3714,asiya,SliderControl,Slider Control,785,363,285.54,18733.63,None,N/A,
160.3819,asiya,SliderControl,Slider Control,785,362,95.13,-18113.85,None,N/A,
160.3910,asiya,SliderControl,Slider Control,784,361,154.53,6489.72,None,N/A,
160.4009,asiya,SliderControl,Slider Control,784,360,100.86,-5412.61,None,N/A,
160.4116,asiya,SliderControl,Slider Control,783,359,132.65,2980.99,None,N/A,
160.4219,asiya,SliderControl,Slider Control,783,359,0.00,-12924.68,None,N/A,
160.4315,asiya,SliderControl,Slider Control,782,358,146.43,15161.14,None,N/A,
160.4414,asiya,SliderControl,Slider Control,782,358,0.00,-14813.73,None,N/A,
160.4513,asiya,SliderControl,Slider Control,781,357,143.38,14535.93,None,N/A,
160.4610,asiya,SliderControl,Slider Control,781,357,0.00,-14804.31,None,N/A,
160.4714,asiya,SliderControl,Slider Control,781,357,0.00,0.00,None,N/A,
160.4822,asiya,SliderControl,Slider Control,781,357,0.00,0.00,None,N/A,
160.4919,asiya,SliderControl,Slider Control,781,357,0.00,0.00,None,N/A,
160.5014,asiya,SliderControl,Slider Control,781,357,0.00,0.00,None,N/A,
160.5120,asiya,SliderControl,Slider Control,781,357,0.00,0.00,None,N/A,
160.5217,asiya,SliderControl,Slider Control,781,357,0.00,0.00,None,N/A,
160.5311,asiya,SliderControl,Slider Control,781,357,0.00,0.00,None,N/A,
160.5417,asiya,SliderControl,Slider Control,781,357,0.00,0.00,None,N/A,
160.5516,asiya,SliderControl,Slider Control,781,358,100.76,10153.40,None,N/A,
160.5609,asiya,SliderControl,Slider Control,782,358,107.86,765.86,None,N/A,
160.5712,asiya,SliderControl,Slider Control,782,358,0.00,-10444.06,None,N/A,
160.5813,asiya,SliderControl,Slider Control,783,359,139.83,13825.90,None,N/A,
160.5914,asiya,SliderControl,Slider Control,783,359,0.00,-13931.98,None,N/A,
160.6016,asiya,SliderControl,Slider Control,783,360,97.94,9591.46,None,N/A,
160.6111,asiya,SliderControl,Slider Control,784,361,148.63,5327.69,None,N/A,
160.6215,asiya,SliderControl,Slider Control,784,362,95.79,-5061.33,None,N/A,
160.6314,asiya,SliderControl,Slider Control,786,363,225.79,13127.03,None,N/A,
160.6410,asiya,SliderControl,Slider Control,786,364,104.79,-12679.86,None,N/A,
160.6514,asiya,SliderControl,Slider Control,787,365,136.21,3026.18,None,N/A,
160.6611,asiya,SliderControl,Slider Control,788,366,145.66,973.21,None,N/A,
160.6718,asiya,SliderControl,Slider Control,788,367,93.35,-4882.90,None,N/A,
160.6816,asiya,SliderControl,Slider Control,789,368,144.37,5207.88,None,N/A,
160.6910,asiya,SliderControl,Slider Control,789,368,0.00,-15258.61,None,N/A,
160.7017,asiya,SliderControl,Slider Control,790,369,132.15,12348.47,None,N/A,
160.7110,asiya,SliderControl,Slider Control,790,369,0.00,-14274.72,None,N/A,
160.7214,asiya,SliderControl,Slider Control,791,370,136.07,13091.26,None,N/A,
160.7320,asiya,SliderControl,Slider Control,791,370,0.00,-12866.65,None,N/A,
160.7414,asiya,SliderControl,Slider Control,792,371,150.31,15976.32,None,N/A,
160.7510,asiya,SliderControl,Slider Control,792,371,0.00,-15577.62,None,N/A,
160.7609,asiya,SliderControl,Slider Control,793,372,142.62,14382.56,None,N/A,
160.7717,asiya,SliderControl,Slider Control,793,372,0.00,-13243.85,None,N/A,
160.7814,asiya,SliderControl,Slider Control,794,373,145.77,15025.08,None,N/A,
160.7912,asiya,SliderControl,Slider Control,794,373,0.00,-14908.21,None,N/A,
160.8012,asiya,SliderControl,Slider Control,795,374,141.84,14226.15,None,N/A,
160.8119,asiya,SliderControl,Slider Control,795,374,0.00,-13187.12,None,N/A,
160.8217,asiya,SliderControl,Slider Control,795,374,0.00,0.00,None,N/A,
160.8311,asiya,SliderControl,Slider Control,795,374,0.00,0.00,None,N/A,
160.8414,asiya,SliderControl,Slider Control,795,374,0.00,0.00,None,N/A,
160.8526,asiya,SliderControl,Slider Control,795,374,0.00,0.00,None,N/A,
160.8610,asiya,SliderControl,Slider Control,795,373,119.51,14282.51,None,N/A,
160.8716,asiya,SliderControl,Slider Control,795,373,0.00,-11315.61,None,N/A,
160.8814,asiya,SliderControl,Slider Control,795,373,0.00,0.00,None,N/A,
160.8910,asiya,SliderControl,Slider Control,795,373,0.00,0.00,None,N/A,
160.9015,asiya,SliderControl,Slider Control,795,373,0.00,0.00,None,N/A,
160.9111,asiya,SliderControl,Slider Control,795,373,0.00,0.00,None,N/A,
160.9216,asiya,SliderControl,Slider Control,795,373,0.00,0.00,None,N/A,
160.9315,asiya,SliderControl,Slider Control,795,373,0.00,0.00,None,N/A,
160.9412,asiya,SliderControl,Slider Control,795,373,0.00,0.00,None,N/A,
160.9518,asiya,SliderControl,Slider Control,795,373,0.00,0.00,None,N/A,
160.9610,asiya,SliderControl,Slider Control,795,373,0.00,0.00,None,N/A,
160.9715,asiya,SliderControl,Slider Control,795,373,0.00,0.00,None,N/A,
160.9810,asiya,SliderControl,Slider Control,795,373,0.00,0.00,None,N/A,
160.9914,asiya,SliderControl,Slider Control,795,373,0.00,0.00,None,N/A,
161.0019,asiya,SliderControl,Slider Control,795,373,0.00,0.00,None,N/A,
161.0114,asiya,SliderControl,Slider Control,795,373,0.00,0.00,None,N/A,
161.0218,asiya,SliderControl,Slider Control,795,373,0.00,0.00,None,N/A,
161.0312,asiya,SliderControl,Slider Control,795,373,0.00,0.00,None,N/A,
161.0419,asiya,SliderControl,Slider Control,795,373,0.00,0.00,None,N/A,
161.0514,asiya,SliderControl,Slider Control,795,373,0.00,0.00,None,N/A,
161.0611,asiya,SliderControl,Slider Control,795,373,0.00,0.00,None,N/A,
161.0716,asiya,SliderControl,Slider Control,795,373,0.00,0.00,None,N/A,
161.0810,asiya,SliderControl,Slider Control,795,373,0.00,0.00,None,N/A,
161.0914,asiya,SliderControl,Slider Control,795,373,0.00,0.00,None,N/A,
161.1020,asiya,SliderControl,Slider Control,795,373,0.00,0.00,None,N/A,
161.1111,asiya,SliderControl,Slider Control,795,373,0.00,0.00,None,N/A,
161.1215,asiya,SliderControl,Slider Control,795,373,0.00,0.00,None,N/A,
161.1310,asiya,SliderControl,Slider Control,795,373,0.00,0.00,None,N/A,
161.1413,asiya,SliderControl,Slider Control,795,373,0.00,0.00,None,N/A,
161.1518,asiya,SliderControl,Slider Control,795,373,0.00,0.00,None,N/A,
161.1615,asiya,SliderControl,Slider Control,795,373,0.00,0.00,None,N/A,
161.1719,asiya,SliderControl,Slider Control,795,373,0.00,0.00,None,N/A,
161.1812,asiya,SliderControl,Slider Control,795,373,0.00,0.00,None,N/A,
161.1913,asiya,SliderControl,Slider Control,795,373,0.00,0.00,None,N/A,
161.2018,asiya,SliderControl,Slider Control,795,372,95.64,9147.06,None,N/A,
161.2120,asiya,SliderControl,Slider Control,794,372,98.11,241.85,None,N/A,
161.2214,asiya,SliderControl,Slider Control,794,371,105.78,811.27,None,N/A,
161.2314,asiya,SliderControl,Slider Control,793,370,141.52,3576.89,None,N/A,
161.2410,asiya,SliderControl,Slider Control,793,370,0.00,-14800.16,None,N/A,
161.2519,asiya,SliderControl,Slider Control,793,370,0.00,0.00,None,N/A,
161.2609,asiya,SliderControl,Slider Control,793,369,110.69,12251.21,None,N/A,
161.2714,asiya,SliderControl,Slider Control,793,369,0.00,-10554.91,None,N/A,
161.2809,asiya,SliderControl,Slider Control,793,368,104.90,11003.37,None,N/A,
161.2916,asiya,SliderControl,Slider Control,793,368,0.00,-9856.39,None,N/A,
161.3010,asiya,SliderControl,Slider Control,792,367,149.22,15744.06,None,N/A,
161.3112,asiya,SliderControl,Slider Control,792,367,0.00,-14725.38,None,N/A,
161.3214,asiya,SliderControl,Slider Control,792,367,0.00,0.00,None,N/A,
161.3319,asiya,SliderControl,Slider Control,792,366,94.72,8971.91,None,N/A,
161.3413,asiya,SliderControl,Slider Control,792,366,0.00,-10061.67,None,N/A,
161.3519,asiya,SliderControl,Slider Control,792,366,0.00,0.00,None,N/A,
161.3615,asiya,SliderControl,Slider Control,792,366,0.00,0.00,None,N/A,
161.3712,asiya,SliderControl,Slider Control,792,366,0.00,0.00,None,N/A,
161.3817,asiya,SliderControl,Slider Control,792,366,0.00,0.00,None,N/A,
161.3911,asiya,SliderControl,Slider Control,792,366,0.00,0.00,None,N/A,
161.4016,asiya,SliderControl,Slider Control,792,366,0.00,0.00,None,N/A,
161.4112,asiya,SliderControl,Slider Control,792,366,0.00,0.00,None,N/A,
161.4219,asiya,SliderControl,Slider Control,792,366,0.00,0.00,None,N/A,
161.4314,asiya,SliderControl,Slider Control,792,366,0.00,0.00,None,N/A,
161.4418,asiya,SliderControl,Slider Control,792,366,0.00,0.00,None,N/A,
161.4515,asiya,SliderControl,Slider Control,792,366,0.00,0.00,None,N/A,
161.4613,asiya,SliderControl,Slider Control,792,366,0.00,0.00,None,N/A,
161.4717,asiya,SliderControl,Slider Control,792,366,0.00,0.00,None,N/A,
161.4809,asiya,SliderControl,Slider Control,792,366,0.00,0.00,None,N/A,
161.4911,asiya,SliderControl,Slider Control,792,367,98.74,9749.25,None,N/A,
161.5017,asiya,SliderControl,Slider Control,792,367,0.00,-9281.87,None,N/A,
161.5115,asiya,SliderControl,Slider Control,792,367,0.00,0.00,None,N/A,
161.5211,asiya,SliderControl,Slider Control,792,367,0.00,0.00,None,N/A,
161.5315,asiya,SliderControl,Slider Control,792,367,0.00,0.00,None,N/A,
161.5411,asiya,SliderControl,Slider Control,792,367,0.00,0.00,None,N/A,
161.5516,asiya,SliderControl,Slider Control,792,367,0.00,0.00,None,N/A,
161.5612,asiya,SliderControl,Slider Control,792,367,0.00,0.00,None,N/A,
161.5717,asiya,SliderControl,Slider Control,792,367,0.00,0.00,None,N/A,
161.5812,asiya,SliderControl,Slider Control,792,367,0.00,0.00,None,N/A,
161.5910,asiya,SliderControl,Slider Control,792,367,0.00,0.00,None,N/A,
161.6015,asiya,SliderControl,Slider Control,792,367,0.00,0.00,None,N/A,
161.6112,asiya,SliderControl,Slider Control,792,367,0.00,0.00,None,N/A,
161.6218,asiya,SliderControl,Slider Control,792,367,0.00,0.00,None,N/A,
161.6313,asiya,SliderControl,Slider Control,792,367,0.00,0.00,None,N/A,
161.6416,asiya,SliderControl,Slider Control,792,367,0.00,0.00,None,N/A,
161.6511,asiya,SliderControl,Slider Control,792,367,0.00,0.00,None,N/A,
161.6617,asiya,SliderControl,Slider Control,792,367,0.00,0.00,None,N/A,
161.6711,asiya,SliderControl,Slider Control,792,367,0.00,0.00,None,N/A,
161.6823,asiya,SliderControl,Slider Control,792,367,0.00,0.00,None,N/A,
161.6910,asiya,SliderControl,Slider Control,792,367,0.00,0.00,None,N/A,
161.7015,asiya,SliderControl,Slider Control,792,367,0.00,0.00,None,N/A,
161.7118,asiya,SliderControl,Slider Control,792,367,0.00,0.00,Left,N/A,
161.7213,asiya,SliderControl,Slider Control,792,367,0.00,0.00,Left,N/A,
161.7321,asiya,SliderControl,Slider Control,792,367,0.00,0.00,Left,N/A,
161.7417,asiya,SliderControl,Slider Control,792,367,0.00,0.00,Left,N/A,
161.7512,asiya,SliderControl,Slider Control,792,367,0.00,0.00,Left,N/A,
161.7612,asiya,SliderControl,Slider Control,792,367,0.00,0.00,Left,N/A,
161.7716,asiya,SliderControl,Slider Control,792,367,0.00,0.00,Left,N/A,
161.7811,asiya,SliderControl,Slider Control,792,367,0.00,0.00,Left,N/A,
161.7916,asiya,SliderControl,Slider Control,792,367,0.00,0.00,Left,N/A,
161.8010,asiya,SliderControl,Slider Control,792,367,0.00,0.00,Left,N/A,
161.8116,asiya,SliderControl,Slider Control,792,367,0.00,0.00,Left,N/A,
161.8211,asiya,SliderControl,Slider Control,792,367,0.00,0.00,Left,N/A,
161.8315,asiya,SliderControl,Slider Control,792,367,0.00,0.00,Left,N/A,
161.8410,asiya,SliderControl,Slider Control,792,367,0.00,0.00,Left,N/A,
161.8518,asiya,SliderControl,Slider Control,792,367,0.00,0.00,Left,N/A,
161.8616,asiya,SliderControl,Slider Control,792,367,0.00,0.00,Left,N/A,
161.8712,asiya,SliderControl,Slider Control,792,367,0.00,0.00,Left,N/A,
161.8816,asiya,SliderControl,Slider Control,792,367,0.00,0.00,Left,N/A,
161.8910,asiya,SliderControl,Slider Control,792,367,0.00,0.00,Left,N/A,
161.9014,asiya,SliderControl,Slider Control,792,367,0.00,0.00,Left,N/A,
161.9110,asiya,SliderControl,Slider Control,792,367,0.00,0.00,Left,N/A,
161.9212,asiya,SliderControl,Slider Control,790,367,197.18,19439.88,Left,N/A,
161.9321,asiya,SliderControl,Slider Control,789,367,91.13,-9664.28,Left,N/A,
161.9417,asiya,SliderControl,Slider Control,786,367,312.97,23142.98,Left,N/A,
161.9516,asiya,SliderControl,Slider Control,785,367,101.22,-21433.35,Left,N/A,
161.9614,asiya,SliderControl,Slider Control,783,367,203.12,10348.67,Left,N/A,
161.9712,asiya,SliderControl,Slider Control,782,367,101.95,-10314.17,Left,N/A,
161.9810,asiya,SliderControl,Slider Control,780,367,204.50,10486.11,Left,N/A,
161.9916,asiya,SliderControl,Slider Control,780,367,0.00,-19393.53,Left,N/A,
162.0012,asiya,SliderControl,Slider Control,779,367,103.60,10732.20,Left,N/A,
162.0111,asiya,SliderControl,Slider Control,779,367,0.00,-10496.28,Left,N/A,
162.0219,asiya,SliderControl,Slider Control,778,367,92.22,8504.34,Left,N/A,
162.0318,asiya,SliderControl,Slider Control,778,367,0.00,-9315.86,Left,N/A,
162.0416,asiya,SliderControl,Slider Control,778,367,0.00,0.00,Left,N/A,
162.0515,asiya,SliderControl,Slider Control,777,367,101.40,10282.93,Left,N/A,
162.0612,asiya,SliderControl,Slider Control,777,367,0.00,-10415.38,Left,N/A,
162.0712,asiya,SliderControl,Slider Control,776,367,100.88,10175.87,Left,N/A,
162.0817,asiya,SliderControl,Slider Control,776,367,0.00,-9549.99,Left,N/A,
162.0914,asiya,SliderControl,Slider Control,776,367,0.00,0.00,Left,N/A,
162.1016,asiya,SliderControl,Slider Control,775,367,97.76,9556.17,Left,N/A,
162.1110,asiya,SliderControl,Slider Control,775,367,0.00,-10461.75,Left,N/A,
162.1213,asiya,SliderControl,Slider Control,774,367,97.00,9408.24,Left,N/A,
162.1310,asiya,SliderControl,Slider Control,774,368,103.15,635.11,Left,N/A,
162.1415,asiya,SliderControl,Slider Control,774,368,0.00,-9797.00,Left,N/A,
162.1518,asiya,SliderControl,Slider Control,773,368,96.84,9378.28,Left,N/A,
162.1609,asiya,SliderControl,Slider Control,772,369,155.30,6419.37,Left,N/A,
162.1715,asiya,SliderControl,Slider Control,771,369,94.51,-5745.27,Left,N/A,
162.1809,asiya,SliderControl,Slider Control,769,370,237.33,15158.61,Left,N/A,
162.1921,asiya,SliderControl,Slider Control,768,370,89.85,-13250.74,Left,N/A,
162.2015,asiya,SliderControl,Slider Control,766,371,236.65,15535.96,Left,N/A,
162.2113,asiya,SliderControl,Slider Control,765,371,102.26,-13742.14,Left,N/A,
162.2211,asiya,SliderControl,Slider Control,763,372,227.06,12673.35,Left,N/A,
162.2317,asiya,SliderControl,Slider Control,763,372,0.00,-21462.65,Left,N/A,
162.2415,asiya,SliderControl,Slider Control,761,372,205.42,21098.04,Left,N/A,
162.2519,asiya,SliderControl,Slider Control,761,372,0.00,-19722.12,Left,N/A,
162.2612,asiya,SliderControl,Slider Control,761,372,0.00,0.00,Left,N/A,
162.2718,asiya,SliderControl,Slider Control,760,372,94.68,8965.03,Left,N/A,
162.2817,asiya,SliderControl,Slider Control,760,372,0.00,-9534.54,Left,N/A,
162.2916,asiya,SliderControl,Slider Control,759,373,143.01,14461.73,Left,N/A,
162.3014,asiya,SliderControl,Slider Control,759,373,0.00,-14633.19,Left,N/A,
162.3118,asiya,SliderControl,Slider Control,758,373,95.55,9129.57,Left,N/A,
162.3210,asiya,SliderControl,Slider Control,758,373,0.00,-10484.53,Left,N/A,
162.3317,asiya,SliderControl,Slider Control,756,373,186.07,17311.85,Left,N/A,
162.3417,asiya,SliderControl,Slider Control,756,374,99.96,-8607.97,Left,N/A,
162.3512,asiya,SliderControl,Slider Control,753,374,317.56,23033.09,Left,N/A,
162.3611,asiya,SliderControl,Slider Control,752,374,100.52,-21816.38,Left,N/A,
162.3711,asiya,SliderControl,Slider Control,751,374,99.99,-53.19,Left,N/A,
162.3817,asiya,SliderControl,Slider Control,749,374,188.46,8337.13,Left,N/A,
162.3919,asiya,SliderControl,Slider Control,748,374,98.21,-8863.60,Left,N/A,
162.4012,asiya,SliderControl,Slider Control,747,374,107.38,984.60,Left,N/A,
162.4117,asiya,SliderControl,Slider Control,746,374,95.14,-1164.07,Left,N/A,
162.4217,asiya,SliderControl,Slider Control,745,374,100.11,497.44,Left,N/A,
162.4315,asiya,SliderControl,Slider Control,745,374,0.00,-10265.78,Left,N/A,
162.4416,asiya,SliderControl,Slider Control,744,375,139.61,13782.98,Left,N/A,
162.4518,asiya,SliderControl,Slider Control,744,375,0.00,-13742.87,Left,N/A,
162.4610,asiya,SliderControl,Slider Control,744,375,0.00,0.00,Left,N/A,
162.4715,asiya,SliderControl,Slider Control,744,375,0.00,0.00,Left,N/A,
162.4744,asiya,SliderControl,Slider Control,744,375,0.00,0.00,None,N/A,slider_released_missed
162.4812,asiya,SliderControl,Slider Control,744,375,0.00,0.00,None,N/A,
162.4917,asiya,SliderControl,Slider Control,744,375,0.00,0.00,None,N/A,
162.5012,asiya,SliderControl,Slider Control,744,375,0.00,0.00,None,N/A,
162.5113,asiya,SliderControl,Slider Control,744,375,0.00,0.00,None,N/A,
162.5217,asiya,SliderControl,Slider Control,744,375,0.00,0.00,None,N/A,
162.5313,asiya,SliderControl,Slider Control,744,375,0.00,0.00,None,N/A,
162.5418,asiya,SliderControl,Slider Control,744,375,0.00,0.00,None,N/A,
162.5514,asiya,SliderControl,Slider Control,744,375,0.00,0.00,None,N/A,
162.5620,asiya,SliderControl,Slider Control,744,375,0.00,0.00,None,N/A,
162.5714,asiya,SliderControl,Slider Control,744,375,0.00,0.00,None,N/A,
162.5819,asiya,SliderControl,Slider Control,744,375,0.00,0.00,None,N/A,
162.5913,asiya,SliderControl,Slider Control,744,375,0.00,0.00,None,N/A,
162.6018,asiya,SliderControl,Slider Control,744,375,0.00,0.00,None,N/A,
162.6118,asiya,SliderControl,Slider Control,744,375,0.00,0.00,None,N/A,
162.6212,asiya,SliderControl,Slider Control,744,375,0.00,0.00,None,N/A,
162.6320,asiya,SliderControl,Slider Control,744,375,0.00,0.00,None,N/A,
162.6417,asiya,SliderControl,Slider Control,744,375,0.00,0.00,None,N/A,
162.6513,asiya,SliderControl,Slider Control,744,375,0.00,0.00,None,N/A,
162.6620,asiya,SliderControl,Slider Control,744,375,0.00,0.00,None,N/A,
162.6716,asiya,SliderControl,Slider Control,744,375,0.00,0.00,None,N/A,
162.6811,asiya,SliderControl,Slider Control,744,375,0.00,0.00,None,N/A,
162.6914,asiya,SliderControl,Slider Control,744,375,0.00,0.00,None,N/A,
162.7019,asiya,SliderControl,Slider Control,744,375,0.00,0.00,None,N/A,
162.7115,asiya,SliderControl,Slider Control,744,375,0.00,0.00,None,N/A,
162.7211,asiya,SliderControl,Slider Control,744,375,0.00,0.00,None,N/A,
162.7316,asiya,SliderControl,Slider Control,744,375,0.00,0.00,None,N/A,
162.7411,asiya,SliderControl,Slider Control,744,375,0.00,0.00,None,N/A,
162.7516,asiya,SliderControl,Slider Control,744,375,0.00,0.00,None,N/A,
162.7614,asiya,SliderControl,Slider Control,744,375,0.00,0.00,None,N/A,
162.7718,asiya,SliderControl,Slider Control,744,375,0.00,0.00,None,N/A,
162.7811,asiya,SliderControl,Slider Control,744,375,0.00,0.00,None,N/A,
162.7915,asiya,SliderControl,Slider Control,744,375,0.00,0.00,None,N/A,
162.8012,asiya,SliderControl,Slider Control,744,375,0.00,0.00,None,N/A,
162.8118,asiya,SliderControl,Slider Control,744,375,0.00,0.00,None,N/A,
162.8212,asiya,SliderControl,Slider Control,744,375,0.00,0.00,None,N/A,
162.8317,asiya,SliderControl,Slider Control,744,375,0.00,0.00,None,N/A,
162.8412,asiya,SliderControl,Slider Control,744,375,0.00,0.00,None,N/A,
162.8516,asiya,SliderControl,Slider Control,744,375,0.00,0.00,None,N/A,
162.8613,asiya,SliderControl,Slider Control,744,375,0.00,0.00,None,N/A,
162.8717,asiya,SliderControl,Slider Control,744,375,0.00,0.00,None,N/A,
162.8812,asiya,SliderControl,Slider Control,744,375,0.00,0.00,None,N/A,
162.8916,asiya,SliderControl,Slider Control,744,375,0.00,0.00,None,N/A,
162.9011,asiya,SliderControl,Slider Control,744,374,105.19,11065.82,None,N/A,
162.9117,asiya,SliderControl,Slider Control,744,374,0.00,-9968.74,None,N/A,
162.9215,asiya,SliderControl,Slider Control,744,374,0.00,0.00,None,N/A,
162.9314,asiya,SliderControl,Slider Control,744,373,101.40,10281.44,None,N/A,
162.9413,asiya,SliderControl,Slider Control,744,373,0.00,-10236.40,None,N/A,
162.9518,asiya,SliderControl,Slider Control,744,373,0.00,0.00,None,N/A,
162.9613,asiya,SliderControl,Slider Control,744,373,0.00,0.00,None,N/A,
162.9717,asiya,SliderControl,Slider Control,744,373,0.00,0.00,None,N/A,
162.9817,asiya,SliderControl,Slider Control,744,373,0.00,0.00,None,N/A,
162.9914,asiya,SliderControl,Slider Control,744,373,0.00,0.00,None,N/A,
163.0019,asiya,SliderControl,Slider Control,744,373,0.00,0.00,None,N/A,
163.0113,asiya,SliderControl,Slider Control,744,373,0.00,0.00,None,N/A,
163.0217,asiya,SliderControl,Slider Control,744,373,0.00,0.00,None,N/A,
163.0313,asiya,SliderControl,Slider Control,744,373,0.00,0.00,None,N/A,
163.0417,asiya,SliderControl,Slider Control,744,373,0.00,0.00,None,N/A,
163.0513,asiya,SliderControl,Slider Control,744,373,0.00,0.00,None,N/A,
163.0617,asiya,SliderControl,Slider Control,744,373,0.00,0.00,None,N/A,
163.0711,asiya,SliderControl,Slider Control,744,373,0.00,0.00,None,N/A,
163.0816,asiya,SliderControl,Slider Control,744,373,0.00,0.00,None,N/A,
163.0912,asiya,SliderControl,Slider Control,744,373,0.00,0.00,None,N/A,
163.1017,asiya,SliderControl,Slider Control,744,373,0.00,0.00,None,N/A,
163.1113,asiya,SliderControl,Slider Control,744,373,0.00,0.00,None,N/A,
163.1214,asiya,SliderControl,Slider Control,744,373,0.00,0.00,None,N/A,
163.1311,asiya,SliderControl,Slider Control,744,373,0.00,0.00,None,N/A,
163.1416,asiya,SliderControl,Slider Control,744,373,0.00,0.00,None,N/A,
163.1511,asiya,SliderControl,Slider Control,744,373,0.00,0.00,None,N/A,
163.1616,asiya,SliderControl,Slider Control,744,373,0.00,0.00,None,N/A,
163.1718,asiya,SliderControl,Slider Control,743,372,138.62,13587.20,None,N/A,
163.1809,asiya,SliderControl,Slider Control,743,372,0.00,-15286.98,None,N/A,
163.1913,asiya,SliderControl,Slider Control,742,371,135.01,12888.83,None,N/A,
163.2010,asiya,SliderControl,Slider Control,742,370,102.97,-3299.06,None,N/A,
163.2111,asiya,SliderControl,Slider Control,741,369,141.25,3823.69,None,N/A,
163.2215,asiya,SliderControl,Slider Control,741,369,0.00,-13557.71,None,N/A,
163.2319,asiya,SliderControl,Slider Control,741,368,96.08,9231.07,None,N/A,
163.2411,asiya,SliderControl,Slider Control,741,368,0.00,-10473.87,None,N/A,
163.2510,asiya,SliderControl,Slider Control,741,367,100.85,10170.00,None,N/A,
163.2615,asiya,SliderControl,Slider Control,741,367,0.00,-9547.02,None,N/A,
163.2713,asiya,SliderControl,Slider Control,741,367,0.00,0.00,None,N/A,
163.2819,asiya,SliderControl,Slider Control,741,367,0.00,0.00,None,N/A,
163.2915,asiya,SliderControl,Slider Control,741,367,0.00,0.00,None,N/A,
163.3010,asiya,SliderControl,Slider Control,741,367,0.00,0.00,None,N/A,
163.3116,asiya,SliderControl,Slider Control,741,367,0.00,0.00,None,N/A,
163.3211,asiya,SliderControl,Slider Control,741,367,0.00,0.00,None,N/A,
163.3316,asiya,SliderControl,Slider Control,741,367,0.00,0.00,None,N/A,
163.3412,asiya,SliderControl,Slider Control,741,367,0.00,0.00,None,N/A,
163.3510,asiya,SliderControl,Slider Control,741,367,0.00,0.00,None,N/A,
163.3615,asiya,SliderControl,Slider Control,741,367,0.00,0.00,None,N/A,
163.3719,asiya,SliderControl,Slider Control,741,367,0.00,0.00,None,N/A,
163.3816,asiya,SliderControl,Slider Control,741,367,0.00,0.00,None,N/A,
163.3912,asiya,SliderControl,Slider Control,741,367,0.00,0.00,None,N/A,
163.4017,asiya,SliderControl,Slider Control,741,367,0.00,0.00,None,N/A,
163.4113,asiya,SliderControl,Slider Control,741,367,0.00,0.00,None,N/A,
163.4219,asiya,SliderControl,Slider Control,741,367,0.00,0.00,None,N/A,
163.4313,asiya,SliderControl,Slider Control,741,367,0.00,0.00,None,N/A,
163.4415,asiya,SliderControl,Slider Control,741,367,0.00,0.00,None,N/A,
163.4510,asiya,SliderControl,Slider Control,741,367,0.00,0.00,None,N/A,
163.4611,asiya,SliderControl,Slider Control,741,367,0.00,0.00,None,N/A,
163.4715,asiya,SliderControl,Slider Control,741,367,0.00,0.00,None,N/A,
163.4813,asiya,SliderControl,Slider Control,741,367,0.00,0.00,None,N/A,
163.4919,asiya,SliderControl,Slider Control,741,367,0.00,0.00,None,N/A,
163.5014,asiya,SliderControl,Slider Control,741,367,0.00,0.00,None,N/A,
163.5119,asiya,SliderControl,Slider Control,741,367,0.00,0.00,None,N/A,
163.5213,asiya,SliderControl,Slider Control,741,367,0.00,0.00,None,N/A,
163.5317,asiya,SliderControl,Slider Control,741,367,0.00,0.00,None,N/A,
163.5412,asiya,SliderControl,Slider Control,741,367,0.00,0.00,None,N/A,
163.5516,asiya,SliderControl,Slider Control,741,367,0.00,0.00,None,N/A,
163.5613,asiya,SliderControl,Slider Control,741,367,0.00,0.00,Left,N/A,
163.5719,asiya,SliderControl,Slider Control,741,367,0.00,0.00,Left,N/A,
163.5814,asiya,SliderControl,Slider Control,741,367,0.00,0.00,Left,N/A,
163.5912,asiya,SliderControl,Slider Control,741,367,0.00,0.00,Left,N/A,
163.6017,asiya,SliderControl,Slider Control,741,367,0.00,0.00,Left,N/A,
163.6114,asiya,SliderControl,Slider Control,741,367,0.00,0.00,Left,N/A,
163.6219,asiya,SliderControl,Slider Control,741,367,0.00,0.00,Left,N/A,
163.6314,asiya,SliderControl,Slider Control,741,367,0.00,0.00,Left,N/A,
163.6410,asiya,SliderControl,Slider Control,741,367,0.00,0.00,Left,N/A,
163.6515,asiya,SliderControl,Slider Control,741,367,0.00,0.00,Left,N/A,
163.6609,asiya,SliderControl,Slider Control,741,367,0.00,0.00,Left,N/A,
163.6714,asiya,SliderControl,Slider Control,741,367,0.00,0.00,Left,N/A,
163.6819,asiya,SliderControl,Slider Control,741,367,0.00,0.00,Left,N/A,
163.6914,asiya,SliderControl,Slider Control,741,367,0.00,0.00,Left,N/A,
163.7019,asiya,SliderControl,Slider Control,741,367,0.00,0.00,Left,N/A,
163.7113,asiya,SliderControl,Slider Control,741,367,0.00,0.00,Left,N/A,
163.7210,asiya,SliderControl,Slider Control,745,367,415.14,43086.14,Left,N/A,
163.7310,asiya,SliderControl,Slider Control,755,367,995.21,57728.43,Left,N/A,
163.7419,asiya,SliderControl,Slider Control,760,367,459.57,-49232.62,Left,N/A,
163.7510,asiya,SliderControl,Slider Control,769,367,993.13,58876.65,Left,N/A,
163.7614,asiya,SliderControl,Slider Control,774,367,478.39,-49248.93,Left,N/A,
163.7710,asiya,SliderControl,Slider Control,780,366,635.22,16377.95,Left,N/A,
163.7809,asiya,SliderControl,Slider Control,783,366,301.84,-33542.45,Left,N/A,
163.7916,asiya,SliderControl,Slider Control,789,366,563.43,24565.05,Left,N/A,
163.8019,asiya,SliderControl,Slider Control,792,365,306.93,-24896.25,Left,N/A,
163.8109,asiya,SliderControl,Slider Control,794,365,220.76,-9512.01,Left,N/A,
163.8212,asiya,SliderControl,Slider Control,799,365,487.49,26006.43,Left,N/A,
163.8312,asiya,SliderControl,Slider Control,802,365,299.92,-18752.37,Left,N/A,
163.8417,asiya,SliderControl,Slider Control,805,365,285.60,-1363.53,Left,N/A,
163.8516,asiya,SliderControl,Slider Control,807,365,201.93,-8447.58,Left,N/A,
163.8616,asiya,SliderControl,Slider Control,810,364,318.15,11693.22,Left,N/A,
163.8715,asiya,SliderControl,Slider Control,811,364,100.20,-21839.16,Left,N/A,
163.8809,asiya,SliderControl,Slider Control,813,364,213.61,12113.27,Left,N/A,
163.8918,asiya,SliderControl,Slider Control,814,364,91.43,-11171.34,Left,N/A,
163.9017,asiya,SliderControl,Slider Control,816,364,203.25,11363.69,Left,N/A,
163.9113,asiya,SliderControl,Slider Control,817,364,103.61,-10323.87,Left,N/A,
163.9212,asiya,SliderControl,Slider Control,817,364,0.00,-10536.53,Left,N/A,
163.9317,asiya,SliderControl,Slider Control,818,364,94.58,8945.63,Left,N/A,
163.9416,asiya,SliderControl,Slider Control,818,364,0.00,-9593.78,Left,N/A,
163.9512,asiya,SliderControl,Slider Control,818,363,104.56,10932.17,Left,N/A,
163.9561,asiya,SliderControl,Slider Control,818,363,104.56,0.00,None,N/A,slider_released_correct
